id,dailySaleId,flowerId,soldQuantity,damagedQuantity
1,1,1,87,5
2,1,2,48,2
3,1,3,61,1
4,1,4,45,2
5,1,5,97,1
6,1,6,41,0
7,1,7,40,1
8,1,8,39,1
9,1,9,71,3
10,1,10,32,0
11,1,11,40,1
12,1,12,102,4
13,1,13,58,1
14,1,14,46,3
15,1,15,83,4
16,1,16,57,3
17,1,17,75,1
18,1,18,42,1
19,1,19,34,1
20,1,20,48,3
21,1,21,67,4
22,1,22,51,1
23,1,23,122,2
24,1,24,36,1
25,1,25,59,3
26,1,26,74,2
27,1,27,46,1
28,1,28,101,4
29,1,29,28,1
30,1,30,125,2
31,1,31,83,4
32,1,32,38,1
33,1,33,84,2
34,1,34,30,1
35,1,35,37,2
36,2,1,25,1
37,2,2,61,3
38,2,3,20,1
39,2,4,14,1
40,2,5,17,0
41,2,6,52,2
42,2,7,34,2
43,2,8,43,2
44,2,9,105,2
45,2,10,24,1
46,2,11,54,1
47,2,12,40,1
48,2,13,65,3
49,2,14,53,2
50,2,15,80,2
51,2,16,23,1
52,2,17,34,2
53,2,18,37,1
54,2,19,56,3
55,2,20,39,1
56,2,21,27,1
57,2,22,74,4
58,2,23,41,1
59,2,24,38,2
60,2,25,75,2
61,2,26,88,2
62,2,27,64,1
63,2,28,30,0
64,2,29,82,1
65,2,30,43,2
66,2,31,52,3
67,2,32,50,1
68,2,33,66,1
69,2,34,33,1
70,2,35,58,1
71,3,1,76,1
72,3,2,45,1
73,3,3,46,2
74,3,4,34,1
75,3,5,25,0
76,3,6,27,1
77,3,7,28,1
78,3,8,31,1
79,3,9,17,1
80,3,10,13,1
81,3,11,22,1
82,3,12,37,1
83,3,13,25,0
84,3,14,13,1
85,3,15,31,0
86,3,16,28,1
87,3,17,58,3
88,3,18,36,1
89,3,19,33,1
90,3,20,42,1
91,3,21,42,2
92,3,22,24,1
93,3,23,44,2
94,3,24,26,1
95,3,25,82,4
96,3,26,45,2
97,3,27,38,2
98,3,28,15,1
99,3,29,24,1
100,3,30,24,1
101,3,31,20,0
102,3,32,37,2
103,3,33,46,1
104,3,34,48,2
105,3,35,33,2
106,4,1,27,1
107,4,2,57,3
108,4,3,54,2
109,4,4,56,3
110,4,5,87,3
111,4,6,41,1
112,4,7,33,2
113,4,8,34,1
114,4,9,45,1
115,4,10,71,4
116,4,11,52,2
117,4,12,33,1
118,4,13,60,1
119,4,14,44,3
120,4,15,57,2
121,4,16,49,2
122,4,17,30,1
123,4,18,47,1
124,4,19,31,1
125,4,20,51,2
126,4,21,93,3
127,4,22,21,1
128,4,23,74,1
129,4,24,37,2
130,4,25,62,1
131,4,26,39,1
132,4,27,20,1
133,4,28,47,1
134,4,29,60,3
135,4,30,56,2
136,4,31,67,2
137,4,32,85,2
138,4,33,77,2
139,4,34,47,1
140,4,35,56,2
141,5,1,50,1
142,5,2,102,4
143,5,3,104,2
144,5,4,100,3
145,5,5,72,3
146,5,6,59,2
147,5,7,52,3
148,5,8,140,7
149,5,9,87,4
150,5,10,83,4
151,5,11,92,2
152,5,12,64,1
153,5,13,72,3
154,5,14,218,11
155,5,15,39,1
156,5,16,46,1
157,5,17,31,1
158,5,18,90,2
159,5,19,47,1
160,5,20,67,3
161,5,21,56,2
162,5,22,71,3
163,5,23,31,0
164,5,24,153,2
165,5,25,34,2
166,5,26,129,2
167,5,27,41,1
168,5,28,63,1
169,5,29,60,3
170,5,30,114,4
171,5,31,60,1
172,5,32,91,5
173,5,33,25,1
174,5,34,92,3
175,5,35,96,2
176,6,1,98,6
177,6,2,57,1
178,6,3,51,1
179,6,4,26,1
180,6,5,83,1
181,6,6,109,3
182,6,7,50,2
183,6,8,36,1
184,6,9,16,1
185,6,10,26,1
186,6,11,45,1
187,6,12,84,3
188,6,13,37,1
189,6,14,72,2
190,6,15,43,2
191,6,16,24,0
192,6,17,40,2
193,6,18,64,1
194,6,19,29,1
195,6,20,117,6
196,6,21,45,1
197,6,22,59,1
198,6,23,32,2
199,6,24,49,2
200,6,25,62,4
201,6,26,38,1
202,6,27,74,2
203,6,28,44,1
204,6,29,41,2
205,6,30,39,1
206,6,31,48,3
207,6,32,57,3
208,6,33,83,5
209,6,34,49,1
210,6,35,68,1
211,7,1,58,2
212,7,2,24,1
213,7,3,18,0
214,7,4,38,1
215,7,5,67,2
216,7,6,42,2
217,7,7,49,3
218,7,8,54,2
219,7,9,34,1
220,7,10,57,1
221,7,11,53,2
222,7,12,12,0
223,7,13,23,0
224,7,14,59,1
225,7,15,45,2
226,7,16,42,1
227,7,17,70,4
228,7,18,100,1
229,7,19,60,2
230,7,20,52,3
231,7,21,69,4
232,7,22,28,1
233,7,23,43,2
234,7,24,60,3
235,7,25,32,0
236,7,26,108,3
237,7,27,30,1
238,7,28,44,2
239,7,29,38,1
240,7,30,32,1
241,7,31,46,2
242,7,32,66,4
243,7,33,33,1
244,7,34,57,2
245,7,35,46,2
246,8,1,53,2
247,8,2,51,3
248,8,3,97,5
249,8,4,18,1
250,8,5,145,7
251,8,6,42,1
252,8,7,86,5
253,8,8,94,3
254,8,9,45,1
255,8,10,48,1
256,8,11,40,1
257,8,12,28,2
258,8,13,80,4
259,8,14,76,2
260,8,15,43,1
261,8,16,47,0
262,8,17,108,4
263,8,18,55,1
264,8,19,86,2
265,8,20,41,2
266,8,21,73,1
267,8,22,50,2
268,8,23,112,6
269,8,24,95,3
270,8,25,44,3
271,8,26,68,3
272,8,27,80,1
273,8,28,136,6
274,8,29,43,2
275,8,30,79,5
276,8,31,77,4
277,8,32,90,5
278,8,33,49,1
279,8,34,104,3
280,8,35,58,1
281,9,1,58,3
282,9,2,103,1
283,9,3,142,4
284,9,4,68,3
285,9,5,120,5
286,9,6,56,1
287,9,7,171,2
288,9,8,150,5
289,9,9,111,4
290,9,10,43,2
291,9,11,64,2
292,9,12,110,3
293,9,13,86,3
294,9,14,68,2
295,9,15,106,4
296,9,16,39,1
297,9,17,106,2
298,9,18,50,1
299,9,19,68,1
300,9,20,118,7
301,9,21,39,1
302,9,22,85,2
303,9,23,76,1
304,9,24,35,1
305,9,25,135,7
306,9,26,75,3
307,9,27,41,2
308,9,28,185,7
309,9,29,56,2
310,9,30,83,1
311,9,31,91,2
312,9,32,95,2
313,9,33,128,2
314,9,34,183,3
315,9,35,140,4
316,10,1,90,4
317,10,2,44,1
318,10,3,98,2
319,10,4,77,3
320,10,5,45,1
321,10,6,101,6
322,10,7,46,1
323,10,8,40,2
324,10,9,68,2
325,10,10,52,3
326,10,11,34,1
327,10,12,75,4
328,10,13,81,4
329,10,14,86,3
330,10,15,101,5
331,10,16,25,1
332,10,17,27,1
333,10,18,18,0
334,10,19,62,2
335,10,20,34,2
336,10,21,21,1
337,10,22,69,3
338,10,23,53,3
339,10,24,108,4
340,10,25,76,4
341,10,26,24,1
342,10,27,90,1
343,10,28,88,3
344,10,29,85,1
345,10,30,56,3
346,10,31,19,1
347,10,32,74,4
348,10,33,53,2
349,10,34,66,2
350,10,35,28,1
351,11,1,62,2
352,11,2,28,1
353,11,3,108,5
354,11,4,69,2
355,11,5,37,2
356,11,6,22,1
357,11,7,110,3
358,11,8,109,2
359,11,9,40,1
360,11,10,28,1
361,11,11,56,1
362,11,12,49,2
363,11,13,28,1
364,11,14,31,1
365,11,15,39,2
366,11,16,54,1
367,11,17,86,4
368,11,18,41,1
369,11,19,81,2
370,11,20,49,1
371,11,21,53,2
372,11,22,48,2
373,11,23,32,1
374,11,24,27,1
375,11,25,29,1
376,11,26,50,2
377,11,27,45,3
378,11,28,50,2
379,11,29,44,2
380,11,30,38,0
381,11,31,51,1
382,11,32,34,1
383,11,33,115,6
384,11,34,66,4
385,11,35,47,3
386,12,1,46,2
387,12,2,57,1
388,12,3,60,2
389,12,4,43,0
390,12,5,74,4
391,12,6,76,3
392,12,7,91,3
393,12,8,54,3
394,12,9,55,3
395,12,10,66,1
396,12,11,79,2
397,12,12,66,4
398,12,13,114,1
399,12,14,52,2
400,12,15,20,1
401,12,16,33,1
402,12,17,58,1
403,12,18,43,1
404,12,19,66,4
405,12,20,132,6
406,12,21,48,2
407,12,22,108,1
408,12,23,66,1
409,12,24,102,4
410,12,25,83,4
411,12,26,75,1
412,12,27,60,2
413,12,28,36,1
414,12,29,26,1
415,12,30,115,4
416,12,31,55,2
417,12,32,120,4
418,12,33,78,3
419,12,34,89,3
420,12,35,111,3
421,13,1,227,3
422,13,2,114,4
423,13,3,86,2
424,13,4,99,6
425,13,5,58,3
426,13,6,88,5
427,13,7,21,1
428,13,8,159,5
429,13,9,52,2
430,13,10,88,4
431,13,11,124,2
432,13,12,70,2
433,13,13,103,1
434,13,14,123,6
435,13,15,64,3
436,13,16,107,5
437,13,17,84,2
438,13,18,129,3
439,13,19,140,7
440,13,20,104,2
441,13,21,39,2
442,13,22,66,3
443,13,23,105,4
444,13,24,38,1
445,13,25,124,5
446,13,26,83,2
447,13,27,168,10
448,13,28,91,2
449,13,29,71,2
450,13,30,37,1
451,13,31,112,5
452,13,32,55,2
453,13,33,102,4
454,13,34,101,5
455,13,35,99,1
456,14,1,74,1
457,14,2,63,1
458,14,3,90,2
459,14,4,66,3
460,14,5,127,3
461,14,6,84,5
462,14,7,62,4
463,14,8,108,5
464,14,9,147,5
465,14,10,68,2
466,14,11,71,2
467,14,12,23,1
468,14,13,140,5
469,14,14,70,3
470,14,15,67,4
471,14,16,33,2
472,14,17,44,2
473,14,18,150,5
474,14,19,28,1
475,14,20,33,1
476,14,21,106,6
477,14,22,53,1
478,14,23,147,6
479,14,24,44,3
480,14,25,78,1
481,14,26,97,5
482,14,27,71,4
483,14,28,36,1
484,14,29,75,3
485,14,30,86,2
486,14,31,42,1
487,14,32,56,1
488,14,33,113,2
489,14,34,39,1
490,14,35,38,2
491,15,1,52,3
492,15,2,84,3
493,15,3,42,2
494,15,4,58,3
495,15,5,73,1
496,15,6,13,0
497,15,7,28,2
498,15,8,41,2
499,15,9,32,1
500,15,10,65,2
501,15,11,65,2
502,15,12,56,1
503,15,13,29,1
504,15,14,75,3
505,15,15,32,1
506,15,16,76,3
507,15,17,103,3
508,15,18,31,2
509,15,19,42,2
510,15,20,107,4
511,15,21,63,1
512,15,22,50,2
513,15,23,40,2
514,15,24,72,3
515,15,25,148,5
516,15,26,54,3
517,15,27,34,1
518,15,28,38,2
519,15,29,100,1
520,15,30,111,6
521,15,31,54,3
522,15,32,121,4
523,15,33,82,1
524,15,34,81,4
525,15,35,104,4
526,16,1,42,1
527,16,2,85,5
528,16,3,60,2
529,16,4,98,6
530,16,5,112,5
531,16,6,121,2
532,16,7,56,2
533,16,8,60,1
534,16,9,87,1
535,16,10,98,1
536,16,11,38,2
537,16,12,113,1
538,16,13,121,6
539,16,14,66,2
540,16,15,49,1
541,16,16,41,1
542,16,17,27,1
543,16,18,59,2
544,16,19,171,9
545,16,20,78,2
546,16,21,37,2
547,16,22,107,1
548,16,23,127,4
549,16,24,77,4
550,16,25,35,2
551,16,26,115,6
552,16,27,139,7
553,16,28,88,3
554,16,29,31,1
555,16,30,75,2
556,16,31,123,2
557,16,32,50,1
558,16,33,62,1
559,16,34,40,1
560,16,35,70,2
561,17,1,113,5
562,17,2,167,4
563,17,3,235,6
564,17,4,232,13
565,17,5,138,4
566,17,6,68,1
567,17,7,81,2
568,17,8,178,8
569,17,9,128,7
570,17,10,137,8
571,17,11,108,2
572,17,12,193,4
573,17,13,236,5
574,17,14,316,4
575,17,15,173,9
576,17,16,250,14
577,17,17,204,3
578,17,18,117,2
579,17,19,153,6
580,17,20,93,3
581,17,21,109,5
582,17,22,76,1
583,17,23,113,1
584,17,24,54,3
585,17,25,118,5
586,17,26,121,6
587,17,27,111,2
588,17,28,213,7
589,17,29,119,7
590,17,30,87,3
591,17,31,145,4
592,17,32,246,14
593,17,33,218,8
594,17,34,216,6
595,17,35,127,7
596,18,1,58,2
597,18,2,200,12
598,18,3,139,3
599,18,4,120,5
600,18,5,71,4
601,18,6,157,4
602,18,7,70,1
603,18,8,43,1
604,18,9,74,1
605,18,10,101,3
606,18,11,54,3
607,18,12,92,4
608,18,13,121,2
609,18,14,99,4
610,18,15,143,8
611,18,16,109,4
612,18,17,133,8
613,18,18,149,4
614,18,19,142,7
615,18,20,71,2
616,18,21,113,3
617,18,22,141,3
618,18,23,70,2
619,18,24,72,1
620,18,25,153,5
621,18,26,87,5
622,18,27,70,2
623,18,28,26,1
624,18,29,85,1
625,18,30,96,1
626,18,31,31,2
627,18,32,77,4
628,18,33,52,3
629,18,34,195,7
630,18,35,98,1
631,19,1,72,4
632,19,2,109,5
633,19,3,31,1
634,19,4,121,7
635,19,5,56,1
636,19,6,29,1
637,19,7,36,1
638,19,8,138,3
639,19,9,79,1
640,19,10,145,5
641,19,11,93,4
642,19,12,103,2
643,19,13,125,1
644,19,14,56,2
645,19,15,28,1
646,19,16,64,3
647,19,17,60,3
648,19,18,65,2
649,19,19,49,1
650,19,20,87,2
651,19,21,115,7
652,19,22,29,1
653,19,23,75,2
654,19,24,61,2
655,19,25,44,2
656,19,26,93,4
657,19,27,64,1
658,19,28,41,1
659,19,29,23,1
660,19,30,59,3
661,19,31,49,1
662,19,32,57,3
663,19,33,63,3
664,19,34,65,1
665,19,35,100,3
666,20,1,49,2
667,20,2,100,6
668,20,3,101,2
669,20,4,49,2
670,20,5,138,5
671,20,6,38,2
672,20,7,135,2
673,20,8,150,8
674,20,9,106,4
675,20,10,71,2
676,20,11,178,3
677,20,12,93,1
678,20,13,80,3
679,20,14,116,6
680,20,15,113,5
681,20,16,99,2
682,20,17,140,2
683,20,18,35,1
684,20,19,212,11
685,20,20,214,4
686,20,21,112,5
687,20,22,102,2
688,20,23,99,4
689,20,24,122,6
690,20,25,119,5
691,20,26,172,10
692,20,27,94,4
693,20,28,138,7
694,20,29,93,1
695,20,30,109,5
696,20,31,57,2
697,20,32,149,3
698,20,33,108,4
699,20,34,69,1
700,20,35,159,9
701,21,1,143,3
702,21,2,108,1
703,21,3,77,3
704,21,4,147,8
705,21,5,51,1
706,21,6,116,2
707,21,7,80,5
708,21,8,44,2
709,21,9,121,6
710,21,10,149,7
711,21,11,185,7
712,21,12,218,8
713,21,13,156,4
714,21,14,138,7
715,21,15,157,3
716,21,16,121,3
717,21,17,130,3
718,21,18,138,5
719,21,19,95,3
720,21,20,92,2
721,21,21,80,3
722,21,22,202,7
723,21,23,140,8
724,21,24,202,8
725,21,25,208,10
726,21,26,87,2
727,21,27,172,2
728,21,28,119,4
729,21,29,85,4
730,21,30,107,5
731,21,31,72,2
732,21,32,38,2
733,21,33,230,13
734,21,34,93,5
735,21,35,134,8
736,22,1,82,1
737,22,2,119,2
738,22,3,85,3
739,22,4,55,2
740,22,5,56,1
741,22,6,44,1
742,22,7,104,2
743,22,8,29,1
744,22,9,119,4
745,22,10,62,1
746,22,11,88,1
747,22,12,71,3
748,22,13,122,3
749,22,14,33,2
750,22,15,113,6
751,22,16,54,2
752,22,17,72,1
753,22,18,69,2
754,22,19,113,5
755,22,20,100,2
756,22,21,152,2
757,22,22,125,3
758,22,23,30,2
759,22,24,55,3
760,22,25,104,6
761,22,26,141,5
762,22,27,72,4
763,22,28,229,6
764,22,29,44,1
765,22,30,55,2
766,22,31,115,4
767,22,32,63,3
768,22,33,81,1
769,22,34,45,2
770,22,35,76,2
771,23,1,73,4
772,23,2,50,1
773,23,3,46,1
774,23,4,148,4
775,23,5,75,4
776,23,6,43,1
777,23,7,50,2
778,23,8,135,5
779,23,9,57,3
780,23,10,88,4
781,23,11,114,5
782,23,12,32,1
783,23,13,57,1
784,23,14,56,3
785,23,15,85,2
786,23,16,50,2
787,23,17,41,1
788,23,18,35,2
789,23,19,60,2
790,23,20,38,1
791,23,21,94,4
792,23,22,32,2
793,23,23,96,5
794,23,24,148,7
795,23,25,72,2
796,23,26,40,2
797,23,27,57,2
798,23,28,95,1
799,23,29,61,2
800,23,30,49,1
801,23,31,84,4
802,23,32,53,2
803,23,33,72,1
804,23,34,23,0
805,23,35,127,3
806,24,1,120,4
807,24,2,155,9
808,24,3,135,6
809,24,4,167,4
810,24,5,46,3
811,24,6,164,6
812,24,7,35,0
813,24,8,148,7
814,24,9,58,3
815,24,10,118,5
816,24,11,112,3
817,24,12,117,2
818,24,13,131,7
819,24,14,81,3
820,24,15,164,8
821,24,16,152,5
822,24,17,140,6
823,24,18,92,2
824,24,19,36,1
825,24,20,89,1
826,24,21,226,13
827,24,22,63,2
828,24,23,134,7
829,24,24,62,1
830,24,25,31,1
831,24,26,135,4
832,24,27,157,5
833,24,28,116,6
834,24,29,113,4
835,24,30,100,5
836,24,31,71,4
837,24,32,43,1
838,24,33,66,4
839,24,34,109,6
840,24,35,147,3
841,25,1,116,4
842,25,2,56,1
843,25,3,23,1
844,25,4,84,5
845,25,5,33,1
846,25,6,15,1
847,25,7,90,3
848,25,8,63,3
849,25,9,104,5
850,25,10,76,1
851,25,11,54,2
852,25,12,37,1
853,25,13,60,1
854,25,14,77,4
855,25,15,55,1
856,25,16,62,1
857,25,17,72,4
858,25,18,76,3
859,25,19,24,0
860,25,20,34,1
861,25,21,19,1
862,25,22,104,4
863,25,23,57,3
864,25,24,57,2
865,25,25,67,4
866,25,26,83,5
867,25,27,46,2
868,25,28,63,3
869,25,29,109,5
870,25,30,60,2
871,25,31,53,2
872,25,32,103,4
873,25,33,79,2
874,25,34,68,2
875,25,35,51,3
876,26,1,51,2
877,26,2,34,1
878,26,3,77,3
879,26,4,45,1
880,26,5,35,0
881,26,6,29,1
882,26,7,65,1
883,26,8,41,2
884,26,9,29,2
885,26,10,39,1
886,26,11,31,1
887,26,12,35,1
888,26,13,66,2
889,26,14,68,2
890,26,15,59,2
891,26,16,11,0
892,26,17,34,1
893,26,18,49,2
894,26,19,42,2
895,26,20,72,4
896,26,21,21,1
897,26,22,17,1
898,26,23,24,1
899,26,24,28,1
900,26,25,36,2
901,26,26,32,1
902,26,27,29,2
903,26,28,55,3
904,26,29,48,2
905,26,30,42,1
906,26,31,51,3
907,26,32,70,4
908,26,33,57,3
909,26,34,31,1
910,26,35,43,1
911,27,1,34,2
912,27,2,36,2
913,27,3,26,1
914,27,4,51,2
915,27,5,23,1
916,27,6,32,1
917,27,7,56,2
918,27,8,32,1
919,27,9,95,4
920,27,10,15,1
921,27,11,41,1
922,27,12,16,1
923,27,13,33,1
924,27,14,43,1
925,27,15,71,2
926,27,16,28,1
927,27,17,40,1
928,27,18,48,3
929,27,19,31,2
930,27,20,49,2
931,27,21,30,0
932,27,22,48,3
933,27,23,22,1
934,27,24,46,2
935,27,25,39,2
936,27,26,24,1
937,27,27,40,1
938,27,28,68,2
939,27,29,29,1
940,27,30,50,3
941,27,31,42,1
942,27,32,14,0
943,27,33,33,1
944,27,34,48,1
945,27,35,23,0
946,28,1,61,3
947,28,2,84,4
948,28,3,47,1
949,28,4,112,5
950,28,5,71,4
951,28,6,68,3
952,28,7,54,1
953,28,8,30,1
954,28,9,94,1
955,28,10,39,1
956,28,11,46,3
957,28,12,47,2
958,28,13,47,2
959,28,14,25,1
960,28,15,86,4
961,28,16,57,3
962,28,17,47,1
963,28,18,54,3
964,28,19,111,5
965,28,20,20,1
966,28,21,45,2
967,28,22,55,2
968,28,23,32,0
969,28,24,146,3
970,28,25,42,1
971,28,26,47,2
972,28,27,43,2
973,28,28,51,2
974,28,29,73,2
975,28,30,54,3
976,28,31,61,2
977,28,32,46,2
978,28,33,41,1
979,28,34,61,2
980,28,35,36,1
981,29,1,40,1
982,29,2,76,2
983,29,3,69,1
984,29,4,80,4
985,29,5,51,1
986,29,6,58,1
987,29,7,59,1
988,29,8,46,2
989,29,9,52,1
990,29,10,20,0
991,29,11,54,3
992,29,12,115,1
993,29,13,23,1
994,29,14,62,3
995,29,15,26,1
996,29,16,64,1
997,29,17,81,3
998,29,18,30,2
999,29,19,67,2
1000,29,20,53,1
1001,29,21,76,3
1002,29,22,52,2
1003,29,23,30,2
1004,29,24,72,1
1005,29,25,57,2
1006,29,26,97,2
1007,29,27,34,2
1008,29,28,79,2
1009,29,29,48,1
1010,29,30,81,5
1011,29,31,64,4
1012,29,32,111,3
1013,29,33,110,5
1014,29,34,36,1
1015,29,35,50,2
1016,30,1,55,1
1017,30,2,59,2
1018,30,3,47,1
1019,30,4,39,1
1020,30,5,51,1
1021,30,6,56,1
1022,30,7,31,1
1023,30,8,47,3
1024,30,9,41,2
1025,30,10,30,1
1026,30,11,55,2
1027,30,12,16,1
1028,30,13,52,1
1029,30,14,28,0
1030,30,15,34,2
1031,30,16,79,3
1032,30,17,69,2
1033,30,18,39,2
1034,30,19,66,1
1035,30,20,65,2
1036,30,21,62,1
1037,30,22,44,2
1038,30,23,59,1
1039,30,24,47,2
1040,30,25,30,1
1041,30,26,52,2
1042,30,27,19,1
1043,30,28,17,0
1044,30,29,57,1
1045,30,30,71,1
1046,30,31,42,0
1047,30,32,16,0
1048,30,33,21,1
1049,30,34,40,2
1050,30,35,74,2
1051,31,1,14,0
1052,31,2,17,1
1053,31,3,12,0
1054,31,4,36,2
1055,31,5,34,2
1056,31,6,28,1
1057,31,7,53,1
1058,31,8,57,2
1059,31,9,45,2
1060,31,10,50,2
1061,31,11,35,2
1062,31,12,126,2
1063,31,13,23,1
1064,31,14,50,1
1065,31,15,35,2
1066,31,16,32,1
1067,31,17,24,1
1068,31,18,52,2
1069,31,19,37,1
1070,31,20,49,2
1071,31,21,47,2
1072,31,22,73,2
1073,31,23,39,2
1074,31,24,41,1
1075,31,25,78,1
1076,31,26,28,1
1077,31,27,28,1
1078,31,28,33,2
1079,31,29,55,2
1080,31,30,50,3
1081,31,31,38,1
1082,31,32,21,1
1083,31,33,42,2
1084,31,34,29,1
1085,31,35,29,2
1086,32,1,141,5
1087,32,2,71,2
1088,32,3,30,0
1089,32,4,42,1
1090,32,5,29,1
1091,32,6,22,1
1092,32,7,31,0
1093,32,8,45,2
1094,32,9,42,1
1095,32,10,71,2
1096,32,11,57,3
1097,32,12,15,0
1098,32,13,46,2
1099,32,14,114,4
1100,32,15,111,2
1101,32,16,65,2
1102,32,17,48,1
1103,32,18,59,3
1104,32,19,83,4
1105,32,20,35,1
1106,32,21,86,3
1107,32,22,86,3
1108,32,23,20,1
1109,32,24,67,4
1110,32,25,49,1
1111,32,26,54,1
1112,32,27,70,3
1113,32,28,37,1
1114,32,29,50,2
1115,32,30,74,2
1116,32,31,42,1
1117,32,32,65,1
1118,32,33,49,1
1119,32,34,121,3
1120,32,35,109,3
1121,33,1,93,2
1122,33,2,67,2
1123,33,3,112,6
1124,33,4,98,3
1125,33,5,66,2
1126,33,6,84,2
1127,33,7,37,2
1128,33,8,116,7
1129,33,9,81,4
1130,33,10,83,1
1131,33,11,115,3
1132,33,12,40,1
1133,33,13,34,2
1134,33,14,53,3
1135,33,15,43,2
1136,33,16,119,6
1137,33,17,46,2
1138,33,18,64,1
1139,33,19,92,2
1140,33,20,49,2
1141,33,21,90,5
1142,33,22,81,2
1143,33,23,45,3
1144,33,24,178,2
1145,33,25,88,3
1146,33,26,79,2
1147,33,27,37,2
1148,33,28,46,1
1149,33,29,52,1
1150,33,30,48,3
1151,33,31,83,2
1152,33,32,80,2
1153,33,33,78,4
1154,33,34,73,2
1155,33,35,33,1
1156,34,1,34,2
1157,34,2,72,1
1158,34,3,92,4
1159,34,4,54,2
1160,34,5,55,2
1161,34,6,36,2
1162,34,7,39,0
1163,34,8,94,3
1164,34,9,32,2
1165,34,10,65,2
1166,34,11,17,1
1167,34,12,47,2
1168,34,13,71,4
1169,34,14,65,1
1170,34,15,67,4
1171,34,16,22,1
1172,34,17,77,3
1173,34,18,29,1
1174,34,19,38,2
1175,34,20,46,1
1176,34,21,40,1
1177,34,22,51,2
1178,34,23,74,3
1179,34,24,30,2
1180,34,25,65,3
1181,34,26,77,1
1182,34,27,42,2
1183,34,28,13,0
1184,34,29,50,1
1185,34,30,62,3
1186,34,31,47,2
1187,34,32,66,2
1188,34,33,42,1
1189,34,34,73,4
1190,34,35,56,3
1191,35,1,15,1
1192,35,2,75,4
1193,35,3,99,4
1194,35,4,54,2
1195,35,5,28,1
1196,35,6,52,2
1197,35,7,42,0
1198,35,8,96,5
1199,35,9,27,1
1200,35,10,20,1
1201,35,11,42,1
1202,35,12,112,3
1203,35,13,44,1
1204,35,14,28,1
1205,35,15,33,2
1206,35,16,47,1
1207,35,17,46,1
1208,35,18,35,1
1209,35,19,24,1
1210,35,20,71,4
1211,35,21,36,1
1212,35,22,40,2
1213,35,23,66,2
1214,35,24,58,3
1215,35,25,19,1
1216,35,26,30,0
1217,35,27,33,1
1218,35,28,18,1
1219,35,29,34,0
1220,35,30,33,1
1221,35,31,30,2
1222,35,32,52,1
1223,35,33,55,1
1224,35,34,41,1
1225,35,35,36,1
1226,36,1,32,1
1227,36,2,118,4
1228,36,3,45,1
1229,36,4,99,3
1230,36,5,52,2
1231,36,6,37,2
1232,36,7,53,1
1233,36,8,29,1
1234,36,9,82,2
1235,36,10,50,2
1236,36,11,37,2
1237,36,12,56,1
1238,36,13,84,4
1239,36,14,32,2
1240,36,15,88,3
1241,36,16,183,5
1242,36,17,46,2
1243,36,18,36,1
1244,36,19,102,6
1245,36,20,23,1
1246,36,21,50,2
1247,36,22,65,2
1248,36,23,30,2
1249,36,24,64,2
1250,36,25,26,0
1251,36,26,121,3
1252,36,27,62,1
1253,36,28,107,1
1254,36,29,79,2
1255,36,30,68,3
1256,36,31,77,1
1257,36,32,46,3
1258,36,33,49,2
1259,36,34,108,6
1260,36,35,56,1
1261,37,1,45,1
1262,37,2,105,6
1263,37,3,51,1
1264,37,4,110,6
1265,37,5,111,6
1266,37,6,106,2
1267,37,7,105,3
1268,37,8,107,1
1269,37,9,83,2
1270,37,10,85,4
1271,37,11,101,5
1272,37,12,98,2
1273,37,13,79,3
1274,37,14,136,5
1275,37,15,45,2
1276,37,16,67,2
1277,37,17,55,1
1278,37,18,115,5
1279,37,19,77,2
1280,37,20,77,2
1281,37,21,158,9
1282,37,22,66,3
1283,37,23,72,4
1284,37,24,97,1
1285,37,25,122,4
1286,37,26,56,2
1287,37,27,74,2
1288,37,28,58,1
1289,37,29,68,3
1290,37,30,76,4
1291,37,31,113,6
1292,37,32,37,1
1293,37,33,21,1
1294,37,34,76,4
1295,37,35,78,1
1296,38,1,54,1
1297,38,2,63,4
1298,38,3,41,1
1299,38,4,66,3
1300,38,5,12,0
1301,38,6,85,2
1302,38,7,38,1
1303,38,8,67,3
1304,38,9,33,1
1305,38,10,86,5
1306,38,11,59,2
1307,38,12,70,1
1308,38,13,46,2
1309,38,14,59,2
1310,38,15,64,2
1311,38,16,24,1
1312,38,17,50,2
1313,38,18,50,1
1314,38,19,54,3
1315,38,20,77,2
1316,38,21,80,1
1317,38,22,82,5
1318,38,23,101,5
1319,38,24,49,1
1320,38,25,92,5
1321,38,26,56,2
1322,38,27,15,1
1323,38,28,31,1
1324,38,29,41,1
1325,38,30,60,3
1326,38,31,45,1
1327,38,32,34,1
1328,38,33,99,1
1329,38,34,64,2
1330,38,35,50,3
1331,39,1,43,2
1332,39,2,71,2
1333,39,3,89,3
1334,39,4,55,2
1335,39,5,27,1
1336,39,6,33,1
1337,39,7,64,2
1338,39,8,24,1
1339,39,9,51,1
1340,39,10,68,1
1341,39,11,34,1
1342,39,12,11,0
1343,39,13,27,1
1344,39,14,48,1
1345,39,15,62,3
1346,39,16,39,1
1347,39,17,55,3
1348,39,18,67,1
1349,39,19,52,1
1350,39,20,46,1
1351,39,21,8,0
1352,39,22,30,1
1353,39,23,46,2
1354,39,24,29,1
1355,39,25,21,0
1356,39,26,25,1
1357,39,27,41,1
1358,39,28,28,1
1359,39,29,3,0
1360,39,30,58,2
1361,39,31,15,0
1362,39,32,24,1
1363,39,33,84,4
1364,39,34,48,2
1365,39,35,60,1
1366,40,1,36,2
1367,40,2,106,2
1368,40,3,20,0
1369,40,4,113,4
1370,40,5,113,1
1371,40,6,56,2
1372,40,7,115,6
1373,40,8,62,4
1374,40,9,79,2
1375,40,10,51,2
1376,40,11,89,5
1377,40,12,69,2
1378,40,13,48,3
1379,40,14,21,0
1380,40,15,64,2
1381,40,16,40,2
1382,40,17,101,1
1383,40,18,170,7
1384,40,19,58,2
1385,40,20,98,4
1386,40,21,71,1
1387,40,22,76,2
1388,40,23,51,2
1389,40,24,85,2
1390,40,25,87,2
1391,40,26,56,3
1392,40,27,30,0
1393,40,28,105,4
1394,40,29,133,5
1395,40,30,84,2
1396,40,31,91,5
1397,40,32,74,2
1398,40,33,42,1
1399,40,34,31,1
1400,40,35,34,2
1401,41,1,92,4
1402,41,2,141,4
1403,41,3,111,4
1404,41,4,92,5
1405,41,5,79,1
1406,41,6,60,2
1407,41,7,69,1
1408,41,8,157,7
1409,41,9,117,6
1410,41,10,153,3
1411,41,11,61,3
1412,41,12,69,1
1413,41,13,63,2
1414,41,14,103,5
1415,41,15,72,1
1416,41,16,40,1
1417,41,17,59,3
1418,41,18,79,4
1419,41,19,212,8
1420,41,20,69,1
1421,41,21,208,4
1422,41,22,59,2
1423,41,23,43,1
1424,41,24,124,3
1425,41,25,165,9
1426,41,26,107,6
1427,41,27,135,6
1428,41,28,65,3
1429,41,29,174,10
1430,41,30,154,7
1431,41,31,84,4
1432,41,32,89,2
1433,41,33,127,5
1434,41,34,148,6
1435,41,35,105,4
1436,42,1,91,1
1437,42,2,59,2
1438,42,3,131,4
1439,42,4,17,1
1440,42,5,54,2
1441,42,6,72,2
1442,42,7,87,2
1443,42,8,99,3
1444,42,9,61,2
1445,42,10,83,2
1446,42,11,51,1
1447,42,12,74,1
1448,42,13,63,3
1449,42,14,66,1
1450,42,15,71,3
1451,42,16,34,1
1452,42,17,42,2
1453,42,18,80,2
1454,42,19,108,5
1455,42,20,58,2
1456,42,21,89,4
1457,42,22,98,1
1458,42,23,51,3
1459,42,24,57,1
1460,42,25,80,4
1461,42,26,44,2
1462,42,27,146,5
1463,42,28,43,1
1464,42,29,82,3
1465,42,30,65,2
1466,42,31,36,2
1467,42,32,81,2
1468,42,33,94,1
1469,42,34,46,3
1470,42,35,52,2
1471,43,1,61,3
1472,43,2,90,2
1473,43,3,97,3
1474,43,4,103,3
1475,43,5,57,2
1476,43,6,36,1
1477,43,7,78,4
1478,43,8,58,3
1479,43,9,53,1
1480,43,10,27,1
1481,43,11,72,2
1482,43,12,42,1
1483,43,13,55,1
1484,43,14,42,1
1485,43,15,100,6
1486,43,16,48,2
1487,43,17,48,2
1488,43,18,67,4
1489,43,19,141,7
1490,43,20,23,0
1491,43,21,51,1
1492,43,22,44,1
1493,43,23,94,2
1494,43,24,74,4
1495,43,25,39,2
1496,43,26,97,4
1497,43,27,23,1
1498,43,28,88,3
1499,43,29,33,1
1500,43,30,51,2
1501,43,31,66,3
1502,43,32,62,3
1503,43,33,85,3
1504,43,34,62,3
1505,43,35,74,4
1506,44,1,124,7
1507,44,2,71,2
1508,44,3,93,3
1509,44,4,93,4
1510,44,5,109,6
1511,44,6,72,1
1512,44,7,34,1
1513,44,8,71,2
1514,44,9,95,2
1515,44,10,129,6
1516,44,11,89,4
1517,44,12,127,2
1518,44,13,66,2
1519,44,14,123,6
1520,44,15,113,6
1521,44,16,139,6
1522,44,17,144,4
1523,44,18,100,2
1524,44,19,111,4
1525,44,20,100,1
1526,44,21,84,2
1527,44,22,60,1
1528,44,23,55,1
1529,44,24,101,5
1530,44,25,69,2
1531,44,26,12,0
1532,44,27,23,1
1533,44,28,93,5
1534,44,29,79,2
1535,44,30,103,6
1536,44,31,23,1
1537,44,32,82,4
1538,44,33,130,8
1539,44,34,71,3
1540,44,35,90,5
1541,45,1,42,2
1542,45,2,79,1
1543,45,3,33,1
1544,45,4,46,1
1545,45,5,70,3
1546,45,6,126,3
1547,45,7,79,3
1548,45,8,52,1
1549,45,9,50,1
1550,45,10,95,4
1551,45,11,70,2
1552,45,12,44,0
1553,45,13,67,1
1554,45,14,74,2
1555,45,15,87,4
1556,45,16,61,3
1557,45,17,157,7
1558,45,18,54,3
1559,45,19,80,3
1560,45,20,101,1
1561,45,21,95,4
1562,45,22,106,4
1563,45,23,72,2
1564,45,24,97,5
1565,45,25,100,2
1566,45,26,65,2
1567,45,27,108,5
1568,45,28,67,3
1569,45,29,69,2
1570,45,30,179,6
1571,45,31,130,4
1572,45,32,79,4
1573,45,33,58,1
1574,45,34,116,4
1575,45,35,104,3
1576,46,1,70,2
1577,46,2,89,3
1578,46,3,81,4
1579,46,4,51,2
1580,46,5,47,2
1581,46,6,36,1
1582,46,7,30,1
1583,46,8,76,4
1584,46,9,94,2
1585,46,10,47,2
1586,46,11,74,1
1587,46,12,28,1
1588,46,13,61,3
1589,46,14,30,1
1590,46,15,18,0
1591,46,16,81,4
1592,46,17,133,5
1593,46,18,26,1
1594,46,19,45,1
1595,46,20,54,3
1596,46,21,38,1
1597,46,22,49,2
1598,46,23,109,2
1599,46,24,38,2
1600,46,25,20,0
1601,46,26,61,2
1602,46,27,84,2
1603,46,28,100,5
1604,46,29,86,5
1605,46,30,102,6
1606,46,31,52,1
1607,46,32,91,5
1608,46,33,94,5
1609,46,34,39,2
1610,46,35,39,2
1611,47,1,22,1
1612,47,2,85,5
1613,47,3,26,0
1614,47,4,38,2
1615,47,5,39,2
1616,47,6,51,1
1617,47,7,57,1
1618,47,8,74,3
1619,47,9,32,0
1620,47,10,16,0
1621,47,11,36,1
1622,47,12,34,1
1623,47,13,33,1
1624,47,14,35,1
1625,47,15,37,2
1626,47,16,88,4
1627,47,17,33,0
1628,47,18,56,2
1629,47,19,40,2
1630,47,20,83,3
1631,47,21,19,0
1632,47,22,92,3
1633,47,23,110,4
1634,47,24,25,1
1635,47,25,33,0
1636,47,26,68,4
1637,47,27,50,2
1638,47,28,17,1
1639,47,29,61,3
1640,47,30,78,2
1641,47,31,41,2
1642,47,32,88,2
1643,47,33,89,2
1644,47,34,47,0
1645,47,35,64,2
1646,48,1,50,2
1647,48,2,53,1
1648,48,3,65,1
1649,48,4,48,1
1650,48,5,61,3
1651,48,6,33,0
1652,48,7,47,1
1653,48,8,140,6
1654,48,9,139,2
1655,48,10,66,3
1656,48,11,48,2
1657,48,12,68,1
1658,48,13,46,1
1659,48,14,20,1
1660,48,15,59,2
1661,48,16,26,1
1662,48,17,9,0
1663,48,18,55,3
1664,48,19,65,2
1665,48,20,79,1
1666,48,21,99,5
1667,48,22,109,3
1668,48,23,96,2
1669,48,24,38,2
1670,48,25,96,2
1671,48,26,132,5
1672,48,27,91,5
1673,48,28,29,2
1674,48,29,41,1
1675,48,30,25,1
1676,48,31,22,1
1677,48,32,118,2
1678,48,33,62,3
1679,48,34,91,2
1680,48,35,44,1
1681,49,1,87,5
1682,49,2,56,3
1683,49,3,91,4
1684,49,4,28,2
1685,49,5,24,1
1686,49,6,56,1
1687,49,7,43,1
1688,49,8,64,1
1689,49,9,72,2
1690,49,10,66,4
1691,49,11,54,3
1692,49,12,57,2
1693,49,13,75,2
1694,49,14,145,4
1695,49,15,57,1
1696,49,16,85,3
1697,49,17,54,3
1698,49,18,143,6
1699,49,19,70,2
1700,49,20,55,2
1701,49,21,97,5
1702,49,22,89,1
1703,49,23,75,3
1704,49,24,60,2
1705,49,25,86,5
1706,49,26,33,2
1707,49,27,103,1
1708,49,28,82,4
1709,49,29,80,2
1710,49,30,125,5
1711,49,31,56,2
1712,49,32,127,6
1713,49,33,128,7
1714,49,34,69,2
1715,49,35,70,3
1716,50,1,60,2
1717,50,2,46,2
1718,50,3,34,1
1719,50,4,38,1
1720,50,5,54,1
1721,50,6,45,1
1722,50,7,45,2
1723,50,8,28,0
1724,50,9,127,6
1725,50,10,33,2
1726,50,11,61,3
1727,50,12,35,2
1728,50,13,45,2
1729,50,14,48,1
1730,50,15,32,1
1731,50,16,41,1
1732,50,17,24,0
1733,50,18,33,2
1734,50,19,18,1
1735,50,20,72,4
1736,50,21,78,4
1737,50,22,28,1
1738,50,23,62,3
1739,50,24,39,1
1740,50,25,14,1
1741,50,26,43,1
1742,50,27,44,1
1743,50,28,40,2
1744,50,29,42,0
1745,50,30,32,1
1746,50,31,83,2
1747,50,32,100,4
1748,50,33,49,1
1749,50,34,129,7
1750,50,35,29,1
1751,51,1,50,2
1752,51,2,43,2
1753,51,3,43,2
1754,51,4,65,3
1755,51,5,25,1
1756,51,6,37,2
1757,51,7,20,0
1758,51,8,85,3
1759,51,9,54,3
1760,51,10,22,1
1761,51,11,83,4
1762,51,12,50,1
1763,51,13,59,1
1764,51,14,61,2
1765,51,15,24,0
1766,51,16,48,1
1767,51,17,13,0
1768,51,18,79,2
1769,51,19,37,1
1770,51,20,42,2
1771,51,21,22,1
1772,51,22,26,1
1773,51,23,72,2
1774,51,24,105,3
1775,51,25,49,1
1776,51,26,75,1
1777,51,27,62,2
1778,51,28,44,1
1779,51,29,83,5
1780,51,30,75,4
1781,51,31,20,1
1782,51,32,44,1
1783,51,33,76,3
1784,51,34,101,4
1785,51,35,75,1
1786,52,1,80,4
1787,52,2,42,2
1788,52,3,67,2
1789,52,4,41,2
1790,52,5,50,3
1791,52,6,71,3
1792,52,7,35,1
1793,52,8,56,2
1794,52,9,47,1
1795,52,10,56,3
1796,52,11,93,3
1797,52,12,27,0
1798,52,13,78,2
1799,52,14,52,2
1800,52,15,63,3
1801,52,16,23,1
1802,52,17,64,2
1803,52,18,41,1
1804,52,19,70,2
1805,52,20,43,2
1806,52,21,52,3
1807,52,22,127,6
1808,52,23,49,2
1809,52,24,89,2
1810,52,25,145,8
1811,52,26,31,1
1812,52,27,45,2
1813,52,28,37,1
1814,52,29,65,3
1815,52,30,44,2
1816,52,31,152,4
1817,52,32,72,3
1818,52,33,41,2
1819,52,34,39,1
1820,52,35,43,2
1821,53,1,17,1
1822,53,2,12,1
1823,53,3,22,1
1824,53,4,59,3
1825,53,5,11,1
1826,53,6,9,0
1827,53,7,44,1
1828,53,8,56,1
1829,53,9,50,2
1830,53,10,38,1
1831,53,11,25,1
1832,53,12,45,3
1833,53,13,74,3
1834,53,14,55,1
1835,53,15,49,2
1836,53,16,40,2
1837,53,17,51,2
1838,53,18,21,1
1839,53,19,22,1
1840,53,20,46,2
1841,53,21,16,1
1842,53,22,24,1
1843,53,23,45,2
1844,53,24,22,0
1845,53,25,38,0
1846,53,26,13,0
1847,53,27,98,4
1848,53,28,26,1
1849,53,29,30,1
1850,53,30,50,3
1851,53,31,63,2
1852,53,32,35,2
1853,53,33,53,2
1854,53,34,63,2
1855,53,35,44,2
1856,54,1,18,1
1857,54,2,20,0
1858,54,3,33,1
1859,54,4,32,2
1860,54,5,41,1
1861,54,6,29,2
1862,54,7,70,4
1863,54,8,47,1
1864,54,9,31,1
1865,54,10,26,1
1866,54,11,30,1
1867,54,12,12,0
1868,54,13,20,1
1869,54,14,19,0
1870,54,15,15,0
1871,54,16,46,2
1872,54,17,38,1
1873,54,18,35,1
1874,54,19,30,2
1875,54,20,16,1
1876,54,21,8,0
1877,54,22,11,0
1878,54,23,19,1
1879,54,24,34,2
1880,54,25,20,1
1881,54,26,17,1
1882,54,27,53,2
1883,54,28,16,0
1884,54,29,16,0
1885,54,30,31,1
1886,54,31,15,0
1887,54,32,28,0
1888,54,33,28,1
1889,54,34,45,0
1890,54,35,14,0
1891,55,1,19,0
1892,55,2,13,0
1893,55,3,13,0
1894,55,4,37,1
1895,55,5,42,2
1896,55,6,47,2
1897,55,7,22,1
1898,55,8,30,0
1899,55,9,24,1
1900,55,10,21,0
1901,55,11,40,1
1902,55,12,21,1
1903,55,13,42,1
1904,55,14,20,1
1905,55,15,16,1
1906,55,16,14,0
1907,55,17,12,0
1908,55,18,35,1
1909,55,19,25,1
1910,55,20,13,0
1911,55,21,14,0
1912,55,22,11,0
1913,55,23,19,1
1914,55,24,19,1
1915,55,25,30,1
1916,55,26,6,0
1917,55,27,14,1
1918,55,28,16,0
1919,55,29,9,0
1920,55,30,17,0
1921,55,31,14,1
1922,55,32,41,1
1923,55,33,33,1
1924,55,34,18,1
1925,55,35,25,1
1926,56,1,49,3
1927,56,2,25,1
1928,56,3,36,1
1929,56,4,9,0
1930,56,5,35,1
1931,56,6,47,1
1932,56,7,28,1
1933,56,8,76,3
1934,56,9,32,1
1935,56,10,45,1
1936,56,11,20,1
1937,56,12,15,1
1938,56,13,25,1
1939,56,14,78,2
1940,56,15,46,1
1941,56,16,20,1
1942,56,17,11,0
1943,56,18,42,1
1944,56,19,58,3
1945,56,20,23,0
1946,56,21,22,0
1947,56,22,15,1
1948,56,23,21,1
1949,56,24,61,1
1950,56,25,19,1
1951,56,26,44,1
1952,56,27,28,1
1953,56,28,28,0
1954,56,29,23,0
1955,56,30,25,1
1956,56,31,39,1
1957,56,32,5,0
1958,56,33,45,1
1959,56,34,31,1
1960,56,35,20,1
1961,57,1,45,1
1962,57,2,33,1
1963,57,3,50,1
1964,57,4,52,1
1965,57,5,28,1
1966,57,6,45,2
1967,57,7,39,1
1968,57,8,20,1
1969,57,9,37,1
1970,57,10,13,1
1971,57,11,21,1
1972,57,12,26,1
1973,57,13,41,2
1974,57,14,38,1
1975,57,15,46,2
1976,57,16,29,1
1977,57,17,36,1
1978,57,18,37,1
1979,57,19,33,0
1980,57,20,37,1
1981,57,21,54,2
1982,57,22,37,2
1983,57,23,55,3
1984,57,24,59,3
1985,57,25,21,0
1986,57,26,27,1
1987,57,27,53,1
1988,57,28,53,2
1989,57,29,70,1
1990,57,30,23,1
1991,57,31,39,1
1992,57,32,52,2
1993,57,33,43,1
1994,57,34,57,2
1995,57,35,45,1
1996,58,1,8,0
1997,58,2,23,1
1998,58,3,26,0
1999,58,4,17,0
2000,58,5,36,1
2001,58,6,47,2
2002,58,7,49,1
2003,58,8,17,0
2004,58,9,37,2
2005,58,10,22,1
2006,58,11,13,0
2007,58,12,12,1
2008,58,13,22,1
2009,58,14,24,0
2010,58,15,45,1
2011,58,16,42,1
2012,58,17,20,0
2013,58,18,30,1
2014,58,19,31,1
2015,58,20,13,0
2016,58,21,58,2
2017,58,22,44,1
2018,58,23,83,3
2019,58,24,8,0
2020,58,25,13,0
2021,58,26,21,1
2022,58,27,31,1
2023,58,28,39,1
2024,58,29,43,2
2025,58,30,39,2
2026,58,31,28,1
2027,58,32,13,1
2028,58,33,23,1
2029,58,34,36,1
2030,58,35,38,1
2031,59,1,8,0
2032,59,2,13,0
2033,59,3,20,1
2034,59,4,8,0
2035,59,5,15,0
2036,59,6,29,0
2037,59,7,17,0
2038,59,8,14,0
2039,59,9,28,1
2040,59,10,29,2
2041,59,11,18,1
2042,59,12,32,1
2043,59,13,8,0
2044,59,14,9,0
2045,59,15,7,0
2046,59,16,18,1
2047,59,17,26,1
2048,59,18,23,1
2049,59,19,28,2
2050,59,20,31,1
2051,59,21,35,1
2052,59,22,28,1
2053,59,23,27,1
2054,59,24,19,1
2055,59,25,19,1
2056,59,26,19,0
2057,59,27,16,0
2058,59,28,56,2
2059,59,29,20,1
2060,59,30,21,1
2061,59,31,23,1
2062,59,32,22,0
2063,59,33,11,1
2064,59,34,30,0
2065,59,35,16,0
2066,60,1,23,1
2067,60,2,50,1
2068,60,3,40,1
2069,60,4,58,2
2070,60,5,13,0
2071,60,6,26,1
2072,60,7,33,2
2073,60,8,38,2
2074,60,9,30,1
2075,60,10,20,1
2076,60,11,16,1
2077,60,12,56,1
2078,60,13,9,0
2079,60,14,17,0
2080,60,15,18,0
2081,60,16,36,1
2082,60,17,45,2
2083,60,18,59,3
2084,60,19,34,1
2085,60,20,21,0
2086,60,21,35,2
2087,60,22,32,0
2088,60,23,46,2
2089,60,24,19,0
2090,60,25,59,1
2091,60,26,28,1
2092,60,27,39,2
2093,60,28,40,1
2094,60,29,20,1
2095,60,30,31,1
2096,60,31,34,1
2097,60,32,54,2
2098,60,33,27,1
2099,60,34,33,1
2100,60,35,11,0
2101,61,1,53,3
2102,61,2,52,2
2103,61,3,74,2
2104,61,4,73,2
2105,61,5,36,2
2106,61,6,32,1
2107,61,7,24,1
2108,61,8,88,2
2109,61,9,20,1
2110,61,10,18,1
2111,61,11,50,2
2112,61,12,73,2
2113,61,13,58,2
2114,61,14,43,1
2115,61,15,36,1
2116,61,16,50,1
2117,61,17,55,3
2118,61,18,49,2
2119,61,19,53,2
2120,61,20,38,0
2121,61,21,51,2
2122,61,22,32,1
2123,61,23,39,1
2124,61,24,44,1
2125,61,25,49,1
2126,61,26,44,0
2127,61,27,37,1
2128,61,28,55,1
2129,61,29,41,1
2130,61,30,50,2
2131,61,31,40,2
2132,61,32,77,2
2133,61,33,78,3
2134,61,34,55,1
2135,61,35,44,2
2136,62,1,29,1
2137,62,2,35,2
2138,62,3,47,2
2139,62,4,17,0
2140,62,5,27,1
2141,62,6,44,1
2142,62,7,49,1
2143,62,8,30,0
2144,62,9,49,2
2145,62,10,32,2
2146,62,11,44,2
2147,62,12,18,1
2148,62,13,29,1
2149,62,14,26,1
2150,62,15,31,1
2151,62,16,22,1
2152,62,17,51,2
2153,62,18,36,2
2154,62,19,22,1
2155,62,20,36,1
2156,62,21,38,2
2157,62,22,44,2
2158,62,23,27,1
2159,62,24,25,1
2160,62,25,20,0
2161,62,26,71,4
2162,62,27,19,1
2163,62,28,43,2
2164,62,29,24,1
2165,62,30,27,2
2166,62,31,39,2
2167,62,32,25,1
2168,62,33,44,2
2169,62,34,32,1
2170,62,35,38,1
2171,63,1,26,1
2172,63,2,20,1
2173,63,3,23,0
2174,63,4,20,1
2175,63,5,46,3
2176,63,6,18,1
2177,63,7,29,2
2178,63,8,17,0
2179,63,9,13,0
2180,63,10,31,1
2181,63,11,18,1
2182,63,12,33,1
2183,63,13,26,1
2184,63,14,22,1
2185,63,15,44,1
2186,63,16,32,1
2187,63,17,33,1
2188,63,18,9,0
2189,63,19,21,1
2190,63,20,36,1
2191,63,21,41,1
2192,63,22,30,0
2193,63,23,44,1
2194,63,24,63,3
2195,63,25,28,1
2196,63,26,36,2
2197,63,27,6,0
2198,63,28,15,0
2199,63,29,29,1
2200,63,30,39,1
2201,63,31,33,2
2202,63,32,11,1
2203,63,33,37,1
2204,63,34,28,1
2205,63,35,37,1
2206,64,1,51,2
2207,64,2,47,2
2208,64,3,57,1
2209,64,4,48,2
2210,64,5,59,3
2211,64,6,68,3
2212,64,7,45,1
2213,64,8,37,1
2214,64,9,15,1
2215,64,10,37,1
2216,64,11,34,2
2217,64,12,28,1
2218,64,13,44,1
2219,64,14,88,5
2220,64,15,25,1
2221,64,16,13,1
2222,64,17,40,2
2223,64,18,15,1
2224,64,19,32,1
2225,64,20,28,1
2226,64,21,45,2
2227,64,22,49,1
2228,64,23,20,0
2229,64,24,37,0
2230,64,25,22,1
2231,64,26,37,1
2232,64,27,35,1
2233,64,28,17,1
2234,64,29,81,2
2235,64,30,32,1
2236,64,31,59,3
2237,64,32,50,1
2238,64,33,11,0
2239,64,34,22,1
2240,64,35,80,1
2241,65,1,78,1
2242,65,2,62,1
2243,65,3,46,2
2244,65,4,68,3
2245,65,5,68,4
2246,65,6,54,3
2247,65,7,40,1
2248,65,8,58,1
2249,65,9,72,4
2250,65,10,73,2
2251,65,11,38,2
2252,65,12,24,1
2253,65,13,73,3
2254,65,14,89,4
2255,65,15,79,1
2256,65,16,45,1
2257,65,17,32,1
2258,65,18,48,1
2259,65,19,37,2
2260,65,20,71,2
2261,65,21,57,3
2262,65,22,51,2
2263,65,23,67,2
2264,65,24,92,3
2265,65,25,60,1
2266,65,26,40,2
2267,65,27,70,4
2268,65,28,25,1
2269,65,29,40,1
2270,65,30,52,2
2271,65,31,75,4
2272,65,32,31,1
2273,65,33,67,3
2274,65,34,17,1
2275,65,35,66,4
2276,66,1,66,3
2277,66,2,48,3
2278,66,3,36,1
2279,66,4,24,1
2280,66,5,42,2
2281,66,6,60,1
2282,66,7,17,1
2283,66,8,37,2
2284,66,9,86,3
2285,66,10,34,2
2286,66,11,17,1
2287,66,12,68,3
2288,66,13,14,1
2289,66,14,31,1
2290,66,15,36,1
2291,66,16,39,0
2292,66,17,16,0
2293,66,18,75,4
2294,66,19,26,2
2295,66,20,2,0
2296,66,21,33,2
2297,66,22,35,1
2298,66,23,24,1
2299,66,24,32,1
2300,66,25,59,3
2301,66,26,58,2
2302,66,27,20,1
2303,66,28,26,1
2304,66,29,37,0
2305,66,30,41,1
2306,66,31,43,2
2307,66,32,46,1
2308,66,33,28,1
2309,66,34,52,3
2310,66,35,51,2
2311,67,1,23,0
2312,67,2,39,1
2313,67,3,15,1
2314,67,4,54,1
2315,67,5,25,1
2316,67,6,23,1
2317,67,7,29,1
2318,67,8,15,0
2319,67,9,48,2
2320,67,10,38,1
2321,67,11,34,2
2322,67,12,35,1
2323,67,13,19,1
2324,67,14,21,0
2325,67,15,45,2
2326,67,16,17,1
2327,67,17,11,0
2328,67,18,37,2
2329,67,19,24,1
2330,67,20,28,1
2331,67,21,45,2
2332,67,22,37,1
2333,67,23,37,1
2334,67,24,40,2
2335,67,25,17,1
2336,67,26,30,1
2337,67,27,17,1
2338,67,28,40,2
2339,67,29,52,1
2340,67,30,23,0
2341,67,31,31,1
2342,67,32,16,0
2343,67,33,21,1
2344,67,34,15,0
2345,67,35,32,2
2346,68,1,38,2
2347,68,2,57,1
2348,68,3,47,2
2349,68,4,34,0
2350,68,5,34,1
2351,68,6,67,2
2352,68,7,60,3
2353,68,8,26,0
2354,68,9,19,1
2355,68,10,40,2
2356,68,11,50,1
2357,68,12,45,2
2358,68,13,47,2
2359,68,14,67,3
2360,68,15,29,1
2361,68,16,28,1
2362,68,17,41,2
2363,68,18,42,2
2364,68,19,8,0
2365,68,20,115,4
2366,68,21,43,1
2367,68,22,16,1
2368,68,23,22,0
2369,68,24,64,3
2370,68,25,68,3
2371,68,26,52,2
2372,68,27,20,1
2373,68,28,56,1
2374,68,29,17,1
2375,68,30,69,2
2376,68,31,39,2
2377,68,32,30,2
2378,68,33,85,1
2379,68,34,66,4
2380,68,35,70,2
2381,69,1,29,1
2382,69,2,52,1
2383,69,3,113,4
2384,69,4,51,3
2385,69,5,74,4
2386,69,6,116,2
2387,69,7,83,5
2388,69,8,46,1
2389,69,9,45,1
2390,69,10,27,1
2391,69,11,30,1
2392,69,12,85,3
2393,69,13,64,2
2394,69,14,36,2
2395,69,15,35,1
2396,69,16,34,2
2397,69,17,81,1
2398,69,18,50,3
2399,69,19,58,3
2400,69,20,106,3
2401,69,21,52,3
2402,69,22,82,1
2403,69,23,104,4
2404,69,24,49,2
2405,69,25,101,1
2406,69,26,104,5
2407,69,27,72,1
2408,69,28,55,2
2409,69,29,42,2
2410,69,30,25,1
2411,69,31,53,1
2412,69,32,173,6
2413,69,33,88,4
2414,69,34,106,4
2415,69,35,55,2
2416,70,1,41,2
2417,70,2,57,3
2418,70,3,75,1
2419,70,4,15,1
2420,70,5,38,1
2421,70,6,39,1
2422,70,7,23,1
2423,70,8,23,1
2424,70,9,45,2
2425,70,10,28,1
2426,70,11,44,2
2427,70,12,16,1
2428,70,13,39,1
2429,70,14,45,1
2430,70,15,38,1
2431,70,16,27,0
2432,70,17,36,2
2433,70,18,51,2
2434,70,19,24,1
2435,70,20,29,1
2436,70,21,56,1
2437,70,22,33,1
2438,70,23,11,0
2439,70,24,77,3
2440,70,25,50,2
2441,70,26,30,1
2442,70,27,41,1
2443,70,28,53,2
2444,70,29,99,3
2445,70,30,60,3
2446,70,31,46,1
2447,70,32,76,3
2448,70,33,33,1
2449,70,34,49,2
2450,70,35,60,2
2451,71,1,11,0
2452,71,2,34,1
2453,71,3,32,1
2454,71,4,28,1
2455,71,5,39,2
2456,71,6,29,1
2457,71,7,12,0
2458,71,8,38,0
2459,71,9,18,1
2460,71,10,21,1
2461,71,11,77,4
2462,71,12,15,1
2463,71,13,63,3
2464,71,14,20,1
2465,71,15,40,2
2466,71,16,2,0
2467,71,17,52,1
2468,71,18,40,1
2469,71,19,27,1
2470,71,20,20,0
2471,71,21,25,1
2472,71,22,14,0
2473,71,23,10,1
2474,71,24,19,1
2475,71,25,28,0
2476,71,26,19,0
2477,71,27,78,2
2478,71,28,58,3
2479,71,29,29,1
2480,71,30,30,1
2481,71,31,37,2
2482,71,32,57,2
2483,71,33,32,1
2484,71,34,40,1
2485,71,35,35,1
2486,72,1,51,2
2487,72,2,73,3
2488,72,3,30,1
2489,72,4,19,1
2490,72,5,56,1
2491,72,6,56,1
2492,72,7,57,2
2493,72,8,45,2
2494,72,9,32,1
2495,72,10,52,1
2496,72,11,33,1
2497,72,12,57,3
2498,72,13,95,1
2499,72,14,95,5
2500,72,15,46,2
2501,72,16,65,1
2502,72,17,41,1
2503,72,18,97,2
2504,72,19,45,2
2505,72,20,25,1
2506,72,21,91,3
2507,72,22,49,1
2508,72,23,42,1
2509,72,24,55,3
2510,72,25,23,0
2511,72,26,48,2
2512,72,27,52,3
2513,72,28,45,1
2514,72,29,40,1
2515,72,30,99,3
2516,72,31,55,3
2517,72,32,41,2
2518,72,33,36,1
2519,72,34,30,1
2520,72,35,14,0
2521,73,1,102,2
2522,73,2,46,1
2523,73,3,70,1
2524,73,4,132,4
2525,73,5,62,1
2526,73,6,52,1
2527,73,7,86,2
2528,73,8,114,2
2529,73,9,71,1
2530,73,10,23,1
2531,73,11,59,3
2532,73,12,74,1
2533,73,13,151,4
2534,73,14,28,1
2535,73,15,65,1
2536,73,16,62,2
2537,73,17,73,2
2538,73,18,100,5
2539,73,19,124,7
2540,73,20,110,6
2541,73,21,56,3
2542,73,22,148,2
2543,73,23,136,1
2544,73,24,61,2
2545,73,25,83,5
2546,73,26,123,5
2547,73,27,135,3
2548,73,28,116,3
2549,73,29,157,3
2550,73,30,63,3
2551,73,31,47,3
2552,73,32,122,2
2553,73,33,124,7
2554,73,34,77,2
2555,73,35,123,3
2556,74,1,110,1
2557,74,2,105,4
2558,74,3,49,1
2559,74,4,65,2
2560,74,5,32,2
2561,74,6,56,3
2562,74,7,70,1
2563,74,8,80,2
2564,74,9,58,2
2565,74,10,97,5
2566,74,11,46,1
2567,74,12,74,1
2568,74,13,36,1
2569,74,14,35,1
2570,74,15,67,1
2571,74,16,45,2
2572,74,17,48,2
2573,74,18,58,3
2574,74,19,95,4
2575,74,20,60,1
2576,74,21,94,2
2577,74,22,95,1
2578,74,23,86,2
2579,74,24,92,5
2580,74,25,35,1
2581,74,26,30,1
2582,74,27,52,1
2583,74,28,55,2
2584,74,29,62,3
2585,74,30,62,2
2586,74,31,35,2
2587,74,32,62,3
2588,74,33,59,2
2589,74,34,118,4
2590,74,35,35,1
2591,75,1,91,1
2592,75,2,78,1
2593,75,3,29,1
2594,75,4,41,2
2595,75,5,21,1
2596,75,6,28,1
2597,75,7,32,1
2598,75,8,48,2
2599,75,9,52,3
2600,75,10,56,1
2601,75,11,87,4
2602,75,12,53,3
2603,75,13,36,1
2604,75,14,33,1
2605,75,15,102,6
2606,75,16,77,1
2607,75,17,16,1
2608,75,18,85,2
2609,75,19,72,4
2610,75,20,33,2
2611,75,21,45,1
2612,75,22,37,1
2613,75,23,51,2
2614,75,24,51,2
2615,75,25,32,1
2616,75,26,67,2
2617,75,27,28,0
2618,75,28,58,1
2619,75,29,68,2
2620,75,30,81,5
2621,75,31,56,2
2622,75,32,44,2
2623,75,33,62,0
2624,75,34,18,1
2625,75,35,31,2
2626,76,1,40,1
2627,76,2,72,1
2628,76,3,107,3
2629,76,4,114,2
2630,76,5,70,3
2631,76,6,96,2
2632,76,7,79,4
2633,76,8,44,1
2634,76,9,48,1
2635,76,10,41,2
2636,76,11,112,3
2637,76,12,63,4
2638,76,13,44,1
2639,76,14,61,2
2640,76,15,41,2
2641,76,16,34,1
2642,76,17,28,0
2643,76,18,16,1
2644,76,19,116,2
2645,76,20,43,1
2646,76,21,40,2
2647,76,22,75,4
2648,76,23,88,3
2649,76,24,157,4
2650,76,25,21,1
2651,76,26,110,3
2652,76,27,58,2
2653,76,28,55,3
2654,76,29,42,1
2655,76,30,88,1
2656,76,31,60,2
2657,76,32,44,2
2658,76,33,79,4
2659,76,34,26,0
2660,76,35,66,3
2661,77,1,64,4
2662,77,2,104,4
2663,77,3,36,1
2664,77,4,177,9
2665,77,5,76,4
2666,77,6,89,5
2667,77,7,43,1
2668,77,8,34,2
2669,77,9,109,2
2670,77,10,50,1
2671,77,11,30,1
2672,77,12,93,5
2673,77,13,153,8
2674,77,14,117,4
2675,77,15,29,1
2676,77,16,45,0
2677,77,17,47,2
2678,77,18,42,1
2679,77,19,76,4
2680,77,20,55,3
2681,77,21,17,1
2682,77,22,34,2
2683,77,23,98,4
2684,77,24,163,9
2685,77,25,47,2
2686,77,26,73,4
2687,77,27,73,4
2688,77,28,105,3
2689,77,29,98,2
2690,77,30,66,2
2691,77,31,41,1
2692,77,32,112,3
2693,77,33,67,2
2694,77,34,51,2
2695,77,35,76,3
2696,78,1,26,1
2697,78,2,101,4
2698,78,3,46,1
2699,78,4,21,1
2700,78,5,50,3
2701,78,6,74,2
2702,78,7,51,2
2703,78,8,51,2
2704,78,9,19,1
2705,78,10,34,1
2706,78,11,44,1
2707,78,12,67,1
2708,78,13,55,2
2709,78,14,63,2
2710,78,15,56,2
2711,78,16,67,2
2712,78,17,72,3
2713,78,18,101,4
2714,78,19,64,3
2715,78,20,74,1
2716,78,21,36,2
2717,78,22,42,1
2718,78,23,36,2
2719,78,24,70,4
2720,78,25,46,2
2721,78,26,54,3
2722,78,27,28,1
2723,78,28,78,2
2724,78,29,50,2
2725,78,30,41,2
2726,78,31,108,3
2727,78,32,67,3
2728,78,33,50,2
2729,78,34,47,1
2730,78,35,55,2
2731,79,1,79,1
2732,79,2,15,0
2733,79,3,32,0
2734,79,4,30,2
2735,79,5,67,2
2736,79,6,66,1
2737,79,7,16,0
2738,79,8,41,1
2739,79,9,45,1
2740,79,10,45,2
2741,79,11,55,3
2742,79,12,32,1
2743,79,13,71,3
2744,79,14,34,2
2745,79,15,29,1
2746,79,16,34,2
2747,79,17,43,1
2748,79,18,48,2
2749,79,19,44,1
2750,79,20,23,1
2751,79,21,17,1
2752,79,22,48,1
2753,79,23,33,1
2754,79,24,89,3
2755,79,25,46,2
2756,79,26,40,2
2757,79,27,55,1
2758,79,28,61,2
2759,79,29,60,1
2760,79,30,30,1
2761,79,31,40,1
2762,79,32,12,1
2763,79,33,32,0
2764,79,34,21,1
2765,79,35,39,0
2766,80,1,66,2
2767,80,2,135,6
2768,80,3,80,1
2769,80,4,55,3
2770,80,5,43,1
2771,80,6,81,1
2772,80,7,73,3
2773,80,8,73,2
2774,80,9,62,1
2775,80,10,49,2
2776,80,11,61,2
2777,80,12,88,3
2778,80,13,49,1
2779,80,14,29,0
2780,80,15,50,1
2781,80,16,93,4
2782,80,17,33,2
2783,80,18,36,2
2784,80,19,96,3
2785,80,20,125,6
2786,80,21,47,1
2787,80,22,24,1
2788,80,23,19,1
2789,80,24,132,4
2790,80,25,51,1
2791,80,26,79,3
2792,80,27,17,0
2793,80,28,57,1
2794,80,29,43,2
2795,80,30,40,2
2796,80,31,103,6
2797,80,32,19,0
2798,80,33,31,1
2799,80,34,55,1
2800,80,35,89,4
2801,81,1,35,1
2802,81,2,22,1
2803,81,3,25,1
2804,81,4,23,1
2805,81,5,58,3
2806,81,6,28,1
2807,81,7,38,2
2808,81,8,37,2
2809,81,9,25,0
2810,81,10,38,2
2811,81,11,44,1
2812,81,12,41,1
2813,81,13,45,2
2814,81,14,35,1
2815,81,15,35,1
2816,81,16,28,2
2817,81,17,83,5
2818,81,18,78,1
2819,81,19,45,2
2820,81,20,40,1
2821,81,21,49,2
2822,81,22,41,2
2823,81,23,52,1
2824,81,24,40,2
2825,81,25,36,2
2826,81,26,83,5
2827,81,27,50,1
2828,81,28,71,3
2829,81,29,11,0
2830,81,30,39,2
2831,81,31,25,1
2832,81,32,39,2
2833,81,33,38,1
2834,81,34,46,3
2835,81,35,49,2
2836,82,1,18,1
2837,82,2,26,1
2838,82,3,38,2
2839,82,4,10,0
2840,82,5,25,1
2841,82,6,55,1
2842,82,7,20,0
2843,82,8,24,1
2844,82,9,21,1
2845,82,10,29,0
2846,82,11,18,0
2847,82,12,26,1
2848,82,13,40,2
2849,82,14,37,1
2850,82,15,46,2
2851,82,16,23,1
2852,82,17,25,1
2853,82,18,16,0
2854,82,19,61,3
2855,82,20,15,0
2856,82,21,18,1
2857,82,22,27,1
2858,82,23,47,3
2859,82,24,30,1
2860,82,25,33,1
2861,82,26,32,1
2862,82,27,44,1
2863,82,28,16,1
2864,82,29,51,2
2865,82,30,20,1
2866,82,31,26,1
2867,82,32,27,1
2868,82,33,15,1
2869,82,34,21,0
2870,82,35,26,1
2871,83,1,28,1
2872,83,2,40,1
2873,83,3,20,1
2874,83,4,22,1
2875,83,5,22,1
2876,83,6,28,1
2877,83,7,10,0
2878,83,8,29,1
2879,83,9,26,1
2880,83,10,18,0
2881,83,11,16,0
2882,83,12,14,1
2883,83,13,31,2
2884,83,14,15,1
2885,83,15,14,1
2886,83,16,13,0
2887,83,17,18,1
2888,83,18,16,1
2889,83,19,25,1
2890,83,20,19,0
2891,83,21,44,2
2892,83,22,12,1
2893,83,23,21,1
2894,83,24,18,1
2895,83,25,13,1
2896,83,26,22,0
2897,83,27,14,0
2898,83,28,41,2
2899,83,29,16,0
2900,83,30,26,2
2901,83,31,26,1
2902,83,32,21,0
2903,83,33,25,1
2904,83,34,41,1
2905,83,35,19,0
2906,84,1,7,0
2907,84,2,76,3
2908,84,3,29,1
2909,84,4,33,2
2910,84,5,38,2
2911,84,6,38,2
2912,84,7,34,0
2913,84,8,52,2
2914,84,9,24,1
2915,84,10,30,1
2916,84,11,64,2
2917,84,12,31,1
2918,84,13,30,1
2919,84,14,26,1
2920,84,15,27,0
2921,84,16,63,3
2922,84,17,48,1
2923,84,18,17,0
2924,84,19,27,1
2925,84,20,29,1
2926,84,21,32,1
2927,84,22,14,0
2928,84,23,23,0
2929,84,24,52,2
2930,84,25,38,1
2931,84,26,44,1
2932,84,27,42,1
2933,84,28,22,0
2934,84,29,44,1
2935,84,30,56,2
2936,84,31,36,1
2937,84,32,25,0
2938,84,33,36,2
2939,84,34,22,1
2940,84,35,8,0
2941,85,1,43,2
2942,85,2,46,2
2943,85,3,41,1
2944,85,4,35,2
2945,85,5,35,2
2946,85,6,34,1
2947,85,7,43,2
2948,85,8,18,0
2949,85,9,52,2
2950,85,10,16,0
2951,85,11,43,2
2952,85,12,31,1
2953,85,13,15,0
2954,85,14,61,4
2955,85,15,28,1
2956,85,16,42,1
2957,85,17,35,1
2958,85,18,53,1
2959,85,19,46,3
2960,85,20,30,1
2961,85,21,36,1
2962,85,22,82,4
2963,85,23,21,1
2964,85,24,24,0
2965,85,25,42,2
2966,85,26,35,1
2967,85,27,17,1
2968,85,28,54,1
2969,85,29,56,2
2970,85,30,25,1
2971,85,31,82,5
2972,85,32,51,2
2973,85,33,36,0
2974,85,34,15,1
2975,85,35,49,1
2976,86,1,7,0
2977,86,2,15,0
2978,86,3,33,1
2979,86,4,49,3
2980,86,5,27,1
2981,86,6,33,1
2982,86,7,12,1
2983,86,8,19,1
2984,86,9,23,1
2985,86,10,24,1
2986,86,11,77,1
2987,86,12,8,0
2988,86,13,18,0
2989,86,14,31,1
2990,86,15,23,1
2991,86,16,44,3
2992,86,17,14,1
2993,86,18,4,0
2994,86,19,19,1
2995,86,20,71,3
2996,86,21,19,1
2997,86,22,16,1
2998,86,23,16,1
2999,86,24,15,0
3000,86,25,25,1
3001,86,26,20,1
3002,86,27,21,0
3003,86,28,70,3
3004,86,29,20,1
3005,86,30,29,1
3006,86,31,14,0
3007,86,32,26,1
3008,86,33,22,1
3009,86,34,40,1
3010,86,35,20,1
3011,87,1,24,1
3012,87,2,30,2
3013,87,3,20,1
3014,87,4,29,1
3015,87,5,24,1
3016,87,6,25,1
3017,87,7,16,1
3018,87,8,12,0
3019,87,9,20,0
3020,87,10,31,1
3021,87,11,12,0
3022,87,12,18,1
3023,87,13,6,0
3024,87,14,15,1
3025,87,15,20,0
3026,87,16,18,1
3027,87,17,38,1
3028,87,18,16,0
3029,87,19,17,1
3030,87,20,21,0
3031,87,21,22,1
3032,87,22,17,0
3033,87,23,19,1
3034,87,24,36,1
3035,87,25,20,1
3036,87,26,31,1
3037,87,27,27,0
3038,87,28,19,1
3039,87,29,10,0
3040,87,30,11,0
3041,87,31,26,1
3042,87,32,31,2
3043,87,33,18,1
3044,87,34,25,1
3045,87,35,9,0
3046,88,1,34,2
3047,88,2,23,1
3048,88,3,31,0
3049,88,4,32,1
3050,88,5,31,2
3051,88,6,14,0
3052,88,7,40,1
3053,88,8,57,2
3054,88,9,20,0
3055,88,10,16,1
3056,88,11,32,1
3057,88,12,27,1
3058,88,13,27,1
3059,88,14,49,2
3060,88,15,32,0
3061,88,16,42,1
3062,88,17,26,0
3063,88,18,15,0
3064,88,19,20,1
3065,88,20,26,1
3066,88,21,59,3
3067,88,22,46,2
3068,88,23,66,1
3069,88,24,37,1
3070,88,25,21,1
3071,88,26,43,2
3072,88,27,29,0
3073,88,28,43,3
3074,88,29,30,1
3075,88,30,21,1
3076,88,31,26,1
3077,88,32,52,2
3078,88,33,39,1
3079,88,34,54,2
3080,88,35,32,1
3081,89,1,34,1
3082,89,2,74,4
3083,89,3,13,0
3084,89,4,51,1
3085,89,5,14,1
3086,89,6,61,3
3087,89,7,45,2
3088,89,8,73,4
3089,89,9,82,1
3090,89,10,51,1
3091,89,11,40,1
3092,89,12,25,1
3093,89,13,5,0
3094,89,14,49,1
3095,89,15,48,3
3096,89,16,34,2
3097,89,17,27,1
3098,89,18,42,1
3099,89,19,34,1
3100,89,20,101,5
3101,89,21,38,1
3102,89,22,18,1
3103,89,23,39,1
3104,89,24,16,1
3105,89,25,58,1
3106,89,26,30,0
3107,89,27,29,2
3108,89,28,58,3
3109,89,29,57,2
3110,89,30,45,2
3111,89,31,104,4
3112,89,32,57,3
3113,89,33,47,1
3114,89,34,33,1
3115,89,35,47,1
3116,90,1,64,3
3117,90,2,18,1
3118,90,3,15,0
3119,90,4,49,1
3120,90,5,36,1
3121,90,6,41,1
3122,90,7,26,1
3123,90,8,30,1
3124,90,9,46,2
3125,90,10,24,0
3126,90,11,15,1
3127,90,12,36,2
3128,90,13,50,3
3129,90,14,17,1
3130,90,15,38,2
3131,90,16,26,1
3132,90,17,18,1
3133,90,18,43,2
3134,90,19,15,1
3135,90,20,24,0
3136,90,21,45,2
3137,90,22,64,4
3138,90,23,23,1
3139,90,24,19,0
3140,90,25,11,0
3141,90,26,37,2
3142,90,27,15,0
3143,90,28,40,2
3144,90,29,9,0
3145,90,30,32,2
3146,90,31,53,1
3147,90,32,24,1
3148,90,33,21,0
3149,90,34,22,0
3150,90,35,27,1
3151,91,1,46,2
3152,91,2,14,0
3153,91,3,23,1
3154,91,4,27,1
3155,91,5,13,1
3156,91,6,43,2
3157,91,7,15,0
3158,91,8,34,2
3159,91,9,19,0
3160,91,10,35,1
3161,91,11,26,1
3162,91,12,16,1
3163,91,13,38,2
3164,91,14,28,1
3165,91,15,29,1
3166,91,16,51,3
3167,91,17,17,0
3168,91,18,26,0
3169,91,19,35,2
3170,91,20,30,0
3171,91,21,24,1
3172,91,22,26,0
3173,91,23,23,1
3174,91,24,18,0
3175,91,25,11,0
3176,91,26,21,0
3177,91,27,76,4
3178,91,28,33,2
3179,91,29,9,0
3180,91,30,17,0
3181,91,31,15,1
3182,91,32,2,0
3183,91,33,38,1
3184,91,34,14,0
3185,91,35,23,0
3186,92,1,58,1
3187,92,2,80,4
3188,92,3,30,0
3189,92,4,56,2
3190,92,5,18,0
3191,92,6,36,2
3192,92,7,27,1
3193,92,8,46,2
3194,92,9,27,1
3195,92,10,47,2
3196,92,11,11,0
3197,92,12,30,2
3198,92,13,58,1
3199,92,14,15,1
3200,92,15,83,5
3201,92,16,23,1
3202,92,17,58,2
3203,92,18,53,2
3204,92,19,22,0
3205,92,20,31,1
3206,92,21,43,0
3207,92,22,27,1
3208,92,23,48,3
3209,92,24,55,1
3210,92,25,26,0
3211,92,26,37,2
3212,92,27,74,2
3213,92,28,31,1
3214,92,29,29,2
3215,92,30,60,2
3216,92,31,47,1
3217,92,32,28,1
3218,92,33,32,1
3219,92,34,22,1
3220,92,35,37,1
3221,93,1,49,3
3222,93,2,42,1
3223,93,3,35,1
3224,93,4,41,1
3225,93,5,37,1
3226,93,6,49,3
3227,93,7,25,1
3228,93,8,26,1
3229,93,9,48,2
3230,93,10,55,1
3231,93,11,34,2
3232,93,12,95,3
3233,93,13,87,5
3234,93,14,50,2
3235,93,15,71,4
3236,93,16,38,2
3237,93,17,56,3
3238,93,18,62,2
3239,93,19,92,5
3240,93,20,74,3
3241,93,21,42,2
3242,93,22,75,4
3243,93,23,115,7
3244,93,24,49,1
3245,93,25,25,1
3246,93,26,55,2
3247,93,27,32,1
3248,93,28,22,1
3249,93,29,72,3
3250,93,30,38,1
3251,93,31,53,1
3252,93,32,58,3
3253,93,33,110,6
3254,93,34,40,2
3255,93,35,63,3
3256,94,1,35,1
3257,94,2,33,1
3258,94,3,33,1
3259,94,4,17,1
3260,94,5,44,1
3261,94,6,38,2
3262,94,7,51,1
3263,94,8,16,0
3264,94,9,15,1
3265,94,10,51,1
3266,94,11,37,2
3267,94,12,14,1
3268,94,13,36,2
3269,94,14,21,0
3270,94,15,29,2
3271,94,16,91,5
3272,94,17,24,1
3273,94,18,18,1
3274,94,19,52,2
3275,94,20,40,2
3276,94,21,27,1
3277,94,22,14,0
3278,94,23,30,1
3279,94,24,21,0
3280,94,25,18,1
3281,94,26,19,1
3282,94,27,61,3
3283,94,28,47,1
3284,94,29,54,2
3285,94,30,46,1
3286,94,31,50,2
3287,94,32,24,1
3288,94,33,36,2
3289,94,34,64,4
3290,94,35,71,4
3291,95,1,43,1
3292,95,2,23,1
3293,95,3,30,2
3294,95,4,42,1
3295,95,5,15,0
3296,95,6,38,2
3297,95,7,34,2
3298,95,8,22,1
3299,95,9,15,0
3300,95,10,37,2
3301,95,11,40,2
3302,95,12,11,1
3303,95,13,34,1
3304,95,14,25,1
3305,95,15,64,2
3306,95,16,12,1
3307,95,17,21,0
3308,95,18,37,2
3309,95,19,28,1
3310,95,20,27,1
3311,95,21,36,1
3312,95,22,26,1
3313,95,23,33,1
3314,95,24,39,2
3315,95,25,44,1
3316,95,26,12,0
3317,95,27,6,0
3318,95,28,29,2
3319,95,29,24,0
3320,95,30,23,0
3321,95,31,30,1
3322,95,32,27,1
3323,95,33,17,0
3324,95,34,39,2
3325,95,35,19,1
3326,96,1,42,1
3327,96,2,19,1
3328,96,3,71,1
3329,96,4,69,4
3330,96,5,26,1
3331,96,6,18,0
3332,96,7,21,1
3333,96,8,44,2
3334,96,9,58,3
3335,96,10,32,1
3336,96,11,57,2
3337,96,12,65,3
3338,96,13,68,1
3339,96,14,24,1
3340,96,15,28,1
3341,96,16,26,0
3342,96,17,30,1
3343,96,18,41,2
3344,96,19,52,1
3345,96,20,60,1
3346,96,21,26,1
3347,96,22,71,4
3348,96,23,27,1
3349,96,24,48,3
3350,96,25,13,1
3351,96,26,36,2
3352,96,27,36,1
3353,96,28,87,5
3354,96,29,34,1
3355,96,30,24,1
3356,96,31,29,2
3357,96,32,50,2
3358,96,33,52,3
3359,96,34,34,1
3360,96,35,22,1
3361,97,1,62,2
3362,97,2,29,1
3363,97,3,102,2
3364,97,4,56,3
3365,97,5,47,2
3366,97,6,39,1
3367,97,7,34,0
3368,97,8,47,3
3369,97,9,114,2
3370,97,10,56,3
3371,97,11,31,2
3372,97,12,57,3
3373,97,13,67,1
3374,97,14,76,4
3375,97,15,96,6
3376,97,16,93,2
3377,97,17,47,2
3378,97,18,25,1
3379,97,19,91,3
3380,97,20,85,2
3381,97,21,40,1
3382,97,22,73,2
3383,97,23,80,4
3384,97,24,52,3
3385,97,25,103,2
3386,97,26,51,1
3387,97,27,44,3
3388,97,28,48,2
3389,97,29,12,0
3390,97,30,89,3
3391,97,31,84,4
3392,97,32,51,2
3393,97,33,62,2
3394,97,34,56,3
3395,97,35,161,4
3396,98,1,37,1
3397,98,2,66,2
3398,98,3,42,2
3399,98,4,66,1
3400,98,5,19,0
3401,98,6,31,1
3402,98,7,41,2
3403,98,8,60,3
3404,98,9,46,2
3405,98,10,42,2
3406,98,11,26,0
3407,98,12,29,1
3408,98,13,47,2
3409,98,14,55,1
3410,98,15,26,0
3411,98,16,33,2
3412,98,17,36,1
3413,98,18,75,2
3414,98,19,37,1
3415,98,20,36,0
3416,98,21,23,1
3417,98,22,27,1
3418,98,23,29,0
3419,98,24,55,3
3420,98,25,42,1
3421,98,26,29,0
3422,98,27,40,0
3423,98,28,73,3
3424,98,29,18,1
3425,98,30,32,1
3426,98,31,31,2
3427,98,32,28,2
3428,98,33,78,4
3429,98,34,46,1
3430,98,35,23,1
3431,99,1,27,1
3432,99,2,39,1
3433,99,3,35,1
3434,99,4,17,1
3435,99,5,74,2
3436,99,6,34,1
3437,99,7,52,1
3438,99,8,48,2
3439,99,9,34,2
3440,99,10,18,1
3441,99,11,36,1
3442,99,12,15,1
3443,99,13,39,1
3444,99,14,39,2
3445,99,15,19,1
3446,99,16,45,2
3447,99,17,46,3
3448,99,18,24,0
3449,99,19,38,1
3450,99,20,28,1
3451,99,21,37,1
3452,99,22,51,1
3453,99,23,37,2
3454,99,24,27,1
3455,99,25,15,1
3456,99,26,12,0
3457,99,27,53,3
3458,99,28,34,1
3459,99,29,14,1
3460,99,30,51,1
3461,99,31,38,2
3462,99,32,23,1
3463,99,33,42,2
3464,99,34,30,1
3465,99,35,33,2
3466,100,1,109,4
3467,100,2,76,2
3468,100,3,28,0
3469,100,4,20,0
3470,100,5,87,1
3471,100,6,104,3
3472,100,7,65,4
3473,100,8,101,6
3474,100,9,71,1
3475,100,10,101,2
3476,100,11,52,3
3477,100,12,78,4
3478,100,13,70,3
3479,100,14,58,3
3480,100,15,62,3
3481,100,16,64,1
3482,100,17,42,2
3483,100,18,124,2
3484,100,19,35,1
3485,100,20,56,2
3486,100,21,35,1
3487,100,22,65,2
3488,100,23,50,3
3489,100,24,79,4
3490,100,25,74,1
3491,100,26,57,2
3492,100,27,52,2
3493,100,28,26,1
3494,100,29,67,2
3495,100,30,17,1
3496,100,31,22,1
3497,100,32,33,2
3498,100,33,66,1
3499,100,34,23,1
3500,100,35,45,2
3501,101,1,111,5
3502,101,2,54,3
3503,101,3,67,3
3504,101,4,61,3
3505,101,5,62,2
3506,101,6,53,3
3507,101,7,99,1
3508,101,8,54,1
3509,101,9,40,2
3510,101,10,127,7
3511,101,11,68,2
3512,101,12,118,6
3513,101,13,96,2
3514,101,14,114,5
3515,101,15,78,4
3516,101,16,24,1
3517,101,17,79,2
3518,101,18,77,2
3519,101,19,112,5
3520,101,20,31,1
3521,101,21,78,4
3522,101,22,56,1
3523,101,23,145,7
3524,101,24,61,2
3525,101,25,16,1
3526,101,26,114,4
3527,101,27,80,2
3528,101,28,87,2
3529,101,29,101,4
3530,101,30,124,7
3531,101,31,121,5
3532,101,32,22,1
3533,101,33,67,4
3534,101,34,93,1
3535,101,35,59,2
3536,102,1,108,5
3537,102,2,88,4
3538,102,3,41,1
3539,102,4,87,3
3540,102,5,27,1
3541,102,6,27,1
3542,102,7,99,1
3543,102,8,80,3
3544,102,9,76,2
3545,102,10,24,0
3546,102,11,81,2
3547,102,12,64,2
3548,102,13,27,0
3549,102,14,26,1
3550,102,15,41,0
3551,102,16,48,2
3552,102,17,29,0
3553,102,18,48,3
3554,102,19,77,2
3555,102,20,83,1
3556,102,21,107,4
3557,102,22,37,2
3558,102,23,37,1
3559,102,24,59,3
3560,102,25,54,2
3561,102,26,30,1
3562,102,27,50,3
3563,102,28,57,2
3564,102,29,47,2
3565,102,30,89,4
3566,102,31,37,2
3567,102,32,70,4
3568,102,33,107,3
3569,102,34,32,1
3570,102,35,39,2
3571,103,1,71,4
3572,103,2,32,2
3573,103,3,55,1
3574,103,4,52,1
3575,103,5,31,1
3576,103,6,73,3
3577,103,7,21,1
3578,103,8,41,2
3579,103,9,18,0
3580,103,10,47,1
3581,103,11,44,2
3582,103,12,23,1
3583,103,13,63,1
3584,103,14,60,2
3585,103,15,25,0
3586,103,16,27,0
3587,103,17,42,1
3588,103,18,67,3
3589,103,19,42,1
3590,103,20,37,1
3591,103,21,52,2
3592,103,22,63,1
3593,103,23,65,1
3594,103,24,68,3
3595,103,25,37,1
3596,103,26,29,0
3597,103,27,33,2
3598,103,28,19,1
3599,103,29,37,2
3600,103,30,29,0
3601,103,31,38,2
3602,103,32,73,4
3603,103,33,38,1
3604,103,34,101,6
3605,103,35,17,1
3606,104,1,50,2
3607,104,2,52,3
3608,104,3,94,4
3609,104,4,23,1
3610,104,5,46,2
3611,104,6,21,1
3612,104,7,90,5
3613,104,8,20,1
3614,104,9,137,4
3615,104,10,58,1
3616,104,11,48,1
3617,104,12,47,1
3618,104,13,124,2
3619,104,14,40,2
3620,104,15,75,1
3621,104,16,155,6
3622,104,17,35,1
3623,104,18,53,3
3624,104,19,120,3
3625,104,20,101,3
3626,104,21,22,0
3627,104,22,47,2
3628,104,23,148,8
3629,104,24,78,4
3630,104,25,41,2
3631,104,26,50,2
3632,104,27,53,1
3633,104,28,35,1
3634,104,29,21,1
3635,104,30,107,5
3636,104,31,59,1
3637,104,32,55,2
3638,104,33,139,3
3639,104,34,43,2
3640,104,35,81,4
3641,105,1,36,2
3642,105,2,100,2
3643,105,3,104,2
3644,105,4,60,2
3645,105,5,101,2
3646,105,6,79,2
3647,105,7,82,4
3648,105,8,67,2
3649,105,9,97,6
3650,105,10,38,2
3651,105,11,89,2
3652,105,12,79,4
3653,105,13,23,0
3654,105,14,28,1
3655,105,15,129,3
3656,105,16,55,3
3657,105,17,34,1
3658,105,18,73,3
3659,105,19,135,7
3660,105,20,90,1
3661,105,21,89,1
3662,105,22,71,2
3663,105,23,38,1
3664,105,24,122,5
3665,105,25,76,5
3666,105,26,68,3
3667,105,27,33,2
3668,105,28,86,5
3669,105,29,81,4
3670,105,30,45,2
3671,105,31,76,4
3672,105,32,190,3
3673,105,33,40,2
3674,105,34,25,1
3675,105,35,143,7
3676,106,1,33,1
3677,106,2,36,1
3678,106,3,62,3
3679,106,4,70,4
3680,106,5,46,3
3681,106,6,43,2
3682,106,7,51,2
3683,106,8,87,3
3684,106,9,59,3
3685,106,10,49,1
3686,106,11,88,4
3687,106,12,29,2
3688,106,13,45,1
3689,106,14,61,3
3690,106,15,61,1
3691,106,16,17,0
3692,106,17,66,3
3693,106,18,28,0
3694,106,19,25,1
3695,106,20,78,3
3696,106,21,38,1
3697,106,22,54,3
3698,106,23,64,3
3699,106,24,18,1
3700,106,25,32,1
3701,106,26,63,2
3702,106,27,37,2
3703,106,28,79,2
3704,106,29,59,1
3705,106,30,33,1
3706,106,31,29,1
3707,106,32,35,1
3708,106,33,28,1
3709,106,34,39,2
3710,106,35,41,2
3711,107,1,53,1
3712,107,2,97,5
3713,107,3,54,1
3714,107,4,27,1
3715,107,5,77,4
3716,107,6,39,1
3717,107,7,19,0
3718,107,8,63,2
3719,107,9,104,6
3720,107,10,57,3
3721,107,11,23,1
3722,107,12,43,2
3723,107,13,40,2
3724,107,14,28,1
3725,107,15,84,2
3726,107,16,46,2
3727,107,17,18,1
3728,107,18,60,2
3729,107,19,62,3
3730,107,20,72,2
3731,107,21,82,3
3732,107,22,29,0
3733,107,23,32,1
3734,107,24,39,2
3735,107,25,97,5
3736,107,26,41,1
3737,107,27,38,2
3738,107,28,46,1
3739,107,29,25,0
3740,107,30,39,2
3741,107,31,38,1
3742,107,32,24,0
3743,107,33,41,2
3744,107,34,21,1
3745,107,35,74,4
3746,108,1,26,2
3747,108,2,62,1
3748,108,3,70,3
3749,108,4,61,3
3750,108,5,124,2
3751,108,6,82,3
3752,108,7,63,2
3753,108,8,96,1
3754,108,9,64,3
3755,108,10,33,2
3756,108,11,96,4
3757,108,12,33,1
3758,108,13,37,2
3759,108,14,39,1
3760,108,15,19,1
3761,108,16,107,5
3762,108,17,52,3
3763,108,18,88,5
3764,108,19,43,2
3765,108,20,65,3
3766,108,21,111,3
3767,108,22,46,2
3768,108,23,41,2
3769,108,24,42,1
3770,108,25,43,2
3771,108,26,34,1
3772,108,27,86,1
3773,108,28,12,0
3774,108,29,78,5
3775,108,30,140,4
3776,108,31,58,3
3777,108,32,59,3
3778,108,33,47,2
3779,108,34,42,1
3780,108,35,58,3
3781,109,1,42,1
3782,109,2,77,4
3783,109,3,20,1
3784,109,4,33,1
3785,109,5,55,1
3786,109,6,58,2
3787,109,7,20,1
3788,109,8,32,1
3789,109,9,30,1
3790,109,10,35,2
3791,109,11,67,3
3792,109,12,55,2
3793,109,13,87,3
3794,109,14,50,2
3795,109,15,49,1
3796,109,16,55,1
3797,109,17,16,1
3798,109,18,43,1
3799,109,19,33,1
3800,109,20,14,0
3801,109,21,43,1
3802,109,22,20,1
3803,109,23,48,1
3804,109,24,59,1
3805,109,25,34,2
3806,109,26,44,2
3807,109,27,45,2
3808,109,28,58,3
3809,109,29,44,1
3810,109,30,22,1
3811,109,31,35,2
3812,109,32,29,1
3813,109,33,48,1
3814,109,34,86,4
3815,109,35,21,1
3816,110,1,16,1
3817,110,2,21,0
3818,110,3,24,1
3819,110,4,40,2
3820,110,5,36,1
3821,110,6,18,0
3822,110,7,29,1
3823,110,8,37,2
3824,110,9,40,1
3825,110,10,50,1
3826,110,11,50,1
3827,110,12,32,1
3828,110,13,49,1
3829,110,14,49,2
3830,110,15,42,1
3831,110,16,34,2
3832,110,17,32,1
3833,110,18,21,0
3834,110,19,43,1
3835,110,20,21,1
3836,110,21,30,2
3837,110,22,14,0
3838,110,23,50,3
3839,110,24,24,1
3840,110,25,23,1
3841,110,26,18,1
3842,110,27,51,1
3843,110,28,18,1
3844,110,29,16,0
3845,110,30,31,1
3846,110,31,49,1
3847,110,32,11,0
3848,110,33,36,1
3849,110,34,36,2
3850,110,35,24,0
3851,111,1,27,1
3852,111,2,35,0
3853,111,3,30,0
3854,111,4,40,1
3855,111,5,31,1
3856,111,6,21,1
3857,111,7,27,1
3858,111,8,36,2
3859,111,9,25,0
3860,111,10,26,1
3861,111,11,29,1
3862,111,12,13,0
3863,111,13,50,1
3864,111,14,19,1
3865,111,15,7,0
3866,111,16,3,0
3867,111,17,28,1
3868,111,18,16,1
3869,111,19,15,0
3870,111,20,30,1
3871,111,21,20,0
3872,111,22,21,1
3873,111,23,10,1
3874,111,24,27,1
3875,111,25,28,1
3876,111,26,18,1
3877,111,27,24,1
3878,111,28,67,2
3879,111,29,12,1
3880,111,30,18,0
3881,111,31,10,0
3882,111,32,43,2
3883,111,33,30,0
3884,111,34,21,1
3885,111,35,13,0
3886,112,1,31,0
3887,112,2,13,1
3888,112,3,52,3
3889,112,4,31,0
3890,112,5,37,1
3891,112,6,39,2
3892,112,7,45,2
3893,112,8,30,1
3894,112,9,22,1
3895,112,10,42,1
3896,112,11,41,1
3897,112,12,20,0
3898,112,13,19,1
3899,112,14,29,0
3900,112,15,63,2
3901,112,16,59,1
3902,112,17,45,2
3903,112,18,32,2
3904,112,19,22,1
3905,112,20,54,3
3906,112,21,70,3
3907,112,22,17,0
3908,112,23,46,2
3909,112,24,54,2
3910,112,25,26,1
3911,112,26,23,1
3912,112,27,37,2
3913,112,28,24,1
3914,112,29,20,1
3915,112,30,18,1
3916,112,31,24,0
3917,112,32,44,2
3918,112,33,34,1
3919,112,34,39,2
3920,112,35,46,2
3921,113,1,56,1
3922,113,2,59,2
3923,113,3,23,0
3924,113,4,36,1
3925,113,5,24,1
3926,113,6,69,4
3927,113,7,36,1
3928,113,8,76,4
3929,113,9,11,0
3930,113,10,49,2
3931,113,11,33,1
3932,113,12,49,3
3933,113,13,49,2
3934,113,14,56,1
3935,113,15,64,2
3936,113,16,31,2
3937,113,17,13,0
3938,113,18,17,1
3939,113,19,32,2
3940,113,20,31,1
3941,113,21,42,2
3942,113,22,52,1
3943,113,23,29,1
3944,113,24,54,1
3945,113,25,37,1
3946,113,26,42,1
3947,113,27,20,0
3948,113,28,27,1
3949,113,29,26,1
3950,113,30,46,1
3951,113,31,62,1
3952,113,32,26,1
3953,113,33,65,2
3954,113,34,28,1
3955,113,35,50,1
3956,114,1,25,1
3957,114,2,21,0
3958,114,3,23,0
3959,114,4,45,0
3960,114,5,13,1
3961,114,6,29,1
3962,114,7,28,1
3963,114,8,29,1
3964,114,9,1,0
3965,114,10,14,1
3966,114,11,19,0
3967,114,12,35,2
3968,114,13,31,0
3969,114,14,36,1
3970,114,15,8,0
3971,114,16,33,1
3972,114,17,17,1
3973,114,18,44,3
3974,114,19,37,2
3975,114,20,39,1
3976,114,21,25,1
3977,114,22,20,1
3978,114,23,8,0
3979,114,24,42,1
3980,114,25,40,2
3981,114,26,33,2
3982,114,27,19,1
3983,114,28,24,1
3984,114,29,23,1
3985,114,30,41,1
3986,114,31,18,1
3987,114,32,28,1
3988,114,33,30,1
3989,114,34,21,0
3990,114,35,42,1
3991,115,1,23,1
3992,115,2,22,1
3993,115,3,49,1
3994,115,4,18,1
3995,115,5,22,0
3996,115,6,30,1
3997,115,7,20,0
3998,115,8,15,1
3999,115,9,19,1
4000,115,10,15,1
4001,115,11,49,2
4002,115,12,8,0
4003,115,13,10,0
4004,115,14,23,1
4005,115,15,42,2
4006,115,16,35,1
4007,115,17,5,0
4008,115,18,5,0
4009,115,19,20,0
4010,115,20,15,1
4011,115,21,34,1
4012,115,22,10,0
4013,115,23,10,0
4014,115,24,21,1
4015,115,25,43,1
4016,115,26,12,1
4017,115,27,20,1
4018,115,28,14,0
4019,115,29,22,0
4020,115,30,34,0
4021,115,31,1,0
4022,115,32,24,1
4023,115,33,45,2
4024,115,34,25,1
4025,115,35,10,0
4026,116,1,16,1
4027,116,2,14,1
4028,116,3,52,1
4029,116,4,29,1
4030,116,5,19,1
4031,116,6,55,1
4032,116,7,48,2
4033,116,8,25,1
4034,116,9,50,2
4035,116,10,34,0
4036,116,11,43,2
4037,116,12,31,1
4038,116,13,31,1
4039,116,14,18,1
4040,116,15,43,1
4041,116,16,12,0
4042,116,17,46,2
4043,116,18,28,1
4044,116,19,37,1
4045,116,20,21,1
4046,116,21,25,1
4047,116,22,42,2
4048,116,23,36,1
4049,116,24,30,1
4050,116,25,20,0
4051,116,26,22,1
4052,116,27,22,1
4053,116,28,31,1
4054,116,29,23,1
4055,116,30,35,1
4056,116,31,33,0
4057,116,32,28,0
4058,116,33,50,2
4059,116,34,21,1
4060,116,35,74,4
4061,117,1,79,3
4062,117,2,68,1
4063,117,3,64,3
4064,117,4,35,1
4065,117,5,70,2
4066,117,6,48,2
4067,117,7,82,4
4068,117,8,32,1
4069,117,9,68,1
4070,117,10,25,1
4071,117,11,33,2
4072,117,12,30,1
4073,117,13,31,1
4074,117,14,46,1
4075,117,15,43,2
4076,117,16,53,2
4077,117,17,47,3
4078,117,18,74,4
4079,117,19,41,1
4080,117,20,65,4
4081,117,21,38,2
4082,117,22,37,1
4083,117,23,23,1
4084,117,24,52,2
4085,117,25,41,1
4086,117,26,71,1
4087,117,27,18,1
4088,117,28,10,0
4089,117,29,26,1
4090,117,30,54,1
4091,117,31,35,2
4092,117,32,72,4
4093,117,33,32,2
4094,117,34,77,4
4095,117,35,29,1
4096,118,1,55,2
4097,118,2,18,0
4098,118,3,13,1
4099,118,4,53,2
4100,118,5,26,1
4101,118,6,19,1
4102,118,7,16,0
4103,118,8,18,0
4104,118,9,31,0
4105,118,10,22,1
4106,118,11,6,0
4107,118,12,14,0
4108,118,13,23,1
4109,118,14,12,1
4110,118,15,35,2
4111,118,16,43,2
4112,118,17,23,1
4113,118,18,16,1
4114,118,19,46,1
4115,118,20,16,1
4116,118,21,13,0
4117,118,22,45,2
4118,118,23,29,2
4119,118,24,23,1
4120,118,25,30,2
4121,118,26,24,1
4122,118,27,23,1
4123,118,28,28,1
4124,118,29,27,1
4125,118,30,26,2
4126,118,31,35,0
4127,118,32,27,1
4128,118,33,21,1
4129,118,34,18,1
4130,118,35,30,1
4131,119,1,35,0
4132,119,2,17,0
4133,119,3,17,0
4134,119,4,19,0
4135,119,5,19,1
4136,119,6,50,1
4137,119,7,27,1
4138,119,8,15,1
4139,119,9,27,1
4140,119,10,13,1
4141,119,11,48,3
4142,119,12,40,2
4143,119,13,34,1
4144,119,14,27,1
4145,119,15,47,1
4146,119,16,12,1
4147,119,17,30,1
4148,119,18,23,0
4149,119,19,33,0
4150,119,20,39,2
4151,119,21,9,0
4152,119,22,21,1
4153,119,23,24,1
4154,119,24,18,0
4155,119,25,16,1
4156,119,26,9,0
4157,119,27,24,1
4158,119,28,17,0
4159,119,29,20,1
4160,119,30,37,2
4161,119,31,25,0
4162,119,32,19,0
4163,119,33,16,0
4164,119,34,39,2
4165,119,35,14,1
4166,120,1,48,3
4167,120,2,77,1
4168,120,3,44,2
4169,120,4,34,1
4170,120,5,14,1
4171,120,6,34,1
4172,120,7,19,0
4173,120,8,43,2
4174,120,9,29,1
4175,120,10,60,2
4176,120,11,38,1
4177,120,12,52,2
4178,120,13,46,1
4179,120,14,33,0
4180,120,15,29,0
4181,120,16,32,2
4182,120,17,34,1
4183,120,18,116,3
4184,120,19,28,1
4185,120,20,70,3
4186,120,21,48,1
4187,120,22,17,1
4188,120,23,40,2
4189,120,24,19,1
4190,120,25,35,0
4191,120,26,20,0
4192,120,27,30,1
4193,120,28,49,2
4194,120,29,45,2
4195,120,30,43,2
4196,120,31,17,1
4197,120,32,64,3
4198,120,33,32,2
4199,120,34,19,0
4200,120,35,41,2
4201,121,1,45,2
4202,121,2,36,1
4203,121,3,39,0
4204,121,4,96,3
4205,121,5,72,3
4206,121,6,44,3
4207,121,7,83,2
4208,121,8,95,5
4209,121,9,40,0
4210,121,10,98,2
4211,121,11,17,0
4212,121,12,79,4
4213,121,13,38,2
4214,121,14,20,1
4215,121,15,71,2
4216,121,16,31,1
4217,121,17,44,2
4218,121,18,77,3
4219,121,19,62,2
4220,121,20,100,3
4221,121,21,25,1
4222,121,22,69,2
4223,121,23,43,2
4224,121,24,65,1
4225,121,25,28,1
4226,121,26,32,1
4227,121,27,57,3
4228,121,28,58,2
4229,121,29,29,1
4230,121,30,46,2
4231,121,31,29,1
4232,121,32,37,1
4233,121,33,40,2
4234,121,34,40,1
4235,121,35,69,4
4236,122,1,72,2
4237,122,2,18,0
4238,122,3,26,1
4239,122,4,23,1
4240,122,5,67,2
4241,122,6,40,1
4242,122,7,33,1
4243,122,8,51,1
4244,122,9,81,2
4245,122,10,17,0
4246,122,11,12,0
4247,122,12,71,1
4248,122,13,24,1
4249,122,14,39,0
4250,122,15,32,2
4251,122,16,20,0
4252,122,17,31,1
4253,122,18,79,4
4254,122,19,38,1
4255,122,20,23,0
4256,122,21,38,1
4257,122,22,48,1
4258,122,23,71,3
4259,122,24,30,2
4260,122,25,26,0
4261,122,26,30,1
4262,122,27,53,1
4263,122,28,12,1
4264,122,29,18,0
4265,122,30,23,1
4266,122,31,31,1
4267,122,32,39,1
4268,122,33,39,1
4269,122,34,77,3
4270,122,35,42,1
4271,123,1,40,2
4272,123,2,35,1
4273,123,3,27,1
4274,123,4,68,1
4275,123,5,24,0
4276,123,6,21,1
4277,123,7,21,0
4278,123,8,17,0
4279,123,9,15,1
4280,123,10,20,0
4281,123,11,20,0
4282,123,12,21,1
4283,123,13,28,1
4284,123,14,27,1
4285,123,15,29,1
4286,123,16,16,1
4287,123,17,19,0
4288,123,18,35,0
4289,123,19,18,1
4290,123,20,24,1
4291,123,21,34,2
4292,123,22,36,1
4293,123,23,55,1
4294,123,24,37,2
4295,123,25,17,0
4296,123,26,21,1
4297,123,27,32,1
4298,123,28,36,2
4299,123,29,16,0
4300,123,30,43,1
4301,123,31,50,2
4302,123,32,58,2
4303,123,33,15,1
4304,123,34,27,1
4305,123,35,13,1
4306,124,1,48,3
4307,124,2,54,1
4308,124,3,44,2
4309,124,4,80,3
4310,124,5,81,1
4311,124,6,40,2
4312,124,7,41,1
4313,124,8,17,1
4314,124,9,31,1
4315,124,10,24,1
4316,124,11,20,0
4317,124,12,31,1
4318,124,13,20,0
4319,124,14,43,2
4320,124,15,132,5
4321,124,16,64,3
4322,124,17,55,1
4323,124,18,33,1
4324,124,19,21,1
4325,124,20,49,2
4326,124,21,70,3
4327,124,22,37,0
4328,124,23,35,1
4329,124,24,77,1
4330,124,25,86,4
4331,124,26,25,1
4332,124,27,34,1
4333,124,28,60,3
4334,124,29,43,2
4335,124,30,29,1
4336,124,31,18,0
4337,124,32,45,2
4338,124,33,12,0
4339,124,34,67,1
4340,124,35,37,1
4341,125,1,33,1
4342,125,2,83,2
4343,125,3,35,1
4344,125,4,31,2
4345,125,5,100,3
4346,125,6,80,3
4347,125,7,47,3
4348,125,8,30,1
4349,125,9,43,2
4350,125,10,123,5
4351,125,11,107,5
4352,125,12,52,1
4353,125,13,32,2
4354,125,14,37,2
4355,125,15,39,1
4356,125,16,100,3
4357,125,17,91,4
4358,125,18,53,2
4359,125,19,58,1
4360,125,20,36,0
4361,125,21,53,2
4362,125,22,30,1
4363,125,23,141,7
4364,125,24,53,2
4365,125,25,65,3
4366,125,26,44,0
4367,125,27,42,2
4368,125,28,55,1
4369,125,29,70,1
4370,125,30,61,2
4371,125,31,130,5
4372,125,32,90,5
4373,125,33,79,4
4374,125,34,74,4
4375,125,35,75,1
4376,126,1,31,1
4377,126,2,38,2
4378,126,3,53,2
4379,126,4,38,2
4380,126,5,28,1
4381,126,6,22,1
4382,126,7,60,4
4383,126,8,36,1
4384,126,9,58,2
4385,126,10,32,0
4386,126,11,64,1
4387,126,12,65,3
4388,126,13,33,2
4389,126,14,14,0
4390,126,15,43,1
4391,126,16,41,2
4392,126,17,42,1
4393,126,18,64,3
4394,126,19,46,2
4395,126,20,131,6
4396,126,21,23,1
4397,126,22,47,2
4398,126,23,66,1
4399,126,24,73,2
4400,126,25,75,4
4401,126,26,61,3
4402,126,27,46,1
4403,126,28,60,3
4404,126,29,50,1
4405,126,30,96,2
4406,126,31,81,2
4407,126,32,66,2
4408,126,33,28,1
4409,126,34,79,3
4410,126,35,49,1
4411,127,1,48,1
4412,127,2,37,1
4413,127,3,22,0
4414,127,4,50,1
4415,127,5,33,1
4416,127,6,53,2
4417,127,7,22,1
4418,127,8,25,1
4419,127,9,44,1
4420,127,10,37,1
4421,127,11,44,1
4422,127,12,63,3
4423,127,13,40,2
4424,127,14,48,2
4425,127,15,19,1
4426,127,16,34,2
4427,127,17,42,1
4428,127,18,22,1
4429,127,19,36,1
4430,127,20,43,2
4431,127,21,23,1
4432,127,22,25,1
4433,127,23,16,1
4434,127,24,26,1
4435,127,25,80,4
4436,127,26,38,0
4437,127,27,29,1
4438,127,28,29,1
4439,127,29,44,1
4440,127,30,52,3
4441,127,31,47,3
4442,127,32,42,2
4443,127,33,24,1
4444,127,34,75,1
4445,127,35,44,2
4446,128,1,72,3
4447,128,2,39,2
4448,128,3,69,3
4449,128,4,107,4
4450,128,5,118,2
4451,128,6,66,1
4452,128,7,64,3
4453,128,8,115,4
4454,128,9,59,3
4455,128,10,22,0
4456,128,11,61,2
4457,128,12,44,1
4458,128,13,45,3
4459,128,14,32,1
4460,128,15,23,1
4461,128,16,35,1
4462,128,17,28,1
4463,128,18,93,3
4464,128,19,35,1
4465,128,20,34,2
4466,128,21,68,4
4467,128,22,46,1
4468,128,23,56,1
4469,128,24,37,1
4470,128,25,31,2
4471,128,26,26,1
4472,128,27,72,3
4473,128,28,39,2
4474,128,29,46,1
4475,128,30,80,2
4476,128,31,61,1
4477,128,32,85,2
4478,128,33,27,1
4479,128,34,21,0
4480,128,35,73,4
4481,129,1,56,2
4482,129,2,112,3
4483,129,3,101,5
4484,129,4,106,2
4485,129,5,68,3
4486,129,6,101,1
4487,129,7,79,4
4488,129,8,57,1
4489,129,9,102,2
4490,129,10,111,6
4491,129,11,74,3
4492,129,12,101,6
4493,129,13,60,1
4494,129,14,42,1
4495,129,15,89,4
4496,129,16,77,3
4497,129,17,68,2
4498,129,18,66,2
4499,129,19,46,1
4500,129,20,29,1
4501,129,21,109,2
4502,129,22,46,1
4503,129,23,109,1
4504,129,24,37,1
4505,129,25,96,2
4506,129,26,94,6
4507,129,27,171,2
4508,129,28,51,2
4509,129,29,31,1
4510,129,30,51,2
4511,129,31,95,6
4512,129,32,95,5
4513,129,33,72,1
4514,129,34,102,4
4515,129,35,89,3
4516,130,1,37,2
4517,130,2,56,3
4518,130,3,88,3
4519,130,4,29,2
4520,130,5,136,5
4521,130,6,52,2
4522,130,7,37,1
4523,130,8,127,4
4524,130,9,77,4
4525,130,10,77,1
4526,130,11,55,2
4527,130,12,35,1
4528,130,13,3,0
4529,130,14,47,1
4530,130,15,45,2
4531,130,16,24,1
4532,130,17,55,1
4533,130,18,79,2
4534,130,19,45,1
4535,130,20,122,5
4536,130,21,21,0
4537,130,22,52,3
4538,130,23,102,2
4539,130,24,72,3
4540,130,25,41,1
4541,130,26,42,2
4542,130,27,122,2
4543,130,28,53,2
4544,130,29,72,1
4545,130,30,107,6
4546,130,31,40,1
4547,130,32,45,1
4548,130,33,64,4
4549,130,34,49,1
4550,130,35,88,5
4551,131,1,31,2
4552,131,2,51,1
4553,131,3,37,1
4554,131,4,36,0
4555,131,5,35,2
4556,131,6,55,2
4557,131,7,39,1
4558,131,8,51,2
4559,131,9,38,1
4560,131,10,27,1
4561,131,11,60,2
4562,131,12,111,6
4563,131,13,18,1
4564,131,14,51,1
4565,131,15,72,4
4566,131,16,23,1
4567,131,17,28,0
4568,131,18,99,2
4569,131,19,40,2
4570,131,20,27,1
4571,131,21,77,5
4572,131,22,38,1
4573,131,23,53,2
4574,131,24,54,1
4575,131,25,50,1
4576,131,26,41,0
4577,131,27,50,1
4578,131,28,34,2
4579,131,29,25,1
4580,131,30,12,1
4581,131,31,53,2
4582,131,32,119,3
4583,131,33,46,2
4584,131,34,104,3
4585,131,35,35,1
4586,132,1,61,1
4587,132,2,57,1
4588,132,3,91,2
4589,132,4,83,1
4590,132,5,43,1
4591,132,6,65,2
4592,132,7,36,1
4593,132,8,143,8
4594,132,9,54,3
4595,132,10,92,3
4596,132,11,85,3
4597,132,12,53,1
4598,132,13,38,2
4599,132,14,50,2
4600,132,15,59,3
4601,132,16,53,3
4602,132,17,22,1
4603,132,18,30,1
4604,132,19,86,1
4605,132,20,53,2
4606,132,21,42,1
4607,132,22,47,2
4608,132,23,104,2
4609,132,24,38,1
4610,132,25,49,2
4611,132,26,86,5
4612,132,27,50,1
4613,132,28,90,4
4614,132,29,57,3
4615,132,30,61,2
4616,132,31,72,4
4617,132,32,67,3
4618,132,33,109,5
4619,132,34,117,3
4620,132,35,83,1
4621,133,1,177,3
4622,133,2,75,3
4623,133,3,111,7
4624,133,4,152,6
4625,133,5,125,4
4626,133,6,140,8
4627,133,7,175,9
4628,133,8,36,1
4629,133,9,114,1
4630,133,10,41,2
4631,133,11,82,2
4632,133,12,84,4
4633,133,13,122,2
4634,133,14,83,1
4635,133,15,70,4
4636,133,16,72,1
4637,133,17,52,3
4638,133,18,45,3
4639,133,19,38,1
4640,133,20,88,3
4641,133,21,90,1
4642,133,22,92,2
4643,133,23,126,7
4644,133,24,45,3
4645,133,25,56,2
4646,133,26,56,1
4647,133,27,45,3
4648,133,28,68,4
4649,133,29,73,3
4650,133,30,85,1
4651,133,31,78,5
4652,133,32,56,3
4653,133,33,81,5
4654,133,34,116,6
4655,133,35,84,5
4656,134,1,66,4
4657,134,2,31,1
4658,134,3,96,3
4659,134,4,49,3
4660,134,5,31,1
4661,134,6,25,0
4662,134,7,85,2
4663,134,8,43,1
4664,134,9,58,1
4665,134,10,124,7
4666,134,11,98,1
4667,134,12,50,1
4668,134,13,42,1
4669,134,14,32,1
4670,134,15,42,2
4671,134,16,75,2
4672,134,17,49,1
4673,134,18,16,0
4674,134,19,37,1
4675,134,20,47,2
4676,134,21,68,2
4677,134,22,95,4
4678,134,23,45,3
4679,134,24,37,2
4680,134,25,99,5
4681,134,26,63,1
4682,134,27,74,2
4683,134,28,63,3
4684,134,29,47,2
4685,134,30,77,4
4686,134,31,55,1
4687,134,32,70,2
4688,134,33,30,0
4689,134,34,74,4
4690,134,35,35,1
4691,135,1,34,2
4692,135,2,41,1
4693,135,3,39,2
4694,135,4,20,1
4695,135,5,61,2
4696,135,6,39,2
4697,135,7,22,1
4698,135,8,20,0
4699,135,9,57,3
4700,135,10,41,2
4701,135,11,43,2
4702,135,12,33,1
4703,135,13,73,3
4704,135,14,26,1
4705,135,15,34,1
4706,135,16,19,0
4707,135,17,19,1
4708,135,18,30,2
4709,135,19,36,1
4710,135,20,19,0
4711,135,21,39,2
4712,135,22,40,1
4713,135,23,60,2
4714,135,24,44,1
4715,135,25,19,1
4716,135,26,41,2
4717,135,27,19,0
4718,135,28,28,1
4719,135,29,48,2
4720,135,30,11,0
4721,135,31,20,1
4722,135,32,55,1
4723,135,33,23,1
4724,135,34,84,2
4725,135,35,60,2
4726,136,1,32,2
4727,136,2,117,5
4728,136,3,77,2
4729,136,4,42,2
4730,136,5,82,3
4731,136,6,95,5
4732,136,7,65,4
4733,136,8,81,4
4734,136,9,117,4
4735,136,10,106,3
4736,136,11,77,4
4737,136,12,92,3
4738,136,13,47,1
4739,136,14,95,5
4740,136,15,46,1
4741,136,16,144,7
4742,136,17,127,4
4743,136,18,34,1
4744,136,19,63,3
4745,136,20,82,2
4746,136,21,52,3
4747,136,22,62,1
4748,136,23,44,3
4749,136,24,81,2
4750,136,25,36,1
4751,136,26,38,1
4752,136,27,44,3
4753,136,28,109,4
4754,136,29,44,0
4755,136,30,140,2
4756,136,31,39,2
4757,136,32,55,2
4758,136,33,70,3
4759,136,34,84,2
4760,136,35,31,2
4761,137,1,56,2
4762,137,2,13,1
4763,137,3,87,2
4764,137,4,19,1
4765,137,5,20,0
4766,137,6,38,2
4767,137,7,44,2
4768,137,8,55,2
4769,137,9,41,2
4770,137,10,27,1
4771,137,11,30,1
4772,137,12,67,2
4773,137,13,62,3
4774,137,14,76,2
4775,137,15,25,1
4776,137,16,42,1
4777,137,17,22,1
4778,137,18,33,2
4779,137,19,38,2
4780,137,20,30,2
4781,137,21,55,2
4782,137,22,31,1
4783,137,23,42,1
4784,137,24,32,1
4785,137,25,22,1
4786,137,26,47,3
4787,137,27,64,2
4788,137,28,44,1
4789,137,29,24,1
4790,137,30,19,1
4791,137,31,35,2
4792,137,32,66,3
4793,137,33,37,1
4794,137,34,41,1
4795,137,35,33,2
4796,138,1,12,0
4797,138,2,24,1
4798,138,3,64,3
4799,138,4,52,2
4800,138,5,43,2
4801,138,6,40,1
4802,138,7,30,1
4803,138,8,24,0
4804,138,9,37,0
4805,138,10,20,1
4806,138,11,41,1
4807,138,12,35,1
4808,138,13,42,2
4809,138,14,27,2
4810,138,15,31,1
4811,138,16,28,2
4812,138,17,18,1
4813,138,18,25,0
4814,138,19,15,1
4815,138,20,16,0
4816,138,21,27,1
4817,138,22,34,1
4818,138,23,57,2
4819,138,24,35,2
4820,138,25,16,1
4821,138,26,22,0
4822,138,27,56,2
4823,138,28,12,1
4824,138,29,25,1
4825,138,30,32,1
4826,138,31,4,0
4827,138,32,35,1
4828,138,33,29,1
4829,138,34,28,1
4830,138,35,76,4
4831,139,1,20,1
4832,139,2,28,2
4833,139,3,31,1
4834,139,4,28,1
4835,139,5,26,1
4836,139,6,19,1
4837,139,7,8,0
4838,139,8,18,0
4839,139,9,17,1
4840,139,10,22,1
4841,139,11,23,1
4842,139,12,28,0
4843,139,13,16,1
4844,139,14,30,0
4845,139,15,42,2
4846,139,16,42,1
4847,139,17,19,1
4848,139,18,23,1
4849,139,19,11,0
4850,139,20,31,0
4851,139,21,18,1
4852,139,22,35,2
4853,139,23,25,1
4854,139,24,25,0
4855,139,25,24,0
4856,139,26,18,1
4857,139,27,26,1
4858,139,28,4,0
4859,139,29,16,0
4860,139,30,17,1
4861,139,31,24,0
4862,139,32,20,0
4863,139,33,11,0
4864,139,34,36,2
4865,139,35,38,1
4866,140,1,61,2
4867,140,2,47,2
4868,140,3,54,3
4869,140,4,21,1
4870,140,5,41,2
4871,140,6,24,1
4872,140,7,29,1
4873,140,8,39,1
4874,140,9,22,1
4875,140,10,14,0
4876,140,11,31,1
4877,140,12,29,1
4878,140,13,27,2
4879,140,14,28,1
4880,140,15,13,0
4881,140,16,46,1
4882,140,17,28,0
4883,140,18,28,1
4884,140,19,52,1
4885,140,20,28,1
4886,140,21,53,3
4887,140,22,47,2
4888,140,23,19,1
4889,140,24,41,1
4890,140,25,20,1
4891,140,26,16,0
4892,140,27,39,1
4893,140,28,4,0
4894,140,29,34,1
4895,140,30,50,1
4896,140,31,41,2
4897,140,32,41,2
4898,140,33,37,1
4899,140,34,20,0
4900,140,35,30,2
4901,141,1,27,1
4902,141,2,46,1
4903,141,3,30,2
4904,141,4,49,3
4905,141,5,25,1
4906,141,6,43,1
4907,141,7,63,2
4908,141,8,33,0
4909,141,9,61,1
4910,141,10,27,1
4911,141,11,32,1
4912,141,12,35,2
4913,141,13,55,3
4914,141,14,54,2
4915,141,15,32,1
4916,141,16,40,2
4917,141,17,53,1
4918,141,18,35,1
4919,141,19,26,0
4920,141,20,22,0
4921,141,21,34,1
4922,141,22,33,1
4923,141,23,97,4
4924,141,24,28,0
4925,141,25,40,2
4926,141,26,36,1
4927,141,27,32,0
4928,141,28,60,3
4929,141,29,21,1
4930,141,30,26,1
4931,141,31,79,2
4932,141,32,55,0
4933,141,33,33,1
4934,141,34,41,1
4935,141,35,27,1
4936,142,1,36,2
4937,142,2,7,0
4938,142,3,16,0
4939,142,4,18,1
4940,142,5,36,2
4941,142,6,22,1
4942,142,7,24,1
4943,142,8,21,0
4944,142,9,74,1
4945,142,10,21,1
4946,142,11,20,1
4947,142,12,32,1
4948,142,13,17,1
4949,142,14,75,3
4950,142,15,71,4
4951,142,16,31,1
4952,142,17,40,1
4953,142,18,18,1
4954,142,19,18,0
4955,142,20,8,0
4956,142,21,29,1
4957,142,22,37,2
4958,142,23,26,1
4959,142,24,23,1
4960,142,25,40,2
4961,142,26,21,0
4962,142,27,44,2
4963,142,28,25,1
4964,142,29,16,0
4965,142,30,16,0
4966,142,31,14,0
4967,142,32,31,0
4968,142,33,29,1
4969,142,34,32,1
4970,142,35,29,1
4971,143,1,9,0
4972,143,2,26,1
4973,143,3,17,1
4974,143,4,10,0
4975,143,5,6,0
4976,143,6,30,2
4977,143,7,30,1
4978,143,8,34,1
4979,143,9,9,1
4980,143,10,34,1
4981,143,11,33,2
4982,143,12,37,1
4983,143,13,23,1
4984,143,14,14,1
4985,143,15,14,0
4986,143,16,47,1
4987,143,17,27,1
4988,143,18,5,0
4989,143,19,18,0
4990,143,20,19,1
4991,143,21,22,1
4992,143,22,12,0
4993,143,23,40,1
4994,143,24,15,1
4995,143,25,46,2
4996,143,26,32,0
4997,143,27,44,3
4998,143,28,33,2
4999,143,29,15,1
5000,143,30,22,0
5001,143,31,30,1
5002,143,32,39,1
5003,143,33,15,1
5004,143,34,30,1
5005,143,35,27,1
5006,144,1,39,2
5007,144,2,22,0
5008,144,3,51,3
5009,144,4,36,1
5010,144,5,33,2
5011,144,6,9,0
5012,144,7,33,0
5013,144,8,39,2
5014,144,9,17,0
5015,144,10,39,0
5016,144,11,21,1
5017,144,12,38,1
5018,144,13,22,1
5019,144,14,37,1
5020,144,15,22,0
5021,144,16,30,1
5022,144,17,30,1
5023,144,18,44,2
5024,144,19,25,0
5025,144,20,39,1
5026,144,21,23,1
5027,144,22,56,2
5028,144,23,36,0
5029,144,24,31,1
5030,144,25,28,2
5031,144,26,20,0
5032,144,27,16,0
5033,144,28,32,1
5034,144,29,14,0
5035,144,30,36,2
5036,144,31,12,1
5037,144,32,34,0
5038,144,33,31,1
5039,144,34,26,1
5040,144,35,54,2
5041,145,1,47,1
5042,145,2,43,2
5043,145,3,25,1
5044,145,4,74,2
5045,145,5,24,1
5046,145,6,36,2
5047,145,7,61,1
5048,145,8,13,0
5049,145,9,30,1
5050,145,10,60,4
5051,145,11,58,1
5052,145,12,24,1
5053,145,13,32,1
5054,145,14,71,2
5055,145,15,44,1
5056,145,16,23,1
5057,145,17,36,1
5058,145,18,30,1
5059,145,19,38,1
5060,145,20,19,1
5061,145,21,60,2
5062,145,22,27,1
5063,145,23,29,1
5064,145,24,13,0
5065,145,25,43,2
5066,145,26,18,0
5067,145,27,45,2
5068,145,28,44,2
5069,145,29,80,4
5070,145,30,30,1
5071,145,31,20,1
5072,145,32,43,2
5073,145,33,79,2
5074,145,34,57,1
5075,145,35,45,1
5076,146,1,20,1
5077,146,2,37,0
5078,146,3,45,0
5079,146,4,30,1
5080,146,5,35,0
5081,146,6,28,1
5082,146,7,40,1
5083,146,8,31,1
5084,146,9,41,1
5085,146,10,85,4
5086,146,11,50,2
5087,146,12,12,1
5088,146,13,33,0
5089,146,14,88,3
5090,146,15,33,2
5091,146,16,27,1
5092,146,17,9,0
5093,146,18,26,1
5094,146,19,65,2
5095,146,20,29,1
5096,146,21,20,1
5097,146,22,52,1
5098,146,23,29,1
5099,146,24,19,1
5100,146,25,49,1
5101,146,26,50,3
5102,146,27,22,1
5103,146,28,51,2
5104,146,29,41,1
5105,146,30,31,1
5106,146,31,43,1
5107,146,32,25,1
5108,146,33,25,1
5109,146,34,11,0
5110,146,35,22,1
5111,147,1,13,1
5112,147,2,9,1
5113,147,3,14,1
5114,147,4,49,1
5115,147,5,39,2
5116,147,6,14,1
5117,147,7,30,1
5118,147,8,37,1
5119,147,9,54,2
5120,147,10,40,1
5121,147,11,58,3
5122,147,12,16,1
5123,147,13,22,1
5124,147,14,22,1
5125,147,15,51,3
5126,147,16,26,1
5127,147,17,46,2
5128,147,18,49,2
5129,147,19,33,1
5130,147,20,18,0
5131,147,21,39,1
5132,147,22,43,2
5133,147,23,33,2
5134,147,24,7,0
5135,147,25,47,3
5136,147,26,17,1
5137,147,27,24,1
5138,147,28,21,1
5139,147,29,19,1
5140,147,30,29,1
5141,147,31,26,2
5142,147,32,13,1
5143,147,33,20,1
5144,147,34,37,1
5145,147,35,33,1
5146,148,1,16,0
5147,148,2,17,0
5148,148,3,35,2
5149,148,4,10,0
5150,148,5,33,1
5151,148,6,37,1
5152,148,7,34,2
5153,148,8,22,0
5154,148,9,29,1
5155,148,10,38,2
5156,148,11,41,2
5157,148,12,62,1
5158,148,13,33,2
5159,148,14,24,1
5160,148,15,43,1
5161,148,16,51,0
5162,148,17,6,0
5163,148,18,34,1
5164,148,19,25,1
5165,148,20,9,0
5166,148,21,9,0
5167,148,22,37,1
5168,148,23,50,2
5169,148,24,20,1
5170,148,25,20,1
5171,148,26,16,1
5172,148,27,44,1
5173,148,28,14,1
5174,148,29,85,3
5175,148,30,37,2
5176,148,31,31,1
5177,148,32,46,2
5178,148,33,26,1
5179,148,34,23,1
5180,148,35,66,2
5181,149,1,77,4
5182,149,2,93,5
5183,149,3,80,1
5184,149,4,44,1
5185,149,5,41,2
5186,149,6,44,1
5187,149,7,71,1
5188,149,8,58,2
5189,149,9,32,1
5190,149,10,18,1
5191,149,11,30,1
5192,149,12,33,0
5193,149,13,47,1
5194,149,14,38,2
5195,149,15,20,1
5196,149,16,43,2
5197,149,17,50,1
5198,149,18,33,0
5199,149,19,17,1
5200,149,20,25,1
5201,149,21,72,1
5202,149,22,30,1
5203,149,23,41,1
5204,149,24,71,3
5205,149,25,11,0
5206,149,26,63,1
5207,149,27,49,1
5208,149,28,46,1
5209,149,29,96,3
5210,149,30,38,1
5211,149,31,51,2
5212,149,32,44,1
5213,149,33,56,3
5214,149,34,60,1
5215,149,35,35,1
5216,150,1,38,2
5217,150,2,17,0
5218,150,3,24,1
5219,150,4,32,2
5220,150,5,28,1
5221,150,6,37,2
5222,150,7,33,1
5223,150,8,18,1
5224,150,9,34,1
5225,150,10,15,0
5226,150,11,27,2
5227,150,12,21,1
5228,150,13,28,1
5229,150,14,49,1
5230,150,15,45,2
5231,150,16,49,3
5232,150,17,19,1
5233,150,18,32,1
5234,150,19,16,0
5235,150,20,24,0
5236,150,21,24,0
5237,150,22,25,0
5238,150,23,22,1
5239,150,24,50,2
5240,150,25,37,2
5241,150,26,12,0
5242,150,27,29,1
5243,150,28,25,0
5244,150,29,47,1
5245,150,30,62,2
5246,150,31,23,1
5247,150,32,41,1
5248,150,33,41,1
5249,150,34,57,1
5250,150,35,67,2
5251,151,1,14,1
5252,151,2,21,1
5253,151,3,24,1
5254,151,4,44,0
5255,151,5,33,1
5256,151,6,20,1
5257,151,7,30,0
5258,151,8,20,0
5259,151,9,26,1
5260,151,10,28,1
5261,151,11,48,3
5262,151,12,27,1
5263,151,13,19,1
5264,151,14,42,2
5265,151,15,17,1
5266,151,16,36,1
5267,151,17,20,1
5268,151,18,15,1
5269,151,19,24,1
5270,151,20,35,0
5271,151,21,35,0
5272,151,22,35,1
5273,151,23,26,1
5274,151,24,35,1
5275,151,25,41,2
5276,151,26,21,0
5277,151,27,29,2
5278,151,28,41,2
5279,151,29,33,0
5280,151,30,27,1
5281,151,31,42,1
5282,151,32,24,1
5283,151,33,13,0
5284,151,34,16,0
5285,151,35,77,2
5286,152,1,31,0
5287,152,2,29,1
5288,152,3,35,1
5289,152,4,37,2
5290,152,5,56,2
5291,152,6,49,1
5292,152,7,54,1
5293,152,8,45,3
5294,152,9,73,3
5295,152,10,45,1
5296,152,11,75,2
5297,152,12,27,1
5298,152,13,47,2
5299,152,14,32,1
5300,152,15,98,5
5301,152,16,29,1
5302,152,17,52,2
5303,152,18,35,2
5304,152,19,43,1
5305,152,20,51,2
5306,152,21,43,2
5307,152,22,19,1
5308,152,23,23,1
5309,152,24,25,1
5310,152,25,53,3
5311,152,26,32,1
5312,152,27,38,2
5313,152,28,34,2
5314,152,29,40,2
5315,152,30,57,2
5316,152,31,41,2
5317,152,32,30,2
5318,152,33,5,0
5319,152,34,37,1
5320,152,35,28,1
5321,153,1,130,5
5322,153,2,59,2
5323,153,3,49,1
5324,153,4,52,3
5325,153,5,109,4
5326,153,6,56,1
5327,153,7,73,4
5328,153,8,53,2
5329,153,9,34,1
5330,153,10,126,3
5331,153,11,101,4
5332,153,12,99,4
5333,153,13,85,4
5334,153,14,107,6
5335,153,15,64,1
5336,153,16,49,2
5337,153,17,65,4
5338,153,18,41,2
5339,153,19,15,0
5340,153,20,66,1
5341,153,21,34,1
5342,153,22,82,2
5343,153,23,43,2
5344,153,24,33,2
5345,153,25,46,2
5346,153,26,99,6
5347,153,27,63,3
5348,153,28,45,2
5349,153,29,55,3
5350,153,30,111,6
5351,153,31,45,1
5352,153,32,42,1
5353,153,33,80,1
5354,153,34,38,2
5355,153,35,119,6
5356,154,1,57,3
5357,154,2,91,4
5358,154,3,54,0
5359,154,4,39,2
5360,154,5,15,0
5361,154,6,46,1
5362,154,7,79,1
5363,154,8,42,2
5364,154,9,56,3
5365,154,10,61,3
5366,154,11,83,3
5367,154,12,45,1
5368,154,13,26,1
5369,154,14,78,3
5370,154,15,31,1
5371,154,16,43,1
5372,154,17,43,2
5373,154,18,18,1
5374,154,19,54,1
5375,154,20,34,2
5376,154,21,41,1
5377,154,22,44,1
5378,154,23,39,2
5379,154,24,21,1
5380,154,25,32,1
5381,154,26,69,4
5382,154,27,32,2
5383,154,28,35,1
5384,154,29,26,1
5385,154,30,69,1
5386,154,31,45,1
5387,154,32,77,3
5388,154,33,41,2
5389,154,34,71,1
5390,154,35,62,1
5391,155,1,60,3
5392,155,2,55,1
5393,155,3,31,0
5394,155,4,41,0
5395,155,5,18,0
5396,155,6,59,4
5397,155,7,50,2
5398,155,8,13,1
5399,155,9,20,1
5400,155,10,32,1
5401,155,11,44,1
5402,155,12,29,1
5403,155,13,64,1
5404,155,14,23,1
5405,155,15,53,3
5406,155,16,28,1
5407,155,17,49,1
5408,155,18,73,2
5409,155,19,24,0
5410,155,20,18,0
5411,155,21,21,1
5412,155,22,19,1
5413,155,23,18,0
5414,155,24,29,1
5415,155,25,40,1
5416,155,26,37,0
5417,155,27,23,1
5418,155,28,27,1
5419,155,29,4,0
5420,155,30,46,3
5421,155,31,26,1
5422,155,32,21,1
5423,155,33,75,4
5424,155,34,21,0
5425,155,35,10,0
5426,156,1,39,2
5427,156,2,73,2
5428,156,3,47,2
5429,156,4,27,1
5430,156,5,18,1
5431,156,6,60,3
5432,156,7,44,2
5433,156,8,27,1
5434,156,9,36,2
5435,156,10,56,1
5436,156,11,102,4
5437,156,12,41,2
5438,156,13,48,3
5439,156,14,59,2
5440,156,15,48,2
5441,156,16,68,1
5442,156,17,52,2
5443,156,18,52,2
5444,156,19,37,1
5445,156,20,20,0
5446,156,21,44,1
5447,156,22,60,3
5448,156,23,44,1
5449,156,24,41,1
5450,156,25,50,2
5451,156,26,47,1
5452,156,27,38,2
5453,156,28,76,3
5454,156,29,16,1
5455,156,30,66,1
5456,156,31,49,1
5457,156,32,35,2
5458,156,33,33,1
5459,156,34,45,1
5460,156,35,39,1
5461,157,1,105,3
5462,157,2,82,3
5463,157,3,98,2
5464,157,4,159,8
5465,157,5,126,6
5466,157,6,64,2
5467,157,7,27,1
5468,157,8,97,5
5469,157,9,52,3
5470,157,10,98,4
5471,157,11,99,3
5472,157,12,89,1
5473,157,13,76,1
5474,157,14,37,1
5475,157,15,33,1
5476,157,16,76,2
5477,157,17,87,1
5478,157,18,60,3
5479,157,19,110,3
5480,157,20,73,4
5481,157,21,121,6
5482,157,22,51,3
5483,157,23,94,2
5484,157,24,56,3
5485,157,25,78,1
5486,157,26,51,1
5487,157,27,82,3
5488,157,28,88,1
5489,157,29,115,4
5490,157,30,42,2
5491,157,31,122,6
5492,157,32,129,0
5493,157,33,55,2
5494,157,34,105,0
5495,157,35,104,1
5496,158,1,57,1
5497,158,2,23,1
5498,158,3,43,0
5499,158,4,39,1
5500,158,5,90,2
5501,158,6,67,3
5502,158,7,81,2
5503,158,8,56,1
5504,158,9,77,3
5505,158,10,65,1
5506,158,11,30,1
5507,158,12,41,2
5508,158,13,48,2
5509,158,14,123,5
5510,158,15,31,0
5511,158,16,49,2
5512,158,17,126,7
5513,158,18,60,3
5514,158,19,69,2
5515,158,20,81,3
5516,158,21,71,2
5517,158,22,84,2
5518,158,23,58,2
5519,158,24,47,2
5520,158,25,36,2
5521,158,26,62,4
5522,158,27,37,2
5523,158,28,24,1
5524,158,29,56,2
5525,158,30,75,4
5526,158,31,64,1
5527,158,32,89,5
5528,158,33,39,2
5529,158,34,95,4
5530,158,35,57,1
5531,159,1,55,2
5532,159,2,43,3
5533,159,3,13,1
5534,159,4,82,0
5535,159,5,34,1
5536,159,6,37,1
5537,159,7,17,0
5538,159,8,32,0
5539,159,9,73,3
5540,159,10,33,1
5541,159,11,18,1
5542,159,12,33,1
5543,159,13,31,0
5544,159,14,51,2
5545,159,15,26,0
5546,159,16,26,1
5547,159,17,36,0
5548,159,18,63,1
5549,159,19,42,1
5550,159,20,29,0
5551,159,21,69,2
5552,159,22,24,1
5553,159,23,45,1
5554,159,24,68,1
5555,159,25,34,1
5556,159,26,16,1
5557,159,27,34,1
5558,159,28,50,2
5559,159,29,28,2
5560,159,30,40,1
5561,159,31,55,2
5562,159,32,43,3
5563,159,33,81,3
5564,159,34,23,1
5565,159,35,31,1
5566,160,1,78,2
5567,160,2,79,4
5568,160,3,95,5
5569,160,4,59,1
5570,160,5,88,3
5571,160,6,23,0
5572,160,7,72,4
5573,160,8,58,3
5574,160,9,62,3
5575,160,10,61,1
5576,160,11,45,2
5577,160,12,37,2
5578,160,13,40,1
5579,160,14,43,3
5580,160,15,48,3
5581,160,16,65,1
5582,160,17,59,2
5583,160,18,115,4
5584,160,19,55,2
5585,160,20,45,3
5586,160,21,49,1
5587,160,22,53,2
5588,160,23,49,2
5589,160,24,47,1
5590,160,25,62,2
5591,160,26,63,2
5592,160,27,67,2
5593,160,28,63,3
5594,160,29,37,2
5595,160,30,67,3
5596,160,31,105,5
5597,160,32,78,4
5598,160,33,55,1
5599,160,34,116,5
5600,160,35,38,1
5601,161,1,60,3
5602,161,2,68,1
5603,161,3,65,2
5604,161,4,95,5
5605,161,5,125,3
5606,161,6,72,2
5607,161,7,54,1
5608,161,8,99,2
5609,161,9,31,1
5610,161,10,27,1
5611,161,11,86,3
5612,161,12,54,3
5613,161,13,57,2
5614,161,14,175,8
5615,161,15,76,2
5616,161,16,44,1
5617,161,17,51,2
5618,161,18,84,3
5619,161,19,59,2
5620,161,20,38,1
5621,161,21,86,5
5622,161,22,63,4
5623,161,23,77,2
5624,161,24,73,1
5625,161,25,99,3
5626,161,26,27,1
5627,161,27,96,4
5628,161,28,57,2
5629,161,29,166,8
5630,161,30,112,3
5631,161,31,60,2
5632,161,32,71,2
5633,161,33,72,1
5634,161,34,31,2
5635,161,35,99,2
5636,162,1,148,4
5637,162,2,65,3
5638,162,3,59,0
5639,162,4,40,2
5640,162,5,70,2
5641,162,6,96,5
5642,162,7,69,1
5643,162,8,52,1
5644,162,9,65,3
5645,162,10,31,1
5646,162,11,30,0
5647,162,12,49,2
5648,162,13,43,1
5649,162,14,88,4
5650,162,15,42,2
5651,162,16,53,3
5652,162,17,45,1
5653,162,18,97,3
5654,162,19,26,0
5655,162,20,14,0
5656,162,21,55,1
5657,162,22,23,0
5658,162,23,59,1
5659,162,24,66,2
5660,162,25,96,4
5661,162,26,38,1
5662,162,27,56,1
5663,162,28,72,4
5664,162,29,34,1
5665,162,30,112,3
5666,162,31,68,2
5667,162,32,43,0
5668,162,33,78,4
5669,162,34,26,1
5670,162,35,24,1
5671,163,1,25,1
5672,163,2,66,3
5673,163,3,32,0
5674,163,4,35,0
5675,163,5,48,1
5676,163,6,24,0
5677,163,7,28,1
5678,163,8,67,2
5679,163,9,28,1
5680,163,10,41,1
5681,163,11,11,0
5682,163,12,20,0
5683,163,13,33,2
5684,163,14,40,1
5685,163,15,52,1
5686,163,16,37,0
5687,163,17,21,1
5688,163,18,22,0
5689,163,19,21,0
5690,163,20,43,1
5691,163,21,27,1
5692,163,22,48,2
5693,163,23,88,2
5694,163,24,36,2
5695,163,25,42,2
5696,163,26,20,1
5697,163,27,51,1
5698,163,28,76,2
5699,163,29,50,2
5700,163,30,34,1
5701,163,31,59,3
5702,163,32,77,1
5703,163,33,24,0
5704,163,34,70,2
5705,163,35,40,1
5706,164,1,88,1
5707,164,2,174,3
5708,164,3,29,2
5709,164,4,70,4
5710,164,5,126,3
5711,164,6,72,2
5712,164,7,65,1
5713,164,8,51,1
5714,164,9,41,1
5715,164,10,45,2
5716,164,11,74,3
5717,164,12,48,2
5718,164,13,54,2
5719,164,14,28,1
5720,164,15,71,3
5721,164,16,79,0
5722,164,17,57,3
5723,164,18,31,2
5724,164,19,72,1
5725,164,20,84,1
5726,164,21,48,3
5727,164,22,32,1
5728,164,23,41,1
5729,164,24,58,2
5730,164,25,53,1
5731,164,26,67,1
5732,164,27,159,5
5733,164,28,108,1
5734,164,29,76,4
5735,164,30,47,3
5736,164,31,85,3
5737,164,32,50,2
5738,164,33,58,1
5739,164,34,33,1
5740,164,35,91,1
5741,165,1,17,1
5742,165,2,37,0
5743,165,3,39,2
5744,165,4,37,1
5745,165,5,23,1
5746,165,6,16,0
5747,165,7,70,2
5748,165,8,39,1
5749,165,9,32,1
5750,165,10,33,1
5751,165,11,80,4
5752,165,12,20,1
5753,165,13,24,1
5754,165,14,23,0
5755,165,15,46,1
5756,165,16,48,1
5757,165,17,39,0
5758,165,18,75,3
5759,165,19,65,1
5760,165,20,23,1
5761,165,21,62,1
5762,165,22,67,4
5763,165,23,42,1
5764,165,24,38,1
5765,165,25,16,1
5766,165,26,34,2
5767,165,27,17,0
5768,165,28,16,1
5769,165,29,48,2
5770,165,30,21,1
5771,165,31,40,2
5772,165,32,24,0
5773,165,33,26,1
5774,165,34,29,1
5775,165,35,28,1
5776,166,1,40,1
5777,166,2,23,1
5778,166,3,17,0
5779,166,4,20,1
5780,166,5,27,1
5781,166,6,24,0
5782,166,7,74,1
5783,166,8,21,1
5784,166,9,32,1
5785,166,10,24,1
5786,166,11,43,2
5787,166,12,56,3
5788,166,13,34,1
5789,166,14,30,1
5790,166,15,30,1
5791,166,16,31,1
5792,166,17,50,1
5793,166,18,13,0
5794,166,19,71,2
5795,166,20,12,0
5796,166,21,24,1
5797,166,22,17,1
5798,166,23,30,1
5799,166,24,34,2
5800,166,25,24,1
5801,166,26,10,0
5802,166,27,26,0
5803,166,28,25,1
5804,166,29,26,1
5805,166,30,30,1
5806,166,31,18,1
5807,166,32,11,0
5808,166,33,32,0
5809,166,34,27,1
5810,166,35,33,0
5811,167,1,33,0
5812,167,2,10,0
5813,167,3,38,2
5814,167,4,15,1
5815,167,5,7,0
5816,167,6,15,1
5817,167,7,31,1
5818,167,8,20,1
5819,167,9,29,1
5820,167,10,27,1
5821,167,11,11,0
5822,167,12,52,2
5823,167,13,33,1
5824,167,14,47,2
5825,167,15,10,1
5826,167,16,38,1
5827,167,17,14,0
5828,167,18,27,1
5829,167,19,26,1
5830,167,20,43,1
5831,167,21,27,1
5832,167,22,18,0
5833,167,23,24,1
5834,167,24,23,1
5835,167,25,43,2
5836,167,26,16,1
5837,167,27,16,1
5838,167,28,21,1
5839,167,29,31,1
5840,167,30,35,2
5841,167,31,44,1
5842,167,32,16,0
5843,167,33,4,0
5844,167,34,21,1
5845,167,35,12,1
5846,168,1,45,1
5847,168,2,27,1
5848,168,3,10,0
5849,168,4,31,1
5850,168,5,13,0
5851,168,6,55,3
5852,168,7,26,1
5853,168,8,30,1
5854,168,9,11,1
5855,168,10,48,2
5856,168,11,28,1
5857,168,12,37,2
5858,168,13,47,2
5859,168,14,23,0
5860,168,15,27,0
5861,168,16,27,0
5862,168,17,22,0
5863,168,18,7,0
5864,168,19,34,1
5865,168,20,42,0
5866,168,21,48,2
5867,168,22,46,2
5868,168,23,25,1
5869,168,24,56,1
5870,168,25,37,1
5871,168,26,28,1
5872,168,27,29,1
5873,168,28,68,1
5874,168,29,31,1
5875,168,30,77,2
5876,168,31,18,0
5877,168,32,40,2
5878,168,33,26,1
5879,168,34,49,2
5880,168,35,11,0
5881,169,1,45,1
5882,169,2,34,2
5883,169,3,32,2
5884,169,4,32,1
5885,169,5,79,4
5886,169,6,98,2
5887,169,7,35,1
5888,169,8,54,3
5889,169,9,35,1
5890,169,10,83,3
5891,169,11,14,1
5892,169,12,30,1
5893,169,13,21,1
5894,169,14,43,2
5895,169,15,41,1
5896,169,16,44,2
5897,169,17,57,1
5898,169,18,59,3
5899,169,19,36,2
5900,169,20,22,1
5901,169,21,46,1
5902,169,22,43,2
5903,169,23,56,1
5904,169,24,99,1
5905,169,25,21,0
5906,169,26,58,2
5907,169,27,37,0
5908,169,28,29,1
5909,169,29,29,0
5910,169,30,23,1
5911,169,31,22,0
5912,169,32,13,0
5913,169,33,34,1
5914,169,34,47,1
5915,169,35,24,1
5916,170,1,55,1
5917,170,2,31,1
5918,170,3,32,0
5919,170,4,26,1
5920,170,5,40,1
5921,170,6,46,3
5922,170,7,61,1
5923,170,8,31,1
5924,170,9,12,0
5925,170,10,22,1
5926,170,11,21,1
5927,170,12,15,1
5928,170,13,16,1
5929,170,14,24,1
5930,170,15,16,1
5931,170,16,43,2
5932,170,17,28,1
5933,170,18,51,1
5934,170,19,16,1
5935,170,20,19,1
5936,170,21,46,2
5937,170,22,58,3
5938,170,23,24,1
5939,170,24,7,0
5940,170,25,18,1
5941,170,26,47,2
5942,170,27,49,3
5943,170,28,5,0
5944,170,29,40,1
5945,170,30,37,2
5946,170,31,14,0
5947,170,32,33,1
5948,170,33,38,2
5949,170,34,20,1
5950,170,35,26,2
5951,171,1,7,0
5952,171,2,15,0
5953,171,3,23,1
5954,171,4,24,1
5955,171,5,39,2
5956,171,6,27,0
5957,171,7,11,0
5958,171,8,30,2
5959,171,9,35,1
5960,171,10,29,1
5961,171,11,21,1
5962,171,12,21,1
5963,171,13,42,2
5964,171,14,11,0
5965,171,15,19,0
5966,171,16,13,0
5967,171,17,20,1
5968,171,18,25,1
5969,171,19,34,2
5970,171,20,12,0
5971,171,21,12,0
5972,171,22,18,1
5973,171,23,38,2
5974,171,24,20,1
5975,171,25,18,0
5976,171,26,12,0
5977,171,27,48,2
5978,171,28,29,2
5979,171,29,6,0
5980,171,30,35,0
5981,171,31,34,1
5982,171,32,42,1
5983,171,33,23,1
5984,171,34,14,1
5985,171,35,27,1
5986,172,1,20,0
5987,172,2,24,1
5988,172,3,24,1
5989,172,4,37,2
5990,172,5,28,1
5991,172,6,12,0
5992,172,7,52,3
5993,172,8,31,1
5994,172,9,15,1
5995,172,10,10,0
5996,172,11,29,1
5997,172,12,44,1
5998,172,13,22,1
5999,172,14,32,1
6000,172,15,30,0
6001,172,16,24,0
6002,172,17,51,2
6003,172,18,13,0
6004,172,19,61,1
6005,172,20,17,1
6006,172,21,81,3
6007,172,22,58,3
6008,172,23,28,0
6009,172,24,11,0
6010,172,25,18,1
6011,172,26,18,1
6012,172,27,30,1
6013,172,28,30,1
6014,172,29,31,1
6015,172,30,50,1
6016,172,31,22,1
6017,172,32,28,1
6018,172,33,18,1
6019,172,34,76,5
6020,172,35,60,2
6021,173,1,68,1
6022,173,2,83,5
6023,173,3,50,2
6024,173,4,49,1
6025,173,5,57,2
6026,173,6,34,1
6027,173,7,63,2
6028,173,8,37,2
6029,173,9,33,1
6030,173,10,33,2
6031,173,11,38,2
6032,173,12,74,2
6033,173,13,36,2
6034,173,14,48,3
6035,173,15,32,0
6036,173,16,32,1
6037,173,17,43,2
6038,173,18,23,1
6039,173,19,39,2
6040,173,20,34,2
6041,173,21,42,2
6042,173,22,38,2
6043,173,23,14,1
6044,173,24,57,3
6045,173,25,20,0
6046,173,26,68,1
6047,173,27,27,1
6048,173,28,50,1
6049,173,29,51,3
6050,173,30,99,5
6051,173,31,55,3
6052,173,33,41,1
6053,173,34,76,0
6054,173,35,36,0
6055,174,1,37,1
6056,174,2,22,1
6057,174,3,18,1
6058,174,4,24,1
6059,174,5,78,2
6060,174,6,53,1
6061,174,7,14,1
6062,174,8,22,1
6063,174,9,16,0
6064,174,10,15,1
6065,174,11,30,1
6066,174,12,41,2
6067,174,13,42,2
6068,174,14,38,1
6069,174,15,23,1
6070,174,16,31,2
6071,174,17,17,1
6072,174,18,41,1
6073,174,19,36,1
6074,174,20,71,4
6075,174,21,27,1
6076,174,22,9,0
6077,174,23,32,1
6078,174,24,35,2
6079,174,25,4,0
6080,174,26,21,0
6081,174,27,10,0
6082,174,28,21,1
6083,174,29,20,1
6084,174,30,74,3
6085,174,31,26,0
6086,174,32,36,2
6087,174,33,31,2
6088,174,34,53,1
6089,174,35,39,2
6090,175,1,30,1
6091,175,2,11,0
6092,175,3,37,2
6093,175,4,17,0
6094,175,5,24,0
6095,175,6,13,1
6096,175,7,35,2
6097,175,8,19,0
6098,175,9,16,0
6099,175,10,80,5
6100,175,11,13,0
6101,175,12,29,2
6102,175,13,24,1
6103,175,14,27,1
6104,175,15,11,0
6105,175,16,45,1
6106,175,17,14,0
6107,175,18,24,1
6108,175,19,28,2
6109,175,20,40,2
6110,175,21,40,2
6111,175,22,42,1
6112,175,23,15,1
6113,175,24,35,2
6114,175,25,23,1
6115,175,26,21,1
6116,175,27,35,1
6117,175,28,8,0
6118,175,29,19,0
6119,175,30,50,1
6120,175,31,9,0
6121,175,32,22,1
6122,175,33,25,0
6123,175,34,32,2
6124,175,35,6,0
6125,176,1,24,1
6126,176,2,36,2
6127,176,3,12,0
6128,176,4,55,3
6129,176,5,37,1
6130,176,6,57,2
6131,176,7,63,1
6132,176,8,50,2
6133,176,9,25,1
6134,176,10,47,1
6135,176,11,57,1
6136,176,12,37,1
6137,176,13,23,1
6138,176,14,56,2
6139,176,15,72,1
6140,176,16,101,0
6141,176,17,18,1
6142,176,18,32,2
6143,176,19,24,1
6144,176,20,18,0
6145,176,21,35,1
6146,176,22,54,3
6147,176,23,36,2
6148,176,24,43,2
6149,176,25,23,0
6150,176,26,81,1
6151,176,27,30,2
6152,176,28,49,3
6153,176,29,74,4
6154,176,30,68,3
6155,176,31,42,2
6156,176,32,61,1
6157,176,33,29,2
6158,176,34,18,0
6159,176,35,38,1
6160,177,1,44,2
6161,177,2,40,2
6162,177,3,37,2
6163,177,4,33,1
6164,177,5,43,2
6165,177,6,25,1
6166,177,7,57,3
6167,177,8,38,1
6168,177,9,122,2
6169,177,10,80,2
6170,177,11,62,2
6171,177,12,42,1
6172,177,13,67,3
6173,177,14,36,2
6174,177,15,54,1
6175,177,16,39,1
6176,177,17,34,2
6177,177,18,58,3
6178,177,19,41,1
6179,177,20,54,1
6180,177,21,63,3
6181,177,22,51,1
6182,177,23,34,1
6183,177,24,38,1
6184,177,25,72,4
6185,177,26,42,1
6186,177,27,36,1
6187,177,28,33,1
6188,177,29,40,1
6189,177,30,29,1
6190,177,31,47,3
6191,177,32,47,1
6192,177,33,70,4
6193,177,34,41,0
6194,177,35,43,1
6195,178,1,26,1
6196,178,2,46,2
6197,178,3,33,0
6198,178,4,42,1
6199,178,5,33,2
6200,178,6,35,0
6201,178,7,23,1
6202,178,8,30,1
6203,178,9,26,1
6204,178,10,35,1
6205,178,11,35,2
6206,178,12,37,1
6207,178,13,46,3
6208,178,14,25,1
6209,178,15,42,2
6210,178,16,43,2
6211,178,17,19,1
6212,178,18,27,1
6213,178,19,20,1
6214,178,20,19,1
6215,178,21,11,0
6216,178,22,27,1
6217,178,23,39,1
6218,178,24,31,1
6219,178,25,39,1
6220,178,26,80,2
6221,178,27,54,2
6222,178,28,24,0
6223,178,29,50,2
6224,178,30,24,1
6225,178,31,32,1
6226,178,32,41,1
6227,178,33,69,2
6228,178,34,30,1
6229,178,35,44,2
6230,179,1,10,0
6231,179,2,17,0
6232,179,3,31,2
6233,179,4,41,0
6234,179,5,30,2
6235,179,6,38,2
6236,179,7,26,0
6237,179,8,33,2
6238,179,9,32,1
6239,179,10,15,1
6240,179,11,15,1
6241,179,12,18,1
6242,179,13,58,1
6243,179,14,27,0
6244,179,15,15,0
6245,179,16,12,0
6246,179,17,53,1
6247,179,18,42,2
6248,179,19,56,1
6249,179,20,11,1
6250,179,21,31,2
6251,179,22,23,1
6252,179,23,30,2
6253,179,24,25,1
6254,179,25,51,2
6255,179,26,21,1
6256,179,27,21,1
6257,179,28,21,0
6258,179,29,21,1
6259,179,30,58,3
6260,179,31,35,1
6261,179,32,16,0
6262,179,33,20,1
6263,179,34,21,0
6264,179,35,55,1
6265,180,1,28,0
6266,180,2,103,4
6267,180,3,107,5
6268,180,4,41,2
6269,180,5,62,1
6270,180,6,68,3
6271,180,7,25,1
6272,180,8,64,4
6273,180,9,35,1
6274,180,10,61,2
6275,180,11,35,2
6276,180,12,49,3
6277,180,13,40,1
6278,180,14,66,1
6279,180,15,37,1
6280,180,16,30,0
6281,180,17,77,4
6282,180,18,89,1
6283,180,19,50,1
6284,180,20,29,1
6285,180,21,30,1
6286,180,22,43,1
6287,180,23,61,2
6288,180,24,50,2
6289,180,25,51,1
6290,180,26,30,1
6291,180,27,67,1
6292,180,28,36,1
6293,180,29,53,1
6294,180,30,55,1
6295,180,31,53,1
6296,180,32,34,2
6297,180,33,26,2
6298,180,34,19,1
6299,180,35,28,2
6300,181,1,68,2
6301,181,2,86,4
6302,181,3,143,8
6303,181,4,64,1
6304,181,5,85,5
6305,181,6,80,2
6306,181,7,53,1
6307,181,8,38,1
6308,181,9,64,2
6309,181,10,41,1
6310,181,11,50,2
6311,181,12,83,2
6312,181,13,132,6
6313,181,14,89,3
6314,181,15,49,2
6315,181,16,64,2
6316,181,17,92,2
6317,181,18,18,1
6318,181,19,67,3
6319,181,20,80,4
6320,181,21,96,5
6321,181,22,71,1
6322,181,23,42,2
6323,181,24,33,1
6324,181,25,55,3
6325,181,26,33,1
6326,181,27,44,1
6327,181,28,41,1
6328,181,29,30,1
6329,181,30,60,1
6330,181,31,47,1
6331,181,32,51,2
6332,181,33,32,2
6333,181,34,65,1
6334,181,35,56,2
6335,182,1,29,2
6336,182,2,76,1
6337,182,3,40,1
6338,182,4,69,3
6339,182,5,21,1
6340,182,6,48,2
6341,182,7,47,1
6342,182,8,39,1
6343,182,9,29,1
6344,182,10,44,2
6345,182,11,66,1
6346,182,12,14,1
6347,182,13,42,2
6348,182,14,60,3
6349,182,15,30,1
6350,182,16,73,3
6351,182,17,26,1
6352,182,18,83,4
6353,182,19,55,2
6354,182,20,102,5
6355,182,21,24,1
6356,182,22,42,2
6357,182,23,71,3
6358,182,24,20,0
6359,182,25,94,4
6360,182,26,28,1
6361,182,27,20,1
6362,182,28,54,3
6363,182,29,44,2
6364,182,30,28,2
6365,182,31,23,1
6366,182,32,87,1
6367,182,33,24,1
6368,182,34,69,2
6369,182,35,57,1
6370,183,1,52,1
6371,183,2,22,1
6372,183,3,22,1
6373,183,4,22,1
6374,183,5,21,1
6375,183,6,21,1
6376,183,7,61,1
6377,183,8,27,2
6378,183,9,29,1
6379,183,10,43,2
6380,183,11,65,2
6381,183,12,55,1
6382,183,13,30,1
6383,183,14,52,2
6384,183,15,37,1
6385,183,16,31,1
6386,183,17,50,3
6387,183,18,25,1
6388,183,19,50,1
6389,183,20,43,1
6390,183,21,58,3
6391,183,22,33,2
6392,183,23,47,2
6393,183,24,29,1
6394,183,25,74,2
6395,183,26,9,0
6396,183,27,35,1
6397,183,28,8,0
6398,183,29,16,0
6399,183,30,42,1
6400,183,31,7,0
6401,183,32,39,0
6402,183,33,33,1
6403,183,34,20,1
6404,183,35,68,3
6405,184,1,46,1
6406,184,2,15,1
6407,184,3,62,2
6408,184,4,36,0
6409,184,5,36,1
6410,184,6,56,1
6411,184,7,28,1
6412,184,8,41,0
6413,184,9,37,2
6414,184,10,137,6
6415,184,11,73,2
6416,184,12,17,1
6417,184,13,67,4
6418,184,14,24,1
6419,184,15,30,1
6420,184,16,18,0
6421,184,17,25,1
6422,184,18,46,2
6423,184,19,18,1
6424,184,20,78,1
6425,184,21,55,2
6426,184,22,62,2
6427,184,23,43,2
6428,184,24,34,1
6429,184,25,32,1
6430,184,26,64,2
6431,184,27,90,2
6432,184,28,67,2
6433,184,29,69,1
6434,184,30,26,0
6435,184,31,73,2
6436,184,32,40,2
6437,184,33,27,1
6438,184,34,56,1
6439,184,35,58,2
6440,185,1,82,2
6441,185,2,66,4
6442,185,3,52,2
6443,185,4,81,5
6444,185,5,142,5
6445,185,6,106,4
6446,185,7,126,3
6447,185,8,41,1
6448,185,9,55,2
6449,185,10,153,9
6450,185,11,134,6
6451,185,12,78,2
6452,185,13,53,1
6453,185,14,50,1
6454,185,15,9,1
6455,185,16,45,1
6456,185,17,107,3
6457,185,18,104,3
6458,185,19,101,4
6459,185,20,83,4
6460,185,21,49,1
6461,185,22,44,2
6462,185,23,86,2
6463,185,24,27,1
6464,185,25,47,2
6465,185,26,114,3
6466,185,27,84,5
6467,185,28,126,4
6468,185,29,99,6
6469,185,30,100,4
6470,185,31,162,9
6471,185,32,99,2
6472,185,33,49,2
6473,185,34,60,1
6474,185,35,75,4
6475,186,1,42,1
6476,186,2,62,1
6477,186,3,42,1
6478,186,4,47,2
6479,186,5,75,3
6480,186,6,71,4
6481,186,7,38,1
6482,186,8,56,1
6483,186,9,44,2
6484,186,10,25,1
6485,186,11,26,1
6486,186,12,87,2
6487,186,13,48,0
6488,186,14,82,3
6489,186,15,46,2
6490,186,16,175,3
6491,186,17,48,2
6492,186,18,50,2
6493,186,19,82,5
6494,186,20,42,1
6495,186,21,38,2
6496,186,22,60,2
6497,186,23,25,0
6498,186,24,48,2
6499,186,25,42,2
6500,186,26,69,3
6501,186,27,81,4
6502,186,28,70,4
6503,186,29,47,1
6504,186,30,75,4
6505,186,31,100,2
6506,186,32,104,5
6507,186,33,43,2
6508,186,34,82,1
6509,186,35,57,1
6510,187,1,37,1
6511,187,2,17,1
6512,187,3,83,1
6513,187,4,19,0
6514,187,5,23,1
6515,187,6,41,2
6516,187,7,77,2
6517,187,8,55,3
6518,187,9,40,1
6519,187,10,78,3
6520,187,11,102,3
6521,187,12,85,1
6522,187,13,64,1
6523,187,14,24,1
6524,187,15,42,2
6525,187,16,55,3
6526,187,17,43,2
6527,187,18,20,1
6528,187,19,56,1
6529,187,20,37,1
6530,187,21,16,1
6531,187,22,47,1
6532,187,23,44,2
6533,187,24,60,2
6534,187,25,41,1
6535,187,26,13,1
6536,187,27,24,1
6537,187,28,72,1
6538,187,29,29,1
6539,187,30,49,1
6540,187,31,55,3
6541,187,32,39,2
6542,187,33,27,1
6543,187,34,54,3
6544,187,35,51,3
6545,188,1,167,8
6546,188,2,81,1
6547,188,3,107,5
6548,188,4,55,1
6549,188,5,87,2
6550,188,6,60,3
6551,188,7,80,1
6552,188,8,43,2
6553,188,9,21,0
6554,188,10,33,1
6555,188,11,34,1
6556,188,12,91,3
6557,188,13,87,4
6558,188,14,102,1
6559,188,15,38,2
6560,188,16,47,0
6561,188,17,58,3
6562,188,18,61,4
6563,188,19,47,1
6564,188,20,101,2
6565,188,21,31,2
6566,188,22,18,1
6567,188,23,37,1
6568,188,24,24,1
6569,188,25,77,3
6570,188,26,56,3
6571,188,27,153,4
6572,188,28,31,1
6573,188,29,61,3
6574,188,30,100,2
6575,188,31,39,1
6576,188,32,56,1
6577,188,33,18,1
6578,188,34,50,1
6579,188,35,216,13
6580,189,1,20,1
6581,189,2,77,2
6582,189,3,82,4
6583,189,4,99,0
6584,189,5,67,4
6585,189,6,85,5
6586,189,7,83,3
6587,189,8,67,1
6588,189,9,99,5
6589,189,10,49,3
6590,189,11,57,3
6591,189,12,117,5
6592,189,13,84,4
6593,189,14,54,1
6594,189,15,69,1
6595,189,16,119,3
6596,189,17,88,4
6597,189,18,89,4
6598,189,19,124,4
6599,189,20,56,2
6600,189,21,105,6
6601,189,22,120,5
6602,189,23,158,3
6603,189,24,49,3
6604,189,25,125,2
6605,189,26,83,3
6606,189,27,28,1
6607,189,28,134,2
6608,189,29,98,3
6609,189,30,30,1
6610,189,31,18,1
6611,189,32,119,0
6612,189,33,108,6
6613,189,34,59,3
6614,189,35,29,1
6615,190,1,41,2
6616,190,2,33,0
6617,190,3,17,0
6618,190,4,42,2
6619,190,5,42,2
6620,190,6,41,1
6621,190,7,63,3
6622,190,8,54,2
6623,190,9,62,1
6624,190,10,92,3
6625,190,11,38,1
6626,190,12,72,1
6627,190,13,16,0
6628,190,14,50,2
6629,190,15,68,2
6630,190,16,28,1
6631,190,17,15,1
6632,190,18,53,1
6633,190,19,71,4
6634,190,20,78,2
6635,190,21,33,1
6636,190,22,60,2
6637,190,23,69,4
6638,190,24,77,1
6639,190,25,83,2
6640,190,26,39,2
6641,190,27,50,2
6642,190,28,59,3
6643,190,29,49,3
6644,190,30,68,1
6645,190,31,25,1
6646,190,32,36,1
6647,190,33,42,1
6648,190,34,65,3
6649,190,35,54,2
6650,191,1,78,1
6651,191,2,38,2
6652,191,3,78,3
6653,191,4,27,1
6654,191,5,47,1
6655,191,6,65,2
6656,191,7,41,1
6657,191,8,64,2
6658,191,9,27,1
6659,191,10,63,3
6660,191,11,21,1
6661,191,12,47,3
6662,191,13,34,1
6663,191,14,5,0
6664,191,15,86,5
6665,191,16,10,0
6666,191,17,15,1
6667,191,18,21,1
6668,191,19,12,0
6669,191,20,34,1
6670,191,21,41,2
6671,191,22,37,2
6672,191,23,53,2
6673,191,24,48,1
6674,191,25,29,0
6675,191,26,42,1
6676,191,27,33,1
6677,191,28,13,0
6678,191,29,40,0
6679,191,30,21,1
6680,191,31,41,2
6681,191,32,89,3
6682,191,33,34,1
6683,191,34,51,1
6684,191,35,74,4
6685,192,1,71,4
6686,192,2,31,0
6687,192,3,84,4
6688,192,4,69,2
6689,192,5,112,6
6690,192,6,120,5
6691,192,7,52,1
6692,192,8,94,4
6693,192,9,19,0
6694,192,10,22,1
6695,192,11,96,3
6696,192,12,31,1
6697,192,13,42,1
6698,192,14,66,1
6699,192,15,91,5
6700,192,16,59,3
6701,192,17,52,2
6702,192,18,25,1
6703,192,19,50,2
6704,192,20,32,0
6705,192,21,45,1
6706,192,22,64,3
6707,192,23,110,6
6708,192,24,50,1
6709,192,25,32,2
6710,192,26,54,1
6711,192,27,37,2
6712,192,28,49,3
6713,192,29,100,5
6714,192,30,72,4
6715,192,31,107,5
6716,192,32,52,1
6717,192,33,56,1
6718,192,34,73,1
6719,192,35,31,1
6720,193,1,26,1
6721,193,2,33,1
6722,193,3,60,1
6723,193,4,28,0
6724,193,5,18,1
6725,193,6,67,3
6726,193,7,19,1
6727,193,8,45,2
6728,193,9,28,1
6729,193,10,53,2
6730,193,11,35,1
6731,193,12,44,2
6732,193,13,20,0
6733,193,14,47,1
6734,193,15,34,1
6735,193,16,36,2
6736,193,17,27,1
6737,193,18,34,2
6738,193,19,50,2
6739,193,20,78,4
6740,193,21,77,4
6741,193,22,32,1
6742,193,23,69,1
6743,193,24,70,3
6744,193,25,31,2
6745,193,26,18,1
6746,193,27,32,1
6747,193,28,60,3
6748,193,29,96,6
6749,193,30,8,0
6750,193,31,45,2
6751,193,32,31,0
6752,193,33,27,1
6753,193,34,37,1
6754,193,35,64,3
6755,194,1,43,2
6756,194,2,25,1
6757,194,3,36,1
6758,194,4,27,2
6759,194,5,48,1
6760,194,6,41,1
6761,194,7,43,1
6762,194,8,25,1
6763,194,9,61,2
6764,194,10,53,1
6765,194,11,31,1
6766,194,12,19,1
6767,194,13,16,1
6768,194,14,15,0
6769,194,15,12,0
6770,194,16,58,3
6771,194,17,51,1
6772,194,18,29,0
6773,194,19,14,1
6774,194,20,27,1
6775,194,21,26,1
6776,194,22,15,1
6777,194,23,32,1
6778,194,24,50,3
6779,194,25,23,0
6780,194,26,39,2
6781,194,27,75,4
6782,194,28,48,2
6783,194,29,22,0
6784,194,30,38,2
6785,194,31,38,0
6786,194,32,41,2
6787,194,33,25,1
6788,194,34,36,2
6789,194,35,22,1
6790,195,1,26,1
6791,195,2,21,1
6792,195,3,22,1
6793,195,4,19,1
6794,195,5,14,1
6795,195,6,27,0
6796,195,7,17,1
6797,195,8,30,1
6798,195,9,41,2
6799,195,10,21,1
6800,195,11,14,1
6801,195,12,14,1
6802,195,13,28,1
6803,195,14,19,1
6804,195,15,12,1
6805,195,16,20,1
6806,195,17,15,1
6807,195,18,48,1
6808,195,19,43,1
6809,195,20,20,1
6810,195,21,9,0
6811,195,22,10,0
6812,195,23,36,1
6813,195,24,22,0
6814,195,25,21,0
6815,195,26,23,1
6816,195,27,17,0
6817,195,28,34,1
6818,195,29,67,1
6819,195,30,26,1
6820,195,31,29,1
6821,195,32,43,2
6822,195,33,30,1
6823,195,34,7,0
6824,195,35,29,1
6825,196,1,15,1
6826,196,2,31,1
6827,196,3,31,1
6828,196,4,29,1
6829,196,5,29,0
6830,196,6,37,2
6831,196,7,58,2
6832,196,8,25,1
6833,196,9,19,1
6834,196,10,36,1
6835,196,11,62,3
6836,196,12,8,0
6837,196,13,57,3
6838,196,14,30,1
6839,196,15,24,0
6840,196,16,19,0
6841,196,17,42,0
6842,196,18,38,1
6843,196,19,58,1
6844,196,20,18,1
6845,196,21,26,1
6846,196,22,33,1
6847,196,23,13,1
6848,196,24,15,0
6849,196,25,30,1
6850,196,26,44,2
6851,196,27,41,2
6852,196,28,46,3
6853,196,29,81,1
6854,196,30,18,1
6855,196,31,28,1
6856,196,32,44,2
6857,196,33,25,0
6858,196,34,10,0
6859,196,35,29,1
6860,197,1,55,3
6861,197,2,52,2
6862,197,3,42,2
6863,197,4,15,1
6864,197,5,30,1
6865,197,6,39,1
6866,197,7,28,1
6867,197,8,45,2
6868,197,9,30,1
6869,197,10,21,0
6870,197,11,18,1
6871,197,12,35,1
6872,197,13,22,1
6873,197,14,63,1
6874,197,15,27,1
6875,197,16,51,2
6876,197,17,47,2
6877,197,18,39,1
6878,197,19,46,3
6879,197,20,31,1
6880,197,21,38,2
6881,197,22,24,1
6882,197,23,52,2
6883,197,24,58,3
6884,197,25,43,0
6885,197,26,41,1
6886,197,27,43,2
6887,197,28,53,2
6888,197,29,62,3
6889,197,30,52,1
6890,197,31,54,1
6891,197,32,55,0
6892,197,33,64,2
6893,197,34,28,2
6894,197,35,25,1
6895,198,1,18,1
6896,198,2,49,1
6897,198,3,11,0
6898,198,4,35,0
6899,198,5,32,1
6900,198,6,75,2
6901,198,7,50,1
6902,198,8,25,1
6903,198,9,38,1
6904,198,10,27,0
6905,198,11,34,2
6906,198,12,27,0
6907,198,13,15,1
6908,198,14,27,1
6909,198,15,61,2
6910,198,16,43,1
6911,198,17,30,0
6912,198,18,10,0
6913,198,19,19,1
6914,198,20,20,1
6915,198,21,17,1
6916,198,22,11,0
6917,198,23,15,1
6918,198,24,25,1
6919,198,25,18,1
6920,198,26,33,1
6921,198,27,16,0
6922,198,28,40,2
6923,198,29,29,0
6924,198,30,25,0
6925,198,31,31,1
6926,198,32,24,1
6927,198,33,18,1
6928,198,34,20,1
6929,198,35,44,1
6930,199,1,43,1
6931,199,2,8,0
6932,199,3,46,2
6933,199,4,42,1
6934,199,5,8,0
6935,199,6,23,1
6936,199,7,13,1
6937,199,8,17,1
6938,199,9,24,1
6939,199,10,28,2
6940,199,11,6,0
6941,199,12,19,0
6942,199,13,39,1
6943,199,14,60,2
6944,199,15,28,1
6945,199,16,16,1
6946,199,17,20,0
6947,199,18,35,0
6948,199,19,25,1
6949,199,20,15,1
6950,199,21,26,1
6951,199,22,10,0
6952,199,23,20,1
6953,199,24,11,1
6954,199,25,52,2
6955,199,26,13,1
6956,199,27,21,1
6957,199,28,35,2
6958,199,29,40,1
6959,199,30,21,0
6960,199,31,37,2
6961,199,32,14,1
6962,199,33,16,0
6963,199,34,18,1
6964,199,35,25,1
6965,200,1,41,1
6966,200,2,25,0
6967,200,3,19,0
6968,200,4,28,1
6969,200,5,12,0
6970,200,6,20,1
6971,200,7,42,2
6972,200,8,38,2
6973,200,9,46,1
6974,200,10,55,3
6975,200,11,8,0
6976,200,12,12,0
6977,200,13,55,1
6978,200,14,41,1
6979,200,15,23,1
6980,200,16,23,0
6981,200,17,35,1
6982,200,18,44,2
6983,200,19,26,1
6984,200,20,17,0
6985,200,21,40,2
6986,200,22,37,2
6987,200,23,87,5
6988,200,24,46,3
6989,200,25,23,1
6990,200,26,50,3
6991,200,27,30,1
6992,200,28,36,1
6993,200,29,40,1
6994,200,30,46,1
6995,200,31,34,1
6996,200,32,29,2
6997,200,33,72,1
6998,200,34,32,1
6999,200,35,11,0
7000,201,1,31,2
7001,201,2,52,2
7002,201,3,92,3
7003,201,4,74,0
7004,201,5,20,0
7005,201,6,60,2
7006,201,7,44,2
7007,201,8,20,1
7008,201,9,49,1
7009,201,10,49,1
7010,201,11,41,2
7011,201,12,31,1
7012,201,13,81,4
7013,201,14,65,3
7014,201,15,16,0
7015,201,16,52,2
7016,201,17,72,3
7017,201,18,53,3
7018,201,19,57,2
7019,201,20,71,4
7020,201,21,47,2
7021,201,22,21,1
7022,201,23,32,0
7023,201,24,55,3
7024,201,25,17,1
7025,201,26,35,1
7026,201,27,61,2
7027,201,28,117,4
7028,201,29,45,2
7029,201,30,92,2
7030,201,31,84,1
7031,201,32,51,0
7032,201,33,30,1
7033,201,34,28,1
7034,201,35,31,1
7035,202,1,36,1
7036,202,2,40,2
7037,202,3,32,1
7038,202,4,33,1
7039,202,5,46,0
7040,202,6,14,1
7041,202,7,24,1
7042,202,8,39,2
7043,202,9,19,1
7044,202,10,34,1
7045,202,11,21,1
7046,202,12,24,1
7047,202,13,38,1
7048,202,14,22,1
7049,202,15,28,1
7050,202,16,23,1
7051,202,17,24,0
7052,202,18,15,1
7053,202,19,58,3
7054,202,20,17,1
7055,202,21,22,1
7056,202,22,17,1
7057,202,23,49,2
7058,202,24,33,1
7059,202,25,43,1
7060,202,26,52,1
7061,202,27,26,1
7062,202,28,17,1
7063,202,29,21,1
7064,202,30,33,0
7065,202,31,67,3
7066,202,32,55,1
7067,202,33,22,1
7068,202,34,44,1
7069,202,35,30,1
7070,203,1,19,0
7071,203,2,21,1
7072,203,3,16,1
7073,203,4,21,1
7074,203,5,15,1
7075,203,6,26,1
7076,203,7,16,1
7077,203,8,34,0
7078,203,9,29,1
7079,203,10,25,1
7080,203,11,13,1
7081,203,12,31,1
7082,203,13,29,0
7083,203,14,35,0
7084,203,15,32,2
7085,203,16,34,2
7086,203,17,20,1
7087,203,18,18,0
7088,203,19,20,1
7089,203,20,12,0
7090,203,21,48,1
7091,203,22,36,2
7092,203,23,13,0
7093,203,24,62,2
7094,203,25,19,1
7095,203,26,51,2
7096,203,27,29,1
7097,203,28,24,1
7098,203,29,67,2
7099,203,30,30,1
7100,203,31,38,1
7101,203,32,33,2
7102,203,33,36,1
7103,203,34,13,1
7104,203,35,16,1
7105,204,1,42,1
7106,204,2,35,1
7107,204,3,46,1
7108,204,4,17,0
7109,204,5,27,1
7110,204,6,39,1
7111,204,7,45,2
7112,204,8,48,2
7113,204,9,39,1
7114,204,10,41,2
7115,204,11,21,0
7116,204,12,72,3
7117,204,13,49,1
7118,204,14,33,2
7119,204,15,36,1
7120,204,16,8,0
7121,204,17,41,2
7122,204,18,72,4
7123,204,19,21,0
7124,204,20,96,3
7125,204,21,42,1
7126,204,22,15,1
7127,204,23,56,2
7128,204,24,52,1
7129,204,25,28,1
7130,204,26,39,2
7131,204,27,18,0
7132,204,28,41,1
7133,204,29,31,2
7134,204,30,28,0
7135,204,31,28,2
7136,204,32,39,2
7137,204,33,11,0
7138,204,34,44,1
7139,204,35,37,2
7140,205,1,60,1
7141,205,2,41,2
7142,205,3,46,1
7143,205,4,33,0
7144,205,5,75,2
7145,205,6,54,3
7146,205,7,35,2
7147,205,8,142,8
7148,205,9,32,1
7149,205,10,46,2
7150,205,11,55,3
7151,205,12,64,3
7152,205,13,68,3
7153,205,14,7,0
7154,205,15,48,3
7155,205,16,44,1
7156,205,17,18,1
7157,205,18,44,2
7158,205,19,118,5
7159,205,20,51,2
7160,205,21,52,3
7161,205,22,64,2
7162,205,23,86,5
7163,205,24,41,2
7164,205,25,41,2
7165,205,26,46,1
7166,205,27,45,1
7167,205,28,71,2
7168,205,29,85,2
7169,205,30,57,1
7170,205,31,88,4
7171,205,32,59,0
7172,205,33,87,5
7173,205,34,57,3
7174,205,35,23,1
7175,206,1,48,1
7176,206,2,49,3
7177,206,3,34,2
7178,206,4,25,1
7179,206,5,28,1
7180,206,6,38,2
7181,206,7,27,1
7182,206,8,30,1
7183,206,9,64,1
7184,206,10,44,1
7185,206,11,50,1
7186,206,12,40,2
7187,206,13,33,1
7188,206,14,24,0
7189,206,15,20,0
7190,206,16,29,1
7191,206,17,39,1
7192,206,18,15,0
7193,206,19,33,1
7194,206,20,35,1
7195,206,21,44,2
7196,206,22,18,0
7197,206,23,14,0
7198,206,24,23,1
7199,206,25,39,2
7200,206,26,14,1
7201,206,27,37,1
7202,206,28,59,3
7203,206,29,72,3
7204,206,30,33,0
7205,206,31,55,2
7206,206,32,29,2
7207,206,33,48,1
7208,206,34,27,1
7209,206,35,22,1
7210,207,1,64,4
7211,207,2,24,1
7212,207,3,27,1
7213,207,4,22,1
7214,207,5,26,0
7215,207,6,30,2
7216,207,7,12,0
7217,207,8,25,1
7218,207,9,17,1
7219,207,10,21,1
7220,207,11,48,3
7221,207,12,26,1
7222,207,13,15,0
7223,207,14,43,1
7224,207,15,16,0
7225,207,16,27,1
7226,207,17,12,0
7227,207,18,15,0
7228,207,19,25,1
7229,207,20,23,1
7230,207,21,22,0
7231,207,22,13,0
7232,207,23,5,0
7233,207,24,15,1
7234,207,25,54,2
7235,207,26,11,1
7236,207,27,13,0
7237,207,28,32,1
7238,207,29,51,1
7239,207,30,24,1
7240,207,31,23,1
7241,207,32,12,1
7242,207,33,56,1
7243,207,34,18,0
7244,207,35,29,1
7245,208,1,38,2
7246,208,2,55,1
7247,208,3,44,1
7248,208,4,70,2
7249,208,5,29,1
7250,208,6,72,2
7251,208,7,23,1
7252,208,8,39,0
7253,208,9,48,1
7254,208,10,37,2
7255,208,11,48,1
7256,208,12,41,2
7257,208,13,50,2
7258,208,14,74,1
7259,208,15,62,2
7260,208,16,32,2
7261,208,17,69,2
7262,208,18,25,1
7263,208,19,72,3
7264,208,20,36,1
7265,208,21,44,2
7266,208,22,31,1
7267,208,23,116,2
7268,208,24,24,1
7269,208,25,43,2
7270,208,26,57,1
7271,208,27,57,1
7272,208,28,54,3
7273,208,29,38,1
7274,208,30,66,2
7275,208,31,46,1
7276,208,32,49,3
7277,208,33,21,0
7278,208,34,30,2
7279,208,35,37,1
7280,209,1,50,1
7281,209,2,74,3
7282,209,3,37,2
7283,209,4,19,0
7284,209,5,100,5
7285,209,6,25,1
7286,209,7,58,2
7287,209,8,32,1
7288,209,9,90,3
7289,209,10,61,2
7290,209,11,66,3
7291,209,12,55,3
7292,209,13,79,3
7293,209,14,44,1
7294,209,15,69,1
7295,209,16,65,3
7296,209,17,83,2
7297,209,18,47,2
7298,209,19,126,7
7299,209,20,51,3
7300,209,21,24,1
7301,209,22,68,3
7302,209,23,39,2
7303,209,24,44,1
7304,209,25,53,1
7305,209,26,16,1
7306,209,27,55,2
7307,209,28,62,2
7308,209,29,107,5
7309,209,30,73,3
7310,209,31,97,3
7311,209,32,29,2
7312,209,33,80,4
7313,209,34,41,1
7314,209,35,51,1
7315,210,1,52,1
7316,210,2,24,1
7317,210,3,69,1
7318,210,4,12,0
7319,210,5,52,1
7320,210,6,45,2
7321,210,7,54,3
7322,210,8,38,2
7323,210,9,19,1
7324,210,10,62,2
7325,210,11,58,2
7326,210,12,28,1
7327,210,13,63,2
7328,210,14,32,1
7329,210,15,25,1
7330,210,16,66,2
7331,210,17,64,1
7332,210,18,30,1
7333,210,19,66,3
7334,210,20,94,3
7335,210,21,39,1
7336,210,22,55,2
7337,210,23,31,1
7338,210,24,73,2
7339,210,25,35,1
7340,210,26,62,3
7341,210,27,58,1
7342,210,28,59,2
7343,210,29,54,3
7344,210,30,27,0
7345,210,31,46,2
7346,210,32,72,1
7347,210,33,34,1
7348,210,34,84,0
7349,210,35,57,1
7350,211,1,45,3
7351,211,2,26,1
7352,211,3,31,1
7353,211,4,30,1
7354,211,5,55,3
7355,211,6,43,1
7356,211,7,69,3
7357,211,8,23,1
7358,211,9,21,1
7359,211,10,39,1
7360,211,11,42,2
7361,211,12,37,1
7362,211,13,32,1
7363,211,14,42,1
7364,211,15,23,1
7365,211,16,29,1
7366,211,17,53,2
7367,211,18,13,0
7368,211,19,45,2
7369,211,20,38,1
7370,211,21,24,1
7371,211,22,23,1
7372,211,23,72,2
7373,211,24,33,1
7374,211,25,24,1
7375,211,26,27,1
7376,211,27,27,1
7377,211,28,63,3
7378,211,29,24,1
7379,211,30,40,2
7380,211,31,29,2
7381,211,32,18,0
7382,211,33,21,0
7383,211,34,19,1
7384,211,35,37,2
7385,212,1,47,2
7386,212,2,93,5
7387,212,3,30,1
7388,212,4,68,1
7389,212,5,54,1
7390,212,6,49,3
7391,212,7,12,0
7392,212,8,16,1
7393,212,9,66,3
7394,212,10,35,1
7395,212,11,42,2
7396,212,12,45,2
7397,212,13,58,2
7398,212,14,68,1
7399,212,15,62,3
7400,212,16,34,2
7401,212,17,79,2
7402,212,18,91,4
7403,212,19,40,2
7404,212,20,31,1
7405,212,21,40,2
7406,212,22,57,1
7407,212,23,43,2
7408,212,24,133,2
7409,212,25,71,4
7410,212,26,30,1
7411,212,27,46,1
7412,212,28,47,3
7413,212,29,26,0
7414,212,30,40,1
7415,212,31,53,2
7416,212,32,27,1
7417,212,33,47,3
7418,212,34,32,1
7419,212,35,55,3
7420,213,1,55,2
7421,213,2,56,2
7422,213,3,101,4
7423,213,4,65,1
7424,213,5,104,2
7425,213,6,74,1
7426,213,7,41,2
7427,213,8,80,3
7428,213,9,55,2
7429,213,10,130,3
7430,213,11,57,2
7431,213,12,121,3
7432,213,13,95,2
7433,213,14,58,3
7434,213,15,29,1
7435,213,16,91,4
7436,213,17,71,2
7437,213,18,64,2
7438,213,19,100,4
7439,213,20,59,3
7440,213,21,56,3
7441,213,22,68,4
7442,213,23,146,4
7443,213,24,128,5
7444,213,25,59,3
7445,213,26,18,1
7446,213,27,123,4
7447,213,28,88,4
7448,213,29,49,1
7449,213,30,128,4
7450,213,31,120,5
7451,213,32,63,3
7452,213,33,115,0
7453,213,34,107,6
7454,213,35,64,1
7455,214,1,37,1
7456,214,2,66,1
7457,214,3,52,3
7458,214,4,108,2
7459,214,5,31,1
7460,214,6,42,1
7461,214,7,23,0
7462,214,8,56,2
7463,214,9,23,1
7464,214,10,75,3
7465,214,11,67,2
7466,214,12,59,1
7467,214,13,45,1
7468,214,14,50,1
7469,214,15,33,1
7470,214,16,58,3
7471,214,17,53,1
7472,214,18,15,1
7473,214,19,46,2
7474,214,20,25,1
7475,214,21,59,1
7476,214,22,96,5
7477,214,23,42,0
7478,214,24,71,3
7479,214,25,41,2
7480,214,26,32,1
7481,214,27,50,1
7482,214,28,61,3
7483,214,29,33,1
7484,214,30,37,1
7485,214,31,70,4
7486,214,32,127,4
7487,214,33,35,2
7488,214,34,28,0
7489,214,35,61,2
7490,215,1,125,7
7491,215,2,48,1
7492,215,3,42,2
7493,215,4,45,3
7494,215,5,45,1
7495,215,6,14,0
7496,215,7,63,1
7497,215,8,51,1
7498,215,9,79,1
7499,215,10,45,2
7500,215,11,18,1
7501,215,12,60,3
7502,215,13,40,1
7503,215,14,90,4
7504,215,15,135,3
7505,215,16,33,2
7506,215,17,36,1
7507,215,18,46,3
7508,215,19,40,2
7509,215,20,24,0
7510,215,21,106,6
7511,215,22,66,2
7512,215,23,29,0
7513,215,24,53,3
7514,215,25,66,1
7515,215,26,43,1
7516,215,27,64,2
7517,215,28,33,1
7518,215,29,50,1
7519,215,30,35,1
7520,215,31,26,1
7521,215,32,52,1
7522,215,33,66,2
7523,215,34,19,1
7524,215,35,84,3
7525,216,1,93,3
7526,216,2,69,1
7527,216,3,65,3
7528,216,4,45,2
7529,216,5,40,2
7530,216,6,99,1
7531,216,7,23,1
7532,216,8,77,2
7533,216,9,29,1
7534,216,10,63,1
7535,216,11,66,2
7536,216,12,66,3
7537,216,13,46,2
7538,216,14,44,2
7539,216,15,65,3
7540,216,16,80,4
7541,216,17,91,3
7542,216,18,98,2
7543,216,19,70,4
7544,216,20,38,1
7545,216,21,49,1
7546,216,22,48,2
7547,216,23,34,1
7548,216,24,46,1
7549,216,25,80,4
7550,216,26,59,1
7551,216,27,96,1
7552,216,28,23,1
7553,216,29,60,1
7554,216,30,31,0
7555,216,31,50,3
7556,216,32,51,1
7557,216,33,40,1
7558,216,34,67,4
7559,216,35,33,1
7560,217,1,49,2
7561,217,2,86,3
7562,217,3,114,3
7563,217,4,94,6
7564,217,5,82,2
7565,217,6,46,2
7566,217,7,58,3
7567,217,8,43,2
7568,217,9,16,0
7569,217,10,77,3
7570,217,11,66,1
7571,217,12,108,6
7572,217,13,77,2
7573,217,14,159,3
7574,217,15,74,2
7575,217,16,71,2
7576,217,17,78,2
7577,217,18,85,2
7578,217,19,56,1
7579,217,20,43,1
7580,217,21,59,1
7581,217,22,70,2
7582,217,23,46,3
7583,217,24,131,2
7584,217,25,32,1
7585,217,26,68,2
7586,217,27,71,1
7587,217,28,60,2
7588,217,29,84,3
7589,217,30,110,2
7590,217,31,57,3
7591,217,32,29,1
7592,217,33,74,2
7593,217,34,44,2
7594,217,35,121,5
7595,218,1,42,1
7596,218,2,38,1
7597,218,3,28,1
7598,218,4,45,2
7599,218,5,75,3
7600,218,6,51,2
7601,218,7,37,0
7602,218,8,43,1
7603,218,9,82,2
7604,218,10,53,0
7605,218,11,49,2
7606,218,12,38,2
7607,218,13,25,0
7608,218,14,77,4
7609,218,15,55,2
7610,218,16,50,2
7611,218,17,30,1
7612,218,18,75,3
7613,218,19,16,1
7614,218,20,44,1
7615,218,21,26,0
7616,218,22,27,1
7617,218,23,56,2
7618,218,24,41,1
7619,218,25,88,4
7620,218,26,58,3
7621,218,27,27,1
7622,218,28,48,2
7623,218,29,75,4
7624,218,30,71,0
7625,218,31,90,5
7626,218,32,69,1
7627,218,33,31,1
7628,218,34,51,2
7629,218,35,26,1
7630,219,1,55,1
7631,219,2,48,1
7632,219,3,75,3
7633,219,4,36,0
7634,219,5,43,2
7635,219,6,51,2
7636,219,7,53,1
7637,219,8,42,0
7638,219,9,54,1
7639,219,10,54,1
7640,219,11,81,5
7641,219,12,40,1
7642,219,13,22,0
7643,219,14,38,1
7644,219,15,32,1
7645,219,16,27,1
7646,219,17,78,2
7647,219,18,28,1
7648,219,19,26,0
7649,219,20,49,1
7650,219,21,77,1
7651,219,22,42,2
7652,219,23,39,2
7653,219,24,41,2
7654,219,25,27,1
7655,219,26,40,2
7656,219,27,22,1
7657,219,28,100,4
7658,219,29,66,1
7659,219,30,58,1
7660,219,31,20,1
7661,219,32,55,2
7662,219,33,54,3
7663,219,34,31,1
7664,219,35,35,1
7665,220,1,49,3
7666,220,2,72,4
7667,220,3,52,3
7668,220,4,30,0
7669,220,5,31,2
7670,220,6,51,2
7671,220,7,61,2
7672,220,8,77,2
7673,220,9,53,1
7674,220,10,33,1
7675,220,11,70,3
7676,220,12,70,3
7677,220,13,93,3
7678,220,14,17,1
7679,220,15,30,1
7680,220,16,56,1
7681,220,17,36,1
7682,220,18,39,2
7683,220,19,59,1
7684,220,20,47,1
7685,220,21,164,5
7686,220,22,70,1
7687,220,23,44,2
7688,220,24,42,2
7689,220,25,27,1
7690,220,26,58,1
7691,220,27,44,3
7692,220,28,117,4
7693,220,29,47,2
7694,220,30,91,3
7695,220,31,106,6
7696,220,32,43,2
7697,220,33,52,2
7698,220,34,65,2
7699,220,35,56,2
7700,221,1,19,1
7701,221,2,35,1
7702,221,3,25,1
7703,221,4,22,1
7704,221,5,22,1
7705,221,6,53,2
7706,221,7,57,2
7707,221,8,55,1
7708,221,9,27,1
7709,221,10,34,1
7710,221,11,67,3
7711,221,12,74,1
7712,221,13,17,1
7713,221,14,45,2
7714,221,15,27,1
7715,221,16,46,2
7716,221,17,19,1
7717,221,18,29,1
7718,221,19,51,1
7719,221,20,66,2
7720,221,21,27,1
7721,221,22,41,1
7722,221,23,53,1
7723,221,24,40,2
7724,221,25,44,2
7725,221,26,55,1
7726,221,27,34,1
7727,221,28,15,1
7728,221,29,32,1
7729,221,30,47,3
7730,221,31,51,2
7731,221,32,48,1
7732,221,33,42,2
7733,221,34,54,2
7734,221,35,26,1
7735,222,1,44,2
7736,222,2,42,0
7737,222,3,28,2
7738,222,4,22,1
7739,222,5,43,1
7740,222,6,30,1
7741,222,7,33,0
7742,222,8,5,0
7743,222,9,23,0
7744,222,10,24,1
7745,222,11,42,2
7746,222,12,12,0
7747,222,13,39,1
7748,222,14,20,0
7749,222,15,37,1
7750,222,16,21,1
7751,222,17,22,1
7752,222,18,13,0
7753,222,19,16,1
7754,222,20,18,1
7755,222,21,43,1
7756,222,22,21,0
7757,222,23,17,1
7758,222,24,44,2
7759,222,25,21,1
7760,222,26,38,1
7761,222,27,39,1
7762,222,28,39,0
7763,222,29,43,2
7764,222,30,31,0
7765,222,31,38,1
7766,222,32,24,1
7767,222,33,66,1
7768,222,34,28,0
7769,222,35,61,4
7770,223,1,15,1
7771,223,2,23,1
7772,223,3,40,1
7773,223,4,14,0
7774,223,5,14,0
7775,223,6,19,1
7776,223,7,20,0
7777,223,8,34,1
7778,223,9,12,1
7779,223,10,19,0
7780,223,11,50,2
7781,223,12,29,1
7782,223,13,16,1
7783,223,14,16,1
7784,223,15,30,1
7785,223,16,15,1
7786,223,17,24,1
7787,223,18,25,0
7788,223,19,24,0
7789,223,20,26,1
7790,223,21,19,1
7791,223,22,18,1
7792,223,23,10,0
7793,223,24,39,2
7794,223,25,23,1
7795,223,26,28,2
7796,223,27,12,1
7797,223,28,17,1
7798,223,29,62,2
7799,223,30,16,0
7800,223,31,17,1
7801,223,32,23,0
7802,223,33,11,0
7803,223,34,14,0
7804,223,35,28,0
7805,224,1,62,1
7806,224,2,52,2
7807,224,3,31,1
7808,224,4,38,1
7809,224,5,30,1
7810,224,6,50,2
7811,224,7,46,1
7812,224,8,28,1
7813,224,9,53,1
7814,224,10,26,1
7815,224,11,30,1
7816,224,12,44,1
7817,224,13,17,1
7818,224,14,37,2
7819,224,15,31,0
7820,224,16,32,1
7821,224,17,39,1
7822,224,18,46,3
7823,224,19,13,0
7824,224,20,73,2
7825,224,21,25,1
7826,224,22,38,2
7827,224,23,56,2
7828,224,24,61,1
7829,224,25,9,0
7830,224,26,45,1
7831,224,27,22,1
7832,224,28,37,1
7833,224,29,19,0
7834,224,30,55,1
7835,224,31,35,0
7836,224,32,42,1
7837,224,33,24,0
7838,224,34,47,2
7839,224,35,19,1
7840,225,1,15,1
7841,225,2,32,2
7842,225,3,47,2
7843,225,4,33,2
7844,225,5,34,1
7845,225,6,38,1
7846,225,7,32,0
7847,225,8,32,1
7848,225,9,28,1
7849,225,10,37,2
7850,225,11,43,2
7851,225,12,15,0
7852,225,13,43,1
7853,225,14,53,1
7854,225,15,31,1
7855,225,16,46,2
7856,225,17,25,1
7857,225,18,23,1
7858,225,19,77,1
7859,225,20,32,0
7860,225,21,34,1
7861,225,22,30,1
7862,225,23,17,0
7863,225,24,36,2
7864,225,25,64,1
7865,225,26,12,1
7866,225,27,41,1
7867,225,28,29,1
7868,225,29,15,1
7869,225,30,18,1
7870,225,31,49,2
7871,225,32,42,1
7872,225,33,50,0
7873,225,34,24,0
7874,225,35,95,3
7875,226,1,11,1
7876,226,2,13,0
7877,226,3,35,2
7878,226,4,13,0
7879,226,5,28,1
7880,226,6,39,2
7881,226,7,41,2
7882,226,8,21,1
7883,226,9,11,0
7884,226,10,23,1
7885,226,11,44,1
7886,226,12,13,0
7887,226,13,23,0
7888,226,14,36,1
7889,226,15,30,0
7890,226,16,17,1
7891,226,17,27,1
7892,226,18,14,0
7893,226,19,18,1
7894,226,20,30,1
7895,226,21,25,1
7896,226,22,22,1
7897,226,23,21,1
7898,226,24,31,2
7899,226,25,40,1
7900,226,26,37,2
7901,226,27,48,1
7902,226,28,21,1
7903,226,29,18,0
7904,226,30,33,1
7905,226,31,11,0
7906,226,32,43,1
7907,226,33,18,0
7908,226,34,15,1
7909,226,35,32,1
7910,227,1,16,1
7911,227,2,11,0
7912,227,3,21,1
7913,227,4,23,1
7914,227,5,23,0
7915,227,6,30,1
7916,227,7,14,1
7917,227,8,17,0
7918,227,9,11,0
7919,227,10,28,1
7920,227,11,19,1
7921,227,12,34,2
7922,227,13,12,1
7923,227,14,22,0
7924,227,15,33,0
7925,227,16,8,0
7926,227,17,13,0
7927,227,18,22,1
7928,227,19,24,1
7929,227,20,38,1
7930,227,21,19,0
7931,227,22,12,0
7932,227,23,19,1
7933,227,24,34,1
7934,227,25,20,1
7935,227,26,14,1
7936,227,27,17,0
7937,227,28,17,1
7938,227,29,24,1
7939,227,30,66,4
7940,227,31,6,0
7941,227,32,45,2
7942,227,33,25,0
7943,227,34,12,0
7944,227,35,18,0
7945,228,1,26,1
7946,228,2,35,2
7947,228,3,29,1
7948,228,4,18,1
7949,228,5,18,0
7950,228,6,29,1
7951,228,7,22,1
7952,228,8,28,1
7953,228,9,34,1
7954,228,10,11,1
7955,228,11,15,0
7956,228,12,15,1
7957,228,13,30,1
7958,228,14,27,1
7959,228,15,24,1
7960,228,16,18,0
7961,228,17,30,1
7962,228,18,38,2
7963,228,19,8,0
7964,228,20,42,2
7965,228,21,25,1
7966,228,22,53,3
7967,228,23,34,1
7968,228,24,25,1
7969,228,25,19,1
7970,228,26,43,1
7971,228,27,25,0
7972,228,28,25,1
7973,228,29,17,1
7974,228,30,39,1
7975,228,31,67,1
7976,228,32,61,1
7977,228,33,49,1
7978,228,34,32,1
7979,228,35,42,2
7980,229,1,29,2
7981,229,2,76,3
7982,229,3,51,3
7983,229,4,30,1
7984,229,5,19,1
7985,229,6,12,0
7986,229,7,21,1
7987,229,8,40,1
7988,229,9,32,1
7989,229,10,63,1
7990,229,11,64,2
7991,229,12,28,2
7992,229,13,24,1
7993,229,14,37,2
7994,229,15,57,1
7995,229,16,41,1
7996,229,17,85,3
7997,229,18,50,3
7998,229,19,129,3
7999,229,20,68,3
8000,229,21,25,1
8001,229,22,27,1
8002,229,23,29,2
8003,229,24,51,1
8004,229,25,38,1
8005,229,26,27,2
8006,229,27,27,1
8007,229,28,32,0
8008,229,29,42,2
8009,229,30,49,1
8010,229,31,51,1
8011,229,32,50,1
8012,229,33,55,1
8013,229,34,32,2
8014,229,35,54,2
8015,230,1,33,2
8016,230,2,30,0
8017,230,3,52,1
8018,230,4,28,2
8019,230,5,25,1
8020,230,6,39,2
8021,230,7,28,1
8022,230,8,41,1
8023,230,9,64,3
8024,230,10,12,0
8025,230,11,35,2
8026,230,12,52,1
8027,230,13,34,2
8028,230,14,52,3
8029,230,15,29,2
8030,230,16,34,1
8031,230,17,41,0
8032,230,18,30,2
8033,230,19,18,0
8034,230,20,42,2
8035,230,21,31,1
8036,230,22,22,1
8037,230,23,29,2
8038,230,24,53,1
8039,230,25,15,0
8040,230,26,22,1
8041,230,27,36,1
8042,230,28,42,1
8043,230,29,29,0
8044,230,30,31,0
8045,230,31,26,1
8046,230,32,13,1
8047,230,33,14,0
8048,230,34,23,1
8049,230,35,36,1
8050,231,1,18,1
8051,231,2,17,0
8052,231,3,15,1
8053,231,4,36,2
8054,231,5,38,1
8055,231,6,57,1
8056,231,7,34,1
8057,231,8,37,2
8058,231,9,32,1
8059,231,10,23,1
8060,231,11,14,0
8061,231,12,18,0
8062,231,13,26,1
8063,231,14,4,0
8064,231,15,24,1
8065,231,16,11,0
8066,231,17,37,2
8067,231,18,18,1
8068,231,19,26,0
8069,231,20,34,2
8070,231,21,27,1
8071,231,22,30,1
8072,231,23,21,1
8073,231,24,23,1
8074,231,25,24,1
8075,231,26,43,2
8076,231,27,15,1
8077,231,28,25,1
8078,231,29,29,1
8079,231,30,44,2
8080,231,31,27,1
8081,231,32,32,1
8082,231,33,15,0
8083,231,34,38,1
8084,231,35,14,0
8085,232,1,36,1
8086,232,2,32,1
8087,232,3,60,3
8088,232,4,40,1
8089,232,5,26,0
8090,232,6,79,4
8091,232,7,61,1
8092,232,8,60,2
8093,232,9,2,0
8094,232,10,65,1
8095,232,11,45,2
8096,232,12,58,3
8097,232,13,24,1
8098,232,14,28,2
8099,232,15,32,1
8100,232,16,55,1
8101,232,17,53,1
8102,232,18,19,1
8103,232,19,33,2
8104,232,20,51,1
8105,232,21,70,2
8106,232,22,37,2
8107,232,23,43,2
8108,232,24,38,2
8109,232,25,25,1
8110,232,26,49,3
8111,232,27,29,0
8112,232,28,52,2
8113,232,29,64,2
8114,232,30,34,1
8115,232,31,104,5
8116,232,32,67,1
8117,232,33,41,1
8118,232,34,58,3
8119,232,35,36,2
8120,233,1,35,1
8121,233,2,59,3
8122,233,3,37,0
8123,233,4,12,1
8124,233,5,48,1
8125,233,6,35,1
8126,233,7,30,1
8127,233,8,25,1
8128,233,9,74,4
8129,233,10,50,2
8130,233,11,40,2
8131,233,12,34,1
8132,233,13,41,1
8133,233,14,46,2
8134,233,15,21,1
8135,233,16,83,2
8136,233,17,77,3
8137,233,18,60,2
8138,233,19,52,1
8139,233,20,49,1
8140,233,21,48,3
8141,233,22,25,0
8142,233,23,54,2
8143,233,24,63,3
8144,233,25,49,1
8145,233,26,42,1
8146,233,27,20,1
8147,233,28,48,2
8148,233,29,130,2
8149,233,30,68,4
8150,233,31,52,3
8151,233,32,40,2
8152,233,33,50,1
8153,233,34,21,1
8154,233,35,45,2
8155,234,1,64,2
8156,234,2,18,0
8157,234,3,31,0
8158,234,4,48,2
8159,234,5,26,1
8160,234,6,22,1
8161,234,7,42,2
8162,234,8,75,4
8163,234,9,45,1
8164,234,10,43,1
8165,234,11,23,1
8166,234,12,56,1
8167,234,13,35,1
8168,234,14,23,1
8169,234,15,37,1
8170,234,16,20,0
8171,234,17,13,1
8172,234,18,23,1
8173,234,19,53,1
8174,234,20,46,3
8175,234,21,11,0
8176,234,22,46,1
8177,234,23,10,1
8178,234,24,22,1
8179,234,25,55,1
8180,234,26,33,2
8181,234,27,69,1
8182,234,28,96,2
8183,234,29,38,0
8184,234,30,31,0
8185,234,31,26,1
8186,234,32,30,2
8187,234,33,14,0
8188,234,34,22,1
8189,234,35,60,2
8190,235,1,22,1
8191,235,2,61,3
8192,235,3,15,0
8193,235,4,44,1
8194,235,5,24,0
8195,235,6,56,3
8196,235,7,25,1
8197,235,8,28,0
8198,235,9,30,1
8199,235,10,51,1
8200,235,11,35,1
8201,235,12,35,1
8202,235,13,24,1
8203,235,14,33,1
8204,235,15,23,0
8205,235,16,54,2
8206,235,17,20,1
8207,235,18,8,0
8208,235,19,45,1
8209,235,20,40,1
8210,235,21,46,2
8211,235,22,34,1
8212,235,23,41,1
8213,235,24,16,0
8214,235,25,10,0
8215,235,26,60,1
8216,235,27,48,2
8217,235,28,25,0
8218,235,29,20,1
8219,235,30,35,2
8220,235,31,19,1
8221,235,32,33,1
8222,235,33,23,1
8223,235,34,33,2
8224,235,35,12,0
8225,236,1,55,2
8226,236,2,54,1
8227,236,3,39,2
8228,236,4,44,1
8229,236,5,53,1
8230,236,6,47,2
8231,236,7,46,1
8232,236,8,22,0
8233,236,9,40,2
8234,236,10,20,0
8235,236,11,36,1
8236,236,12,44,1
8237,236,13,44,2
8238,236,14,50,1
8239,236,15,59,1
8240,236,16,33,1
8241,236,17,25,1
8242,236,18,56,3
8243,236,19,35,2
8244,236,20,41,1
8245,236,21,110,3
8246,236,22,82,5
8247,236,23,79,3
8248,236,24,24,1
8249,236,25,34,1
8250,236,26,41,0
8251,236,27,38,1
8252,236,28,29,1
8253,236,29,53,1
8254,236,30,26,1
8255,236,31,104,1
8256,236,32,45,2
8257,236,33,58,3
8258,236,34,62,1
8259,236,35,33,1
8260,237,1,80,4
8261,237,2,102,3
8262,237,3,115,3
8263,237,4,37,2
8264,237,5,47,2
8265,237,6,121,1
8266,237,7,59,2
8267,237,8,49,2
8268,237,9,114,6
8269,237,10,91,3
8270,237,11,38,1
8271,237,12,49,2
8272,237,13,52,1
8273,237,14,51,2
8274,237,15,84,3
8275,237,16,42,1
8276,237,17,28,1
8277,237,18,58,1
8278,237,19,59,2
8279,237,20,62,3
8280,237,21,37,2
8281,237,22,71,4
8282,237,23,92,4
8283,237,24,39,0
8284,237,25,75,4
8285,237,26,51,2
8286,237,27,33,1
8287,237,28,122,7
8288,237,29,26,1
8289,237,30,51,2
8290,237,31,50,2
8291,237,32,58,2
8292,237,33,73,2
8293,237,34,45,1
8294,237,35,81,4
8295,238,1,76,2
8296,238,2,31,2
8297,238,3,28,1
8298,238,4,24,1
8299,238,5,36,1
8300,238,6,69,3
8301,238,7,56,2
8302,238,8,45,2
8303,238,9,18,0
8304,238,10,92,0
8305,238,11,56,2
8306,238,12,42,1
8307,238,13,28,1
8308,238,14,33,1
8309,238,15,26,1
8310,238,16,71,2
8311,238,17,61,1
8312,238,18,50,3
8313,238,19,27,1
8314,238,20,65,0
8315,238,21,39,1
8316,238,22,20,0
8317,238,23,58,3
8318,238,24,44,1
8319,238,25,53,2
8320,238,26,37,1
8321,238,27,18,0
8322,238,28,19,1
8323,238,29,63,3
8324,238,30,21,0
8325,238,31,59,3
8326,238,32,25,1
8327,238,33,31,1
8328,238,34,40,2
8329,238,35,60,3
8330,239,1,44,1
8331,239,2,47,3
8332,239,3,50,1
8333,239,4,46,2
8334,239,5,19,1
8335,239,6,12,0
8336,239,7,13,1
8337,239,8,23,0
8338,239,9,21,1
8339,239,10,53,1
8340,239,11,60,3
8341,239,12,26,1
8342,239,13,40,2
8343,239,14,79,4
8344,239,15,54,2
8345,239,16,52,1
8346,239,17,65,3
8347,239,18,21,0
8348,239,19,30,0
8349,239,20,43,1
8350,239,21,18,1
8351,239,22,37,1
8352,239,23,38,1
8353,239,24,18,1
8354,239,25,53,3
8355,239,26,71,1
8356,239,27,7,0
8357,239,28,25,1
8358,239,29,10,0
8359,239,30,29,1
8360,239,31,41,1
8361,239,32,30,1
8362,239,33,43,1
8363,239,34,33,1
8364,239,35,27,1
8365,240,1,42,2
8366,240,2,54,2
8367,240,3,62,3
8368,240,4,30,1
8369,240,5,92,5
8370,240,6,22,1
8371,240,7,41,2
8372,240,8,51,2
8373,240,9,57,1
8374,240,10,69,2
8375,240,11,60,2
8376,240,12,105,5
8377,240,13,28,1
8378,240,14,16,1
8379,240,15,73,1
8380,240,16,38,1
8381,240,17,64,4
8382,240,18,22,1
8383,240,19,40,2
8384,240,20,27,0
8385,240,21,30,1
8386,240,22,20,1
8387,240,23,62,1
8388,240,24,83,2
8389,240,25,36,2
8390,240,26,94,3
8391,240,27,33,1
8392,240,28,61,2
8393,240,29,75,1
8394,240,30,48,2
8395,240,31,55,3
8396,240,32,92,5
8397,240,33,34,0
8398,240,34,29,1
8399,240,35,107,5
8400,241,1,87,4
8401,241,2,56,3
8402,241,3,78,0
8403,241,4,66,1
8404,241,5,108,5
8405,241,6,27,1
8406,241,7,64,3
8407,241,8,50,2
8408,241,9,107,4
8409,241,10,91,2
8410,241,11,63,3
8411,241,12,68,1
8412,241,13,107,4
8413,241,14,55,3
8414,241,15,94,4
8415,241,16,42,2
8416,241,17,99,1
8417,241,18,88,4
8418,241,19,95,0
8419,241,20,40,1
8420,241,21,152,7
8421,241,22,69,3
8422,241,23,93,3
8423,241,24,75,1
8424,241,25,96,4
8425,241,26,118,7
8426,241,27,71,3
8427,241,28,77,2
8428,241,29,18,1
8429,241,30,69,3
8430,241,31,54,3
8431,241,32,64,1
8432,241,33,97,0
8433,241,34,78,3
8434,241,35,75,2
8435,242,1,16,1
8436,242,2,41,1
8437,242,3,56,2
8438,242,4,52,1
8439,242,5,13,1
8440,242,6,35,1
8441,242,7,89,3
8442,242,8,56,2
8443,242,9,103,2
8444,242,10,62,1
8445,242,11,64,1
8446,242,12,124,1
8447,242,13,61,3
8448,242,14,144,2
8449,242,15,55,1
8450,242,16,103,4
8451,242,17,67,4
8452,242,18,56,3
8453,242,19,46,2
8454,242,20,54,2
8455,242,21,49,1
8456,242,22,61,2
8457,242,23,64,2
8458,242,24,72,2
8459,242,25,76,1
8460,242,26,66,3
8461,242,27,42,1
8462,242,28,100,4
8463,242,29,61,1
8464,242,30,53,3
8465,242,31,61,4
8466,242,32,65,2
8467,242,33,38,1
8468,242,34,46,2
8469,242,35,25,0
8470,243,1,72,3
8471,243,2,72,4
8472,243,3,42,1
8473,243,4,51,1
8474,243,5,106,5
8475,243,6,13,1
8476,243,7,50,3
8477,243,8,59,0
8478,243,9,59,1
8479,243,10,59,2
8480,243,11,54,2
8481,243,12,47,2
8482,243,13,79,5
8483,243,14,47,2
8484,243,15,29,1
8485,243,16,35,2
8486,243,17,79,1
8487,243,18,110,2
8488,243,19,60,1
8489,243,20,51,1
8490,243,21,39,1
8491,243,22,56,2
8492,243,23,27,1
8493,243,24,36,1
8494,243,25,137,0
8495,243,26,29,0
8496,243,27,10,1
8497,243,28,49,2
8498,243,29,39,1
8499,243,30,45,1
8500,243,31,33,1
8501,243,32,14,0
8502,243,33,20,1
8503,243,34,99,4
8504,243,35,43,1
8505,244,1,11,1
8506,244,2,93,4
8507,244,3,56,3
8508,244,4,49,1
8509,244,5,81,1
8510,244,6,85,5
8511,244,7,73,1
8512,244,8,61,1
8513,244,9,68,2
8514,244,10,60,3
8515,244,11,40,2
8516,244,12,64,1
8517,244,13,82,2
8518,244,14,39,2
8519,244,15,62,3
8520,244,16,32,1
8521,244,17,106,1
8522,244,18,81,4
8523,244,19,66,2
8524,244,20,56,3
8525,244,21,65,1
8526,244,22,53,3
8527,244,23,113,2
8528,244,24,69,1
8529,244,25,78,4
8530,244,26,151,6
8531,244,27,73,2
8532,244,28,75,1
8533,244,29,96,6
8534,244,30,14,1
8535,244,31,74,2
8536,244,32,103,2
8537,244,33,59,3
8538,244,34,99,4
8539,244,35,80,4
8540,245,1,76,2
8541,245,2,64,1
8542,245,3,72,2
8543,245,4,91,3
8544,245,5,103,5
8545,245,6,50,2
8546,245,7,19,0
8547,245,8,40,1
8548,245,9,67,1
8549,245,10,71,2
8550,245,11,64,3
8551,245,12,61,1
8552,245,13,74,2
8553,245,14,92,1
8554,245,15,68,2
8555,245,16,91,5
8556,245,17,109,5
8557,245,18,62,2
8558,245,19,54,3
8559,245,20,64,2
8560,245,21,64,3
8561,245,22,100,2
8562,245,23,45,1
8563,245,24,64,3
8564,245,25,106,5
8565,245,26,71,3
8566,245,27,123,5
8567,245,28,64,1
8568,245,29,58,2
8569,245,30,96,5
8570,245,31,53,1
8571,245,32,105,5
8572,245,33,53,2
8573,245,34,55,0
8574,245,35,35,1
8575,246,1,12,1
8576,246,2,38,2
8577,246,3,106,3
8578,246,4,123,6
8579,246,5,81,5
8580,246,6,22,1
8581,246,7,61,2
8582,246,8,20,0
8583,246,9,66,1
8584,246,10,37,1
8585,246,11,99,1
8586,246,12,68,2
8587,246,13,46,3
8588,246,14,104,3
8589,246,15,72,3
8590,246,16,42,2
8591,246,17,106,3
8592,246,18,37,1
8593,246,19,41,0
8594,246,20,46,2
8595,246,21,22,1
8596,246,22,47,1
8597,246,23,62,3
8598,246,24,41,2
8599,246,25,42,2
8600,246,26,31,2
8601,246,27,53,1
8602,246,28,61,2
8603,246,29,66,2
8604,246,30,40,1
8605,246,31,18,1
8606,246,32,44,2
8607,246,33,39,2
8608,246,34,51,3
8609,246,35,46,2
8610,247,1,34,1
8611,247,2,42,2
8612,247,3,56,3
8613,247,4,67,1
8614,247,5,29,1
8615,247,6,20,0
8616,247,7,38,0
8617,247,8,20,0
8618,247,9,35,1
8619,247,10,38,2
8620,247,11,50,1
8621,247,12,62,2
8622,247,13,44,1
8623,247,14,75,3
8624,247,15,30,1
8625,247,16,106,3
8626,247,17,21,0
8627,247,18,16,1
8628,247,19,31,2
8629,247,20,95,5
8630,247,21,85,2
8631,247,22,48,2
8632,247,23,43,2
8633,247,24,60,1
8634,247,25,34,0
8635,247,26,18,1
8636,247,27,52,1
8637,247,28,28,1
8638,247,29,62,4
8639,247,30,79,1
8640,247,31,45,2
8641,247,32,48,1
8642,247,33,95,3
8643,247,34,13,0
8644,247,35,95,3
8645,248,1,42,1
8646,248,2,91,2
8647,248,3,87,1
8648,248,4,83,3
8649,248,5,103,4
8650,248,6,60,1
8651,248,7,54,3
8652,248,8,28,1
8653,248,9,49,1
8654,248,10,82,5
8655,248,11,67,3
8656,248,12,108,3
8657,248,13,73,2
8658,248,14,102,5
8659,248,15,46,2
8660,248,16,50,3
8661,248,17,46,1
8662,248,18,105,6
8663,248,19,54,2
8664,248,20,27,1
8665,248,21,65,2
8666,248,22,79,2
8667,248,23,76,0
8668,248,24,24,1
8669,248,25,100,3
8670,248,26,59,1
8671,248,27,13,0
8672,248,28,63,1
8673,248,29,73,3
8674,248,30,166,3
8675,248,31,51,1
8676,248,32,104,3
8677,248,33,63,1
8678,248,34,48,2
8679,248,35,53,1
8680,249,1,36,1
8681,249,2,14,0
8682,249,3,23,1
8683,249,4,29,2
8684,249,5,49,1
8685,249,6,18,1
8686,249,7,26,0
8687,249,8,43,2
8688,249,9,25,1
8689,249,10,19,0
8690,249,11,44,1
8691,249,12,45,1
8692,249,13,25,1
8693,249,14,46,1
8694,249,15,22,1
8695,249,16,42,2
8696,249,17,68,3
8697,249,18,40,2
8698,249,19,18,0
8699,249,20,33,1
8700,249,21,30,0
8701,249,22,25,0
8702,249,23,48,1
8703,249,24,57,3
8704,249,25,60,1
8705,249,26,37,1
8706,249,27,24,1
8707,249,28,25,1
8708,249,29,27,1
8709,249,30,52,1
8710,249,31,65,4
8711,249,32,42,2
8712,249,33,44,0
8713,249,34,54,0
8714,249,35,40,1
8715,250,1,19,0
8716,250,2,17,1
8717,250,3,46,1
8718,250,4,45,2
8719,250,5,35,2
8720,250,6,16,1
8721,250,7,11,0
8722,250,8,24,1
8723,250,9,22,1
8724,250,10,32,1
8725,250,11,26,0
8726,250,12,24,1
8727,250,13,29,2
8728,250,14,20,1
8729,250,15,33,2
8730,250,16,19,1
8731,250,17,24,0
8732,250,18,13,0
8733,250,19,40,2
8734,250,20,13,0
8735,250,21,26,1
8736,250,22,18,1
8737,250,23,32,1
8738,250,24,24,1
8739,250,25,19,1
8740,250,26,43,1
8741,250,27,22,1
8742,250,28,40,2
8743,250,29,57,2
8744,250,30,30,2
8745,250,31,19,0
8746,250,32,33,1
8747,250,33,25,1
8748,250,34,34,2
8749,250,35,49,3
8750,251,1,38,2
8751,251,2,45,2
8752,251,3,20,1
8753,251,4,43,1
8754,251,5,13,0
8755,251,6,14,0
8756,251,7,34,2
8757,251,8,14,1
8758,251,9,24,0
8759,251,10,26,2
8760,251,11,22,1
8761,251,12,18,0
8762,251,13,24,1
8763,251,14,24,1
8764,251,15,26,2
8765,251,16,22,1
8766,251,17,28,1
8767,251,18,28,1
8768,251,19,21,1
8769,251,20,8,0
8770,251,21,14,0
8771,251,22,18,0
8772,251,23,18,1
8773,251,24,10,1
8774,251,25,20,0
8775,251,26,33,1
8776,251,27,12,0
8777,251,28,17,1
8778,251,29,9,0
8779,251,30,18,0
8780,251,31,22,1
8781,251,32,32,1
8782,251,33,19,1
8783,251,34,11,0
8784,251,35,41,2
8785,252,1,68,2
8786,252,2,23,0
8787,252,3,15,1
8788,252,4,65,3
8789,252,5,13,1
8790,252,6,37,2
8791,252,7,26,1
8792,252,8,23,1
8793,252,9,44,2
8794,252,10,10,0
8795,252,11,54,2
8796,252,12,34,1
8797,252,13,18,1
8798,252,14,18,1
8799,252,15,35,0
8800,252,16,56,1
8801,252,17,52,1
8802,252,18,21,0
8803,252,19,28,2
8804,252,20,33,1
8805,252,21,41,2
8806,252,22,21,0
8807,252,23,30,0
8808,252,24,9,0
8809,252,25,19,1
8810,252,26,21,0
8811,252,27,15,0
8812,252,28,77,4
8813,252,29,28,2
8814,252,30,27,1
8815,252,31,13,0
8816,252,32,37,0
8817,252,33,41,1
8818,252,34,61,1
8819,252,35,37,2
8820,253,1,71,4
8821,253,2,22,0
8822,253,3,43,1
8823,253,4,57,3
8824,253,5,42,1
8825,253,6,27,1
8826,253,7,18,1
8827,253,8,25,1
8828,253,9,34,2
8829,253,10,38,2
8830,253,11,28,1
8831,253,12,49,1
8832,253,13,46,1
8833,253,14,51,3
8834,253,15,28,1
8835,253,16,21,0
8836,253,17,31,1
8837,253,18,40,1
8838,253,19,29,1
8839,253,20,27,1
8840,253,21,49,1
8841,253,22,28,1
8842,253,23,31,1
8843,253,24,24,1
8844,253,25,28,1
8845,253,26,82,3
8846,253,27,42,1
8847,253,28,36,2
8848,253,29,66,3
8849,253,30,23,1
8850,253,31,12,0
8851,253,32,38,1
8852,253,33,31,0
8853,253,34,20,1
8854,253,35,50,3
8855,254,1,32,1
8856,254,2,11,0
8857,254,3,16,1
8858,254,4,23,1
8859,254,5,22,0
8860,254,6,23,1
8861,254,7,13,1
8862,254,8,14,1
8863,254,9,22,1
8864,254,10,20,0
8865,254,11,21,1
8866,254,12,35,1
8867,254,13,29,1
8868,254,14,56,3
8869,254,15,17,1
8870,254,16,36,1
8871,254,17,16,0
8872,254,18,34,1
8873,254,19,8,0
8874,254,20,45,1
8875,254,21,35,2
8876,254,22,26,1
8877,254,23,17,1
8878,254,24,21,1
8879,254,25,27,1
8880,254,26,16,0
8881,254,27,25,1
8882,254,28,30,1
8883,254,29,30,1
8884,254,30,39,2
8885,254,31,19,1
8886,254,32,21,1
8887,254,33,56,2
8888,254,34,41,1
8889,254,35,35,1
8890,255,1,21,0
8891,255,2,21,1
8892,255,3,16,0
8893,255,4,72,3
8894,255,5,18,1
8895,255,6,26,1
8896,255,7,23,1
8897,255,8,5,0
8898,255,9,13,0
8899,255,10,22,0
8900,255,11,17,1
8901,255,12,16,1
8902,255,13,7,0
8903,255,14,28,1
8904,255,15,30,1
8905,255,16,34,1
8906,255,17,46,1
8907,255,18,42,1
8908,255,19,16,0
8909,255,20,7,0
8910,255,21,50,1
8911,255,22,12,0
8912,255,23,13,0
8913,255,24,18,1
8914,255,25,29,2
8915,255,26,24,0
8916,255,27,31,1
8917,255,28,30,2
8918,255,29,11,0
8919,255,30,20,1
8920,255,31,21,1
8921,255,32,29,1
8922,255,33,16,0
8923,255,34,18,1
8924,255,35,18,1
8925,256,1,18,0
8926,256,2,33,1
8927,256,3,18,0
8928,256,4,29,1
8929,256,5,49,2
8930,256,6,34,2
8931,256,7,36,2
8932,256,8,22,1
8933,256,9,40,1
8934,256,10,58,1
8935,256,11,9,0
8936,256,12,22,1
8937,256,13,8,0
8938,256,14,32,1
8939,256,15,14,0
8940,256,16,28,1
8941,256,17,30,1
8942,256,18,50,2
8943,256,19,14,1
8944,256,20,54,1
8945,256,21,47,1
8946,256,22,40,1
8947,256,23,25,1
8948,256,24,7,0
8949,256,25,49,1
8950,256,26,47,2
8951,256,27,39,2
8952,256,28,39,1
8953,256,29,28,1
8954,256,30,28,0
8955,256,31,21,1
8956,256,32,11,0
8957,256,33,39,1
8958,256,34,37,2
8959,256,35,46,1
8960,257,1,29,1
8961,257,2,48,1
8962,257,3,46,2
8963,257,4,68,4
8964,257,5,76,2
8965,257,6,52,3
8966,257,7,46,1
8967,257,8,39,1
8968,257,9,55,2
8969,257,10,28,0
8970,257,11,31,1
8971,257,12,49,3
8972,257,13,32,1
8973,257,14,49,2
8974,257,15,39,1
8975,257,16,52,2
8976,257,17,29,2
8977,257,18,50,2
8978,257,19,37,1
8979,257,20,25,1
8980,257,21,33,1
8981,257,22,78,3
8982,257,23,106,4
8983,257,24,89,3
8984,257,25,60,3
8985,257,26,34,1
8986,257,27,55,2
8987,257,28,24,1
8988,257,29,113,2
8989,257,30,60,1
8990,257,31,58,2
8991,257,32,38,1
8992,257,33,42,3
8993,257,34,24,1
8994,257,35,38,1
8995,258,1,51,2
8996,258,2,53,3
8997,258,3,36,1
8998,258,4,29,0
8999,258,5,34,2
9000,258,6,41,2
9001,258,7,34,2
9002,258,8,58,1
9003,258,9,64,3
9004,258,10,27,1
9005,258,11,30,1
9006,258,12,26,0
9007,258,13,36,1
9008,258,14,42,1
9009,258,15,39,2
9010,258,16,11,0
9011,258,17,45,1
9012,258,18,40,1
9013,258,19,69,3
9014,258,20,37,1
9015,258,21,40,1
9016,258,22,28,1
9017,258,23,40,1
9018,258,24,38,1
9019,258,25,22,1
9020,258,26,30,1
9021,258,27,56,2
9022,258,28,18,0
9023,258,29,19,1
9024,258,30,15,0
9025,258,31,19,0
9026,258,32,13,0
9027,258,33,24,1
9028,258,34,34,2
9029,258,35,18,0
9030,259,1,16,1
9031,259,2,13,1
9032,259,3,16,1
9033,259,4,25,0
9034,259,5,37,1
9035,259,6,11,1
9036,259,7,31,2
9037,259,8,16,1
9038,259,9,36,1
9039,259,10,26,0
9040,259,11,18,1
9041,259,12,41,2
9042,259,13,27,0
9043,259,14,27,1
9044,259,15,18,0
9045,259,16,10,0
9046,259,17,23,1
9047,259,18,55,3
9048,259,19,31,1
9049,259,20,32,2
9050,259,21,37,2
9051,259,22,9,0
9052,259,23,44,2
9053,259,24,23,1
9054,259,25,32,1
9055,259,26,36,1
9056,259,27,14,0
9057,259,28,9,0
9058,259,29,42,2
9059,259,30,28,1
9060,259,31,16,1
9061,259,32,30,0
9062,259,33,22,1
9063,259,34,23,1
9064,259,35,52,1
9065,260,1,19,0
9066,260,2,58,3
9067,260,3,56,2
9068,260,4,35,1
9069,260,5,72,1
9070,260,6,88,3
9071,260,7,25,1
9072,260,8,27,1
9073,260,9,46,1
9074,260,10,12,0
9075,260,11,38,1
9076,260,12,60,2
9077,260,13,53,3
9078,260,14,47,1
9079,260,15,18,0
9080,260,16,39,2
9081,260,17,14,1
9082,260,18,10,0
9083,260,19,29,2
9084,260,20,70,2
9085,260,21,21,1
9086,260,22,52,1
9087,260,23,61,1
9088,260,24,33,1
9089,260,25,34,1
9090,260,26,50,1
9091,260,27,39,1
9092,260,28,55,1
9093,260,29,52,1
9094,260,30,43,2
9095,260,31,22,1
9096,260,32,21,1
9097,260,33,30,1
9098,260,34,40,2
9099,260,35,45,2
9100,261,1,21,1
9101,261,2,47,1
9102,261,3,30,1
9103,261,4,72,2
9104,261,5,89,3
9105,261,6,52,1
9106,261,7,57,1
9107,261,8,23,1
9108,261,9,41,1
9109,261,10,71,1
9110,261,11,68,2
9111,261,12,37,1
9112,261,13,55,3
9113,261,14,39,1
9114,261,15,49,1
9115,261,16,49,1
9116,261,17,67,3
9117,261,18,85,5
9118,261,19,67,1
9119,261,20,40,1
9120,261,21,56,3
9121,261,22,55,2
9122,261,23,58,3
9123,261,24,31,1
9124,261,25,44,1
9125,261,26,67,3
9126,261,27,72,1
9127,261,28,42,1
9128,261,29,71,1
9129,261,30,53,3
9130,261,31,61,3
9131,261,32,79,3
9132,261,33,65,3
9133,261,34,59,3
9134,261,35,34,1
9135,262,1,38,2
9136,262,2,45,2
9137,262,3,50,1
9138,262,4,21,1
9139,262,5,22,0
9140,262,6,67,3
9141,262,7,19,1
9142,262,8,45,2
9143,262,9,21,1
9144,262,10,15,0
9145,262,11,54,0
9146,262,12,62,1
9147,262,13,14,0
9148,262,14,71,0
9149,262,15,37,1
9150,262,16,24,1
9151,262,17,59,2
9152,262,18,23,1
9153,262,19,19,1
9154,262,20,30,1
9155,262,21,27,0
9156,262,22,27,1
9157,262,23,47,3
9158,262,24,22,1
9159,262,25,44,2
9160,262,26,22,1
9161,262,27,22,1
9162,262,28,24,1
9163,262,29,31,0
9164,262,30,50,3
9165,262,31,20,1
9166,262,32,29,1
9167,262,33,81,1
9168,262,34,78,0
9169,262,35,23,1
9170,263,1,16,1
9171,263,2,57,3
9172,263,3,82,3
9173,263,4,25,1
9174,263,5,24,0
9175,263,6,64,3
9176,263,7,44,0
9177,263,8,55,2
9178,263,9,20,0
9179,263,10,42,1
9180,263,11,18,1
9181,263,12,41,1
9182,263,13,28,1
9183,263,14,16,1
9184,263,15,43,1
9185,263,16,39,2
9186,263,17,17,1
9187,263,18,39,2
9188,263,19,33,0
9189,263,20,25,0
9190,263,21,39,1
9191,263,22,17,0
9192,263,23,32,2
9193,263,24,40,1
9194,263,25,56,0
9195,263,26,41,1
9196,263,27,30,0
9197,263,28,21,1
9198,263,29,39,2
9199,263,30,28,1
9200,263,31,34,2
9201,263,32,20,0
9202,263,33,22,1
9203,263,34,42,1
9204,263,35,39,2
9205,264,1,90,2
9206,264,2,36,1
9207,264,3,37,2
9208,264,4,21,1
9209,264,5,31,0
9210,264,6,24,1
9211,264,7,28,0
9212,264,8,45,1
9213,264,9,50,1
9214,264,10,54,1
9215,264,11,21,1
9216,264,12,6,0
9217,264,13,36,1
9218,264,14,73,4
9219,264,15,17,0
9220,264,16,21,1
9221,264,17,32,2
9222,264,18,48,2
9223,264,19,35,0
9224,264,20,53,1
9225,264,21,25,1
9226,264,22,62,2
9227,264,23,47,2
9228,264,24,91,3
9229,264,25,62,4
9230,264,26,26,0
9231,264,27,52,1
9232,264,28,74,3
9233,264,29,26,1
9234,264,30,40,1
9235,264,31,79,2
9236,264,32,58,0
9237,264,33,35,2
9238,264,34,54,1
9239,264,35,47,2
9240,265,1,41,2
9241,265,2,63,1
9242,265,3,113,3
9243,265,4,120,7
9244,265,5,66,3
9245,265,6,89,2
9246,265,7,65,2
9247,265,8,47,2
9248,265,9,62,3
9249,265,10,32,2
9250,265,11,41,1
9251,265,12,94,4
9252,265,13,22,1
9253,265,14,75,1
9254,265,15,60,2
9255,265,16,104,3
9256,265,17,26,1
9257,265,18,41,0
9258,265,19,57,1
9259,265,20,67,2
9260,265,21,46,1
9261,265,22,91,3
9262,265,23,42,1
9263,265,24,65,3
9264,265,25,108,1
9265,265,26,28,2
9266,265,27,48,2
9267,265,28,70,4
9268,265,29,50,2
9269,265,30,60,1
9270,265,31,66,3
9271,265,32,65,1
9272,265,33,82,3
9273,265,34,36,0
9274,265,35,68,4
9275,266,1,66,4
9276,266,2,52,1
9277,266,3,33,1
9278,266,4,40,2
9279,266,5,10,0
9280,266,6,22,1
9281,266,7,74,3
9282,266,8,68,1
9283,266,9,41,2
9284,266,10,62,3
9285,266,11,43,0
9286,266,12,45,2
9287,266,13,43,1
9288,266,14,21,1
9289,266,15,8,0
9290,266,16,53,1
9291,266,17,24,0
9292,266,18,116,2
9293,266,19,63,2
9294,266,20,47,1
9295,266,21,45,2
9296,266,22,42,2
9297,266,23,27,1
9298,266,24,45,1
9299,266,25,33,2
9300,266,26,48,1
9301,266,27,86,4
9302,266,28,24,1
9303,266,29,87,3
9304,266,30,39,1
9305,266,31,46,3
9306,266,32,33,1
9307,266,33,51,1
9308,266,34,43,0
9309,266,35,21,1
9310,267,1,57,1
9311,267,2,24,0
9312,267,3,18,0
9313,267,4,25,0
9314,267,5,25,0
9315,267,6,35,2
9316,267,7,26,1
9317,267,8,18,1
9318,267,9,15,0
9319,267,10,28,1
9320,267,11,87,3
9321,267,12,27,1
9322,267,13,55,3
9323,267,14,64,2
9324,267,15,94,3
9325,267,16,16,0
9326,267,17,28,0
9327,267,18,53,1
9328,267,19,37,0
9329,267,20,39,2
9330,267,21,18,1
9331,267,22,22,0
9332,267,23,29,2
9333,267,24,31,2
9334,267,25,20,1
9335,267,26,62,2
9336,267,27,17,1
9337,267,28,20,0
9338,267,29,30,2
9339,267,30,67,2
9340,267,31,17,0
9341,267,32,34,2
9342,267,33,30,0
9343,267,34,35,1
9344,267,35,27,1
9345,268,1,31,1
9346,268,2,75,3
9347,268,3,37,2
9348,268,4,57,2
9349,268,5,36,1
9350,268,6,77,4
9351,268,7,61,2
9352,268,8,89,4
9353,268,9,55,2
9354,268,10,53,1
9355,268,11,40,1
9356,268,12,77,3
9357,268,13,62,1
9358,268,14,68,2
9359,268,15,35,2
9360,268,16,61,3
9361,268,17,69,1
9362,268,18,63,1
9363,268,19,55,1
9364,268,20,86,2
9365,268,21,34,1
9366,268,22,36,2
9367,268,23,44,1
9368,268,24,26,1
9369,268,25,28,1
9370,268,26,34,2
9371,268,27,92,4
9372,268,28,92,5
9373,268,29,72,2
9374,268,30,65,4
9375,268,31,33,2
9376,268,32,35,2
9377,268,33,78,2
9378,268,34,44,2
9379,268,35,58,1
9380,269,1,71,3
9381,269,2,87,3
9382,269,3,166,3
9383,269,4,114,3
9384,269,5,146,8
9385,269,6,66,1
9386,269,7,101,5
9387,269,8,104,2
9388,269,9,67,2
9389,269,10,143,5
9390,269,11,60,3
9391,269,12,211,3
9392,269,13,78,4
9393,269,14,146,4
9394,269,15,132,4
9395,269,16,111,3
9396,269,17,72,4
9397,269,18,60,1
9398,269,19,124,0
9399,269,20,46,3
9400,269,21,75,3
9401,269,22,117,2
9402,269,23,186,3
9403,269,24,103,1
9404,269,25,76,4
9405,269,26,183,9
9406,269,27,116,3
9407,269,28,101,5
9408,269,29,79,3
9409,269,30,151,8
9410,269,31,121,2
9411,269,32,103,2
9412,269,33,87,0
9413,269,34,63,0
9414,269,35,49,1
9415,270,1,41,1
9416,270,2,102,4
9417,270,3,55,3
9418,270,4,94,4
9419,270,5,79,2
9420,270,6,119,4
9421,270,7,39,1
9422,270,8,81,1
9423,270,9,104,5
9424,270,10,73,4
9425,270,11,142,4
9426,270,12,69,2
9427,270,13,144,3
9428,270,14,100,5
9429,270,15,43,1
9430,270,16,147,6
9431,270,17,57,3
9432,270,18,73,3
9433,270,19,52,1
9434,270,20,97,2
9435,270,21,45,2
9436,270,22,79,3
9437,270,23,58,2
9438,270,24,84,4
9439,270,25,100,3
9440,270,26,25,1
9441,270,27,148,0
9442,270,28,114,3
9443,270,29,91,2
9444,270,30,65,0
9445,270,31,130,2
9446,270,32,56,3
9447,270,33,70,3
9448,270,34,75,0
9449,270,35,182,0
9450,271,1,30,1
9451,271,2,87,2
9452,271,3,50,2
9453,271,4,82,2
9454,271,5,59,3
9455,271,6,105,1
9456,271,7,116,3
9457,271,8,30,1
9458,271,9,28,1
9459,271,10,92,1
9460,271,11,81,2
9461,271,12,66,1
9462,271,13,18,1
9463,271,14,70,3
9464,271,15,166,5
9465,271,16,29,0
9466,271,17,40,0
9467,271,18,162,3
9468,271,19,62,1
9469,271,20,49,3
9470,271,21,45,2
9471,271,22,54,1
9472,271,23,47,2
9473,271,24,45,2
9474,271,25,45,1
9475,271,26,110,6
9476,271,27,66,3
9477,271,28,34,2
9478,271,29,124,3
9479,271,30,53,1
9480,271,31,74,2
9481,271,32,40,2
9482,271,33,46,3
9483,271,34,180,11
9484,271,35,35,1
9485,272,1,91,4
9486,272,2,93,0
9487,272,3,104,5
9488,272,4,173,7
9489,272,5,60,1
9490,272,6,68,2
9491,272,7,162,6
9492,272,8,78,4
9493,272,9,113,5
9494,272,10,125,4
9495,272,11,52,3
9496,272,12,111,6
9497,272,13,149,5
9498,272,14,38,0
9499,272,15,158,9
9500,272,16,77,2
9501,272,17,122,4
9502,272,18,194,9
9503,272,19,78,3
9504,272,20,147,7
9505,272,21,150,2
9506,272,22,87,1
9507,272,23,110,4
9508,272,24,74,3
9509,272,25,71,2
9510,272,26,79,3
9511,272,27,109,3
9512,272,28,88,4
9513,272,29,122,2
9514,272,30,76,2
9515,272,31,49,2
9516,272,32,62,2
9517,272,33,109,4
9518,272,34,46,0
9519,272,35,111,5
9520,273,1,128,3
9521,273,2,156,7
9522,273,3,43,1
9523,273,4,98,4
9524,273,5,114,4
9525,273,6,281,15
9526,273,7,129,5
9527,273,8,89,5
9528,273,9,112,1
9529,273,10,92,2
9530,273,11,83,2
9531,273,12,54,3
9532,273,13,106,2
9533,273,14,119,0
9534,273,15,116,2
9535,273,16,155,9
9536,273,17,106,6
9537,273,18,152,8
9538,273,19,48,2
9539,273,20,98,3
9540,273,21,56,2
9541,273,22,96,3
9542,273,23,116,0
9543,273,24,122,3
9544,273,25,109,1
9545,273,26,115,2
9546,273,27,139,2
9547,273,28,66,3
9548,273,29,75,3
9549,273,30,163,0
9550,273,31,118,5
9551,273,32,126,3
9552,273,33,60,2
9553,273,34,36,0
9554,273,35,79,2
9555,274,1,38,1
9556,274,2,46,1
9557,274,3,44,1
9558,274,4,205,11
9559,274,5,150,5
9560,274,6,41,1
9561,274,7,101,5
9562,274,8,111,2
9563,274,9,45,2
9564,274,10,76,0
9565,274,11,95,5
9566,274,12,143,6
9567,274,13,89,3
9568,274,14,73,3
9569,274,15,79,3
9570,274,16,134,8
9571,274,17,34,1
9572,274,18,54,3
9573,274,19,64,4
9574,274,20,33,2
9575,274,21,132,2
9576,274,22,108,6
9577,274,23,63,2
9578,274,24,111,0
9579,274,25,89,3
9580,274,26,50,2
9581,274,27,69,0
9582,274,28,221,7
9583,274,29,79,4
9584,274,30,80,0
9585,274,31,50,1
9586,274,32,117,6
9587,274,33,116,4
9588,274,34,43,1
9589,274,35,48,2
9590,275,1,45,1
9591,275,2,29,1
9592,275,3,95,3
9593,275,4,74,0
9594,275,5,82,1
9595,275,6,111,5
9596,275,7,153,6
9597,275,8,40,2
9598,275,9,88,4
9599,275,10,76,5
9600,275,11,111,5
9601,275,12,105,2
9602,275,13,74,1
9603,275,14,130,7
9604,275,15,66,1
9605,275,16,122,5
9606,275,17,36,2
9607,275,18,106,6
9608,275,19,97,5
9609,275,20,99,3
9610,275,21,30,1
9611,275,22,51,3
9612,275,23,105,5
9613,275,24,69,3
9614,275,25,48,1
9615,275,26,12,1
9616,275,27,58,3
9617,275,28,39,2
9618,275,29,81,5
9619,275,30,66,4
9620,275,31,30,2
9621,275,32,69,2
9622,275,33,106,2
9623,275,34,51,1
9624,275,35,107,6
9625,276,1,109,4
9626,276,2,82,0
9627,276,3,78,2
9628,276,4,72,4
9629,276,5,140,6
9630,276,6,56,1
9631,276,7,167,2
9632,276,8,63,3
9633,276,9,72,3
9634,276,10,50,1
9635,276,11,100,1
9636,276,12,142,4
9637,276,13,167,3
9638,276,14,192,6
9639,276,15,50,3
9640,276,16,50,2
9641,276,17,73,3
9642,276,18,122,0
9643,276,19,182,5
9644,276,20,58,1
9645,276,21,137,7
9646,276,22,54,1
9647,276,23,82,2
9648,276,24,92,3
9649,276,25,88,5
9650,276,26,73,2
9651,276,27,44,1
9652,276,28,114,5
9653,276,29,72,2
9654,276,30,92,5
9655,276,31,55,3
9656,276,32,69,1
9657,276,33,37,2
9658,276,34,66,2
9659,276,35,45,1
9660,277,1,80,1
9661,277,2,40,1
9662,277,3,40,2
9663,277,4,44,1
9664,277,5,60,1
9665,277,6,42,2
9666,277,7,105,4
9667,277,8,77,3
9668,277,9,82,2
9669,277,10,73,4
9670,277,11,57,3
9671,277,12,43,1
9672,277,13,69,2
9673,277,14,85,0
9674,277,15,72,4
9675,277,16,72,2
9676,277,17,51,2
9677,277,18,26,1
9678,277,19,53,2
9679,277,20,47,3
9680,277,21,59,3
9681,277,22,46,3
9682,277,23,69,1
9683,277,24,65,2
9684,277,25,69,3
9685,277,26,39,2
9686,277,27,71,3
9687,277,28,70,2
9688,277,29,92,2
9689,277,30,45,1
9690,277,31,28,0
9691,277,32,34,2
9692,277,33,55,1
9693,277,34,53,3
9694,277,35,43,1
9695,278,1,47,1
9696,278,2,81,4
9697,278,3,31,1
9698,278,4,33,1
9699,278,5,42,2
9700,278,6,39,1
9701,278,7,28,2
9702,278,8,69,3
9703,278,9,27,1
9704,278,10,45,2
9705,278,11,79,0
9706,278,12,28,1
9707,278,13,56,1
9708,278,14,31,1
9709,278,15,38,1
9710,278,16,45,2
9711,278,17,29,2
9712,278,18,15,1
9713,278,19,43,1
9714,278,20,32,2
9715,278,21,39,2
9716,278,22,6,0
9717,278,23,19,0
9718,278,24,24,1
9719,278,25,54,3
9720,278,26,27,1
9721,278,27,65,0
9722,278,28,33,0
9723,278,29,15,1
9724,278,30,51,1
9725,278,31,40,2
9726,278,32,82,0
9727,278,33,19,1
9728,278,34,58,1
9729,278,35,30,1
9730,279,1,31,0
9731,279,2,50,2
9732,279,3,16,0
9733,279,4,33,0
9734,279,5,23,1
9735,279,6,40,1
9736,279,7,49,0
9737,279,8,37,1
9738,279,9,15,1
9739,279,10,16,1
9740,279,11,26,1
9741,279,12,15,0
9742,279,13,34,1
9743,279,14,26,0
9744,279,15,11,0
9745,279,16,33,1
9746,279,17,30,1
9747,279,18,37,2
9748,279,19,26,1
9749,279,20,43,1
9750,279,21,44,1
9751,279,22,35,2
9752,279,23,24,0
9753,279,24,52,2
9754,279,25,33,1
9755,279,26,24,0
9756,279,27,53,2
9757,279,28,77,2
9758,279,29,26,1
9759,279,30,53,2
9760,279,31,19,1
9761,279,32,66,4
9762,279,33,55,2
9763,279,34,15,0
9764,279,35,26,1
9765,280,1,77,3
9766,280,2,28,0
9767,280,3,48,3
9768,280,4,37,1
9769,280,5,56,3
9770,280,6,48,1
9771,280,7,45,1
9772,280,8,43,1
9773,280,9,27,1
9774,280,10,85,3
9775,280,11,46,2
9776,280,12,69,2
9777,280,13,90,5
9778,280,14,56,3
9779,280,15,89,4
9780,280,16,59,2
9781,280,17,36,2
9782,280,18,29,0
9783,280,19,49,1
9784,280,20,40,0
9785,280,21,50,0
9786,280,22,30,2
9787,280,23,48,0
9788,280,24,38,1
9789,280,25,37,2
9790,280,26,48,1
9791,280,27,53,2
9792,280,28,28,1
9793,280,29,39,1
9794,280,30,46,3
9795,280,31,35,1
9796,280,32,20,1
9797,280,33,81,3
9798,280,34,63,3
9799,280,35,39,2
9800,281,1,52,3
9801,281,2,21,1
9802,281,3,54,2
9803,281,4,75,2
9804,281,5,47,1
9805,281,6,37,2
9806,281,7,76,1
9807,281,8,53,2
9808,281,9,56,2
9809,281,10,69,2
9810,281,11,35,1
9811,281,12,80,5
9812,281,13,69,4
9813,281,14,73,0
9814,281,15,44,2
9815,281,16,89,4
9816,281,17,67,3
9817,281,18,106,5
9818,281,19,98,5
9819,281,20,99,2
9820,281,21,78,2
9821,281,22,45,1
9822,281,23,84,5
9823,281,24,62,4
9824,281,25,72,2
9825,281,26,49,1
9826,281,27,96,2
9827,281,28,43,2
9828,281,29,32,1
9829,281,30,44,1
9830,281,31,73,4
9831,281,32,48,3
9832,281,33,72,2
9833,281,34,29,1
9834,281,35,45,2
9835,282,1,36,2
9836,282,2,43,0
9837,282,3,18,1
9838,282,4,23,0
9839,282,5,31,1
9840,282,6,44,2
9841,282,7,53,2
9842,282,8,111,3
9843,282,9,43,1
9844,282,10,69,1
9845,282,11,49,1
9846,282,12,67,4
9847,282,13,44,2
9848,282,14,29,1
9849,282,15,17,0
9850,282,16,60,1
9851,282,17,65,4
9852,282,18,65,2
9853,282,19,55,1
9854,282,20,36,2
9855,282,21,56,2
9856,282,22,39,1
9857,282,23,27,1
9858,282,24,68,0
9859,282,25,18,1
9860,282,26,56,2
9861,282,27,37,0
9862,282,28,66,0
9863,282,29,41,2
9864,282,30,58,0
9865,282,31,25,1
9866,282,32,37,0
9867,282,33,21,1
9868,282,34,20,1
9869,282,35,17,0
9870,283,1,35,2
9871,283,2,29,1
9872,283,3,40,2
9873,283,4,24,1
9874,283,5,34,1
9875,283,6,42,1
9876,283,7,14,1
9877,283,8,38,2
9878,283,9,33,0
9879,283,10,24,1
9880,283,11,39,0
9881,283,12,45,2
9882,283,13,30,1
9883,283,14,47,0
9884,283,15,46,1
9885,283,16,23,0
9886,283,17,42,1
9887,283,18,25,1
9888,283,19,41,1
9889,283,20,8,0
9890,283,21,26,1
9891,283,22,7,0
9892,283,23,13,0
9893,283,24,44,1
9894,283,25,54,3
9895,283,26,29,1
9896,283,27,72,3
9897,283,28,23,1
9898,283,29,83,2
9899,283,30,42,2
9900,283,31,58,3
9901,283,32,30,1
9902,283,33,7,0
9903,283,34,40,2
9904,283,35,46,1
9905,284,1,67,2
9906,284,2,35,1
9907,284,3,43,1
9908,284,4,54,1
9909,284,5,50,1
9910,284,6,46,1
9911,284,7,57,2
9912,284,8,91,1
9913,284,9,68,3
9914,284,10,46,2
9915,284,11,81,2
9916,284,12,8,0
9917,284,13,76,2
9918,284,14,28,1
9919,284,15,75,3
9920,284,16,34,1
9921,284,17,66,3
9922,284,18,48,0
9923,284,19,29,1
9924,284,20,92,5
9925,284,21,28,1
9926,284,22,33,1
9927,284,23,27,1
9928,284,24,63,1
9929,284,25,53,2
9930,284,26,72,2
9931,284,27,18,1
9932,284,28,72,2
9933,284,29,60,3
9934,284,30,71,3
9935,284,31,54,1
9936,284,32,28,1
9937,284,33,33,1
9938,284,34,55,3
9939,284,35,29,1
9940,285,1,61,1
9941,285,2,50,1
9942,285,3,48,1
9943,285,4,140,3
9944,285,5,88,5
9945,285,6,67,4
9946,285,7,74,4
9947,285,8,70,3
9948,285,9,54,1
9949,285,10,68,3
9950,285,11,88,4
9951,285,12,103,0
9952,285,13,95,3
9953,285,14,31,1
9954,285,15,61,2
9955,285,16,26,1
9956,285,17,60,3
9957,285,18,68,2
9958,285,19,34,1
9959,285,20,60,3
9960,285,21,51,1
9961,285,22,65,2
9962,285,23,60,2
9963,285,24,68,2
9964,285,25,106,3
9965,285,26,38,1
9966,285,27,27,1
9967,285,28,91,2
9968,285,29,82,1
9969,285,30,30,1
9970,285,31,111,4
9971,285,32,93,4
9972,285,33,67,0
9973,285,34,71,3
9974,285,35,110,2
9975,286,1,82,5
9976,286,2,31,2
9977,286,3,34,1
9978,286,4,40,0
9979,286,5,36,1
9980,286,6,33,1
9981,286,7,122,1
9982,286,8,11,0
9983,286,9,46,1
9984,286,10,20,0
9985,286,11,54,0
9986,286,12,71,1
9987,286,13,39,0
9988,286,14,61,2
9989,286,15,37,2
9990,286,16,36,1
9991,286,17,44,1
9992,286,18,23,1
9993,286,19,36,1
9994,286,20,26,1
9995,286,21,58,2
9996,286,22,46,2
9997,286,23,39,1
9998,286,24,14,0
9999,286,25,46,1
10000,286,26,50,3
10001,286,27,38,1
10002,286,28,77,0
10003,286,29,61,2
10004,286,30,54,0
10005,286,31,100,3
10006,286,32,43,2
10007,286,33,21,1
10008,286,34,73,4
10009,286,35,71,1
10010,287,1,33,0
10011,287,2,34,2
10012,287,3,52,2
10013,287,4,52,0
10014,287,5,43,2
10015,287,6,57,1
10016,287,7,47,2
10017,287,8,24,0
10018,287,9,33,1
10019,287,10,80,2
10020,287,11,45,3
10021,287,12,33,0
10022,287,13,43,2
10023,287,14,16,0
10024,287,15,62,1
10025,287,16,46,1
10026,287,17,65,3
10027,287,18,36,1
10028,287,19,29,1
10029,287,20,31,1
10030,287,21,65,1
10031,287,22,31,1
10032,287,23,53,2
10033,287,24,37,0
10034,287,25,81,4
10035,287,26,76,3
10036,287,27,32,2
10037,287,28,34,1
10038,287,29,19,0
10039,287,30,19,0
10040,287,31,16,0
10041,287,32,70,1
10042,287,33,43,2
10043,287,34,38,2
10044,287,35,39,0
10045,288,1,23,1
10046,288,2,76,1
10047,288,3,73,1
10048,288,4,26,1
10049,288,5,28,1
10050,288,6,85,5
10051,288,7,98,5
10052,288,8,58,1
10053,288,9,57,2
10054,288,10,74,4
10055,288,11,98,3
10056,288,12,28,1
10057,288,13,78,2
10058,288,14,84,3
10059,288,15,53,1
10060,288,16,59,1
10061,288,17,68,4
10062,288,18,35,1
10063,288,19,70,1
10064,288,20,36,1
10065,288,21,39,1
10066,288,22,46,2
10067,288,23,37,1
10068,288,24,45,0
10069,288,25,120,5
10070,288,26,45,2
10071,288,27,46,2
10072,288,28,73,3
10073,288,29,35,1
10074,288,30,72,2
10075,288,31,38,1
10076,288,32,69,3
10077,288,33,98,2
10078,288,34,52,2
10079,288,35,83,3
10080,289,1,92,5
10081,289,2,59,2
10082,289,3,131,4
10083,289,4,75,1
10084,289,5,90,2
10085,289,6,95,2
10086,289,7,61,1
10087,289,8,88,5
10088,289,9,74,2
10089,289,10,63,3
10090,289,11,61,3
10091,289,12,84,0
10092,289,13,57,3
10093,289,14,63,1
10094,289,15,56,3
10095,289,16,37,0
10096,289,17,63,2
10097,289,18,58,3
10098,289,19,63,3
10099,289,20,91,4
10100,289,21,108,6
10101,289,22,88,4
10102,289,23,71,2
10103,289,24,165,9
10104,289,25,30,0
10105,289,26,91,3
10106,289,27,77,3
10107,289,28,81,3
10108,289,29,70,3
10109,289,30,65,2
10110,289,31,90,2
10111,289,32,45,2
10112,289,33,52,3
10113,289,34,21,0
10114,289,35,67,2
10115,290,1,35,1
10116,290,2,28,2
10117,290,3,23,1
10118,290,4,42,0
10119,290,5,87,1
10120,290,6,33,2
10121,290,7,69,2
10122,290,8,24,1
10123,290,9,18,1
10124,290,10,45,0
10125,290,11,66,0
10126,290,12,142,6
10127,290,13,47,1
10128,290,14,54,0
10129,290,15,47,2
10130,290,16,91,5
10131,290,17,28,0
10132,290,18,59,3
10133,290,19,34,1
10134,290,20,49,3
10135,290,21,31,1
10136,290,22,49,2
10137,290,23,64,2
10138,290,24,37,0
10139,290,25,29,1
10140,290,26,31,1
10141,290,27,72,2
10142,290,28,60,0
10143,290,29,15,0
10144,290,30,56,3
10145,290,31,55,3
10146,290,32,21,1
10147,290,33,54,2
10148,290,34,40,2
10149,290,35,71,2
10150,291,1,26,1
10151,291,2,29,2
10152,291,3,40,2
10153,291,4,34,0
10154,291,5,47,2
10155,291,6,40,0
10156,291,7,34,2
10157,291,8,44,0
10158,291,9,29,1
10159,291,10,35,1
10160,291,11,24,0
10161,291,12,24,1
10162,291,13,36,1
10163,291,14,34,1
10164,291,15,89,5
10165,291,16,46,2
10166,291,17,30,1
10167,291,18,44,1
10168,291,19,45,1
10169,291,20,19,0
10170,291,21,55,1
10171,291,22,49,3
10172,291,23,25,1
10173,291,24,100,6
10174,291,25,43,0
10175,291,26,27,2
10176,291,27,73,2
10177,291,28,15,1
10178,291,29,59,2
10179,291,30,31,1
10180,291,31,86,1
10181,291,32,35,1
10182,291,33,92,3
10183,291,34,51,3
10184,291,35,35,1
10185,292,1,20,0
10186,292,2,79,2
10187,292,3,49,1
10188,292,4,69,4
10189,292,5,80,1
10190,292,6,87,5
10191,292,7,100,1
10192,292,8,56,3
10193,292,9,114,6
10194,292,10,64,2
10195,292,11,43,2
10196,292,12,69,1
10197,292,13,61,2
10198,292,14,102,4
10199,292,15,98,6
10200,292,16,47,3
10201,292,17,40,0
10202,292,18,77,0
10203,292,19,31,1
10204,292,20,66,2
10205,292,21,67,3
10206,292,22,127,3
10207,292,23,22,0
10208,292,24,128,6
10209,292,25,54,2
10210,292,26,27,1
10211,292,27,67,1
10212,292,28,74,3
10213,292,29,29,1
10214,292,30,116,2
10215,292,31,18,0
10216,292,32,23,1
10217,292,33,37,2
10218,292,34,42,2
10219,292,35,117,5
10220,293,1,81,4
10221,293,2,42,1
10222,293,3,69,3
10223,293,4,51,2
10224,293,5,101,5
10225,293,6,129,2
10226,293,7,103,2
10227,293,8,111,5
10228,293,9,145,7
10229,293,10,127,4
10230,293,11,30,0
10231,293,12,47,2
10232,293,13,139,4
10233,293,14,137,6
10234,293,15,61,2
10235,293,16,139,6
10236,293,17,116,6
10237,293,18,112,1
10238,293,19,74,2
10239,293,20,76,2
10240,293,21,80,3
10241,293,22,32,1
10242,293,23,74,0
10243,293,24,104,5
10244,293,25,132,7
10245,293,26,69,2
10246,293,27,86,2
10247,293,28,113,4
10248,293,29,153,9
10249,293,30,67,1
10250,293,31,122,6
10251,293,32,44,1
10252,293,33,121,0
10253,293,34,66,2
10254,293,35,103,3
10255,294,1,38,1
10256,294,2,42,2
10257,294,3,26,1
10258,294,4,37,0
10259,294,5,120,0
10260,294,6,49,2
10261,294,7,22,1
10262,294,8,55,2
10263,294,9,73,3
10264,294,10,33,0
10265,294,11,68,3
10266,294,12,113,5
10267,294,13,75,2
10268,294,14,24,0
10269,294,15,40,1
10270,294,16,45,1
10271,294,17,122,5
10272,294,18,114,7
10273,294,19,38,1
10274,294,20,70,3
10275,294,21,55,1
10276,294,22,32,1
10277,294,23,73,2
10278,294,24,55,0
10279,294,25,57,1
10280,294,26,63,3
10281,294,27,54,0
10282,294,28,70,4
10283,294,29,59,1
10284,294,30,63,2
10285,294,31,44,2
10286,294,32,36,1
10287,294,33,55,2
10288,294,34,44,1
10289,294,35,34,1
10290,295,1,52,1
10291,295,2,44,2
10292,295,3,32,2
10293,295,4,40,0
10294,295,5,38,1
10295,295,6,77,2
10296,295,7,42,2
10297,295,8,38,2
10298,295,9,36,2
10299,295,10,65,3
10300,295,11,45,1
10301,295,12,37,1
10302,295,13,64,3
10303,295,14,37,2
10304,295,15,15,1
10305,295,16,156,4
10306,295,17,37,2
10307,295,18,40,2
10308,295,19,83,3
10309,295,20,99,5
10310,295,21,77,3
10311,295,22,55,3
10312,295,23,56,3
10313,295,24,78,0
10314,295,25,43,0
10315,295,26,23,1
10316,295,27,45,1
10317,295,28,17,0
10318,295,29,59,3
10319,295,30,52,1
10320,295,31,25,0
10321,295,32,53,1
10322,295,33,48,1
10323,295,34,75,3
10324,295,35,80,4
10325,296,1,21,1
10326,296,2,67,4
10327,296,3,88,4
10328,296,4,28,2
10329,296,5,124,2
10330,296,6,109,0
10331,296,7,47,2
10332,296,8,206,6
10333,296,9,89,2
10334,296,10,98,3
10335,296,11,83,1
10336,296,12,113,6
10337,296,13,81,1
10338,296,14,72,3
10339,296,15,81,3
10340,296,16,42,2
10341,296,17,150,2
10342,296,18,53,0
10343,296,19,102,2
10344,296,20,70,1
10345,296,21,80,3
10346,296,22,141,3
10347,296,23,69,3
10348,296,24,74,0
10349,296,25,55,1
10350,296,26,37,0
10351,296,27,108,6
10352,296,28,25,1
10353,296,29,66,2
10354,296,30,107,4
10355,296,31,112,1
10356,296,32,83,2
10357,296,33,32,1
10358,296,34,44,1
10359,296,35,71,1
10360,297,1,205,3
10361,297,2,148,2
10362,297,3,109,2
10363,297,4,171,2
10364,297,5,132,8
10365,297,6,204,3
10366,297,7,35,1
10367,297,8,128,6
10368,297,9,102,3
10369,297,10,73,2
10370,297,11,93,4
10371,297,12,124,2
10372,297,13,98,5
10373,297,14,143,8
10374,297,15,133,3
10375,297,16,65,2
10376,297,17,113,2
10377,297,18,138,8
10378,297,19,84,4
10379,297,20,98,2
10380,297,21,169,10
10381,297,22,58,2
10382,297,23,85,4
10383,297,24,109,2
10384,297,25,121,1
10385,297,26,109,6
10386,297,27,184,5
10387,297,28,186,8
10388,297,29,89,3
10389,297,30,127,4
10390,297,31,105,3
10391,297,32,112,6
10392,297,33,89,3
10393,297,34,67,3
10394,297,35,118,4
10395,298,1,90,3
10396,298,2,59,3
10397,298,3,90,2
10398,298,4,57,1
10399,298,5,31,1
10400,298,6,56,1
10401,298,7,80,2
10402,298,8,50,2
10403,298,9,87,0
10404,298,10,34,1
10405,298,11,51,2
10406,298,12,128,3
10407,298,13,96,1
10408,298,14,60,3
10409,298,15,74,1
10410,298,16,95,1
10411,298,17,113,6
10412,298,18,102,4
10413,298,19,50,2
10414,298,20,69,4
10415,298,21,53,1
10416,298,22,69,2
10417,298,23,64,2
10418,298,24,44,0
10419,298,25,34,1
10420,298,26,105,1
10421,298,27,91,2
10422,298,28,29,1
10423,298,29,89,4
10424,298,30,69,3
10425,298,31,73,4
10426,298,32,48,2
10427,298,33,28,1
10428,298,34,121,0
10429,298,35,144,7
10430,299,1,64,2
10431,299,2,133,8
10432,299,3,44,1
10433,299,4,62,0
10434,299,5,53,1
10435,299,6,64,3
10436,299,7,49,2
10437,299,8,52,2
10438,299,9,70,4
10439,299,10,139,0
10440,299,11,188,5
10441,299,12,102,4
10442,299,13,78,2
10443,299,14,36,1
10444,299,15,47,3
10445,299,16,44,2
10446,299,17,52,1
10447,299,18,72,4
10448,299,19,70,4
10449,299,20,83,5
10450,299,21,101,6
10451,299,22,33,2
10452,299,23,46,2
10453,299,24,38,0
10454,299,25,41,1
10455,299,26,119,4
10456,299,27,44,2
10457,299,28,129,4
10458,299,29,57,3
10459,299,30,135,7
10460,299,31,93,5
10461,299,32,31,1
10462,299,33,62,3
10463,299,34,46,1
10464,299,35,55,0
10465,300,1,106,2
10466,300,2,62,2
10467,300,3,46,2
10468,300,4,125,4
10469,300,5,121,5
10470,300,6,77,0
10471,300,7,100,5
10472,300,8,134,6
10473,300,9,127,5
10474,300,10,68,4
10475,300,11,195,8
10476,300,12,167,6
10477,300,13,83,5
10478,300,14,89,3
10479,300,15,85,4
10480,300,16,137,3
10481,300,17,72,1
10482,300,18,66,3
10483,300,19,174,3
10484,300,20,99,4
10485,300,21,68,0
10486,300,22,103,2
10487,300,23,109,2
10488,300,24,108,5
10489,300,25,83,2
10490,300,26,33,1
10491,300,27,77,4
10492,300,28,74,2
10493,300,29,154,8
10494,300,30,111,0
10495,300,31,178,9
10496,300,32,64,3
10497,300,33,53,3
10498,300,34,154,6
10499,300,35,56,3
10500,301,1,119,2
10501,301,2,96,1
10502,301,3,107,6
10503,301,4,103,3
10504,301,5,127,6
10505,301,6,81,4
10506,301,7,104,2
10507,301,8,95,2
10508,301,9,321,14
10509,301,10,131,4
10510,301,11,149,6
10511,301,12,104,0
10512,301,13,169,3
10513,301,14,60,2
10514,301,15,250,14
10515,301,16,213,6
10516,301,17,104,4
10517,301,18,49,2
10518,301,19,263,6
10519,301,20,145,3
10520,301,21,91,3
10521,301,22,81,1
10522,301,23,118,7
10523,301,24,84,3
10524,301,25,44,1
10525,301,26,86,3
10526,301,27,84,3
10527,301,28,156,3
10528,301,29,87,3
10529,301,30,154,2
10530,301,31,81,5
10531,301,32,154,8
10532,301,33,140,8
10533,301,34,113,5
10534,301,35,138,4
10535,302,1,102,5
10536,302,2,52,2
10537,302,3,151,5
10538,302,4,75,2
10539,302,5,47,1
10540,302,6,49,1
10541,302,7,69,2
10542,302,8,48,2
10543,302,9,74,3
10544,302,10,41,2
10545,302,11,122,1
10546,302,12,39,2
10547,302,13,96,2
10548,302,14,53,1
10549,302,15,78,4
10550,302,16,98,0
10551,302,17,69,4
10552,302,18,79,2
10553,302,19,29,2
10554,302,20,30,1
10555,302,21,89,4
10556,302,22,121,5
10557,302,23,61,2
10558,302,24,30,0
10559,302,25,81,1
10560,302,26,79,5
10561,302,27,84,1
10562,302,28,72,2
10563,302,29,51,1
10564,302,30,93,5
10565,302,31,131,2
10566,302,32,92,3
10567,302,33,43,1
10568,302,34,92,0
10569,302,35,62,3
10570,303,1,22,1
10571,303,2,76,3
10572,303,3,85,4
10573,303,4,35,0
10574,303,5,151,9
10575,303,6,88,0
10576,303,7,38,1
10577,303,8,63,1
10578,303,9,74,2
10579,303,10,79,0
10580,303,11,135,5
10581,303,12,55,2
10582,303,13,61,2
10583,303,14,94,4
10584,303,15,26,0
10585,303,16,132,2
10586,303,17,25,0
10587,303,18,34,0
10588,303,19,62,3
10589,303,20,41,2
10590,303,21,28,1
10591,303,22,49,1
10592,303,23,143,8
10593,303,24,69,0
10594,303,25,25,1
10595,303,26,78,3
10596,303,27,39,2
10597,303,28,126,6
10598,303,29,101,5
10599,303,30,24,1
10600,303,31,79,1
10601,303,32,39,1
10602,303,33,31,1
10603,303,34,49,2
10604,303,35,40,0
10605,304,1,156,3
10606,304,2,48,2
10607,304,3,103,5
10608,304,4,102,4
10609,304,5,84,2
10610,304,6,44,2
10611,304,7,75,1
10612,304,8,114,5
10613,304,9,117,1
10614,304,10,161,7
10615,304,11,81,3
10616,304,12,70,3
10617,304,13,65,2
10618,304,14,109,2
10619,304,15,220,8
10620,304,16,50,3
10621,304,17,38,2
10622,304,18,53,1
10623,304,19,66,3
10624,304,20,32,2
10625,304,21,61,0
10626,304,22,105,6
10627,304,23,78,1
10628,304,24,38,1
10629,304,25,77,2
10630,304,26,64,1
10631,304,27,49,2
10632,304,28,170,5
10633,304,29,39,1
10634,304,30,34,0
10635,304,31,76,3
10636,304,32,136,7
10637,304,33,35,2
10638,304,34,87,3
10639,304,35,121,3
10640,305,1,48,2
10641,305,2,46,2
10642,305,3,72,4
10643,305,4,56,2
10644,305,5,69,3
10645,305,6,74,3
10646,305,7,40,2
10647,305,8,70,3
10648,305,9,132,7
10649,305,10,79,5
10650,305,11,54,1
10651,305,12,40,0
10652,305,13,72,3
10653,305,14,52,2
10654,305,15,63,3
10655,305,16,52,2
10656,305,17,32,1
10657,305,18,47,1
10658,305,19,43,2
10659,305,20,58,1
10660,305,21,35,1
10661,305,22,59,1
10662,305,23,60,2
10663,305,24,55,3
10664,305,25,43,2
10665,305,26,66,2
10666,305,27,65,3
10667,305,28,34,0
10668,305,29,97,4
10669,305,30,29,1
10670,305,31,67,2
10671,305,32,154,2
10672,305,33,96,0
10673,305,34,156,8
10674,305,35,47,2
10675,306,1,35,2
10676,306,2,25,1
10677,306,3,50,1
10678,306,4,34,0
10679,306,5,42,2
10680,306,6,24,0
10681,306,7,44,1
10682,306,8,45,0
10683,306,9,71,0
10684,306,10,59,1
10685,306,11,21,1
10686,306,12,48,0
10687,306,13,26,1
10688,306,14,27,0
10689,306,15,24,0
10690,306,16,27,1
10691,306,17,63,2
10692,306,18,78,3
10693,306,19,32,2
10694,306,20,36,1
10695,306,21,81,4
10696,306,22,19,0
10697,306,23,19,0
10698,306,24,53,1
10699,306,25,72,3
10700,306,26,32,1
10701,306,27,30,2
10702,306,28,31,1
10703,306,29,71,3
10704,306,30,23,0
10705,306,31,77,1
10706,306,32,110,0
10707,306,33,70,3
10708,306,34,17,0
10709,306,35,21,0
10710,307,1,11,0
10711,307,2,52,3
10712,307,3,18,1
10713,307,4,26,0
10714,307,5,24,1
10715,307,6,27,1
10716,307,7,22,0
10717,307,8,24,0
10718,307,9,27,1
10719,307,10,20,0
10720,307,11,35,0
10721,307,12,65,1
10722,307,13,40,1
10723,307,14,14,1
10724,307,15,15,0
10725,307,16,11,0
10726,307,17,23,1
10727,307,18,21,0
10728,307,19,32,2
10729,307,20,11,0
10730,307,21,36,1
10731,307,22,12,1
10732,307,23,43,1
10733,307,24,46,1
10734,307,25,67,3
10735,307,26,16,1
10736,307,27,44,2
10737,307,28,40,2
10738,307,29,21,1
10739,307,30,44,1
10740,307,31,38,1
10741,307,32,28,2
10742,307,33,21,1
10743,307,34,25,1
10744,307,35,38,2
10745,308,1,55,1
10746,308,2,29,1
10747,308,3,48,1
10748,308,4,55,3
10749,308,5,57,3
10750,308,6,75,4
10751,308,7,56,1
10752,308,8,35,1
10753,308,9,62,3
10754,308,10,84,4
10755,308,11,90,3
10756,308,12,62,2
10757,308,13,37,2
10758,308,14,36,2
10759,308,15,36,1
10760,308,16,54,2
10761,308,17,57,3
10762,308,18,44,2
10763,308,19,61,3
10764,308,20,25,1
10765,308,21,29,0
10766,308,22,82,3
10767,308,23,49,1
10768,308,24,25,1
10769,308,25,42,2
10770,308,26,45,1
10771,308,27,26,1
10772,308,28,16,1
10773,308,29,45,2
10774,308,30,18,1
10775,308,31,68,3
10776,308,32,58,3
10777,308,33,95,4
10778,308,34,58,2
10779,308,35,39,1
10780,309,1,29,1
10781,309,2,66,2
10782,309,3,15,0
10783,309,4,42,3
10784,309,5,59,2
10785,309,6,30,2
10786,309,7,30,1
10787,309,8,55,1
10788,309,9,18,1
10789,309,10,104,5
10790,309,11,51,2
10791,309,12,52,2
10792,309,13,105,1
10793,309,14,97,4
10794,309,15,41,1
10795,309,16,52,3
10796,309,17,53,2
10797,309,18,103,2
10798,309,19,45,1
10799,309,20,120,5
10800,309,21,52,1
10801,309,22,30,1
10802,309,23,44,1
10803,309,24,53,1
10804,309,25,52,2
10805,309,26,91,4
10806,309,27,77,4
10807,309,28,54,2
10808,309,29,56,3
10809,309,30,9,0
10810,309,31,83,3
10811,309,32,45,3
10812,309,33,57,0
10813,309,34,50,2
10814,309,35,25,1
10815,310,1,40,1
10816,310,2,48,2
10817,310,3,60,2
10818,310,4,29,1
10819,310,5,53,2
10820,310,6,25,1
10821,310,7,48,2
10822,310,8,37,1
10823,310,9,15,1
10824,310,10,14,0
10825,310,11,32,1
10826,310,12,38,0
10827,310,13,26,1
10828,310,14,31,1
10829,310,15,35,1
10830,310,16,15,1
10831,310,17,53,2
10832,310,18,48,3
10833,310,19,70,1
10834,310,20,39,2
10835,310,21,50,1
10836,310,22,78,3
10837,310,23,74,2
10838,310,24,38,0
10839,310,25,17,1
10840,310,26,44,1
10841,310,27,52,2
10842,310,28,24,1
10843,310,29,62,2
10844,310,30,40,2
10845,310,31,42,1
10846,310,32,52,0
10847,310,33,47,3
10848,310,34,51,0
10849,310,35,43,1
10850,311,1,30,2
10851,311,2,20,1
10852,311,3,32,2
10853,311,4,30,0
10854,311,5,41,1
10855,311,6,27,1
10856,311,7,18,1
10857,311,8,16,1
10858,311,9,18,1
10859,311,10,8,0
10860,311,11,25,1
10861,311,12,26,0
10862,311,13,20,1
10863,311,14,42,2
10864,311,15,18,0
10865,311,16,33,1
10866,311,17,45,3
10867,311,18,36,2
10868,311,19,39,1
10869,311,20,25,1
10870,311,21,17,0
10871,311,22,42,0
10872,311,23,68,2
10873,311,24,31,1
10874,311,25,46,0
10875,311,26,63,2
10876,311,27,28,1
10877,311,28,38,1
10878,311,29,49,2
10879,311,30,24,1
10880,311,31,38,1
10881,311,32,18,0
10882,311,33,42,2
10883,311,34,80,2
10884,311,35,22,1
10885,312,1,17,1
10886,312,2,27,1
10887,312,3,27,1
10888,312,4,29,1
10889,312,5,27,1
10890,312,6,68,1
10891,312,7,143,4
10892,312,8,78,3
10893,312,9,30,1
10894,312,10,56,3
10895,312,11,28,1
10896,312,12,47,1
10897,312,13,46,2
10898,312,14,41,1
10899,312,15,56,3
10900,312,16,51,2
10901,312,17,32,1
10902,312,18,47,2
10903,312,19,74,4
10904,312,20,22,1
10905,312,21,40,1
10906,312,22,29,1
10907,312,23,25,1
10908,312,24,52,1
10909,312,25,34,1
10910,312,26,44,0
10911,312,27,11,0
10912,312,28,47,0
10913,312,29,55,1
10914,312,30,42,2
10915,312,31,53,2
10916,312,32,34,1
10917,312,33,49,1
10918,312,34,79,3
10919,312,35,45,2
10920,313,1,123,6
10921,313,2,71,4
10922,313,3,90,5
10923,313,4,53,1
10924,313,5,63,1
10925,313,6,44,1
10926,313,7,52,2
10927,313,8,148,8
10928,313,9,77,3
10929,313,10,56,3
10930,313,11,111,4
10931,313,12,63,3
10932,313,13,40,1
10933,313,14,61,1
10934,313,15,111,2
10935,313,16,57,2
10936,313,17,51,2
10937,313,18,32,1
10938,313,19,81,5
10939,313,20,81,2
10940,313,21,96,4
10941,313,22,114,6
10942,313,23,71,4
10943,313,24,65,1
10944,313,25,81,4
10945,313,26,32,1
10946,313,27,45,2
10947,313,28,37,1
10948,313,29,170,8
10949,313,30,54,1
10950,313,31,64,1
10951,313,32,125,4
10952,313,33,58,3
10953,313,34,70,4
10954,313,35,44,2
10955,314,1,24,1
10956,314,2,52,2
10957,314,3,71,3
10958,314,4,55,2
10959,314,5,42,1
10960,314,6,31,0
10961,314,7,26,0
10962,314,8,84,2
10963,314,9,41,2
10964,314,10,61,4
10965,314,11,56,1
10966,314,12,30,2
10967,314,13,67,1
10968,314,14,33,1
10969,314,15,85,1
10970,314,16,71,3
10971,314,17,52,2
10972,314,18,46,1
10973,314,19,54,1
10974,314,20,38,2
10975,314,21,28,1
10976,314,22,40,2
10977,314,23,45,2
10978,314,24,31,2
10979,314,25,41,2
10980,314,26,121,7
10981,314,27,36,0
10982,314,28,33,1
10983,314,29,37,2
10984,314,30,53,1
10985,314,31,124,7
10986,314,32,27,2
10987,314,33,43,2
10988,314,34,29,0
10989,314,35,35,1
10990,315,1,36,1
10991,315,2,44,2
10992,315,3,42,2
10993,315,4,17,0
10994,315,5,34,1
10995,315,6,44,0
10996,315,7,39,2
10997,315,8,68,1
10998,315,9,48,1
10999,315,10,73,1
11000,315,11,34,1
11001,315,12,46,2
11002,315,13,29,1
11003,315,14,28,2
11004,315,15,58,3
11005,315,16,27,1
11006,315,17,62,4
11007,315,18,78,2
11008,315,19,75,4
11009,315,20,37,2
11010,315,21,78,4
11011,315,22,46,1
11012,315,23,20,1
11013,315,24,41,2
11014,315,25,15,1
11015,315,26,25,1
11016,315,27,39,1
11017,315,28,44,2
11018,315,29,19,0
11019,315,30,19,1
11020,315,31,34,2
11021,315,32,26,1
11022,315,33,75,1
11023,315,34,35,0
11024,315,35,29,0
11025,316,1,96,2
11026,316,2,92,4
11027,316,3,23,1
11028,316,4,61,2
11029,316,5,88,1
11030,316,6,76,0
11031,316,7,67,1
11032,316,8,54,2
11033,316,9,42,2
11034,316,10,96,4
11035,316,11,50,2
11036,316,12,38,1
11037,316,13,46,2
11038,316,14,45,2
11039,316,15,72,3
11040,316,16,17,1
11041,316,17,39,1
11042,316,18,65,2
11043,316,19,46,2
11044,316,20,58,1
11045,316,21,39,2
11046,316,22,50,2
11047,316,23,28,1
11048,316,24,69,2
11049,316,25,39,2
11050,316,26,139,5
11051,316,27,53,2
11052,316,28,43,0
11053,316,29,82,4
11054,316,30,72,1
11055,316,31,57,3
11056,316,32,44,1
11057,316,33,82,4
11058,316,34,60,1
11059,316,35,81,2
11060,317,1,45,2
11061,317,2,65,3
11062,317,3,60,2
11063,317,4,78,4
11064,317,5,99,4
11065,317,6,23,1
11066,317,7,187,7
11067,317,8,100,5
11068,317,9,37,0
11069,317,10,101,4
11070,317,11,38,2
11071,317,12,55,3
11072,317,13,120,7
11073,317,14,96,4
11074,317,15,72,4
11075,317,16,68,1
11076,317,17,122,6
11077,317,18,114,7
11078,317,19,94,3
11079,317,20,52,3
11080,317,21,134,7
11081,317,22,52,2
11082,317,23,76,3
11083,317,24,67,2
11084,317,25,80,1
11085,317,26,110,5
11086,317,27,71,2
11087,317,28,51,1
11088,317,29,46,2
11089,317,30,55,3
11090,317,31,126,0
11091,317,32,45,2
11092,317,33,44,2
11093,317,34,70,4
11094,317,35,113,5
11095,318,1,25,0
11096,318,2,67,3
11097,318,3,3,0
11098,318,4,51,2
11099,318,5,97,5
11100,318,6,31,2
11101,318,7,43,1
11102,318,8,57,2
11103,318,9,48,2
11104,318,10,41,1
11105,318,11,32,2
11106,318,12,24,1
11107,318,13,85,1
11108,318,14,52,2
11109,318,15,89,3
11110,318,16,26,1
11111,318,17,77,3
11112,318,18,67,2
11113,318,19,124,4
11114,318,20,61,2
11115,318,21,66,2
11116,318,22,53,2
11117,318,23,37,1
11118,318,24,48,2
11119,318,25,15,0
11120,318,26,36,2
11121,318,27,53,2
11122,318,28,63,3
11123,318,29,84,3
11124,318,30,35,1
11125,318,31,38,1
11126,318,32,47,2
11127,318,33,89,2
11128,318,34,36,0
11129,318,35,30,1
11130,319,1,56,1
11131,319,2,59,3
11132,319,3,69,2
11133,319,4,36,0
11134,319,5,38,2
11135,319,6,40,0
11136,319,7,57,1
11137,319,8,44,1
11138,319,9,92,1
11139,319,10,50,0
11140,319,11,58,2
11141,319,12,28,1
11142,319,13,23,1
11143,319,14,22,1
11144,319,15,64,1
11145,319,16,22,1
11146,319,17,43,1
11147,319,18,60,3
11148,319,19,34,1
11149,319,20,22,1
11150,319,21,37,2
11151,319,22,91,5
11152,319,23,51,2
11153,319,24,40,2
11154,319,25,54,2
11155,319,26,26,0
11156,319,27,37,1
11157,319,28,66,3
11158,319,29,24,0
11159,319,30,22,1
11160,319,31,36,2
11161,319,32,62,3
11162,319,33,21,1
11163,319,34,56,3
11164,319,35,58,2
11165,320,1,75,1
11166,320,2,78,4
11167,320,3,111,6
11168,320,4,75,2
11169,320,5,85,4
11170,320,6,68,0
11171,320,7,48,1
11172,320,8,50,3
11173,320,9,57,3
11174,320,10,65,3
11175,320,11,68,0
11176,320,12,106,5
11177,320,13,20,0
11178,320,14,79,2
11179,320,15,41,1
11180,320,16,44,2
11181,320,17,13,1
11182,320,18,106,5
11183,320,19,147,5
11184,320,20,59,2
11185,320,21,26,1
11186,320,22,58,2
11187,320,23,75,1
11188,320,24,65,2
11189,320,25,94,2
11190,320,26,41,2
11191,320,27,80,3
11192,320,28,44,0
11193,320,29,100,5
11194,320,30,53,2
11195,320,31,48,1
11196,320,32,90,3
11197,320,33,88,4
11198,320,34,96,5
11199,320,35,70,3
11200,321,1,63,3
11201,321,2,55,1
11202,321,3,114,6
11203,321,4,142,3
11204,321,5,43,2
11205,321,6,50,2
11206,321,7,122,7
11207,321,8,62,2
11208,321,9,94,3
11209,321,10,61,2
11210,321,11,186,7
11211,321,12,85,4
11212,321,13,164,4
11213,321,14,122,4
11214,321,15,99,2
11215,321,16,75,1
11216,321,17,77,3
11217,321,18,52,2
11218,321,19,81,1
11219,321,20,61,1
11220,321,21,142,2
11221,321,22,72,3
11222,321,23,117,2
11223,321,24,104,5
11224,321,25,118,4
11225,321,26,132,5
11226,321,27,114,6
11227,321,28,46,2
11228,321,29,122,6
11229,321,30,41,2
11230,321,31,35,0
11231,321,32,92,4
11232,321,33,141,0
11233,321,34,39,1
11234,321,35,146,8
11235,322,1,51,2
11236,322,2,117,3
11237,322,3,65,1
11238,322,4,44,0
11239,322,5,22,0
11240,322,6,88,4
11241,322,7,100,2
11242,322,8,89,1
11243,322,9,127,1
11244,322,10,38,1
11245,322,11,34,1
11246,322,12,80,4
11247,322,13,92,5
11248,322,14,52,3
11249,322,15,28,1
11250,322,16,69,3
11251,322,17,136,2
11252,322,18,104,4
11253,322,19,61,1
11254,322,20,48,2
11255,322,21,53,1
11256,322,22,40,1
11257,322,23,83,3
11258,322,24,67,0
11259,322,25,50,2
11260,322,26,76,3
11261,322,27,65,2
11262,322,28,68,4
11263,322,29,50,2
11264,322,30,90,1
11265,322,31,67,1
11266,322,32,41,2
11267,322,33,32,2
11268,322,34,25,1
11269,322,35,99,2
11270,323,1,25,1
11271,323,2,72,4
11272,323,3,42,2
11273,323,4,51,0
11274,323,5,84,4
11275,323,6,64,0
11276,323,7,79,5
11277,323,8,51,1
11278,323,9,66,1
11279,323,10,51,0
11280,323,11,30,2
11281,323,12,96,2
11282,323,13,47,2
11283,323,14,29,0
11284,323,15,69,2
11285,323,16,22,0
11286,323,17,60,2
11287,323,18,63,0
11288,323,19,58,2
11289,323,20,75,3
11290,323,21,38,2
11291,323,22,45,1
11292,323,23,64,2
11293,323,24,27,1
11294,323,25,75,0
11295,323,26,24,0
11296,323,27,36,1
11297,323,28,34,1
11298,323,29,48,3
11299,323,30,97,6
11300,323,31,46,2
11301,323,32,85,2
11302,323,33,26,1
11303,323,34,44,1
11304,323,35,91,0
11305,324,1,82,1
11306,324,2,50,2
11307,324,3,143,8
11308,324,4,82,3
11309,324,5,96,3
11310,324,6,31,1
11311,324,7,52,2
11312,324,8,56,1
11313,324,9,57,3
11314,324,10,42,2
11315,324,11,79,0
11316,324,12,100,2
11317,324,13,115,2
11318,324,14,98,1
11319,324,15,55,1
11320,324,16,66,3
11321,324,17,39,1
11322,324,18,22,1
11323,324,19,164,8
11324,324,20,116,6
11325,324,21,96,0
11326,324,22,88,4
11327,324,23,108,2
11328,324,24,30,1
11329,324,25,188,11
11330,324,26,38,1
11331,324,27,54,3
11332,324,28,120,0
11333,324,29,28,1
11334,324,30,105,0
11335,324,31,63,3
11336,324,32,87,4
11337,324,33,96,3
11338,324,34,82,4
11339,324,35,78,5
11340,325,1,135,7
11341,325,2,236,7
11342,325,3,244,0
11343,325,4,75,2
11344,325,5,150,7
11345,325,6,143,6
11346,325,7,161,8
11347,325,8,87,1
11348,325,9,94,2
11349,325,10,157,7
11350,325,11,81,4
11351,325,12,79,1
11352,325,13,200,12
11353,325,14,75,4
11354,325,15,73,3
11355,325,16,204,6
11356,325,17,97,4
11357,325,18,132,7
11358,325,19,115,5
11359,325,20,107,6
11360,325,21,80,3
11361,325,22,93,5
11362,325,23,143,4
11363,325,24,149,3
11364,325,25,61,2
11365,325,26,275,8
11366,325,27,145,8
11367,325,28,51,3
11368,325,29,72,1
11369,325,30,61,2
11370,325,31,71,0
11371,325,32,120,6
11372,325,33,114,6
11373,325,34,76,2
11374,325,35,104,5
11375,326,1,128,7
11376,326,2,117,6
11377,326,3,59,3
11378,326,4,43,0
11379,326,5,135,4
11380,326,6,31,1
11381,326,7,59,1
11382,326,8,90,4
11383,326,9,102,2
11384,326,10,116,4
11385,326,11,218,0
11386,326,12,71,1
11387,326,13,81,2
11388,326,14,69,4
11389,326,15,45,2
11390,326,16,73,4
11391,326,17,117,3
11392,326,18,69,3
11393,326,19,97,0
11394,326,20,34,2
11395,326,21,40,2
11396,326,22,59,3
11397,326,23,23,1
11398,326,24,44,1
11399,326,25,37,1
11400,326,26,107,6
11401,326,27,67,3
11402,326,28,62,2
11403,326,29,86,5
11404,326,30,63,3
11405,326,31,107,3
11406,326,32,75,3
11407,326,33,127,7
11408,326,34,75,2
11409,326,35,48,2
11410,327,1,23,1
11411,327,2,63,3
11412,327,3,109,3
11413,327,4,63,3
11414,327,5,95,3
11415,327,6,34,2
11416,327,7,170,0
11417,327,8,43,1
11418,327,9,62,2
11419,327,10,43,2
11420,327,11,178,0
11421,327,12,40,2
11422,327,13,42,2
11423,327,14,57,3
11424,327,15,48,3
11425,327,16,107,5
11426,327,17,36,1
11427,327,18,40,0
11428,327,19,117,7
11429,327,20,52,3
11430,327,21,52,1
11431,327,22,60,3
11432,327,23,122,2
11433,327,24,58,3
11434,327,25,74,2
11435,327,26,71,4
11436,327,27,96,5
11437,327,28,64,2
11438,327,29,69,2
11439,327,30,76,4
11440,327,31,54,1
11441,327,32,74,4
11442,327,33,33,2
11443,327,34,33,1
11444,327,35,71,0
11445,328,1,180,0
11446,328,2,73,2
11447,328,3,103,3
11448,328,4,128,5
11449,328,5,111,3
11450,328,6,117,2
11451,328,7,84,2
11452,328,8,120,6
11453,328,9,66,1
11454,328,10,92,4
11455,328,11,86,0
11456,328,12,49,2
11457,328,13,77,3
11458,328,14,43,2
11459,328,15,95,6
11460,328,16,75,4
11461,328,17,196,5
11462,328,18,124,4
11463,328,19,86,2
11464,328,20,141,5
11465,328,21,49,1
11466,328,22,71,4
11467,328,23,68,3
11468,328,24,150,6
11469,328,25,82,3
11470,328,26,169,3
11471,328,27,109,1
11472,328,28,76,0
11473,328,29,146,4
11474,328,30,66,0
11475,328,31,66,4
11476,328,32,133,3
11477,328,33,128,7
11478,328,34,130,3
11479,328,35,113,7
11480,329,1,148,8
11481,329,2,76,4
11482,329,3,159,0
11483,329,4,75,3
11484,329,5,48,3
11485,329,6,67,3
11486,329,7,109,2
11487,329,8,123,1
11488,329,9,107,2
11489,329,10,85,1
11490,329,11,145,6
11491,329,12,150,2
11492,329,13,56,1
11493,329,14,129,6
11494,329,15,73,4
11495,329,16,73,1
11496,329,17,176,5
11497,329,18,155,7
11498,329,19,164,0
11499,329,20,154,9
11500,329,21,184,6
11501,329,22,164,2
11502,329,23,149,2
11503,329,24,78,5
11504,329,25,103,3
11505,329,26,101,4
11506,329,27,157,7
11507,329,28,157,6
11508,329,29,172,10
11509,329,30,113,6
11510,329,31,78,2
11511,329,32,139,3
11512,329,33,82,5
11513,329,34,90,3
11514,329,35,161,5
11515,330,1,25,0
11516,330,2,67,2
11517,330,3,98,3
11518,330,4,70,0
11519,330,5,123,3
11520,330,6,164,6
11521,330,7,106,3
11522,330,8,154,0
11523,330,9,86,2
11524,330,10,50,3
11525,330,11,119,0
11526,330,12,73,2
11527,330,13,68,3
11528,330,14,56,3
11529,330,15,110,2
11530,330,16,124,0
11531,330,17,44,2
11532,330,18,75,2
11533,330,19,41,1
11534,330,20,163,2
11535,330,21,105,6
11536,330,22,52,1
11537,330,23,56,2
11538,330,24,49,0
11539,330,25,75,2
11540,330,26,86,5
11541,330,27,95,2
11542,330,28,59,1
11543,330,29,98,5
11544,330,30,46,2
11545,330,31,58,2
11546,330,32,81,4
11547,330,33,140,2
11548,330,34,26,1
11549,330,35,87,2
11550,331,1,54,3
11551,331,2,67,1
11552,331,3,53,3
11553,331,4,59,0
11554,331,5,125,4
11555,331,6,42,0
11556,331,7,60,0
11557,331,8,37,2
11558,331,9,66,3
11559,331,10,81,0
11560,331,11,25,1
11561,331,12,83,3
11562,331,13,59,2
11563,331,14,179,0
11564,331,15,102,1
11565,331,16,63,0
11566,331,17,88,2
11567,331,18,65,0
11568,331,19,38,1
11569,331,20,55,1
11570,331,21,39,2
11571,331,22,60,2
11572,331,23,54,2
11573,331,24,68,3
11574,331,25,43,2
11575,331,26,34,2
11576,331,27,42,2
11577,331,28,146,4
11578,331,29,102,4
11579,331,30,35,0
11580,331,31,70,2
11581,331,32,23,1
11582,331,33,61,2
11583,331,34,75,2
11584,331,35,46,0
11585,332,1,109,4
11586,332,2,128,6
11587,332,3,72,3
11588,332,4,67,3
11589,332,5,54,0
11590,332,6,54,2
11591,332,7,185,8
11592,332,8,222,7
11593,332,9,70,3
11594,332,10,160,7
11595,332,11,40,0
11596,332,12,117,7
11597,332,13,104,1
11598,332,14,39,2
11599,332,15,114,5
11600,332,16,57,3
11601,332,17,21,0
11602,332,18,138,2
11603,332,19,93,1
11604,332,20,64,2
11605,332,21,67,1
11606,332,22,45,2
11607,332,23,115,5
11608,332,24,61,1
11609,332,25,106,2
11610,332,26,49,2
11611,332,27,51,1
11612,332,28,45,2
11613,332,29,60,2
11614,332,30,42,0
11615,332,31,91,5
11616,332,32,54,2
11617,332,33,59,1
11618,332,34,127,7
11619,332,35,91,2
11620,333,1,69,1
11621,333,2,149,3
11622,333,3,45,0
11623,333,4,54,1
11624,333,5,46,1
11625,333,6,71,4
11626,333,7,71,2
11627,333,8,52,3
11628,333,9,90,2
11629,333,10,48,2
11630,333,11,85,3
11631,333,12,52,0
11632,333,13,64,3
11633,333,14,35,2
11634,333,15,54,1
11635,333,16,62,3
11636,333,17,38,0
11637,333,18,27,1
11638,333,19,35,0
11639,333,20,75,2
11640,333,21,34,1
11641,333,22,54,3
11642,333,23,101,2
11643,333,24,79,4
11644,333,25,93,5
11645,333,26,60,3
11646,333,27,51,2
11647,333,28,44,0
11648,333,29,45,2
11649,333,30,18,1
11650,333,31,91,2
11651,333,32,53,0
11652,333,33,53,2
11653,333,34,69,2
11654,333,35,45,1
11655,334,1,25,1
11656,334,2,25,1
11657,334,3,47,1
11658,334,4,35,0
11659,334,5,53,1
11660,334,6,36,2
11661,334,7,50,1
11662,334,8,20,0
11663,334,9,35,2
11664,334,10,50,1
11665,334,11,32,1
11666,334,12,29,1
11667,334,13,26,1
11668,334,14,68,3
11669,334,15,64,3
11670,334,16,21,1
11671,334,17,19,0
11672,334,18,32,1
11673,334,19,49,3
11674,334,20,54,1
11675,334,21,43,1
11676,334,22,40,2
11677,334,23,16,0
11678,334,24,30,1
11679,334,25,23,1
11680,334,26,40,0
11681,334,27,61,3
11682,334,28,37,2
11683,334,29,27,1
11684,334,30,41,2
11685,334,31,77,4
11686,334,32,20,0
11687,334,33,42,2
11688,334,34,28,1
11689,334,35,42,2
11690,335,1,26,1
11691,335,2,21,1
11692,335,3,32,0
11693,335,4,27,1
11694,335,5,42,1
11695,335,6,45,0
11696,335,7,45,0
11697,335,8,26,1
11698,335,9,46,2
11699,335,10,17,0
11700,335,11,48,1
11701,335,12,43,1
11702,335,13,36,1
11703,335,14,19,0
11704,335,15,66,0
11705,335,16,17,0
11706,335,17,44,2
11707,335,18,39,1
11708,335,19,27,1
11709,335,20,22,0
11710,335,21,32,1
11711,335,22,45,2
11712,335,23,70,2
11713,335,24,15,0
11714,335,25,28,1
11715,335,26,28,1
11716,335,27,26,0
11717,335,28,27,2
11718,335,29,19,1
11719,335,30,27,1
11720,335,31,85,2
11721,335,32,22,0
11722,335,33,67,3
11723,335,34,34,1
11724,335,35,24,0
11725,336,1,34,1
11726,336,2,31,1
11727,336,3,60,2
11728,336,4,95,1
11729,336,5,28,2
11730,336,6,40,1
11731,336,7,75,2
11732,336,8,60,2
11733,336,9,29,1
11734,336,10,37,1
11735,336,11,54,1
11736,336,12,73,4
11737,336,13,69,1
11738,336,14,78,3
11739,336,15,73,2
11740,336,16,27,1
11741,336,17,145,2
11742,336,18,44,2
11743,336,19,35,2
11744,336,20,80,1
11745,336,21,64,4
11746,336,22,69,3
11747,336,23,89,1
11748,336,24,67,2
11749,336,25,75,1
11750,336,26,38,2
11751,336,27,18,1
11752,336,28,16,1
11753,336,29,69,3
11754,336,30,53,2
11755,336,31,58,1
11756,336,32,27,1
11757,336,33,37,0
11758,336,34,17,1
11759,336,35,90,2
11760,337,1,36,2
11761,337,2,65,2
11762,337,3,30,0
11763,337,4,9,0
11764,337,5,69,4
11765,337,6,32,1
11766,337,7,18,0
11767,337,8,33,1
11768,337,9,78,3
11769,337,10,108,5
11770,337,11,48,1
11771,337,12,24,1
11772,337,13,71,4
11773,337,14,51,1
11774,337,15,25,1
11775,337,16,48,1
11776,337,17,63,3
11777,337,18,113,7
11778,337,19,39,1
11779,337,20,86,5
11780,337,21,63,1
11781,337,22,68,1
11782,337,23,52,1
11783,337,24,107,4
11784,337,25,43,1
11785,337,26,96,5
11786,337,27,103,1
11787,337,28,77,2
11788,337,29,108,2
11789,337,30,69,4
11790,337,31,28,1
11791,337,32,68,0
11792,337,33,77,2
11793,337,34,35,1
11794,337,35,29,0
11795,338,1,48,3
11796,338,2,67,1
11797,338,3,39,1
11798,338,4,44,0
11799,338,5,65,1
11800,338,6,32,1
11801,338,7,23,1
11802,338,8,29,0
11803,338,9,25,1
11804,338,10,36,1
11805,338,11,10,1
11806,338,12,13,1
11807,338,13,26,1
11808,338,14,34,2
11809,338,15,27,1
11810,338,16,12,1
11811,338,17,35,1
11812,338,18,16,1
11813,338,19,43,2
11814,338,20,80,3
11815,338,21,19,1
11816,338,22,61,1
11817,338,23,52,1
11818,338,24,46,1
11819,338,25,73,4
11820,338,26,33,2
11821,338,27,18,0
11822,338,28,38,1
11823,338,29,40,2
11824,338,30,25,1
11825,338,31,37,2
11826,338,32,8,0
11827,338,33,39,2
11828,338,34,47,2
11829,338,35,25,1
11830,339,1,52,1
11831,339,2,71,1
11832,339,3,25,0
11833,339,4,29,0
11834,339,5,73,4
11835,339,6,28,1
11836,339,7,32,0
11837,339,8,27,1
11838,339,9,20,1
11839,339,10,45,1
11840,339,11,39,2
11841,339,12,14,1
11842,339,13,24,0
11843,339,14,27,1
11844,339,15,32,2
11845,339,16,15,0
11846,339,17,61,2
11847,339,18,27,0
11848,339,19,17,1
11849,339,20,27,1
11850,339,21,34,0
11851,339,22,33,2
11852,339,23,23,0
11853,339,24,47,1
11854,339,25,26,0
11855,339,26,18,1
11856,339,27,21,1
11857,339,28,50,1
11858,339,29,42,2
11859,339,30,12,0
11860,339,31,28,1
11861,339,32,29,1
11862,339,33,20,1
11863,339,34,76,3
11864,339,35,35,0
11865,340,1,51,2
11866,340,2,61,1
11867,340,3,34,1
11868,340,4,80,1
11869,340,5,53,0
11870,340,6,51,1
11871,340,7,45,2
11872,340,8,61,1
11873,340,9,64,4
11874,340,10,24,1
11875,340,11,59,0
11876,340,12,74,2
11877,340,13,72,4
11878,340,14,45,2
11879,340,15,60,3
11880,340,16,99,1
11881,340,17,53,1
11882,340,18,10,0
11883,340,19,38,0
11884,340,20,39,1
11885,340,21,22,0
11886,340,22,40,2
11887,340,23,60,1
11888,340,24,38,2
11889,340,25,49,2
11890,340,26,63,3
11891,340,27,55,1
11892,340,28,31,1
11893,340,29,88,1
11894,340,30,91,0
11895,340,31,65,3
11896,340,32,54,3
11897,340,33,38,2
11898,340,34,67,3
11899,340,35,49,1
11900,341,1,64,2
11901,341,2,63,3
11902,341,3,82,0
11903,341,4,58,2
11904,341,5,40,1
11905,341,6,74,4
11906,341,7,60,2
11907,341,8,120,3
11908,341,9,118,5
11909,341,10,73,2
11910,341,11,69,4
11911,341,12,29,0
11912,341,13,60,3
11913,341,14,35,1
11914,341,15,110,4
11915,341,16,81,4
11916,341,17,105,2
11917,341,18,52,2
11918,341,19,71,0
11919,341,20,122,7
11920,341,21,75,3
11921,341,22,51,1
11922,341,23,105,6
11923,341,24,63,2
11924,341,25,52,2
11925,341,26,59,3
11926,341,27,88,3
11927,341,28,88,2
11928,341,29,28,2
11929,341,30,70,4
11930,341,31,57,1
11931,341,32,40,0
11932,341,33,76,0
11933,341,34,82,1
11934,341,35,73,4
11935,342,1,39,2
11936,342,2,58,1
11937,342,3,63,1
11938,342,4,30,0
11939,342,5,19,1
11940,342,6,27,1
11941,342,7,61,2
11942,342,8,37,2
11943,342,9,30,1
11944,342,10,78,1
11945,342,11,22,1
11946,342,12,34,1
11947,342,13,101,2
11948,342,14,25,0
11949,342,15,38,1
11950,342,16,42,1
11951,342,17,51,2
11952,342,18,68,1
11953,342,19,61,3
11954,342,20,16,0
11955,342,21,46,3
11956,342,22,33,2
11957,342,23,44,1
11958,342,24,24,1
11959,342,25,12,0
11960,342,27,50,3
11961,342,28,95,4
11962,342,29,39,1
11963,342,30,40,1
11964,342,31,37,2
11965,342,32,89,1
11966,342,33,32,1
11967,342,34,57,1
11968,342,35,20,1
11969,343,1,33,1
11970,343,2,44,2
11971,343,3,38,1
11972,343,4,13,0
11973,343,5,36,2
11974,343,6,34,2
11975,343,7,66,4
11976,343,8,32,1
11977,343,9,36,2
11978,343,10,60,1
11979,343,11,20,1
11980,343,12,36,2
11981,343,13,40,2
11982,343,14,59,2
11983,343,15,27,1
11984,343,16,27,0
11985,343,17,76,4
11986,343,18,13,0
11987,343,19,20,1
11988,343,20,46,2
11989,343,21,44,2
11990,343,22,83,4
11991,343,23,54,1
11992,343,24,22,1
11993,343,25,85,0
11994,343,26,45,2
11995,343,27,47,2
11996,343,28,47,1
11997,343,29,36,1
11998,343,30,23,1
11999,343,31,22,1
12000,343,32,57,3
12001,343,33,36,1
12002,343,34,30,1
12003,343,35,17,0
12004,344,1,30,1
12005,344,2,87,2
12006,344,3,121,6
12007,344,4,33,0
12008,344,5,43,0
12009,344,6,49,2
12010,344,7,54,3
12011,344,8,49,1
12012,344,9,39,2
12013,344,10,63,3
12014,344,11,42,0
12015,344,12,56,2
12016,344,13,146,3
12017,344,14,71,1
12018,344,15,38,1
12019,344,16,52,3
12020,344,17,83,2
12021,344,18,92,4
12022,344,19,35,1
12023,344,20,54,2
12024,344,21,50,1
12025,344,22,49,2
12026,344,23,41,1
12027,344,24,78,2
12028,344,25,67,3
12029,344,26,102,2
12030,344,27,56,1
12031,344,28,111,6
12032,344,29,73,4
12033,344,30,73,0
12034,344,31,44,2
12035,344,32,67,1
12036,344,33,33,1
12037,344,34,117,0
12038,344,35,46,0
12039,345,1,74,2
12040,345,2,97,1
12041,345,3,78,0
12042,345,4,86,4
12043,345,5,126,2
12044,345,6,68,2
12045,345,7,57,1
12046,345,8,126,7
12047,345,9,44,1
12048,345,10,36,1
12049,345,11,64,3
12050,345,12,47,1
12051,345,13,61,1
12052,345,14,53,1
12053,345,15,62,2
12054,345,16,51,2
12055,345,17,92,3
12056,345,18,43,1
12057,345,19,87,3
12058,345,20,52,2
12059,345,21,56,3
12060,345,22,79,1
12061,345,23,40,2
12062,345,24,77,1
12063,345,25,50,1
12064,345,26,49,2
12065,345,27,68,0
12066,345,28,86,4
12067,345,29,52,2
12068,345,30,60,1
12069,345,31,33,1
12070,345,32,70,0
12071,345,33,53,1
12072,345,34,140,5
12073,345,35,66,3
12074,346,1,47,1
12075,346,2,43,1
12076,346,3,73,1
12077,346,4,43,0
12078,346,5,68,2
12079,346,6,79,4
12080,346,7,34,2
12081,346,8,32,1
12082,346,9,29,1
12083,346,10,92,4
12084,346,11,55,2
12085,346,12,67,4
12086,346,13,60,2
12087,346,14,57,2
12088,346,15,46,2
12089,346,16,84,4
12090,346,17,32,2
12091,346,18,110,0
12092,346,19,67,0
12093,346,20,47,2
12094,346,21,55,3
12095,346,22,62,3
12096,346,23,65,3
12097,346,24,29,1
12098,346,25,72,1
12099,346,26,34,2
12100,346,27,70,3
12101,346,28,30,1
12102,346,29,44,2
12103,346,30,49,2
12104,346,31,76,2
12105,346,32,44,1
12106,346,33,52,1
12107,346,34,43,1
12108,346,35,25,1
12109,347,1,66,1
12110,347,2,37,1
12111,347,3,62,3
12112,347,4,44,0
12113,347,5,7,0
12114,347,6,29,0
12115,347,7,43,0
12116,347,8,58,2
12117,347,9,20,1
12118,347,10,38,1
12119,347,11,62,1
12120,347,12,95,4
12121,347,13,48,1
12122,347,14,46,1
12123,347,15,24,1
12124,347,16,30,1
12125,347,17,27,0
12126,347,18,31,1
12127,347,19,37,2
12128,347,20,33,1
12129,347,21,35,2
12130,347,22,83,1
12131,347,23,97,3
12132,347,24,36,1
12133,347,25,19,1
12134,347,26,13,0
12135,347,27,30,1
12136,347,28,28,1
12137,347,29,34,2
12138,347,30,40,2
12139,347,31,60,2
12140,347,32,39,2
12141,347,33,56,2
12142,347,34,48,2
12143,347,35,32,1
12144,348,1,47,2
12145,348,2,39,2
12146,348,3,55,1
12147,348,4,69,2
12148,348,5,49,2
12149,348,6,63,1
12150,348,7,63,3
12151,348,8,65,3
12152,348,9,55,2
12153,348,10,49,1
12154,348,11,24,1
12155,348,12,30,1
12156,348,13,43,1
12157,348,14,82,1
12158,348,15,67,1
12159,348,16,123,7
12160,348,17,56,1
12161,348,18,80,1
12162,348,19,34,2
12163,348,20,27,2
12164,348,21,63,2
12165,348,22,47,0
12166,348,23,92,5
12167,348,24,103,5
12168,348,25,68,3
12169,348,26,73,3
12170,348,27,48,1
12171,348,28,66,1
12172,348,29,46,2
12173,348,30,24,1
12174,348,31,42,3
12175,348,32,43,3
12176,348,33,64,3
12177,348,34,44,0
12178,348,35,57,1
12179,349,1,36,2
12180,349,2,54,1
12181,349,3,68,0
12182,349,4,78,1
12183,349,5,121,5
12184,349,6,123,2
12185,349,7,129,2
12186,349,8,45,2
12187,349,9,128,0
12188,349,10,77,4
12189,349,11,121,2
12190,349,12,49,3
12191,349,13,89,2
12192,349,14,111,2
12193,349,15,79,4
12194,349,16,63,4
12195,349,17,221,4
12196,349,18,78,5
12197,349,19,48,2
12198,349,20,43,2
12199,349,21,83,1
12200,349,22,59,3
12201,349,23,223,8
12202,349,24,63,3
12203,349,25,157,9
12204,349,26,96,3
12205,349,27,61,0
12206,349,28,149,4
12207,349,29,52,2
12208,349,30,79,1
12209,349,31,48,1
12210,349,32,87,3
12211,349,33,69,3
12212,349,34,70,4
12213,349,35,126,5
12214,350,1,53,2
12215,350,2,75,2
12216,350,3,110,4
12217,350,4,6,0
12218,350,5,65,3
12219,350,6,102,3
12220,350,7,112,2
12221,350,8,35,0
12222,350,9,137,8
12223,350,10,54,3
12224,350,11,71,1
12225,350,12,43,1
12226,350,13,47,1
12227,350,14,91,1
12228,350,15,44,0
12229,350,16,87,4
12230,350,17,90,5
12231,350,18,32,0
12232,350,19,39,1
12233,350,20,43,1
12234,350,21,65,3
12235,350,22,20,1
12236,350,23,87,2
12237,350,24,80,2
12238,350,25,58,2
12239,350,26,109,2
12240,350,27,45,2
12241,350,28,53,3
12242,350,29,42,2
12243,350,30,100,5
12244,350,31,29,2
12245,350,32,53,2
12246,350,33,76,2
12247,350,34,64,1
12248,350,35,52,1
12249,351,1,45,2
12250,351,2,97,2
12251,351,3,87,4
12252,351,4,58,3
12253,351,5,23,0
12254,351,6,46,3
12255,351,7,35,0
12256,351,8,45,1
12257,351,9,57,2
12258,351,10,51,0
12259,351,11,39,1
12260,351,12,77,0
12261,351,13,29,1
12262,351,14,43,2
12263,351,15,89,5
12264,351,16,53,1
12265,351,17,27,1
12266,351,18,89,0
12267,351,19,83,1
12268,351,20,30,2
12269,351,21,96,3
12270,351,22,54,1
12271,351,23,31,1
12272,351,24,23,1
12273,351,25,54,0
12274,351,26,48,1
12275,351,27,50,2
12276,351,28,32,1
12277,351,29,51,1
12278,351,30,48,3
12279,351,31,71,1
12280,351,32,47,1
12281,351,33,43,2
12282,351,34,151,9
12283,351,35,98,0
12284,352,1,118,3
12285,352,2,51,1
12286,352,3,134,7
12287,352,4,90,3
12288,352,5,67,2
12289,352,6,73,2
12290,352,7,75,3
12291,352,8,80,2
12292,352,9,151,3
12293,352,10,15,1
12294,352,11,27,0
12295,352,12,103,6
12296,352,13,145,5
12297,352,14,152,3
12298,352,15,96,5
12299,352,16,52,2
12300,352,17,65,4
12301,352,18,93,0
12302,352,19,97,4
12303,352,20,145,2
12304,352,21,101,2
12305,352,22,134,4
12306,352,23,48,2
12307,352,24,37,1
12308,352,25,116,6
12309,352,26,56,1
12310,352,27,84,2
12311,352,28,36,2
12312,352,29,69,2
12313,352,30,63,0
12314,352,31,106,3
12315,352,32,65,3
12316,352,33,59,3
12317,352,34,85,0
12318,352,35,99,3
12319,353,1,89,3
12320,353,2,98,4
12321,353,3,70,0
12322,353,4,101,5
12323,353,5,87,4
12324,353,6,76,3
12325,353,7,45,1
12326,353,8,79,1
12327,353,9,82,3
12328,353,10,67,4
12329,353,11,66,1
12330,353,12,201,3
12331,353,13,36,2
12332,353,14,267,4
12333,353,15,72,1
12334,353,16,31,1
12335,353,17,164,7
12336,353,18,147,8
12337,353,19,52,2
12338,353,20,180,2
12339,353,21,138,3
12340,353,22,147,3
12341,353,23,94,4
12342,353,24,136,5
12343,353,25,98,5
12344,353,26,196,8
12345,353,27,64,0
12346,353,28,78,4
12347,353,29,195,11
12348,353,30,170,8
12349,353,31,175,0
12350,353,32,100,0
12351,353,33,41,2
12352,353,34,89,3
12353,353,35,141,7
12354,354,1,107,1
12355,354,2,65,1
12356,354,3,65,1
12357,354,4,75,2
12358,354,5,110,4
12359,354,6,95,2
12360,354,7,48,2
12361,354,8,71,2
12362,354,9,129,6
12363,354,10,80,3
12364,354,11,73,2
12365,354,12,98,3
12366,354,13,47,1
12367,354,14,57,1
12368,354,15,68,4
12369,354,16,85,1
12370,354,17,17,1
12371,354,18,37,1
12372,354,19,83,0
12373,354,20,50,3
12374,354,21,153,4
12375,354,22,121,1
12376,354,23,28,0
12377,354,24,34,1
12378,354,25,133,5
12379,354,26,49,1
12380,354,27,102,5
12381,354,28,94,5
12382,354,29,144,6
12383,354,30,156,7
12384,354,31,41,1
12385,354,32,94,3
12386,354,33,90,4
12387,354,34,138,7
12388,354,35,80,2
12389,355,1,76,4
12390,355,2,71,3
12391,355,3,50,1
12392,355,4,98,0
12393,355,5,90,2
12394,355,6,62,2
12395,355,7,52,3
12396,355,8,127,7
12397,355,9,27,2
12398,355,10,140,0
12399,355,11,98,2
12400,355,12,67,0
12401,355,13,26,1
12402,355,14,73,2
12403,355,15,40,1
12404,355,16,28,2
12405,355,17,52,2
12406,355,18,40,0
12407,355,19,88,5
12408,355,20,32,1
12409,355,21,176,6
12410,355,22,81,2
12411,355,23,119,5
12412,355,24,23,1
12413,355,25,59,0
12414,355,26,43,1
12415,355,27,109,3
12416,355,28,92,4
12417,355,29,76,1
12418,355,30,47,2
12419,355,31,42,2
12420,355,32,15,0
12421,355,33,59,3
12422,355,34,16,1
12423,355,35,54,0
12424,356,1,94,2
12425,356,2,90,5
12426,356,3,147,8
12427,356,4,202,2
12428,356,5,109,3
12429,356,6,262,12
12430,356,7,78,5
12431,356,8,94,5
12432,356,9,76,2
12433,356,10,55,1
12434,356,11,150,3
12435,356,12,67,3
12436,356,13,127,0
12437,356,14,100,2
12438,356,15,140,5
12439,356,16,65,1
12440,356,17,84,1
12441,356,18,96,0
12442,356,19,77,3
12443,356,20,75,4
12444,356,21,98,3
12445,356,22,155,9
12446,356,23,101,2
12447,356,24,197,0
12448,356,25,138,7
12449,356,26,193,6
12450,356,27,99,5
12451,356,28,83,3
12452,356,29,27,0
12453,356,30,71,0
12454,356,31,77,3
12455,356,32,77,4
12456,356,33,325,12
12457,356,34,78,4
12458,357,1,147,8
12459,357,2,113,2
12460,357,3,107,0
12461,357,4,161,3
12462,357,5,229,8
12463,357,6,82,3
12464,357,7,168,7
12465,357,8,92,2
12466,357,9,60,2
12467,357,10,82,4
12468,357,11,125,2
12469,357,12,49,2
12470,357,13,67,1
12471,357,14,122,2
12472,357,15,98,2
12473,357,16,87,2
12474,357,17,92,5
12475,357,18,117,4
12476,357,19,38,2
12477,357,20,127,6
12478,357,21,49,2
12479,357,22,57,2
12480,357,23,135,7
12481,357,24,130,2
12482,357,25,72,2
12483,357,26,129,7
12484,357,27,34,0
12485,357,28,74,4
12486,357,29,150,6
12487,357,30,133,6
12488,357,31,37,1
12489,357,32,85,5
12490,357,33,98,5
12491,357,34,67,2
12492,357,35,84,4
12493,358,1,19,1
12494,358,2,159,9
12495,358,3,80,3
12496,358,4,126,7
12497,358,5,74,0
12498,358,6,20,0
12499,358,7,29,2
12500,358,8,96,2
12501,358,9,78,2
12502,358,10,80,2
12503,358,11,50,1
12504,358,12,106,3
12505,358,13,138,7
12506,358,14,68,4
12507,358,15,111,1
12508,358,16,34,2
12509,358,17,48,1
12510,358,18,92,5
12511,358,19,48,0
12512,358,20,95,4
12513,358,21,32,1
12514,358,22,83,2
12515,358,23,34,2
12516,358,24,35,2
12517,358,25,78,3
12518,358,26,79,3
12519,358,27,67,2
12520,358,28,62,1
12521,358,29,153,4
12522,358,30,136,2
12523,358,31,35,2
12524,358,32,50,3
12525,358,33,32,1
12526,358,34,84,2
12527,358,35,28,2
12528,359,1,55,1
12529,359,2,124,5
12530,359,3,47,1
12531,359,4,56,2
12532,359,5,68,1
12533,359,6,61,3
12534,359,7,32,2
12535,359,8,44,2
12536,359,9,43,2
12537,359,10,73,0
12538,359,11,51,2
12539,359,12,47,2
12540,359,13,82,1
12541,359,14,41,0
12542,359,15,81,0
12543,359,16,48,1
12544,359,17,76,4
12545,359,18,81,5
12546,359,19,39,2
12547,359,20,33,1
12548,359,21,39,2
12549,359,22,61,3
12550,359,23,22,1
12551,359,24,78,1
12552,359,25,52,0
12553,359,26,42,1
12554,359,27,46,1
12555,359,28,56,3
12556,359,29,66,3
12557,359,30,37,1
12558,359,31,43,1
12559,359,32,69,4
12560,359,33,57,1
12561,359,34,32,0
12562,359,35,63,3
12563,360,1,68,1
12564,360,2,76,2
12565,360,3,139,8
12566,360,4,88,2
12567,360,5,157,2
12568,360,6,86,1
12569,360,7,52,1
12570,360,8,100,4
12571,360,9,85,3
12572,360,10,146,6
12573,360,11,171,0
12574,360,12,68,3
12575,360,13,52,0
12576,360,14,101,5
12577,360,15,127,4
12578,360,16,50,2
12579,360,17,36,1
12580,360,18,138,0
12581,360,19,108,6
12582,360,20,49,1
12583,360,21,79,1
12584,360,22,105,6
12585,360,23,77,4
12586,360,24,79,0
12587,360,25,90,3
12588,360,26,116,5
12589,360,27,97,4
12590,360,28,95,3
12591,360,29,81,3
12592,360,30,131,2
12593,360,31,25,1
12594,360,32,24,1
12595,360,33,173,2
12596,360,34,42,2
12597,360,35,109,4
12598,361,1,76,3
12599,361,2,66,1
12600,361,3,32,1
12601,361,4,53,2
12602,361,5,21,1
12603,361,6,46,2
12604,361,7,63,1
12605,361,8,30,1
12606,361,9,130,8
12607,361,10,56,3
12608,361,11,38,0
12609,361,12,25,0
12610,361,13,65,3
12611,361,14,62,4
12612,361,15,68,1
12613,361,16,48,1
12614,361,17,84,3
12615,361,18,30,2
12616,361,19,80,1
12617,361,20,141,5
12618,361,21,28,1
12619,361,22,75,3
12620,361,23,48,1
12621,361,24,167,8
12622,361,25,38,1
12623,361,26,54,1
12624,361,27,51,0
12625,361,28,78,4
12626,361,29,41,2
12627,361,30,85,2
12628,361,31,62,1
12629,361,32,76,3
12630,361,33,34,1
12631,361,34,47,2
12632,361,35,46,2
12633,362,1,31,1
12634,362,2,28,1
12635,362,3,35,1
12636,362,4,110,4
12637,362,5,17,0
12638,362,6,85,5
12639,362,7,29,1
12640,362,8,17,1
12641,362,9,18,0
12642,362,10,57,1
12643,362,11,19,1
12644,362,12,8,0
12645,362,13,56,1
12646,362,14,81,3
12647,362,15,58,1
12648,362,16,51,2
12649,362,17,25,0
12650,362,18,54,3
12651,362,19,37,0
12652,362,20,47,0
12653,362,21,72,4
12654,362,22,28,1
12655,362,23,46,2
12656,362,24,56,3
12657,362,25,84,2
12658,362,26,32,0
12659,362,27,34,1
12660,362,28,57,3
12661,362,29,35,2
12662,362,30,46,1
12663,362,31,45,1
12664,362,32,42,1
12665,362,33,24,1
12666,362,34,44,2
12667,362,35,67,2
12668,363,1,26,1
12669,363,2,38,2
12670,363,3,31,2
12671,363,4,70,0
12672,363,5,29,1
12673,363,6,40,1
12674,363,7,11,0
12675,363,8,32,1
12676,363,9,27,1
12677,363,10,14,1
12678,363,11,57,1
12679,363,12,28,0
12680,363,13,19,1
12681,363,14,29,1
12682,363,15,15,0
12683,363,16,17,0
12684,363,17,26,1
12685,363,18,51,1
12686,363,19,34,2
12687,363,20,41,1
12688,363,21,65,2
12689,363,22,53,3
12690,363,23,32,1
12691,363,24,47,3
12692,363,25,34,0
12693,363,26,25,0
12694,363,27,29,1
12695,363,28,44,0
12696,363,29,44,2
12697,363,30,14,1
12698,363,31,39,2
12699,363,32,31,1
12700,363,33,60,1
12701,363,34,34,1
12702,363,35,25,1
12703,364,1,80,4
12704,364,2,61,1
12705,364,3,37,1
12706,364,4,57,3
12707,364,5,44,2
12708,364,6,80,4
12709,364,7,37,2
12710,364,8,58,3
12711,364,9,61,2
12712,364,10,42,2
12713,364,11,43,1
12714,364,12,47,1
12715,364,13,56,0
12716,364,14,98,3
12717,364,15,69,1
12718,364,16,14,1
12719,364,17,59,3
12720,364,18,73,0
12721,364,19,38,0
12722,364,20,57,1
12723,364,21,45,2
12724,364,22,79,3
12725,364,23,43,1
12726,364,24,48,0
12727,364,25,66,2
12728,364,26,125,5
12729,364,27,37,1
12730,364,28,45,1
12731,364,29,47,2
12732,364,30,39,0
12733,364,31,32,2
12734,364,32,31,1
12735,364,33,86,3
12736,364,34,35,2
12737,364,35,56,3
12738,365,1,141,8
12739,365,2,35,2
12740,365,3,37,1
12741,365,4,105,3
12742,365,5,81,4
12743,365,6,56,1
12744,365,7,46,2
12745,365,8,96,4
12746,365,9,55,2
12747,365,10,83,4
12748,365,11,59,1
12749,365,12,32,1
12750,365,13,69,3
12751,365,14,21,0
12752,365,15,65,1
12753,365,16,53,3
12754,365,17,57,3
12755,365,18,83,3
12756,365,19,64,1
12757,365,20,66,2
12758,365,21,44,2
12759,365,22,74,4
12760,365,23,28,1
12761,365,24,56,1
12762,365,25,96,2
12763,365,26,34,1
12764,365,27,52,0
12765,365,28,30,1
12766,365,29,51,1
12767,365,30,55,2
12768,365,31,22,1
12769,365,32,58,2
12770,365,33,56,2
12771,365,34,84,3
12772,365,35,77,4
12773,366,1,27,1
12774,366,2,40,2
12775,366,3,41,1
12776,366,4,36,2
12777,366,5,51,1
12778,366,6,50,1
12779,366,7,21,1
12780,366,8,37,2
12781,366,9,18,1
12782,366,10,41,1
12783,366,11,48,2
12784,366,12,50,3
12785,366,13,8,0
12786,366,14,35,2
12787,366,15,26,1
12788,366,16,32,1
12789,366,17,54,1
12790,366,18,26,1
12791,366,19,39,0
12792,366,20,30,2
12793,366,21,43,1
12794,366,22,39,1
12795,366,23,38,1
12796,366,24,80,1
12797,366,25,48,2
12798,366,26,13,0
12799,366,27,72,4
12800,366,28,36,0
12801,366,29,95,3
12802,366,30,52,1
12803,366,31,25,1
12804,366,32,44,1
12805,366,33,56,2
12806,366,34,23,1
12807,366,35,35,1
12808,367,1,67,1
12809,367,2,52,1
12810,367,3,29,1
12811,367,4,25,1
12812,367,5,50,2
12813,367,6,17,1
12814,367,7,50,1
12815,367,8,25,1
12816,367,9,83,3
12817,367,10,69,3
12818,367,11,31,1
12819,367,12,12,0
12820,367,13,51,1
12821,367,14,59,1
12822,367,15,23,1
12823,367,16,38,1
12824,367,17,75,3
12825,367,18,41,1
12826,367,19,23,1
12827,367,20,9,0
12828,367,21,48,2
12829,367,22,42,1
12830,367,23,56,3
12831,367,24,85,3
12832,367,25,22,1
12833,367,26,34,1
12834,367,27,13,1
12835,367,28,25,1
12836,367,29,31,0
12837,367,30,75,1
12838,367,31,71,2
12839,367,32,44,1
12840,367,33,29,1
12841,367,34,21,1
12842,367,35,34,1
12843,368,1,65,2
12844,368,2,114,6
12845,368,3,41,2
12846,368,4,31,1
12847,368,5,21,1
12848,368,6,67,3
12849,368,7,59,2
12850,368,8,19,0
12851,368,9,57,3
12852,368,10,62,1
12853,368,11,71,4
12854,368,12,50,2
12855,368,13,40,0
12856,368,14,22,1
12857,368,15,72,2
12858,368,16,93,1
12859,368,17,56,2
12860,368,18,32,0
12861,368,19,50,2
12862,368,20,80,2
12863,368,21,40,2
12864,368,22,38,2
12865,368,23,48,3
12866,368,24,67,2
12867,368,25,102,0
12868,368,26,55,2
12869,368,27,70,4
12870,368,28,31,1
12871,368,29,40,2
12872,368,30,47,2
12873,368,31,38,1
12874,368,32,66,3
12875,368,33,65,2
12876,368,34,84,3
12877,368,35,71,4
12878,369,1,117,0
12879,369,2,96,6
12880,369,3,47,3
12881,369,4,69,2
12882,369,5,46,2
12883,369,6,64,4
12884,369,7,111,4
12885,369,8,38,1
12886,369,9,79,0
12887,369,10,67,2
12888,369,11,38,2
12889,369,12,102,5
12890,369,13,28,1
12891,369,14,88,3
12892,369,15,153,8
12893,369,16,52,2
12894,369,17,61,2
12895,369,18,67,3
12896,369,19,55,3
12897,369,20,74,1
12898,369,21,58,3
12899,369,22,120,5
12900,369,23,89,5
12901,369,24,47,2
12902,369,25,114,6
12903,369,26,30,0
12904,369,27,30,0
12905,369,28,95,2
12906,369,29,84,0
12907,369,30,53,2
12908,369,31,25,1
12909,369,32,66,1
12910,369,33,132,3
12911,369,34,23,1
12912,369,35,92,4
12913,370,1,41,1
12914,370,2,62,2
12915,370,3,57,2
12916,370,4,51,2
12917,370,5,82,0
12918,370,6,54,2
12919,370,7,51,1
12920,370,8,39,1
12921,370,9,128,2
12922,370,10,14,0
12923,370,11,37,1
12924,370,12,43,1
12925,370,13,34,1
12926,370,14,44,1
12927,370,15,53,1
12928,370,16,29,1
12929,370,17,88,4
12930,370,18,24,1
12931,370,19,14,0
12932,370,20,41,2
12933,370,21,58,2
12934,370,22,24,1
12935,370,23,32,1
12936,370,24,56,3
12937,370,25,79,4
12938,370,26,100,6
12939,370,27,58,3
12940,370,28,68,1
12941,370,29,20,1
12942,370,30,24,1
12943,370,31,53,1
12944,370,32,47,2
12945,370,33,85,1
12946,370,34,21,0
12947,370,35,53,2
12948,371,1,51,2
12949,371,2,92,2
12950,371,3,9,0
12951,371,4,56,0
12952,371,5,19,1
12953,371,6,31,1
12954,371,7,23,1
12955,371,8,35,1
12956,371,9,15,1
12957,371,10,24,1
12958,371,11,81,4
12959,371,12,30,0
12960,371,13,20,1
12961,371,14,41,2
12962,371,15,34,1
12963,371,16,63,3
12964,371,17,71,1
12965,371,18,33,2
12966,371,19,45,2
12967,371,20,66,4
12968,371,21,34,1
12969,371,22,5,0
12970,371,23,56,2
12971,371,24,27,0
12972,371,25,36,2
12973,371,26,35,2
12974,371,27,46,2
12975,371,28,43,0
12976,371,29,25,0
12977,371,30,65,1
12978,371,31,26,0
12979,371,32,60,2
12980,371,33,29,1
12981,371,34,69,2
12982,371,35,19,0
12983,372,1,81,2
12984,372,2,81,1
12985,372,3,105,3
12986,372,4,48,3
12987,372,5,49,0
12988,372,6,29,0
12989,372,7,45,1
12990,372,8,56,1
12991,372,9,86,2
12992,372,10,35,0
12993,372,11,60,1
12994,372,12,85,2
12995,372,13,36,0
12996,372,14,44,2
12997,372,15,30,0
12998,372,16,57,3
12999,372,17,80,3
13000,372,18,16,1
13001,372,19,75,3
13002,372,20,33,1
13003,372,21,63,3
13004,372,22,100,5
13005,372,23,58,1
13006,372,24,56,2
13007,372,25,47,0
13008,372,26,74,3
13009,372,27,62,1
13010,372,28,41,2
13011,372,29,37,2
13012,372,30,65,0
13013,372,31,42,1
13014,372,32,42,1
13015,372,33,125,3
13016,372,34,29,0
13017,372,35,90,2
13018,373,1,73,0
13019,373,2,71,4
13020,373,3,75,4
13021,373,4,77,2
13022,373,5,105,3
13023,373,6,129,6
13024,373,7,29,0
13025,373,8,100,5
13026,373,9,56,0
13027,373,10,37,1
13028,373,11,102,5
13029,373,12,72,3
13030,373,13,29,1
13031,373,14,75,4
13032,373,15,77,3
13033,373,16,98,5
13034,373,17,141,7
13035,373,18,27,1
13036,373,19,17,1
13037,373,20,82,5
13038,373,21,70,1
13039,373,22,90,5
13040,373,23,70,4
13041,373,24,98,5
13042,373,25,34,2
13043,373,26,29,1
13044,373,27,52,2
13045,373,28,82,3
13046,373,29,55,0
13047,373,30,56,2
13048,373,31,115,2
13049,373,32,68,4
13050,373,33,102,2
13051,373,34,103,3
13052,373,35,97,3
13053,374,1,56,3
13054,374,2,77,1
13055,374,3,50,1
13056,374,4,44,2
13057,374,5,70,1
13058,374,6,53,2
13059,374,7,38,2
13060,374,8,45,1
13061,374,9,55,0
13062,374,10,41,1
13063,374,11,61,3
13064,374,12,55,2
13065,374,13,57,1
13066,374,14,33,0
13067,374,15,61,1
13068,374,16,29,1
13069,374,17,64,2
13070,374,18,86,3
13071,374,19,17,0
13072,374,20,36,1
13073,374,21,108,2
13074,374,22,90,3
13075,374,23,53,1
13076,374,24,61,3
13077,374,25,77,3
13078,374,26,88,3
13079,374,27,39,1
13080,374,28,35,1
13081,374,29,37,2
13082,374,30,62,2
13083,374,31,97,2
13084,374,32,57,1
13085,374,33,28,2
13086,374,34,43,0
13087,374,35,15,0
13088,375,1,60,3
13089,375,2,28,1
13090,375,3,27,1
13091,375,4,49,1
13092,375,5,32,1
13093,375,6,42,2
13094,375,7,78,4
13095,375,8,38,1
13096,375,9,48,2
13097,375,10,43,0
13098,375,11,36,1
13099,375,12,26,1
13100,375,13,39,1
13101,375,14,46,2
13102,375,15,29,1
13103,375,16,92,4
13104,375,17,30,2
13105,375,18,53,2
13106,375,19,32,0
13107,375,20,35,1
13108,375,21,33,2
13109,375,22,32,1
13110,375,23,34,1
13111,375,24,27,1
13112,375,25,26,1
13113,375,26,29,1
13114,375,27,27,0
13115,375,28,87,2
13116,375,29,29,0
13117,375,30,69,2
13118,375,31,65,1
13119,375,32,44,2
13120,375,33,54,3
13121,375,34,77,1
13122,375,35,37,1
13123,376,1,42,1
13124,376,2,36,0
13125,376,3,51,3
13126,376,4,77,4
13127,376,5,64,0
13128,376,6,37,1
13129,376,7,98,5
13130,376,8,54,1
13131,376,9,38,2
13132,376,10,89,2
13133,376,11,77,0
13134,376,12,78,1
13135,376,13,43,0
13136,376,14,24,1
13137,376,15,118,4
13138,376,16,26,1
13139,376,17,50,1
13140,376,18,64,3
13141,376,19,67,0
13142,376,20,68,3
13143,376,21,77,2
13144,376,22,48,3
13145,376,23,47,3
13146,376,24,84,0
13147,376,25,28,1
13148,376,26,74,2
13149,376,27,43,2
13150,376,28,55,3
13151,376,29,42,2
13152,376,30,37,0
13153,376,31,48,3
13154,376,32,49,2
13155,376,33,53,2
13156,376,34,38,0
13157,376,35,34,2
13158,377,1,75,4
13159,377,2,83,3
13160,377,3,78,3
13161,377,4,74,4
13162,377,5,91,5
13163,377,6,126,5
13164,377,7,89,5
13165,377,8,55,2
13166,377,9,89,0
13167,377,10,44,1
13168,377,11,125,7
13169,377,12,146,5
13170,377,13,99,3
13171,377,14,142,0
13172,377,15,103,3
13173,377,16,54,1
13174,377,17,121,6
13175,377,18,112,2
13176,377,19,109,6
13177,377,20,119,4
13178,377,21,54,2
13179,377,22,132,7
13180,377,23,130,0
13181,377,24,129,6
13182,377,25,95,5
13183,377,26,163,7
13184,377,27,51,2
13185,377,28,65,2
13186,377,29,30,2
13187,377,30,37,2
13188,377,31,141,2
13189,377,32,27,1
13190,377,33,83,0
13191,377,34,119,7
13192,377,35,82,4
13193,378,1,66,3
13194,378,2,89,0
13195,378,3,76,2
13196,378,4,76,3
13197,378,5,62,2
13198,378,6,105,4
13199,378,7,93,3
13200,378,8,79,3
13201,378,9,49,1
13202,378,10,83,1
13203,378,11,85,4
13204,378,12,60,1
13205,378,13,74,3
13206,378,14,83,0
13207,378,15,59,3
13208,378,16,94,5
13209,378,17,101,6
13210,378,18,63,3
13211,378,19,75,0
13212,378,20,102,4
13213,378,21,72,2
13214,378,22,73,2
13215,378,23,144,3
13216,378,24,83,1
13217,378,25,31,1
13218,378,26,77,1
13219,378,27,77,2
13220,378,28,49,3
13221,378,29,48,2
13222,378,30,87,0
13223,378,31,55,2
13224,378,32,38,1
13225,378,33,76,2
13226,378,34,88,1
13227,378,35,40,2
13228,379,1,25,1
13229,379,2,84,4
13230,379,3,92,4
13231,379,4,43,1
13232,379,5,21,1
13233,379,6,18,1
13234,379,7,27,0
13235,379,8,9,0
13236,379,9,38,2
13237,379,10,46,2
13238,379,11,46,1
13239,379,12,43,1
13240,379,13,84,5
13241,379,14,30,1
13242,379,15,64,2
13243,379,16,44,1
13244,379,17,59,3
13245,379,18,42,1
13246,379,19,42,2
13247,379,20,35,1
13248,379,21,31,1
13249,379,22,25,1
13250,379,23,66,2
13251,379,24,24,1
13252,379,25,42,2
13253,379,26,46,1
13254,379,27,96,5
13255,379,28,69,4
13256,379,29,20,0
13257,379,30,45,1
13258,379,31,19,1
13259,379,32,42,1
13260,379,33,22,1
13261,379,34,52,3
13262,379,35,59,2
13263,380,1,40,1
13264,380,2,142,4
13265,380,3,59,3
13266,380,4,103,1
13267,380,5,68,0
13268,380,6,72,1
13269,380,7,75,2
13270,380,8,120,3
13271,380,9,91,5
13272,380,10,53,2
13273,380,11,36,0
13274,380,12,59,1
13275,380,13,76,3
13276,380,14,40,1
13277,380,15,96,4
13278,380,16,104,4
13279,380,17,89,4
13280,380,18,50,1
13281,380,19,45,1
13282,380,20,93,5
13283,380,21,52,2
13284,380,22,88,4
13285,380,23,63,2
13286,380,24,72,1
13287,380,25,73,1
13288,380,26,109,2
13289,380,27,51,2
13290,380,28,55,3
13291,380,29,107,2
13292,380,30,114,0
13293,380,31,97,2
13294,380,32,90,3
13295,380,33,16,0
13296,380,34,66,0
13297,380,35,89,4
13298,381,1,123,7
13299,381,2,95,2
13300,381,3,66,2
13301,381,4,143,8
13302,381,5,48,2
13303,381,6,86,1
13304,381,7,54,1
13305,381,8,82,3
13306,381,9,70,4
13307,381,10,213,11
13308,381,11,61,1
13309,381,12,173,0
13310,381,13,65,2
13311,381,14,92,2
13312,381,15,155,8
13313,381,16,156,2
13314,381,17,122,4
13315,381,18,118,7
13316,381,19,176,9
13317,381,20,112,6
13318,381,21,75,3
13319,381,22,143,4
13320,381,23,68,0
13321,381,24,123,6
13322,381,25,115,5
13323,381,26,218,5
13324,381,27,62,2
13325,381,28,52,1
13326,381,29,76,3
13327,381,30,158,9
13328,381,31,204,0
13329,381,32,134,7
13330,381,33,87,0
13331,381,34,189,7
13332,381,35,133,5
13333,382,1,129,5
13334,382,2,53,0
13335,382,3,122,6
13336,382,4,50,3
13337,382,5,66,0
13338,382,6,83,3
13339,382,7,104,1
13340,382,8,43,1
13341,382,9,45,2
13342,382,10,65,1
13343,382,11,106,5
13344,382,12,60,3
13345,382,13,98,2
13346,382,14,37,2
13347,382,15,134,6
13348,382,16,50,1
13349,382,17,91,5
13350,382,18,59,3
13351,382,19,101,0
13352,382,20,105,4
13353,382,21,72,4
13354,382,22,74,4
13355,382,23,97,3
13356,382,24,106,5
13357,382,25,75,3
13358,382,26,95,5
13359,382,27,71,1
13360,382,28,106,5
13361,382,29,157,7
13362,382,30,46,2
13363,382,31,119,3
13364,382,32,45,3
13365,382,33,68,2
13366,382,34,133,5
13367,382,35,56,3
13368,383,1,94,5
13369,383,2,64,0
13370,383,3,114,6
13371,383,4,58,0
13372,383,5,74,4
13373,383,6,111,6
13374,383,7,98,2
13375,383,8,47,1
13376,383,9,47,1
13377,383,10,86,0
13378,383,11,37,1
13379,383,12,27,0
13380,383,13,53,1
13381,383,14,49,3
13382,383,15,69,2
13383,383,16,156,0
13384,383,17,78,4
13385,383,18,66,2
13386,383,19,65,3
13387,383,20,96,1
13388,383,21,52,1
13389,383,22,204,12
13390,383,23,37,2
13391,383,24,184,7
13392,383,25,46,1
13393,383,26,61,1
13394,383,27,108,4
13395,383,28,84,2
13396,383,29,40,0
13397,383,30,169,10
13398,383,31,33,2
13399,383,32,54,1
13400,383,33,51,2
13401,383,34,59,1
13402,383,35,50,2
13403,384,1,73,1
13404,384,2,112,3
13405,384,3,108,2
13406,384,4,44,3
13407,384,5,68,3
13408,384,6,111,5
13409,384,7,209,9
13410,384,8,223,5
13411,384,9,56,1
13412,384,10,152,2
13413,384,11,49,3
13414,384,12,63,1
13415,384,13,79,4
13416,384,14,184,5
13417,384,15,78,4
13418,384,16,152,5
13419,384,17,125,5
13420,384,18,90,4
13421,384,19,125,0
13422,384,20,120,5
13423,384,21,65,3
13424,384,22,197,10
13425,384,23,33,1
13426,384,24,65,3
13427,384,25,85,2
13428,384,26,47,1
13429,384,27,68,1
13430,384,28,153,2
13431,384,29,79,1
13432,384,30,56,0
13433,384,31,68,2
13434,384,32,139,8
13435,384,33,140,6
13436,384,34,59,0
13437,384,35,36,2
13438,385,1,81,1
13439,385,2,82,2
13440,385,3,87,1
13441,385,4,120,5
13442,385,5,73,2
13443,385,6,38,2
13444,385,7,32,1
13445,385,8,55,2
13446,385,9,85,5
13447,385,10,93,2
13448,385,11,21,1
13449,385,12,63,2
13450,385,13,76,1
13451,385,14,71,3
13452,385,15,98,6
13453,385,16,48,3
13454,385,17,66,3
13455,385,18,103,4
13456,385,19,65,3
13457,385,20,87,1
13458,385,21,135,4
13459,385,22,103,5
13460,385,23,51,1
13461,385,24,39,1
13462,385,25,58,3
13463,385,26,76,0
13464,385,27,102,6
13465,385,28,65,1
13466,385,29,62,2
13467,385,30,117,1
13468,385,31,15,1
13469,385,32,49,2
13470,385,33,40,1
13471,385,34,67,3
13472,385,35,88,2
13473,386,1,53,3
13474,386,2,33,0
13475,386,3,61,2
13476,386,4,42,2
13477,386,5,20,0
13478,386,6,25,1
13479,386,7,55,2
13480,386,8,14,0
13481,386,9,69,3
13482,386,10,92,3
13483,386,11,63,3
13484,386,12,13,1
13485,386,13,84,3
13486,386,14,49,3
13487,386,15,59,2
13488,386,16,70,1
13489,386,17,39,2
13490,386,18,64,3
13491,386,19,59,1
13492,386,20,18,1
13493,386,21,41,2
13494,386,22,70,2
13495,386,23,45,1
13496,386,24,50,1
13497,386,25,29,1
13498,386,26,44,2
13499,386,27,34,1
13500,386,28,65,2
13501,386,29,40,2
13502,386,30,38,2
13503,386,31,46,1
13504,386,32,56,3
13505,386,33,47,1
13506,386,34,102,2
13507,386,35,93,4
13508,387,1,70,2
13509,387,2,38,0
13510,387,3,28,1
13511,387,4,12,1
13512,387,5,27,1
13513,387,6,38,2
13514,387,7,19,0
13515,387,8,61,1
13516,387,9,71,1
13517,387,10,36,0
13518,387,11,20,1
13519,387,12,60,3
13520,387,13,60,2
13521,387,14,37,0
13522,387,15,32,1
13523,387,16,16,0
13524,387,17,51,3
13525,387,18,29,1
13526,387,19,28,1
13527,387,20,38,2
13528,387,21,85,2
13529,387,22,66,3
13530,387,23,24,1
13531,387,24,51,1
13532,387,25,34,1
13533,387,26,60,1
13534,387,27,53,1
13535,387,28,71,0
13536,387,29,30,2
13537,387,30,41,2
13538,387,31,86,4
13539,387,32,43,2
13540,387,33,35,0
13541,387,34,45,2
13542,387,35,37,2
13543,388,1,110,4
13544,388,2,84,2
13545,388,3,48,1
13546,388,4,49,3
13547,388,5,60,0
13548,388,6,46,1
13549,388,7,139,4
13550,388,8,73,3
13551,388,9,70,1
13552,388,10,50,3
13553,388,11,87,1
13554,388,12,67,1
13555,388,13,69,1
13556,388,14,60,3
13557,388,15,108,3
13558,388,16,60,1
13559,388,17,34,2
13560,388,18,87,5
13561,388,19,58,0
13562,388,20,31,1
13563,388,21,92,3
13564,388,22,57,2
13565,388,23,66,2
13566,388,24,83,4
13567,388,25,79,4
13568,388,26,50,2
13569,388,27,55,3
13570,388,28,58,1
13571,388,29,155,3
13572,388,30,61,1
13573,388,31,44,1
13574,388,32,68,1
13575,388,33,67,4
13576,388,34,65,0
13577,388,35,69,2
13578,389,1,24,1
13579,389,2,43,1
13580,389,3,34,0
13581,389,4,44,2
13582,389,5,53,3
13583,389,6,56,2
13584,389,7,29,1
13585,389,8,63,1
13586,389,9,24,1
13587,389,10,87,4
13588,389,11,21,0
13589,389,12,27,1
13590,389,13,37,1
13591,389,14,51,2
13592,389,15,27,1
13593,389,16,25,1
13594,389,17,13,0
13595,389,18,24,1
13596,389,19,48,2
13597,389,20,15,0
13598,389,21,22,0
13599,389,22,22,1
13600,389,23,27,1
13601,389,24,74,2
13602,389,25,27,1
13603,389,26,23,0
13604,389,27,56,3
13605,389,28,28,1
13606,389,29,39,2
13607,389,30,39,2
13608,389,31,68,1
13609,389,32,73,3
13610,389,33,26,0
13611,389,34,41,1
13612,389,35,47,2
13613,390,1,58,1
13614,390,2,20,1
13615,390,3,36,0
13616,390,4,8,0
13617,390,5,27,0
13618,390,6,10,0
13619,390,7,44,2
13620,390,8,48,3
13621,390,9,16,1
13622,390,10,33,2
13623,390,11,18,0
13624,390,12,20,0
13625,390,13,23,1
13626,390,14,48,1
13627,390,15,45,1
13628,390,16,36,1
13629,390,17,12,0
13630,390,18,38,1
13631,390,19,37,1
13632,390,20,18,1
13633,390,21,49,1
13634,390,22,19,0
13635,390,23,31,1
13636,390,24,21,1
13637,390,25,22,1
13638,390,26,28,1
13639,390,27,25,1
13640,390,28,9,0
13641,390,29,43,1
13642,390,30,24,1
13643,390,31,48,3
13644,390,32,28,1
13645,390,33,32,2
13646,390,34,38,2
13647,390,35,11,0
13648,391,1,29,1
13649,391,2,10,0
13650,391,3,43,1
13651,391,4,12,1
13652,391,5,34,1
13653,391,6,30,1
13654,391,7,37,0
13655,391,8,34,1
13656,391,9,16,0
13657,391,10,12,0
13658,391,11,12,0
13659,391,12,20,1
13660,391,13,18,1
13661,391,14,23,1
13662,391,15,24,1
13663,391,16,25,1
13664,391,17,38,2
13665,391,18,10,0
13666,391,19,41,1
13667,391,20,9,0
13668,391,21,22,0
13669,391,22,25,1
13670,391,23,19,1
13671,391,24,13,1
13672,391,25,25,1
13673,391,26,29,2
13674,391,27,17,1
13675,391,28,20,0
13676,391,29,11,0
13677,391,30,11,0
13678,391,31,26,2
13679,391,32,16,1
13680,391,33,19,1
13681,391,34,24,1
13682,391,35,39,1
13683,392,1,33,2
13684,392,2,35,1
13685,392,3,33,1
13686,392,4,25,1
13687,392,5,30,0
13688,392,6,38,2
13689,392,7,38,1
13690,392,8,14,0
13691,392,9,33,1
13692,392,10,23,1
13693,392,11,22,1
13694,392,12,58,1
13695,392,13,34,2
13696,392,14,44,1
13697,392,15,37,1
13698,392,16,39,2
13699,392,17,39,2
13700,392,18,45,1
13701,392,19,29,2
13702,392,20,15,1
13703,392,21,37,2
13704,392,22,33,1
13705,392,23,28,1
13706,392,24,33,0
13707,392,25,31,1
13708,392,26,56,1
13709,392,27,21,1
13710,392,28,31,1
13711,392,29,22,0
13712,392,30,36,0
13713,392,31,69,1
13714,392,32,22,1
13715,392,33,10,1
13716,392,34,30,0
13717,392,35,35,1
13718,393,1,16,1
13719,393,2,33,1
13720,393,3,28,2
13721,393,4,16,0
13722,393,5,34,1
13723,393,6,21,0
13724,393,7,57,2
13725,393,8,26,2
13726,393,9,40,1
13727,393,10,44,1
13728,393,11,53,1
13729,393,12,41,2
13730,393,13,31,1
13731,393,14,67,3
13732,393,15,48,1
13733,393,16,71,4
13734,393,17,68,3
13735,393,18,32,2
13736,393,19,38,1
13737,393,20,38,2
13738,393,21,36,1
13739,393,22,54,2
13740,393,23,30,0
13741,393,24,68,1
13742,393,25,8,0
13743,393,26,26,1
13744,393,27,49,1
13745,393,28,34,1
13746,393,29,48,2
13747,393,30,32,1
13748,393,31,41,0
13749,393,32,19,1
13750,393,33,29,0
13751,393,34,16,1
13752,393,35,43,1
13753,394,1,26,1
13754,394,2,39,1
13755,394,3,27,0
13756,394,4,21,1
13757,394,5,29,0
13758,394,6,34,1
13759,394,7,54,3
13760,394,8,36,1
13761,394,9,30,1
13762,394,10,33,2
13763,394,11,38,0
13764,394,12,20,1
13765,394,13,23,1
13766,394,14,21,1
13767,394,15,31,1
13768,394,16,51,2
13769,394,17,24,1
13770,394,18,37,1
13771,394,19,38,1
13772,394,20,31,2
13773,394,21,31,1
13774,394,22,21,1
13775,394,23,23,1
13776,394,24,39,2
13777,394,25,22,1
13778,394,26,14,0
13779,394,27,27,2
13780,394,28,17,1
13781,394,29,56,2
13782,394,30,16,0
13783,394,31,19,1
13784,394,32,39,1
13785,394,33,27,1
13786,394,34,23,0
13787,394,35,34,1
13788,395,1,19,1
13789,395,2,6,0
13790,395,3,9,0
13791,395,4,21,1
13792,395,5,12,1
13793,395,6,16,1
13794,395,7,22,1
13795,395,8,29,1
13796,395,9,16,0
13797,395,10,19,0
13798,395,11,13,0
13799,395,12,10,0
13800,395,13,23,1
13801,395,14,37,1
13802,395,15,21,0
13803,395,16,14,0
13804,395,17,26,0
13805,395,18,9,0
13806,395,19,15,0
13807,395,20,11,0
13808,395,21,33,2
13809,395,22,14,0
13810,395,23,18,1
13811,395,24,9,0
13812,395,25,22,1
13813,395,26,29,1
13814,395,27,36,2
13815,395,28,14,0
13816,395,29,36,1
13817,395,30,27,1
13818,395,31,10,0
13819,395,32,45,2
13820,395,33,14,0
13821,395,34,25,0
13822,395,35,50,0
13823,396,1,44,2
13824,396,2,42,1
13825,396,3,52,1
13826,396,4,25,1
13827,396,5,24,0
13828,396,6,34,2
13829,396,7,21,1
13830,396,8,29,1
13831,396,9,39,2
13832,396,10,38,2
13833,396,11,39,0
13834,396,12,18,1
13835,396,13,16,1
13836,396,14,43,1
13837,396,15,21,0
13838,396,16,26,1
13839,396,17,22,0
13840,396,18,13,0
13841,396,19,32,1
13842,396,20,23,1
13843,396,21,15,1
13844,396,22,14,1
13845,396,23,53,1
13846,396,24,23,1
13847,396,25,40,1
13848,396,26,13,1
13849,396,27,39,1
13850,396,28,41,0
13851,396,29,13,1
13852,396,30,34,0
13853,396,31,14,1
13854,396,32,35,2
13855,396,33,15,1
13856,396,34,21,0
13857,396,35,15,1
13858,397,1,100,3
13859,397,2,30,1
13860,397,3,27,1
13861,397,4,47,2
13862,397,5,35,0
13863,397,6,32,2
13864,397,7,14,0
13865,397,8,30,1
13866,397,9,93,4
13867,397,10,42,2
13868,397,11,61,1
13869,397,12,41,1
13870,397,13,59,2
13871,397,14,44,1
13872,397,15,58,2
13873,397,16,16,1
13874,397,17,38,1
13875,397,18,60,1
13876,397,19,64,4
13877,397,20,66,2
13878,397,21,95,3
13879,397,22,13,0
13880,397,23,62,3
13881,397,24,13,0
13882,397,25,36,1
13883,397,26,24,1
13884,397,27,72,2
13885,397,28,73,4
13886,397,29,41,1
13887,397,30,41,2
13888,397,31,32,1
13889,397,32,40,1
13890,397,33,46,0
13891,397,34,39,1
13892,397,35,63,2
13893,398,1,36,2
13894,398,2,29,1
13895,398,3,21,1
13896,398,4,40,2
13897,398,5,42,0
13898,398,6,25,0
13899,398,7,32,2
13900,398,8,14,0
13901,398,9,30,0
13902,398,10,53,3
13903,398,11,28,0
13904,398,12,36,2
13905,398,13,27,1
13906,398,14,49,3
13907,398,15,50,1
13908,398,16,50,1
13909,398,17,34,1
13910,398,18,40,1
13911,398,19,33,1
13912,398,20,46,2
13913,398,21,25,1
13914,398,22,51,2
13915,398,23,21,0
13916,398,24,29,2
13917,398,25,34,2
13918,398,26,20,1
13919,398,27,3,0
13920,398,28,69,1
13921,398,29,39,1
13922,398,30,8,0
13923,398,31,32,2
13924,398,32,34,0
13925,398,33,35,2
13926,398,34,21,1
13927,398,35,30,1
13928,399,1,6,0
13929,399,2,48,1
13930,399,3,50,2
13931,399,4,39,1
13932,399,5,18,0
13933,399,6,19,0
13934,399,7,15,1
13935,399,8,53,3
13936,399,9,24,1
13937,399,10,20,0
13938,399,11,18,1
13939,399,12,30,0
13940,399,13,15,0
13941,399,14,18,0
13942,399,15,41,1
13943,399,16,23,1
13944,399,17,44,1
13945,399,18,13,0
13946,399,19,15,1
13947,399,20,23,1
13948,399,21,66,3
13949,399,22,18,0
13950,399,23,44,1
13951,399,24,50,1
13952,399,25,21,1
13953,399,26,20,1
13954,399,27,7,0
13955,399,28,31,0
13956,399,29,18,1
13957,399,30,23,1
13958,399,31,29,0
13959,399,32,43,3
13960,399,33,28,1
13961,399,34,10,0
13962,399,35,29,0
13963,400,1,43,2
13964,400,2,26,1
13965,400,3,29,1
13966,400,4,52,2
13967,400,5,14,0
13968,400,6,50,2
13969,400,7,27,1
13970,400,8,15,1
13971,400,9,28,0
13972,400,10,39,2
13973,400,11,51,2
13974,400,12,60,2
13975,400,13,36,2
13976,400,14,17,0
13977,400,15,39,1
13978,400,16,25,1
13979,400,17,35,0
13980,400,18,31,0
13981,400,19,29,1
13982,400,20,31,2
13983,400,21,19,1
13984,400,22,43,2
13985,400,23,22,1
13986,400,24,55,0
13987,400,25,58,0
13988,400,26,59,2
13989,400,27,23,0
13990,400,28,39,1
13991,400,29,58,3
13992,400,30,29,1
13993,400,31,23,1
13994,400,32,30,1
13995,400,33,24,0
13996,400,34,51,1
13997,400,35,42,1
13998,401,1,46,3
13999,401,2,46,1
14000,401,3,122,3
14001,401,4,22,1
14002,401,5,59,1
14003,401,6,45,1
14004,401,7,67,2
14005,401,8,60,1
14006,401,9,51,1
14007,401,10,60,1
14008,401,11,47,1
14009,401,12,47,2
14010,401,13,30,1
14011,401,14,73,2
14012,401,15,15,1
14013,401,16,62,3
14014,401,17,40,1
14015,401,18,60,2
14016,401,19,64,2
14017,401,20,86,3
14018,401,21,85,5
14019,401,22,118,5
14020,401,23,34,0
14021,401,24,46,2
14022,401,25,102,5
14023,401,26,30,0
14024,401,27,80,1
14025,401,28,48,3
14026,401,29,31,1
14027,401,30,34,1
14028,401,31,72,2
14029,401,32,82,1
14030,401,33,36,1
14031,401,34,52,2
14032,401,35,26,1
14033,402,1,55,2
14034,402,2,23,1
14035,402,3,37,2
14036,402,4,53,3
14037,402,5,16,1
14038,402,6,36,2
14039,402,7,48,1
14040,402,8,34,2
14041,402,9,33,1
14042,402,10,31,1
14043,402,11,43,2
14044,402,12,71,2
14045,402,13,94,4
14046,402,14,37,1
14047,402,15,34,1
14048,402,16,16,1
14049,402,17,37,1
14050,402,18,35,2
14051,402,19,35,2
14052,402,20,28,0
14053,402,21,25,1
14054,402,22,92,4
14055,402,23,72,3
14056,402,24,58,2
14057,402,25,43,1
14058,402,26,19,0
14059,402,27,35,1
14060,402,28,41,0
14061,402,29,37,0
14062,402,30,62,3
14063,402,31,80,3
14064,402,32,46,1
14065,402,33,21,1
14066,402,34,97,3
14067,402,35,35,1
14068,403,1,53,2
14069,403,2,21,1
14070,403,3,31,1
14071,403,4,13,0
14072,403,5,31,2
14073,403,6,36,1
14074,403,7,24,1
14075,403,8,28,0
14076,403,9,24,1
14077,403,10,32,2
14078,403,11,27,1
14079,403,12,31,2
14080,403,13,30,1
14081,403,14,64,1
14082,403,15,27,1
14083,403,16,34,0
14084,403,17,23,0
14085,403,18,15,0
14086,403,19,56,3
14087,403,20,38,1
14088,403,21,9,0
14089,403,22,10,0
14090,403,23,30,0
14091,403,24,29,1
14092,403,25,34,1
14093,403,26,53,3
14094,403,27,58,3
14095,403,28,25,1
14096,403,29,44,0
14097,403,30,35,1
14098,403,31,28,1
14099,403,32,74,4
14100,403,33,64,2
14101,403,34,23,1
14102,403,35,29,1
14103,404,1,23,1
14104,404,2,59,1
14105,404,3,35,1
14106,404,4,26,1
14107,404,5,25,1
14108,404,6,28,1
14109,404,7,38,1
14110,404,8,27,1
14111,404,9,43,2
14112,404,10,21,1
14113,404,11,33,0
14114,404,12,28,1
14115,404,13,79,5
14116,404,14,15,1
14117,404,15,16,0
14118,404,16,43,2
14119,404,17,53,3
14120,404,18,30,0
14121,404,19,25,1
14122,404,20,42,1
14123,404,21,32,1
14124,404,22,75,2
14125,404,23,53,1
14126,404,24,31,0
14127,404,25,32,0
14128,404,26,115,1
14129,404,27,56,3
14130,404,28,38,2
14131,404,29,31,1
14132,404,30,14,1
14133,404,31,57,1
14134,404,32,55,3
14135,404,33,66,2
14136,404,34,39,1
14137,404,35,21,0
14138,405,1,48,2
14139,405,2,63,4
14140,405,3,75,3
14141,405,4,79,4
14142,405,5,59,1
14143,405,6,52,3
14144,405,7,70,1
14145,405,8,50,1
14146,405,9,75,2
14147,405,10,87,1
14148,405,11,96,1
14149,405,12,119,3
14150,405,13,94,2
14151,405,14,44,2
14152,405,15,53,1
14153,405,16,70,1
14154,405,17,46,1
14155,405,18,48,2
14156,405,19,41,1
14157,405,20,78,2
14158,405,21,22,0
14159,405,22,51,1
14160,405,23,26,0
14161,405,24,48,1
14162,405,25,82,2
14163,405,26,38,2
14164,405,27,73,0
14165,405,28,44,0
14166,405,29,56,2
14167,405,30,40,1
14168,405,31,84,0
14169,405,32,55,3
14170,405,33,46,2
14171,405,34,58,2
14172,405,35,34,1
14173,406,1,38,1
14174,406,2,33,1
14175,406,3,27,0
14176,406,4,41,2
14177,406,5,25,1
14178,406,6,53,2
14179,406,7,34,1
14180,406,8,11,0
14181,406,9,21,1
14182,406,10,81,3
14183,406,11,51,1
14184,406,12,27,1
14185,406,13,33,0
14186,406,14,36,1
14187,406,15,88,1
14188,406,16,16,0
14189,406,17,72,1
14190,406,18,26,1
14191,406,19,29,0
14192,406,20,56,1
14193,406,21,68,3
14194,406,22,28,1
14195,406,23,32,2
14196,406,24,23,1
14197,406,25,53,1
14198,406,26,42,1
14199,406,27,66,3
14200,406,28,43,0
14201,406,29,19,1
14202,406,30,23,1
14203,406,31,24,0
14204,406,32,42,1
14205,406,33,35,1
14206,406,34,28,1
14207,406,35,43,2
14208,407,1,60,1
14209,407,2,32,1
14210,407,3,31,1
14211,407,4,32,1
14212,407,5,25,1
14213,407,6,32,2
14214,407,7,49,1
14215,407,8,33,1
14216,407,9,37,2
14217,407,10,29,0
14218,407,11,43,1
14219,407,12,36,2
14220,407,13,40,2
14221,407,14,22,1
14222,407,15,32,1
14223,407,16,57,2
14224,407,17,23,0
14225,407,18,43,2
14226,407,19,28,1
14227,407,20,19,0
14228,407,21,36,1
14229,407,22,46,2
14230,407,23,18,0
14231,407,24,44,1
14232,407,25,28,1
14233,407,26,27,2
14234,407,27,32,2
14235,407,28,43,0
14236,407,29,35,0
14237,407,30,29,0
14238,407,31,60,3
14239,407,32,31,1
14240,407,33,10,1
14241,407,34,20,0
14242,407,35,30,1
14243,408,1,50,2
14244,408,2,46,0
14245,408,3,96,3
14246,408,4,57,2
14247,408,5,32,1
14248,408,6,62,3
14249,408,7,62,2
14250,408,8,61,1
14251,408,9,37,1
14252,408,10,84,4
14253,408,11,30,2
14254,408,12,52,1
14255,408,13,38,2
14256,408,14,61,3
14257,408,15,27,1
14258,408,16,84,2
14259,408,17,53,1
14260,408,18,56,1
14261,408,19,77,0
14262,408,20,50,1
14263,408,21,81,2
14264,408,22,31,0
14265,408,23,77,4
14266,408,24,17,0
14267,408,25,23,1
14268,408,26,75,1
14269,408,27,58,1
14270,408,28,54,1
14271,408,29,82,3
14272,408,30,41,1
14273,408,31,51,1
14274,408,32,64,2
14275,408,33,51,1
14276,408,34,37,1
14277,408,35,39,1
14278,409,1,98,2
14279,409,2,77,3
14280,409,3,61,1
14281,409,4,33,2
14282,409,5,88,4
14283,409,6,79,3
14284,409,7,90,2
14285,409,8,90,4
14286,409,9,96,2
14287,409,10,73,2
14288,409,11,125,6
14289,409,12,74,1
14290,409,13,44,1
14291,409,14,90,2
14292,409,15,69,4
14293,409,16,103,4
14294,409,17,94,2
14295,409,18,95,4
14296,409,19,78,1
14297,409,20,99,1
14298,409,21,124,4
14299,409,22,133,2
14300,409,23,84,2
14301,409,24,103,3
14302,409,25,50,1
14303,409,26,118,4
14304,409,27,53,0
14305,409,28,103,1
14306,409,29,127,2
14307,409,30,77,4
14308,409,31,61,0
14309,409,32,50,2
14310,409,33,100,0
14311,409,34,142,6
14312,409,35,46,2
14313,410,1,35,2
14314,410,2,66,3
14315,410,3,65,2
14316,410,4,23,1
14317,410,5,67,3
14318,410,6,44,2
14319,410,7,49,1
14320,410,8,59,2
14321,410,9,48,2
14322,410,10,69,2
14323,410,11,38,1
14324,410,12,38,1
14325,410,13,36,1
14326,410,14,81,3
14327,410,15,49,1
14328,410,16,48,1
14329,410,17,104,2
14330,410,18,67,4
14331,410,19,43,1
14332,410,20,34,2
14333,410,21,66,4
14334,410,22,55,1
14335,410,23,50,3
14336,410,24,57,1
14337,410,25,17,1
14338,410,26,82,4
14339,410,27,33,1
14340,410,28,57,0
14341,410,29,87,4
14342,410,30,62,2
14343,410,31,112,5
14344,410,32,26,1
14345,410,33,102,2
14346,410,34,55,3
14347,410,35,23,1
14348,411,1,62,3
14349,411,2,34,2
14350,411,3,60,3
14351,411,4,25,0
14352,411,5,62,2
14353,411,6,41,1
14354,411,7,24,0
14355,411,8,73,3
14356,411,9,46,2
14357,411,10,35,0
14358,411,11,65,3
14359,411,12,59,1
14360,411,13,52,1
14361,411,14,56,1
14362,411,15,45,1
14363,411,16,40,2
14364,411,17,24,0
14365,411,18,25,0
14366,411,19,62,2
14367,411,20,45,2
14368,411,21,22,0
14369,411,22,56,1
14370,411,23,30,1
14371,411,24,22,1
14372,411,25,25,0
14373,411,26,22,1
14374,411,27,60,2
14375,411,28,23,0
14376,411,29,39,2
14377,411,30,63,1
14378,411,31,50,2
14379,411,32,54,1
14380,411,33,48,1
14381,411,34,31,2
14382,411,35,46,0
14383,412,1,79,1
14384,412,2,58,3
14385,412,3,75,3
14386,412,4,38,2
14387,412,5,69,2
14388,412,6,63,3
14389,412,7,11,0
14390,412,8,96,1
14391,412,9,111,1
14392,412,10,46,1
14393,412,11,76,3
14394,412,12,41,2
14395,412,13,74,2
14396,412,14,40,2
14397,412,15,135,8
14398,412,16,79,2
14399,412,17,33,1
14400,412,18,26,1
14401,412,19,36,2
14402,412,20,13,0
14403,412,21,70,3
14404,412,22,51,1
14405,412,23,60,2
14406,412,24,69,0
14407,412,25,20,1
14408,412,26,89,2
14409,412,27,109,1
14410,412,28,155,8
14411,412,29,74,4
14412,412,30,97,1
14413,412,31,43,1
14414,412,32,69,3
14415,412,33,67,4
14416,412,34,46,1
14417,412,35,41,2
14418,413,1,129,6
14419,413,2,97,5
14420,413,3,58,3
14421,413,4,74,4
14422,413,5,43,2
14423,413,6,86,4
14424,413,7,84,5
14425,413,8,42,1
14426,413,9,40,1
14427,413,10,78,2
14428,413,11,67,2
14429,413,12,43,2
14430,413,13,75,1
14431,413,14,79,5
14432,413,15,120,6
14433,413,16,59,2
14434,413,17,84,3
14435,413,18,58,2
14436,413,19,85,2
14437,413,20,113,1
14438,413,21,76,5
14439,413,22,67,3
14440,413,23,55,0
14441,413,24,9,0
14442,413,25,72,4
14443,413,26,30,1
14444,413,27,48,1
14445,413,28,42,1
14446,413,29,112,1
14447,413,30,149,2
14448,413,31,46,0
14449,413,32,21,1
14450,413,33,61,3
14451,413,34,70,4
14452,413,35,55,2
14453,414,1,34,1
14454,414,2,39,1
14455,414,3,87,2
14456,414,4,54,3
14457,414,5,32,2
14458,414,6,45,2
14459,414,7,43,1
14460,414,8,83,3
14461,414,9,38,1
14462,414,10,65,0
14463,414,11,59,1
14464,414,12,25,1
14465,414,13,21,1
14466,414,14,37,1
14467,414,15,13,1
14468,414,16,49,1
14469,414,17,39,1
14470,414,18,95,1
14471,414,19,38,2
14472,414,20,46,0
14473,414,21,61,1
14474,414,22,64,2
14475,414,23,57,2
14476,414,24,58,2
14477,414,25,29,1
14478,414,26,46,1
14479,414,27,42,0
14480,414,28,29,0
14481,414,29,27,1
14482,414,30,82,0
14483,414,31,51,2
14484,414,32,114,4
14485,414,33,99,4
14486,414,34,102,3
14487,414,35,83,1
14488,415,1,34,2
14489,415,2,52,1
14490,415,3,18,1
14491,415,4,37,2
14492,415,5,18,1
14493,415,6,24,1
14494,415,7,18,1
14495,415,8,20,1
14496,415,9,20,1
14497,415,10,55,3
14498,415,11,54,1
14499,415,12,42,1
14500,415,13,59,3
14501,415,14,56,3
14502,415,15,22,1
14503,415,16,40,2
14504,415,17,38,1
14505,415,18,51,1
14506,415,19,23,1
14507,415,20,33,1
14508,415,21,40,2
14509,415,22,42,1
14510,415,23,34,2
14511,415,24,36,1
14512,415,25,15,0
14513,415,26,69,3
14514,415,27,35,2
14515,415,28,62,0
14516,415,29,22,1
14517,415,30,17,0
14518,415,31,70,4
14519,415,32,107,1
14520,415,33,24,1
14521,415,34,30,2
14522,415,35,23,0
14523,416,1,14,0
14524,416,2,78,3
14525,416,3,59,3
14526,416,4,64,4
14527,416,5,60,3
14528,416,6,85,4
14529,416,7,47,2
14530,416,8,38,1
14531,416,9,70,4
14532,416,10,70,2
14533,416,11,25,0
14534,416,12,28,1
14535,416,13,29,1
14536,416,14,64,2
14537,416,15,39,1
14538,416,16,71,4
14539,416,17,43,2
14540,416,18,42,1
14541,416,19,48,1
14542,416,20,89,4
14543,416,21,25,1
14544,416,22,104,4
14545,416,23,37,2
14546,416,24,72,0
14547,416,25,59,1
14548,416,26,47,1
14549,416,27,57,1
14550,416,28,38,1
14551,416,29,61,1
14552,416,30,73,0
14553,416,31,47,1
14554,416,32,80,1
14555,416,33,73,3
14556,416,34,71,0
14557,416,35,97,3
14558,417,1,31,0
14559,417,2,34,1
14560,417,3,17,1
14561,417,4,23,1
14562,417,5,30,2
14563,417,6,70,4
14564,417,7,38,2
14565,417,8,29,2
14566,417,9,33,1
14567,417,10,24,1
14568,417,11,47,2
14569,417,12,60,3
14570,417,13,34,0
14571,417,14,20,0
14572,417,15,24,1
14573,417,16,31,1
14574,417,17,42,2
14575,417,18,32,0
14576,417,19,32,1
14577,417,20,33,1
14578,417,21,28,1
14579,417,22,17,1
14580,417,23,38,2
14581,417,24,53,3
14582,417,25,46,2
14583,417,26,42,2
14584,417,27,31,2
14585,417,28,45,1
14586,417,29,26,1
14587,417,30,23,1
14588,417,31,25,0
14589,417,32,43,1
14590,417,33,51,1
14591,417,34,56,1
14592,417,35,49,2
14593,418,1,23,1
14594,418,2,60,1
14595,418,3,42,2
14596,418,4,48,3
14597,418,5,19,1
14598,418,6,22,1
14599,418,7,30,1
14600,418,8,32,1
14601,418,9,34,1
14602,418,10,22,1
14603,418,11,43,2
14604,418,12,19,1
14605,418,13,42,1
14606,418,14,31,0
14607,418,15,39,2
14608,418,16,13,1
14609,418,17,36,1
14610,418,18,26,1
14611,418,19,25,1
14612,418,20,27,1
14613,418,21,17,1
14614,418,22,30,0
14615,418,23,76,2
14616,418,24,29,1
14617,418,25,61,3
14618,418,26,44,2
14619,418,27,26,1
14620,418,28,22,0
14621,418,29,15,0
14622,418,30,12,0
14623,418,31,15,1
14624,418,32,42,2
14625,418,33,73,3
14626,418,34,10,0
14627,418,35,61,1
14628,419,1,28,1
14629,419,2,27,1
14630,419,3,32,2
14631,419,4,6,0
14632,419,5,22,1
14633,419,6,16,1
14634,419,7,43,2
14635,419,8,45,1
14636,419,9,17,0
14637,419,10,10,0
14638,419,11,37,1
14639,419,12,11,0
14640,419,13,28,2
14641,419,14,15,0
14642,419,15,32,1
14643,419,16,43,2
14644,419,17,15,1
14645,419,18,14,0
14646,419,19,32,1
14647,419,20,35,2
14648,419,21,25,1
14649,419,22,25,1
14650,419,23,22,1
14651,419,24,21,0
14652,419,25,22,0
14653,419,26,40,2
14654,419,27,23,1
14655,419,28,16,1
14656,419,29,10,0
14657,419,30,29,1
14658,419,31,21,1
14659,419,32,35,0
14660,419,33,36,1
14661,419,34,7,0
14662,419,35,9,0
14663,420,1,31,1
14664,420,2,60,0
14665,420,3,29,0
14666,420,4,58,3
14667,420,5,52,1
14668,420,6,39,0
14669,420,7,32,1
14670,420,8,22,1
14671,420,9,27,1
14672,420,10,23,1
14673,420,11,27,1
14674,420,12,52,3
14675,420,13,34,2
14676,420,14,28,2
14677,420,15,18,1
14678,420,16,35,1
14679,420,17,19,0
14680,420,18,36,1
14681,420,19,31,0
14682,420,20,50,1
14683,420,21,25,0
14684,420,22,62,2
14685,420,23,45,1
14686,420,24,32,0
14687,420,25,38,1
14688,420,26,39,1
14689,420,27,42,1
14690,420,28,64,3
14691,420,29,61,2
14692,420,30,19,0
14693,420,31,23,1
14694,420,32,59,3
14695,420,33,33,2
14696,420,34,26,0
14697,420,35,20,1
14698,421,1,50,3
14699,421,2,46,2
14700,421,3,82,4
14701,421,4,57,2
14702,421,5,51,1
14703,421,6,35,2
14704,421,7,29,1
14705,421,8,35,1
14706,421,9,76,1
14707,421,10,32,1
14708,421,11,53,3
14709,421,12,24,1
14710,421,13,32,1
14711,421,14,36,1
14712,421,15,89,2
14713,421,16,21,0
14714,421,17,36,1
14715,421,18,50,2
14716,421,19,33,1
14717,421,20,37,1
14718,421,21,26,1
14719,421,22,23,1
14720,421,23,36,2
14721,421,24,65,3
14722,421,25,27,1
14723,421,26,84,1
14724,421,27,36,2
14725,421,28,11,0
14726,421,29,20,0
14727,421,30,46,2
14728,421,31,19,0
14729,421,32,62,3
14730,421,33,50,1
14731,421,34,62,4
14732,421,35,47,2
14733,422,1,21,1
14734,422,2,6,0
14735,422,3,45,2
14736,422,4,15,0
14737,422,5,22,1
14738,422,6,19,0
14739,422,7,53,1
14740,422,8,13,0
14741,422,9,29,1
14742,422,10,25,1
14743,422,11,16,1
14744,422,12,21,1
14745,422,13,33,1
14746,422,14,37,1
14747,422,15,52,1
14748,422,16,55,3
14749,422,17,25,1
14750,422,18,23,1
14751,422,19,27,0
14752,422,20,39,1
14753,422,21,7,0
14754,422,22,27,2
14755,422,23,34,1
14756,422,24,30,1
14757,422,25,23,0
14758,422,26,22,1
14759,422,27,17,1
14760,422,28,21,0
14761,422,29,13,0
14762,422,30,25,1
14763,422,31,18,1
14764,422,32,18,1
14765,422,33,33,1
14766,422,34,40,0
14767,422,35,7,0
14768,423,1,13,1
14769,423,2,34,1
14770,423,3,24,1
14771,423,4,37,1
14772,423,5,34,1
14773,423,6,14,1
14774,423,7,41,2
14775,423,8,31,2
14776,423,9,6,0
14777,423,10,12,0
14778,423,11,12,0
14779,423,12,22,0
14780,423,13,19,1
14781,423,14,19,0
14782,423,15,24,0
14783,423,16,22,0
14784,423,17,21,1
14785,423,18,16,0
14786,423,19,13,1
14787,423,20,19,1
14788,423,21,44,1
14789,423,22,22,1
14790,423,23,9,0
14791,423,24,16,1
14792,423,25,15,1
14793,423,26,53,1
14794,423,27,24,1
14795,423,28,22,1
14796,423,29,16,0
14797,423,30,11,0
14798,423,31,59,3
14799,423,32,16,0
14800,423,33,12,0
14801,423,34,15,0
14802,423,35,23,1
14803,424,1,24,1
14804,424,2,21,0
14805,424,3,47,2
14806,424,4,36,0
14807,424,5,32,1
14808,424,6,40,1
14809,424,7,30,1
14810,424,8,41,2
14811,424,9,59,1
14812,424,10,47,1
14813,424,11,27,1
14814,424,12,21,0
14815,424,13,27,0
14816,424,14,24,1
14817,424,15,20,1
14818,424,16,25,0
14819,424,17,39,2
14820,424,18,35,2
14821,424,19,37,1
14822,424,20,83,3
14823,424,21,41,2
14824,424,22,42,1
14825,424,23,19,0
14826,424,24,27,1
14827,424,25,52,1
14828,424,26,24,1
14829,424,27,32,2
14830,424,28,69,2
14831,424,29,40,1
14832,424,30,23,1
14833,424,31,33,2
14834,424,32,53,1
14835,424,33,57,2
14836,424,34,21,0
14837,424,35,31,1
14838,425,1,63,3
14839,425,2,37,1
14840,425,3,19,0
14841,425,4,45,3
14842,425,5,53,1
14843,425,6,37,0
14844,425,7,43,1
14845,425,8,59,3
14846,425,9,45,1
14847,425,10,33,1
14848,425,11,18,0
14849,425,12,23,0
14850,425,13,38,2
14851,425,14,24,1
14852,425,15,57,3
14853,425,16,58,1
14854,425,17,46,1
14855,425,18,19,1
14856,425,19,57,1
14857,425,20,47,2
14858,425,21,38,2
14859,425,22,36,1
14860,425,23,28,0
14861,425,24,36,1
14862,425,25,28,1
14863,425,26,26,1
14864,425,27,65,3
14865,425,28,24,0
14866,425,29,54,3
14867,425,30,30,1
14868,425,31,33,0
14869,425,32,54,3
14870,425,33,34,1
14871,425,34,36,1
14872,425,35,45,2
14873,426,1,17,0
14874,426,2,56,2
14875,426,3,58,3
14876,426,4,24,0
14877,426,5,62,3
14878,426,6,35,1
14879,426,7,26,1
14880,426,8,44,2
14881,426,9,27,1
14882,426,10,31,1
14883,426,11,24,1
14884,426,12,23,1
14885,426,13,30,1
14886,426,14,34,0
14887,426,15,31,2
14888,426,16,32,1
14889,426,17,55,3
14890,426,18,25,1
14891,426,19,31,1
14892,426,20,10,1
14893,426,21,43,1
14894,426,22,10,0
14895,426,23,23,1
14896,426,24,34,1
14897,426,25,29,0
14898,426,26,16,0
14899,426,27,45,2
14900,426,28,27,0
14901,426,29,64,4
14902,426,30,20,1
14903,426,31,19,1
14904,426,32,34,1
14905,426,33,16,1
14906,426,34,34,0
14907,426,35,19,1
14908,427,1,19,0
14909,427,2,10,0
14910,427,3,56,1
14911,427,4,25,1
14912,427,5,5,0
14913,427,6,8,0
14914,427,7,31,1
14915,427,8,59,3
14916,427,9,22,1
14917,427,10,14,1
14918,427,11,33,1
14919,427,12,17,1
14920,427,13,18,1
14921,427,14,16,1
14922,427,15,41,2
14923,427,16,66,3
14924,427,17,33,0
14925,427,18,29,1
14926,427,19,31,1
14927,427,20,21,1
14928,427,21,14,0
14929,427,22,17,1
14930,427,23,25,1
14931,427,24,13,0
14932,427,25,22,1
14933,427,26,28,1
14934,427,27,38,1
14935,427,28,27,1
14936,427,29,25,0
14937,427,30,22,1
14938,427,31,16,0
14939,427,32,15,1
14940,427,33,20,0
14941,427,34,28,1
14942,427,35,13,0
14943,428,1,74,4
14944,428,2,37,0
14945,428,3,65,2
14946,428,4,16,0
14947,428,5,43,2
14948,428,6,81,2
14949,428,7,45,1
14950,428,8,27,1
14951,428,9,43,2
14952,428,10,40,1
14953,428,11,46,1
14954,428,12,30,1
14955,428,13,49,1
14956,428,14,34,1
14957,428,15,35,2
14958,428,16,31,1
14959,428,17,22,1
14960,428,18,37,1
14961,428,19,45,1
14962,428,20,40,0
14963,428,21,49,2
14964,428,22,55,3
14965,428,23,24,0
14966,428,24,50,0
14967,428,25,34,1
14968,428,26,50,1
14969,428,27,61,3
14970,428,28,20,1
14971,428,29,35,1
14972,428,30,68,3
14973,428,31,31,1
14974,428,32,38,2
14975,428,33,32,2
14976,428,34,15,0
14977,428,35,32,2
14978,429,1,36,1
14979,429,2,98,3
14980,429,3,54,1
14981,429,4,35,2
14982,429,5,47,3
14983,429,6,87,4
14984,429,7,90,4
14985,429,8,25,0
14986,429,9,74,4
14987,429,10,44,2
14988,429,11,75,2
14989,429,12,25,1
14990,429,13,53,3
14991,429,14,50,1
14992,429,15,48,3
14993,429,16,133,4
14994,429,17,36,1
14995,429,18,28,2
14996,429,19,55,3
14997,429,20,23,1
14998,429,21,32,1
14999,429,22,52,1
15000,429,23,63,0
15001,429,24,17,1
15002,429,25,46,3
15003,429,26,52,1
15004,429,27,57,1
15005,429,28,34,1
15006,429,29,43,1
15007,429,30,41,1
15008,429,31,38,1
15009,429,32,84,3
15010,429,33,60,3
15011,429,34,61,1
15012,429,35,16,1
15013,430,1,49,2
15014,430,2,33,2
15015,430,3,23,1
15016,430,4,26,0
15017,430,5,33,0
15018,430,6,15,1
15019,430,7,27,1
15020,430,8,25,1
15021,430,9,15,1
15022,430,10,57,2
15023,430,11,38,1
15024,430,12,20,1
15025,430,13,48,1
15026,430,14,40,1
15027,430,15,27,1
15028,430,16,39,0
15029,430,17,59,4
15030,430,18,30,2
15031,430,19,27,1
15032,430,20,53,0
15033,430,21,34,1
15034,430,22,36,2
15035,430,23,37,1
15036,430,24,18,1
15037,430,25,35,2
15038,430,26,32,0
15039,430,27,48,1
15040,430,28,47,1
15041,430,29,30,1
15042,430,30,20,0
15043,430,31,41,0
15044,430,32,17,0
15045,430,33,44,2
15046,430,34,31,1
15047,430,35,19,1
15048,431,1,50,2
15049,431,2,18,1
15050,431,3,18,1
15051,431,4,38,1
15052,431,5,34,1
15053,431,6,18,1
15054,431,7,7,0
15055,431,8,24,0
15056,431,9,53,1
15057,431,10,20,1
15058,431,11,42,1
15059,431,12,43,2
15060,431,13,86,3
15061,431,14,23,1
15062,431,15,21,0
15063,431,16,25,1
15064,431,17,26,1
15065,431,18,16,1
15066,431,19,18,1
15067,431,20,58,2
15068,431,21,16,0
15069,431,22,38,1
15070,431,23,18,0
15071,431,24,35,1
15072,431,25,40,1
15073,431,26,42,1
15074,431,27,29,0
15075,431,28,17,1
15076,431,29,22,1
15077,431,30,17,0
15078,431,31,28,1
15079,431,32,22,0
15080,431,33,28,1
15081,431,34,19,1
15082,431,35,61,2
15083,432,1,59,3
15084,432,2,30,1
15085,432,3,33,1
15086,432,4,63,2
15087,432,5,38,2
15088,432,6,41,1
15089,432,7,19,0
15090,432,8,19,0
15091,432,9,47,1
15092,432,10,25,0
15093,432,11,29,2
15094,432,12,25,1
15095,432,13,54,2
15096,432,14,44,2
15097,432,15,25,1
15098,432,16,31,1
15099,432,17,36,2
15100,432,18,42,0
15101,432,19,31,2
15102,432,20,45,1
15103,432,21,41,2
15104,432,22,56,2
15105,432,23,49,3
15106,432,24,49,0
15107,432,25,65,2
15108,432,26,60,3
15109,432,27,84,1
15110,432,28,39,2
15111,432,29,70,1
15112,432,30,36,1
15113,432,31,71,1
15114,432,32,59,2
15115,432,33,48,2
15116,432,34,37,0
15117,432,35,40,1
15118,433,1,46,1
15119,433,2,51,2
15120,433,3,54,2
15121,433,4,116,5
15122,433,5,37,0
15123,433,6,81,4
15124,433,7,61,2
15125,433,8,67,3
15126,433,9,31,0
15127,433,10,77,4
15128,433,11,20,0
15129,433,12,49,1
15130,433,13,132,7
15131,433,14,51,0
15132,433,15,78,3
15133,433,16,107,6
15134,433,17,56,3
15135,433,18,43,1
15136,433,19,46,0
15137,433,20,64,1
15138,433,21,85,3
15139,433,22,79,4
15140,433,23,70,0
15141,433,24,78,3
15142,433,25,70,2
15143,433,26,57,1
15144,433,27,56,2
15145,433,28,48,1
15146,433,29,118,0
15147,433,30,68,2
15148,433,31,75,0
15149,433,32,17,0
15150,433,33,41,1
15151,433,34,56,2
15152,433,35,138,3
15153,434,1,48,1
15154,434,2,40,1
15155,434,3,37,1
15156,434,4,105,6
15157,434,5,17,1
15158,434,6,9,0
15159,434,7,58,1
15160,434,8,39,1
15161,434,9,38,1
15162,434,10,33,2
15163,434,11,40,1
15164,434,12,57,2
15165,434,13,38,0
15166,434,14,23,1
15167,434,15,43,1
15168,434,16,40,1
15169,434,17,50,3
15170,434,18,43,1
15171,434,19,66,2
15172,434,20,41,2
15173,434,21,37,2
15174,434,22,35,2
15175,434,23,63,2
15176,434,24,55,2
15177,434,25,77,1
15178,434,26,33,1
15179,434,27,72,4
15180,434,28,31,0
15181,434,29,47,2
15182,434,30,55,3
15183,434,31,33,2
15184,434,32,40,0
15185,434,33,34,1
15186,434,34,47,3
15187,434,35,40,2
15188,435,1,43,2
15189,435,2,31,2
15190,435,3,20,1
15191,435,4,18,1
15192,435,5,12,1
15193,435,6,23,1
15194,435,7,10,0
15195,435,8,21,1
15196,435,9,44,1
15197,435,10,38,1
15198,435,11,39,1
15199,435,12,57,0
15200,435,13,38,0
15201,435,14,59,2
15202,435,15,42,1
15203,435,16,22,1
15204,435,17,40,2
15205,435,18,26,1
15206,435,19,63,1
15207,435,20,17,1
15208,435,21,33,0
15209,435,22,34,1
15210,435,23,32,1
15211,435,24,42,1
15212,435,25,55,3
15213,435,26,27,1
15214,435,27,61,2
15215,435,28,54,1
15216,435,29,45,1
15217,435,30,44,2
15218,435,31,45,1
15219,435,32,28,1
15220,435,33,65,2
15221,435,34,54,3
15222,435,35,42,0
15223,436,1,73,3
15224,436,2,45,0
15225,436,3,49,1
15226,436,4,47,2
15227,436,5,62,0
15228,436,6,66,3
15229,436,7,36,1
15230,436,8,11,1
15231,436,9,30,1
15232,436,10,58,3
15233,436,11,58,3
15234,436,12,110,5
15235,436,13,33,1
15236,436,14,59,2
15237,436,15,93,1
15238,436,16,41,1
15239,436,17,70,1
15240,436,18,44,0
15241,436,19,63,0
15242,436,20,16,0
15243,436,21,55,1
15244,436,22,71,2
15245,436,23,56,1
15246,436,24,25,0
15247,436,25,112,0
15248,436,26,21,1
15249,436,27,47,2
15250,436,28,46,2
15251,436,29,37,1
15252,436,30,59,1
15253,436,31,31,1
15254,436,32,40,1
15255,436,33,25,1
15256,436,34,21,1
15257,436,35,23,1
15258,437,1,80,0
15259,437,2,50,3
15260,437,3,130,2
15261,437,4,51,1
15262,437,5,70,2
15263,437,6,55,1
15264,437,7,58,2
15265,437,8,93,3
15266,437,9,137,4
15267,437,10,125,7
15268,437,11,44,1
15269,437,12,51,3
15270,437,13,98,1
15271,437,14,72,0
15272,437,15,69,4
15273,437,16,116,2
15274,437,17,50,1
15275,437,18,66,2
15276,437,19,55,0
15277,437,20,49,2
15278,437,21,117,2
15279,437,22,67,1
15280,437,23,61,0
15281,437,24,55,3
15282,437,25,161,9
15283,437,26,86,4
15284,437,27,115,3
15285,437,28,130,7
15286,437,29,59,0
15287,437,30,126,3
15288,437,31,70,0
15289,437,32,129,7
15290,437,33,95,1
15291,437,34,58,2
15292,437,35,108,6
15293,438,1,24,1
15294,438,2,89,2
15295,438,3,67,4
15296,438,4,95,4
15297,438,5,40,0
15298,438,6,76,3
15299,438,7,60,3
15300,438,8,60,1
15301,438,9,79,3
15302,438,10,67,3
15303,438,11,94,0
15304,438,12,77,1
15305,438,13,25,1
15306,438,14,85,3
15307,438,15,50,1
15308,438,16,34,1
15309,438,17,46,2
15310,438,18,40,1
15311,438,19,12,0
15312,438,20,29,0
15313,438,21,37,0
15314,438,22,48,2
15315,438,23,68,3
15316,438,24,47,1
15317,438,25,54,2
15318,438,26,44,1
15319,438,27,66,3
15320,438,28,69,0
15321,438,29,48,0
15322,438,30,55,1
15323,438,31,53,3
15324,438,32,49,3
15325,438,33,43,1
15326,438,34,52,1
15327,438,35,42,1
15328,439,1,16,1
15329,439,2,66,3
15330,439,3,58,2
15331,439,4,40,2
15332,439,5,80,3
15333,439,6,34,1
15334,439,7,63,1
15335,439,8,44,2
15336,439,9,59,2
15337,439,10,25,0
15338,439,11,44,1
15339,439,12,23,0
15340,439,13,27,1
15341,439,14,32,1
15342,439,15,37,0
15343,439,16,36,2
15344,439,17,24,0
15345,439,18,48,3
15346,439,19,61,2
15347,439,20,42,1
15348,439,21,25,0
15349,439,22,36,2
15350,439,23,66,3
15351,439,24,29,0
15352,439,25,54,1
15353,439,26,64,2
15354,439,27,49,2
15355,439,28,92,2
15356,439,29,78,0
15357,439,30,89,4
15358,439,31,46,3
15359,439,32,41,2
15360,439,33,40,2
15361,439,34,30,1
15362,439,35,26,1
15363,440,1,87,5
15364,440,2,31,1
15365,440,3,33,2
15366,440,4,28,1
15367,440,5,80,0
15368,440,6,56,1
15369,440,7,63,3
15370,440,8,33,1
15371,440,9,63,3
15372,440,10,12,1
15373,440,11,77,0
15374,440,12,81,2
15375,440,13,76,2
15376,440,14,113,4
15377,440,15,105,4
15378,440,16,30,0
15379,440,17,133,3
15380,440,18,61,2
15381,440,19,55,0
15382,440,20,65,3
15383,440,21,44,1
15384,440,22,66,3
15385,440,23,54,3
15386,440,24,65,1
15387,440,25,51,3
15388,440,26,50,3
15389,440,27,50,2
15390,440,28,58,2
15391,440,29,74,1
15392,440,30,68,0
15393,440,31,43,1
15394,440,32,76,1
15395,440,33,77,2
15396,440,34,26,1
15397,440,35,74,2
15398,441,1,63,1
15399,441,2,154,5
15400,441,3,76,1
15401,441,4,136,0
15402,441,5,50,2
15403,441,6,25,0
15404,441,7,80,1
15405,441,8,54,1
15406,441,9,37,0
15407,441,10,107,3
15408,441,11,80,3
15409,441,12,15,1
15410,441,13,31,1
15411,441,14,101,0
15412,441,15,162,6
15413,441,16,83,4
15414,441,17,68,0
15415,441,18,43,2
15416,441,19,44,1
15417,441,20,45,1
15418,441,21,149,2
15419,441,22,102,4
15420,441,23,80,0
15421,441,24,137,2
15422,441,25,67,2
15423,441,26,135,3
15424,441,27,75,0
15425,441,28,79,5
15426,441,29,71,2
15427,441,30,120,5
15428,441,31,83,0
15429,441,32,121,4
15430,441,33,43,2
15431,441,34,120,7
15432,441,35,37,2
15433,442,1,28,0
15434,442,2,21,1
15435,442,3,58,2
15436,442,4,21,1
15437,442,5,86,0
15438,442,6,69,3
15439,442,7,60,3
15440,442,8,73,4
15441,442,9,47,1
15442,442,10,60,0
15443,442,11,45,2
15444,442,12,24,0
15445,442,13,39,0
15446,442,14,67,0
15447,442,15,89,4
15448,442,16,35,1
15449,442,17,90,5
15450,442,18,53,2
15451,442,19,27,2
15452,442,20,41,1
15453,442,21,54,2
15454,442,22,22,1
15455,442,23,64,1
15456,442,24,70,1
15457,442,25,97,5
15458,442,26,58,1
15459,442,27,51,2
15460,442,28,39,2
15461,442,29,49,0
15462,442,30,23,1
15463,442,31,58,3
15464,442,32,56,1
15465,442,33,23,1
15466,442,34,40,1
15467,442,35,47,3
15468,443,1,65,1
15469,443,2,38,1
15470,443,3,41,2
15471,443,4,22,1
15472,443,5,62,1
15473,443,6,29,1
15474,443,7,42,2
15475,443,8,59,1
15476,443,9,79,4
15477,443,10,36,0
15478,443,11,33,2
15479,443,12,48,0
15480,443,13,33,1
15481,443,14,16,1
15482,443,15,32,1
15483,443,16,54,2
15484,443,17,53,1
15485,443,18,90,4
15486,443,19,52,2
15487,443,20,48,1
15488,443,21,48,0
15489,443,22,55,1
15490,443,23,73,1
15491,443,24,22,1
15492,443,25,53,2
15493,443,26,61,1
15494,443,27,31,1
15495,443,28,23,0
15496,443,29,50,1
15497,443,30,85,4
15498,443,31,38,1
15499,443,32,42,1
15500,443,33,24,1
15501,443,34,37,1
15502,443,35,59,1
15503,444,1,55,2
15504,444,2,28,1
15505,444,3,23,1
15506,444,4,73,2
15507,444,5,66,0
15508,444,6,26,0
15509,444,7,97,3
15510,444,8,64,2
15511,444,9,96,3
15512,444,10,34,1
15513,444,11,20,1
15514,444,12,26,1
15515,444,13,51,1
15516,444,14,37,2
15517,444,15,157,8
15518,444,16,91,5
15519,444,17,59,3
15520,444,18,65,2
15521,444,19,80,0
15522,444,20,50,3
15523,444,21,60,1
15524,444,22,45,1
15525,444,23,20,1
15526,444,24,65,0
15527,444,25,54,2
15528,444,26,75,4
15529,444,27,51,1
15530,444,28,43,1
15531,444,29,33,1
15532,444,30,40,1
15533,444,31,111,4
15534,444,32,39,1
15535,444,33,15,1
15536,444,34,81,1
15537,444,35,78,4
15538,445,1,38,2
15539,445,2,31,1
15540,445,3,44,0
15541,445,4,27,0
15542,445,5,21,1
15543,445,6,39,1
15544,445,7,60,2
15545,445,8,54,1
15546,445,9,19,1
15547,445,10,27,1
15548,445,11,36,1
15549,445,12,37,1
15550,445,13,69,2
15551,445,14,45,0
15552,445,15,33,0
15553,445,16,37,2
15554,445,17,38,0
15555,445,18,59,1
15556,445,19,30,1
15557,445,20,20,1
15558,445,21,36,0
15559,445,22,32,2
15560,445,23,35,1
15561,445,24,14,0
15562,445,25,34,1
15563,445,26,34,1
15564,445,27,28,0
15565,445,28,44,1
15566,445,29,41,0
15567,445,30,44,1
15568,445,31,31,1
15569,445,32,41,1
15570,445,33,33,2
15571,445,34,45,1
15572,445,35,30,0
15573,446,1,28,1
15574,446,2,26,0
15575,446,3,34,1
15576,446,4,37,1
15577,446,5,32,0
15578,446,6,33,1
15579,446,7,16,0
15580,446,8,48,3
15581,446,9,14,0
15582,446,10,19,0
15583,446,11,24,1
15584,446,12,35,2
15585,446,13,21,1
15586,446,14,22,1
15587,446,15,23,1
15588,446,16,17,0
15589,446,17,44,1
15590,446,18,28,1
15591,446,19,20,0
15592,446,20,29,0
15593,446,21,65,3
15594,446,22,21,0
15595,446,23,16,0
15596,446,24,45,1
15597,446,25,16,1
15598,446,26,22,1
15599,446,27,14,0
15600,446,28,40,1
15601,446,29,15,0
15602,446,30,13,0
15603,446,31,22,1
15604,446,32,38,1
15605,446,33,16,1
15606,446,34,13,1
15607,446,35,42,2
15608,447,1,21,1
15609,447,2,48,2
15610,447,3,26,1
15611,447,4,21,1
15612,447,5,36,1
15613,447,6,32,1
15614,447,7,16,0
15615,447,8,29,1
15616,447,9,45,2
15617,447,10,15,0
15618,447,11,23,1
15619,447,12,15,1
15620,447,13,21,0
15621,447,14,37,2
15622,447,15,16,1
15623,447,16,37,1
15624,447,17,15,1
15625,447,18,14,1
15626,447,19,6,0
15627,447,20,20,1
15628,447,21,12,0
15629,447,22,10,0
15630,447,23,25,1
15631,447,24,17,0
15632,447,25,31,2
15633,447,26,19,0
15634,447,27,24,1
15635,447,28,21,0
15636,447,29,37,2
15637,447,30,10,0
15638,447,31,10,1
15639,447,32,37,1
15640,447,33,27,1
15641,447,34,11,0
15642,447,35,28,1
15643,448,1,44,1
15644,448,2,26,1
15645,448,3,29,1
15646,448,4,54,2
15647,448,5,20,1
15648,448,6,13,0
15649,448,7,39,1
15650,448,8,32,1
15651,448,9,23,1
15652,448,10,85,5
15653,448,11,37,1
15654,448,12,43,1
15655,448,13,23,0
15656,448,14,52,2
15657,448,15,25,1
15658,448,16,51,2
15659,448,17,39,1
15660,448,18,16,0
15661,448,19,47,0
15662,448,20,28,1
15663,448,21,21,0
15664,448,22,18,0
15665,448,23,43,1
15666,448,24,32,1
15667,448,25,38,1
15668,448,26,40,1
15669,448,27,21,1
15670,448,28,15,1
15671,448,29,15,1
15672,448,30,23,0
15673,448,31,53,1
15674,448,32,78,1
15675,448,33,13,0
15676,448,34,40,1
15677,448,35,23,1
15678,449,1,32,2
15679,449,2,60,3
15680,449,3,52,1
15681,449,4,18,0
15682,449,5,67,3
15683,449,6,28,1
15684,449,7,38,1
15685,449,8,37,1
15686,449,9,41,1
15687,449,10,19,1
15688,449,11,45,3
15689,449,12,39,0
15690,449,13,51,2
15691,449,14,29,0
15692,449,15,40,2
15693,449,16,19,1
15694,449,17,22,1
15695,449,18,54,1
15696,449,19,34,1
15697,449,20,51,2
15698,449,21,36,1
15699,449,22,43,1
15700,449,23,49,2
15701,449,24,41,2
15702,449,25,77,2
15703,449,26,54,0
15704,449,27,22,0
15705,449,28,29,0
15706,449,29,48,0
15707,449,30,31,1
15708,449,31,88,0
15709,449,32,30,1
15710,449,33,50,1
15711,449,34,17,1
15712,449,35,42,2
15713,450,1,20,1
15714,450,2,37,1
15715,450,3,28,1
15716,450,4,17,1
15717,450,5,39,1
15718,450,6,34,1
15719,450,7,51,2
15720,450,8,42,0
15721,450,9,17,1
15722,450,10,19,1
15723,450,11,29,0
15724,450,12,21,0
15725,450,13,34,1
15726,450,14,27,2
15727,450,15,73,2
15728,450,16,18,0
15729,450,17,19,0
15730,450,18,22,1
15731,450,19,41,1
15732,450,20,7,0
15733,450,21,26,0
15734,450,22,11,0
15735,450,23,45,1
15736,450,24,20,1
15737,450,25,19,1
15738,450,26,33,2
15739,450,27,17,1
15740,450,28,24,1
15741,450,29,25,0
15742,450,30,35,2
15743,450,31,23,1
15744,450,32,15,0
15745,450,33,16,1
15746,450,34,20,1
15747,450,35,13,1
15748,451,1,19,0
15749,451,2,31,1
15750,451,3,19,0
15751,451,4,20,1
15752,451,5,11,1
15753,451,6,29,1
15754,451,7,10,0
15755,451,8,35,2
15756,451,9,14,1
15757,451,10,27,0
15758,451,11,13,0
15759,451,12,14,1
15760,451,13,14,0
15761,451,14,18,0
15762,451,15,29,1
15763,451,16,18,1
15764,451,17,14,0
15765,451,18,26,1
15766,451,19,16,0
15767,451,20,10,1
15768,451,21,11,0
15769,451,22,10,0
15770,451,23,30,2
15771,451,24,8,0
15772,451,25,21,1
15773,451,26,17,0
15774,451,27,19,1
15775,451,28,30,0
15776,451,29,36,0
15777,451,30,27,1
15778,451,31,25,1
15779,451,32,28,0
15780,451,33,37,1
15781,451,34,23,1
15782,451,35,31,2
15783,452,1,40,1
15784,452,2,36,1
15785,452,3,4,0
15786,452,4,27,1
15787,452,5,30,0
15788,452,6,15,0
15789,452,7,10,0
15790,452,8,83,2
15791,452,9,27,1
15792,452,10,32,1
15793,452,11,38,1
15794,452,12,19,1
15795,452,13,20,0
15796,452,14,54,3
15797,452,15,55,1
15798,452,16,9,0
15799,452,17,19,1
15800,452,18,41,2
15801,452,19,28,0
15802,452,20,31,1
15803,452,21,54,2
15804,452,22,60,1
15805,452,23,33,2
15806,452,24,14,0
15807,452,25,33,2
15808,452,26,42,2
15809,452,27,32,1
15810,452,28,16,1
15811,452,29,18,0
15812,452,30,21,1
15813,452,31,15,0
15814,452,32,43,2
15815,452,33,30,1
15816,452,34,16,1
15817,452,35,24,1
15818,453,1,35,0
15819,453,2,52,3
15820,453,3,34,1
15821,453,4,30,1
15822,453,5,67,3
15823,453,6,53,1
15824,453,7,41,1
15825,453,8,49,3
15826,453,9,57,3
15827,453,10,42,1
15828,453,11,27,1
15829,453,12,64,3
15830,453,13,14,0
15831,453,14,50,0
15832,453,15,27,0
15833,453,16,60,2
15834,453,17,53,3
15835,453,18,27,0
15836,453,19,62,2
15837,453,20,54,2
15838,453,21,107,2
15839,453,22,38,2
15840,453,23,53,1
15841,453,24,42,2
15842,453,25,18,0
15843,453,26,3,0
15844,453,27,66,0
15845,453,28,42,1
15846,453,29,35,1
15847,453,30,63,2
15848,453,31,51,2
15849,453,32,30,1
15850,453,33,30,0
15851,453,34,46,2
15852,453,35,36,1
15853,454,1,32,1
15854,454,2,35,2
15855,454,3,40,1
15856,454,4,22,1
15857,454,5,25,1
15858,454,6,34,1
15859,454,7,52,1
15860,454,8,28,1
15861,454,9,25,1
15862,454,10,45,1
15863,454,11,25,0
15864,454,12,23,1
15865,454,13,34,2
15866,454,14,12,0
15867,454,15,31,1
15868,454,16,32,2
15869,454,17,46,2
15870,454,18,36,1
15871,454,19,31,1
15872,454,20,19,0
15873,454,21,38,1
15874,454,22,25,0
15875,454,23,18,1
15876,454,24,63,0
15877,454,25,59,3
15878,454,26,22,1
15879,454,27,81,3
15880,454,28,22,1
15881,454,29,34,2
15882,454,30,15,1
15883,454,31,30,1
15884,454,32,44,2
15885,454,33,64,2
15886,454,34,24,1
15887,454,35,37,2
15888,455,1,30,1
15889,455,2,23,1
15890,455,3,21,1
15891,455,4,42,1
15892,455,5,19,1
15893,455,6,31,1
15894,455,7,22,1
15895,455,8,17,1
15896,455,9,7,0
15897,455,10,15,1
15898,455,11,28,1
15899,455,12,13,0
15900,455,13,30,1
15901,455,14,16,1
15902,455,15,41,1
15903,455,16,26,1
15904,455,17,8,0
15905,455,18,28,0
15906,455,19,15,1
15907,455,20,35,1
15908,455,21,22,0
15909,455,22,18,1
15910,455,23,15,0
15911,455,24,16,0
15912,455,25,42,2
15913,455,26,24,1
15914,455,27,40,1
15915,455,28,11,0
15916,455,29,15,1
15917,455,30,40,1
15918,455,31,37,1
15919,455,32,26,1
15920,455,33,22,1
15921,455,34,21,1
15922,455,35,12,1
15923,456,1,61,3
15924,456,2,22,0
15925,456,3,40,2
15926,456,4,28,2
15927,456,5,29,2
15928,456,6,19,0
15929,456,7,59,2
15930,456,8,20,1
15931,456,9,42,2
15932,456,10,22,0
15933,456,11,44,1
15934,456,12,25,1
15935,456,13,33,2
15936,456,14,25,1
15937,456,15,20,1
15938,456,16,60,2
15939,456,17,108,6
15940,456,18,54,1
15941,456,19,11,0
15942,456,20,23,0
15943,456,21,38,2
15944,456,22,43,2
15945,456,23,33,1
15946,456,24,2,0
15947,456,25,45,1
15948,456,26,54,3
15949,456,27,36,2
15950,456,28,45,1
15951,456,29,50,3
15952,456,30,40,1
15953,456,31,34,1
15954,456,32,22,1
15955,456,33,29,1
15956,456,34,16,1
15957,456,35,129,2
15958,457,1,34,0
15959,457,2,46,2
15960,457,3,31,2
15961,457,4,41,1
15962,457,5,101,5
15963,457,6,87,5
15964,457,7,47,1
15965,457,8,51,1
15966,457,9,40,2
15967,457,10,79,1
15968,457,11,33,0
15969,457,12,70,1
15970,457,13,28,1
15971,457,14,49,0
15972,457,15,74,3
15973,457,16,42,1
15974,457,17,56,3
15975,457,18,19,1
15976,457,19,46,2
15977,457,20,19,1
15978,457,21,95,3
15979,457,22,26,1
15980,457,23,45,1
15981,457,24,66,2
15982,457,25,47,1
15983,457,26,57,3
15984,457,27,46,0
15985,457,28,56,2
15986,457,29,59,2
15987,457,30,52,1
15988,457,31,80,0
15989,457,32,64,1
15990,457,33,34,2
15991,457,34,55,2
15992,457,35,39,1
15993,458,1,19,1
15994,458,2,41,0
15995,458,3,18,1
15996,458,4,49,2
15997,458,5,34,2
15998,458,6,12,0
15999,458,7,27,1
16000,458,8,14,1
16001,458,9,58,3
16002,458,10,28,1
16003,458,11,28,0
16004,458,12,55,1
16005,458,13,9,0
16006,458,14,30,1
16007,458,15,54,1
16008,458,16,51,2
16009,458,17,32,2
16010,458,18,35,2
16011,458,19,41,1
16012,458,20,15,0
16013,458,21,59,2
16014,458,22,38,1
16015,458,23,34,2
16016,458,24,26,0
16017,458,25,18,0
16018,458,26,25,1
16019,458,27,19,1
16020,458,28,31,2
16021,458,29,24,1
16022,458,30,48,1
16023,458,31,55,1
16024,458,32,28,0
16025,458,33,54,1
16026,458,34,23,1
16027,458,35,34,1
16028,459,1,37,1
16029,459,2,31,1
16030,459,3,39,2
16031,459,4,24,1
16032,459,5,9,0
16033,459,6,60,2
16034,459,7,11,0
16035,459,8,55,2
16036,459,9,20,1
16037,459,10,35,1
16038,459,11,15,1
16039,459,12,12,0
16040,459,13,22,1
16041,459,14,23,1
16042,459,15,66,3
16043,459,16,8,0
16044,459,17,41,1
16045,459,18,43,0
16046,459,19,30,0
16047,459,20,57,3
16048,459,21,20,1
16049,459,22,13,0
16050,459,23,27,0
16051,459,24,54,1
16052,459,25,23,1
16053,459,26,10,0
16054,459,27,40,1
16055,459,28,46,2
16056,459,29,19,0
16057,459,30,36,0
16058,459,31,36,1
16059,459,32,48,1
16060,459,33,26,1
16061,459,34,26,1
16062,459,35,22,1
16063,460,1,33,2
16064,460,2,35,1
16065,460,3,63,1
16066,460,4,59,2
16067,460,5,39,0
16068,460,6,34,2
16069,460,7,66,1
16070,460,8,7,0
16071,460,9,28,0
16072,460,10,44,2
16073,460,11,27,0
16074,460,12,42,1
16075,460,13,43,2
16076,460,14,43,1
16077,460,15,55,3
16078,460,16,81,5
16079,460,17,31,1
16080,460,18,70,3
16081,460,19,23,0
16082,460,20,23,1
16083,460,21,62,1
16084,460,22,36,1
16085,460,23,26,1
16086,460,24,36,2
16087,460,25,32,1
16088,460,26,67,1
16089,460,27,127,3
16090,460,28,55,1
16091,460,29,60,2
16092,460,30,56,2
16093,460,31,59,2
16094,460,32,48,3
16095,460,33,51,1
16096,460,34,56,2
16097,460,35,40,2
16098,461,1,33,2
16099,461,2,79,5
16100,461,3,100,3
16101,461,4,57,1
16102,461,5,49,2
16103,461,6,75,4
16104,461,7,22,1
16105,461,8,77,4
16106,461,9,62,1
16107,461,10,59,3
16108,461,11,47,2
16109,461,12,72,1
16110,461,13,72,1
16111,461,14,60,3
16112,461,15,51,1
16113,461,16,116,3
16114,461,17,48,0
16115,461,18,62,2
16116,461,19,76,1
16117,461,20,44,1
16118,461,21,112,3
16119,461,22,46,1
16120,461,23,85,0
16121,461,24,79,3
16122,461,25,31,1
16123,461,26,51,1
16124,461,27,113,6
16125,461,28,42,2
16126,461,29,44,1
16127,461,30,23,1
16128,461,31,33,0
16129,461,32,51,2
16130,461,33,139,7
16131,461,34,67,1
16132,461,35,39,1
16133,462,1,37,1
16134,462,2,15,1
16135,462,3,18,1
16136,462,4,47,2
16137,462,5,45,1
16138,462,6,26,1
16139,462,7,57,1
16140,462,8,26,1
16141,462,9,37,2
16142,462,10,56,3
16143,462,11,17,0
16144,462,12,72,2
16145,462,13,43,1
16146,462,14,23,1
16147,462,15,27,1
16148,462,16,34,2
16149,462,17,65,4
16150,462,18,24,1
16151,462,19,56,3
16152,462,20,53,0
16153,462,21,40,2
16154,462,22,27,1
16155,462,23,17,0
16156,462,24,16,0
16157,462,25,17,1
16158,462,26,37,2
16159,462,27,33,1
16160,462,28,36,2
16161,462,29,64,1
16162,462,30,18,1
16163,462,31,62,2
16164,462,32,25,1
16165,462,33,29,1
16166,462,34,61,3
16167,462,35,40,2
16168,463,1,35,2
16169,463,2,22,1
16170,463,3,16,0
16171,463,4,6,0
16172,463,5,25,1
16173,463,6,38,1
16174,463,7,54,3
16175,463,8,32,1
16176,463,9,45,1
16177,463,10,27,1
16178,463,11,18,1
16179,463,12,24,0
16180,463,13,44,1
16181,463,14,44,2
16182,463,15,7,0
16183,463,16,22,1
16184,463,17,22,1
16185,463,18,26,0
16186,463,19,40,0
16187,463,20,69,2
16188,463,21,44,2
16189,463,22,20,0
16190,463,23,32,2
16191,463,24,42,1
16192,463,25,24,0
16193,463,26,37,1
16194,463,27,56,1
16195,463,28,24,1
16196,463,29,23,1
16197,463,30,25,0
16198,463,31,32,1
16199,463,32,47,2
16200,463,33,47,2
16201,463,34,44,1
16202,463,35,23,1
16203,464,1,36,0
16204,464,2,97,4
16205,464,3,42,1
16206,464,4,37,1
16207,464,5,37,2
16208,464,6,64,2
16209,464,7,59,2
16210,464,8,33,0
16211,464,9,48,2
16212,464,10,64,1
16213,464,11,24,1
16214,464,12,22,0
16215,464,13,23,1
16216,464,14,37,2
16217,464,15,20,0
16218,464,16,47,2
16219,464,17,48,2
16220,464,18,32,1
16221,464,19,36,1
16222,464,20,21,1
16223,464,21,28,1
16224,464,22,71,3
16225,464,23,4,0
16226,464,24,41,2
16227,464,25,39,1
16228,464,26,45,2
16229,464,27,65,1
16230,464,28,61,3
16231,464,29,66,4
16232,464,30,26,2
16233,464,31,48,1
16234,464,32,79,5
16235,464,33,70,4
16236,464,34,50,2
16237,464,35,66,3
16238,465,1,84,0
16239,465,2,63,4
16240,465,3,56,2
16241,465,4,39,2
16242,465,5,132,2
16243,465,6,103,1
16244,465,7,123,4
16245,465,8,70,3
16246,465,9,70,0
16247,465,10,22,1
16248,465,11,51,2
16249,465,12,126,3
16250,465,13,65,3
16251,465,14,81,1
16252,465,15,78,3
16253,465,16,78,4
16254,465,17,70,1
16255,465,18,96,2
16256,465,19,75,1
16257,465,20,66,2
16258,465,21,58,1
16259,465,22,82,4
16260,465,23,36,0
16261,465,24,159,3
16262,465,25,62,3
16263,465,26,94,4
16264,465,27,118,0
16265,465,28,46,1
16266,465,29,88,1
16267,465,30,88,2
16268,465,31,76,0
16269,465,32,52,0
16270,465,33,81,5
16271,465,34,65,2
16272,465,35,89,5
16273,466,1,89,4
16274,466,2,64,0
16275,466,3,36,2
16276,466,4,130,2
16277,466,5,48,1
16278,466,6,11,0
16279,466,7,65,1
16280,466,8,64,2
16281,466,9,28,0
16282,466,10,40,0
16283,466,11,41,0
16284,466,12,97,2
16285,466,13,51,3
16286,466,14,24,1
16287,466,15,83,3
16288,466,16,76,1
16289,466,17,39,1
16290,466,18,60,2
16291,466,19,118,0
16292,466,20,22,0
16293,466,21,69,2
16294,466,22,33,1
16295,466,23,36,2
16296,466,24,88,0
16297,466,25,24,1
16298,466,26,65,1
16299,466,27,80,4
16300,466,28,43,0
16301,466,29,44,1
16302,466,30,84,2
16303,466,31,46,1
16304,466,32,72,3
16305,466,33,34,1
16306,466,34,46,1
16307,466,35,38,1
16308,467,1,36,1
16309,467,2,56,2
16310,467,3,101,4
16311,467,4,65,2
16312,467,5,56,3
16313,467,6,43,1
16314,467,7,39,1
16315,467,8,81,3
16316,467,9,43,1
16317,467,10,44,2
16318,467,11,100,2
16319,467,12,53,0
16320,467,13,25,0
16321,467,14,53,2
16322,467,15,62,2
16323,467,16,27,1
16324,467,17,51,3
16325,467,18,44,0
16326,467,19,48,3
16327,467,20,21,0
16328,467,21,65,1
16329,467,22,96,2
16330,467,23,71,3
16331,467,24,78,4
16332,467,25,45,2
16333,467,26,53,1
16334,467,27,77,3
16335,467,28,64,1
16336,467,29,15,0
16337,467,30,35,2
16338,467,31,38,2
16339,467,32,66,0
16340,467,33,63,3
16341,467,34,40,1
16342,467,35,33,1
16343,468,1,135,0
16344,468,2,120,3
16345,468,3,71,3
16346,468,4,104,2
16347,468,5,120,0
16348,468,6,45,1
16349,468,7,58,3
16350,468,8,64,4
16351,468,9,81,4
16352,468,10,36,2
16353,468,11,46,1
16354,468,12,54,1
16355,468,13,71,1
16356,468,14,37,1
16357,468,15,80,2
16358,468,16,69,1
16359,468,17,94,5
16360,468,18,48,3
16361,468,19,86,0
16362,468,20,66,2
16363,468,21,63,2
16364,468,22,75,2
16365,468,23,143,5
16366,468,24,26,1
16367,468,25,81,3
16368,468,26,51,2
16369,468,27,42,1
16370,468,28,71,3
16371,468,29,45,1
16372,468,30,78,4
16373,468,31,133,2
16374,468,32,38,1
16375,468,33,130,3
16376,468,34,103,4
16377,468,35,109,4
16378,469,1,42,2
16379,469,2,85,0
16380,469,3,91,2
16381,469,4,85,2
16382,469,5,81,5
16383,469,6,152,5
16384,469,7,56,1
16385,469,8,120,5
16386,469,9,78,0
16387,469,10,64,2
16388,469,11,55,3
16389,469,12,70,2
16390,469,13,65,1
16391,469,14,57,2
16392,469,15,32,1
16393,469,16,94,5
16394,469,17,86,0
16395,469,18,127,2
16396,469,19,169,7
16397,469,20,40,0
16398,469,21,88,4
16399,469,22,43,2
16400,469,23,55,2
16401,469,24,76,1
16402,469,25,122,2
16403,469,26,117,0
16404,469,27,88,0
16405,469,28,40,1
16406,469,29,40,2
16407,469,30,62,4
16408,469,31,69,1
16409,469,32,48,1
16410,469,33,131,6
16411,469,34,43,2
16412,469,35,71,1
16413,470,1,114,3
16414,470,2,37,1
16415,470,3,66,1
16416,470,4,77,0
16417,470,5,34,1
16418,470,6,50,1
16419,470,7,14,0
16420,470,8,59,1
16421,470,9,33,1
16422,470,10,24,0
16423,470,11,41,0
16424,470,12,54,1
16425,470,13,81,3
16426,470,14,43,1
16427,470,15,18,1
16428,470,16,29,0
16429,470,17,41,1
16430,470,18,71,0
16431,470,19,24,0
16432,470,20,36,0
16433,470,21,28,1
16434,470,22,19,1
16435,470,23,70,4
16436,470,24,44,1
16437,470,25,69,4
16438,470,26,19,1
16439,470,27,45,1
16440,470,28,21,0
16441,470,29,40,1
16442,470,30,40,2
16443,470,31,56,1
16444,470,32,68,2
16445,470,33,80,3
16446,470,34,70,1
16447,470,35,76,4
16448,471,1,23,1
16449,471,2,42,2
16450,471,3,31,1
16451,471,4,84,2
16452,471,5,81,3
16453,471,6,34,1
16454,471,7,48,2
16455,471,8,82,2
16456,471,9,51,1
16457,471,10,45,2
16458,471,11,67,3
16459,471,12,42,1
16460,471,13,35,1
16461,471,14,90,0
16462,471,15,87,3
16463,471,16,26,1
16464,471,17,45,1
16465,471,18,54,0
16466,471,19,87,2
16467,471,20,38,2
16468,471,21,48,1
16469,471,22,68,4
16470,471,23,70,2
16471,471,24,53,1
16472,471,25,15,1
16473,471,26,79,4
16474,471,27,36,2
16475,471,28,72,2
16476,471,29,56,0
16477,471,30,55,1
16478,471,31,31,1
16479,471,32,20,1
16480,471,33,46,2
16481,471,34,36,0
16482,471,35,15,1
16483,472,1,44,1
16484,472,2,76,3
16485,472,3,175,6
16486,472,4,37,0
16487,472,5,90,4
16488,472,6,59,3
16489,472,7,58,2
16490,472,8,24,1
16491,472,9,74,2
16492,472,10,85,5
16493,472,11,56,1
16494,472,12,81,1
16495,472,13,92,1
16496,472,14,78,4
16497,472,15,101,4
16498,472,16,65,3
16499,472,17,82,1
16500,472,18,80,2
16501,472,19,42,0
16502,472,20,23,1
16503,472,21,42,1
16504,472,22,40,1
16505,472,23,70,3
16506,472,24,31,1
16507,472,25,69,0
16508,472,26,37,2
16509,472,27,18,0
16510,472,28,28,2
16511,472,29,35,2
16512,472,30,38,1
16513,472,31,42,1
16514,472,32,83,2
16515,472,33,95,0
16516,472,34,93,3
16517,472,35,39,2
16518,473,1,45,3
16519,473,2,43,0
16520,473,3,28,1
16521,473,4,54,1
16522,473,5,20,0
16523,473,6,22,1
16524,473,7,37,1
16525,473,8,30,1
16526,473,9,32,0
16527,473,10,40,1
16528,473,11,48,2
16529,473,12,18,0
16530,473,13,48,1
16531,473,14,21,1
16532,473,15,36,1
16533,473,16,10,0
16534,473,17,41,0
16535,473,18,43,2
16536,473,19,36,0
16537,473,20,49,2
16538,473,21,36,0
16539,473,22,43,2
16540,473,23,30,1
16541,473,24,55,2
16542,473,25,44,2
16543,473,26,10,0
16544,473,27,22,0
16545,473,28,40,2
16546,473,29,24,1
16547,473,30,35,1
16548,473,31,54,0
16549,473,32,57,2
16550,473,33,26,1
16551,473,34,80,4
16552,473,35,31,1
16553,474,1,25,1
16554,474,2,22,0
16555,474,3,27,1
16556,474,4,14,1
16557,474,5,22,0
16558,474,6,22,0
16559,474,7,20,0
16560,474,8,42,1
16561,474,9,33,1
16562,474,10,15,0
16563,474,11,20,1
16564,474,12,31,1
16565,474,13,60,3
16566,474,14,34,2
16567,474,15,19,0
16568,474,16,23,1
16569,474,17,29,1
16570,474,18,33,0
16571,474,19,24,1
16572,474,20,21,1
16573,474,21,20,1
16574,474,22,19,0
16575,474,23,21,1
16576,474,24,14,0
16577,474,25,16,0
16578,474,26,44,2
16579,474,27,28,1
16580,474,28,24,0
16581,474,29,35,1
16582,474,30,27,1
16583,474,31,22,0
16584,474,32,18,1
16585,474,33,40,2
16586,474,34,53,2
16587,474,35,25,1
16588,475,1,9,0
16589,475,2,12,0
16590,475,3,11,1
16591,475,4,20,1
16592,475,5,24,1
16593,475,6,29,2
16594,475,7,21,1
16595,475,8,32,0
16596,475,9,34,1
16597,475,10,22,1
16598,475,11,46,0
16599,475,12,17,1
16600,475,13,16,1
16601,475,14,35,1
16602,475,15,31,0
16603,475,16,19,0
16604,475,17,52,1
16605,475,18,19,1
16606,475,19,25,1
16607,475,20,16,1
16608,475,21,23,0
16609,475,22,23,1
16610,475,23,39,2
16611,475,24,13,1
16612,475,25,10,0
16613,475,26,24,1
16614,475,27,17,1
16615,475,28,27,1
16616,475,29,22,1
16617,475,30,30,1
16618,475,31,35,2
16619,475,32,17,1
16620,475,33,26,1
16621,475,34,15,0
16622,475,35,17,1
16623,476,1,35,0
16624,476,2,16,0
16625,476,3,49,2
16626,476,4,37,1
16627,476,5,32,1
16628,476,6,31,2
16629,476,7,70,1
16630,476,8,30,1
16631,476,9,28,1
16632,476,10,29,2
16633,476,11,27,1
16634,476,12,38,2
16635,476,13,25,1
16636,476,14,17,1
16637,476,15,12,1
16638,476,16,47,1
16639,476,17,80,5
16640,476,18,22,1
16641,476,20,55,1
16642,476,21,32,1
16643,476,22,30,1
16644,476,23,27,1
16645,476,24,57,3
16646,476,25,27,0
16647,476,26,52,1
16648,476,27,33,0
16649,476,28,28,1
16650,476,29,15,1
16651,476,30,23,0
16652,476,31,39,1
16653,476,32,17,1
16654,476,33,12,0
16655,476,34,30,1
16656,476,35,16,0
16657,477,1,18,0
16658,477,2,40,0
16659,477,3,29,1
16660,477,4,50,2
16661,477,5,45,2
16662,477,6,74,3
16663,477,7,12,0
16664,477,8,44,2
16665,477,9,29,1
16666,477,10,37,1
16667,477,11,47,2
16668,477,12,49,1
16669,477,13,22,1
16670,477,14,47,2
16671,477,15,32,1
16672,477,16,51,1
16673,477,17,49,0
16674,477,18,35,1
16675,477,19,31,2
16676,477,20,41,2
16677,477,21,18,0
16678,477,22,63,3
16679,477,23,42,2
16680,477,24,58,3
16681,477,25,14,1
16682,477,26,30,1
16683,477,27,55,2
16684,477,28,20,1
16685,477,29,19,1
16686,477,30,76,0
16687,477,31,29,1
16688,477,32,23,1
16689,477,33,53,1
16690,477,34,38,1
16691,477,35,50,3
16692,478,1,16,0
16693,478,2,11,0
16694,478,3,29,2
16695,478,4,23,1
16696,478,5,51,1
16697,478,6,26,0
16698,478,7,30,1
16699,478,8,50,3
16700,478,9,27,0
16701,478,10,7,0
16702,478,11,44,0
16703,478,12,17,1
16704,478,13,45,1
16705,478,14,45,2
16706,478,15,31,1
16707,478,16,12,1
16708,478,17,34,1
16709,478,18,20,1
16710,478,19,23,0
16711,478,20,18,1
16712,478,21,44,1
16713,478,22,19,1
16714,478,23,47,1
16715,478,24,46,2
16716,478,25,24,1
16717,478,26,33,0
16718,478,27,21,1
16719,478,28,34,1
16720,478,29,18,1
16721,478,30,46,2
16722,478,31,22,1
16723,478,32,13,1
16724,478,33,38,1
16725,478,34,37,2
16726,478,35,34,1
16727,479,1,13,1
16728,479,2,47,2
16729,479,3,14,0
16730,479,4,26,1
16731,479,5,16,0
16732,479,6,8,0
16733,479,7,15,0
16734,479,8,17,0
16735,479,9,52,3
16736,479,10,16,1
16737,479,11,11,0
16738,479,12,25,1
16739,479,13,53,2
16740,479,14,17,0
16741,479,15,19,1
16742,479,16,16,1
16743,479,17,23,1
16744,479,18,22,0
16745,479,19,73,1
16746,479,20,8,0
16747,479,21,25,0
16748,479,22,27,1
16749,479,23,32,1
16750,479,24,18,1
16751,479,25,22,0
16752,479,26,38,1
16753,479,27,34,1
16754,479,28,17,1
16755,479,29,23,1
16756,479,30,12,0
16757,479,31,5,0
16758,479,32,33,1
16759,479,33,13,1
16760,479,34,63,3
16761,479,35,21,1
16762,480,1,59,3
16763,480,2,36,2
16764,480,3,27,0
16765,480,4,59,2
16766,480,5,21,1
16767,480,6,30,2
16768,480,7,50,1
16769,480,8,45,2
16770,480,9,73,2
16771,480,10,34,1
16772,480,11,54,2
16773,480,12,37,2
16774,480,13,18,0
16775,480,14,32,1
16776,480,15,25,1
16777,480,16,21,1
16778,480,17,14,1
16779,480,18,26,1
16780,480,19,22,0
16781,480,20,31,1
16782,480,21,52,2
16783,480,22,43,2
16784,480,23,14,1
16785,480,24,63,2
16786,480,25,18,1
16787,480,26,27,1
16788,480,27,41,1
16789,480,28,17,1
16790,480,29,71,4
16791,480,30,42,1
16792,480,31,37,1
16793,480,32,10,0
16794,480,33,39,2
16795,480,34,73,3
16796,480,35,40,1
16797,481,1,17,1
16798,481,2,34,0
16799,481,3,44,2
16800,481,4,30,0
16801,481,5,39,0
16802,481,6,21,1
16803,481,7,9,0
16804,481,8,35,1
16805,481,9,27,1
16806,481,10,49,2
16807,481,11,26,1
16808,481,12,31,1
16809,481,13,21,0
16810,481,14,70,4
16811,481,15,86,4
16812,481,16,55,3
16813,481,17,50,0
16814,481,18,59,3
16815,481,19,27,1
16816,481,20,58,3
16817,481,21,71,1
16818,481,22,31,0
16819,481,23,75,1
16820,481,24,57,1
16821,481,25,34,1
16822,481,26,40,2
16823,481,27,42,2
16824,481,28,48,1
16825,481,29,28,1
16826,481,30,16,0
16827,481,31,62,0
16828,481,32,86,2
16829,481,33,27,0
16830,481,34,59,2
16831,481,35,58,3
16832,482,1,55,1
16833,482,2,17,1
16834,482,3,20,0
16835,482,4,46,0
16836,482,5,59,2
16837,482,6,29,2
16838,482,7,17,1
16839,482,8,41,1
16840,482,9,36,1
16841,482,10,43,1
16842,482,11,38,0
16843,482,12,46,2
16844,482,13,40,2
16845,482,14,25,0
16846,482,15,26,1
16847,482,16,25,0
16848,482,17,21,1
16849,482,18,40,2
16850,482,19,35,2
16851,482,20,20,1
16852,482,21,32,1
16853,482,22,48,1
16854,482,23,61,2
16855,482,24,16,1
16856,482,25,24,1
16857,482,26,22,1
16858,482,27,51,3
16859,482,28,15,0
16860,482,29,23,0
16861,482,30,67,1
16862,482,31,33,1
16863,482,32,37,1
16864,482,33,59,3
16865,482,34,31,2
16866,482,35,24,1
16867,483,1,15,0
16868,483,2,23,0
16869,483,3,11,1
16870,483,4,50,2
16871,483,5,10,0
16872,483,6,18,0
16873,483,7,7,0
16874,483,8,20,1
16875,483,9,37,2
16876,483,10,22,1
16877,483,11,18,0
16878,483,12,12,0
16879,483,13,58,1
16880,483,14,14,1
16881,483,15,8,0
16882,483,16,21,1
16883,483,17,19,1
16884,483,18,29,2
16885,483,19,17,0
16886,483,20,45,1
16887,483,21,17,0
16888,483,22,30,2
16889,483,23,31,1
16890,483,24,22,1
16891,483,25,32,1
16892,483,26,30,1
16893,483,27,25,1
16894,483,28,16,1
16895,483,29,33,0
16896,483,30,35,0
16897,483,31,20,1
16898,483,32,47,2
16899,483,33,46,3
16900,483,34,25,1
16901,483,35,17,1
16902,484,1,50,0
16903,484,2,20,0
16904,484,3,33,2
16905,484,4,49,0
16906,484,5,37,1
16907,484,6,26,1
16908,484,7,44,2
16909,484,8,62,1
16910,484,9,62,1
16911,484,10,89,2
16912,484,11,53,3
16913,484,12,50,1
16914,484,13,23,0
16915,484,14,52,2
16916,484,15,65,2
16917,484,16,13,0
16918,484,17,32,1
16919,484,18,21,1
16920,484,19,60,0
16921,484,20,29,1
16922,484,21,27,0
16923,484,22,52,1
16924,484,23,48,1
16925,484,24,29,1
16926,484,25,25,1
16927,484,26,32,1
16928,484,27,12,1
16929,484,28,72,4
16930,484,29,44,1
16931,484,30,27,1
16932,484,31,51,2
16933,484,32,19,1
16934,484,33,15,0
16935,484,34,34,1
16936,484,35,39,1
16937,485,1,96,2
16938,485,2,21,1
16939,485,3,79,1
16940,485,4,57,1
16941,485,5,35,1
16942,485,6,73,1
16943,485,7,77,2
16944,485,8,82,2
16945,485,9,20,1
16946,485,10,46,1
16947,485,11,72,2
16948,485,12,39,1
16949,485,13,55,2
16950,485,14,68,4
16951,485,15,28,1
16952,485,16,36,2
16953,485,17,33,0
16954,485,18,84,3
16955,485,19,55,0
16956,485,20,25,1
16957,485,21,33,1
16958,485,22,48,3
16959,485,23,59,3
16960,485,24,42,2
16961,485,25,28,2
16962,485,26,46,1
16963,485,27,37,2
16964,485,28,37,2
16965,485,29,118,2
16966,485,30,32,0
16967,485,31,55,0
16968,485,32,67,1
16969,485,33,34,1
16970,485,34,24,0
16971,485,35,46,2
16972,486,1,68,2
16973,486,2,20,0
16974,486,3,37,1
16975,486,4,27,1
16976,486,5,46,1
16977,486,6,37,1
16978,486,7,85,1
16979,486,8,29,0
16980,486,9,23,0
16981,486,10,23,1
16982,486,11,25,0
16983,486,12,37,2
16984,486,13,29,1
16985,486,14,17,0
16986,486,15,23,0
16987,486,16,18,0
16988,486,17,21,1
16989,486,18,15,1
16990,486,19,45,0
16991,486,20,34,2
16992,486,21,19,1
16993,486,22,26,1
16994,486,23,23,1
16995,486,24,27,0
16996,486,25,15,1
16997,486,26,20,0
16998,486,27,31,0
16999,486,28,12,1
17000,486,29,62,3
17001,486,30,32,1
17002,486,31,20,1
17003,486,32,26,1
17004,486,33,18,1
17005,486,34,59,1
17006,486,35,17,1
17007,487,1,20,1
17008,487,2,19,0
17009,487,3,33,1
17010,487,4,26,1
17011,487,5,37,1
17012,487,6,14,1
17013,487,7,22,1
17014,487,8,34,1
17015,487,9,44,2
17016,487,10,66,2
17017,487,11,16,0
17018,487,12,58,0
17019,487,13,42,2
17020,487,14,20,1
17021,487,15,25,0
17022,487,16,49,1
17023,487,17,35,2
17024,487,18,13,0
17025,487,19,16,1
17026,487,20,25,1
17027,487,21,21,1
17028,487,22,15,1
17029,487,23,38,1
17030,487,24,10,0
17031,487,25,33,2
17032,487,26,33,2
17033,487,27,12,0
17034,487,28,22,1
17035,487,29,38,1
17036,487,30,17,0
17037,487,31,41,1
17038,487,32,24,1
17039,487,33,17,1
17040,487,34,13,1
17041,487,35,18,0
17042,488,1,19,0
17043,488,2,46,1
17044,488,3,57,3
17045,488,4,21,0
17046,488,5,32,2
17047,488,6,71,2
17048,488,7,24,0
17049,488,8,68,2
17050,488,9,37,2
17051,488,10,76,1
17052,488,11,38,1
17053,488,12,28,1
17054,488,13,33,0
17055,488,14,41,1
17056,488,15,15,0
17057,488,16,48,3
17058,488,17,29,1
17059,488,18,72,1
17060,488,19,53,0
17061,488,20,91,2
17062,488,21,33,2
17063,488,22,43,1
17064,488,23,34,1
17065,488,24,36,1
17066,488,25,45,1
17067,488,26,27,1
17068,488,27,22,1
17069,488,28,51,0
17070,488,29,51,1
17071,488,30,52,1
17072,488,31,39,1
17073,488,32,28,2
17074,488,33,48,0
17075,488,34,84,0
17076,488,35,31,0
17077,489,1,48,1
17078,489,2,62,4
17079,489,3,100,4
17080,489,4,26,1
17081,489,5,37,1
17082,489,6,83,5
17083,489,7,35,1
17084,489,8,112,2
17085,489,9,77,5
17086,489,10,46,1
17087,489,11,45,1
17088,489,12,87,4
17089,489,13,43,1
17090,489,14,28,1
17091,489,15,79,2
17092,489,16,30,1
17093,489,17,49,1
17094,489,18,55,1
17095,489,19,57,3
17096,489,20,24,1
17097,489,21,73,2
17098,489,22,29,1
17099,489,23,55,2
17100,489,24,60,2
17101,489,25,108,6
17102,489,26,81,1
17103,489,27,41,0
17104,489,28,44,2
17105,489,29,104,2
17106,489,30,32,0
17107,489,31,41,0
17108,489,32,70,0
17109,489,33,103,2
17110,489,34,27,0
17111,489,35,78,1
17112,490,1,88,4
17113,490,2,60,3
17114,490,3,54,1
17115,490,4,36,1
17116,490,5,45,1
17117,490,6,15,1
17118,490,7,37,1
17119,490,8,35,0
17120,490,9,48,2
17121,490,10,83,3
17122,490,11,46,0
17123,490,12,49,1
17124,490,13,26,1
17125,490,14,51,2
17126,490,15,23,1
17127,490,16,51,1
17128,490,17,45,1
17129,490,18,52,2
17130,490,19,27,0
17131,490,20,92,3
17132,490,21,28,1
17133,490,22,46,1
17134,490,23,46,2
17135,490,24,34,2
17136,490,25,55,1
17137,490,26,36,2
17138,490,27,64,2
17139,490,28,26,1
17140,490,29,69,2
17141,490,30,49,3
17142,490,31,78,2
17143,490,32,27,1
17144,490,33,58,2
17145,490,34,43,0
17146,490,35,24,1
17147,491,1,64,3
17148,491,2,14,1
17149,491,3,22,1
17150,491,4,61,1
17151,491,5,63,3
17152,491,6,34,1
17153,491,7,32,1
17154,491,8,58,2
17155,491,9,38,1
17156,491,10,49,1
17157,491,11,16,0
17158,491,12,51,1
17159,491,13,41,1
17160,491,14,29,1
17161,491,15,18,1
17162,491,16,17,1
17163,491,17,37,2
17164,491,18,45,0
17165,491,19,14,0
17166,491,20,12,0
17167,491,21,31,1
17168,491,22,29,0
17169,491,23,25,1
17170,491,24,28,1
17171,491,25,42,1
17172,491,26,42,2
17173,491,27,27,1
17174,491,28,36,1
17175,491,29,35,0
17176,491,30,13,0
17177,491,31,9,0
17178,491,32,63,0
17179,491,33,51,3
17180,491,34,36,1
17181,491,35,34,1
17182,492,1,48,2
17183,492,2,46,1
17184,492,3,40,1
17185,492,4,41,1
17186,492,5,104,0
17187,492,6,48,1
17188,492,7,37,1
17189,492,8,109,2
17190,492,9,45,1
17191,492,10,52,3
17192,492,11,28,1
17193,492,12,45,2
17194,492,13,59,0
17195,492,14,73,4
17196,492,15,73,3
17197,492,16,54,3
17198,492,17,49,3
17199,492,18,23,1
17200,492,19,42,0
17201,492,20,68,1
17202,492,21,85,3
17203,492,22,74,2
17204,492,23,24,0
17205,492,24,54,2
17206,492,25,49,2
17207,492,26,16,1
17208,492,27,51,3
17209,492,28,32,0
17210,492,29,35,1
17211,492,30,76,4
17212,492,31,55,3
17213,492,32,54,2
17214,492,33,55,0
17215,492,34,39,0
17216,492,35,38,1
17217,493,1,107,3
17218,493,2,68,2
17219,493,3,104,4
17220,493,4,63,1
17221,493,5,65,2
17222,493,6,83,1
17223,493,7,112,3
17224,493,8,66,1
17225,493,9,102,3
17226,493,10,65,4
17227,493,11,47,1
17228,493,12,75,3
17229,493,13,73,2
17230,493,14,65,2
17231,493,15,113,7
17232,493,16,94,2
17233,493,17,75,3
17234,493,18,76,4
17235,493,19,102,5
17236,493,20,152,5
17237,493,21,109,6
17238,493,22,21,1
17239,493,23,88,4
17240,493,24,60,2
17241,493,25,64,2
17242,493,26,78,3
17243,493,27,70,1
17244,493,28,24,1
17245,493,29,58,3
17246,493,30,72,2
17247,493,31,41,1
17248,493,32,94,1
17249,493,33,145,0
17250,493,34,55,0
17251,493,35,63,2
17252,494,1,108,3
17253,494,2,39,1
17254,494,3,18,1
17255,494,4,63,0
17256,494,5,29,1
17257,494,6,60,1
17258,494,7,30,1
17259,494,8,32,0
17260,494,9,39,1
17261,494,10,50,1
17262,494,11,91,0
17263,494,12,93,5
17264,494,13,57,1
17265,494,14,42,1
17266,494,15,58,3
17267,494,16,45,2
17268,494,17,32,2
17269,494,18,37,1
17270,494,19,72,2
17271,494,20,45,1
17272,494,21,46,1
17273,494,22,70,3
17274,494,23,32,1
17275,494,24,22,1
17276,494,25,89,3
17277,494,26,61,2
17278,494,27,58,3
17279,494,28,36,1
17280,494,29,58,2
17281,494,30,87,0
17282,494,31,60,1
17283,494,32,78,4
17284,494,33,46,2
17285,494,34,45,2
17286,494,35,76,2
17287,495,1,50,1
17288,495,2,36,2
17289,495,3,89,2
17290,495,4,48,2
17291,495,5,16,1
17292,495,6,34,1
17293,495,7,28,1
17294,495,8,25,0
17295,495,9,56,2
17296,495,10,27,0
17297,495,11,22,0
17298,495,12,53,0
17299,495,13,67,3
17300,495,14,29,1
17301,495,15,58,3
17302,495,16,56,1
17303,495,17,29,1
17304,495,18,32,0
17305,495,19,53,1
17306,495,20,36,1
17307,495,21,74,2
17308,495,22,79,4
17309,495,23,80,1
17310,495,24,40,1
17311,495,25,20,1
17312,495,26,59,3
17313,495,27,18,1
17314,495,28,32,1
17315,495,29,58,0
17316,495,30,37,2
17317,495,31,76,3
17318,495,32,19,1
17319,495,33,62,2
17320,495,34,41,2
17321,495,35,41,2
17322,496,1,94,3
17323,496,2,65,2
17324,496,3,71,1
17325,496,4,69,4
17326,496,5,68,0
17327,496,6,67,1
17328,496,7,74,3
17329,496,8,61,0
17330,496,9,110,1
17331,496,10,35,1
17332,496,11,130,0
17333,496,12,68,4
17334,496,13,39,1
17335,496,14,30,2
17336,496,15,46,1
17337,496,16,79,2
17338,496,17,19,1
17339,496,18,105,0
17340,496,19,47,2
17341,496,20,65,2
17342,496,21,73,1
17343,496,22,34,1
17344,496,23,79,4
17345,496,24,49,2
17346,496,25,69,1
17347,496,26,58,3
17348,496,27,44,2
17349,496,28,71,0
17350,496,29,49,3
17351,496,30,36,2
17352,496,31,96,4
17353,496,32,28,1
17354,496,33,38,2
17355,496,34,26,0
17356,496,35,42,2
17357,497,1,68,1
17358,497,2,67,0
17359,497,3,75,2
17360,497,4,71,2
17361,497,5,63,1
17362,497,6,66,1
17363,497,7,140,4
17364,497,8,69,4
17365,497,9,101,4
17366,497,10,76,2
17367,497,11,64,2
17368,497,12,105,5
17369,497,13,93,1
17370,497,14,94,3
17371,497,15,103,6
17372,497,16,96,3
17373,497,17,153,5
17374,497,18,49,2
17375,497,19,49,2
17376,497,20,40,2
17377,497,21,31,0
17378,497,22,59,4
17379,497,23,79,4
17380,497,24,107,3
17381,497,25,100,4
17382,497,26,99,0
17383,497,27,66,1
17384,497,28,84,5
17385,497,29,25,1
17386,497,30,69,3
17387,497,31,43,2
17388,497,32,123,4
17389,497,33,8,0
17390,497,34,66,2
17391,497,35,44,2
17392,498,1,38,1
17393,498,2,27,1
17394,498,3,54,1
17395,498,4,23,1
17396,498,5,92,1
17397,498,6,49,1
17398,498,7,42,1
17399,498,8,51,0
17400,498,9,62,4
17401,498,10,79,2
17402,498,11,31,1
17403,498,12,83,1
17404,498,13,54,1
17405,498,14,76,0
17406,498,15,30,1
17407,498,16,33,1
17408,498,17,21,1
17409,498,18,69,4
17410,498,19,77,0
17411,498,20,48,0
17412,498,21,31,1
17413,498,22,47,3
17414,498,23,90,2
17415,498,24,58,3
17416,498,25,10,0
17417,498,26,47,2
17418,498,27,35,1
17419,498,28,58,0
17420,498,29,25,0
17421,498,30,38,1
17422,498,31,22,1
17423,498,32,71,3
17424,498,33,62,2
17425,498,34,20,0
17426,498,35,111,4
17427,499,1,29,2
17428,499,2,46,0
17429,499,3,21,1
17430,499,4,37,0
17431,499,5,56,3
17432,499,6,43,1
17433,499,7,41,1
17434,499,8,46,2
17435,499,9,59,3
17436,499,10,31,0
17437,499,11,32,0
17438,499,12,59,0
17439,499,13,43,1
17440,499,14,36,1
17441,499,15,44,2
17442,499,16,20,1
17443,499,17,106,6
17444,499,18,20,0
17445,499,19,44,2
17446,499,20,48,3
17447,499,21,28,0
17448,499,22,30,2
17449,499,23,38,2
17450,499,24,69,3
17451,499,25,52,2
17452,499,26,15,0
17453,499,27,49,3
17454,499,28,56,3
17455,499,29,46,2
17456,499,30,18,1
17457,499,31,68,1
17458,499,32,19,0
17459,499,33,31,1
17460,499,34,44,2
17461,499,35,41,2
17462,500,1,72,1
17463,500,2,50,1
17464,500,3,37,2
17465,500,4,89,5
17466,500,5,42,0
17467,500,6,52,1
17468,500,7,69,1
17469,500,8,31,1
17470,500,9,73,1
17471,500,10,59,1
17472,500,11,59,0
17473,500,12,47,2
17474,500,13,32,0
17475,500,14,53,1
17476,500,15,60,2
17477,500,16,37,1
17478,500,17,30,1
17479,500,18,35,0
17480,500,19,39,2
17481,500,20,93,2
17482,500,21,34,0
17483,500,22,50,1
17484,500,23,79,1
17485,500,24,52,2
17486,500,25,37,0
17487,500,26,128,5
17488,500,27,51,1
17489,500,28,75,4
17490,500,29,30,1
17491,500,30,42,1
17492,500,31,32,0
17493,500,32,28,1
17494,500,33,24,1
17495,500,34,104,4
17496,500,35,35,1
17497,501,1,49,2
17498,501,2,28,0
17499,501,3,38,1
17500,501,4,36,1
17501,501,5,14,1
17502,501,6,33,1
17503,501,7,37,2
17504,501,8,24,1
17505,501,9,38,2
17506,501,10,41,2
17507,501,11,61,3
17508,501,12,64,2
17509,501,13,24,1
17510,501,14,13,0
17511,501,15,3,0
17512,501,16,72,4
17513,501,17,49,0
17514,501,18,35,2
17515,501,19,56,0
17516,501,20,40,2
17517,501,21,38,1
17518,501,22,26,1
17519,501,23,21,1
17520,501,24,34,0
17521,501,25,31,1
17522,501,26,46,1
17523,501,27,53,0
17524,501,28,22,0
17525,501,29,51,1
17526,501,30,41,2
17527,501,31,34,2
17528,501,32,33,0
17529,501,33,49,3
17530,501,34,30,0
17531,501,35,23,1
17532,502,1,25,1
17533,502,2,23,1
17534,502,3,30,1
17535,502,4,29,2
17536,502,5,27,0
17537,502,6,33,1
17538,502,7,27,0
17539,502,8,28,1
17540,502,9,8,0
17541,502,10,19,1
17542,502,11,9,0
17543,502,12,62,3
17544,502,13,22,1
17545,502,14,31,0
17546,502,15,31,2
17547,502,16,15,0
17548,502,17,24,1
17549,502,18,21,1
17550,502,19,22,0
17551,502,20,20,1
17552,502,21,41,1
17553,502,22,66,3
17554,502,23,22,0
17555,502,24,14,0
17556,502,25,35,1
17557,502,26,15,0
17558,502,27,19,1
17559,502,28,55,2
17560,502,29,21,1
17561,502,30,52,1
17562,502,31,21,0
17563,502,32,20,1
17564,502,33,51,1
17565,502,34,13,0
17566,502,35,46,2
17567,503,1,12,1
17568,503,2,19,1
17569,503,3,18,1
17570,503,4,15,0
17571,503,5,33,2
17572,503,6,8,0
17573,503,7,15,1
17574,503,8,20,1
17575,503,9,9,0
17576,503,10,22,1
17577,503,11,25,0
17578,503,12,29,0
17579,503,13,12,1
17580,503,14,15,1
17581,503,15,29,1
17582,503,16,33,1
17583,503,17,10,0
17584,503,18,26,1
17585,503,19,20,0
17586,503,20,13,0
17587,503,21,35,1
17588,503,22,13,0
17589,503,23,33,1
17590,503,24,26,1
17591,503,25,18,1
17592,503,26,21,1
17593,503,27,29,1
17594,503,28,18,1
17595,503,29,16,1
17596,503,30,16,1
17597,503,31,14,0
17598,503,32,15,0
17599,503,33,15,0
17600,503,34,27,1
17601,503,35,18,0
17602,504,1,40,0
17603,504,2,20,1
17604,504,3,55,1
17605,504,4,22,1
17606,504,5,46,1
17607,504,6,35,1
17608,504,7,15,1
17609,504,8,18,0
17610,504,9,10,0
17611,504,10,15,1
17612,504,11,40,0
17613,504,12,25,1
17614,504,13,29,0
17615,504,14,31,1
17616,504,15,42,1
17617,504,16,25,0
17618,504,17,41,1
17619,504,18,51,0
17620,504,19,41,2
17621,504,20,19,1
17622,504,21,41,1
17623,504,22,60,3
17624,504,23,19,0
17625,504,24,44,2
17626,504,25,18,1
17627,504,26,22,0
17628,504,27,45,1
17629,504,28,17,1
17630,504,29,82,2
17631,504,30,33,1
17632,504,31,43,1
17633,504,32,22,1
17634,504,33,44,1
17635,504,34,29,0
17636,504,35,26,1
17637,505,1,34,1
17638,505,2,22,1
17639,505,3,30,2
17640,505,4,40,1
17641,505,5,26,0
17642,505,6,26,0
17643,505,7,51,1
17644,505,8,83,2
17645,505,9,48,1
17646,505,10,45,1
17647,505,11,124,6
17648,505,12,46,3
17649,505,13,37,2
17650,505,14,25,1
17651,505,15,34,1
17652,505,16,48,2
17653,505,17,40,2
17654,505,18,27,1
17655,505,19,23,0
17656,505,20,20,1
17657,505,21,49,1
17658,505,22,37,2
17659,505,23,37,1
17660,505,24,34,2
17661,505,25,31,1
17662,505,26,19,1
17663,505,27,25,0
17664,505,28,65,2
17665,505,29,36,0
17666,505,30,35,0
17667,505,31,70,1
17668,505,32,37,0
17669,505,33,30,1
17670,505,34,29,1
17671,505,35,65,3
17672,506,1,58,2
17673,506,2,35,1
17674,506,3,14,1
17675,506,4,46,0
17676,506,5,13,0
17677,506,6,21,1
17678,506,7,14,1
17679,506,8,24,0
17680,506,9,25,1
17681,506,10,31,0
17682,506,11,18,1
17683,506,12,30,1
17684,506,13,25,1
17685,506,14,17,1
17686,506,15,61,1
17687,506,16,15,1
17688,506,17,40,1
17689,506,18,27,0
17690,506,19,13,1
17691,506,20,26,1
17692,506,21,65,2
17693,506,22,46,2
17694,506,23,47,1
17695,506,24,60,3
17696,506,25,41,1
17697,506,26,38,2
17698,506,27,14,1
17699,506,28,14,1
17700,506,29,40,2
17701,506,30,40,0
17702,506,31,15,1
17703,506,32,27,1
17704,506,33,27,1
17705,506,34,51,1
17706,506,35,28,1
17707,507,1,22,0
17708,507,2,24,1
17709,507,3,8,0
17710,507,4,10,0
17711,507,5,10,0
17712,507,6,17,0
17713,507,7,13,0
17714,507,8,32,1
17715,507,9,34,1
17716,507,10,22,0
17717,507,11,16,0
17718,507,12,14,0
17719,507,13,36,1
17720,507,14,17,1
17721,507,15,14,1
17722,507,16,37,2
17723,507,17,32,1
17724,507,18,31,0
17725,507,19,11,0
17726,507,20,20,1
17727,507,21,13,0
17728,507,22,25,1
17729,507,23,14,0
17730,507,24,10,0
17731,507,25,16,1
17732,507,26,32,2
17733,507,27,9,0
17734,507,28,40,1
17735,507,29,24,0
17736,507,30,33,1
17737,507,31,23,1
17738,507,32,14,0
17739,507,33,14,0
17740,507,34,25,1
17741,507,35,15,1
17742,508,1,15,0
17743,508,2,31,1
17744,508,3,17,1
17745,508,4,24,1
17746,508,5,18,1
17747,508,6,38,1
17748,508,7,43,1
17749,508,8,32,0
17750,508,9,20,1
17751,508,10,29,1
17752,508,11,24,0
17753,508,12,22,1
17754,508,13,17,0
17755,508,14,37,1
17756,508,15,12,1
17757,508,16,41,1
17758,508,17,57,2
17759,508,18,64,3
17760,508,19,15,1
17761,508,20,49,1
17762,508,21,59,3
17763,508,22,58,2
17764,508,23,24,1
17765,508,24,53,2
17766,508,25,37,2
17767,508,26,64,2
17768,508,27,38,1
17769,508,28,43,0
17770,508,29,18,0
17771,508,30,41,2
17772,508,31,58,3
17773,508,32,45,2
17774,508,33,81,1
17775,508,34,40,1
17776,508,35,38,1
17777,509,1,82,3
17778,509,2,48,1
17779,509,3,50,1
17780,509,4,65,3
17781,509,5,93,3
17782,509,6,105,6
17783,509,7,61,3
17784,509,8,130,6
17785,509,9,103,6
17786,509,10,135,3
17787,509,11,77,2
17788,509,12,49,1
17789,509,13,149,8
17790,509,14,59,2
17791,509,15,51,3
17792,509,16,47,1
17793,509,17,56,0
17794,509,18,91,2
17795,509,19,65,2
17796,509,20,33,1
17797,509,21,61,4
17798,509,22,74,1
17799,509,23,54,3
17800,509,24,82,3
17801,509,25,58,2
17802,509,26,138,0
17803,509,27,35,2
17804,509,28,29,1
17805,509,29,38,2
17806,509,30,57,0
17807,509,31,54,2
17808,509,32,52,0
17809,509,33,51,1
17810,509,34,160,0
17811,509,35,80,4
17812,510,1,46,0
17813,510,2,30,2
17814,510,3,28,0
17815,510,4,45,0
17816,510,5,20,1
17817,510,6,16,0
17818,510,7,51,1
17819,510,8,30,0
17820,510,9,41,2
17821,510,10,42,1
17822,510,11,68,3
17823,510,12,54,2
17824,510,13,48,1
17825,510,14,38,0
17826,510,15,36,2
17827,510,16,40,1
17828,510,17,52,2
17829,510,18,32,0
17830,510,19,56,0
17831,510,20,33,0
17832,510,21,16,1
17833,510,22,44,3
17834,510,23,35,1
17835,510,24,44,2
17836,510,25,71,3
17837,510,26,67,4
17838,510,27,24,0
17839,510,28,50,2
17840,510,29,25,1
17841,510,30,47,2
17842,510,31,65,4
17843,510,32,25,1
17844,510,33,39,1
17845,510,34,100,4
17846,510,35,42,1
17847,511,1,51,1
17848,511,2,27,0
17849,511,3,13,0
17850,511,4,14,0
17851,511,5,29,1
17852,511,6,41,1
17853,511,7,14,0
17854,511,8,86,3
17855,511,9,30,1
17856,511,10,42,2
17857,511,11,47,0
17858,511,12,23,0
17859,511,13,24,1
17860,511,14,24,0
17861,511,15,26,1
17862,511,16,53,3
17863,511,17,52,1
17864,511,18,12,0
17865,511,19,22,1
17866,511,20,26,1
17867,511,21,19,1
17868,511,22,40,2
17869,511,23,41,1
17870,511,24,28,2
17871,511,25,39,2
17872,511,26,23,1
17873,511,27,25,1
17874,511,28,19,0
17875,511,29,54,1
17876,511,30,42,2
17877,511,31,28,1
17878,511,32,24,1
17879,511,33,80,3
17880,511,34,53,1
17881,511,35,18,1
17882,512,1,43,0
17883,512,2,39,2
17884,512,3,66,1
17885,512,4,53,2
17886,512,5,61,0
17887,512,6,29,1
17888,512,7,86,3
17889,512,8,44,0
17890,512,9,53,3
17891,512,10,29,1
17892,512,11,14,0
17893,512,12,15,1
17894,512,13,38,1
17895,512,14,19,1
17896,512,15,103,2
17897,512,16,94,5
17898,512,17,56,1
17899,512,18,31,0
17900,512,19,46,2
17901,512,20,31,2
17902,512,21,49,2
17903,512,22,64,1
17904,512,23,58,3
17905,512,24,28,1
17906,512,25,51,1
17907,512,26,19,1
17908,512,27,63,4
17909,512,28,31,0
17910,512,29,98,5
17911,512,30,42,2
17912,512,31,48,1
17913,512,32,30,1
17914,512,33,27,1
17915,512,34,42,0
17916,512,35,32,2
17917,513,1,58,2
17918,513,2,92,0
17919,513,3,117,0
17920,513,4,65,2
17921,513,5,61,2
17922,513,6,41,1
17923,513,7,88,1
17924,513,8,74,4
17925,513,9,30,0
17926,513,10,50,2
17927,513,11,81,3
17928,513,12,72,3
17929,513,13,82,5
17930,513,14,71,3
17931,513,15,65,2
17932,513,16,57,1
17933,513,17,69,3
17934,513,18,88,4
17935,513,19,50,1
17936,513,20,43,1
17937,513,21,64,3
17938,513,22,57,2
17939,513,23,156,8
17940,513,24,60,3
17941,513,25,61,2
17942,513,26,65,3
17943,513,27,98,5
17944,513,28,64,1
17945,513,29,120,2
17946,513,30,76,0
17947,513,31,56,0
17948,513,32,64,3
17949,513,33,69,3
17950,513,34,49,0
17951,513,35,110,2
17952,514,1,46,0
17953,514,2,37,1
17954,514,3,9,0
17955,514,4,28,0
17956,514,5,21,0
17957,514,6,52,1
17958,514,7,83,3
17959,514,8,37,0
17960,514,9,61,1
17961,514,10,44,0
17962,514,11,89,0
17963,514,12,24,1
17964,514,13,63,1
17965,514,14,22,0
17966,514,15,36,1
17967,514,16,66,4
17968,514,17,47,3
17969,514,18,28,1
17970,514,19,40,0
17971,514,20,28,1
17972,514,21,24,1
17973,514,22,37,1
17974,514,23,79,4
17975,514,24,40,2
17976,514,25,29,1
17977,514,26,42,1
17978,514,27,41,2
17979,514,28,62,3
17980,514,29,27,1
17981,514,30,35,1
17982,514,31,61,1
17983,514,32,95,3
17984,514,33,18,0
17985,514,34,40,1
17986,514,35,54,1
17987,515,1,34,2
17988,515,2,36,2
17989,515,3,53,1
17990,515,4,39,1
17991,515,5,34,1
17992,515,6,101,3
17993,515,7,27,2
17994,515,8,15,1
17995,515,9,26,0
17996,515,10,40,0
17997,515,11,31,0
17998,515,12,29,1
17999,515,13,92,5
18000,515,14,32,1
18001,515,15,20,1
18002,515,16,32,2
18003,515,17,54,3
18004,515,18,36,2
18005,515,19,46,1
18006,515,20,60,2
18007,515,21,37,2
18008,515,22,47,2
18009,515,23,18,0
18010,515,24,71,2
18011,515,25,40,2
18012,515,26,76,2
18013,515,27,57,3
18014,515,28,20,1
18015,515,29,45,1
18016,515,30,41,1
18017,515,31,44,2
18018,515,32,38,2
18019,515,33,19,1
18020,515,34,47,1
18021,515,35,30,0
18022,516,1,27,0
18023,516,2,57,3
18024,516,3,60,1
18025,516,4,55,0
18026,516,5,47,2
18027,516,6,17,1
18028,516,7,52,2
18029,516,8,71,1
18030,516,9,27,0
18031,516,10,32,0
18032,516,11,66,0
18033,516,12,42,2
18034,516,13,80,1
18035,516,14,99,3
18036,516,15,28,2
18037,516,16,98,5
18038,516,17,35,2
18039,516,18,70,0
18040,516,19,62,3
18041,516,20,43,1
18042,516,21,100,2
18043,516,22,55,1
18044,516,23,52,2
18045,516,24,46,3
18046,516,25,55,2
18047,516,26,70,4
18048,516,27,61,1
18049,516,28,47,3
18050,516,29,56,1
18051,516,30,60,2
18052,516,31,29,1
18053,516,32,71,1
18054,516,33,54,1
18055,516,34,53,3
18056,516,35,53,3
18057,517,1,87,5
18058,517,2,68,0
18059,517,3,33,0
18060,517,4,149,6
18061,517,5,158,3
18062,517,6,207,4
18063,517,7,148,6
18064,517,8,103,4
18065,517,9,45,0
18066,517,10,89,4
18067,517,11,27,1
18068,517,12,103,3
18069,517,13,70,4
18070,517,14,39,1
18071,517,15,43,2
18072,517,16,52,2
18073,517,17,75,3
18074,517,18,56,1
18075,517,19,58,2
18076,517,20,215,2
18077,517,21,47,2
18078,517,22,63,1
18079,517,23,129,0
18080,517,24,56,2
18081,517,25,61,3
18082,517,26,62,1
18083,517,27,88,0
18084,517,28,100,4
18085,517,29,83,3
18086,517,30,47,2
18087,517,31,54,1
18088,517,32,92,5
18089,517,33,128,7
18090,517,34,36,1
18091,517,35,75,2
18092,518,1,22,1
18093,518,2,54,2
18094,518,3,40,2
18095,518,4,90,2
18096,518,5,96,0
18097,518,6,51,2
18098,518,7,30,2
18099,518,8,33,1
18100,518,9,47,1
18101,518,10,27,1
18102,518,11,44,0
18103,518,12,57,1
18104,518,13,59,2
18105,518,14,54,0
18106,518,15,113,2
18107,518,16,80,2
18108,518,17,109,2
18109,518,18,64,0
18110,518,19,33,0
18111,518,20,35,0
18112,518,21,18,0
18113,518,22,142,4
18114,518,23,54,3
18115,518,24,31,1
18116,518,25,70,4
18117,518,26,95,2
18118,518,27,93,1
18119,518,28,52,1
18120,518,29,142,5
18121,518,30,52,1
18122,518,31,39,1
18123,518,32,43,2
18124,518,33,20,1
18125,518,34,50,2
18126,518,35,60,2
18127,519,1,36,0
18128,519,2,16,1
18129,519,3,78,3
18130,519,4,68,3
18131,519,5,34,0
18132,519,6,60,1
18133,519,7,113,2
18134,519,8,56,1
18135,519,9,33,1
18136,519,10,24,1
18137,519,11,45,0
18138,519,12,23,0
18139,519,13,32,1
18140,519,14,41,2
18141,519,15,87,4
18142,519,16,33,1
18143,519,17,78,3
18144,519,18,75,2
18145,519,19,113,1
18146,519,20,73,2
18147,519,21,55,3
18148,519,22,83,2
18149,519,23,49,2
18150,519,24,29,1
18151,519,25,23,1
18152,519,26,49,2
18153,519,27,58,2
18154,519,28,58,2
18155,519,29,46,0
18156,519,30,40,2
18157,519,31,26,1
18158,519,32,66,0
18159,519,33,50,2
18160,519,34,53,1
18161,519,35,74,3
18162,520,1,49,1
18163,520,2,117,5
18164,520,3,37,1
18165,520,4,65,3
18166,520,5,60,0
18167,520,6,123,0
18168,520,7,53,1
18169,520,8,72,0
18170,520,9,96,4
18171,520,10,46,2
18172,520,11,91,0
18173,520,12,28,0
18174,520,13,59,0
18175,520,14,56,1
18176,520,15,54,2
18177,520,16,130,2
18178,520,17,60,1
18179,520,18,37,1
18180,520,19,40,2
18181,520,20,61,2
18182,520,21,117,3
18183,520,22,64,3
18184,520,23,81,1
18185,520,24,74,3
18186,520,25,36,1
18187,520,26,160,0
18188,520,27,74,1
18189,520,28,90,0
18190,520,29,63,2
18191,520,30,78,4
18192,520,31,114,4
18193,520,32,34,1
18194,520,33,70,3
18195,520,34,74,4
18196,520,35,95,4
18197,521,1,94,3
18198,521,2,100,1
18199,521,3,106,3
18200,521,4,56,1
18201,521,5,60,1
18202,521,6,80,2
18203,521,7,149,7
18204,521,8,97,3
18205,521,9,118,4
18206,521,10,33,2
18207,521,11,87,4
18208,521,12,83,2
18209,521,13,227,12
18210,521,14,117,5
18211,521,15,110,4
18212,521,16,106,3
18213,521,17,113,3
18214,521,18,117,2
18215,521,19,83,1
18216,521,20,133,8
18217,521,21,29,1
18218,521,22,162,2
18219,521,23,78,0
18220,521,24,161,2
18221,521,25,80,3
18222,521,26,101,3
18223,521,27,130,4
18224,521,28,103,1
18225,521,29,168,0
18226,521,30,53,3
18227,521,31,135,0
18228,521,32,119,7
18229,521,33,90,3
18230,521,34,169,2
18231,521,35,104,4
18232,522,1,93,0
18233,522,2,65,4
18234,522,3,83,4
18235,522,4,83,0
18236,522,5,74,2
18237,522,6,48,1
18238,522,7,91,5
18239,522,8,42,0
18240,522,9,61,2
18241,522,10,32,0
18242,522,11,49,0
18243,522,12,81,4
18244,522,13,130,4
18245,522,14,17,0
18246,522,15,76,3
18247,522,16,151,5
18248,522,17,49,2
18249,522,18,46,0
18250,522,19,103,0
18251,522,20,73,1
18252,522,21,135,4
18253,522,22,76,1
18254,522,23,116,6
18255,522,24,96,4
18256,522,25,84,4
18257,522,26,41,2
18258,522,27,39,2
18259,522,28,49,2
18260,522,29,99,5
18261,522,30,106,5
18262,522,31,90,4
18263,522,32,100,3
18264,522,33,45,1
18265,522,34,88,4
18266,522,35,111,5
18267,523,1,57,3
18268,523,2,72,3
18269,523,3,76,4
18270,523,4,92,2
18271,523,5,108,5
18272,523,6,65,2
18273,523,7,77,4
18274,523,8,70,4
18275,523,9,103,3
18276,523,10,91,0
18277,523,11,33,0
18278,523,12,72,1
18279,523,13,43,2
18280,523,14,40,1
18281,523,15,71,4
18282,523,16,46,2
18283,523,17,41,2
18284,523,18,61,0
18285,523,19,41,1
18286,523,20,46,2
18287,523,21,107,2
18288,523,22,66,3
18289,523,23,41,2
18290,523,24,153,0
18291,523,25,121,2
18292,523,26,30,1
18293,523,27,59,3
18294,523,28,34,1
18295,523,29,51,0
18296,523,30,80,4
18297,523,31,72,2
18298,523,32,63,0
18299,523,33,54,1
18300,523,34,46,1
18301,523,35,44,1
18302,524,1,46,2
18303,524,2,74,1
18304,524,3,102,1
18305,524,4,110,6
18306,524,5,130,0
18307,524,6,62,0
18308,524,7,117,3
18309,524,8,53,0
18310,524,9,32,1
18311,524,10,92,2
18312,524,11,66,3
18313,524,12,201,10
18314,524,13,129,0
18315,524,14,36,2
18316,524,15,100,3
18317,524,16,30,1
18318,524,17,85,5
18319,524,18,59,3
18320,524,19,86,2
18321,524,20,80,4
18322,524,21,68,3
18323,524,22,148,2
18324,524,23,40,1
18325,524,24,104,4
18326,524,25,69,1
18327,524,26,50,1
18328,524,27,192,9
18329,524,28,59,0
18330,524,29,65,3
18331,524,30,48,1
18332,524,31,58,1
18333,524,32,91,2
18334,524,33,91,4
18335,524,34,98,6
18336,524,35,103,2
18337,525,1,81,3
18338,525,2,55,2
18339,525,3,143,0
18340,525,4,73,4
18341,525,5,130,4
18342,525,6,127,6
18343,525,7,143,5
18344,525,8,150,4
18345,525,9,42,1
18346,525,10,130,2
18347,525,11,60,1
18348,525,12,90,2
18349,525,13,107,2
18350,525,14,122,5
18351,525,15,111,3
18352,525,16,123,2
18353,525,17,73,2
18354,525,18,68,1
18355,525,19,77,0
18356,525,20,77,1
18357,525,21,90,1
18358,525,22,127,7
18359,525,23,25,1
18360,525,24,84,2
18361,525,25,56,3
18362,525,26,139,0
18363,525,27,79,0
18364,525,28,37,1
18365,525,29,122,3
18366,525,30,148,8
18367,525,31,113,6
18368,525,32,60,2
18369,525,33,81,1
18370,525,34,91,0
18371,525,35,44,2
18372,526,1,44,2
18373,526,2,30,0
18374,526,3,64,3
18375,526,4,33,1
18376,526,5,48,1
18377,526,6,34,2
18378,526,7,60,1
18379,526,8,103,1
18380,526,9,42,1
18381,526,10,59,3
18382,526,11,67,1
18383,526,12,49,3
18384,526,13,155,7
18385,526,14,51,3
18386,526,15,58,3
18387,526,16,65,4
18388,526,17,68,1
18389,526,18,70,0
18390,526,19,47,1
18391,526,20,91,0
18392,526,21,11,0
18393,526,22,122,3
18394,526,23,45,1
18395,526,24,47,1
18396,526,25,102,5
18397,526,26,112,2
18398,526,27,87,5
18399,526,28,53,1
18400,526,29,63,0
18401,526,30,45,3
18402,526,31,63,3
18403,526,32,77,3
18404,526,33,75,2
18405,526,34,70,4
18406,526,35,35,0
18407,527,1,64,2
18408,527,2,81,2
18409,527,3,36,2
18410,527,4,81,2
18411,527,5,27,1
18412,527,6,55,3
18413,527,7,25,1
18414,527,8,93,4
18415,527,9,72,3
18416,527,10,38,0
18417,527,11,54,3
18418,527,12,62,1
18419,527,13,115,6
18420,527,14,84,3
18421,527,15,44,1
18422,527,16,80,3
18423,527,17,60,2
18424,527,18,55,1
18425,527,19,62,2
18426,527,20,94,6
18427,527,21,25,1
18428,527,22,28,1
18429,527,23,33,1
18430,527,24,56,3
18431,527,25,114,4
18432,527,26,27,1
18433,527,27,94,4
18434,527,28,13,0
18435,527,29,57,2
18436,527,30,64,3
18437,527,31,55,2
18438,527,32,49,3
18439,527,33,18,0
18440,527,34,74,4
18441,527,35,67,2
18442,528,1,106,4
18443,528,2,60,1
18444,528,3,88,5
18445,528,4,62,1
18446,528,5,44,1
18447,528,6,88,0
18448,528,7,77,3
18449,528,8,66,2
18450,528,9,26,1
18451,528,10,54,3
18452,528,11,103,2
18453,528,12,54,1
18454,528,13,104,0
18455,528,14,158,3
18456,528,15,48,3
18457,528,16,61,1
18458,528,17,56,2
18459,528,18,138,4
18460,528,19,90,2
18461,528,20,60,1
18462,528,21,22,1
18463,528,22,89,4
18464,528,23,38,0
18465,528,24,30,1
18466,528,25,111,5
18467,528,26,91,1
18468,528,27,70,0
18469,528,28,75,2
18470,528,29,85,5
18471,528,30,181,9
18472,528,31,166,9
18473,528,32,89,2
18474,528,33,73,1
18475,528,34,80,2
18476,528,35,75,1
18477,529,1,43,1
18478,529,2,32,1
18479,529,3,48,0
18480,529,4,69,1
18481,529,5,83,3
18482,529,6,54,1
18483,529,7,83,1
18484,529,8,50,1
18485,529,9,34,1
18486,529,10,38,2
18487,529,11,65,3
18488,529,12,39,2
18489,529,13,39,1
18490,529,14,53,1
18491,529,15,28,1
18492,529,16,61,1
18493,529,17,68,0
18494,529,18,48,1
18495,529,19,37,1
18496,529,20,76,1
18497,529,21,53,1
18498,529,22,42,2
18499,529,23,19,1
18500,529,24,37,2
18501,529,25,89,2
18502,529,26,67,1
18503,529,27,55,0
18504,529,28,49,1
18505,529,29,46,2
18506,529,30,29,1
18507,529,31,115,0
18508,529,32,67,3
18509,529,33,77,3
18510,529,34,53,2
18511,529,35,77,1
18512,530,1,27,1
18513,530,2,20,1
18514,530,3,44,2
18515,530,4,31,1
18516,530,5,39,1
18517,530,6,22,1
18518,530,7,31,2
18519,530,8,48,1
18520,530,9,76,4
18521,530,10,32,0
18522,530,11,18,0
18523,530,12,85,1
18524,530,13,21,1
18525,530,14,52,2
18526,530,15,34,1
18527,530,16,36,2
18528,530,17,16,0
18529,530,18,44,0
18530,530,19,43,2
18531,530,20,40,0
18532,530,21,31,2
18533,530,22,58,3
18534,530,23,29,2
18535,530,24,44,1
18536,530,25,38,2
18537,530,26,24,1
18538,530,27,33,1
18539,530,28,89,2
18540,530,29,22,0
18541,530,30,46,0
18542,530,31,85,4
18543,530,32,30,2
18544,530,33,25,1
18545,530,34,57,2
18546,530,35,43,1
18547,531,1,34,1
18548,531,2,25,1
18549,531,3,31,1
18550,531,4,11,1
18551,531,5,28,1
18552,531,6,52,2
18553,531,7,94,3
18554,531,8,23,1
18555,531,9,34,1
18556,531,10,18,0
18557,531,11,59,3
18558,531,12,29,1
18559,531,13,17,0
18560,531,14,36,2
18561,531,15,45,2
18562,531,16,40,2
18563,531,17,13,0
18564,531,18,50,0
18565,531,19,25,1
18566,531,20,18,0
18567,531,21,24,1
18568,531,22,21,0
18569,531,23,48,2
18570,531,24,22,0
18571,531,25,34,2
18572,531,26,67,1
18573,531,27,25,1
18574,531,28,37,1
18575,531,29,34,1
18576,531,30,64,1
18577,531,31,36,1
18578,531,32,9,0
18579,531,33,34,1
18580,531,34,40,1
18581,531,35,24,0
18582,532,1,72,2
18583,532,2,43,1
18584,532,3,88,4
18585,532,4,32,1
18586,532,5,28,1
18587,532,6,57,1
18588,532,7,31,1
18589,532,8,20,1
18590,532,9,42,2
18591,532,10,43,1
18592,532,11,24,1
18593,532,12,28,1
18594,532,13,49,1
18595,532,14,61,4
18596,532,15,81,2
18597,532,16,92,5
18598,532,17,39,1
18599,532,18,55,2
18600,532,19,45,2
18601,532,20,87,5
18602,532,21,21,1
18603,532,22,51,1
18604,532,23,61,3
18605,532,24,34,1
18606,532,25,43,1
18607,532,26,59,2
18608,532,27,31,0
18609,532,28,9,0
18610,532,29,15,1
18611,532,30,15,1
18612,532,31,64,1
18613,532,32,24,1
18614,532,33,54,2
18615,532,34,44,2
18616,532,35,43,2
18617,533,1,82,1
18618,533,2,56,3
18619,533,3,63,0
18620,533,4,66,4
18621,533,5,32,2
18622,533,6,73,2
18623,533,7,38,1
18624,533,8,83,3
18625,533,9,73,3
18626,533,10,113,6
18627,533,11,88,2
18628,533,12,29,1
18629,533,13,56,3
18630,533,14,94,5
18631,533,15,52,3
18632,533,16,53,3
18633,533,17,42,2
18634,533,18,26,0
18635,533,19,23,1
18636,533,20,55,3
18637,533,21,18,0
18638,533,22,65,1
18639,533,23,41,2
18640,533,24,69,2
18641,533,25,31,1
18642,533,26,24,1
18643,533,27,36,0
18644,533,28,47,3
18645,533,29,35,1
18646,533,30,47,0
18647,533,31,26,0
18648,533,32,56,3
18649,533,33,96,1
18650,533,34,46,0
18651,533,35,59,1
18652,534,1,52,3
18653,534,2,53,2
18654,534,3,30,2
18655,534,4,52,2
18656,534,5,26,1
18657,534,6,38,1
18658,534,7,26,1
18659,534,8,42,0
18660,534,9,13,1
18661,534,10,43,2
18662,534,11,55,1
18663,534,12,52,2
18664,534,13,23,1
18665,534,14,22,1
18666,534,15,19,1
18667,534,16,19,1
18668,534,17,45,1
18669,534,18,45,1
18670,534,19,31,1
18671,534,20,38,2
18672,534,21,56,3
18673,534,22,39,2
18674,534,23,27,1
18675,534,24,64,1
18676,534,25,39,2
18677,534,26,43,1
18678,534,27,44,3
18679,534,28,31,0
18680,534,29,61,3
18681,534,30,31,2
18682,534,31,68,1
18683,534,32,73,4
18684,534,33,29,1
18685,534,34,23,0
18686,534,35,73,3
18687,535,1,15,0
18688,535,2,7,0
18689,535,3,37,1
18690,535,4,31,1
18691,535,5,67,2
18692,535,6,28,2
18693,535,7,19,1
18694,535,8,15,1
18695,535,9,21,0
18696,535,10,46,0
18697,535,11,30,1
18698,535,12,20,1
18699,535,13,21,0
18700,535,14,40,1
18701,535,15,31,0
18702,535,16,59,0
18703,535,17,16,1
18704,535,18,12,0
18705,535,19,49,3
18706,535,20,59,3
18707,535,21,60,1
18708,535,22,33,1
18709,535,23,14,1
18710,535,24,20,0
18711,535,25,11,0
18712,535,26,33,1
18713,535,27,37,1
18714,535,28,25,1
18715,535,29,9,0
18716,535,30,33,1
18717,535,31,63,1
18718,535,32,26,0
18719,535,33,44,2
18720,535,34,37,1
18721,535,35,33,0
18722,536,1,112,5
18723,536,2,37,2
18724,536,3,29,0
18725,536,4,70,3
18726,536,5,50,1
18727,536,6,34,2
18728,536,7,50,2
18729,536,8,43,1
18730,536,9,31,1
18731,536,10,31,1
18732,536,11,33,2
18733,536,12,68,2
18734,536,13,35,1
18735,536,14,28,0
18736,536,15,13,0
18737,536,16,26,1
18738,536,17,31,1
18739,536,18,29,2
18740,536,19,24,1
18741,536,20,35,0
18742,536,21,30,1
18743,536,22,47,1
18744,536,23,47,2
18745,536,24,47,2
18746,536,25,62,3
18747,536,26,33,0
18748,536,27,29,1
18749,536,28,53,3
18750,536,29,45,1
18751,536,30,52,2
18752,536,31,30,1
18753,536,32,26,1
18754,536,33,53,0
18755,536,34,63,3
18756,536,35,48,3
18757,537,1,37,1
18758,537,2,63,1
18759,537,3,33,0
18760,537,4,69,1
18761,537,5,32,2
18762,537,6,10,0
18763,537,7,82,4
18764,537,8,44,0
18765,537,9,72,2
18766,537,10,67,3
18767,537,11,123,7
18768,537,12,72,2
18769,537,13,58,1
18770,537,14,53,2
18771,537,15,30,1
18772,537,16,66,4
18773,537,17,60,2
18774,537,18,19,0
18775,537,19,69,2
18776,537,20,15,1
18777,537,21,73,4
18778,537,22,50,1
18779,537,23,65,4
18780,537,24,95,5
18781,537,25,98,2
18782,537,26,49,2
18783,537,27,37,1
18784,537,28,209,11
18785,537,29,7,0
18786,537,30,94,0
18787,537,31,55,2
18788,537,32,114,4
18789,537,33,74,1
18790,537,34,30,2
18791,537,35,33,1
18792,538,1,41,2
18793,538,2,59,1
18794,538,3,19,1
18795,538,4,76,3
18796,538,5,69,2
18797,538,6,45,1
18798,538,7,72,3
18799,538,8,40,2
18800,538,9,42,1
18801,538,10,31,1
18802,538,11,125,3
18803,538,12,46,2
18804,538,13,31,2
18805,538,14,59,2
18806,538,15,46,1
18807,538,16,50,1
18808,538,17,41,2
18809,538,18,59,0
18810,538,19,53,2
18811,538,20,46,0
18812,538,21,39,1
18813,538,22,32,1
18814,538,23,31,2
18815,538,24,29,2
18816,538,25,35,1
18817,538,26,29,1
18818,538,27,14,0
18819,538,28,49,1
18820,538,29,42,1
18821,538,30,31,2
18822,538,31,54,1
18823,538,32,40,1
18824,538,33,55,2
18825,538,34,61,4
18826,538,35,14,0
18827,539,1,30,1
18828,539,2,58,1
18829,539,3,71,4
18830,539,4,67,2
18831,539,5,32,2
18832,539,6,30,2
18833,539,7,27,1
18834,539,8,57,3
18835,539,9,40,1
18836,539,10,15,1
18837,539,11,14,0
18838,539,12,42,2
18839,539,13,20,1
18840,539,14,34,1
18841,539,15,63,0
18842,539,16,23,0
18843,539,17,24,1
18844,539,18,47,1
18845,539,19,19,0
18846,539,20,45,2
18847,539,21,49,1
18848,539,22,30,0
18849,539,23,55,3
18850,539,24,26,0
18851,539,25,25,0
18852,539,26,25,1
18853,539,27,54,3
18854,539,28,27,0
18855,539,29,50,2
18856,539,30,13,0
18857,539,31,75,4
18858,539,32,24,1
18859,539,33,70,3
18860,539,34,26,1
18861,539,35,26,0
18862,540,1,36,2
18863,540,2,61,3
18864,540,3,51,2
18865,540,4,49,2
18866,540,5,31,0
18867,540,6,38,1
18868,540,7,65,2
18869,540,8,62,3
18870,540,9,48,1
18871,540,10,47,2
18872,540,11,28,0
18873,540,12,58,3
18874,540,13,53,3
18875,540,14,42,2
18876,540,15,41,2
18877,540,16,68,2
18878,540,17,59,2
18879,540,18,26,2
18880,540,19,75,1
18881,540,20,26,1
18882,540,21,44,2
18883,540,22,32,1
18884,540,23,67,2
18885,540,24,51,2
18886,540,25,32,1
18887,540,26,52,2
18888,540,27,98,0
18889,540,28,48,3
18890,540,29,38,2
18891,540,30,84,2
18892,540,31,37,0
18893,540,32,77,1
18894,540,33,53,0
18895,540,34,41,1
18896,540,35,42,1
18897,541,1,119,3
18898,541,2,67,1
18899,541,3,68,1
18900,541,4,113,4
18901,541,5,124,1
18902,541,6,56,1
18903,541,7,20,1
18904,541,8,86,5
18905,541,9,97,2
18906,541,10,66,4
18907,541,11,57,3
18908,541,12,118,6
18909,541,13,103,4
18910,541,14,61,1
18911,541,15,127,4
18912,541,16,73,4
18913,541,17,96,4
18914,541,18,109,4
18915,541,19,104,0
18916,541,20,69,2
18917,541,21,65,3
18918,541,22,86,5
18919,541,23,62,3
18920,541,24,54,2
18921,541,25,169,2
18922,541,26,107,4
18923,541,27,46,2
18924,541,28,110,3
18925,541,29,143,3
18926,541,30,78,4
18927,541,31,69,2
18928,541,32,49,1
18929,541,33,69,1
18930,541,34,49,0
18931,541,35,49,1
18932,542,1,35,0
18933,542,2,37,1
18934,542,3,43,2
18935,542,4,89,4
18936,542,5,38,1
18937,542,6,36,2
18938,542,7,96,5
18939,542,8,59,0
18940,542,9,75,2
18941,542,10,59,2
18942,542,11,80,0
18943,542,12,34,1
18944,542,13,66,3
18945,542,14,25,1
18946,542,15,44,2
18947,542,16,84,5
18948,542,17,27,1
18949,542,18,58,0
18950,542,19,50,0
18951,542,20,33,0
18952,542,21,23,0
18953,542,22,31,1
18954,542,23,47,1
18955,542,24,33,2
18956,542,25,48,2
18957,542,26,46,3
18958,542,27,46,2
18959,542,28,65,3
18960,542,29,74,0
18961,542,30,41,2
18962,542,31,35,1
18963,542,32,33,1
18964,542,33,18,1
18965,542,34,36,2
18966,542,35,41,2
18967,543,1,25,1
18968,543,2,29,1
18969,543,3,35,1
18970,543,4,44,1
18971,543,5,37,1
18972,543,6,13,1
18973,543,7,17,1
18974,543,8,37,2
18975,543,9,43,2
18976,543,10,38,1
18977,543,11,40,1
18978,543,12,65,3
18979,543,13,64,3
18980,543,14,76,2
18981,543,15,78,0
18982,543,16,23,1
18983,543,17,68,1
18984,543,18,33,2
18985,543,19,23,1
18986,543,20,18,1
18987,543,21,43,2
18988,543,22,84,1
18989,543,23,46,1
18990,543,24,37,0
18991,543,25,38,2
18992,543,26,49,1
18993,543,27,62,3
18994,543,28,38,1
18995,543,29,53,2
18996,543,30,65,1
18997,543,31,51,2
18998,543,32,24,0
18999,543,33,72,1
19000,543,34,41,2
19001,543,35,26,1
19002,544,1,85,2
19003,544,2,42,2
19004,544,3,35,1
19005,544,4,32,1
19006,544,5,77,0
19007,544,6,65,0
19008,544,7,42,2
19009,544,8,59,0
19010,544,9,25,1
19011,544,10,44,2
19012,544,11,94,0
19013,544,12,117,6
19014,544,13,79,3
19015,544,14,33,1
19016,544,15,35,2
19017,544,16,23,0
19018,544,17,50,1
19019,544,18,30,1
19020,544,19,36,1
19021,544,20,31,1
19022,544,21,54,1
19023,544,22,29,1
19024,544,23,69,1
19025,544,24,26,1
19026,544,25,28,1
19027,544,26,50,2
19028,544,27,65,4
19029,544,28,36,2
19030,544,29,90,5
19031,544,30,55,1
19032,544,31,47,2
19033,544,32,44,2
19034,544,33,18,1
19035,544,34,109,3
19036,544,35,73,3
19037,545,1,32,1
19038,545,2,126,3
19039,545,3,93,5
19040,545,4,45,2
19041,545,5,188,0
19042,545,6,94,5
19043,545,7,62,4
19044,545,8,95,1
19045,545,9,39,1
19046,545,10,53,3
19047,545,11,80,2
19048,545,12,92,1
19049,545,13,233,11
19050,545,14,57,2
19051,545,15,35,2
19052,545,16,62,1
19053,545,17,70,0
19054,545,18,64,1
19055,545,19,76,3
19056,545,20,79,4
19057,545,21,84,1
19058,545,22,88,4
19059,545,23,125,4
19060,545,24,81,1
19061,545,25,41,2
19062,545,26,49,1
19063,545,27,64,3
19064,545,28,60,4
19065,545,29,65,1
19066,545,30,126,4
19067,545,31,82,0
19068,545,32,194,10
19069,545,33,45,2
19070,545,34,75,3
19071,545,35,52,1
19072,546,1,28,1
19073,546,2,98,5
19074,546,3,43,2
19075,546,4,64,0
19076,546,5,62,3
19077,546,6,59,2
19078,546,7,60,0
19079,546,8,36,1
19080,546,9,74,4
19081,546,10,42,2
19082,546,11,36,0
19083,546,12,75,1
19084,546,13,66,2
19085,546,14,70,3
19086,546,15,35,2
19087,546,16,61,4
19088,546,17,31,0
19089,546,18,33,2
19090,546,19,33,2
19091,546,20,82,0
19092,546,21,50,3
19093,546,22,22,1
19094,546,23,27,0
19095,546,24,71,2
19096,546,25,73,2
19097,546,26,49,2
19098,546,27,44,2
19099,546,28,52,1
19100,546,29,48,0
19101,546,30,61,3
19102,546,31,69,2
19103,546,32,52,2
19104,546,33,137,4
19105,546,34,58,3
19106,546,35,40,2
19107,547,1,33,1
19108,547,2,33,1
19109,547,3,79,3
19110,547,4,116,1
19111,547,5,16,1
19112,547,6,34,0
19113,547,7,26,1
19114,547,8,48,1
19115,547,9,57,1
19116,547,10,69,1
19117,547,11,23,1
19118,547,12,71,3
19119,547,13,26,1
19120,547,14,47,0
19121,547,15,20,1
19122,547,16,32,1
19123,547,17,36,1
19124,547,18,40,1
19125,547,19,43,1
19126,547,20,139,2
19127,547,21,23,0
19128,547,22,53,3
19129,547,23,48,1
19130,547,24,18,0
19131,547,25,31,1
19132,547,26,49,2
19133,547,27,86,2
19134,547,28,29,1
19135,547,29,75,0
19136,547,30,32,2
19137,547,31,67,1
19138,547,32,67,3
19139,547,33,161,9
19140,547,34,69,1
19141,547,35,57,1
19142,548,1,51,1
19143,548,2,59,0
19144,548,3,52,1
19145,548,4,99,5
19146,548,5,51,0
19147,548,6,111,4
19148,548,7,69,2
19149,548,8,66,0
19150,548,9,58,3
19151,548,10,53,2
19152,548,11,46,0
19153,548,12,75,1
19154,548,13,76,0
19155,548,14,61,2
19156,548,15,119,7
19157,548,16,94,2
19158,548,17,61,3
19159,548,18,109,3
19160,548,19,92,5
19161,548,20,38,2
19162,548,21,56,2
19163,548,22,46,2
19164,548,23,126,7
19165,548,24,48,2
19166,548,25,57,2
19167,548,26,91,4
19168,548,27,41,2
19169,548,28,38,1
19170,548,29,28,1
19171,548,30,68,0
19172,548,31,62,1
19173,548,32,93,3
19174,548,33,39,2
19175,548,34,90,1
19176,548,35,118,3
19177,549,1,104,5
19178,549,2,68,1
19179,549,3,116,2
19180,549,4,151,4
19181,549,5,110,0
19182,549,6,124,7
19183,549,7,163,4
19184,549,8,122,4
19185,549,9,63,2
19186,549,10,159,8
19187,549,11,85,3
19188,549,12,116,0
19189,549,13,100,1
19190,549,14,97,3
19191,549,15,100,2
19192,549,16,54,1
19193,549,17,89,3
19194,549,18,65,2
19195,549,19,54,2
19196,549,20,61,1
19197,549,21,190,9
19198,549,22,62,1
19199,549,23,123,2
19200,549,24,146,7
19201,549,25,86,5
19202,549,26,114,5
19203,549,27,86,3
19204,549,28,89,1
19205,549,29,60,1
19206,549,30,62,3
19207,549,31,88,2
19208,549,32,92,0
19209,549,33,76,2
19210,549,34,120,4
19211,549,35,35,2
19212,550,1,70,3
19213,550,2,85,4
19214,550,3,55,3
19215,550,4,89,4
19216,550,5,86,5
19217,550,6,37,2
19218,550,7,59,0
19219,550,8,47,2
19220,550,9,78,4
19221,550,10,54,3
19222,550,11,72,1
19223,550,12,82,1
19224,550,13,123,2
19225,550,14,43,2
19226,550,15,88,5
19227,550,16,57,2
19228,550,17,44,2
19229,550,18,18,1
19230,550,19,54,3
19231,550,20,42,0
19232,550,21,51,3
19233,550,22,141,7
19234,550,23,44,2
19235,550,24,93,2
19236,550,25,34,1
19237,550,26,97,1
19238,550,27,188,0
19239,550,28,132,6
19240,550,29,37,0
19241,550,30,74,0
19242,550,31,69,2
19243,550,32,152,8
19244,550,33,56,3
19245,550,34,72,3
19246,550,35,63,1
19247,551,1,85,3
19248,551,2,76,3
19249,551,3,63,1
19250,551,4,39,1
19251,551,5,36,2
19252,551,6,19,1
19253,551,7,36,1
19254,551,8,34,2
19255,551,9,71,2
19256,551,10,71,1
19257,551,11,126,3
19258,551,12,59,2
19259,551,13,51,1
19260,551,14,44,0
19261,551,15,124,3
19262,551,16,44,0
19263,551,17,30,1
19264,551,18,21,1
19265,551,19,47,1
19266,551,20,116,7
19267,551,21,108,2
19268,551,22,49,1
19269,551,23,46,1
19270,551,24,29,1
19271,551,25,40,2
19272,551,26,11,1
19273,551,27,38,2
19274,551,28,87,4
19275,551,29,35,0
19276,551,30,78,2
19277,551,31,56,1
19278,551,32,92,2
19279,551,33,137,4
19280,551,34,79,5
19281,551,35,40,0
19282,552,1,96,5
19283,552,2,10,1
19284,552,3,111,4
19285,552,4,124,6
19286,552,5,54,1
19287,552,6,59,3
19288,552,7,76,1
19289,552,8,39,0
19290,552,9,74,3
19291,552,10,124,2
19292,552,11,63,0
19293,552,12,162,4
19294,552,13,40,2
19295,552,14,67,3
19296,552,15,82,3
19297,552,16,76,4
19298,552,17,88,5
19299,552,18,180,9
19300,552,19,134,0
19301,552,20,71,4
19302,552,21,69,4
19303,552,22,53,3
19304,552,23,169,2
19305,552,24,167,9
19306,552,25,83,2
19307,552,26,89,4
19308,552,27,94,2
19309,552,28,106,1
19310,552,29,91,5
19311,552,30,48,0
19312,552,31,144,9
19313,552,32,131,7
19314,552,33,95,0
19315,552,34,32,1
19316,552,35,180,8
19317,553,1,57,2
19318,553,2,80,2
19319,553,3,107,0
19320,553,4,82,0
19321,553,5,87,0
19322,553,6,168,9
19323,553,7,122,3
19324,553,8,80,1
19325,553,9,94,4
19326,553,10,332,14
19327,553,11,78,4
19328,553,12,42,1
19329,553,13,200,3
19330,553,14,85,3
19331,553,15,99,2
19332,553,16,77,3
19333,553,17,86,1
19334,553,18,92,5
19335,553,19,53,3
19336,553,20,132,8
19337,553,21,128,4
19338,553,22,98,1
19339,553,23,64,1
19340,553,24,137,6
19341,553,25,83,1
19342,553,26,87,3
19343,553,27,127,6
19344,553,28,64,1
19345,553,29,196,6
19346,553,30,127,7
19347,553,31,72,2
19348,553,32,56,3
19349,553,33,75,2
19350,553,34,95,2
19351,553,35,65,2
19352,554,1,41,1
19353,554,2,153,7
19354,554,3,51,1
19355,554,4,84,1
19356,554,5,65,0
19357,554,6,70,3
19358,554,7,41,0
19359,554,8,83,0
19360,554,9,128,4
19361,554,10,72,4
19362,554,11,60,3
19363,554,12,178,11
19364,554,13,135,5
19365,554,14,43,1
19366,554,15,61,4
19367,554,16,39,1
19368,554,17,58,2
19369,554,18,156,3
19370,554,19,30,1
19371,554,20,75,0
19372,554,21,40,1
19373,554,22,81,3
19374,554,23,30,1
19375,554,24,71,0
19376,554,25,78,1
19377,554,26,64,4
19378,554,27,58,0
19379,554,28,62,1
19380,554,29,78,0
19381,554,30,93,0
19382,554,31,146,5
19383,554,32,28,1
19384,554,33,138,2
19385,554,34,82,3
19386,554,35,79,1
19387,555,1,19,0
19388,555,2,37,1
19389,555,3,99,5
19390,555,4,38,1
19391,555,5,98,3
19392,555,6,100,4
19393,555,7,43,1
19394,555,8,20,1
19395,555,9,67,2
19396,555,10,66,3
19397,555,11,63,4
19398,555,12,112,6
19399,555,13,49,2
19400,555,14,36,0
19401,555,15,77,0
19402,555,16,36,0
19403,555,17,40,2
19404,555,18,56,2
19405,555,19,117,6
19406,555,20,97,5
19407,555,21,33,2
19408,555,22,125,4
19409,555,23,74,4
19410,555,24,73,2
19411,555,25,56,1
19412,555,26,118,2
19413,555,27,45,1
19414,555,28,46,0
19415,555,29,75,0
19416,555,30,120,4
19417,555,31,32,1
19418,555,32,72,4
19419,555,33,34,2
19420,555,34,85,0
19421,555,35,67,4
19422,556,1,42,1
19423,556,2,79,3
19424,556,3,192,8
19425,556,4,43,1
19426,556,5,93,3
19427,556,6,122,6
19428,556,7,140,7
19429,556,8,36,2
19430,556,9,74,4
19431,556,10,91,1
19432,556,11,80,0
19433,556,12,106,5
19434,556,13,93,0
19435,556,14,53,2
19436,556,15,72,1
19437,556,16,111,2
19438,556,17,63,1
19439,556,18,120,3
19440,556,19,75,3
19441,556,20,60,1
19442,556,21,113,4
19443,556,22,58,3
19444,556,23,43,1
19445,556,24,89,3
19446,556,25,52,2
19447,556,26,112,6
19448,556,27,144,6
19449,556,28,93,4
19450,556,29,53,2
19451,556,30,39,0
19452,556,31,97,4
19453,556,32,27,1
19454,556,33,111,0
19455,556,34,69,1
19456,556,35,24,1
19457,557,1,75,1
19458,557,2,142,3
19459,557,3,70,0
19460,557,4,88,0
19461,557,5,47,0
19462,557,6,46,2
19463,557,7,94,4
19464,557,8,55,2
19465,557,9,24,1
19466,557,10,57,3
19467,557,11,86,2
19468,557,12,96,2
19469,557,13,47,2
19470,557,14,32,2
19471,557,15,55,1
19472,557,16,56,2
19473,557,17,54,2
19474,557,18,91,2
19475,557,19,55,3
19476,557,20,98,5
19477,557,21,74,2
19478,557,22,48,1
19479,557,23,42,1
19480,557,24,51,3
19481,557,25,80,5
19482,557,26,31,1
19483,557,27,47,1
19484,557,28,68,4
19485,557,29,30,1
19486,557,30,90,3
19487,557,31,55,2
19488,557,32,28,1
19489,557,33,35,1
19490,557,34,23,1
19491,557,35,59,3
19492,558,1,50,1
19493,558,2,14,1
19494,558,3,52,2
19495,558,4,43,0
19496,558,5,16,0
19497,558,6,28,1
19498,558,7,29,1
19499,558,8,40,0
19500,558,9,33,0
19501,558,10,49,2
19502,558,11,30,1
19503,558,12,67,3
19504,558,13,97,5
19505,558,14,16,1
19506,558,15,16,0
19507,558,16,107,2
19508,558,17,51,1
19509,558,18,12,0
19510,558,19,30,1
19511,558,20,26,0
19512,558,21,47,1
19513,558,22,40,1
19514,558,23,40,1
19515,558,24,24,0
19516,558,25,37,2
19517,558,26,60,1
19518,558,27,28,0
19519,558,28,58,3
19520,558,29,20,1
19521,558,30,47,0
19522,558,31,18,1
19523,558,32,26,1
19524,558,33,35,1
19525,558,34,49,3
19526,558,35,92,4
19527,559,1,29,1
19528,559,2,53,2
19529,559,3,35,2
19530,559,4,59,2
19531,559,5,14,0
19532,559,6,24,1
19533,559,7,28,0
19534,559,8,24,0
19535,559,9,23,1
19536,559,10,26,1
19537,559,11,45,1
19538,559,12,27,1
19539,559,13,21,0
19540,559,14,23,0
19541,559,15,10,0
19542,559,16,59,3
19543,559,17,26,1
19544,559,18,26,1
19545,559,19,20,0
19546,559,20,56,1
19547,559,21,14,0
19548,559,22,59,3
19549,559,23,33,2
19550,559,24,22,1
19551,559,25,41,2
19552,559,26,49,2
19553,559,27,11,0
19554,559,28,60,3
19555,559,29,9,0
19556,559,30,18,0
19557,559,31,18,1
19558,559,32,28,1
19559,559,33,43,1
19560,559,34,19,0
19561,559,35,37,1
19562,560,1,30,1
19563,560,2,39,1
19564,560,3,55,2
19565,560,4,36,1
19566,560,5,43,1
19567,560,6,63,4
19568,560,7,26,1
19569,560,8,42,2
19570,560,9,54,1
19571,560,10,42,2
19572,560,11,31,0
19573,560,12,70,4
19574,560,13,16,1
19575,560,14,22,1
19576,560,15,40,2
19577,560,16,47,1
19578,560,17,88,4
19579,560,18,49,1
19580,560,19,66,0
19581,560,20,45,2
19582,560,21,24,1
19583,560,22,43,2
19584,560,23,43,1
19585,560,24,25,1
19586,560,25,49,1
19587,560,26,49,3
19588,560,27,46,2
19589,560,28,54,1
19590,560,29,57,3
19591,560,30,28,0
19592,560,31,63,2
19593,560,32,65,2
19594,560,33,21,0
19595,560,34,24,1
19596,560,35,38,2
19597,561,1,39,1
19598,561,2,24,0
19599,561,3,32,0
19600,561,4,60,0
19601,561,5,64,0
19602,561,6,78,2
19603,561,7,100,0
19604,561,8,100,5
19605,561,9,46,2
19606,561,10,68,1
19607,561,11,96,5
19608,561,12,29,0
19609,561,13,14,1
19610,561,14,41,2
19611,561,15,67,1
19612,561,16,24,0
19613,561,17,56,2
19614,561,18,9,0
19615,561,19,25,0
19616,561,20,50,1
19617,561,21,52,1
19618,561,22,47,1
19619,561,23,66,2
19620,561,24,56,3
19621,561,25,138,5
19622,561,26,136,3
19623,561,27,84,4
19624,561,28,37,1
19625,561,29,62,3
19626,561,30,46,0
19627,561,31,65,0
19628,561,32,59,3
19629,561,33,7,0
19630,561,34,40,2
19631,561,35,66,1
19632,562,1,49,1
19633,562,2,19,0
19634,562,3,45,2
19635,562,4,50,1
19636,562,5,43,0
19637,562,6,86,3
19638,562,7,50,0
19639,562,8,36,2
19640,562,9,44,0
19641,562,10,28,1
19642,562,11,29,1
19643,562,12,39,2
19644,562,13,41,1
19645,562,14,39,1
19646,562,15,27,1
19647,562,16,78,3
19648,562,17,37,1
19649,562,18,41,1
19650,562,19,53,2
19651,562,20,28,1
19652,562,21,24,1
19653,562,22,57,3
19654,562,23,40,2
19655,562,24,25,0
19656,562,25,39,2
19657,562,26,56,3
19658,562,27,13,0
19659,562,28,25,0
19660,562,29,29,0
19661,562,30,42,2
19662,562,31,52,1
19663,562,32,17,1
19664,562,33,64,2
19665,562,34,54,2
19666,562,35,16,1
19667,563,1,35,2
19668,563,2,25,0
19669,563,3,20,1
19670,563,4,26,1
19671,563,5,33,1
19672,563,6,30,1
19673,563,7,43,2
19674,563,8,35,1
19675,563,9,31,1
19676,563,10,11,0
19677,563,11,13,0
19678,563,12,72,3
19679,563,13,77,2
19680,563,14,40,0
19681,563,15,23,0
19682,563,16,19,0
19683,563,17,19,0
19684,563,18,52,3
19685,563,19,24,1
19686,563,20,36,1
19687,563,21,31,1
19688,563,22,68,4
19689,563,23,48,1
19690,563,24,72,0
19691,563,25,21,1
19692,563,26,47,1
19693,563,27,40,2
19694,563,28,33,2
19695,563,29,27,2
19696,563,30,29,1
19697,563,31,32,1
19698,563,32,41,1
19699,563,33,23,1
19700,563,34,39,0
19701,563,35,23,0
19702,564,1,79,1
19703,564,2,53,3
19704,564,3,42,2
19705,564,4,41,2
19706,564,5,66,2
19707,564,6,40,1
19708,564,7,82,4
19709,564,8,41,1
19710,564,9,65,3
19711,564,10,108,2
19712,564,11,39,1
19713,564,12,54,1
19714,564,13,25,0
19715,564,14,13,0
19716,564,15,46,1
19717,564,16,48,1
19718,564,17,76,2
19719,564,18,48,1
19720,564,19,49,0
19721,564,20,100,4
19722,564,21,54,1
19723,564,22,26,1
19724,564,23,85,3
19725,564,24,18,1
19726,564,25,79,1
19727,564,26,36,0
19728,564,27,49,1
19729,564,28,22,1
19730,564,29,16,1
19731,564,30,30,1
19732,564,31,87,5
19733,564,32,101,1
19734,564,33,38,2
19735,564,34,36,1
19736,564,35,51,3
19737,565,1,43,2
19738,565,2,79,3
19739,565,3,34,0
19740,565,4,26,1
19741,565,5,33,2
19742,565,6,42,2
19743,565,7,48,0
19744,565,8,14,1
19745,565,9,56,1
19746,565,10,36,1
19747,565,11,26,1
19748,565,12,60,1
19749,565,13,71,1
19750,565,14,67,3
19751,565,15,37,1
19752,565,16,50,3
19753,565,17,67,2
19754,565,18,30,1
19755,565,19,55,1
19756,565,20,30,2
19757,565,21,47,2
19758,565,22,30,0
19759,565,23,61,3
19760,565,24,47,1
19761,565,25,59,1
19762,565,26,24,1
19763,565,27,62,3
19764,565,28,83,2
19765,565,29,95,6
19766,565,30,59,0
19767,565,31,21,0
19768,565,32,31,1
19769,565,33,58,2
19770,565,34,28,1
19771,565,35,37,1
19772,566,1,50,3
19773,566,2,31,1
19774,566,3,58,2
19775,566,4,25,0
19776,566,5,29,0
19777,566,6,34,1
19778,566,7,45,2
19779,566,8,41,1
19780,566,9,19,0
19781,566,10,49,2
19782,566,11,42,1
19783,566,12,31,1
19784,566,13,46,1
19785,566,14,42,2
19786,566,15,47,3
19787,566,16,38,2
19788,566,17,41,1
19789,566,18,21,0
19790,566,19,28,1
19791,566,20,11,1
19792,566,21,35,1
19793,566,22,31,1
19794,566,23,32,0
19795,566,24,32,0
19796,566,25,71,2
19797,566,26,54,3
19798,566,27,12,1
19799,566,28,17,0
19800,566,29,55,2
19801,566,30,15,1
19802,566,31,39,1
19803,566,32,14,1
19804,566,33,56,1
19805,566,34,23,1
19806,566,35,23,1
19807,567,1,33,1
19808,567,2,19,1
19809,567,3,16,0
19810,567,4,17,1
19811,567,5,31,1
19812,567,6,8,0
19813,567,7,33,1
19814,567,8,19,1
19815,567,9,14,0
19816,567,10,9,0
19817,567,11,9,0
19818,567,12,31,1
19819,567,13,18,1
19820,567,14,18,1
19821,567,15,21,0
19822,567,16,22,0
19823,567,17,22,1
19824,567,18,27,1
19825,567,19,52,1
19826,567,20,18,0
19827,567,21,23,0
19828,567,22,17,1
19829,567,23,20,1
19830,567,24,13,0
19831,567,25,20,1
19832,567,26,27,0
19833,567,27,18,1
19834,567,28,30,2
19835,567,29,20,0
19836,567,30,46,1
19837,567,31,38,1
19838,567,32,42,1
19839,567,33,5,0
19840,567,34,12,0
19841,567,35,16,1
19842,568,1,49,3
19843,568,2,35,2
19844,568,3,34,2
19845,568,4,29,1
19846,568,5,21,1
19847,568,6,33,1
19848,568,7,46,3
19849,568,8,23,1
19850,568,9,47,2
19851,568,10,50,2
19852,568,11,74,0
19853,568,12,27,2
19854,568,13,17,1
19855,568,14,47,1
19856,568,15,30,1
19857,568,16,21,1
19858,568,17,26,1
19859,568,18,32,1
19860,568,19,12,1
19861,568,20,37,2
19862,568,21,39,1
19863,568,22,18,1
19864,568,23,55,1
19865,568,24,51,2
19866,568,25,12,0
19867,568,26,49,0
19868,568,27,46,1
19869,568,28,30,2
19870,568,29,17,1
19871,568,30,33,0
19872,568,31,30,1
19873,568,32,42,2
19874,568,33,59,0
19875,568,34,44,1
19876,568,35,27,1
19877,569,1,118,6
19878,569,2,50,0
19879,569,3,31,0
19880,569,4,59,0
19881,569,5,29,1
19882,569,6,67,1
19883,569,7,47,0
19884,569,8,97,1
19885,569,9,36,1
19886,569,10,42,2
19887,569,11,47,2
19888,569,12,31,0
19889,569,13,75,2
19890,569,14,40,1
19891,569,15,45,2
19892,569,16,62,1
19893,569,17,84,2
19894,569,18,52,2
19895,569,19,33,1
19896,569,20,35,2
19897,569,21,18,0
19898,569,22,44,1
19899,569,23,53,0
19900,569,24,76,4
19901,569,25,50,1
19902,569,26,60,3
19903,569,27,25,1
19904,569,28,17,1
19905,569,29,58,1
19906,569,30,73,3
19907,569,31,31,1
19908,569,32,58,1
19909,569,33,106,4
19910,569,34,45,1
19911,569,35,89,1
19912,570,1,71,3
19913,570,2,44,1
19914,570,3,30,0
19915,570,4,27,1
19916,570,5,20,1
19917,570,6,57,2
19918,570,7,8,0
19919,570,8,47,2
19920,570,9,22,1
19921,570,10,38,2
19922,570,11,24,1
19923,570,12,67,2
19924,570,13,24,1
19925,570,14,44,2
19926,570,15,26,1
19927,570,16,44,0
19928,570,17,60,2
19929,570,18,11,1
19930,570,19,37,0
19931,570,20,25,1
19932,570,21,38,1
19933,570,22,16,0
19934,570,23,27,1
19935,570,24,29,1
19936,570,25,53,2
19937,570,26,21,0
19938,570,27,24,1
19939,570,28,27,0
19940,570,29,36,2
19941,570,30,44,2
19942,570,31,21,1
19943,570,32,43,2
19944,570,33,18,1
19945,570,34,40,0
19946,570,35,32,1
19947,571,1,29,0
19948,571,2,62,2
19949,571,3,58,2
19950,571,4,27,2
19951,571,5,42,2
19952,571,6,69,3
19953,571,7,22,0
19954,571,8,10,0
19955,571,9,38,1
19956,571,10,27,1
19957,571,11,33,1
19958,571,12,33,0
19959,571,13,23,1
19960,571,14,55,3
19961,571,15,28,1
19962,571,16,13,1
19963,571,17,28,2
19964,571,18,26,0
19965,571,19,15,1
19966,571,20,20,0
19967,571,21,25,1
19968,571,22,22,0
19969,571,23,49,1
19970,571,24,21,0
19971,571,25,9,0
19972,571,26,22,1
19973,571,27,20,1
19974,571,28,29,0
19975,571,29,29,1
19976,571,30,38,1
19977,571,31,25,1
19978,571,32,16,0
19979,571,33,33,1
19980,571,34,32,0
19981,571,35,27,1
19982,572,1,62,2
19983,572,2,40,1
19984,572,3,34,0
19985,572,4,51,3
19986,572,5,43,1
19987,572,6,46,1
19988,572,7,36,1
19989,572,8,59,1
19990,572,9,38,1
19991,572,10,56,1
19992,572,11,48,0
19993,572,12,31,1
19994,572,13,38,1
19995,572,14,42,1
19996,572,15,32,1
19997,572,16,32,1
19998,572,17,45,2
19999,572,18,28,1
20000,572,19,48,0
20001,572,20,68,4
20002,572,21,27,1
20003,572,22,43,2
20004,572,23,42,2
20005,572,24,65,2
20006,572,25,66,1
20007,572,26,35,1
20008,572,27,26,1
20009,572,28,41,2
20010,572,29,104,2
20011,572,30,45,1
20012,572,31,55,2
20013,572,32,28,0
20014,572,33,49,0
20015,572,34,18,0
20016,572,35,68,4
20017,573,1,65,0
20018,573,2,37,0
20019,573,3,51,2
20020,573,4,69,0
20021,573,5,36,1
20022,573,6,44,2
20023,573,7,42,0
20024,573,8,61,0
20025,573,9,154,6
20026,573,10,73,3
20027,573,11,46,1
20028,573,12,44,0
20029,573,13,18,1
20030,573,14,112,6
20031,573,15,27,1
20032,573,16,38,1
20033,573,17,70,4
20034,573,18,35,1
20035,573,19,46,1
20036,573,20,53,2
20037,573,21,68,1
20038,573,22,40,2
20039,573,23,50,2
20040,573,24,141,6
20041,573,25,32,0
20042,573,26,87,0
20043,573,27,46,1
20044,573,28,100,5
20045,573,29,53,1
20046,573,30,80,2
20047,573,31,42,0
20048,573,32,87,1
20049,573,33,80,4
20050,573,34,65,3
20051,573,35,105,3
20052,574,1,84,2
20053,574,2,60,3
20054,574,3,70,2
20055,574,4,65,1
20056,574,5,37,0
20057,574,6,27,1
20058,574,7,49,0
20059,574,8,67,0
20060,574,9,48,3
20061,574,10,49,3
20062,574,11,35,2
20063,574,12,46,0
20064,574,13,12,0
20065,574,14,54,1
20066,574,15,37,1
20067,574,16,25,1
20068,574,17,25,1
20069,574,18,48,2
20070,574,19,32,2
20071,574,20,30,1
20072,574,21,27,1
20073,574,22,75,4
20074,574,23,39,1
20075,574,24,46,1
20076,574,25,59,2
20077,574,26,26,1
20078,574,27,46,2
20079,574,28,47,2
20080,574,29,34,0
20081,574,30,56,2
20082,574,31,38,2
20083,574,32,73,4
20084,574,33,24,0
20085,574,34,26,1
20086,574,35,17,0
20087,575,1,40,2
20088,575,2,51,1
20089,575,3,70,1
20090,575,4,44,2
20091,575,5,21,0
20092,575,6,30,1
20093,575,7,39,1
20094,575,8,71,1
20095,575,9,17,1
20096,575,10,30,1
20097,575,11,42,2
20098,575,12,46,0
20099,575,13,38,2
20100,575,14,27,0
20101,575,15,32,2
20102,575,16,25,1
20103,575,17,22,0
20104,575,18,20,0
20105,575,19,15,1
20106,575,20,19,0
20107,575,21,26,0
20108,575,22,30,1
20109,575,23,17,1
20110,575,24,24,1
20111,575,25,38,2
20112,575,26,28,1
20113,575,27,37,1
20114,575,28,43,2
20115,575,29,13,0
20116,575,30,46,1
20117,575,31,26,1
20118,575,32,12,1
20119,575,33,23,1
20120,575,34,23,1
20121,575,35,54,0
20122,576,1,40,1
20123,576,2,42,1
20124,576,3,90,1
20125,576,4,74,3
20126,576,5,88,5
20127,576,6,53,2
20128,576,7,56,2
20129,576,8,22,1
20130,576,9,66,2
20131,576,10,37,1
20132,576,11,38,0
20133,576,12,117,3
20134,576,13,27,2
20135,576,14,41,1
20136,576,15,50,2
20137,576,16,36,1
20138,576,17,64,4
20139,576,18,36,1
20140,576,19,59,2
20141,576,20,83,4
20142,576,21,68,4
20143,576,22,33,2
20144,576,23,70,3
20145,576,24,66,1
20146,576,25,81,4
20147,576,26,38,2
20148,576,27,34,1
20149,576,28,49,3
20150,576,29,29,1
20151,576,30,55,2
20152,576,31,46,1
20153,576,32,72,1
20154,576,33,32,1
20155,576,34,31,2
20156,576,35,33,1
20157,577,1,55,0
20158,577,2,80,5
20159,577,3,84,4
20160,577,4,105,4
20161,577,5,77,5
20162,577,6,63,2
20163,577,7,52,2
20164,577,8,75,0
20165,577,9,76,2
20166,577,10,122,3
20167,577,11,62,4
20168,577,12,51,1
20169,577,13,82,3
20170,577,14,121,2
20171,577,15,103,1
20172,577,16,81,3
20173,577,17,56,1
20174,577,18,82,4
20175,577,19,182,5
20176,577,20,51,3
20177,577,21,83,1
20178,577,22,37,2
20179,577,23,54,0
20180,577,24,89,4
20181,577,25,103,4
20182,577,26,72,0
20183,577,27,95,4
20184,577,28,61,3
20185,577,29,34,0
20186,577,30,36,1
20187,577,31,73,4
20188,577,32,71,0
20189,577,33,64,4
20190,577,34,83,0
20191,577,35,61,1
20192,578,1,16,0
20193,578,2,73,1
20194,578,3,58,1
20195,578,4,63,0
20196,578,5,33,0
20197,578,6,46,2
20198,578,7,77,2
20199,578,8,59,0
20200,578,9,50,1
20201,578,10,61,3
20202,578,11,66,0
20203,578,12,15,1
20204,578,13,32,1
20205,578,14,52,3
20206,578,15,36,2
20207,578,16,30,1
20208,578,17,135,1
20209,578,18,69,0
20210,578,19,81,5
20211,578,20,65,3
20212,578,21,85,5
20213,578,22,45,1
20214,578,23,78,4
20215,578,24,61,1
20216,578,25,53,1
20217,578,26,57,1
20218,578,27,28,1
20219,578,28,54,0
20220,578,29,71,2
20221,578,30,55,0
20222,578,31,41,2
20223,578,32,22,1
20224,578,33,37,1
20225,578,34,75,0
20226,578,35,90,2
20227,579,1,27,1
20228,579,2,92,4
20229,579,3,14,0
20230,579,4,55,1
20231,579,5,22,1
20232,579,6,62,3
20233,579,7,34,1
20234,579,8,51,1
20235,579,9,64,2
20236,579,10,72,3
20237,579,11,20,1
20238,579,12,24,1
20239,579,13,37,1
20240,579,14,70,0
20241,579,15,23,1
20242,579,16,31,1
20243,579,17,31,1
20244,579,18,86,1
20245,579,19,12,0
20246,579,20,39,1
20247,579,21,46,1
20248,579,22,28,0
20249,579,23,57,3
20250,579,24,61,2
20251,579,25,40,0
20252,579,26,22,1
20253,579,27,67,4
20254,579,28,70,3
20255,579,29,42,0
20256,579,30,42,0
20257,579,31,42,1
20258,579,32,70,4
20259,579,33,53,3
20260,579,34,37,0
20261,579,35,73,2
20262,580,1,67,1
20263,580,2,71,1
20264,580,3,52,2
20265,580,4,57,2
20266,580,5,32,1
20267,580,6,96,3
20268,580,7,53,2
20269,580,8,95,4
20270,580,9,82,2
20271,580,10,63,2
20272,580,11,47,0
20273,580,12,42,2
20274,580,13,55,3
20275,580,14,87,5
20276,580,15,41,2
20277,580,16,34,2
20278,580,17,30,1
20279,580,18,89,1
20280,580,19,44,0
20281,580,20,21,0
20282,580,21,88,1
20283,580,22,95,3
20284,580,23,58,2
20285,580,24,44,2
20286,580,25,60,0
20287,580,26,30,1
20288,580,27,49,2
20289,580,28,50,2
20290,580,29,64,2
20291,580,30,45,1
20292,580,31,62,2
20293,580,32,141,3
20294,580,33,54,1
20295,580,34,88,3
20296,580,35,68,3
20297,581,1,33,0
20298,581,2,98,5
20299,581,3,64,0
20300,581,4,56,3
20301,581,5,88,5
20302,581,6,77,3
20303,581,7,67,1
20304,581,8,62,0
20305,581,9,85,4
20306,581,10,28,0
20307,581,11,24,1
20308,581,12,103,4
20309,581,13,96,3
20310,581,14,41,1
20311,581,15,45,2
20312,581,16,82,2
20313,581,17,78,3
20314,581,18,77,2
20315,581,19,88,3
20316,581,20,20,1
20317,581,21,76,4
20318,581,22,97,5
20319,581,23,62,0
20320,581,24,102,3
20321,581,25,90,2
20322,581,26,60,3
20323,581,27,45,1
20324,581,28,16,1
20325,581,29,37,1
20326,581,30,24,1
20327,581,31,65,0
20328,581,32,69,3
20329,581,33,114,4
20330,581,34,59,2
20331,581,35,53,2
20332,582,1,50,0
20333,582,2,36,1
20334,582,3,112,6
20335,582,4,48,1
20336,582,5,40,2
20337,582,6,17,1
20338,582,7,47,0
20339,582,8,69,2
20340,582,9,61,0
20341,582,10,49,1
20342,582,11,84,0
20343,582,12,50,2
20344,582,13,83,3
20345,582,14,55,1
20346,582,15,79,4
20347,582,16,48,1
20348,582,17,25,1
20349,582,18,19,0
20350,582,19,30,1
20351,582,20,50,2
20352,582,21,115,1
20353,582,22,50,1
20354,582,23,62,3
20355,582,24,71,1
20356,582,25,41,2
20357,582,26,105,5
20358,582,27,31,1
20359,582,28,58,3
20360,582,29,45,2
20361,582,30,19,0
20362,582,31,31,1
20363,582,32,59,1
20364,582,33,42,2
20365,582,34,29,0
20366,582,35,67,1
20367,583,1,40,1
20368,583,2,36,2
20369,583,3,50,2
20370,583,4,35,1
20371,583,5,61,1
20372,583,6,22,0
20373,583,7,25,1
20374,583,8,48,1
20375,583,9,26,0
20376,583,10,28,1
20377,583,11,76,2
20378,583,12,32,0
20379,583,13,43,1
20380,583,14,10,0
20381,583,15,46,2
20382,583,16,34,2
20383,583,17,47,1
20384,583,18,36,0
20385,583,19,38,1
20386,583,20,65,2
20387,583,21,27,1
20388,583,22,69,2
20389,583,23,18,1
20390,583,24,37,1
20391,583,25,39,2
20392,583,26,37,1
20393,583,27,33,2
20394,583,28,56,1
20395,583,29,34,0
20396,583,30,54,2
20397,583,31,20,1
20398,583,32,25,0
20399,583,33,50,2
20400,583,34,12,0
20401,583,35,31,1
20402,584,1,83,4
20403,584,2,39,2
20404,584,3,38,1
20405,584,4,109,5
20406,584,5,57,3
20407,584,6,56,3
20408,584,7,72,1
20409,584,8,29,1
20410,584,9,41,1
20411,584,10,47,1
20412,584,11,64,3
20413,584,12,68,1
20414,584,13,51,1
20415,584,14,69,4
20416,584,15,87,4
20417,584,16,80,4
20418,584,17,52,2
20419,584,18,34,2
20420,584,19,57,2
20421,584,20,30,0
20422,584,21,68,2
20423,584,22,133,4
20424,584,23,69,2
20425,584,24,48,1
20426,584,25,41,1
20427,584,26,52,2
20428,584,27,48,3
20429,584,28,60,3
20430,584,29,105,5
20431,584,30,61,2
20432,584,31,97,3
20433,584,32,60,2
20434,584,33,54,1
20435,584,34,131,2
20436,584,35,67,1
20437,585,1,27,1
20438,585,2,38,1
20439,585,3,36,1
20440,585,4,52,0
20441,585,5,18,0
20442,585,6,20,0
20443,585,7,45,0
20444,585,8,33,1
20445,585,9,22,1
20446,585,10,57,3
20447,585,11,29,1
20448,585,12,57,0
20449,585,13,16,1
20450,585,14,29,1
20451,585,15,46,3
20452,585,16,43,2
20453,585,17,31,1
20454,585,18,60,3
20455,585,19,30,1
20456,585,20,38,1
20457,585,21,39,1
20458,585,22,32,2
20459,585,23,17,0
20460,585,24,54,2
20461,585,25,36,2
20462,585,26,41,0
20463,585,27,45,2
20464,585,28,34,1
20465,585,29,60,2
20466,585,30,24,1
20467,585,31,42,0
20468,585,32,16,0
20469,585,33,30,1
20470,585,34,37,2
20471,585,35,48,2
20472,586,1,9,0
20473,586,2,42,1
20474,586,3,24,1
20475,586,4,33,1
20476,586,5,28,1
20477,586,6,36,1
20478,586,7,28,0
20479,586,8,21,0
20480,586,9,25,0
20481,586,10,38,0
20482,586,11,13,0
20483,586,12,19,0
20484,586,13,34,1
20485,586,14,12,1
20486,586,15,33,1
20487,586,16,44,1
20488,586,17,22,1
20489,586,18,33,0
20490,586,19,18,1
20491,586,20,35,0
20492,586,21,28,2
20493,586,22,23,1
20494,586,23,19,0
20495,586,24,35,0
20496,586,25,44,1
20497,586,26,28,1
20498,586,27,60,3
20499,586,28,13,1
20500,586,29,25,1
20501,586,30,28,1
20502,586,31,30,1
20503,586,32,34,2
20504,586,33,54,2
20505,586,34,7,0
20506,586,35,18,1
20507,587,1,37,1
20508,587,2,18,0
20509,587,3,25,0
20510,587,4,19,0
20511,587,5,12,0
20512,587,6,13,0
20513,587,7,29,1
20514,587,8,22,1
20515,587,9,45,1
20516,587,10,12,0
20517,587,11,22,1
20518,587,12,24,1
20519,587,13,16,1
20520,587,14,19,1
20521,587,15,25,1
20522,587,16,38,2
20523,587,17,22,0
20524,587,18,21,1
20525,587,19,8,0
20526,587,20,34,1
20527,587,21,27,1
20528,587,22,16,1
20529,587,23,19,0
20530,587,24,11,1
20531,587,25,31,1
20532,587,26,20,1
20533,587,27,43,1
20534,587,28,9,0
20535,587,29,11,0
20536,587,30,28,1
20537,587,31,5,0
20538,587,32,34,0
20539,587,33,15,1
20540,587,34,29,0
20541,587,35,9,0
20542,588,1,43,2
20543,588,2,40,1
20544,588,3,12,0
20545,588,4,36,1
20546,588,5,14,0
20547,588,6,81,2
20548,588,7,39,2
20549,588,8,25,1
20550,588,9,24,0
20551,588,10,28,1
20552,588,11,28,1
20553,588,12,11,0
20554,588,13,30,1
20555,588,14,63,1
20556,588,15,27,1
20557,588,16,29,1
20558,588,17,52,1
20559,588,18,26,1
20560,588,19,12,1
20561,588,20,29,1
20562,588,21,28,1
20563,588,22,29,1
20564,588,23,31,2
20565,588,24,27,1
20566,588,25,30,0
20567,588,26,17,0
20568,588,27,20,1
20569,588,28,33,1
20570,588,29,44,1
20571,588,30,20,0
20572,588,31,31,1
20573,588,32,33,1
20574,588,33,41,1
20575,588,34,60,1
20576,588,35,37,0
20577,589,1,32,0
20578,589,2,37,1
20579,589,3,34,0
20580,589,4,49,2
20581,589,5,10,0
20582,589,6,31,1
20583,589,7,19,0
20584,589,8,53,0
20585,589,9,21,1
20586,589,10,15,1
20587,589,11,25,1
20588,589,12,38,0
20589,589,13,76,4
20590,589,14,55,1
20591,589,15,30,2
20592,589,16,59,2
20593,589,17,93,1
20594,589,18,24,1
20595,589,19,47,3
20596,589,20,33,2
20597,589,21,26,1
20598,589,22,45,1
20599,589,23,40,0
20600,589,24,34,0
20601,589,25,84,4
20602,589,26,61,0
20603,589,27,71,1
20604,589,28,48,2
20605,589,29,37,1
20606,589,30,11,0
20607,589,31,30,0
20608,589,32,30,0
20609,589,33,44,2
20610,589,34,45,0
20611,589,35,42,1
20612,590,1,38,0
20613,590,2,37,1
20614,590,3,17,0
20615,590,4,15,0
20616,590,5,31,1
20617,590,6,76,4
20618,590,7,24,0
20619,590,8,29,0
20620,590,9,23,1
20621,590,10,16,0
20622,590,11,28,0
20623,590,12,25,0
20624,590,13,28,1
20625,590,14,25,1
20626,590,15,14,1
20627,590,16,10,0
20628,590,17,51,1
20629,590,18,27,0
20630,590,19,82,4
20631,590,20,17,0
20632,590,21,41,2
20633,590,22,11,0
20634,590,23,24,1
20635,590,24,21,0
20636,590,25,21,1
20637,590,26,17,1
20638,590,27,24,1
20639,590,28,39,1
20640,590,29,36,1
20641,590,30,16,0
20642,590,31,15,1
20643,590,32,18,1
20644,590,33,20,1
20645,590,34,8,0
20646,590,35,31,1
20647,591,1,16,1
20648,591,2,16,0
20649,591,3,19,1
20650,591,4,33,1
20651,591,5,17,0
20652,591,6,9,0
20653,591,7,23,1
20654,591,8,52,2
20655,591,9,18,0
20656,591,10,13,0
20657,591,11,56,1
20658,591,12,19,1
20659,591,13,15,1
20660,591,14,19,0
20661,591,15,21,1
20662,591,16,19,1
20663,591,17,11,0
20664,591,18,37,0
20665,591,19,17,0
20666,591,20,32,2
20667,591,21,35,1
20668,591,22,8,0
20669,591,23,26,1
20670,591,24,15,0
20671,591,25,18,1
20672,591,26,28,1
20673,591,27,12,1
20674,591,28,31,1
20675,591,29,23,0
20676,591,30,40,1
20677,591,31,29,1
20678,591,32,10,0
20679,591,33,14,1
20680,591,34,30,0
20681,591,35,12,1
20682,592,1,44,1
20683,592,2,33,1
20684,592,3,18,1
20685,592,4,23,1
20686,592,5,22,0
20687,592,6,38,1
20688,592,7,26,0
20689,592,8,35,1
20690,592,9,23,1
20691,592,10,37,2
20692,592,11,32,1
20693,592,12,41,2
20694,592,13,22,0
20695,592,14,40,1
20696,592,15,59,2
20697,592,16,26,1
20698,592,17,58,3
20699,592,18,60,3
20700,592,19,27,1
20701,592,20,47,1
20702,592,21,20,0
20703,592,22,17,1
20704,592,23,22,1
20705,592,24,46,1
20706,592,25,11,1
20707,592,26,72,2
20708,592,27,22,1
20709,592,28,44,1
20710,592,29,70,4
20711,592,30,12,1
20712,592,31,29,1
20713,592,32,32,1
20714,592,33,24,1
20715,592,34,33,1
20716,592,35,30,1
20717,593,1,48,0
20718,593,2,37,2
20719,593,3,35,1
20720,593,4,39,0
20721,593,5,36,2
20722,593,6,66,3
20723,593,7,46,0
20724,593,8,23,0
20725,593,9,57,2
20726,593,10,19,1
20727,593,11,26,1
20728,593,12,64,0
20729,593,13,50,2
20730,593,14,42,1
20731,593,15,67,2
20732,593,16,20,0
20733,593,17,63,1
20734,593,18,20,1
20735,593,19,47,1
20736,593,20,55,1
20737,593,21,38,0
20738,593,22,61,1
20739,593,23,38,0
20740,593,24,21,1
20741,593,25,33,1
20742,593,26,35,1
20743,593,27,45,0
20744,593,28,19,1
20745,593,29,47,3
20746,593,30,38,0
20747,593,31,50,0
20748,593,32,32,1
20749,593,33,77,2
20750,593,34,26,1
20751,593,35,60,2
20752,594,1,42,2
20753,594,2,17,1
20754,594,3,49,1
20755,594,4,43,1
20756,594,5,51,0
20757,594,6,12,1
20758,594,7,32,0
20759,594,8,11,0
20760,594,9,9,0
20761,594,10,29,1
20762,594,11,37,1
20763,594,12,42,1
20764,594,13,46,1
20765,594,14,33,1
20766,594,15,54,1
20767,594,16,28,1
20768,594,17,33,0
20769,594,18,22,0
20770,594,19,34,1
20771,594,20,24,0
20772,594,21,24,1
20773,594,22,49,2
20774,594,23,31,1
20775,594,24,29,1
20776,594,25,27,1
20777,594,26,45,1
20778,594,27,24,1
20779,594,28,19,0
20780,594,29,34,0
20781,594,30,20,1
20782,594,31,53,3
20783,594,32,20,1
20784,594,33,28,1
20785,594,34,27,1
20786,594,35,18,1
20787,595,1,33,0
20788,595,2,24,0
20789,595,3,21,1
20790,595,4,14,0
20791,595,5,23,1
20792,595,6,33,1
20793,595,7,16,1
20794,595,8,19,0
20795,595,9,26,0
20796,595,10,17,1
20797,595,11,12,0
20798,595,12,20,1
20799,595,13,28,1
20800,595,14,15,0
20801,595,15,25,0
20802,595,16,30,1
20803,595,17,21,1
20804,595,18,18,0
20805,595,19,20,0
20806,595,20,66,1
20807,595,21,15,1
20808,595,22,43,1
20809,595,23,20,0
20810,595,24,18,1
20811,595,25,35,2
20812,595,26,20,0
20813,595,27,20,1
20814,595,28,8,0
20815,595,29,27,1
20816,595,30,15,0
20817,595,31,22,1
20818,595,32,16,0
20819,595,33,23,0
20820,595,34,21,0
20821,595,35,38,0
20822,596,1,21,1
20823,596,2,38,2
20824,596,3,26,0
20825,596,4,62,4
20826,596,5,51,1
20827,596,6,48,0
20828,596,7,25,0
20829,596,8,48,1
20830,596,9,27,2
20831,596,10,23,1
20832,596,11,43,1
20833,596,12,49,3
20834,596,13,31,0
20835,596,14,45,1
20836,596,15,43,1
20837,596,16,59,2
20838,596,17,65,2
20839,596,18,33,1
20840,596,19,28,1
20841,596,20,36,1
20842,596,21,66,4
20843,596,22,28,0
20844,596,23,42,2
20845,596,24,43,2
20846,596,25,47,0
20847,596,26,45,2
20848,596,27,37,1
20849,596,28,48,2
20850,596,29,36,1
20851,596,30,27,1
20852,596,31,38,0
20853,596,32,17,1
20854,596,33,28,1
20855,596,34,41,1
20856,596,35,54,2
20857,597,1,31,0
20858,597,2,62,2
20859,597,3,36,1
20860,597,4,31,2
20861,597,5,27,1
20862,597,6,4,0
20863,597,7,42,0
20864,597,8,40,1
20865,597,9,41,2
20866,597,10,39,1
20867,597,11,62,1
20868,597,12,61,0
20869,597,13,32,2
20870,597,14,66,4
20871,597,15,59,1
20872,597,16,90,1
20873,597,17,62,3
20874,597,18,44,2
20875,597,19,45,3
20876,597,20,19,1
20877,597,21,14,1
20878,597,22,26,1
20879,597,23,56,0
20880,597,24,37,2
20881,597,25,11,0
20882,597,26,53,3
20883,597,27,23,1
20884,597,28,23,1
20885,597,29,59,2
20886,597,30,51,2
20887,597,31,38,1
20888,597,32,28,0
20889,597,33,90,4
20890,597,34,64,0
20891,597,35,57,2
20892,598,1,67,0
20893,598,2,37,1
20894,598,3,19,1
20895,598,4,44,0
20896,598,5,13,0
20897,598,6,41,2
20898,598,7,23,1
20899,598,8,47,0
20900,598,9,23,0
20901,598,10,28,1
20902,598,11,36,1
20903,598,12,34,2
20904,598,13,28,2
20905,598,14,32,2
20906,598,15,54,1
20907,598,16,46,2
20908,598,17,29,1
20909,598,18,44,2
20910,598,19,31,2
20911,598,20,26,1
20912,598,21,43,1
20913,598,22,18,0
20914,598,23,36,1
20915,598,24,24,1
20916,598,25,42,1
20917,598,26,28,0
20918,598,27,20,1
20919,598,28,41,1
20920,598,29,48,0
20921,598,30,59,2
20922,598,31,52,2
20923,598,32,17,0
20924,598,33,28,1
20925,598,34,17,1
20926,598,35,41,1
20927,599,1,39,2
20928,599,2,25,1
20929,599,3,41,2
20930,599,4,19,0
20931,599,5,31,1
20932,599,6,28,1
20933,599,7,10,1
20934,599,8,44,2
20935,599,9,40,1
20936,599,10,28,1
20937,599,11,26,1
20938,599,12,7,0
20939,599,13,21,1
20940,599,14,28,1
20941,599,15,27,1
20942,599,16,23,1
20943,599,17,25,1
20944,599,18,28,0
20945,599,19,25,1
20946,599,20,32,1
20947,599,21,56,1
20948,599,22,26,1
20949,599,23,32,0
20950,599,24,12,1
20951,599,25,22,1
20952,599,26,26,1
20953,599,27,42,1
20954,599,28,37,1
20955,599,29,33,0
20956,599,30,10,0
20957,599,31,35,2
20958,599,32,29,1
20959,599,33,13,0
20960,599,34,29,0
20961,599,35,26,0
20962,600,1,24,0
20963,600,2,45,2
20964,600,3,43,2
20965,600,4,66,1
20966,600,5,33,1
20967,600,6,34,2
20968,600,7,24,1
20969,600,8,40,2
20970,600,9,69,3
20971,600,10,44,3
20972,600,11,50,3
20973,600,12,37,2
20974,600,13,52,3
20975,600,14,68,4
20976,600,15,60,3
20977,600,16,37,1
20978,600,17,48,1
20979,600,18,27,1
20980,600,19,38,2
20981,600,20,35,2
20982,600,21,67,4
20983,600,22,43,2
20984,600,23,40,1
20985,600,24,28,1
20986,600,25,49,2
20987,600,26,40,2
20988,600,27,27,1
20989,600,28,53,3
20990,600,29,38,2
20991,600,30,11,0
20992,600,31,21,1
20993,600,32,47,2
20994,600,33,36,1
20995,600,34,37,0
20996,600,35,14,0
20997,601,1,77,0
20998,601,2,94,3
20999,601,3,100,0
21000,601,4,74,2
21001,601,5,93,3
21002,601,6,37,2
21003,601,7,69,1
21004,601,8,79,0
21005,601,9,96,1
21006,601,10,75,1
21007,601,11,40,2
21008,601,12,44,0
21009,601,13,72,1
21010,601,14,80,2
21011,601,15,51,3
21012,601,16,45,1
21013,601,17,38,2
21014,601,18,47,1
21015,601,19,44,1
21016,601,20,36,2
21017,601,21,47,2
21018,601,22,82,3
21019,601,23,35,1
21020,601,24,41,1
21021,601,25,46,2
21022,601,26,76,0
21023,601,27,84,2
21024,601,28,14,0
21025,601,29,43,2
21026,601,30,97,4
21027,601,31,37,2
21028,601,32,50,2
21029,601,33,40,1
21030,601,34,54,3
21031,601,35,40,2
21032,602,1,44,0
21033,602,2,56,1
21034,602,3,37,2
21035,602,4,23,0
21036,602,5,43,2
21037,602,6,30,1
21038,602,7,18,0
21039,602,8,59,0
21040,602,9,64,1
21041,602,10,54,2
21042,602,11,32,2
21043,602,12,69,2
21044,602,13,23,0
21045,602,14,40,1
21046,602,15,32,0
21047,602,16,84,2
21048,602,17,33,1
21049,602,18,35,1
21050,602,19,61,2
21051,602,20,30,0
21052,602,21,32,1
21053,602,22,39,2
21054,602,23,18,1
21055,602,24,67,0
21056,602,25,37,2
21057,602,26,66,4
21058,602,27,35,0
21059,602,28,38,1
21060,602,29,21,0
21061,602,30,11,1
21062,602,31,44,2
21063,602,32,72,3
21064,602,33,34,1
21065,602,34,37,1
21066,602,35,20,0
21067,603,1,27,1
21068,603,2,37,0
21069,603,3,46,2
21070,603,4,39,1
21071,603,5,48,2
21072,603,6,57,3
21073,603,7,70,2
21074,603,8,42,1
21075,603,9,29,2
21076,603,10,38,2
21077,603,11,32,2
21078,603,12,28,0
21079,603,13,20,1
21080,603,14,29,1
21081,603,15,20,1
21082,603,16,25,1
21083,603,17,26,1
21084,603,18,34,0
21085,603,19,42,1
21086,603,20,23,0
21087,603,21,49,2
21088,603,22,53,1
21089,603,23,21,1
21090,603,24,20,0
21091,603,25,20,0
21092,603,26,37,1
21093,603,27,29,1
21094,603,28,76,3
21095,603,29,31,0
21096,603,30,44,2
21097,603,31,29,2
21098,603,32,39,0
21099,603,33,49,1
21100,603,34,38,2
21101,603,35,15,1
21102,604,1,117,3
21103,604,2,86,4
21104,604,3,32,2
21105,604,4,95,5
21106,604,5,37,2
21107,604,6,47,2
21108,604,7,54,2
21109,604,8,76,0
21110,604,9,75,2
21111,604,10,59,3
21112,604,11,28,2
21113,604,12,63,3
21114,604,13,38,0
21115,604,14,86,4
21116,604,15,81,4
21117,604,16,34,1
21118,604,17,91,2
21119,604,18,78,4
21120,604,19,28,1
21121,604,20,51,1
21122,604,21,67,4
21123,604,22,32,1
21124,604,23,29,2
21125,604,24,32,2
21126,604,25,38,1
21127,604,26,38,1
21128,604,27,56,3
21129,604,28,46,2
21130,604,29,42,0
21131,604,30,38,1
21132,604,31,69,4
21133,604,32,59,2
21134,604,33,38,2
21135,604,34,47,1
21136,604,35,31,2
21137,605,1,63,3
21138,605,2,104,0
21139,605,3,34,0
21140,605,4,111,2
21141,605,5,40,1
21142,605,6,65,1
21143,605,7,51,3
21144,605,8,50,1
21145,605,9,91,3
21146,605,10,61,2
21147,605,11,62,2
21148,605,12,32,1
21149,605,13,125,4
21150,605,14,114,3
21151,605,15,94,6
21152,605,16,132,2
21153,605,17,72,1
21154,605,18,57,1
21155,605,19,62,3
21156,605,20,54,3
21157,605,21,146,5
21158,605,22,60,3
21159,605,23,114,0
21160,605,24,70,3
21161,605,25,61,3
21162,605,26,130,0
21163,605,27,64,0
21164,605,28,161,5
21165,605,29,59,3
21166,605,30,42,1
21167,605,31,50,2
21168,605,32,93,1
21169,605,33,118,1
21170,605,34,105,0
21171,605,35,45,2
21172,606,1,74,0
21173,606,2,56,2
21174,606,3,86,5
21175,606,4,27,2
21176,606,5,50,2
21177,606,6,36,1
21178,606,7,88,4
21179,606,8,57,0
21180,606,9,44,1
21181,606,10,69,3
21182,606,11,57,3
21183,606,12,40,2
21184,606,13,65,2
21185,606,14,35,2
21186,606,15,111,3
21187,606,16,21,1
21188,606,17,67,1
21189,606,18,54,0
21190,606,19,38,1
21191,606,20,45,0
21192,606,21,49,2
21193,606,22,101,6
21194,606,23,48,3
21195,606,24,56,1
21196,606,25,44,1
21197,606,26,94,4
21198,606,27,65,2
21199,606,28,19,0
21200,606,29,51,0
21201,606,30,70,3
21202,606,31,33,1
21203,606,32,33,2
21204,606,33,31,1
21205,606,34,26,1
21206,606,35,64,2
21207,607,1,67,2
21208,607,2,93,0
21209,607,3,81,4
21210,607,4,32,0
21211,607,5,59,1
21212,607,6,74,3
21213,607,7,41,2
21214,607,8,71,2
21215,607,9,48,1
21216,607,10,59,1
21217,607,11,22,1
21218,607,12,61,2
21219,607,13,50,1
21220,607,14,54,1
21221,607,15,65,3
21222,607,16,60,1
21223,607,17,20,1
21224,607,18,43,0
21225,607,19,52,1
21226,607,20,38,2
21227,607,21,36,1
21228,607,22,37,2
21229,607,23,25,1
21230,607,24,36,1
21231,607,25,38,2
21232,607,26,44,2
21233,607,27,72,1
21234,607,28,39,2
21235,607,29,37,0
21236,607,30,62,2
21237,607,31,24,1
21238,607,32,29,0
21239,607,33,23,1
21240,607,34,49,0
21241,607,35,31,0
21242,608,1,44,2
21243,608,2,61,3
21244,608,3,124,5
21245,608,4,64,1
21246,608,5,63,1
21247,608,6,80,1
21248,608,7,42,1
21249,608,8,69,4
21250,608,9,39,1
21251,608,10,33,1
21252,608,11,75,2
21253,608,12,88,1
21254,608,13,65,4
21255,608,14,81,2
21256,608,15,75,3
21257,608,16,152,2
21258,608,17,53,3
21259,608,18,99,5
21260,608,19,49,2
21261,608,20,20,0
21262,608,21,73,1
21263,608,22,84,1
21264,608,23,106,3
21265,608,24,74,4
21266,608,25,29,1
21267,608,26,48,1
21268,608,27,39,1
21269,608,28,62,3
21270,608,29,77,1
21271,608,30,47,3
21272,608,31,51,1
21273,608,32,59,1
21274,608,33,96,1
21275,608,34,106,6
21276,608,35,55,1
21277,609,1,72,2
21278,609,2,78,2
21279,609,3,52,0
21280,609,4,71,4
21281,609,5,44,2
21282,609,6,63,1
21283,609,7,108,3
21284,609,8,100,6
21285,609,9,70,3
21286,609,10,25,1
21287,609,11,67,2
21288,609,12,62,3
21289,609,13,130,4
21290,609,14,48,0
21291,609,15,81,4
21292,609,16,128,6
21293,609,17,108,6
21294,609,18,134,8
21295,609,19,69,2
21296,609,20,101,2
21297,609,21,23,1
21298,609,22,11,0
21299,609,23,74,0
21300,609,24,90,1
21301,609,25,127,5
21302,609,26,58,2
21303,609,27,53,2
21304,609,28,55,2
21305,609,29,29,1
21306,609,30,81,2
21307,609,31,47,1
21308,609,32,83,2
21309,609,33,55,2
21310,609,34,80,1
21311,609,35,66,4
21312,610,1,28,1
21313,610,2,34,1
21314,610,3,33,2
21315,610,4,67,2
21316,610,5,19,0
21317,610,6,71,2
21318,610,7,38,0
21319,610,8,37,0
21320,610,9,53,2
21321,610,10,107,4
21322,610,11,44,1
21323,610,12,32,1
21324,610,13,54,0
21325,610,14,80,3
21326,610,15,32,1
21327,610,16,35,2
21328,610,17,18,0
21329,610,18,55,1
21330,610,19,67,1
21331,610,20,40,1
21332,610,21,53,2
21333,610,22,46,1
21334,610,23,25,1
21335,610,24,28,1
21336,610,25,34,1
21337,610,26,60,1
21338,610,27,46,1
21339,610,28,65,3
21340,610,29,2,0
21341,610,30,34,1
21342,610,31,24,1
21343,610,32,8,0
21344,610,33,41,2
21345,610,34,76,1
21346,610,35,70,2
21347,611,1,49,3
21348,611,2,22,1
21349,611,3,40,1
21350,611,4,26,1
21351,611,5,28,1
21352,611,6,14,0
21353,611,7,71,3
21354,611,8,44,2
21355,611,9,36,2
21356,611,10,30,1
21357,611,11,93,3
21358,611,12,28,2
21359,611,13,27,1
21360,611,14,30,2
21361,611,15,21,1
21362,611,16,39,1
21363,611,17,31,2
21364,611,18,50,1
21365,611,19,28,2
21366,611,20,56,1
21367,611,21,23,1
21368,611,22,48,1
21369,611,23,84,3
21370,611,24,41,1
21371,611,25,63,3
21372,611,26,43,1
21373,611,27,38,2
21374,611,28,32,2
21375,611,29,63,0
21376,611,30,44,1
21377,611,31,39,2
21378,611,32,52,0
21379,611,33,42,2
21380,611,34,17,1
21381,611,35,36,2
21382,612,1,97,3
21383,612,2,36,1
21384,612,3,90,4
21385,612,4,71,2
21386,612,5,34,1
21387,612,6,48,1
21388,612,7,58,1
21389,612,8,52,3
21390,612,9,34,2
21391,612,10,76,4
21392,612,11,53,1
21393,612,12,70,1
21394,612,13,34,0
21395,612,14,45,2
21396,612,15,81,1
21397,612,16,31,1
21398,612,17,91,3
21399,612,18,81,0
21400,612,19,147,1
21401,612,20,16,0
21402,612,21,56,3
21403,612,22,74,4
21404,612,23,44,2
21405,612,24,90,4
21406,612,25,34,1
21407,612,26,91,5
21408,612,27,83,2
21409,612,28,41,2
21410,612,29,95,4
21411,612,30,58,2
21412,612,31,86,5
21413,612,32,38,1
21414,612,33,51,1
21415,612,34,45,3
21416,612,35,76,2
21417,613,1,80,2
21418,613,2,21,0
21419,613,3,29,0
21420,613,4,26,1
21421,613,5,29,0
21422,613,6,46,1
21423,613,7,34,2
21424,613,8,38,2
21425,613,9,40,1
21426,613,10,20,1
21427,613,11,31,1
21428,613,12,89,2
21429,613,13,46,1
21430,613,14,56,3
21431,613,15,12,1
21432,613,16,23,1
21433,613,17,20,1
21434,613,18,62,1
21435,613,19,56,1
21436,613,20,38,1
21437,613,21,102,4
21438,613,22,75,2
21439,613,23,17,1
21440,613,24,56,2
21441,613,25,20,0
21442,613,26,23,1
21443,613,27,40,1
21444,613,28,40,2
21445,613,29,34,1
21446,613,30,34,2
21447,613,31,10,1
21448,613,32,46,1
21449,613,33,62,3
21450,613,34,51,0
21451,613,35,30,0
21452,614,1,42,1
21453,614,2,18,1
21454,614,3,35,1
21455,614,4,21,1
21456,614,5,34,2
21457,614,6,62,2
21458,614,7,25,1
21459,614,8,35,0
21460,614,9,21,1
21461,614,10,16,0
21462,614,11,19,0
21463,614,12,13,1
21464,614,13,27,1
21465,614,14,23,1
21466,614,15,20,1
21467,614,16,25,0
21468,614,17,27,1
21469,614,18,43,0
21470,614,19,42,0
21471,614,20,15,0
21472,614,21,24,0
21473,614,22,24,1
21474,614,23,29,2
21475,614,24,44,1
21476,614,25,24,1
21477,614,26,35,1
21478,614,27,54,2
21479,614,28,16,1
21480,614,29,24,0
21481,614,30,34,2
21482,614,31,23,0
21483,614,32,15,0
21484,614,33,20,1
21485,614,34,38,0
21486,614,35,27,0
21487,615,1,72,3
21488,615,2,18,1
21489,615,3,18,1
21490,615,4,39,1
21491,615,5,21,0
21492,615,6,24,1
21493,615,7,13,0
21494,615,8,15,0
21495,615,9,23,1
21496,615,10,32,1
21497,615,11,20,1
21498,615,12,9,0
21499,615,13,23,1
21500,615,14,22,1
21501,615,15,24,1
21502,615,16,33,1
21503,615,17,14,1
21504,615,18,9,0
21505,615,19,26,0
21506,615,20,11,0
21507,615,21,25,1
21508,615,22,15,1
21509,615,23,14,0
21510,615,24,20,0
21511,615,25,10,1
21512,615,26,19,1
21513,615,27,18,1
21514,615,28,25,1
21515,615,29,11,0
21516,615,30,38,1
21517,615,31,15,1
21518,615,32,15,0
21519,615,33,14,1
21520,615,34,20,1
21521,615,35,22,1
21522,616,1,26,1
21523,616,2,20,0
21524,616,3,54,1
21525,616,4,43,2
21526,616,5,22,0
21527,616,6,22,1
21528,616,7,64,4
21529,616,8,23,1
21530,616,9,30,1
21531,616,10,32,1
21532,616,11,46,2
21533,616,12,30,1
21534,616,13,27,0
21535,616,14,48,1
21536,616,15,47,2
21537,616,16,24,0
21538,616,17,75,4
21539,616,18,31,0
21540,616,19,31,1
21541,616,20,31,1
21542,616,21,25,1
21543,616,22,32,1
21544,616,23,51,1
21545,616,24,30,2
21546,616,25,53,2
21547,616,26,37,2
21548,616,27,19,0
21549,616,28,36,2
21550,616,29,40,1
21551,616,30,25,1
21552,616,31,35,1
21553,616,32,44,2
21554,616,33,24,0
21555,616,34,43,1
21556,616,35,56,2
21557,617,1,56,2
21558,617,2,20,0
21559,617,3,21,0
21560,617,4,48,0
21561,617,5,60,2
21562,617,6,24,0
21563,617,7,39,1
21564,617,8,44,1
21565,617,9,53,2
21566,617,10,26,1
21567,617,11,28,0
21568,617,12,35,1
21569,617,13,36,1
21570,617,14,39,0
21571,617,15,44,2
21572,617,16,37,2
21573,617,17,20,1
21574,617,18,43,2
21575,617,19,53,1
21576,617,20,28,1
21577,617,21,41,1
21578,617,22,55,2
21579,617,23,28,1
21580,617,24,55,3
21581,617,25,68,3
21582,617,26,32,1
21583,617,27,29,1
21584,617,28,23,1
21585,617,29,40,2
21586,617,30,18,0
21587,617,31,82,2
21588,617,32,38,1
21589,617,33,44,1
21590,617,34,33,1
21591,617,35,72,4
21592,618,1,34,0
21593,618,2,25,1
21594,618,3,21,1
21595,618,4,9,0
21596,618,5,43,1
21597,618,6,27,1
21598,618,7,43,0
21599,618,8,21,0
21600,618,9,17,0
21601,618,10,34,1
21602,618,11,39,1
21603,618,12,40,2
21604,618,13,13,1
21605,618,14,31,1
21606,618,15,10,0
21607,618,16,12,0
21608,618,17,25,1
21609,618,18,41,0
21610,618,19,37,1
21611,618,20,6,0
21612,618,21,33,1
21613,618,22,64,3
21614,618,23,16,1
21615,618,24,17,0
21616,618,25,16,0
21617,618,26,41,1
21618,618,27,25,1
21619,618,28,15,0
21620,618,29,43,3
21621,618,30,26,1
21622,618,31,12,0
21623,618,32,17,1
21624,618,33,25,1
21625,618,34,36,2
21626,618,35,8,0
21627,619,1,36,0
21628,619,2,13,0
21629,619,3,26,0
21630,619,4,22,1
21631,619,5,18,1
21632,619,6,29,1
21633,619,7,26,1
21634,619,8,33,1
21635,619,9,15,1
21636,619,10,22,0
21637,619,11,35,0
21638,619,12,12,1
21639,619,13,15,1
21640,619,14,26,0
21641,619,15,14,0
21642,619,16,32,0
21643,619,17,22,1
21644,619,18,27,0
21645,619,19,22,1
21646,619,20,20,0
21647,619,21,24,1
21648,619,22,29,2
21649,619,23,8,0
21650,619,24,23,0
21651,619,25,59,3
21652,619,26,17,1
21653,619,27,16,0
21654,619,28,44,2
21655,619,29,11,0
21656,619,30,31,1
21657,619,31,32,2
21658,619,32,28,2
21659,619,33,17,1
21660,619,34,16,1
21661,619,35,21,0
21662,620,1,56,3
21663,620,2,48,1
21664,620,3,47,2
21665,620,4,35,2
21666,620,5,24,1
21667,620,6,34,2
21668,620,7,54,3
21669,620,8,25,1
21670,620,9,34,2
21671,620,10,42,1
21672,620,11,33,2
21673,620,12,19,0
21674,620,13,39,1
21675,620,14,20,0
21676,620,15,38,1
21677,620,16,35,2
21678,620,17,67,3
21679,620,18,30,0
21680,620,19,78,2
21681,620,20,17,1
21682,620,21,33,1
21683,620,22,25,1
21684,620,23,6,0
21685,620,24,24,0
21686,620,25,24,1
21687,620,26,16,0
21688,620,27,44,1
21689,620,28,14,0
21690,620,29,66,1
21691,620,30,30,2
21692,620,31,42,1
21693,620,32,31,1
21694,620,33,19,1
21695,620,34,12,1
21696,620,35,46,2
21697,621,1,46,2
21698,621,2,60,3
21699,621,3,43,2
21700,621,4,48,0
21701,621,5,65,3
21702,621,6,51,3
21703,621,7,34,0
21704,621,8,24,1
21705,621,9,37,1
21706,621,10,84,3
21707,621,11,37,1
21708,621,12,51,3
21709,621,13,65,1
21710,621,14,37,0
21711,621,15,35,1
21712,621,16,75,4
21713,621,17,39,1
21714,621,18,77,2
21715,621,19,69,1
21716,621,20,32,1
21717,621,21,81,3
21718,621,22,49,1
21719,621,23,24,1
21720,621,24,29,1
21721,621,25,86,3
21722,621,26,67,4
21723,621,27,30,1
21724,621,28,38,1
21725,621,29,28,0
21726,621,30,28,2
21727,621,31,38,2
21728,621,32,69,2
21729,621,33,28,1
21730,621,34,43,0
21731,621,35,59,4
21732,622,1,24,0
21733,622,2,34,1
21734,622,3,37,2
21735,622,4,46,1
21736,622,5,44,1
21737,622,6,32,2
21738,622,7,15,1
21739,622,8,27,0
21740,622,9,29,1
21741,622,10,31,1
21742,622,11,25,0
21743,622,12,33,2
21744,622,13,13,1
21745,622,14,86,5
21746,622,15,19,1
21747,622,16,30,0
21748,622,17,58,1
21749,622,18,30,1
21750,622,19,64,2
21751,622,20,54,0
21752,622,21,41,2
21753,622,22,40,2
21754,622,23,24,1
21755,622,24,29,1
21756,622,25,59,1
21757,622,26,14,1
21758,622,27,31,1
21759,622,28,32,1
21760,622,29,27,1
21761,622,30,63,1
21762,622,31,37,1
21763,622,32,12,0
21764,622,33,26,0
21765,622,34,4,0
21766,622,35,39,2
21767,623,1,28,0
21768,623,2,15,0
21769,623,3,22,1
21770,623,4,21,0
21771,623,5,28,2
21772,623,6,15,0
21773,623,7,33,1
21774,623,8,29,1
21775,623,9,25,1
21776,623,10,25,1
21777,623,11,20,0
21778,623,12,29,0
21779,623,13,49,1
21780,623,14,13,1
21781,623,15,45,1
21782,623,16,26,1
21783,623,17,23,1
21784,623,18,13,0
21785,623,19,8,0
21786,623,20,37,1
21787,623,21,29,1
21788,623,22,23,1
21789,623,23,27,1
21790,623,24,19,0
21791,623,25,59,1
21792,623,26,20,1
21793,623,27,26,0
21794,623,28,16,1
21795,623,29,27,1
21796,623,30,50,2
21797,623,31,54,3
21798,623,32,16,0
21799,623,33,20,1
21800,623,34,38,1
21801,623,35,15,1
21802,624,1,32,0
21803,624,2,25,1
21804,624,3,49,2
21805,624,4,32,1
21806,624,5,51,3
21807,624,6,70,4
21808,624,7,36,0
21809,624,8,45,2
21810,624,9,27,1
21811,624,10,38,2
21812,624,11,30,1
21813,624,12,26,1
21814,624,13,38,0
21815,624,14,27,2
21816,624,15,58,2
21817,624,16,22,1
21818,624,17,44,1
21819,624,18,27,0
21820,624,19,46,0
21821,624,20,35,1
21822,624,21,28,1
21823,624,22,50,1
21824,624,23,69,2
21825,624,24,30,1
21826,624,25,69,3
21827,624,26,56,2
21828,624,27,54,1
21829,624,28,10,0
21830,624,29,21,1
21831,624,30,45,2
21832,624,31,15,0
21833,624,32,20,0
21834,624,33,48,2
21835,624,34,19,0
21836,624,35,42,1
21837,625,1,60,1
21838,625,2,19,1
21839,625,3,36,0
21840,625,4,50,2
21841,625,5,28,1
21842,625,6,39,2
21843,625,7,37,2
21844,625,8,23,1
21845,625,9,36,1
21846,625,10,25,1
21847,625,11,121,2
21848,625,12,74,0
21849,625,13,35,1
21850,625,14,29,1
21851,625,15,38,2
21852,625,16,77,2
21853,625,17,54,2
21854,625,18,53,2
21855,625,19,27,0
21856,625,20,34,1
21857,625,21,73,2
21858,625,22,58,2
21859,625,23,81,0
21860,625,24,73,4
21861,625,25,56,2
21862,625,26,20,1
21863,625,27,37,1
21864,625,28,61,2
21865,625,29,31,1
21866,625,30,115,5
21867,625,31,27,1
21868,625,32,64,1
21869,625,33,35,0
21870,625,34,31,0
21871,625,35,50,1
21872,626,1,33,1
21873,626,2,37,2
21874,626,3,25,0
21875,626,4,21,0
21876,626,5,21,1
21877,626,6,26,1
21878,626,7,37,1
21879,626,8,24,0
21880,626,9,59,2
21881,626,10,8,0
21882,626,11,26,1
21883,626,12,30,1
21884,626,13,24,1
21885,626,14,34,2
21886,626,15,18,0
21887,626,16,39,2
21888,626,17,31,0
21889,626,18,23,1
21890,626,19,28,1
21891,626,20,14,1
21892,626,21,30,2
21893,626,22,51,1
21894,626,23,65,3
21895,626,24,47,2
21896,626,25,27,1
21897,626,26,27,0
21898,626,27,90,4
21899,626,28,30,1
21900,626,29,67,0
21901,626,30,28,1
21902,626,31,51,2
21903,626,32,59,3
21904,626,33,21,1
21905,626,34,42,2
21906,626,35,49,3
21907,627,1,29,0
21908,627,2,27,1
21909,627,3,27,1
21910,627,4,29,1
21911,627,5,49,3
21912,627,6,47,0
21913,627,7,25,0
21914,627,8,10,0
21915,627,9,36,1
21916,627,10,25,1
21917,627,11,14,0
21918,627,12,34,1
21919,627,13,39,2
21920,627,14,42,1
21921,627,15,16,0
21922,627,16,12,1
21923,627,17,29,1
21924,627,18,12,0
21925,627,19,27,1
21926,627,20,45,2
21927,627,21,47,1
21928,627,22,17,1
21929,627,23,13,0
21930,627,24,37,1
21931,627,25,28,1
21932,627,26,35,1
21933,627,27,21,1
21934,627,28,26,2
21935,627,29,44,2
21936,627,30,17,1
21937,627,31,22,1
21938,627,32,29,0
21939,627,33,44,0
21940,627,34,25,1
21941,627,35,49,1
21942,628,1,38,0
21943,628,2,18,1
21944,628,3,69,1
21945,628,4,30,1
21946,628,5,30,1
21947,628,6,6,0
21948,628,7,54,3
21949,628,8,36,1
21950,628,9,64,1
21951,628,10,30,1
21952,628,11,34,2
21953,628,12,41,1
21954,628,13,21,0
21955,628,14,31,1
21956,628,15,19,0
21957,628,16,15,0
21958,628,17,37,1
21959,628,18,33,1
21960,628,19,20,1
21961,628,20,25,1
21962,628,21,25,1
21963,628,22,41,1
21964,628,23,78,4
21965,628,24,35,1
21966,628,25,31,1
21967,628,26,38,2
21968,628,27,45,2
21969,628,28,79,2
21970,628,29,40,1
21971,628,30,33,2
21972,628,31,35,1
21973,628,32,24,0
21974,628,33,67,3
21975,628,34,49,3
21976,628,35,51,1
21977,629,1,53,1
21978,629,2,26,1
21979,629,3,68,4
21980,629,4,35,1
21981,629,5,33,1
21982,629,6,38,1
21983,629,7,70,4
21984,629,8,118,2
21985,629,9,131,6
21986,629,10,86,1
21987,629,11,39,2
21988,629,12,75,0
21989,629,13,105,0
21990,629,14,58,2
21991,629,15,42,1
21992,629,16,45,1
21993,629,17,75,2
21994,629,18,65,2
21995,629,19,75,4
21996,629,20,62,2
21997,629,21,86,2
21998,629,22,57,1
21999,629,23,49,0
22000,629,24,126,3
22001,629,25,60,1
22002,629,26,42,1
22003,629,27,46,1
22004,629,28,66,4
22005,629,29,64,4
22006,629,30,76,2
22007,629,31,39,2
22008,629,32,42,2
22009,629,33,58,2
22010,629,34,44,0
22011,629,35,25,1
22012,630,1,39,0
22013,630,2,35,1
22014,630,3,44,2
22015,630,4,48,2
22016,630,5,70,3
22017,630,6,102,5
22018,630,7,31,1
22019,630,8,39,1
22020,630,9,34,2
22021,630,10,45,1
22022,630,11,41,2
22023,630,12,54,3
22024,630,13,23,0
22025,630,14,19,1
22026,630,15,39,1
22027,630,16,60,1
22028,630,17,103,0
22029,630,18,26,0
22030,630,19,25,0
22031,630,20,22,0
22032,630,21,47,1
22033,630,22,57,2
22034,630,23,70,2
22035,630,24,58,0
22036,630,25,45,2
22037,630,26,80,5
22038,630,27,56,1
22039,630,28,56,3
22040,630,29,45,0
22041,630,30,50,3
22042,630,31,21,1
22043,630,32,23,1
22044,630,33,38,1
22045,630,34,60,1
22046,630,35,53,1
22047,631,1,25,1
22048,631,2,32,1
22049,631,3,56,1
22050,631,4,46,2
22051,631,5,16,1
22052,631,6,37,2
22053,631,7,24,1
22054,631,8,27,1
22055,631,9,18,1
22056,631,10,52,1
22057,631,11,28,1
22058,631,12,15,0
22059,631,13,26,1
22060,631,14,27,1
22061,631,15,37,2
22062,631,16,28,2
22063,631,17,29,1
22064,631,18,16,1
22065,631,19,31,0
22066,631,20,45,2
22067,631,21,18,1
22068,631,22,27,1
22069,631,23,24,1
22070,631,24,63,0
22071,631,25,13,1
22072,631,26,35,1
22073,631,27,16,1
22074,631,28,19,1
22075,631,29,31,1
22076,631,30,28,1
22077,631,31,45,2
22078,631,32,32,0
22079,631,33,19,1
22080,631,34,47,2
22081,631,35,26,1
22082,632,1,47,2
22083,632,2,102,2
22084,632,3,85,3
22085,632,4,49,0
22086,632,5,52,2
22087,632,6,100,2
22088,632,7,14,1
22089,632,8,63,1
22090,632,9,38,1
22091,632,10,58,3
22092,632,11,73,2
22093,632,12,35,1
22094,632,13,69,4
22095,632,14,98,5
22096,632,15,46,2
22097,632,16,55,2
22098,632,17,64,3
22099,632,18,22,0
22100,632,19,14,1
22101,632,20,40,1
22102,632,21,29,2
22103,632,22,54,3
22104,632,23,46,1
22105,632,24,123,6
22106,632,25,65,3
22107,632,26,33,0
22108,632,27,49,3
22109,632,28,107,2
22110,632,29,40,1
22111,632,30,29,1
22112,632,31,43,2
22113,632,32,79,1
22114,632,33,57,0
22115,632,34,38,0
22116,632,35,49,2
22117,633,1,25,1
22118,633,2,58,3
22119,633,3,73,0
22120,633,4,60,3
22121,633,5,82,3
22122,633,6,36,2
22123,633,7,77,3
22124,633,8,91,2
22125,633,9,37,1
22126,633,10,42,1
22127,633,11,52,1
22128,633,12,76,0
22129,633,13,32,0
22130,633,14,105,2
22131,633,15,67,3
22132,633,16,56,1
22133,633,17,88,5
22134,633,18,74,1
22135,633,19,121,3
22136,633,20,32,1
22137,633,21,50,3
22138,633,22,76,2
22139,633,23,51,0
22140,633,24,50,1
22141,633,25,67,3
22142,633,26,67,2
22143,633,27,53,1
22144,633,28,62,2
22145,633,29,152,3
22146,633,30,89,1
22147,633,31,66,4
22148,633,32,109,5
22149,633,33,42,2
22150,633,34,36,1
22151,633,35,52,1
22152,634,1,61,0
22153,634,2,67,2
22154,634,3,105,4
22155,634,4,41,2
22156,634,5,55,3
22157,634,6,62,1
22158,634,7,41,1
22159,634,8,65,2
22160,634,9,79,3
22161,634,10,40,1
22162,634,11,32,1
22163,634,12,60,0
22164,634,13,51,1
22165,634,14,43,2
22166,634,15,76,3
22167,634,16,96,4
22168,634,17,28,0
22169,634,18,29,2
22170,634,19,77,4
22171,634,20,45,0
22172,634,21,37,2
22173,634,22,23,0
22174,634,23,122,3
22175,634,24,40,1
22176,634,25,51,1
22177,634,26,60,3
22178,634,27,21,1
22179,634,28,38,1
22180,634,29,57,0
22181,634,30,39,2
22182,634,31,35,0
22183,634,32,28,1
22184,634,33,15,1
22185,634,34,49,2
22186,634,35,16,1
22187,635,1,62,2
22188,635,2,25,1
22189,635,3,20,0
22190,635,4,68,1
22191,635,5,82,2
22192,635,6,34,1
22193,635,7,50,1
22194,635,8,48,1
22195,635,9,44,2
22196,635,10,31,1
22197,635,11,60,2
22198,635,12,30,1
22199,635,13,39,2
22200,635,14,36,2
22201,635,15,52,1
22202,635,16,40,2
22203,635,17,64,2
22204,635,18,56,0
22205,635,19,40,1
22206,635,20,63,2
22207,635,21,43,1
22208,635,22,118,6
22209,635,23,52,1
22210,635,24,8,0
22211,635,25,62,1
22212,635,26,16,0
22213,635,27,23,1
22214,635,28,29,1
22215,635,29,66,3
22216,635,30,33,1
22217,635,31,48,1
22218,635,32,17,0
22219,635,33,79,4
22220,635,34,91,0
22221,635,35,31,0
22222,636,1,20,1
22223,636,2,58,2
22224,636,3,44,2
22225,636,4,31,1
22226,636,5,33,1
22227,636,6,69,2
22228,636,7,59,1
22229,636,8,58,3
22230,636,9,55,2
22231,636,10,93,1
22232,636,11,43,1
22233,636,12,108,6
22234,636,13,68,4
22235,636,14,72,2
22236,636,15,45,1
22237,636,16,114,1
22238,636,17,56,3
22239,636,18,93,2
22240,636,19,47,2
22241,636,20,93,2
22242,636,21,50,1
22243,636,22,165,3
22244,636,23,55,3
22245,636,24,98,4
22246,636,25,60,2
22247,636,26,89,4
22248,636,27,65,2
22249,636,28,86,2
22250,636,29,103,2
22251,636,30,66,3
22252,636,31,66,2
22253,636,32,26,0
22254,636,33,22,1
22255,636,34,55,3
22256,636,35,134,8
22257,637,1,91,4
22258,637,2,90,3
22259,637,3,49,0
22260,637,4,97,0
22261,637,5,60,1
22262,637,6,66,2
22263,637,7,102,2
22264,637,8,35,1
22265,637,9,90,5
22266,637,10,63,2
22267,637,11,45,3
22268,637,12,63,2
22269,637,13,108,0
22270,637,14,32,1
22271,637,15,55,2
22272,637,16,42,1
22273,637,17,96,4
22274,637,18,94,3
22275,637,19,88,3
22276,637,20,68,3
22277,637,21,86,5
22278,637,22,73,2
22279,637,23,9,0
22280,637,24,105,1
22281,637,25,66,1
22282,637,26,60,3
22283,637,27,74,3
22284,637,28,82,4
22285,637,29,62,2
22286,637,30,106,6
22287,637,31,40,1
22288,637,32,66,3
22289,637,33,59,3
22290,637,34,60,3
22291,637,35,47,2
22292,638,1,20,0
22293,638,2,43,2
22294,638,3,62,3
22295,638,4,90,3
22296,638,5,57,3
22297,638,6,45,2
22298,638,7,57,2
22299,638,8,36,1
22300,638,9,66,2
22301,638,10,33,0
22302,638,11,30,1
22303,638,12,76,1
22304,638,13,42,1
22305,638,14,94,4
22306,638,15,76,2
22307,638,16,50,0
22308,638,17,48,2
22309,638,18,66,2
22310,638,19,71,2
22311,638,20,31,1
22312,638,21,37,1
22313,638,22,46,2
22314,638,23,89,4
22315,638,24,53,0
22316,638,25,42,2
22317,638,26,31,1
22318,638,27,39,1
22319,638,28,49,2
22320,638,29,58,0
22321,638,30,36,1
22322,638,31,34,2
22323,638,32,53,3
22324,638,33,23,1
22325,638,34,62,0
22326,638,35,130,4
22327,639,1,58,0
22328,639,2,23,0
22329,639,3,52,1
22330,639,4,24,1
22331,639,5,41,2
22332,639,6,55,2
22333,639,7,65,1
22334,639,8,21,1
22335,639,9,15,0
22336,639,10,73,3
22337,639,11,37,0
22338,639,12,39,2
22339,639,13,40,1
22340,639,14,29,0
22341,639,15,24,0
22342,639,16,39,1
22343,639,17,52,2
22344,639,18,17,0
22345,639,19,26,1
22346,639,20,77,3
22347,639,21,49,2
22348,639,22,69,2
22349,639,23,83,1
22350,639,24,37,1
22351,639,25,16,0
22352,639,26,44,2
22353,639,27,21,1
22354,639,28,76,0
22355,639,29,33,0
22356,639,30,32,1
22357,639,31,33,2
22358,639,32,33,0
22359,639,33,23,1
22360,639,34,15,1
22361,639,35,48,2
22362,640,1,49,1
22363,640,2,39,2
22364,640,3,116,1
22365,640,4,74,0
22366,640,5,71,1
22367,640,6,52,1
22368,640,7,45,2
22369,640,8,59,1
22370,640,9,64,3
22371,640,10,86,3
22372,640,11,96,3
22373,640,12,60,3
22374,640,13,66,2
22375,640,14,73,3
22376,640,15,98,5
22377,640,16,42,1
22378,640,17,113,5
22379,640,18,55,3
22380,640,19,79,1
22381,640,20,54,1
22382,640,21,47,1
22383,640,22,55,1
22384,640,23,84,4
22385,640,24,61,1
22386,640,25,105,0
22387,640,26,70,1
22388,640,27,90,0
22389,640,28,31,1
22390,640,29,74,3
22391,640,30,43,2
22392,640,31,123,2
22393,640,32,30,1
22394,640,33,67,0
22395,640,34,103,5
22396,640,35,61,1
22397,641,1,50,3
22398,641,2,81,3
22399,641,3,30,1
22400,641,4,23,0
22401,641,5,61,3
22402,641,6,14,0
22403,641,7,24,0
22404,641,8,27,1
22405,641,9,57,2
22406,641,10,59,1
22407,641,11,24,0
22408,641,12,53,0
22409,641,13,18,1
22410,641,14,63,2
22411,641,15,25,1
22412,641,16,66,2
22413,641,17,52,2
22414,641,18,25,1
22415,641,19,29,1
22416,641,20,28,1
22417,641,21,28,0
22418,641,22,17,0
22419,641,23,47,0
22420,641,24,19,1
22421,641,25,20,0
22422,641,26,53,1
22423,641,27,19,0
22424,641,28,27,1
22425,641,29,30,1
22426,641,30,38,1
22427,641,31,54,2
22428,641,32,55,1
22429,641,33,21,1
22430,641,34,22,0
22431,641,35,61,2
22432,642,1,28,0
22433,642,2,21,0
22434,642,3,33,1
22435,642,4,19,1
22436,642,5,21,1
22437,642,6,29,1
22438,642,7,31,1
22439,642,8,48,1
22440,642,9,20,0
22441,642,10,35,0
22442,642,11,32,2
22443,642,12,19,0
22444,642,13,21,1
22445,642,14,23,1
22446,642,15,37,2
22447,642,16,31,1
22448,642,17,25,1
22449,642,18,25,0
22450,642,19,20,1
22451,642,20,23,1
22452,642,21,29,2
22453,642,22,33,0
22454,642,23,9,0
22455,642,24,24,0
22456,642,25,8,0
22457,642,26,31,0
22458,642,27,33,1
22459,642,28,30,2
22460,642,29,14,0
22461,642,30,28,1
22462,642,31,30,0
22463,642,32,54,1
22464,642,33,26,1
22465,642,34,27,1
22466,642,35,20,0
22467,643,1,13,0
22468,643,2,20,1
22469,643,3,13,0
22470,643,4,11,0
22471,643,5,11,0
22472,643,6,19,0
22473,643,7,37,1
22474,643,8,17,1
22475,643,9,15,0
22476,643,10,31,1
22477,643,11,17,0
22478,643,12,14,0
22479,643,13,25,0
22480,643,14,20,1
22481,643,15,12,0
22482,643,16,30,1
22483,643,17,20,1
22484,643,18,27,1
22485,643,19,30,1
22486,643,20,24,0
22487,643,21,13,1
22488,643,22,12,0
22489,643,23,12,0
22490,643,24,37,1
22491,643,25,26,1
22492,643,26,24,1
22493,643,27,14,1
22494,643,28,24,1
22495,643,29,12,0
22496,643,30,19,0
22497,643,31,29,1
22498,643,32,22,0
22499,643,33,24,0
22500,643,34,28,0
22501,643,35,47,1
22502,644,1,23,0
22503,644,2,31,1
22504,644,3,22,0
22505,644,4,25,0
22506,644,5,39,2
22507,644,6,42,2
22508,644,7,30,1
22509,644,8,19,1
22510,644,9,40,2
22511,644,10,29,1
22512,644,11,50,2
22513,644,12,51,2
22514,644,13,42,1
22515,644,14,36,2
22516,644,15,12,0
22517,644,16,35,2
22518,644,17,38,1
22519,644,18,41,0
22520,644,19,42,2
22521,644,20,24,1
22522,644,21,23,1
22523,644,22,43,2
22524,644,23,22,1
22525,644,24,23,1
22526,644,25,38,0
22527,644,26,38,1
22528,644,27,38,0
22529,644,28,74,2
22530,644,29,26,1
22531,644,30,45,1
22532,644,31,19,1
22533,644,32,40,2
22534,644,33,41,0
22535,644,34,55,2
22536,644,35,33,2
22537,645,1,33,2
22538,645,2,60,1
22539,645,3,17,0
22540,645,4,27,0
22541,645,5,44,2
22542,645,6,25,1
22543,645,7,31,1
22544,645,8,36,2
22545,645,9,49,0
22546,645,10,61,2
22547,645,11,24,1
22548,645,12,23,0
22549,645,13,23,0
22550,645,14,46,2
22551,645,15,37,1
22552,645,16,30,1
22553,645,17,53,3
22554,645,18,24,0
22555,645,19,38,2
22556,645,20,34,1
22557,645,21,13,1
22558,645,22,32,2
22559,645,23,26,0
22560,645,24,63,2
22561,645,25,32,1
22562,645,26,46,0
22563,645,27,43,2
22564,645,28,26,1
22565,645,29,29,0
22566,645,30,73,2
22567,645,31,39,2
22568,645,32,26,1
22569,645,33,40,1
22570,645,34,28,1
22571,645,35,32,1
22572,646,1,27,0
22573,646,2,45,1
22574,646,3,21,1
22575,646,4,14,1
22576,646,5,5,0
22577,646,6,29,0
22578,646,7,38,2
22579,646,8,19,1
22580,646,9,15,0
22581,646,10,19,1
22582,646,11,33,2
22583,646,12,49,2
22584,646,13,21,1
22585,646,14,35,0
22586,646,15,27,1
22587,646,16,17,1
22588,646,17,26,1
22589,646,18,17,1
22590,646,19,36,1
22591,646,20,16,1
22592,646,21,26,1
22593,646,22,56,3
22594,646,23,22,1
22595,646,24,16,0
22596,646,25,34,1
22597,646,26,14,0
22598,646,27,38,1
22599,646,28,52,3
22600,646,29,37,1
22601,646,30,28,1
22602,646,31,9,0
22603,646,32,33,1
22604,646,33,26,1
22605,646,34,19,0
22606,646,35,28,1
22607,647,1,17,0
22608,647,2,15,1
22609,647,3,4,0
22610,647,4,39,2
22611,647,5,26,1
22612,647,6,22,1
22613,647,7,27,1
22614,647,8,32,0
22615,647,9,20,1
22616,647,10,15,0
22617,647,11,15,1
22618,647,12,28,0
22619,647,13,15,0
22620,647,14,16,0
22621,647,15,36,2
22622,647,16,40,2
22623,647,17,25,1
22624,647,18,32,2
22625,647,19,23,1
22626,647,20,27,2
22627,647,21,24,1
22628,647,22,24,1
22629,647,23,27,1
22630,647,24,50,0
22631,647,25,8,0
22632,647,26,16,1
22633,647,27,15,1
22634,647,28,31,0
22635,647,29,13,0
22636,647,30,20,1
22637,647,31,32,1
22638,647,32,16,0
22639,647,33,25,1
22640,647,34,21,1
22641,647,35,17,1
22642,648,1,25,1
22643,648,2,15,1
22644,648,3,21,0
22645,648,4,26,1
22646,648,5,39,2
22647,648,6,27,0
22648,648,7,22,1
22649,648,8,26,1
22650,648,9,24,0
22651,648,10,9,0
22652,648,11,26,2
22653,648,12,44,2
22654,648,13,15,1
22655,648,14,37,2
22656,648,15,46,1
22657,648,16,54,2
22658,648,17,35,1
22659,648,18,29,0
22660,648,19,23,0
22661,648,20,48,2
22662,648,21,49,1
22663,648,22,14,1
22664,648,23,27,0
22665,648,24,13,1
22666,648,25,26,1
22667,648,26,14,1
22668,648,27,16,0
22669,648,28,29,1
22670,648,29,40,2
22671,648,30,31,0
22672,648,31,44,1
22673,648,32,25,1
22674,648,33,21,1
22675,648,34,39,2
22676,648,35,28,1
22677,649,1,25,1
22678,649,2,74,2
22679,649,3,57,1
22680,649,4,37,0
22681,649,5,38,1
22682,649,6,41,2
22683,649,7,24,1
22684,649,8,29,2
22685,649,9,49,2
22686,649,10,31,1
22687,649,11,46,1
22688,649,12,52,0
22689,649,13,57,3
22690,649,14,59,2
22691,649,15,71,1
22692,649,16,37,2
22693,649,17,74,4
22694,649,18,53,2
22695,649,19,47,1
22696,649,20,18,1
22697,649,21,31,1
22698,649,22,54,2
22699,649,23,29,1
22700,649,24,47,2
22701,649,25,44,1
22702,649,26,35,0
22703,649,27,44,2
22704,649,28,27,2
22705,649,29,43,2
22706,649,30,95,5
22707,649,31,68,1
22708,649,32,22,1
22709,649,33,51,3
22710,649,34,28,1
22711,649,35,35,1
22712,650,1,20,0
22713,650,2,13,0
22714,650,3,40,0
22715,650,4,22,0
22716,650,5,25,1
22717,650,6,30,2
22718,650,7,24,1
22719,650,8,12,0
22720,650,9,17,1
22721,650,10,15,1
22722,650,11,46,2
22723,650,12,38,2
22724,650,13,57,1
22725,650,14,39,1
22726,650,15,15,0
22727,650,16,38,0
22728,650,17,45,2
22729,650,18,22,0
22730,650,19,33,0
22731,650,20,49,3
22732,650,21,27,0
22733,650,22,18,1
22734,650,23,39,2
22735,650,24,27,0
22736,650,25,28,1
22737,650,26,27,1
22738,650,27,25,1
22739,650,28,48,2
22740,650,29,11,0
22741,650,30,32,2
22742,650,31,19,1
22743,650,32,30,1
22744,650,33,33,1
22745,650,34,18,0
22746,650,35,26,1
22747,651,1,23,0
22748,651,2,26,1
22749,651,3,8,0
22750,651,4,32,1
22751,651,5,15,0
22752,651,6,22,1
22753,651,7,23,1
22754,651,8,38,1
22755,651,9,16,1
22756,651,10,73,2
22757,651,11,40,1
22758,651,12,24,1
22759,651,13,31,1
22760,651,14,28,1
22761,651,15,36,2
22762,651,16,32,1
22763,651,17,18,1
22764,651,18,19,1
22765,651,19,22,0
22766,651,20,22,1
22767,651,21,44,1
22768,651,22,12,1
22769,651,23,35,1
22770,651,24,33,0
22771,651,25,48,2
22772,651,26,35,0
22773,651,27,79,3
22774,651,28,17,0
22775,651,29,8,0
22776,651,30,25,1
22777,651,31,16,1
22778,651,32,12,0
22779,651,33,24,1
22780,651,34,25,0
22781,651,35,33,2
22782,652,1,26,2
22783,652,2,52,3
22784,652,3,29,0
22785,652,4,38,0
22786,652,5,28,1
22787,652,6,47,1
22788,652,7,24,0
22789,652,8,75,2
22790,652,9,38,1
22791,652,10,79,3
22792,652,11,57,3
22793,652,12,28,1
22794,652,13,86,3
22795,652,14,67,2
22796,652,15,20,1
22797,652,16,18,1
22798,652,17,28,1
22799,652,18,14,1
22800,652,19,41,1
22801,652,20,18,1
22802,652,21,37,2
22803,652,22,51,2
22804,652,23,19,1
22805,652,24,24,1
22806,652,25,33,1
22807,652,26,24,0
22808,652,27,20,1
22809,652,28,17,0
22810,652,29,48,2
22811,652,30,8,0
22812,652,31,46,2
22813,652,32,41,1
22814,652,33,54,0
22815,652,34,21,1
22816,652,35,24,1
22817,653,1,44,1
22818,653,2,60,2
22819,653,3,27,1
22820,653,4,30,0
22821,653,5,53,3
22822,653,6,39,2
22823,653,7,80,3
22824,653,8,39,1
22825,653,9,67,0
22826,653,10,19,1
22827,653,11,32,2
22828,653,12,38,1
22829,653,13,32,1
22830,653,14,60,4
22831,653,15,47,1
22832,653,16,80,1
22833,653,17,39,2
22834,653,18,64,4
22835,653,19,35,1
22836,653,20,30,1
22837,653,21,60,2
22838,653,22,21,0
22839,653,23,84,2
22840,653,24,47,0
22841,653,25,46,1
22842,653,26,62,0
22843,653,27,33,1
22844,653,28,44,2
22845,653,29,36,1
22846,653,30,101,2
22847,653,31,92,2
22848,653,32,44,1
22849,653,33,76,1
22850,653,34,28,1
22851,653,35,87,2
22852,654,1,24,1
22853,654,2,24,1
22854,654,3,16,1
22855,654,4,25,1
22856,654,5,45,1
22857,654,6,23,1
22858,654,7,19,1
22859,654,8,33,2
22860,654,9,35,0
22861,654,10,22,1
22862,654,11,37,0
22863,654,12,20,1
22864,654,13,77,2
22865,654,14,31,1
22866,654,15,17,0
22867,654,16,40,1
22868,654,17,31,2
22869,654,18,28,1
22870,654,19,37,2
22871,654,20,19,0
22872,654,21,75,4
22873,654,22,31,1
22874,654,23,47,1
22875,654,24,36,2
22876,654,25,35,1
22877,654,26,58,1
22878,654,27,29,0
22879,654,28,30,1
22880,654,29,42,0
22881,654,30,15,0
22882,654,31,55,1
22883,654,32,86,3
22884,654,33,24,1
22885,654,34,28,1
22886,654,35,30,2
22887,655,1,11,0
22888,655,2,34,1
22889,655,3,35,2
22890,655,4,17,0
22891,655,5,3,0
22892,655,6,13,1
22893,655,7,37,2
22894,655,8,20,0
22895,655,9,16,0
22896,655,10,25,1
22897,655,11,33,0
22898,655,12,42,1
22899,655,13,26,1
22900,655,14,21,0
22901,655,15,15,1
22902,655,16,28,2
22903,655,17,73,1
22904,655,18,18,1
22905,655,19,32,1
22906,655,20,53,3
22907,655,21,20,1
22908,655,22,20,1
22909,655,23,21,1
22910,655,24,32,1
22911,655,25,16,1
22912,655,26,50,1
22913,655,27,24,1
22914,655,28,24,0
22915,655,29,29,1
22916,655,30,22,1
22917,655,31,30,1
22918,655,32,25,1
22919,655,33,38,1
22920,655,34,29,1
22921,655,35,39,1
22922,656,1,24,0
22923,656,2,24,1
22924,656,3,22,0
22925,656,4,28,1
22926,656,5,50,1
22927,656,6,20,1
22928,656,7,81,3
22929,656,8,54,0
22930,656,9,53,3
22931,656,10,22,0
22932,656,11,23,1
22933,656,12,59,1
22934,656,13,55,3
22935,656,14,53,1
22936,656,15,51,1
22937,656,16,29,1
22938,656,17,31,0
22939,656,18,25,1
22940,656,19,11,0
22941,656,20,24,1
22942,656,21,46,2
22943,656,22,55,1
22944,656,23,49,2
22945,656,24,72,1
22946,656,25,66,3
22947,656,26,45,2
22948,656,27,23,1
22949,656,28,28,0
22950,656,29,43,1
22951,656,30,43,2
22952,656,31,32,2
22953,656,32,21,0
22954,656,33,51,0
22955,656,34,26,1
22956,656,35,29,1
22957,657,1,91,1
22958,657,2,43,1
22959,657,3,30,2
22960,657,4,61,1
22961,657,5,63,1
22962,657,6,52,3
22963,657,7,64,3
22964,657,8,65,2
22965,657,9,52,0
22966,657,10,15,1
22967,657,11,73,3
22968,657,12,48,1
22969,657,13,53,3
22970,657,14,73,2
22971,657,15,77,4
22972,657,16,51,1
22973,657,17,81,4
22974,657,18,35,0
22975,657,19,115,6
22976,657,20,71,3
22977,657,21,39,2
22978,657,22,44,1
22979,657,23,23,1
22980,657,24,56,0
22981,657,25,50,1
22982,657,26,71,4
22983,657,27,58,3
22984,657,28,65,3
22985,657,29,76,2
22986,657,30,77,3
22987,657,31,59,1
22988,657,32,65,1
22989,657,33,69,2
22990,657,34,113,3
22991,657,35,33,1
22992,658,1,38,1
22993,658,2,21,1
22994,658,3,58,1
22995,658,4,58,2
22996,658,5,71,4
22997,658,6,50,3
22998,658,7,36,1
22999,658,8,24,1
23000,658,9,18,0
23001,658,10,48,3
23002,658,11,57,2
23003,658,12,42,1
23004,658,13,54,3
23005,658,14,28,1
23006,658,15,47,1
23007,658,16,47,2
23008,658,17,25,0
23009,658,18,28,1
23010,658,19,42,1
23011,658,20,35,2
23012,658,21,55,1
23013,658,22,46,2
23014,658,23,38,1
23015,658,24,52,0
23016,658,25,55,1
23017,658,26,24,0
23018,658,27,36,1
23019,658,28,39,1
23020,658,29,44,0
23021,658,30,36,1
23022,658,31,89,2
23023,658,32,54,1
23024,658,33,26,1
23025,658,34,39,1
23026,658,35,44,2
23027,659,1,38,0
23028,659,2,52,3
23029,659,3,17,1
23030,659,4,46,1
23031,659,5,39,2
23032,659,6,22,1
23033,659,7,39,1
23034,659,8,30,2
23035,659,9,48,2
23036,659,10,26,2
23037,659,11,35,0
23038,659,12,20,1
23039,659,13,33,2
23040,659,14,14,1
23041,659,15,39,1
23042,659,16,43,1
23043,659,17,38,1
23044,659,18,47,2
23045,659,19,66,2
23046,659,20,28,0
23047,659,21,51,1
23048,659,22,27,1
23049,659,23,31,1
23050,659,24,32,1
23051,659,25,32,2
23052,659,26,60,2
23053,659,27,49,1
23054,659,28,28,1
23055,659,29,29,1
23056,659,30,44,1
23057,659,31,64,3
23058,659,32,38,1
23059,659,33,61,0
23060,659,34,27,1
23061,659,35,37,0
23062,660,1,68,3
23063,660,2,65,1
23064,660,3,27,0
23065,660,4,95,5
23066,660,5,28,1
23067,660,6,67,3
23068,660,7,41,2
23069,660,8,41,0
23070,660,9,25,1
23071,660,10,59,2
23072,660,11,58,2
23073,660,12,62,2
23074,660,13,47,3
23075,660,14,65,4
23076,660,15,59,3
23077,660,16,36,2
23078,660,17,27,1
23079,660,18,37,2
23080,660,19,31,1
23081,660,20,34,2
23082,660,21,88,3
23083,660,22,41,2
23084,660,23,81,1
23085,660,24,20,1
23086,660,25,71,2
23087,660,26,67,1
23088,660,27,54,2
23089,660,28,79,3
23090,660,29,61,3
23091,660,30,26,1
23092,660,31,21,1
23093,660,32,30,1
23094,660,33,48,0
23095,660,34,62,1
23096,660,35,60,2
23097,661,1,139,8
23098,661,2,83,0
23099,661,3,25,0
23100,661,4,53,0
23101,661,5,120,5
23102,661,6,84,1
23103,661,7,44,2
23104,661,8,72,1
23105,661,9,58,1
23106,661,10,25,1
23107,661,11,173,5
23108,661,12,54,2
23109,661,13,62,2
23110,661,14,113,0
23111,661,15,148,5
23112,661,16,240,5
23113,661,17,46,1
23114,661,18,99,6
23115,661,19,136,1
23116,661,20,182,9
23117,661,21,59,3
23118,661,22,55,2
23119,661,23,92,1
23120,661,24,71,0
23121,661,25,88,1
23122,661,26,45,2
23123,661,27,105,4
23124,661,28,72,2
23125,661,29,59,3
23126,661,30,101,0
23127,661,31,61,2
23128,661,32,53,2
23129,661,33,41,1
23130,661,34,84,4
23131,661,35,78,3
23132,662,1,27,1
23133,662,2,56,2
23134,662,3,33,0
23135,662,4,29,0
23136,662,5,39,2
23137,662,6,81,1
23138,662,7,86,4
23139,662,8,57,2
23140,662,9,103,0
23141,662,10,46,1
23142,662,11,49,3
23143,662,12,99,2
23144,662,13,25,1
23145,662,14,13,0
23146,662,15,18,1
23147,662,16,50,2
23148,662,17,9,0
23149,662,18,69,2
23150,662,19,64,1
23151,662,20,27,1
23152,662,21,47,2
23153,662,22,60,1
23154,662,23,83,2
23155,662,24,70,4
23156,662,25,77,3
23157,662,26,54,2
23158,662,27,40,2
23159,662,28,149,6
23160,662,29,42,0
23161,662,30,71,2
23162,662,31,103,3
23163,662,32,48,2
23164,662,33,37,1
23165,662,34,13,0
23166,662,35,52,2
23167,663,1,47,0
23168,663,2,26,0
23169,663,3,61,3
23170,663,4,30,1
23171,663,5,31,1
23172,663,6,22,1
23173,663,7,31,0
23174,663,8,26,1
23175,663,9,29,2
23176,663,10,33,1
23177,663,11,53,1
23178,663,12,96,5
23179,663,13,40,1
23180,663,14,67,0
23181,663,15,48,1
23182,663,16,35,2
23183,663,17,22,1
23184,663,18,58,1
23185,663,19,23,0
23186,663,20,34,2
23187,663,21,45,2
23188,663,22,56,1
23189,663,23,23,1
23190,663,24,28,1
23191,663,25,52,2
23192,663,26,43,1
23193,663,27,27,1
23194,663,28,17,0
23195,663,29,42,1
23196,663,30,30,2
23197,663,31,53,1
23198,663,32,21,0
23199,663,33,35,0
23200,663,34,54,0
23201,663,35,38,2
23202,664,1,66,3
23203,664,2,48,2
23204,664,3,43,0
23205,664,4,54,3
23206,664,5,38,2
23207,664,6,80,2
23208,664,7,51,3
23209,664,8,41,0
23210,664,9,28,1
23211,664,10,45,1
23212,664,11,66,4
23213,664,12,12,0
23214,664,13,127,6
23215,664,14,150,5
23216,664,15,32,1
23217,664,16,80,1
23218,664,17,71,3
23219,664,18,87,3
23220,664,19,83,2
23221,664,20,38,1
23222,664,21,96,3
23223,664,22,42,2
23224,664,23,70,1
23225,664,24,61,4
23226,664,25,67,3
23227,664,26,41,2
23228,664,27,36,1
23229,664,28,56,1
23230,664,29,24,1
23231,664,30,77,2
23232,664,31,74,0
23233,664,32,30,1
23234,664,33,44,0
23235,664,34,23,1
23236,664,35,121,6
23237,665,1,65,2
23238,665,2,87,0
23239,665,3,76,2
23240,665,4,62,2
23241,665,5,49,2
23242,665,6,71,1
23243,665,7,81,4
23244,665,8,68,3
23245,665,9,69,1
23246,665,10,79,2
23247,665,11,75,1
23248,665,12,89,3
23249,665,13,91,4
23250,665,14,64,4
23251,665,15,59,1
23252,665,16,33,0
23253,665,17,49,3
23254,665,18,84,4
23255,665,19,57,1
23256,665,20,68,2
23257,665,21,111,2
23258,665,22,42,1
23259,665,23,66,1
23260,665,24,66,0
23261,665,25,64,2
23262,665,26,63,2
23263,665,27,80,3
23264,665,28,76,4
23265,665,29,52,3
23266,665,30,68,0
23267,665,31,90,3
23268,665,32,78,0
23269,665,33,59,3
23270,665,34,45,2
23271,665,35,32,1
23272,666,1,92,5
23273,666,2,41,1
23274,666,3,86,1
23275,666,4,48,2
23276,666,5,100,3
23277,666,6,24,1
23278,666,7,32,1
23279,666,8,47,2
23280,666,9,22,1
23281,666,10,40,1
23282,666,11,38,2
23283,666,12,26,1
23284,666,13,33,1
23285,666,14,33,1
23286,666,15,33,1
23287,666,16,74,4
23288,666,17,67,2
23289,666,18,69,0
23290,666,19,119,6
23291,666,20,103,0
23292,666,21,62,1
23293,666,22,58,3
23294,666,23,39,2
23295,666,24,47,2
23296,666,25,38,1
23297,666,26,65,2
23298,666,27,75,3
23299,666,28,69,2
23300,666,29,32,2
23301,666,30,41,1
23302,666,31,57,2
23303,666,32,51,1
23304,666,33,47,1
23305,666,34,55,2
23306,666,35,32,2
23307,667,1,38,0
23308,667,2,34,2
23309,667,3,43,1
23310,667,4,26,1
23311,667,5,38,2
23312,667,6,41,1
23313,667,7,29,1
23314,667,8,17,1
23315,667,9,44,2
23316,667,10,106,5
23317,667,11,41,2
23318,667,12,27,2
23319,667,13,51,2
23320,667,14,42,0
23321,667,15,25,1
23322,667,16,79,1
23323,667,17,40,2
23324,667,18,53,1
23325,667,19,32,1
23326,667,20,17,0
23327,667,21,35,1
23328,667,22,23,1
23329,667,23,60,2
23330,667,24,68,3
23331,667,25,38,1
23332,667,26,38,1
23333,667,27,22,1
23334,667,28,53,1
23335,667,29,35,2
23336,667,30,86,2
23337,667,31,34,2
23338,667,32,55,3
23339,667,33,29,0
23340,667,34,40,0
23341,667,35,14,0
23342,668,1,47,2
23343,668,2,42,2
23344,668,3,57,0
23345,668,4,34,2
23346,668,5,37,1
23347,668,6,25,1
23348,668,7,66,1
23349,668,8,46,0
23350,668,9,142,6
23351,668,10,33,1
23352,668,11,57,3
23353,668,12,109,3
23354,668,13,76,3
23355,668,14,105,5
23356,668,15,78,4
23357,668,16,91,1
23358,668,17,35,2
23359,668,18,56,3
23360,668,19,83,4
23361,668,20,55,3
23362,668,21,55,2
23363,668,22,64,3
23364,668,23,41,2
23365,668,24,49,2
23366,668,25,88,1
23367,668,26,22,1
23368,668,27,91,5
23369,668,28,38,2
23370,668,29,45,2
23371,668,30,81,4
23372,668,31,40,0
23373,668,32,77,1
23374,668,33,40,1
23375,668,34,47,1
23376,668,35,53,2
23377,669,1,44,0
23378,669,2,44,2
23379,669,3,32,2
23380,669,4,26,0
23381,669,5,48,1
23382,669,6,63,4
23383,669,7,31,2
23384,669,8,25,1
23385,669,9,28,0
23386,669,10,27,0
23387,669,11,63,3
23388,669,12,46,3
23389,669,13,39,2
23390,669,14,52,0
23391,669,15,30,1
23392,669,16,34,0
23393,669,17,34,1
23394,669,18,27,1
23395,669,19,21,0
23396,669,20,30,1
23397,669,21,16,1
23398,669,22,38,2
23399,669,23,35,1
23400,669,24,33,0
23401,669,25,81,3
23402,669,26,61,3
23403,669,27,30,0
23404,669,28,32,2
23405,669,29,46,1
23406,669,30,28,0
23407,669,31,42,2
23408,669,32,31,1
23409,669,33,57,1
23410,669,34,32,0
23411,669,35,9,0
23412,670,1,54,0
23413,670,2,34,2
23414,670,3,29,2
23415,670,4,32,1
23416,670,5,24,0
23417,670,6,25,1
23418,670,7,21,1
23419,670,8,26,1
23420,670,9,30,2
23421,670,10,30,1
23422,670,11,35,0
23423,670,12,17,0
23424,670,13,30,1
23425,670,14,34,1
23426,670,15,12,1
23427,670,16,32,1
23428,670,17,25,1
23429,670,18,23,0
23430,670,19,28,1
23431,670,20,16,0
23432,670,21,38,1
23433,670,22,73,1
23434,670,23,9,0
23435,670,24,29,0
23436,670,25,31,2
23437,670,26,16,1
23438,670,27,24,1
23439,670,28,34,0
23440,670,29,17,0
23441,670,30,29,0
23442,670,31,36,1
23443,670,32,32,2
23444,670,33,18,1
23445,670,34,14,0
23446,670,35,41,1
23447,671,1,23,1
23448,671,2,55,1
23449,671,3,6,0
23450,671,4,18,0
23451,671,5,28,1
23452,671,6,12,0
23453,671,7,25,1
23454,671,8,17,1
23455,671,9,6,0
23456,671,10,16,1
23457,671,11,21,1
23458,671,12,36,1
23459,671,13,25,1
23460,671,14,15,0
23461,671,15,29,0
23462,671,16,27,0
23463,671,17,23,1
23464,671,18,43,1
23465,671,19,17,0
23466,671,20,18,1
23467,671,21,10,1
23468,671,22,42,2
23469,671,23,23,1
23470,671,24,23,1
23471,671,25,22,1
23472,671,26,20,1
23473,671,27,15,0
23474,671,28,24,1
23475,671,29,35,1
23476,671,30,11,0
23477,671,31,18,1
23478,671,32,6,0
23479,671,33,16,0
23480,671,34,12,0
23481,671,35,19,1
23482,672,1,18,1
23483,672,2,53,1
23484,672,3,18,0
23485,672,4,27,0
23486,672,5,50,1
23487,672,6,54,1
23488,672,7,69,1
23489,672,8,49,0
23490,672,9,43,1
23491,672,10,53,2
23492,672,11,27,1
23493,672,12,71,1
23494,672,13,33,1
23495,672,14,21,1
23496,672,15,28,1
23497,672,16,18,1
23498,672,17,64,0
23499,672,18,29,1
23500,672,19,17,0
23501,672,20,25,1
23502,672,21,21,1
23503,672,22,43,1
23504,672,23,49,3
23505,672,24,27,1
23506,672,25,37,0
23507,672,26,17,1
23508,672,27,38,1
23509,672,28,36,1
23510,672,29,26,0
23511,672,30,24,1
23512,672,31,23,1
23513,672,32,58,2
23514,672,33,24,1
23515,672,34,26,1
23516,672,35,2,0
23517,673,1,33,0
23518,673,2,59,0
23519,673,3,10,1
23520,673,4,35,2
23521,673,5,20,0
23522,673,6,17,1
23523,673,7,38,2
23524,673,8,39,2
23525,673,9,44,0
23526,673,10,18,0
23527,673,11,90,4
23528,673,12,22,0
23529,673,13,74,2
23530,673,14,30,1
23531,673,15,30,0
23532,673,16,43,0
23533,673,17,39,1
23534,673,18,32,1
23535,673,19,43,0
23536,673,20,36,2
23537,673,21,30,2
23538,673,22,45,1
23539,673,23,25,0
23540,673,24,31,1
23541,673,25,64,2
23542,673,26,51,1
23543,673,27,48,3
23544,673,28,27,1
23545,673,29,54,1
23546,673,30,31,0
23547,673,31,31,0
23548,673,32,25,1
23549,673,33,38,1
23550,673,34,18,0
23551,673,35,61,1
23552,674,1,19,1
23553,674,2,22,1
23554,674,3,29,1
23555,674,4,17,1
23556,674,5,43,2
23557,674,6,28,1
23558,674,7,49,2
23559,674,8,23,1
23560,674,9,42,1
23561,674,10,28,1
23562,674,11,40,2
23563,674,12,28,0
23564,674,13,27,1
23565,674,14,25,1
23566,674,15,14,0
23567,674,16,36,0
23568,674,17,51,2
23569,674,18,12,1
23570,674,19,20,0
23571,674,20,24,1
23572,674,21,13,1
23573,674,22,32,0
23574,674,23,66,4
23575,674,24,23,1
23576,674,25,21,0
23577,674,26,40,1
23578,674,27,22,1
23579,674,28,36,0
23580,674,29,22,1
23581,674,30,28,1
23582,674,31,39,1
23583,674,32,24,1
23584,674,33,35,1
23585,674,34,23,1
23586,674,35,31,1
23587,675,1,20,0
23588,675,2,9,0
23589,675,3,23,1
23590,675,4,21,1
23591,675,5,13,1
23592,675,6,31,1
23593,675,7,15,0
23594,675,8,9,0
23595,675,9,26,1
23596,675,10,14,1
23597,675,11,8,0
23598,675,12,25,1
23599,675,13,22,1
23600,675,14,13,0
23601,675,15,34,1
23602,675,16,23,1
23603,675,17,23,0
23604,675,18,20,0
23605,675,19,35,1
23606,675,20,13,1
23607,675,21,35,1
23608,675,22,20,1
23609,675,23,44,3
23610,675,24,16,1
23611,675,25,10,0
23612,675,26,43,2
23613,675,27,20,1
23614,675,28,24,1
23615,675,29,13,0
23616,675,30,14,1
23617,675,31,32,0
23618,675,32,7,0
23619,675,33,8,0
23620,675,34,40,0
23621,675,35,17,0
23622,676,1,32,1
23623,676,2,17,0
23624,676,3,53,2
23625,676,4,32,1
23626,676,5,31,1
23627,676,6,10,0
23628,676,7,40,1
23629,676,8,16,1
23630,676,9,42,2
23631,676,10,59,2
23632,676,11,39,1
23633,676,12,19,1
23634,676,13,30,2
23635,676,14,46,1
23636,676,15,48,2
23637,676,16,27,0
23638,676,17,30,2
23639,676,18,38,2
23640,676,19,31,2
23641,676,20,33,1
23642,676,21,37,1
23643,676,22,34,1
23644,676,23,33,1
23645,676,24,30,1
23646,676,25,25,0
23647,676,26,26,0
23648,676,27,28,0
23649,676,28,65,3
23650,676,29,41,2
23651,676,30,20,0
23652,676,31,19,1
23653,676,32,41,1
23654,676,33,47,0
23655,676,34,58,3
23656,676,35,35,1
23657,677,1,66,2
23658,677,2,34,0
23659,677,3,22,1
23660,677,4,33,2
23661,677,5,33,1
23662,677,6,47,2
23663,677,7,40,2
23664,677,8,45,1
23665,677,9,59,1
23666,677,10,67,1
23667,677,11,30,1
23668,677,12,43,2
23669,677,13,20,1
23670,677,14,42,0
23671,677,15,65,2
23672,677,16,28,0
23673,677,17,38,1
23674,677,18,53,3
23675,677,19,56,0
23676,677,20,26,0
23677,677,21,35,1
23678,677,22,47,2
23679,677,23,56,3
23680,677,24,33,1
23681,677,25,100,4
23682,677,26,29,1
23683,677,27,59,3
23684,677,28,42,2
23685,677,29,103,5
23686,677,30,36,0
23687,677,31,38,1
23688,677,32,49,2
23689,677,33,53,3
23690,677,34,68,1
23691,677,35,33,1
23692,678,1,32,0
23693,678,2,43,2
23694,678,3,71,2
23695,678,4,15,0
23696,678,5,23,1
23697,678,6,19,1
23698,678,7,23,1
23699,678,8,25,1
23700,678,9,29,2
23701,678,10,28,1
23702,678,11,30,2
23703,678,12,36,1
23704,678,13,29,1
23705,678,14,41,1
23706,678,15,67,2
23707,678,16,37,0
23708,678,17,19,1
23709,678,18,21,1
23710,678,19,41,0
23711,678,20,29,1
23712,678,21,14,1
23713,678,22,52,1
23714,678,23,43,1
23715,678,24,34,0
23716,678,25,50,3
23717,678,26,25,1
23718,678,27,33,1
23719,678,28,19,1
23720,678,29,28,1
23721,678,30,58,2
23722,678,31,30,0
23723,678,32,27,1
23724,678,33,23,1
23725,678,34,21,1
23726,678,35,24,1
23727,679,1,17,0
23728,679,2,31,0
23729,679,3,26,0
23730,679,4,4,0
23731,679,5,26,0
23732,679,6,52,2
23733,679,7,23,0
23734,679,8,29,1
23735,679,9,4,0
23736,679,10,12,1
23737,679,11,23,1
23738,679,12,17,1
23739,679,13,42,1
23740,679,14,18,1
23741,679,15,57,1
23742,679,16,27,0
23743,679,17,24,1
23744,679,18,10,0
23745,679,19,14,1
23746,679,20,15,0
23747,679,21,74,1
23748,679,22,28,1
23749,679,23,17,1
23750,679,24,26,0
23751,679,25,17,1
23752,679,26,9,0
23753,679,27,19,1
23754,679,28,24,0
23755,679,29,43,2
23756,679,30,21,1
23757,679,31,29,1
23758,679,32,28,2
23759,679,33,23,1
23760,679,34,23,0
23761,679,35,39,2
23762,680,1,32,1
23763,680,2,30,1
23764,680,3,23,0
23765,680,4,14,0
23766,680,5,43,0
23767,680,6,46,2
23768,680,7,42,2
23769,680,8,46,1
23770,680,9,33,0
23771,680,10,33,1
23772,680,11,15,0
23773,680,12,23,0
23774,680,13,91,3
23775,680,14,20,0
23776,680,15,33,0
23777,680,16,43,1
23778,680,17,29,1
23779,680,18,43,2
23780,680,19,34,1
23781,680,20,20,1
23782,680,21,45,1
23783,680,22,21,0
23784,680,23,29,1
23785,680,24,38,1
23786,680,25,49,2
23787,680,26,50,2
23788,680,27,29,1
23789,680,28,85,1
23790,680,29,45,2
23791,680,30,36,1
23792,680,31,40,0
23793,680,32,36,1
23794,680,33,29,0
23795,680,34,11,1
23796,680,35,42,1
23797,681,1,31,0
23798,681,2,65,0
23799,681,3,60,3
23800,681,4,68,2
23801,681,5,47,2
23802,681,6,51,1
23803,681,7,55,2
23804,681,8,61,2
23805,681,9,41,0
23806,681,10,27,1
23807,681,11,46,2
23808,681,12,68,1
23809,681,13,39,1
23810,681,14,58,0
23811,681,15,80,2
23812,681,16,36,0
23813,681,17,75,3
23814,681,18,61,2
23815,681,19,42,1
23816,681,20,43,1
23817,681,21,51,3
23818,681,22,72,1
23819,681,23,36,1
23820,681,24,48,1
23821,681,25,87,5
23822,681,26,36,1
23823,681,27,113,6
23824,681,28,59,1
23825,681,29,50,1
23826,681,30,47,0
23827,681,31,51,2
23828,681,32,53,2
23829,681,33,64,2
23830,681,34,46,1
23831,681,35,72,4
23832,682,1,20,0
23833,682,2,48,1
23834,682,3,38,2
23835,682,4,32,1
23836,682,5,34,2
23837,682,6,40,1
23838,682,7,35,0
23839,682,8,71,2
23840,682,9,8,0
23841,682,10,51,1
23842,682,11,67,0
23843,682,12,40,0
23844,682,13,45,2
23845,682,14,76,4
23846,682,15,40,2
23847,682,16,16,0
23848,682,17,31,1
23849,682,18,24,1
23850,682,19,26,0
23851,682,20,14,0
23852,682,21,26,1
23853,682,22,51,0
23854,682,23,25,1
23855,682,24,25,0
23856,682,25,36,1
23857,682,26,39,1
23858,682,27,18,0
23859,682,28,11,0
23860,682,29,44,0
23861,682,30,31,1
23862,682,31,55,1
23863,682,32,37,1
23864,682,33,54,2
23865,682,34,53,2
23866,682,35,50,2
23867,683,1,7,0
23868,683,2,41,1
23869,683,3,33,2
23870,683,4,14,0
23871,683,5,24,1
23872,683,6,29,1
23873,683,7,29,1
23874,683,8,54,2
23875,683,9,46,2
23876,683,10,29,1
23877,683,11,18,0
23878,683,12,43,1
23879,683,13,32,1
23880,683,14,43,1
23881,683,15,37,1
23882,683,16,21,1
23883,683,17,37,2
23884,683,18,50,2
23885,683,19,21,1
23886,683,20,42,1
23887,683,21,21,1
23888,683,22,51,3
23889,683,23,43,2
23890,683,24,13,0
23891,683,25,48,0
23892,683,26,15,1
23893,683,27,39,2
23894,683,28,71,1
23895,683,29,12,1
23896,683,30,35,1
23897,683,31,11,1
23898,683,32,23,0
23899,683,33,38,2
23900,683,34,22,0
23901,683,35,39,1
23902,684,1,34,2
23903,684,2,34,1
23904,684,3,33,0
23905,684,4,57,2
23906,684,5,56,2
23907,684,6,52,1
23908,684,7,40,1
23909,684,8,78,3
23910,684,9,63,4
23911,684,10,64,2
23912,684,11,64,3
23913,684,12,29,0
23914,684,13,25,1
23915,684,14,10,0
23916,684,15,20,1
23917,684,16,56,1
23918,684,17,48,2
23919,684,18,25,1
23920,684,19,23,1
23921,684,20,57,2
23922,684,21,32,0
23923,684,22,41,1
23924,684,23,23,0
23925,684,24,41,2
23926,684,25,51,0
23927,684,26,83,4
23928,684,27,37,1
23929,684,28,65,3
23930,684,29,17,0
23931,684,30,54,1
23932,684,31,26,0
23933,684,32,51,3
23934,684,33,27,1
23935,684,34,43,2
23936,684,35,55,1
23937,685,1,53,2
23938,685,2,23,0
23939,685,3,90,4
23940,685,4,21,1
23941,685,5,141,4
23942,685,6,30,2
23943,685,7,77,4
23944,685,8,54,2
23945,685,9,36,1
23946,685,10,51,3
23947,685,11,72,3
23948,685,12,73,3
23949,685,13,47,2
23950,685,14,37,0
23951,685,15,85,2
23952,685,16,39,1
23953,685,17,118,4
23954,685,18,79,5
23955,685,19,63,2
23956,685,20,69,2
23957,685,21,43,2
23958,685,22,46,2
23959,685,23,40,1
23960,685,24,65,3
23961,685,25,61,3
23962,685,26,39,2
23963,685,27,62,3
23964,685,28,46,2
23965,685,29,46,2
23966,685,30,36,0
23967,685,31,69,3
23968,685,32,63,1
23969,685,33,74,2
23970,685,34,30,0
23971,685,35,120,7
23972,686,1,51,0
23973,686,2,45,2
23974,686,3,71,3
23975,686,4,30,1
23976,686,5,78,0
23977,686,6,69,1
23978,686,7,26,1
23979,686,8,35,1
23980,686,9,39,1
23981,686,10,59,1
23982,686,11,26,1
23983,686,12,35,0
23984,686,13,36,1
23985,686,14,28,1
23986,686,15,20,0
23987,686,16,34,2
23988,686,17,23,0
23989,686,18,53,1
23990,686,19,22,0
23991,686,20,75,2
23992,686,21,83,5
23993,686,22,63,1
23994,686,23,29,2
23995,686,24,38,0
23996,686,25,49,3
23997,686,26,66,1
23998,686,27,86,4
23999,686,28,39,2
24000,686,29,34,0
24001,686,30,21,1
24002,686,31,20,0
24003,686,32,59,3
24004,686,33,48,2
24005,686,34,27,1
24006,686,35,46,3
24007,687,1,27,1
24008,687,2,10,0
24009,687,3,43,1
24010,687,4,40,2
24011,687,5,43,3
24012,687,6,31,1
24013,687,7,42,1
24014,687,8,48,2
24015,687,9,37,1
24016,687,10,24,1
24017,687,11,36,2
24018,687,12,60,0
24019,687,13,22,1
24020,687,14,30,0
24021,687,15,76,0
24022,687,16,68,0
24023,687,17,35,2
24024,687,18,25,0
24025,687,19,36,1
24026,687,20,14,1
24027,687,21,35,1
24028,687,22,30,1
24029,687,23,60,3
24030,687,24,53,2
24031,687,25,49,1
24032,687,26,46,3
24033,687,27,24,1
24034,687,28,41,0
24035,687,29,48,1
24036,687,30,24,1
24037,687,31,18,1
24038,687,32,38,2
24039,687,33,28,0
24040,687,34,15,1
24041,687,35,30,0
24042,688,1,44,2
24043,688,2,52,2
24044,688,3,46,2
24045,688,4,43,1
24046,688,5,16,0
24047,688,6,49,1
24048,688,7,28,1
24049,688,8,48,0
24050,688,9,39,2
24051,688,10,25,1
24052,688,11,48,2
24053,688,12,40,2
24054,688,13,64,2
24055,688,14,26,1
24056,688,15,24,0
24057,688,16,73,4
24058,688,17,67,2
24059,688,18,70,3
24060,688,19,66,3
24061,688,20,147,3
24062,688,21,24,1
24063,688,22,59,3
24064,688,23,48,1
24065,688,24,48,1
24066,688,25,24,0
24067,688,26,60,0
24068,688,27,51,3
24069,688,28,41,2
24070,688,29,71,4
24071,688,30,86,5
24072,688,31,30,1
24073,688,32,36,1
24074,688,33,23,0
24075,688,34,90,2
24076,688,35,46,1
24077,689,1,58,2
24078,689,2,14,0
24079,689,3,48,2
24080,689,4,72,4
24081,689,5,88,5
24082,689,6,77,4
24083,689,7,79,1
24084,689,8,59,3
24085,689,9,89,3
24086,689,10,104,6
24087,689,11,118,2
24088,689,12,36,1
24089,689,13,19,1
24090,689,14,58,0
24091,689,15,64,1
24092,689,16,74,0
24093,689,17,72,4
24094,689,18,55,2
24095,689,19,114,0
24096,689,20,77,3
24097,689,21,106,3
24098,689,22,144,3
24099,689,23,65,0
24100,689,24,50,1
24101,689,25,112,5
24102,689,26,74,4
24103,689,27,59,1
24104,689,28,73,4
24105,689,29,85,2
24106,689,30,44,2
24107,689,31,59,2
24108,689,32,67,3
24109,689,33,108,6
24110,689,34,96,5
24111,689,35,68,1
24112,690,1,50,1
24113,690,2,52,3
24114,690,3,101,5
24115,690,4,77,1
24116,690,5,46,1
24117,690,6,66,4
24118,690,7,36,2
24119,690,8,59,1
24120,690,9,76,4
24121,690,10,93,5
24122,690,11,31,0
24123,690,12,52,0
24124,690,13,42,2
24125,690,14,47,1
24126,690,15,61,2
24127,690,16,27,1
24128,690,17,63,3
24129,690,18,37,0
24130,690,19,67,0
24131,690,20,64,0
24132,690,21,26,1
24133,690,22,35,1
24134,690,23,54,1
24135,690,24,38,0
24136,690,25,44,1
24137,690,26,46,2
24138,690,27,51,1
24139,690,28,58,2
24140,690,29,33,2
24141,690,30,48,1
24142,690,31,35,1
24143,690,32,23,1
24144,690,33,42,1
24145,690,34,20,1
24146,690,35,15,0
24147,691,1,20,0
24148,691,2,36,1
24149,691,3,46,1
24150,691,4,64,1
24151,691,5,22,1
24152,691,6,21,1
24153,691,7,56,2
24154,691,8,45,2
24155,691,9,35,1
24156,691,10,63,2
24157,691,11,75,3
24158,691,12,38,2
24159,691,13,36,2
24160,691,14,29,0
24161,691,15,45,1
24162,691,16,30,1
24163,691,17,32,2
24164,691,18,59,0
24165,691,19,17,0
24166,691,20,48,3
24167,691,21,24,1
24168,691,22,51,0
24169,691,23,35,1
24170,691,24,64,3
24171,691,25,48,1
24172,691,26,42,2
24173,691,27,59,2
24174,691,28,29,2
24175,691,29,45,3
24176,691,30,70,3
24177,691,31,21,0
24178,691,32,33,1
24179,691,33,45,0
24180,691,34,85,0
24181,691,35,39,1
24182,692,1,82,5
24183,692,2,37,1
24184,692,3,27,1
24185,692,4,111,4
24186,692,5,90,5
24187,692,6,56,3
24188,692,7,20,0
24189,692,8,55,0
24190,692,9,32,2
24191,692,10,48,2
24192,692,11,92,3
24193,692,12,52,3
24194,692,13,48,2
24195,692,14,55,1
24196,692,15,45,2
24197,692,16,25,1
24198,692,17,55,0
24199,692,18,91,3
24200,692,19,99,1
24201,692,20,70,3
24202,692,21,98,2
24203,692,22,66,3
24204,692,23,76,3
24205,692,24,85,4
24206,692,25,18,0
24207,692,26,49,0
24208,692,27,100,0
24209,692,28,48,3
24210,692,29,76,1
24211,692,30,56,2
24212,692,31,69,3
24213,692,32,72,1
24214,692,33,80,0
24215,692,34,83,0
24216,692,35,81,1
24217,693,1,105,1
24218,693,2,55,1
24219,693,3,61,2
24220,693,4,41,2
24221,693,5,54,2
24222,693,6,135,6
24223,693,7,36,1
24224,693,8,48,1
24225,693,9,94,4
24226,693,10,90,3
24227,693,11,65,3
24228,693,12,52,1
24229,693,13,80,2
24230,693,14,96,0
24231,693,15,176,4
24232,693,16,33,1
24233,693,17,73,1
24234,693,18,51,1
24235,693,19,70,2
24236,693,20,26,1
24237,693,21,54,1
24238,693,22,58,2
24239,693,23,45,0
24240,693,24,51,2
24241,693,25,63,1
24242,693,26,66,4
24243,693,27,64,4
24244,693,28,102,4
24245,693,29,33,1
24246,693,30,78,1
24247,693,31,68,2
24248,693,32,88,2
24249,693,33,51,3
24250,693,34,87,4
24251,693,35,114,7
24252,694,1,38,2
24253,694,2,34,2
24254,694,3,26,1
24255,694,4,59,1
24256,694,5,40,2
24257,694,6,53,2
24258,694,7,71,3
24259,694,8,41,1
24260,694,9,74,0
24261,694,10,91,3
24262,694,11,54,2
24263,694,12,34,1
24264,694,13,100,6
24265,694,14,62,1
24266,694,15,60,2
24267,694,16,85,4
24268,694,17,40,1
24269,694,18,24,1
24270,694,19,32,0
24271,694,20,65,0
24272,694,21,75,1
24273,694,22,63,2
24274,694,23,51,2
24275,694,24,28,0
24276,694,25,48,1
24277,694,26,30,0
24278,694,27,70,2
24279,694,28,49,1
24280,694,29,35,2
24281,694,30,30,2
24282,694,31,95,5
24283,694,32,46,1
24284,694,33,48,1
24285,694,34,27,2
24286,694,35,9,0
24287,695,1,25,1
24288,695,2,12,0
24289,695,3,27,1
24290,695,4,77,4
24291,695,5,92,1
24292,695,6,84,1
24293,695,7,38,2
24294,695,8,43,2
24295,695,9,43,2
24296,695,10,49,1
24297,695,11,47,2
24298,695,12,34,1
24299,695,13,26,1
24300,695,14,34,1
24301,695,15,26,1
24302,695,16,55,0
24303,695,17,39,1
24304,695,18,34,1
24305,695,19,26,1
24306,695,20,25,1
24307,695,21,47,2
24308,695,22,88,1
24309,695,23,86,4
24310,695,24,49,0
24311,695,25,36,1
24312,695,26,42,2
24313,695,27,67,2
24314,695,28,32,2
24315,695,29,51,0
24316,695,30,27,1
24317,695,31,24,1
24318,695,32,11,0
24319,695,33,58,1
24320,695,34,31,0
24321,695,35,15,0
24322,696,1,81,4
24323,696,2,91,5
24324,696,3,35,0
24325,696,4,54,1
24326,696,5,52,1
24327,696,6,46,2
24328,696,7,73,2
24329,696,8,40,0
24330,696,9,56,1
24331,696,10,73,1
24332,696,11,100,5
24333,696,12,37,1
24334,696,13,41,2
24335,696,14,122,3
24336,696,15,92,5
24337,696,16,54,1
24338,696,17,57,2
24339,696,18,77,4
24340,696,19,46,2
24341,696,20,105,6
24342,696,21,57,2
24343,696,22,98,0
24344,696,23,46,2
24345,696,24,55,1
24346,696,25,12,0
24347,696,26,41,0
24348,696,27,56,0
24349,696,28,82,4
24350,696,29,102,4
24351,696,30,71,2
24352,696,31,46,0
24353,696,32,116,4
24354,696,33,24,0
24355,696,34,57,2
24356,696,35,73,4
24357,697,1,26,0
24358,697,2,29,1
24359,697,3,73,1
24360,697,4,24,0
24361,697,5,23,1
24362,697,6,15,0
24363,697,7,59,3
24364,697,8,31,1
24365,697,9,32,0
24366,697,10,63,3
24367,697,11,65,3
24368,697,12,16,1
24369,697,13,103,4
24370,697,14,46,0
24371,697,15,64,4
24372,697,16,63,3
24373,697,17,37,2
24374,697,18,50,1
24375,697,19,49,0
24376,697,20,54,3
24377,697,21,40,2
24378,697,22,47,1
24379,697,23,31,0
24380,697,24,29,2
24381,697,25,74,4
24382,697,26,37,1
24383,697,27,36,2
24384,697,28,24,1
24385,697,29,41,1
24386,697,30,54,1
24387,697,31,35,1
24388,697,32,43,1
24389,697,33,35,1
24390,697,34,29,1
24391,697,35,41,0
24392,698,1,21,0
24393,698,2,53,2
24394,698,3,45,1
24395,698,4,52,2
24396,698,5,11,0
24397,698,6,27,1
24398,698,7,26,1
24399,698,8,22,1
24400,698,9,12,0
24401,698,10,26,1
24402,698,11,26,1
24403,698,12,36,0
24404,698,13,21,1
24405,698,14,19,1
24406,698,15,33,1
24407,698,16,18,1
24408,698,17,29,2
24409,698,18,14,0
24410,698,19,16,1
24411,698,20,27,2
24412,698,21,44,2
24413,698,22,19,0
24414,698,23,29,1
24415,698,24,52,0
24416,698,25,23,1
24417,698,26,30,1
24418,698,27,42,1
24419,698,28,21,1
24420,698,29,20,0
24421,698,30,40,2
24422,698,31,52,3
24423,698,32,17,1
24424,698,33,29,0
24425,698,34,37,1
24426,698,35,27,1
24427,699,1,10,1
24428,699,2,23,1
24429,699,3,22,0
24430,699,4,7,0
24431,699,5,20,0
24432,699,6,31,1
24433,699,7,16,1
24434,699,8,36,1
24435,699,9,27,1
24436,699,10,19,0
24437,699,11,21,1
24438,699,12,17,1
24439,699,13,35,1
24440,699,14,28,0
24441,699,15,26,1
24442,699,16,11,0
24443,699,17,8,0
24444,699,18,26,0
24445,699,19,22,0
24446,699,20,21,0
24447,699,21,44,2
24448,699,22,13,0
24449,699,23,12,0
24450,699,24,17,0
24451,699,25,26,1
24452,699,26,26,0
24453,699,27,20,1
24454,699,28,11,0
24455,699,29,24,1
24456,699,30,23,1
24457,699,31,16,1
24458,699,32,13,0
24459,699,33,23,0
24460,699,34,7,0
24461,699,35,37,2
24462,700,1,34,1
24463,700,2,15,0
24464,700,3,36,0
24465,700,4,40,0
24466,700,5,32,1
24467,700,6,34,2
24468,700,7,14,1
24469,700,8,18,0
24470,700,9,30,1
24471,700,10,15,1
24472,700,11,71,2
24473,700,12,29,0
24474,700,13,32,0
24475,700,14,36,1
24476,700,15,41,0
24477,700,16,50,1
24478,700,17,19,0
24479,700,18,19,0
24480,700,19,43,3
24481,700,20,25,1
24482,700,21,18,0
24483,700,22,26,0
24484,700,23,30,1
24485,700,24,54,2
24486,700,25,95,0
24487,700,26,22,0
24488,700,27,34,0
24489,700,28,48,1
24490,700,29,42,3
24491,700,30,28,1
24492,700,31,12,0
24493,700,32,38,1
24494,700,33,33,1
24495,700,34,37,1
24496,700,35,31,1
24497,701,1,26,1
24498,701,2,30,0
24499,701,3,81,1
24500,701,4,40,2
24501,701,5,75,2
24502,701,6,20,1
24503,701,7,30,1
24504,701,8,26,0
24505,701,9,43,1
24506,701,10,78,5
24507,701,11,54,1
24508,701,12,18,1
24509,701,13,68,3
24510,701,14,43,2
24511,701,15,19,0
24512,701,16,44,1
24513,701,17,51,3
24514,701,18,49,2
24515,701,19,17,0
24516,701,20,52,3
24517,701,21,56,3
24518,701,22,36,1
24519,701,23,28,1
24520,701,24,33,1
24521,701,25,56,1
24522,701,26,32,2
24523,701,27,46,1
24524,701,28,27,1
24525,701,29,15,0
24526,701,30,50,1
24527,701,31,31,2
24528,701,32,34,2
24529,701,33,59,1
24530,701,34,43,1
24531,701,35,85,4
24532,702,1,34,0
24533,702,2,66,2
24534,702,3,19,0
24535,702,4,19,1
24536,702,5,34,1
24537,702,6,27,1
24538,702,7,13,0
24539,702,8,18,1
24540,702,9,16,1
24541,702,10,25,1
24542,702,11,53,2
24543,702,12,27,1
24544,702,13,38,2
24545,702,14,22,1
24546,702,15,35,2
24547,702,16,26,1
24548,702,17,39,2
24549,702,18,40,1
24550,702,19,30,1
24551,702,20,32,2
24552,702,21,53,2
24553,702,22,58,2
24554,702,23,9,1
24555,702,24,29,1
24556,702,25,48,0
24557,702,26,16,1
24558,702,27,12,0
24559,702,28,26,1
24560,702,29,42,2
24561,702,30,24,1
24562,702,31,24,1
24563,702,32,26,2
24564,702,33,27,1
24565,702,34,35,2
24566,702,35,29,2
24567,703,1,26,1
24568,703,2,23,1
24569,703,3,29,2
24570,703,4,37,2
24571,703,5,18,1
24572,703,6,20,1
24573,703,7,23,1
24574,703,8,18,1
24575,703,9,12,0
24576,703,10,13,1
24577,703,11,41,1
24578,703,12,20,0
24579,703,13,37,2
24580,703,14,13,0
24581,703,15,13,1
24582,703,16,21,1
24583,703,17,21,1
24584,703,18,8,0
24585,703,19,35,0
24586,703,20,17,1
24587,703,21,19,1
24588,703,22,16,1
24589,703,23,18,1
24590,703,24,13,0
24591,703,25,16,0
24592,703,26,32,1
24593,703,27,23,0
24594,703,28,21,1
24595,703,29,33,1
24596,703,30,5,0
24597,703,31,45,2
24598,703,32,26,0
24599,703,33,36,2
24600,703,34,23,1
24601,703,35,34,2
24602,704,1,49,1
24603,704,2,32,1
24604,704,3,16,0
24605,704,4,34,2
24606,704,5,11,0
24607,704,6,44,2
24608,704,7,61,1
24609,704,8,39,1
24610,704,9,64,1
24611,704,10,11,0
24612,704,11,24,1
24613,704,12,68,1
24614,704,13,38,0
24615,704,14,32,2
24616,704,15,28,1
24617,704,16,17,1
24618,704,17,16,1
24619,704,18,19,1
24620,704,19,61,3
24621,704,20,30,1
24622,704,21,34,1
24623,704,22,23,1
24624,704,23,45,2
24625,704,24,34,2
24626,704,25,20,0
24627,704,26,25,0
24628,704,27,14,0
24629,704,28,24,1
24630,704,29,11,0
24631,704,30,10,0
24632,704,31,24,0
24633,704,32,28,1
24634,704,33,21,1
24635,704,34,29,0
24636,704,35,31,2
24637,705,1,51,0
24638,705,2,28,1
24639,705,3,22,0
24640,705,4,29,1
24641,705,5,16,0
24642,705,6,51,1
24643,705,7,81,2
24644,705,8,59,3
24645,705,9,17,1
24646,705,10,63,2
24647,705,11,51,2
24648,705,12,58,3
24649,705,13,54,1
24650,705,14,42,1
24651,705,15,44,2
24652,705,16,61,0
24653,705,17,30,1
24654,705,18,39,2
24655,705,19,33,1
24656,705,20,32,1
24657,705,21,29,2
24658,705,22,33,1
24659,705,23,29,0
24660,705,24,54,2
24661,705,25,67,4
24662,705,26,34,2
24663,705,27,35,1
24664,705,28,29,0
24665,705,29,68,4
24666,705,30,57,3
24667,705,31,56,3
24668,705,32,66,2
24669,705,33,77,3
24670,705,34,18,0
24671,705,35,85,4
24672,706,1,23,0
24673,706,2,37,1
24674,706,3,14,1
24675,706,4,50,2
24676,706,5,32,0
24677,706,6,41,1
24678,706,7,88,2
24679,706,8,16,0
24680,706,9,18,1
24681,706,10,15,0
24682,706,11,26,1
24683,706,12,22,1
24684,706,13,26,1
24685,706,14,48,2
24686,706,15,17,0
24687,706,16,12,0
24688,706,17,45,2
24689,706,18,24,1
24690,706,19,29,0
24691,706,20,30,0
24692,706,21,31,0
24693,706,22,21,1
24694,706,23,5,0
24695,706,24,26,0
24696,706,25,60,1
24697,706,26,16,0
24698,706,27,35,1
24699,706,28,28,1
24700,706,29,37,2
24701,706,30,52,0
24702,706,31,34,1
24703,706,32,33,2
24704,706,33,24,1
24705,706,34,56,1
24706,706,35,42,2
24707,707,1,13,0
24708,707,2,22,1
24709,707,3,15,1
24710,707,4,64,2
24711,707,5,20,1
24712,707,6,21,1
24713,707,7,28,1
24714,707,8,40,1
24715,707,9,17,1
24716,707,10,25,0
24717,707,11,18,1
24718,707,12,25,1
24719,707,13,39,2
24720,707,14,29,2
24721,707,15,14,1
24722,707,16,17,0
24723,707,17,14,1
24724,707,18,26,0
24725,707,19,21,1
24726,707,20,75,0
24727,707,21,20,1
24728,707,22,11,0
24729,707,23,35,2
24730,707,24,40,2
24731,707,25,26,0
24732,707,26,32,1
24733,707,27,14,1
24734,707,28,44,2
24735,707,29,23,0
24736,707,30,31,1
24737,707,31,20,0
24738,707,32,27,1
24739,707,33,22,0
24740,707,34,29,1
24741,707,35,15,1
24742,708,1,27,2
24743,708,2,30,1
24744,708,3,25,0
24745,708,4,40,0
24746,708,5,63,1
24747,708,6,71,3
24748,708,7,22,1
24749,708,8,51,1
24750,708,9,100,5
24751,708,10,51,2
24752,708,11,48,2
24753,708,12,24,0
24754,708,13,23,0
24755,708,14,24,1
24756,708,15,15,1
24757,708,16,51,2
24758,708,17,49,1
24759,708,18,27,1
24760,708,19,52,0
24761,708,20,32,1
24762,708,21,40,1
24763,708,22,11,0
24764,708,23,43,2
24765,708,24,39,1
24766,708,25,19,0
24767,708,26,17,0
24768,708,27,24,1
24769,708,28,18,1
24770,708,29,39,1
24771,708,30,19,0
24772,708,31,48,0
24773,708,32,22,1
24774,708,33,16,1
24775,708,34,73,0
24776,708,35,37,1
24777,709,1,48,0
24778,709,2,41,1
24779,709,3,56,2
24780,709,4,33,1
24781,709,5,71,1
24782,709,6,33,1
24783,709,7,23,1
24784,709,8,26,0
24785,709,9,34,1
24786,709,10,46,2
24787,709,11,56,3
24788,709,12,44,1
24789,709,13,27,1
24790,709,14,28,2
24791,709,15,58,2
24792,709,16,21,1
24793,709,17,47,1
24794,709,18,35,1
24795,709,19,45,1
24796,709,20,102,3
24797,709,21,25,1
24798,709,22,30,2
24799,709,23,29,0
24800,709,24,50,1
24801,709,25,99,6
24802,709,26,59,2
24803,709,27,59,3
24804,709,28,89,4
24805,709,29,44,1
24806,709,30,23,1
24807,709,31,40,2
24808,709,32,34,1
24809,709,33,45,2
24810,709,34,62,2
24811,709,35,56,2
24812,710,1,18,0
24813,710,2,82,2
24814,710,3,26,0
24815,710,4,52,2
24816,710,5,66,3
24817,710,6,54,3
24818,710,7,25,1
24819,710,8,30,1
24820,710,9,45,1
24821,710,10,27,1
24822,710,11,44,3
24823,710,12,31,0
24824,710,13,44,1
24825,710,14,22,0
24826,710,15,83,2
24827,710,16,60,3
24828,710,17,39,1
24829,710,18,48,2
24830,710,19,26,1
24831,710,20,27,0
24832,710,21,34,1
24833,710,22,32,1
24834,710,23,46,1
24835,710,24,29,1
24836,710,25,35,0
24837,710,26,74,1
24838,710,27,17,0
24839,710,28,40,2
24840,710,29,50,2
24841,710,30,33,1
24842,710,31,34,2
24843,710,32,22,1
24844,710,33,26,1
24845,710,34,41,2
24846,710,35,94,5
24847,711,1,30,1
24848,711,2,7,0
24849,711,3,7,0
24850,711,4,18,1
24851,711,5,63,4
24852,711,6,32,2
24853,711,7,37,1
24854,711,8,21,1
24855,711,9,22,1
24856,711,10,61,1
24857,711,11,14,0
24858,711,12,42,1
24859,711,13,21,1
24860,711,14,30,1
24861,711,15,25,1
24862,711,16,8,0
24863,711,17,40,1
24864,711,18,18,0
24865,711,19,43,1
24866,711,20,18,1
24867,711,21,31,1
24868,711,22,38,0
24869,711,23,15,0
24870,711,24,18,1
24871,711,25,45,1
24872,711,26,47,1
24873,711,27,16,0
24874,711,28,20,1
24875,711,29,22,1
24876,711,30,35,2
24877,711,31,34,2
24878,711,32,18,1
24879,711,33,12,0
24880,711,34,45,1
24881,711,35,41,2
24882,712,1,115,6
24883,712,2,56,2
24884,712,3,25,0
24885,712,4,63,2
24886,712,5,55,2
24887,712,6,61,0
24888,712,7,41,1
24889,712,8,38,2
24890,712,9,28,0
24891,712,10,56,2
24892,712,11,53,0
24893,712,12,33,1
24894,712,13,33,2
24895,712,14,22,1
24896,712,15,43,1
24897,712,16,70,1
24898,712,17,57,3
24899,712,18,43,1
24900,712,19,23,1
24901,712,20,19,1
24902,712,21,31,2
24903,712,22,56,1
24904,712,23,38,1
24905,712,24,49,2
24906,712,25,39,0
24907,712,26,29,1
24908,712,27,42,1
24909,712,28,44,2
24910,712,29,56,3
24911,712,30,30,1
24912,712,31,43,0
24913,712,32,48,3
24914,712,33,32,1
24915,712,34,35,0
24916,712,35,22,1
24917,713,1,42,0
24918,713,2,52,3
24919,713,3,111,1
24920,713,4,48,1
24921,713,5,90,2
24922,713,6,88,4
24923,713,7,53,1
24924,713,8,88,1
24925,713,9,81,3
24926,713,10,110,5
24927,713,11,57,1
24928,713,12,39,1
24929,713,13,82,2
24930,713,14,79,4
24931,713,15,50,2
24932,713,16,92,2
24933,713,17,65,3
24934,713,18,62,2
24935,713,19,30,1
24936,713,20,75,2
24937,713,21,54,2
24938,713,22,25,1
24939,713,23,59,1
24940,713,24,113,4
24941,713,25,56,3
24942,713,26,36,1
24943,713,27,53,3
24944,713,28,33,2
24945,713,29,43,2
24946,713,30,94,0
24947,713,31,100,4
24948,713,32,94,0
24949,713,33,56,2
24950,713,34,29,1
24951,713,35,59,3
24952,714,1,27,1
24953,714,2,83,3
24954,714,3,51,2
24955,714,4,66,1
24956,714,5,72,3
24957,714,6,38,1
24958,714,7,30,1
24959,714,8,57,3
24960,714,9,22,0
24961,714,10,31,1
24962,714,11,36,2
24963,714,12,58,3
24964,714,13,37,2
24965,714,14,59,2
24966,714,15,28,1
24967,714,16,30,0
24968,714,17,79,4
24969,714,18,50,1
24970,714,19,44,0
24971,714,20,39,0
24972,714,21,56,1
24973,714,22,26,0
24974,714,23,58,3
24975,714,24,27,1
24976,714,25,38,2
24977,714,26,26,1
24978,714,27,44,2
24979,714,28,69,3
24980,714,29,89,5
24981,714,30,46,1
24982,714,31,64,1
24983,714,32,82,1
24984,714,33,26,0
24985,714,34,63,0
24986,714,35,16,1
24987,715,1,34,0
24988,715,3,41,1
24989,715,4,49,2
24990,715,5,56,1
24991,715,6,34,1
24992,715,7,41,1
24993,715,8,73,1
24994,715,9,50,3
24995,715,10,27,1
24996,715,11,27,1
24997,715,12,3,0
24998,715,13,21,0
24999,715,14,22,1
25000,715,15,48,2
25001,715,16,49,0
25002,715,17,32,1
25003,715,18,24,1
25004,715,19,56,2
25005,715,20,42,2
25006,715,21,27,2
25007,715,22,31,0
25008,715,23,23,1
25009,715,24,43,0
25010,715,25,45,2
25011,715,26,21,0
25012,715,27,79,3
25013,715,28,32,2
25014,715,29,45,0
25015,715,30,15,0
25016,715,31,111,6
25017,715,32,21,1
25018,715,33,41,2
25019,715,34,28,1
25020,715,35,22,1
25021,716,1,41,1
25022,716,2,61,1
25023,716,3,43,1
25024,716,4,47,2
25025,716,5,55,1
25026,716,6,27,1
25027,716,7,16,0
25028,716,8,58,3
25029,716,9,28,1
25030,716,10,96,6
25031,716,11,44,0
25032,716,12,49,2
25033,716,13,40,1
25034,716,14,48,2
25035,716,15,57,3
25036,716,16,57,3
25037,716,17,44,0
25038,716,18,31,2
25039,716,19,77,0
25040,716,20,42,1
25041,716,21,115,5
25042,716,22,67,0
25043,716,23,40,2
25044,716,24,104,5
25045,716,25,75,2
25046,716,26,88,4
25047,716,27,37,0
25048,716,28,81,0
25049,716,29,57,2
25050,716,30,35,1
25051,716,31,43,0
25052,716,32,93,4
25053,716,33,39,2
25054,716,34,39,0
25055,716,35,53,1
25056,717,1,91,0
25057,717,2,71,2
25058,717,3,125,3
25059,717,4,122,4
25060,717,5,55,1
25061,717,6,129,8
25062,717,7,177,8
25063,717,8,88,5
25064,717,9,51,2
25065,717,10,192,7
25066,717,11,200,9
25067,717,12,64,2
25068,717,13,88,4
25069,717,14,62,0
25070,717,15,76,3
25071,717,16,126,0
25072,717,17,69,3
25073,717,18,45,2
25074,717,19,97,3
25075,717,20,37,2
25076,717,21,87,4
25077,717,22,45,1
25078,717,23,96,0
25079,717,24,55,2
25080,717,25,62,4
25081,717,26,26,1
25082,717,27,132,7
25083,717,28,105,5
25084,717,29,97,3
25085,717,30,25,0
25086,717,31,56,2
25087,717,32,72,0
25088,717,33,138,5
25089,717,34,86,3
25090,717,35,106,4
25091,718,1,93,0
25092,718,2,32,2
25093,718,3,51,3
25094,718,4,46,1
25095,718,5,117,3
25096,718,6,50,3
25097,718,7,36,1
25098,718,8,69,2
25099,718,9,60,1
25100,718,10,15,0
25101,718,11,47,2
25102,718,12,59,2
25103,718,13,133,4
25104,718,14,63,1
25105,718,15,92,4
25106,718,16,75,0
25107,718,17,79,1
25108,718,18,92,5
25109,718,19,50,0
25110,718,20,22,0
25111,718,21,92,2
25112,718,22,74,3
25113,718,23,21,1
25114,718,24,56,3
25115,718,25,70,3
25116,718,26,51,3
25117,718,27,26,2
25118,718,28,68,0
25119,718,29,44,2
25120,718,30,49,2
25121,718,31,86,2
25122,718,32,59,3
25123,718,33,26,1
25124,718,34,29,1
25125,718,35,42,1
25126,719,1,72,1
25127,719,2,33,1
25128,719,3,29,1
25129,719,4,26,1
25130,719,5,68,2
25131,719,6,60,1
25132,719,7,138,4
25133,719,8,50,2
25134,719,9,82,4
25135,719,10,85,1
25136,719,11,33,2
25137,719,12,48,1
25138,719,13,53,1
25139,719,14,74,2
25140,719,15,23,1
25141,719,16,57,3
25142,719,17,48,2
25143,719,18,34,1
25144,719,19,69,4
25145,719,20,32,0
25146,719,21,31,1
25147,719,22,43,0
25148,719,23,36,1
25149,719,24,16,1
25150,719,25,33,2
25151,719,26,62,1
25152,719,27,73,4
25153,719,28,31,1
25154,719,29,38,1
25155,719,30,44,1
25156,719,31,22,1
25157,719,32,44,2
25158,719,33,28,0
25159,719,34,87,3
25160,719,35,75,4
25161,720,1,62,3
25162,720,2,45,2
25163,720,3,39,1
25164,720,4,72,1
25165,720,5,39,1
25166,720,6,55,2
25167,720,7,130,2
25168,720,8,68,2
25169,720,9,50,1
25170,720,10,61,3
25171,720,11,89,5
25172,720,12,69,4
25173,720,13,78,0
25174,720,14,39,2
25175,720,15,62,0
25176,720,16,70,1
25177,720,17,59,0
25178,720,18,43,2
25179,720,19,42,0
25180,720,20,37,2
25181,720,21,87,4
25182,720,22,52,2
25183,720,23,45,1
25184,720,24,37,1
25185,720,25,45,0
25186,720,26,83,2
25187,720,27,24,1
25188,720,28,39,1
25189,720,29,20,1
25190,720,30,54,2
25191,720,31,21,1
25192,720,32,66,2
25193,720,33,29,0
25194,720,34,42,0
25195,720,35,50,3
25196,721,1,86,4
25197,721,2,175,1
25198,721,3,18,1
25199,721,4,145,4
25200,721,5,73,2
25201,721,6,23,1
25202,721,7,51,2
25203,721,8,99,4
25204,721,9,68,1
25205,721,10,48,2
25206,721,11,78,3
25207,721,12,102,5
25208,721,13,43,2
25209,721,14,37,0
25210,721,15,61,1
25211,721,16,62,2
25212,721,17,94,3
25213,721,18,46,1
25214,721,19,92,0
25215,721,20,184,6
25216,721,21,94,1
25217,721,22,50,2
25218,721,23,49,0
25219,721,24,68,1
25220,721,25,85,3
25221,721,26,81,2
25222,721,27,77,2
25223,721,28,138,6
25224,721,29,104,3
25225,721,30,50,1
25226,721,31,60,1
25227,721,32,55,0
25228,721,33,109,3
25229,721,34,51,2
25230,721,35,56,3
25231,722,1,47,2
25232,722,2,69,2
25233,722,3,20,1
25234,722,4,63,4
25235,722,5,17,0
25236,722,6,58,3
25237,722,7,36,1
25238,722,8,40,1
25239,722,9,89,4
25240,722,10,41,2
25241,722,11,23,1
25242,722,12,50,1
25243,722,13,50,2
25244,722,14,28,1
25245,722,15,20,1
25246,722,16,17,0
25247,722,17,48,3
25248,722,18,11,1
25249,722,19,12,1
25250,722,20,36,0
25251,722,21,41,1
25252,722,22,80,5
25253,722,23,51,2
25254,722,24,37,1
25255,722,25,63,1
25256,722,26,38,0
25257,722,27,37,2
25258,722,28,41,0
25259,722,29,16,0
25260,722,30,117,0
25261,722,31,32,1
25262,722,32,83,4
25263,722,33,36,2
25264,722,34,21,1
25265,722,35,84,5
25266,723,1,45,2
25267,723,2,59,2
25268,723,3,33,1
25269,723,4,51,2
25270,723,5,59,1
25271,723,6,53,1
25272,723,7,39,1
25273,723,8,39,0
25274,723,9,50,1
25275,723,10,38,1
25276,723,11,31,1
25277,723,12,30,2
25278,723,13,24,0
25279,723,14,34,0
25280,723,15,21,1
25281,723,16,36,0
25282,723,17,48,1
25283,723,18,51,0
25284,723,19,95,3
25285,723,20,32,1
25286,723,21,44,1
25287,723,22,30,0
25288,723,23,41,1
25289,723,24,57,3
25290,723,25,22,1
25291,723,26,98,3
25292,723,27,52,1
25293,723,28,38,2
25294,723,29,65,0
25295,723,30,48,2
25296,723,31,53,1
25297,723,32,20,1
25298,723,33,64,0
25299,723,34,34,0
25300,723,35,23,1
25301,724,1,104,5
25302,724,2,22,1
25303,724,3,49,3
25304,724,4,31,2
25305,724,5,27,1
25306,724,6,49,2
25307,724,7,48,2
25308,724,8,24,0
25309,724,9,128,4
25310,724,10,93,2
25311,724,11,51,2
25312,724,12,31,1
25313,724,13,52,3
25314,724,14,52,3
25315,724,15,41,0
25316,724,16,36,1
25317,724,17,73,0
25318,724,18,82,1
25319,724,19,60,0
25320,724,20,107,4
25321,724,21,40,1
25322,724,22,35,0
25323,724,23,47,2
25324,724,24,57,1
25325,724,25,37,0
25326,724,26,40,1
25327,724,27,51,1
25328,724,28,116,6
25329,724,29,29,1
25330,724,30,39,2
25331,724,31,100,5
25332,724,32,88,4
25333,724,33,74,1
25334,724,34,28,0
25335,724,35,36,1
25336,725,1,30,1
25337,725,2,18,0
25338,725,3,48,3
25339,725,4,53,2
25340,725,5,22,1
25341,725,6,41,1
25342,725,7,33,1
25343,725,8,37,1
25344,725,9,44,1
25345,725,10,74,4
25346,725,11,75,4
25347,725,12,23,0
25348,725,13,40,2
25349,725,14,30,1
25350,725,15,40,2
25351,725,16,22,1
25352,725,17,26,1
25353,725,18,17,1
25354,725,19,37,0
25355,725,20,22,0
25356,725,21,30,1
25357,725,22,66,2
25358,725,23,32,2
25359,725,24,51,1
25360,725,25,25,1
25361,725,26,74,4
25362,725,27,45,1
25363,725,28,25,1
25364,725,29,49,2
25365,725,30,27,2
25366,725,31,21,1
25367,725,32,33,0
25368,725,33,25,1
25369,725,34,40,1
25370,725,35,27,1
25371,726,1,19,1
25372,726,2,38,2
25373,726,3,33,2
25374,726,4,31,1
25375,726,5,22,1
25376,726,6,13,1
25377,726,7,17,0
25378,726,8,28,1
25379,726,9,12,0
25380,726,10,30,1
25381,726,11,18,1
25382,726,12,17,1
25383,726,13,27,0
25384,726,14,18,0
25385,726,15,21,0
25386,726,16,20,0
25387,726,17,44,1
25388,726,18,51,2
25389,726,19,5,0
25390,726,20,21,0
25391,726,21,41,2
25392,726,22,28,0
25393,726,23,29,1
25394,726,24,39,2
25395,726,25,26,1
25396,726,26,21,0
25397,726,27,32,1
25398,726,28,14,0
25399,726,29,38,2
25400,726,30,8,0
25401,726,31,58,3
25402,726,32,27,2
25403,726,33,20,1
25404,726,34,16,0
25405,726,35,10,0
25406,727,1,54,2
25407,727,2,31,0
25408,727,3,26,1
25409,727,4,24,1
25410,727,5,14,1
25411,727,6,29,0
25412,727,7,28,1
25413,727,8,19,0
25414,727,9,24,0
25415,727,10,47,2
25416,727,11,18,0
25417,727,12,20,1
25418,727,13,33,1
25419,727,14,24,1
25420,727,15,14,1
25421,727,16,24,1
25422,727,17,23,1
25423,727,18,19,0
25424,727,19,38,1
25425,727,20,20,1
25426,727,21,14,0
25427,727,22,15,0
25428,727,23,40,2
25429,727,24,41,2
25430,727,25,21,1
25431,727,26,19,1
25432,727,27,12,0
25433,727,28,34,1
25434,727,29,11,1
25435,727,30,26,1
25436,727,31,16,0
25437,727,32,31,1
25438,727,33,21,1
25439,727,34,33,1
25440,727,35,16,0
25441,728,1,37,2
25442,728,2,34,1
25443,728,3,19,0
25444,728,4,30,2
25445,728,5,36,1
25446,728,6,27,1
25447,728,7,44,1
25448,728,8,15,1
25449,728,9,22,1
25450,728,10,14,1
25451,728,11,20,0
25452,728,12,9,0
25453,728,13,38,2
25454,728,14,53,3
25455,728,15,19,0
25456,728,16,14,1
25457,728,17,20,0
25458,728,18,77,1
25459,728,19,24,1
25460,728,20,53,3
25461,728,21,17,1
25462,728,22,11,0
25463,728,23,39,1
25464,728,24,40,1
25465,728,25,38,0
25466,728,26,32,2
25467,728,27,38,0
25468,728,28,20,1
25469,728,29,32,0
25470,728,30,29,0
25471,728,31,18,1
25472,728,32,24,1
25473,728,33,38,1
25474,728,34,29,0
25475,728,35,38,2
25476,729,1,36,2
25477,729,2,40,0
25478,729,3,22,1
25479,729,4,17,1
25480,729,5,38,1
25481,729,6,49,1
25482,729,7,35,1
25483,729,8,55,1
25484,729,9,30,1
25485,729,10,73,4
25486,729,11,34,1
25487,729,12,36,2
25488,729,13,41,1
25489,729,14,40,0
25490,729,15,55,3
25491,729,16,41,1
25492,729,17,29,2
25493,729,18,28,1
25494,729,19,31,0
25495,729,20,54,3
25496,729,21,45,1
25497,729,22,40,1
25498,729,23,25,0
25499,729,24,58,2
25500,729,25,48,2
25501,729,26,23,0
25502,729,27,42,0
25503,729,28,48,1
25504,729,29,44,1
25505,729,30,26,1
25506,729,31,56,2
25507,729,32,34,0
25508,729,33,42,2
25509,729,34,29,1
25510,729,35,18,0
25511,730,1,19,1
25512,730,2,24,1
25513,730,3,18,1
25514,730,4,26,1
25515,730,5,20,1
25516,730,6,30,1
25517,730,7,32,1
25518,730,8,25,0
25519,730,9,14,1
25520,730,10,29,1
25521,730,11,29,1
25522,730,12,38,1
25523,730,13,34,1
25524,730,14,43,1
25525,730,15,43,1
25526,730,16,23,0
25527,730,17,13,0
25528,730,18,16,1
25529,730,19,44,2
25530,730,20,22,1
25531,730,21,30,1
25532,730,22,22,1
25533,730,23,14,1
25534,730,24,36,1
25535,730,25,27,1
25536,730,26,40,1
25537,730,27,33,1
25538,730,28,26,1
25539,730,29,20,1
25540,730,30,39,0
25541,730,31,50,3
25542,730,32,16,1
25543,730,33,34,1
25544,730,34,40,2
25545,730,35,34,2
25546,731,1,12,1
25547,731,2,13,0
25548,731,3,40,2
25549,731,4,14,1
25550,731,5,32,1
25551,731,6,28,1
25552,731,7,24,1
25553,731,8,30,0
25554,731,9,17,0
25555,731,10,33,1
25556,731,11,9,0
25557,731,12,16,1
25558,731,13,38,2
25559,731,14,18,1
25560,731,15,19,0
25561,731,16,9,0
25562,731,17,8,0
25563,731,18,11,0
25564,731,19,8,0
25565,731,20,28,1
25566,731,21,17,1
25567,731,22,17,0
25568,731,23,17,0
25569,731,24,18,1
25570,731,25,29,1
25571,731,26,35,1
25572,731,27,21,1
25573,731,28,7,0
25574,731,29,28,0
25575,731,30,12,0
25576,731,31,37,0
25577,731,32,19,1
25578,731,33,20,1
25579,731,34,29,1
25580,731,35,30,1
25581,732,1,29,1
25582,732,2,14,0
25583,732,3,47,0
25584,732,4,35,2
25585,732,5,22,1
25586,732,6,24,0
25587,732,7,75,3
25588,732,8,28,1
25589,732,9,26,1
25590,732,10,13,1
25591,732,11,25,1
25592,732,12,28,1
25593,732,13,30,0
25594,732,14,29,1
25595,732,15,19,0
25596,732,16,16,1
25597,732,17,19,1
25598,732,18,46,1
25599,732,19,35,2
25600,732,20,23,1
25601,732,21,63,1
25602,732,22,54,3
25603,732,23,79,4
25604,732,24,35,1
25605,732,25,24,0
25606,732,26,22,1
25607,732,27,32,0
25608,732,28,32,2
25609,732,29,30,1
25610,732,30,55,3
25611,732,31,22,1
25612,732,32,20,1
25613,732,33,35,0
25614,732,34,17,1
25615,732,35,71,2
25616,733,1,69,2
25617,733,2,92,4
25618,733,3,39,1
25619,733,4,100,4
25620,733,5,151,8
25621,733,6,183,3
25622,733,7,141,6
25623,733,8,152,8
25624,733,9,56,1
25625,733,10,147,4
25626,733,11,68,3
25627,733,12,162,10
25628,733,13,155,3
25629,733,14,79,1
25630,733,15,91,2
25631,733,16,95,1
25632,733,17,55,1
25633,733,18,230,12
25634,733,19,68,0
25635,733,20,90,5
25636,733,21,126,1
25637,733,22,114,2
25638,733,23,54,1
25639,733,24,84,3
25640,733,25,89,4
25641,733,26,193,9
25642,733,27,54,0
25643,733,28,104,5
25644,733,29,59,3
25645,733,30,91,4
25646,733,31,64,1
25647,733,32,74,0
25648,733,33,83,3
25649,733,34,47,3
25650,733,35,54,3
25651,734,1,77,2
25652,734,2,125,1
25653,734,3,98,5
25654,734,4,31,1
25655,734,5,61,1
25656,734,6,7,0
25657,734,7,52,3
25658,734,8,92,3
25659,734,9,53,1
25660,734,10,71,1
25661,734,11,55,1
25662,734,12,104,5
25663,734,13,53,2
25664,734,14,104,3
25665,734,15,101,3
25666,734,16,37,1
25667,734,17,44,3
25668,734,18,104,5
25669,734,19,103,3
25670,734,20,52,1
25671,734,21,38,1
25672,734,22,128,2
25673,734,23,141,5
25674,734,24,62,3
25675,734,25,43,2
25676,734,26,84,4
25677,734,27,144,4
25678,734,28,130,4
25679,734,29,99,0
25680,734,30,118,2
25681,734,31,24,1
25682,734,32,116,2
25683,734,33,122,4
25684,734,34,72,0
25685,734,35,84,3
25686,735,1,60,2
25687,735,2,43,1
25688,735,3,41,1
25689,735,4,49,3
25690,735,5,50,3
25691,735,6,137,2
25692,735,7,56,2
25693,735,8,50,0
25694,735,9,78,3
25695,735,10,104,4
25696,735,11,114,3
25697,735,12,30,1
25698,735,13,80,3
25699,735,14,39,2
25700,735,15,64,2
25701,735,16,65,0
25702,735,17,93,4
25703,735,18,45,1
25704,735,19,72,2
25705,735,20,135,2
25706,735,21,59,3
25707,735,22,83,0
25708,735,23,52,2
25709,735,24,103,0
25710,735,25,121,3
25711,735,26,27,1
25712,735,27,86,4
25713,735,28,80,3
25714,735,29,89,0
25715,735,30,94,6
25716,735,31,143,5
25717,735,32,46,2
25718,735,33,12,0
25719,735,34,49,2
25720,735,35,146,4
25721,736,1,70,4
25722,736,2,111,4
25723,736,3,46,3
25724,736,4,170,0
25725,736,5,60,2
25726,736,6,120,6
25727,736,7,45,1
25728,736,8,99,4
25729,736,9,52,1
25730,736,10,94,3
25731,736,11,56,3
25732,736,12,91,1
25733,736,13,93,4
25734,736,14,142,8
25735,736,15,46,0
25736,736,16,68,3
25737,736,17,52,1
25738,736,18,45,1
25739,736,19,93,3
25740,736,20,144,4
25741,736,21,89,3
25742,736,22,84,0
25743,736,23,52,3
25744,736,24,70,4
25745,736,25,99,0
25746,736,26,95,4
25747,736,27,91,1
25748,736,28,104,0
25749,736,29,120,2
25750,736,30,134,7
25751,736,31,39,2
25752,736,32,241,9
25753,736,33,60,2
25754,736,34,65,2
25755,736,35,106,5
25756,737,1,81,5
25757,737,2,248,0
25758,737,3,153,5
25759,737,4,133,3
25760,737,5,138,0
25761,737,6,76,4
25762,737,7,146,3
25763,737,8,145,5
25764,737,9,128,2
25765,737,10,90,5
25766,737,11,151,4
25767,737,12,82,2
25768,737,13,207,11
25769,737,14,97,2
25770,737,15,110,3
25771,737,16,118,2
25772,737,17,203,4
25773,737,18,130,7
25774,737,19,46,2
25775,737,20,115,3
25776,737,21,155,3
25777,737,22,220,6
25778,737,23,99,5
25779,737,24,44,2
25780,737,25,58,1
25781,737,26,166,8
25782,737,27,34,1
25783,737,28,175,7
25784,737,29,228,8
25785,737,30,180,8
25786,737,31,45,2
25787,737,32,122,0
25788,737,33,168,4
25789,737,34,176,4
25790,737,35,197,10
25791,738,1,82,4
25792,738,2,44,2
25793,738,3,92,2
25794,738,4,90,5
25795,738,5,40,1
25796,738,6,49,2
25797,738,7,74,1
25798,738,8,114,4
25799,738,9,127,5
25800,738,10,77,2
25801,738,11,146,3
25802,738,12,123,1
25803,738,13,157,6
25804,738,14,70,3
25805,738,15,99,6
25806,738,16,70,4
25807,738,17,65,1
25808,738,18,111,5
25809,738,19,173,6
25810,738,20,46,1
25811,738,21,85,3
25812,738,22,74,4
25813,738,23,107,5
25814,738,24,101,4
25815,738,25,114,5
25816,738,26,106,4
25817,738,27,138,6
25818,738,28,37,2
25819,738,29,89,3
25820,738,30,121,0
25821,738,31,83,4
25822,738,32,129,7
25823,738,33,94,2
25824,738,34,108,0
25825,738,35,85,2
25826,739,1,72,4
25827,739,2,61,2
25828,739,3,25,1
25829,739,4,130,7
25830,739,5,81,3
25831,739,6,43,0
25832,739,7,39,2
25833,739,8,74,0
25834,739,9,60,3
25835,739,10,84,5
25836,739,11,44,2
25837,739,12,88,5
25838,739,13,32,1
25839,739,14,101,5
25840,739,15,66,3
25841,739,16,86,0
25842,739,17,85,1
25843,739,18,64,2
25844,739,19,112,4
25845,739,20,69,0
25846,739,21,95,3
25847,739,22,28,0
25848,739,23,75,3
25849,739,24,36,0
25850,739,25,120,0
25851,739,26,117,4
25852,739,27,52,0
25853,739,28,67,1
25854,739,29,42,3
25855,739,30,89,5
25856,739,31,87,3
25857,739,32,104,2
25858,739,33,55,1
25859,739,34,87,1
25860,739,35,42,1
25861,740,1,73,2
25862,740,2,39,1
25863,740,3,82,4
25864,740,4,70,2
25865,740,5,69,3
25866,740,6,142,8
25867,740,7,55,3
25868,740,8,57,2
25869,740,9,47,0
25870,740,10,136,4
25871,740,11,138,0
25872,740,12,127,6
25873,740,13,159,5
25874,740,14,162,8
25875,740,15,60,0
25876,740,16,41,1
25877,740,17,139,3
25878,740,18,167,6
25879,740,19,162,0
25880,740,20,93,3
25881,740,21,153,7
25882,740,22,38,1
25883,740,23,107,4
25884,740,24,94,3
25885,740,25,84,4
25886,740,26,104,6
25887,740,27,123,0
25888,740,28,119,0
25889,740,29,138,2
25890,740,30,139,5
25891,740,31,135,7
25892,740,32,70,1
25893,740,33,122,6
25894,740,34,117,4
25895,740,35,71,1
25896,741,1,208,12
25897,741,2,86,0
25898,741,3,61,1
25899,741,4,332,0
25900,741,5,110,0
25901,741,6,198,12
25902,741,7,142,4
25903,741,8,122,0
25904,741,9,254,9
25905,741,10,55,3
25906,741,11,161,7
25907,741,12,147,8
25908,741,13,136,0
25909,741,14,93,2
25910,741,15,206,8
25911,741,16,236,7
25912,741,17,80,5
25913,741,18,164,7
25914,741,19,117,2
25915,741,20,234,6
25916,741,21,73,4
25917,741,22,144,5
25918,741,23,267,11
25919,741,24,198,2
25920,741,25,182,9
25921,741,26,60,1
25922,741,27,227,2
25923,741,28,115,5
25924,741,29,87,3
25925,741,30,227,0
25926,741,31,164,4
25927,741,32,153,0
25928,741,33,248,0
25929,741,34,185,8
25930,741,35,133,8
25931,742,1,131,0
25932,742,2,154,0
25933,742,3,131,2
25934,742,4,103,1
25935,742,5,180,0
25936,742,6,106,4
25937,742,7,87,1
25938,742,8,167,3
25939,742,9,62,2
25940,742,10,51,2
25941,742,11,81,3
25942,742,12,139,2
25943,742,13,61,3
25944,742,14,204,11
25945,742,15,99,5
25946,742,16,126,2
25947,742,17,112,0
25948,742,18,68,1
25949,742,19,104,0
25950,742,20,126,0
25951,742,21,188,10
25952,742,22,55,1
25953,742,23,40,2
25954,742,24,90,0
25955,742,25,217,13
25956,742,26,134,5
25957,742,27,126,6
25958,742,28,216,0
25959,742,29,85,1
25960,742,30,135,1
25961,742,31,138,8
25962,742,32,34,0
25963,742,33,132,6
25964,742,34,152,7
25965,742,35,172,0
25966,743,1,67,4
25967,743,2,65,2
25968,743,3,58,3
25969,743,4,68,2
25970,743,5,116,0
25971,743,6,34,2
25972,743,7,113,4
25973,743,8,59,0
25974,743,9,76,4
25975,743,10,120,7
25976,743,11,102,2
25977,743,12,103,0
25978,743,13,128,7
25979,743,14,77,1
25980,743,15,75,4
25981,743,16,49,3
25982,743,17,72,2
25983,743,18,75,2
25984,743,19,79,4
25985,743,20,84,0
25986,743,21,127,7
25987,743,22,58,0
25988,743,23,76,3
25989,743,24,53,0
25990,743,25,73,4
25991,743,26,43,1
25992,743,27,68,3
25993,743,28,79,1
25994,743,29,43,0
25995,743,30,106,1
25996,743,31,38,2
25997,743,32,81,3
25998,743,33,117,0
25999,743,34,148,8
26000,743,35,72,0
26001,744,1,91,1
26002,744,2,212,7
26003,744,3,197,10
26004,744,4,160,0
26005,744,5,128,2
26006,744,6,45,1
26007,744,7,80,2
26008,744,8,93,5
26009,744,9,196,7
26010,744,10,179,9
26011,744,11,125,0
26012,744,12,216,0
26013,744,13,84,3
26014,744,14,128,0
26015,744,15,92,0
26016,744,16,95,2
26017,744,17,178,10
26018,744,18,140,5
26019,744,19,134,0
26020,744,20,114,6
26021,744,21,65,3
26022,744,22,152,8
26023,744,23,78,3
26024,744,24,70,2
26025,744,25,183,0
26026,744,26,171,2
26027,744,27,73,0
26028,744,28,124,0
26029,744,29,87,2
26030,744,30,69,3
26031,744,31,81,2
26032,744,32,113,4
26033,744,33,201,7
26034,744,34,168,0
26035,744,35,16,0
26036,745,1,223,0
26037,745,2,142,3
26038,745,3,338,0
26039,745,4,103,2
26040,745,5,175,0
26041,745,6,227,3
26042,745,7,192,11
26043,745,8,95,0
26044,745,9,173,3
26045,745,10,357,21
26046,745,11,208,4
26047,745,12,154,8
26048,745,13,115,0
26049,745,14,173,5
26050,745,15,422,22
26051,745,16,282,10
26052,745,17,143,4
26053,745,18,178,7
26054,745,19,200,9
26055,745,20,224,12
26056,745,21,298,8
26057,745,22,343,18
26058,745,23,96,2
26059,745,24,160,4
26060,745,25,173,3
26061,745,26,307,15
26062,745,27,194,0
26063,745,28,149,8
26064,745,29,99,4
26065,745,30,183,2
26066,745,31,265,5
26067,745,32,143,6
26068,745,33,203,2
26069,745,34,255,9
26070,745,35,130,4
26071,746,1,65,1
26072,746,2,87,3
26073,746,3,190,11
26074,746,4,98,2
26075,746,5,113,4
26076,746,6,132,6
26077,746,7,59,2
26078,746,8,79,4
26079,746,9,157,6
26080,746,10,134,2
26081,746,11,96,0
26082,746,12,129,0
26083,746,13,74,4
26084,746,14,134,5
26085,746,15,169,9
26086,746,16,159,0
26087,746,17,104,0
26088,746,18,158,8
26089,746,19,92,4
26090,746,20,124,3
26091,746,21,105,2
26092,746,22,157,2
26093,746,23,174,8
26094,746,24,87,2
26095,746,25,49,1
26096,746,26,58,3
26097,746,27,90,3
26098,746,28,105,0
26099,746,29,123,3
26100,746,30,87,3
26101,746,31,205,6
26102,746,32,51,2
26103,746,33,132,5
26104,746,34,153,2
26105,746,35,132,0
26106,747,1,45,1
26107,747,2,88,2
26108,747,3,256,7
26109,747,4,112,2
26110,747,5,52,2
26111,747,6,194,0
26112,747,7,256,12
26113,747,8,90,0
26114,747,9,100,4
26115,747,10,125,2
26116,747,11,81,2
26117,747,12,74,2
26118,747,13,131,5
26119,747,14,47,2
26120,747,15,143,4
26121,747,16,83,0
26122,747,17,141,8
26123,747,18,120,3
26124,747,19,65,1
26125,747,20,66,1
26126,747,21,104,1
26127,747,22,39,0
26128,747,23,137,6
26129,747,24,77,0
26130,747,25,121,6
26131,747,26,76,0
26132,747,27,99,0
26133,747,28,106,0
26134,747,29,96,0
26135,747,30,129,4
26136,747,31,171,6
26137,747,32,84,2
26138,747,33,67,1
26139,747,34,97,3
26140,747,35,85,3
26141,748,1,133,7
26142,748,2,203,0
26143,748,3,162,2
26144,748,4,207,12
26145,748,5,127,3
26146,748,6,107,4
26147,748,7,63,2
26148,748,8,191,0
26149,748,9,97,5
26150,748,10,230,8
26151,748,11,241,5
26152,748,12,114,4
26153,748,13,216,0
26154,748,14,173,0
26155,748,15,173,8
26156,748,16,159,4
26157,748,17,147,6
26158,748,18,87,2
26159,748,19,100,5
26160,748,20,134,6
26161,748,21,166,9
26162,748,22,139,6
26163,748,23,133,6
26164,748,24,234,14
26165,748,25,76,0
26166,748,26,57,2
26167,748,27,122,0
26168,748,28,132,0
26169,748,29,256,3
26170,748,30,119,1
26171,748,31,200,2
26172,748,32,171,10
26173,748,33,253,8
26174,748,34,159,7
26175,748,35,128,8
26176,749,1,152,0
26177,749,2,196,0
26178,749,3,209,0
26179,749,4,248,0
26180,749,5,44,2
26181,749,6,238,5
26182,749,7,144,4
26183,749,8,145,0
26184,749,9,185,6
26185,749,10,152,5
26186,749,11,130,2
26187,749,12,147,6
26188,749,13,99,4
26189,749,14,195,11
26190,749,15,96,1
26191,749,16,96,1
26192,749,17,182,10
26193,749,18,322,13
26194,749,19,69,4
26195,749,20,149,8
26196,749,21,194,10
26197,749,22,126,3
26198,749,23,64,4
26199,749,24,362,0
26200,749,25,213,8
26201,749,26,119,4
26202,749,27,177,0
26203,749,28,23,1
26204,749,29,323,0
26205,749,30,138,7
26206,749,31,261,0
26207,749,32,327,10
26208,749,33,141,0
26209,749,34,185,0
26210,749,35,354,7
26211,750,1,104,4
26212,750,2,77,3
26213,750,3,152,4
26214,750,4,132,8
26215,750,5,75,4
26216,750,6,233,9
26217,750,7,220,2
26218,750,8,125,6
26219,750,9,41,1
26220,750,10,213,3
26221,750,11,136,3
26222,750,12,104,0
26223,750,13,59,1
26224,750,14,38,1
26225,750,15,141,2
26226,750,16,124,0
26227,750,17,143,0
26228,750,18,39,1
26229,750,19,85,2
26230,750,20,68,0
26231,750,21,181,8
26232,750,22,113,4
26233,750,23,148,6
26234,750,24,143,5
26235,750,25,69,4
26236,750,26,121,2
26237,750,27,73,2
26238,750,28,94,3
26239,750,29,37,1
26240,750,30,99,0
26241,750,31,165,0
26242,750,32,106,3
26243,750,33,150,7
26244,750,34,100,2
26245,750,35,96,0
26246,751,1,136,5
26247,751,2,98,1
26248,751,3,90,4
26249,751,4,107,6
26250,751,5,81,1
26251,751,6,140,6
26252,751,7,207,9
26253,751,8,109,0
26254,751,9,122,5
26255,751,10,147,4
26256,751,11,104,2
26257,751,12,76,3
26258,751,13,127,8
26259,751,14,115,7
26260,751,15,189,2
26261,751,16,68,2
26262,751,17,97,3
26263,751,18,159,0
26264,751,19,43,1
26265,751,20,59,0
26266,751,21,197,0
26267,751,22,141,4
26268,751,23,196,9
26269,751,24,51,3
26270,751,25,108,5
26271,751,26,64,0
26272,751,27,81,1
26273,751,28,119,6
26274,751,29,113,0
26275,751,30,94,3
26276,751,31,110,5
26277,751,32,98,4
26278,751,33,105,0
26279,751,34,105,2
26280,751,35,83,0
26281,752,1,118,3
26282,752,2,101,0
26283,752,3,156,0
26284,752,4,110,6
26285,752,5,172,7
26286,752,6,106,6
26287,752,7,104,6
26288,752,8,128,6
26289,752,9,128,6
26290,752,10,255,9
26291,752,11,93,0
26292,752,12,142,0
26293,752,13,108,4
26294,752,14,97,3
26295,752,15,95,4
26296,752,16,186,8
26297,752,17,143,2
26298,752,18,125,5
26299,752,19,292,0
26300,752,20,143,5
26301,752,21,76,3
26302,752,22,280,9
26303,752,23,214,3
26304,752,24,219,0
26305,752,25,193,0
26306,752,26,112,3
26307,752,27,136,0
26308,752,28,155,0
26309,752,29,91,4
26310,752,30,163,3
26311,752,31,202,4
26312,752,32,327,0
26313,752,33,147,6
26314,752,34,160,6
26315,752,35,73,4
26316,753,1,126,0
26317,753,2,88,0
26318,753,3,109,3
26319,753,4,50,0
26320,753,5,146,3
26321,753,6,131,5
26322,753,7,169,2
26323,753,8,114,0
26324,753,9,93,3
26325,753,10,111,6
26326,753,11,95,2
26327,753,12,76,2
26328,753,13,46,2
26329,753,14,112,2
26330,753,15,118,1
26331,753,16,87,3
26332,753,17,104,3
26333,753,18,55,1
26334,753,19,158,2
26335,753,20,102,2
26336,753,21,90,4
26337,753,22,73,2
26338,753,23,62,2
26339,753,24,79,0
26340,753,25,83,3
26341,753,26,94,2
26342,753,27,71,3
26343,753,28,134,6
26344,753,29,106,0
26345,753,30,59,1
26346,753,31,95,0
26347,753,32,77,0
26348,753,33,42,0
26349,753,34,92,0
26350,753,35,105,3
26351,754,1,90,5
26352,754,2,15,0
26353,754,3,68,3
26354,754,4,125,2
26355,754,5,72,2
26356,754,6,74,2
26357,754,7,29,1
26358,754,8,54,2
26359,754,9,68,4
26360,754,10,109,4
26361,754,11,74,1
26362,754,12,50,0
26363,754,13,34,1
26364,754,14,121,2
26365,754,15,64,3
26366,754,16,63,1
26367,754,17,40,1
26368,754,18,32,2
26369,754,19,72,2
26370,754,20,38,1
26371,754,21,149,8
26372,754,22,59,3
26373,754,23,79,2
26374,754,24,87,5
26375,754,25,57,3
26376,754,26,51,3
26377,754,27,70,3
26378,754,28,76,4
26379,754,29,58,2
26380,754,30,50,0
26381,754,31,63,0
26382,754,32,51,1
26383,754,33,44,1
26384,754,34,43,1
26385,754,35,78,4
26386,755,1,57,1
26387,755,2,64,3
26388,755,3,66,3
26389,755,4,90,4
26390,755,5,21,1
26391,755,6,61,1
26392,755,7,27,0
26393,755,8,45,1
26394,755,9,24,1
26395,755,10,51,2
26396,755,11,43,2
26397,755,12,46,2
26398,755,13,47,1
26399,755,14,58,3
26400,755,15,63,2
26401,755,16,49,1
26402,755,17,102,2
26403,755,18,43,0
26404,755,19,53,3
26405,755,20,61,2
26406,755,21,36,2
26407,755,22,40,1
26408,755,23,53,3
26409,755,24,42,0
26410,755,25,28,1
26411,755,26,48,0
26412,755,27,84,3
26413,755,28,82,0
26414,755,29,45,1
26415,755,30,27,1
26416,755,31,35,2
26417,755,32,53,2
26418,755,33,40,1
26419,755,34,85,0
26420,755,35,49,1
26421,756,1,69,3
26422,756,2,74,1
26423,756,3,58,0
26424,756,4,79,2
26425,756,5,69,2
26426,756,6,68,2
26427,756,7,112,6
26428,756,8,90,2
26429,756,9,163,5
26430,756,10,73,3
26431,756,11,52,0
26432,756,12,46,3
26433,756,13,202,8
26434,756,14,80,0
26435,756,15,103,6
26436,756,16,91,3
26437,756,17,87,4
26438,756,18,68,4
26439,756,19,73,1
26440,756,20,120,6
26441,756,21,86,3
26442,756,22,62,0
26443,756,23,129,3
26444,756,24,86,2
26445,756,25,62,2
26446,756,26,26,1
26447,756,27,40,1
26448,756,28,56,0
26449,756,29,48,2
26450,756,30,32,2
26451,756,31,81,0
26452,756,32,81,3
26453,756,33,98,2
26454,756,34,154,8
26455,756,35,47,1
26456,757,1,53,0
26457,757,2,49,0
26458,757,3,79,4
26459,757,4,116,6
26460,757,5,126,6
26461,757,6,129,6
26462,757,7,106,5
26463,757,8,89,0
26464,757,9,46,1
26465,757,10,75,4
26466,757,11,107,5
26467,757,12,123,2
26468,757,13,92,5
26469,757,14,107,0
26470,757,15,83,2
26471,757,16,110,0
26472,757,17,105,3
26473,757,18,210,12
26474,757,19,102,5
26475,757,20,77,3
26476,757,21,93,1
26477,757,22,85,3
26478,757,23,71,3
26479,757,24,48,3
26480,757,25,42,2
26481,757,26,84,2
26482,757,27,72,2
26483,757,28,130,5
26484,757,29,158,0
26485,757,30,144,3
26486,757,31,109,5
26487,757,32,102,0
26488,757,33,92,0
26489,757,34,119,4
26490,757,35,35,0
26491,758,1,33,1
26492,758,2,23,1
26493,758,3,82,0
26494,758,4,82,0
26495,758,5,101,1
26496,758,6,121,6
26497,758,7,33,1
26498,758,8,35,1
26499,758,9,37,1
26500,758,10,65,4
26501,758,11,134,5
26502,758,12,60,1
26503,758,13,22,0
26504,758,14,136,1
26505,758,15,46,3
26506,758,16,93,0
26507,758,17,86,5
26508,758,18,133,5
26509,758,19,88,1
26510,758,20,35,0
26511,758,21,82,2
26512,758,22,26,1
26513,758,23,37,2
26514,758,24,77,0
26515,758,25,168,8
26516,758,26,66,3
26517,758,27,42,2
26518,758,28,90,2
26519,758,29,65,4
26520,758,30,43,0
26521,758,31,74,0
26522,758,32,97,6
26523,758,33,89,4
26524,758,34,149,6
26525,758,35,53,2
26526,759,1,25,0
26527,759,2,29,1
26528,759,3,106,4
26529,759,4,50,1
26530,759,5,32,0
26531,759,6,12,1
26532,759,7,42,2
26533,759,8,39,2
26534,759,9,94,3
26535,759,10,32,1
26536,759,11,136,7
26537,759,12,52,2
26538,759,13,58,1
26539,759,14,30,2
26540,759,15,74,3
26541,759,16,47,2
26542,759,17,72,1
26543,759,18,46,0
26544,759,19,69,2
26545,759,20,34,1
26546,759,21,90,4
26547,759,22,40,1
26548,759,23,52,2
26549,759,24,38,0
26550,759,25,12,0
26551,759,26,40,1
26552,759,27,77,4
26553,759,28,33,0
26554,759,29,48,1
26555,759,30,56,0
26556,759,31,29,1
26557,759,32,34,1
26558,759,33,109,0
26559,759,34,30,1
26560,759,35,35,1
26561,760,1,52,1
26562,760,2,100,2
26563,760,3,66,3
26564,760,4,118,2
26565,760,5,197,8
26566,760,6,245,5
26567,760,7,50,2
26568,760,8,76,4
26569,760,9,162,6
26570,760,10,67,4
26571,760,11,27,1
26572,760,12,61,3
26573,760,13,89,2
26574,760,14,66,0
26575,760,15,120,0
26576,760,16,70,1
26577,760,17,83,5
26578,760,18,50,2
26579,760,19,95,1
26580,760,20,67,2
26581,760,21,88,4
26582,760,22,59,0
26583,760,23,63,3
26584,760,24,62,0
26585,760,25,136,4
26586,760,26,128,3
26587,760,27,69,4
26588,760,28,68,0
26589,760,29,195,11
26590,760,30,136,5
26591,760,31,29,0
26592,760,32,116,6
26593,760,33,62,2
26594,760,34,70,0
26595,760,35,79,3
26596,761,1,18,0
26597,761,2,45,0
26598,761,3,93,1
26599,761,4,18,1
26600,761,5,61,2
26601,761,6,29,1
26602,761,7,32,2
26603,761,8,32,1
26604,761,9,18,1
26605,761,10,20,1
26606,761,11,76,4
26607,761,12,17,1
26608,761,13,57,1
26609,761,14,52,0
26610,761,15,44,1
26611,761,16,37,0
26612,761,17,29,1
26613,761,18,34,2
26614,761,19,56,2
26615,761,20,46,2
26616,761,21,46,0
26617,761,22,80,3
26618,761,23,68,3
26619,761,24,39,2
26620,761,25,37,1
26621,761,26,35,2
26622,761,27,16,0
26623,761,28,56,1
26624,761,29,31,2
26625,761,30,21,1
26626,761,31,43,2
26627,761,32,40,2
26628,761,33,41,1
26629,761,34,46,1
26630,761,35,43,1
26631,762,1,65,1
26632,762,2,47,2
26633,762,3,21,0
26634,762,4,21,1
26635,762,5,19,0
26636,762,6,46,2
26637,762,7,27,1
26638,762,8,30,1
26639,762,9,36,1
26640,762,10,31,1
26641,762,11,19,0
26642,762,12,43,1
26643,762,13,23,1
26644,762,14,59,1
26645,762,15,30,1
26646,762,16,32,0
26647,762,17,29,0
26648,762,18,17,1
26649,762,19,21,1
26650,762,20,43,1
26651,762,21,22,1
26652,762,22,32,1
26653,762,23,33,2
26654,762,24,23,1
26655,762,25,12,1
26656,762,26,26,1
26657,762,27,20,0
26658,762,28,29,1
26659,762,29,53,1
26660,762,30,31,1
26661,762,31,24,0
26662,762,32,27,1
26663,762,33,25,1
26664,762,34,21,1
26665,762,35,30,1
26666,763,1,20,0
26667,763,2,33,1
26668,763,3,17,0
26669,763,4,27,2
26670,763,5,22,1
26671,763,6,43,2
26672,763,7,14,1
26673,763,8,31,1
26674,763,9,14,1
26675,763,10,15,1
26676,763,11,35,0
26677,763,12,38,1
26678,763,13,13,1
26679,763,14,13,0
26680,763,15,28,2
26681,763,16,16,1
26682,763,17,23,1
26683,763,18,24,0
26684,763,19,17,0
26685,763,20,35,0
26686,763,21,27,1
26687,763,22,19,0
26688,763,23,39,1
26689,763,24,16,0
26690,763,25,38,1
26691,763,26,14,0
26692,763,27,28,1
26693,763,28,19,1
26694,763,29,21,1
26695,763,30,13,0
26696,763,31,35,1
26697,763,32,22,1
26698,763,33,37,0
26699,763,34,30,1
26700,763,35,57,0
26701,764,1,45,3
26702,764,2,18,1
26703,764,3,19,0
26704,764,4,93,1
26705,764,5,44,1
26706,764,6,22,1
26707,764,7,29,1
26708,764,8,63,3
26709,764,9,49,2
26710,764,10,30,1
26711,764,11,27,0
26712,764,12,42,2
26713,764,13,46,1
26714,764,14,18,0
26715,764,15,38,1
26716,764,16,33,0
26717,764,17,75,0
26718,764,18,26,0
26719,764,19,29,1
26720,764,20,23,1
26721,764,21,51,2
26722,764,22,36,1
26723,764,23,39,1
26724,764,24,23,0
26725,764,25,38,0
26726,764,26,34,1
26727,764,27,33,2
26728,764,28,30,1
26729,764,29,45,3
26730,764,30,38,2
26731,764,31,41,1
26732,764,32,37,0
26733,764,33,43,2
26734,764,34,33,1
26735,764,35,21,0
26736,765,1,56,2
26737,765,2,35,1
26738,765,3,33,2
26739,765,4,33,2
26740,765,5,22,1
26741,765,6,73,4
26742,765,7,48,1
26743,765,8,25,0
26744,765,9,42,1
26745,765,10,29,1
26746,765,11,27,1
26747,765,12,28,0
26748,765,13,64,2
26749,765,14,52,0
26750,765,15,44,3
26751,765,16,40,2
26752,765,17,34,2
26753,765,18,49,2
26754,765,19,25,1
26755,765,20,47,1
26756,765,21,33,1
26757,765,22,36,2
26758,765,23,31,1
26759,765,24,95,2
26760,765,25,42,2
26761,765,26,42,1
26762,765,27,55,1
26763,765,28,52,1
26764,765,29,78,4
26765,765,30,53,0
26766,765,31,43,3
26767,765,32,59,2
26768,765,33,44,0
26769,765,34,41,1
26770,765,35,53,2
26771,766,1,24,0
26772,766,2,28,1
26773,766,3,41,0
26774,766,4,17,0
26775,766,5,55,1
26776,766,6,10,1
26777,766,7,17,0
26778,766,8,26,1
26779,766,9,22,1
26780,766,10,20,1
26781,766,11,19,1
26782,766,12,46,2
26783,766,13,54,2
26784,766,14,32,1
26785,766,15,23,1
26786,766,16,29,0
26787,766,17,45,1
26788,766,18,48,1
26789,766,19,20,1
26790,766,20,17,1
26791,766,21,36,0
26792,766,22,9,0
26793,766,23,39,2
26794,766,24,41,2
26795,766,25,48,1
26796,766,26,30,1
26797,766,27,55,3
26798,766,28,83,1
26799,766,29,22,1
26800,766,30,29,2
26801,766,31,51,2
26802,766,32,28,1
26803,766,33,9,0
26804,766,34,55,3
26805,766,35,31,0
26806,767,1,25,1
26807,767,2,35,1
26808,767,3,26,0
26809,767,4,11,0
26810,767,5,25,1
26811,767,6,21,1
26812,767,7,17,0
26813,767,8,20,0
26814,767,9,34,1
26815,767,10,22,1
26816,767,11,11,0
26817,767,12,28,1
26818,767,13,28,1
26819,767,14,16,1
26820,767,15,13,0
26821,767,16,25,0
26822,767,17,17,1
26823,767,18,23,0
26824,767,19,28,2
26825,767,20,24,0
26826,767,21,31,1
26827,767,22,7,0
26828,767,23,32,2
26829,767,24,26,0
26830,767,25,28,0
26831,767,26,24,1
26832,767,27,42,1
26833,767,28,39,0
26834,767,29,20,0
26835,767,30,17,0
26836,767,31,49,1
26837,767,32,19,1
26838,767,33,27,0
26839,767,34,37,1
26840,767,35,11,0
26841,768,1,21,0
26842,768,2,88,0
26843,768,3,53,3
26844,768,4,38,2
26845,768,5,22,1
26846,768,6,40,2
26847,768,7,24,0
26848,768,8,56,3
26849,768,9,55,2
26850,768,10,50,1
26851,768,11,78,2
26852,768,12,57,3
26853,768,13,41,2
26854,768,14,32,0
26855,768,15,50,3
26856,768,16,29,1
26857,768,17,24,1
26858,768,18,32,2
26859,768,19,14,0
26860,768,20,41,2
26861,768,21,94,3
26862,768,22,22,0
26863,768,23,38,1
26864,768,24,34,0
26865,768,25,33,0
26866,768,26,44,1
26867,768,27,36,1
26868,768,28,48,0
26869,768,29,50,1
26870,768,30,33,1
26871,768,31,63,1
26872,768,32,29,1
26873,768,33,34,2
26874,768,34,23,0
26875,768,35,57,2
26876,769,1,36,2
26877,769,2,30,0
26878,769,3,44,0
26879,769,4,60,2
26880,769,5,131,3
26881,769,6,118,3
26882,769,7,39,0
26883,769,8,70,2
26884,769,9,63,3
26885,769,10,28,1
26886,769,11,55,2
26887,769,12,50,1
26888,769,13,97,2
26889,769,14,16,0
26890,769,15,63,3
26891,769,16,55,1
26892,769,17,90,3
26893,769,18,47,2
26894,769,19,111,2
26895,769,20,52,2
26896,769,21,139,7
26897,769,22,96,2
26898,769,23,13,0
26899,769,24,85,5
26900,769,25,96,1
26901,769,26,67,3
26902,769,27,89,3
26903,769,28,112,6
26904,769,29,26,1
26905,769,30,12,0
26906,769,31,25,1
26907,769,32,57,0
26908,769,33,32,0
26909,769,34,40,2
26910,769,35,54,1
26911,770,1,10,1
26912,770,2,87,2
26913,770,3,32,0
26914,770,4,41,1
26915,770,5,31,2
26916,770,6,44,2
26917,770,7,42,0
26918,770,8,30,1
26919,770,9,44,2
26920,770,10,49,1
26921,770,11,21,1
26922,770,12,94,3
26923,770,13,15,1
26924,770,14,12,1
26925,770,15,74,3
26926,770,16,33,1
26927,770,17,39,1
26928,770,18,34,2
26929,770,19,44,1
26930,770,20,50,1
26931,770,21,28,1
26932,770,22,76,4
26933,770,23,34,1
26934,770,24,56,2
26935,770,25,28,1
26936,770,26,37,1
26937,770,27,23,1
26938,770,28,34,0
26939,770,29,84,3
26940,770,30,55,0
26941,770,31,81,0
26942,770,32,51,1
26943,770,33,52,3
26944,770,34,31,1
26945,770,35,62,0
26946,771,1,33,1
26947,771,2,61,1
26948,771,3,46,1
26949,771,4,90,2
26950,771,5,49,1
26951,771,6,46,3
26952,771,7,34,0
26953,771,8,67,0
26954,771,9,63,2
26955,771,10,38,1
26956,771,11,25,1
26957,771,12,55,1
26958,771,13,10,0
26959,771,14,47,1
26960,771,15,64,3
26961,771,16,19,1
26962,771,17,43,0
26963,771,18,32,0
26964,771,19,4,0
26965,771,20,30,1
26966,771,21,35,1
26967,771,22,48,2
26968,771,23,40,2
26969,771,24,21,0
26970,771,25,82,3
26971,771,26,37,1
26972,771,27,67,0
26973,771,28,31,1
26974,771,29,17,0
26975,771,30,24,1
26976,771,31,45,2
26977,771,32,26,0
26978,771,33,39,1
26979,771,34,53,2
26980,771,35,41,0
26981,772,1,32,1
26982,772,2,39,0
26983,772,3,21,0
26984,772,4,49,0
26985,772,5,34,0
26986,772,6,94,2
26987,772,7,68,2
26988,772,8,20,1
26989,772,9,24,0
26990,772,10,36,1
26991,772,11,60,0
26992,772,12,32,1
26993,772,13,60,1
26994,772,14,52,0
26995,772,15,39,0
26996,772,16,44,2
26997,772,17,47,1
26998,772,18,60,3
26999,772,19,49,1
27000,772,20,41,1
27001,772,21,30,2
27002,772,22,54,3
27003,772,23,127,3
27004,772,24,52,0
27005,772,25,63,2
27006,772,26,17,1
27007,772,27,37,2
27008,772,28,49,0
27009,772,29,22,0
27010,772,30,68,1
27011,772,31,20,1
27012,772,32,60,2
27013,772,33,27,1
27014,772,34,41,0
27015,772,35,36,1
27016,773,1,56,2
27017,773,2,158,2
27018,773,3,191,7
27019,773,4,63,1
27020,773,5,80,1
27021,773,6,104,1
27022,773,7,70,3
27023,773,8,59,3
27024,773,9,103,2
27025,773,10,33,1
27026,773,11,122,4
27027,773,12,60,3
27028,773,13,14,1
27029,773,14,77,4
27030,773,15,66,3
27031,773,16,67,2
27032,773,17,96,3
27033,773,18,57,1
27034,773,19,70,3
27035,773,20,60,1
27036,773,21,77,3
27037,773,22,59,2
27038,773,23,67,3
27039,773,24,95,0
27040,773,25,72,1
27041,773,26,67,2
27042,773,27,81,2
27043,773,28,51,2
27044,773,29,82,4
27045,773,30,19,0
27046,773,31,102,4
27047,773,32,50,0
27048,773,33,49,0
27049,773,34,46,1
27050,773,35,181,8
27051,774,1,70,4
27052,774,2,123,1
27053,774,3,31,2
27054,774,4,56,2
27055,774,5,16,0
27056,774,6,65,2
27057,774,7,75,2
27058,774,8,68,1
27059,774,9,18,1
27060,774,10,41,1
27061,774,11,29,1
27062,774,12,70,0
27063,774,13,33,2
27064,774,14,124,2
27065,774,15,61,2
27066,774,16,61,2
27067,774,17,44,1
27068,774,18,47,2
27069,774,19,26,1
27070,774,20,112,2
27071,774,21,33,2
27072,774,22,34,1
27073,774,23,36,2
27074,774,24,68,2
27075,774,25,25,0
27076,774,26,60,2
27077,774,27,101,5
27078,774,28,31,2
27079,774,29,53,1
27080,774,30,22,0
27081,774,31,16,0
27082,774,32,61,3
27083,774,33,46,2
27084,774,34,35,1
27085,774,35,20,1
27086,775,1,58,2
27087,775,2,49,2
27088,775,3,62,1
27089,775,4,13,0
27090,775,5,50,2
27091,775,6,23,1
27092,775,7,46,2
27093,775,8,36,1
27094,775,9,38,1
27095,775,10,33,1
27096,775,11,53,1
27097,775,12,49,2
27098,775,13,46,2
27099,775,14,34,1
27100,775,15,44,2
27101,775,16,33,1
27102,775,17,58,2
27103,775,18,68,3
27104,775,19,23,1
27105,775,20,40,2
27106,775,21,49,3
27107,775,22,114,4
27108,775,23,55,2
27109,775,24,33,0
27110,775,25,24,1
27111,775,26,34,0
27112,775,27,46,2
27113,775,28,32,2
27114,775,29,39,2
27115,775,30,37,2
27116,775,31,37,0
27117,775,32,52,2
27118,775,33,45,2
27119,775,34,18,1
27120,775,35,58,0
27121,776,1,52,3
27122,776,2,51,0
27123,776,3,64,1
27124,776,4,25,1
27125,776,5,135,4
27126,776,6,67,3
27127,776,7,27,1
27128,776,8,61,1
27129,776,9,78,4
27130,776,10,34,0
27131,776,11,46,0
27132,776,12,48,2
27133,776,13,86,0
27134,776,14,45,2
27135,776,15,46,0
27136,776,16,63,3
27137,776,17,63,0
27138,776,18,49,1
27139,776,19,98,2
27140,776,20,48,2
27141,776,21,51,1
27142,776,22,68,3
27143,776,23,49,1
27144,776,24,48,0
27145,776,25,60,0
27146,776,26,33,2
27147,776,27,45,1
27148,776,28,53,0
27149,776,29,62,3
27150,776,30,30,1
27151,776,31,82,2
27152,776,32,31,2
27153,776,33,67,2
27154,776,34,70,0
27155,776,35,157,3
27156,777,1,75,4
27157,777,2,24,1
27158,777,3,75,0
27159,777,4,54,1
27160,777,5,26,0
27161,777,6,52,1
27162,777,7,97,5
27163,777,8,88,1
27164,777,9,72,3
27165,777,10,56,1
27166,777,11,59,3
27167,777,12,105,2
27168,777,13,62,2
27169,777,14,67,4
27170,777,15,49,1
27171,777,16,25,1
27172,777,17,102,2
27173,777,18,109,5
27174,777,19,158,2
27175,777,20,61,1
27176,777,21,47,2
27177,777,22,97,5
27178,777,23,46,1
27179,777,24,56,2
27180,777,25,55,3
27181,777,26,67,2
27182,777,27,57,1
27183,777,28,43,2
27184,777,29,111,6
27185,777,30,88,1
27186,777,31,129,2
27187,777,32,58,3
27188,777,33,68,1
27189,777,34,80,2
27190,777,35,48,1
27191,778,1,37,0
27192,778,2,67,2
27193,778,3,22,1
27194,778,4,30,2
27195,778,5,69,1
27196,778,6,23,1
27197,778,7,32,2
27198,778,8,44,2
27199,778,9,41,2
27200,778,10,22,1
27201,778,11,42,1
27202,778,12,15,0
27203,778,13,76,2
27204,778,14,34,2
27205,778,15,48,2
27206,778,16,60,2
27207,778,17,62,2
27208,778,18,33,1
27209,778,19,64,3
27210,778,20,50,1
27211,778,21,78,2
27212,778,22,40,1
27213,778,23,39,2
27214,778,24,51,2
27215,778,25,57,2
27216,778,26,55,2
27217,778,27,37,2
27218,778,28,50,2
27219,778,29,60,1
27220,778,30,78,2
27221,778,31,31,1
27222,778,32,75,4
27223,778,33,49,3
27224,778,34,55,2
27225,778,35,72,0
27226,779,1,18,1
27227,779,2,27,1
27228,779,3,45,2
27229,779,4,72,2
27230,779,5,20,1
27231,779,6,42,1
27232,779,7,20,1
27233,779,8,30,1
27234,779,9,31,1
27235,779,10,83,3
27236,779,11,34,0
27237,779,12,31,0
27238,779,13,52,3
27239,779,14,8,0
27240,779,15,47,1
27241,779,16,65,3
27242,779,17,24,0
27243,779,18,32,0
27244,779,19,74,2
27245,779,20,79,1
27246,779,21,52,0
27247,779,22,53,0
27248,779,23,27,0
27249,779,24,18,0
27250,779,25,30,1
27251,779,26,28,1
27252,779,27,43,1
27253,779,28,32,0
27254,779,29,90,3
27255,779,30,46,0
27256,779,31,33,1
27257,779,32,44,1
27258,779,33,38,2
27259,779,34,50,1
27260,779,35,22,1
27261,780,1,21,1
27262,780,2,28,0
27263,780,3,119,5
27264,780,4,89,3
27265,780,5,59,3
27266,780,6,66,1
27267,780,7,66,3
27268,780,8,39,2
27269,780,9,51,1
27270,780,10,46,2
27271,780,11,45,1
27272,780,12,78,1
27273,780,13,50,0
27274,780,14,61,0
27275,780,15,39,0
27276,780,16,27,1
27277,780,17,41,0
27278,780,18,29,1
27279,780,19,57,2
27280,780,20,52,3
27281,780,21,74,4
27282,780,22,73,4
27283,780,23,50,2
27284,780,24,67,3
27285,780,25,66,2
27286,780,26,27,1
27287,780,27,13,1
27288,780,28,83,4
27289,780,29,47,1
27290,780,30,42,1
27291,780,31,50,1
27292,780,32,53,2
27293,780,33,20,1
27294,780,34,39,0
27295,780,35,59,2
27296,781,1,43,2
27297,781,2,72,2
27298,781,3,42,0
27299,781,4,43,2
27300,781,5,22,1
27301,781,6,58,3
27302,781,7,27,1
27303,781,8,50,2
27304,781,9,31,1
27305,781,10,55,1
27306,781,11,47,1
27307,781,12,28,2
27308,781,13,27,2
27309,781,14,59,2
27310,781,15,47,1
27311,781,16,30,1
27312,781,17,40,2
27313,781,18,45,1
27314,781,19,43,2
27315,781,20,40,1
27316,781,21,51,2
27317,781,22,35,1
27318,781,23,22,0
27319,781,24,31,1
27320,781,25,52,1
27321,781,26,76,4
27322,781,27,14,0
27323,781,28,19,1
27324,781,29,23,0
27325,781,30,51,1
27326,781,31,50,0
27327,781,32,23,1
27328,781,33,57,1
27329,781,34,38,0
27330,781,35,53,3
27331,782,1,32,0
27332,782,2,11,0
27333,782,3,33,0
27334,782,4,39,2
27335,782,5,16,1
27336,782,6,20,0
27337,782,7,15,1
27338,782,8,44,3
27339,782,9,6,0
27340,782,10,43,2
27341,782,11,10,0
27342,782,12,31,1
27343,782,13,42,0
27344,782,14,12,1
27345,782,15,18,1
27346,782,16,27,1
27347,782,17,17,0
27348,782,18,55,1
27349,782,19,36,1
27350,782,20,41,2
27351,782,21,46,2
27352,782,22,14,0
27353,782,23,27,0
27354,782,24,29,1
27355,782,25,26,1
27356,782,26,60,2
27357,782,27,30,1
27358,782,28,32,0
27359,782,29,46,2
27360,782,30,29,1
27361,782,31,16,1
27362,782,32,17,0
27363,782,33,26,1
27364,782,34,63,2
27365,782,35,25,0
27366,783,1,17,0
27367,783,2,38,2
27368,783,3,20,0
27369,783,4,27,2
27370,783,5,22,1
27371,783,6,17,1
27372,783,7,22,1
27373,783,8,15,1
27374,783,9,34,0
27375,783,10,18,0
27376,783,11,8,0
27377,783,12,11,0
27378,783,13,11,0
27379,783,14,8,0
27380,783,15,32,1
27381,783,16,33,1
27382,783,17,19,0
27383,783,18,22,1
27384,783,19,13,0
27385,783,20,17,1
27386,783,21,8,0
27387,783,22,11,1
27388,783,23,37,2
27389,783,24,14,0
27390,783,25,44,2
27391,783,26,36,2
27392,783,27,11,0
27393,783,28,10,0
27394,783,29,21,0
27395,783,30,26,0
27396,783,31,36,1
27397,783,32,47,1
27398,783,33,18,1
27399,783,34,19,1
27400,783,35,23,1
27401,784,1,31,1
27402,784,2,17,1
27403,784,3,28,2
27404,784,4,34,1
27405,784,5,42,1
27406,784,6,9,0
27407,784,7,14,0
27408,784,8,15,0
27409,784,9,22,1
27410,784,10,25,1
27411,784,11,29,2
27412,784,12,43,0
27413,784,13,30,0
27414,784,14,26,0
27415,784,15,26,0
27416,784,16,39,1
27417,784,17,17,1
27418,784,18,30,1
27419,784,19,68,1
27420,784,20,20,1
27421,784,21,42,2
27422,784,22,57,1
27423,784,23,33,1
27424,784,24,30,1
27425,784,25,52,0
27426,784,26,10,0
27427,784,27,29,1
27428,784,28,26,1
27429,784,29,21,1
27430,784,30,55,3
27431,784,31,14,0
27432,784,32,20,1
27433,784,33,11,1
27434,784,34,24,0
27435,784,35,49,3
27436,785,1,53,2
27437,785,2,21,0
27438,785,3,21,1
27439,785,4,29,0
27440,785,5,69,1
27441,785,6,32,1
27442,785,7,35,1
27443,785,8,37,1
27444,785,9,39,1
27445,785,10,36,1
27446,785,11,54,2
27447,785,12,65,2
27448,785,13,50,2
27449,785,14,28,0
27450,785,15,48,1
27451,785,16,45,1
27452,785,17,51,1
27453,785,18,69,3
27454,785,19,32,1
27455,785,20,32,1
27456,785,21,82,2
27457,785,22,42,1
27458,785,23,39,2
27459,785,24,32,0
27460,785,25,26,0
27461,785,26,75,2
27462,785,27,64,4
27463,785,28,23,1
27464,785,29,22,0
27465,785,30,46,1
27466,785,31,22,0
27467,785,32,24,1
27468,785,33,37,1
27469,785,34,17,0
27470,785,35,41,2
27471,786,1,17,0
27472,786,2,36,2
27473,786,3,28,1
27474,786,4,11,0
27475,786,5,18,1
27476,786,6,9,0
27477,786,7,24,1
27478,786,8,28,0
27479,786,9,20,1
27480,786,10,12,0
27481,786,11,16,0
27482,786,12,33,1
27483,786,13,29,1
27484,786,14,33,2
27485,786,15,17,1
27486,786,16,38,1
27487,786,17,29,1
27488,786,18,15,1
27489,786,19,39,1
27490,786,20,45,1
27491,786,21,28,1
27492,786,22,35,2
27493,786,23,28,2
27494,786,24,28,0
27495,786,25,25,0
27496,786,26,27,0
27497,786,27,21,0
27498,786,28,26,0
27499,786,29,23,1
27500,786,30,26,1
27501,786,31,17,1
27502,786,32,19,1
27503,786,33,24,1
27504,786,34,17,1
27505,786,35,27,1
27506,787,1,23,1
27507,787,2,42,1
27508,787,3,25,0
27509,787,4,23,1
27510,787,5,27,0
27511,787,6,20,0
27512,787,7,10,0
27513,787,8,38,2
27514,787,9,31,0
27515,787,10,19,0
27516,787,11,20,0
27517,787,12,13,1
27518,787,13,17,1
27519,787,14,13,1
27520,787,15,30,1
27521,787,16,13,1
27522,787,17,17,1
27523,787,18,25,1
27524,787,19,36,1
27525,787,20,28,1
27526,787,21,14,1
27527,787,22,25,0
27528,787,23,16,0
27529,787,24,25,1
27530,787,25,21,0
27531,787,26,26,1
27532,787,27,23,1
27533,787,28,6,0
27534,787,29,22,0
27535,787,30,17,0
27536,787,31,18,0
27537,787,32,10,0
27538,787,33,28,1
27539,787,34,13,1
27540,787,35,17,0
27541,788,1,60,3
27542,788,2,43,0
27543,788,3,14,1
27544,788,4,19,1
27545,788,5,29,0
27546,788,6,21,1
27547,788,7,47,2
27548,788,8,63,3
27549,788,9,28,1
27550,788,10,36,1
27551,788,11,10,1
27552,788,12,26,1
27553,788,13,18,1
27554,788,14,26,0
27555,788,15,32,2
27556,788,16,61,2
27557,788,17,17,1
27558,788,18,56,1
27559,788,19,61,0
27560,788,20,35,1
27561,788,21,10,0
27562,788,22,50,0
27563,788,23,31,2
27564,788,24,9,0
27565,788,25,38,2
27566,788,26,50,1
27567,788,27,35,0
27568,788,28,30,1
27569,788,29,7,0
27570,788,30,24,1
27571,788,31,26,1
27572,788,32,50,1
27573,788,33,41,1
27574,788,34,20,1
27575,788,35,58,1
27576,789,1,42,1
27577,789,2,52,1
27578,789,3,46,1
27579,789,4,44,2
27580,789,5,29,1
27581,789,6,59,4
27582,789,7,72,3
27583,789,8,35,2
27584,789,9,48,3
27585,789,10,17,0
27586,789,11,81,1
27587,789,12,75,3
27588,789,13,23,1
27589,789,14,25,0
27590,789,15,73,2
27591,789,16,14,1
27592,789,17,55,3
27593,789,18,41,1
27594,789,19,33,0
27595,789,20,39,2
27596,789,21,58,3
27597,789,22,36,2
27598,789,23,39,1
27599,789,24,30,0
27600,789,25,53,2
27601,789,26,48,2
27602,789,27,62,2
27603,789,28,49,3
27604,789,29,57,2
27605,789,30,55,1
27606,789,31,30,1
27607,789,32,70,1
27608,789,33,62,4
27609,789,34,29,1
27610,789,35,45,2
27611,790,1,20,1
27612,790,2,41,0
27613,790,3,26,1
27614,790,4,25,1
27615,790,5,56,1
27616,790,6,32,1
27617,790,7,32,2
27618,790,8,32,1
27619,790,9,17,0
27620,790,10,6,0
27621,790,11,40,2
27622,790,12,15,1
27623,790,13,16,1
27624,790,14,8,0
27625,790,15,49,1
27626,790,16,22,1
27627,790,17,34,2
27628,790,18,14,1
27629,790,19,55,1
27630,790,20,49,1
27631,790,21,29,1
27632,790,22,38,1
27633,790,23,34,1
27634,790,24,14,0
27635,790,25,42,2
27636,790,26,47,1
27637,790,27,9,0
27638,790,28,39,0
27639,790,29,25,1
27640,790,30,15,0
27641,790,31,25,1
27642,790,32,35,2
27643,790,33,19,0
27644,790,34,36,0
27645,790,35,17,1
27646,791,1,23,1
27647,791,2,31,2
27648,791,3,61,3
27649,791,4,27,0
27650,791,5,14,0
27651,791,6,13,1
27652,791,7,25,1
27653,791,8,17,0
27654,791,9,14,1
27655,791,10,29,0
27656,791,11,24,1
27657,791,12,33,0
27658,791,13,45,0
27659,791,14,17,0
27660,791,15,42,1
27661,791,16,31,1
27662,791,17,21,1
27663,791,18,23,1
27664,791,19,24,0
27665,791,20,45,1
27666,791,21,37,1
27667,791,22,24,0
27668,791,23,30,0
27669,791,24,19,0
27670,791,25,21,1
27671,791,26,7,0
27672,791,27,38,0
27673,791,28,22,0
27674,791,29,22,1
27675,791,30,17,0
27676,791,31,31,1
27677,791,32,30,1
27678,791,33,16,0
27679,791,34,5,0
27680,791,35,36,1
27681,792,1,47,2
27682,792,2,26,1
27683,792,3,25,1
27684,792,4,18,1
27685,792,5,31,2
27686,792,6,51,1
27687,792,7,22,0
27688,792,8,38,2
27689,792,9,19,0
27690,792,10,44,2
27691,792,11,47,1
27692,792,12,37,0
27693,792,13,57,1
27694,792,14,16,0
27695,792,15,36,0
27696,792,16,30,1
27697,792,17,40,1
27698,792,18,65,4
27699,792,19,27,1
27700,792,20,18,1
27701,792,21,28,2
27702,792,22,26,0
27703,792,23,15,1
27704,792,24,46,2
27705,792,25,40,1
27706,792,26,93,6
27707,792,27,52,1
27708,792,28,59,1
27709,792,29,10,0
27710,792,30,52,1
27711,792,31,28,2
27712,792,32,35,2
27713,792,33,40,1
27714,792,34,48,0
27715,792,35,41,0
27716,793,1,60,3
27717,793,2,38,2
27718,793,3,42,0
27719,793,4,48,3
27720,793,5,47,2
27721,793,6,58,1
27722,793,7,61,3
27723,793,8,41,0
27724,793,9,64,0
27725,793,10,38,1
27726,793,11,40,2
27727,793,12,48,2
27728,793,13,66,3
27729,793,14,28,1
27730,793,15,65,2
27731,793,16,47,2
27732,793,18,129,5
27733,793,19,74,1
27734,793,20,67,3
27735,793,21,54,1
27736,793,22,29,1
27737,793,23,42,2
27738,793,24,68,1
27739,793,25,77,2
27740,793,26,62,2
27741,793,27,45,2
27742,793,28,29,2
27743,793,29,55,0
27744,793,30,41,2
27745,793,31,38,1
27746,793,32,24,1
27747,793,33,54,1
27748,793,34,26,1
27749,793,35,73,4
27750,794,1,45,1
27751,794,2,30,2
27752,794,3,19,0
27753,794,4,55,2
27754,794,5,19,1
27755,794,6,47,2
27756,794,7,68,1
27757,794,8,51,1
27758,794,9,62,2
27759,794,10,61,1
27760,794,11,47,2
27761,794,12,28,1
27762,794,13,57,3
27763,794,14,53,2
27764,794,15,27,1
27765,794,16,71,3
27766,794,17,28,1
27767,794,18,19,1
27768,794,19,17,0
27769,794,20,53,2
27770,794,21,38,1
27771,794,22,33,1
27772,794,23,58,3
27773,794,24,28,1
27774,794,25,49,2
27775,794,26,18,1
27776,794,27,27,1
27777,794,28,32,1
27778,794,29,17,1
27779,794,30,19,1
27780,794,31,21,1
27781,794,32,37,1
27782,794,33,60,3
27783,794,34,96,5
27784,794,35,42,2
27785,795,1,33,1
27786,795,2,9,0
27787,795,3,52,2
27788,795,4,41,1
27789,795,5,26,1
27790,795,6,9,1
27791,795,7,7,0
27792,795,8,29,0
27793,795,9,64,3
27794,795,10,15,1
27795,795,11,48,1
27796,795,12,27,1
27797,795,13,51,2
27798,795,14,18,0
27799,795,15,44,1
27800,795,16,10,0
27801,795,17,38,2
27802,795,18,22,0
27803,795,19,12,0
27804,795,20,26,1
27805,795,21,33,1
27806,795,22,14,0
27807,795,23,25,1
27808,795,24,38,2
27809,795,25,27,1
27810,795,26,46,1
27811,795,27,33,1
27812,795,28,16,0
27813,795,29,25,1
27814,795,30,21,1
27815,795,31,11,0
27816,795,32,59,1
27817,795,33,24,1
27818,795,34,19,0
27819,795,35,34,1
27820,796,1,46,1
27821,796,2,34,1
27822,796,3,30,0
27823,796,4,35,1
27824,796,5,62,3
27825,796,6,43,2
27826,796,7,50,1
27827,796,8,74,2
27828,796,9,32,1
27829,796,10,36,2
27830,796,11,58,1
27831,796,12,31,0
27832,796,13,27,0
27833,796,14,48,1
27834,796,15,12,0
27835,796,16,62,1
27836,796,17,17,0
27837,796,18,43,2
27838,796,19,19,1
27839,796,20,79,2
27840,796,21,53,2
27841,796,22,72,0
27842,796,23,17,1
27843,796,24,50,2
27844,796,25,35,0
27845,796,26,26,1
27846,796,27,35,2
27847,796,28,42,2
27848,796,29,24,1
27849,796,30,29,1
27850,796,31,66,2
27851,796,32,32,1
27852,796,33,43,2
27853,796,34,35,0
27854,796,35,30,1
27855,797,1,50,0
27856,797,2,99,5
27857,797,3,54,0
27858,797,4,74,1
27859,797,5,92,3
27860,797,6,53,2
27861,797,7,53,3
27862,797,8,40,2
27863,797,9,52,0
27864,797,10,40,2
27865,797,11,63,3
27866,797,12,65,3
27867,797,13,42,1
27868,797,14,42,0
27869,797,15,102,6
27870,797,16,87,1
27871,797,17,67,1
27872,797,18,32,1
27873,797,19,67,3
27874,797,20,53,1
27875,797,21,47,3
27876,797,22,68,2
27877,797,23,76,3
27878,797,24,66,1
27879,797,25,82,3
27880,797,26,73,3
27881,797,27,62,2
27882,797,28,56,2
27883,797,29,91,0
27884,797,30,60,3
27885,797,31,63,2
27886,797,32,44,2
27887,797,33,57,3
27888,797,34,36,2
27889,797,35,44,0
27890,798,1,51,0
27891,798,2,40,1
27892,798,3,29,1
27893,798,4,71,3
27894,798,5,40,2
27895,798,6,18,0
27896,798,7,85,5
27897,798,8,77,4
27898,798,9,52,2
27899,798,10,33,1
27900,798,11,42,2
27901,798,12,22,1
27902,798,13,17,0
27903,798,14,46,2
27904,798,15,44,1
27905,798,16,41,2
27906,798,17,47,3
27907,798,18,56,2
27908,798,19,47,1
27909,798,20,28,0
27910,798,21,39,2
27911,798,22,65,3
27912,798,23,36,1
27913,798,24,27,1
27914,798,25,35,2
27915,798,26,44,1
27916,798,27,32,2
27917,798,28,35,0
27918,798,29,54,1
27919,798,30,24,1
27920,798,31,21,1
27921,798,32,61,1
27922,798,33,63,2
27923,798,34,53,1
27924,798,35,44,2
27925,799,1,72,1
27926,799,2,14,1
27927,799,3,43,1
27928,799,4,28,0
27929,799,5,7,0
27930,799,6,28,2
27931,799,7,33,2
27932,799,8,29,1
27933,799,9,35,1
27934,799,10,52,2
27935,799,11,18,1
27936,799,12,29,2
27937,799,13,21,0
27938,799,14,32,1
27939,799,15,49,1
27940,799,16,58,3
27941,799,17,39,1
27942,799,18,31,1
27943,799,19,70,2
27944,799,20,47,2
27945,799,21,28,0
27946,799,22,55,3
27947,799,23,60,2
27948,799,24,23,0
27949,799,25,27,1
27950,799,26,31,2
27951,799,27,31,1
27952,799,28,21,0
27953,799,29,28,0
27954,799,30,43,1
27955,799,31,28,2
27956,799,32,40,2
27957,799,33,34,2
27958,799,34,31,0
27959,799,35,26,1
27960,800,1,48,1
27961,800,2,80,4
27962,800,3,57,2
27963,800,4,14,1
27964,800,5,83,2
27965,800,6,81,2
27966,800,7,36,1
27967,800,8,33,2
27968,800,9,79,1
27969,800,10,67,1
27970,800,11,55,3
27971,800,12,41,0
27972,800,13,53,3
27973,800,14,75,0
27974,800,15,28,1
27975,800,16,53,1
27976,800,17,56,1
27977,800,18,22,1
27978,800,19,41,2
27979,800,20,20,0
27980,800,21,38,2
27981,800,22,37,2
27982,800,23,85,3
27983,800,24,31,1
27984,800,25,90,2
27985,800,26,55,2
27986,800,27,27,0
27987,800,28,49,0
27988,800,29,61,3
27989,800,30,73,3
27990,800,31,35,2
27991,800,32,50,1
27992,800,33,46,2
27993,800,34,37,1
27994,800,35,70,3
27995,801,1,73,4
27996,801,2,96,0
27997,801,3,52,3
27998,801,4,71,1
27999,801,5,154,7
28000,801,6,72,4
28001,801,7,95,2
28002,801,8,47,2
28003,801,9,62,0
28004,801,10,108,4
28005,801,11,81,1
28006,801,12,85,3
28007,801,13,122,2
28008,801,14,62,3
28009,801,15,44,1
28010,801,16,95,2
28011,801,17,135,6
28012,801,18,66,1
28013,801,19,32,1
28014,801,20,53,2
28015,801,21,45,1
28016,801,22,115,5
28017,801,23,122,5
28018,801,24,105,0
28019,801,25,48,2
28020,801,26,121,4
28021,801,27,165,5
28022,801,28,58,1
28023,801,29,43,2
28024,801,30,65,2
28025,801,31,123,4
28026,801,32,110,2
28027,801,33,90,2
28028,801,34,31,1
28029,801,35,19,1
28030,802,1,40,0
28031,802,2,55,1
28032,802,3,27,2
28033,802,4,97,3
28034,802,5,40,1
28035,802,6,69,4
28036,802,7,42,2
28037,802,8,45,1
28038,802,9,65,3
28039,802,10,46,2
28040,802,11,60,2
28041,802,12,43,2
28042,802,13,144,8
28043,802,14,41,2
28044,802,15,124,3
28045,802,16,71,0
28046,802,17,99,5
28047,802,18,104,5
28048,802,19,53,2
28049,802,20,31,1
28050,802,21,10,0
28051,802,22,63,1
28052,802,23,121,7
28053,802,24,100,2
28054,802,25,105,1
28055,802,26,48,3
28056,802,27,67,3
28057,802,28,62,0
28058,802,29,31,2
28059,802,30,88,3
28060,802,31,33,0
28061,802,32,20,1
28062,802,33,45,0
28063,802,34,26,1
28064,802,35,44,2
28065,803,1,25,1
28066,803,2,60,1
28067,803,3,44,1
28068,803,4,45,1
28069,803,5,34,1
28070,803,6,27,1
28071,803,7,45,3
28072,803,8,48,2
28073,803,9,34,1
28074,803,10,96,4
28075,803,11,37,0
28076,803,12,50,3
28077,803,13,72,4
28078,803,14,50,2
28079,803,15,33,1
28080,803,16,57,1
28081,803,17,40,1
28082,803,18,48,1
28083,803,19,37,2
28084,803,20,42,2
28085,803,21,19,0
28086,803,22,36,0
28087,803,23,44,0
28088,803,24,35,1
28089,803,25,41,2
28090,803,26,44,2
28091,803,27,62,0
28092,803,28,25,1
28093,803,29,34,1
28094,803,30,38,0
28095,803,31,42,1
28096,803,32,41,2
28097,803,33,63,3
28098,803,34,40,1
28099,803,35,50,0
28100,804,1,36,1
28101,804,2,70,3
28102,804,3,79,2
28103,804,4,53,1
28104,804,5,73,0
28105,804,6,58,3
28106,804,7,73,2
28107,804,8,47,3
28108,804,9,78,2
28109,804,10,65,3
28110,804,11,66,0
28111,804,12,49,0
28112,804,13,54,2
28113,804,14,42,0
28114,804,15,46,1
28115,804,16,93,3
28116,804,17,129,6
28117,804,18,41,2
28118,804,19,62,2
28119,804,20,63,3
28120,804,21,57,2
28121,804,22,106,0
28122,804,23,51,3
28123,804,24,69,4
28124,804,25,51,1
28125,804,26,48,2
28126,804,27,59,3
28127,804,28,103,4
28128,804,29,58,2
28129,804,30,58,2
28130,804,31,127,2
28131,804,32,71,2
28132,804,33,63,2
28133,804,34,87,2
28134,804,35,51,1
28135,805,1,72,2
28136,805,2,22,0
28137,805,3,60,0
28138,805,4,63,1
28139,805,5,112,2
28140,805,6,116,6
28141,805,7,68,4
28142,805,8,91,4
28143,805,9,82,0
28144,805,10,99,1
28145,805,11,57,2
28146,805,12,120,4
28147,805,13,98,5
28148,805,14,84,0
28149,805,15,118,4
28150,805,16,90,5
28151,805,17,73,2
28152,805,18,75,2
28153,805,19,69,1
28154,805,20,143,3
28155,805,21,81,2
28156,805,22,67,3
28157,805,23,77,2
28158,805,24,32,0
28159,805,25,59,1
28160,805,26,55,1
28161,805,27,44,2
28162,805,28,52,3
28163,805,29,82,4
28164,805,30,66,1
28165,805,31,101,6
28166,805,32,66,2
28167,805,33,79,2
28168,805,34,129,6
28169,805,35,136,4
28170,806,1,31,0
28171,806,2,61,0
28172,806,3,135,1
28173,806,4,23,0
28174,806,5,58,2
28175,806,6,59,2
28176,806,7,22,1
28177,806,8,45,1
28178,806,9,77,4
28179,806,10,31,0
28180,806,11,37,2
28181,806,12,32,1
28182,806,13,54,3
28183,806,14,67,3
28184,806,15,98,5
28185,806,16,67,0
28186,806,17,39,2
28187,806,18,50,1
28188,806,19,81,3
28189,806,20,57,1
28190,806,21,116,2
28191,806,22,48,2
28192,806,23,83,2
28193,806,24,20,0
28194,806,25,25,1
28195,806,26,26,1
28196,806,27,52,2
28197,806,28,51,1
28198,806,29,51,3
28199,806,30,31,1
28200,806,31,51,1
28201,806,32,79,2
28202,806,33,57,3
28203,806,34,58,1
28204,806,35,37,2
28205,807,1,52,3
28206,807,2,78,1
28207,807,3,97,5
28208,807,4,37,2
28209,807,5,73,3
28210,807,6,48,3
28211,807,7,32,2
28212,807,8,68,2
28213,807,9,24,1
28214,807,10,44,0
28215,807,11,35,0
28216,807,12,55,3
28217,807,13,62,1
28218,807,14,58,2
28219,807,15,35,1
28220,807,16,47,2
28221,807,17,58,1
28222,807,18,42,2
28223,807,19,38,2
28224,807,20,41,1
28225,807,21,48,1
28226,807,22,37,0
28227,807,23,29,0
28228,807,24,32,2
28229,807,25,16,1
28230,807,26,35,2
28231,807,27,57,0
28232,807,28,12,0
28233,807,29,43,1
28234,807,30,35,2
28235,807,31,26,1
28236,807,32,19,1
28237,807,33,27,1
28238,807,34,46,2
28239,807,35,41,1
28240,808,1,79,3
28241,808,2,41,1
28242,808,3,89,0
28243,808,4,59,3
28244,808,5,47,1
28245,808,6,64,2
28246,808,7,62,3
28247,808,8,83,2
28248,808,9,44,2
28249,808,10,76,4
28250,808,11,50,0
28251,808,12,37,0
28252,808,13,37,2
28253,808,14,45,0
28254,808,15,82,1
28255,808,16,78,3
28256,808,17,42,0
28257,808,18,162,9
28258,808,19,59,2
28259,808,20,47,1
28260,808,21,39,1
28261,808,22,41,0
28262,808,23,129,2
28263,808,24,57,3
28264,808,25,37,2
28265,808,26,64,3
28266,808,27,102,1
28267,808,28,80,1
28268,808,29,28,2
28269,808,30,62,2
28270,808,31,53,3
28271,808,32,55,2
28272,808,33,81,1
28273,808,34,111,2
28274,808,35,42,2
28275,809,1,37,2
28276,809,2,74,1
28277,809,3,8,0
28278,809,4,45,1
28279,809,5,37,2
28280,809,6,53,2
28281,809,7,51,1
28282,809,8,50,0
28283,809,9,27,1
28284,809,10,23,1
28285,809,11,20,1
28286,809,12,46,1
28287,809,13,33,1
28288,809,14,44,0
28289,809,15,22,1
28290,809,16,34,1
28291,809,17,56,1
28292,809,18,22,1
28293,809,19,26,1
28294,809,20,21,1
28295,809,21,29,1
28296,809,22,28,1
28297,809,23,22,1
28298,809,24,39,0
28299,809,25,31,1
28300,809,26,69,4
28301,809,27,55,2
28302,809,28,37,2
28303,809,29,70,0
28304,809,30,39,2
28305,809,31,29,1
28306,809,32,39,1
28307,809,33,47,1
28308,809,34,39,2
28309,809,35,38,1
28310,810,1,22,0
28311,810,2,19,1
28312,810,3,30,1
28313,810,4,19,0
28314,810,5,18,1
28315,810,6,51,1
28316,810,7,29,2
28317,810,8,38,1
28318,810,9,24,1
28319,810,10,5,0
28320,810,11,24,1
28321,810,12,16,0
28322,810,13,12,1
28323,810,14,41,1
28324,810,15,19,1
28325,810,16,13,0
28326,810,17,27,1
28327,810,18,24,1
28328,810,19,42,1
28329,810,20,56,3
28330,810,21,49,2
28331,810,22,32,0
28332,810,23,51,1
28333,810,24,11,1
28334,810,25,32,1
28335,810,26,20,1
28336,810,27,24,0
28337,810,28,21,1
28338,810,29,23,1
28339,810,30,15,0
28340,810,31,23,1
28341,810,32,30,1
28342,810,33,41,2
28343,810,34,12,0
28344,810,35,37,0
28345,811,1,8,0
28346,811,2,38,2
28347,811,3,34,0
28348,811,4,22,0
28349,811,5,5,0
28350,811,6,28,1
28351,811,7,18,1
28352,811,8,8,0
28353,811,9,30,2
28354,811,10,12,0
28355,811,11,13,0
28356,811,12,9,0
28357,811,13,19,1
28358,811,14,14,0
28359,811,15,27,1
28360,811,16,21,1
28361,811,17,27,1
28362,811,18,40,1
28363,811,19,22,1
28364,811,20,22,0
28365,811,21,30,0
28366,811,22,13,0
28367,811,23,21,0
28368,811,24,27,0
28369,811,25,24,1
28370,811,26,21,1
28371,811,27,17,1
28372,811,28,35,1
28373,811,29,7,0
28374,811,30,2,0
28375,811,31,10,0
28376,811,32,16,1
28377,811,33,49,2
28378,811,34,36,1
28379,811,35,40,1
28380,812,1,52,1
28381,812,2,26,2
28382,812,3,26,1
28383,812,4,30,2
28384,812,5,30,1
28385,812,6,32,0
28386,812,7,43,1
28387,812,8,14,0
28388,812,9,37,2
28389,812,10,36,1
28390,812,11,33,2
28391,812,12,25,1
28392,812,13,15,0
28393,812,14,28,0
28394,812,15,54,2
28395,812,16,43,1
28396,812,17,56,3
28397,812,18,16,1
28398,812,19,26,1
28399,812,20,35,2
28400,812,21,28,0
28401,812,22,25,1
28402,812,23,49,2
28403,812,24,37,1
28404,812,25,45,2
28405,812,26,18,1
28406,812,27,35,1
28407,812,28,32,1
28408,812,29,8,0
28409,812,30,25,0
28410,812,31,30,1
28411,812,32,39,2
28412,812,33,58,3
28413,812,34,49,2
28414,812,35,31,1
28415,813,1,58,3
28416,813,2,25,0
28417,813,3,69,2
28418,813,4,17,0
28419,813,5,28,1
28420,813,6,55,3
28421,813,7,53,3
28422,813,8,68,1
28423,813,9,48,2
28424,813,10,38,1
28425,813,11,71,4
28426,813,12,61,2
28427,813,13,42,2
28428,813,14,27,1
28429,813,15,31,1
28430,813,16,74,4
28431,813,17,72,2
28432,813,18,29,1
28433,813,19,92,4
28434,813,20,34,1
28435,813,21,90,3
28436,813,22,41,1
28437,813,23,75,4
28438,813,24,26,1
28439,813,25,96,4
28440,813,26,54,3
28441,813,27,24,1
28442,813,28,38,2
28443,813,29,22,1
28444,813,30,55,2
28445,813,31,36,1
28446,813,32,31,1
28447,813,33,32,2
28448,813,34,27,2
28449,813,35,22,1
28450,814,1,32,0
28451,814,2,30,1
28452,814,3,28,0
28453,814,4,36,1
28454,814,5,21,0
28455,814,6,20,1
28456,814,7,29,1
28457,814,8,26,0
28458,814,9,30,1
28459,814,10,48,1
28460,814,11,22,1
28461,814,12,19,0
28462,814,13,27,1
28463,814,14,5,0
28464,814,15,15,1
28465,814,16,26,1
28466,814,17,42,1
28467,814,18,11,1
28468,814,19,10,0
28469,814,20,34,1
28470,814,21,31,0
28471,814,22,29,0
28472,814,23,32,1
28473,814,24,26,0
28474,814,25,22,1
28475,814,26,17,1
28476,814,27,36,1
28477,814,28,19,1
28478,814,29,7,0
28479,814,30,16,1
28480,814,31,31,1
28481,814,32,21,1
28482,814,33,32,1
28483,814,34,27,0
28484,814,35,28,1
28485,815,1,11,0
28486,815,2,26,1
28487,815,3,7,0
28488,815,4,25,1
28489,815,5,16,0
28490,815,6,19,1
28491,815,7,20,1
28492,815,8,16,0
28493,815,9,27,0
28494,815,10,25,1
28495,815,11,12,0
28496,815,12,34,2
28497,815,13,23,1
28498,815,14,28,0
28499,815,15,21,0
28500,815,16,18,1
28501,815,17,12,1
28502,815,18,27,1
28503,815,19,17,0
28504,815,20,42,2
28505,815,21,4,0
28506,815,22,20,1
28507,815,23,23,0
28508,815,24,21,0
28509,815,25,35,2
28510,815,26,28,1
28511,815,27,27,0
28512,815,28,15,0
28513,815,29,22,1
28514,815,30,7,0
28515,815,31,22,1
28516,815,32,48,1
28517,815,33,31,1
28518,815,34,8,0
28519,815,35,3,0
28520,816,1,54,3
28521,816,2,22,1
28522,816,3,28,1
28523,816,4,42,1
28524,816,5,51,3
28525,816,6,11,1
28526,816,7,69,3
28527,816,8,12,0
28528,816,9,45,1
28529,816,10,38,1
28530,816,11,28,0
28531,816,12,32,1
28532,816,13,19,0
28533,816,14,18,1
28534,816,15,53,0
28535,816,16,26,1
28536,816,17,13,1
28537,816,18,18,1
28538,816,19,14,1
28539,816,20,28,2
28540,816,21,40,1
28541,816,22,25,1
28542,816,23,83,2
28543,816,24,56,3
28544,816,25,36,2
28545,816,26,33,1
28546,816,27,49,2
28547,816,28,16,1
28548,816,29,30,1
28549,816,30,7,0
28550,816,31,43,1
28551,816,32,14,1
28552,816,33,39,1
28553,816,34,42,0
28554,816,35,25,1
28555,817,1,41,2
28556,817,2,38,0
28557,817,3,37,1
28558,817,4,54,2
28559,817,5,43,2
28560,817,6,48,1
28561,817,7,30,2
28562,817,8,59,0
28563,817,9,51,1
28564,817,10,27,0
28565,817,11,27,1
28566,817,12,57,2
28567,817,13,113,2
28568,817,14,33,1
28569,817,15,47,1
28570,817,16,47,2
28571,817,17,24,1
28572,817,18,56,1
28573,817,19,68,3
28574,817,20,49,1
28575,817,21,39,1
28576,817,22,81,2
28577,817,23,42,1
28578,817,24,55,0
28579,817,25,68,2
28580,817,26,59,1
28581,817,27,63,2
28582,817,28,52,1
28583,817,29,31,2
28584,817,30,27,1
28585,817,31,39,0
28586,817,32,42,0
28587,817,33,19,1
28588,817,34,29,1
28589,817,35,73,3
28590,818,1,18,0
28591,818,2,45,3
28592,818,3,42,0
28593,818,4,29,1
28594,818,5,38,1
28595,818,6,50,1
28596,818,7,11,0
28597,818,8,62,4
28598,818,9,24,1
28599,818,10,55,3
28600,818,11,31,1
28601,818,12,27,1
28602,818,13,37,2
28603,818,14,12,0
28604,818,15,19,1
28605,818,16,22,0
28606,818,17,41,1
28607,818,18,26,1
28608,818,19,26,1
28609,818,20,36,1
28610,818,21,29,2
28611,818,22,21,0
28612,818,23,21,1
28613,818,24,34,1
28614,818,25,22,1
28615,818,26,31,2
28616,818,27,26,1
28617,818,28,58,1
28618,818,29,37,1
28619,818,30,62,1
28620,818,31,28,1
28621,818,32,27,1
28622,818,33,21,0
28623,818,34,22,0
28624,818,35,60,0
28625,819,1,22,0
28626,819,2,40,2
28627,819,3,36,1
28628,819,4,45,2
28629,819,5,10,0
28630,819,6,50,2
28631,819,7,48,1
28632,819,8,23,1
28633,819,9,34,1
28634,819,10,24,1
28635,819,11,19,0
28636,819,12,10,0
28637,819,13,14,0
28638,819,14,25,1
28639,819,15,24,0
28640,819,16,14,0
28641,819,17,43,1
28642,819,18,5,0
28643,819,19,21,1
28644,819,20,26,0
28645,819,21,26,0
28646,819,22,12,0
28647,819,23,27,1
28648,819,24,6,0
28649,819,25,20,0
28650,819,26,36,2
28651,819,27,13,0
28652,819,28,27,1
28653,819,29,48,2
28654,819,30,32,1
28655,819,31,30,1
28656,819,32,22,1
28657,819,33,25,1
28658,819,34,12,0
28659,819,35,28,1
28660,820,1,30,1
28661,820,2,23,1
28662,820,3,61,1
28663,820,4,53,1
28664,820,5,21,0
28665,820,6,78,4
28666,820,7,18,1
28667,820,8,45,2
28668,820,9,41,1
28669,820,10,87,2
28670,820,11,21,0
28671,820,12,31,1
28672,820,13,59,3
28673,820,14,42,1
28674,820,15,29,0
28675,820,16,87,1
28676,820,17,24,1
28677,820,18,24,1
28678,820,19,40,1
28679,820,20,30,1
28680,820,21,40,2
28681,820,22,18,0
28682,820,23,38,2
28683,820,24,45,2
28684,820,25,26,1
28685,820,26,33,2
28686,820,27,34,1
28687,820,28,52,0
28688,820,29,38,1
28689,820,30,61,2
28690,820,31,34,1
28691,820,32,38,1
28692,820,33,52,2
28693,820,34,37,1
28694,820,35,28,1
28695,821,1,65,2
28696,821,2,41,0
28697,821,3,36,0
28698,821,4,81,5
28699,821,5,43,1
28700,821,6,36,2
28701,821,7,77,4
28702,821,8,52,0
28703,821,9,30,0
28704,821,10,65,4
28705,821,11,81,1
28706,821,12,49,2
28707,821,13,52,3
28708,821,14,34,1
28709,821,15,63,2
28710,821,16,51,1
28711,821,17,100,6
28712,821,18,70,2
28713,821,19,28,1
28714,821,20,59,2
28715,821,21,54,2
28716,821,22,87,4
28717,821,23,35,1
28718,821,24,59,0
28719,821,25,53,1
28720,821,26,23,1
28721,821,27,83,5
28722,821,28,41,2
28723,821,29,68,2
28724,821,30,39,2
28725,821,31,34,1
28726,821,32,35,2
28727,821,33,77,2
28728,821,34,61,3
28729,821,35,56,1
28730,822,1,17,0
28731,822,2,33,0
28732,822,3,33,0
28733,822,4,22,1
28734,822,5,8,0
28735,822,6,13,0
28736,822,7,21,0
28737,822,8,43,2
28738,822,9,76,4
28739,822,10,18,0
28740,822,11,36,0
28741,822,12,37,1
28742,822,13,31,1
28743,822,14,36,2
28744,822,15,31,1
28745,822,16,9,0
28746,822,17,29,1
28747,822,18,20,0
28748,822,19,35,1
28749,822,20,51,2
28750,822,21,54,1
28751,822,22,38,0
28752,822,23,16,1
28753,822,24,40,1
28754,822,25,49,3
28755,822,26,30,2
28756,822,27,48,2
28757,822,28,15,1
28758,822,29,87,3
28759,822,30,35,0
28760,822,31,51,3
28761,822,32,27,1
28762,822,33,32,1
28763,822,34,18,0
28764,822,35,25,0
28765,823,1,32,1
28766,823,2,24,1
28767,823,3,17,0
28768,823,4,38,2
28769,823,5,21,0
28770,823,6,17,0
28771,823,7,54,1
28772,823,8,10,0
28773,823,9,43,1
28774,823,10,33,0
28775,823,11,36,2
28776,823,12,18,1
28777,823,13,15,0
28778,823,14,52,1
28779,823,15,42,1
28780,823,16,45,3
28781,823,17,25,1
28782,823,18,33,1
28783,823,19,46,0
28784,823,20,14,0
28785,823,21,19,1
28786,823,22,25,0
28787,823,23,17,0
28788,823,24,25,0
28789,823,25,28,1
28790,823,26,35,1
28791,823,27,11,0
28792,823,28,30,1
28793,823,29,42,1
28794,823,30,48,1
28795,823,31,46,1
28796,823,32,36,2
28797,823,33,22,1
28798,823,34,26,1
28799,823,35,19,1
28800,824,1,46,3
28801,824,2,47,2
28802,824,3,24,0
28803,824,4,55,1
28804,824,5,52,1
28805,824,6,53,2
28806,824,7,14,1
28807,824,8,92,2
28808,824,9,22,0
28809,824,10,70,4
28810,824,11,36,1
28811,824,12,30,2
28812,824,13,20,1
28813,824,14,27,0
28814,824,15,22,0
28815,824,16,96,4
28816,824,17,38,2
28817,824,18,45,1
28818,824,19,49,2
28819,824,20,47,2
28820,824,21,31,1
28821,824,22,66,2
28822,824,23,60,2
28823,824,24,37,2
28824,824,25,35,2
28825,824,26,51,2
28826,824,27,41,1
28827,824,28,54,2
28828,824,29,38,1
28829,824,30,38,1
28830,824,31,52,1
28831,824,32,73,2
28832,824,33,61,2
28833,824,34,18,1
28834,824,35,42,2
28835,825,1,38,2
28836,825,2,55,0
28837,825,3,39,1
28838,825,4,79,2
28839,825,5,72,2
28840,825,6,63,1
28841,825,7,35,2
28842,825,8,37,2
28843,825,9,39,1
28844,825,10,45,2
28845,825,11,80,1
28846,825,12,53,2
28847,825,13,64,1
28848,825,14,48,3
28849,825,15,66,1
28850,825,16,41,1
28851,825,17,77,4
28852,825,18,129,2
28853,825,19,65,2
28854,825,20,24,1
28855,825,21,28,1
28856,825,22,80,4
28857,825,23,113,2
28858,825,24,38,0
28859,825,25,25,1
28860,825,26,56,2
28861,825,27,78,3
28862,825,28,39,1
28863,825,29,38,0
28864,825,30,101,6
28865,825,31,56,2
28866,825,32,125,5
28867,825,33,40,2
28868,825,34,133,3
28869,825,35,110,5
28870,826,1,33,1
28871,826,2,31,0
28872,826,3,39,0
28873,826,4,82,4
28874,826,5,49,3
28875,826,6,72,2
28876,826,7,32,2
28877,826,8,45,1
28878,826,9,44,1
28879,826,10,33,2
28880,826,11,48,1
28881,826,12,77,2
28882,826,13,17,1
28883,826,14,13,1
28884,826,15,23,0
28885,826,16,40,2
28886,826,17,37,2
28887,826,18,61,3
28888,826,19,38,1
28889,826,20,41,1
28890,826,21,72,3
28891,826,22,38,2
28892,826,23,63,3
28893,826,24,49,2
28894,826,25,45,1
28895,826,26,24,1
28896,826,27,50,1
28897,826,28,47,1
28898,826,29,24,0
28899,826,30,32,2
28900,826,31,30,0
28901,826,32,48,3
28902,826,33,31,1
28903,826,34,33,2
28904,826,35,25,0
28905,827,1,20,1
28906,827,2,25,0
28907,827,3,32,1
28908,827,4,15,1
28909,827,5,30,1
28910,827,6,32,1
28911,827,7,60,3
28912,827,8,19,0
28913,827,9,12,0
28914,827,10,49,0
28915,827,11,25,1
28916,827,12,34,1
28917,827,13,9,0
28918,827,14,47,2
28919,827,15,55,3
28920,827,16,36,1
28921,827,17,35,2
28922,827,18,31,1
28923,827,19,94,3
28924,827,20,55,3
28925,827,21,16,0
28926,827,22,51,1
28927,827,23,22,1
28928,827,24,36,0
28929,827,25,20,1
28930,827,26,62,1
28931,827,27,23,0
28932,827,28,18,1
28933,827,29,29,1
28934,827,30,19,1
28935,827,31,22,0
28936,827,32,29,1
28937,827,33,31,1
28938,827,34,17,1
28939,827,35,32,1
28940,828,1,24,1
28941,828,2,102,2
28942,828,3,37,1
28943,828,4,63,1
28944,828,5,48,2
28945,828,6,106,6
28946,828,7,47,2
28947,828,8,59,3
28948,828,9,110,4
28949,828,10,45,1
28950,828,11,40,0
28951,828,12,58,2
28952,828,13,38,2
28953,828,14,45,2
28954,828,15,20,1
28955,828,16,64,4
28956,828,17,38,1
28957,828,18,32,1
28958,828,19,68,3
28959,828,20,35,1
28960,828,21,68,2
28961,828,22,42,0
28962,828,23,73,2
28963,828,24,16,1
28964,828,25,75,4
28965,828,26,77,4
28966,828,27,105,5
28967,828,28,51,0
28968,828,29,28,1
28969,828,30,50,2
28970,828,31,35,1
28971,828,32,36,1
28972,828,33,41,2
28973,828,34,21,1
28974,828,35,74,2
28975,829,1,185,8
28976,829,2,74,0
28977,829,3,83,4
28978,829,4,69,0
28979,829,5,65,4
28980,829,6,62,3
28981,829,7,101,4
28982,829,8,68,4
28983,829,9,57,1
28984,829,10,68,4
28985,829,11,228,4
28986,829,12,69,4
28987,829,13,37,1
28988,829,14,110,2
28989,829,15,41,2
28990,829,16,84,3
28991,829,17,90,2
28992,829,18,100,2
28993,829,19,98,4
28994,829,20,82,1
28995,829,21,98,4
28996,829,22,20,1
28997,829,23,120,2
28998,829,24,115,0
28999,829,25,81,2
29000,829,26,107,6
29001,829,27,103,0
29002,829,28,112,3
29003,829,29,69,2
29004,829,30,69,3
29005,829,31,58,2
29006,829,32,84,0
29007,829,33,70,3
29008,829,34,60,2
29009,829,35,78,1
29010,830,1,35,2
29011,830,2,59,0
29012,830,3,79,2
29013,830,4,39,1
29014,830,5,50,3
29015,830,6,84,2
29016,830,7,85,2
29017,830,8,15,1
29018,830,9,41,1
29019,830,10,51,2
29020,830,11,30,1
29021,830,12,57,2
29022,830,13,39,0
29023,830,14,59,3
29024,830,15,60,2
29025,830,16,22,0
29026,830,17,96,2
29027,830,18,87,5
29028,830,19,17,0
29029,830,20,46,1
29030,830,21,37,1
29031,830,22,43,2
29032,830,23,37,1
29033,830,24,85,1
29034,830,25,34,2
29035,830,26,66,1
29036,830,27,29,1
29037,830,28,32,2
29038,830,29,25,1
29039,830,30,117,4
29040,830,31,72,1
29041,830,32,33,2
29042,830,33,137,2
29043,830,34,64,1
29044,830,35,37,1
29045,831,1,15,1
29046,831,2,41,1
29047,831,3,60,3
29048,831,4,32,2
29049,831,5,99,5
29050,831,6,18,0
29051,831,7,30,1
29052,831,8,85,2
29053,831,9,71,2
29054,831,10,57,3
29055,831,11,27,0
29056,831,12,55,1
29057,831,13,42,2
29058,831,14,52,1
29059,831,15,48,0
29060,831,16,71,2
29061,831,17,17,1
29062,831,18,68,0
29063,831,19,37,1
29064,831,20,54,1
29065,831,21,41,2
29066,831,22,39,2
29067,831,23,46,1
29068,831,24,26,0
29069,831,25,31,1
29070,831,26,47,3
29071,831,27,43,2
29072,831,28,32,0
29073,831,29,70,4
29074,831,30,40,1
29075,831,31,91,3
29076,831,32,54,3
29077,831,33,37,1
29078,831,34,28,1
29079,831,35,38,0
29080,832,1,68,2
29081,832,2,72,4
29082,832,3,123,6
29083,832,4,38,2
29084,832,5,98,1
29085,832,6,45,3
29086,832,7,87,3
29087,832,8,97,0
29088,832,9,53,3
29089,832,10,64,2
29090,832,11,49,1
29091,832,12,87,3
29092,832,13,19,0
29093,832,14,102,0
29094,832,15,55,3
29095,832,16,50,3
29096,832,17,98,4
29097,832,18,44,1
29098,832,19,77,1
29099,832,20,37,1
29100,832,21,78,4
29101,832,22,60,2
29102,832,23,49,1
29103,832,24,19,1
29104,832,25,61,2
29105,832,26,52,3
29106,832,27,70,2
29107,832,28,56,0
29108,832,29,108,4
29109,832,30,104,1
29110,832,31,76,3
29111,832,32,60,3
29112,832,33,30,1
29113,832,34,91,3
29114,832,35,60,2
29115,833,1,60,3
29116,833,2,95,4
29117,833,3,71,4
29118,833,4,48,1
29119,833,5,96,4
29120,833,6,126,4
29121,833,7,95,6
29122,833,8,112,0
29123,833,9,85,3
29124,833,10,59,1
29125,833,11,106,5
29126,833,12,25,0
29127,833,13,43,2
29128,833,14,82,3
29129,833,15,38,1
29130,833,16,157,5
29131,833,17,79,4
29132,833,18,142,3
29133,833,19,53,2
29134,833,20,62,2
29135,833,21,15,1
29136,833,22,124,4
29137,833,23,73,4
29138,833,24,34,0
29139,833,25,78,2
29140,833,26,76,4
29141,833,27,67,3
29142,833,28,151,7
29143,833,29,68,0
29144,833,30,90,5
29145,833,31,104,4
29146,833,32,22,1
29147,833,33,82,2
29148,833,34,59,1
29149,833,35,22,0
29150,834,1,38,2
29151,834,2,36,0
29152,834,3,75,1
29153,834,4,47,2
29154,834,5,23,1
29155,834,6,27,1
29156,834,7,94,4
29157,834,8,49,2
29158,834,9,47,1
29159,834,10,51,3
29160,834,11,27,2
29161,834,12,81,4
29162,834,13,64,4
29163,834,14,64,4
29164,834,15,26,1
29165,834,16,33,1
29166,834,17,59,3
29167,834,18,67,3
29168,834,19,85,1
29169,834,20,46,2
29170,834,21,26,0
29171,834,22,49,2
29172,834,23,61,3
29173,834,24,92,3
29174,834,25,49,2
29175,834,26,56,3
29176,834,27,15,1
29177,834,28,34,1
29178,834,29,64,4
29179,834,30,30,1
29180,834,31,35,2
29181,834,32,29,1
29182,834,33,40,1
29183,834,34,28,0
29184,834,35,69,2
29185,835,1,45,3
29186,835,2,70,4
29187,835,3,45,2
29188,835,4,51,3
29189,835,5,13,0
29190,835,6,31,1
29191,835,7,54,2
29192,835,8,22,1
29193,835,9,24,1
29194,835,10,29,0
29195,835,11,47,3
29196,835,12,19,1
29197,835,13,15,1
29198,835,14,73,2
29199,835,15,59,0
29200,835,16,65,1
29201,835,17,85,5
29202,835,18,30,0
29203,835,19,58,1
29204,835,20,63,2
29205,835,21,64,3
29206,835,22,24,1
29207,835,23,23,1
29208,835,24,24,1
29209,835,25,32,1
29210,835,26,52,3
29211,835,27,43,1
29212,835,28,21,1
29213,835,29,28,1
29214,835,30,53,3
29215,835,31,30,1
29216,835,32,52,1
29217,835,33,36,0
29218,835,34,45,1
29219,835,35,41,1
29220,836,1,19,1
29221,836,2,12,1
29222,836,3,54,0
29223,836,4,46,2
29224,836,5,38,2
29225,836,6,50,1
29226,836,7,94,1
29227,836,8,45,1
29228,836,9,24,1
29229,836,10,81,1
29230,836,11,81,0
29231,836,12,94,4
29232,836,13,29,1
29233,836,14,43,1
29234,836,15,37,0
29235,836,16,65,3
29236,836,17,28,0
29237,836,18,85,4
29238,836,19,57,1
29239,836,20,119,4
29240,836,21,75,3
29241,836,22,49,3
29242,836,23,71,1
29243,836,24,69,3
29244,836,25,30,1
29245,836,26,43,3
29246,836,27,50,0
29247,836,28,38,0
29248,836,29,55,1
29249,836,30,153,4
29250,836,31,87,5
29251,836,32,91,3
29252,836,33,50,2
29253,836,34,72,1
29254,836,35,118,4
29255,837,1,44,1
29256,837,2,24,1
29257,837,3,51,2
29258,837,4,39,2
29259,837,5,60,2
29260,837,6,46,1
29261,837,7,54,2
29262,837,8,55,1
29263,837,9,58,1
29264,837,10,40,1
29265,837,11,45,1
29266,837,12,38,2
29267,837,13,22,1
29268,837,14,48,0
29269,837,15,46,3
29270,837,16,67,2
29271,837,17,27,0
29272,837,18,34,1
29273,837,19,53,1
29274,837,20,20,1
29275,837,21,32,2
29276,837,22,26,1
29277,837,23,43,1
29278,837,24,36,1
29279,837,25,28,1
29280,837,26,25,1
29281,837,27,23,1
29282,837,28,33,2
29283,837,29,39,0
29284,837,30,40,2
29285,837,31,32,0
29286,837,32,44,1
29287,837,33,24,1
29288,837,34,27,1
29289,837,35,45,1
29290,838,1,20,0
29291,838,2,15,1
29292,838,3,29,0
29293,838,4,23,1
29294,838,5,16,0
29295,838,6,6,0
29296,838,7,22,0
29297,838,8,21,0
29298,838,9,29,1
29299,838,10,29,1
29300,838,11,22,0
29301,838,12,24,1
29302,838,13,33,1
29303,838,14,46,1
29304,838,15,2,0
29305,838,16,22,1
29306,838,17,40,1
29307,838,18,8,0
29308,838,19,19,1
29309,838,20,19,0
29310,838,21,32,2
29311,838,22,25,1
29312,838,23,52,2
29313,838,24,19,1
29314,838,25,25,0
29315,838,26,39,2
29316,838,27,24,1
29317,838,28,20,0
29318,838,29,50,3
29319,838,30,32,1
29320,838,31,35,1
29321,838,32,12,1
29322,838,33,23,0
29323,838,34,15,1
29324,838,35,28,0
29325,839,1,39,1
29326,839,2,30,2
29327,839,3,22,0
29328,839,4,19,1
29329,839,5,30,0
29330,839,6,39,1
29331,839,7,12,0
29332,839,8,16,0
29333,839,9,14,1
29334,839,10,28,2
29335,839,11,16,0
29336,839,12,30,1
29337,839,13,20,1
29338,839,14,17,1
29339,839,15,15,0
29340,839,16,24,1
29341,839,17,17,0
29342,839,18,29,1
29343,839,19,17,1
29344,839,20,8,0
29345,839,21,16,1
29346,839,22,21,1
29347,839,23,18,1
29348,839,24,17,0
29349,839,25,12,1
29350,839,26,35,1
29351,839,27,33,1
29352,839,28,26,0
29353,839,29,26,0
29354,839,30,10,0
29355,839,31,13,0
29356,839,32,20,1
29357,839,33,22,0
29358,839,34,36,1
29359,839,35,12,1
29360,840,1,28,1
29361,840,2,68,4
29362,840,3,41,2
29363,840,4,42,1
29364,840,5,21,1
29365,840,6,38,1
29366,840,7,58,1
29367,840,8,33,1
29368,840,9,35,0
29369,840,10,31,2
29370,840,11,23,1
29371,840,12,40,2
29372,840,13,37,0
29373,840,14,25,1
29374,840,15,24,1
29375,840,16,53,1
29376,840,17,28,0
29377,840,18,26,1
29378,840,19,16,0
29379,840,20,27,0
29380,840,21,49,3
29381,840,22,25,1
29382,840,23,27,0
29383,840,24,33,1
29384,840,25,48,1
29385,840,26,27,1
29386,840,27,29,0
29387,840,28,15,0
29388,840,29,29,1
29389,840,30,55,1
29390,840,31,17,0
29391,840,32,20,1
29392,840,33,38,2
29393,840,34,12,0
29394,840,35,24,1
29395,841,1,23,1
29396,841,2,20,1
29397,841,3,19,1
29398,841,4,47,2
29399,841,5,29,1
29400,841,6,56,3
29401,841,7,42,3
29402,841,8,61,3
29403,841,9,7,0
29404,841,10,33,1
29405,841,11,21,1
29406,841,12,41,2
29407,841,13,32,2
29408,841,14,51,0
29409,841,15,31,1
29410,841,16,15,1
29411,841,17,59,2
29412,841,18,48,0
29413,841,19,25,1
29414,841,20,40,1
29415,841,21,83,3
29416,841,22,56,1
29417,841,23,23,1
29418,841,24,18,1
29419,841,25,22,0
29420,841,26,51,2
29421,841,27,36,1
29422,841,28,56,2
29423,841,29,34,1
29424,841,30,79,1
29425,841,31,30,0
29426,841,32,76,3
29427,841,33,29,2
29428,841,34,38,1
29429,841,35,49,3
29430,842,1,12,0
29431,842,2,14,0
29432,842,3,32,0
29433,842,4,23,1
29434,842,5,17,1
29435,842,6,27,1
29436,842,7,29,1
29437,842,8,26,1
29438,842,9,16,1
29439,842,10,43,2
29440,842,11,19,1
29441,842,12,8,0
29442,842,13,25,1
29443,842,14,8,0
29444,842,15,35,2
29445,842,16,24,1
29446,842,17,20,0
29447,842,18,27,1
29448,842,19,37,2
29449,842,20,15,1
29450,842,21,13,0
29451,842,22,34,1
29452,842,23,44,2
29453,842,24,29,2
29454,842,25,26,0
29455,842,26,16,1
29456,842,27,30,1
29457,842,28,28,1
29458,842,29,25,1
29459,842,30,14,0
29460,842,31,23,1
29461,842,32,55,1
29462,842,33,85,2
29463,842,34,17,1
29464,842,35,21,1
29465,843,1,16,0
29466,843,2,19,0
29467,843,3,12,1
29468,843,4,13,1
29469,843,5,34,1
29470,843,6,7,0
29471,843,7,24,1
29472,843,8,22,1
29473,843,9,22,1
29474,843,10,20,0
29475,843,11,18,1
29476,843,12,20,0
29477,843,13,10,1
29478,843,14,21,1
29479,843,15,19,1
29480,843,16,31,1
29481,843,17,16,1
29482,843,18,28,1
29483,843,19,24,1
29484,843,20,34,2
29485,843,21,41,0
29486,843,22,12,1
29487,843,23,23,1
29488,843,24,16,1
29489,843,25,8,0
29490,843,26,14,0
29491,843,27,12,1
29492,843,28,24,0
29493,843,29,20,0
29494,843,30,29,1
29495,843,31,17,0
29496,843,32,21,1
29497,843,33,18,0
29498,843,34,34,1
29499,843,35,29,2
29500,844,1,52,1
29501,844,2,52,1
29502,844,3,34,2
29503,844,4,38,1
29504,844,5,20,0
29505,844,6,25,1
29506,844,7,17,0
29507,844,8,19,0
29508,844,9,35,2
29509,844,10,24,1
29510,844,11,29,0
29511,844,12,22,1
29512,844,13,23,0
29513,844,14,35,1
29514,844,15,23,0
29515,844,16,31,1
29516,844,17,14,1
29517,844,18,46,3
29518,844,19,35,0
29519,844,20,29,1
29520,844,21,14,1
29521,844,22,31,0
29522,844,23,31,2
29523,844,24,71,1
29524,844,25,23,1
29525,844,26,20,1
29526,844,27,15,0
29527,844,28,16,0
29528,844,29,49,1
29529,844,30,13,0
29530,844,31,20,1
29531,844,32,17,0
29532,844,33,56,3
29533,844,34,44,2
29534,844,35,18,1
29535,845,1,88,5
29536,845,2,54,0
29537,845,3,23,1
29538,845,4,33,2
29539,845,5,43,1
29540,845,6,84,2
29541,845,7,32,2
29542,845,8,42,0
29543,845,9,36,2
29544,845,10,66,2
29545,845,11,45,2
29546,845,12,59,2
29547,845,13,70,3
29548,845,14,42,1
29549,845,15,53,2
29550,845,16,46,1
29551,845,17,78,2
29552,845,18,43,0
29553,845,19,25,0
29554,845,20,24,1
29555,845,21,19,1
29556,845,22,54,1
29557,845,23,123,5
29558,845,24,43,2
29559,845,25,65,2
29560,845,26,83,2
29561,845,27,51,1
29562,845,28,63,1
29563,845,29,11,0
29564,845,30,37,2
29565,845,31,16,0
29566,845,32,35,2
29567,845,33,39,1
29568,845,34,73,3
29569,845,35,40,2
29570,846,1,28,1
29571,846,2,21,0
29572,846,3,24,1
29573,846,4,21,1
29574,846,5,26,1
29575,846,6,40,1
29576,846,7,34,2
29577,846,8,38,2
29578,846,9,36,1
29579,846,10,29,0
29580,846,11,32,1
29581,846,12,46,1
29582,846,13,27,1
29583,846,14,28,0
29584,846,15,5,0
29585,846,16,37,1
29586,846,17,38,1
29587,846,18,46,2
29588,846,19,34,2
29589,846,20,43,2
29590,846,21,36,1
29591,846,22,38,2
29592,846,23,44,1
29593,846,24,26,0
29594,846,25,34,1
29595,846,26,19,1
29596,846,27,14,0
29597,846,28,19,1
29598,846,29,33,1
29599,846,30,48,2
29600,846,31,13,1
29601,846,32,40,2
29602,846,33,18,1
29603,846,34,42,2
29604,846,35,13,0
29605,847,1,29,0
29606,847,2,34,1
29607,847,3,25,1
29608,847,4,39,1
29609,847,5,22,1
29610,847,6,14,0
29611,847,7,74,2
29612,847,8,20,0
29613,847,9,41,1
29614,847,10,29,1
29615,847,11,36,0
29616,847,12,31,2
29617,847,13,46,2
29618,847,14,17,0
29619,847,15,23,0
29620,847,16,28,1
29621,847,17,33,2
29622,847,18,19,0
29623,847,19,17,1
29624,847,20,39,2
29625,847,21,33,0
29626,847,22,30,1
29627,847,23,45,1
29628,847,24,39,2
29629,847,25,18,0
29630,847,26,43,1
29631,847,27,50,2
29632,847,28,28,1
29633,847,29,5,0
29634,847,30,20,1
29635,847,31,19,1
29636,847,32,49,2
29637,847,33,27,0
29638,847,34,70,4
29639,847,35,32,0
29640,848,1,46,1
29641,848,2,30,0
29642,848,3,47,0
29643,848,4,27,1
29644,848,5,33,1
29645,848,6,66,4
29646,848,7,30,1
29647,848,8,24,0
29648,848,9,50,3
29649,848,10,43,2
29650,848,11,41,0
29651,848,12,58,1
29652,848,13,11,0
29653,848,14,34,1
29654,848,15,15,1
29655,848,16,35,2
29656,848,17,30,1
29657,848,18,31,1
29658,848,19,47,0
29659,848,20,37,0
29660,848,21,71,3
29661,848,22,34,1
29662,848,23,37,1
29663,848,24,41,2
29664,848,25,64,2
29665,848,26,58,3
29666,848,27,41,0
29667,848,28,36,0
29668,848,29,56,3
29669,848,30,29,2
29670,848,31,41,2
29671,848,32,27,0
29672,848,33,62,3
29673,848,34,42,2
29674,848,35,34,2
29675,849,1,48,0
29676,849,2,44,0
29677,849,3,72,2
29678,849,4,30,1
29679,849,5,33,2
29680,849,6,51,1
29681,849,7,27,1
29682,849,8,37,1
29683,849,9,35,1
29684,849,10,86,2
29685,849,11,38,2
29686,849,12,60,1
29687,849,13,35,1
29688,849,14,24,0
29689,849,15,57,3
29690,849,16,24,1
29691,849,17,83,4
29692,849,18,19,1
29693,849,19,8,0
29694,849,20,32,1
29695,849,21,54,2
29696,849,22,75,4
29697,849,23,48,1
29698,849,24,29,0
29699,849,25,36,2
29700,849,26,34,1
29701,849,27,23,1
29702,849,28,66,2
29703,849,29,51,2
29704,849,30,45,2
29705,849,31,11,0
29706,849,32,40,1
29707,849,33,41,2
29708,849,34,48,1
29709,849,35,51,2
29710,850,1,23,1
29711,850,2,50,0
29712,850,3,48,2
29713,850,4,72,3
29714,850,5,27,1
29715,850,6,44,3
29716,850,7,22,1
29717,850,8,28,1
29718,850,9,23,0
29719,850,10,25,1
29720,850,11,27,2
29721,850,12,41,2
29722,850,13,40,1
29723,850,14,57,1
29724,850,15,40,2
29725,850,16,17,0
29726,850,17,45,1
29727,850,18,45,1
29728,850,19,50,1
29729,850,20,32,2
29730,850,21,64,1
29731,850,22,30,1
29732,850,23,29,1
29733,850,24,26,1
29734,850,25,33,1
29735,850,26,38,2
29736,850,27,67,1
29737,850,28,26,1
29738,850,29,37,1
29739,850,30,28,1
29740,850,31,44,2
29741,850,32,27,1
29742,850,33,32,1
29743,850,34,37,1
29744,850,35,49,0
29745,851,1,25,0
29746,851,2,10,0
29747,851,3,8,0
29748,851,4,16,1
29749,851,5,22,0
29750,851,6,26,1
29751,851,7,21,0
29752,851,8,24,0
29753,851,9,29,1
29754,851,10,36,0
29755,851,11,21,0
29756,851,12,43,2
29757,851,13,39,1
29758,851,14,11,0
29759,851,15,16,0
29760,851,16,16,0
29761,851,17,36,2
29762,851,18,32,1
29763,851,19,45,2
29764,851,20,24,1
29765,851,21,26,0
29766,851,22,52,2
29767,851,23,34,1
29768,851,24,2,0
29769,851,25,49,3
29770,851,26,37,1
29771,851,27,9,0
29772,851,28,27,1
29773,851,29,21,0
29774,851,30,40,2
29775,851,31,13,1
29776,851,32,59,1
29777,851,33,19,0
29778,851,34,27,1
29779,851,35,36,1
29780,852,1,42,1
29781,852,2,85,0
29782,852,3,30,0
29783,852,4,24,1
29784,852,5,34,1
29785,852,6,34,1
29786,852,7,39,1
29787,852,8,31,0
29788,852,9,35,1
29789,852,10,31,2
29790,852,11,21,1
29791,852,12,10,0
29792,852,13,32,1
29793,852,14,89,0
29794,852,15,47,0
29795,852,16,69,4
29796,852,17,18,0
29797,852,18,34,2
29798,852,19,38,0
29799,852,20,63,3
29800,852,21,78,3
29801,852,22,45,2
29802,852,23,45,1
29803,852,24,55,3
29804,852,25,64,3
29805,852,26,57,2
29806,852,27,35,0
29807,852,28,31,0
29808,852,29,37,2
29809,852,30,42,2
29810,852,31,39,1
29811,852,32,59,3
29812,852,33,26,2
29813,852,34,47,2
29814,852,35,64,4
29815,853,1,81,0
29816,853,2,37,0
29817,853,3,49,3
29818,853,4,58,1
29819,853,5,43,1
29820,853,6,77,3
29821,853,7,63,3
29822,853,8,38,1
29823,853,9,42,1
29824,853,10,39,1
29825,853,11,32,1
29826,853,12,38,1
29827,853,13,105,3
29828,853,14,30,0
29829,853,15,51,2
29830,853,16,73,3
29831,853,17,44,1
29832,853,18,57,0
29833,853,19,79,2
29834,853,20,27,1
29835,853,21,109,6
29836,853,22,37,2
29837,853,23,32,2
29838,853,24,19,1
29839,853,25,36,1
29840,853,26,109,4
29841,853,27,68,3
29842,853,28,103,2
29843,853,29,145,0
29844,853,30,45,1
29845,853,31,21,1
29846,853,32,65,2
29847,853,33,115,5
29848,853,34,73,3
29849,853,35,69,3
29850,854,1,52,2
29851,854,2,27,0
29852,854,3,46,0
29853,854,4,34,2
29854,854,5,24,1
29855,854,6,94,3
29856,854,7,40,2
29857,854,8,76,1
29858,854,9,68,1
29859,854,10,29,1
29860,854,11,58,2
29861,854,12,14,1
29862,854,13,58,2
29863,854,14,47,2
29864,854,15,44,1
29865,854,16,57,3
29866,854,17,41,2
29867,854,18,50,2
29868,854,19,57,3
29869,854,20,52,2
29870,854,21,21,1
29871,854,22,79,2
29872,854,23,56,1
29873,854,24,56,2
29874,854,25,17,1
29875,854,26,67,3
29876,854,27,71,3
29877,854,28,27,1
29878,854,29,60,2
29879,854,30,29,1
29880,854,31,43,2
29881,854,32,29,1
29882,854,33,44,3
29883,854,34,20,0
29884,854,35,36,0
29885,855,1,33,1
29886,855,2,58,2
29887,855,3,41,2
29888,855,4,41,2
29889,855,5,35,1
29890,855,6,37,1
29891,855,7,23,1
29892,855,8,40,1
29893,855,9,56,1
29894,855,10,32,0
29895,855,11,37,2
29896,855,12,35,2
29897,855,13,34,2
29898,855,14,29,0
29899,855,15,31,0
29900,855,16,32,1
29901,855,17,39,2
29902,855,18,14,0
29903,855,19,31,2
29904,855,20,49,2
29905,855,21,44,0
29906,855,22,44,1
29907,855,23,26,1
29908,855,24,32,1
29909,855,25,40,2
29910,855,26,27,2
29911,855,27,13,1
29912,855,28,26,1
29913,855,29,31,0
29914,855,30,39,0
29915,855,31,55,2
29916,855,32,17,1
29917,855,33,34,0
29918,855,34,18,0
29919,855,35,20,0
29920,856,1,49,3
29921,856,2,27,1
29922,856,3,38,0
29923,856,4,48,3
29924,856,5,48,1
29925,856,6,38,1
29926,856,7,84,3
29927,856,8,56,0
29928,856,9,35,0
29929,856,10,75,1
29930,856,11,22,1
29931,856,12,25,1
29932,856,13,73,3
29933,856,14,75,1
29934,856,15,33,0
29935,856,16,25,0
29936,856,17,49,1
29937,856,18,119,3
29938,856,19,40,0
29939,856,20,146,4
29940,856,21,37,2
29941,856,22,25,0
29942,856,23,31,1
29943,856,24,63,3
29944,856,25,67,2
29945,856,26,89,4
29946,856,27,40,1
29947,856,28,23,1
29948,856,29,55,2
29949,856,30,53,1
29950,856,31,23,1
29951,856,32,88,4
29952,856,33,27,1
29953,856,34,63,1
29954,856,35,67,4
29955,857,1,65,0
29956,857,2,50,0
29957,857,3,104,5
29958,857,4,41,2
29959,857,5,132,2
29960,857,6,51,0
29961,857,7,92,5
29962,857,8,100,0
29963,857,9,105,5
29964,857,10,75,2
29965,857,11,158,5
29966,857,12,43,2
29967,857,13,60,3
29968,857,14,70,1
29969,857,15,19,1
29970,857,16,55,1
29971,857,17,128,3
29972,857,18,51,0
29973,857,19,91,5
29974,857,20,45,3
29975,857,21,57,2
29976,857,22,114,5
29977,857,23,91,0
29978,857,24,89,1
29979,857,25,46,1
29980,857,26,31,1
29981,857,27,59,1
29982,857,28,93,4
29983,857,29,54,0
29984,857,30,62,1
29985,857,31,203,8
29986,857,32,156,0
29987,857,33,69,1
29988,857,34,49,2
29989,857,35,73,1
29990,858,1,72,2
29991,858,2,45,2
29992,858,3,34,1
29993,858,4,68,3
29994,858,5,87,4
29995,858,6,44,2
29996,858,7,86,2
29997,858,8,118,4
29998,858,9,107,2
29999,858,10,33,1
30000,858,11,31,0
30001,858,12,54,1
30002,858,13,70,2
30003,858,14,22,1
30004,858,15,23,1
30005,858,16,24,1
30006,858,17,96,2
30007,858,18,49,2
30008,858,19,23,1
30009,858,20,41,1
30010,858,21,68,4
30011,858,22,55,3
30012,858,23,90,5
30013,858,24,54,2
30014,858,25,48,2
30015,858,26,57,2
30016,858,27,98,2
30017,858,28,21,1
30018,858,29,123,3
30019,858,30,21,1
30020,858,31,41,1
30021,858,32,15,0
30022,858,33,113,2
30023,858,34,107,4
30024,858,35,52,0
30025,859,1,40,2
30026,859,2,40,1
30027,859,3,49,1
30028,859,4,55,3
30029,859,5,29,1
30030,859,6,69,4
30031,859,7,30,1
30032,859,8,45,1
30033,859,9,10,1
30034,859,10,43,1
30035,859,11,47,1
30036,859,12,34,1
30037,859,13,29,1
30038,859,14,40,2
30039,859,15,72,0
30040,859,16,53,0
30041,859,17,37,1
30042,859,18,57,2
30043,859,19,51,2
30044,859,20,57,0
30045,859,21,36,1
30046,859,22,19,1
30047,859,23,56,3
30048,859,24,33,1
30049,859,25,37,2
30050,859,26,35,1
30051,859,27,33,0
30052,859,28,54,1
30053,859,29,41,1
30054,859,30,33,0
30055,859,31,82,1
30056,859,32,37,2
30057,859,33,68,0
30058,859,34,26,1
30059,859,35,28,0
30060,860,1,36,1
30061,860,2,69,1
30062,860,3,57,0
30063,860,4,72,3
30064,860,5,85,3
30065,860,6,32,1
30066,860,7,62,1
30067,860,8,66,0
30068,860,9,34,1
30069,860,10,94,4
30070,860,11,38,1
30071,860,12,37,1
30072,860,13,108,2
30073,860,14,22,0
30074,860,15,28,0
30075,860,16,70,3
30076,860,17,160,1
30077,860,18,52,2
30078,860,19,39,2
30079,860,20,38,1
30080,860,21,67,2
30081,860,22,50,2
30082,860,23,34,1
30083,860,24,51,3
30084,860,25,42,2
30085,860,26,71,3
30086,860,27,56,1
30087,860,28,77,1
30088,860,29,144,5
30089,860,30,131,6
30090,860,31,78,4
30091,860,32,141,0
30092,860,33,93,4
30093,860,34,44,2
30094,860,35,89,3
30095,861,1,57,0
30096,861,2,66,0
30097,861,3,95,2
30098,861,4,45,1
30099,861,5,81,2
30100,861,6,66,0
30101,861,7,70,1
30102,861,8,61,0
30103,861,9,89,2
30104,861,10,110,4
30105,861,11,107,0
30106,861,12,16,0
30107,861,13,82,3
30108,861,14,91,0
30109,861,15,49,1
30110,861,16,151,5
30111,861,17,86,2
30112,861,18,48,0
30113,861,19,104,4
30114,861,20,42,2
30115,861,21,67,3
30116,861,22,81,3
30117,861,23,35,0
30118,861,24,97,0
30119,861,25,91,2
30120,861,26,100,2
30121,861,27,15,1
30122,861,28,39,1
30123,861,29,52,0
30124,861,30,69,1
30125,861,31,60,3
30126,861,32,94,0
30127,861,33,53,2
30128,861,34,87,3
30129,861,35,41,0
30130,862,1,66,3
30131,862,2,55,0
30132,862,3,27,1
30133,862,4,42,0
30134,862,5,61,3
30135,862,6,57,3
30136,862,7,81,3
30137,862,8,27,2
30138,862,9,41,1
30139,862,10,58,3
30140,862,11,50,2
30141,862,12,34,1
30142,862,13,121,0
30143,862,14,51,1
30144,862,15,34,2
30145,862,16,51,2
30146,862,17,95,5
30147,862,18,45,1
30148,862,19,42,1
30149,862,20,50,1
30150,862,21,45,2
30151,862,22,71,2
30152,862,23,100,5
30153,862,24,44,1
30154,862,25,50,2
30155,862,26,28,1
30156,862,27,98,4
30157,862,28,45,2
30158,862,29,51,0
30159,862,30,41,1
30160,862,31,31,1
30161,862,32,37,2
30162,862,33,32,2
30163,862,34,45,1
30164,862,35,37,0
30165,863,1,33,0
30166,863,2,52,1
30167,863,3,45,1
30168,863,4,42,1
30169,863,5,107,5
30170,863,6,37,2
30171,863,7,19,1
30172,863,8,34,2
30173,863,9,62,1
30174,863,10,23,0
30175,863,11,65,2
30176,863,12,94,6
30177,863,13,50,1
30178,863,14,39,1
30179,863,15,44,2
30180,863,16,32,0
30181,863,17,47,2
30182,863,18,23,1
30183,863,19,50,1
30184,863,20,42,1
30185,863,21,30,0
30186,863,22,13,1
30187,863,23,20,1
30188,863,24,33,1
30189,863,25,26,1
30190,863,26,32,1
30191,863,27,68,1
30192,863,28,25,1
30193,863,29,20,1
30194,863,30,35,2
30195,863,31,29,1
30196,863,32,76,2
30197,863,33,55,0
30198,863,34,42,1
30199,863,35,41,0
30200,864,1,62,3
30201,864,2,63,3
30202,864,3,39,0
30203,864,4,49,2
30204,864,5,64,3
30205,864,6,48,2
30206,864,7,29,1
30207,864,8,43,0
30208,864,9,43,1
30209,864,10,28,1
30210,864,11,49,1
30211,864,12,58,1
30212,864,13,17,0
30213,864,14,20,0
30214,864,15,40,0
30215,864,16,89,2
30216,864,17,66,4
30217,864,18,51,2
30218,864,19,69,4
30219,864,20,93,4
30220,864,21,38,1
30221,864,22,62,2
30222,864,23,94,4
30223,864,24,105,6
30224,864,25,41,1
30225,864,26,58,2
30226,864,27,39,2
30227,864,28,55,2
30228,864,29,36,1
30229,864,30,66,1
30230,864,31,69,2
30231,864,32,44,0
30232,864,33,67,2
30233,864,34,57,2
30234,864,35,27,1
30235,865,1,54,0
30236,865,2,27,1
30237,865,3,36,1
30238,865,4,38,1
30239,865,5,30,1
30240,865,6,36,2
30241,865,7,40,2
30242,865,8,20,1
30243,865,9,67,3
30244,865,10,33,1
30245,865,11,37,0
30246,865,12,43,2
30247,865,13,48,1
30248,865,14,24,0
30249,865,15,74,2
30250,865,16,37,2
30251,865,17,92,2
30252,865,18,26,0
30253,865,19,48,2
30254,865,20,43,2
30255,865,21,28,1
30256,865,22,15,1
30257,865,23,35,0
30258,865,24,29,0
30259,865,25,52,3
30260,865,26,40,2
30261,865,27,17,0
30262,865,28,42,1
30263,865,29,35,0
30264,865,30,65,3
30265,865,31,32,2
30266,865,32,54,0
30267,865,33,20,1
30268,865,34,73,3
30269,865,35,47,0
30270,866,1,23,1
30271,866,2,24,0
30272,866,3,34,1
30273,866,4,23,1
30274,866,5,24,1
30275,866,6,51,1
30276,866,7,38,1
30277,866,8,14,1
30278,866,9,23,1
30279,866,10,27,1
30280,866,11,26,1
30281,866,12,35,1
30282,866,13,41,0
30283,866,14,31,1
30284,866,15,19,1
30285,866,16,43,1
30286,866,17,7,0
30287,866,18,38,1
30288,866,19,75,2
30289,866,20,35,2
30290,866,21,18,0
30291,866,22,58,3
30292,866,23,59,1
30293,866,24,17,0
30294,866,25,14,0
30295,866,26,22,1
30296,866,27,24,0
30297,866,28,18,1
30298,866,29,26,1
30299,866,30,30,1
30300,866,31,6,0
30301,866,32,9,1
30302,866,33,13,0
30303,866,34,24,1
30304,866,35,36,1
30305,867,1,18,1
30306,867,2,12,0
30307,867,3,35,1
30308,867,4,22,1
30309,867,5,22,1
30310,867,6,28,1
30311,867,7,16,1
30312,867,8,14,0
30313,867,9,18,0
30314,867,10,14,0
30315,867,11,13,0
30316,867,12,48,2
30317,867,13,16,1
30318,867,14,26,1
30319,867,15,29,1
30320,867,16,10,0
30321,867,17,46,1
30322,867,18,17,0
30323,867,19,14,0
30324,867,20,19,1
30325,867,21,23,0
30326,867,22,12,1
30327,867,23,28,2
30328,867,24,19,1
30329,867,25,19,0
30330,867,26,32,1
30331,867,27,19,1
30332,867,28,31,2
30333,867,29,15,0
30334,867,30,32,1
30335,867,31,24,1
30336,867,32,8,0
30337,867,33,19,0
30338,867,34,22,1
30339,867,35,18,1
30340,868,1,34,1
30341,868,2,13,1
30342,868,3,17,0
30343,868,4,47,2
30344,868,5,26,0
30345,868,6,45,1
30346,868,7,47,3
30347,868,8,29,0
30348,868,9,38,1
30349,868,10,25,1
30350,868,11,17,1
30351,868,12,18,0
30352,868,13,24,1
30353,868,14,16,1
30354,868,15,11,0
30355,868,16,19,1
30356,868,17,28,2
30357,868,18,39,1
30358,868,19,25,1
30359,868,20,33,1
30360,868,21,22,0
30361,868,22,26,0
30362,868,23,18,1
30363,868,24,21,1
30364,868,25,45,2
30365,868,26,22,1
30366,868,27,10,0
30367,868,28,20,0
30368,868,29,30,1
30369,868,30,53,3
30370,868,31,13,1
30371,868,32,13,0
30372,868,33,31,2
30373,868,34,25,1
30374,868,35,16,1
30375,869,1,16,0
30376,869,2,59,1
30377,869,3,92,5
30378,869,4,79,3
30379,869,5,37,2
30380,869,6,48,0
30381,869,7,19,0
30382,869,8,21,0
30383,869,9,45,1
30384,869,10,50,1
30385,869,11,28,0
30386,869,12,43,2
30387,869,13,40,1
30388,869,14,18,0
30389,869,15,60,4
30390,869,16,27,0
30391,869,17,45,1
30392,869,18,28,1
30393,869,19,49,2
30394,869,20,67,3
30395,869,21,41,1
30396,869,22,26,2
30397,869,23,32,1
30398,869,24,17,1
30399,869,25,40,1
30400,869,26,29,1
30401,869,27,39,2
30402,869,28,72,4
30403,869,29,20,1
30404,869,30,80,3
30405,869,31,21,1
30406,869,32,41,0
30407,869,33,37,1
30408,869,34,32,0
30409,869,35,29,1
30410,870,1,16,0
30411,870,2,25,0
30412,870,3,14,1
30413,870,4,11,0
30414,870,5,17,1
30415,870,6,22,1
30416,870,7,46,3
30417,870,8,28,1
30418,870,9,32,2
30419,870,10,27,2
30420,870,11,33,1
30421,870,12,29,1
30422,870,13,28,0
30423,870,14,22,1
30424,870,15,17,1
30425,870,16,44,2
30426,870,17,37,2
30427,870,18,33,1
30428,870,19,17,1
30429,870,20,24,1
30430,870,21,46,2
30431,870,22,42,2
30432,870,23,14,1
30433,870,24,29,1
30434,870,25,51,1
30435,870,26,42,1
30436,870,27,37,2
30437,870,28,31,1
30438,870,29,37,0
30439,870,30,61,3
30440,870,31,47,1
30441,870,32,69,2
30442,870,33,24,1
30443,870,34,55,1
30444,870,35,20,1
30445,871,1,24,1
30446,871,2,14,1
30447,871,3,29,1
30448,871,4,20,1
30449,871,5,26,0
30450,871,6,29,1
30451,871,7,34,2
30452,871,8,41,0
30453,871,9,15,0
30454,871,10,18,1
30455,871,11,13,1
30456,871,12,31,1
30457,871,13,20,0
30458,871,14,16,1
30459,871,15,30,1
30460,871,16,21,1
30461,871,17,17,1
30462,871,18,28,1
30463,871,19,19,1
30464,871,20,32,1
30465,871,21,19,0
30466,871,22,22,1
30467,871,23,19,0
30468,871,24,21,1
30469,871,25,26,1
30470,871,26,12,0
30471,871,27,15,1
30472,871,28,26,0
30473,871,29,59,3
30474,871,30,30,1
30475,871,31,20,0
30476,871,32,22,1
30477,871,33,11,0
30478,871,34,20,1
30479,871,35,9,0
30480,872,1,39,1
30481,872,2,18,1
30482,872,3,31,2
30483,872,4,31,1
30484,872,5,27,2
30485,872,6,18,0
30486,872,7,34,1
30487,872,8,17,1
30488,872,9,21,1
30489,872,10,20,1
30490,872,11,22,1
30491,872,12,24,1
30492,872,13,18,1
30493,872,14,43,2
30494,872,15,15,0
30495,872,16,24,1
30496,872,17,28,1
30497,872,18,36,2
30498,872,19,20,1
30499,872,20,58,1
30500,872,21,28,2
30501,872,22,32,2
30502,872,23,34,1
30503,872,24,21,1
30504,872,25,38,0
30505,872,26,40,1
30506,872,27,52,1
30507,872,28,16,0
30508,872,29,30,0
30509,872,30,50,3
30510,872,31,15,1
30511,872,32,62,1
30512,872,33,32,1
30513,872,34,14,1
30514,872,35,37,2
30515,873,1,68,0
30516,873,2,27,0
30517,873,3,75,1
30518,873,4,46,2
30519,873,5,29,2
30520,873,6,25,1
30521,873,7,42,2
30522,873,8,29,1
30523,873,9,31,1
30524,873,10,59,3
30525,873,11,19,0
30526,873,12,25,1
30527,873,13,43,1
30528,873,14,49,2
30529,873,15,64,2
30530,873,16,31,1
30531,873,17,40,2
30532,873,18,50,0
30533,873,19,19,0
30534,873,20,70,2
30535,873,21,24,1
30536,873,22,72,1
30537,873,23,38,1
30538,873,24,18,0
30539,873,25,64,3
30540,873,26,31,1
30541,873,27,51,2
30542,873,28,20,0
30543,873,29,27,1
30544,873,30,35,0
30545,873,31,72,1
30546,873,32,42,0
30547,873,33,68,4
30548,873,34,40,2
30549,873,35,30,2
30550,874,1,55,3
30551,874,2,32,1
30552,874,3,30,0
30553,874,4,41,1
30554,874,5,11,0
30555,874,6,40,2
30556,874,7,36,1
30557,874,8,42,2
30558,874,9,25,1
30559,874,10,28,0
30560,874,11,42,1
30561,874,12,26,1
30562,874,13,24,1
30563,874,14,37,2
30564,874,15,57,3
30565,874,16,42,1
30566,874,17,24,1
30567,874,18,67,3
30568,874,19,27,0
30569,874,20,30,2
30570,874,21,28,1
30571,874,22,49,1
30572,874,23,14,0
30573,874,24,13,0
30574,874,25,26,1
30575,874,26,11,1
30576,874,27,43,1
30577,874,28,11,0
30578,874,29,49,1
30579,874,30,7,0
30580,874,31,20,0
30581,874,32,26,1
30582,874,33,10,0
30583,874,34,29,1
30584,874,35,25,0
30585,875,1,54,1
30586,875,2,43,1
30587,875,3,11,0
30588,875,4,16,1
30589,875,5,23,0
30590,875,6,22,1
30591,875,7,85,1
30592,875,8,4,0
30593,875,9,16,0
30594,875,10,29,1
30595,875,11,33,0
30596,875,12,38,2
30597,875,13,19,1
30598,875,14,39,2
30599,875,15,33,1
30600,875,16,17,0
30601,875,17,16,1
30602,875,18,50,2
30603,875,19,14,0
30604,875,20,33,1
30605,875,21,30,1
30606,875,22,19,1
30607,875,23,32,1
30608,875,24,10,0
30609,875,25,43,1
30610,875,26,34,2
30611,875,27,28,2
30612,875,28,45,1
30613,875,29,39,1
30614,875,30,9,0
30615,875,31,16,1
30616,875,32,12,1
30617,875,33,19,1
30618,875,34,19,1
30619,875,35,29,1
30620,876,1,58,3
30621,876,2,30,1
30622,876,3,52,3
30623,876,4,69,3
30624,876,5,37,2
30625,876,6,10,0
30626,876,7,41,1
30627,876,8,34,1
30628,876,9,24,0
30629,876,10,76,4
30630,876,11,37,1
30631,876,12,71,1
30632,876,13,32,1
30633,876,14,36,1
30634,876,15,44,0
30635,876,16,18,0
30636,876,17,26,1
30637,876,18,46,1
30638,876,19,26,1
30639,876,20,40,1
30640,876,21,75,2
30641,876,22,17,1
30642,876,23,25,1
30643,876,24,41,1
30644,876,25,45,2
30645,876,26,55,1
30646,876,27,39,1
30647,876,28,36,1
30648,876,29,64,1
30649,876,30,56,3
30650,876,31,12,0
30651,876,32,37,0
30652,876,33,11,0
30653,876,34,39,2
30654,876,35,38,1
30655,877,1,43,0
30656,877,2,44,2
30657,877,3,19,1
30658,877,4,34,1
30659,877,5,52,1
30660,877,6,82,3
30661,877,7,63,3
30662,877,8,34,0
30663,877,9,43,2
30664,877,10,79,2
30665,877,11,34,0
30666,877,12,84,2
30667,877,13,54,3
30668,877,14,17,0
30669,877,15,46,2
30670,877,16,49,1
30671,877,17,41,2
30672,877,18,29,1
30673,877,19,68,1
30674,877,20,81,3
30675,877,21,55,3
30676,877,22,38,1
30677,877,23,42,1
30678,877,24,35,2
30679,877,25,39,1
30680,877,26,25,1
30681,877,27,37,1
30682,877,28,65,3
30683,877,29,58,1
30684,877,30,52,1
30685,877,31,25,0
30686,877,32,28,0
30687,877,33,48,1
30688,877,34,86,2
30689,877,35,44,1
30690,878,1,26,0
30691,878,2,26,0
30692,878,3,20,1
30693,878,4,17,1
30694,878,5,27,0
30695,878,6,53,1
30696,878,7,49,2
30697,878,8,17,0
30698,878,9,34,1
30699,878,10,33,1
30700,878,11,19,0
30701,878,12,32,1
30702,878,13,48,1
30703,878,14,35,1
30704,878,15,63,3
30705,878,16,37,2
30706,878,17,29,0
30707,878,18,26,1
30708,878,19,19,1
30709,878,20,35,1
30710,878,21,46,2
30711,878,22,27,1
30712,878,23,29,1
30713,878,24,21,1
30714,878,25,26,1
30715,878,26,37,1
30716,878,27,24,1
30717,878,28,35,1
30718,878,29,56,0
30719,878,30,39,1
30720,878,31,41,1
30721,878,32,31,1
30722,878,33,96,3
30723,878,34,53,1
30724,878,35,35,2
30725,879,1,29,1
30726,879,2,22,0
30727,879,3,29,1
30728,879,4,30,1
30729,879,5,28,1
30730,879,6,24,1
30731,879,7,24,1
30732,879,8,25,1
30733,879,9,54,3
30734,879,10,51,0
30735,879,11,52,2
30736,879,12,29,0
30737,879,13,23,1
30738,879,14,55,3
30739,879,15,27,1
30740,879,16,13,1
30741,879,17,28,1
30742,879,18,14,1
30743,879,19,14,0
30744,879,20,21,0
30745,879,21,41,2
30746,879,22,32,2
30747,879,23,14,1
30748,879,24,42,2
30749,879,25,43,1
30750,879,26,30,1
30751,879,27,48,1
30752,879,28,84,1
30753,879,29,29,0
30754,879,30,39,2
30755,879,31,16,1
30756,879,32,17,1
30757,879,33,12,1
30758,879,34,38,1
30759,879,35,21,1
30760,880,1,34,1
30761,880,2,20,1
30762,880,3,53,0
30763,880,4,32,1
30764,880,5,31,2
30765,880,6,12,0
30766,880,7,29,1
30767,880,8,37,1
30768,880,9,57,2
30769,880,10,31,1
30770,880,11,44,1
30771,880,12,30,0
30772,880,13,42,1
30773,880,14,45,1
30774,880,15,41,1
30775,880,16,34,1
30776,880,17,51,3
30777,880,18,41,2
30778,880,19,15,0
30779,880,20,40,2
30780,880,21,42,1
30781,880,22,24,1
30782,880,23,17,0
30783,880,24,38,2
30784,880,25,34,1
30785,880,26,28,1
30786,880,27,53,3
30787,880,28,34,1
30788,880,29,18,1
30789,880,30,17,0
30790,880,31,41,0
30791,880,32,44,0
30792,880,33,14,0
30793,880,34,44,2
30794,880,35,38,2
30795,881,1,48,0
30796,881,2,33,0
30797,881,3,79,3
30798,881,4,52,1
30799,881,5,41,2
30800,881,6,58,0
30801,881,7,52,1
30802,881,8,38,2
30803,881,9,50,2
30804,881,10,70,4
30805,881,11,69,1
30806,881,12,69,2
30807,881,13,58,1
30808,881,14,37,2
30809,881,15,55,1
30810,881,16,77,4
30811,881,17,39,1
30812,881,18,33,1
30813,881,19,61,1
30814,881,20,32,1
30815,881,21,36,1
30816,881,22,62,1
30817,881,23,52,1
30818,881,24,30,1
30819,881,25,121,6
30820,881,26,74,3
30821,881,27,138,1
30822,881,28,56,2
30823,881,29,93,0
30824,881,30,100,0
30825,881,31,46,3
30826,881,32,31,0
30827,881,33,29,1
30828,881,34,92,4
30829,881,35,52,2
30830,882,1,68,2
30831,882,2,29,0
30832,882,3,60,2
30833,882,4,80,4
30834,882,5,47,0
30835,882,6,35,0
30836,882,7,38,1
30837,882,8,40,1
30838,882,9,41,1
30839,882,10,74,3
30840,882,11,51,1
30841,882,12,54,3
30842,882,13,51,0
30843,882,14,60,3
30844,882,15,36,0
30845,882,16,28,1
30846,882,17,33,0
30847,882,18,69,2
30848,882,19,26,1
30849,882,20,46,1
30850,882,21,18,1
30851,882,22,16,1
30852,882,23,31,1
30853,882,24,24,1
30854,882,25,52,1
30855,882,26,57,2
30856,882,27,38,2
30857,882,28,69,2
30858,882,29,51,0
30859,882,30,29,1
30860,882,31,26,0
30861,882,32,34,1
30862,882,33,70,4
30863,882,34,21,0
30864,882,35,49,0
30865,883,1,53,1
30866,883,2,59,0
30867,883,3,39,1
30868,883,4,27,1
30869,883,5,23,1
30870,883,6,44,3
30871,883,7,51,2
30872,883,8,27,1
30873,883,9,29,1
30874,883,10,24,0
30875,883,11,16,1
30876,883,12,25,0
30877,883,13,23,1
30878,883,14,27,0
30879,883,15,27,0
30880,883,16,38,1
30881,883,17,30,2
30882,883,18,37,1
30883,883,19,37,2
30884,883,20,44,0
30885,883,21,29,1
30886,883,22,58,1
30887,883,23,86,4
30888,883,24,24,1
30889,883,25,17,1
30890,883,26,39,1
30891,883,27,49,1
30892,883,28,33,1
30893,883,29,35,2
30894,883,30,23,1
30895,883,31,23,1
30896,883,32,33,1
30897,883,33,13,0
30898,883,34,33,1
30899,883,35,15,1
30900,884,1,67,3
30901,884,2,34,2
30902,884,3,22,1
30903,884,4,22,1
30904,884,5,19,1
30905,884,6,51,2
30906,884,7,47,1
30907,884,8,33,1
30908,884,9,95,2
30909,884,10,60,3
30910,884,11,63,2
30911,884,12,29,2
30912,884,13,88,5
30913,884,14,45,1
30914,884,15,39,1
30915,884,16,120,5
30916,884,17,18,1
30917,884,18,49,3
30918,884,19,31,0
30919,884,20,63,1
30920,884,21,54,3
30921,884,22,45,1
30922,884,23,111,2
30923,884,24,34,2
30924,884,25,26,1
30925,884,26,41,1
30926,884,27,54,1
30927,884,28,55,0
30928,884,29,98,4
30929,884,30,23,1
30930,884,31,30,1
30931,884,32,33,0
30932,884,33,17,0
30933,884,34,57,2
30934,884,35,85,5
30935,885,1,45,2
30936,885,2,70,1
30937,885,3,73,2
30938,885,4,33,0
30939,885,5,87,2
30940,885,6,72,2
30941,885,7,77,4
30942,885,8,73,1
30943,885,9,42,2
30944,885,10,70,2
30945,885,11,107,4
30946,885,12,53,2
30947,885,13,21,1
30948,885,14,118,3
30949,885,15,58,2
30950,885,16,85,5
30951,885,17,88,1
30952,885,18,144,3
30953,885,19,100,3
30954,885,20,68,2
30955,885,21,53,1
30956,885,22,64,3
30957,885,23,41,1
30958,885,24,56,1
30959,885,25,83,3
30960,885,26,55,1
30961,885,27,122,4
30962,885,28,38,1
30963,885,29,103,5
30964,885,30,46,1
30965,885,31,83,2
30966,885,32,56,1
30967,885,33,36,2
30968,885,34,65,0
30969,885,35,48,2
30970,886,1,42,2
30971,886,2,39,0
30972,886,3,31,2
30973,886,4,73,2
30974,886,5,58,3
30975,886,6,89,5
30976,886,7,37,1
30977,886,8,13,0
30978,886,9,45,1
30979,886,10,66,1
30980,886,11,101,2
30981,886,12,23,0
30982,886,13,41,0
30983,886,14,56,3
30984,886,15,62,1
30985,886,16,30,1
30986,886,17,49,0
30987,886,18,64,1
30988,886,19,64,4
30989,886,20,114,3
30990,886,21,43,1
30991,886,22,30,1
30992,886,23,44,1
30993,886,24,25,1
30994,886,25,86,1
30995,886,26,83,4
30996,886,27,87,3
30997,886,28,47,3
30998,886,29,48,0
30999,886,30,88,3
31000,886,31,69,2
31001,886,32,65,4
31002,886,33,29,1
31003,886,34,151,3
31004,886,35,43,0
31005,887,1,31,1
31006,887,2,26,0
31007,887,3,49,1
31008,887,4,47,1
31009,887,5,70,4
31010,887,6,19,1
31011,887,7,39,1
31012,887,8,29,1
31013,887,9,22,1
31014,887,10,65,0
31015,887,11,81,3
31016,887,12,47,0
31017,887,13,42,1
31018,887,14,36,0
31019,887,15,22,1
31020,887,16,89,0
31021,887,17,58,0
31022,887,18,53,0
31023,887,19,61,2
31024,887,20,41,2
31025,887,21,40,1
31026,887,22,35,2
31027,887,23,36,1
31028,887,24,40,2
31029,887,25,26,1
31030,887,26,75,4
31031,887,27,59,1
31032,887,28,90,1
31033,887,29,40,2
31034,887,30,30,1
31035,887,31,84,3
31036,887,32,39,1
31037,887,33,60,1
31038,887,34,79,0
31039,887,35,43,2
31040,888,1,40,1
31041,888,2,32,1
31042,888,3,68,4
31043,888,4,58,3
31044,888,5,94,4
31045,888,6,77,4
31046,888,7,95,2
31047,888,8,46,3
31048,888,9,58,3
31049,888,10,35,2
31050,888,11,74,2
31051,888,12,61,2
31052,888,13,128,5
31053,888,14,46,2
31054,888,15,48,2
31055,888,16,74,3
31056,888,17,65,3
31057,888,18,41,1
31058,888,19,45,3
31059,888,20,64,2
31060,888,21,81,0
31061,888,22,49,1
31062,888,23,23,1
31063,888,24,102,2
31064,888,25,52,2
31065,888,26,59,1
31066,888,27,55,1
31067,888,28,46,2
31068,888,29,103,2
31069,888,30,45,1
31070,888,31,60,4
31071,888,32,48,3
31072,888,33,62,2
31073,888,34,43,1
31074,888,35,112,2
31075,889,1,103,0
31076,889,2,53,1
31077,889,3,75,2
31078,889,4,30,1
31079,889,5,84,3
31080,889,6,46,1
31081,889,7,86,1
31082,889,8,38,1
31083,889,9,52,1
31084,889,10,139,0
31085,889,11,100,1
31086,889,12,75,2
31087,889,13,83,4
31088,889,14,81,0
31089,889,15,55,2
31090,889,16,119,3
31091,889,17,97,3
31092,889,18,40,2
31093,889,19,72,2
31094,889,20,136,3
31095,889,21,60,1
31096,889,22,62,3
31097,889,23,70,4
31098,889,24,85,3
31099,889,25,101,2
31100,889,26,86,2
31101,889,27,148,6
31102,889,28,46,1
31103,889,29,46,2
31104,889,30,44,3
31105,889,31,30,1
31106,889,32,36,2
31107,889,33,61,1
31108,889,34,75,0
31109,889,35,18,1
31110,890,1,34,2
31111,890,2,29,0
31112,890,3,47,3
31113,890,4,32,2
31114,890,5,75,2
31115,890,6,30,2
31116,890,7,47,1
31117,890,8,44,1
31118,890,9,39,1
31119,890,10,70,3
31120,890,11,93,5
31121,890,12,28,1
31122,890,13,55,2
31123,890,14,80,1
31124,890,15,79,4
31125,890,16,98,0
31126,890,17,64,0
31127,890,18,34,1
31128,890,19,51,1
31129,890,20,80,0
31130,890,21,73,4
31131,890,22,89,3
31132,890,23,55,3
31133,890,24,84,0
31134,890,25,73,2
31135,890,26,84,3
31136,890,27,49,2
31137,890,28,52,3
31138,890,29,39,1
31139,890,30,115,5
31140,890,31,15,1
31141,890,32,91,5
31142,890,33,32,2
31143,890,34,108,3
31144,890,35,59,0
31145,891,1,47,2
31146,891,2,55,3
31147,891,3,99,4
31148,891,4,61,3
31149,891,5,69,1
31150,891,6,44,2
31151,891,7,22,1
31152,891,8,25,1
31153,891,9,41,1
31154,891,10,19,0
31155,891,11,23,1
31156,891,12,28,0
31157,891,13,30,1
31158,891,14,73,2
31159,891,15,30,1
31160,891,16,46,2
31161,891,17,19,0
31162,891,18,21,1
31163,891,19,43,2
31164,891,20,17,1
31165,891,21,44,0
31166,891,22,52,3
31167,891,23,35,1
31168,891,24,32,1
31169,891,25,67,3
31170,891,26,66,3
31171,891,27,59,2
31172,891,28,41,0
31173,891,29,36,1
31174,891,30,16,0
31175,891,31,25,1
31176,891,32,33,0
31177,891,33,68,3
31178,891,34,22,1
31179,891,35,20,1
31180,892,1,37,1
31181,892,2,68,2
31182,892,3,71,3
31183,892,4,44,0
31184,892,5,50,0
31185,892,6,65,3
31186,892,7,19,0
31187,892,8,140,6
31188,892,9,85,5
31189,892,10,90,0
31190,892,11,57,1
31191,892,12,53,1
31192,892,13,73,2
31193,892,14,66,2
31194,892,15,73,3
31195,892,16,26,0
31196,892,17,88,5
31197,892,18,46,3
31198,892,19,101,4
31199,892,20,50,2
31200,892,21,75,0
31201,892,22,79,4
31202,892,23,90,5
31203,892,24,106,0
31204,892,25,70,2
31205,892,26,31,1
31206,892,27,62,1
31207,892,28,101,0
31208,892,29,42,1
31209,892,30,40,1
31210,892,31,56,3
31211,892,32,20,1
31212,892,33,30,2
31213,892,34,73,2
31214,892,35,91,2
31215,893,1,22,0
31216,893,2,63,3
31217,893,3,12,0
31218,893,4,36,2
31219,893,5,47,2
31220,893,6,25,1
31221,893,7,87,3
31222,893,8,20,0
31223,893,9,51,1
31224,893,10,25,1
31225,893,11,21,0
31226,893,12,30,1
31227,893,13,34,2
31228,893,14,26,1
31229,893,15,23,1
31230,893,16,15,0
31231,893,17,64,2
31232,893,18,54,2
31233,893,19,48,3
31234,893,20,19,0
31235,893,21,37,2
31236,893,22,28,1
31237,893,23,20,0
31238,893,24,22,1
31239,893,25,39,2
31240,893,26,55,3
31241,893,27,24,1
31242,893,28,33,0
31243,893,29,61,2
31244,893,30,38,2
31245,893,31,36,2
31246,893,32,39,2
31247,893,33,39,2
31248,893,34,34,0
31249,893,35,49,1
31250,894,1,25,1
31251,894,2,28,0
31252,894,3,47,2
31253,894,4,17,0
31254,894,5,46,1
31255,894,6,21,1
31256,894,7,37,1
31257,894,8,34,1
31258,894,9,28,1
31259,894,10,13,0
31260,894,11,13,1
31261,894,12,15,1
31262,894,13,17,1
31263,894,14,23,1
31264,894,15,45,2
31265,894,16,15,1
31266,894,17,27,1
31267,894,18,61,3
31268,894,19,18,1
31269,894,20,22,0
31270,894,21,33,1
31271,894,22,21,0
31272,894,23,19,1
31273,894,24,24,0
31274,894,25,16,0
31275,894,26,17,1
31276,894,27,35,1
31277,894,28,24,1
31278,894,29,31,1
31279,894,30,20,0
31280,894,31,48,1
31281,894,32,26,1
31282,894,33,14,1
31283,894,34,31,0
31284,894,35,19,0
31285,895,1,28,0
31286,895,2,24,1
31287,895,3,14,0
31288,895,4,25,1
31289,895,5,15,1
31290,895,6,17,1
31291,895,7,24,0
31292,895,8,18,0
31293,895,9,32,1
31294,895,10,14,0
31295,895,11,35,0
31296,895,12,22,1
31297,895,13,28,2
31298,895,14,23,1
31299,895,15,44,1
31300,895,16,33,0
31301,895,17,18,1
31302,895,18,16,1
31303,895,19,17,1
31304,895,20,27,1
31305,895,21,7,0
31306,895,22,31,2
31307,895,23,20,0
31308,895,24,17,1
31309,895,25,14,0
31310,895,26,51,2
31311,895,27,22,0
31312,895,28,21,0
31313,895,29,21,1
31314,895,30,50,1
31315,895,31,34,1
31316,895,32,58,1
31317,895,33,21,1
31318,895,34,13,1
31319,895,35,31,1
31320,896,1,53,2
31321,896,2,21,1
31322,896,3,23,0
31323,896,4,31,2
31324,896,5,21,0
31325,896,6,31,1
31326,896,7,63,1
31327,896,8,35,1
31328,896,9,16,1
31329,896,10,23,1
31330,896,11,27,1
31331,896,12,31,1
31332,896,13,21,1
31333,896,14,16,0
31334,896,15,18,1
31335,896,16,22,0
31336,896,17,20,1
31337,896,18,21,1
31338,896,19,33,2
31339,896,20,43,2
31340,896,21,26,0
31341,896,22,48,2
31342,896,23,41,2
31343,896,24,36,1
31344,896,25,33,0
31345,896,26,65,2
31346,896,27,51,3
31347,896,28,24,0
31348,896,29,66,1
31349,896,30,30,1
31350,896,31,36,1
31351,896,32,85,4
31352,896,33,30,0
31353,896,34,76,2
31354,896,35,42,2
31355,897,1,36,0
31356,897,2,16,1
31357,897,3,33,1
31358,897,4,31,1
31359,897,5,81,3
31360,897,6,73,3
31361,897,7,23,1
31362,897,8,28,1
31363,897,9,29,1
31364,897,10,38,0
31365,897,11,27,1
31366,897,12,28,1
31367,897,13,22,1
31368,897,14,37,0
31369,897,15,51,1
31370,897,16,58,3
31371,897,17,55,2
31372,897,18,82,4
31373,897,19,40,2
31374,897,20,22,1
31375,897,21,59,2
31376,897,22,68,4
31377,897,23,53,1
31378,897,24,25,0
31379,897,25,31,1
31380,897,26,13,1
31381,897,27,38,2
31382,897,28,32,1
31383,897,29,10,0
31384,897,30,32,1
31385,897,31,60,1
31386,897,32,47,2
31387,897,33,28,1
31388,897,34,34,0
31389,897,35,65,2
31390,898,1,33,2
31391,898,2,38,1
31392,898,3,38,2
31393,898,4,21,0
31394,898,5,31,1
31395,898,6,15,0
31396,898,7,39,1
31397,898,8,25,1
31398,898,9,33,2
31399,898,10,26,1
31400,898,11,26,1
31401,898,12,24,0
31402,898,13,18,0
31403,898,14,14,0
31404,898,15,27,0
31405,898,16,37,2
31406,898,17,38,2
31407,898,18,18,0
31408,898,19,30,0
31409,898,20,16,0
31410,898,21,23,1
31411,898,22,22,1
31412,898,23,64,2
31413,898,24,23,0
31414,898,25,35,1
31415,898,26,32,2
31416,898,27,22,1
31417,898,28,25,1
31418,898,29,48,2
31419,898,30,30,0
31420,898,31,19,1
31421,898,32,54,3
31422,898,33,25,1
31423,898,34,44,0
31424,898,35,19,1
31425,899,1,9,1
31426,899,2,27,1
31427,899,3,18,1
31428,899,4,18,1
31429,899,5,24,1
31430,899,6,30,1
31431,899,7,7,0
31432,899,8,9,0
31433,899,9,18,0
31434,899,10,16,0
31435,899,11,40,1
31436,899,12,22,0
31437,899,13,35,2
31438,899,14,17,0
31439,899,15,47,2
31440,899,16,12,0
31441,899,17,18,1
31442,899,18,3,0
31443,899,19,16,1
31444,899,20,13,1
31445,899,21,13,0
31446,899,22,21,1
31447,899,23,25,1
31448,899,24,31,1
31449,899,25,36,1
31450,899,26,14,1
31451,899,27,21,0
31452,899,28,33,1
31453,899,29,30,0
31454,899,30,22,1
31455,899,31,13,1
31456,899,32,38,1
31457,899,33,12,0
31458,899,34,22,1
31459,899,35,18,1
31460,900,1,59,3
31461,900,2,12,0
31462,900,3,39,1
31463,900,4,31,1
31464,900,5,16,0
31465,900,6,33,2
31466,900,7,44,2
31467,900,8,36,1
31468,900,9,21,1
31469,900,10,21,0
31470,900,11,32,1
31471,900,12,33,0
31472,900,13,56,1
31473,900,14,36,1
31474,900,15,36,0
31475,900,16,16,1
31476,900,17,5,0
31477,900,18,16,1
31478,900,19,25,0
31479,900,20,38,2
31480,900,21,42,0
31481,900,22,13,0
31482,900,23,35,2
31483,900,24,42,0
31484,900,25,22,0
31485,900,26,37,2
31486,900,27,43,1
31487,900,28,40,0
31488,900,29,38,2
31489,900,30,50,3
31490,900,31,28,2
31491,900,32,45,2
31492,900,33,17,1
31493,900,34,46,0
31494,900,35,43,2
31495,901,1,42,1
31496,901,2,61,2
31497,901,3,145,4
31498,901,4,49,1
31499,901,5,82,3
31500,901,6,56,2
31501,901,7,62,2
31502,901,8,57,2
31503,901,9,67,2
31504,901,10,62,0
31505,901,11,48,2
31506,901,12,86,4
31507,901,13,101,0
31508,901,14,70,4
31509,901,15,95,5
31510,901,16,59,1
31511,901,17,54,2
31512,901,18,62,0
31513,901,19,64,1
31514,901,20,79,3
31515,901,21,49,2
31516,901,22,34,0
31517,901,23,127,7
31518,901,24,95,2
31519,901,25,82,4
31520,901,26,61,1
31521,901,27,77,3
31522,901,28,116,1
31523,901,29,115,6
31524,901,30,53,1
31525,901,31,87,5
31526,901,32,153,3
31527,901,33,64,4
31528,901,34,93,1
31529,901,35,66,1
31530,902,1,15,1
31531,902,2,34,1
31532,902,3,86,0
31533,902,4,56,1
31534,902,5,34,1
31535,902,6,47,1
31536,902,7,78,4
31537,902,8,109,3
31538,902,9,54,3
31539,902,10,72,3
31540,902,11,59,1
31541,902,12,72,1
31542,902,13,16,1
31543,902,14,49,1
31544,902,15,53,2
31545,902,16,34,2
31546,902,17,45,1
31547,902,18,49,2
31548,902,19,37,1
31549,902,20,65,2
31550,902,21,36,2
31551,902,22,74,3
31552,902,23,46,1
31553,902,24,49,0
31554,902,25,59,1
31555,902,26,86,3
31556,902,27,54,1
31557,902,28,116,3
31558,902,29,38,2
31559,902,30,65,2
31560,902,31,36,1
31561,902,32,67,2
31562,902,33,42,1
31563,902,34,29,1
31564,902,35,26,1
31565,903,1,84,4
31566,903,2,44,2
31567,903,3,39,1
31568,903,4,72,3
31569,903,5,17,0
31570,903,6,39,2
31571,903,7,32,2
31572,903,8,61,1
31573,903,9,46,1
31574,903,10,36,2
31575,903,11,71,0
31576,903,12,40,0
31577,903,13,59,3
31578,903,14,41,0
31579,903,15,30,2
31580,903,16,35,0
31581,903,17,55,1
31582,903,18,50,2
31583,903,19,54,1
31584,903,20,51,3
31585,903,21,50,2
31586,903,22,41,2
31587,903,23,70,1
31588,903,24,28,1
31589,903,25,69,3
31590,903,26,11,1
31591,903,27,27,1
31592,903,28,34,0
31593,903,29,85,2
31594,903,30,51,2
31595,903,31,64,2
31596,903,32,25,1
31597,903,33,20,1
31598,903,34,61,4
31599,903,35,45,1
31600,904,1,54,1
31601,904,2,55,2
31602,904,3,49,2
31603,904,4,96,3
31604,904,5,78,0
31605,904,6,70,2
31606,904,7,73,3
31607,904,8,51,1
31608,904,9,66,3
31609,904,10,52,1
31610,904,11,82,3
31611,904,12,110,2
31612,904,13,45,0
31613,904,14,72,4
31614,904,15,15,1
31615,904,16,69,2
31616,904,17,53,1
31617,904,18,68,3
31618,904,19,57,1
31619,904,20,120,6
31620,904,21,53,0
31621,904,22,71,4
31622,904,23,55,2
31623,904,24,69,0
31624,904,25,50,2
31625,904,26,64,2
31626,904,27,58,1
31627,904,28,47,1
31628,904,29,54,1
31629,904,30,21,1
31630,904,31,82,2
31631,904,32,40,0
31632,904,33,98,3
31633,904,34,77,2
31634,904,35,56,1
31635,905,1,34,1
31636,905,2,99,5
31637,905,3,101,3
31638,905,4,75,4
31639,905,5,116,3
31640,905,6,102,0
31641,905,7,89,1
31642,905,8,105,2
31643,905,9,58,3
31644,905,10,22,1
31645,905,11,95,4
31646,905,12,17,0
31647,905,13,99,0
31648,905,14,88,3
31649,905,15,79,1
31650,905,16,136,6
31651,905,17,74,1
31652,905,18,66,1
31653,905,19,72,2
31654,905,20,137,8
31655,905,21,85,3
31656,905,22,88,4
31657,905,23,36,1
31658,905,24,120,0
31659,905,25,120,4
31660,905,26,66,3
31661,905,27,79,2
31662,905,28,72,3
31663,905,29,90,5
31664,905,30,37,1
31665,905,31,107,3
31666,905,32,94,0
31667,905,33,60,1
31668,905,34,87,2
31669,905,35,100,6
31670,906,1,32,1
31671,906,2,69,0
31672,906,3,47,0
31673,906,4,108,3
31674,906,5,80,2
31675,906,6,72,1
31676,906,7,123,6
31677,906,8,81,4
31678,906,9,15,1
31679,906,10,92,4
31680,906,11,84,1
31681,906,12,68,1
31682,906,13,82,0
31683,906,14,70,1
31684,906,15,60,3
31685,906,16,99,0
31686,906,17,77,2
31687,906,18,90,5
31688,906,19,92,3
31689,906,20,50,2
31690,906,21,35,2
31691,906,22,95,4
31692,906,23,56,2
31693,906,24,109,0
31694,906,25,41,2
31695,906,26,82,4
31696,906,27,66,2
31697,906,28,27,0
31698,906,29,91,2
31699,906,30,49,2
31700,906,31,89,3
31701,906,32,91,5
31702,906,33,75,2
31703,906,34,74,0
31704,906,35,89,3
31705,907,1,35,0
31706,907,2,94,0
31707,907,3,46,2
31708,907,4,83,3
31709,907,5,67,1
31710,907,6,45,2
31711,907,7,26,1
31712,907,8,51,1
31713,907,9,44,1
31714,907,10,61,2
31715,907,11,49,1
31716,907,12,43,0
31717,907,13,49,2
31718,907,14,57,1
31719,907,15,52,2
31720,907,16,36,0
31721,907,17,49,0
31722,907,18,65,3
31723,907,19,49,1
31724,907,20,35,1
31725,907,21,41,1
31726,907,22,87,1
31727,907,23,64,0
31728,907,24,100,1
31729,907,25,32,2
31730,907,26,31,2
31731,907,27,53,3
31732,907,28,70,4
31733,907,29,38,2
31734,907,30,59,2
31735,907,31,85,3
31736,907,32,43,1
31737,907,33,56,3
31738,907,34,65,0
31739,907,35,41,2
31740,908,1,140,3
31741,908,2,128,2
31742,908,3,49,0
31743,908,4,103,6
31744,908,5,59,1
31745,908,6,62,2
31746,908,7,65,3
31747,908,8,128,1
31748,908,9,45,1
31749,908,10,38,1
31750,908,11,124,2
31751,908,12,125,3
31752,908,13,54,3
31753,908,14,52,1
31754,908,15,47,3
31755,908,16,38,1
31756,908,17,44,1
31757,908,18,71,2
31758,908,19,70,2
31759,908,20,149,7
31760,908,21,39,2
31761,908,22,25,1
31762,908,23,93,5
31763,908,24,41,1
31764,908,25,27,1
31765,908,26,96,5
31766,908,27,124,3
31767,908,28,61,2
31768,908,29,93,4
31769,908,30,73,2
31770,908,31,44,1
31771,908,32,70,4
31772,908,33,107,4
31773,908,34,73,2
31774,908,35,80,1
31775,909,1,131,5
31776,909,2,161,4
31777,909,3,91,4
31778,909,4,126,3
31779,909,5,117,3
31780,909,6,150,0
31781,909,7,153,6
31782,909,8,85,1
31783,909,9,127,6
31784,909,10,107,5
31785,909,11,186,7
31786,909,12,144,2
31787,909,13,92,5
31788,909,14,95,3
31789,909,15,140,8
31790,909,16,53,2
31791,909,17,84,2
31792,909,18,114,0
31793,909,19,89,2
31794,909,20,228,12
31795,909,21,155,4
31796,909,22,121,4
31797,909,23,51,1
31798,909,24,120,0
31799,909,25,162,6
31800,909,26,140,8
31801,909,27,61,2
31802,909,28,86,1
31803,909,29,78,2
31804,909,30,76,4
31805,909,31,113,6
31806,909,32,57,2
31807,909,33,91,5
31808,909,34,108,0
31809,909,35,80,5
31810,910,1,108,1
31811,910,2,40,0
31812,910,3,71,0
31813,910,4,68,2
31814,910,5,82,2
31815,910,6,61,3
31816,910,7,86,0
31817,910,8,42,1
31818,910,9,102,5
31819,910,10,193,6
31820,910,11,46,1
31821,910,12,61,3
31822,910,13,70,3
31823,910,14,50,2
31824,910,15,42,2
31825,910,16,65,0
31826,910,17,62,1
31827,910,18,50,1
31828,910,19,57,3
31829,910,20,104,0
31830,910,21,111,0
31831,910,22,60,3
31832,910,23,111,4
31833,910,24,38,0
31834,910,25,42,1
31835,910,26,93,3
31836,910,27,33,2
31837,910,28,53,2
31838,910,29,42,1
31839,910,30,35,2
31840,910,31,50,2
31841,910,32,54,1
31842,910,33,34,1
31843,910,34,76,3
31844,910,35,57,0
31845,911,1,67,4
31846,911,2,22,0
31847,911,3,49,2
31848,911,4,71,2
31849,911,5,53,1
31850,911,6,27,1
31851,911,7,73,4
31852,911,8,31,1
31853,911,9,74,4
31854,911,10,68,0
31855,911,11,33,1
31856,911,12,59,0
31857,911,13,69,3
31858,911,14,107,2
31859,911,15,93,4
31860,911,16,62,0
31861,911,17,24,1
31862,911,18,27,1
31863,911,19,80,4
31864,911,20,17,0
31865,911,21,60,1
31866,911,22,25,0
31867,911,23,67,3
31868,911,24,45,1
31869,911,25,75,3
31870,911,26,98,4
31871,911,27,92,1
31872,911,28,88,2
31873,911,29,88,2
31874,911,30,64,2
31875,911,31,99,2
31876,911,32,62,1
31877,911,33,69,2
31878,911,34,44,2
31879,911,35,124,6
31880,912,1,41,2
31881,912,2,152,5
31882,912,3,64,2
31883,912,4,38,1
31884,912,5,40,2
31885,912,6,47,2
31886,912,7,62,2
31887,912,8,135,8
31888,912,9,103,5
31889,912,10,65,1
31890,912,11,133,0
31891,912,12,100,0
31892,912,13,124,6
31893,912,14,58,2
31894,912,15,67,2
31895,912,16,70,1
31896,912,17,69,1
31897,912,18,76,4
31898,912,19,84,5
31899,912,20,131,6
31900,912,21,96,1
31901,912,22,77,4
31902,912,23,58,2
31903,912,24,92,2
31904,912,25,81,5
31905,912,26,125,2
31906,912,27,108,0
31907,912,28,31,0
31908,912,29,89,4
31909,912,30,79,3
31910,912,31,73,1
31911,912,32,76,1
31912,912,33,129,5
31913,912,34,66,3
31914,912,35,118,2
31915,913,1,114,4
31916,913,2,132,4
31917,913,3,118,3
31918,913,4,150,5
31919,913,5,86,3
31920,913,6,136,8
31921,913,7,183,7
31922,913,8,162,8
31923,913,9,103,5
31924,913,10,192,0
31925,913,11,96,2
31926,913,12,137,6
31927,913,13,123,0
31928,913,14,154,8
31929,913,15,140,2
31930,913,16,178,10
31931,913,17,97,4
31932,913,18,66,3
31933,913,19,146,7
31934,913,20,171,9
31935,913,21,83,5
31936,913,22,154,8
31937,913,23,92,3
31938,913,24,169,0
31939,913,25,85,5
31940,913,26,93,1
31941,913,27,178,5
31942,913,28,333,8
31943,913,29,248,0
31944,913,30,165,4
31945,913,31,188,5
31946,913,32,86,5
31947,913,33,253,4
31948,913,34,137,0
31949,913,35,189,10
31950,914,1,78,4
31951,914,2,106,0
31952,914,3,31,0
31953,914,4,70,3
31954,914,5,102,5
31955,914,6,125,2
31956,914,7,76,4
31957,914,8,123,7
31958,914,9,115,4
31959,914,10,53,2
31960,914,11,119,5
31961,914,12,150,2
31962,914,13,117,6
31963,914,14,55,3
31964,914,15,75,2
31965,914,16,77,0
31966,914,17,62,3
31967,914,18,168,8
31968,914,19,62,2
31969,914,20,91,4
31970,914,21,42,2
31971,914,22,63,1
31972,914,23,89,3
31973,914,24,115,0
31974,914,25,70,4
31975,914,26,300,11
31976,914,27,201,4
31977,914,28,123,2
31978,914,29,85,3
31979,914,30,83,5
31980,914,31,90,2
31981,914,32,166,9
31982,914,33,73,4
31983,914,34,118,6
31984,914,35,49,1
31985,915,1,38,1
31986,915,2,59,1
31987,915,3,103,3
31988,915,4,69,2
31989,915,5,39,2
31990,915,6,89,4
31991,915,7,124,3
31992,915,8,54,2
31993,915,9,151,8
31994,915,10,37,2
31995,915,11,82,4
31996,915,12,63,2
31997,915,13,91,2
31998,915,14,61,1
31999,915,15,61,3
32000,915,16,65,0
32001,915,17,81,3
32002,915,18,140,4
32003,915,19,86,5
32004,915,20,118,1
32005,915,21,66,0
32006,915,22,79,0
32007,915,23,124,0
32008,915,24,79,4
32009,915,25,86,2
32010,915,26,105,5
32011,915,27,33,1
32012,915,28,41,1
32013,915,29,61,3
32014,915,30,117,2
32015,915,31,55,3
32016,915,32,87,3
32017,915,33,84,2
32018,915,34,50,3
32019,915,35,57,3
32020,916,1,120,2
32021,916,2,110,5
32022,916,3,58,3
32023,916,4,87,1
32024,916,5,108,2
32025,916,6,102,4
32026,916,7,167,5
32027,916,8,134,2
32028,916,9,137,7
32029,916,10,267,8
32030,916,11,77,3
32031,916,12,101,4
32032,916,13,99,2
32033,916,14,190,5
32034,916,15,84,5
32035,916,16,138,4
32036,916,17,84,1
32037,916,18,49,1
32038,916,19,84,4
32039,916,20,56,3
32040,916,21,83,1
32041,916,22,142,7
32042,916,23,43,1
32043,916,24,308,0
32044,916,25,191,2
32045,916,26,91,2
32046,916,27,135,0
32047,916,28,232,0
32048,916,29,180,10
32049,916,30,87,1
32050,916,31,212,9
32051,916,32,234,14
32052,916,33,130,6
32053,916,34,93,0
32054,916,35,167,8
32055,917,1,184,0
32056,917,2,76,3
32057,917,3,42,1
32058,917,4,134,6
32059,917,5,196,0
32060,917,6,86,2
32061,917,7,159,5
32062,917,8,144,2
32063,917,9,62,1
32064,917,10,134,3
32065,917,11,252,14
32066,917,12,212,8
32067,917,13,79,4
32068,917,14,107,3
32069,917,15,82,4
32070,917,16,227,7
32071,917,17,62,3
32072,917,18,50,1
32073,917,19,142,4
32074,917,20,74,4
32075,917,21,101,2
32076,917,22,235,10
32077,917,23,139,4
32078,917,24,78,1
32079,917,25,86,5
32080,917,26,44,2
32081,917,27,162,3
32082,917,28,159,3
32083,917,29,71,4
32084,917,30,121,2
32085,917,31,167,0
32086,917,32,115,6
32087,917,33,108,1
32088,917,34,45,1
32089,917,35,94,1
32090,918,1,109,5
32091,918,2,68,0
32092,918,3,114,0
32093,918,4,47,1
32094,918,5,81,4
32095,918,6,29,1
32096,918,7,52,3
32097,918,8,65,2
32098,918,9,139,8
32099,918,10,31,2
32100,918,11,84,1
32101,918,12,113,7
32102,918,13,122,6
32103,918,14,216,3
32104,918,15,76,0
32105,918,16,85,4
32106,918,17,80,3
32107,918,18,121,0
32108,918,19,86,4
32109,918,20,172,8
32110,918,21,87,4
32111,918,22,72,1
32112,918,23,164,8
32113,918,24,111,5
32114,918,25,170,7
32115,918,26,77,2
32116,918,27,55,3
32117,918,28,134,4
32118,918,29,183,0
32119,918,30,65,4
32120,918,31,101,3
32121,918,32,54,2
32122,918,33,107,2
32123,918,34,69,0
32124,918,35,117,0
32125,919,1,82,4
32126,919,2,93,0
32127,919,3,41,2
32128,919,4,112,5
32129,919,5,80,2
32130,919,6,104,4
32131,919,7,53,1
32132,919,8,151,6
32133,919,9,38,1
32134,919,10,99,2
32135,919,11,125,0
32136,919,12,69,3
32137,919,13,131,4
32138,919,14,130,6
32139,919,15,48,3
32140,919,16,110,0
32141,919,17,60,3
32142,919,18,66,3
32143,919,19,25,1
32144,919,20,63,2
32145,919,21,93,0
32146,919,22,79,0
32147,919,23,93,0
32148,919,24,150,8
32149,919,25,45,2
32150,919,26,53,2
32151,919,27,46,1
32152,919,28,107,5
32153,919,29,59,1
32154,919,30,136,8
32155,919,31,51,1
32156,919,32,70,4
32157,919,33,36,2
32158,919,34,104,3
32159,919,35,44,2
32160,920,1,150,6
32161,920,2,139,5
32162,920,3,102,5
32163,920,4,60,1
32164,920,5,83,0
32165,920,6,63,1
32166,920,7,168,9
32167,920,8,139,4
32168,920,9,108,4
32169,920,10,86,2
32170,920,11,87,2
32171,920,12,68,1
32172,920,13,54,1
32173,920,14,111,0
32174,920,15,199,11
32175,920,16,106,3
32176,920,17,140,0
32177,920,18,103,5
32178,920,19,203,10
32179,920,20,127,5
32180,920,21,120,2
32181,920,22,157,6
32182,920,23,150,5
32183,920,24,167,0
32184,920,25,39,2
32185,920,26,58,2
32186,920,27,62,3
32187,920,28,134,0
32188,920,29,65,3
32189,920,30,48,1
32190,920,31,108,6
32191,920,32,87,0
32192,920,33,83,4
32193,920,34,101,1
32194,920,35,61,2
32195,921,1,96,0
32196,921,2,103,3
32197,921,3,64,1
32198,921,4,111,3
32199,921,5,59,0
32200,921,6,50,2
32201,921,7,82,2
32202,921,8,50,1
32203,921,9,99,2
32204,921,10,47,1
32205,921,11,51,2
32206,921,12,25,1
32207,921,13,17,0
32208,921,14,97,4
32209,921,15,111,5
32210,921,16,79,1
32211,921,17,131,6
32212,921,18,46,2
32213,921,19,76,1
32214,921,20,81,1
32215,921,21,63,3
32216,921,22,98,3
32217,921,23,95,5
32218,921,24,63,0
32219,921,25,91,5
32220,921,26,33,1
32221,921,27,25,1
32222,921,28,39,2
32223,921,29,101,1
32224,921,30,64,2
32225,921,31,51,2
32226,921,32,24,1
32227,921,33,54,2
32228,921,34,84,2
32229,921,35,36,2
32230,922,1,90,4
32231,922,2,31,1
32232,922,3,33,0
32233,922,4,47,2
32234,922,5,29,1
32235,922,6,59,3
32236,922,7,65,3
32237,922,8,18,0
32238,922,9,81,4
32239,922,10,47,2
32240,922,11,71,4
32241,922,12,27,1
32242,922,13,25,1
32243,922,14,30,0
32244,922,15,36,0
32245,922,16,50,2
32246,922,17,54,3
32247,922,18,22,0
32248,922,19,30,1
32249,922,20,22,0
32250,922,21,55,3
32251,922,22,84,2
32252,922,23,93,4
32253,922,24,50,0
32254,922,25,68,3
32255,922,26,35,2
32256,922,27,39,2
32257,922,28,45,3
32258,922,29,54,1
32259,922,30,64,3
32260,922,31,50,2
32261,922,32,34,2
32262,922,33,37,1
32263,922,34,69,0
32264,922,35,31,1
32265,923,1,107,2
32266,923,2,29,0
32267,923,3,36,1
32268,923,4,42,0
32269,923,5,44,2
32270,923,6,65,1
32271,923,7,67,1
32272,923,8,73,4
32273,923,9,62,2
32274,923,10,59,1
32275,923,11,38,0
32276,923,12,54,1
32277,923,13,39,2
32278,923,14,23,1
32279,923,15,35,2
32280,923,16,44,0
32281,923,17,25,1
32282,923,18,32,1
32283,923,19,24,1
32284,923,20,57,3
32285,923,21,17,0
32286,923,22,60,0
32287,923,23,36,1
32288,923,24,24,1
32289,923,25,50,3
32290,923,26,42,1
32291,923,27,64,2
32292,923,28,30,1
32293,923,29,19,1
32294,923,30,35,2
32295,923,31,34,0
32296,923,32,35,1
32297,923,33,85,2
32298,923,34,13,0
32299,923,35,20,1
32300,924,1,54,3
32301,924,2,32,2
32302,924,3,42,2
32303,924,4,111,4
32304,924,5,47,3
32305,924,6,41,2
32306,924,7,37,2
32307,924,8,58,2
32308,924,9,92,1
32309,924,10,58,3
32310,924,11,23,1
32311,924,12,22,0
32312,924,13,103,0
32313,924,14,41,2
32314,924,15,137,7
32315,924,16,39,1
32316,924,17,39,0
32317,924,18,40,1
32318,924,19,124,7
32319,924,20,47,2
32320,924,21,30,1
32321,924,22,50,3
32322,924,23,126,3
32323,924,24,56,0
32324,924,25,83,4
32325,924,26,108,3
32326,924,27,61,1
32327,924,28,80,0
32328,924,29,36,1
32329,924,30,49,2
32330,924,31,112,3
32331,924,32,34,0
32332,924,33,54,3
32333,924,34,78,2
32334,924,35,48,2
32335,925,1,48,2
32336,925,2,41,1
32337,925,3,31,1
32338,925,4,25,1
32339,925,5,61,0
32340,925,6,136,5
32341,925,7,66,4
32342,925,8,36,1
32343,925,9,46,1
32344,925,10,54,2
32345,925,11,64,3
32346,925,12,23,0
32347,925,13,42,1
32348,925,14,97,6
32349,925,15,47,2
32350,925,16,25,1
32351,925,17,165,4
32352,925,18,83,3
32353,925,19,33,2
32354,925,20,81,3
32355,925,21,124,3
32356,925,22,43,2
32357,925,23,81,2
32358,925,24,70,4
32359,925,25,66,3
32360,925,26,86,2
32361,925,27,42,1
32362,925,28,119,4
32363,925,29,40,1
32364,925,30,83,2
32365,925,31,55,3
32366,925,32,96,4
32367,925,33,66,4
32368,925,34,79,1
32369,925,35,54,1
32370,926,1,27,2
32371,926,2,46,1
32372,926,3,61,0
32373,926,4,36,0
32374,926,5,40,2
32375,926,6,38,1
32376,926,7,41,0
32377,926,8,41,1
32378,926,9,29,1
32379,926,10,94,4
32380,926,11,79,1
32381,926,12,50,1
32382,926,13,52,1
32383,926,14,39,1
32384,926,15,30,0
32385,926,16,70,4
32386,926,17,28,1
32387,926,18,36,0
32388,926,19,66,1
32389,926,20,72,0
32390,926,21,47,1
32391,926,22,35,1
32392,926,23,32,1
32393,926,24,38,0
32394,926,25,33,1
32395,926,26,69,2
32396,926,27,11,1
32397,926,28,113,2
32398,926,29,74,1
32399,926,30,46,2
32400,926,31,82,2
32401,926,32,60,2
32402,926,33,68,1
32403,926,34,34,2
32404,926,35,75,1
32405,927,1,17,0
32406,927,2,34,1
32407,927,3,48,3
32408,927,4,44,1
32409,927,5,107,5
32410,927,6,63,3
32411,927,7,21,0
32412,927,8,69,4
32413,927,9,40,2
32414,927,10,46,2
32415,927,11,33,0
32416,927,12,45,1
32417,927,13,27,0
32418,927,14,12,1
32419,927,15,53,1
32420,927,16,46,2
32421,927,17,27,1
32422,927,18,48,3
32423,927,19,33,2
32424,927,20,46,1
32425,927,21,10,1
32426,927,22,11,0
32427,927,23,26,2
32428,927,24,26,1
32429,927,25,27,2
32430,927,26,31,2
32431,927,27,34,2
32432,927,28,34,2
32433,927,29,42,1
32434,927,30,43,1
32435,927,31,16,1
32436,927,32,57,1
32437,927,33,28,1
32438,927,34,46,1
32439,927,35,31,1
32440,928,1,96,6
32441,928,2,85,1
32442,928,3,57,1
32443,928,4,114,6
32444,928,5,57,3
32445,928,6,66,2
32446,928,7,49,1
32447,928,8,48,0
32448,928,9,34,2
32449,928,10,32,1
32450,928,11,73,2
32451,928,12,36,1
32452,928,13,47,3
32453,928,14,29,1
32454,928,15,59,3
32455,928,16,91,2
32456,928,17,49,0
32457,928,18,19,0
32458,928,19,69,3
32459,928,20,51,1
32460,928,21,135,0
32461,928,22,53,3
32462,928,23,57,3
32463,928,24,20,1
32464,928,25,36,2
32465,928,26,44,2
32466,928,27,44,2
32467,928,28,60,0
32468,928,29,29,1
32469,928,30,91,3
32470,928,31,55,0
32471,928,32,43,2
32472,928,33,99,2
32473,928,34,33,1
32474,928,35,23,1
32475,929,1,87,0
32476,929,2,149,4
32477,929,3,60,2
32478,929,4,69,1
32479,929,5,83,1
32480,929,6,26,1
32481,929,7,59,2
32482,929,8,65,4
32483,929,9,96,5
32484,929,10,86,4
32485,929,11,89,3
32486,929,12,87,2
32487,929,13,77,2
32488,929,14,74,1
32489,929,15,124,5
32490,929,16,87,4
32491,929,17,108,5
32492,929,18,60,1
32493,929,19,76,1
32494,929,20,46,1
32495,929,21,70,1
32496,929,22,91,4
32497,929,23,63,2
32498,929,24,88,1
32499,929,25,101,3
32500,929,26,115,5
32501,929,27,94,2
32502,929,28,104,2
32503,929,29,107,1
32504,929,30,80,2
32505,929,31,82,3
32506,929,32,64,2
32507,929,33,104,5
32508,929,34,73,1
32509,929,35,134,6
32510,930,1,82,1
32511,930,2,55,3
32512,930,3,63,1
32513,930,4,79,4
32514,930,5,63,3
32515,930,6,140,3
32516,930,7,55,0
32517,930,8,70,2
32518,930,9,67,3
32519,930,10,55,3
32520,930,11,46,2
32521,930,12,26,1
32522,930,13,26,1
32523,930,14,28,1
32524,930,15,42,0
32525,930,16,27,1
32526,930,17,95,3
32527,930,18,38,0
32528,930,19,64,1
32529,930,20,51,0
32530,930,21,88,3
32531,930,22,29,1
32532,930,23,100,2
32533,930,24,47,0
32534,930,25,39,2
32535,930,26,92,1
32536,930,27,34,1
32537,930,28,62,0
32538,930,29,35,1
32539,930,30,50,2
32540,930,31,74,1
32541,930,32,35,1
32542,930,33,38,1
32543,930,34,75,0
32544,930,35,57,0
32545,931,1,45,1
32546,931,2,64,4
32547,931,3,29,1
32548,931,4,29,1
32549,931,5,47,1
32550,931,6,28,1
32551,931,7,83,1
32552,931,8,80,0
32553,931,9,37,1
32554,931,10,27,1
32555,931,11,26,0
32556,931,12,41,2
32557,931,13,50,1
32558,931,14,51,2
32559,931,15,63,3
32560,931,16,59,0
32561,931,17,88,5
32562,931,18,38,1
32563,931,19,39,1
32564,931,20,74,4
32565,931,21,26,1
32566,931,22,63,3
32567,931,23,54,0
32568,931,24,36,2
32569,931,25,63,4
32570,931,26,50,2
32571,931,27,60,2
32572,931,28,13,0
32573,931,29,35,1
32574,931,30,63,1
32575,931,31,67,3
32576,931,32,62,1
32577,931,33,37,2
32578,931,34,36,2
32579,931,35,20,1
32580,932,1,58,2
32581,932,2,58,2
32582,932,3,123,6
32583,932,4,95,5
32584,932,5,64,0
32585,932,6,79,4
32586,932,7,49,3
32587,932,8,43,1
32588,932,9,59,1
32589,932,10,43,2
32590,932,11,93,4
32591,932,12,55,3
32592,932,13,59,1
32593,932,14,66,2
32594,932,15,32,1
32595,932,16,75,4
32596,932,17,67,0
32597,932,18,43,2
32598,932,19,60,3
32599,932,20,68,2
32600,932,21,49,0
32601,932,22,19,0
32602,932,23,31,1
32603,932,24,68,1
32604,932,25,103,4
32605,932,26,83,3
32606,932,27,76,4
32607,932,28,84,0
32608,932,29,36,1
32609,932,30,37,1
32610,932,31,48,0
32611,932,32,136,1
32612,932,33,61,3
32613,932,34,84,5
32614,932,35,51,1
32615,933,1,103,0
32616,933,2,63,2
32617,933,3,103,5
32618,933,4,96,3
32619,933,5,96,0
32620,933,6,104,2
32621,933,7,107,5
32622,933,8,63,1
32623,933,9,99,3
32624,933,10,92,2
32625,933,11,112,0
32626,933,12,63,2
32627,933,13,239,13
32628,933,14,131,4
32629,933,15,72,3
32630,933,16,67,3
32631,933,17,95,3
32632,933,18,138,6
32633,933,19,151,5
32634,933,20,69,1
32635,933,21,27,1
32636,933,22,72,3
32637,933,23,85,4
32638,933,24,79,0
32639,933,25,125,2
32640,933,26,90,3
32641,933,27,39,0
32642,933,28,64,1
32643,933,29,17,1
32644,933,30,75,2
32645,933,31,87,3
32646,933,32,139,6
32647,933,33,167,4
32648,933,34,108,6
32649,933,35,69,4
32650,934,1,20,1
32651,934,2,24,0
32652,934,3,75,0
32653,934,4,97,5
32654,934,5,83,2
32655,934,6,68,1
32656,934,7,44,1
32657,934,8,74,3
32658,934,9,115,6
32659,934,10,60,3
32660,934,11,134,2
32661,934,12,53,1
32662,934,13,88,0
32663,934,14,97,2
32664,934,15,18,1
32665,934,16,59,1
32666,934,17,55,2
32667,934,18,36,0
32668,934,19,16,1
32669,934,20,43,1
32670,934,21,64,3
32671,934,22,57,1
32672,934,23,50,1
32673,934,24,62,0
32674,934,25,56,3
32675,934,26,77,4
32676,934,27,39,1
32677,934,28,38,0
32678,934,29,41,0
32679,934,30,58,3
32680,934,31,62,3
32681,934,32,89,4
32682,934,33,80,5
32683,934,34,45,0
32684,934,35,85,0
32685,935,1,49,1
32686,935,2,36,1
32687,935,3,42,2
32688,935,4,30,1
32689,935,5,103,4
32690,935,6,34,2
32691,935,7,99,0
32692,935,8,64,0
32693,935,9,23,0
32694,935,10,62,1
32695,935,11,61,0
32696,935,12,14,0
32697,935,13,43,1
32698,935,14,63,3
32699,935,15,45,1
32700,935,16,26,1
32701,935,17,35,2
32702,935,18,31,1
32703,935,19,35,0
32704,935,20,51,2
32705,935,21,58,2
32706,935,22,25,1
32707,935,23,18,0
32708,935,24,45,3
32709,935,25,56,3
32710,935,26,28,1
32711,935,27,34,1
32712,935,28,49,0
32713,935,29,29,1
32714,935,30,40,1
32715,935,31,97,3
32716,935,32,33,2
32717,935,33,31,2
32718,935,34,101,5
32719,935,35,36,2
32720,936,1,99,5
32721,936,2,28,0
32722,936,3,50,2
32723,936,4,47,3
32724,936,5,115,5
32725,936,6,48,1
32726,936,7,157,7
32727,936,8,96,5
32728,936,9,111,2
32729,936,10,42,2
32730,936,11,31,1
32731,936,12,96,2
32732,936,13,55,1
32733,936,14,90,3
32734,936,15,64,2
32735,936,16,94,3
32736,936,17,38,1
32737,936,18,24,1
32738,936,19,23,1
32739,936,20,72,2
32740,936,21,59,0
32741,936,22,130,6
32742,936,23,112,4
32743,936,24,28,1
32744,936,25,75,2
32745,936,26,85,2
32746,936,27,40,0
32747,936,28,66,0
32748,936,29,82,3
32749,936,30,58,2
32750,936,31,59,2
32751,936,32,72,0
32752,936,33,43,2
32753,936,34,70,2
32754,936,35,98,5
32755,937,1,51,0
32756,937,2,85,0
32757,937,3,317,6
32758,937,4,127,5
32759,937,5,84,0
32760,937,6,178,3
32761,937,7,107,2
32762,937,8,79,0
32763,937,9,128,3
32764,937,10,129,2
32765,937,11,53,3
32766,937,12,112,5
32767,937,13,149,0
32768,937,14,75,1
32769,937,15,86,2
32770,937,16,183,2
32771,937,17,104,5
32772,937,18,60,2
32773,937,19,124,4
32774,937,20,227,4
32775,937,21,232,7
32776,937,22,156,9
32777,937,23,155,5
32778,937,24,69,0
32779,937,25,56,2
32780,937,26,88,4
32781,937,27,176,6
32782,937,28,145,6
32783,937,29,125,1
32784,937,30,92,5
32785,937,31,111,5
32786,937,32,124,7
32787,937,33,203,3
32788,937,34,122,2
32789,937,35,109,6
32790,938,1,74,1
32791,938,2,47,2
32792,938,3,68,0
32793,938,4,157,5
32794,938,5,55,2
32795,938,6,37,2
32796,938,7,55,0
32797,938,8,39,0
32798,938,9,99,6
32799,938,10,79,2
32800,938,11,73,2
32801,938,12,68,3
32802,938,13,55,0
32803,938,14,27,1
32804,938,15,55,0
32805,938,16,109,0
32806,938,17,50,1
32807,938,18,32,2
32808,938,19,72,3
32809,938,20,63,1
32810,938,21,58,1
32811,938,22,50,2
32812,938,23,96,2
32813,938,24,37,1
32814,938,25,58,3
32815,938,26,102,3
32816,938,27,121,4
32817,938,28,60,0
32818,938,29,150,4
32819,938,30,77,1
32820,938,31,29,1
32821,938,32,47,3
32822,938,33,155,3
32823,938,34,84,1
32824,938,35,64,1
32825,939,1,52,1
32826,939,2,37,1
32827,939,3,47,1
32828,939,4,57,2
32829,939,5,129,2
32830,939,6,60,3
32831,939,7,47,0
32832,939,8,56,2
32833,939,9,80,3
32834,939,10,48,1
32835,939,11,36,1
32836,939,12,38,2
32837,939,13,139,4
32838,939,14,46,1
32839,939,15,97,4
32840,939,16,51,0
32841,939,17,62,3
32842,939,18,145,0
32843,939,19,65,2
32844,939,20,90,2
32845,939,21,102,0
32846,939,22,31,1
32847,939,23,58,1
32848,939,24,49,2
32849,939,25,91,4
32850,939,26,57,2
32851,939,27,34,2
32852,939,28,204,9
32853,939,29,79,1
32854,939,30,88,2
32855,939,31,34,1
32856,939,32,47,3
32857,939,33,64,3
32858,939,34,51,2
32859,939,35,60,1
32860,940,1,64,3
32861,940,2,155,5
32862,940,3,132,4
32863,940,4,53,3
32864,940,5,92,2
32865,940,6,195,5
32866,940,7,97,3
32867,940,8,55,1
32868,940,9,57,2
32869,940,10,63,1
32870,940,11,90,4
32871,940,12,133,7
32872,940,13,101,0
32873,940,14,149,0
32874,940,15,92,5
32875,940,16,114,3
32876,940,17,65,1
32877,940,18,61,2
32878,940,19,152,5
32879,940,20,69,4
32880,940,21,54,0
32881,940,22,97,1
32882,940,23,95,3
32883,940,24,77,1
32884,940,25,124,4
32885,940,26,61,3
32886,940,27,48,1
32887,940,28,118,0
32888,940,29,89,3
32889,940,30,127,5
32890,940,31,119,0
32891,940,32,76,0
32892,940,33,81,3
32893,940,34,154,0
32894,940,35,42,1
32895,941,1,69,0
32896,941,2,136,0
32897,941,3,109,2
32898,941,4,164,6
32899,941,5,184,0
32900,941,6,137,3
32901,941,7,57,1
32902,941,8,88,3
32903,941,9,127,2
32904,941,10,139,6
32905,941,11,194,0
32906,941,12,98,4
32907,941,13,107,0
32908,941,14,108,2
32909,941,15,115,4
32910,941,16,202,5
32911,941,17,120,6
32912,941,18,151,8
32913,941,19,138,4
32914,941,20,93,4
32915,941,21,152,7
32916,941,22,176,8
32917,941,23,222,9
32918,941,24,167,0
32919,941,25,177,0
32920,941,26,117,6
32921,941,27,97,3
32922,941,28,123,3
32923,941,29,78,3
32924,941,30,199,4
32925,941,31,340,18
32926,941,32,186,2
32927,941,33,77,1
32928,941,34,63,1
32929,941,35,105,6
32930,942,1,119,2
32931,942,2,31,1
32932,942,3,84,0
32933,942,4,112,0
32934,942,5,105,2
32935,942,6,41,1
32936,942,7,175,0
32937,942,8,330,14
32938,942,9,72,2
32939,942,10,160,2
32940,942,11,33,1
32941,942,12,58,2
32942,942,13,69,0
32943,942,14,172,4
32944,942,15,65,0
32945,942,16,89,0
32946,942,17,128,6
32947,942,18,164,8
32948,942,19,119,1
32949,942,20,143,0
32950,942,21,56,3
32951,942,22,26,1
32952,942,23,96,4
32953,942,24,85,3
32954,942,25,141,3
32955,942,26,66,4
32956,942,27,115,5
32957,942,28,75,0
32958,942,29,93,1
32959,942,30,68,3
32960,942,31,157,8
32961,942,32,62,3
32962,942,33,122,5
32963,942,34,107,0
32964,942,35,78,0
32965,943,1,21,0
32966,943,2,101,4
32967,943,3,78,2
32968,943,4,47,1
32969,943,5,28,1
32970,943,6,63,1
32971,943,7,74,4
32972,943,8,60,1
32973,943,9,162,8
32974,943,10,56,3
32975,943,11,55,1
32976,943,12,54,2
32977,943,13,92,4
32978,943,14,62,3
32979,943,15,88,4
32980,943,16,63,0
32981,943,17,109,0
32982,943,18,97,0
32983,943,19,150,8
32984,943,20,65,3
32985,943,21,48,1
32986,943,22,90,2
32987,943,23,60,2
32988,943,24,45,1
32989,943,25,52,3
32990,943,26,25,1
32991,943,27,36,2
32992,943,28,54,3
32993,943,29,80,5
32994,943,30,60,3
32995,943,31,54,2
32996,943,32,124,3
32997,943,33,204,5
32998,943,34,62,1
32999,943,35,33,0
33000,944,1,98,1
33001,944,2,42,1
33002,944,3,201,10
33003,944,4,206,0
33004,944,5,92,5
33005,944,6,97,5
33006,944,7,152,9
33007,944,8,48,1
33008,944,9,129,3
33009,944,10,95,2
33010,944,11,100,3
33011,944,12,48,1
33012,944,13,75,4
33013,944,14,118,0
33014,944,15,140,0
33015,944,16,231,7
33016,944,17,93,3
33017,944,18,49,3
33018,944,19,134,7
33019,944,20,74,3
33020,944,21,61,2
33021,944,22,209,11
33022,944,23,235,4
33023,944,24,64,2
33024,944,25,81,2
33025,944,26,178,5
33026,944,27,130,3
33027,944,28,64,0
33028,944,29,87,1
33029,944,30,109,7
33030,944,31,83,0
33031,944,32,58,0
33032,944,33,142,7
33033,944,34,87,1
33034,944,35,93,5
33035,945,1,43,0
33036,945,2,49,2
33037,945,3,94,5
33038,945,4,54,1
33039,945,5,70,3
33040,945,6,55,3
33041,945,7,123,5
33042,945,8,29,2
33043,945,9,81,2
33044,945,10,71,2
33045,945,11,19,0
33046,945,12,46,3
33047,945,13,77,3
33048,945,14,85,4
33049,945,15,104,4
33050,945,16,52,0
33051,945,17,73,2
33052,945,18,126,6
33053,945,19,51,1
33054,945,20,76,3
33055,945,21,77,0
33056,945,22,95,4
33057,945,23,60,1
33058,945,24,44,1
33059,945,25,42,0
33060,945,26,118,6
33061,945,27,72,4
33062,945,28,93,3
33063,945,29,101,5
33064,945,30,42,2
33065,945,31,46,0
33066,945,32,100,6
33067,945,33,92,4
33068,945,34,62,4
33069,945,35,77,2
33070,946,1,136,4
33071,946,2,68,2
33072,946,3,58,0
33073,946,4,57,2
33074,946,5,36,2
33075,946,6,54,3
33076,946,7,42,0
33077,946,8,50,1
33078,946,9,86,5
33079,946,10,94,4
33080,946,11,85,2
33081,946,12,51,1
33082,946,13,58,2
33083,946,14,57,1
33084,946,15,57,1
33085,946,16,28,0
33086,946,17,56,2
33087,946,18,46,2
33088,946,19,52,3
33089,946,20,64,3
33090,946,21,95,5
33091,946,22,56,1
33092,946,23,68,3
33093,946,24,42,1
33094,946,25,72,4
33095,946,26,50,2
33096,946,27,41,2
33097,946,28,66,0
33098,946,29,82,5
33099,946,30,47,2
33100,946,31,39,1
33101,946,32,70,3
33102,946,33,104,6
33103,946,34,23,1
33104,946,35,48,2
33105,947,1,44,2
33106,947,2,33,1
33107,947,3,47,2
33108,947,4,52,3
33109,947,5,57,3
33110,947,6,65,2
33111,947,7,35,2
33112,947,8,41,1
33113,947,9,57,2
33114,947,10,54,1
33115,947,11,38,2
33116,947,12,44,2
33117,947,13,26,0
33118,947,14,39,2
33119,947,15,35,1
33120,947,16,21,0
33121,947,17,20,0
33122,947,18,33,0
33123,947,19,71,3
33124,947,20,18,1
33125,947,21,125,2
33126,947,22,30,0
33127,947,23,45,1
33128,947,24,63,1
33129,947,25,26,1
33130,947,26,50,2
33131,947,27,25,1
33132,947,28,104,1
33133,947,29,40,2
33134,947,30,28,2
33135,947,31,29,1
33136,947,32,91,3
33137,947,33,21,1
33138,947,34,57,3
33139,947,35,53,2
33140,948,1,53,2
33141,948,2,87,5
33142,948,3,29,1
33143,948,4,62,0
33144,948,5,87,1
33145,948,6,46,2
33146,948,7,20,0
33147,948,8,32,1
33148,948,9,84,3
33149,948,10,78,3
33150,948,11,83,1
33151,948,12,42,2
33152,948,13,55,0
33153,948,14,48,0
33154,948,15,35,0
33155,948,16,58,2
33156,948,17,55,2
33157,948,18,104,6
33158,948,19,77,4
33159,948,20,98,5
33160,948,21,43,1
33161,948,22,76,4
33162,948,23,57,1
33163,948,24,91,4
33164,948,25,106,3
33165,948,26,66,3
33166,948,27,47,1
33167,948,28,35,0
33168,948,29,58,1
33169,948,30,52,3
33170,948,31,29,0
33171,948,32,40,0
33172,948,33,93,1
33173,948,34,55,3
33174,948,35,74,3
33175,949,1,40,0
33176,949,2,23,0
33177,949,3,36,0
33178,949,4,18,1
33179,949,5,44,1
33180,949,6,30,1
33181,949,7,29,1
33182,949,8,26,1
33183,949,9,38,1
33184,949,10,47,1
33185,949,11,41,1
33186,949,12,74,4
33187,949,13,53,0
33188,949,14,110,3
33189,949,15,27,1
33190,949,16,46,1
33191,949,17,56,2
33192,949,18,45,2
33193,949,19,24,1
33194,949,20,59,2
33195,949,21,12,1
33196,949,22,34,1
33197,949,23,49,2
33198,949,24,49,1
33199,949,25,20,1
33200,949,26,32,1
33201,949,27,17,1
33202,949,28,14,0
33203,949,29,27,1
33204,949,30,21,0
33205,949,31,39,0
33206,949,32,44,2
33207,949,33,47,2
33208,949,34,28,1
33209,949,35,65,1
33210,950,1,13,0
33211,950,2,42,2
33212,950,3,7,0
33213,950,4,39,1
33214,950,5,22,1
33215,950,6,18,0
33216,950,7,38,0
33217,950,8,26,1
33218,950,9,31,1
33219,950,10,28,1
33220,950,11,42,1
33221,950,12,17,0
33222,950,13,17,0
33223,950,14,7,0
33224,950,15,26,1
33225,950,16,19,0
33226,950,17,14,1
33227,950,18,8,0
33228,950,19,17,1
33229,950,20,18,0
33230,950,21,14,0
33231,950,22,37,0
33232,950,23,24,1
33233,950,24,24,0
33234,950,25,41,1
33235,950,26,45,1
33236,950,27,29,1
33237,950,28,31,0
33238,950,29,21,0
33239,950,30,39,2
33240,950,31,71,3
33241,950,32,30,1
33242,950,33,22,1
33243,950,34,22,1
33244,950,35,25,0
33245,951,1,16,1
33246,951,2,16,1
33247,951,3,15,0
33248,951,4,25,1
33249,951,5,13,0
33250,951,6,21,1
33251,951,7,19,1
33252,951,8,18,0
33253,951,9,17,1
33254,951,10,19,1
33255,951,11,12,0
33256,951,12,14,0
33257,951,13,43,2
33258,951,14,49,2
33259,951,15,12,1
33260,951,16,16,0
33261,951,17,2,0
33262,951,18,25,0
33263,951,19,30,2
33264,951,20,17,1
33265,951,21,26,0
33266,951,22,5,0
33267,951,23,18,0
33268,951,24,10,0
33269,951,25,21,1
33270,951,26,33,1
33271,951,27,34,1
33272,951,28,8,0
33273,951,29,13,1
33274,951,30,12,1
33275,951,31,15,0
33276,951,32,46,2
33277,951,33,12,1
33278,951,34,22,0
33279,951,35,73,3
33280,952,1,29,2
33281,952,2,69,2
33282,952,3,8,0
33283,952,4,46,0
33284,952,5,37,0
33285,952,6,14,0
33286,952,7,14,1
33287,952,8,24,1
33288,952,9,40,1
33289,952,10,13,0
33290,952,11,39,2
33291,952,12,21,1
33292,952,13,18,1
33293,952,14,21,1
33294,952,15,26,1
33295,952,16,29,1
33296,952,17,70,1
33297,952,18,25,1
33298,952,19,20,0
33299,952,20,9,0
33300,952,21,51,2
33301,952,22,38,1
33302,952,23,40,1
33303,952,24,31,1
33304,952,25,34,2
33305,952,26,44,1
33306,952,27,27,1
33307,952,28,34,0
33308,952,29,35,2
33309,952,30,44,2
33310,952,31,33,0
33311,952,32,18,0
33312,952,33,25,0
33313,952,34,16,0
33314,952,35,28,1
33315,953,1,25,0
33316,953,2,59,1
33317,953,3,21,0
33318,953,4,27,1
33319,953,5,54,2
33320,953,6,26,1
33321,953,7,31,2
33322,953,8,25,1
33323,953,9,47,1
33324,953,10,34,1
33325,953,11,42,0
33326,953,12,40,2
33327,953,13,29,0
33328,953,14,19,0
33329,953,15,25,1
33330,953,16,26,0
33331,953,17,20,1
33332,953,18,35,1
33333,953,19,29,1
33334,953,20,45,1
33335,953,21,21,1
33336,953,22,61,2
33337,953,23,31,1
33338,953,24,90,1
33339,953,25,38,1
33340,953,26,43,1
33341,953,27,44,3
33342,953,28,66,2
33343,953,29,18,1
33344,953,30,48,1
33345,953,31,29,0
33346,953,32,21,1
33347,953,33,32,2
33348,953,34,22,1
33349,953,35,73,4
33350,954,1,45,1
33351,954,2,30,0
33352,954,3,25,0
33353,954,4,10,0
33354,954,5,21,1
33355,954,6,28,1
33356,954,7,20,1
33357,954,8,28,1
33358,954,9,21,1
33359,954,10,18,1
33360,954,11,43,1
33361,954,12,22,1
33362,954,13,17,1
33363,954,14,45,1
33364,954,15,35,1
33365,954,16,23,0
33366,954,17,25,0
33367,954,18,23,0
33368,954,19,10,0
33369,954,20,24,1
33370,954,21,32,1
33371,954,22,47,2
33372,954,23,50,1
33373,954,24,25,0
33374,954,25,21,0
33375,954,26,60,3
33376,954,27,25,1
33377,954,28,15,0
33378,954,29,43,1
33379,954,30,43,0
33380,954,31,29,1
33381,954,32,24,1
33382,954,33,21,0
33383,954,34,36,1
33384,954,35,33,2
33385,955,1,23,1
33386,955,2,19,1
33387,955,3,26,1
33388,955,4,44,2
33389,955,5,31,1
33390,955,6,31,2
33391,955,7,13,0
33392,955,8,16,1
33393,955,9,4,0
33394,955,10,24,1
33395,955,11,53,0
33396,955,12,18,1
33397,955,13,32,1
33398,955,14,11,0
33399,955,15,25,0
33400,955,16,12,1
33401,955,17,13,1
33402,955,18,18,0
33403,955,19,18,1
33404,955,20,46,2
33405,955,21,14,1
33406,955,22,29,1
33407,955,23,26,1
33408,955,24,47,3
33409,955,25,3,0
33410,955,26,23,1
33411,955,27,13,0
33412,955,28,23,0
33413,955,29,32,1
33414,955,30,13,0
33415,955,31,13,0
33416,955,32,13,1
33417,955,33,25,1
33418,955,34,15,1
33419,955,35,10,0
33420,956,1,48,2
33421,956,2,32,1
33422,956,3,17,1
33423,956,4,13,0
33424,956,5,47,2
33425,956,6,24,1
33426,956,7,11,1
33427,956,8,20,0
33428,956,9,26,0
33429,956,10,45,1
33430,956,11,16,0
33431,956,12,32,1
33432,956,13,47,0
33433,956,14,25,1
33434,956,15,44,2
33435,956,16,31,1
33436,956,17,16,1
33437,956,18,45,1
33438,956,19,13,0
33439,956,20,44,1
33440,956,21,65,0
33441,956,22,32,1
33442,956,23,23,0
33443,956,24,51,2
33444,956,25,29,1
33445,956,26,40,2
33446,956,27,2,0
33447,956,28,15,0
33448,956,29,45,1
33449,956,30,88,2
33450,956,31,22,0
33451,956,32,9,1
33452,956,33,24,1
33453,956,34,51,2
33454,956,35,31,1
33455,957,1,15,1
33456,957,2,46,1
33457,957,3,28,2
33458,957,4,50,2
33459,957,5,42,1
33460,957,6,6,0
33461,957,7,80,5
33462,957,8,20,0
33463,957,9,67,3
33464,957,10,57,0
33465,957,11,43,1
33466,957,12,48,2
33467,957,13,29,0
33468,957,14,32,1
33469,957,15,48,0
33470,957,16,35,0
33471,957,17,60,1
33472,957,18,33,2
33473,957,19,52,3
33474,957,20,34,2
33475,957,21,40,1
33476,957,22,26,1
33477,957,23,30,1
33478,957,24,33,0
33479,957,25,44,2
33480,957,26,38,2
33481,957,27,40,0
33482,957,28,23,1
33483,957,29,36,1
33484,957,30,41,2
33485,957,31,42,1
33486,957,32,65,0
33487,957,33,43,3
33488,957,34,76,1
33489,957,35,42,0
33490,958,1,38,1
33491,958,2,37,2
33492,958,3,14,0
33493,958,4,59,1
33494,958,5,14,1
33495,958,6,73,3
33496,958,7,42,2
33497,958,8,35,2
33498,958,9,28,0
33499,958,10,15,0
33500,958,11,43,2
33501,958,12,22,1
33502,958,13,27,0
33503,958,14,46,1
33504,958,15,17,1
33505,958,16,23,1
33506,958,17,51,3
33507,958,18,32,0
33508,958,19,25,1
33509,958,20,50,2
33510,958,21,28,1
33511,958,22,37,1
33512,958,23,60,2
33513,958,24,19,0
33514,958,25,30,1
33515,958,26,56,1
33516,958,27,53,1
33517,958,28,30,1
33518,958,29,40,2
33519,958,30,82,4
33520,958,31,36,1
33521,958,32,14,0
33522,958,33,40,1
33523,958,34,13,1
33524,958,35,18,1
33525,959,1,14,1
33526,959,2,19,1
33527,959,3,67,2
33528,959,4,24,1
33529,959,5,19,0
33530,959,6,36,1
33531,959,7,16,1
33532,959,8,22,1
33533,959,9,19,1
33534,959,10,34,2
33535,959,11,21,0
33536,959,12,25,1
33537,959,13,27,1
33538,959,14,12,0
33539,959,15,29,1
33540,959,16,27,0
33541,959,17,27,0
33542,959,18,14,0
33543,959,19,45,2
33544,959,20,23,0
33545,959,21,28,0
33546,959,22,8,0
33547,959,23,34,1
33548,959,24,12,1
33549,959,25,22,1
33550,959,26,30,1
33551,959,27,18,0
33552,959,28,41,1
33553,959,29,28,1
33554,959,30,16,1
33555,959,31,21,1
33556,959,32,33,2
33557,959,33,18,0
33558,959,34,31,1
33559,959,35,44,3
33560,960,1,26,1
33561,960,2,15,1
33562,960,3,32,1
33563,960,4,72,0
33564,960,5,36,2
33565,960,6,52,1
33566,960,7,62,4
33567,960,8,40,2
33568,960,9,29,1
33569,960,10,32,1
33570,960,11,18,0
33571,960,12,37,2
33572,960,13,30,0
33573,960,14,36,2
33574,960,15,20,0
33575,960,16,47,1
33576,960,17,52,2
33577,960,18,66,1
33578,960,19,30,1
33579,960,20,26,1
33580,960,21,87,0
33581,960,22,26,1
33582,960,23,43,1
33583,960,24,47,3
33584,960,25,46,1
33585,960,26,30,2
33586,960,27,44,2
33587,960,28,47,2
33588,960,29,81,3
33589,960,30,61,3
33590,960,31,30,0
33591,960,32,26,1
33592,960,33,30,1
33593,960,34,11,0
33594,960,35,31,1
33595,961,1,28,1
33596,961,2,53,2
33597,961,3,24,1
33598,961,4,55,3
33599,961,5,72,3
33600,961,6,45,2
33601,961,7,81,1
33602,961,8,50,1
33603,961,9,61,2
33604,961,10,50,0
33605,961,11,22,0
33606,961,12,37,2
33607,961,13,60,0
33608,961,14,72,3
33609,961,15,21,0
33610,961,16,51,0
33611,961,17,50,1
33612,961,18,32,2
33613,961,19,54,1
33614,961,20,56,1
33615,961,21,73,0
33616,961,22,44,3
33617,961,23,84,2
33618,961,24,56,0
33619,961,25,73,0
33620,961,26,54,2
33621,961,27,107,2
33622,961,28,69,4
33623,961,29,15,0
33624,961,30,57,3
33625,961,31,37,1
33626,961,32,23,1
33627,961,33,35,1
33628,961,34,26,0
33629,961,35,85,4
33630,962,1,41,2
33631,962,2,41,2
33632,962,3,33,0
33633,962,4,52,1
33634,962,5,53,1
33635,962,6,24,0
33636,962,7,31,2
33637,962,8,51,2
33638,962,9,40,2
33639,962,10,43,1
33640,962,11,18,1
33641,962,12,44,2
33642,962,13,32,0
33643,962,14,39,2
33644,962,15,29,0
33645,962,16,24,1
33646,962,17,37,1
33647,962,18,22,1
33648,962,19,32,0
33649,962,20,61,3
33650,962,21,59,3
33651,962,22,15,0
33652,962,23,29,1
33653,962,24,43,0
33654,962,25,35,2
33655,962,26,9,0
33656,962,27,37,1
33657,962,28,37,0
33658,962,29,48,1
33659,962,30,41,2
33660,962,31,25,1
33661,962,32,21,1
33662,962,33,48,2
33663,962,34,21,1
33664,962,35,41,0
33665,963,1,17,0
33666,963,2,29,1
33667,963,3,27,1
33668,963,4,37,2
33669,963,5,20,1
33670,963,6,46,2
33671,963,7,24,1
33672,963,8,29,1
33673,963,9,23,1
33674,963,10,6,0
33675,963,11,21,0
33676,963,12,22,1
33677,963,13,30,1
33678,963,14,24,0
33679,963,15,23,1
33680,963,16,22,1
33681,963,17,18,0
33682,963,18,13,1
33683,963,19,12,0
33684,963,20,36,0
33685,963,21,19,0
33686,963,22,14,0
33687,963,23,27,1
33688,963,24,46,1
33689,963,25,8,0
33690,963,26,18,1
33691,963,27,31,1
33692,963,28,15,0
33693,963,29,18,1
33694,963,30,37,2
33695,963,31,32,1
33696,963,32,66,3
33697,963,33,13,0
33698,963,34,46,1
33699,963,35,16,0
33700,964,1,38,1
33701,964,2,60,3
33702,964,3,44,1
33703,964,4,23,1
33704,964,5,36,1
33705,964,6,33,2
33706,964,7,57,2
33707,964,8,34,1
33708,964,9,32,1
33709,964,10,28,1
33710,964,11,40,1
33711,964,12,47,2
33712,964,13,36,0
33713,964,14,45,0
33714,964,15,33,0
33715,964,16,35,2
33716,964,17,50,2
33717,964,18,71,3
33718,964,19,26,1
33719,964,20,23,0
33720,964,21,25,0
33721,964,22,33,1
33722,964,23,29,1
33723,964,24,16,0
33724,964,25,20,1
33725,964,26,39,2
33726,964,27,28,1
33727,964,28,26,0
33728,964,29,29,1
33729,964,30,37,2
33730,964,31,20,0
33731,964,32,34,1
33732,964,33,32,1
33733,964,34,42,2
33734,964,35,55,3
33735,965,1,22,1
33736,965,2,23,1
33737,965,3,67,4
33738,965,4,49,3
33739,965,5,75,3
33740,965,6,62,3
33741,965,7,16,1
33742,965,8,41,2
33743,965,9,57,3
33744,965,10,79,4
33745,965,11,41,1
33746,965,12,32,1
33747,965,13,44,2
33748,965,14,47,2
33749,965,15,39,1
33750,965,16,46,0
33751,965,17,104,5
33752,965,18,99,5
33753,965,19,60,2
33754,965,20,61,1
33755,965,21,63,0
33756,965,22,107,2
33757,965,23,52,2
33758,965,24,32,1
33759,965,25,51,0
33760,965,26,109,5
33761,965,27,104,5
33762,965,28,73,4
33763,965,29,93,3
33764,965,30,78,3
33765,965,31,79,0
33766,965,32,94,0
33767,965,33,14,1
33768,965,34,47,3
33769,965,35,40,1
33770,966,1,65,3
33771,966,2,38,0
33772,966,3,37,1
33773,966,4,36,0
33774,966,5,20,1
33775,966,6,31,1
33776,966,7,57,0
33777,966,8,24,1
33778,966,9,62,2
33779,966,10,70,3
33780,966,11,34,2
33781,966,12,78,4
33782,966,13,36,0
33783,966,14,38,1
33784,966,15,21,1
33785,966,16,29,0
33786,966,17,27,1
33787,966,18,18,0
33788,966,19,81,3
33789,966,20,33,0
33790,966,21,71,4
33791,966,22,44,2
33792,966,23,33,2
33793,966,24,28,0
33794,966,25,21,1
33795,966,26,18,0
33796,966,27,26,0
33797,966,28,27,0
33798,966,29,29,1
33799,966,30,40,1
33800,966,31,56,1
33801,966,32,49,2
33802,966,33,48,1
33803,966,34,25,1
33804,966,35,18,0
33805,967,1,28,1
33806,967,2,26,0
33807,967,3,35,1
33808,967,4,5,0
33809,967,5,61,1
33810,967,6,47,3
33811,967,7,82,3
33812,967,8,60,3
33813,967,9,38,2
33814,967,10,40,2
33815,967,11,29,0
33816,967,12,43,2
33817,967,13,28,1
33818,967,14,24,1
33819,967,15,58,3
33820,967,16,24,0
33821,967,17,21,0
33822,967,18,16,1
33823,967,19,40,1
33824,967,20,41,2
33825,967,21,26,1
33826,967,22,30,0
33827,967,23,46,0
33828,967,24,26,0
33829,967,25,26,0
33830,967,26,22,1
33831,967,27,71,4
33832,967,28,43,1
33833,967,29,16,1
33834,967,30,83,3
33835,967,31,51,2
33836,967,32,50,1
33837,967,33,41,2
33838,967,34,19,1
33839,967,35,35,1
33840,968,1,59,2
33841,968,2,27,1
33842,968,3,52,1
33843,968,4,33,0
33844,968,5,29,1
33845,968,6,40,1
33846,968,7,56,1
33847,968,8,41,1
33848,968,9,34,1
33849,968,10,24,0
33850,968,11,38,1
33851,968,12,55,3
33852,968,13,84,2
33853,968,14,39,0
33854,968,15,30,2
33855,968,16,27,1
33856,968,17,60,1
33857,968,18,56,1
33858,968,19,59,3
33859,968,20,39,2
33860,968,21,39,1
33861,968,22,54,3
33862,968,23,37,2
33863,968,24,105,5
33864,968,25,65,4
33865,968,26,16,1
33866,968,27,27,1
33867,968,28,36,0
33868,968,29,55,2
33869,968,30,48,2
33870,968,31,47,0
33871,968,32,75,4
33872,968,33,60,3
33873,968,34,74,2
33874,968,35,28,1
33875,969,1,137,3
33876,969,2,161,0
33877,969,3,65,2
33878,969,4,66,3
33879,969,5,61,0
33880,969,6,29,1
33881,969,7,59,1
33882,969,8,116,4
33883,969,9,45,2
33884,969,10,90,0
33885,969,11,87,1
33886,969,12,68,3
33887,969,13,131,0
33888,969,14,117,1
33889,969,15,43,2
33890,969,16,49,1
33891,969,17,136,6
33892,969,18,105,5
33893,969,19,87,3
33894,969,20,45,0
33895,969,21,51,0
33896,969,22,19,0
33897,969,23,104,4
33898,969,24,90,4
33899,969,25,70,0
33900,969,26,78,1
33901,969,27,39,2
33902,969,28,83,1
33903,969,29,122,6
33904,969,30,119,2
33905,969,31,76,0
33906,969,32,46,0
33907,969,33,76,1
33908,969,34,34,0
33909,969,35,45,2
33910,970,1,67,3
33911,970,2,97,4
33912,970,3,72,2
33913,970,4,43,2
33914,970,5,47,1
33915,970,6,32,0
33916,970,7,6,0
33917,970,8,62,2
33918,970,9,73,1
33919,970,10,74,4
33920,970,11,66,1
33921,970,12,136,4
33922,970,13,33,0
33923,970,14,33,1
33924,970,15,45,1
33925,970,16,125,1
33926,970,17,94,3
33927,970,18,50,1
33928,970,19,40,2
33929,970,20,46,2
33930,970,21,105,0
33931,970,22,37,1
33932,970,23,22,1
33933,970,24,35,0
33934,970,25,52,1
33935,970,26,61,3
33936,970,27,85,3
33937,970,28,40,1
33938,970,29,80,2
33939,970,30,68,3
33940,970,31,33,1
33941,970,32,63,2
33942,970,33,75,3
33943,970,34,19,0
33944,970,35,62,3
33945,971,1,30,1
33946,971,2,47,0
33947,971,3,68,3
33948,971,4,47,2
33949,971,5,68,1
33950,971,6,57,1
33951,971,7,50,1
33952,971,8,70,1
33953,971,9,97,5
33954,971,10,61,3
33955,971,11,30,1
33956,971,12,73,3
33957,971,13,47,1
33958,971,14,88,4
33959,971,15,59,2
33960,971,16,48,3
33961,971,17,44,3
33962,971,18,85,3
33963,971,19,24,1
33964,971,20,49,2
33965,971,21,43,0
33966,971,22,43,2
33967,971,23,30,2
33968,971,24,35,1
33969,971,25,88,4
33970,971,26,25,1
33971,971,27,35,1
33972,971,28,46,2
33973,971,29,35,1
33974,971,30,29,2
33975,971,31,70,4
33976,971,32,75,2
33977,971,33,38,2
33978,971,34,81,2
33979,971,35,96,2
33980,972,1,74,4
33981,972,2,119,6
33982,972,3,106,6
33983,972,4,41,0
33984,972,5,88,0
33985,972,6,30,1
33986,972,7,77,4
33987,972,8,76,2
33988,972,9,47,2
33989,972,10,66,2
33990,972,11,114,3
33991,972,12,79,3
33992,972,13,53,0
33993,972,14,48,2
33994,972,15,134,0
33995,972,16,129,6
33996,972,17,85,2
33997,972,18,109,6
33998,972,19,23,0
33999,972,20,69,3
34000,972,21,46,2
34001,972,22,50,1
34002,972,23,173,8
34003,972,24,41,1
34004,972,25,72,1
34005,972,26,34,1
34006,972,27,93,2
34007,972,28,22,0
34008,972,29,41,2
34009,972,30,43,2
34010,972,31,61,2
34011,972,32,47,1
34012,972,33,34,2
34013,972,34,51,2
34014,972,35,18,1
34015,973,1,86,0
34016,973,2,70,0
34017,973,3,83,0
34018,973,4,58,2
34019,973,5,42,0
34020,973,6,107,5
34021,973,7,44,2
34022,973,8,135,7
34023,973,9,93,4
34024,973,10,21,1
34025,973,11,60,2
34026,973,12,86,1
34027,973,13,62,1
34028,973,14,67,2
34029,973,15,72,2
34030,973,16,65,2
34031,973,17,69,2
34032,973,18,15,0
34033,973,19,106,2
34034,973,20,62,3
34035,973,21,52,0
34036,973,22,99,2
34037,973,23,138,3
34038,973,24,38,1
34039,973,25,108,0
34040,973,26,49,3
34041,973,27,120,5
34042,973,28,46,1
34043,973,29,111,1
34044,973,30,97,4
34045,973,31,80,4
34046,973,32,21,1
34047,973,33,129,4
34048,973,34,90,4
34049,973,35,125,4
34050,974,1,45,1
34051,974,2,25,0
34052,974,3,34,1
34053,974,4,55,0
34054,974,5,54,2
34055,974,6,43,2
34056,974,7,60,3
34057,974,8,74,1
34058,974,9,37,1
34059,974,10,23,1
34060,974,11,48,3
34061,974,12,65,0
34062,974,13,47,2
34063,974,14,105,2
34064,974,15,61,2
34065,974,16,49,0
34066,974,17,51,2
34067,974,18,34,2
34068,974,19,35,1
34069,974,20,88,0
34070,974,21,39,0
34071,974,22,60,2
34072,974,23,28,1
34073,974,24,41,0
34074,974,25,43,2
34075,974,26,36,1
34076,974,27,59,2
34077,974,28,28,1
34078,974,29,88,2
34079,974,30,58,2
34080,974,31,95,4
34081,974,32,71,2
34082,974,33,36,2
34083,974,34,64,2
34084,974,35,16,1
34085,975,1,45,1
34086,975,2,19,0
34087,975,3,59,3
34088,975,4,50,2
34089,975,5,32,2
34090,975,6,49,2
34091,975,7,24,1
34092,975,8,33,2
34093,975,9,26,1
34094,975,10,30,2
34095,975,11,20,1
34096,975,12,35,1
34097,975,13,33,1
34098,975,14,23,1
34099,975,15,34,2
34100,975,16,38,1
34101,975,17,22,1
34102,975,18,48,1
34103,975,19,36,2
34104,975,20,26,1
34105,975,21,45,2
34106,975,22,45,1
34107,975,23,30,1
34108,975,24,56,2
34109,975,25,77,1
34110,975,26,34,1
34111,975,27,34,2
34112,975,28,27,1
34113,975,29,36,1
34114,975,30,68,1
34115,975,31,80,3
34116,975,32,38,2
34117,975,33,37,1
34118,975,34,36,2
34119,975,35,18,1
34120,976,1,125,5
34121,976,2,139,5
34122,976,3,55,2
34123,976,4,30,1
34124,976,5,59,1
34125,976,6,66,1
34126,976,7,33,2
34127,976,8,40,1
34128,976,9,29,1
34129,976,10,39,2
34130,976,11,110,5
34131,976,12,87,3
34132,976,13,35,0
34133,976,14,70,3
34134,976,15,28,0
34135,976,16,105,5
34136,976,17,68,1
34137,976,18,67,1
34138,976,19,27,1
34139,976,20,12,1
34140,976,21,52,2
34141,976,22,66,1
34142,976,23,84,2
34143,976,24,99,0
34144,976,25,58,2
34145,976,26,31,1
34146,976,27,27,1
34147,976,28,28,0
34148,976,29,45,1
34149,976,30,57,2
34150,976,31,69,0
34151,976,32,28,1
34152,976,33,154,4
34153,976,34,69,3
34154,976,35,64,3
34155,977,1,46,0
34156,977,2,29,0
34157,977,3,41,2
34158,977,4,26,0
34159,977,5,34,0
34160,977,6,50,2
34161,977,7,59,1
34162,977,8,18,1
34163,977,9,44,0
34164,977,10,57,1
34165,977,11,30,1
34166,977,12,27,1
34167,977,13,18,1
34168,977,14,45,1
34169,977,15,63,3
34170,977,16,38,0
34171,977,17,33,2
34172,977,18,23,0
34173,977,19,41,2
34174,977,20,38,2
34175,977,21,54,0
34176,977,22,38,1
34177,977,23,25,1
34178,977,24,17,1
34179,977,25,20,0
34180,977,26,57,2
34181,977,27,66,2
34182,977,28,33,2
34183,977,29,40,1
34184,977,30,20,1
34185,977,31,46,0
34186,977,32,31,0
34187,977,33,43,2
34188,977,34,75,3
34189,977,35,25,1
34190,978,1,50,2
34191,978,2,44,1
34192,978,3,33,1
34193,978,4,38,0
34194,978,5,54,2
34195,978,6,5,0
34196,978,7,13,0
34197,978,8,39,0
34198,978,9,48,2
34199,978,10,49,3
34200,978,11,31,1
34201,978,12,21,1
34202,978,13,19,0
34203,978,14,37,2
34204,978,15,18,1
34205,978,16,12,0
34206,978,17,32,1
34207,978,18,16,1
34208,978,19,43,1
34209,978,20,13,0
34210,978,21,15,1
34211,978,22,35,1
34212,978,23,12,0
34213,978,24,25,0
34214,978,25,30,1
34215,978,26,30,1
34216,978,27,10,0
34217,978,28,63,1
34218,978,29,24,1
34219,978,30,11,1
34220,978,31,53,2
34221,978,32,32,1
34222,978,33,19,0
34223,978,34,52,0
34224,978,35,45,1
34225,979,1,32,2
34226,979,2,34,0
34227,979,3,13,0
34228,979,4,27,1
34229,979,5,29,1
34230,979,6,59,2
34231,979,7,31,1
34232,979,8,7,0
34233,979,9,18,1
34234,979,10,9,0
34235,979,11,13,0
34236,979,12,34,2
34237,979,13,17,1
34238,979,14,16,0
34239,979,15,29,1
34240,979,16,31,0
34241,979,17,16,0
34242,979,18,15,0
34243,979,19,9,0
34244,979,20,21,1
34245,979,21,24,1
34246,979,22,26,1
34247,979,23,22,0
34248,979,24,26,1
34249,979,25,49,2
34250,979,26,17,1
34251,979,27,21,0
34252,979,28,31,2
34253,979,29,18,0
34254,979,30,45,0
34255,979,31,43,1
34256,979,32,10,0
34257,979,33,34,1
34258,979,34,29,1
34259,979,35,17,1
34260,980,1,13,0
34261,980,2,18,0
34262,980,3,25,0
34263,980,4,33,1
34264,980,5,38,0
34265,980,6,18,1
34266,980,7,22,1
34267,980,8,29,2
34268,980,9,32,0
34269,980,10,23,1
34270,980,11,29,2
34271,980,12,22,1
34272,980,13,28,1
34273,980,14,25,1
34274,980,15,33,1
34275,980,16,37,1
34276,980,17,46,1
34277,980,18,31,1
34278,980,19,52,3
34279,980,20,50,2
34280,980,21,29,0
34281,980,22,13,0
34282,980,23,28,1
34283,980,24,20,0
34284,980,25,52,1
34285,980,26,20,1
34286,980,27,28,1
34287,980,28,15,0
34288,980,29,12,0
34289,980,30,7,0
34290,980,31,30,1
34291,980,32,40,2
34292,980,33,25,0
34293,980,34,32,2
34294,980,35,26,1
34295,981,1,41,0
34296,981,2,18,1
34297,981,3,48,0
34298,981,4,78,3
34299,981,5,22,1
34300,981,6,26,1
34301,981,7,23,1
34302,981,8,60,3
34303,981,9,86,1
34304,981,10,35,1
34305,981,11,44,1
34306,981,12,22,0
34307,981,13,56,3
34308,981,14,17,0
34309,981,15,36,2
34310,981,16,31,1
34311,981,17,45,1
34312,981,18,22,1
34313,981,19,51,1
34314,981,20,53,3
34315,981,21,40,2
34316,981,22,18,1
34317,981,23,36,1
34318,981,24,19,0
34319,981,25,43,0
34320,981,26,16,1
34321,981,27,19,1
34322,981,28,62,3
34323,981,29,49,2
34324,981,30,51,3
34325,981,31,34,2
34326,981,32,22,1
34327,981,33,40,2
34328,981,34,49,2
34329,981,35,40,2
34330,982,1,8,0
34331,982,2,19,1
34332,982,3,32,0
34333,982,4,29,0
34334,982,5,20,1
34335,982,6,28,1
34336,982,7,36,1
34337,982,8,43,2
34338,982,9,48,2
34339,982,10,21,1
34340,982,11,23,1
34341,982,12,21,1
34342,982,13,37,1
34343,982,14,20,0
34344,982,15,44,2
34345,982,16,41,2
34346,982,17,21,1
34347,982,18,27,1
34348,982,19,33,1
34349,982,20,27,0
34350,982,21,43,1
34351,982,22,20,1
34352,982,23,50,1
34353,982,24,31,2
34354,982,25,29,1
34355,982,26,37,1
34356,982,27,36,2
34357,982,28,28,1
34358,982,29,19,0
34359,982,30,32,2
34360,982,31,25,1
34361,982,32,20,1
34362,982,33,14,0
34363,982,34,17,0
34364,982,35,26,1
34365,983,1,33,1
34366,983,2,20,0
34367,983,3,44,1
34368,983,4,31,1
34369,983,5,21,1
34370,983,6,7,0
34371,983,7,22,1
34372,983,8,33,1
34373,983,9,11,0
34374,983,10,19,1
34375,983,11,11,0
34376,983,12,21,1
34377,983,13,10,0
34378,983,14,22,0
34379,983,15,12,0
34380,983,16,9,1
34381,983,17,32,0
34382,983,18,44,3
34383,983,19,25,1
34384,983,20,9,0
34385,983,21,14,1
34386,983,22,13,0
34387,983,23,35,1
34388,983,24,9,0
34389,983,25,32,2
34390,983,26,15,1
34391,983,27,36,1
34392,983,28,17,0
34393,983,29,18,1
34394,983,30,19,1
34395,983,31,18,0
34396,983,32,37,1
34397,983,33,12,0
34398,983,34,13,1
34399,983,35,23,1
34400,984,1,11,1
34401,984,2,40,1
34402,984,3,34,1
34403,984,4,22,1
34404,984,5,23,0
34405,984,6,21,0
34406,984,7,44,1
34407,984,8,23,1
34408,984,9,41,2
34409,984,10,20,0
34410,984,11,17,1
34411,984,12,58,1
34412,984,13,20,0
34413,984,14,33,1
34414,984,15,13,1
34415,984,16,40,1
34416,984,17,49,0
34417,984,18,42,2
34418,984,19,65,4
34419,984,20,34,1
34420,984,21,32,1
34421,984,22,44,2
34422,984,23,76,2
34423,984,24,17,0
34424,984,25,29,1
34425,984,26,32,1
34426,984,27,19,1
34427,984,28,21,1
34428,984,29,17,1
34429,984,30,39,2
34430,984,31,43,0
34431,984,32,30,1
34432,984,33,33,0
34433,984,34,62,2
34434,984,35,30,0
34435,985,1,42,0
34436,985,2,29,1
34437,985,3,59,2
34438,985,4,61,1
34439,985,5,39,2
34440,985,6,33,0
34441,985,7,38,1
34442,985,8,10,0
34443,985,9,31,1
34444,985,10,40,1
34445,985,11,21,1
34446,985,12,64,3
34447,985,13,50,2
34448,985,14,41,0
34449,985,15,28,1
34450,985,16,72,3
34451,985,17,75,1
34452,985,18,127,2
34453,985,19,27,0
34454,985,20,26,0
34455,985,21,46,0
34456,985,22,46,2
34457,985,23,46,1
34458,985,24,95,2
34459,985,25,53,1
34460,985,26,51,2
34461,985,27,37,1
34462,985,28,19,0
34463,985,29,55,3
34464,985,30,49,2
34465,985,31,62,1
34466,985,32,37,1
34467,985,33,22,1
34468,985,34,25,1
34469,985,35,52,1
34470,986,1,19,1
34471,986,2,34,1
34472,986,3,46,2
34473,986,4,29,2
34474,986,5,45,1
34475,986,6,28,2
34476,986,7,18,0
34477,986,8,63,3
34478,986,9,23,1
34479,986,10,8,0
34480,986,11,25,1
34481,986,12,42,2
34482,986,13,52,0
34483,986,14,7,0
34484,986,15,34,1
34485,986,16,34,2
34486,986,17,59,1
34487,986,18,69,4
34488,986,19,83,3
34489,986,20,13,0
34490,986,21,18,1
34491,986,22,22,1
34492,986,23,18,0
34493,986,24,28,1
34494,986,25,36,2
34495,986,26,20,0
34496,986,27,16,1
34497,986,28,30,1
34498,986,29,18,0
34499,986,30,42,2
34500,986,31,72,2
34501,986,32,55,1
34502,986,33,32,0
34503,986,34,49,0
34504,986,35,31,1
34505,987,1,31,1
34506,987,2,27,0
34507,987,3,26,1
34508,987,4,20,1
34509,987,5,17,1
34510,987,6,38,2
34511,987,7,23,1
34512,987,8,27,2
34513,987,9,17,1
34514,987,10,55,2
34515,987,11,30,0
34516,987,12,14,1
34517,987,13,59,0
34518,987,14,15,0
34519,987,15,21,1
34520,987,16,34,1
34521,987,17,41,0
34522,987,18,19,0
34523,987,19,32,1
34524,987,20,15,0
34525,987,21,20,0
34526,987,22,10,0
34527,987,23,32,1
34528,987,24,45,1
34529,987,25,14,0
34530,987,26,24,1
34531,987,27,16,1
34532,987,28,25,1
34533,987,29,14,0
34534,987,30,25,1
34535,987,31,41,0
34536,987,32,30,1
34537,987,33,34,2
34538,987,34,6,0
34539,987,35,23,1
34540,988,1,35,2
34541,988,2,38,1
34542,988,3,42,1
34543,988,4,28,1
34544,988,5,60,0
34545,988,6,13,1
34546,988,7,36,1
34547,988,8,16,1
34548,988,9,18,0
34549,988,10,35,1
34550,988,11,18,1
34551,988,12,55,3
34552,988,13,25,0
34553,988,14,38,0
34554,988,15,53,0
34555,988,16,36,2
34556,988,17,44,0
34557,988,18,48,2
34558,988,19,29,1
34559,988,20,20,1
34560,988,21,18,0
34561,988,22,8,0
34562,988,23,23,0
34563,988,24,19,0
34564,988,25,18,1
34565,988,26,43,1
34566,988,27,37,2
34567,988,28,38,1
34568,988,29,55,1
34569,988,30,43,2
34570,988,31,19,0
34571,988,32,49,1
34572,988,33,34,1
34573,988,34,47,1
34574,988,35,22,1
34575,989,1,75,0
34576,989,2,22,1
34577,989,3,62,1
34578,989,4,34,2
34579,989,5,51,1
34580,989,6,57,1
34581,989,7,60,3
34582,989,8,22,0
34583,989,9,43,1
34584,989,10,42,1
34585,989,11,46,1
34586,989,12,45,2
34587,989,13,28,0
34588,989,14,67,1
34589,989,15,57,1
34590,989,16,62,0
34591,989,17,44,1
34592,989,18,74,3
34593,989,19,62,4
34594,989,20,55,1
34595,989,21,31,0
34596,989,22,61,3
34597,989,23,43,2
34598,989,24,51,2
34599,989,25,41,0
34600,989,26,28,1
34601,989,27,58,3
34602,989,28,23,1
34603,989,29,82,1
34604,989,30,46,2
34605,989,31,32,1
34606,989,32,46,2
34607,989,33,25,1
34608,989,34,43,2
34609,989,35,73,1
34610,990,1,29,1
34611,990,2,72,0
34612,990,3,35,1
34613,990,4,22,0
34614,990,5,30,1
34615,990,6,31,1
34616,990,7,37,1
34617,990,8,13,1
34618,990,9,9,0
34619,990,10,31,1
34620,990,11,53,1
34621,990,12,40,1
34622,990,13,31,0
34623,990,14,35,1
34624,990,15,40,2
34625,990,16,24,1
34626,990,17,14,1
34627,990,18,18,1
34628,990,19,38,1
34629,990,20,18,0
34630,990,21,13,0
34631,990,22,21,0
34632,990,23,77,2
34633,990,24,16,1
34634,990,25,62,2
34635,990,26,55,1
34636,990,27,29,1
34637,990,28,17,1
34638,990,29,20,0
34639,990,30,47,3
34640,990,31,37,2
34641,990,32,67,4
34642,990,33,10,0
34643,990,34,20,0
34644,990,35,31,1
34645,991,1,28,2
34646,991,2,24,0
34647,991,3,41,1
34648,991,4,57,3
34649,991,5,33,1
34650,991,6,16,1
34651,991,7,23,0
34652,991,8,49,1
34653,991,9,18,1
34654,991,10,34,1
34655,991,11,38,1
34656,991,12,14,0
34657,991,13,17,1
34658,991,14,19,0
34659,991,15,31,1
34660,991,16,52,1
34661,991,17,25,0
34662,991,18,32,1
34663,991,19,46,2
34664,991,20,28,1
34665,991,21,33,1
34666,991,22,36,1
34667,991,23,25,1
34668,991,24,30,1
34669,991,25,66,3
34670,991,26,21,0
34671,991,27,43,1
34672,991,28,28,1
34673,991,29,37,2
34674,991,30,30,2
34675,991,31,50,1
34676,991,32,17,0
34677,991,33,11,0
34678,991,34,25,0
34679,991,35,43,1
34680,992,1,32,2
34681,992,2,51,1
34682,992,3,44,1
34683,992,4,49,3
34684,992,5,24,1
34685,992,6,107,5
34686,992,7,26,1
34687,992,8,50,2
34688,992,9,51,2
34689,992,10,74,1
34690,992,11,59,2
34691,992,12,66,1
34692,992,13,50,2
34693,992,14,22,1
34694,992,15,37,2
34695,992,16,38,2
34696,992,17,53,1
34697,992,18,35,1
34698,992,19,56,2
34699,992,20,28,1
34700,992,21,25,1
34701,992,22,69,4
34702,992,23,66,2
34703,992,24,45,2
34704,992,25,92,5
34705,992,26,48,1
34706,992,27,31,1
34707,992,28,33,1
34708,992,29,57,2
34709,992,30,21,1
34710,992,31,34,1
34711,992,32,69,2
34712,992,33,21,1
34713,992,34,25,1
34714,992,35,58,1
34715,993,1,102,1
34716,993,2,144,3
34717,993,3,7,0
34718,993,4,156,2
34719,993,5,96,2
34720,993,6,66,4
34721,993,7,108,3
34722,993,8,52,1
34723,993,9,58,1
34724,993,10,63,0
34725,993,11,95,3
34726,993,12,240,5
34727,993,13,61,3
34728,993,14,45,1
34729,993,15,65,4
34730,993,16,63,1
34731,993,17,53,1
34732,993,18,87,2
34733,993,19,191,9
34734,993,20,115,3
34735,993,21,75,0
34736,993,22,83,2
34737,993,23,42,2
34738,993,24,61,3
34739,993,25,75,0
34740,993,26,79,4
34741,993,27,121,2
34742,993,28,113,2
34743,993,29,105,3
34744,993,30,145,5
34745,993,31,85,5
34746,993,32,104,5
34747,993,33,37,2
34748,993,34,67,2
34749,993,35,66,1
34750,994,1,58,3
34751,994,2,78,0
34752,994,3,94,6
34753,994,4,74,4
34754,994,5,56,3
34755,994,6,81,2
34756,994,7,35,1
34757,994,8,21,1
34758,994,9,67,1
34759,994,10,88,4
34760,994,11,70,4
34761,994,12,105,0
34762,994,13,45,0
34763,994,14,50,3
34764,994,15,70,1
34765,994,16,100,4
34766,994,17,51,3
34767,994,18,46,1
34768,994,19,28,1
34769,994,20,33,1
34770,994,21,26,1
34771,994,22,81,2
34772,994,23,77,2
34773,994,24,76,3
34774,994,25,114,5
34775,994,26,55,3
34776,994,27,42,2
34777,994,28,63,1
34778,994,29,90,4
34779,994,30,89,2
34780,994,31,154,0
34781,994,32,46,3
34782,994,33,87,2
34783,994,34,68,0
34784,994,35,94,5
34785,995,1,106,3
34786,995,2,67,0
34787,995,3,45,3
34788,995,4,25,1
34789,995,5,56,2
34790,995,6,12,1
34791,995,7,40,0
34792,995,8,48,1
34793,995,9,66,2
34794,995,10,53,2
34795,995,11,35,1
34796,995,12,41,2
34797,995,13,23,1
34798,995,14,62,3
34799,995,15,64,1
34800,995,16,23,1
34801,995,17,63,0
34802,995,18,25,1
34803,995,19,27,1
34804,995,20,136,6
34805,995,21,61,1
34806,995,22,77,4
34807,995,23,22,1
34808,995,24,40,2
34809,995,25,96,0
34810,995,26,36,1
34811,995,27,38,0
34812,995,28,20,1
34813,995,29,76,2
34814,995,30,55,2
34815,995,31,63,3
34816,995,32,60,2
34817,995,33,45,1
34818,995,34,120,6
34819,995,35,61,1
34820,996,1,62,2
34821,996,2,43,2
34822,996,3,57,3
34823,996,4,101,0
34824,996,5,63,2
34825,996,6,56,3
34826,996,7,113,3
34827,996,8,147,8
34828,996,9,77,1
34829,996,10,47,3
34830,996,11,86,2
34831,996,12,76,3
34832,996,13,63,3
34833,996,14,114,0
34834,996,15,61,1
34835,996,16,58,2
34836,996,17,93,1
34837,996,18,87,5
34838,996,19,31,2
34839,996,20,42,2
34840,996,21,52,0
34841,996,22,86,2
34842,996,23,78,4
34843,996,24,31,1
34844,996,25,67,1
34845,996,26,82,2
34846,996,27,98,6
34847,996,28,60,4
34848,996,29,131,6
34849,996,30,179,10
34850,996,31,70,4
34851,996,32,70,3
34852,996,33,74,1
34853,996,34,65,3
34854,996,35,66,3
34855,997,1,150,3
34856,997,2,162,5
34857,997,3,191,11
34858,997,4,83,4
34859,997,5,107,0
34860,997,6,91,3
34861,997,7,155,7
34862,997,8,159,7
34863,997,9,96,2
34864,997,10,86,0
34865,997,11,64,2
34866,997,12,47,3
34867,997,13,161,6
34868,997,14,170,10
34869,997,15,95,4
34870,997,16,79,2
34871,997,17,131,7
34872,997,18,106,5
34873,997,19,121,6
34874,997,20,144,7
34875,997,21,106,1
34876,997,22,145,8
34877,997,23,153,0
34878,997,24,110,3
34879,997,25,82,0
34880,997,26,128,1
34881,997,27,127,5
34882,997,28,74,4
34883,997,29,96,4
34884,997,30,108,3
34885,997,31,96,2
34886,997,32,134,0
34887,997,33,176,4
34888,997,34,109,6
34889,997,35,129,4
34890,998,1,50,3
34891,998,2,73,0
34892,998,3,112,0
34893,998,4,29,0
34894,998,5,77,3
34895,998,6,75,2
34896,998,7,102,2
34897,998,8,45,2
34898,998,9,89,2
34899,998,10,106,3
34900,998,11,77,3
34901,998,12,82,0
34902,998,13,56,2
34903,998,14,47,3
34904,998,15,155,0
34905,998,16,81,4
34906,998,17,18,1
34907,998,18,36,1
34908,998,19,91,4
34909,998,20,77,3
34910,998,21,124,6
34911,998,22,81,3
34912,998,23,98,0
34913,998,24,56,2
34914,998,25,150,5
34915,998,26,89,5
34916,998,27,123,7
34917,998,28,95,3
34918,998,29,64,4
34919,998,30,112,2
34920,998,31,42,1
34921,998,32,70,3
34922,998,33,71,2
34923,998,34,50,3
34924,998,35,93,2
34925,999,1,65,2
34926,999,2,75,0
34927,999,3,79,1
34928,999,4,59,3
34929,999,5,46,2
34930,999,6,125,6
34931,999,7,34,2
34932,999,8,57,2
34933,999,9,37,2
34934,999,10,55,3
34935,999,11,70,2
34936,999,12,134,5
34937,999,13,119,6
34938,999,14,55,3
34939,999,15,80,3
34940,999,16,66,0
34941,999,17,46,0
34942,999,18,83,4
34943,999,19,82,4
34944,999,20,110,1
34945,999,21,100,0
34946,999,22,53,2
34947,999,23,44,2
34948,999,24,82,1
34949,999,25,19,0
34950,999,26,67,4
34951,999,27,116,2
34952,999,28,82,1
34953,999,29,42,1
34954,999,30,46,0
34955,999,31,47,1
34956,999,32,60,2
34957,999,33,95,2
34958,999,34,103,5
34959,999,35,65,3
34960,1000,1,81,2
34961,1000,2,143,5
34962,1000,3,85,4
34963,1000,4,71,3
34964,1000,5,106,0
34965,1000,6,92,2
34966,1000,7,64,2
34967,1000,8,98,6
34968,1000,9,47,1
34969,1000,10,95,4
34970,1000,11,92,2
34971,1000,12,147,6
34972,1000,13,115,0
34973,1000,14,83,0
34974,1000,15,87,4
34975,1000,16,102,3
34976,1000,17,134,2
34977,1000,18,136,6
34978,1000,19,64,2
34979,1000,20,183,8
34980,1000,21,131,8
34981,1000,22,52,3
34982,1000,23,90,4
34983,1000,24,91,4
34984,1000,25,96,2
34985,1000,26,100,4
34986,1000,27,134,4
34987,1000,28,73,1
34988,1000,29,92,1
34989,1000,30,130,4
34990,1000,31,54,3
34991,1000,32,86,4
34992,1000,33,61,2
34993,1000,34,70,3
34994,1000,35,259,6
34995,1001,1,102,3
34996,1001,2,76,4
34997,1001,3,63,1
34998,1001,4,201,11
34999,1001,5,100,0
35000,1001,6,154,5
35001,1001,7,147,5
35002,1001,8,113,4
35003,1001,9,92,4
35004,1001,10,48,2
35005,1001,11,127,2
35006,1001,12,122,1
35007,1001,13,87,3
35008,1001,14,82,4
35009,1001,15,105,5
35010,1001,16,104,3
35011,1001,17,88,1
35012,1001,18,94,2
35013,1001,19,85,1
35014,1001,20,115,1
35015,1001,21,105,0
35016,1001,22,154,9
35017,1001,23,75,4
35018,1001,24,85,4
35019,1001,25,96,0
35020,1001,26,131,7
35021,1001,27,152,8
35022,1001,28,190,11
35023,1001,29,271,7
35024,1001,30,69,3
35025,1001,31,116,5
35026,1001,32,51,0
35027,1001,33,94,2
35028,1001,34,32,1
35029,1001,35,121,2
35030,1002,1,118,7
35031,1002,2,54,0
35032,1002,3,131,3
35033,1002,4,73,2
35034,1002,5,30,1
35035,1002,6,72,1
35036,1002,7,88,3
35037,1002,8,68,2
35038,1002,9,111,3
35039,1002,10,62,1
35040,1002,11,115,6
35041,1002,12,63,3
35042,1002,13,48,0
35043,1002,14,101,5
35044,1002,15,82,5
35045,1002,16,74,3
35046,1002,17,47,3
35047,1002,18,58,2
35048,1002,19,39,2
35049,1002,20,147,4
35050,1002,21,73,2
35051,1002,22,102,3
35052,1002,23,54,2
35053,1002,24,120,3
35054,1002,25,92,0
35055,1002,26,43,1
35056,1002,27,104,6
35057,1002,28,81,4
35058,1002,29,38,2
35059,1002,30,84,4
35060,1002,31,59,3
35061,1002,32,61,3
35062,1002,33,71,2
35063,1002,34,93,2
35064,1002,35,90,1
35065,1003,1,33,1
35066,1003,2,48,2
35067,1003,3,58,1
35068,1003,4,91,4
35069,1003,5,114,3
35070,1003,6,50,3
35071,1003,7,63,2
35072,1003,8,79,1
35073,1003,9,50,1
35074,1003,10,40,1
35075,1003,11,78,0
35076,1003,12,61,0
35077,1003,13,19,0
35078,1003,14,49,1
35079,1003,15,89,5
35080,1003,16,42,1
35081,1003,17,36,0
35082,1003,18,35,1
35083,1003,19,88,4
35084,1003,20,64,4
35085,1003,21,26,0
35086,1003,22,64,2
35087,1003,23,45,2
35088,1003,24,35,1
35089,1003,25,26,1
35090,1003,26,39,2
35091,1003,27,88,2
35092,1003,28,44,1
35093,1003,29,99,2
35094,1003,30,53,0
35095,1003,31,54,1
35096,1003,32,58,3
35097,1003,33,29,1
35098,1003,34,88,4
35099,1003,35,78,2
35100,1004,1,80,4
35101,1004,2,98,0
35102,1004,3,88,2
35103,1004,4,78,2
35104,1004,5,41,1
35105,1004,6,61,2
35106,1004,7,31,1
35107,1004,8,58,2
35108,1004,9,122,1
35109,1004,10,92,2
35110,1004,11,123,5
35111,1004,12,111,6
35112,1004,13,71,0
35113,1004,14,74,0
35114,1004,15,73,3
35115,1004,16,115,6
35116,1004,17,64,1
35117,1004,18,143,7
35118,1004,19,62,3
35119,1004,20,103,2
35120,1004,21,44,2
35121,1004,22,106,2
35122,1004,23,129,3
35123,1004,24,116,2
35124,1004,25,135,4
35125,1004,26,66,2
35126,1004,27,70,2
35127,1004,28,52,0
35128,1004,29,133,3
35129,1004,30,100,4
35130,1004,31,113,4
35131,1004,32,31,1
35132,1004,33,70,2
35133,1004,34,137,6
35134,1004,35,96,3
35135,1005,1,58,1
35136,1005,2,60,3
35137,1005,3,70,3
35138,1005,4,42,0
35139,1005,5,75,4
35140,1005,6,40,2
35141,1005,7,52,1
35142,1005,8,34,1
35143,1005,9,47,1
35144,1005,10,70,2
35145,1005,11,52,2
35146,1005,12,108,2
35147,1005,13,69,2
35148,1005,14,53,3
35149,1005,15,41,1
35150,1005,16,37,2
35151,1005,17,25,1
35152,1005,18,38,1
35153,1005,19,55,2
35154,1005,20,42,2
35155,1005,21,59,3
35156,1005,22,48,2
35157,1005,23,85,3
35158,1005,24,50,2
35159,1005,25,16,0
35160,1005,26,33,1
35161,1005,27,73,2
35162,1005,28,50,3
35163,1005,29,125,6
35164,1005,30,92,4
35165,1005,31,81,5
35166,1005,32,33,0
35167,1005,33,56,3
35168,1005,34,51,1
35169,1005,35,46,1
35170,1006,1,18,1
35171,1006,2,21,1
35172,1006,3,59,1
35173,1006,4,35,2
35174,1006,5,38,1
35175,1006,6,19,0
35176,1006,7,60,3
35177,1006,8,56,1
35178,1006,9,33,1
35179,1006,10,42,2
35180,1006,11,47,2
35181,1006,12,61,3
35182,1006,13,42,2
35183,1006,14,26,1
35184,1006,15,17,0
35185,1006,16,26,0
35186,1006,17,41,2
35187,1006,18,25,1
35188,1006,19,27,0
35189,1006,20,25,1
35190,1006,21,25,1
35191,1006,22,41,2
35192,1006,23,7,0
35193,1006,24,44,0
35194,1006,25,24,0
35195,1006,26,38,1
35196,1006,27,31,2
35197,1006,28,75,0
35198,1006,29,58,1
35199,1006,30,48,0
35200,1006,31,37,1
35201,1006,32,100,5
35202,1006,33,49,1
35203,1006,34,44,0
35204,1006,35,38,2
35205,1007,1,33,1
35206,1007,2,20,1
35207,1007,3,17,1
35208,1007,4,41,1
35209,1007,5,35,2
35210,1007,6,42,2
35211,1007,7,35,1
35212,1007,8,10,0
35213,1007,9,29,0
35214,1007,10,29,2
35215,1007,11,47,0
35216,1007,12,46,1
35217,1007,13,35,1
35218,1007,14,33,1
35219,1007,15,17,1
35220,1007,16,29,1
35221,1007,17,39,0
35222,1007,18,28,1
35223,1007,19,19,1
35224,1007,20,35,1
35225,1007,21,13,1
35226,1007,22,71,4
35227,1007,23,25,1
35228,1007,24,20,1
35229,1007,25,37,1
35230,1007,26,35,1
35231,1007,27,17,1
35232,1007,28,37,1
35233,1007,29,50,3
35234,1007,30,24,0
35235,1007,31,23,1
35236,1007,32,14,0
35237,1007,33,22,1
35238,1007,34,28,1
35239,1007,35,37,0
35240,1008,1,79,3
35241,1008,2,54,3
35242,1008,3,96,2
35243,1008,4,63,1
35244,1008,5,66,3
35245,1008,6,56,3
35246,1008,7,69,1
35247,1008,8,54,3
35248,1008,9,93,1
35249,1008,10,46,1
35250,1008,11,106,2
35251,1008,12,47,1
35252,1008,13,53,3
35253,1008,14,16,1
35254,1008,15,19,1
35255,1008,16,20,1
35256,1008,17,22,0
35257,1008,18,32,1
35258,1008,19,74,1
35259,1008,20,39,1
35260,1008,21,87,1
35261,1008,22,53,1
35262,1008,23,28,0
35263,1008,24,56,1
35264,1008,25,33,0
35265,1008,26,47,2
35266,1008,27,21,0
35267,1008,28,50,0
35268,1008,29,28,0
35269,1008,30,28,1
35270,1008,31,54,2
35271,1008,32,65,2
35272,1008,33,56,3
35273,1008,34,96,0
35274,1008,35,73,3
35275,1009,1,90,2
35276,1009,2,97,2
35277,1009,3,73,0
35278,1009,4,66,2
35279,1009,5,27,1
35280,1009,6,44,2
35281,1009,7,62,3
35282,1009,8,51,3
35283,1009,9,78,3
35284,1009,10,68,3
35285,1009,11,55,2
35286,1009,12,93,1
35287,1009,13,38,1
35288,1009,14,30,1
35289,1009,15,49,1
35290,1009,16,48,1
35291,1009,17,53,3
35292,1009,18,66,4
35293,1009,19,48,1
35294,1009,20,38,1
35295,1009,21,49,1
35296,1009,22,137,5
35297,1009,23,59,1
35298,1009,24,56,2
35299,1009,25,86,3
35300,1009,26,46,1
35301,1009,27,138,0
35302,1009,28,39,2
35303,1009,29,114,6
35304,1009,30,56,3
35305,1009,31,39,1
35306,1009,32,97,4
35307,1009,33,55,1
35308,1009,34,85,2
35309,1009,35,54,1
35310,1010,1,42,2
35311,1010,2,32,1
35312,1010,3,37,1
35313,1010,4,43,1
35314,1010,5,20,1
35315,1010,6,25,1
35316,1010,7,71,3
35317,1010,8,20,0
35318,1010,9,17,1
35319,1010,10,44,2
35320,1010,11,22,0
35321,1010,12,30,1
35322,1010,13,61,0
35323,1010,14,31,1
35324,1010,15,21,1
35325,1010,16,46,1
35326,1010,17,54,1
35327,1010,18,42,2
35328,1010,19,47,2
35329,1010,20,48,2
35330,1010,21,66,1
35331,1010,22,46,2
35332,1010,23,24,0
35333,1010,24,19,0
35334,1010,25,30,0
35335,1010,26,22,1
35336,1010,27,20,1
35337,1010,28,45,0
35338,1010,29,44,1
35339,1010,30,37,0
35340,1010,31,47,1
35341,1010,32,28,1
35342,1010,33,27,1
35343,1010,34,51,1
35344,1010,35,64,3
35345,1011,1,43,1
35346,1011,2,8,0
35347,1011,3,39,1
35348,1011,4,42,2
35349,1011,5,24,1
35350,1011,6,35,1
35351,1011,7,32,1
35352,1011,8,22,1
35353,1011,9,13,1
35354,1011,10,26,1
35355,1011,11,39,2
35356,1011,12,49,3
35357,1011,13,41,2
35358,1011,14,20,1
35359,1011,15,20,0
35360,1011,16,31,1
35361,1011,17,33,2
35362,1011,18,74,0
35363,1011,19,25,1
35364,1011,20,44,2
35365,1011,21,53,1
35366,1011,22,61,0
35367,1011,23,50,1
35368,1011,24,66,4
35369,1011,25,17,1
35370,1011,26,24,0
35371,1011,27,16,0
35372,1011,28,26,1
35373,1011,29,57,1
35374,1011,30,13,1
35375,1011,31,19,0
35376,1011,32,37,1
35377,1011,33,18,1
35378,1011,34,31,0
35379,1011,35,27,1
35380,1012,1,45,1
35381,1012,2,15,0
35382,1012,3,30,2
35383,1012,4,40,2
35384,1012,5,52,1
35385,1012,6,46,3
35386,1012,7,60,1
35387,1012,8,41,0
35388,1012,9,86,2
35389,1012,10,51,3
35390,1012,11,131,0
35391,1012,12,33,1
35392,1012,13,49,0
35393,1012,14,43,2
35394,1012,15,36,1
35395,1012,16,41,2
35396,1012,17,68,2
35397,1012,18,51,2
35398,1012,19,39,1
35399,1012,20,45,2
35400,1012,21,98,5
35401,1012,22,57,1
35402,1012,23,40,2
35403,1012,24,53,2
35404,1012,25,147,2
35405,1012,26,51,1
35406,1012,27,46,2
35407,1012,28,21,0
35408,1012,29,36,1
35409,1012,30,57,1
35410,1012,31,68,2
35411,1012,32,49,1
35412,1012,33,54,1
35413,1012,34,30,0
35414,1012,35,51,2
35415,1013,1,77,4
35416,1013,2,64,3
35417,1013,3,25,0
35418,1013,4,59,4
35419,1013,5,76,1
35420,1013,6,83,1
35421,1013,7,48,1
35422,1013,8,109,4
35423,1013,9,63,1
35424,1013,10,105,0
35425,1013,11,40,2
35426,1013,12,101,6
35427,1013,13,111,3
35428,1013,14,26,1
35429,1013,15,60,1
35430,1013,16,73,4
35431,1013,17,71,4
35432,1013,18,58,1
35433,1013,19,62,3
35434,1013,20,100,2
35435,1013,21,103,4
35436,1013,22,95,4
35437,1013,23,29,2
35438,1013,24,150,2
35439,1013,25,71,2
35440,1013,26,63,2
35441,1013,27,80,0
35442,1013,28,95,2
35443,1013,29,39,1
35444,1013,30,77,1
35445,1013,31,102,3
35446,1013,32,105,0
35447,1013,33,80,1
35448,1013,34,97,5
35449,1013,35,52,2
35450,1014,1,46,2
35451,1014,2,48,1
35452,1014,3,35,2
35453,1014,4,15,0
35454,1014,5,35,1
35455,1014,6,90,5
35456,1014,7,39,1
35457,1014,8,113,3
35458,1014,9,48,2
35459,1014,10,36,1
35460,1014,11,31,2
35461,1014,12,46,1
35462,1014,13,44,2
35463,1014,14,39,2
35464,1014,15,40,2
35465,1014,16,33,1
35466,1014,17,65,2
35467,1014,18,63,1
35468,1014,19,44,1
35469,1014,20,24,1
35470,1014,21,60,3
35471,1014,22,49,3
35472,1014,23,69,3
35473,1014,24,75,0
35474,1014,25,13,0
35475,1014,26,36,2
35476,1014,27,49,1
35477,1014,28,36,1
35478,1014,29,28,1
35479,1014,30,35,0
35480,1014,31,36,1
35481,1014,32,60,1
35482,1014,33,53,2
35483,1014,34,43,0
35484,1014,35,21,1
35485,1015,1,11,0
35486,1015,2,54,2
35487,1015,3,66,1
35488,1015,4,32,0
35489,1015,5,29,1
35490,1015,6,29,1
35491,1015,7,29,0
35492,1015,8,21,1
35493,1015,9,5,0
35494,1015,10,56,2
35495,1015,11,53,0
35496,1015,12,38,2
35497,1015,13,44,2
35498,1015,14,25,0
35499,1015,15,25,1
35500,1015,16,47,1
35501,1015,17,51,0
35502,1015,18,33,0
35503,1015,19,42,2
35504,1015,20,47,2
35505,1015,21,69,3
35506,1015,22,31,1
35507,1015,23,24,1
35508,1015,24,46,2
35509,1015,25,30,1
35510,1015,26,68,1
35511,1015,27,37,2
35512,1015,28,40,2
35513,1015,29,21,1
35514,1015,30,71,3
35515,1015,31,45,2
35516,1015,32,20,1
35517,1015,33,31,0
35518,1015,34,20,1
35519,1015,35,71,2
35520,1016,1,39,1
35521,1016,2,47,1
35522,1016,3,36,2
35523,1016,4,55,3
35524,1016,5,73,2
35525,1016,6,62,2
35526,1016,7,90,2
35527,1016,8,23,0
35528,1016,9,64,2
35529,1016,10,55,1
35530,1016,11,28,1
35531,1016,12,68,1
35532,1016,13,36,0
35533,1016,14,31,1
35534,1016,15,44,1
35535,1016,16,90,4
35536,1016,17,59,1
35537,1016,18,29,1
35538,1016,19,112,6
35539,1016,20,50,2
35540,1016,21,29,1
35541,1016,22,86,3
35542,1016,23,90,4
35543,1016,24,77,0
35544,1016,25,41,2
35545,1016,26,82,2
35546,1016,27,40,1
35547,1016,28,35,1
35548,1016,29,64,1
35549,1016,30,42,1
35550,1016,31,87,3
35551,1016,32,40,2
35552,1016,33,43,2
35553,1016,34,30,1
35554,1016,35,33,2
35555,1017,1,47,3
35556,1017,2,65,4
35557,1017,3,59,3
35558,1017,4,161,4
35559,1017,5,96,0
35560,1017,6,84,5
35561,1017,7,80,4
35562,1017,8,24,1
35563,1017,9,156,6
35564,1017,10,48,2
35565,1017,11,65,1
35566,1017,12,78,3
35567,1017,13,138,3
35568,1017,14,78,1
35569,1017,15,65,2
35570,1017,16,116,2
35571,1017,17,57,3
35572,1017,18,39,1
35573,1017,19,147,2
35574,1017,20,32,2
35575,1017,21,46,1
35576,1017,22,81,2
35577,1017,23,113,7
35578,1017,24,57,2
35579,1017,25,96,5
35580,1017,26,87,3
35581,1017,27,84,0
35582,1017,28,65,4
35583,1017,29,84,4
35584,1017,30,95,2
35585,1017,31,101,2
35586,1017,32,68,0
35587,1017,33,218,7
35588,1017,34,49,1
35589,1017,35,71,2
35590,1018,1,77,3
35591,1018,2,43,2
35592,1018,3,32,1
35593,1018,4,52,1
35594,1018,5,37,0
35595,1018,6,64,4
35596,1018,7,41,2
35597,1018,8,45,3
35598,1018,9,42,2
35599,1018,10,77,1
35600,1018,11,41,2
35601,1018,12,49,1
35602,1018,13,42,2
35603,1018,14,62,2
35604,1018,15,74,4
35605,1018,16,76,3
35606,1018,17,116,0
35607,1018,18,58,1
35608,1018,19,21,1
35609,1018,20,51,3
35610,1018,21,46,3
35611,1018,22,39,1
35612,1018,23,46,0
35613,1018,24,43,1
35614,1018,25,65,3
35615,1018,26,70,1
35616,1018,27,97,2
35617,1018,28,70,0
35618,1018,29,33,1
35619,1018,30,58,3
35620,1018,31,67,1
35621,1018,32,42,2
35622,1018,33,92,1
35623,1018,34,28,0
35624,1018,35,72,4
35625,1019,1,41,1
35626,1019,2,63,1
35627,1019,3,45,2
35628,1019,4,39,2
35629,1019,5,48,2
35630,1019,6,15,0
35631,1019,7,25,0
35632,1019,8,34,1
35633,1019,9,38,1
35634,1019,10,28,1
35635,1019,11,36,0
35636,1019,12,42,1
35637,1019,13,60,4
35638,1019,14,22,1
35639,1019,15,34,1
35640,1019,16,32,2
35641,1019,17,14,0
35642,1019,18,48,0
35643,1019,19,110,2
35644,1019,20,49,2
35645,1019,21,41,1
35646,1019,22,65,0
35647,1019,23,47,3
35648,1019,24,4,0
35649,1019,25,50,3
35650,1019,26,19,1
35651,1019,27,42,1
35652,1019,28,44,2
35653,1019,29,41,2
35654,1019,30,12,1
35655,1019,31,80,3
35656,1019,32,46,3
35657,1019,33,45,1
35658,1019,34,89,0
35659,1019,35,53,2
35660,1020,1,15,1
35661,1020,2,13,0
35662,1020,3,37,1
35663,1020,4,18,1
35664,1020,5,45,1
35665,1020,6,70,3
35666,1020,7,23,1
35667,1020,8,52,2
35668,1020,9,73,4
35669,1020,10,34,2
35670,1020,11,53,2
35671,1020,12,63,2
35672,1020,13,46,1
35673,1020,14,29,1
35674,1020,15,90,4
35675,1020,16,57,3
35676,1020,17,22,1
35677,1020,18,27,1
35678,1020,19,64,1
35679,1020,20,40,0
35680,1020,21,28,1
35681,1020,22,43,1
35682,1020,23,141,5
35683,1020,24,33,2
35684,1020,25,76,3
35685,1020,26,36,1
35686,1020,27,67,2
35687,1020,28,31,1
35688,1020,29,34,1
35689,1020,30,45,1
35690,1020,31,91,1
35691,1020,32,82,2
35692,1020,33,64,2
35693,1020,34,61,1
35694,1020,35,77,2
35695,1021,1,138,5
35696,1021,2,102,2
35697,1021,3,147,2
35698,1021,4,100,2
35699,1021,5,114,6
35700,1021,6,100,5
35701,1021,7,160,5
35702,1021,8,144,2
35703,1021,9,117,3
35704,1021,10,40,0
35705,1021,11,199,4
35706,1021,12,161,8
35707,1021,13,79,0
35708,1021,14,143,1
35709,1021,15,85,1
35710,1021,16,144,4
35711,1021,17,94,2
35712,1021,18,71,3
35713,1021,19,62,4
35714,1021,20,9,0
35715,1021,21,95,0
35716,1021,22,18,0
35717,1021,23,76,0
35718,1021,24,78,3
35719,1021,25,137,4
35720,1021,26,85,5
35721,1021,27,73,0
35722,1021,28,95,1
35723,1021,29,76,2
35724,1021,30,56,0
35725,1021,31,84,2
35726,1021,32,63,0
35727,1021,33,92,4
35728,1021,34,108,4
35729,1021,35,113,5
35730,1022,1,64,3
35731,1022,2,113,4
35732,1022,3,56,1
35733,1022,4,40,1
35734,1022,5,62,3
35735,1022,6,89,1
35736,1022,7,49,1
35737,1022,8,50,2
35738,1022,9,63,2
35739,1022,10,98,6
35740,1022,11,54,3
35741,1022,12,89,2
35742,1022,13,81,0
35743,1022,14,113,4
35744,1022,15,53,1
35745,1022,16,92,5
35746,1022,17,35,0
35747,1022,18,54,3
35748,1022,19,92,4
35749,1022,20,90,2
35750,1022,21,79,1
35751,1022,22,51,3
35752,1022,23,43,1
35753,1022,24,68,0
35754,1022,25,53,2
35755,1022,26,77,1
35756,1022,27,41,1
35757,1022,28,70,3
35758,1022,29,41,1
35759,1022,30,58,2
35760,1022,31,18,1
35761,1022,32,39,1
35762,1022,33,54,2
35763,1022,34,29,1
35764,1022,35,90,0
35765,1023,1,54,2
35766,1023,2,110,4
35767,1023,3,16,1
35768,1023,4,29,2
35769,1023,5,147,3
35770,1023,6,80,4
35771,1023,7,102,1
35772,1023,8,84,4
35773,1023,9,78,5
35774,1023,10,96,4
35775,1023,11,35,0
35776,1023,12,47,2
35777,1023,13,64,1
35778,1023,14,82,3
35779,1023,15,102,3
35780,1023,16,93,5
35781,1023,17,57,3
35782,1023,18,36,1
35783,1023,19,58,3
35784,1023,20,46,3
35785,1023,21,61,2
35786,1023,22,25,1
35787,1023,23,100,4
35788,1023,24,64,3
35789,1023,25,39,1
35790,1023,26,68,3
35791,1023,27,81,5
35792,1023,28,55,1
35793,1023,29,31,0
35794,1023,30,73,3
35795,1023,31,92,1
35796,1023,32,21,1
35797,1023,33,85,2
35798,1023,34,60,0
35799,1023,35,58,1
35800,1024,1,166,8
35801,1024,2,71,4
35802,1024,3,99,1
35803,1024,4,39,1
35804,1024,5,92,5
35805,1024,6,74,2
35806,1024,7,76,2
35807,1024,8,141,0
35808,1024,9,175,9
35809,1024,10,113,6
35810,1024,11,159,5
35811,1024,12,90,4
35812,1024,13,58,0
35813,1024,14,87,1
35814,1024,15,11,0
35815,1024,16,103,1
35816,1024,17,54,1
35817,1024,18,66,2
35818,1024,19,62,4
35819,1024,20,130,4
35820,1024,21,108,0
35821,1024,22,94,3
35822,1024,23,29,0
35823,1024,24,57,1
35824,1024,25,87,3
35825,1024,26,49,2
35826,1024,27,109,6
35827,1024,28,48,0
35828,1024,29,87,1
35829,1024,30,116,2
35830,1024,31,59,2
35831,1024,32,87,3
35832,1024,33,69,4
35833,1024,34,84,4
35834,1024,35,193,2
35835,1025,1,97,3
35836,1025,2,98,5
35837,1025,3,88,3
35838,1025,4,106,5
35839,1025,5,75,4
35840,1025,6,197,9
35841,1025,7,222,4
35842,1025,8,75,4
35843,1025,9,250,12
35844,1025,10,113,3
35845,1025,11,225,0
35846,1025,12,57,1
35847,1025,13,99,6
35848,1025,14,88,4
35849,1025,15,104,5
35850,1025,16,113,0
35851,1025,17,132,7
35852,1025,18,72,2
35853,1025,19,78,2
35854,1025,20,124,3
35855,1025,21,64,0
35856,1025,22,125,6
35857,1025,23,123,0
35858,1025,24,138,7
35859,1025,25,203,5
35860,1025,26,87,3
35861,1025,27,123,0
35862,1025,28,178,5
35863,1025,29,93,3
35864,1025,30,84,4
35865,1025,31,79,3
35866,1025,32,76,1
35867,1025,33,193,8
35868,1025,34,277,4
35869,1025,35,109,1
35870,1026,1,126,3
35871,1026,2,33,1
35872,1026,3,74,2
35873,1026,4,105,2
35874,1026,5,84,4
35875,1026,6,82,3
35876,1026,7,155,5
35877,1026,8,146,5
35878,1026,9,78,4
35879,1026,10,95,5
35880,1026,11,83,5
35881,1026,12,130,0
35882,1026,13,65,2
35883,1026,14,130,7
35884,1026,15,55,2
35885,1026,16,101,5
35886,1026,17,45,0
35887,1026,18,110,3
35888,1026,19,93,5
35889,1026,20,76,1
35890,1026,21,34,2
35891,1026,22,65,1
35892,1026,23,46,3
35893,1026,24,139,4
35894,1026,25,102,2
35895,1026,26,90,1
35896,1026,27,34,2
35897,1026,28,67,3
35898,1026,29,75,4
35899,1026,30,109,0
35900,1026,31,74,2
35901,1026,32,133,4
35902,1026,33,143,8
35903,1026,34,41,1
35904,1026,35,39,2
35905,1027,1,41,1
35906,1027,2,93,2
35907,1027,3,44,1
35908,1027,4,43,1
35909,1027,5,41,2
35910,1027,6,79,2
35911,1027,7,78,0
35912,1027,8,89,4
35913,1027,9,53,2
35914,1027,10,124,3
35915,1027,11,38,0
35916,1027,12,31,1
35917,1027,13,72,0
35918,1027,14,56,2
35919,1027,15,23,1
35920,1027,16,46,1
35921,1027,17,51,0
35922,1027,18,64,0
35923,1027,19,34,1
35924,1027,20,81,2
35925,1027,21,89,0
35926,1027,22,74,0
35927,1027,23,55,2
35928,1027,24,47,2
35929,1027,25,41,1
35930,1027,26,60,2
35931,1027,27,48,1
35932,1027,28,55,2
35933,1027,29,90,1
35934,1027,30,112,5
35935,1027,31,73,2
35936,1027,32,69,3
35937,1027,33,124,3
35938,1027,34,52,0
35939,1027,35,85,1
35940,1028,1,124,5
35941,1028,2,81,3
35942,1028,3,114,2
35943,1028,4,70,3
35944,1028,5,88,4
35945,1028,6,46,3
35946,1028,7,79,4
35947,1028,8,111,0
35948,1028,9,83,3
35949,1028,10,202,4
35950,1028,11,110,4
35951,1028,12,130,4
35952,1028,13,92,0
35953,1028,14,117,0
35954,1028,15,108,4
35955,1028,16,172,7
35956,1028,17,83,4
35957,1028,18,161,3
35958,1028,19,39,2
35959,1028,20,127,4
35960,1028,21,86,0
35961,1028,22,161,2
35962,1028,23,94,3
35963,1028,24,99,4
35964,1028,25,151,3
35965,1028,26,89,5
35966,1028,27,112,2
35967,1028,28,66,3
35968,1028,29,68,1
35969,1028,30,87,3
35970,1028,31,128,6
35971,1028,32,149,8
35972,1028,33,109,2
35973,1028,34,181,10
35974,1028,35,37,1
35975,1029,1,108,0
35976,1029,2,156,0
35977,1029,3,49,1
35978,1029,4,101,5
35979,1029,5,193,9
35980,1029,6,69,3
35981,1029,7,94,3
35982,1029,8,224,4
35983,1029,9,40,1
35984,1029,10,124,4
35985,1029,11,59,2
35986,1029,12,102,2
35987,1029,13,87,0
35988,1029,14,176,6
35989,1029,15,126,5
35990,1029,16,84,0
35991,1029,17,122,4
35992,1029,18,51,1
35993,1029,19,95,2
35994,1029,20,103,3
35995,1029,21,106,1
35996,1029,22,78,4
35997,1029,23,110,4
35998,1029,24,69,1
35999,1029,25,114,3
36000,1029,26,106,2
36001,1029,27,94,4
36002,1029,28,63,2
36003,1029,29,81,4
36004,1029,30,66,3
36005,1029,31,94,2
36006,1029,32,109,2
36007,1029,33,148,3
36008,1029,34,82,4
36009,1029,35,128,5
36010,1030,1,95,1
36011,1030,2,97,4
36012,1030,3,109,6
36013,1030,4,52,1
36014,1030,5,67,2
36015,1030,6,48,2
36016,1030,7,55,3
36017,1030,8,34,2
36018,1030,9,81,1
36019,1030,10,69,3
36020,1030,11,47,1
36021,1030,12,63,0
36022,1030,13,82,2
36023,1030,14,28,1
36024,1030,15,51,3
36025,1030,16,64,2
36026,1030,17,30,1
36027,1030,18,77,0
36028,1030,19,67,1
36029,1030,20,102,5
36030,1030,21,41,2
36031,1030,22,70,1
36032,1030,23,74,1
36033,1030,24,51,3
36034,1030,25,89,5
36035,1030,26,35,1
36036,1030,27,20,0
36037,1030,28,80,4
36038,1030,29,37,1
36039,1030,30,65,0
36040,1030,31,50,2
36041,1030,32,57,1
36042,1030,33,74,3
36043,1030,34,123,1
36044,1030,35,31,1
36045,1031,1,50,2
36046,1031,2,93,4
36047,1031,3,30,1
36048,1031,4,86,5
36049,1031,5,48,1
36050,1031,6,140,8
36051,1031,7,73,4
36052,1031,8,67,2
36053,1031,9,128,5
36054,1031,10,78,4
36055,1031,11,25,1
36056,1031,12,59,2
36057,1031,13,53,2
36058,1031,14,49,1
36059,1031,15,91,4
36060,1031,16,52,1
36061,1031,17,41,0
36062,1031,18,58,0
36063,1031,19,93,3
36064,1031,20,109,5
36065,1031,21,19,0
36066,1031,22,62,0
36067,1031,23,112,2
36068,1031,24,62,2
36069,1031,25,16,0
36070,1031,26,130,4
36071,1031,27,70,1
36072,1031,28,19,1
36073,1031,29,38,2
36074,1031,30,50,1
36075,1031,31,40,1
36076,1031,32,54,1
36077,1031,33,63,1
36078,1031,34,47,0
36079,1031,35,149,4
36080,1032,1,114,0
36081,1032,2,167,9
36082,1032,3,97,5
36083,1032,4,113,0
36084,1032,5,49,1
36085,1032,6,73,1
36086,1032,7,71,4
36087,1032,8,74,0
36088,1032,9,99,1
36089,1032,10,46,3
36090,1032,11,44,2
36091,1032,12,110,5
36092,1032,13,49,0
36093,1032,14,100,0
36094,1032,15,66,3
36095,1032,16,85,2
36096,1032,17,66,3
36097,1032,18,64,3
36098,1032,19,54,3
36099,1032,20,58,2
36100,1032,21,84,0
36101,1032,22,94,1
36102,1032,23,83,4
36103,1032,24,77,4
36104,1032,25,142,2
36105,1032,26,177,5
36106,1032,27,106,2
36107,1032,28,53,0
36108,1032,29,67,1
36109,1032,30,61,3
36110,1032,31,105,0
36111,1032,32,35,1
36112,1032,33,111,5
36113,1032,34,89,2
36114,1032,35,130,2
36115,1033,1,21,1
36116,1033,2,29,0
36117,1033,3,63,2
36118,1033,4,49,2
36119,1033,5,62,3
36120,1033,6,75,4
36121,1033,7,133,4
36122,1033,8,44,2
36123,1033,9,96,1
36124,1033,10,86,4
36125,1033,11,54,1
36126,1033,12,87,1
36127,1033,13,65,0
36128,1033,14,38,2
36129,1033,15,33,2
36130,1033,16,54,1
36131,1033,17,108,1
36132,1033,18,67,1
36133,1033,19,76,3
36134,1033,20,10,1
36135,1033,21,81,2
36136,1033,22,61,4
36137,1033,23,77,0
36138,1033,24,57,3
36139,1033,25,56,1
36140,1033,26,57,2
36141,1033,27,82,2
36142,1033,28,58,1
36143,1033,29,111,5
36144,1033,30,54,0
36145,1033,31,84,4
36146,1033,32,59,3
36147,1033,33,96,0
36148,1033,34,34,0
36149,1033,35,45,2
36150,1034,1,41,0
36151,1034,2,67,2
36152,1034,3,30,2
36153,1034,4,68,3
36154,1034,5,35,1
36155,1034,6,92,2
36156,1034,7,37,1
36157,1034,8,22,1
36158,1034,9,87,4
36159,1034,10,44,2
36160,1034,11,64,3
36161,1034,12,28,0
36162,1034,13,20,1
36163,1034,14,30,2
36164,1034,15,27,0
36165,1034,16,53,0
36166,1034,17,32,1
36167,1034,18,36,0
36168,1034,19,39,2
36169,1034,20,14,0
36170,1034,21,70,4
36171,1034,22,14,1
36172,1034,23,31,1
36173,1034,24,33,1
36174,1034,25,22,1
36175,1034,26,19,1
36176,1034,27,39,2
36177,1034,28,53,2
36178,1034,29,39,0
36179,1034,30,56,0
36180,1034,31,99,2
36181,1034,32,40,1
36182,1034,33,36,1
36183,1034,34,58,1
36184,1034,35,76,4
36185,1035,1,40,2
36186,1035,2,14,0
36187,1035,3,66,4
36188,1035,4,21,0
36189,1035,5,39,2
36190,1035,6,47,1
36191,1035,7,73,4
36192,1035,8,24,1
36193,1035,9,30,1
36194,1035,10,49,1
36195,1035,11,19,1
36196,1035,12,43,2
36197,1035,13,30,0
36198,1035,14,55,1
36199,1035,15,51,1
36200,1035,16,59,0
36201,1035,17,30,0
36202,1035,18,30,1
36203,1035,19,45,1
36204,1035,20,38,1
36205,1035,21,19,0
36206,1035,22,28,0
36207,1035,23,43,2
36208,1035,24,24,1
36209,1035,25,37,2
36210,1035,26,39,2
36211,1035,27,38,1
36212,1035,28,31,2
36213,1035,29,29,1
36214,1035,30,53,1
36215,1035,31,19,1
36216,1035,32,45,0
36217,1035,33,49,2
36218,1035,34,19,0
36219,1035,35,36,2
36220,1036,1,27,1
36221,1036,2,49,1
36222,1036,3,43,2
36223,1036,4,42,0
36224,1036,5,47,2
36225,1036,6,78,3
36226,1036,7,41,1
36227,1036,8,26,1
36228,1036,9,37,0
36229,1036,10,28,1
36230,1036,11,57,1
36231,1036,12,29,1
36232,1036,13,50,0
36233,1036,14,63,0
36234,1036,15,24,1
36235,1036,16,49,3
36236,1036,17,62,2
36237,1036,18,54,3
36238,1036,19,41,1
36239,1036,20,81,1
36240,1036,21,26,0
36241,1036,22,50,3
36242,1036,23,88,1
36243,1036,24,63,3
36244,1036,25,45,1
36245,1036,26,56,3
36246,1036,27,80,4
36247,1036,28,35,0
36248,1036,29,63,3
36249,1036,30,33,2
36250,1036,31,29,0
36251,1036,32,68,3
36252,1036,33,149,5
36253,1036,34,66,1
36254,1036,35,39,2
36255,1037,1,28,1
36256,1037,2,50,1
36257,1037,3,34,1
36258,1037,4,74,4
36259,1037,5,52,3
36260,1037,6,35,1
36261,1037,7,64,4
36262,1037,8,57,1
36263,1037,9,37,0
36264,1037,10,20,0
36265,1037,11,76,2
36266,1037,12,88,4
36267,1037,13,37,0
36268,1037,14,29,1
36269,1037,15,40,1
36270,1037,16,34,2
36271,1037,17,67,2
36272,1037,18,94,5
36273,1037,19,142,3
36274,1037,20,72,1
36275,1037,21,76,0
36276,1037,22,89,3
36277,1037,23,37,0
36278,1037,24,111,4
36279,1037,25,75,2
36280,1037,26,52,1
36281,1037,27,51,1
36282,1037,28,70,2
36283,1037,29,95,2
36284,1037,30,38,0
36285,1037,31,114,3
36286,1037,32,45,2
36287,1037,33,39,0
36288,1037,34,54,1
36289,1037,35,45,2
36290,1038,1,68,0
36291,1038,2,45,1
36292,1038,3,39,1
36293,1038,4,95,2
36294,1038,5,65,2
36295,1038,6,44,1
36296,1038,7,46,3
36297,1038,8,36,1
36298,1038,9,48,1
36299,1038,10,17,0
36300,1038,11,57,2
36301,1038,12,34,0
36302,1038,13,58,1
36303,1038,14,21,1
36304,1038,15,13,0
36305,1038,16,57,0
36306,1038,17,34,2
36307,1038,18,28,0
36308,1038,19,33,1
36309,1038,20,57,2
36310,1038,21,58,2
36311,1038,22,16,0
36312,1038,23,15,1
36313,1038,24,15,1
36314,1038,25,110,6
36315,1038,26,76,1
36316,1038,27,24,1
36317,1038,28,28,1
36318,1038,29,26,1
36319,1038,30,29,0
36320,1038,31,38,1
36321,1038,32,66,4
36322,1038,33,22,1
36323,1038,34,63,0
36324,1038,35,71,3
36325,1039,1,61,1
36326,1039,2,23,0
36327,1039,3,56,3
36328,1039,4,20,1
36329,1039,5,24,0
36330,1039,6,27,1
36331,1039,7,10,1
36332,1039,8,24,1
36333,1039,9,15,0
36334,1039,10,43,1
36335,1039,11,48,3
36336,1039,12,41,2
36337,1039,13,36,0
36338,1039,14,34,1
36339,1039,15,22,1
36340,1039,16,15,0
36341,1039,17,11,1
36342,1039,18,15,1
36343,1039,19,27,1
36344,1039,20,18,1
36345,1039,21,12,0
36346,1039,22,32,0
36347,1039,23,24,0
36348,1039,24,29,2
36349,1039,25,20,1
36350,1039,26,60,2
36351,1039,27,48,2
36352,1039,28,11,1
36353,1039,29,22,1
36354,1039,30,21,0
36355,1039,31,56,1
36356,1039,32,24,1
36357,1039,33,45,1
36358,1039,34,26,0
36359,1039,35,27,1
36360,1040,1,60,0
36361,1040,2,43,2
36362,1040,3,46,3
36363,1040,4,21,1
36364,1040,5,25,1
36365,1040,6,40,2
36366,1040,7,100,5
36367,1040,8,28,2
36368,1040,9,14,1
36369,1040,10,12,1
36370,1040,11,8,0
36371,1040,12,71,3
36372,1040,13,30,1
36373,1040,14,30,1
36374,1040,15,61,3
36375,1040,16,75,3
36376,1040,17,83,2
36377,1040,18,63,2
36378,1040,19,68,1
36379,1040,20,101,6
36380,1040,21,38,1
36381,1040,22,29,0
36382,1040,23,46,1
36383,1040,24,15,1
36384,1040,25,29,0
36385,1040,26,29,2
36386,1040,27,60,3
36387,1040,28,40,0
36388,1040,29,52,2
36389,1040,30,64,1
36390,1040,31,42,0
36391,1040,32,86,5
36392,1040,33,46,1
36393,1040,34,45,1
36394,1040,35,63,2
36395,1041,1,89,0
36396,1041,2,76,0
36397,1041,3,59,2
36398,1041,4,109,3
36399,1041,5,52,0
36400,1041,6,84,4
36401,1041,7,44,1
36402,1041,8,66,3
36403,1041,9,78,0
36404,1041,10,50,3
36405,1041,11,105,2
36406,1041,12,72,3
36407,1041,13,72,3
36408,1041,14,67,1
36409,1041,15,53,3
36410,1041,16,75,3
36411,1041,17,27,0
36412,1041,18,75,3
36413,1041,19,74,3
36414,1041,20,32,1
36415,1041,21,51,3
36416,1041,22,44,1
36417,1041,23,31,0
36418,1041,24,96,1
36419,1041,25,56,0
36420,1041,26,43,1
36421,1041,27,104,0
36422,1041,28,106,4
36423,1041,29,64,2
36424,1041,30,82,1
36425,1041,31,37,2
36426,1041,32,58,3
36427,1041,33,54,0
36428,1041,34,50,1
36429,1041,35,27,1
36430,1042,1,43,0
36431,1042,2,65,2
36432,1042,3,54,1
36433,1042,4,62,3
36434,1042,5,81,4
36435,1042,6,41,1
36436,1042,7,21,1
36437,1042,8,14,0
36438,1042,9,59,2
36439,1042,10,31,1
36440,1042,11,41,1
36441,1042,12,25,1
36442,1042,13,87,1
36443,1042,14,98,5
36444,1042,15,21,1
36445,1042,16,34,1
36446,1042,17,55,3
36447,1042,18,43,0
36448,1042,19,100,1
36449,1042,20,32,2
36450,1042,21,48,2
36451,1042,22,54,3
36452,1042,23,27,0
36453,1042,24,63,2
36454,1042,25,78,3
36455,1042,26,83,3
36456,1042,27,69,2
36457,1042,28,36,1
36458,1042,29,53,3
36459,1042,30,34,0
36460,1042,31,30,1
36461,1042,32,55,2
36462,1042,33,37,1
36463,1042,34,29,1
36464,1042,35,37,2
36465,1043,1,17,0
36466,1043,2,51,2
36467,1043,3,64,3
36468,1043,4,49,2
36469,1043,5,52,3
36470,1043,6,36,2
36471,1043,7,35,1
36472,1043,8,48,2
36473,1043,9,44,1
36474,1043,10,49,1
36475,1043,11,21,1
36476,1043,12,46,3
36477,1043,13,32,1
36478,1043,14,51,1
36479,1043,15,59,2
36480,1043,16,53,0
36481,1043,17,64,0
36482,1043,18,20,1
36483,1043,19,12,0
36484,1043,20,20,0
36485,1043,21,23,1
36486,1043,22,22,1
36487,1043,23,40,1
36488,1043,24,11,0
36489,1043,25,64,3
36490,1043,26,24,0
36491,1043,27,22,1
36492,1043,28,55,3
36493,1043,29,54,2
36494,1043,30,48,3
36495,1043,31,27,1
36496,1043,32,41,1
36497,1043,33,37,2
36498,1043,34,62,2
36499,1043,35,54,2
36500,1044,1,32,1
36501,1044,2,63,0
36502,1044,3,24,1
36503,1044,4,64,4
36504,1044,5,62,3
36505,1044,6,56,3
36506,1044,7,61,1
36507,1044,8,33,2
36508,1044,9,57,2
36509,1044,10,44,2
36510,1044,11,25,1
36511,1044,12,46,2
36512,1044,13,47,2
36513,1044,14,49,2
36514,1044,15,44,1
36515,1044,16,56,0
36516,1044,17,34,1
36517,1044,18,25,0
36518,1044,19,57,3
36519,1044,20,41,2
36520,1044,21,42,1
36521,1044,22,89,5
36522,1044,23,33,1
36523,1044,24,54,2
36524,1044,25,48,1
36525,1044,26,40,1
36526,1044,27,27,1
36527,1044,28,51,2
36528,1044,29,44,2
36529,1044,30,36,2
36530,1044,31,28,1
36531,1044,32,85,4
36532,1044,33,87,1
36533,1044,34,45,1
36534,1044,35,44,2
36535,1045,1,43,1
36536,1045,2,62,1
36537,1045,3,32,0
36538,1045,4,93,5
36539,1045,5,24,1
36540,1045,6,130,2
36541,1045,7,89,4
36542,1045,8,60,3
36543,1045,9,44,0
36544,1045,10,12,0
36545,1045,11,24,0
36546,1045,12,71,3
36547,1045,13,58,0
36548,1045,14,68,3
36549,1045,15,125,5
36550,1045,16,103,5
36551,1045,17,111,5
36552,1045,18,52,2
36553,1045,19,132,2
36554,1045,20,108,5
36555,1045,21,78,0
36556,1045,22,86,2
36557,1045,23,52,1
36558,1045,24,123,5
36559,1045,25,59,2
36560,1045,26,36,1
36561,1045,27,74,0
36562,1045,28,130,7
36563,1045,29,45,2
36564,1045,30,61,1
36565,1045,31,99,3
36566,1045,32,105,0
36567,1045,33,58,0
36568,1045,34,97,6
36569,1045,35,111,6
36570,1046,1,39,2
36571,1046,2,88,5
36572,1046,3,29,1
36573,1046,4,53,2
36574,1046,5,48,1
36575,1046,6,66,1
36576,1046,7,17,0
36577,1046,8,94,2
36578,1046,9,53,2
36579,1046,10,43,1
36580,1046,11,89,3
36581,1046,12,55,2
36582,1046,13,32,2
36583,1046,14,57,3
36584,1046,15,33,0
36585,1046,16,46,0
36586,1046,17,37,1
36587,1046,18,29,1
36588,1046,19,42,0
36589,1046,20,63,3
36590,1046,21,17,1
36591,1046,22,34,1
36592,1046,23,47,2
36593,1046,24,63,1
36594,1046,25,79,1
36595,1046,26,42,2
36596,1046,27,51,1
36597,1046,28,56,3
36598,1046,29,67,4
36599,1046,30,39,1
36600,1046,31,53,3
36601,1046,32,25,1
36602,1046,33,60,1
36603,1046,34,43,0
36604,1046,35,69,3
36605,1047,1,24,0
36606,1047,2,31,1
36607,1047,3,113,2
36608,1047,4,26,1
36609,1047,5,20,0
36610,1047,6,34,1
36611,1047,7,75,3
36612,1047,8,39,1
36613,1047,9,37,0
36614,1047,10,59,2
36615,1047,11,27,1
36616,1047,12,97,5
36617,1047,13,59,2
36618,1047,14,49,2
36619,1047,15,55,2
36620,1047,16,25,0
36621,1047,17,69,0
36622,1047,18,59,1
36623,1047,19,50,1
36624,1047,20,30,1
36625,1047,21,47,3
36626,1047,22,53,0
36627,1047,23,19,1
36628,1047,24,60,3
36629,1047,25,35,2
36630,1047,26,43,2
36631,1047,27,44,2
36632,1047,28,45,0
36633,1047,29,35,1
36634,1047,30,23,1
36635,1047,31,51,2
36636,1047,32,16,0
36637,1047,33,34,2
36638,1047,34,51,2
36639,1047,35,47,2
36640,1048,1,52,1
36641,1048,2,62,0
36642,1048,3,85,5
36643,1048,4,42,1
36644,1048,5,83,5
36645,1048,6,123,6
36646,1048,7,60,3
36647,1048,8,46,2
36648,1048,9,85,0
36649,1048,10,66,1
36650,1048,11,55,2
36651,1048,12,73,1
36652,1048,13,27,1
36653,1048,14,76,1
36654,1048,15,59,2
36655,1048,16,43,0
36656,1048,17,50,2
36657,1048,18,69,2
36658,1048,19,27,1
36659,1048,20,55,1
36660,1048,21,29,2
36661,1048,22,67,2
36662,1048,23,82,4
36663,1048,24,53,3
36664,1048,25,89,4
36665,1048,26,91,1
36666,1048,27,67,0
36667,1048,28,52,3
36668,1048,29,68,4
36669,1048,30,145,4
36670,1048,31,43,2
36671,1048,32,58,3
36672,1048,33,33,1
36673,1048,34,72,0
36674,1048,35,6,0
36675,1049,1,112,0
36676,1049,2,94,0
36677,1049,3,59,1
36678,1049,4,65,2
36679,1049,5,176,0
36680,1049,6,53,2
36681,1049,7,150,2
36682,1049,8,107,4
36683,1049,9,38,1
36684,1049,10,93,2
36685,1049,11,77,2
36686,1049,12,112,3
36687,1049,13,73,2
36688,1049,14,119,5
36689,1049,15,69,2
36690,1049,16,51,1
36691,1049,17,57,3
36692,1049,18,47,2
36693,1049,19,119,0
36694,1049,20,228,6
36695,1049,21,49,1
36696,1049,22,62,1
36697,1049,23,84,2
36698,1049,24,89,1
36699,1049,25,124,4
36700,1049,26,182,10
36701,1049,27,97,6
36702,1049,28,166,9
36703,1049,29,162,0
36704,1049,30,115,0
36705,1049,31,104,0
36706,1049,32,89,3
36707,1049,33,102,0
36708,1049,34,106,5
36709,1049,35,60,3
36710,1050,1,81,4
36711,1050,2,50,1
36712,1050,3,96,3
36713,1050,4,37,1
36714,1050,5,50,3
36715,1050,6,50,2
36716,1050,7,30,1
36717,1050,8,106,5
36718,1050,9,54,2
36719,1050,10,26,1
36720,1050,11,63,3
36721,1050,12,101,4
36722,1050,13,38,1
36723,1050,14,33,1
36724,1050,15,34,1
36725,1050,16,25,1
36726,1050,17,103,0
36727,1050,18,43,2
36728,1050,19,113,3
36729,1050,20,38,2
36730,1050,21,24,1
36731,1050,22,54,2
36732,1050,23,54,2
36733,1050,24,114,2
36734,1050,25,86,4
36735,1050,26,67,2
36736,1050,27,32,0
36737,1050,28,50,1
36738,1050,29,116,1
36739,1050,30,118,5
36740,1050,31,94,5
36741,1050,32,103,4
36742,1050,33,39,0
36743,1050,34,39,0
36744,1050,35,46,2
36745,1051,1,39,2
36746,1051,2,76,4
36747,1051,3,60,3
36748,1051,4,34,1
36749,1051,5,46,1
36750,1051,6,58,3
36751,1051,7,65,0
36752,1051,8,84,3
36753,1051,9,100,4
36754,1051,10,48,1
36755,1051,11,69,1
36756,1051,12,41,0
36757,1051,13,21,1
36758,1051,14,78,3
36759,1051,15,23,1
36760,1051,16,50,2
36761,1051,17,25,1
36762,1051,18,34,2
36763,1051,19,23,0
36764,1051,20,88,2
36765,1051,21,26,1
36766,1051,22,44,1
36767,1051,23,68,1
36768,1051,24,104,0
36769,1051,25,90,2
36770,1051,26,101,2
36771,1051,27,24,1
36772,1051,28,82,5
36773,1051,29,67,3
36774,1051,30,44,2
36775,1051,31,104,1
36776,1051,32,40,1
36777,1051,33,64,0
36778,1051,34,62,1
36779,1051,35,74,4
36780,1052,1,124,2
36781,1052,2,71,2
36782,1052,3,57,2
36783,1052,4,68,3
36784,1052,5,152,0
36785,1052,6,104,2
36786,1052,7,42,1
36787,1052,8,53,0
36788,1052,9,40,0
36789,1052,10,62,1
36790,1052,11,65,3
36791,1052,12,138,4
36792,1052,13,82,3
36793,1052,14,79,0
36794,1052,15,38,1
36795,1052,16,58,2
36796,1052,17,75,3
36797,1052,18,21,1
36798,1052,19,108,1
36799,1052,20,85,3
36800,1052,21,61,1
36801,1052,22,139,3
36802,1052,23,69,2
36803,1052,24,105,1
36804,1052,25,56,2
36805,1052,26,61,1
36806,1052,27,65,0
36807,1052,28,69,0
36808,1052,29,108,4
36809,1052,30,19,0
36810,1052,31,76,4
36811,1052,32,74,2
36812,1052,33,144,6
36813,1052,34,63,0
36814,1052,35,26,0
36815,1053,1,74,4
36816,1053,2,196,0
36817,1053,3,165,8
36818,1053,4,111,5
36819,1053,5,101,0
36820,1053,6,143,3
36821,1053,7,142,8
36822,1053,8,113,3
36823,1053,9,97,4
36824,1053,10,138,2
36825,1053,11,177,0
36826,1053,12,129,5
36827,1053,13,143,0
36828,1053,14,101,3
36829,1053,15,244,14
36830,1053,16,160,4
36831,1053,17,102,5
36832,1053,18,160,8
36833,1053,19,140,6
36834,1053,20,152,7
36835,1053,21,88,1
36836,1053,22,119,3
36837,1053,23,70,0
36838,1053,24,155,9
36839,1053,25,43,2
36840,1053,26,86,3
36841,1053,27,72,0
36842,1053,28,136,6
36843,1053,29,83,2
36844,1053,30,60,0
36845,1053,31,105,0
36846,1053,32,109,0
36847,1053,33,72,0
36848,1053,34,82,2
36849,1053,35,72,2
36850,1054,1,53,2
36851,1054,2,92,2
36852,1054,3,51,1
36853,1054,4,86,3
36854,1054,5,91,3
36855,1054,6,62,1
36856,1054,7,30,2
36857,1054,8,69,1
36858,1054,9,71,4
36859,1054,10,92,4
36860,1054,11,38,2
36861,1054,12,48,2
36862,1054,13,42,1
36863,1054,14,104,3
36864,1054,15,111,2
36865,1054,16,30,1
36866,1054,17,74,0
36867,1054,18,124,6
36868,1054,19,143,8
36869,1054,20,55,3
36870,1054,21,109,4
36871,1054,22,46,2
36872,1054,23,113,3
36873,1054,24,44,1
36874,1054,25,54,2
36875,1054,26,37,1
36876,1054,27,58,3
36877,1054,28,150,0
36878,1054,29,285,8
36879,1054,30,128,3
36880,1054,31,39,1
36881,1054,32,53,2
36882,1054,33,35,1
36883,1054,34,79,4
36884,1054,35,112,1
36885,1055,1,63,3
36886,1055,2,118,0
36887,1055,3,65,0
36888,1055,4,77,4
36889,1055,5,63,1
36890,1055,6,58,2
36891,1055,7,56,0
36892,1055,8,73,2
36893,1055,9,58,3
36894,1055,10,42,2
36895,1055,11,45,2
36896,1055,12,52,0
36897,1055,13,44,0
36898,1055,14,61,2
36899,1055,15,48,3
36900,1055,16,34,2
36901,1055,17,35,2
36902,1055,18,44,1
36903,1055,19,32,2
36904,1055,20,56,1
36905,1055,21,72,0
36906,1055,22,53,0
36907,1055,23,83,4
36908,1055,24,45,2
36909,1055,25,47,1
36910,1055,26,64,3
36911,1055,27,85,4
36912,1055,28,40,1
36913,1055,29,100,3
36914,1055,30,141,1
36915,1055,31,154,7
36916,1055,32,26,1
36917,1055,33,29,0
36918,1055,34,56,0
36919,1055,35,113,3
36920,1056,1,60,1
36921,1056,2,94,3
36922,1056,3,105,3
36923,1056,4,56,2
36924,1056,5,69,2
36925,1056,6,98,2
36926,1056,7,171,6
36927,1056,8,86,0
36928,1056,9,122,7
36929,1056,10,88,4
36930,1056,11,71,2
36931,1056,12,73,1
36932,1056,13,139,2
36933,1056,14,106,0
36934,1056,15,79,4
36935,1056,16,46,2
36936,1056,17,211,0
36937,1056,18,83,2
36938,1056,19,122,4
36939,1056,20,194,5
36940,1056,21,171,10
36941,1056,22,125,5
36942,1056,23,114,7
36943,1056,24,63,2
36944,1056,25,102,2
36945,1056,26,53,3
36946,1056,27,77,3
36947,1056,28,48,0
36948,1056,29,90,1
36949,1056,30,67,1
36950,1056,31,55,1
36951,1056,32,72,1
36952,1056,33,62,2
36953,1056,34,60,3
36954,1056,35,55,3
36955,1057,1,98,4
36956,1057,2,71,2
36957,1057,3,111,4
36958,1057,4,122,2
36959,1057,5,95,0
36960,1057,6,85,3
36961,1057,7,100,5
36962,1057,8,116,6
36963,1057,9,96,1
36964,1057,10,50,1
36965,1057,11,27,0
36966,1057,12,78,1
36967,1057,13,57,0
36968,1057,14,148,9
36969,1057,15,51,3
36970,1057,16,108,2
36971,1057,17,214,0
36972,1057,18,60,3
36973,1057,19,87,0
36974,1057,20,104,4
36975,1057,21,105,1
36976,1057,22,85,2
36977,1057,23,56,1
36978,1057,24,159,8
36979,1057,25,186,0
36980,1057,26,161,2
36981,1057,27,74,4
36982,1057,28,162,6
36983,1057,29,99,5
36984,1057,30,70,2
36985,1057,31,78,0
36986,1057,32,46,3
36987,1057,33,60,1
36988,1057,34,96,3
36989,1057,35,127,3
36990,1058,1,97,0
36991,1058,2,36,1
36992,1058,3,94,1
36993,1058,4,72,2
36994,1058,5,164,6
36995,1058,6,34,2
36996,1058,7,34,1
36997,1058,8,62,2
36998,1058,9,60,1
36999,1058,10,103,5
37000,1058,11,113,4
37001,1058,12,41,1
37002,1058,13,84,1
37003,1058,14,124,6
37004,1058,15,82,4
37005,1058,16,61,3
37006,1058,17,73,2
37007,1058,18,65,3
37008,1058,19,84,5
37009,1058,20,63,3
37010,1058,21,26,1
37011,1058,22,134,4
37012,1058,23,74,2
37013,1058,24,108,4
37014,1058,25,60,3
37015,1058,26,108,2
37016,1058,27,79,4
37017,1058,28,63,0
37018,1058,29,74,2
37019,1058,30,81,4
37020,1058,31,21,0
37021,1058,32,149,8
37022,1058,33,14,0
37023,1058,34,33,1
37024,1058,35,67,4
37025,1059,1,102,2
37026,1059,2,42,2
37027,1059,3,45,0
37028,1059,4,68,1
37029,1059,5,87,5
37030,1059,6,37,2
37031,1059,7,29,0
37032,1059,8,59,3
37033,1059,9,91,3
37034,1059,10,55,3
37035,1059,11,37,1
37036,1059,12,30,0
37037,1059,13,43,2
37038,1059,14,123,5
37039,1059,15,90,3
37040,1059,16,78,1
37041,1059,17,50,1
37042,1059,18,55,1
37043,1059,19,10,0
37044,1059,20,34,1
37045,1059,21,68,0
37046,1059,22,36,0
37047,1059,23,57,1
37048,1059,24,77,0
37049,1059,25,52,2
37050,1059,26,42,2
37051,1059,27,96,6
37052,1059,28,56,2
37053,1059,29,56,2
37054,1059,30,72,0
37055,1059,31,147,3
37056,1059,32,66,4
37057,1059,33,26,0
37058,1059,34,36,2
37059,1059,35,83,5
37060,1060,1,110,0
37061,1060,2,81,3
37062,1060,3,119,4
37063,1060,4,49,0
37064,1060,5,75,0
37065,1060,6,31,1
37066,1060,7,40,1
37067,1060,8,56,2
37068,1060,9,76,0
37069,1060,10,79,1
37070,1060,11,107,5
37071,1060,12,60,1
37072,1060,13,142,2
37073,1060,14,88,2
37074,1060,15,88,2
37075,1060,16,85,1
37076,1060,17,52,0
37077,1060,18,79,2
37078,1060,19,135,5
37079,1060,20,90,1
37080,1060,21,63,3
37081,1060,22,106,5
37082,1060,23,70,3
37083,1060,24,103,6
37084,1060,25,85,1
37085,1060,26,183,2
37086,1060,27,35,2
37087,1060,28,62,0
37088,1060,29,77,4
37089,1060,30,50,3
37090,1060,31,115,5
37091,1060,32,72,3
37092,1060,33,164,0
37093,1060,34,55,0
37094,1060,35,107,4
37095,1061,1,28,1
37096,1061,2,41,1
37097,1061,3,51,3
37098,1061,4,36,1
37099,1061,5,49,1
37100,1061,6,58,1
37101,1061,7,36,2
37102,1061,8,36,1
37103,1061,9,47,1
37104,1061,10,65,2
37105,1061,11,47,0
37106,1061,12,80,4
37107,1061,13,47,0
37108,1061,14,105,4
37109,1061,15,76,2
37110,1061,16,84,5
37111,1061,17,37,0
37112,1061,18,84,2
37113,1061,19,35,0
37114,1061,20,33,2
37115,1061,21,50,3
37116,1061,22,54,2
37117,1061,23,53,1
37118,1061,24,39,2
37119,1061,25,24,0
37120,1061,26,57,1
37121,1061,27,78,2
37122,1061,28,51,1
37123,1061,29,70,1
37124,1061,30,22,0
37125,1061,31,35,0
37126,1061,32,48,3
37127,1061,33,116,2
37128,1061,34,54,3
37129,1061,35,37,1
37130,1062,1,16,0
37131,1062,2,22,0
37132,1062,3,65,1
37133,1062,4,79,2
37134,1062,5,43,2
37135,1062,6,22,1
37136,1062,7,42,1
37137,1062,8,24,1
37138,1062,9,45,2
37139,1062,10,49,1
37140,1062,11,26,1
37141,1062,12,46,2
37142,1062,13,18,1
37143,1062,14,49,2
37144,1062,15,62,2
37145,1062,16,46,1
37146,1062,17,83,0
37147,1062,18,80,0
37148,1062,19,63,3
37149,1062,20,14,1
37150,1062,21,35,2
37151,1062,22,38,1
37152,1062,23,34,0
37153,1062,24,43,0
37154,1062,25,47,1
37155,1062,26,23,1
37156,1062,27,32,1
37157,1062,28,28,0
37158,1062,29,37,2
37159,1062,30,17,1
37160,1062,31,26,1
37161,1062,32,33,2
37162,1062,33,47,1
37163,1062,34,19,1
37164,1062,35,56,1
37165,1063,1,43,1
37166,1063,2,38,1
37167,1063,3,20,0
37168,1063,4,23,1
37169,1063,5,21,1
37170,1063,6,50,2
37171,1063,7,45,0
37172,1063,8,37,2
37173,1063,9,23,1
37174,1063,10,16,1
37175,1063,11,20,0
37176,1063,12,29,0
37177,1063,13,29,2
37178,1063,14,31,1
37179,1063,15,43,1
37180,1063,16,9,0
37181,1063,17,61,3
37182,1063,18,7,0
37183,1063,19,57,2
37184,1063,20,63,2
37185,1063,21,21,0
37186,1063,22,37,0
37187,1063,23,97,2
37188,1063,24,31,0
37189,1063,25,40,2
37190,1063,26,34,2
37191,1063,27,20,1
37192,1063,28,39,2
37193,1063,29,32,0
37194,1063,30,20,0
37195,1063,31,45,2
37196,1063,32,19,1
37197,1063,33,27,0
37198,1063,34,44,1
37199,1063,35,34,1
37200,1064,1,17,1
37201,1064,2,35,1
37202,1064,3,42,2
37203,1064,4,38,2
37204,1064,5,59,0
37205,1064,6,43,2
37206,1064,7,27,1
37207,1064,8,49,1
37208,1064,9,35,0
37209,1064,10,57,3
37210,1064,11,35,1
37211,1064,12,56,2
37212,1064,13,49,1
37213,1064,14,34,0
37214,1064,15,20,1
37215,1064,16,91,2
37216,1064,17,24,0
37217,1064,18,35,1
37218,1064,19,55,1
37219,1064,20,24,1
37220,1064,21,73,3
37221,1064,22,23,0
37222,1064,23,52,2
37223,1064,24,19,1
37224,1064,25,67,2
37225,1064,26,38,2
37226,1064,27,70,2
37227,1064,28,35,0
37228,1064,29,51,1
37229,1064,30,59,3
37230,1064,31,27,1
37231,1064,32,76,3
37232,1064,33,43,1
37233,1064,34,40,0
37234,1064,35,65,3
37235,1065,1,64,0
37236,1065,2,54,1
37237,1065,3,29,1
37238,1065,4,83,5
37239,1065,5,65,0
37240,1065,6,68,2
37241,1065,7,60,1
37242,1065,8,33,1
37243,1065,9,25,0
37244,1065,10,24,1
37245,1065,11,39,1
37246,1065,12,57,3
37247,1065,13,35,1
37248,1065,14,116,0
37249,1065,15,40,2
37250,1065,16,53,2
37251,1065,17,19,0
37252,1065,18,28,1
37253,1065,19,29,0
37254,1065,20,66,1
37255,1065,21,80,4
37256,1065,22,25,1
37257,1065,23,70,4
37258,1065,24,62,1
37259,1065,25,37,0
37260,1065,26,117,2
37261,1065,27,32,1
37262,1065,28,68,0
37263,1065,29,22,1
37264,1065,30,79,4
37265,1065,31,66,0
37266,1065,32,72,1
37267,1065,33,39,1
37268,1065,34,29,2
37269,1065,35,52,1
37270,1066,1,18,0
37271,1066,2,35,1
37272,1066,3,18,0
37273,1066,4,26,0
37274,1066,5,74,4
37275,1066,6,15,1
37276,1066,7,42,0
37277,1066,8,39,2
37278,1066,9,93,4
37279,1066,10,28,0
37280,1066,11,51,2
37281,1066,12,33,1
37282,1066,13,81,5
37283,1066,14,23,1
37284,1066,15,32,1
37285,1066,16,35,1
37286,1066,17,54,1
37287,1066,18,23,0
37288,1066,19,32,2
37289,1066,20,26,1
37290,1066,21,28,1
37291,1066,22,53,1
37292,1066,23,70,3
37293,1066,24,28,1
37294,1066,25,58,3
37295,1066,26,52,3
37296,1066,27,34,1
37297,1066,28,31,1
37298,1066,29,42,1
37299,1066,30,27,0
37300,1066,31,22,1
37301,1066,32,37,1
37302,1066,33,55,1
37303,1066,34,52,1
37304,1066,35,15,1
37305,1067,1,18,1
37306,1067,2,39,2
37307,1067,3,29,1
37308,1067,4,18,1
37309,1067,5,14,1
37310,1067,6,20,1
37311,1067,7,40,0
37312,1067,8,23,0
37313,1067,9,36,1
37314,1067,10,15,0
37315,1067,11,76,2
37316,1067,12,33,0
37317,1067,13,62,0
37318,1067,14,27,1
37319,1067,15,12,0
37320,1067,16,11,0
37321,1067,17,16,1
37322,1067,18,65,2
37323,1067,19,72,1
37324,1067,20,45,1
37325,1067,21,31,1
37326,1067,22,20,0
37327,1067,23,50,3
37328,1067,24,33,0
37329,1067,25,22,1
37330,1067,26,45,2
37331,1067,27,73,3
37332,1067,28,21,1
37333,1067,29,29,1
37334,1067,30,11,0
37335,1067,31,46,2
37336,1067,32,39,2
37337,1067,33,32,1
37338,1067,34,51,0
37339,1067,35,25,1
37340,1068,1,55,0
37341,1068,2,70,2
37342,1068,3,65,3
37343,1068,4,68,0
37344,1068,5,46,2
37345,1068,6,39,1
37346,1068,7,30,0
37347,1068,8,30,2
37348,1068,9,23,1
37349,1068,10,47,1
37350,1068,11,36,1
37351,1068,12,61,2
37352,1068,13,63,0
37353,1068,14,18,0
37354,1068,15,113,5
37355,1068,16,113,5
37356,1068,17,55,0
37357,1068,18,42,1
37358,1068,19,31,1
37359,1068,20,56,3
37360,1068,21,47,1
37361,1068,22,75,4
37362,1068,23,63,2
37363,1068,24,66,4
37364,1068,25,46,2
37365,1068,26,38,1
37366,1068,27,54,0
37367,1068,28,41,0
37368,1068,29,67,2
37369,1068,30,52,1
37370,1068,31,46,1
37371,1068,32,51,3
37372,1068,33,12,1
37373,1068,34,60,3
37374,1068,35,56,3
37375,1069,1,69,3
37376,1069,2,104,5
37377,1069,3,73,1
37378,1069,4,49,2
37379,1069,5,63,3
37380,1069,6,36,0
37381,1069,7,51,1
37382,1069,8,82,5
37383,1069,9,117,2
37384,1069,10,34,1
37385,1069,11,34,1
37386,1069,12,70,3
37387,1069,13,22,1
37388,1069,14,49,0
37389,1069,15,83,5
37390,1069,16,56,2
37391,1069,17,71,4
37392,1069,18,56,2
37393,1069,19,53,0
37394,1069,20,49,2
37395,1069,21,55,1
37396,1069,22,68,3
37397,1069,23,62,0
37398,1069,24,40,2
37399,1069,25,66,2
37400,1069,26,33,2
37401,1069,27,36,2
37402,1069,28,39,2
37403,1069,29,57,2
37404,1069,30,71,3
37405,1069,31,40,2
37406,1069,32,33,1
37407,1069,33,86,1
37408,1069,34,59,2
37409,1069,35,17,1
37410,1070,1,51,1
37411,1070,2,48,2
37412,1070,3,23,0
37413,1070,4,49,2
37414,1070,5,59,1
37415,1070,6,34,2
37416,1070,7,69,4
37417,1070,8,18,1
37418,1070,9,99,5
37419,1070,10,65,1
37420,1070,11,86,4
37421,1070,12,95,2
37422,1070,13,39,1
37423,1070,14,30,1
37424,1070,15,47,2
37425,1070,16,91,2
37426,1070,17,65,2
37427,1070,18,31,0
37428,1070,19,53,1
37429,1070,20,106,1
37430,1070,21,78,4
37431,1070,22,54,1
37432,1070,23,27,1
37433,1070,24,39,1
37434,1070,25,46,2
37435,1070,26,120,7
37436,1070,27,48,1
37437,1070,28,14,1
37438,1070,29,135,8
37439,1070,30,69,3
37440,1070,31,82,2
37441,1070,32,44,1
37442,1070,33,57,1
37443,1070,34,49,2
37444,1070,35,29,1
37445,1071,1,49,3
37446,1071,2,15,1
37447,1071,3,16,1
37448,1071,4,52,2
37449,1071,5,47,2
37450,1071,6,14,0
37451,1071,7,22,0
37452,1071,8,26,1
37453,1071,9,69,3
37454,1071,10,56,2
37455,1071,11,34,1
37456,1071,12,24,0
37457,1071,13,19,0
37458,1071,14,34,2
37459,1071,15,41,2
37460,1071,16,33,1
37461,1071,17,37,1
37462,1071,18,58,3
37463,1071,19,63,3
37464,1071,20,21,0
37465,1071,21,20,1
37466,1071,22,23,0
37467,1071,23,50,3
37468,1071,24,33,1
37469,1071,25,43,1
37470,1071,26,43,2
37471,1071,27,43,0
37472,1071,28,32,1
37473,1071,29,51,1
37474,1071,30,23,1
37475,1071,31,21,1
37476,1071,32,30,1
37477,1071,33,74,1
37478,1071,34,31,1
37479,1071,35,36,2
37480,1072,1,55,1
37481,1072,2,33,1
37482,1072,3,28,2
37483,1072,4,37,1
37484,1072,5,34,1
37485,1072,6,62,3
37486,1072,7,29,0
37487,1072,8,47,0
37488,1072,9,41,2
37489,1072,10,55,2
37490,1072,11,53,3
37491,1072,12,52,2
37492,1072,13,59,0
37493,1072,14,37,2
37494,1072,15,120,4
37495,1072,16,66,2
37496,1072,17,57,1
37497,1072,18,43,2
37498,1072,19,56,1
37499,1072,20,64,1
37500,1072,21,47,3
37501,1072,22,60,2
37502,1072,23,44,1
37503,1072,24,48,2
37504,1072,25,71,3
37505,1072,26,51,1
37506,1072,27,22,1
37507,1072,28,52,0
37508,1072,29,83,5
37509,1072,30,93,4
37510,1072,31,57,3
37511,1072,32,58,1
37512,1072,33,33,1
37513,1072,34,67,3
37514,1072,35,32,1
37515,1073,1,55,0
37516,1073,2,21,1
37517,1073,3,115,2
37518,1073,4,91,3
37519,1073,5,98,0
37520,1073,6,57,2
37521,1073,7,36,1
37522,1073,8,63,2
37523,1073,9,64,4
37524,1073,10,41,2
37525,1073,11,38,0
37526,1073,12,99,3
37527,1073,13,53,2
37528,1073,14,51,2
37529,1073,15,96,4
37530,1073,16,63,1
37531,1073,17,75,0
37532,1073,18,108,4
37533,1073,19,66,0
37534,1073,20,67,3
37535,1073,21,82,3
37536,1073,22,70,1
37537,1073,23,64,0
37538,1073,24,98,1
37539,1073,25,90,2
37540,1073,26,82,1
37541,1073,27,140,2
37542,1073,28,62,2
37543,1073,29,87,4
37544,1073,30,58,3
37545,1073,31,105,5
37546,1073,32,85,3
37547,1073,33,49,1
37548,1073,34,85,4
37549,1073,35,65,1
37550,1074,1,56,3
37551,1074,2,41,1
37552,1074,3,63,1
37553,1074,4,64,2
37554,1074,5,123,3
37555,1074,6,66,3
37556,1074,7,56,3
37557,1074,8,41,2
37558,1074,9,100,2
37559,1074,10,42,1
37560,1074,11,113,4
37561,1074,12,78,0
37562,1074,13,27,1
37563,1074,14,53,1
37564,1074,15,107,1
37565,1074,16,70,4
37566,1074,17,48,0
37567,1074,18,86,0
37568,1074,19,33,1
37569,1074,20,70,3
37570,1074,21,78,3
37571,1074,22,31,1
37572,1074,23,32,1
37573,1074,24,127,6
37574,1074,25,80,4
37575,1074,26,20,1
37576,1074,27,88,4
37577,1074,28,30,1
37578,1074,29,61,1
37579,1074,30,108,3
37580,1074,31,77,2
37581,1074,32,76,2
37582,1074,33,41,2
37583,1074,34,41,1
37584,1074,35,108,2
37585,1075,1,41,1
37586,1075,2,34,1
37587,1075,3,15,1
37588,1075,4,63,2
37589,1075,5,25,1
37590,1075,6,22,1
37591,1075,7,34,1
37592,1075,8,33,2
37593,1075,9,41,1
37594,1075,10,27,2
37595,1075,11,89,3
37596,1075,12,30,2
37597,1075,13,21,0
37598,1075,14,21,1
37599,1075,15,27,1
37600,1075,16,69,1
37601,1075,17,37,2
37602,1075,18,30,0
37603,1075,19,34,1
37604,1075,20,44,2
37605,1075,21,38,2
37606,1075,22,37,0
37607,1075,23,35,1
37608,1075,24,45,2
37609,1075,25,67,1
37610,1075,26,37,2
37611,1075,27,14,0
37612,1075,28,54,1
37613,1075,29,15,0
37614,1075,30,20,1
37615,1075,31,52,2
37616,1075,32,22,1
37617,1075,33,17,1
37618,1075,34,55,1
37619,1075,35,39,1
37620,1076,1,53,0
37621,1076,2,62,2
37622,1076,3,119,3
37623,1076,4,60,1
37624,1076,5,110,6
37625,1076,6,99,3
37626,1076,7,119,6
37627,1076,8,43,0
37628,1076,9,49,1
37629,1076,10,84,4
37630,1076,11,34,1
37631,1076,12,69,4
37632,1076,13,70,0
37633,1076,14,41,2
37634,1076,15,33,1
37635,1076,16,61,0
37636,1076,17,26,0
37637,1076,18,51,3
37638,1076,19,48,2
37639,1076,20,97,6
37640,1076,21,50,2
37641,1076,22,58,3
37642,1076,23,87,4
37643,1076,24,64,2
37644,1076,25,108,5
37645,1076,26,83,1
37646,1076,27,47,0
37647,1076,28,68,0
37648,1076,29,55,1
37649,1076,30,82,2
37650,1076,31,43,1
37651,1076,32,47,1
37652,1076,33,109,6
37653,1076,34,58,0
37654,1076,35,73,1
37655,1077,1,42,2
37656,1077,2,125,5
37657,1077,3,48,1
37658,1077,4,114,1
37659,1077,5,74,0
37660,1077,6,185,8
37661,1077,7,87,1
37662,1077,8,76,5
37663,1077,9,51,3
37664,1077,10,52,2
37665,1077,11,99,1
37666,1077,12,76,4
37667,1077,13,105,5
37668,1077,14,70,0
37669,1077,15,86,5
37670,1077,16,172,8
37671,1077,17,83,0
37672,1077,18,116,7
37673,1077,19,97,4
37674,1077,20,123,7
37675,1077,21,78,2
37676,1077,22,46,1
37677,1077,23,65,0
37678,1077,24,30,0
37679,1077,25,72,0
37680,1077,26,101,3
37681,1077,27,107,0
37682,1077,28,96,5
37683,1077,29,143,5
37684,1077,30,45,2
37685,1077,31,38,2
37686,1077,32,95,3
37687,1077,33,53,1
37688,1077,34,45,1
37689,1077,35,103,3
37690,1078,1,32,1
37691,1078,2,74,1
37692,1078,3,79,5
37693,1078,4,63,2
37694,1078,5,71,3
37695,1078,6,46,2
37696,1078,7,135,4
37697,1078,8,35,1
37698,1078,9,59,2
37699,1078,10,85,2
37700,1078,11,78,1
37701,1078,12,30,0
37702,1078,13,28,1
37703,1078,14,84,4
37704,1078,15,125,3
37705,1078,16,43,0
37706,1078,17,30,0
37707,1078,18,64,0
37708,1078,19,113,3
37709,1078,20,53,1
37710,1078,21,58,3
37711,1078,22,98,3
37712,1078,23,43,1
37713,1078,24,64,0
37714,1078,25,94,4
37715,1078,26,63,1
37716,1078,27,68,2
37717,1078,28,38,2
37718,1078,29,37,1
37719,1078,30,48,2
37720,1078,31,25,1
37721,1078,32,47,2
37722,1078,33,28,1
37723,1078,34,32,1
37724,1078,35,109,5
37725,1079,1,53,3
37726,1079,2,43,2
37727,1079,3,118,2
37728,1079,4,60,2
37729,1079,5,34,2
37730,1079,6,94,1
37731,1079,7,43,1
37732,1079,8,31,1
37733,1079,9,48,3
37734,1079,10,58,1
37735,1079,11,29,1
37736,1079,12,22,1
37737,1079,13,22,1
37738,1079,14,35,2
37739,1079,15,48,1
37740,1079,16,24,1
37741,1079,17,61,3
37742,1079,18,78,4
37743,1079,19,47,2
37744,1079,20,27,1
37745,1079,21,36,2
37746,1079,22,44,0
37747,1079,23,43,1
37748,1079,24,43,2
37749,1079,25,72,2
37750,1079,26,74,2
37751,1079,27,16,1
37752,1079,28,39,2
37753,1079,29,63,3
37754,1079,30,55,1
37755,1079,31,100,4
37756,1079,32,48,1
37757,1079,33,88,0
37758,1079,34,16,1
37759,1079,35,52,2
37760,1080,1,75,0
37761,1080,2,90,4
37762,1080,3,54,1
37763,1080,4,60,1
37764,1080,5,28,1
37765,1080,6,84,2
37766,1080,7,45,3
37767,1080,8,72,2
37768,1080,9,69,4
37769,1080,10,146,7
37770,1080,11,86,2
37771,1080,12,100,1
37772,1080,13,43,0
37773,1080,14,91,4
37774,1080,15,79,2
37775,1080,16,45,0
37776,1080,17,82,2
37777,1080,18,80,3
37778,1080,19,44,2
37779,1080,20,63,2
37780,1080,21,105,2
37781,1080,22,85,4
37782,1080,23,56,3
37783,1080,24,102,4
37784,1080,25,49,1
37785,1080,26,117,4
37786,1080,27,62,0
37787,1080,28,62,2
37788,1080,29,73,4
37789,1080,30,112,4
37790,1080,31,41,2
37791,1080,32,137,4
37792,1080,33,80,0
37793,1080,34,78,3
37794,1080,35,122,3
37795,1081,1,142,0
37796,1081,2,94,2
37797,1081,3,82,4
37798,1081,4,99,5
37799,1081,5,84,0
37800,1081,6,100,4
37801,1081,7,133,2
37802,1081,8,181,8
37803,1081,9,114,5
37804,1081,10,38,2
37805,1081,11,72,2
37806,1081,12,173,9
37807,1081,13,137,2
37808,1081,14,152,0
37809,1081,15,210,9
37810,1081,16,101,3
37811,1081,17,235,0
37812,1081,18,195,7
37813,1081,19,113,1
37814,1081,20,106,5
37815,1081,21,76,2
37816,1081,22,99,2
37817,1081,23,85,2
37818,1081,24,187,9
37819,1081,25,123,5
37820,1081,26,82,3
37821,1081,27,123,0
37822,1081,28,85,2
37823,1081,29,131,7
37824,1081,30,101,2
37825,1081,31,126,5
37826,1081,32,111,6
37827,1081,33,130,8
37828,1081,34,76,4
37829,1081,35,132,3
37830,1082,1,137,3
37831,1082,2,43,0
37832,1082,3,57,0
37833,1082,4,57,3
37834,1082,5,67,3
37835,1082,6,110,5
37836,1082,7,87,4
37837,1082,8,56,3
37838,1082,9,150,5
37839,1082,10,132,8
37840,1082,11,157,6
37841,1082,12,75,1
37842,1082,13,36,1
37843,1082,14,127,5
37844,1082,15,127,0
37845,1082,16,65,2
37846,1082,17,33,0
37847,1082,18,50,0
37848,1082,19,134,5
37849,1082,20,98,4
37850,1082,21,109,5
37851,1082,22,106,6
37852,1082,23,71,1
37853,1082,24,66,4
37854,1082,25,92,2
37855,1082,26,80,1
37856,1082,27,81,1
37857,1082,28,37,1
37858,1082,29,129,4
37859,1082,30,176,0
37860,1082,31,67,1
37861,1082,32,53,2
37862,1082,33,102,2
37863,1082,34,118,6
37864,1082,35,65,2
37865,1083,1,79,1
37866,1083,2,55,1
37867,1083,3,84,0
37868,1083,4,91,5
37869,1083,5,37,1
37870,1083,6,40,1
37871,1083,7,57,3
37872,1083,8,78,1
37873,1083,9,75,4
37874,1083,10,124,4
37875,1083,11,81,1
37876,1083,12,54,1
37877,1083,13,62,2
37878,1083,14,76,3
37879,1083,15,81,4
37880,1083,16,98,5
37881,1083,17,119,2
37882,1083,18,113,4
37883,1083,19,49,1
37884,1083,20,51,2
37885,1083,21,61,1
37886,1083,22,34,2
37887,1083,23,31,1
37888,1083,24,28,0
37889,1083,25,110,1
37890,1083,26,49,1
37891,1083,27,111,6
37892,1083,28,128,1
37893,1083,29,38,2
37894,1083,30,80,2
37895,1083,31,50,3
37896,1083,32,34,1
37897,1083,33,47,0
37898,1083,34,78,4
37899,1083,35,79,0
37900,1084,1,87,5
37901,1084,2,119,2
37902,1084,3,80,2
37903,1084,4,143,0
37904,1084,5,128,3
37905,1084,6,60,1
37906,1084,7,146,3
37907,1084,8,80,1
37908,1084,9,70,2
37909,1084,10,112,7
37910,1084,11,159,0
37911,1084,12,147,4
37912,1084,13,92,0
37913,1084,14,95,4
37914,1084,15,72,1
37915,1084,16,101,0
37916,1084,17,50,3
37917,1084,18,118,6
37918,1084,19,115,4
37919,1084,20,123,5
37920,1084,21,53,1
37921,1084,22,178,4
37922,1084,23,54,3
37923,1084,24,57,1
37924,1084,25,59,2
37925,1084,26,121,6
37926,1084,27,132,0
37927,1084,28,62,2
37928,1084,29,86,4
37929,1084,30,185,4
37930,1084,31,114,5
37931,1084,32,144,7
37932,1084,33,30,1
37933,1084,34,100,3
37934,1084,35,68,4
37935,1085,1,123,0
37936,1085,2,58,2
37937,1085,3,97,3
37938,1085,4,196,0
37939,1085,5,89,0
37940,1085,6,106,4
37941,1085,7,63,2
37942,1085,8,168,5
37943,1085,9,14,1
37944,1085,10,154,9
37945,1085,11,1,0
37946,1085,12,123,0
37947,1085,13,95,2
37948,1085,14,88,0
37949,1085,15,235,10
37950,1085,16,61,2
37951,1085,17,33,1
37952,1085,18,118,6
37953,1085,19,95,0
37954,1085,20,104,5
37955,1085,21,119,6
37956,1085,22,94,4
37957,1085,23,40,2
37958,1085,24,183,4
37959,1085,25,75,1
37960,1085,26,75,2
37961,1085,27,66,0
37962,1085,28,148,0
37963,1085,29,43,2
37964,1085,30,31,2
37965,1085,31,112,0
37966,1085,32,179,5
37967,1085,33,59,3
37968,1085,34,103,5
37969,1085,35,239,9
37970,1086,1,145,8
37971,1086,2,120,2
37972,1086,3,42,0
37973,1086,4,73,2
37974,1086,5,89,5
37975,1086,6,79,4
37976,1086,7,87,2
37977,1086,8,151,4
37978,1086,9,75,1
37979,1086,10,94,4
37980,1086,11,198,11
37981,1086,12,88,2
37982,1086,13,69,2
37983,1086,14,97,3
37984,1086,15,67,0
37985,1086,16,142,2
37986,1086,17,79,1
37987,1086,18,64,0
37988,1086,19,45,1
37989,1086,20,153,0
37990,1086,21,108,4
37991,1086,22,41,1
37992,1086,23,40,2
37993,1086,24,90,1
37994,1086,25,76,0
37995,1086,26,65,2
37996,1086,27,32,2
37997,1086,28,81,2
37998,1086,29,73,3
37999,1086,30,103,0
38000,1086,31,162,8
38001,1086,32,123,3
38002,1086,33,51,1
38003,1086,34,59,2
38004,1086,35,54,2
38005,1087,1,115,6
38006,1087,2,35,2
38007,1087,3,56,0
38008,1087,4,92,3
38009,1087,5,20,1
38010,1087,6,59,1
38011,1087,7,68,4
38012,1087,8,24,0
38013,1087,9,50,1
38014,1087,10,68,2
38015,1087,11,60,3
38016,1087,12,120,5
38017,1087,13,84,2
38018,1087,14,115,5
38019,1087,15,32,2
38020,1087,16,34,1
38021,1087,17,50,1
38022,1087,18,179,0
38023,1087,19,38,1
38024,1087,20,146,3
38025,1087,21,61,2
38026,1087,22,31,2
38027,1087,23,94,5
38028,1087,24,50,2
38029,1087,25,43,2
38030,1087,26,58,2
38031,1087,27,38,1
38032,1087,28,134,5
38033,1087,29,33,1
38034,1087,30,87,4
38035,1087,31,75,4
38036,1087,32,67,3
38037,1087,33,20,1
38038,1087,34,25,1
38039,1087,35,26,0
38040,1088,1,132,4
38041,1088,2,62,1
38042,1088,3,125,2
38043,1088,4,76,4
38044,1088,5,176,9
38045,1088,6,103,6
38046,1088,7,20,1
38047,1088,8,66,3
38048,1088,9,2,0
38049,1088,10,37,1
38050,1088,11,97,2
38051,1088,12,88,2
38052,1088,13,117,0
38053,1088,14,99,4
38054,1088,15,64,2
38055,1088,16,78,0
38056,1088,17,157,0
38057,1088,18,106,3
38058,1088,19,78,1
38059,1088,20,164,8
38060,1088,21,157,3
38061,1088,22,117,3
38062,1088,23,85,4
38063,1088,24,58,2
38064,1088,25,114,4
38065,1088,26,90,5
38066,1088,27,64,0
38067,1088,28,104,3
38068,1088,29,68,2
38069,1088,30,61,3
38070,1088,31,108,3
38071,1088,32,129,6
38072,1088,33,140,8
38073,1088,34,98,6
38074,1088,35,83,4
38075,1089,1,41,0
38076,1089,2,69,2
38077,1089,3,37,1
38078,1089,4,61,0
38079,1089,5,38,0
38080,1089,6,126,6
38081,1089,7,25,1
38082,1089,8,19,0
38083,1089,9,29,1
38084,1089,10,58,3
38085,1089,11,103,4
38086,1089,12,54,1
38087,1089,13,89,2
38088,1089,14,39,2
38089,1089,15,37,0
38090,1089,16,25,1
38091,1089,17,101,3
38092,1089,18,66,2
38093,1089,19,57,1
38094,1089,20,82,5
38095,1089,21,45,1
38096,1089,22,107,3
38097,1089,23,56,2
38098,1089,24,38,0
38099,1089,25,60,1
38100,1089,26,74,3
38101,1089,27,35,1
38102,1089,28,36,0
38103,1089,29,36,2
38104,1089,30,45,2
38105,1089,31,41,1
38106,1089,32,25,1
38107,1089,33,47,1
38108,1089,34,33,0
38109,1089,35,69,3
38110,1090,1,36,2
38111,1090,2,44,0
38112,1090,3,31,0
38113,1090,4,34,1
38114,1090,5,27,1
38115,1090,6,72,4
38116,1090,7,34,2
38117,1090,8,25,1
38118,1090,9,54,2
38119,1090,10,30,1
38120,1090,11,21,1
38121,1090,12,60,2
38122,1090,13,27,1
38123,1090,14,31,0
38124,1090,15,59,1
38125,1090,16,25,1
38126,1090,17,23,1
38127,1090,18,58,3
38128,1090,19,30,2
38129,1090,20,54,2
38130,1090,21,27,0
38131,1090,22,20,1
38132,1090,23,46,1
38133,1090,24,20,1
38134,1090,25,25,0
38135,1090,26,28,2
38136,1090,27,69,1
38137,1090,28,22,1
38138,1090,29,52,2
38139,1090,30,24,0
38140,1090,31,48,1
38141,1090,32,89,3
38142,1090,33,52,1
38143,1090,34,41,2
38144,1090,35,23,0
38145,1091,1,48,2
38146,1091,2,49,3
38147,1091,3,18,1
38148,1091,4,14,1
38149,1091,5,28,1
38150,1091,6,44,1
38151,1091,7,35,1
38152,1091,8,63,2
38153,1091,9,44,2
38154,1091,10,39,2
38155,1091,11,32,1
38156,1091,12,46,1
38157,1091,13,43,1
38158,1091,14,43,1
38159,1091,15,31,0
38160,1091,16,9,0
38161,1091,17,40,1
38162,1091,18,19,0
38163,1091,19,29,1
38164,1091,20,63,2
38165,1091,21,25,1
38166,1091,22,47,1
38167,1091,23,42,1
38168,1091,24,9,0
38169,1091,25,33,1
38170,1091,26,16,1
38171,1091,27,55,1
38172,1091,28,79,1
38173,1091,29,21,1
38174,1091,30,42,2
38175,1091,31,10,0
38176,1091,32,22,1
38177,1091,33,28,1
38178,1091,34,43,2
38179,1091,35,38,0
38180,1092,1,39,1
38181,1092,2,46,2
38182,1092,3,24,0
38183,1092,4,66,0
38184,1092,5,25,1
38185,1092,6,67,3
38186,1092,7,54,2
38187,1092,8,52,1
38188,1092,9,110,6
38189,1092,10,53,2
38190,1092,11,28,1
38191,1092,12,105,5
38192,1092,13,22,1
38193,1092,14,35,1
38194,1092,15,56,1
38195,1092,16,36,2
38196,1092,17,59,0
38197,1092,18,63,2
38198,1092,19,73,4
38199,1092,20,26,1
38200,1092,21,22,1
38201,1092,22,82,5
38202,1092,23,43,2
38203,1092,24,130,5
38204,1092,25,26,2
38205,1092,26,80,3
38206,1092,27,20,0
38207,1092,28,36,1
38208,1092,29,22,1
38209,1092,30,63,2
38210,1092,31,39,1
38211,1092,32,66,1
38212,1092,33,28,1
38213,1092,34,36,2
38214,1092,35,54,2
38215,1093,1,56,0
38216,1093,2,38,2
38217,1093,3,67,3
38218,1093,4,25,0
38219,1093,5,30,0
38220,1093,6,21,0
38221,1093,7,66,2
38222,1093,8,41,1
38223,1093,9,46,1
38224,1093,10,36,1
38225,1093,11,43,1
38226,1093,12,36,2
38227,1093,13,57,1
38228,1093,14,47,0
38229,1093,15,91,2
38230,1093,16,39,2
38231,1093,17,99,5
38232,1093,18,60,3
38233,1093,19,59,0
38234,1093,20,68,3
38235,1093,21,30,1
38236,1093,22,13,0
38237,1093,23,119,5
38238,1093,24,71,1
38239,1093,25,27,1
38240,1093,26,69,1
38241,1093,27,66,0
38242,1093,28,37,0
38243,1093,29,7,0
38244,1093,30,24,1
38245,1093,31,80,0
38246,1093,32,52,1
38247,1093,33,39,2
38248,1093,34,89,2
38249,1093,35,74,4
38250,1094,1,31,1
38251,1094,2,39,0
38252,1094,3,34,2
38253,1094,4,43,1
38254,1094,5,23,1
38255,1094,6,20,1
38256,1094,7,57,1
38257,1094,8,137,3
38258,1094,9,63,3
38259,1094,10,44,1
38260,1094,11,55,0
38261,1094,12,43,0
38262,1094,13,17,1
38263,1094,14,57,2
38264,1094,15,28,0
38265,1094,16,57,1
38266,1094,17,49,1
38267,1094,18,46,0
38268,1094,19,63,3
38269,1094,20,22,1
38270,1094,21,46,0
38271,1094,22,90,3
38272,1094,23,41,2
38273,1094,24,22,1
38274,1094,25,28,1
38275,1094,26,63,2
38276,1094,27,18,1
38277,1094,28,40,1
38278,1094,29,20,0
38279,1094,30,15,0
38280,1094,31,17,0
38281,1094,32,26,1
38282,1094,33,68,3
38283,1094,34,44,3
38284,1094,35,49,0
38285,1095,1,40,1
38286,1095,2,69,1
38287,1095,3,23,1
38288,1095,4,47,1
38289,1095,5,24,1
38290,1095,6,21,1
38291,1095,7,24,1
38292,1095,8,23,1
38293,1095,9,47,2
38294,1095,10,64,2
38295,1095,11,33,1
38296,1095,12,45,1
38297,1095,13,36,0
38298,1095,14,34,1
38299,1095,15,46,2
38300,1095,16,65,2
38301,1095,17,29,1
38302,1095,18,39,0
38303,1095,19,26,1
38304,1095,20,46,0
38305,1095,21,23,1
38306,1095,22,42,0
38307,1095,23,50,1
38308,1095,24,17,1
38309,1095,25,42,2
38310,1095,26,45,1
38311,1095,27,41,1
38312,1095,28,16,1
38313,1095,29,28,1
38314,1095,30,28,1
38315,1095,31,17,0
38316,1095,32,58,3
38317,1095,33,34,2
38318,1095,34,28,0
38319,1095,35,30,0
38320,1096,1,31,1
38321,1096,2,59,1
38322,1096,3,25,1
38323,1096,4,52,1
38324,1096,5,50,1
38325,1096,6,129,6
38326,1096,7,80,5
38327,1096,8,57,1
38328,1096,9,24,1
38329,1096,10,18,1
38330,1096,11,21,1
38331,1096,12,67,1
38332,1096,13,44,0
38333,1096,14,25,1
38334,1096,15,22,0
38335,1096,16,34,1
38336,1096,17,28,0
38337,1096,18,103,6
38338,1096,19,47,2
38339,1096,20,45,0
38340,1096,21,48,2
38341,1096,22,59,0
38342,1096,23,35,1
38343,1096,24,38,2
38344,1096,25,65,0
38345,1096,26,58,1
38346,1096,27,47,2
38347,1096,28,22,1
38348,1096,29,70,1
38349,1096,30,97,1
38350,1096,31,24,0
38351,1096,32,46,3
38352,1096,33,57,1
38353,1096,34,100,0
38354,1096,35,48,0
38355,1097,1,43,2
38356,1097,2,102,1
38357,1097,3,73,4
38358,1097,4,34,1
38359,1097,5,34,1
38360,1097,6,49,2
38361,1097,7,78,3
38362,1097,8,52,3
38363,1097,9,26,1
38364,1097,10,125,3
38365,1097,11,69,2
38366,1097,12,114,0
38367,1097,13,91,5
38368,1097,14,45,1
38369,1097,15,50,1
38370,1097,16,42,1
38371,1097,17,73,2
38372,1097,18,64,3
38373,1097,19,50,1
38374,1097,20,102,3
38375,1097,21,52,2
38376,1097,22,119,7
38377,1097,23,70,1
38378,1097,24,60,2
38379,1097,25,114,4
38380,1097,26,101,3
38381,1097,27,47,0
38382,1097,28,54,0
38383,1097,29,47,1
38384,1097,30,63,3
38385,1097,31,50,0
38386,1097,32,43,1
38387,1097,33,70,1
38388,1097,34,123,3
38389,1097,35,134,7
38390,1098,1,59,0
38391,1098,2,49,2
38392,1098,3,47,0
38393,1098,4,17,1
38394,1098,5,36,1
38395,1098,6,35,1
38396,1098,7,24,1
38397,1098,8,66,2
38398,1098,9,72,3
38399,1098,10,83,2
38400,1098,11,58,1
38401,1098,12,36,2
38402,1098,13,72,4
38403,1098,14,50,1
38404,1098,15,49,1
38405,1098,16,52,1
38406,1098,17,74,3
38407,1098,18,72,0
38408,1098,19,68,1
38409,1098,20,29,1
38410,1098,21,45,2
38411,1098,22,62,2
38412,1098,23,37,2
38413,1098,24,64,0
38414,1098,25,43,2
38415,1098,26,55,3
38416,1098,27,46,2
38417,1098,28,39,2
38418,1098,29,25,1
38419,1098,30,47,0
38420,1098,31,72,1
38421,1098,32,25,1
38422,1098,33,42,2
38423,1098,34,45,1
38424,1098,35,36,1
38425,1099,1,46,1
38426,1099,2,51,3
38427,1099,3,37,1
38428,1099,4,42,1
38429,1099,5,63,3
38430,1099,6,41,2
38431,1099,7,66,2
38432,1099,8,20,1
38433,1099,9,25,1
38434,1099,10,41,0
38435,1099,11,55,2
38436,1099,12,43,2
38437,1099,13,32,1
38438,1099,14,82,2
38439,1099,15,13,0
38440,1099,16,34,1
38441,1099,17,60,3
38442,1099,18,49,0
38443,1099,19,36,1
38444,1099,20,30,0
38445,1099,21,24,1
38446,1099,22,27,0
38447,1099,23,34,2
38448,1099,24,49,2
38449,1099,25,37,2
38450,1099,26,71,3
38451,1099,27,32,1
38452,1099,28,41,2
38453,1099,29,31,1
38454,1099,30,20,1
38455,1099,31,68,3
38456,1099,32,22,1
38457,1099,33,18,1
38458,1099,34,36,1
38459,1099,35,28,1
38460,1100,1,50,2
38461,1100,2,68,3
38462,1100,3,31,1
38463,1100,4,74,0
38464,1100,5,38,2
38465,1100,6,90,2
38466,1100,7,21,1
38467,1100,8,25,1
38468,1100,9,25,1
38469,1100,10,69,1
38470,1100,11,91,1
38471,1100,12,64,2
38472,1100,13,28,1
38473,1100,14,101,3
38474,1100,15,118,5
38475,1100,16,39,1
38476,1100,17,24,0
38477,1100,18,91,2
38478,1100,19,87,2
38479,1100,20,28,1
38480,1100,21,56,3
38481,1100,22,68,0
38482,1100,23,35,1
38483,1100,24,68,1
38484,1100,25,24,0
38485,1100,26,97,2
38486,1100,27,34,1
38487,1100,28,36,2
38488,1100,29,63,2
38489,1100,30,53,3
38490,1100,31,84,2
38491,1100,32,44,1
38492,1100,33,33,1
38493,1100,34,66,2
38494,1100,35,40,1
38495,1101,1,85,5
38496,1101,2,46,2
38497,1101,3,39,1
38498,1101,4,63,2
38499,1101,5,49,3
38500,1101,6,49,1
38501,1101,7,47,1
38502,1101,8,120,7
38503,1101,9,46,2
38504,1101,10,46,1
38505,1101,11,84,3
38506,1101,12,71,0
38507,1101,13,87,5
38508,1101,14,78,4
38509,1101,15,23,1
38510,1101,16,58,1
38511,1101,17,40,2
38512,1101,18,60,2
38513,1101,19,42,1
38514,1101,20,129,3
38515,1101,21,101,5
38516,1101,22,125,3
38517,1101,23,108,0
38518,1101,24,47,1
38519,1101,25,71,0
38520,1101,26,62,3
38521,1101,27,60,0
38522,1101,28,28,1
38523,1101,29,61,1
38524,1101,30,97,3
38525,1101,31,67,4
38526,1101,32,15,0
38527,1101,33,127,7
38528,1101,34,79,4
38529,1101,35,28,0
38530,1102,1,16,0
38531,1102,2,61,0
38532,1102,3,38,0
38533,1102,4,66,2
38534,1102,5,12,0
38535,1102,6,46,2
38536,1102,7,66,1
38537,1102,8,52,1
38538,1102,9,49,1
38539,1102,10,33,1
38540,1102,11,70,0
38541,1102,12,32,1
38542,1102,13,105,1
38543,1102,14,65,3
38544,1102,15,25,1
38545,1102,16,89,5
38546,1102,17,65,0
38547,1102,18,78,2
38548,1102,19,38,1
38549,1102,20,48,0
38550,1102,21,37,1
38551,1102,22,49,1
38552,1102,23,32,0
38553,1102,24,67,3
38554,1102,25,52,3
38555,1102,26,33,2
38556,1102,27,37,1
38557,1102,28,57,3
38558,1102,29,39,0
38559,1102,30,23,0
38560,1102,31,107,6
38561,1102,32,41,1
38562,1102,33,48,1
38563,1102,34,48,1
38564,1102,35,89,0
38565,1103,1,28,0
38566,1103,2,49,1
38567,1103,3,53,2
38568,1103,4,53,3
38569,1103,5,31,1
38570,1103,6,30,2
38571,1103,7,48,2
38572,1103,8,28,1
38573,1103,9,40,2
38574,1103,10,39,0
38575,1103,11,40,1
38576,1103,12,38,2
38577,1103,13,19,0
38578,1103,14,47,2
38579,1103,15,38,2
38580,1103,16,75,4
38581,1103,17,25,1
38582,1103,18,13,0
38583,1103,19,32,2
38584,1103,20,32,0
38585,1103,21,32,1
38586,1103,22,36,0
38587,1103,23,53,1
38588,1103,24,38,2
38589,1103,25,54,1
38590,1103,26,57,1
38591,1103,27,25,1
38592,1103,28,52,1
38593,1103,29,35,2
38594,1103,30,44,2
38595,1103,31,43,1
38596,1103,32,48,1
38597,1103,33,59,2
38598,1103,34,64,2
38599,1103,35,41,2
38600,1104,1,58,1
38601,1104,2,25,1
38602,1104,3,116,5
38603,1104,4,81,3
38604,1104,5,75,2
38605,1104,6,67,2
38606,1104,7,58,2
38607,1104,8,70,3
38608,1104,9,70,3
38609,1104,10,50,1
38610,1104,11,17,0
38611,1104,12,63,1
38612,1104,13,61,1
38613,1104,14,29,0
38614,1104,15,63,1
38615,1104,16,32,2
38616,1104,17,40,1
38617,1104,18,52,2
38618,1104,19,102,5
38619,1104,20,76,3
38620,1104,21,57,2
38621,1104,22,41,1
38622,1104,23,43,1
38623,1104,24,62,3
38624,1104,25,45,0
38625,1104,26,34,2
38626,1104,27,101,1
38627,1104,28,31,1
38628,1104,29,57,1
38629,1104,30,75,1
38630,1104,31,62,0
38631,1104,32,77,2
38632,1104,33,30,2
38633,1104,34,31,0
38634,1104,35,46,2
38635,1105,1,69,1
38636,1105,2,90,5
38637,1105,3,55,3
38638,1105,4,133,7
38639,1105,5,156,4
38640,1105,6,150,5
38641,1105,7,112,6
38642,1105,8,154,6
38643,1105,9,69,2
38644,1105,10,177,9
38645,1105,11,76,2
38646,1105,12,115,0
38647,1105,13,131,2
38648,1105,14,105,0
38649,1105,15,88,4
38650,1105,16,103,5
38651,1105,17,91,4
38652,1105,18,58,1
38653,1105,19,46,2
38654,1105,20,130,2
38655,1105,21,146,4
38656,1105,22,200,6
38657,1105,23,56,1
38658,1105,24,76,0
38659,1105,25,118,5
38660,1105,26,111,7
38661,1105,27,69,4
38662,1105,28,79,5
38663,1105,29,72,3
38664,1105,30,183,9
38665,1105,31,87,0
38666,1105,32,40,0
38667,1105,33,138,7
38668,1105,34,81,3
38669,1105,35,107,2
38670,1106,1,65,1
38671,1106,2,53,0
38672,1106,3,46,0
38673,1106,4,47,2
38674,1106,5,67,2
38675,1106,6,17,0
38676,1106,7,71,3
38677,1106,8,30,1
38678,1106,9,75,4
38679,1106,10,76,2
38680,1106,11,55,0
38681,1106,12,118,2
38682,1106,13,59,3
38683,1106,14,55,2
38684,1106,15,39,0
38685,1106,16,26,1
38686,1106,17,33,0
38687,1106,18,60,0
38688,1106,19,39,2
38689,1106,20,15,0
38690,1106,21,66,3
38691,1106,22,68,4
38692,1106,23,76,4
38693,1106,24,48,2
38694,1106,25,77,3
38695,1106,26,71,1
38696,1106,27,103,3
38697,1106,28,45,2
38698,1106,29,93,6
38699,1106,30,48,2
38700,1106,31,83,3
38701,1106,32,56,1
38702,1106,33,106,3
38703,1106,34,108,1
38704,1106,35,44,0
38705,1107,1,46,2
38706,1107,2,45,3
38707,1107,3,49,2
38708,1107,4,49,1
38709,1107,5,97,1
38710,1107,6,42,1
38711,1107,7,23,1
38712,1107,8,40,2
38713,1107,9,27,1
38714,1107,10,38,1
38715,1107,11,77,2
38716,1107,12,78,0
38717,1107,13,30,0
38718,1107,14,89,2
38719,1107,15,62,1
38720,1107,16,30,2
38721,1107,17,21,1
38722,1107,18,57,2
38723,1107,19,19,1
38724,1107,20,23,0
38725,1107,21,62,3
38726,1107,22,31,2
38727,1107,23,58,2
38728,1107,24,33,2
38729,1107,25,16,1
38730,1107,26,31,2
38731,1107,27,59,2
38732,1107,28,43,1
38733,1107,29,53,3
38734,1107,30,56,2
38735,1107,31,29,2
38736,1107,32,65,1
38737,1107,33,56,3
38738,1107,34,38,0
38739,1107,35,34,2
38740,1108,1,68,2
38741,1108,2,78,3
38742,1108,3,49,3
38743,1108,4,47,1
38744,1108,5,119,0
38745,1108,6,118,2
38746,1108,7,53,3
38747,1108,8,52,2
38748,1108,9,201,0
38749,1108,10,102,1
38750,1108,11,61,1
38751,1108,12,97,6
38752,1108,13,66,0
38753,1108,14,67,1
38754,1108,15,92,1
38755,1108,16,73,2
38756,1108,17,67,2
38757,1108,18,92,4
38758,1108,19,32,1
38759,1108,20,81,2
38760,1108,21,171,4
38761,1108,22,43,0
38762,1108,23,69,4
38763,1108,24,96,5
38764,1108,25,47,0
38765,1108,26,54,1
38766,1108,27,63,0
38767,1108,28,58,2
38768,1108,29,102,2
38769,1108,30,68,3
38770,1108,31,34,2
38771,1108,32,162,7
38772,1108,33,101,4
38773,1108,34,57,1
38774,1108,35,125,7
38775,1109,1,52,2
38776,1109,2,84,2
38777,1109,3,75,3
38778,1109,4,55,3
38779,1109,5,52,1
38780,1109,6,74,1
38781,1109,7,74,1
38782,1109,8,49,1
38783,1109,9,62,3
38784,1109,10,74,1
38785,1109,11,94,4
38786,1109,12,39,1
38787,1109,13,113,3
38788,1109,14,49,0
38789,1109,15,138,7
38790,1109,16,77,1
38791,1109,17,42,1
38792,1109,18,75,4
38793,1109,19,114,2
38794,1109,20,81,4
38795,1109,21,28,1
38796,1109,22,51,2
38797,1109,23,84,0
38798,1109,24,41,1
38799,1109,25,131,4
38800,1109,26,62,3
38801,1109,27,137,0
38802,1109,28,53,1
38803,1109,29,78,5
38804,1109,30,54,3
38805,1109,31,62,0
38806,1109,32,51,3
38807,1109,33,69,4
38808,1109,34,108,2
38809,1109,35,78,2
38810,1110,1,82,0
38811,1110,2,79,0
38812,1110,3,43,0
38813,1110,4,42,1
38814,1110,5,60,1
38815,1110,6,23,1
38816,1110,7,22,0
38817,1110,8,40,1
38818,1110,9,64,2
38819,1110,10,59,3
38820,1110,11,18,0
38821,1110,12,25,0
38822,1110,13,61,2
38823,1110,14,44,2
38824,1110,15,32,2
38825,1110,16,44,2
38826,1110,17,55,0
38827,1110,18,57,0
38828,1110,19,39,1
38829,1110,20,82,2
38830,1110,21,33,1
38831,1110,22,36,1
38832,1110,23,68,2
38833,1110,24,64,2
38834,1110,25,35,2
38835,1110,26,87,4
38836,1110,27,31,1
38837,1110,28,41,1
38838,1110,29,65,3
38839,1110,30,48,0
38840,1110,31,43,0
38841,1110,32,21,1
38842,1110,33,87,5
38843,1110,34,7,0
38844,1110,35,11,0
38845,1111,1,39,1
38846,1111,2,64,1
38847,1111,3,39,0
38848,1111,4,55,2
38849,1111,5,12,0
38850,1111,6,68,3
38851,1111,7,53,1
38852,1111,8,39,2
38853,1111,9,41,1
38854,1111,10,19,1
38855,1111,11,52,3
38856,1111,12,40,0
38857,1111,13,59,3
38858,1111,14,40,2
38859,1111,15,42,2
38860,1111,16,30,1
38861,1111,17,40,2
38862,1111,18,39,0
38863,1111,19,41,1
38864,1111,20,41,2
38865,1111,21,69,1
38866,1111,22,42,1
38867,1111,23,40,0
38868,1111,24,23,1
38869,1111,25,72,3
38870,1111,26,67,2
38871,1111,27,69,4
38872,1111,28,29,2
38873,1111,29,27,1
38874,1111,30,33,0
38875,1111,31,16,1
38876,1111,32,52,1
38877,1111,33,41,0
38878,1111,34,41,0
38879,1111,35,34,1
38880,1112,1,123,5
38881,1112,2,71,1
38882,1112,3,29,1
38883,1112,4,43,1
38884,1112,5,45,1
38885,1112,6,91,1
38886,1112,7,41,1
38887,1112,8,86,3
38888,1112,9,69,0
38889,1112,10,69,2
38890,1112,11,78,3
38891,1112,12,107,4
38892,1112,13,33,1
38893,1112,14,71,3
38894,1112,15,119,5
38895,1112,16,90,3
38896,1112,17,158,5
38897,1112,18,13,1
38898,1112,19,64,1
38899,1112,20,81,4
38900,1112,21,46,2
38901,1112,22,50,1
38902,1112,23,68,2
38903,1112,24,44,2
38904,1112,25,45,1
38905,1112,26,45,1
38906,1112,27,60,0
38907,1112,28,80,2
38908,1112,29,124,6
38909,1112,30,97,4
38910,1112,31,72,3
38911,1112,32,78,0
38912,1112,33,63,3
38913,1112,34,60,3
38914,1112,35,98,3
38915,1113,1,82,2
38916,1113,2,92,3
38917,1113,3,65,2
38918,1113,4,109,0
38919,1113,5,43,2
38920,1113,6,68,3
38921,1113,7,98,4
38922,1113,8,42,2
38923,1113,9,98,4
38924,1113,10,86,4
38925,1113,11,33,1
38926,1113,12,77,1
38927,1113,13,101,4
38928,1113,14,31,0
38929,1113,15,79,1
38930,1113,16,94,5
38931,1113,17,67,2
38932,1113,18,37,2
38933,1113,19,72,1
38934,1113,20,44,3
38935,1113,21,73,2
38936,1113,22,120,3
38937,1113,23,76,0
38938,1113,24,82,1
38939,1113,25,85,2
38940,1113,26,40,0
38941,1113,27,67,3
38942,1113,28,36,1
38943,1113,29,137,4
38944,1113,30,88,2
38945,1113,31,96,1
38946,1113,32,108,2
38947,1113,33,67,2
38948,1113,34,63,4
38949,1113,35,29,1
38950,1114,1,36,0
38951,1114,2,34,2
38952,1114,3,43,0
38953,1114,4,81,4
38954,1114,5,24,1
38955,1114,6,39,2
38956,1114,7,57,2
38957,1114,8,50,3
38958,1114,9,36,2
38959,1114,10,36,2
38960,1114,11,31,1
38961,1114,12,59,0
38962,1114,13,40,1
38963,1114,14,80,1
38964,1114,15,59,1
38965,1114,16,33,2
38966,1114,17,30,0
38967,1114,18,45,0
38968,1114,19,92,2
38969,1114,20,73,2
38970,1114,21,32,1
38971,1114,22,32,2
38972,1114,23,78,4
38973,1114,24,52,0
38974,1114,25,51,2
38975,1114,26,65,2
38976,1114,27,31,1
38977,1114,28,56,3
38978,1114,29,36,1
38979,1114,30,41,0
38980,1114,31,92,5
38981,1114,32,82,1
38982,1114,33,90,2
38983,1114,34,34,1
38984,1114,35,61,3
38985,1115,1,57,3
38986,1115,2,37,1
38987,1115,3,29,0
38988,1115,4,19,1
38989,1115,5,48,1
38990,1115,6,27,1
38991,1115,7,37,1
38992,1115,8,31,1
38993,1115,9,49,2
38994,1115,10,79,2
38995,1115,11,69,4
38996,1115,12,23,1
38997,1115,13,36,0
38998,1115,14,23,1
38999,1115,15,58,2
39000,1115,16,51,2
39001,1115,17,29,1
39002,1115,18,49,2
39003,1115,19,27,1
39004,1115,20,31,1
39005,1115,21,21,0
39006,1115,22,50,2
39007,1115,23,52,0
39008,1115,24,31,0
39009,1115,25,87,5
39010,1115,26,34,2
39011,1115,27,31,1
39012,1115,28,77,2
39013,1115,29,18,1
39014,1115,30,29,1
39015,1115,31,19,1
39016,1115,32,8,0
39017,1115,33,37,1
39018,1115,34,27,0
39019,1115,35,65,2
39020,1116,1,39,1
39021,1116,2,66,2
39022,1116,3,34,2
39023,1116,4,28,0
39024,1116,5,27,1
39025,1116,6,56,3
39026,1116,7,47,2
39027,1116,8,25,1
39028,1116,9,29,2
39029,1116,10,93,5
39030,1116,11,78,0
39031,1116,12,123,2
39032,1116,13,51,3
39033,1116,14,60,2
39034,1116,15,80,2
39035,1116,16,95,1
39036,1116,17,51,0
39037,1116,18,7,0
39038,1116,19,57,1
39039,1116,20,57,2
39040,1116,21,57,3
39041,1116,22,48,2
39042,1116,23,98,5
39043,1116,24,98,5
39044,1116,25,21,0
39045,1116,26,75,2
39046,1116,27,32,0
39047,1116,28,68,1
39048,1116,29,47,2
39049,1116,30,41,1
39050,1116,31,43,2
39051,1116,32,71,0
39052,1116,33,40,2
39053,1116,34,115,3
39054,1116,35,38,2
39055,1117,1,53,1
39056,1117,2,32,1
39057,1117,3,44,1
39058,1117,4,26,0
39059,1117,5,25,1
39060,1117,6,53,3
39061,1117,7,27,1
39062,1117,8,45,2
39063,1117,9,76,4
39064,1117,10,22,1
39065,1117,11,93,5
39066,1117,12,30,1
39067,1117,13,60,3
39068,1117,14,30,1
39069,1117,15,25,0
39070,1117,16,19,1
39071,1117,17,28,1
39072,1117,18,21,0
39073,1117,19,39,1
39074,1117,20,30,2
39075,1117,21,24,0
39076,1117,22,35,1
39077,1117,23,26,0
39078,1117,24,46,2
39079,1117,25,43,2
39080,1117,26,65,3
39081,1117,27,36,1
39082,1117,28,30,1
39083,1117,29,20,1
39084,1117,30,35,2
39085,1117,31,55,1
39086,1117,32,60,2
39087,1117,33,32,0
39088,1117,34,62,3
39089,1117,35,69,2
39090,1118,1,25,0
39091,1118,2,19,1
39092,1118,3,18,0
39093,1118,4,20,1
39094,1118,5,26,0
39095,1118,6,22,1
39096,1118,7,16,0
39097,1118,8,40,1
39098,1118,9,32,1
39099,1118,10,31,2
39100,1118,11,22,1
39101,1118,12,25,1
39102,1118,13,55,2
39103,1118,14,54,3
39104,1118,15,46,3
39105,1118,16,21,1
39106,1118,17,9,0
39107,1118,18,16,1
39108,1118,19,9,0
39109,1118,20,31,1
39110,1118,21,19,1
39111,1118,22,24,0
39112,1118,23,20,1
39113,1118,24,25,0
39114,1118,25,24,1
39115,1118,26,36,2
39116,1118,27,29,0
39117,1118,28,35,2
39118,1118,29,42,1
39119,1118,30,22,1
39120,1118,31,25,1
39121,1118,32,11,0
39122,1118,33,24,1
39123,1118,34,18,1
39124,1118,35,53,0
39125,1119,1,18,0
39126,1119,2,21,1
39127,1119,3,14,0
39128,1119,4,20,1
39129,1119,5,29,1
39130,1119,6,13,1
39131,1119,7,18,1
39132,1119,8,48,1
39133,1119,9,21,0
39134,1119,10,40,0
39135,1119,11,17,1
39136,1119,12,40,2
39137,1119,13,13,0
39138,1119,14,9,0
39139,1119,15,23,1
39140,1119,16,16,1
39141,1119,17,23,0
39142,1119,18,20,0
39143,1119,19,17,1
39144,1119,20,11,1
39145,1119,21,23,1
39146,1119,22,6,0
39147,1119,23,19,1
39148,1119,24,16,0
39149,1119,25,24,0
39150,1119,26,6,0
39151,1119,27,35,1
39152,1119,28,15,0
39153,1119,29,18,1
39154,1119,30,28,1
39155,1119,31,20,1
39156,1119,32,30,1
39157,1119,33,10,0
39158,1119,34,13,0
39159,1119,35,25,1
39160,1120,1,28,0
39161,1120,2,32,0
39162,1120,3,36,0
39163,1120,4,50,1
39164,1120,5,46,1
39165,1120,6,18,1
39166,1120,7,24,1
39167,1120,8,44,1
39168,1120,9,39,2
39169,1120,10,41,2
39170,1120,11,39,0
39171,1120,12,26,1
39172,1120,13,46,2
39173,1120,14,30,1
39174,1120,15,52,2
39175,1120,16,29,1
39176,1120,17,39,0
39177,1120,18,21,1
39178,1120,19,25,0
39179,1120,20,9,0
39180,1120,21,22,0
39181,1120,22,29,1
39182,1120,23,56,1
39183,1120,24,36,1
39184,1120,25,24,1
39185,1120,26,20,1
39186,1120,27,30,0
39187,1120,28,47,1
39188,1120,29,32,1
39189,1120,30,44,1
39190,1120,31,15,0
39191,1120,32,30,0
39192,1120,33,51,3
39193,1120,34,39,0
39194,1120,35,37,2
39195,1121,1,25,1
39196,1121,2,25,1
39197,1121,3,37,2
39198,1121,4,34,1
39199,1121,5,23,1
39200,1121,6,30,1
39201,1121,7,23,1
39202,1121,8,84,4
39203,1121,9,45,2
39204,1121,10,26,0
39205,1121,11,42,1
39206,1121,12,19,0
39207,1121,13,32,1
39208,1121,14,55,0
39209,1121,15,43,2
39210,1121,16,11,0
39211,1121,17,38,1
39212,1121,18,52,1
39213,1121,19,26,1
39214,1121,20,30,2
39215,1121,21,38,1
39216,1121,22,52,2
39217,1121,23,26,0
39218,1121,24,23,1
39219,1121,25,30,0
39220,1121,26,53,1
39221,1121,27,35,2
39222,1121,28,7,0
39223,1121,29,51,1
39224,1121,30,47,1
39225,1121,31,51,0
39226,1121,32,55,2
39227,1121,33,34,2
39228,1121,34,53,3
39229,1121,35,32,1
39230,1122,1,20,0
39231,1122,2,28,1
39232,1122,3,16,0
39233,1122,4,27,1
39234,1122,5,24,1
39235,1122,6,37,1
39236,1122,7,10,1
39237,1122,8,59,2
39238,1122,9,16,0
39239,1122,10,9,0
39240,1122,11,12,1
39241,1122,12,23,1
39242,1122,13,28,2
39243,1122,14,33,1
39244,1122,15,31,1
39245,1122,16,15,1
39246,1122,17,23,0
39247,1122,18,10,1
39248,1122,19,19,1
39249,1122,20,29,2
39250,1122,21,16,1
39251,1122,22,20,1
39252,1122,23,22,1
39253,1122,24,10,0
39254,1122,25,35,2
39255,1122,26,25,1
39256,1122,27,19,0
39257,1122,28,35,0
39258,1122,29,21,1
39259,1122,30,10,0
39260,1122,31,40,1
39261,1122,32,37,1
39262,1122,33,17,0
39263,1122,34,26,1
39264,1122,35,18,0
39265,1123,1,22,1
39266,1123,2,17,1
39267,1123,3,18,1
39268,1123,4,35,1
39269,1123,5,14,1
39270,1123,6,37,1
39271,1123,7,34,2
39272,1123,8,10,0
39273,1123,9,20,1
39274,1123,10,9,0
39275,1123,11,20,0
39276,1123,12,23,1
39277,1123,13,28,0
39278,1123,14,20,1
39279,1123,15,13,0
39280,1123,16,30,1
39281,1123,17,32,1
39282,1123,18,23,1
39283,1123,19,42,1
39284,1123,20,33,0
39285,1123,21,26,1
39286,1123,22,16,0
39287,1123,23,19,0
39288,1123,24,9,0
39289,1123,25,11,0
39290,1123,26,17,0
39291,1123,27,38,2
39292,1123,28,27,0
39293,1123,29,10,0
39294,1123,30,41,1
39295,1123,31,21,1
39296,1123,32,25,0
39297,1123,33,22,1
39298,1123,34,22,1
39299,1123,35,23,1
39300,1124,1,59,3
39301,1124,2,62,1
39302,1124,3,64,3
39303,1124,4,22,1
39304,1124,5,54,3
39305,1124,6,40,2
39306,1124,7,26,0
39307,1124,8,46,1
39308,1124,9,26,1
39309,1124,10,41,1
39310,1124,11,28,0
39311,1124,12,51,2
39312,1124,13,68,3
39313,1124,14,25,1
39314,1124,15,19,1
39315,1124,16,36,1
39316,1124,17,9,0
39317,1124,18,27,0
39318,1124,19,26,2
39319,1124,20,22,1
39320,1124,21,19,1
39321,1124,22,25,1
39322,1124,23,43,2
39323,1124,24,34,2
39324,1124,25,23,1
39325,1124,26,16,1
39326,1124,27,19,0
39327,1124,28,40,2
39328,1124,29,13,0
39329,1124,30,24,1
39330,1124,31,35,1
39331,1124,32,31,1
39332,1124,33,28,0
39333,1124,34,26,1
39334,1124,35,18,1
39335,1125,1,42,0
39336,1125,2,39,1
39337,1125,3,37,1
39338,1125,4,51,1
39339,1125,5,49,1
39340,1125,6,47,1
39341,1125,7,44,1
39342,1125,8,34,2
39343,1125,9,40,0
39344,1125,10,59,2
39345,1125,11,70,4
39346,1125,12,52,2
39347,1125,13,38,1
39348,1125,14,27,0
39349,1125,15,63,2
39350,1125,16,79,1
39351,1125,17,67,2
39352,1125,18,50,2
39353,1125,19,96,2
39354,1125,20,69,1
39355,1125,21,55,2
39356,1125,22,103,4
39357,1125,23,29,2
39358,1125,24,28,1
39359,1125,25,32,1
39360,1125,26,87,1
39361,1125,27,39,2
39362,1125,28,62,1
39363,1125,29,53,3
39364,1125,30,63,3
39365,1125,31,34,2
39366,1125,32,39,2
39367,1125,33,44,2
39368,1125,34,74,2
39369,1125,35,36,2
39370,1126,1,26,0
39371,1126,2,40,2
39372,1126,3,14,0
39373,1126,4,25,1
39374,1126,5,17,1
39375,1126,6,36,2
39376,1126,7,24,0
39377,1126,8,39,2
39378,1126,9,42,2
39379,1126,10,16,1
39380,1126,11,28,1
39381,1126,12,40,0
39382,1126,13,32,1
39383,1126,14,43,1
39384,1126,15,30,1
39385,1126,16,18,0
39386,1126,17,20,1
39387,1126,18,20,0
39388,1126,19,43,1
39389,1126,20,20,1
39390,1126,21,45,2
39391,1126,22,20,0
39392,1126,23,34,1
39393,1126,24,45,2
39394,1126,25,47,2
39395,1126,26,58,3
39396,1126,27,36,1
39397,1126,28,32,2
39398,1126,29,21,1
39399,1126,30,33,1
39400,1126,31,19,1
39401,1126,32,36,2
39402,1126,33,24,0
39403,1126,34,50,2
39404,1126,35,19,0
39405,1127,1,24,1
39406,1127,2,33,1
39407,1127,3,11,0
39408,1127,4,41,1
39409,1127,5,12,0
39410,1127,6,21,0
39411,1127,7,24,1
39412,1127,8,42,1
39413,1127,9,29,1
39414,1127,10,10,0
39415,1127,11,27,1
39416,1127,12,17,1
39417,1127,13,12,0
39418,1127,14,36,0
39419,1127,15,18,0
39420,1127,16,29,0
39421,1127,17,45,1
39422,1127,18,40,1
39423,1127,19,16,1
39424,1127,20,17,0
39425,1127,21,39,2
39426,1127,22,22,1
39427,1127,23,21,0
39428,1127,24,5,0
39429,1127,25,21,0
39430,1127,26,21,1
39431,1127,27,33,1
39432,1127,28,26,2
39433,1127,29,35,1
39434,1127,30,15,0
39435,1127,31,14,0
39436,1127,32,37,2
39437,1127,33,11,1
39438,1127,34,29,0
39439,1127,35,23,1
39440,1128,1,27,1
39441,1128,2,27,1
39442,1128,3,34,2
39443,1128,4,55,3
39444,1128,5,28,1
39445,1128,6,15,1
39446,1128,7,46,2
39447,1128,8,35,1
39448,1128,9,56,3
39449,1128,10,47,2
39450,1128,11,36,0
39451,1128,12,40,2
39452,1128,13,41,1
39453,1128,14,21,1
39454,1128,15,35,1
39455,1128,16,45,2
39456,1128,17,57,0
39457,1128,18,33,1
39458,1128,19,35,2
39459,1128,20,58,1
39460,1128,21,38,1
39461,1128,22,17,1
39462,1128,23,60,2
39463,1128,24,17,1
39464,1128,25,53,2
39465,1128,26,14,1
39466,1128,27,14,0
39467,1128,28,51,2
39468,1128,29,48,1
39469,1128,30,31,1
39470,1128,31,43,2
39471,1128,32,21,1
39472,1128,33,26,1
39473,1128,34,25,0
39474,1128,35,29,1
39475,1129,1,53,0
39476,1129,2,58,2
39477,1129,3,70,1
39478,1129,4,52,0
39479,1129,5,67,1
39480,1129,6,19,1
39481,1129,7,118,2
39482,1129,8,70,3
39483,1129,9,75,4
39484,1129,10,59,3
39485,1129,11,71,4
39486,1129,12,26,1
39487,1129,13,46,1
39488,1129,14,44,0
39489,1129,15,35,1
39490,1129,16,72,3
39491,1129,17,32,2
39492,1129,18,54,1
39493,1129,19,77,3
39494,1129,20,32,1
39495,1129,21,100,3
39496,1129,22,30,2
39497,1129,23,74,0
39498,1129,24,59,2
39499,1129,25,43,3
39500,1129,26,50,1
39501,1129,27,47,1
39502,1129,28,39,0
39503,1129,29,35,1
39504,1129,30,63,3
39505,1129,31,36,2
39506,1129,32,36,2
39507,1129,33,110,4
39508,1129,34,24,0
39509,1129,35,63,1
39510,1130,1,25,1
39511,1130,2,36,2
39512,1130,3,38,1
39513,1130,4,21,0
39514,1130,5,55,1
39515,1130,6,38,2
39516,1130,7,17,0
39517,1130,8,44,2
39518,1130,9,33,1
39519,1130,10,39,2
39520,1130,11,26,1
39521,1130,12,32,0
39522,1130,13,14,0
39523,1130,14,38,1
39524,1130,15,31,1
39525,1130,16,35,1
39526,1130,17,39,2
39527,1130,18,14,0
39528,1130,19,63,2
39529,1130,20,16,0
39530,1130,21,45,2
39531,1130,22,24,1
39532,1130,23,25,1
39533,1130,24,42,0
39534,1130,25,30,2
39535,1130,26,9,0
39536,1130,27,16,0
39537,1130,28,29,1
39538,1130,29,43,1
39539,1130,30,63,0
39540,1130,31,50,2
39541,1130,32,96,4
39542,1130,33,17,1
39543,1130,34,48,1
39544,1130,35,24,1
39545,1131,1,35,1
39546,1131,2,27,2
39547,1131,3,40,0
39548,1131,4,39,2
39549,1131,5,26,1
39550,1131,6,11,0
39551,1131,7,46,3
39552,1131,8,34,2
39553,1131,9,37,1
39554,1131,10,25,1
39555,1131,11,33,2
39556,1131,12,17,0
39557,1131,13,14,0
39558,1131,14,21,0
39559,1131,15,54,3
39560,1131,16,37,1
39561,1131,17,13,0
39562,1131,18,18,1
39563,1131,19,26,1
39564,1131,20,19,0
39565,1131,21,23,0
39566,1131,22,19,0
39567,1131,23,23,0
39568,1131,24,29,1
39569,1131,25,16,0
39570,1131,26,40,1
39571,1131,27,13,1
39572,1131,28,22,1
39573,1131,29,25,1
39574,1131,30,28,1
39575,1131,31,34,1
39576,1131,32,55,3
39577,1131,33,30,1
39578,1131,34,28,1
39579,1131,35,21,1
39580,1132,1,41,1
39581,1132,2,33,2
39582,1132,3,66,4
39583,1132,4,16,1
39584,1132,5,42,2
39585,1132,6,24,1
39586,1132,7,56,2
39587,1132,8,67,2
39588,1132,9,44,2
39589,1132,10,25,1
39590,1132,11,37,1
39591,1132,12,33,2
39592,1132,13,35,0
39593,1132,14,30,1
39594,1132,15,64,3
39595,1132,16,27,1
39596,1132,17,49,0
39597,1132,18,34,1
39598,1132,19,72,1
39599,1132,20,62,3
39600,1132,21,56,1
39601,1132,22,48,2
39602,1132,23,59,3
39603,1132,24,38,1
39604,1132,25,101,1
39605,1132,26,41,2
39606,1132,27,49,2
39607,1132,28,52,2
39608,1132,29,51,1
39609,1132,30,38,2
39610,1132,31,38,2
39611,1132,32,27,1
39612,1132,33,24,1
39613,1132,34,39,1
39614,1132,35,27,1
39615,1133,1,74,2
39616,1133,2,56,1
39617,1133,3,35,1
39618,1133,4,47,2
39619,1133,5,89,1
39620,1133,6,62,4
39621,1133,7,35,1
39622,1133,8,32,1
39623,1133,9,56,2
39624,1133,10,50,1
39625,1133,11,62,1
39626,1133,12,67,3
39627,1133,13,53,3
39628,1133,14,40,2
39629,1133,15,63,1
39630,1133,16,37,1
39631,1133,17,51,2
39632,1133,18,38,1
39633,1133,19,34,2
39634,1133,20,39,1
39635,1133,21,58,1
39636,1133,22,44,2
39637,1133,23,61,2
39638,1133,24,34,0
39639,1133,25,84,4
39640,1133,26,52,2
39641,1133,27,43,2
39642,1133,28,69,4
39643,1133,29,61,3
39644,1133,30,35,2
39645,1133,31,78,2
39646,1133,32,62,3
39647,1133,33,172,0
39648,1133,34,67,4
39649,1133,35,63,1
39650,1134,1,37,1
39651,1134,2,31,1
39652,1134,3,30,0
39653,1134,4,31,1
39654,1134,5,37,2
39655,1134,6,69,2
39656,1134,7,30,1
39657,1134,8,57,2
39658,1134,9,24,1
39659,1134,10,57,3
39660,1134,11,44,1
39661,1134,12,22,0
39662,1134,13,47,1
39663,1134,14,41,1
39664,1134,15,52,0
39665,1134,16,31,1
39666,1134,17,16,1
39667,1134,18,55,2
39668,1134,19,69,3
39669,1134,20,47,3
39670,1134,21,41,1
39671,1134,22,42,1
39672,1134,23,70,2
39673,1134,24,28,0
39674,1134,25,39,1
39675,1134,26,29,0
39676,1134,27,37,2
39677,1134,28,36,1
39678,1134,29,22,1
39679,1134,30,38,2
39680,1134,31,18,0
39681,1134,32,43,1
39682,1134,33,62,1
39683,1134,34,36,1
39684,1134,35,10,0
39685,1135,1,76,4
39686,1135,2,36,2
39687,1135,3,20,0
39688,1135,4,44,1
39689,1135,5,28,1
39690,1135,6,38,1
39691,1135,7,51,0
39692,1135,8,25,1
39693,1135,9,64,1
39694,1135,10,34,1
39695,1135,11,51,3
39696,1135,12,34,1
39697,1135,13,20,0
39698,1135,14,28,1
39699,1135,15,47,3
39700,1135,16,33,1
39701,1135,17,53,2
39702,1135,18,60,3
39703,1135,19,58,2
39704,1135,20,83,4
39705,1135,21,40,2
39706,1135,22,46,1
39707,1135,23,48,0
39708,1135,24,48,2
39709,1135,25,42,0
39710,1135,26,15,1
39711,1135,27,35,0
39712,1135,28,18,1
39713,1135,29,31,0
39714,1135,30,31,1
39715,1135,31,51,1
39716,1135,32,33,1
39717,1135,33,30,1
39718,1135,34,44,0
39719,1135,35,31,1
39720,1136,1,55,1
39721,1136,2,62,4
39722,1136,3,36,1
39723,1136,4,70,4
39724,1136,5,35,0
39725,1136,6,40,2
39726,1136,7,67,2
39727,1136,8,12,1
39728,1136,9,68,0
39729,1136,10,28,1
39730,1136,11,63,0
39731,1136,12,22,1
39732,1136,13,39,2
39733,1136,14,33,1
39734,1136,15,54,3
39735,1136,16,33,2
39736,1136,17,37,1
39737,1136,18,20,1
39738,1136,19,50,2
39739,1136,20,62,2
39740,1136,21,50,3
39741,1136,22,63,0
39742,1136,23,116,6
39743,1136,24,71,2
39744,1136,25,40,1
39745,1136,26,37,1
39746,1136,27,42,1
39747,1136,28,52,1
39748,1136,29,47,2
39749,1136,30,33,1
39750,1136,31,28,1
39751,1136,32,39,1
39752,1136,33,38,0
39753,1136,34,30,1
39754,1136,35,49,2
39755,1137,1,81,0
39756,1137,2,64,3
39757,1137,3,50,1
39758,1137,4,97,0
39759,1137,5,80,3
39760,1137,6,49,2
39761,1137,7,120,6
39762,1137,8,103,5
39763,1137,9,65,1
39764,1137,10,43,2
39765,1137,11,79,3
39766,1137,12,127,4
39767,1137,13,28,1
39768,1137,14,98,0
39769,1137,15,55,2
39770,1137,16,96,5
39771,1137,17,50,1
39772,1137,18,97,1
39773,1137,19,44,1
39774,1137,20,69,4
39775,1137,21,87,2
39776,1137,22,117,4
39777,1137,23,38,1
39778,1137,24,34,2
39779,1137,25,81,4
39780,1137,26,95,3
39781,1137,27,34,2
39782,1137,28,30,0
39783,1137,29,53,3
39784,1137,30,64,1
39785,1137,31,106,2
39786,1137,32,63,2
39787,1137,33,65,0
39788,1137,34,120,3
39789,1137,35,40,2
39790,1138,1,100,0
39791,1138,2,54,0
39792,1138,3,53,2
39793,1138,4,57,2
39794,1138,5,27,1
39795,1138,6,59,2
39796,1138,7,38,1
39797,1138,8,63,0
39798,1138,9,26,0
39799,1138,10,64,2
39800,1138,11,55,1
39801,1138,12,34,1
39802,1138,13,28,1
39803,1138,14,118,6
39804,1138,15,40,2
39805,1138,16,85,4
39806,1138,17,44,2
39807,1138,18,29,1
39808,1138,19,50,2
39809,1138,20,61,2
39810,1138,21,106,2
39811,1138,22,41,2
39812,1138,23,62,3
39813,1138,24,48,0
39814,1138,25,64,2
39815,1138,26,88,2
39816,1138,27,23,1
39817,1138,28,69,3
39818,1138,29,38,1
39819,1138,30,66,4
39820,1138,31,41,2
39821,1138,32,123,3
39822,1138,33,40,1
39823,1138,34,62,2
39824,1138,35,58,1
39825,1139,1,46,1
39826,1139,2,88,4
39827,1139,3,8,0
39828,1139,4,77,4
39829,1139,5,66,1
39830,1139,6,41,1
39831,1139,7,34,0
39832,1139,8,30,0
39833,1139,9,15,0
39834,1139,10,27,1
39835,1139,11,54,3
39836,1139,12,53,1
39837,1139,13,39,1
39838,1139,14,30,0
39839,1139,15,84,5
39840,1139,16,39,2
39841,1139,17,55,2
39842,1139,18,35,0
39843,1139,19,77,3
39844,1139,20,59,0
39845,1139,21,36,1
39846,1139,22,16,1
39847,1139,23,51,0
39848,1139,24,22,1
39849,1139,25,38,0
39850,1139,26,96,5
39851,1139,27,26,1
39852,1139,28,33,1
39853,1139,29,28,1
39854,1139,30,75,2
39855,1139,31,29,1
39856,1139,32,40,1
39857,1139,33,18,1
39858,1139,34,21,0
39859,1139,35,18,0
39860,1140,1,46,2
39861,1140,2,42,2
39862,1140,3,54,3
39863,1140,4,60,3
39864,1140,5,39,1
39865,1140,6,65,2
39866,1140,7,59,1
39867,1140,8,63,2
39868,1140,9,73,4
39869,1140,10,108,2
39870,1140,11,49,0
39871,1140,12,128,6
39872,1140,13,33,1
39873,1140,14,63,3
39874,1140,15,91,1
39875,1140,16,73,3
39876,1140,17,27,0
39877,1140,18,52,2
39878,1140,19,133,2
39879,1140,20,85,3
39880,1140,21,66,3
39881,1140,22,62,2
39882,1140,23,66,2
39883,1140,24,42,1
39884,1140,25,100,2
39885,1140,26,42,1
39886,1140,27,58,2
39887,1140,28,35,1
39888,1140,29,73,2
39889,1140,30,30,2
39890,1140,31,80,3
39891,1140,32,114,0
39892,1140,33,63,1
39893,1140,34,73,0
39894,1140,35,69,3
39895,1141,1,70,3
39896,1141,2,49,2
39897,1141,3,57,1
39898,1141,4,40,1
39899,1141,5,65,3
39900,1141,6,62,3
39901,1141,7,65,4
39902,1141,8,81,1
39903,1141,9,39,2
39904,1141,10,71,4
39905,1141,11,61,1
39906,1141,12,101,0
39907,1141,13,73,1
39908,1141,14,49,2
39909,1141,15,92,5
39910,1141,16,50,1
39911,1141,17,68,1
39912,1141,18,117,7
39913,1141,19,72,3
39914,1141,20,54,2
39915,1141,21,95,3
39916,1141,22,63,2
39917,1141,23,109,5
39918,1141,24,97,0
39919,1141,25,120,0
39920,1141,26,80,2
39921,1141,27,86,5
39922,1141,28,71,3
39923,1141,29,50,2
39924,1141,30,62,3
39925,1141,31,61,2
39926,1141,32,40,1
39927,1141,33,65,1
39928,1141,34,57,2
39929,1141,35,106,6
39930,1142,1,30,0
39931,1142,2,30,0
39932,1142,3,65,0
39933,1142,4,30,2
39934,1142,5,45,1
39935,1142,6,97,6
39936,1142,7,28,1
39937,1142,8,53,2
39938,1142,9,50,3
39939,1142,10,53,2
39940,1142,11,39,1
39941,1142,12,59,0
39942,1142,13,66,2
39943,1142,14,11,0
39944,1142,15,71,0
39945,1142,16,65,1
39946,1142,17,38,1
39947,1142,18,109,5
39948,1142,19,39,0
39949,1142,20,46,3
39950,1142,21,13,0
39951,1142,22,65,1
39952,1142,23,99,3
39953,1142,24,54,0
39954,1142,25,23,1
39955,1142,26,45,0
39956,1142,27,31,1
39957,1142,28,81,2
39958,1142,29,34,1
39959,1142,30,67,0
39960,1142,31,16,1
39961,1142,32,30,0
39962,1142,33,67,4
39963,1142,34,59,1
39964,1142,35,46,1
39965,1143,1,15,1
39966,1143,2,27,1
39967,1143,3,41,2
39968,1143,4,43,2
39969,1143,5,15,0
39970,1143,6,92,3
39971,1143,7,29,1
39972,1143,8,27,1
39973,1143,9,75,4
39974,1143,10,26,0
39975,1143,11,59,0
39976,1143,12,58,2
39977,1143,13,37,1
39978,1143,14,77,1
39979,1143,15,38,1
39980,1143,16,74,4
39981,1143,17,86,4
39982,1143,18,70,1
39983,1143,19,28,1
39984,1143,20,26,0
39985,1143,21,53,3
39986,1143,22,27,1
39987,1143,23,23,1
39988,1143,24,18,1
39989,1143,25,36,2
39990,1143,26,38,1
39991,1143,27,87,4
39992,1143,28,39,2
39993,1143,29,35,2
39994,1143,30,18,0
39995,1143,31,85,2
39996,1143,32,75,2
39997,1143,33,71,2
39998,1143,34,32,0
39999,1143,35,34,1
40000,1144,1,53,2
40001,1144,2,70,3
40002,1144,3,62,3
40003,1144,4,86,5
40004,1144,5,62,1
40005,1144,6,44,2
40006,1144,7,42,3
40007,1144,8,61,3
40008,1144,9,64,3
40009,1144,10,39,2
40010,1144,11,59,1
40011,1144,12,45,3
40012,1144,13,86,0
40013,1144,14,98,2
40014,1144,15,72,1
40015,1144,16,87,2
40016,1144,17,44,0
40017,1144,18,67,2
40018,1144,19,30,0
40019,1144,20,69,3
40020,1144,21,69,3
40021,1144,22,77,3
40022,1144,23,64,2
40023,1144,24,62,1
40024,1144,25,30,1
40025,1144,26,54,3
40026,1144,27,92,3
40027,1144,28,24,1
40028,1144,29,77,1
40029,1144,30,80,3
40030,1144,31,46,2
40031,1144,32,33,0
40032,1144,33,30,1
40033,1144,34,35,1
40034,1144,35,90,4
40035,1145,1,14,0
40036,1145,2,23,0
40037,1145,3,28,0
40038,1145,4,48,1
40039,1145,5,61,3
40040,1145,6,89,2
40041,1145,7,28,0
40042,1145,8,33,1
40043,1145,9,62,3
40044,1145,10,41,1
40045,1145,11,37,2
40046,1145,12,43,0
40047,1145,13,65,1
40048,1145,14,31,0
40049,1145,15,48,1
40050,1145,16,47,3
40051,1145,17,35,2
40052,1145,18,112,3
40053,1145,19,42,2
40054,1145,20,29,1
40055,1145,21,78,1
40056,1145,22,49,1
40057,1145,23,35,2
40058,1145,24,25,0
40059,1145,25,32,0
40060,1145,26,95,2
40061,1145,27,15,0
40062,1145,28,47,1
40063,1145,29,37,1
40064,1145,30,57,1
40065,1145,31,44,2
40066,1145,32,75,3
40067,1145,33,58,1
40068,1145,34,66,2
40069,1145,35,37,2
40070,1146,1,27,1
40071,1146,2,31,2
40072,1146,3,27,0
40073,1146,4,20,0
40074,1146,5,33,1
40075,1146,6,43,1
40076,1146,7,32,2
40077,1146,8,41,2
40078,1146,9,19,1
40079,1146,10,28,1
40080,1146,11,40,1
40081,1146,12,25,1
40082,1146,13,36,1
40083,1146,14,63,1
40084,1146,15,14,1
40085,1146,16,22,1
40086,1146,17,14,1
40087,1146,18,20,1
40088,1146,19,15,1
40089,1146,20,36,1
40090,1146,21,37,1
40091,1146,22,31,0
40092,1146,23,45,2
40093,1146,24,10,1
40094,1146,25,8,0
40095,1146,26,19,0
40096,1146,27,60,1
40097,1146,28,37,2
40098,1146,29,41,2
40099,1146,30,16,0
40100,1146,31,46,1
40101,1146,32,43,1
40102,1146,33,24,1
40103,1146,34,25,1
40104,1146,35,46,1
40105,1147,1,23,1
40106,1147,2,24,1
40107,1147,3,14,0
40108,1147,4,13,0
40109,1147,5,22,0
40110,1147,6,18,0
40111,1147,7,17,1
40112,1147,8,28,1
40113,1147,9,21,1
40114,1147,10,20,0
40115,1147,11,16,0
40116,1147,12,18,1
40117,1147,13,32,1
40118,1147,14,34,2
40119,1147,15,22,1
40120,1147,16,47,1
40121,1147,17,35,1
40122,1147,18,24,1
40123,1147,19,41,2
40124,1147,20,17,0
40125,1147,21,35,1
40126,1147,22,41,2
40127,1147,23,21,1
40128,1147,24,22,1
40129,1147,25,20,0
40130,1147,26,30,1
40131,1147,27,23,1
40132,1147,28,23,1
40133,1147,29,24,1
40134,1147,30,12,1
40135,1147,31,49,2
40136,1147,32,27,0
40137,1147,33,19,1
40138,1147,34,29,0
40139,1147,35,21,1
40140,1148,1,30,1
40141,1148,2,26,1
40142,1148,3,24,1
40143,1148,4,20,0
40144,1148,5,8,0
40145,1148,6,39,1
40146,1148,7,36,1
40147,1148,8,44,2
40148,1148,9,18,1
40149,1148,10,82,1
40150,1148,11,26,1
40151,1148,12,39,0
40152,1148,13,35,0
40153,1148,14,29,0
40154,1148,15,35,0
40155,1148,16,74,2
40156,1148,17,26,0
40157,1148,18,56,2
40158,1148,19,12,0
40159,1148,20,10,0
40160,1148,21,35,1
40161,1148,22,23,0
40162,1148,23,22,1
40163,1148,24,19,1
40164,1148,25,60,0
40165,1148,26,25,1
40166,1148,27,31,2
40167,1148,28,11,0
40168,1148,29,26,1
40169,1148,30,34,1
40170,1148,31,20,1
40171,1148,32,36,1
40172,1148,33,44,1
40173,1148,34,43,0
40174,1148,35,15,0
40175,1149,1,28,0
40176,1149,2,25,0
40177,1149,3,34,0
40178,1149,4,84,2
40179,1149,5,28,1
40180,1149,6,24,1
40181,1149,7,71,2
40182,1149,8,37,2
40183,1149,9,25,1
40184,1149,10,60,2
40185,1149,11,45,1
40186,1149,12,31,1
40187,1149,13,39,1
40188,1149,14,45,1
40189,1149,15,22,1
40190,1149,16,56,1
40191,1149,17,26,1
40192,1149,18,22,0
40193,1149,19,23,1
40194,1149,20,47,2
40195,1149,21,57,3
40196,1149,22,26,1
40197,1149,23,45,0
40198,1149,24,30,1
40199,1149,25,33,0
40200,1149,26,51,2
40201,1149,27,26,1
40202,1149,28,28,1
40203,1149,29,50,1
40204,1149,30,26,1
40205,1149,31,54,0
40206,1149,32,38,1
40207,1149,33,44,0
40208,1149,34,57,3
40209,1149,35,33,2
40210,1150,1,32,2
40211,1150,2,17,0
40212,1150,3,40,0
40213,1150,4,31,1
40214,1150,5,20,0
40215,1150,6,19,0
40216,1150,7,28,1
40217,1150,8,24,0
40218,1150,9,43,2
40219,1150,10,45,3
40220,1150,11,22,1
40221,1150,12,11,0
40222,1150,13,19,1
40223,1150,14,60,3
40224,1150,15,30,0
40225,1150,16,17,0
40226,1150,17,19,1
40227,1150,18,32,0
40228,1150,19,41,2
40229,1150,20,44,2
40230,1150,21,5,0
40231,1150,22,64,1
40232,1150,23,29,1
40233,1150,24,59,1
40234,1150,25,11,0
40235,1150,26,16,0
40236,1150,27,18,0
40237,1150,28,19,1
40238,1150,29,9,0
40239,1150,30,24,0
40240,1150,31,27,1
40241,1150,32,50,2
40242,1150,33,16,1
40243,1150,34,44,1
40244,1150,35,18,1
40245,1151,1,34,2
40246,1151,2,15,0
40247,1151,3,27,0
40248,1151,4,36,1
40249,1151,5,29,1
40250,1151,6,20,0
40251,1151,7,27,1
40252,1151,8,19,1
40253,1151,9,12,1
40254,1151,10,9,0
40255,1151,11,32,0
40256,1151,12,25,1
40257,1151,13,28,1
40258,1151,14,14,1
40259,1151,15,23,0
40260,1151,16,16,0
40261,1151,17,22,0
40262,1151,18,20,1
40263,1151,19,16,0
40264,1151,20,36,0
40265,1151,21,18,0
40266,1151,22,22,1
40267,1151,23,11,1
40268,1151,24,17,1
40269,1151,25,12,0
40270,1151,26,11,1
40271,1151,27,49,2
40272,1151,28,13,0
40273,1151,29,34,2
40274,1151,30,25,0
40275,1151,31,20,1
40276,1151,32,23,0
40277,1151,33,20,0
40278,1151,34,21,1
40279,1151,35,21,1
40280,1152,1,51,3
40281,1152,2,35,1
40282,1152,3,43,1
40283,1152,4,20,0
40284,1152,5,25,1
40285,1152,6,36,1
40286,1152,7,25,0
40287,1152,8,44,1
40288,1152,9,39,2
40289,1152,10,34,1
40290,1152,11,43,1
40291,1152,12,63,1
40292,1152,13,43,1
40293,1152,14,23,1
40294,1152,15,19,0
40295,1152,16,69,3
40296,1152,17,15,0
40297,1152,18,65,2
40298,1152,19,27,0
40299,1152,20,26,2
40300,1152,21,33,1
40301,1152,22,30,1
40302,1152,23,59,3
40303,1152,24,25,1
40304,1152,25,15,0
40305,1152,26,19,1
40306,1152,27,27,1
40307,1152,28,1,0
40308,1152,29,24,1
40309,1152,30,17,0
40310,1152,31,28,1
40311,1152,32,43,0
40312,1152,33,13,0
40313,1152,34,18,0
40314,1152,35,40,1
40315,1153,1,27,0
40316,1153,2,40,2
40317,1153,3,79,4
40318,1153,4,45,0
40319,1153,5,31,2
40320,1153,6,52,3
40321,1153,7,39,2
40322,1153,8,32,1
40323,1153,9,40,2
40324,1153,10,40,0
40325,1153,11,32,1
40326,1153,12,32,0
40327,1153,13,28,0
40328,1153,14,30,0
40329,1153,15,42,2
40330,1153,16,28,1
40331,1153,17,45,2
40332,1153,18,111,2
40333,1153,19,31,1
40334,1153,20,25,1
40335,1153,21,19,0
40336,1153,22,60,3
40337,1153,23,44,0
40338,1153,24,42,1
40339,1153,25,52,0
40340,1153,26,21,1
40341,1153,27,64,4
40342,1153,28,39,2
40343,1153,29,28,1
40344,1153,30,71,2
40345,1153,31,39,1
40346,1153,32,43,2
40347,1153,33,59,0
40348,1153,34,45,1
40349,1153,35,13,0
40350,1154,1,49,0
40351,1154,2,7,0
40352,1154,3,15,1
40353,1154,4,22,1
40354,1154,5,23,1
40355,1154,6,17,0
40356,1154,7,13,1
40357,1154,8,14,1
40358,1154,9,54,1
40359,1154,10,34,1
40360,1154,11,50,3
40361,1154,12,22,1
40362,1154,13,57,3
40363,1154,14,41,2
40364,1154,15,24,0
40365,1154,16,47,3
40366,1154,17,27,1
40367,1154,18,41,1
40368,1154,19,23,0
40369,1154,20,42,1
40370,1154,21,23,0
40371,1154,22,21,1
40372,1154,23,29,0
40373,1154,24,26,0
40374,1154,25,62,2
40375,1154,26,28,1
40376,1154,27,28,2
40377,1154,28,28,2
40378,1154,29,35,1
40379,1154,30,25,0
40380,1154,31,27,1
40381,1154,32,41,2
40382,1154,33,19,0
40383,1154,34,51,1
40384,1154,35,20,1
40385,1155,1,48,2
40386,1155,2,19,1
40387,1155,3,16,1
40388,1155,4,15,1
40389,1155,5,19,0
40390,1155,6,25,1
40391,1155,7,18,1
40392,1155,8,14,1
40393,1155,9,49,2
40394,1155,10,35,1
40395,1155,11,23,0
40396,1155,12,52,3
40397,1155,13,24,1
40398,1155,14,64,2
40399,1155,15,20,1
40400,1155,16,5,0
40401,1155,17,58,1
40402,1155,18,21,1
40403,1155,19,59,2
40404,1155,20,16,0
40405,1155,21,19,1
40406,1155,22,21,1
40407,1155,23,36,1
40408,1155,24,7,0
40409,1155,25,9,0
40410,1155,26,27,1
40411,1155,27,32,1
40412,1155,28,25,1
40413,1155,29,16,0
40414,1155,30,42,2
40415,1155,31,36,1
40416,1155,32,36,1
40417,1155,33,23,1
40418,1155,34,19,1
40419,1155,35,31,1
40420,1156,1,32,0
40421,1156,2,90,2
40422,1156,3,30,1
40423,1156,4,54,1
40424,1156,5,24,1
40425,1156,6,28,1
40426,1156,7,48,2
40427,1156,8,24,1
40428,1156,9,34,1
40429,1156,10,48,1
40430,1156,11,33,1
40431,1156,12,33,0
40432,1156,13,31,0
40433,1156,14,88,4
40434,1156,15,16,1
40435,1156,16,35,1
40436,1156,17,45,2
40437,1156,18,27,1
40438,1156,19,29,1
40439,1156,20,57,2
40440,1156,21,30,0
40441,1156,22,45,2
40442,1156,23,37,1
40443,1156,24,46,1
40444,1156,25,10,0
40445,1156,26,34,2
40446,1156,27,40,2
40447,1156,28,31,1
40448,1156,29,33,1
40449,1156,30,40,2
40450,1156,31,16,1
40451,1156,32,22,0
40452,1156,33,24,1
40453,1156,34,24,1
40454,1156,35,18,1
40455,1157,1,31,0
40456,1157,2,67,1
40457,1157,3,25,1
40458,1157,4,31,1
40459,1157,5,78,2
40460,1157,6,57,3
40461,1157,7,47,1
40462,1157,8,44,2
40463,1157,9,39,2
40464,1157,10,85,5
40465,1157,11,23,0
40466,1157,12,38,1
40467,1157,13,102,4
40468,1157,14,47,3
40469,1157,15,49,3
40470,1157,16,55,2
40471,1157,17,47,1
40472,1157,18,36,2
40473,1157,19,65,2
40474,1157,20,41,2
40475,1157,21,43,1
40476,1157,22,20,1
40477,1157,23,22,1
40478,1157,24,87,1
40479,1157,25,51,0
40480,1157,26,84,4
40481,1157,27,42,2
40482,1157,28,30,1
40483,1157,29,42,1
40484,1157,30,43,1
40485,1157,31,23,1
40486,1157,32,19,1
40487,1157,33,43,1
40488,1157,34,52,2
40489,1157,35,68,1
40490,1158,1,20,0
40491,1158,2,44,2
40492,1158,3,39,1
40493,1158,4,36,0
40494,1158,5,64,2
40495,1158,6,53,1
40496,1158,7,27,1
40497,1158,8,33,1
40498,1158,9,26,1
40499,1158,10,53,1
40500,1158,11,63,1
40501,1158,12,18,0
40502,1158,13,42,2
40503,1158,14,18,1
40504,1158,15,27,1
40505,1158,16,12,0
40506,1158,17,46,2
40507,1158,18,40,2
40508,1158,19,28,0
40509,1158,20,14,0
40510,1158,21,46,3
40511,1158,22,74,1
40512,1158,23,52,3
40513,1158,24,28,2
40514,1158,25,52,2
40515,1158,26,48,2
40516,1158,27,24,1
40517,1158,28,25,0
40518,1158,29,54,1
40519,1158,30,27,0
40520,1158,31,78,0
40521,1158,32,32,2
40522,1158,33,31,1
40523,1158,34,44,3
40524,1158,35,44,1
40525,1159,1,20,0
40526,1159,2,14,0
40527,1159,3,38,1
40528,1159,4,38,2
40529,1159,5,21,1
40530,1159,6,31,1
40531,1159,7,41,2
40532,1159,8,27,1
40533,1159,9,16,0
40534,1159,10,51,1
40535,1159,11,18,1
40536,1159,12,22,1
40537,1159,13,51,1
40538,1159,14,19,1
40539,1159,15,37,1
40540,1159,16,14,1
40541,1159,17,11,0
40542,1159,18,24,1
40543,1159,19,70,4
40544,1159,20,32,0
40545,1159,21,30,1
40546,1159,22,40,1
40547,1159,23,24,1
40548,1159,24,35,1
40549,1159,25,6,0
40550,1159,26,66,3
40551,1159,27,37,1
40552,1159,28,26,1
40553,1159,29,33,1
40554,1159,30,25,1
40555,1159,31,56,3
40556,1159,32,20,1
40557,1159,33,36,2
40558,1159,34,31,2
40559,1159,35,59,2
40560,1160,1,38,1
40561,1160,2,41,0
40562,1160,3,13,0
40563,1160,4,24,1
40564,1160,5,43,1
40565,1160,6,51,2
40566,1160,7,25,0
40567,1160,8,51,2
40568,1160,9,43,1
40569,1160,10,36,1
40570,1160,11,24,1
40571,1160,12,29,1
40572,1160,13,42,2
40573,1160,14,37,0
40574,1160,15,80,3
40575,1160,16,28,1
40576,1160,17,49,1
40577,1160,18,41,1
40578,1160,19,45,1
40579,1160,20,98,5
40580,1160,21,37,1
40581,1160,22,44,0
40582,1160,23,41,2
40583,1160,24,32,1
40584,1160,25,29,1
40585,1160,26,97,3
40586,1160,27,60,3
40587,1160,28,27,1
40588,1160,29,20,1
40589,1160,30,27,1
40590,1160,31,24,0
40591,1160,32,30,1
40592,1160,33,87,4
40593,1160,34,47,0
40594,1160,35,56,2
40595,1161,1,45,0
40596,1161,2,68,1
40597,1161,3,45,2
40598,1161,4,84,3
40599,1161,5,51,1
40600,1161,6,63,2
40601,1161,7,15,0
40602,1161,8,67,3
40603,1161,9,57,2
40604,1161,10,72,2
40605,1161,11,68,3
40606,1161,12,69,0
40607,1161,13,83,2
40608,1161,14,47,1
40609,1161,15,39,2
40610,1161,16,65,0
40611,1161,17,54,1
40612,1161,18,57,1
40613,1161,19,56,2
40614,1161,20,89,3
40615,1161,21,45,2
40616,1161,22,38,1
40617,1161,23,67,0
40618,1161,24,35,2
40619,1161,25,71,2
40620,1161,26,17,0
40621,1161,27,89,4
40622,1161,28,111,5
40623,1161,29,55,2
40624,1161,30,60,1
40625,1161,31,29,1
40626,1161,32,56,1
40627,1161,33,31,1
40628,1161,34,31,1
40629,1161,35,59,2
40630,1162,1,45,0
40631,1162,2,87,3
40632,1162,3,51,2
40633,1162,4,46,2
40634,1162,5,39,2
40635,1162,6,26,1
40636,1162,7,70,3
40637,1162,8,43,2
40638,1162,9,34,1
40639,1162,10,23,1
40640,1162,11,33,0
40641,1162,12,38,1
40642,1162,13,42,1
40643,1162,14,26,1
40644,1162,15,58,0
40645,1162,16,39,2
40646,1162,17,70,0
40647,1162,18,36,2
40648,1162,19,35,1
40649,1162,20,27,2
40650,1162,21,57,3
40651,1162,22,37,2
40652,1162,23,74,0
40653,1162,24,55,1
40654,1162,25,32,1
40655,1162,26,34,2
40656,1162,27,76,4
40657,1162,28,65,3
40658,1162,29,73,2
40659,1162,30,36,1
40660,1162,31,32,0
40661,1162,32,51,2
40662,1162,33,28,1
40663,1162,34,28,1
40664,1162,35,18,1
40665,1163,1,42,2
40666,1163,2,89,0
40667,1163,3,59,3
40668,1163,4,35,1
40669,1163,5,45,1
40670,1163,6,10,0
40671,1163,7,28,1
40672,1163,8,34,1
40673,1163,9,36,2
40674,1163,10,81,5
40675,1163,11,5,0
40676,1163,12,36,2
40677,1163,13,39,0
40678,1163,14,86,0
40679,1163,15,45,2
40680,1163,16,17,1
40681,1163,17,26,1
40682,1163,18,53,3
40683,1163,19,55,1
40684,1163,20,55,0
40685,1163,21,11,0
40686,1163,22,44,1
40687,1163,23,45,0
40688,1163,24,54,1
40689,1163,25,13,1
40690,1163,26,31,1
40691,1163,27,57,2
40692,1163,28,27,1
40693,1163,29,17,1
40694,1163,30,66,2
40695,1163,31,33,1
40696,1163,32,21,0
40697,1163,33,35,2
40698,1163,34,34,2
40699,1163,35,64,2
40700,1164,1,83,4
40701,1164,2,62,1
40702,1164,3,13,0
40703,1164,4,74,4
40704,1164,5,66,3
40705,1164,6,75,3
40706,1164,7,30,1
40707,1164,8,66,4
40708,1164,9,121,6
40709,1164,10,113,3
40710,1164,11,21,0
40711,1164,12,56,0
40712,1164,13,29,0
40713,1164,14,26,1
40714,1164,15,29,1
40715,1164,16,36,1
40716,1164,17,63,1
40717,1164,18,49,2
40718,1164,19,53,1
40719,1164,20,52,1
40720,1164,21,83,5
40721,1164,22,41,0
40722,1164,23,38,1
40723,1164,24,28,0
40724,1164,25,51,0
40725,1164,26,43,1
40726,1164,27,40,1
40727,1164,28,21,0
40728,1164,29,38,1
40729,1164,30,40,1
40730,1164,31,29,1
40731,1164,32,22,1
40732,1164,33,69,2
40733,1164,34,25,0
40734,1164,35,36,2
40735,1165,1,73,0
40736,1165,2,116,3
40737,1165,3,189,3
40738,1165,4,89,0
40739,1165,5,80,2
40740,1165,6,73,1
40741,1165,7,156,8
40742,1165,8,47,3
40743,1165,9,42,2
40744,1165,10,103,2
40745,1165,11,45,1
40746,1165,12,82,0
40747,1165,13,76,0
40748,1165,14,52,2
40749,1165,15,52,2
40750,1165,16,28,0
40751,1165,17,41,1
40752,1165,18,63,1
40753,1165,19,82,4
40754,1165,20,158,6
40755,1165,21,63,2
40756,1165,22,59,1
40757,1165,23,102,0
40758,1165,24,108,0
40759,1165,25,68,2
40760,1165,26,41,1
40761,1165,27,57,3
40762,1165,28,94,4
40763,1165,29,51,3
40764,1165,30,73,3
40765,1165,31,45,1
40766,1165,32,124,4
40767,1165,33,61,3
40768,1165,34,54,3
40769,1165,35,97,4
40770,1166,1,36,2
40771,1166,2,80,0
40772,1166,3,53,0
40773,1166,4,61,3
40774,1166,5,49,3
40775,1166,6,32,2
40776,1166,7,55,3
40777,1166,8,86,4
40778,1166,9,37,1
40779,1166,10,28,1
40780,1166,11,45,1
40781,1166,12,44,2
40782,1166,13,83,3
40783,1166,14,37,2
40784,1166,15,33,0
40785,1166,16,67,4
40786,1166,17,36,0
40787,1166,18,31,1
40788,1166,19,58,3
40789,1166,20,41,0
40790,1166,21,35,2
40791,1166,22,44,2
40792,1166,23,34,1
40793,1166,24,23,1
40794,1166,25,69,3
40795,1166,26,62,2
40796,1166,27,26,1
40797,1166,28,62,2
40798,1166,29,93,2
40799,1166,30,35,0
40800,1166,31,38,1
40801,1166,32,70,1
40802,1166,33,88,3
40803,1166,34,43,1
40804,1166,35,30,0
40805,1167,1,35,1
40806,1167,2,47,1
40807,1167,3,42,2
40808,1167,4,90,5
40809,1167,5,55,2
40810,1167,6,52,1
40811,1167,7,37,0
40812,1167,8,31,1
40813,1167,9,43,1
40814,1167,10,81,5
40815,1167,11,49,1
40816,1167,12,53,3
40817,1167,13,31,2
40818,1167,14,54,1
40819,1167,15,67,3
40820,1167,16,32,1
40821,1167,17,33,1
40822,1167,18,29,0
40823,1167,19,52,2
40824,1167,20,16,0
40825,1167,21,93,4
40826,1167,22,52,1
40827,1167,23,30,1
40828,1167,24,44,2
40829,1167,25,22,1
40830,1167,26,36,1
40831,1167,27,54,1
40832,1167,28,79,4
40833,1167,29,39,1
40834,1167,30,30,1
40835,1167,31,53,3
40836,1167,32,30,1
40837,1167,33,52,1
40838,1167,34,11,1
40839,1167,35,32,2
40840,1168,1,38,2
40841,1168,2,63,1
40842,1168,3,132,4
40843,1168,4,63,3
40844,1168,5,81,4
40845,1168,6,186,9
40846,1168,7,32,2
40847,1168,8,42,1
40848,1168,9,44,1
40849,1168,10,92,5
40850,1168,11,34,1
40851,1168,12,49,1
40852,1168,13,41,1
40853,1168,14,37,1
40854,1168,15,101,1
40855,1168,16,116,4
40856,1168,17,34,2
40857,1168,18,36,1
40858,1168,19,71,3
40859,1168,20,26,1
40860,1168,21,77,1
40861,1168,22,49,0
40862,1168,23,74,4
40863,1168,24,39,2
40864,1168,25,41,0
40865,1168,26,46,2
40866,1168,27,91,2
40867,1168,28,41,1
40868,1168,29,113,2
40869,1168,30,39,0
40870,1168,31,102,4
40871,1168,32,42,1
40872,1168,33,91,3
40873,1168,34,29,1
40874,1168,35,45,2
40875,1169,1,115,2
40876,1169,2,146,4
40877,1169,3,47,3
40878,1169,4,86,0
40879,1169,5,115,2
40880,1169,6,31,1
40881,1169,7,32,1
40882,1169,8,66,3
40883,1169,9,93,2
40884,1169,10,75,2
40885,1169,11,38,1
40886,1169,12,43,2
40887,1169,13,47,0
40888,1169,14,90,2
40889,1169,15,61,2
40890,1169,16,58,1
40891,1169,17,152,6
40892,1169,18,23,1
40893,1169,19,84,4
40894,1169,20,44,1
40895,1169,21,119,1
40896,1169,22,111,4
40897,1169,23,51,0
40898,1169,24,78,0
40899,1169,25,101,0
40900,1169,26,66,1
40901,1169,27,39,1
40902,1169,28,108,3
40903,1169,29,97,4
40904,1169,30,30,1
40905,1169,31,46,1
40906,1169,32,14,1
40907,1169,33,89,5
40908,1169,34,61,3
40909,1169,35,53,2
40910,1170,1,53,1
40911,1170,2,37,2
40912,1170,3,33,0
40913,1170,4,107,6
40914,1170,5,82,4
40915,1170,6,44,1
40916,1170,7,33,1
40917,1170,8,58,0
40918,1170,9,32,2
40919,1170,10,13,0
40920,1170,11,30,0
40921,1170,12,95,4
40922,1170,13,40,1
40923,1170,14,129,7
40924,1170,15,38,0
40925,1170,16,63,2
40926,1170,17,63,0
40927,1170,18,75,0
40928,1170,19,51,1
40929,1170,20,8,0
40930,1170,21,32,2
40931,1170,22,78,3
40932,1170,23,52,2
40933,1170,24,26,1
40934,1170,25,31,2
40935,1170,26,42,1
40936,1170,27,60,1
40937,1170,28,61,2
40938,1170,29,34,1
40939,1170,30,35,1
40940,1170,31,46,1
40941,1170,32,52,2
40942,1170,33,49,2
40943,1170,34,35,2
40944,1170,35,39,1
40945,1171,1,22,1
40946,1171,2,27,1
40947,1171,3,39,2
40948,1171,4,28,1
40949,1171,5,50,2
40950,1171,6,69,3
40951,1171,7,30,2
40952,1171,8,18,0
40953,1171,9,21,1
40954,1171,10,43,1
40955,1171,11,48,2
40956,1171,12,23,1
40957,1171,13,24,1
40958,1171,14,37,2
40959,1171,15,43,1
40960,1171,16,67,3
40961,1171,17,38,1
40962,1171,18,59,0
40963,1171,19,11,1
40964,1171,20,34,2
40965,1171,21,86,4
40966,1171,22,66,2
40967,1171,23,66,3
40968,1171,24,31,2
40969,1171,25,51,1
40970,1171,26,36,1
40971,1171,27,79,5
40972,1171,28,42,1
40973,1171,29,103,4
40974,1171,30,79,1
40975,1171,31,50,1
40976,1171,32,47,1
40977,1171,33,29,0
40978,1171,34,59,2
40979,1171,35,24,1
40980,1172,1,125,3
40981,1172,2,67,0
40982,1172,3,60,2
40983,1172,4,66,4
40984,1172,5,51,2
40985,1172,6,76,2
40986,1172,7,83,4
40987,1172,8,54,2
40988,1172,9,79,4
40989,1172,10,47,1
40990,1172,11,63,3
40991,1172,12,33,1
40992,1172,13,77,0
40993,1172,14,90,0
40994,1172,15,69,4
40995,1172,16,76,4
40996,1172,17,98,0
40997,1172,18,90,4
40998,1172,19,68,4
40999,1172,20,43,2
41000,1172,21,64,2
41001,1172,22,75,0
41002,1172,23,91,3
41003,1172,24,36,2
41004,1172,25,38,0
41005,1172,26,65,1
41006,1172,27,56,0
41007,1172,28,66,3
41008,1172,29,44,1
41009,1172,30,104,2
41010,1172,31,54,3
41011,1172,32,28,2
41012,1172,33,50,2
41013,1172,34,42,2
41014,1172,35,27,2
41015,1173,1,34,0
41016,1173,2,24,1
41017,1173,3,38,2
41018,1173,4,29,0
41019,1173,5,19,1
41020,1173,6,49,2
41021,1173,7,76,1
41022,1173,8,11,0
41023,1173,9,29,0
41024,1173,10,46,1
41025,1173,11,44,1
41026,1173,12,51,2
41027,1173,13,28,1
41028,1173,14,31,1
41029,1173,15,33,1
41030,1173,16,50,3
41031,1173,17,42,2
41032,1173,18,65,3
41033,1173,19,26,0
41034,1173,20,19,1
41035,1173,21,46,2
41036,1173,22,53,2
41037,1173,23,28,0
41038,1173,24,28,0
41039,1173,25,59,0
41040,1173,26,23,0
41041,1173,27,46,3
41042,1173,28,51,2
41043,1173,29,68,2
41044,1173,30,36,1
41045,1173,31,52,1
41046,1173,32,53,3
41047,1173,33,48,1
41048,1173,34,57,2
41049,1173,35,54,2
41050,1174,1,27,0
41051,1174,2,7,0
41052,1174,3,20,0
41053,1174,4,19,1
41054,1174,5,29,0
41055,1174,6,23,1
41056,1174,7,39,2
41057,1174,8,12,0
41058,1174,9,31,1
41059,1174,10,17,1
41060,1174,11,35,1
41061,1174,12,14,0
41062,1174,13,19,0
41063,1174,14,40,1
41064,1174,15,10,0
41065,1174,16,23,1
41066,1174,17,14,1
41067,1174,18,31,0
41068,1174,19,11,1
41069,1174,20,36,1
41070,1174,21,16,1
41071,1174,22,10,1
41072,1174,23,41,0
41073,1174,24,31,1
41074,1174,25,11,0
41075,1174,26,35,1
41076,1174,27,24,0
41077,1174,28,22,1
41078,1174,29,18,0
41079,1174,30,26,1
41080,1174,31,34,0
41081,1174,32,40,2
41082,1174,33,48,2
41083,1174,34,38,1
41084,1174,35,34,1
41085,1175,1,35,1
41086,1175,2,42,2
41087,1175,3,24,1
41088,1175,4,32,1
41089,1175,5,23,1
41090,1175,6,11,0
41091,1175,7,12,1
41092,1175,8,15,0
41093,1175,9,9,0
41094,1175,10,7,0
41095,1175,11,15,1
41096,1175,12,47,1
41097,1175,13,19,0
41098,1175,14,13,0
41099,1175,15,33,1
41100,1175,16,29,2
41101,1175,17,12,0
41102,1175,18,16,0
41103,1175,19,26,1
41104,1175,20,17,0
41105,1175,21,24,0
41106,1175,22,20,1
41107,1175,23,17,1
41108,1175,24,23,1
41109,1175,25,29,2
41110,1175,26,18,1
41111,1175,27,22,1
41112,1175,28,15,1
41113,1175,29,29,2
41114,1175,30,20,0
41115,1175,31,22,1
41116,1175,32,27,1
41117,1175,33,29,1
41118,1175,34,21,0
41119,1175,35,12,1
41120,1176,1,21,1
41121,1176,2,21,0
41122,1176,3,15,1
41123,1176,4,18,0
41124,1176,5,50,3
41125,1176,6,16,1
41126,1176,7,43,2
41127,1176,8,46,3
41128,1176,9,21,1
41129,1176,10,93,2
41130,1176,11,29,1
41131,1176,12,54,3
41132,1176,13,30,1
41133,1176,14,16,1
41134,1176,15,22,1
41135,1176,16,20,1
41136,1176,17,22,0
41137,1176,18,34,2
41138,1176,19,48,2
41139,1176,20,32,1
41140,1176,21,24,1
41141,1176,22,23,1
41142,1176,23,11,1
41143,1176,24,58,1
41144,1176,25,19,0
41145,1176,26,8,0
41146,1176,27,38,0
41147,1176,28,34,1
41148,1176,29,46,1
41149,1176,30,40,1
41150,1176,31,25,1
41151,1176,32,35,2
41152,1176,33,33,0
41153,1176,34,45,2
41154,1176,35,49,2
41155,1177,1,28,0
41156,1177,2,82,5
41157,1177,3,49,2
41158,1177,4,53,1
41159,1177,5,37,0
41160,1177,6,36,2
41161,1177,7,50,1
41162,1177,8,26,1
41163,1177,9,42,1
41164,1177,10,86,4
41165,1177,11,36,1
41166,1177,12,22,1
41167,1177,13,24,1
41168,1177,14,28,1
41169,1177,15,36,2
41170,1177,16,39,0
41171,1177,17,25,1
41172,1177,18,70,2
41173,1177,19,24,1
41174,1177,20,52,2
41175,1177,21,30,2
41176,1177,22,51,1
41177,1177,23,17,0
41178,1177,24,30,1
41179,1177,25,41,1
41180,1177,26,38,1
41181,1177,27,58,1
41182,1177,28,41,2
41183,1177,29,80,3
41184,1177,30,33,1
41185,1177,31,42,1
41186,1177,32,35,2
41187,1177,33,46,1
41188,1177,34,36,1
41189,1177,35,84,3
41190,1178,1,6,0
41191,1178,2,18,1
41192,1178,3,32,0
41193,1178,4,41,1
41194,1178,5,11,1
41195,1178,6,43,2
41196,1178,7,34,2
41197,1178,8,17,1
41198,1178,9,13,1
41199,1178,10,20,1
41200,1178,11,33,1
41201,1178,12,65,3
41202,1178,13,21,0
41203,1178,14,20,1
41204,1178,15,20,0
41205,1178,16,19,1
41206,1178,17,22,1
41207,1178,18,15,0
41208,1178,19,20,1
41209,1178,20,17,0
41210,1178,21,22,1
41211,1178,22,63,2
41212,1178,23,15,1
41213,1178,24,18,0
41214,1178,25,18,1
41215,1178,26,37,1
41216,1178,27,23,0
41217,1178,28,39,2
41218,1178,29,7,0
41219,1178,30,38,1
41220,1178,31,23,1
41221,1178,32,24,1
41222,1178,33,37,2
41223,1178,34,22,1
41224,1178,35,28,1
41225,1179,1,31,1
41226,1179,2,22,1
41227,1179,3,28,1
41228,1179,4,24,1
41229,1179,5,15,0
41230,1179,6,29,1
41231,1179,7,22,1
41232,1179,8,21,1
41233,1179,9,17,0
41234,1179,10,35,1
41235,1179,11,30,1
41236,1179,12,14,0
41237,1179,13,19,1
41238,1179,14,17,1
41239,1179,15,14,0
41240,1179,16,39,2
41241,1179,17,18,0
41242,1179,18,15,1
41243,1179,19,25,1
41244,1179,20,17,0
41245,1179,21,24,1
41246,1179,22,28,1
41247,1179,23,26,0
41248,1179,24,11,1
41249,1179,25,40,2
41250,1179,26,17,0
41251,1179,27,28,1
41252,1179,28,33,1
41253,1179,29,29,1
41254,1179,30,50,0
41255,1179,31,14,0
41256,1179,32,33,2
41257,1179,33,26,1
41258,1179,34,13,0
41259,1179,35,24,1
41260,1180,1,19,1
41261,1180,2,34,0
41262,1180,3,66,3
41263,1180,4,24,1
41264,1180,5,29,1
41265,1180,6,24,0
41266,1180,7,49,1
41267,1180,8,30,0
41268,1180,9,41,2
41269,1180,10,77,3
41270,1180,11,45,1
41271,1180,12,41,1
41272,1180,13,21,1
41273,1180,14,27,1
41274,1180,15,33,2
41275,1180,16,24,1
41276,1180,17,48,0
41277,1180,18,17,0
41278,1180,19,35,2
41279,1180,20,19,1
41280,1180,21,50,2
41281,1180,22,39,2
41282,1180,23,47,0
41283,1180,24,23,1
41284,1180,25,10,0
41285,1180,26,14,1
41286,1180,27,23,0
41287,1180,28,50,2
41288,1180,29,47,1
41289,1180,30,47,1
41290,1180,31,8,0
41291,1180,32,16,1
41292,1180,33,19,1
41293,1180,34,54,0
41294,1180,35,72,2
41295,1181,1,23,0
41296,1181,2,66,3
41297,1181,3,23,1
41298,1181,4,29,1
41299,1181,5,39,0
41300,1181,6,31,1
41301,1181,7,38,0
41302,1181,8,15,0
41303,1181,9,20,0
41304,1181,10,30,1
41305,1181,11,41,2
41306,1181,12,57,1
41307,1181,13,30,0
41308,1181,14,49,1
41309,1181,15,57,2
41310,1181,16,36,0
41311,1181,17,47,2
41312,1181,18,11,0
41313,1181,19,80,3
41314,1181,20,44,2
41315,1181,21,74,2
41316,1181,22,31,0
41317,1181,23,43,2
41318,1181,24,32,0
41319,1181,25,42,0
41320,1181,26,67,3
41321,1181,27,35,1
41322,1181,28,37,1
41323,1181,29,33,2
41324,1181,30,27,1
41325,1181,31,67,1
41326,1181,32,46,1
41327,1181,33,45,1
41328,1181,34,73,2
41329,1181,35,14,1
41330,1182,1,57,3
41331,1182,2,21,1
41332,1182,3,30,0
41333,1182,4,22,1
41334,1182,5,34,2
41335,1182,6,38,2
41336,1182,7,13,1
41337,1182,8,52,2
41338,1182,9,29,1
41339,1182,10,32,1
41340,1182,11,30,1
41341,1182,12,31,1
41342,1182,13,39,1
41343,1182,14,42,2
41344,1182,15,20,1
41345,1182,16,27,1
41346,1182,17,20,0
41347,1182,18,21,1
41348,1182,19,40,1
41349,1182,20,29,0
41350,1182,21,23,0
41351,1182,22,25,1
41352,1182,23,20,0
41353,1182,24,17,1
41354,1182,25,15,1
41355,1182,26,25,1
41356,1182,27,46,3
41357,1182,28,28,1
41358,1182,29,28,1
41359,1182,30,17,0
41360,1182,31,53,2
41361,1182,32,25,1
41362,1182,33,42,1
41363,1182,34,17,0
41364,1182,35,10,0
41365,1183,1,41,1
41366,1183,2,26,0
41367,1183,3,43,1
41368,1183,4,27,1
41369,1183,5,16,1
41370,1183,6,51,2
41371,1183,7,24,0
41372,1183,8,23,0
41373,1183,9,28,1
41374,1183,10,26,1
41375,1183,11,63,2
41376,1183,12,25,0
41377,1183,13,8,0
41378,1183,14,15,1
41379,1183,15,5,0
41380,1183,16,11,0
41381,1183,17,22,1
41382,1183,18,33,0
41383,1183,19,17,1
41384,1183,20,61,2
41385,1183,21,26,1
41386,1183,22,17,1
41387,1183,23,17,1
41388,1183,24,17,0
41389,1183,25,27,0
41390,1183,26,15,0
41391,1183,27,54,2
41392,1183,28,11,0
41393,1183,29,12,1
41394,1183,30,19,1
41395,1183,31,13,0
41396,1183,32,31,1
41397,1183,33,46,2
41398,1183,34,18,1
41399,1183,35,85,3
41400,1184,1,55,1
41401,1184,2,36,2
41402,1184,3,42,2
41403,1184,4,39,1
41404,1184,5,39,2
41405,1184,6,11,0
41406,1184,7,57,1
41407,1184,8,30,1
41408,1184,9,23,1
41409,1184,10,38,2
41410,1184,11,34,2
41411,1184,12,39,2
41412,1184,13,30,0
41413,1184,14,37,2
41414,1184,15,59,2
41415,1184,16,32,1
41416,1184,17,35,1
41417,1184,18,36,2
41418,1184,19,19,0
41419,1184,20,26,1
41420,1184,21,42,3
41421,1184,22,27,1
41422,1184,23,24,1
41423,1184,24,29,1
41424,1184,25,21,1
41425,1184,26,44,1
41426,1184,27,15,0
41427,1184,28,25,1
41428,1184,29,90,1
41429,1184,30,37,2
41430,1184,31,40,1
41431,1184,32,36,1
41432,1184,33,31,1
41433,1184,34,14,1
41434,1184,35,33,1
41435,1185,1,36,0
41436,1185,2,41,1
41437,1185,3,48,2
41438,1185,4,57,2
41439,1185,5,49,1
41440,1185,6,65,2
41441,1185,7,26,1
41442,1185,8,51,2
41443,1185,9,50,2
41444,1185,10,14,1
41445,1185,11,38,2
41446,1185,12,20,1
41447,1185,13,60,3
41448,1185,14,54,2
41449,1185,15,34,2
41450,1185,16,48,0
41451,1185,17,85,1
41452,1185,18,37,2
41453,1185,19,58,1
41454,1185,20,59,3
41455,1185,21,33,0
41456,1185,22,32,1
41457,1185,23,81,4
41458,1185,24,56,2
41459,1185,25,54,2
41460,1185,26,21,1
41461,1185,27,45,1
41462,1185,28,20,1
41463,1185,29,22,1
41464,1185,30,33,2
41465,1185,31,60,3
41466,1185,32,54,3
41467,1185,33,51,3
41468,1185,34,29,2
41469,1185,35,76,2
41470,1186,1,33,1
41471,1186,2,20,0
41472,1186,3,28,0
41473,1186,4,89,3
41474,1186,5,27,1
41475,1186,6,87,2
41476,1186,7,18,1
41477,1186,8,39,2
41478,1186,9,31,1
41479,1186,10,32,2
41480,1186,11,29,0
41481,1186,12,47,2
41482,1186,13,11,0
41483,1186,14,42,2
41484,1186,15,17,1
41485,1186,16,19,1
41486,1186,17,31,0
41487,1186,18,62,1
41488,1186,19,51,1
41489,1186,20,24,1
41490,1186,21,29,1
41491,1186,22,52,3
41492,1186,23,30,0
41493,1186,24,49,3
41494,1186,25,61,2
41495,1186,26,67,3
41496,1186,27,44,1
41497,1186,28,69,1
41498,1186,29,23,0
41499,1186,30,25,1
41500,1186,31,21,1
41501,1186,32,55,3
41502,1186,33,27,1
41503,1186,34,46,1
41504,1186,35,50,2
41505,1187,1,46,1
41506,1187,2,27,1
41507,1187,3,40,0
41508,1187,4,28,0
41509,1187,5,45,1
41510,1187,6,69,3
41511,1187,7,21,1
41512,1187,8,16,0
41513,1187,9,46,2
41514,1187,10,53,2
41515,1187,11,37,1
41516,1187,12,28,2
41517,1187,13,36,1
41518,1187,14,22,0
41519,1187,15,44,2
41520,1187,16,23,1
41521,1187,17,33,1
41522,1187,18,20,0
41523,1187,19,16,1
41524,1187,20,26,0
41525,1187,21,14,0
41526,1187,22,24,1
41527,1187,23,20,0
41528,1187,24,32,1
41529,1187,25,12,0
41530,1187,26,37,2
41531,1187,27,49,1
41532,1187,28,25,1
41533,1187,29,18,1
41534,1187,30,39,0
41535,1187,31,36,2
41536,1187,32,38,2
41537,1187,33,62,0
41538,1187,34,17,0
41539,1187,35,21,0
41540,1188,1,40,2
41541,1188,2,44,0
41542,1188,3,55,1
41543,1188,4,38,2
41544,1188,5,68,2
41545,1188,6,27,1
41546,1188,7,45,1
41547,1188,8,37,1
41548,1188,9,30,1
41549,1188,10,24,0
41550,1188,11,16,0
41551,1188,12,78,3
41552,1188,13,51,1
41553,1188,14,69,3
41554,1188,15,55,2
41555,1188,16,59,1
41556,1188,17,55,0
41557,1188,18,14,0
41558,1188,19,24,1
41559,1188,20,50,2
41560,1188,21,70,2
41561,1188,22,57,3
41562,1188,23,73,2
41563,1188,24,39,1
41564,1188,25,72,2
41565,1188,26,67,2
41566,1188,27,50,0
41567,1188,28,34,1
41568,1188,29,46,2
41569,1188,30,32,0
41570,1188,31,79,2
41571,1188,32,50,3
41572,1188,33,14,0
41573,1188,34,93,5
41574,1188,35,28,1
41575,1189,1,37,1
41576,1189,2,107,5
41577,1189,3,42,1
41578,1189,4,36,1
41579,1189,5,83,2
41580,1189,6,22,1
41581,1189,7,34,2
41582,1189,8,40,2
41583,1189,9,48,2
41584,1189,10,55,1
41585,1189,11,35,2
41586,1189,12,58,2
41587,1189,13,72,3
41588,1189,14,18,1
41589,1189,15,131,7
41590,1189,16,63,0
41591,1189,17,67,2
41592,1189,18,86,1
41593,1189,19,21,0
41594,1189,20,60,1
41595,1189,21,43,1
41596,1189,22,25,1
41597,1189,23,82,0
41598,1189,24,41,0
41599,1189,25,44,0
41600,1189,26,71,1
41601,1189,27,61,1
41602,1189,28,42,1
41603,1189,29,35,2
41604,1189,30,70,3
41605,1189,31,114,6
41606,1189,32,72,2
41607,1189,33,35,2
41608,1189,34,28,1
41609,1189,35,45,1
41610,1190,1,31,1
41611,1190,2,36,1
41612,1190,3,28,0
41613,1190,4,47,1
41614,1190,5,62,2
41615,1190,6,25,0
41616,1190,7,46,1
41617,1190,8,26,1
41618,1190,9,39,1
41619,1190,10,38,1
41620,1190,11,30,1
41621,1190,12,24,1
41622,1190,13,56,3
41623,1190,14,25,1
41624,1190,15,15,0
41625,1190,16,57,2
41626,1190,17,24,0
41627,1190,18,33,0
41628,1190,19,30,1
41629,1190,20,49,1
41630,1190,21,20,0
41631,1190,22,65,4
41632,1190,23,51,2
41633,1190,24,21,0
41634,1190,25,69,0
41635,1190,26,66,1
41636,1190,27,55,2
41637,1190,28,19,1
41638,1190,29,48,3
41639,1190,30,40,2
41640,1190,31,46,2
41641,1190,32,39,0
41642,1190,33,44,3
41643,1190,34,18,0
41644,1190,35,26,1
41645,1191,1,32,0
41646,1191,2,18,1
41647,1191,3,33,0
41648,1191,4,33,1
41649,1191,5,21,1
41650,1191,6,25,1
41651,1191,7,23,1
41652,1191,8,30,0
41653,1191,9,24,1
41654,1191,10,44,3
41655,1191,11,31,1
41656,1191,12,11,1
41657,1191,13,63,4
41658,1191,14,31,1
41659,1191,15,25,1
41660,1191,16,40,1
41661,1191,17,17,1
41662,1191,18,23,0
41663,1191,19,32,1
41664,1191,20,23,1
41665,1191,21,29,0
41666,1191,22,23,1
41667,1191,23,35,1
41668,1191,24,41,1
41669,1191,25,25,0
41670,1191,26,56,2
41671,1191,27,32,1
41672,1191,28,44,1
41673,1191,29,51,1
41674,1191,30,30,1
41675,1191,31,35,0
41676,1191,32,43,1
41677,1191,33,25,1
41678,1191,34,41,2
41679,1191,35,58,3
41680,1192,1,40,2
41681,1192,2,18,1
41682,1192,3,57,1
41683,1192,4,91,5
41684,1192,5,50,1
41685,1192,6,58,1
41686,1192,7,64,4
41687,1192,8,46,2
41688,1192,9,52,0
41689,1192,10,31,2
41690,1192,11,69,4
41691,1192,12,71,0
41692,1192,13,85,2
41693,1192,14,39,1
41694,1192,15,61,3
41695,1192,16,35,0
41696,1192,17,44,1
41697,1192,18,75,4
41698,1192,19,54,3
41699,1192,20,85,2
41700,1192,21,47,1
41701,1192,22,42,2
41702,1192,23,37,1
41703,1192,24,28,1
41704,1192,25,27,1
41705,1192,26,100,3
41706,1192,27,36,1
41707,1192,28,31,1
41708,1192,29,53,3
41709,1192,30,37,1
41710,1192,31,64,2
41711,1192,32,101,1
41712,1192,33,27,1
41713,1192,34,41,2
41714,1192,35,65,3
41715,1193,1,89,0
41716,1193,2,78,4
41717,1193,3,50,2
41718,1193,4,92,2
41719,1193,5,30,1
41720,1193,6,41,1
41721,1193,7,144,6
41722,1193,8,124,2
41723,1193,9,65,1
41724,1193,10,115,4
41725,1193,11,91,3
41726,1193,12,95,5
41727,1193,13,60,2
41728,1193,14,82,3
41729,1193,15,70,1
41730,1193,16,61,0
41731,1193,17,103,3
41732,1193,18,75,4
41733,1193,19,55,3
41734,1193,20,79,3
41735,1193,21,85,3
41736,1193,22,63,2
41737,1193,23,103,3
41738,1193,24,102,0
41739,1193,25,44,0
41740,1193,26,86,3
41741,1193,27,44,1
41742,1193,28,93,2
41743,1193,29,34,1
41744,1193,30,46,2
41745,1193,31,94,4
41746,1193,32,29,1
41747,1193,33,100,3
41748,1193,34,84,3
41749,1193,35,138,2
41750,1194,1,37,1
41751,1194,2,68,3
41752,1194,3,20,0
41753,1194,4,104,3
41754,1194,5,43,2
41755,1194,6,39,1
41756,1194,7,54,2
41757,1194,8,62,0
41758,1194,9,64,3
41759,1194,10,62,2
41760,1194,11,45,1
41761,1194,12,46,1
41762,1194,13,41,1
41763,1194,14,114,2
41764,1194,15,80,3
41765,1194,16,88,3
41766,1194,17,42,0
41767,1194,18,50,0
41768,1194,19,33,1
41769,1194,20,92,3
41770,1194,21,48,2
41771,1194,22,34,2
41772,1194,23,86,0
41773,1194,24,62,4
41774,1194,25,34,1
41775,1194,26,25,0
41776,1194,27,49,2
41777,1194,28,23,1
41778,1194,29,28,0
41779,1194,30,19,1
41780,1194,31,39,1
41781,1194,32,60,2
41782,1194,33,16,0
41783,1194,34,21,1
41784,1194,35,82,0
41785,1195,1,29,0
41786,1195,2,45,1
41787,1195,3,35,2
41788,1195,4,31,0
41789,1195,5,44,1
41790,1195,6,37,2
41791,1195,7,74,2
41792,1195,8,28,1
41793,1195,9,27,1
41794,1195,10,41,0
41795,1195,11,86,0
41796,1195,12,30,2
41797,1195,13,39,2
41798,1195,14,91,2
41799,1195,15,61,2
41800,1195,16,44,1
41801,1195,17,101,6
41802,1195,18,34,0
41803,1195,19,34,2
41804,1195,20,17,0
41805,1195,21,89,3
41806,1195,22,46,0
41807,1195,23,47,1
41808,1195,24,48,1
41809,1195,25,63,2
41810,1195,26,37,1
41811,1195,27,64,3
41812,1195,28,59,2
41813,1195,29,48,2
41814,1195,30,48,1
41815,1195,31,47,2
41816,1195,32,36,1
41817,1195,33,17,1
41818,1195,34,34,1
41819,1195,35,24,0
41820,1196,1,25,1
41821,1196,2,50,1
41822,1196,3,42,1
41823,1196,4,66,3
41824,1196,5,57,3
41825,1196,6,79,2
41826,1196,7,53,2
41827,1196,8,77,3
41828,1196,9,30,1
41829,1196,10,35,1
41830,1196,11,72,3
41831,1196,12,36,0
41832,1196,13,57,3
41833,1196,14,60,3
41834,1196,15,78,3
41835,1196,16,40,1
41836,1196,17,70,3
41837,1196,18,14,1
41838,1196,19,46,3
41839,1196,20,118,6
41840,1196,21,60,1
41841,1196,22,18,0
41842,1196,23,20,0
41843,1196,24,38,2
41844,1196,25,91,0
41845,1196,26,104,4
41846,1196,27,48,2
41847,1196,28,73,2
41848,1196,29,62,4
41849,1196,30,72,4
41850,1196,31,47,1
41851,1196,32,73,4
41852,1196,33,213,3
41853,1196,34,69,0
41854,1196,35,83,2
41855,1197,1,22,0
41856,1197,2,46,2
41857,1197,3,20,1
41858,1197,4,76,2
41859,1197,5,45,1
41860,1197,6,95,4
41861,1197,7,88,2
41862,1197,8,135,3
41863,1197,9,71,3
41864,1197,10,72,1
41865,1197,11,76,4
41866,1197,12,29,1
41867,1197,13,26,1
41868,1197,14,65,3
41869,1197,15,46,2
41870,1197,16,31,0
41871,1197,17,59,3
41872,1197,18,53,3
41873,1197,19,51,1
41874,1197,20,65,2
41875,1197,21,114,5
41876,1197,22,14,0
41877,1197,23,97,0
41878,1197,24,33,0
41879,1197,25,67,3
41880,1197,26,71,2
41881,1197,27,115,2
41882,1197,28,66,1
41883,1197,29,65,3
41884,1197,30,90,2
41885,1197,31,60,2
41886,1197,32,99,2
41887,1197,33,33,1
41888,1197,34,108,6
41889,1197,35,110,2
41890,1198,1,91,2
41891,1198,2,58,1
41892,1198,3,82,4
41893,1198,4,31,0
41894,1198,5,90,3
41895,1198,6,97,4
41896,1198,7,50,2
41897,1198,8,23,0
41898,1198,9,71,4
41899,1198,10,53,1
41900,1198,11,72,4
41901,1198,12,66,3
41902,1198,13,39,1
41903,1198,14,30,0
41904,1198,15,48,1
41905,1198,16,90,5
41906,1198,17,29,1
41907,1198,18,29,0
41908,1198,19,58,1
41909,1198,20,44,2
41910,1198,21,55,3
41911,1198,22,82,5
41912,1198,23,37,0
41913,1198,24,89,4
41914,1198,25,42,0
41915,1198,26,14,0
41916,1198,27,99,3
41917,1198,28,55,2
41918,1198,29,68,4
41919,1198,30,83,3
41920,1198,31,37,1
41921,1198,32,52,3
41922,1198,33,33,1
41923,1198,34,88,1
41924,1198,35,44,0
41925,1199,1,30,0
41926,1199,2,59,3
41927,1199,3,24,0
41928,1199,4,44,3
41929,1199,5,33,1
41930,1199,6,21,0
41931,1199,7,52,2
41932,1199,8,55,2
41933,1199,9,30,0
41934,1199,10,35,1
41935,1199,11,39,2
41936,1199,12,31,1
41937,1199,13,36,1
41938,1199,14,33,2
41939,1199,15,46,1
41940,1199,16,35,0
41941,1199,17,20,1
41942,1199,18,41,0
41943,1199,19,51,3
41944,1199,20,30,0
41945,1199,21,28,2
41946,1199,22,62,3
41947,1199,23,77,2
41948,1199,24,44,1
41949,1199,25,34,0
41950,1199,26,9,0
41951,1199,27,32,2
41952,1199,28,69,4
41953,1199,29,39,1
41954,1199,30,62,3
41955,1199,31,35,1
41956,1199,32,68,3
41957,1199,33,55,2
41958,1199,34,30,0
41959,1199,35,25,1
41960,1200,1,76,3
41961,1200,2,138,0
41962,1200,3,40,0
41963,1200,4,34,1
41964,1200,5,84,4
41965,1200,6,80,4
41966,1200,7,80,2
41967,1200,8,57,1
41968,1200,9,27,1
41969,1200,10,28,1
41970,1200,11,42,1
41971,1200,12,44,0
41972,1200,13,53,1
41973,1200,14,28,1
41974,1200,15,37,0
41975,1200,16,42,2
41976,1200,17,50,1
41977,1200,18,50,1
41978,1200,19,58,3
41979,1200,20,37,2
41980,1200,21,69,4
41981,1200,22,28,0
41982,1200,23,29,1
41983,1200,24,58,3
41984,1200,25,47,2
41985,1200,26,104,4
41986,1200,27,58,1
41987,1200,28,134,3
41988,1200,29,30,1
41989,1200,30,29,0
41990,1200,31,72,2
41991,1200,32,100,3
41992,1200,33,27,0
41993,1200,34,55,0
41994,1200,35,78,1
41995,1201,1,45,1
41996,1201,2,26,1
41997,1201,3,77,1
41998,1201,4,43,2
41999,1201,5,18,1
42000,1201,6,48,1
42001,1201,7,44,1
42002,1201,8,60,1
42003,1201,9,43,2
42004,1201,10,41,1
42005,1201,11,49,2
42006,1201,12,46,2
42007,1201,13,57,2
42008,1201,14,46,1
42009,1201,15,20,0
42010,1201,16,21,0
42011,1201,17,38,0
42012,1201,18,22,0
42013,1201,19,48,2
42014,1201,20,20,1
42015,1201,21,20,1
42016,1201,22,52,3
42017,1201,23,42,1
42018,1201,24,36,0
42019,1201,25,10,0
42020,1201,26,37,1
42021,1201,27,42,2
42022,1201,28,20,1
42023,1201,29,27,2
42024,1201,30,68,4
42025,1201,31,61,2
42026,1201,32,34,1
42027,1201,33,54,1
42028,1201,34,44,1
42029,1201,35,18,1
42030,1202,1,50,1
42031,1202,2,15,0
42032,1202,3,17,1
42033,1202,4,15,1
42034,1202,5,20,1
42035,1202,6,54,1
42036,1202,7,35,1
42037,1202,8,14,0
42038,1202,9,42,1
42039,1202,10,22,1
42040,1202,11,31,2
42041,1202,12,21,1
42042,1202,13,25,1
42043,1202,14,34,1
42044,1202,15,18,1
42045,1202,16,33,2
42046,1202,17,19,1
42047,1202,18,13,0
42048,1202,19,47,1
42049,1202,20,23,1
42050,1202,21,20,0
42051,1202,22,23,1
42052,1202,23,13,1
42053,1202,24,20,0
42054,1202,25,30,1
42055,1202,26,39,1
42056,1202,27,26,1
42057,1202,28,20,0
42058,1202,29,35,2
42059,1202,30,34,1
42060,1202,31,50,2
42061,1202,32,36,2
42062,1202,33,15,1
42063,1202,34,27,1
42064,1202,35,39,0
42065,1203,1,19,1
42066,1203,2,15,0
42067,1203,3,25,1
42068,1203,4,20,1
42069,1203,5,20,1
42070,1203,6,16,0
42071,1203,7,36,1
42072,1203,8,9,0
42073,1203,9,33,1
42074,1203,10,19,0
42075,1203,11,39,1
42076,1203,12,9,1
42077,1203,13,26,1
42078,1203,14,16,1
42079,1203,15,25,1
42080,1203,16,54,2
42081,1203,17,27,1
42082,1203,18,38,0
42083,1203,19,17,0
42084,1203,20,15,0
42085,1203,21,21,1
42086,1203,22,17,1
42087,1203,23,35,2
42088,1203,24,19,1
42089,1203,25,24,1
42090,1203,26,27,1
42091,1203,27,8,0
42092,1203,28,4,0
42093,1203,29,10,0
42094,1203,30,11,0
42095,1203,31,25,1
42096,1203,32,35,2
42097,1203,33,32,0
42098,1203,34,19,0
42099,1203,35,25,0
42100,1204,1,23,1
42101,1204,2,27,0
42102,1204,3,48,1
42103,1204,4,41,2
42104,1204,5,32,1
42105,1204,6,44,2
42106,1204,7,26,1
42107,1204,8,28,0
42108,1204,9,25,0
42109,1204,10,35,1
42110,1204,11,69,2
42111,1204,12,25,0
42112,1204,13,33,1
42113,1204,14,31,1
42114,1204,15,40,2
42115,1204,16,25,1
42116,1204,17,25,1
42117,1204,18,31,2
42118,1204,19,32,1
42119,1204,20,51,1
42120,1204,21,20,1
42121,1204,22,31,1
42122,1204,23,76,2
42123,1204,24,52,2
42124,1204,25,36,2
42125,1204,26,43,0
42126,1204,27,42,1
42127,1204,28,23,1
42128,1204,29,54,2
42129,1204,30,57,1
42130,1204,31,30,1
42131,1204,32,20,1
42132,1204,33,30,0
42133,1204,34,22,1
42134,1204,35,43,1
42135,1205,1,21,0
42136,1205,2,52,2
42137,1205,3,74,3
42138,1205,4,30,2
42139,1205,5,34,2
42140,1205,6,77,3
42141,1205,7,25,1
42142,1205,8,26,0
42143,1205,9,45,3
42144,1205,10,17,1
42145,1205,11,57,2
42146,1205,12,48,1
42147,1205,13,45,3
42148,1205,14,38,1
42149,1205,15,38,1
42150,1205,16,40,2
42151,1205,17,44,2
42152,1205,18,34,1
42153,1205,19,42,2
42154,1205,20,43,2
42155,1205,21,13,1
42156,1205,22,65,4
42157,1205,23,56,1
42158,1205,24,35,0
42159,1205,25,67,2
42160,1205,26,20,1
42161,1205,27,39,1
42162,1205,28,72,2
42163,1205,29,48,2
42164,1205,30,35,1
42165,1205,31,30,2
42166,1205,32,48,2
42167,1205,33,33,1
42168,1205,34,31,0
42169,1205,35,58,2
42170,1206,1,35,0
42171,1206,2,49,1
42172,1206,3,12,0
42173,1206,4,31,1
42174,1206,5,21,1
42175,1206,6,5,0
42176,1206,7,69,2
42177,1206,8,24,1
42178,1206,9,33,1
42179,1206,10,46,1
42180,1206,11,38,2
42181,1206,12,38,1
42182,1206,13,30,1
42183,1206,14,20,0
42184,1206,15,16,1
42185,1206,16,46,0
42186,1206,17,14,0
42187,1206,18,49,0
42188,1206,19,29,1
42189,1206,20,17,1
42190,1206,21,37,1
42191,1206,22,16,1
42192,1206,23,37,1
42193,1206,24,40,2
42194,1206,25,17,0
42195,1206,26,27,1
42196,1206,27,22,0
42197,1206,28,20,1
42198,1206,29,23,0
42199,1206,30,26,1
42200,1206,31,51,2
42201,1206,32,31,0
42202,1206,33,31,0
42203,1206,34,32,1
42204,1206,35,14,0
42205,1207,1,9,0
42206,1207,2,29,1
42207,1207,3,27,1
42208,1207,4,38,1
42209,1207,5,29,1
42210,1207,6,27,1
42211,1207,7,16,1
42212,1207,8,9,1
42213,1207,9,13,0
42214,1207,10,15,1
42215,1207,11,26,0
42216,1207,12,30,1
42217,1207,13,21,0
42218,1207,14,17,0
42219,1207,15,22,1
42220,1207,16,33,1
42221,1207,17,14,0
42222,1207,18,16,1
42223,1207,19,7,0
42224,1207,20,18,1
42225,1207,21,46,2
42226,1207,22,38,1
42227,1207,23,17,1
42228,1207,24,5,0
42229,1207,25,17,0
42230,1207,26,7,0
42231,1207,27,21,0
42232,1207,28,30,0
42233,1207,29,11,0
42234,1207,30,19,0
42235,1207,31,13,1
42236,1207,32,28,1
42237,1207,33,17,0
42238,1207,34,28,2
42239,1207,35,11,0
42240,1208,1,52,2
42241,1208,2,25,1
42242,1208,3,38,2
42243,1208,4,9,0
42244,1208,5,31,1
42245,1208,6,28,1
42246,1208,7,35,2
42247,1208,8,11,0
42248,1208,9,33,0
42249,1208,10,24,0
42250,1208,11,14,1
42251,1208,12,31,0
42252,1208,13,28,1
42253,1208,14,28,1
42254,1208,15,20,1
42255,1208,16,32,2
42256,1208,17,39,1
42257,1208,18,45,2
42258,1208,19,20,1
42259,1208,20,30,2
42260,1208,21,68,2
42261,1208,22,46,2
42262,1208,23,40,2
42263,1208,24,30,1
42264,1208,25,39,1
42265,1208,26,21,0
42266,1208,27,12,0
42267,1208,28,30,1
42268,1208,29,25,1
42269,1208,30,58,1
42270,1208,31,37,2
42271,1208,32,45,1
42272,1208,33,17,0
42273,1208,34,16,1
42274,1208,35,65,1
42275,1209,1,40,0
42276,1209,2,49,1
42277,1209,3,43,2
42278,1209,4,45,2
42279,1209,5,21,1
42280,1209,6,41,2
42281,1209,7,61,2
42282,1209,8,76,2
42283,1209,9,58,1
42284,1209,10,44,2
42285,1209,11,33,1
42286,1209,12,39,2
42287,1209,13,83,4
42288,1209,14,44,1
42289,1209,15,39,2
42290,1209,16,43,2
42291,1209,17,18,0
42292,1209,18,39,2
42293,1209,19,34,1
42294,1209,20,20,0
42295,1209,21,38,0
42296,1209,22,45,1
42297,1209,23,36,2
42298,1209,24,92,4
42299,1209,25,42,2
42300,1209,26,22,1
42301,1209,27,53,1
42302,1209,28,39,1
42303,1209,29,29,1
42304,1209,30,39,1
42305,1209,31,54,3
42306,1209,32,45,1
42307,1209,33,79,2
42308,1209,34,72,2
42309,1209,35,29,1
42310,1210,1,30,0
42311,1210,2,31,0
42312,1210,3,27,1
42313,1210,4,39,2
42314,1210,5,23,1
42315,1210,6,21,1
42316,1210,7,32,1
42317,1210,8,35,2
42318,1210,9,18,1
42319,1210,10,22,0
42320,1210,11,59,4
42321,1210,12,32,2
42322,1210,13,34,1
42323,1210,14,53,1
42324,1210,15,10,0
42325,1210,16,50,2
42326,1210,17,62,1
42327,1210,18,28,1
42328,1210,19,17,1
42329,1210,20,59,2
42330,1210,21,27,1
42331,1210,22,65,2
42332,1210,23,34,0
42333,1210,24,29,1
42334,1210,25,12,1
42335,1210,26,33,1
42336,1210,27,22,1
42337,1210,28,35,2
42338,1210,29,44,1
42339,1210,30,58,2
42340,1210,31,33,0
42341,1210,32,40,2
42342,1210,33,58,2
42343,1210,34,22,0
42344,1210,35,11,0
42345,1211,1,8,0
42346,1211,2,17,1
42347,1211,3,7,0
42348,1211,4,29,1
42349,1211,5,22,1
42350,1211,6,11,0
42351,1211,7,45,0
42352,1211,8,29,1
42353,1211,9,16,0
42354,1211,10,21,1
42355,1211,11,27,0
42356,1211,12,25,0
42357,1211,13,13,0
42358,1211,14,26,1
42359,1211,15,47,0
42360,1211,16,14,0
42361,1211,17,60,2
42362,1211,18,17,0
42363,1211,19,21,0
42364,1211,20,13,0
42365,1211,21,36,1
42366,1211,22,7,0
42367,1211,23,26,1
42368,1211,24,8,0
42369,1211,25,18,0
42370,1211,26,43,1
42371,1211,27,19,1
42372,1211,28,43,1
42373,1211,29,46,1
42374,1211,30,17,0
42375,1211,31,18,1
42376,1211,32,22,1
42377,1211,33,26,0
42378,1211,34,19,1
42379,1211,35,40,2
42380,1212,1,37,2
42381,1212,2,18,1
42382,1212,3,38,2
42383,1212,4,16,1
42384,1212,5,40,1
42385,1212,6,17,1
42386,1212,7,39,2
42387,1212,8,26,1
42388,1212,9,62,1
42389,1212,10,55,1
42390,1212,11,21,1
42391,1212,12,24,1
42392,1212,13,36,0
42393,1212,14,53,3
42394,1212,15,52,1
42395,1212,16,44,1
42396,1212,17,10,1
42397,1212,18,24,1
42398,1212,19,26,1
42399,1212,20,33,1
42400,1212,21,39,2
42401,1212,22,27,1
42402,1212,23,92,5
42403,1212,24,80,1
42404,1212,25,59,0
42405,1212,26,27,0
42406,1212,27,44,2
42407,1212,28,31,1
42408,1212,29,59,2
42409,1212,30,59,3
42410,1212,31,30,1
42411,1212,32,54,0
42412,1212,33,26,1
42413,1212,34,64,0
42414,1212,35,45,2
42415,1213,1,26,0
42416,1213,2,43,2
42417,1213,3,65,3
42418,1213,4,76,4
42419,1213,5,34,1
42420,1213,6,44,1
42421,1213,7,84,2
42422,1213,8,81,2
42423,1213,9,65,1
42424,1213,10,60,1
42425,1213,11,45,2
42426,1213,12,52,1
42427,1213,13,63,0
42428,1213,14,80,3
42429,1213,15,61,3
42430,1213,16,38,2
42431,1213,17,46,0
42432,1213,18,49,1
42433,1213,19,20,1
42434,1213,20,74,4
42435,1213,21,78,3
42436,1213,22,39,2
42437,1213,23,18,1
42438,1213,24,30,2
42439,1213,25,55,0
42440,1213,26,55,1
42441,1213,27,53,2
42442,1213,28,76,2
42443,1213,29,40,2
42444,1213,30,58,2
42445,1213,31,54,2
42446,1213,32,51,2
42447,1213,33,51,2
42448,1213,34,51,1
42449,1213,35,81,2
42450,1214,1,13,0
42451,1214,2,23,1
42452,1214,3,37,2
42453,1214,4,15,1
42454,1214,5,24,1
42455,1214,6,48,3
42456,1214,7,47,1
42457,1214,8,31,1
42458,1214,9,16,0
42459,1214,10,29,1
42460,1214,11,29,0
42461,1214,12,24,1
42462,1214,13,33,2
42463,1214,14,24,0
42464,1214,15,66,3
42465,1214,16,29,1
42466,1214,17,33,0
42467,1214,18,46,3
42468,1214,19,35,2
42469,1214,20,32,1
42470,1214,21,10,1
42471,1214,22,79,4
42472,1214,23,34,0
42473,1214,24,42,2
42474,1214,25,52,1
42475,1214,26,47,1
42476,1214,27,29,0
42477,1214,28,57,3
42478,1214,29,59,2
42479,1214,30,26,0
42480,1214,31,51,0
42481,1214,32,37,2
42482,1214,33,43,1
42483,1214,34,32,1
42484,1214,35,32,0
42485,1215,1,27,1
42486,1215,2,19,1
42487,1215,3,46,2
42488,1215,4,26,1
42489,1215,5,61,1
42490,1215,6,46,3
42491,1215,7,24,1
42492,1215,8,21,0
42493,1215,9,23,1
42494,1215,10,45,1
42495,1215,11,24,1
42496,1215,12,11,0
42497,1215,13,14,0
42498,1215,14,68,3
42499,1215,15,38,1
42500,1215,16,41,1
42501,1215,17,36,1
42502,1215,18,18,0
42503,1215,19,40,1
42504,1215,20,57,1
42505,1215,21,28,1
42506,1215,22,24,1
42507,1215,23,27,0
42508,1215,24,54,3
42509,1215,25,38,0
42510,1215,26,20,0
42511,1215,27,62,3
42512,1215,28,45,1
42513,1215,29,9,0
42514,1215,30,24,0
42515,1215,31,21,1
42516,1215,32,37,1
42517,1215,33,15,1
42518,1215,34,22,0
42519,1215,35,40,1
42520,1216,1,15,0
42521,1216,2,61,2
42522,1216,3,26,1
42523,1216,4,139,7
42524,1216,5,20,0
42525,1216,6,110,4
42526,1216,7,13,0
42527,1216,8,32,1
42528,1216,9,46,1
42529,1216,10,21,1
42530,1216,11,52,1
42531,1216,12,28,1
42532,1216,13,27,1
42533,1216,14,56,3
42534,1216,15,10,0
42535,1216,16,59,3
42536,1216,17,47,2
42537,1216,18,20,0
42538,1216,19,26,1
42539,1216,20,24,0
42540,1216,21,14,1
42541,1216,22,28,0
42542,1216,23,73,2
42543,1216,24,38,1
42544,1216,25,15,0
42545,1216,26,38,1
42546,1216,27,40,2
42547,1216,28,36,2
42548,1216,29,15,1
42549,1216,30,46,1
42550,1216,31,89,1
42551,1216,32,37,2
42552,1216,33,56,0
42553,1216,34,28,0
42554,1216,35,55,1
42555,1217,1,100,5
42556,1217,2,71,3
42557,1217,3,65,4
42558,1217,4,61,3
42559,1217,5,76,3
42560,1217,6,46,1
42561,1217,7,77,2
42562,1217,8,22,0
42563,1217,9,67,1
42564,1217,10,78,3
42565,1217,11,56,2
42566,1217,12,77,3
42567,1217,13,51,0
42568,1217,14,28,2
42569,1217,15,86,2
42570,1217,16,32,1
42571,1217,17,54,1
42572,1217,18,18,1
42573,1217,19,88,4
42574,1217,20,67,3
42575,1217,21,58,2
42576,1217,22,75,1
42577,1217,23,101,1
42578,1217,24,34,1
42579,1217,25,59,3
42580,1217,26,13,1
42581,1217,27,120,0
42582,1217,28,146,3
42583,1217,29,49,2
42584,1217,30,58,2
42585,1217,31,53,2
42586,1217,32,79,2
42587,1217,33,66,2
42588,1217,34,76,3
42589,1217,35,61,2
42590,1218,1,30,0
42591,1218,2,20,1
42592,1218,3,23,1
42593,1218,4,38,2
42594,1218,5,63,1
42595,1218,6,45,2
42596,1218,7,54,2
42597,1218,8,18,1
42598,1218,9,27,1
42599,1218,10,61,3
42600,1218,11,25,1
42601,1218,12,60,0
42602,1218,13,47,1
42603,1218,14,26,1
42604,1218,15,19,1
42605,1218,16,23,1
42606,1218,17,64,1
42607,1218,18,79,0
42608,1218,19,17,1
42609,1218,20,51,0
42610,1218,21,25,1
42611,1218,22,28,1
42612,1218,23,47,0
42613,1218,24,49,0
42614,1218,25,35,0
42615,1218,26,85,1
42616,1218,27,68,4
42617,1218,28,60,3
42618,1218,29,43,2
42619,1218,30,54,3
42620,1218,31,42,0
42621,1218,32,66,2
42622,1218,33,53,1
42623,1218,34,26,1
42624,1218,35,30,1
42625,1219,1,25,1
42626,1219,2,86,1
42627,1219,3,45,0
42628,1219,4,42,0
42629,1219,5,24,1
42630,1219,6,37,1
42631,1219,7,34,0
42632,1219,8,55,3
42633,1219,9,24,1
42634,1219,10,70,3
42635,1219,11,31,2
42636,1219,12,23,1
42637,1219,13,34,2
42638,1219,14,19,0
42639,1219,15,25,0
42640,1219,16,32,1
42641,1219,17,29,1
42642,1219,18,32,0
42643,1219,19,75,2
42644,1219,20,29,1
42645,1219,21,36,2
42646,1219,22,62,2
42647,1219,23,53,1
42648,1219,24,47,3
42649,1219,25,34,1
42650,1219,26,37,2
42651,1219,27,62,1
42652,1219,28,34,1
42653,1219,29,33,1
42654,1219,30,25,0
42655,1219,31,36,2
42656,1219,32,29,1
42657,1219,33,31,0
42658,1219,34,40,0
42659,1219,35,24,1
42660,1220,1,82,4
42661,1220,2,43,2
42662,1220,3,48,1
42663,1220,4,65,4
42664,1220,5,33,1
42665,1220,6,47,2
42666,1220,7,35,2
42667,1220,8,96,3
42668,1220,9,68,3
42669,1220,10,32,1
42670,1220,11,36,1
42671,1220,12,25,1
42672,1220,13,85,0
42673,1220,14,67,0
42674,1220,15,59,3
42675,1220,16,45,3
42676,1220,17,49,2
42677,1220,18,53,3
42678,1220,19,71,3
42679,1220,20,62,2
42680,1220,21,39,1
42681,1220,22,41,1
42682,1220,23,58,1
42683,1220,24,24,1
42684,1220,25,52,1
42685,1220,26,46,1
42686,1220,27,52,1
42687,1220,28,37,2
42688,1220,29,46,3
42689,1220,30,34,2
42690,1220,31,48,1
42691,1220,32,40,0
42692,1220,33,36,1
42693,1220,34,40,2
42694,1220,35,74,4
42695,1221,1,47,3
42696,1221,2,93,3
42697,1221,3,115,6
42698,1221,4,48,2
42699,1221,5,111,6
42700,1221,6,110,4
42701,1221,7,66,2
42702,1221,8,48,1
42703,1221,9,74,4
42704,1221,10,145,3
42705,1221,11,56,3
42706,1221,12,84,0
42707,1221,13,52,0
42708,1221,14,75,4
42709,1221,15,57,1
42710,1221,16,111,0
42711,1221,17,96,3
42712,1221,18,117,6
42713,1221,19,48,2
42714,1221,20,102,6
42715,1221,21,42,2
42716,1221,22,53,3
42717,1221,23,44,2
42718,1221,24,99,2
42719,1221,25,132,0
42720,1221,26,135,3
42721,1221,27,68,4
42722,1221,28,63,4
42723,1221,29,57,2
42724,1221,30,71,2
42725,1221,31,90,2
42726,1221,32,97,4
42727,1221,33,76,3
42728,1221,34,89,1
42729,1221,35,61,2
42730,1222,1,31,1
42731,1222,2,77,3
42732,1222,3,50,2
42733,1222,4,33,1
42734,1222,5,84,2
42735,1222,6,68,3
42736,1222,7,42,2
42737,1222,8,113,5
42738,1222,9,83,3
42739,1222,10,94,0
42740,1222,11,61,1
42741,1222,12,45,1
42742,1222,13,92,3
42743,1222,14,53,3
42744,1222,15,57,2
42745,1222,16,29,1
42746,1222,17,77,3
42747,1222,18,31,0
42748,1222,19,68,3
42749,1222,20,39,2
42750,1222,21,66,2
42751,1222,22,59,3
42752,1222,23,24,0
42753,1222,24,62,2
42754,1222,25,22,1
42755,1222,26,48,2
42756,1222,27,42,1
42757,1222,28,34,1
42758,1222,29,34,1
42759,1222,30,35,0
42760,1222,31,21,0
42761,1222,32,85,5
42762,1222,33,107,6
42763,1222,34,36,1
42764,1222,35,49,2
42765,1223,1,56,2
42766,1223,2,22,1
42767,1223,3,70,0
42768,1223,4,48,1
42769,1223,5,47,2
42770,1223,6,33,1
42771,1223,7,32,2
42772,1223,8,25,1
42773,1223,9,47,2
42774,1223,10,21,1
42775,1223,11,29,2
42776,1223,12,40,2
42777,1223,13,31,2
42778,1223,14,25,1
42779,1223,15,26,0
42780,1223,16,53,3
42781,1223,17,36,0
42782,1223,18,34,1
42783,1223,19,34,2
42784,1223,20,55,2
42785,1223,21,32,2
42786,1223,22,20,1
42787,1223,23,59,3
42788,1223,24,27,0
42789,1223,25,26,1
42790,1223,26,40,1
42791,1223,27,66,1
42792,1223,28,32,2
42793,1223,29,51,1
42794,1223,30,43,0
42795,1223,31,34,1
42796,1223,32,41,1
42797,1223,33,36,0
42798,1223,34,78,1
42799,1223,35,54,3
42800,1224,1,59,3
42801,1224,2,41,2
42802,1224,3,54,1
42803,1224,4,38,2
42804,1224,5,43,2
42805,1224,6,87,3
42806,1224,7,40,1
42807,1224,8,46,3
42808,1224,9,72,2
42809,1224,10,41,0
42810,1224,11,23,1
42811,1224,12,61,2
42812,1224,13,34,2
42813,1224,14,61,0
42814,1224,15,59,2
42815,1224,16,88,0
42816,1224,17,83,4
42817,1224,18,95,4
42818,1224,19,58,3
42819,1224,20,32,2
42820,1224,21,56,1
42821,1224,22,55,3
42822,1224,23,107,0
42823,1224,24,92,4
42824,1224,25,68,0
42825,1224,26,99,0
42826,1224,27,70,1
42827,1224,28,49,1
42828,1224,29,100,4
42829,1224,30,41,1
42830,1224,31,93,4
42831,1224,32,29,0
42832,1224,33,91,0
42833,1224,34,31,1
42834,1224,35,36,2
42835,1225,1,48,2
42836,1225,2,49,1
42837,1225,3,18,1
42838,1225,4,58,1
42839,1225,5,62,3
42840,1225,6,58,1
42841,1225,7,80,2
42842,1225,8,75,1
42843,1225,9,108,4
42844,1225,10,140,3
42845,1225,11,75,1
42846,1225,12,56,0
42847,1225,13,68,3
42848,1225,14,34,1
42849,1225,15,53,1
42850,1225,16,35,1
42851,1225,17,42,2
42852,1225,18,45,2
42853,1225,19,90,5
42854,1225,20,32,1
42855,1225,21,68,4
42856,1225,22,95,4
42857,1225,23,98,0
42858,1225,24,35,0
42859,1225,25,67,0
42860,1225,26,42,1
42861,1225,27,98,5
42862,1225,28,41,0
42863,1225,29,134,7
42864,1225,30,109,1
42865,1225,31,65,2
42866,1225,32,85,2
42867,1225,33,62,1
42868,1225,34,49,2
42869,1225,35,95,4
42870,1226,1,48,0
42871,1226,2,45,1
42872,1226,3,30,1
42873,1226,4,57,1
42874,1226,5,40,1
42875,1226,6,17,0
42876,1226,7,41,1
42877,1226,8,35,1
42878,1226,9,43,1
42879,1226,10,36,0
42880,1226,11,64,1
42881,1226,12,44,0
42882,1226,13,55,2
42883,1226,14,17,0
42884,1226,15,49,1
42885,1226,16,43,1
42886,1226,17,125,0
42887,1226,18,33,2
42888,1226,19,72,1
42889,1226,20,35,1
42890,1226,21,67,3
42891,1226,22,59,1
42892,1226,23,29,0
42893,1226,24,31,1
42894,1226,25,22,0
42895,1226,26,40,2
42896,1226,27,34,2
42897,1226,28,82,2
42898,1226,29,60,1
42899,1226,30,37,1
42900,1226,31,40,1
42901,1226,32,70,3
42902,1226,33,23,1
42903,1226,34,39,1
42904,1226,35,73,4
42905,1227,1,19,1
42906,1227,2,27,1
42907,1227,3,10,1
42908,1227,4,44,2
42909,1227,5,57,1
42910,1227,6,70,2
42911,1227,7,32,1
42912,1227,8,45,2
42913,1227,9,25,1
42914,1227,10,14,1
42915,1227,11,11,1
42916,1227,12,33,1
42917,1227,13,23,0
42918,1227,14,51,1
42919,1227,15,27,0
42920,1227,16,67,1
42921,1227,17,88,3
42922,1227,18,28,0
42923,1227,19,41,2
42924,1227,20,40,1
42925,1227,21,50,1
42926,1227,22,20,0
42927,1227,23,54,2
42928,1227,24,16,1
42929,1227,25,38,0
42930,1227,26,32,0
42931,1227,27,36,0
42932,1227,28,54,2
42933,1227,29,58,3
42934,1227,30,25,0
42935,1227,31,39,1
42936,1227,32,82,2
42937,1227,33,56,0
42938,1227,34,47,1
42939,1227,35,90,4
42940,1228,1,75,1
42941,1228,2,93,0
42942,1228,3,72,1
42943,1228,4,35,2
42944,1228,5,37,2
42945,1228,6,56,2
42946,1228,7,58,3
42947,1228,8,86,2
42948,1228,9,66,2
42949,1228,10,104,6
42950,1228,11,40,2
42951,1228,12,107,4
42952,1228,13,18,1
42953,1228,14,29,1
42954,1228,15,67,2
42955,1228,16,51,2
42956,1228,17,62,0
42957,1228,18,57,2
42958,1228,19,126,7
42959,1228,20,61,3
42960,1228,21,149,3
42961,1228,22,50,1
42962,1228,23,68,0
42963,1228,24,24,0
42964,1228,25,58,1
42965,1228,26,33,0
42966,1228,27,43,0
42967,1228,28,49,2
42968,1228,29,101,2
42969,1228,30,80,1
42970,1228,31,58,2
42971,1228,32,27,0
42972,1228,33,35,1
42973,1228,34,19,0
42974,1228,35,57,2
42975,1229,1,42,2
42976,1229,2,50,1
42977,1229,3,28,1
42978,1229,4,26,1
42979,1229,5,76,1
42980,1229,6,24,0
42981,1229,7,39,2
42982,1229,8,63,2
42983,1229,9,33,0
42984,1229,10,27,1
42985,1229,11,40,1
42986,1229,12,27,1
42987,1229,13,34,2
42988,1229,14,35,2
42989,1229,15,58,2
42990,1229,16,38,2
42991,1229,17,68,2
42992,1229,18,72,4
42993,1229,19,43,2
42994,1229,20,35,1
42995,1229,21,30,1
42996,1229,22,30,1
42997,1229,23,41,1
42998,1229,24,40,0
42999,1229,25,13,1
43000,1229,26,43,2
43001,1229,27,44,1
43002,1229,28,20,0
43003,1229,29,55,3
43004,1229,30,10,0
43005,1229,31,49,2
43006,1229,32,33,0
43007,1229,33,40,2
43008,1229,34,24,1
43009,1229,35,46,3
43010,1230,1,20,1
43011,1230,2,52,2
43012,1230,3,14,1
43013,1230,4,23,1
43014,1230,5,32,1
43015,1230,6,37,1
43016,1230,7,36,2
43017,1230,8,23,1
43018,1230,9,57,2
43019,1230,10,25,1
43020,1230,11,19,1
43021,1230,12,26,0
43022,1230,13,28,1
43023,1230,14,15,0
43024,1230,15,11,1
43025,1230,16,69,1
43026,1230,17,21,0
43027,1230,18,44,2
43028,1230,19,40,2
43029,1230,20,14,0
43030,1230,21,17,0
43031,1230,22,36,0
43032,1230,23,25,1
43033,1230,24,28,2
43034,1230,25,27,1
43035,1230,26,47,3
43036,1230,27,20,1
43037,1230,28,21,1
43038,1230,29,38,1
43039,1230,30,43,1
43040,1230,31,32,1
43041,1230,32,50,1
43042,1230,33,23,1
43043,1230,34,46,1
43044,1230,35,38,2
43045,1231,1,12,1
43046,1231,2,32,1
43047,1231,3,38,0
43048,1231,4,24,1
43049,1231,5,62,1
43050,1231,6,18,1
43051,1231,7,14,0
43052,1231,8,54,2
43053,1231,9,24,0
43054,1231,10,40,0
43055,1231,11,21,1
43056,1231,12,11,0
43057,1231,13,14,0
43058,1231,14,21,1
43059,1231,15,25,0
43060,1231,16,17,1
43061,1231,17,28,1
43062,1231,18,37,0
43063,1231,19,16,0
43064,1231,20,31,0
43065,1231,21,37,2
43066,1231,22,15,1
43067,1231,23,18,0
43068,1231,24,21,1
43069,1231,25,9,0
43070,1231,26,23,1
43071,1231,27,22,0
43072,1231,28,25,1
43073,1231,29,29,1
43074,1231,30,14,0
43075,1231,31,9,0
43076,1231,32,28,1
43077,1231,33,20,0
43078,1231,34,25,0
43079,1231,35,9,0
43080,1232,1,47,3
43081,1232,2,39,0
43082,1232,3,40,1
43083,1232,4,28,1
43084,1232,5,54,3
43085,1232,6,38,1
43086,1232,7,24,1
43087,1232,8,14,1
43088,1232,9,28,1
43089,1232,10,37,2
43090,1232,11,27,1
43091,1232,12,48,0
43092,1232,13,23,1
43093,1232,14,27,1
43094,1232,15,27,1
43095,1232,16,43,0
43096,1232,17,30,1
43097,1232,18,20,0
43098,1232,19,14,0
43099,1232,20,86,1
43100,1232,21,31,2
43101,1232,22,31,1
43102,1232,23,12,0
43103,1232,24,32,1
43104,1232,25,40,2
43105,1232,26,25,0
43106,1232,27,39,0
43107,1232,28,41,1
43108,1232,29,29,1
43109,1232,30,103,2
43110,1232,31,15,1
43111,1232,32,21,0
43112,1232,33,23,1
43113,1232,34,42,1
43114,1232,35,31,2
43115,1233,1,42,1
43116,1233,2,37,1
43117,1233,3,8,0
43118,1233,4,80,4
43119,1233,5,35,1
43120,1233,6,23,1
43121,1233,7,53,1
43122,1233,8,83,4
43123,1233,9,26,1
43124,1233,10,86,3
43125,1233,11,75,3
43126,1233,12,42,0
43127,1233,13,27,0
43128,1233,14,13,0
43129,1233,15,39,2
43130,1233,16,40,2
43131,1233,17,44,2
43132,1233,18,38,2
43133,1233,19,15,1
43134,1233,20,66,2
43135,1233,21,40,0
43136,1233,22,35,1
43137,1233,23,13,1
43138,1233,24,27,0
43139,1233,25,34,1
43140,1233,26,77,3
43141,1233,27,33,2
43142,1233,28,19,1
43143,1233,29,52,1
43144,1233,30,43,1
43145,1233,31,32,1
43146,1233,32,53,1
43147,1233,33,39,2
43148,1233,34,23,1
43149,1233,35,74,2
43150,1234,1,39,1
43151,1234,2,23,1
43152,1234,3,44,1
43153,1234,4,37,2
43154,1234,5,18,1
43155,1234,6,17,1
43156,1234,7,47,3
43157,1234,8,60,1
43158,1234,9,25,1
43159,1234,10,15,1
43160,1234,11,18,1
43161,1234,12,10,0
43162,1234,13,25,1
43163,1234,14,13,0
43164,1234,15,50,1
43165,1234,16,17,1
43166,1234,17,30,2
43167,1234,18,35,2
43168,1234,19,21,1
43169,1234,20,34,1
43170,1234,21,48,2
43171,1234,22,51,1
43172,1234,23,35,1
43173,1234,24,19,1
43174,1234,25,53,1
43175,1234,26,32,2
43176,1234,27,28,1
43177,1234,28,29,1
43178,1234,29,24,1
43179,1234,30,19,0
43180,1234,31,25,0
43181,1234,32,35,1
43182,1234,33,22,1
43183,1234,34,57,3
43184,1234,35,38,0
43185,1235,1,47,2
43186,1235,2,21,1
43187,1235,3,16,0
43188,1235,4,41,1
43189,1235,5,13,0
43190,1235,6,13,1
43191,1235,7,29,1
43192,1235,8,28,1
43193,1235,9,11,1
43194,1235,10,18,1
43195,1235,11,20,0
43196,1235,12,28,1
43197,1235,13,9,0
43198,1235,14,27,1
43199,1235,15,17,0
43200,1235,16,15,1
43201,1235,17,20,1
43202,1235,18,29,0
43203,1235,19,33,1
43204,1235,20,46,3
43205,1235,21,18,1
43206,1235,22,19,1
43207,1235,23,9,0
43208,1235,24,21,1
43209,1235,25,30,1
43210,1235,26,41,2
43211,1235,27,14,0
43212,1235,28,7,0
43213,1235,29,19,1
43214,1235,30,37,0
43215,1235,31,25,1
43216,1235,32,8,0
43217,1235,33,19,0
43218,1235,34,29,1
43219,1235,35,22,0
43220,1236,1,68,0
43221,1236,2,31,1
43222,1236,3,48,1
43223,1236,4,66,0
43224,1236,5,28,0
43225,1236,6,32,2
43226,1236,7,47,2
43227,1236,8,21,1
43228,1236,9,29,1
43229,1236,10,33,1
43230,1236,11,80,4
43231,1236,12,36,0
43232,1236,13,18,0
43233,1236,14,31,1
43234,1236,15,43,1
43235,1236,16,34,1
43236,1236,17,31,0
43237,1236,18,33,2
43238,1236,19,14,0
43239,1236,20,28,1
43240,1236,21,44,2
43241,1236,22,21,1
43242,1236,23,11,0
43243,1236,24,31,1
43244,1236,25,18,1
43245,1236,26,27,0
43246,1236,27,8,0
43247,1236,28,76,2
43248,1236,29,31,1
43249,1236,30,22,0
43250,1236,31,36,2
43251,1236,32,17,0
43252,1236,33,24,0
43253,1236,34,45,2
43254,1236,35,29,1
43255,1237,1,26,1
43256,1237,2,27,0
43257,1237,3,31,1
43258,1237,4,45,2
43259,1237,5,34,1
43260,1237,6,38,2
43261,1237,7,61,2
43262,1237,8,45,0
43263,1237,9,21,1
43264,1237,10,38,1
43265,1237,11,27,1
43266,1237,12,60,0
43267,1237,13,28,1
43268,1237,14,41,1
43269,1237,15,49,2
43270,1237,16,74,0
43271,1237,17,74,2
43272,1237,18,39,0
43273,1237,19,34,2
43274,1237,20,50,2
43275,1237,21,70,3
43276,1237,22,41,1
43277,1237,23,22,1
43278,1237,24,73,3
43279,1237,25,40,2
43280,1237,26,85,3
43281,1237,27,35,1
43282,1237,28,39,0
43283,1237,29,22,0
43284,1237,30,47,3
43285,1237,31,29,2
43286,1237,32,45,2
43287,1237,33,43,0
43288,1237,34,52,1
43289,1237,35,49,2
43290,1238,1,17,0
43291,1238,2,52,3
43292,1238,3,30,1
43293,1238,4,39,1
43294,1238,5,26,1
43295,1238,6,43,1
43296,1238,7,38,2
43297,1238,8,29,0
43298,1238,9,37,1
43299,1238,10,38,0
43300,1238,11,12,1
43301,1238,12,42,2
43302,1238,13,40,2
43303,1238,14,32,1
43304,1238,15,46,2
43305,1238,16,23,1
43306,1238,17,51,0
43307,1238,18,65,3
43308,1238,19,30,2
43309,1238,20,16,1
43310,1238,21,21,1
43311,1238,22,50,1
43312,1238,23,30,1
43313,1238,24,52,2
43314,1238,25,15,0
43315,1238,26,24,0
43316,1238,27,16,0
43317,1238,28,34,1
43318,1238,29,29,1
43319,1238,30,31,0
43320,1238,31,16,0
43321,1238,32,49,1
43322,1238,33,33,0
43323,1238,34,16,0
43324,1238,35,27,1
43325,1239,1,21,1
43326,1239,2,24,1
43327,1239,3,19,0
43328,1239,4,6,0
43329,1239,5,28,1
43330,1239,6,44,1
43331,1239,7,24,1
43332,1239,8,12,0
43333,1239,9,16,1
43334,1239,10,22,1
43335,1239,11,13,0
43336,1239,12,44,1
43337,1239,13,17,0
43338,1239,14,27,1
43339,1239,15,19,0
43340,1239,16,16,0
43341,1239,17,51,1
43342,1239,18,16,1
43343,1239,19,32,1
43344,1239,20,25,1
43345,1239,21,39,1
43346,1239,22,16,1
43347,1239,23,18,1
43348,1239,24,29,1
43349,1239,25,31,2
43350,1239,26,24,1
43351,1239,27,11,0
43352,1239,28,22,0
43353,1239,29,16,1
43354,1239,30,41,0
43355,1239,31,18,1
43356,1239,32,38,2
43357,1239,33,45,0
43358,1239,34,33,1
43359,1239,35,18,0
43360,1240,1,18,0
43361,1240,2,29,2
43362,1240,3,23,0
43363,1240,4,21,0
43364,1240,5,20,1
43365,1240,6,19,1
43366,1240,7,24,1
43367,1240,8,98,4
43368,1240,9,46,1
43369,1240,10,43,2
43370,1240,11,35,2
43371,1240,12,44,0
43372,1240,13,44,2
43373,1240,14,40,1
43374,1240,15,23,1
43375,1240,16,36,2
43376,1240,17,26,0
43377,1240,18,47,1
43378,1240,19,55,1
43379,1240,20,33,1
43380,1240,21,40,1
43381,1240,22,48,2
43382,1240,23,42,1
43383,1240,24,39,1
43384,1240,25,20,1
43385,1240,26,11,1
43386,1240,27,23,1
43387,1240,28,32,1
43388,1240,29,20,1
43389,1240,30,40,2
43390,1240,31,20,1
43391,1240,32,30,1
43392,1240,33,28,0
43393,1240,34,41,2
43394,1240,35,89,3
43395,1241,1,53,3
43396,1241,2,32,2
43397,1241,3,106,1
43398,1241,4,24,1
43399,1241,5,30,1
43400,1241,6,48,2
43401,1241,7,62,1
43402,1241,8,25,1
43403,1241,9,38,2
43404,1241,10,77,1
43405,1241,11,41,1
43406,1241,12,45,0
43407,1241,13,63,2
43408,1241,14,37,1
43409,1241,15,37,1
43410,1241,16,29,0
43411,1241,17,53,1
43412,1241,18,29,0
43413,1241,19,55,3
43414,1241,20,117,4
43415,1241,21,38,2
43416,1241,22,22,1
43417,1241,23,61,1
43418,1241,24,36,0
43419,1241,25,47,1
43420,1241,26,105,4
43421,1241,27,26,1
43422,1241,28,18,0
43423,1241,29,45,1
43424,1241,30,29,1
43425,1241,31,38,0
43426,1241,32,67,1
43427,1241,33,39,0
43428,1241,34,39,2
43429,1241,35,57,3
43430,1242,1,34,1
43431,1242,2,46,2
43432,1242,3,29,1
43433,1242,4,25,1
43434,1242,5,16,1
43435,1242,6,21,0
43436,1242,7,90,5
43437,1242,8,20,1
43438,1242,9,43,3
43439,1242,10,31,0
43440,1242,11,58,2
43441,1242,12,31,1
43442,1242,13,43,2
43443,1242,14,32,1
43444,1242,15,8,0
43445,1242,16,23,1
43446,1242,17,20,1
43447,1242,18,29,1
43448,1242,19,24,0
43449,1242,20,29,1
43450,1242,21,39,1
43451,1242,22,52,2
43452,1242,23,28,1
43453,1242,24,15,0
43454,1242,25,18,0
43455,1242,26,22,1
43456,1242,27,33,1
43457,1242,28,34,1
43458,1242,29,41,1
43459,1242,30,29,0
43460,1242,31,45,2
43461,1242,32,34,1
43462,1242,33,32,2
43463,1242,34,28,1
43464,1242,35,27,0
43465,1243,1,40,2
43466,1243,2,54,1
43467,1243,3,23,1
43468,1243,4,16,1
43469,1243,5,43,3
43470,1243,6,15,0
43471,1243,7,17,1
43472,1243,8,48,3
43473,1243,9,31,1
43474,1243,10,25,0
43475,1243,11,21,1
43476,1243,12,28,0
43477,1243,13,12,1
43478,1243,14,15,0
43479,1243,15,21,1
43480,1243,16,21,1
43481,1243,17,19,1
43482,1243,18,30,1
43483,1243,19,8,0
43484,1243,20,42,0
43485,1243,21,7,0
43486,1243,22,31,2
43487,1243,23,17,1
43488,1243,24,24,1
43489,1243,25,33,0
43490,1243,26,23,1
43491,1243,27,25,0
43492,1243,28,24,1
43493,1243,29,22,0
43494,1243,30,21,1
43495,1243,31,23,1
43496,1243,32,13,0
43497,1243,33,29,1
43498,1243,34,32,1
43499,1243,35,45,0
43500,1244,1,29,0
43501,1244,2,58,3
43502,1244,3,82,4
43503,1244,4,40,2
43504,1244,5,29,1
43505,1244,6,42,1
43506,1244,7,52,2
43507,1244,8,34,1
43508,1244,9,21,1
43509,1244,10,52,2
43510,1244,11,99,5
43511,1244,12,26,0
43512,1244,13,82,5
43513,1244,14,49,3
43514,1244,15,39,1
43515,1244,16,44,2
43516,1244,17,25,0
43517,1244,18,41,2
43518,1244,19,29,1
43519,1244,20,23,1
43520,1244,21,53,3
43521,1244,22,51,2
43522,1244,23,21,1
43523,1244,24,11,1
43524,1244,25,50,1
43525,1244,26,61,2
43526,1244,27,47,2
43527,1244,28,31,1
43528,1244,29,73,1
43529,1244,30,55,3
43530,1244,31,21,1
43531,1244,32,48,2
43532,1244,33,45,2
43533,1244,34,52,1
43534,1244,35,8,0
43535,1245,1,33,0
43536,1245,2,77,3
43537,1245,3,71,1
43538,1245,4,58,1
43539,1245,5,76,3
43540,1245,6,83,1
43541,1245,7,45,2
43542,1245,8,48,1
43543,1245,9,44,3
43544,1245,10,104,4
43545,1245,11,56,1
43546,1245,12,38,2
43547,1245,13,50,1
43548,1245,14,84,3
43549,1245,15,102,2
43550,1245,16,53,0
43551,1245,17,76,1
43552,1245,18,38,2
43553,1245,19,65,4
43554,1245,20,29,1
43555,1245,21,95,2
43556,1245,22,93,2
43557,1245,23,34,2
43558,1245,24,53,0
43559,1245,25,66,3
43560,1245,26,67,2
43561,1245,27,110,0
43562,1245,28,78,0
43563,1245,29,32,1
43564,1245,30,87,3
43565,1245,31,76,4
43566,1245,32,114,0
43567,1245,33,71,4
43568,1245,34,63,2
43569,1245,35,111,5
43570,1246,1,55,2
43571,1246,2,58,3
43572,1246,3,33,2
43573,1246,4,29,1
43574,1246,5,34,1
43575,1246,6,27,1
43576,1246,7,44,2
43577,1246,8,43,2
43578,1246,9,20,1
43579,1246,10,33,0
43580,1246,11,35,0
43581,1246,12,33,1
43582,1246,13,37,1
43583,1246,14,46,1
43584,1246,15,66,2
43585,1246,16,4,0
43586,1246,17,33,0
43587,1246,18,44,2
43588,1246,19,70,3
43589,1246,20,62,1
43590,1246,21,63,3
43591,1246,22,43,1
43592,1246,23,59,0
43593,1246,24,42,0
43594,1246,25,42,1
43595,1246,26,69,0
43596,1246,27,42,2
43597,1246,28,126,2
43598,1246,29,51,3
43599,1246,30,48,0
43600,1246,31,35,1
43601,1246,32,31,1
43602,1246,33,69,2
43603,1246,34,33,1
43604,1246,35,46,2
43605,1247,1,18,0
43606,1247,2,57,3
43607,1247,3,27,0
43608,1247,4,26,1
43609,1247,5,13,0
43610,1247,6,32,2
43611,1247,7,48,0
43612,1247,8,19,1
43613,1247,9,54,3
43614,1247,10,53,2
43615,1247,11,32,0
43616,1247,12,35,2
43617,1247,13,28,1
43618,1247,14,37,1
43619,1247,15,45,0
43620,1247,16,18,0
43621,1247,17,24,1
43622,1247,18,35,2
43623,1247,19,47,2
43624,1247,20,20,0
43625,1247,21,31,0
43626,1247,22,55,2
43627,1247,23,54,0
43628,1247,24,24,1
43629,1247,25,29,2
43630,1247,26,25,1
43631,1247,27,26,0
43632,1247,28,24,1
43633,1247,29,47,2
43634,1247,30,33,0
43635,1247,31,27,1
43636,1247,32,42,1
43637,1247,33,25,0
43638,1247,34,29,1
43639,1247,35,8,0
43640,1248,1,35,2
43641,1248,2,25,1
43642,1248,3,53,2
43643,1248,4,57,1
43644,1248,5,22,0
43645,1248,6,36,1
43646,1248,7,32,1
43647,1248,8,68,2
43648,1248,9,57,1
43649,1248,10,61,2
43650,1248,11,61,2
43651,1248,12,71,4
43652,1248,13,48,3
43653,1248,14,48,0
43654,1248,15,38,1
43655,1248,16,46,1
43656,1248,17,45,0
43657,1248,18,54,2
43658,1248,19,73,3
43659,1248,20,29,1
43660,1248,21,53,3
43661,1248,22,63,2
43662,1248,23,33,1
43663,1248,24,15,1
43664,1248,25,32,2
43665,1248,26,29,0
43666,1248,27,20,1
43667,1248,28,79,3
43668,1248,29,37,2
43669,1248,30,41,2
43670,1248,31,17,1
43671,1248,32,55,3
43672,1248,33,32,0
43673,1248,34,76,4
43674,1248,35,43,1
43675,1249,1,49,2
43676,1249,2,88,5
43677,1249,3,72,2
43678,1249,4,77,2
43679,1249,5,90,5
43680,1249,6,91,4
43681,1249,7,48,2
43682,1249,8,76,2
43683,1249,9,93,3
43684,1249,10,59,1
43685,1249,11,79,4
43686,1249,12,85,0
43687,1249,13,92,4
43688,1249,14,116,2
43689,1249,15,62,4
43690,1249,16,41,2
43691,1249,17,27,1
43692,1249,18,29,1
43693,1249,19,49,2
43694,1249,20,82,3
43695,1249,21,94,2
43696,1249,22,85,2
43697,1249,23,50,3
43698,1249,24,90,0
43699,1249,25,91,0
43700,1249,26,111,7
43701,1249,27,69,0
43702,1249,28,43,1
43703,1249,29,126,4
43704,1249,30,60,3
43705,1249,31,147,0
43706,1249,32,69,2
43707,1249,33,130,4
43708,1249,34,45,0
43709,1249,35,72,4
43710,1250,1,40,1
43711,1250,2,86,0
43712,1250,3,33,1
43713,1250,4,24,1
43714,1250,5,76,4
43715,1250,6,46,1
43716,1250,7,55,3
43717,1250,8,39,1
43718,1250,9,61,1
43719,1250,10,49,3
43720,1250,11,41,2
43721,1250,12,56,0
43722,1250,13,88,1
43723,1250,14,71,1
43724,1250,15,42,1
43725,1250,16,30,1
43726,1250,17,50,0
43727,1250,18,41,2
43728,1250,19,53,1
43729,1250,20,54,2
43730,1250,21,18,1
43731,1250,22,53,1
43732,1250,23,51,0
43733,1250,24,31,1
43734,1250,25,65,0
43735,1250,26,38,2
43736,1250,27,51,2
43737,1250,28,59,2
43738,1250,29,56,1
43739,1250,30,44,0
43740,1250,31,96,0
43741,1250,32,33,0
43742,1250,33,53,2
43743,1250,34,67,1
43744,1250,35,52,0
43745,1251,1,44,2
43746,1251,2,33,2
43747,1251,3,28,1
43748,1251,4,70,1
43749,1251,5,85,4
43750,1251,6,125,4
43751,1251,7,32,2
43752,1251,8,55,3
43753,1251,9,65,1
43754,1251,10,48,1
43755,1251,11,55,1
43756,1251,12,67,4
43757,1251,13,47,2
43758,1251,14,51,3
43759,1251,15,24,1
43760,1251,16,64,1
43761,1251,17,83,4
43762,1251,18,35,0
43763,1251,19,67,3
43764,1251,20,40,0
43765,1251,21,51,2
43766,1251,22,50,3
43767,1251,23,55,2
43768,1251,24,23,1
43769,1251,25,24,1
43770,1251,26,53,2
43771,1251,27,48,2
43772,1251,28,48,1
43773,1251,29,29,2
43774,1251,30,44,0
43775,1251,31,34,1
43776,1251,32,57,2
43777,1251,33,44,1
43778,1251,34,28,1
43779,1251,35,60,0
43780,1252,1,55,2
43781,1252,2,77,4
43782,1252,3,37,1
43783,1252,4,48,3
43784,1252,5,62,2
43785,1252,6,47,1
43786,1252,7,138,2
43787,1252,8,69,1
43788,1252,9,105,0
43789,1252,10,30,1
43790,1252,11,67,3
43791,1252,12,54,2
43792,1252,13,86,5
43793,1252,14,48,2
43794,1252,15,77,4
43795,1252,16,101,0
43796,1252,17,92,5
43797,1252,18,44,2
43798,1252,19,67,1
43799,1252,20,89,3
43800,1252,21,70,4
43801,1252,22,85,4
43802,1252,23,59,2
43803,1252,24,55,2
43804,1252,25,90,4
43805,1252,26,31,1
43806,1252,27,107,3
43807,1252,28,120,3
43808,1252,29,98,4
43809,1252,30,78,1
43810,1252,31,38,1
43811,1252,32,112,0
43812,1252,33,56,0
43813,1252,34,109,5
43814,1252,35,122,4
43815,1253,1,129,7
43816,1253,2,123,5
43817,1253,3,86,2
43818,1253,4,26,2
43819,1253,5,98,4
43820,1253,6,91,3
43821,1253,7,98,5
43822,1253,8,117,5
43823,1253,9,123,5
43824,1253,10,64,1
43825,1253,11,41,2
43826,1253,12,58,1
43827,1253,13,56,3
43828,1253,14,54,1
43829,1253,15,91,2
43830,1253,16,59,1
43831,1253,17,67,2
43832,1253,18,68,1
43833,1253,19,43,1
43834,1253,20,31,2
43835,1253,21,38,2
43836,1253,22,79,2
43837,1253,23,64,1
43838,1253,24,32,0
43839,1253,25,52,0
43840,1253,26,31,1
43841,1253,27,61,1
43842,1253,28,44,1
43843,1253,29,104,2
43844,1253,30,120,7
43845,1253,31,95,0
43846,1253,32,79,3
43847,1253,33,49,1
43848,1253,34,59,3
43849,1253,35,89,4
43850,1254,1,49,1
43851,1254,2,39,2
43852,1254,3,29,1
43853,1254,4,21,1
43854,1254,5,43,2
43855,1254,6,66,3
43856,1254,7,53,3
43857,1254,8,17,0
43858,1254,9,14,1
43859,1254,10,41,2
43860,1254,11,38,1
43861,1254,12,22,0
43862,1254,13,97,2
43863,1254,14,83,2
43864,1254,15,37,1
43865,1254,16,68,3
43866,1254,17,27,0
43867,1254,18,25,1
43868,1254,19,68,4
43869,1254,20,63,1
43870,1254,21,46,1
43871,1254,22,77,1
43872,1254,23,32,0
43873,1254,24,56,0
43874,1254,25,35,0
43875,1254,26,41,0
43876,1254,27,39,0
43877,1254,28,44,1
43878,1254,29,70,1
43879,1254,30,20,0
43880,1254,31,30,0
43881,1254,32,23,1
43882,1254,33,58,3
43883,1254,34,28,1
43884,1254,35,27,0
43885,1255,1,124,0
43886,1255,2,55,0
43887,1255,3,21,0
43888,1255,4,15,0
43889,1255,5,38,1
43890,1255,6,49,1
43891,1255,7,39,2
43892,1255,8,22,1
43893,1255,9,36,2
43894,1255,10,26,1
43895,1255,11,65,0
43896,1255,12,50,1
43897,1255,13,33,0
43898,1255,14,26,1
43899,1255,15,21,1
43900,1255,16,32,2
43901,1255,17,23,0
43902,1255,18,9,0
43903,1255,19,40,2
43904,1255,20,30,0
43905,1255,21,47,1
43906,1255,22,25,1
43907,1255,23,39,0
43908,1255,24,42,1
43909,1255,25,26,2
43910,1255,26,90,2
43911,1255,27,37,1
43912,1255,28,26,1
43913,1255,29,43,1
43914,1255,30,61,0
43915,1255,31,104,2
43916,1255,32,69,3
43917,1255,33,37,0
43918,1255,34,20,0
43919,1255,35,19,1
43920,1256,1,54,3
43921,1256,2,99,4
43922,1256,3,115,4
43923,1256,4,57,2
43924,1256,5,69,3
43925,1256,6,76,2
43926,1256,7,81,4
43927,1256,8,55,2
43928,1256,9,38,1
43929,1256,10,83,1
43930,1256,11,67,1
43931,1256,12,48,2
43932,1256,13,37,0
43933,1256,14,36,2
43934,1256,15,76,1
43935,1256,16,59,0
43936,1256,17,92,1
43937,1256,18,51,2
43938,1256,19,88,2
43939,1256,20,52,1
43940,1256,21,27,1
43941,1256,22,91,5
43942,1256,23,51,3
43943,1256,24,142,5
43944,1256,25,55,2
43945,1256,26,60,1
43946,1256,27,77,0
43947,1256,28,52,3
43948,1256,29,39,2
43949,1256,30,35,1
43950,1256,31,66,1
43951,1256,32,18,0
43952,1256,33,109,3
43953,1256,34,37,1
43954,1256,35,54,2
43955,1257,1,57,2
43956,1257,2,18,1
43957,1257,3,69,4
43958,1257,4,48,2
43959,1257,5,33,2
43960,1257,6,32,1
43961,1257,7,41,1
43962,1257,8,47,3
43963,1257,9,17,0
43964,1257,10,84,0
43965,1257,11,50,1
43966,1257,12,59,1
43967,1257,13,39,1
43968,1257,14,22,1
43969,1257,15,58,3
43970,1257,16,29,1
43971,1257,17,38,1
43972,1257,18,38,2
43973,1257,19,57,1
43974,1257,20,19,0
43975,1257,21,48,1
43976,1257,22,26,0
43977,1257,23,41,2
43978,1257,24,45,3
43979,1257,25,35,0
43980,1257,26,34,1
43981,1257,27,15,1
43982,1257,28,53,1
43983,1257,29,47,1
43984,1257,30,27,1
43985,1257,31,27,0
43986,1257,32,38,2
43987,1257,33,12,0
43988,1257,34,65,3
43989,1257,35,33,0
43990,1258,1,35,2
43991,1258,2,27,1
43992,1258,3,38,0
43993,1258,4,46,2
43994,1258,5,27,1
43995,1258,6,16,0
43996,1258,7,26,1
43997,1258,8,47,2
43998,1258,9,55,3
43999,1258,10,26,1
44000,1258,11,26,1
44001,1258,12,4,0
44002,1258,13,56,2
44003,1258,14,37,1
44004,1258,15,57,1
44005,1258,16,52,1
44006,1258,17,27,0
44007,1258,18,41,1
44008,1258,19,17,1
44009,1258,20,38,0
44010,1258,21,10,0
44011,1258,22,52,3
44012,1258,23,23,0
44013,1258,24,19,0
44014,1258,25,26,0
44015,1258,26,34,0
44016,1258,27,52,3
44017,1258,28,21,1
44018,1258,29,30,1
44019,1258,30,18,0
44020,1258,31,3,0
44021,1258,32,27,1
44022,1258,33,20,1
44023,1258,34,20,1
44024,1258,35,13,0
44025,1259,1,16,0
44026,1259,2,19,1
44027,1259,3,23,1
44028,1259,4,7,0
44029,1259,5,46,1
44030,1259,6,34,0
44031,1259,7,22,1
44032,1259,8,10,1
44033,1259,9,66,1
44034,1259,10,38,2
44035,1259,11,14,0
44036,1259,12,29,1
44037,1259,13,28,0
44038,1259,14,12,0
44039,1259,15,30,1
44040,1259,16,9,0
44041,1259,17,21,0
44042,1259,18,11,0
44043,1259,19,27,1
44044,1259,20,32,1
44045,1259,21,10,1
44046,1259,22,35,2
44047,1259,23,14,1
44048,1259,24,25,0
44049,1259,25,10,0
44050,1259,26,29,1
44051,1259,27,30,1
44052,1259,28,10,1
44053,1259,29,33,1
44054,1259,30,24,0
44055,1259,31,40,2
44056,1259,32,23,1
44057,1259,33,21,0
44058,1259,34,14,0
44059,1259,35,47,2
44060,1260,1,25,1
44061,1260,2,32,1
44062,1260,3,53,3
44063,1260,4,28,1
44064,1260,5,35,0
44065,1260,6,30,2
44066,1260,7,22,0
44067,1260,8,30,2
44068,1260,9,22,0
44069,1260,10,26,1
44070,1260,11,28,1
44071,1260,12,19,1
44072,1260,13,24,0
44073,1260,14,25,1
44074,1260,15,41,2
44075,1260,16,37,0
44076,1260,17,47,2
44077,1260,18,20,1
44078,1260,19,28,1
44079,1260,20,35,2
44080,1260,21,28,1
44081,1260,22,30,1
44082,1260,23,17,0
44083,1260,24,36,0
44084,1260,25,34,1
44085,1260,26,33,2
44086,1260,27,29,0
44087,1260,28,23,1
44088,1260,29,37,1
44089,1260,30,27,1
44090,1260,31,20,0
44091,1260,32,43,0
44092,1260,33,40,0
44093,1260,34,43,1
44094,1260,35,29,1
44095,1261,1,18,0
44096,1261,2,44,3
44097,1261,3,48,3
44098,1261,4,50,2
44099,1261,5,48,2
44100,1261,6,15,0
44101,1261,7,25,1
44102,1261,8,33,2
44103,1261,9,39,0
44104,1261,10,30,0
44105,1261,11,37,2
44106,1261,12,34,2
44107,1261,13,48,2
44108,1261,14,24,1
44109,1261,15,83,1
44110,1261,16,16,0
44111,1261,17,47,3
44112,1261,18,50,1
44113,1261,19,26,1
44114,1261,20,16,0
44115,1261,21,45,1
44116,1261,22,50,1
44117,1261,23,49,3
44118,1261,24,32,1
44119,1261,25,30,0
44120,1261,26,47,1
44121,1261,27,66,3
44122,1261,28,36,2
44123,1261,29,27,1
44124,1261,30,27,1
44125,1261,31,20,1
44126,1261,32,29,1
44127,1261,33,66,4
44128,1261,34,68,2
44129,1261,35,29,0
44130,1262,1,51,1
44131,1262,2,27,1
44132,1262,3,22,1
44133,1262,4,29,1
44134,1262,5,29,1
44135,1262,6,24,1
44136,1262,7,21,1
44137,1262,8,19,1
44138,1262,9,40,1
44139,1262,10,24,0
44140,1262,11,25,1
44141,1262,12,36,0
44142,1262,13,35,1
44143,1262,14,18,0
44144,1262,15,20,1
44145,1262,16,18,0
44146,1262,17,22,1
44147,1262,18,23,1
44148,1262,19,15,1
44149,1262,20,18,1
44150,1262,21,21,1
44151,1262,22,31,1
44152,1262,23,24,0
44153,1262,24,25,0
44154,1262,25,17,0
44155,1262,26,18,1
44156,1262,27,34,1
44157,1262,28,53,2
44158,1262,29,35,1
44159,1262,30,20,0
44160,1262,31,23,1
44161,1262,32,33,1
44162,1262,33,18,1
44163,1262,34,19,1
44164,1262,35,12,0
44165,1263,1,30,2
44166,1263,2,17,1
44167,1263,3,20,0
44168,1263,4,18,1
44169,1263,5,23,0
44170,1263,6,15,0
44171,1263,7,19,1
44172,1263,8,15,1
44173,1263,9,17,0
44174,1263,10,54,2
44175,1263,11,19,1
44176,1263,12,51,1
44177,1263,13,25,1
44178,1263,14,14,1
44179,1263,15,20,1
44180,1263,16,14,1
44181,1263,17,11,0
44182,1263,18,15,0
44183,1263,19,26,1
44184,1263,20,29,0
44185,1263,21,17,1
44186,1263,22,21,1
44187,1263,23,29,1
44188,1263,24,15,0
44189,1263,25,12,0
44190,1263,26,26,1
44191,1263,27,27,2
44192,1263,28,17,0
44193,1263,29,10,0
44194,1263,30,15,0
44195,1263,31,14,0
44196,1263,32,16,1
44197,1263,33,23,1
44198,1263,34,28,1
44199,1263,35,33,1
44200,1264,1,19,1
44201,1264,2,42,2
44202,1264,3,18,1
44203,1264,4,36,2
44204,1264,5,14,0
44205,1264,6,57,3
44206,1264,7,23,1
44207,1264,8,39,1
44208,1264,9,13,1
44209,1264,10,28,0
44210,1264,11,34,0
44211,1264,12,27,1
44212,1264,13,19,1
44213,1264,14,26,1
44214,1264,15,22,1
44215,1264,16,33,0
44216,1264,17,30,2
44217,1264,18,41,2
44218,1264,19,22,0
44219,1264,20,23,1
44220,1264,21,2,0
44221,1264,22,13,0
44222,1264,23,11,1
44223,1264,24,71,1
44224,1264,25,71,2
44225,1264,26,17,0
44226,1264,27,35,1
44227,1264,28,49,2
44228,1264,29,27,1
44229,1264,30,32,1
44230,1264,31,16,1
44231,1264,32,30,1
44232,1264,33,21,1
44233,1264,34,13,0
44234,1264,35,28,0
44235,1265,1,58,3
44236,1265,2,56,1
44237,1265,3,47,2
44238,1265,4,59,3
44239,1265,5,30,1
44240,1265,6,38,1
44241,1265,7,22,0
44242,1265,8,35,2
44243,1265,9,67,3
44244,1265,10,37,1
44245,1265,11,33,2
44246,1265,12,16,1
44247,1265,13,29,1
44248,1265,14,37,2
44249,1265,15,12,0
44250,1265,16,65,1
44251,1265,17,22,0
44252,1265,18,51,2
44253,1265,19,58,3
44254,1265,20,60,3
44255,1265,21,45,1
44256,1265,22,141,0
44257,1265,23,43,1
44258,1265,24,26,1
44259,1265,25,27,0
44260,1265,26,48,1
44261,1265,27,41,1
44262,1265,28,24,1
44263,1265,29,61,1
44264,1265,30,55,3
44265,1265,31,68,2
44266,1265,32,70,2
44267,1265,33,60,3
44268,1265,34,23,1
44269,1265,35,30,2
44270,1266,1,37,2
44271,1266,2,34,1
44272,1266,3,23,1
44273,1266,4,33,1
44274,1266,5,26,1
44275,1266,6,31,1
44276,1266,7,12,1
44277,1266,8,27,1
44278,1266,9,25,1
44279,1266,10,25,1
44280,1266,11,38,2
44281,1266,12,28,0
44282,1266,13,34,0
44283,1266,14,23,1
44284,1266,15,40,2
44285,1266,16,45,2
44286,1266,17,14,0
44287,1266,18,25,1
44288,1266,19,20,1
44289,1266,20,38,2
44290,1266,21,65,2
44291,1266,22,26,0
44292,1266,23,33,0
44293,1266,24,27,0
44294,1266,25,21,0
44295,1266,26,30,0
44296,1266,27,76,2
44297,1266,28,32,1
44298,1266,29,18,1
44299,1266,30,25,1
44300,1266,31,20,1
44301,1266,32,44,1
44302,1266,33,15,0
44303,1266,34,30,1
44304,1266,35,27,0
44305,1267,1,14,1
44306,1267,2,18,0
44307,1267,3,28,0
44308,1267,4,21,0
44309,1267,5,54,2
44310,1267,6,16,1
44311,1267,7,21,1
44312,1267,8,49,2
44313,1267,9,13,0
44314,1267,10,26,2
44315,1267,11,14,0
44316,1267,12,13,0
44317,1267,13,42,1
44318,1267,14,40,2
44319,1267,15,26,1
44320,1267,16,21,1
44321,1267,17,25,1
44322,1267,18,27,0
44323,1267,19,32,1
44324,1267,20,27,1
44325,1267,21,44,1
44326,1267,22,22,1
44327,1267,23,30,2
44328,1267,24,32,1
44329,1267,25,21,1
44330,1267,26,21,1
44331,1267,27,27,0
44332,1267,28,24,1
44333,1267,29,39,1
44334,1267,30,30,1
44335,1267,31,36,1
44336,1267,32,10,0
44337,1267,33,16,0
44338,1267,34,1,0
44339,1267,35,19,1
44340,1268,1,15,0
44341,1268,2,10,0
44342,1268,3,53,2
44343,1268,4,11,0
44344,1268,5,59,2
44345,1268,6,37,2
44346,1268,7,10,0
44347,1268,8,46,2
44348,1268,9,39,1
44349,1268,10,40,1
44350,1268,11,43,1
44351,1268,12,50,2
44352,1268,13,36,2
44353,1268,14,30,1
44354,1268,15,47,1
44355,1268,16,33,0
44356,1268,17,47,0
44357,1268,18,40,1
44358,1268,19,44,1
44359,1268,20,84,1
44360,1268,21,24,1
44361,1268,22,72,3
44362,1268,23,26,1
44363,1268,24,69,3
44364,1268,25,53,1
44365,1268,26,47,1
44366,1268,27,25,0
44367,1268,28,49,1
44368,1268,29,77,3
44369,1268,30,38,1
44370,1268,31,21,0
44371,1268,32,40,1
44372,1268,33,46,2
44373,1268,34,57,3
44374,1268,35,64,2
44375,1269,1,51,3
44376,1269,2,35,2
44377,1269,3,70,4
44378,1269,4,38,2
44379,1269,5,38,1
44380,1269,6,26,1
44381,1269,7,52,2
44382,1269,8,92,1
44383,1269,9,38,1
44384,1269,10,44,1
44385,1269,11,23,1
44386,1269,12,48,1
44387,1269,13,85,2
44388,1269,14,23,1
44389,1269,15,55,3
44390,1269,16,44,2
44391,1269,17,21,1
44392,1269,18,68,2
44393,1269,19,59,1
44394,1269,20,49,1
44395,1269,21,41,2
44396,1269,22,56,0
44397,1269,23,121,3
44398,1269,24,81,0
44399,1269,25,39,0
44400,1269,26,29,0
44401,1269,27,24,1
44402,1269,28,50,3
44403,1269,29,89,3
44404,1269,30,15,0
44405,1269,31,57,2
44406,1269,32,39,0
44407,1269,33,63,1
44408,1269,34,122,3
44409,1269,35,44,1
44410,1270,1,30,0
44411,1270,2,21,0
44412,1270,3,23,1
44413,1270,4,41,2
44414,1270,5,43,2
44415,1270,6,29,1
44416,1270,7,38,2
44417,1270,8,76,2
44418,1270,9,65,3
44419,1270,10,21,1
44420,1270,11,50,2
44421,1270,12,50,1
44422,1270,13,14,0
44423,1270,14,49,2
44424,1270,15,35,1
44425,1270,16,43,2
44426,1270,17,51,0
44427,1270,18,53,2
44428,1270,19,67,4
44429,1270,20,47,1
44430,1270,21,28,2
44431,1270,22,15,0
44432,1270,23,38,1
44433,1270,24,16,1
44434,1270,25,38,0
44435,1270,26,18,1
44436,1270,27,41,1
44437,1270,28,36,2
44438,1270,29,26,1
44439,1270,30,21,0
44440,1270,31,15,1
44441,1270,32,20,1
44442,1270,33,62,1
44443,1270,34,42,2
44444,1270,35,30,0
44445,1271,1,17,1
44446,1271,2,48,0
44447,1271,3,29,0
44448,1271,4,48,2
44449,1271,5,29,1
44450,1271,6,27,0
44451,1271,7,22,1
44452,1271,8,30,1
44453,1271,9,74,1
44454,1271,10,51,0
44455,1271,11,31,0
44456,1271,12,33,1
44457,1271,13,16,0
44458,1271,14,40,1
44459,1271,15,23,1
44460,1271,16,24,1
44461,1271,17,34,2
44462,1271,18,35,0
44463,1271,19,32,1
44464,1271,20,31,1
44465,1271,21,24,1
44466,1271,22,15,1
44467,1271,23,25,1
44468,1271,24,21,1
44469,1271,25,42,2
44470,1271,26,46,2
44471,1271,27,15,1
44472,1271,28,31,2
44473,1271,29,16,0
44474,1271,30,53,1
44475,1271,31,20,1
44476,1271,32,48,2
44477,1271,33,15,0
44478,1271,34,31,1
44479,1271,35,14,0
44480,1272,1,28,1
44481,1272,2,55,1
44482,1272,3,16,0
44483,1272,4,77,1
44484,1272,5,38,2
44485,1272,6,39,1
44486,1272,7,72,1
44487,1272,8,30,1
44488,1272,9,65,2
44489,1272,10,47,1
44490,1272,11,68,1
44491,1272,12,10,0
44492,1272,13,44,0
44493,1272,14,38,2
44494,1272,15,10,1
44495,1272,16,34,2
44496,1272,17,49,3
44497,1272,18,72,2
44498,1272,19,61,3
44499,1272,20,24,0
44500,1272,21,48,2
44501,1272,22,22,1
44502,1272,23,44,1
44503,1272,24,38,2
44504,1272,25,43,1
44505,1272,26,30,1
44506,1272,27,38,2
44507,1272,28,25,1
44508,1272,29,73,4
44509,1272,30,32,1
44510,1272,31,46,1
44511,1272,32,8,0
44512,1272,33,25,1
44513,1272,34,18,0
44514,1272,35,76,4
44515,1273,1,45,1
44516,1273,2,48,2
44517,1273,3,58,3
44518,1273,4,31,1
44519,1273,5,73,4
44520,1273,6,59,3
44521,1273,7,64,1
44522,1273,8,64,3
44523,1273,9,82,5
44524,1273,10,58,3
44525,1273,11,83,5
44526,1273,12,98,5
44527,1273,13,59,0
44528,1273,14,52,3
44529,1273,15,76,2
44530,1273,16,61,1
44531,1273,17,39,2
44532,1273,18,83,3
44533,1273,19,65,1
44534,1273,20,108,5
44535,1273,21,39,1
44536,1273,22,80,1
44537,1273,23,48,1
44538,1273,24,62,0
44539,1273,25,66,0
44540,1273,26,72,1
44541,1273,27,59,1
44542,1273,28,65,4
44543,1273,29,106,5
44544,1273,30,46,1
44545,1273,31,84,0
44546,1273,32,96,0
44547,1273,33,46,1
44548,1273,34,70,4
44549,1273,35,78,4
44550,1274,1,38,2
44551,1274,2,52,3
44552,1274,3,82,5
44553,1274,4,59,2
44554,1274,5,17,0
44555,1274,6,47,3
44556,1274,7,16,1
44557,1274,8,23,1
44558,1274,9,17,1
44559,1274,10,33,1
44560,1274,11,42,1
44561,1274,12,63,1
44562,1274,13,43,1
44563,1274,14,50,3
44564,1274,15,9,0
44565,1274,16,27,1
44566,1274,17,18,1
44567,1274,18,37,1
44568,1274,19,29,1
44569,1274,20,27,1
44570,1274,21,16,1
44571,1274,22,40,1
44572,1274,23,31,1
44573,1274,24,22,0
44574,1274,25,38,0
44575,1274,26,61,2
44576,1274,27,67,1
44577,1274,28,26,1
44578,1274,29,53,1
44579,1274,30,30,0
44580,1274,31,47,3
44581,1274,32,26,1
44582,1274,33,37,1
44583,1274,34,75,2
44584,1274,35,19,1
44585,1275,1,23,0
44586,1275,2,26,0
44587,1275,3,31,0
44588,1275,4,35,1
44589,1275,5,45,2
44590,1275,6,19,1
44591,1275,7,12,0
44592,1275,8,87,1
44593,1275,9,28,2
44594,1275,10,26,0
44595,1275,11,28,2
44596,1275,12,8,0
44597,1275,13,70,4
44598,1275,14,23,1
44599,1275,15,21,1
44600,1275,16,53,2
44601,1275,17,67,3
44602,1275,18,35,0
44603,1275,19,21,1
44604,1275,20,15,0
44605,1275,21,16,0
44606,1275,22,46,2
44607,1275,23,53,2
44608,1275,24,43,2
44609,1275,25,39,1
44610,1275,26,6,0
44611,1275,27,51,1
44612,1275,28,29,1
44613,1275,29,18,1
44614,1275,30,36,0
44615,1275,31,65,0
44616,1275,32,48,3
44617,1275,33,28,1
44618,1275,34,36,2
44619,1275,35,15,0
44620,1276,1,35,2
44621,1276,2,70,3
44622,1276,3,65,2
44623,1276,4,34,2
44624,1276,5,52,2
44625,1276,6,50,1
44626,1276,7,48,2
44627,1276,8,42,1
44628,1276,9,83,0
44629,1276,10,50,3
44630,1276,11,76,2
44631,1276,12,20,1
44632,1276,13,40,0
44633,1276,14,59,2
44634,1276,15,122,5
44635,1276,16,39,1
44636,1276,17,66,0
44637,1276,18,49,2
44638,1276,19,23,1
44639,1276,20,30,1
44640,1276,21,85,2
44641,1276,22,49,1
44642,1276,23,107,3
44643,1276,24,49,1
44644,1276,25,61,2
44645,1276,26,51,1
44646,1276,27,50,0
44647,1276,28,96,2
44648,1276,29,31,0
44649,1276,30,31,1
44650,1276,31,72,1
44651,1276,32,26,1
44652,1276,33,71,0
44653,1276,34,34,1
44654,1276,35,38,1
44655,1277,1,28,1
44656,1277,2,82,2
44657,1277,3,89,5
44658,1277,4,85,1
44659,1277,5,87,0
44660,1277,6,98,2
44661,1277,7,56,1
44662,1277,8,105,4
44663,1277,9,85,4
44664,1277,10,46,2
44665,1277,11,80,5
44666,1277,12,118,0
44667,1277,13,52,0
44668,1277,14,40,1
44669,1277,15,79,2
44670,1277,16,55,1
44671,1277,17,135,8
44672,1277,18,55,2
44673,1277,19,120,4
44674,1277,20,55,2
44675,1277,21,111,2
44676,1277,22,65,1
44677,1277,23,109,2
44678,1277,24,52,0
44679,1277,25,65,4
44680,1277,26,95,2
44681,1277,27,54,2
44682,1277,28,61,1
44683,1277,29,104,4
44684,1277,30,43,2
44685,1277,31,88,0
44686,1277,32,66,4
44687,1277,33,42,2
44688,1277,34,65,2
44689,1277,35,127,6
44690,1278,1,90,4
44691,1278,2,17,0
44692,1278,3,32,1
44693,1278,4,38,1
44694,1278,5,40,1
44695,1278,6,38,1
44696,1278,7,71,1
44697,1278,8,90,4
44698,1278,9,72,0
44699,1278,10,35,1
44700,1278,11,38,1
44701,1278,12,28,1
44702,1278,13,62,2
44703,1278,14,53,0
44704,1278,15,83,1
44705,1278,16,19,1
44706,1278,17,38,2
44707,1278,18,55,2
44708,1278,19,62,1
44709,1278,20,61,0
44710,1278,21,55,1
44711,1278,22,66,2
44712,1278,23,30,1
44713,1278,24,34,1
44714,1278,25,33,1
44715,1278,26,38,2
44716,1278,27,33,1
44717,1278,28,90,0
44718,1278,29,25,1
44719,1278,30,56,3
44720,1278,31,59,3
44721,1278,32,91,2
44722,1278,33,61,1
44723,1278,34,22,0
44724,1278,35,65,1
44725,1279,1,113,6
44726,1279,2,39,2
44727,1279,3,46,0
44728,1279,4,41,2
44729,1279,5,40,0
44730,1279,6,28,1
44731,1279,7,56,2
44732,1279,8,17,0
44733,1279,9,71,2
44734,1279,10,22,0
44735,1279,11,51,0
44736,1279,12,19,1
44737,1279,13,50,1
44738,1279,14,20,0
44739,1279,15,43,0
44740,1279,16,75,4
44741,1279,17,35,2
44742,1279,18,48,2
44743,1279,19,48,3
44744,1279,20,38,2
44745,1279,21,66,3
44746,1279,22,39,0
44747,1279,23,51,0
44748,1279,24,44,1
44749,1279,25,26,1
44750,1279,26,17,1
44751,1279,27,39,1
44752,1279,28,57,2
44753,1279,29,60,1
44754,1279,30,37,0
44755,1279,31,33,0
44756,1279,32,87,1
44757,1279,33,112,0
44758,1279,34,37,1
44759,1279,35,60,3
44760,1280,1,54,3
44761,1280,2,71,2
44762,1280,3,74,2
44763,1280,4,118,4
44764,1280,5,71,4
44765,1280,6,67,1
44766,1280,7,71,3
44767,1280,8,81,4
44768,1280,9,51,0
44769,1280,10,126,3
44770,1280,11,50,1
44771,1280,12,50,1
44772,1280,13,33,2
44773,1280,14,74,3
44774,1280,15,61,2
44775,1280,16,31,1
44776,1280,17,32,1
44777,1280,18,43,2
44778,1280,19,103,6
44779,1280,20,67,3
44780,1280,21,83,4
44781,1280,22,18,0
44782,1280,23,51,1
44783,1280,24,64,1
44784,1280,25,97,5
44785,1280,26,15,0
44786,1280,27,67,2
44787,1280,28,56,1
44788,1280,29,72,1
44789,1280,30,137,3
44790,1280,31,93,2
44791,1280,32,70,3
44792,1280,33,40,1
44793,1280,34,89,3
44794,1280,35,51,1
44795,1281,1,125,7
44796,1281,2,117,4
44797,1281,3,150,7
44798,1281,4,75,2
44799,1281,5,61,0
44800,1281,6,90,3
44801,1281,7,64,2
44802,1281,8,62,1
44803,1281,9,75,3
44804,1281,10,104,4
44805,1281,11,135,5
44806,1281,12,63,0
44807,1281,13,40,2
44808,1281,14,95,3
44809,1281,15,80,4
44810,1281,16,62,3
44811,1281,17,73,3
44812,1281,18,22,1
44813,1281,19,101,6
44814,1281,20,85,3
44815,1281,21,94,5
44816,1281,22,54,3
44817,1281,23,61,1
44818,1281,24,37,2
44819,1281,25,59,2
44820,1281,26,53,1
44821,1281,27,63,3
44822,1281,28,91,2
44823,1281,29,79,1
44824,1281,30,43,1
44825,1281,31,35,2
44826,1281,32,111,3
44827,1281,33,142,4
44828,1281,34,57,3
44829,1281,35,68,1
44830,1282,1,42,0
44831,1282,2,61,2
44832,1282,3,56,1
44833,1282,4,71,1
44834,1282,5,39,1
44835,1282,6,58,3
44836,1282,7,27,1
44837,1282,8,32,1
44838,1282,9,53,0
44839,1282,10,27,0
44840,1282,11,116,3
44841,1282,12,57,0
44842,1282,13,15,1
44843,1282,14,34,0
44844,1282,15,54,3
44845,1282,16,63,1
44846,1282,17,25,1
44847,1282,18,10,0
44848,1282,19,52,1
44849,1282,20,31,0
44850,1282,21,56,3
44851,1282,22,36,2
44852,1282,23,14,0
44853,1282,24,71,0
44854,1282,25,38,1
44855,1282,26,44,2
44856,1282,27,33,2
44857,1282,28,32,0
44858,1282,29,57,1
44859,1282,30,57,2
44860,1282,31,40,2
44861,1282,32,44,1
44862,1282,33,33,0
44863,1282,34,77,2
44864,1282,35,38,0
44865,1283,1,39,0
44866,1283,2,63,0
44867,1283,3,19,0
44868,1283,4,30,1
44869,1283,5,62,2
44870,1283,6,37,2
44871,1283,7,56,3
44872,1283,8,55,3
44873,1283,9,45,2
44874,1283,10,48,0
44875,1283,11,22,0
44876,1283,12,41,2
44877,1283,13,62,3
44878,1283,14,31,2
44879,1283,15,40,1
44880,1283,16,24,1
44881,1283,17,35,1
44882,1283,18,32,2
44883,1283,19,34,1
44884,1283,20,71,1
44885,1283,21,59,1
44886,1283,22,54,1
44887,1283,23,29,0
44888,1283,24,32,1
44889,1283,25,50,1
44890,1283,26,42,2
44891,1283,27,53,1
44892,1283,28,35,2
44893,1283,29,46,2
44894,1283,30,57,0
44895,1283,31,25,1
44896,1283,32,65,3
44897,1283,33,26,1
44898,1283,34,12,0
44899,1283,35,38,1
44900,1284,1,85,2
44901,1284,2,106,0
44902,1284,3,56,3
44903,1284,4,22,0
44904,1284,5,38,2
44905,1284,6,50,3
44906,1284,7,58,1
44907,1284,8,34,1
44908,1284,9,22,1
44909,1284,10,69,4
44910,1284,11,45,1
44911,1284,12,72,2
44912,1284,13,48,2
44913,1284,14,83,5
44914,1284,15,50,2
44915,1284,16,72,4
44916,1284,17,41,1
44917,1284,18,81,3
44918,1284,19,23,1
44919,1284,20,98,5
44920,1284,21,78,2
44921,1284,22,18,0
44922,1284,23,96,5
44923,1284,24,83,3
44924,1284,25,35,1
44925,1284,26,34,1
44926,1284,27,33,1
44927,1284,28,39,2
44928,1284,29,45,2
44929,1284,30,69,2
44930,1284,31,58,1
44931,1284,32,42,1
44932,1284,33,112,2
44933,1284,34,55,2
44934,1284,35,25,1
44935,1285,1,40,2
44936,1285,2,42,0
44937,1285,3,40,2
44938,1285,4,12,0
44939,1285,5,24,1
44940,1285,6,34,1
44941,1285,7,29,1
44942,1285,8,19,1
44943,1285,9,37,2
44944,1285,10,34,1
44945,1285,11,56,2
44946,1285,12,27,0
44947,1285,13,39,1
44948,1285,14,28,1
44949,1285,15,28,2
44950,1285,16,95,6
44951,1285,17,25,0
44952,1285,18,25,0
44953,1285,19,45,1
44954,1285,20,70,1
44955,1285,21,27,1
44956,1285,22,31,1
44957,1285,23,55,3
44958,1285,24,56,2
44959,1285,25,27,1
44960,1285,26,37,1
44961,1285,27,36,1
44962,1285,28,30,1
44963,1285,29,40,1
44964,1285,30,29,1
44965,1285,31,34,0
44966,1285,32,58,3
44967,1285,33,67,1
44968,1285,34,37,1
44969,1285,35,66,4
44970,1286,1,11,0
44971,1286,2,49,1
44972,1286,3,21,0
44973,1286,4,14,0
44974,1286,5,27,1
44975,1286,6,20,1
44976,1286,7,23,1
44977,1286,8,39,1
44978,1286,9,27,1
44979,1286,10,36,2
44980,1286,11,45,3
44981,1286,12,24,1
44982,1286,13,15,0
44983,1286,14,11,0
44984,1286,15,34,1
44985,1286,16,23,0
44986,1286,17,13,1
44987,1286,18,43,1
44988,1286,19,18,1
44989,1286,20,23,0
44990,1286,21,36,2
44991,1286,22,18,0
44992,1286,23,10,0
44993,1286,24,23,0
44994,1286,25,37,1
44995,1286,26,38,1
44996,1286,27,36,2
44997,1286,28,21,0
44998,1286,29,14,1
44999,1286,30,19,0
45000,1286,31,26,1
45001,1286,32,25,1
45002,1286,33,39,1
45003,1286,34,22,1
45004,1286,35,41,1
45005,1287,1,20,1
45006,1287,2,8,0
45007,1287,3,17,0
45008,1287,4,19,1
45009,1287,5,29,2
45010,1287,6,9,1
45011,1287,7,31,1
45012,1287,8,22,1
45013,1287,9,9,0
45014,1287,10,16,0
45015,1287,11,15,0
45016,1287,12,25,1
45017,1287,13,15,0
45018,1287,14,24,1
45019,1287,15,17,0
45020,1287,16,32,1
45021,1287,17,24,0
45022,1287,18,21,0
45023,1287,19,10,0
45024,1287,20,33,1
45025,1287,21,62,2
45026,1287,22,38,2
45027,1287,23,14,0
45028,1287,24,45,1
45029,1287,25,17,0
45030,1287,26,16,0
45031,1287,27,17,0
45032,1287,28,19,1
45033,1287,29,21,1
45034,1287,30,11,0
45035,1287,31,22,1
45036,1287,32,16,0
45037,1287,33,31,2
45038,1287,34,28,1
45039,1287,35,20,0
45040,1288,1,33,2
45041,1288,2,28,0
45042,1288,3,31,2
45043,1288,4,35,0
45044,1288,5,30,1
45045,1288,6,28,2
45046,1288,7,24,0
45047,1288,8,23,0
45048,1288,9,29,0
45049,1288,10,36,1
45050,1288,11,50,2
45051,1288,12,51,1
45052,1288,13,32,0
45053,1288,14,43,3
45054,1288,15,33,1
45055,1288,16,26,0
45056,1288,17,31,0
45057,1288,18,45,1
45058,1288,19,20,1
45059,1288,20,13,1
45060,1288,21,19,1
45061,1288,22,29,1
45062,1288,23,43,2
45063,1288,24,33,1
45064,1288,25,46,1
45065,1288,26,55,2
45066,1288,27,30,2
45067,1288,28,36,1
45068,1288,29,41,2
45069,1288,30,51,2
45070,1288,31,37,1
45071,1288,32,40,1
45072,1288,33,31,0
45073,1288,34,32,1
45074,1288,35,50,2
45075,1289,1,34,1
45076,1289,2,35,1
45077,1289,3,19,1
45078,1289,4,83,4
45079,1289,5,55,1
45080,1289,6,32,1
45081,1289,7,44,1
45082,1289,8,31,2
45083,1289,9,37,1
45084,1289,10,20,1
45085,1289,11,29,1
45086,1289,12,31,0
45087,1289,13,40,1
45088,1289,14,53,3
45089,1289,15,48,1
45090,1289,16,26,1
45091,1289,17,49,3
45092,1289,18,28,1
45093,1289,19,104,6
45094,1289,20,30,1
45095,1289,21,34,2
45096,1289,22,25,1
45097,1289,23,26,1
45098,1289,24,23,1
45099,1289,25,33,0
45100,1289,26,23,1
45101,1289,27,65,3
45102,1289,28,30,2
45103,1289,29,40,1
45104,1289,30,35,1
45105,1289,31,56,1
45106,1289,32,38,2
45107,1289,33,47,0
45108,1289,34,25,0
45109,1289,35,20,0
45110,1290,1,41,2
45111,1290,2,36,1
45112,1290,3,37,1
45113,1290,4,24,0
45114,1290,5,21,0
45115,1290,6,24,1
45116,1290,7,13,0
45117,1290,8,29,1
45118,1290,9,31,0
45119,1290,10,35,2
45120,1290,11,23,0
45121,1290,12,30,1
45122,1290,13,45,1
45123,1290,14,20,1
45124,1290,15,57,1
45125,1290,16,32,1
45126,1290,17,13,0
45127,1290,18,28,1
45128,1290,19,7,0
45129,1290,20,29,1
45130,1290,21,48,3
45131,1290,22,19,1
45132,1290,23,39,1
45133,1290,24,20,0
45134,1290,25,21,0
45135,1290,26,35,1
45136,1290,27,20,0
45137,1290,28,21,0
45138,1290,29,26,1
45139,1290,30,11,0
45140,1290,31,35,1
45141,1290,32,16,0
45142,1290,33,23,1
45143,1290,34,59,3
45144,1290,35,30,1
45145,1291,1,8,0
45146,1291,2,24,1
45147,1291,3,9,0
45148,1291,4,12,0
45149,1291,5,18,1
45150,1291,6,14,1
45151,1291,7,17,1
45152,1291,8,17,0
45153,1291,9,21,0
45154,1291,10,19,0
45155,1291,11,24,1
45156,1291,12,24,1
45157,1291,13,46,1
45158,1291,14,7,0
45159,1291,15,10,0
45160,1291,16,21,0
45161,1291,17,12,0
45162,1291,18,46,0
45163,1291,19,26,1
45164,1291,20,21,1
45165,1291,21,15,0
45166,1291,22,8,0
45167,1291,23,19,0
45168,1291,24,49,1
45169,1291,25,14,0
45170,1291,26,25,1
45171,1291,27,12,1
45172,1291,28,12,1
45173,1291,29,17,1
45174,1291,30,28,0
45175,1291,31,18,1
45176,1291,32,15,0
45177,1291,33,24,1
45178,1291,34,52,1
45179,1291,35,30,1
45180,1292,1,56,1
45181,1292,2,39,0
45182,1292,3,48,1
45183,1292,4,55,2
45184,1292,5,22,1
45185,1292,6,22,1
45186,1292,7,18,0
45187,1292,8,31,2
45188,1292,9,32,0
45189,1292,10,37,1
45190,1292,11,25,1
45191,1292,12,29,2
45192,1292,13,39,2
45193,1292,14,43,2
45194,1292,15,34,0
45195,1292,16,7,0
45196,1292,17,23,1
45197,1292,18,49,3
45198,1292,19,38,1
45199,1292,20,15,1
45200,1292,21,44,2
45201,1292,22,48,2
45202,1292,23,34,2
45203,1292,24,28,0
45204,1292,25,27,1
45205,1292,26,56,2
45206,1292,27,24,0
45207,1292,28,27,1
45208,1292,29,29,1
45209,1292,30,25,1
45210,1292,31,31,1
45211,1292,32,18,0
45212,1292,33,27,0
45213,1292,34,53,3
45214,1292,35,17,1
45215,1293,1,59,1
45216,1293,2,43,2
45217,1293,3,70,3
45218,1293,4,105,6
45219,1293,5,61,3
45220,1293,6,30,2
45221,1293,7,24,1
45222,1293,8,50,2
45223,1293,9,64,3
45224,1293,10,12,1
45225,1293,11,38,1
45226,1293,12,16,1
45227,1293,13,33,1
45228,1293,14,52,2
45229,1293,15,68,2
45230,1293,16,48,1
45231,1293,17,88,4
45232,1293,18,36,2
45233,1293,19,44,2
45234,1293,20,28,1
45235,1293,21,64,1
45236,1293,22,51,3
45237,1293,23,36,1
45238,1293,24,77,4
45239,1293,25,50,2
45240,1293,26,58,2
45241,1293,27,70,2
45242,1293,28,47,2
45243,1293,29,63,1
45244,1293,30,43,0
45245,1293,31,27,0
45246,1293,32,44,0
45247,1293,33,47,3
45248,1293,34,61,3
45249,1293,35,39,2
45250,1294,1,34,2
45251,1294,2,27,1
45252,1294,3,11,0
45253,1294,4,26,1
45254,1294,5,34,1
45255,1294,6,25,1
45256,1294,7,30,0
45257,1294,8,49,2
45258,1294,9,34,2
45259,1294,10,25,0
45260,1294,11,34,2
45261,1294,12,43,0
45262,1294,13,38,1
45263,1294,14,35,2
45264,1294,15,37,2
45265,1294,16,29,2
45266,1294,17,64,3
45267,1294,18,45,1
45268,1294,19,38,2
45269,1294,20,32,1
45270,1294,21,33,2
45271,1294,22,23,0
45272,1294,23,23,0
45273,1294,24,41,0
45274,1294,25,16,1
45275,1294,26,48,2
45276,1294,27,45,1
45277,1294,28,23,0
45278,1294,29,22,1
45279,1294,30,15,0
45280,1294,31,42,1
45281,1294,32,22,1
45282,1294,33,27,1
45283,1294,34,57,2
45284,1294,35,35,1
45285,1295,1,28,1
45286,1295,2,31,2
45287,1295,3,15,0
45288,1295,4,13,0
45289,1295,5,32,0
45290,1295,6,20,0
45291,1295,7,18,1
45292,1295,8,28,1
45293,1295,9,19,1
45294,1295,10,20,0
45295,1295,11,39,1
45296,1295,12,25,1
45297,1295,13,15,1
45298,1295,14,18,1
45299,1295,15,18,1
45300,1295,16,41,2
45301,1295,17,21,1
45302,1295,18,16,0
45303,1295,19,9,0
45304,1295,20,11,0
45305,1295,21,31,1
45306,1295,22,28,2
45307,1295,23,16,1
45308,1295,24,16,1
45309,1295,25,24,0
45310,1295,26,15,0
45311,1295,27,17,0
45312,1295,28,12,0
45313,1295,29,45,2
45314,1295,30,16,0
45315,1295,31,24,0
45316,1295,32,17,0
45317,1295,33,19,0
45318,1295,34,33,0
45319,1295,35,48,1
45320,1296,1,55,1
45321,1296,2,20,1
45322,1296,3,33,2
45323,1296,4,63,0
45324,1296,5,54,2
45325,1296,6,41,2
45326,1296,7,22,1
45327,1296,8,45,3
45328,1296,9,25,1
45329,1296,10,37,0
45330,1296,11,39,1
45331,1296,12,33,2
45332,1296,13,59,3
45333,1296,14,8,0
45334,1296,15,70,2
45335,1296,16,42,1
45336,1296,17,21,0
45337,1296,18,27,0
45338,1296,19,22,1
45339,1296,20,20,1
45340,1296,21,56,2
45341,1296,22,57,1
45342,1296,23,44,2
45343,1296,24,20,1
45344,1296,25,10,1
45345,1296,26,46,1
45346,1296,27,42,1
45347,1296,28,32,1
45348,1296,29,23,1
45349,1296,30,62,2
45350,1296,31,43,2
45351,1296,32,20,0
45352,1296,33,57,0
45353,1296,34,20,0
45354,1296,35,27,1
45355,1297,1,86,1
45356,1297,2,60,3
45357,1297,3,76,1
45358,1297,4,66,0
45359,1297,5,68,0
45360,1297,6,44,1
45361,1297,7,37,2
45362,1297,8,31,1
45363,1297,9,57,3
45364,1297,10,45,2
45365,1297,11,23,1
45366,1297,12,28,1
45367,1297,13,87,5
45368,1297,14,56,2
45369,1297,15,48,2
45370,1297,16,65,1
45371,1297,17,47,2
45372,1297,18,77,4
45373,1297,19,48,1
45374,1297,20,48,3
45375,1297,21,25,1
45376,1297,22,68,1
45377,1297,23,54,3
45378,1297,24,79,0
45379,1297,25,55,3
45380,1297,26,28,1
45381,1297,27,35,2
45382,1297,28,93,2
45383,1297,29,18,1
45384,1297,30,86,4
45385,1297,31,27,0
45386,1297,32,21,1
45387,1297,33,31,1
45388,1297,34,69,1
45389,1297,35,62,1
45390,1298,1,21,0
45391,1298,2,25,1
45392,1298,3,30,1
45393,1298,4,47,3
45394,1298,5,55,2
45395,1298,6,39,1
45396,1298,7,23,1
45397,1298,8,49,1
45398,1298,9,30,0
45399,1298,10,92,5
45400,1298,11,16,0
45401,1298,12,31,0
45402,1298,13,31,2
45403,1298,14,75,1
45404,1298,15,46,1
45405,1298,16,34,2
45406,1298,17,23,1
45407,1298,18,59,1
45408,1298,19,31,2
45409,1298,20,46,0
45410,1298,21,28,1
45411,1298,22,21,0
45412,1298,23,25,1
45413,1298,24,36,1
45414,1298,25,20,1
45415,1298,26,30,1
45416,1298,27,20,1
45417,1298,28,16,0
45418,1298,29,46,2
45419,1298,30,49,1
45420,1298,31,49,1
45421,1298,32,21,1
45422,1298,33,73,4
45423,1298,34,14,0
45424,1298,35,40,1
45425,1299,1,23,0
45426,1299,2,18,0
45427,1299,3,16,0
45428,1299,4,20,1
45429,1299,5,13,0
45430,1299,6,36,1
45431,1299,7,19,1
45432,1299,8,12,0
45433,1299,9,26,0
45434,1299,10,19,0
45435,1299,11,13,0
45436,1299,12,37,1
45437,1299,13,42,1
45438,1299,14,16,1
45439,1299,15,52,1
45440,1299,16,89,4
45441,1299,17,66,1
45442,1299,18,17,0
45443,1299,19,44,2
45444,1299,20,42,1
45445,1299,21,19,0
45446,1299,22,36,2
45447,1299,23,28,1
45448,1299,24,7,0
45449,1299,25,54,0
45450,1299,26,11,0
45451,1299,27,35,1
45452,1299,28,35,1
45453,1299,29,26,1
45454,1299,30,29,1
45455,1299,31,9,0
45456,1299,32,29,2
45457,1299,33,14,0
45458,1299,34,22,1
45459,1299,35,42,0
45460,1300,1,51,3
45461,1300,2,55,0
45462,1300,3,78,4
45463,1300,4,36,0
45464,1300,5,55,3
45465,1300,6,51,2
45466,1300,7,62,2
45467,1300,8,30,1
45468,1300,9,59,2
45469,1300,10,33,1
45470,1300,11,20,1
45471,1300,12,28,1
45472,1300,13,31,1
45473,1300,14,25,1
45474,1300,15,54,3
45475,1300,16,44,2
45476,1300,17,43,1
45477,1300,18,30,1
45478,1300,19,18,1
45479,1300,20,30,1
45480,1300,21,15,0
45481,1300,22,28,0
45482,1300,23,26,1
45483,1300,24,30,1
45484,1300,25,83,0
45485,1300,26,38,1
45486,1300,27,50,3
45487,1300,28,73,1
45488,1300,29,62,2
45489,1300,30,57,2
45490,1300,31,35,1
45491,1300,32,29,1
45492,1300,33,39,0
45493,1300,34,45,1
45494,1300,35,31,1
45495,1301,1,64,4
45496,1301,2,82,2
45497,1301,3,56,1
45498,1301,4,56,1
45499,1301,5,65,0
45500,1301,6,72,1
45501,1301,7,32,1
45502,1301,8,66,3
45503,1301,9,112,0
45504,1301,10,100,0
45505,1301,11,41,2
45506,1301,12,54,1
45507,1301,13,78,2
45508,1301,14,64,3
45509,1301,15,52,2
45510,1301,16,108,5
45511,1301,17,68,1
45512,1301,18,49,1
45513,1301,19,77,3
45514,1301,20,48,2
45515,1301,21,81,1
45516,1301,22,77,4
45517,1301,23,48,3
45518,1301,24,48,0
45519,1301,25,26,0
45520,1301,26,59,1
45521,1301,27,41,1
45522,1301,28,38,1
45523,1301,29,137,3
45524,1301,30,45,1
45525,1301,31,84,0
45526,1301,32,55,0
45527,1301,33,83,4
45528,1301,34,33,1
45529,1301,35,35,1
45530,1302,1,29,1
45531,1302,2,83,3
45532,1302,3,34,2
45533,1302,4,25,1
45534,1302,5,53,1
45535,1302,6,60,4
45536,1302,7,65,3
45537,1302,8,67,4
45538,1302,9,30,0
45539,1302,10,28,2
45540,1302,11,36,2
45541,1302,12,56,3
45542,1302,13,36,1
45543,1302,14,43,1
45544,1302,15,39,1
45545,1302,16,42,2
45546,1302,17,95,0
45547,1302,18,29,1
45548,1302,19,66,1
45549,1302,20,63,2
45550,1302,21,61,2
45551,1302,22,28,0
45552,1302,23,27,1
45553,1302,24,41,0
45554,1302,25,48,1
45555,1302,26,27,1
45556,1302,27,53,2
45557,1302,28,62,2
45558,1302,29,89,4
45559,1302,30,37,1
45560,1302,31,57,1
45561,1302,32,43,2
45562,1302,33,48,1
45563,1302,34,52,1
45564,1302,35,56,1
45565,1303,1,65,1
45566,1303,2,37,0
45567,1303,3,49,2
45568,1303,4,66,3
45569,1303,5,31,2
45570,1303,6,27,2
45571,1303,7,28,0
45572,1303,8,28,1
45573,1303,9,21,0
45574,1303,10,21,0
45575,1303,11,29,1
45576,1303,12,22,1
45577,1303,13,38,1
45578,1303,14,44,1
45579,1303,15,59,1
45580,1303,16,36,2
45581,1303,17,57,1
45582,1303,18,21,0
45583,1303,19,24,1
45584,1303,20,21,0
45585,1303,21,34,1
45586,1303,22,54,3
45587,1303,23,41,2
45588,1303,24,46,1
45589,1303,25,16,0
45590,1303,26,40,2
45591,1303,27,42,2
45592,1303,28,30,1
45593,1303,29,49,3
45594,1303,30,34,0
45595,1303,31,52,0
45596,1303,32,44,1
45597,1303,33,27,0
45598,1303,34,39,2
45599,1303,35,42,0
45600,1304,1,44,0
45601,1304,2,58,1
45602,1304,3,57,3
45603,1304,4,38,1
45604,1304,5,28,2
45605,1304,6,41,2
45606,1304,7,36,1
45607,1304,8,55,3
45608,1304,9,73,3
45609,1304,10,39,2
45610,1304,11,36,2
45611,1304,12,74,3
45612,1304,13,31,1
45613,1304,14,78,2
45614,1304,15,66,1
45615,1304,16,32,0
45616,1304,17,49,1
45617,1304,18,64,2
45618,1304,19,75,1
45619,1304,20,71,4
45620,1304,21,27,1
45621,1304,22,35,1
45622,1304,23,53,1
45623,1304,24,25,1
45624,1304,25,59,2
45625,1304,26,87,4
45626,1304,27,26,1
45627,1304,28,30,1
45628,1304,29,48,1
45629,1304,30,49,2
45630,1304,31,37,1
45631,1304,32,41,1
45632,1304,33,42,0
45633,1304,34,54,0
45634,1304,35,60,1
45635,1305,1,126,7
45636,1305,2,92,2
45637,1305,3,117,2
45638,1305,4,68,3
45639,1305,5,74,0
45640,1305,6,164,0
45641,1305,7,77,4
45642,1305,8,105,3
45643,1305,9,54,1
45644,1305,10,72,0
45645,1305,11,77,4
45646,1305,12,46,2
45647,1305,13,50,3
45648,1305,14,196,3
45649,1305,15,103,3
45650,1305,16,92,2
45651,1305,17,62,2
45652,1305,18,77,2
45653,1305,19,55,2
45654,1305,20,106,1
45655,1305,21,41,1
45656,1305,22,121,0
45657,1305,23,64,3
45658,1305,24,67,2
45659,1305,25,94,6
45660,1305,26,68,2
45661,1305,27,62,2
45662,1305,28,136,3
45663,1305,29,86,3
45664,1305,30,35,1
45665,1305,31,73,0
45666,1305,32,62,0
45667,1305,33,28,1
45668,1305,34,73,4
45669,1305,35,158,7
45670,1306,1,60,3
45671,1306,2,31,0
45672,1306,3,103,6
45673,1306,4,61,1
45674,1306,5,42,2
45675,1306,6,43,1
45676,1306,7,24,1
45677,1306,8,66,0
45678,1306,9,85,4
45679,1306,10,41,1
45680,1306,11,44,2
45681,1306,12,40,2
45682,1306,13,53,3
45683,1306,14,31,1
45684,1306,15,86,3
45685,1306,16,51,3
45686,1306,17,52,0
45687,1306,18,80,3
45688,1306,19,73,4
45689,1306,20,36,1
45690,1306,21,79,1
45691,1306,22,20,0
45692,1306,23,50,1
45693,1306,24,27,1
45694,1306,25,63,4
45695,1306,26,82,5
45696,1306,27,48,1
45697,1306,28,57,2
45698,1306,29,19,1
45699,1306,30,38,1
45700,1306,31,46,1
45701,1306,32,86,2
45702,1306,33,17,1
45703,1306,34,31,0
45704,1306,35,34,1
45705,1307,1,43,0
45706,1307,2,17,0
45707,1307,3,62,0
45708,1307,4,64,3
45709,1307,5,59,0
45710,1307,6,27,0
45711,1307,7,36,2
45712,1307,8,54,2
45713,1307,9,62,1
45714,1307,10,38,2
45715,1307,11,38,1
45716,1307,12,53,1
45717,1307,13,70,2
45718,1307,14,63,3
45719,1307,15,29,1
45720,1307,16,53,1
45721,1307,17,38,0
45722,1307,18,52,1
45723,1307,19,35,0
45724,1307,20,55,0
45725,1307,21,45,2
45726,1307,22,28,1
45727,1307,23,20,1
45728,1307,24,33,2
45729,1307,25,48,0
45730,1307,26,39,2
45731,1307,27,35,2
45732,1307,28,49,1
45733,1307,29,41,2
45734,1307,30,37,0
45735,1307,31,43,0
45736,1307,32,87,4
45737,1307,33,45,1
45738,1307,34,148,3
45739,1307,35,29,1
45740,1308,1,14,1
45741,1308,2,43,2
45742,1308,3,50,2
45743,1308,4,47,2
45744,1308,5,37,2
45745,1308,6,110,2
45746,1308,7,32,0
45747,1308,8,60,2
45748,1308,9,82,0
45749,1308,10,106,4
45750,1308,11,76,4
45751,1308,12,56,2
45752,1308,13,68,4
45753,1308,14,110,6
45754,1308,15,55,2
45755,1308,16,34,0
45756,1308,17,67,2
45757,1308,18,40,1
45758,1308,19,64,2
45759,1308,20,49,2
45760,1308,21,35,2
45761,1308,22,44,2
45762,1308,23,87,3
45763,1308,24,99,5
45764,1308,25,55,1
45765,1308,26,100,2
45766,1308,27,71,4
45767,1308,28,71,4
45768,1308,29,74,1
45769,1308,30,47,0
45770,1308,31,41,2
45771,1308,32,29,1
45772,1308,33,50,2
45773,1308,34,62,0
45774,1308,35,47,0
45775,1309,1,65,4
45776,1309,2,108,2
45777,1309,3,64,2
45778,1309,4,16,1
45779,1309,5,90,1
45780,1309,6,45,0
45781,1309,7,46,2
45782,1309,8,36,2
45783,1309,9,85,4
45784,1309,10,78,0
45785,1309,11,116,4
45786,1309,12,42,1
45787,1309,13,56,2
45788,1309,14,112,4
45789,1309,15,59,1
45790,1309,16,77,4
45791,1309,17,57,3
45792,1309,18,98,4
45793,1309,19,92,0
45794,1309,20,45,1
45795,1309,21,48,0
45796,1309,22,70,2
45797,1309,23,78,1
45798,1309,24,96,0
45799,1309,25,35,1
45800,1309,26,74,1
45801,1309,27,64,3
45802,1309,28,70,2
45803,1309,29,112,5
45804,1309,30,119,6
45805,1309,31,84,0
45806,1309,32,44,1
45807,1309,33,69,2
45808,1309,34,104,3
45809,1309,35,69,3
45810,1310,1,55,3
45811,1310,2,68,3
45812,1310,3,68,2
45813,1310,4,33,1
45814,1310,5,21,1
45815,1310,6,45,1
45816,1310,7,51,3
45817,1310,8,25,0
45818,1310,9,41,0
45819,1310,10,52,2
45820,1310,11,46,2
45821,1310,12,107,0
45822,1310,13,37,2
45823,1310,14,59,3
45824,1310,15,49,2
45825,1310,16,28,0
45826,1310,17,50,2
45827,1310,18,35,1
45828,1310,19,59,1
45829,1310,20,35,2
45830,1310,21,65,2
45831,1310,22,21,1
45832,1310,23,62,3
45833,1310,24,38,2
45834,1310,25,29,0
45835,1310,26,28,0
45836,1310,27,110,6
45837,1310,28,50,0
45838,1310,29,87,2
45839,1310,30,3,0
45840,1310,31,81,2
45841,1310,32,15,1
45842,1310,33,57,3
45843,1310,34,52,3
45844,1310,35,41,2
45845,1311,1,30,0
45846,1311,2,29,1
45847,1311,3,46,0
45848,1311,4,18,1
45849,1311,5,30,1
45850,1311,6,37,1
45851,1311,7,33,1
45852,1311,8,41,1
45853,1311,9,96,5
45854,1311,10,27,1
45855,1311,11,18,1
45856,1311,12,53,3
45857,1311,13,36,1
45858,1311,14,54,2
45859,1311,15,45,1
45860,1311,16,41,1
45861,1311,17,32,2
45862,1311,18,35,1
45863,1311,19,57,3
45864,1311,20,27,0
45865,1311,21,88,0
45866,1311,22,47,0
45867,1311,23,42,1
45868,1311,24,65,3
45869,1311,25,16,1
45870,1311,26,53,2
45871,1311,27,27,1
45872,1311,28,29,1
45873,1311,29,64,1
45874,1311,30,35,0
45875,1311,31,31,0
45876,1311,32,31,1
45877,1311,33,39,2
45878,1311,34,18,0
45879,1311,35,75,4
45880,1312,1,78,0
45881,1312,2,52,3
45882,1312,3,57,3
45883,1312,4,25,1
45884,1312,5,48,1
45885,1312,6,92,3
45886,1312,7,74,4
45887,1312,8,43,1
45888,1312,9,39,2
45889,1312,10,22,1
45890,1312,11,29,1
45891,1312,12,89,3
45892,1312,13,71,3
45893,1312,14,88,3
45894,1312,15,63,1
45895,1312,16,32,1
45896,1312,17,72,3
45897,1312,18,144,4
45898,1312,19,109,1
45899,1312,20,32,2
45900,1312,21,73,3
45901,1312,22,52,2
45902,1312,23,33,1
45903,1312,24,63,1
45904,1312,25,36,2
45905,1312,26,51,0
45906,1312,27,45,2
45907,1312,28,34,2
45908,1312,29,11,0
45909,1312,30,85,5
45910,1312,31,60,1
45911,1312,32,32,1
45912,1312,33,37,0
45913,1312,34,80,4
45914,1312,35,89,4
45915,1313,1,30,1
45916,1313,2,46,3
45917,1313,3,66,3
45918,1313,4,18,1
45919,1313,5,30,2
45920,1313,6,30,1
45921,1313,7,24,1
45922,1313,8,53,2
45923,1313,9,50,2
45924,1313,10,24,0
45925,1313,11,64,4
45926,1313,12,31,1
45927,1313,13,41,2
45928,1313,14,36,2
45929,1313,15,32,1
45930,1313,16,75,3
45931,1313,17,17,1
45932,1313,18,17,0
45933,1313,19,44,0
45934,1313,20,40,2
45935,1313,21,30,1
45936,1313,22,41,2
45937,1313,23,45,1
45938,1313,24,31,0
45939,1313,25,39,2
45940,1313,26,47,2
45941,1313,27,24,1
45942,1313,28,41,1
45943,1313,29,41,1
45944,1313,30,40,1
45945,1313,31,30,0
45946,1313,32,42,0
45947,1313,33,17,1
45948,1313,34,69,3
45949,1313,35,63,4
45950,1314,1,49,3
45951,1314,2,26,0
45952,1314,3,15,1
45953,1314,4,8,0
45954,1314,5,17,1
45955,1314,6,61,2
45956,1314,7,23,1
45957,1314,8,19,0
45958,1314,9,13,0
45959,1314,10,12,0
45960,1314,11,29,2
45961,1314,12,21,0
45962,1314,13,38,1
45963,1314,14,30,2
45964,1314,15,46,1
45965,1314,16,25,1
45966,1314,17,26,0
45967,1314,18,27,1
45968,1314,19,24,1
45969,1314,20,23,1
45970,1314,21,9,0
45971,1314,22,4,0
45972,1314,23,13,1
45973,1314,24,25,0
45974,1314,25,10,0
45975,1314,26,4,0
45976,1314,27,47,2
45977,1314,28,10,1
45978,1314,29,31,1
45979,1314,30,17,1
45980,1314,31,13,1
45981,1314,32,13,1
45982,1314,33,31,2
45983,1314,34,23,1
45984,1314,35,31,1
45985,1315,1,19,1
45986,1315,2,15,0
45987,1315,3,8,0
45988,1315,4,43,1
45989,1315,5,27,2
45990,1315,6,36,2
45991,1315,7,18,0
45992,1315,8,21,0
45993,1315,9,15,1
45994,1315,10,19,1
45995,1315,11,20,0
45996,1315,12,22,0
45997,1315,13,22,1
45998,1315,14,36,1
45999,1315,15,24,1
46000,1315,16,17,1
46001,1315,17,30,2
46002,1315,18,20,1
46003,1315,19,12,0
46004,1315,20,24,1
46005,1315,21,13,0
46006,1315,22,13,0
46007,1315,23,24,1
46008,1315,24,27,1
46009,1315,25,32,1
46010,1315,26,20,1
46011,1315,27,19,0
46012,1315,28,19,0
46013,1315,29,14,0
46014,1315,30,17,0
46015,1315,31,27,1
46016,1315,32,38,1
46017,1315,33,11,0
46018,1315,34,17,0
46019,1315,35,24,1
46020,1316,1,19,0
46021,1316,2,27,1
46022,1316,3,27,1
46023,1316,4,65,1
46024,1316,5,39,1
46025,1316,6,97,0
46026,1316,7,31,1
46027,1316,8,34,2
46028,1316,9,26,1
46029,1316,10,30,1
46030,1316,11,35,1
46031,1316,12,42,0
46032,1316,13,15,1
46033,1316,14,26,1
46034,1316,15,31,2
46035,1316,16,40,2
46036,1316,17,25,1
46037,1316,18,13,0
46038,1316,19,19,0
46039,1316,20,39,2
46040,1316,21,11,0
46041,1316,22,32,1
46042,1316,23,39,1
46043,1316,24,21,1
46044,1316,25,79,3
46045,1316,26,11,0
46046,1316,27,18,0
46047,1316,28,45,3
46048,1316,29,29,1
46049,1316,30,26,1
46050,1316,31,22,1
46051,1316,32,55,2
46052,1316,33,32,0
46053,1316,34,50,1
46054,1316,35,23,1
46055,1317,1,54,1
46056,1317,2,16,0
46057,1317,3,22,1
46058,1317,4,25,1
46059,1317,5,93,1
46060,1317,6,57,1
46061,1317,7,22,0
46062,1317,8,28,1
46063,1317,9,63,0
46064,1317,10,17,0
46065,1317,11,29,2
46066,1317,12,22,0
46067,1317,13,48,3
46068,1317,14,61,3
46069,1317,15,19,1
46070,1317,16,24,1
46071,1317,17,37,2
46072,1317,18,24,1
46073,1317,19,19,1
46074,1317,20,31,2
46075,1317,21,44,1
46076,1317,22,21,0
46077,1317,23,47,2
46078,1317,24,14,1
46079,1317,25,41,1
46080,1317,26,24,1
46081,1317,27,15,1
46082,1317,28,35,2
46083,1317,29,29,2
46084,1317,30,15,1
46085,1317,31,36,0
46086,1317,32,32,1
46087,1317,33,31,1
46088,1317,34,39,0
46089,1317,35,37,0
46090,1318,1,38,0
46091,1318,2,9,0
46092,1318,3,45,2
46093,1318,4,14,1
46094,1318,5,22,1
46095,1318,6,26,1
46096,1318,7,32,2
46097,1318,8,19,0
46098,1318,9,33,1
46099,1318,10,51,3
46100,1318,11,37,1
46101,1318,12,34,2
46102,1318,13,28,1
46103,1318,14,17,0
46104,1318,15,40,2
46105,1318,16,44,2
46106,1318,17,25,1
46107,1318,18,19,1
46108,1318,19,35,1
46109,1318,20,20,1
46110,1318,21,13,1
46111,1318,22,29,0
46112,1318,23,36,1
46113,1318,24,24,1
46114,1318,25,50,2
46115,1318,26,37,1
46116,1318,27,38,1
46117,1318,28,55,3
46118,1318,29,24,0
46119,1318,30,27,1
46120,1318,31,25,1
46121,1318,32,18,0
46122,1318,33,13,0
46123,1318,34,33,2
46124,1318,35,24,0
46125,1319,1,13,0
46126,1319,2,7,0
46127,1319,3,12,1
46128,1319,4,50,1
46129,1319,5,48,1
46130,1319,6,15,1
46131,1319,7,15,1
46132,1319,8,14,0
46133,1319,9,9,0
46134,1319,10,36,2
46135,1319,11,30,0
46136,1319,12,39,1
46137,1319,13,42,0
46138,1319,14,11,1
46139,1319,15,16,0
46140,1319,16,23,1
46141,1319,17,14,1
46142,1319,18,14,1
46143,1319,19,20,1
46144,1319,20,23,0
46145,1319,21,19,0
46146,1319,22,36,2
46147,1319,23,13,1
46148,1319,24,52,3
46149,1319,25,22,0
46150,1319,26,11,0
46151,1319,27,17,0
46152,1319,28,21,1
46153,1319,29,14,0
46154,1319,30,27,0
46155,1319,31,11,0
46156,1319,32,41,1
46157,1319,33,30,1
46158,1319,34,23,1
46159,1319,35,30,0
46160,1320,1,29,2
46161,1320,2,12,1
46162,1320,3,34,1
46163,1320,4,23,1
46164,1320,5,59,1
46165,1320,6,22,1
46166,1320,7,59,2
46167,1320,8,10,0
46168,1320,9,53,3
46169,1320,10,39,2
46170,1320,11,21,1
46171,1320,12,11,0
46172,1320,13,22,1
46173,1320,14,34,1
46174,1320,15,55,2
46175,1320,16,41,2
46176,1320,17,40,2
46177,1320,18,32,1
46178,1320,19,29,1
46179,1320,20,15,0
46180,1320,21,17,1
46181,1320,22,47,1
46182,1320,23,45,2
46183,1320,24,11,1
46184,1320,25,8,0
46185,1320,26,30,0
46186,1320,27,39,1
46187,1320,28,43,2
46188,1320,29,9,0
46189,1320,30,39,1
46190,1320,31,29,1
46191,1320,32,20,0
46192,1320,33,11,1
46193,1320,34,22,1
46194,1320,35,25,0
46195,1321,1,31,1
46196,1321,2,35,2
46197,1321,3,37,1
46198,1321,4,53,3
46199,1321,5,34,0
46200,1321,6,45,2
46201,1321,7,62,3
46202,1321,8,58,1
46203,1321,9,48,0
46204,1321,10,38,0
46205,1321,11,55,1
46206,1321,12,21,1
46207,1321,13,29,2
46208,1321,14,67,4
46209,1321,15,56,1
46210,1321,16,65,4
46211,1321,17,65,2
46212,1321,18,90,3
46213,1321,19,34,0
46214,1321,20,18,0
46215,1321,21,43,3
46216,1321,22,37,1
46217,1321,23,19,0
46218,1321,24,45,2
46219,1321,25,74,1
46220,1321,26,35,1
46221,1321,27,58,2
46222,1321,28,32,1
46223,1321,29,37,1
46224,1321,30,29,1
46225,1321,31,18,0
46226,1321,32,15,0
46227,1321,33,56,1
46228,1321,34,28,2
46229,1321,35,39,1
46230,1322,1,30,1
46231,1322,2,17,0
46232,1322,3,24,1
46233,1322,4,10,0
46234,1322,5,11,0
46235,1322,6,29,1
46236,1322,7,31,1
46237,1322,8,15,0
46238,1322,9,22,0
46239,1322,10,19,0
46240,1322,11,36,1
46241,1322,12,10,0
46242,1322,13,30,2
46243,1322,14,36,2
46244,1322,15,8,0
46245,1322,16,47,1
46246,1322,17,26,0
46247,1322,18,49,1
46248,1322,19,52,1
46249,1322,20,33,1
46250,1322,21,16,0
46251,1322,22,38,1
46252,1322,23,19,1
46253,1322,24,65,3
46254,1322,25,19,1
46255,1322,26,19,0
46256,1322,27,65,1
46257,1322,28,23,1
46258,1322,29,31,1
46259,1322,30,7,0
46260,1322,31,39,1
46261,1322,32,91,2
46262,1322,33,45,2
46263,1322,34,21,1
46264,1322,35,37,2
46265,1323,1,39,0
46266,1323,2,23,0
46267,1323,3,20,1
46268,1323,4,25,1
46269,1323,5,30,1
46270,1323,6,59,1
46271,1323,7,17,0
46272,1323,8,36,1
46273,1323,9,18,0
46274,1323,10,13,1
46275,1323,11,19,0
46276,1323,12,24,1
46277,1323,13,28,1
46278,1323,14,40,1
46279,1323,15,15,1
46280,1323,16,11,1
46281,1323,17,49,2
46282,1323,18,11,0
46283,1323,19,27,0
46284,1323,20,27,0
46285,1323,21,23,1
46286,1323,22,12,0
46287,1323,23,23,1
46288,1323,24,27,1
46289,1323,25,15,0
46290,1323,26,41,0
46291,1323,27,45,1
46292,1323,28,37,1
46293,1323,29,20,1
46294,1323,30,17,1
46295,1323,31,17,1
46296,1323,32,21,0
46297,1323,33,25,1
46298,1323,34,33,2
46299,1323,35,12,0
46300,1324,1,26,1
46301,1324,2,64,2
46302,1324,3,47,2
46303,1324,4,26,1
46304,1324,5,31,1
46305,1324,6,23,1
46306,1324,7,30,1
46307,1324,8,17,1
46308,1324,9,44,1
46309,1324,10,22,1
46310,1324,11,52,2
46311,1324,12,48,2
46312,1324,13,38,0
46313,1324,14,35,2
46314,1324,15,41,0
46315,1324,16,35,0
46316,1324,17,58,1
46317,1324,18,15,1
46318,1324,19,56,2
46319,1324,20,9,0
46320,1324,21,57,2
46321,1324,22,92,1
46322,1324,23,33,1
46323,1324,24,28,0
46324,1324,25,26,0
46325,1324,26,12,0
46326,1324,27,30,1
46327,1324,28,43,1
46328,1324,29,18,0
46329,1324,30,47,1
46330,1324,31,61,2
46331,1324,32,23,1
46332,1324,33,26,1
46333,1324,34,10,0
46334,1324,35,35,1
46335,1325,1,27,1
46336,1325,2,22,1
46337,1325,3,80,1
46338,1325,4,68,2
46339,1325,5,31,0
46340,1325,6,27,1
46341,1325,7,33,1
46342,1325,8,56,2
46343,1325,9,67,3
46344,1325,10,46,1
46345,1325,11,45,1
46346,1325,12,17,1
46347,1325,13,71,3
46348,1325,14,112,5
46349,1325,15,48,1
46350,1325,16,42,2
46351,1325,17,93,3
46352,1325,18,82,2
46353,1325,19,18,1
46354,1325,20,23,1
46355,1325,21,49,1
46356,1325,22,46,2
46357,1325,23,49,1
46358,1325,24,52,2
46359,1325,25,89,4
46360,1325,26,53,1
46361,1325,27,47,1
46362,1325,28,49,1
46363,1325,29,65,3
46364,1325,30,45,2
46365,1325,31,53,1
46366,1325,32,59,3
46367,1325,33,54,2
46368,1325,34,44,1
46369,1325,35,36,0
46370,1326,1,27,1
46371,1326,2,48,2
46372,1326,3,35,2
46373,1326,4,11,1
46374,1326,5,55,2
46375,1326,6,32,1
46376,1326,7,31,0
46377,1326,8,48,0
46378,1326,9,69,2
46379,1326,10,43,2
46380,1326,11,44,1
46381,1326,12,34,1
46382,1326,13,26,1
46383,1326,14,37,1
46384,1326,15,70,2
46385,1326,16,51,0
46386,1326,17,23,0
46387,1326,18,37,2
46388,1326,19,37,2
46389,1326,20,44,2
46390,1326,21,19,1
46391,1326,22,41,2
46392,1326,23,65,1
46393,1326,24,17,1
46394,1326,25,31,1
46395,1326,26,34,2
46396,1326,27,22,1
46397,1326,28,13,1
46398,1326,29,46,1
46399,1326,30,17,1
46400,1326,31,46,2
46401,1326,32,19,0
46402,1326,33,74,2
46403,1326,34,24,1
46404,1326,35,48,0
46405,1327,1,28,0
46406,1327,2,13,0
46407,1327,3,38,2
46408,1327,4,38,2
46409,1327,5,25,0
46410,1327,6,41,1
46411,1327,7,18,0
46412,1327,8,46,2
46413,1327,9,18,0
46414,1327,10,29,1
46415,1327,11,38,2
46416,1327,12,43,1
46417,1327,13,20,0
46418,1327,14,8,0
46419,1327,15,41,2
46420,1327,16,32,1
46421,1327,17,34,1
46422,1327,18,18,1
46423,1327,19,49,1
46424,1327,20,29,0
46425,1327,21,22,1
46426,1327,22,12,1
46427,1327,23,28,1
46428,1327,24,48,2
46429,1327,25,21,1
46430,1327,26,38,1
46431,1327,27,36,2
46432,1327,28,15,1
46433,1327,29,48,1
46434,1327,30,34,2
46435,1327,31,30,1
46436,1327,32,17,0
46437,1327,33,23,0
46438,1327,34,26,1
46439,1327,35,39,2
46440,1328,1,28,1
46441,1328,2,36,1
46442,1328,3,101,4
46443,1328,4,65,3
46444,1328,5,28,0
46445,1328,6,55,2
46446,1328,7,53,3
46447,1328,8,58,2
46448,1328,9,48,0
46449,1328,10,27,1
46450,1328,11,24,1
46451,1328,12,18,0
46452,1328,13,42,3
46453,1328,14,34,2
46454,1328,15,53,3
46455,1328,16,53,2
46456,1328,17,48,2
46457,1328,18,42,2
46458,1328,19,37,1
46459,1328,20,30,1
46460,1328,21,23,0
46461,1328,22,62,0
46462,1328,23,26,1
46463,1328,24,30,1
46464,1328,25,63,3
46465,1328,26,38,1
46466,1328,27,52,1
46467,1328,28,39,1
46468,1328,29,46,1
46469,1328,30,62,2
46470,1328,31,107,5
46471,1328,32,72,2
46472,1328,33,21,1
46473,1328,34,53,3
46474,1328,35,50,3
46475,1329,1,62,1
46476,1329,2,29,1
46477,1329,3,43,2
46478,1329,4,70,2
46479,1329,5,17,0
46480,1329,6,71,0
46481,1329,7,83,4
46482,1329,8,42,2
46483,1329,9,46,2
46484,1329,10,112,3
46485,1329,11,66,2
46486,1329,12,97,2
46487,1329,13,79,0
46488,1329,14,73,1
46489,1329,15,140,7
46490,1329,16,26,0
46491,1329,17,63,3
46492,1329,18,117,7
46493,1329,19,76,4
46494,1329,20,65,3
46495,1329,21,39,2
46496,1329,22,75,0
46497,1329,23,34,1
46498,1329,24,77,3
46499,1329,25,66,3
46500,1329,26,45,1
46501,1329,27,59,3
46502,1329,28,75,1
46503,1329,29,65,2
46504,1329,30,33,2
46505,1329,31,62,0
46506,1329,32,69,3
46507,1329,33,136,8
46508,1329,34,26,1
46509,1329,35,106,2
46510,1330,1,44,2
46511,1330,2,40,2
46512,1330,3,27,1
46513,1330,4,74,3
46514,1330,5,34,1
46515,1330,6,25,1
46516,1330,7,20,1
46517,1330,8,37,1
46518,1330,9,36,2
46519,1330,10,35,1
46520,1330,11,66,4
46521,1330,12,41,0
46522,1330,13,64,1
46523,1330,14,15,1
46524,1330,15,27,1
46525,1330,16,59,1
46526,1330,17,47,0
46527,1330,18,62,2
46528,1330,19,56,2
46529,1330,20,33,2
46530,1330,21,66,1
46531,1330,22,47,2
46532,1330,23,32,1
46533,1330,24,53,2
46534,1330,25,55,0
46535,1330,26,34,1
46536,1330,27,45,2
46537,1330,28,32,2
46538,1330,29,58,2
46539,1330,30,20,1
46540,1330,31,65,3
46541,1330,32,19,1
46542,1330,33,54,1
46543,1330,34,57,2
46544,1330,35,31,1
46545,1331,1,20,0
46546,1331,2,36,1
46547,1331,3,17,0
46548,1331,4,30,1
46549,1331,5,25,1
46550,1331,6,70,1
46551,1331,7,14,0
46552,1331,8,12,0
46553,1331,9,29,1
46554,1331,10,33,1
46555,1331,11,34,1
46556,1331,12,8,0
46557,1331,13,47,1
46558,1331,14,61,3
46559,1331,15,49,2
46560,1331,16,71,2
46561,1331,17,46,1
46562,1331,18,35,2
46563,1331,19,22,1
46564,1331,20,19,1
46565,1331,21,50,3
46566,1331,22,76,2
46567,1331,23,43,1
46568,1331,24,26,1
46569,1331,25,44,1
46570,1331,26,29,1
46571,1331,27,47,2
46572,1331,28,23,1
46573,1331,29,25,1
46574,1331,30,23,1
46575,1331,31,47,1
46576,1331,32,18,1
46577,1331,33,46,1
46578,1331,34,43,2
46579,1331,35,31,0
46580,1332,1,59,2
46581,1332,2,29,2
46582,1332,3,14,1
46583,1332,4,61,2
46584,1332,5,22,1
46585,1332,6,67,2
46586,1332,7,61,1
46587,1332,8,43,2
46588,1332,9,27,1
46589,1332,10,55,3
46590,1332,11,63,1
46591,1332,12,14,0
46592,1332,13,25,1
46593,1332,14,67,2
46594,1332,15,62,2
46595,1332,16,31,1
46596,1332,17,45,2
46597,1332,18,29,0
46598,1332,19,99,2
46599,1332,20,119,6
46600,1332,21,29,0
46601,1332,22,35,0
46602,1332,23,60,2
46603,1332,24,54,2
46604,1332,25,63,2
46605,1332,26,45,2
46606,1332,27,36,1
46607,1332,28,82,2
46608,1332,29,79,1
46609,1332,30,33,2
46610,1332,31,59,2
46611,1332,32,26,0
46612,1332,33,34,2
46613,1332,34,30,1
46614,1332,35,35,1
46615,1333,1,22,0
46616,1333,2,54,2
46617,1333,3,126,4
46618,1333,4,120,7
46619,1333,5,125,2
46620,1333,6,46,0
46621,1333,7,59,3
46622,1333,8,81,1
46623,1333,9,81,0
46624,1333,10,96,4
46625,1333,11,87,5
46626,1333,12,83,1
46627,1333,13,54,0
46628,1333,14,97,4
46629,1333,15,85,4
46630,1333,16,79,2
46631,1333,17,57,2
46632,1333,18,99,2
46633,1333,19,63,2
46634,1333,20,50,2
46635,1333,21,68,2
46636,1333,22,39,2
46637,1333,23,71,4
46638,1333,24,77,0
46639,1333,25,55,2
46640,1333,26,112,1
46641,1333,27,95,3
46642,1333,28,80,2
46643,1333,29,91,2
46644,1333,30,127,6
46645,1333,31,58,0
46646,1333,32,90,0
46647,1333,33,29,0
46648,1333,34,84,1
46649,1333,35,42,2
46650,1334,1,93,1
46651,1334,2,73,4
46652,1334,3,34,1
46653,1334,4,94,2
46654,1334,5,25,1
46655,1334,6,49,2
46656,1334,7,49,1
46657,1334,8,38,2
46658,1334,9,42,2
46659,1334,10,75,4
46660,1334,11,48,1
46661,1334,12,40,1
46662,1334,13,100,4
46663,1334,14,62,2
46664,1334,15,45,2
46665,1334,16,47,2
46666,1334,17,62,0
46667,1334,18,41,1
46668,1334,19,52,1
46669,1334,20,58,1
46670,1334,21,59,1
46671,1334,22,31,2
46672,1334,23,69,2
46673,1334,24,87,3
46674,1334,25,38,0
46675,1334,26,38,0
46676,1334,27,40,1
46677,1334,28,44,1
46678,1334,29,42,2
46679,1334,30,40,1
46680,1334,31,86,0
46681,1334,32,7,0
46682,1334,33,125,2
46683,1334,34,52,3
46684,1334,35,58,2
46685,1335,1,45,1
46686,1335,2,39,0
46687,1335,3,39,2
46688,1335,4,53,1
46689,1335,5,22,0
46690,1335,6,35,1
46691,1335,7,32,1
46692,1335,8,73,2
46693,1335,9,78,5
46694,1335,10,42,2
46695,1335,11,40,1
46696,1335,12,26,1
46697,1335,13,31,0
46698,1335,14,62,2
46699,1335,15,52,2
46700,1335,16,27,1
46701,1335,17,21,1
46702,1335,18,25,0
46703,1335,19,22,0
46704,1335,20,35,0
46705,1335,21,20,0
46706,1335,22,58,1
46707,1335,23,69,3
46708,1335,24,28,1
46709,1335,25,58,1
46710,1335,26,110,4
46711,1335,27,41,2
46712,1335,28,25,1
46713,1335,29,38,1
46714,1335,30,92,5
46715,1335,31,29,1
46716,1335,32,35,2
46717,1335,33,49,1
46718,1335,34,47,1
46719,1335,35,38,1
46720,1336,1,31,1
46721,1336,2,61,2
46722,1336,3,104,3
46723,1336,4,44,2
46724,1336,5,27,1
46725,1336,6,89,0
46726,1336,7,71,4
46727,1336,8,77,2
46728,1336,9,63,3
46729,1336,10,53,1
46730,1336,11,167,0
46731,1336,12,105,5
46732,1336,13,70,3
46733,1336,14,86,1
46734,1336,15,51,2
46735,1336,16,141,4
46736,1336,17,81,5
46737,1336,18,73,4
46738,1336,19,38,1
46739,1336,20,50,2
46740,1336,21,137,8
46741,1336,22,64,0
46742,1336,23,125,6
46743,1336,24,65,3
46744,1336,25,53,3
46745,1336,26,77,3
46746,1336,27,39,1
46747,1336,28,36,2
46748,1336,29,24,1
46749,1336,30,74,2
46750,1336,31,76,3
46751,1336,32,68,2
46752,1336,33,75,1
46753,1336,34,56,2
46754,1336,35,83,4
46755,1337,1,86,4
46756,1337,2,48,1
46757,1337,3,111,3
46758,1337,4,82,5
46759,1337,5,57,0
46760,1337,6,139,0
46761,1337,7,31,1
46762,1337,8,82,4
46763,1337,9,45,1
46764,1337,10,130,4
46765,1337,11,83,4
46766,1337,12,101,2
46767,1337,13,41,1
46768,1337,14,74,2
46769,1337,15,85,4
46770,1337,16,101,5
46771,1337,17,62,1
46772,1337,18,69,4
46773,1337,19,51,2
46774,1337,20,126,2
46775,1337,21,62,4
46776,1337,22,129,3
46777,1337,23,133,5
46778,1337,24,71,0
46779,1337,25,44,2
46780,1337,26,69,4
46781,1337,27,30,2
46782,1337,28,47,2
46783,1337,29,113,2
46784,1337,30,24,1
46785,1337,31,49,0
46786,1337,32,45,2
46787,1337,33,77,3
46788,1337,34,34,1
46789,1337,35,49,3
46790,1338,1,32,1
46791,1338,2,66,4
46792,1338,3,50,2
46793,1338,4,49,3
46794,1338,5,24,1
46795,1338,6,77,2
46796,1338,7,14,1
46797,1338,8,32,1
46798,1338,9,68,2
46799,1338,10,46,2
46800,1338,11,42,1
46801,1338,12,75,3
46802,1338,13,116,5
46803,1338,14,17,1
46804,1338,15,88,1
46805,1338,16,16,1
46806,1338,17,50,1
46807,1338,18,39,2
46808,1338,19,48,3
46809,1338,20,46,0
46810,1338,21,37,1
46811,1338,22,26,1
46812,1338,23,28,1
46813,1338,24,29,1
46814,1338,25,26,0
46815,1338,26,27,0
46816,1338,27,70,3
46817,1338,28,29,1
46818,1338,29,25,1
46819,1338,30,22,1
46820,1338,31,25,0
46821,1338,32,63,2
46822,1338,33,26,1
46823,1338,34,54,3
46824,1338,35,20,1
46825,1339,1,32,0
46826,1339,2,32,0
46827,1339,3,40,2
46828,1339,4,61,0
46829,1339,5,36,1
46830,1339,6,58,3
46831,1339,7,29,2
46832,1339,8,64,3
46833,1339,9,49,2
46834,1339,10,60,0
46835,1339,11,40,2
46836,1339,12,73,0
46837,1339,13,22,1
46838,1339,14,37,0
46839,1339,15,20,1
46840,1339,16,59,3
46841,1339,17,49,2
46842,1339,18,40,1
46843,1339,19,27,1
46844,1339,20,40,1
46845,1339,21,66,4
46846,1339,22,42,1
46847,1339,23,41,2
46848,1339,24,44,3
46849,1339,25,37,0
46850,1339,26,33,1
46851,1339,27,22,1
46852,1339,28,36,0
46853,1339,29,31,2
46854,1339,30,35,1
46855,1339,31,33,1
46856,1339,32,34,2
46857,1339,33,40,2
46858,1339,34,20,0
46859,1339,35,20,1
46860,1340,1,125,1
46861,1340,2,57,2
46862,1340,3,51,3
46863,1340,4,55,1
46864,1340,5,42,2
46865,1340,6,21,0
46866,1340,7,71,4
46867,1340,8,95,6
46868,1340,9,43,2
46869,1340,10,69,4
46870,1340,11,39,0
46871,1340,12,76,0
46872,1340,13,59,2
46873,1340,14,117,0
46874,1340,15,64,1
46875,1340,16,77,2
46876,1340,17,77,4
46877,1340,18,50,3
46878,1340,19,44,1
46879,1340,20,35,2
46880,1340,21,53,3
46881,1340,22,36,1
46882,1340,23,59,3
46883,1340,24,79,3
46884,1340,25,62,1
46885,1340,26,37,0
46886,1340,27,28,2
46887,1340,28,69,2
46888,1340,29,47,2
46889,1340,30,40,2
46890,1340,31,20,1
46891,1340,32,29,1
46892,1340,33,87,4
46893,1340,34,52,1
46894,1340,35,18,0
46895,1341,1,35,1
46896,1341,2,35,1
46897,1341,3,39,1
46898,1341,4,35,1
46899,1341,5,33,0
46900,1341,6,24,0
46901,1341,7,29,2
46902,1341,8,62,2
46903,1341,9,43,2
46904,1341,10,53,2
46905,1341,11,47,2
46906,1341,12,73,4
46907,1341,13,15,1
46908,1341,14,30,1
46909,1341,15,45,2
46910,1341,16,30,1
46911,1341,17,16,0
46912,1341,18,54,1
46913,1341,19,27,1
46914,1341,20,46,2
46915,1341,21,26,1
46916,1341,22,71,2
46917,1341,23,30,2
46918,1341,24,27,1
46919,1341,25,38,2
46920,1341,26,48,1
46921,1341,27,70,3
46922,1341,28,72,2
46923,1341,29,45,1
46924,1341,30,43,2
46925,1341,31,14,1
46926,1341,32,81,2
46927,1341,33,23,1
46928,1341,34,18,0
46929,1341,35,21,1
46930,1342,1,17,1
46931,1342,2,44,1
46932,1342,3,33,1
46933,1342,4,22,1
46934,1342,5,19,1
46935,1342,6,33,1
46936,1342,7,18,1
46937,1342,8,32,1
46938,1342,9,19,1
46939,1342,10,25,1
46940,1342,11,32,1
46941,1342,12,29,1
46942,1342,13,26,1
46943,1342,14,14,1
46944,1342,15,6,0
46945,1342,16,14,0
46946,1342,17,22,1
46947,1342,18,12,0
46948,1342,19,38,2
46949,1342,20,20,0
46950,1342,21,27,1
46951,1342,22,15,0
46952,1342,23,23,1
46953,1342,24,22,1
46954,1342,25,10,0
46955,1342,26,33,2
46956,1342,27,21,1
46957,1342,28,50,3
46958,1342,29,10,1
46959,1342,30,25,1
46960,1342,31,22,0
46961,1342,32,37,2
46962,1342,33,18,1
46963,1342,34,15,0
46964,1342,35,41,1
46965,1343,1,19,0
46966,1343,2,19,0
46967,1343,3,32,2
46968,1343,4,27,1
46969,1343,5,24,0
46970,1343,6,33,1
46971,1343,7,31,1
46972,1343,8,20,0
46973,1343,9,21,0
46974,1343,10,15,0
46975,1343,11,18,1
46976,1343,12,12,0
46977,1343,13,34,1
46978,1343,14,19,1
46979,1343,15,20,0
46980,1343,16,16,1
46981,1343,17,12,0
46982,1343,18,23,0
46983,1343,19,8,0
46984,1343,20,40,0
46985,1343,21,30,1
46986,1343,22,21,1
46987,1343,23,53,3
46988,1343,24,21,1
46989,1343,25,20,1
46990,1343,26,30,1
46991,1343,27,13,1
46992,1343,28,10,0
46993,1343,29,34,0
46994,1343,30,29,1
46995,1343,31,48,1
46996,1343,32,16,1
46997,1343,33,23,1
46998,1343,34,12,0
46999,1343,35,23,1
47000,1344,1,14,0
47001,1344,2,35,0
47002,1344,3,25,0
47003,1344,4,13,1
47004,1344,5,23,0
47005,1344,6,38,1
47006,1344,7,40,1
47007,1344,8,63,2
47008,1344,9,16,1
47009,1344,10,54,3
47010,1344,11,26,0
47011,1344,12,21,0
47012,1344,13,12,1
47013,1344,14,27,0
47014,1344,15,31,2
47015,1344,16,22,1
47016,1344,17,26,0
47017,1344,18,42,1
47018,1344,19,34,2
47019,1344,20,13,0
47020,1344,21,49,3
47021,1344,22,35,2
47022,1344,23,40,1
47023,1344,24,28,0
47024,1344,25,12,0
47025,1344,26,40,2
47026,1344,27,31,2
47027,1344,28,30,2
47028,1344,29,28,1
47029,1344,30,31,1
47030,1344,31,29,1
47031,1344,32,38,1
47032,1344,33,37,2
47033,1344,34,36,0
47034,1344,35,45,1
47035,1345,1,37,1
47036,1345,2,32,1
47037,1345,3,50,2
47038,1345,4,46,0
47039,1345,5,21,0
47040,1345,6,18,1
47041,1345,7,24,1
47042,1345,8,45,2
47043,1345,9,48,1
47044,1345,10,66,3
47045,1345,11,42,1
47046,1345,12,26,0
47047,1345,13,39,2
47048,1345,14,30,1
47049,1345,15,25,1
47050,1345,16,79,5
47051,1345,17,31,0
47052,1345,18,96,5
47053,1345,19,41,2
47054,1345,20,52,2
47055,1345,21,34,1
47056,1345,22,39,0
47057,1345,23,39,1
47058,1345,24,58,0
47059,1345,25,37,2
47060,1345,26,69,3
47061,1345,27,39,2
47062,1345,28,15,1
47063,1345,29,48,3
47064,1345,30,27,1
47065,1345,31,40,1
47066,1345,32,59,2
47067,1345,33,69,3
47068,1345,34,26,1
47069,1345,35,31,1
47070,1346,1,31,1
47071,1346,2,13,0
47072,1346,3,21,1
47073,1346,4,23,1
47074,1346,5,78,2
47075,1346,6,27,1
47076,1346,7,30,2
47077,1346,8,17,1
47078,1346,9,25,1
47079,1346,10,20,1
47080,1346,11,55,1
47081,1346,12,20,0
47082,1346,13,21,1
47083,1346,14,33,2
47084,1346,15,16,0
47085,1346,16,17,1
47086,1346,17,34,1
47087,1346,18,31,2
47088,1346,19,33,1
47089,1346,20,20,0
47090,1346,21,49,1
47091,1346,22,19,0
47092,1346,23,26,1
47093,1346,24,39,2
47094,1346,25,15,1
47095,1346,26,45,1
47096,1346,27,36,0
47097,1346,28,12,0
47098,1346,29,38,2
47099,1346,30,38,0
47100,1346,31,30,0
47101,1346,32,24,0
47102,1346,33,22,0
47103,1346,34,33,1
47104,1346,35,23,1
47105,1347,1,22,0
47106,1347,2,15,0
47107,1347,3,21,0
47108,1347,4,25,0
47109,1347,5,28,0
47110,1347,6,14,0
47111,1347,7,25,1
47112,1347,8,8,0
47113,1347,9,10,1
47114,1347,10,11,0
47115,1347,11,12,0
47116,1347,12,12,1
47117,1347,13,26,1
47118,1347,14,26,1
47119,1347,15,20,1
47120,1347,16,11,0
47121,1347,17,18,0
47122,1347,18,12,1
47123,1347,19,17,1
47124,1347,20,19,0
47125,1347,21,45,1
47126,1347,22,54,3
47127,1347,23,13,0
47128,1347,24,28,1
47129,1347,25,23,0
47130,1347,26,33,1
47131,1347,27,20,1
47132,1347,28,63,3
47133,1347,29,21,1
47134,1347,30,24,1
47135,1347,31,16,1
47136,1347,32,51,1
47137,1347,33,26,1
47138,1347,34,20,1
47139,1347,35,41,2
47140,1348,1,31,1
47141,1348,2,22,1
47142,1348,3,34,1
47143,1348,4,22,1
47144,1348,5,22,0
47145,1348,6,63,0
47146,1348,7,32,1
47147,1348,8,54,2
47148,1348,9,19,1
47149,1348,10,52,1
47150,1348,11,19,1
47151,1348,12,21,0
47152,1348,13,21,1
47153,1348,14,30,0
47154,1348,15,50,3
47155,1348,16,20,0
47156,1348,17,26,1
47157,1348,18,22,1
47158,1348,19,15,0
47159,1348,20,26,0
47160,1348,21,19,1
47161,1348,22,33,1
47162,1348,23,28,0
47163,1348,24,26,0
47164,1348,25,56,2
47165,1348,26,34,0
47166,1348,27,58,1
47167,1348,28,51,1
47168,1348,29,28,1
47169,1348,30,22,1
47170,1348,31,27,1
47171,1348,32,23,1
47172,1348,33,36,0
47173,1348,34,29,1
47174,1348,35,48,3
47175,1349,1,23,1
47176,1349,2,36,1
47177,1349,3,52,3
47178,1349,4,62,3
47179,1349,5,38,2
47180,1349,6,113,5
47181,1349,7,33,1
47182,1349,8,49,2
47183,1349,9,45,3
47184,1349,10,34,1
47185,1349,11,22,0
47186,1349,12,19,1
47187,1349,13,31,2
47188,1349,14,53,2
47189,1349,15,27,0
47190,1349,16,38,1
47191,1349,17,46,2
47192,1349,18,83,1
47193,1349,19,76,5
47194,1349,20,44,2
47195,1349,21,16,0
47196,1349,22,38,2
47197,1349,23,33,1
47198,1349,24,18,0
47199,1349,25,43,1
47200,1349,26,57,1
47201,1349,27,34,2
47202,1349,28,35,1
47203,1349,29,79,2
47204,1349,30,66,2
47205,1349,31,56,1
47206,1349,32,30,0
47207,1349,33,32,1
47208,1349,34,44,3
47209,1349,35,46,2
47210,1350,1,49,2
47211,1350,2,45,1
47212,1350,3,35,2
47213,1350,4,36,1
47214,1350,5,63,2
47215,1350,6,50,2
47216,1350,7,36,1
47217,1350,8,25,0
47218,1350,9,36,0
47219,1350,10,54,3
47220,1350,11,25,1
47221,1350,12,30,0
47222,1350,13,29,1
47223,1350,14,50,1
47224,1350,15,34,2
47225,1350,16,43,0
47226,1350,17,31,1
47227,1350,18,33,2
47228,1350,19,40,2
47229,1350,20,23,0
47230,1350,21,9,0
47231,1350,22,42,2
47232,1350,23,47,1
47233,1350,24,34,1
47234,1350,25,33,0
47235,1350,26,37,1
47236,1350,27,29,1
47237,1350,28,13,0
47238,1350,29,22,1
47239,1350,30,28,2
47240,1350,31,38,2
47241,1350,32,25,1
47242,1350,33,42,3
47243,1350,34,21,0
47244,1350,35,26,1
47245,1351,1,10,1
47246,1351,2,9,0
47247,1351,3,27,1
47248,1351,4,16,0
47249,1351,5,13,0
47250,1351,6,22,1
47251,1351,7,22,0
47252,1351,8,27,1
47253,1351,9,38,1
47254,1351,10,20,0
47255,1351,11,33,1
47256,1351,12,35,2
47257,1351,13,21,1
47258,1351,14,20,1
47259,1351,15,15,0
47260,1351,16,30,1
47261,1351,17,30,0
47262,1351,18,15,0
47263,1351,19,32,2
47264,1351,20,26,1
47265,1351,21,14,0
47266,1351,22,15,1
47267,1351,23,12,0
47268,1351,24,50,3
47269,1351,25,11,0
47270,1351,26,10,0
47271,1351,27,19,1
47272,1351,28,29,1
47273,1351,29,41,1
47274,1351,30,34,1
47275,1351,31,41,0
47276,1351,32,10,0
47277,1351,33,63,4
47278,1351,34,34,1
47279,1351,35,9,0
47280,1352,1,46,2
47281,1352,2,60,1
47282,1352,3,37,1
47283,1352,4,65,2
47284,1352,5,22,1
47285,1352,6,23,1
47286,1352,7,39,1
47287,1352,8,49,3
47288,1352,9,64,2
47289,1352,10,21,0
47290,1352,11,28,0
47291,1352,12,55,2
47292,1352,13,8,0
47293,1352,14,20,0
47294,1352,15,24,1
47295,1352,16,21,1
47296,1352,17,28,1
47297,1352,18,53,1
47298,1352,19,19,1
47299,1352,20,38,1
47300,1352,21,41,1
47301,1352,22,33,2
47302,1352,23,39,2
47303,1352,24,37,1
47304,1352,25,40,1
47305,1352,26,21,1
47306,1352,27,47,1
47307,1352,28,49,3
47308,1352,29,37,1
47309,1352,30,75,0
47310,1352,31,33,1
47311,1352,32,21,1
47312,1352,33,24,1
47313,1352,34,35,2
47314,1352,35,67,1
47315,1353,1,84,2
47316,1353,2,39,0
47317,1353,3,62,3
47318,1353,4,68,0
47319,1353,5,40,2
47320,1353,6,47,2
47321,1353,7,91,4
47322,1353,8,45,2
47323,1353,9,50,0
47324,1353,10,73,1
47325,1353,11,57,3
47326,1353,12,50,1
47327,1353,13,27,1
47328,1353,14,84,5
47329,1353,15,39,1
47330,1353,16,60,3
47331,1353,17,57,2
47332,1353,18,35,1
47333,1353,19,51,1
47334,1353,20,22,1
47335,1353,21,25,1
47336,1353,22,21,0
47337,1353,23,54,2
47338,1353,24,38,1
47339,1353,25,79,2
47340,1353,26,32,2
47341,1353,27,52,3
47342,1353,28,52,3
47343,1353,29,68,1
47344,1353,30,46,2
47345,1353,31,22,1
47346,1353,32,53,0
47347,1353,33,75,2
47348,1353,34,35,1
47349,1353,35,48,2
47350,1354,1,29,1
47351,1354,2,25,1
47352,1354,3,43,1
47353,1354,4,2,0
47354,1354,5,40,1
47355,1354,6,43,2
47356,1354,7,56,3
47357,1354,8,50,3
47358,1354,9,23,1
47359,1354,10,54,1
47360,1354,11,67,1
47361,1354,12,33,2
47362,1354,13,21,0
47363,1354,14,60,3
47364,1354,15,16,0
47365,1354,16,32,2
47366,1354,17,28,1
47367,1354,18,56,3
47368,1354,19,36,0
47369,1354,20,22,0
47370,1354,21,27,1
47371,1354,22,43,0
47372,1354,23,55,2
47373,1354,24,18,1
47374,1354,25,40,2
47375,1354,26,50,1
47376,1354,27,15,0
47377,1354,28,25,1
47378,1354,29,22,0
47379,1354,30,32,1
47380,1354,31,51,2
47381,1354,32,37,1
47382,1354,33,50,2
47383,1354,34,16,1
47384,1354,35,25,0
47385,1355,1,26,1
47386,1355,2,28,2
47387,1355,3,22,1
47388,1355,4,34,0
47389,1355,5,40,2
47390,1355,6,21,1
47391,1355,7,39,1
47392,1355,8,9,1
47393,1355,9,29,1
47394,1355,10,25,1
47395,1355,11,27,1
47396,1355,12,33,0
47397,1355,13,28,1
47398,1355,14,53,2
47399,1355,15,13,1
47400,1355,16,33,1
47401,1355,17,34,1
47402,1355,18,30,1
47403,1355,19,34,0
47404,1355,20,28,1
47405,1355,21,33,1
47406,1355,22,52,3
47407,1355,23,27,1
47408,1355,24,23,1
47409,1355,25,28,1
47410,1355,26,37,2
47411,1355,27,22,1
47412,1355,28,46,2
47413,1355,29,26,1
47414,1355,30,10,0
47415,1355,31,29,0
47416,1355,32,38,2
47417,1355,33,38,1
47418,1355,34,31,1
47419,1355,35,43,2
47420,1356,1,11,0
47421,1356,2,85,1
47422,1356,3,44,1
47423,1356,4,25,1
47424,1356,5,95,4
47425,1356,6,21,1
47426,1356,7,21,1
47427,1356,8,15,1
47428,1356,9,47,2
47429,1356,10,5,0
47430,1356,11,53,1
47431,1356,12,33,2
47432,1356,13,58,2
47433,1356,14,46,0
47434,1356,15,25,0
47435,1356,16,44,3
47436,1356,17,47,2
47437,1356,18,31,1
47438,1356,19,20,1
47439,1356,20,19,0
47440,1356,21,47,1
47441,1356,22,31,1
47442,1356,23,10,0
47443,1356,24,45,1
47444,1356,25,22,1
47445,1356,26,43,2
47446,1356,27,26,0
47447,1356,28,80,1
47448,1356,29,35,1
47449,1356,30,17,0
47450,1356,31,56,2
47451,1356,32,56,3
47452,1356,33,35,1
47453,1356,34,35,2
47454,1356,35,36,1
47455,1357,1,41,1
47456,1357,2,88,4
47457,1357,3,52,1
47458,1357,4,61,0
47459,1357,5,60,1
47460,1357,6,66,2
47461,1357,7,88,3
47462,1357,8,65,2
47463,1357,9,51,0
47464,1357,10,60,3
47465,1357,11,64,2
47466,1357,12,119,5
47467,1357,13,69,1
47468,1357,14,67,0
47469,1357,15,36,2
47470,1357,16,31,1
47471,1357,17,60,3
47472,1357,18,52,1
47473,1357,19,115,0
47474,1357,20,48,0
47475,1357,21,63,3
47476,1357,22,73,3
47477,1357,23,48,1
47478,1357,24,33,2
47479,1357,25,9,0
47480,1357,26,30,1
47481,1357,27,25,1
47482,1357,28,59,1
47483,1357,29,52,2
47484,1357,30,52,1
47485,1357,31,67,4
47486,1357,32,74,0
47487,1357,33,35,1
47488,1357,34,100,4
47489,1357,35,59,1
47490,1358,1,41,1
47491,1358,2,18,0
47492,1358,3,23,1
47493,1358,4,57,3
47494,1358,5,48,2
47495,1358,6,42,2
47496,1358,7,38,2
47497,1358,8,121,0
47498,1358,9,27,1
47499,1358,10,18,1
47500,1358,11,47,1
47501,1358,12,33,2
47502,1358,13,49,1
47503,1358,14,37,1
47504,1358,15,32,1
47505,1358,16,51,1
47506,1358,17,38,1
47507,1358,18,7,0
47508,1358,19,40,2
47509,1358,20,37,0
47510,1358,21,28,1
47511,1358,22,59,2
47512,1358,23,27,1
47513,1358,24,22,1
47514,1358,25,49,0
47515,1358,26,30,2
47516,1358,27,27,1
47517,1358,28,62,3
47518,1358,29,66,4
47519,1358,30,31,1
47520,1358,31,27,1
47521,1358,32,24,1
47522,1358,33,22,1
47523,1358,34,22,1
47524,1358,35,42,1
47525,1359,1,30,1
47526,1359,2,40,1
47527,1359,3,41,1
47528,1359,4,22,0
47529,1359,5,31,1
47530,1359,6,11,0
47531,1359,7,14,1
47532,1359,8,31,1
47533,1359,9,54,0
47534,1359,10,24,1
47535,1359,11,33,1
47536,1359,12,26,0
47537,1359,13,53,3
47538,1359,14,46,0
47539,1359,15,32,1
47540,1359,16,38,0
47541,1359,17,35,1
47542,1359,18,26,1
47543,1359,19,21,0
47544,1359,20,25,1
47545,1359,21,49,1
47546,1359,22,37,2
47547,1359,23,72,4
47548,1359,24,44,2
47549,1359,25,32,0
47550,1359,26,10,1
47551,1359,27,35,2
47552,1359,28,36,1
47553,1359,29,17,0
47554,1359,30,42,1
47555,1359,31,34,0
47556,1359,32,26,1
47557,1359,33,26,1
47558,1359,34,38,2
47559,1359,35,28,0
47560,1360,1,13,0
47561,1360,2,38,1
47562,1360,3,26,0
47563,1360,4,35,1
47564,1360,5,49,2
47565,1360,6,40,1
47566,1360,7,63,3
47567,1360,8,17,0
47568,1360,9,51,2
47569,1360,10,49,2
47570,1360,11,51,1
47571,1360,12,61,1
47572,1360,13,47,1
47573,1360,14,28,0
47574,1360,15,66,3
47575,1360,16,63,3
47576,1360,17,82,0
47577,1360,18,53,1
47578,1360,19,88,1
47579,1360,20,56,3
47580,1360,21,61,1
47581,1360,22,64,0
47582,1360,23,36,1
47583,1360,24,33,2
47584,1360,25,61,1
47585,1360,26,47,1
47586,1360,27,39,1
47587,1360,28,42,0
47588,1360,29,37,2
47589,1360,30,33,0
47590,1360,31,22,1
47591,1360,32,39,1
47592,1360,33,94,2
47593,1360,34,43,1
47594,1360,35,30,1
47595,1361,1,31,1
47596,1361,2,122,5
47597,1361,3,66,4
47598,1361,4,53,0
47599,1361,5,78,2
47600,1361,6,73,0
47601,1361,7,80,3
47602,1361,8,114,6
47603,1361,9,58,1
47604,1361,10,42,1
47605,1361,11,66,1
47606,1361,12,57,2
47607,1361,13,64,2
47608,1361,14,15,1
47609,1361,15,181,7
47610,1361,16,37,2
47611,1361,17,61,2
47612,1361,18,46,2
47613,1361,19,43,0
47614,1361,20,95,3
47615,1361,21,65,2
47616,1361,22,89,0
47617,1361,23,182,4
47618,1361,24,67,1
47619,1361,25,123,1
47620,1361,26,113,5
47621,1361,27,64,4
47622,1361,28,77,4
47623,1361,29,102,6
47624,1361,30,129,2
47625,1361,31,85,3
47626,1361,32,40,1
47627,1361,33,113,3
47628,1361,34,62,1
47629,1361,35,24,1
47630,1362,1,97,1
47631,1362,2,92,5
47632,1362,3,64,2
47633,1362,4,35,2
47634,1362,5,84,1
47635,1362,6,66,1
47636,1362,7,85,4
47637,1362,8,84,0
47638,1362,9,63,3
47639,1362,10,38,0
47640,1362,11,63,2
47641,1362,12,76,1
47642,1362,13,90,1
47643,1362,14,44,2
47644,1362,15,88,4
47645,1362,16,34,1
47646,1362,17,25,1
47647,1362,18,48,1
47648,1362,19,95,5
47649,1362,20,36,0
47650,1362,21,19,1
47651,1362,22,22,1
47652,1362,23,29,2
47653,1362,24,48,3
47654,1362,25,46,2
47655,1362,26,46,2
47656,1362,27,58,2
47657,1362,28,29,0
47658,1362,29,95,4
47659,1362,30,85,1
47660,1362,31,28,1
47661,1362,32,89,5
47662,1362,33,68,4
47663,1362,34,14,0
47664,1362,35,37,0
47665,1363,1,33,2
47666,1363,2,42,2
47667,1363,3,37,2
47668,1363,4,36,1
47669,1363,5,36,1
47670,1363,6,84,3
47671,1363,7,48,2
47672,1363,8,25,0
47673,1363,9,24,1
47674,1363,10,52,2
47675,1363,11,27,1
47676,1363,12,21,0
47677,1363,13,70,0
47678,1363,14,36,0
47679,1363,15,24,1
47680,1363,16,50,1
47681,1363,17,59,3
47682,1363,18,75,2
47683,1363,19,54,3
47684,1363,20,52,2
47685,1363,21,14,0
47686,1363,22,49,1
47687,1363,23,34,1
47688,1363,24,44,0
47689,1363,25,30,1
47690,1363,26,24,1
47691,1363,27,72,3
47692,1363,28,47,2
47693,1363,29,70,2
47694,1363,30,12,1
47695,1363,31,13,1
47696,1363,32,38,0
47697,1363,33,37,1
47698,1363,34,31,1
47699,1363,35,57,2
47700,1364,1,47,2
47701,1364,2,62,2
47702,1364,3,46,2
47703,1364,4,73,3
47704,1364,5,73,2
47705,1364,6,27,1
47706,1364,7,28,1
47707,1364,8,86,2
47708,1364,9,112,2
47709,1364,10,58,2
47710,1364,11,42,0
47711,1364,12,39,1
47712,1364,13,74,3
47713,1364,14,48,0
47714,1364,15,149,4
47715,1364,16,43,2
47716,1364,17,51,0
47717,1364,18,89,1
47718,1364,19,98,4
47719,1364,20,59,1
47720,1364,21,122,6
47721,1364,22,16,0
47722,1364,23,49,2
47723,1364,24,42,2
47724,1364,25,73,2
47725,1364,26,65,0
47726,1364,27,141,5
47727,1364,28,68,0
47728,1364,29,26,1
47729,1364,30,37,0
47730,1364,31,43,0
47731,1364,32,133,5
47732,1364,33,47,0
47733,1364,34,52,1
47734,1364,35,50,1
47735,1365,1,171,0
47736,1365,2,90,2
47737,1365,3,85,4
47738,1365,4,93,0
47739,1365,5,38,2
47740,1365,6,39,0
47741,1365,7,77,2
47742,1365,8,88,4
47743,1365,9,64,2
47744,1365,10,82,4
47745,1365,11,165,5
47746,1365,12,45,1
47747,1365,13,25,1
47748,1365,14,50,1
47749,1365,15,87,2
47750,1365,16,76,1
47751,1365,17,58,2
47752,1365,18,84,4
47753,1365,19,117,5
47754,1365,20,66,1
47755,1365,21,140,4
47756,1365,22,96,0
47757,1365,23,102,1
47758,1365,24,55,3
47759,1365,25,103,5
47760,1365,26,105,3
47761,1365,27,64,3
47762,1365,28,90,2
47763,1365,29,65,3
47764,1365,30,69,4
47765,1365,31,58,0
47766,1365,32,34,2
47767,1365,33,72,3
47768,1365,34,58,2
47769,1365,35,60,3
47770,1366,1,74,4
47771,1366,2,31,0
47772,1366,3,86,3
47773,1366,4,36,1
47774,1366,5,29,1
47775,1366,6,52,2
47776,1366,7,35,2
47777,1366,8,30,0
47778,1366,10,67,4
47779,1366,11,91,5
47780,1366,12,58,2
47781,1366,13,42,2
47782,1366,14,60,1
47783,1366,15,31,1
47784,1366,16,31,2
47785,1366,17,32,2
47786,1366,18,54,2
47787,1366,19,10,0
47788,1366,20,25,0
47789,1366,21,46,1
47790,1366,22,41,2
47791,1366,23,70,3
47792,1366,24,102,5
47793,1366,25,59,2
47794,1366,26,76,4
47795,1366,27,49,2
47796,1366,28,22,1
47797,1366,29,124,7
47798,1366,30,148,7
47799,1366,31,55,1
47800,1366,32,63,3
47801,1366,33,69,2
47802,1366,34,58,2
47803,1366,35,22,1
47804,1367,1,50,0
47805,1367,2,40,2
47806,1367,3,43,1
47807,1367,4,45,2
47808,1367,5,38,1
47809,1367,6,59,2
47810,1367,7,51,1
47811,1367,8,17,1
47812,1367,9,25,1
47813,1367,10,47,1
47814,1367,11,37,2
47815,1367,12,81,0
47816,1367,13,63,0
47817,1367,14,23,0
47818,1367,15,44,2
47819,1367,16,46,2
47820,1367,17,14,0
47821,1367,18,38,1
47822,1367,19,28,0
47823,1367,20,58,2
47824,1367,21,23,0
47825,1367,22,11,1
47826,1367,23,53,0
47827,1367,24,34,0
47828,1367,25,35,2
47829,1367,26,38,2
47830,1367,27,64,0
47831,1367,28,45,3
47832,1367,29,41,1
47833,1367,30,31,2
47834,1367,31,52,0
47835,1367,32,58,2
47836,1367,33,43,1
47837,1367,34,88,0
47838,1367,35,41,1
47839,1368,1,56,2
47840,1368,2,41,2
47841,1368,3,67,4
47842,1368,4,62,4
47843,1368,5,39,0
47844,1368,6,93,3
47845,1368,7,69,4
47846,1368,8,37,1
47847,1368,9,18,1
47848,1368,10,41,0
47849,1368,11,29,1
47850,1368,12,44,1
47851,1368,13,31,1
47852,1368,14,30,1
47853,1368,15,52,1
47854,1368,16,29,1
47855,1368,17,42,1
47856,1368,18,107,5
47857,1368,19,12,1
47858,1368,20,48,1
47859,1368,21,108,0
47860,1368,22,49,2
47861,1368,23,68,3
47862,1368,24,84,2
47863,1368,25,46,1
47864,1368,26,35,1
47865,1368,27,24,0
47866,1368,28,35,0
47867,1368,29,67,3
47868,1368,30,51,0
47869,1368,31,114,5
47870,1368,32,61,3
47871,1368,33,49,1
47872,1368,34,37,1
47873,1368,35,89,4
47874,1369,1,30,0
47875,1369,2,10,0
47876,1369,3,23,1
47877,1369,4,19,1
47878,1369,5,37,2
47879,1369,6,37,0
47880,1369,7,22,1
47881,1369,8,62,3
47882,1369,9,28,1
47883,1369,10,91,5
47884,1369,11,37,1
47885,1369,12,15,1
47886,1369,13,20,1
47887,1369,14,42,1
47888,1369,15,47,3
47889,1369,16,25,1
47890,1369,17,47,2
47891,1369,18,51,1
47892,1369,19,14,0
47893,1369,20,14,0
47894,1369,21,78,5
47895,1369,22,29,0
47896,1369,23,26,1
47897,1369,24,34,1
47898,1369,25,24,1
47899,1369,26,26,1
47900,1369,27,38,1
47901,1369,28,83,3
47902,1369,29,20,0
47903,1369,30,45,1
47904,1369,31,30,0
47905,1369,32,26,1
47906,1369,33,36,2
47907,1369,34,36,1
47908,1369,35,33,1
47909,1370,1,72,0
47910,1370,2,15,1
47911,1370,3,14,1
47912,1370,4,22,1
47913,1370,5,42,1
47914,1370,6,17,0
47915,1370,7,32,0
47916,1370,8,23,0
47917,1370,9,35,1
47918,1370,10,41,2
47919,1370,11,45,2
47920,1370,12,15,0
47921,1370,13,60,1
47922,1370,14,16,0
47923,1370,15,20,1
47924,1370,16,25,1
47925,1370,17,32,2
47926,1370,18,17,0
47927,1370,19,21,1
47928,1370,20,31,1
47929,1370,21,23,1
47930,1370,22,36,2
47931,1370,23,44,3
47932,1370,24,19,1
47933,1370,25,28,0
47934,1370,26,22,1
47935,1370,27,20,1
47936,1370,28,37,1
47937,1370,29,29,1
47938,1370,30,12,0
47939,1370,31,22,1
47940,1370,32,8,0
47941,1370,33,28,2
47942,1370,34,15,0
47943,1370,35,20,1
47944,1371,1,18,1
47945,1371,2,8,0
47946,1371,3,17,0
47947,1371,4,31,0
47948,1371,5,36,1
47949,1371,6,16,1
47950,1371,7,25,1
47951,1371,8,28,0
47952,1371,9,21,1
47953,1371,10,58,0
47954,1371,11,11,0
47955,1371,12,22,0
47956,1371,13,30,1
47957,1371,14,20,0
47958,1371,15,14,0
47959,1371,16,18,1
47960,1371,17,19,1
47961,1371,18,28,1
47962,1371,19,6,0
47963,1371,20,36,2
47964,1371,21,24,0
47965,1371,22,14,1
47966,1371,23,7,0
47967,1371,24,16,0
47968,1371,25,42,1
47969,1371,26,19,1
47970,1371,27,22,0
47971,1371,28,36,2
47972,1371,29,13,0
47973,1371,30,12,1
47974,1371,31,20,0
47975,1371,32,42,2
47976,1371,33,30,1
47977,1371,34,9,0
47978,1371,35,11,1
47979,1372,1,86,5
47980,1372,2,12,0
47981,1372,3,34,1
47982,1372,4,30,2
47983,1372,5,52,2
47984,1372,6,34,2
47985,1372,7,8,0
47986,1372,8,19,1
47987,1372,9,51,1
47988,1372,10,45,1
47989,1372,11,52,1
47990,1372,12,15,1
47991,1372,13,18,1
47992,1372,14,49,2
47993,1372,15,45,2
47994,1372,16,31,1
47995,1372,17,46,1
47996,1372,18,30,2
47997,1372,19,24,1
47998,1372,20,36,1
47999,1372,21,25,0
48000,1372,22,15,1
48001,1372,23,34,2
48002,1372,24,30,2
48003,1372,25,34,1
48004,1372,26,27,1
48005,1372,27,36,2
48006,1372,28,20,0
48007,1372,29,53,3
48008,1372,30,23,1
48009,1372,31,46,2
48010,1372,32,45,1
48011,1372,33,42,1
48012,1372,34,29,1
48013,1372,35,32,1
48014,1373,1,26,1
48015,1373,2,43,1
48016,1373,3,63,3
48017,1373,4,70,0
48018,1373,5,32,0
48019,1373,6,47,2
48020,1373,7,33,2
48021,1373,8,53,2
48022,1373,9,50,2
48023,1373,10,29,0
48024,1373,11,30,1
48025,1373,12,87,1
48026,1373,13,46,2
48027,1373,14,24,1
48028,1373,15,54,3
48029,1373,16,33,1
48030,1373,17,51,1
48031,1373,18,35,1
48032,1373,19,20,0
48033,1373,20,69,3
48034,1373,21,54,1
48035,1373,22,22,0
48036,1373,23,55,1
48037,1373,24,26,1
48038,1373,25,49,2
48039,1373,26,97,3
48040,1373,27,45,1
48041,1373,28,35,2
48042,1373,29,26,1
48043,1373,30,10,0
48044,1373,31,16,1
48045,1373,32,37,1
48046,1373,33,60,2
48047,1373,34,30,1
48048,1373,35,50,2
48049,1374,1,24,1
48050,1374,2,15,1
48051,1374,3,27,0
48052,1374,4,43,1
48053,1374,5,62,1
48054,1374,6,17,0
48055,1374,7,47,1
48056,1374,8,16,0
48057,1374,9,20,1
48058,1374,10,35,2
48059,1374,11,46,1
48060,1374,12,38,0
48061,1374,13,38,1
48062,1374,14,32,2
48063,1374,15,9,0
48064,1374,16,37,2
48065,1374,17,22,1
48066,1374,18,28,2
48067,1374,19,21,1
48068,1374,20,29,0
48069,1374,21,19,0
48070,1374,22,19,1
48071,1374,23,23,1
48072,1374,24,25,1
48073,1374,25,19,0
48074,1374,26,30,1
48075,1374,27,31,1
48076,1374,28,38,2
48077,1374,29,21,0
48078,1374,30,30,2
48079,1374,31,9,0
48080,1374,32,13,1
48081,1374,33,16,1
48082,1374,34,28,0
48083,1374,35,16,1
48084,1375,1,26,1
48085,1375,2,30,2
48086,1375,3,15,0
48087,1375,4,22,0
48088,1375,5,35,1
48089,1375,6,6,0
48090,1375,7,18,0
48091,1375,8,16,1
48092,1375,9,38,2
48093,1375,10,14,0
48094,1375,11,34,0
48095,1375,12,20,1
48096,1375,13,27,0
48097,1375,14,17,1
48098,1375,15,12,1
48099,1375,16,39,2
48100,1375,17,29,1
48101,1375,18,18,1
48102,1375,19,5,0
48103,1375,20,28,1
48104,1375,21,20,0
48105,1375,22,23,0
48106,1375,23,24,0
48107,1375,24,21,0
48108,1375,25,42,1
48109,1375,26,22,1
48110,1375,27,24,1
48111,1375,28,10,0
48112,1375,29,18,1
48113,1375,30,39,1
48114,1375,31,14,0
48115,1375,32,39,1
48116,1375,33,37,0
48117,1375,34,15,1
48118,1375,35,15,0
48119,1376,1,11,0
48120,1376,2,17,0
48121,1376,3,44,1
48122,1376,4,27,0
48123,1376,5,20,1
48124,1376,6,28,1
48125,1376,7,27,1
48126,1376,8,60,4
48127,1376,9,16,1
48128,1376,10,41,2
48129,1376,11,33,1
48130,1376,12,41,2
48131,1376,13,15,1
48132,1376,14,48,2
48133,1376,15,32,1
48134,1376,16,34,1
48135,1376,17,31,0
48136,1376,18,37,2
48137,1376,19,52,1
48138,1376,20,28,1
48139,1376,21,19,0
48140,1376,22,24,0
48141,1376,23,21,1
48142,1376,24,21,1
48143,1376,25,21,1
48144,1376,26,13,1
48145,1376,27,53,3
48146,1376,28,17,0
48147,1376,29,33,1
48148,1376,30,27,0
48149,1376,31,37,1
48150,1376,32,37,1
48151,1376,33,26,1
48152,1376,34,63,2
48153,1376,35,19,0
48154,1377,1,44,0
48155,1377,2,40,1
48156,1377,3,19,0
48157,1377,4,47,0
48158,1377,5,55,1
48159,1377,6,26,1
48160,1377,7,91,5
48161,1377,8,52,2
48162,1377,9,24,0
48163,1377,10,52,1
48164,1377,11,53,1
48165,1377,12,57,1
48166,1377,13,46,3
48167,1377,14,48,1
48168,1377,15,59,3
48169,1377,16,13,1
48170,1377,17,76,3
48171,1377,18,20,1
48172,1377,19,51,0
48173,1377,20,24,1
48174,1377,21,32,1
48175,1377,22,39,0
48176,1377,23,42,1
48177,1377,24,50,2
48178,1377,25,55,2
48179,1377,26,49,1
48180,1377,27,75,2
48181,1377,28,51,2
48182,1377,29,41,1
48183,1377,30,41,2
48184,1377,31,32,0
48185,1377,32,34,2
48186,1377,33,44,2
48187,1377,34,40,2
48188,1377,35,61,3
48189,1378,1,15,0
48190,1378,2,30,1
48191,1378,3,53,2
48192,1378,4,58,3
48193,1378,5,13,0
48194,1378,6,39,2
48195,1378,7,35,1
48196,1378,8,34,0
48197,1378,9,25,0
48198,1378,10,6,0
48199,1378,11,31,1
48200,1378,12,17,0
48201,1378,13,35,1
48202,1378,14,31,1
48203,1378,15,29,1
48204,1378,16,66,4
48205,1378,17,46,2
48206,1378,18,37,1
48207,1378,19,32,0
48208,1378,20,24,0
48209,1378,21,20,1
48210,1378,22,29,1
48211,1378,23,39,1
48212,1378,24,47,1
48213,1378,25,22,0
48214,1378,26,10,0
48215,1378,27,40,1
48216,1378,28,69,3
48217,1378,29,36,2
48218,1378,30,20,1
48219,1378,31,29,0
48220,1378,32,31,0
48221,1378,33,25,0
48222,1378,34,44,1
48223,1378,35,36,0
48224,1379,1,38,0
48225,1379,2,14,1
48226,1379,3,15,1
48227,1379,4,20,0
48228,1379,5,14,0
48229,1379,6,35,1
48230,1379,7,37,1
48231,1379,8,23,1
48232,1379,9,25,1
48233,1379,10,19,1
48234,1379,11,43,1
48235,1379,12,12,0
48236,1379,13,14,0
48237,1379,14,23,0
48238,1379,15,25,1
48239,1379,16,39,2
48240,1379,17,17,1
48241,1379,18,47,0
48242,1379,19,49,2
48243,1379,20,4,0
48244,1379,21,28,1
48245,1379,22,41,2
48246,1379,23,21,0
48247,1379,24,26,0
48248,1379,25,16,1
48249,1379,26,15,0
48250,1379,27,13,0
48251,1379,28,43,3
48252,1379,29,19,1
48253,1379,30,41,2
48254,1379,31,27,0
48255,1379,32,29,1
48256,1379,33,31,2
48257,1379,34,41,2
48258,1379,35,24,1
48259,1380,1,62,2
48260,1380,2,26,1
48261,1380,3,33,1
48262,1380,4,54,1
48263,1380,5,15,1
48264,1380,6,25,1
48265,1380,7,67,3
48266,1380,8,24,0
48267,1380,9,44,1
48268,1380,10,59,3
48269,1380,11,36,1
48270,1380,12,13,1
48271,1380,13,41,2
48272,1380,14,34,0
48273,1380,15,47,1
48274,1380,16,30,1
48275,1380,17,39,0
48276,1380,18,15,0
48277,1380,19,57,2
48278,1380,20,68,2
48279,1380,21,15,0
48280,1380,22,36,1
48281,1380,23,41,1
48282,1380,24,29,0
48283,1380,25,19,1
48284,1380,26,36,1
48285,1380,27,29,0
48286,1380,28,18,0
48287,1380,29,21,0
48288,1380,30,25,1
48289,1380,31,30,1
48290,1380,32,51,2
48291,1380,33,54,0
48292,1380,34,70,2
48293,1380,35,14,0
48294,1381,1,47,0
48295,1381,2,51,1
48296,1381,3,31,1
48297,1381,4,32,0
48298,1381,5,43,1
48299,1381,6,59,0
48300,1381,7,38,2
48301,1381,8,36,1
48302,1381,9,38,2
48303,1381,10,71,2
48304,1381,11,57,1
48305,1381,12,33,2
48306,1381,13,68,4
48307,1381,14,56,1
48308,1381,15,50,1
48309,1381,16,41,2
48310,1381,17,46,2
48311,1381,18,72,2
48312,1381,19,22,1
48313,1381,20,35,1
48314,1381,21,63,1
48315,1381,22,29,1
48316,1381,23,57,0
48317,1381,24,23,0
48318,1381,25,56,1
48319,1381,26,56,1
48320,1381,27,41,1
48321,1381,28,79,4
48322,1381,29,78,3
48323,1381,30,40,0
48324,1381,31,20,1
48325,1381,32,40,2
48326,1381,33,85,1
48327,1381,34,59,2
48328,1381,35,72,1
48329,1382,1,20,1
48330,1382,2,57,1
48331,1382,3,38,0
48332,1382,4,14,0
48333,1382,5,38,1
48334,1382,6,32,1
48335,1382,7,28,1
48336,1382,8,24,0
48337,1382,9,43,1
48338,1382,10,51,1
48339,1382,11,46,1
48340,1382,12,24,0
48341,1382,13,54,3
48342,1382,14,24,1
48343,1382,15,38,2
48344,1382,16,27,0
48345,1382,17,15,1
48346,1382,18,21,1
48347,1382,19,33,1
48348,1382,20,24,0
48349,1382,21,37,2
48350,1382,22,32,1
48351,1382,23,40,2
48352,1382,24,36,2
48353,1382,25,34,0
48354,1382,26,47,1
48355,1382,27,50,2
48356,1382,28,16,0
48357,1382,29,67,2
48358,1382,30,8,0
48359,1382,31,45,1
48360,1382,32,21,0
48361,1382,33,77,3
48362,1382,34,29,1
48363,1382,35,22,1
48364,1383,1,29,1
48365,1383,2,46,2
48366,1383,3,25,1
48367,1383,4,53,0
48368,1383,5,30,1
48369,1383,6,15,1
48370,1383,7,43,1
48371,1383,8,30,1
48372,1383,9,16,1
48373,1383,10,30,1
48374,1383,11,60,2
48375,1383,12,16,1
48376,1383,13,13,0
48377,1383,14,24,0
48378,1383,15,61,1
48379,1383,16,18,0
48380,1383,17,56,3
48381,1383,18,16,0
48382,1383,19,9,0
48383,1383,20,27,1
48384,1383,21,23,0
48385,1383,22,44,1
48386,1383,23,37,1
48387,1383,24,25,0
48388,1383,25,52,0
48389,1383,26,32,1
48390,1383,27,40,2
48391,1383,28,39,1
48392,1383,29,58,1
48393,1383,30,18,0
48394,1383,31,38,0
48395,1383,32,45,2
48396,1383,33,9,0
48397,1383,34,38,0
48398,1383,35,12,0
48399,1384,1,49,2
48400,1384,2,50,1
48401,1384,3,51,1
48402,1384,4,31,1
48403,1384,5,16,1
48404,1384,6,30,1
48405,1384,7,32,1
48406,1384,8,26,0
48407,1384,9,45,2
48408,1384,10,73,2
48409,1384,11,44,0
48410,1384,12,62,2
48411,1384,13,60,3
48412,1384,14,38,1
48413,1384,15,69,1
48414,1384,16,27,1
48415,1384,17,17,0
48416,1384,18,78,5
48417,1384,19,79,3
48418,1384,20,23,1
48419,1384,21,30,0
48420,1384,22,49,2
48421,1384,23,45,1
48422,1384,24,33,2
48423,1384,25,41,2
48424,1384,26,67,3
48425,1384,27,43,2
48426,1384,28,45,0
48427,1384,29,48,1
48428,1384,30,16,0
48429,1384,31,27,1
48430,1384,32,57,2
48431,1384,33,47,0
48432,1384,34,41,2
48433,1384,35,35,1
48434,1385,1,51,0
48435,1385,2,64,1
48436,1385,3,76,4
48437,1385,4,16,1
48438,1385,5,32,2
48439,1385,6,50,1
48440,1385,7,99,3
48441,1385,8,51,3
48442,1385,9,56,1
48443,1385,10,79,2
48444,1385,11,93,5
48445,1385,12,47,3
48446,1385,13,76,3
48447,1385,14,63,1
48448,1385,15,51,2
48449,1385,16,46,2
48450,1385,17,98,1
48451,1385,18,56,3
48452,1385,19,93,5
48453,1385,20,69,4
48454,1385,21,42,1
48455,1385,22,50,1
48456,1385,23,35,1
48457,1385,24,52,1
48458,1385,25,84,1
48459,1385,26,88,5
48460,1385,27,82,2
48461,1385,28,71,2
48462,1385,29,30,1
48463,1385,30,30,2
48464,1385,31,61,3
48465,1385,32,18,1
48466,1385,33,116,6
48467,1385,34,81,4
48468,1385,35,82,2
48469,1386,1,53,0
48470,1386,2,36,2
48471,1386,3,18,1
48472,1386,4,35,2
48473,1386,5,44,1
48474,1386,6,39,0
48475,1386,7,58,2
48476,1386,8,63,2
48477,1386,9,53,2
48478,1386,10,43,1
48479,1386,11,38,2
48480,1386,12,25,1
48481,1386,13,38,2
48482,1386,14,36,2
48483,1386,15,52,1
48484,1386,16,31,1
48485,1386,17,28,1
48486,1386,18,30,2
48487,1386,19,30,1
48488,1386,20,50,0
48489,1386,21,30,1
48490,1386,22,27,0
48491,1386,23,42,2
48492,1386,24,40,1
48493,1386,25,52,0
48494,1386,26,58,3
48495,1386,27,48,3
48496,1386,28,50,1
48497,1386,29,30,1
48498,1386,30,33,2
48499,1386,31,63,1
48500,1386,32,26,0
48501,1386,33,35,1
48502,1386,34,50,1
48503,1386,35,78,3
48504,1387,1,40,0
48505,1387,2,31,1
48506,1387,3,25,0
48507,1387,4,32,0
48508,1387,5,39,2
48509,1387,6,41,2
48510,1387,7,19,0
48511,1387,8,41,1
48512,1387,9,21,1
48513,1387,10,61,0
48514,1387,11,21,1
48515,1387,12,31,1
48516,1387,13,43,1
48517,1387,14,61,1
48518,1387,15,18,1
48519,1387,16,40,1
48520,1387,17,46,1
48521,1387,18,24,1
48522,1387,19,33,2
48523,1387,20,20,1
48524,1387,21,37,1
48525,1387,22,80,1
48526,1387,23,16,1
48527,1387,24,32,2
48528,1387,25,21,0
48529,1387,26,70,3
48530,1387,27,39,2
48531,1387,28,35,2
48532,1387,29,20,1
48533,1387,30,47,1
48534,1387,31,23,0
48535,1387,32,65,1
48536,1387,33,71,2
48537,1387,34,29,0
48538,1387,35,30,2
48539,1388,1,55,1
48540,1388,2,28,0
48541,1388,3,29,2
48542,1388,4,20,1
48543,1388,5,26,1
48544,1388,6,13,1
48545,1388,7,53,1
48546,1388,8,46,2
48547,1388,9,43,1
48548,1388,10,37,1
48549,1388,11,45,0
48550,1388,12,47,2
48551,1388,13,24,0
48552,1388,14,49,1
48553,1388,15,26,1
48554,1388,16,21,1
48555,1388,17,49,1
48556,1388,18,46,1
48557,1388,19,66,2
48558,1388,20,21,1
48559,1388,21,37,2
48560,1388,22,70,3
48561,1388,23,25,1
48562,1388,24,30,1
48563,1388,25,88,4
48564,1388,26,44,1
48565,1388,27,49,1
48566,1388,28,26,1
48567,1388,29,64,2
48568,1388,30,25,0
48569,1388,31,40,2
48570,1388,32,41,2
48571,1388,33,56,3
48572,1388,34,29,1
48573,1388,35,79,2
48574,1389,1,45,0
48575,1389,2,155,8
48576,1389,3,135,2
48577,1389,4,72,4
48578,1389,5,63,2
48579,1389,6,102,0
48580,1389,7,38,2
48581,1389,8,60,1
48582,1389,9,111,6
48583,1389,10,78,2
48584,1389,11,198,10
48585,1389,12,131,6
48586,1389,13,49,2
48587,1389,14,62,1
48588,1389,15,51,1
48589,1389,16,109,2
48590,1389,17,78,3
48591,1389,18,65,2
48592,1389,19,52,1
48593,1389,20,83,4
48594,1389,21,71,1
48595,1389,22,71,2
48596,1389,23,140,0
48597,1389,24,175,2
48598,1389,25,123,6
48599,1389,26,71,3
48600,1389,27,85,4
48601,1389,28,123,1
48602,1389,29,76,4
48603,1389,30,103,5
48604,1389,31,89,2
48605,1389,32,106,5
48606,1389,33,79,1
48607,1389,34,106,5
48608,1389,35,67,2
48609,1390,1,55,2
48610,1390,2,34,1
48611,1390,3,54,2
48612,1390,4,32,0
48613,1390,5,64,1
48614,1390,6,64,3
48615,1390,7,32,2
48616,1390,8,69,0
48617,1390,9,49,1
48618,1390,10,18,1
48619,1390,11,74,4
48620,1390,12,34,1
48621,1390,13,94,4
48622,1390,14,45,1
48623,1390,15,41,2
48624,1390,16,57,3
48625,1390,17,78,4
48626,1390,18,35,0
48627,1390,19,54,2
48628,1390,20,59,0
48629,1390,21,40,1
48630,1390,22,85,1
48631,1390,23,43,1
48632,1390,24,55,0
48633,1390,25,37,0
48634,1390,26,71,4
48635,1390,27,44,1
48636,1390,28,55,3
48637,1390,29,47,2
48638,1390,30,61,3
48639,1390,31,82,2
48640,1390,32,40,2
48641,1390,33,68,2
48642,1390,34,95,5
48643,1390,35,61,3
48644,1391,1,35,2
48645,1391,2,41,2
48646,1391,3,68,3
48647,1391,4,23,1
48648,1391,5,24,1
48649,1391,6,20,1
48650,1391,7,31,1
48651,1391,8,40,2
48652,1391,9,30,1
48653,1391,10,34,0
48654,1391,11,93,1
48655,1391,12,34,2
48656,1391,13,52,0
48657,1391,14,25,1
48658,1391,15,54,2
48659,1391,16,64,4
48660,1391,17,22,1
48661,1391,18,49,2
48662,1391,19,26,1
48663,1391,20,56,3
48664,1391,21,32,1
48665,1391,22,66,3
48666,1391,23,86,0
48667,1391,24,75,0
48668,1391,25,34,1
48669,1391,26,61,3
48670,1391,27,21,1
48671,1391,28,32,1
48672,1391,29,95,4
48673,1391,30,43,2
48674,1391,31,16,1
48675,1391,32,39,2
48676,1391,33,34,1
48677,1391,34,30,2
48678,1391,35,48,2
48679,1392,1,64,3
48680,1392,2,132,6
48681,1392,3,85,4
48682,1392,4,47,2
48683,1392,5,39,1
48684,1392,6,110,3
48685,1392,7,32,1
48686,1392,8,29,1
48687,1392,9,68,0
48688,1392,10,3,0
48689,1392,11,89,0
48690,1392,12,55,2
48691,1392,13,124,3
48692,1392,14,71,1
48693,1392,15,33,1
48694,1392,16,53,1
48695,1392,17,48,1
48696,1392,18,25,1
48697,1392,19,74,2
48698,1392,20,50,2
48699,1392,21,43,2
48700,1392,22,86,2
48701,1392,23,158,0
48702,1392,24,57,2
48703,1392,25,91,5
48704,1392,26,87,4
48705,1392,27,31,1
48706,1392,28,87,4
48707,1392,29,47,3
48708,1392,30,43,1
48709,1392,31,82,1
48710,1392,32,94,1
48711,1392,33,33,2
48712,1392,34,67,3
48713,1392,35,57,2
48714,1393,1,40,2
48715,1393,2,100,4
48716,1393,3,52,1
48717,1393,4,34,1
48718,1393,5,63,3
48719,1393,6,44,0
48720,1393,7,100,3
48721,1393,8,92,2
48722,1393,9,69,3
48723,1393,10,53,2
48724,1393,11,19,1
48725,1393,12,95,4
48726,1393,13,78,3
48727,1393,14,37,2
48728,1393,15,73,4
48729,1393,16,105,3
48730,1393,17,31,2
48731,1393,18,41,0
48732,1393,19,85,1
48733,1393,20,68,4
48734,1393,21,143,2
48735,1393,22,88,2
48736,1393,23,96,5
48737,1393,24,151,0
48738,1393,25,67,3
48739,1393,26,109,1
48740,1393,27,54,1
48741,1393,28,56,0
48742,1393,29,93,5
48743,1393,30,138,3
48744,1393,31,92,0
48745,1393,32,47,1
48746,1393,33,63,2
48747,1393,34,123,6
48748,1393,35,146,6
48749,1394,1,34,2
48750,1394,2,32,1
48751,1394,3,55,0
48752,1394,4,23,0
48753,1394,5,21,1
48754,1394,6,63,1
48755,1394,7,96,4
48756,1394,8,44,1
48757,1394,9,43,2
48758,1394,10,33,1
48759,1394,11,58,1
48760,1394,12,72,4
48761,1394,13,82,3
48762,1394,14,23,1
48763,1394,15,43,1
48764,1394,16,100,4
48765,1394,17,56,2
48766,1394,18,32,0
48767,1394,19,68,4
48768,1394,20,52,0
48769,1394,21,71,4
48770,1394,22,62,2
48771,1394,23,46,3
48772,1394,24,60,0
48773,1394,25,34,0
48774,1394,26,79,2
48775,1394,27,43,2
48776,1394,28,40,1
48777,1394,29,23,1
48778,1394,30,96,2
48779,1394,31,43,1
48780,1394,32,36,2
48781,1394,33,28,0
48782,1394,34,42,1
48783,1394,35,38,1
48784,1395,1,47,2
48785,1395,2,83,1
48786,1395,3,31,1
48787,1395,4,22,0
48788,1395,5,59,2
48789,1395,6,52,2
48790,1395,7,111,3
48791,1395,8,44,1
48792,1395,9,33,1
48793,1395,10,49,0
48794,1395,11,21,0
48795,1395,12,24,1
48796,1395,13,36,1
48797,1395,14,48,1
48798,1395,15,52,2
48799,1395,16,36,1
48800,1395,17,116,7
48801,1395,18,33,0
48802,1395,19,36,1
48803,1395,20,47,1
48804,1395,21,52,2
48805,1395,22,63,1
48806,1395,23,30,0
48807,1395,24,39,0
48808,1395,25,41,1
48809,1395,26,49,2
48810,1395,27,53,2
48811,1395,28,29,1
48812,1395,29,40,2
48813,1395,30,63,3
48814,1395,31,36,0
48815,1395,32,42,2
48816,1395,33,16,0
48817,1395,34,28,1
48818,1395,35,42,1
48819,1396,1,111,0
48820,1396,2,61,4
48821,1396,3,51,1
48822,1396,4,104,3
48823,1396,5,66,2
48824,1396,6,55,1
48825,1396,7,89,2
48826,1396,8,13,1
48827,1396,9,84,3
48828,1396,10,52,2
48829,1396,11,32,1
48830,1396,12,77,4
48831,1396,13,92,2
48832,1396,14,46,2
48833,1396,15,54,1
48834,1396,16,90,4
48835,1396,17,47,1
48836,1396,18,42,2
48837,1396,19,94,3
48838,1396,20,123,6
48839,1396,21,93,4
48840,1396,22,76,3
48841,1396,23,51,0
48842,1396,24,99,2
48843,1396,25,51,3
48844,1396,26,15,0
48845,1396,27,98,3
48846,1396,28,40,1
48847,1396,29,60,2
48848,1396,30,98,5
48849,1396,31,26,1
48850,1396,32,46,2
48851,1396,33,14,0
48852,1396,34,85,3
48853,1396,35,36,1
48854,1397,1,22,1
48855,1397,2,19,1
48856,1397,3,47,0
48857,1397,4,39,1
48858,1397,5,62,3
48859,1397,6,60,1
48860,1397,7,15,1
48861,1397,8,23,1
48862,1397,9,62,3
48863,1397,10,36,2
48864,1397,11,67,2
48865,1397,12,28,1
48866,1397,13,39,1
48867,1397,14,32,0
48868,1397,15,46,2
48869,1397,16,56,3
48870,1397,17,77,3
48871,1397,18,57,1
48872,1397,19,26,0
48873,1397,20,69,2
48874,1397,21,71,3
48875,1397,22,26,1
48876,1397,23,36,1
48877,1397,24,27,0
48878,1397,25,52,2
48879,1397,26,12,0
48880,1397,27,29,2
48881,1397,28,19,0
48882,1397,29,10,0
48883,1397,30,72,1
48884,1397,31,17,0
48885,1397,32,48,2
48886,1397,33,47,3
48887,1397,34,49,1
48888,1397,35,42,1
48889,1398,1,26,1
48890,1398,2,16,0
48891,1398,3,28,1
48892,1398,4,41,2
48893,1398,5,53,2
48894,1398,6,64,3
48895,1398,7,67,2
48896,1398,8,29,1
48897,1398,9,38,1
48898,1398,10,31,0
48899,1398,11,17,0
48900,1398,12,30,0
48901,1398,13,7,0
48902,1398,14,33,1
48903,1398,15,41,0
48904,1398,16,27,1
48905,1398,17,35,2
48906,1398,18,12,0
48907,1398,19,20,1
48908,1398,20,17,0
48909,1398,21,54,1
48910,1398,22,37,1
48911,1398,23,16,1
48912,1398,24,18,1
48913,1398,25,7,0
48914,1398,26,22,0
48915,1398,27,31,0
48916,1398,28,30,1
48917,1398,29,20,1
48918,1398,30,18,1
48919,1398,31,30,0
48920,1398,32,63,2
48921,1398,33,54,1
48922,1398,34,24,1
48923,1398,35,28,1
48924,1399,1,33,1
48925,1399,2,28,0
48926,1399,3,9,0
48927,1399,4,15,1
48928,1399,5,31,1
48929,1399,6,21,1
48930,1399,7,19,0
48931,1399,8,30,1
48932,1399,9,39,1
48933,1399,10,27,0
48934,1399,11,36,1
48935,1399,12,16,0
48936,1399,13,20,1
48937,1399,14,41,0
48938,1399,15,22,1
48939,1399,16,24,1
48940,1399,17,45,3
48941,1399,18,27,1
48942,1399,19,28,0
48943,1399,20,17,0
48944,1399,21,15,0
48945,1399,22,21,1
48946,1399,23,13,0
48947,1399,24,15,0
48948,1399,25,11,1
48949,1399,26,23,1
48950,1399,27,15,1
48951,1399,28,21,1
48952,1399,29,7,0
48953,1399,30,44,1
48954,1399,31,24,0
48955,1399,32,17,1
48956,1399,33,19,1
48957,1399,34,11,0
48958,1399,35,4,0
48959,1400,1,25,1
48960,1400,2,6,0
48961,1400,3,43,1
48962,1400,4,33,2
48963,1400,5,32,1
48964,1400,6,35,1
48965,1400,7,34,2
48966,1400,8,31,2
48967,1400,9,16,1
48968,1400,10,62,3
48969,1400,11,73,0
48970,1400,12,16,1
48971,1400,13,54,3
48972,1400,14,9,0
48973,1400,15,13,1
48974,1400,16,59,1
48975,1400,17,11,0
48976,1400,18,19,1
48977,1400,19,37,1
48978,1400,20,16,1
48979,1400,21,12,0
48980,1400,22,57,3
48981,1400,23,21,0
48982,1400,24,26,1
48983,1400,25,28,1
48984,1400,26,13,1
48985,1400,27,20,0
48986,1400,28,13,0
48987,1400,29,29,1
48988,1400,30,29,0
48989,1400,31,25,1
48990,1400,32,34,1
48991,1400,33,17,0
48992,1400,34,20,1
48993,1400,35,26,0
48994,1401,1,40,1
48995,1401,2,34,1
48996,1401,3,25,1
48997,1401,4,26,1
48998,1401,5,28,1
48999,1401,6,34,1
49000,1401,7,76,1
49001,1401,8,31,1
49002,1401,9,54,3
49003,1401,10,43,2
49004,1401,11,64,2
49005,1401,12,66,1
49006,1401,13,31,0
49007,1401,14,46,2
49008,1401,15,44,3
49009,1401,16,51,2
49010,1401,17,43,2
49011,1401,18,52,1
49012,1401,19,36,0
49013,1401,20,53,3
49014,1401,21,69,2
49015,1401,22,31,1
49016,1401,23,31,2
49017,1401,24,37,1
49018,1401,25,37,2
49019,1401,26,21,1
49020,1401,27,44,1
49021,1401,28,21,0
49022,1401,29,31,2
49023,1401,30,22,1
49024,1401,31,52,1
49025,1401,32,49,1
49026,1401,33,46,1
49027,1401,34,39,2
49028,1401,35,21,1
49029,1402,1,26,0
49030,1402,2,15,0
49031,1402,3,23,0
49032,1402,4,42,1
49033,1402,5,21,1
49034,1402,6,19,1
49035,1402,7,18,1
49036,1402,8,39,2
49037,1402,9,10,0
49038,1402,10,30,1
49039,1402,11,24,0
49040,1402,12,21,1
49041,1402,13,18,0
49042,1402,14,16,1
49043,1402,15,31,0
49044,1402,16,40,1
49045,1402,17,19,0
49046,1402,18,15,1
49047,1402,19,31,2
49048,1402,20,14,0
49049,1402,21,9,0
49050,1402,22,34,1
49051,1402,23,49,2
49052,1402,24,29,0
49053,1402,25,18,1
49054,1402,26,9,0
49055,1402,27,14,0
49056,1402,28,24,1
49057,1402,29,34,0
49058,1402,30,10,1
49059,1402,31,9,0
49060,1402,32,31,1
49061,1402,33,11,1
49062,1402,34,41,2
49063,1402,35,20,1
49064,1403,1,18,1
49065,1403,2,12,0
49066,1403,3,24,1
49067,1403,4,17,1
49068,1403,5,19,1
49069,1403,6,16,0
49070,1403,7,25,1
49071,1403,8,35,1
49072,1403,9,26,1
49073,1403,10,33,1
49074,1403,11,38,2
49075,1403,12,20,0
49076,1403,13,14,0
49077,1403,14,7,0
49078,1403,15,24,1
49079,1403,16,57,3
49080,1403,17,20,1
49081,1403,18,16,1
49082,1403,19,21,1
49083,1403,20,22,1
49084,1403,21,16,1
49085,1403,22,12,0
49086,1403,23,16,0
49087,1403,24,12,0
49088,1403,25,16,0
49089,1403,26,16,0
49090,1403,27,44,2
49091,1403,28,18,0
49092,1403,29,30,1
49093,1403,30,19,0
49094,1403,31,6,0
49095,1403,32,23,1
49096,1403,33,22,1
49097,1403,34,28,1
49098,1403,35,10,0
49099,1404,1,27,1
49100,1404,2,40,2
49101,1404,3,25,1
49102,1404,4,46,3
49103,1404,5,25,1
49104,1404,6,14,1
49105,1404,7,23,0
49106,1404,8,60,3
49107,1404,9,47,0
49108,1404,10,26,1
49109,1404,11,57,0
49110,1404,12,22,1
49111,1404,13,26,1
49112,1404,14,11,0
49113,1404,15,56,3
49114,1404,16,26,1
49115,1404,17,43,1
49116,1404,18,32,1
49117,1404,19,16,1
49118,1404,20,40,2
49119,1404,21,46,1
49120,1404,22,28,0
49121,1404,23,39,0
49122,1404,24,25,0
49123,1404,25,40,2
49124,1404,26,50,2
49125,1404,27,22,1
49126,1404,28,21,1
49127,1404,29,46,2
49128,1404,30,24,0
49129,1404,31,57,3
49130,1404,32,53,3
49131,1404,33,21,1
49132,1404,34,43,1
49133,1404,35,25,1
49134,1405,1,42,1
49135,1405,2,31,2
49136,1405,3,53,1
49137,1405,4,63,1
49138,1405,5,43,2
49139,1405,6,24,0
49140,1405,7,43,1
49141,1405,8,55,3
49142,1405,9,54,2
49143,1405,10,84,2
49144,1405,11,20,1
49145,1405,12,86,4
49146,1405,13,23,1
49147,1405,14,17,1
49148,1405,15,48,1
49149,1405,16,30,0
49150,1405,17,57,2
49151,1405,18,37,1
49152,1405,19,15,0
49153,1405,20,80,2
49154,1405,21,25,1
49155,1405,22,45,2
49156,1405,23,65,1
49157,1405,24,32,1
49158,1405,25,44,1
49159,1405,26,51,3
49160,1405,27,29,0
49161,1405,28,48,0
49162,1405,29,55,3
49163,1405,30,93,4
49164,1405,31,20,0
49165,1405,32,106,0
49166,1405,33,43,2
49167,1405,34,23,1
49168,1405,35,17,0
49169,1406,1,19,1
49170,1406,2,35,1
49171,1406,3,13,1
49172,1406,4,40,1
49173,1406,5,16,1
49174,1406,6,10,0
49175,1406,7,21,1
49176,1406,8,53,3
49177,1406,9,30,2
49178,1406,10,19,1
49179,1406,11,23,1
49180,1406,12,24,0
49181,1406,13,42,1
49182,1406,14,30,1
49183,1406,15,27,1
49184,1406,16,23,1
49185,1406,17,33,2
49186,1406,18,30,1
49187,1406,19,33,2
49188,1406,20,34,0
49189,1406,21,19,1
49190,1406,22,20,1
49191,1406,23,52,2
49192,1406,24,15,0
49193,1406,25,21,1
49194,1406,26,27,1
49195,1406,27,37,2
49196,1406,28,35,1
49197,1406,29,35,0
49198,1406,30,27,1
49199,1406,31,11,0
49200,1406,32,27,1
49201,1406,33,35,1
49202,1406,34,26,1
49203,1406,35,16,1
49204,1407,1,33,1
49205,1407,2,20,0
49206,1407,3,6,0
49207,1407,4,35,1
49208,1407,5,18,1
49209,1407,6,35,1
49210,1407,7,4,0
49211,1407,8,52,3
49212,1407,9,16,0
49213,1407,10,29,0
49214,1407,11,23,0
49215,1407,12,12,1
49216,1407,13,31,1
49217,1407,14,27,0
49218,1407,15,18,1
49219,1407,16,19,1
49220,1407,17,40,2
49221,1407,18,26,1
49222,1407,19,7,0
49223,1407,20,22,1
49224,1407,21,26,1
49225,1407,22,10,0
49226,1407,23,28,0
49227,1407,24,13,0
49228,1407,25,17,1
49229,1407,26,38,2
49230,1407,27,43,1
49231,1407,28,29,0
49232,1407,29,34,2
49233,1407,30,41,2
49234,1407,31,5,0
49235,1407,32,47,1
49236,1407,33,19,0
49237,1407,34,39,1
49238,1407,35,32,1
49239,1408,1,26,1
49240,1408,2,60,1
49241,1408,3,40,2
49242,1408,4,29,2
49243,1408,5,64,3
49244,1408,6,23,1
49245,1408,7,11,0
49246,1408,8,27,1
49247,1408,9,40,0
49248,1408,10,24,1
49249,1408,11,36,0
49250,1408,12,25,1
49251,1408,13,24,1
49252,1408,14,34,1
49253,1408,15,56,1
49254,1408,16,28,1
49255,1408,17,40,1
49256,1408,18,6,0
49257,1408,19,29,1
49258,1408,20,39,0
49259,1408,21,45,2
49260,1408,22,35,0
49261,1408,23,37,0
49262,1408,24,28,2
49263,1408,25,35,2
49264,1408,26,44,2
49265,1408,27,35,1
49266,1408,28,48,1
49267,1408,29,57,2
49268,1408,30,24,1
49269,1408,31,52,1
49270,1408,32,76,2
49271,1408,33,24,0
49272,1408,34,64,2
49273,1408,35,16,1
49274,1409,1,81,4
49275,1409,2,45,2
49276,1409,3,43,1
49277,1409,4,40,2
49278,1409,5,53,2
49279,1409,6,73,4
49280,1409,7,32,1
49281,1409,8,87,5
49282,1409,9,40,2
49283,1409,10,57,3
49284,1409,11,61,1
49285,1409,12,31,1
49286,1409,13,42,2
49287,1409,14,27,0
49288,1409,15,61,2
49289,1409,16,31,2
49290,1409,17,41,1
49291,1409,18,49,2
49292,1409,19,21,0
49293,1409,20,25,1
49294,1409,21,22,0
49295,1409,22,13,1
49296,1409,23,33,1
49297,1409,24,22,1
49298,1409,25,27,1
49299,1409,26,27,1
49300,1409,27,17,0
49301,1409,28,23,0
49302,1409,29,85,3
49303,1409,30,75,3
49304,1409,31,38,0
49305,1409,32,26,1
49306,1409,33,72,4
49307,1409,34,65,2
49308,1409,35,40,1
49309,1410,1,42,1
49310,1410,2,59,3
49311,1410,3,10,0
49312,1410,4,64,1
49313,1410,5,13,1
49314,1410,6,28,1
49315,1410,7,18,0
49316,1410,8,16,1
49317,1410,9,37,0
49318,1410,10,62,2
49319,1410,11,68,1
49320,1410,12,43,2
49321,1410,13,37,2
49322,1410,14,27,1
49323,1410,15,21,1
49324,1410,16,21,1
49325,1410,17,37,0
49326,1410,18,27,1
49327,1410,19,43,1
49328,1410,20,42,1
49329,1410,21,28,2
49330,1410,22,18,1
49331,1410,23,20,1
49332,1410,24,27,1
49333,1410,25,36,0
49334,1410,26,69,1
49335,1410,27,20,1
49336,1410,28,63,3
49337,1410,29,25,1
49338,1410,30,27,1
49339,1410,31,55,0
49340,1410,32,12,0
49341,1410,33,35,1
49342,1410,34,16,1
49343,1410,35,31,2
49344,1411,1,31,2
49345,1411,2,31,0
49346,1411,3,44,2
49347,1411,4,49,3
49348,1411,5,17,1
49349,1411,6,17,1
49350,1411,7,32,2
49351,1411,8,51,2
49352,1411,9,50,2
49353,1411,10,4,0
49354,1411,11,30,1
49355,1411,12,40,1
49356,1411,13,38,2
49357,1411,14,17,0
49358,1411,15,50,2
49359,1411,16,19,1
49360,1411,17,19,0
49361,1411,18,33,0
49362,1411,19,26,1
49363,1411,20,63,2
49364,1411,21,62,3
49365,1411,22,32,2
49366,1411,23,24,0
49367,1411,24,18,0
49368,1411,25,51,0
49369,1411,26,23,1
49370,1411,27,15,0
49371,1411,28,29,1
49372,1411,29,29,1
49373,1411,30,37,1
49374,1411,31,13,1
49375,1411,32,36,2
49376,1411,33,21,1
49377,1411,34,20,1
49378,1411,35,22,1
49379,1412,1,71,1
49380,1412,2,84,4
49381,1412,3,33,1
49382,1412,4,40,1
49383,1412,5,37,1
49384,1412,6,73,3
49385,1412,7,64,1
49386,1412,8,70,4
49387,1412,9,26,1
49388,1412,10,36,2
49389,1412,11,44,0
49390,1412,12,45,2
49391,1412,13,35,1
49392,1412,14,41,1
49393,1412,15,23,1
49394,1412,16,28,1
49395,1412,17,45,2
49396,1412,18,30,0
49397,1412,19,108,5
49398,1412,20,66,3
49399,1412,21,16,0
49400,1412,22,24,0
49401,1412,23,29,1
49402,1412,24,38,1
49403,1412,25,33,1
49404,1412,26,25,1
49405,1412,27,32,1
49406,1412,28,35,2
49407,1412,29,41,1
49408,1412,30,37,0
49409,1412,31,56,3
49410,1412,32,58,2
49411,1412,33,52,1
49412,1412,34,74,1
49413,1412,35,38,2
49414,1413,1,64,0
49415,1413,2,43,2
49416,1413,3,26,1
49417,1413,4,29,1
49418,1413,5,27,1
49419,1413,6,46,2
49420,1413,7,63,1
49421,1413,8,102,0
49422,1413,9,63,1
49423,1413,10,85,2
49424,1413,11,45,2
49425,1413,12,109,0
49426,1413,13,26,0
49427,1413,14,48,1
49428,1413,15,98,4
49429,1413,16,94,1
49430,1413,17,49,3
49431,1413,18,78,1
49432,1413,19,48,2
49433,1413,20,53,1
49434,1413,21,43,2
49435,1413,22,48,2
49436,1413,23,30,1
49437,1413,24,44,2
49438,1413,25,75,3
49439,1413,26,22,1
49440,1413,27,56,2
49441,1413,28,48,1
49442,1413,29,34,2
49443,1413,30,91,1
49444,1413,31,99,0
49445,1413,32,65,1
49446,1413,33,36,0
49447,1413,34,53,1
49448,1413,35,66,1
49449,1414,1,59,3
49450,1414,2,21,1
49451,1414,3,38,2
49452,1414,4,80,2
49453,1414,5,12,0
49454,1414,6,45,1
49455,1414,7,23,1
49456,1414,8,45,2
49457,1414,9,110,6
49458,1414,10,31,1
49459,1414,11,59,1
49460,1414,12,44,2
49461,1414,13,38,2
49462,1414,14,79,4
49463,1414,15,25,1
49464,1414,16,40,2
49465,1414,17,61,3
49466,1414,18,42,2
49467,1414,19,32,1
49468,1414,20,53,3
49469,1414,21,39,1
49470,1414,22,22,1
49471,1414,23,18,0
49472,1414,24,68,1
49473,1414,25,30,0
49474,1414,26,48,2
49475,1414,27,39,1
49476,1414,28,51,1
49477,1414,29,48,2
49478,1414,30,38,1
49479,1414,31,23,1
49480,1414,32,62,3
49481,1414,33,63,1
49482,1414,34,53,2
49483,1414,35,67,4
49484,1415,1,36,0
49485,1415,2,22,0
49486,1415,3,29,2
49487,1415,4,25,1
49488,1415,5,43,2
49489,1415,6,36,2
49490,1415,7,32,0
49491,1415,8,50,2
49492,1415,9,21,0
49493,1415,10,13,0
49494,1415,11,46,2
49495,1415,12,49,3
49496,1415,13,49,0
49497,1415,14,11,0
49498,1415,15,51,1
49499,1415,16,64,4
49500,1415,17,47,3
49501,1415,18,21,0
49502,1415,19,31,1
49503,1415,20,16,1
49504,1415,21,29,1
49505,1415,22,34,1
49506,1415,23,26,0
49507,1415,24,35,1
49508,1415,25,20,0
49509,1415,26,31,1
49510,1415,27,21,1
49511,1415,28,33,1
49512,1415,29,26,1
49513,1415,30,46,1
49514,1415,31,46,2
49515,1415,32,58,2
49516,1415,33,53,3
49517,1415,34,28,1
49518,1415,35,10,1
49519,1416,1,36,1
49520,1416,2,28,1
49521,1416,3,104,5
49522,1416,4,66,1
49523,1416,5,56,2
49524,1416,6,25,0
49525,1416,7,83,2
49526,1416,8,93,2
49527,1416,9,34,0
49528,1416,10,64,3
49529,1416,11,73,0
49530,1416,12,20,1
49531,1416,13,39,2
49532,1416,14,29,1
49533,1416,15,28,1
49534,1416,16,28,1
49535,1416,17,30,0
49536,1416,18,39,1
49537,1416,19,69,2
49538,1416,20,44,2
49539,1416,21,65,3
49540,1416,22,69,0
49541,1416,23,46,0
49542,1416,24,34,1
49543,1416,25,39,2
49544,1416,26,58,3
49545,1416,27,37,0
49546,1416,28,76,4
49547,1416,29,67,3
49548,1416,30,32,0
49549,1416,31,37,1
49550,1416,32,27,1
49551,1416,33,69,4
49552,1416,34,29,1
49553,1416,35,92,1
49554,1417,1,68,0
49555,1417,2,136,2
49556,1417,3,124,7
49557,1417,4,138,4
49558,1417,5,35,2
49559,1417,6,40,2
49560,1417,7,55,3
49561,1417,8,76,4
49562,1417,9,43,2
49563,1417,10,104,0
49564,1417,11,127,1
49565,1417,12,63,0
49566,1417,13,23,0
49567,1417,14,76,2
49568,1417,15,132,6
49569,1417,16,79,2
49570,1417,17,154,9
49571,1417,18,78,2
49572,1417,19,57,3
49573,1417,20,133,7
49574,1417,21,107,5
49575,1417,22,171,0
49576,1417,23,82,2
49577,1417,24,71,2
49578,1417,25,61,3
49579,1417,26,105,5
49580,1417,27,47,2
49581,1417,28,52,0
49582,1417,29,51,1
49583,1417,30,88,4
49584,1417,31,59,0
49585,1417,32,24,1
49586,1417,33,95,2
49587,1417,34,86,3
49588,1417,35,106,4
49589,1418,1,66,3
49590,1418,2,62,1
49591,1418,3,19,1
49592,1418,4,109,5
49593,1418,5,52,1
49594,1418,6,44,1
49595,1418,7,59,1
49596,1418,8,98,0
49597,1418,9,27,0
49598,1418,10,17,1
49599,1418,11,40,1
49600,1418,12,56,2
49601,1418,13,40,1
49602,1418,14,54,1
49603,1418,15,45,1
49604,1418,16,35,1
49605,1418,17,18,1
49606,1418,18,35,1
49607,1418,19,54,3
49608,1418,20,24,1
49609,1418,21,53,2
49610,1418,22,33,2
49611,1418,23,47,1
49612,1418,24,79,2
49613,1418,25,49,1
49614,1418,26,22,1
49615,1418,27,46,1
49616,1418,28,65,3
49617,1418,29,79,2
49618,1418,30,69,1
49619,1418,31,78,2
49620,1418,32,124,1
49621,1418,33,49,3
49622,1418,34,35,2
49623,1418,35,34,1
49624,1419,1,71,0
49625,1419,2,42,1
49626,1419,3,31,2
49627,1419,4,27,1
49628,1419,5,48,0
49629,1419,6,26,1
49630,1419,7,53,1
49631,1419,8,36,2
49632,1419,9,40,0
49633,1419,10,51,2
49634,1419,11,47,1
49635,1419,12,41,1
49636,1419,13,24,1
49637,1419,14,38,2
49638,1419,15,39,2
49639,1419,16,27,1
49640,1419,17,32,0
49641,1419,18,42,0
49642,1419,19,97,4
49643,1419,20,15,1
49644,1419,21,28,1
49645,1419,22,43,3
49646,1419,23,29,0
49647,1419,24,52,1
49648,1419,25,29,2
49649,1419,26,36,1
49650,1419,27,69,3
49651,1419,28,49,2
49652,1419,29,31,1
49653,1419,30,29,1
49654,1419,31,51,0
49655,1419,32,34,2
49656,1419,33,53,2
49657,1419,34,69,4
49658,1419,35,27,1
49659,1420,1,59,3
49660,1420,2,40,2
49661,1420,3,96,4
49662,1420,4,13,0
49663,1420,5,36,0
49664,1420,6,48,1
49665,1420,7,66,4
49666,1420,8,93,1
49667,1420,9,39,2
49668,1420,10,48,1
49669,1420,11,77,0
49670,1420,12,80,1
49671,1420,13,45,2
49672,1420,14,69,4
49673,1420,15,72,2
49674,1420,16,57,2
49675,1420,17,23,1
49676,1420,18,135,3
49677,1420,19,63,3
49678,1420,20,68,1
49679,1420,21,57,2
49680,1420,22,31,1
49681,1420,23,75,0
49682,1420,24,104,5
49683,1420,25,100,2
49684,1420,26,37,1
49685,1420,27,62,0
49686,1420,28,42,2
49687,1420,29,99,2
49688,1420,30,59,3
49689,1420,31,73,4
49690,1420,32,66,3
49691,1420,33,14,0
49692,1420,34,30,1
49693,1420,35,73,1
49694,1421,1,50,0
49695,1421,2,94,5
49696,1421,3,41,2
49697,1421,4,71,4
49698,1421,5,56,2
49699,1421,6,71,3
49700,1421,7,36,1
49701,1421,8,54,0
49702,1421,9,138,2
49703,1421,10,101,0
49704,1421,11,50,2
49705,1421,12,27,1
49706,1421,13,65,1
49707,1421,14,28,1
49708,1421,15,82,2
49709,1421,16,101,6
49710,1421,17,72,4
49711,1421,18,108,4
49712,1421,19,46,2
49713,1421,20,74,4
49714,1421,21,112,6
49715,1421,22,42,0
49716,1421,23,100,5
49717,1421,24,65,1
49718,1421,25,34,1
49719,1421,26,56,1
49720,1421,27,29,0
49721,1421,28,51,2
49722,1421,29,70,1
49723,1421,30,104,1
49724,1421,31,38,1
49725,1421,32,48,1
49726,1421,33,148,8
49727,1421,34,99,2
49728,1421,35,109,0
49729,1422,1,28,0
49730,1422,2,27,1
49731,1422,3,77,1
49732,1422,4,25,1
49733,1422,5,87,2
49734,1422,6,55,1
49735,1422,7,35,2
49736,1422,8,46,2
49737,1422,9,46,2
49738,1422,10,53,2
49739,1422,11,53,3
49740,1422,12,75,0
49741,1422,13,47,3
49742,1422,14,73,1
49743,1422,15,48,2
49744,1422,16,85,2
49745,1422,17,38,2
49746,1422,18,67,1
49747,1422,19,46,1
49748,1422,20,64,2
49749,1422,21,66,1
49750,1422,22,46,2
49751,1422,23,75,2
49752,1422,24,15,1
49753,1422,25,47,1
49754,1422,26,44,2
49755,1422,27,33,1
49756,1422,28,75,0
49757,1422,29,65,3
49758,1422,30,48,2
49759,1422,31,49,0
49760,1422,32,44,1
49761,1422,33,32,1
49762,1422,34,68,3
49763,1422,35,58,1
49764,1423,1,61,0
49765,1423,2,35,2
49766,1423,3,53,3
49767,1423,4,82,1
49768,1423,5,28,1
49769,1423,6,57,2
49770,1423,7,29,1
49771,1423,8,45,1
49772,1423,9,30,1
49773,1423,10,59,2
49774,1423,11,41,1
49775,1423,12,44,2
49776,1423,13,52,2
49777,1423,14,32,2
49778,1423,15,35,1
49779,1423,16,15,1
49780,1423,17,47,1
49781,1423,18,27,1
49782,1423,19,18,0
49783,1423,20,73,3
49784,1423,21,20,1
49785,1423,22,48,2
49786,1423,23,52,1
49787,1423,24,36,0
49788,1423,25,8,0
49789,1423,26,81,3
49790,1423,27,36,1
49791,1423,28,27,1
49792,1423,29,44,3
49793,1423,30,19,1
49794,1423,31,19,0
49795,1423,32,16,1
49796,1423,33,53,1
49797,1423,34,31,1
49798,1423,35,54,1
49799,1424,1,49,2
49800,1424,2,43,1
49801,1424,3,116,2
49802,1424,4,86,4
49803,1424,5,98,4
49804,1424,6,25,1
49805,1424,7,61,3
49806,1424,8,88,2
49807,1424,9,55,2
49808,1424,10,48,2
49809,1424,11,43,2
49810,1424,12,42,2
49811,1424,13,75,2
49812,1424,14,47,3
49813,1424,15,40,0
49814,1424,16,107,3
49815,1424,17,93,2
49816,1424,18,114,3
49817,1424,19,27,0
49818,1424,20,49,2
49819,1424,21,107,3
49820,1424,22,58,2
49821,1424,23,28,1
49822,1424,24,37,1
49823,1424,25,29,2
49824,1424,26,57,2
49825,1424,27,78,3
49826,1424,28,45,0
49827,1424,29,75,4
49828,1424,30,51,0
49829,1424,31,45,1
49830,1424,32,54,1
49831,1424,33,48,1
49832,1424,34,37,1
49833,1424,35,38,2
49834,1425,1,31,0
49835,1425,2,27,1
49836,1425,3,55,2
49837,1425,4,74,1
49838,1425,5,49,1
49839,1425,6,25,1
49840,1425,7,31,1
49841,1425,8,37,0
49842,1425,9,44,2
49843,1425,10,40,2
49844,1425,11,34,2
49845,1425,12,33,2
49846,1425,13,33,1
49847,1425,14,77,4
49848,1425,15,51,1
49849,1425,16,88,4
49850,1425,17,38,1
49851,1425,18,44,2
49852,1425,19,35,2
49853,1425,20,45,2
49854,1425,21,35,1
49855,1425,22,39,0
49856,1425,23,55,2
49857,1425,24,33,2
49858,1425,25,14,1
49859,1425,26,61,2
49860,1425,27,36,2
49861,1425,28,33,1
49862,1425,29,44,1
49863,1425,30,31,1
49864,1425,31,56,3
49865,1425,32,37,2
49866,1425,33,22,0
49867,1425,34,64,2
49868,1425,35,31,0
49869,1426,1,8,0
49870,1426,2,19,0
49871,1426,3,34,1
49872,1426,4,21,1
49873,1426,5,33,1
49874,1426,6,15,0
49875,1426,7,23,1
49876,1426,8,23,1
49877,1426,9,28,1
49878,1426,10,32,2
49879,1426,11,33,0
49880,1426,12,15,0
49881,1426,13,22,1
49882,1426,14,5,0
49883,1426,15,32,0
49884,1426,16,17,1
49885,1426,17,26,1
49886,1426,18,24,1
49887,1426,19,13,1
49888,1426,20,41,1
49889,1426,21,25,1
49890,1426,22,20,1
49891,1426,23,10,0
49892,1426,24,61,2
49893,1426,25,34,1
49894,1426,26,55,1
49895,1426,27,17,1
49896,1426,28,26,0
49897,1426,29,12,0
49898,1426,30,26,1
49899,1426,31,13,0
49900,1426,32,36,2
49901,1426,33,21,1
49902,1426,34,25,1
49903,1426,35,34,1
49904,1427,1,11,0
49905,1427,2,21,1
49906,1427,3,41,1
49907,1427,4,35,1
49908,1427,5,28,0
49909,1427,6,10,0
49910,1427,7,27,0
49911,1427,8,45,2
49912,1427,9,36,2
49913,1427,10,20,1
49914,1427,11,7,0
49915,1427,12,29,2
49916,1427,13,16,1
49917,1427,14,17,1
49918,1427,15,11,0
49919,1427,16,14,1
49920,1427,17,28,0
49921,1427,18,27,1
49922,1427,19,56,1
49923,1427,20,21,1
49924,1427,21,18,1
49925,1427,22,16,1
49926,1427,23,15,0
49927,1427,24,38,2
49928,1427,25,31,0
49929,1427,26,11,0
49930,1427,27,31,2
49931,1427,28,7,0
49932,1427,29,37,2
49933,1427,30,11,0
49934,1427,31,22,0
49935,1427,32,27,1
49936,1427,33,15,1
49937,1427,34,23,1
49938,1427,35,26,1
49939,1428,1,29,2
49940,1428,2,57,2
49941,1428,3,25,0
49942,1428,4,41,1
49943,1428,5,27,0
49944,1428,6,33,2
49945,1428,7,22,1
49946,1428,8,9,0
49947,1428,9,30,0
49948,1428,10,34,1
49949,1428,11,16,0
49950,1428,12,61,1
49951,1428,13,30,1
49952,1428,14,59,1
49953,1428,15,71,3
49954,1428,16,46,2
49955,1428,17,34,1
49956,1428,18,20,1
49957,1428,19,26,1
49958,1428,20,88,5
49959,1428,21,52,3
49960,1428,22,32,0
49961,1428,23,33,1
49962,1428,24,20,1
49963,1428,25,5,0
49964,1428,26,13,0
49965,1428,27,30,1
49966,1428,28,24,0
49967,1428,29,27,1
49968,1428,30,14,0
49969,1428,31,19,1
49970,1428,32,32,1
49971,1428,33,14,0
49972,1428,34,48,3
49973,1428,35,27,1
49974,1429,1,43,1
49975,1429,2,36,1
49976,1429,3,59,0
49977,1429,4,68,2
49978,1429,5,30,1
49979,1429,6,21,1
49980,1429,7,32,1
49981,1429,8,57,2
49982,1429,9,51,1
49983,1429,10,55,0
49984,1429,11,48,1
49985,1429,12,34,1
49986,1429,13,32,2
49987,1429,14,27,1
49988,1429,15,38,2
49989,1429,16,44,0
49990,1429,17,33,0
49991,1429,18,35,1
49992,1429,19,57,2
49993,1429,20,30,0
49994,1429,21,38,1
49995,1429,22,5,0
49996,1429,23,10,0
49997,1429,24,48,1
49998,1429,25,63,4
49999,1429,26,44,1
50000,1429,27,62,2
50001,1429,28,26,0
50002,1429,29,13,0
50003,1429,30,67,2
50004,1429,31,48,1
50005,1429,32,35,1
50006,1429,33,21,0
50007,1429,34,28,1
50008,1429,35,42,0
50009,1430,1,29,2
50010,1430,2,35,2
50011,1430,3,26,0
50012,1430,4,25,1
50013,1430,5,27,2
50014,1430,6,34,2
50015,1430,7,46,2
50016,1430,8,49,1
50017,1430,9,18,1
50018,1430,10,20,1
50019,1430,11,33,1
50020,1430,12,9,0
50021,1430,13,41,1
50022,1430,14,59,1
50023,1430,15,24,0
50024,1430,16,55,2
50025,1430,17,37,2
50026,1430,18,37,1
50027,1430,19,44,2
50028,1430,20,19,1
50029,1430,21,43,2
50030,1430,22,16,0
50031,1430,23,9,0
50032,1430,24,29,1
50033,1430,25,28,1
50034,1430,26,36,2
50035,1430,27,11,0
50036,1430,28,8,0
50037,1430,29,18,0
50038,1430,30,14,1
50039,1430,31,15,1
50040,1430,32,51,3
50041,1430,33,33,1
50042,1430,34,61,2
50043,1430,35,17,1
50044,1431,1,11,0
50045,1431,2,21,1
50046,1431,3,11,0
50047,1431,4,15,1
50048,1431,5,20,0
50049,1431,6,10,1
50050,1431,7,31,1
50051,1431,8,15,1
50052,1431,9,26,1
50053,1431,10,25,1
50054,1431,11,16,1
50055,1431,12,20,1
50056,1431,13,26,1
50057,1431,14,9,1
50058,1431,15,27,1
50059,1431,16,13,0
50060,1431,17,28,1
50061,1431,18,16,1
50062,1431,19,10,0
50063,1431,20,8,0
50064,1431,21,34,1
50065,1431,22,35,1
50066,1431,23,14,0
50067,1431,24,10,0
50068,1431,25,17,1
50069,1431,26,41,1
50070,1431,27,21,1
50071,1431,28,59,2
50072,1431,29,18,1
50073,1431,30,32,1
50074,1431,31,28,0
50075,1431,32,25,1
50076,1431,33,37,2
50077,1431,34,33,2
50078,1431,35,38,1
50079,1432,1,33,0
50080,1432,2,34,1
50081,1432,3,55,1
50082,1432,4,20,1
50083,1432,5,22,1
50084,1432,6,36,2
50085,1432,7,14,1
50086,1432,8,27,1
50087,1432,9,44,1
50088,1432,10,29,1
50089,1432,11,62,0
50090,1432,12,23,1
50091,1432,13,31,2
50092,1432,14,28,1
50093,1432,15,45,1
50094,1432,16,25,1
50095,1432,17,45,2
50096,1432,18,57,2
50097,1432,19,47,3
50098,1432,20,20,1
50099,1432,21,30,2
50100,1432,22,25,0
50101,1432,23,44,0
50102,1432,24,61,2
50103,1432,25,37,1
50104,1432,26,33,2
50105,1432,27,33,1
50106,1432,28,35,0
50107,1432,29,49,2
50108,1432,30,22,0
50109,1432,31,32,1
50110,1432,32,16,1
50111,1432,33,29,0
50112,1432,34,30,1
50113,1432,35,28,1
50114,1433,1,57,2
50115,1433,2,29,0
50116,1433,3,34,1
50117,1433,4,33,1
50118,1433,5,26,1
50119,1433,6,45,3
50120,1433,7,30,1
50121,1433,8,55,0
50122,1433,9,41,1
50123,1433,10,34,0
50124,1433,11,27,1
50125,1433,12,37,1
50126,1433,13,54,2
50127,1433,14,16,1
50128,1433,15,47,2
50129,1433,16,35,0
50130,1433,17,19,1
50131,1433,18,50,1
50132,1433,19,40,0
50133,1433,20,58,1
50134,1433,21,7,0
50135,1433,22,76,3
50136,1433,23,28,1
50137,1433,24,35,0
50138,1433,25,36,1
50139,1433,26,56,2
50140,1433,27,37,1
50141,1433,28,40,0
50142,1433,29,22,1
50143,1433,30,97,5
50144,1433,31,32,1
50145,1433,32,28,0
50146,1433,33,29,1
50147,1433,34,45,2
50148,1433,35,35,2
50149,1434,1,54,3
50150,1434,2,15,1
50151,1434,3,39,0
50152,1434,4,23,1
50153,1434,5,43,1
50154,1434,6,30,2
50155,1434,7,77,5
50156,1434,8,52,0
50157,1434,9,29,1
50158,1434,10,31,1
50159,1434,11,22,0
50160,1434,12,21,1
50161,1434,13,45,0
50162,1434,14,27,1
50163,1434,15,57,3
50164,1434,16,31,0
50165,1434,17,35,0
50166,1434,18,36,1
50167,1434,19,20,1
50168,1434,20,26,1
50169,1434,21,79,3
50170,1434,22,36,1
50171,1434,23,3,0
50172,1434,24,23,1
50173,1434,25,24,1
50174,1434,26,32,2
50175,1434,27,48,2
50176,1434,28,38,1
50177,1434,29,19,1
50178,1434,30,18,0
50179,1434,31,20,1
50180,1434,32,58,1
50181,1434,33,13,0
50182,1434,34,16,1
50183,1434,35,30,1
50184,1435,1,27,0
50185,1435,2,35,0
50186,1435,3,23,1
50187,1435,4,34,2
50188,1435,5,15,1
50189,1435,6,33,1
50190,1435,7,35,0
50191,1435,8,18,0
50192,1435,9,36,1
50193,1435,10,31,1
50194,1435,11,37,1
50195,1435,12,35,1
50196,1435,13,23,1
50197,1435,14,29,2
50198,1435,15,19,1
50199,1435,16,11,0
50200,1435,17,17,0
50201,1435,18,21,1
50202,1435,19,36,0
50203,1435,20,14,0
50204,1435,21,14,0
50205,1435,22,22,1
50206,1435,23,35,1
50207,1435,24,38,2
50208,1435,25,14,0
50209,1435,26,21,0
50210,1435,27,45,3
50211,1435,28,40,2
50212,1435,29,2,0
50213,1435,30,19,0
50214,1435,31,25,0
50215,1435,32,25,0
50216,1435,33,30,1
50217,1435,34,24,1
50218,1435,35,17,1
50219,1436,1,39,2
50220,1436,2,33,2
50221,1436,3,31,1
50222,1436,4,30,1
50223,1436,5,22,1
50224,1436,6,53,3
50225,1436,7,75,1
50226,1436,8,41,1
50227,1436,9,57,1
50228,1436,10,9,0
50229,1436,11,27,1
50230,1436,12,32,2
50231,1436,13,72,1
50232,1436,14,28,1
50233,1436,15,22,1
50234,1436,16,28,1
50235,1436,17,24,1
50236,1436,18,30,2
50237,1436,19,51,1
50238,1436,20,52,1
50239,1436,21,75,3
50240,1436,22,11,1
50241,1436,23,23,0
50242,1436,24,25,1
50243,1436,25,34,1
50244,1436,26,31,2
50245,1436,27,25,1
50246,1436,28,12,0
50247,1436,29,37,1
50248,1436,30,24,0
50249,1436,31,75,2
50250,1436,32,30,1
50251,1436,33,24,1
50252,1436,34,68,4
50253,1436,35,56,2
50254,1437,1,37,2
50255,1437,2,34,0
50256,1437,3,31,1
50257,1437,4,20,1
50258,1437,5,18,0
50259,1437,6,83,4
50260,1437,7,31,1
50261,1437,8,31,0
50262,1437,9,58,1
50263,1437,10,41,0
50264,1437,11,30,1
50265,1437,12,69,4
50266,1437,13,31,1
50267,1437,14,113,4
50268,1437,15,39,2
50269,1437,16,53,0
50270,1437,17,39,2
50271,1437,18,60,3
50272,1437,19,53,1
50273,1437,20,35,1
50274,1437,21,96,3
50275,1437,22,46,1
50276,1437,23,43,1
50277,1437,24,67,2
50278,1437,25,30,1
50279,1437,26,45,2
50280,1437,27,91,5
50281,1437,28,30,2
50282,1437,29,65,3
50283,1437,30,59,2
50284,1437,31,58,0
50285,1437,32,36,2
50286,1437,33,32,1
50287,1437,34,66,3
50288,1437,35,56,0
50289,1438,1,20,1
50290,1438,2,24,1
50291,1438,3,24,1
50292,1438,4,26,0
50293,1438,5,30,1
50294,1438,6,31,2
50295,1438,7,88,4
50296,1438,8,22,0
50297,1438,9,43,1
50298,1438,10,19,0
50299,1438,11,31,1
50300,1438,12,10,0
50301,1438,13,18,1
50302,1438,14,42,1
50303,1438,15,44,2
50304,1438,16,37,0
50305,1438,17,21,0
50306,1438,18,10,0
50307,1438,19,36,1
50308,1438,20,44,0
50309,1438,21,26,1
50310,1438,22,45,1
50311,1438,23,19,1
50312,1438,24,23,1
50313,1438,25,25,1
50314,1438,26,21,1
50315,1438,27,31,0
50316,1438,28,51,1
50317,1438,29,17,1
50318,1438,30,29,1
50319,1438,31,36,1
50320,1438,32,30,1
50321,1438,33,21,1
50322,1438,34,26,1
50323,1438,35,10,0
50324,1439,1,31,0
50325,1439,2,12,0
50326,1439,3,42,0
50327,1439,4,23,1
50328,1439,5,24,0
50329,1439,6,17,1
50330,1439,7,49,0
50331,1439,8,16,0
50332,1439,9,28,1
50333,1439,10,16,1
50334,1439,11,55,1
50335,1439,12,27,1
50336,1439,13,26,1
50337,1439,14,17,1
50338,1439,15,27,1
50339,1439,16,35,2
50340,1439,17,38,2
50341,1439,18,43,2
50342,1439,19,47,2
50343,1439,20,27,1
50344,1439,21,41,2
50345,1439,22,75,3
50346,1439,23,16,0
50347,1439,24,25,1
50348,1439,25,28,1
50349,1439,26,46,2
50350,1439,27,30,1
50351,1439,28,13,0
50352,1439,29,21,1
50353,1439,30,23,1
50354,1439,31,15,1
50355,1439,32,25,1
50356,1439,33,19,1
50357,1439,34,14,1
50358,1439,35,23,0
50359,1440,1,61,1
50360,1440,2,26,1
50361,1440,3,22,0
50362,1440,4,71,1
50363,1440,5,20,0
50364,1440,6,64,2
50365,1440,7,28,1
50366,1440,8,56,2
50367,1440,9,21,1
50368,1440,10,69,4
50369,1440,11,57,0
50370,1440,12,77,4
50371,1440,13,24,1
50372,1440,14,31,1
50373,1440,15,24,1
50374,1440,16,19,1
50375,1440,17,53,2
50376,1440,18,42,2
50377,1440,19,65,3
50378,1440,20,89,5
50379,1440,21,22,1
50380,1440,22,18,1
50381,1440,23,31,0
50382,1440,24,47,1
50383,1440,25,22,1
50384,1440,26,75,3
50385,1440,27,56,2
50386,1440,28,32,0
50387,1440,29,7,0
50388,1440,30,33,0
50389,1440,31,67,4
50390,1440,32,77,3
50391,1440,33,65,1
50392,1440,34,60,3
50393,1440,35,23,0
50394,1441,1,61,3
50395,1441,2,85,3
50396,1441,3,34,1
50397,1441,4,123,4
50398,1441,5,97,5
50399,1441,6,92,5
50400,1441,7,69,4
50401,1441,8,69,1
50402,1441,9,37,0
50403,1441,10,49,0
50404,1441,11,52,2
50405,1441,12,53,1
50406,1441,13,51,3
50407,1441,14,49,1
50408,1441,15,35,2
50409,1441,16,61,1
50410,1441,17,114,4
50411,1441,18,42,1
50412,1441,19,54,3
50413,1441,20,76,4
50414,1441,21,31,1
50415,1441,22,44,1
50416,1441,23,84,0
50417,1441,24,72,3
50418,1441,25,61,3
50419,1441,26,69,3
50420,1441,27,64,1
50421,1441,28,80,0
50422,1441,29,79,4
50423,1441,30,74,2
50424,1441,31,25,0
50425,1441,32,77,4
50426,1441,33,54,2
50427,1441,34,44,3
50428,1441,35,47,1
50429,1442,1,26,0
50430,1442,2,69,3
50431,1442,3,62,0
50432,1442,4,26,0
50433,1442,5,26,1
50434,1442,6,11,1
50435,1442,7,26,1
50436,1442,8,55,0
50437,1442,9,17,0
50438,1442,10,12,0
50439,1442,11,37,1
50440,1442,12,59,1
50441,1442,13,59,1
50442,1442,14,46,1
50443,1442,15,71,1
50444,1442,16,38,2
50445,1442,17,32,1
50446,1442,18,33,2
50447,1442,19,54,1
50448,1442,20,36,2
50449,1442,21,28,1
50450,1442,22,70,3
50451,1442,23,44,1
50452,1442,24,32,1
50453,1442,25,48,2
50454,1442,26,56,2
50455,1442,27,33,1
50456,1442,28,24,1
50457,1442,29,59,0
50458,1442,30,23,1
50459,1442,31,50,1
50460,1442,32,32,1
50461,1442,33,41,2
50462,1442,34,32,1
50463,1442,35,41,1
50464,1443,1,23,1
50465,1443,2,38,1
50466,1443,3,21,1
50467,1443,4,45,2
50468,1443,5,21,0
50469,1443,6,29,2
50470,1443,7,31,1
50471,1443,8,25,1
50472,1443,9,28,0
50473,1443,10,16,0
50474,1443,11,29,1
50475,1443,12,37,2
50476,1443,13,15,1
50477,1443,14,39,1
50478,1443,15,31,0
50479,1443,16,41,2
50480,1443,17,31,1
50481,1443,18,13,0
50482,1443,19,26,1
50483,1443,20,48,1
50484,1443,21,62,1
50485,1443,22,27,1
50486,1443,23,39,0
50487,1443,24,52,3
50488,1443,25,56,2
50489,1443,26,33,2
50490,1443,27,50,0
50491,1443,28,36,1
50492,1443,29,31,1
50493,1443,30,30,1
50494,1443,31,28,1
50495,1443,32,28,1
50496,1443,33,63,1
50497,1443,34,51,2
50498,1443,35,39,1
50499,1444,1,63,4
50500,1444,2,42,2
50501,1444,3,59,3
50502,1444,4,56,3
50503,1444,5,21,1
50504,1444,6,65,3
50505,1444,7,89,5
50506,1444,8,58,1
50507,1444,9,77,1
50508,1444,10,66,3
50509,1444,11,25,1
50510,1444,12,115,3
50511,1444,13,34,1
50512,1444,14,56,1
50513,1444,15,53,2
50514,1444,16,87,2
50515,1444,17,28,1
50516,1444,18,71,4
50517,1444,19,29,1
50518,1444,20,46,1
50519,1444,21,66,1
50520,1444,22,100,1
50521,1444,23,22,0
50522,1444,24,99,3
50523,1444,25,111,6
50524,1444,26,56,1
50525,1444,27,47,2
50526,1444,28,58,0
50527,1444,29,24,0
50528,1444,30,54,0
50529,1444,31,42,3
50530,1444,32,66,3
50531,1444,33,54,1
50532,1444,34,68,3
50533,1444,35,32,1
50534,1445,1,90,1
50535,1445,2,73,1
50536,1445,3,31,1
50537,1445,4,155,0
50538,1445,5,90,4
50539,1445,6,83,1
50540,1445,7,69,1
50541,1445,8,79,0
50542,1445,9,100,1
50543,1445,10,26,1
50544,1445,11,84,1
50545,1445,12,52,2
50546,1445,13,63,3
50547,1445,14,94,0
50548,1445,15,66,2
50549,1445,16,132,7
50550,1445,17,133,6
50551,1445,18,43,2
50552,1445,19,91,1
50553,1445,20,133,5
50554,1445,21,90,4
50555,1445,22,58,1
50556,1445,23,45,2
50557,1445,24,54,3
50558,1445,25,98,2
50559,1445,26,114,0
50560,1445,27,46,2
50561,1445,28,55,0
50562,1445,29,58,2
50563,1445,30,58,3
50564,1445,31,71,0
50565,1445,32,108,3
50566,1445,33,114,5
50567,1445,34,82,1
50568,1445,35,47,0
50569,1446,1,55,1
50570,1446,2,66,3
50571,1446,3,60,0
50572,1446,4,52,3
50573,1446,5,49,1
50574,1446,6,51,2
50575,1446,7,44,2
50576,1446,8,48,0
50577,1446,9,38,2
50578,1446,10,58,1
50579,1446,11,27,2
50580,1446,12,31,1
50581,1446,13,42,1
50582,1446,14,115,5
50583,1446,15,53,1
50584,1446,16,42,0
50585,1446,17,51,2
50586,1446,18,90,3
50587,1446,19,135,2
50588,1446,20,35,2
50589,1446,21,66,3
50590,1446,22,48,2
50591,1446,23,18,1
50592,1446,24,21,1
50593,1446,25,57,0
50594,1446,26,32,1
50595,1446,27,26,1
50596,1446,28,39,2
50597,1446,29,9,0
50598,1446,30,44,1
50599,1446,31,28,1
50600,1446,32,82,2
50601,1446,33,36,2
50602,1446,34,48,2
50603,1446,35,61,2
50604,1447,1,38,0
50605,1447,2,37,1
50606,1447,3,55,1
50607,1447,4,29,1
50608,1447,5,45,1
50609,1447,6,33,1
50610,1447,7,35,1
50611,1447,8,49,1
50612,1447,9,46,1
50613,1447,10,63,2
50614,1447,11,49,1
50615,1447,12,20,1
50616,1447,13,21,1
50617,1447,14,76,1
50618,1447,15,50,3
50619,1447,16,93,5
50620,1447,17,16,0
50621,1447,18,51,3
50622,1447,19,24,1
50623,1447,20,44,3
50624,1447,21,64,3
50625,1447,22,74,3
50626,1447,23,62,0
50627,1447,24,42,2
50628,1447,25,42,1
50629,1447,26,79,0
50630,1447,27,51,0
50631,1447,28,34,1
50632,1447,29,25,1
50633,1447,30,55,1
50634,1447,31,38,1
50635,1447,32,36,1
50636,1447,33,32,2
50637,1447,34,24,1
50638,1447,35,66,1
50639,1448,1,21,0
50640,1448,2,51,2
50641,1448,3,57,2
50642,1448,4,54,1
50643,1448,5,75,3
50644,1448,6,26,1
50645,1448,7,77,2
50646,1448,8,83,3
50647,1448,9,33,1
50648,1448,10,39,2
50649,1448,11,57,3
50650,1448,12,71,0
50651,1448,13,46,1
50652,1448,14,70,4
50653,1448,15,23,1
50654,1448,16,34,1
50655,1448,17,14,1
50656,1448,18,87,5
50657,1448,19,53,1
50658,1448,20,67,4
50659,1448,21,21,0
50660,1448,22,68,2
50661,1448,23,95,1
50662,1448,24,42,2
50663,1448,25,47,1
50664,1448,26,45,2
50665,1448,27,68,3
50666,1448,28,43,0
50667,1448,29,82,4
50668,1448,30,30,1
50669,1448,31,56,3
50670,1448,32,40,1
50671,1448,33,71,2
50672,1448,34,40,1
50673,1448,35,112,3
50674,1449,1,95,1
50675,1449,2,82,1
50676,1449,3,124,3
50677,1449,4,49,1
50678,1449,5,56,1
50679,1449,6,63,3
50680,1449,7,80,4
50681,1449,8,95,0
50682,1449,9,120,6
50683,1449,10,79,1
50684,1449,11,109,2
50685,1449,12,132,0
50686,1449,13,104,6
50687,1449,14,51,2
50688,1449,15,105,2
50689,1449,16,77,1
50690,1449,17,65,1
50691,1449,18,42,1
50692,1449,19,84,4
50693,1449,20,90,0
50694,1449,21,108,6
50695,1449,22,50,1
50696,1449,23,101,3
50697,1449,24,73,3
50698,1449,25,108,3
50699,1449,26,76,0
50700,1449,27,96,6
50701,1449,28,72,0
50702,1449,29,42,1
50703,1449,30,40,0
50704,1449,31,90,5
50705,1449,32,87,5
50706,1449,33,98,3
50707,1449,34,57,1
50708,1449,35,84,0
50709,1450,1,25,1
50710,1450,2,59,2
50711,1450,3,35,0
50712,1450,4,56,3
50713,1450,5,54,1
50714,1450,6,55,2
50715,1450,7,76,1
50716,1450,8,47,0
50717,1450,9,94,3
50718,1450,10,38,1
50719,1450,11,124,5
50720,1450,12,27,1
50721,1450,13,64,0
50722,1450,14,52,3
50723,1450,15,50,1
50724,1450,16,50,2
50725,1450,17,83,1
50726,1450,18,99,3
50727,1450,19,117,1
50728,1450,20,54,2
50729,1450,21,161,2
50730,1450,22,53,1
50731,1450,23,104,6
50732,1450,24,105,5
50733,1450,25,39,2
50734,1450,26,56,1
50735,1450,27,47,3
50736,1450,28,59,1
50737,1450,29,60,3
50738,1450,30,39,1
50739,1450,31,32,0
50740,1450,32,118,2
50741,1450,33,93,5
50742,1450,34,104,4
50743,1450,35,21,0
50744,1451,1,37,1
50745,1451,2,27,1
50746,1451,3,27,0
50747,1451,4,21,1
50748,1451,5,17,0
50749,1451,6,50,1
50750,1451,7,42,1
50751,1451,8,52,1
50752,1451,9,26,1
50753,1451,10,71,1
50754,1451,11,52,1
50755,1451,12,57,2
50756,1451,13,143,3
50757,1451,14,12,1
50758,1451,15,46,1
50759,1451,16,63,1
50760,1451,17,71,3
50761,1451,18,65,0
50762,1451,19,67,4
50763,1451,20,33,1
50764,1451,21,41,2
50765,1451,22,117,7
50766,1451,23,51,2
50767,1451,24,69,0
50768,1451,25,28,1
50769,1451,26,49,1
50770,1451,27,25,1
50771,1451,28,16,0
50772,1451,29,76,4
50773,1451,30,40,2
50774,1451,31,43,1
50775,1451,32,38,1
50776,1451,33,25,1
50777,1451,34,127,5
50778,1451,35,27,1
50779,1452,1,70,1
50780,1452,2,77,2
50781,1452,3,105,4
50782,1452,4,103,4
50783,1452,5,56,1
50784,1452,6,123,3
50785,1452,7,61,3
50786,1452,8,66,3
50787,1452,9,88,4
50788,1452,10,146,3
50789,1452,11,48,2
50790,1452,12,94,2
50791,1452,13,43,1
50792,1452,14,94,4
50793,1452,15,73,2
50794,1452,16,80,5
50795,1452,17,82,2
50796,1452,18,127,4
50797,1452,19,69,1
50798,1452,20,30,1
50799,1452,21,34,1
50800,1452,22,70,2
50801,1452,23,25,1
50802,1452,24,79,4
50803,1452,25,52,3
50804,1452,26,59,1
50805,1452,27,115,0
50806,1452,28,39,0
50807,1452,29,70,2
50808,1452,30,63,1
50809,1452,31,100,3
50810,1452,32,61,1
50811,1452,33,131,2
50812,1452,34,75,1
50813,1452,35,90,2
50814,1453,1,44,3
50815,1453,2,52,1
50816,1453,3,76,1
50817,1453,4,44,1
50818,1453,5,22,1
50819,1453,6,25,1
50820,1453,7,46,1
50821,1453,8,12,0
50822,1453,9,52,3
50823,1453,10,46,3
50824,1453,11,49,1
50825,1453,12,42,0
50826,1453,13,35,2
50827,1453,14,29,1
50828,1453,15,48,1
50829,1453,16,67,2
50830,1453,17,36,1
50831,1453,18,31,2
50832,1453,19,30,1
50833,1453,20,22,1
50834,1453,21,69,2
50835,1453,22,42,2
50836,1453,23,41,1
50837,1453,24,59,1
50838,1453,25,36,2
50839,1453,26,59,0
50840,1453,27,60,1
50841,1453,28,37,2
50842,1453,29,60,1
50843,1453,30,32,1
50844,1453,31,48,0
50845,1453,32,8,0
50846,1453,33,41,2
50847,1453,34,31,1
50848,1453,35,51,0
50849,1454,1,73,4
50850,1454,2,33,0
50851,1454,3,24,0
50852,1454,4,40,1
50853,1454,5,36,1
50854,1454,6,21,0
50855,1454,7,47,0
50856,1454,8,17,0
50857,1454,9,22,1
50858,1454,10,42,1
50859,1454,11,40,2
50860,1454,12,29,1
50861,1454,13,25,1
50862,1454,14,10,0
50863,1454,15,29,1
50864,1454,16,14,1
50865,1454,17,29,0
50866,1454,18,40,1
50867,1454,19,21,0
50868,1454,20,44,3
50869,1454,21,38,0
50870,1454,22,23,1
50871,1454,23,26,1
50872,1454,24,65,1
50873,1454,25,57,1
50874,1454,26,58,2
50875,1454,27,31,1
50876,1454,28,30,0
50877,1454,29,18,1
50878,1454,30,65,3
50879,1454,31,58,2
50880,1454,32,11,0
50881,1454,33,35,2
50882,1454,34,58,2
50883,1454,35,30,1
50884,1455,1,24,0
50885,1455,2,22,1
50886,1455,3,22,1
50887,1455,4,37,1
50888,1455,5,13,1
50889,1455,6,21,1
50890,1455,7,20,1
50891,1455,8,45,2
50892,1455,9,23,1
50893,1455,10,14,0
50894,1455,11,37,2
50895,1455,12,49,1
50896,1455,13,34,2
50897,1455,14,23,1
50898,1455,15,20,1
50899,1455,16,15,0
50900,1455,17,21,0
50901,1455,18,14,0
50902,1455,19,22,1
50903,1455,20,29,1
50904,1455,21,19,1
50905,1455,22,44,2
50906,1455,23,12,0
50907,1455,24,16,0
50908,1455,25,41,2
50909,1455,26,19,1
50910,1455,27,32,2
50911,1455,28,36,1
50912,1455,29,22,0
50913,1455,30,18,0
50914,1455,31,27,1
50915,1455,32,26,1
50916,1455,33,50,2
50917,1455,34,12,1
50918,1455,35,22,1
50919,1456,1,67,4
50920,1456,2,32,2
50921,1456,3,50,2
50922,1456,4,65,2
50923,1456,5,31,1
50924,1456,6,18,1
50925,1456,7,42,2
50926,1456,8,23,1
50927,1456,9,34,1
50928,1456,10,13,0
50929,1456,11,54,0
50930,1456,12,25,1
50931,1456,13,55,2
50932,1456,14,52,2
50933,1456,15,61,2
50934,1456,16,22,1
50935,1456,17,13,1
50936,1456,18,37,2
50937,1456,19,23,0
50938,1456,20,40,1
50939,1456,21,54,3
50940,1456,22,27,1
50941,1456,23,19,1
50942,1456,24,20,1
50943,1456,25,65,3
50944,1456,26,33,2
50945,1456,27,33,2
50946,1456,28,23,0
50947,1456,29,14,0
50948,1456,30,55,1
50949,1456,31,77,1
50950,1456,32,22,1
50951,1456,33,14,1
50952,1456,34,37,1
50953,1456,35,58,3
50954,1457,1,16,0
50955,1457,2,45,1
50956,1457,3,65,2
50957,1457,4,42,2
50958,1457,5,41,1
50959,1457,6,58,3
50960,1457,7,34,1
50961,1457,8,42,0
50962,1457,9,28,2
50963,1457,10,64,2
50964,1457,11,67,2
50965,1457,12,46,2
50966,1457,13,33,1
50967,1457,14,30,1
50968,1457,15,29,1
50969,1457,16,11,1
50970,1457,17,44,2
50971,1457,18,130,3
50972,1457,19,26,1
50973,1457,20,25,1
50974,1457,21,55,1
50975,1457,22,66,3
50976,1457,23,65,0
50977,1457,24,18,0
50978,1457,25,36,2
50979,1457,26,36,0
50980,1457,27,88,4
50981,1457,28,48,2
50982,1457,29,61,3
50983,1457,30,16,0
50984,1457,31,33,0
50985,1457,32,24,1
50986,1457,33,48,2
50987,1457,34,33,1
50988,1457,35,54,3
50989,1458,1,32,1
50990,1458,2,20,1
50991,1458,3,31,2
50992,1458,4,27,1
50993,1458,5,27,1
50994,1458,6,15,1
50995,1458,7,29,1
50996,1458,8,17,0
50997,1458,9,31,2
50998,1458,10,58,2
50999,1458,11,24,1
51000,1458,12,36,2
51001,1458,13,31,0
51002,1458,14,33,1
51003,1458,15,28,1
51004,1458,16,20,0
51005,1458,17,40,0
51006,1458,18,19,1
51007,1458,19,17,1
51008,1458,20,57,3
51009,1458,21,23,1
51010,1458,22,42,0
51011,1458,23,74,1
51012,1458,24,26,1
51013,1458,25,25,1
51014,1458,26,51,1
51015,1458,27,20,0
51016,1458,28,27,1
51017,1458,29,17,0
51018,1458,30,32,1
51019,1458,31,17,1
51020,1458,32,29,1
51021,1458,33,12,0
51022,1458,34,30,2
51023,1458,35,28,1
51024,1459,1,40,0
51025,1459,2,13,0
51026,1459,3,32,2
51027,1459,4,32,1
51028,1459,5,17,0
51029,1459,6,19,1
51030,1459,7,42,1
51031,1459,8,52,1
51032,1459,9,34,1
51033,1459,10,9,0
51034,1459,11,41,1
51035,1459,12,45,1
51036,1459,13,19,1
51037,1459,14,37,2
51038,1459,15,39,2
51039,1459,16,31,2
51040,1459,17,23,1
51041,1459,18,38,0
51042,1459,19,23,1
51043,1459,20,31,0
51044,1459,21,34,2
51045,1459,22,44,2
51046,1459,23,34,0
51047,1459,24,20,1
51048,1459,25,19,1
51049,1459,26,11,0
51050,1459,27,33,1
51051,1459,28,22,1
51052,1459,29,69,3
51053,1459,30,21,1
51054,1459,31,44,2
51055,1459,32,25,1
51056,1459,33,45,2
51057,1459,34,19,1
51058,1459,35,19,0
51059,1460,1,10,0
51060,1460,2,40,2
51061,1460,3,76,0
51062,1460,4,33,0
51063,1460,5,21,1
51064,1460,6,36,2
51065,1460,7,31,2
51066,1460,8,32,1
51067,1460,9,37,2
51068,1460,10,44,1
51069,1460,11,27,1
51070,1460,12,25,0
51071,1460,13,25,1
51072,1460,14,56,2
51073,1460,15,46,2
51074,1460,16,80,4
51075,1460,17,40,2
51076,1460,18,22,0
51077,1460,19,14,0
51078,1460,20,26,1
51079,1460,21,43,2
51080,1460,22,31,0
51081,1460,23,27,1
51082,1460,24,23,1
51083,1460,25,48,1
51084,1460,26,50,3
51085,1460,27,57,0
51086,1460,28,30,0
51087,1460,29,54,2
51088,1460,30,32,1
51089,1460,31,52,2
51090,1460,32,10,0
51091,1460,33,32,1
51092,1460,34,37,1
51093,1460,35,40,1
51094,1461,1,32,1
51095,1461,2,106,4
51096,1461,3,65,1
51097,1461,4,42,2
51098,1461,5,91,3
51099,1461,6,122,3
51100,1461,7,44,1
51101,1461,8,94,0
51102,1461,9,61,3
51103,1461,10,101,0
51104,1461,11,88,3
51105,1461,12,73,3
51106,1461,13,67,3
51107,1461,14,96,4
51108,1461,15,53,3
51109,1461,16,43,2
51110,1461,17,45,1
51111,1461,18,65,2
51112,1461,19,21,0
51113,1461,20,108,0
51114,1461,21,60,1
51115,1461,22,107,1
51116,1461,23,53,1
51117,1461,24,113,2
51118,1461,25,84,5
51119,1461,26,49,2
51120,1461,27,54,1
51121,1461,28,23,1
51122,1461,29,83,4
51123,1461,30,60,1
51124,1461,31,56,0
51125,1461,32,46,2
51126,1461,33,95,0
51127,1461,34,68,0
51128,1461,35,42,2
51129,1462,1,35,2
51130,1462,2,33,1
51131,1462,3,34,1
51132,1462,4,29,0
51133,1462,5,80,3
51134,1462,6,25,1
51135,1462,7,33,2
51136,1462,8,41,1
51137,1462,9,41,2
51138,1462,10,82,3
51139,1462,11,49,1
51140,1462,12,42,2
51141,1462,13,59,0
51142,1462,14,75,3
51143,1462,15,60,1
51144,1462,16,64,3
51145,1462,17,58,0
51146,1462,18,30,1
51147,1462,19,37,1
51148,1462,20,56,1
51149,1462,21,56,2
51150,1462,22,42,2
51151,1462,23,62,1
51152,1462,24,55,2
51153,1462,25,64,0
51154,1462,26,56,1
51155,1462,27,47,2
51156,1462,28,45,2
51157,1462,29,43,2
51158,1462,30,64,1
51159,1462,31,67,1
51160,1462,32,54,3
51161,1462,33,51,1
51162,1462,34,14,0
51163,1462,35,56,2
51164,1463,1,19,0
51165,1463,2,40,1
51166,1463,3,39,1
51167,1463,4,21,1
51168,1463,5,13,0
51169,1463,6,18,1
51170,1463,7,20,0
51171,1463,8,56,3
51172,1463,9,123,6
51173,1463,10,48,0
51174,1463,11,28,0
51175,1463,12,15,0
51176,1463,13,18,1
51177,1463,14,32,1
51178,1463,15,20,0
51179,1463,16,56,3
51180,1463,17,63,3
51181,1463,18,49,2
51182,1463,19,53,3
51183,1463,20,37,1
51184,1463,21,60,0
51185,1463,22,27,1
51186,1463,23,36,0
51187,1463,24,27,1
51188,1463,25,50,1
51189,1463,26,36,0
51190,1463,27,6,0
51191,1463,28,68,1
51192,1463,29,55,1
51193,1463,30,89,5
51194,1463,31,85,0
51195,1463,32,53,3
51196,1463,33,22,1
51197,1463,34,36,2
51198,1463,35,33,0
51199,1464,1,29,1
51200,1464,2,69,3
51201,1464,3,32,0
51202,1464,4,44,2
51203,1464,5,40,2
51204,1464,6,91,3
51205,1464,7,86,4
51206,1464,8,77,4
51207,1464,9,14,0
51208,1464,10,106,6
51209,1464,11,42,0
51210,1464,12,40,1
51211,1464,13,22,1
51212,1464,14,65,1
51213,1464,15,113,2
51214,1464,16,45,1
51215,1464,17,33,1
51216,1464,18,57,2
51217,1464,19,105,2
51218,1464,20,36,1
51219,1464,21,69,3
51220,1464,22,28,0
51221,1464,23,32,0
51222,1464,24,52,1
51223,1464,25,103,6
51224,1464,26,57,2
51225,1464,27,26,1
51226,1464,28,45,1
51227,1464,29,178,6
51228,1464,30,35,2
51229,1464,31,80,2
51230,1464,32,24,1
51231,1464,33,35,0
51232,1464,34,45,1
51233,1464,35,89,2
