id,distributionOrderId,flowerId,quantity
1,1,1,41
2,2,1,70
3,3,1,17
4,4,1,22
5,5,2,24
6,6,2,33
7,7,2,15
8,8,2,33
9,9,3,20
10,10,3,34
11,11,3,9
12,12,3,52
13,13,4,35
14,14,4,14
15,15,4,29
16,16,4,40
17,17,5,38
18,18,5,23
19,19,5,17
20,20,5,61
21,21,6,37
22,22,6,14
23,23,6,22
24,24,6,33
25,25,7,68
26,26,7,21
27,27,7,39
28,28,7,35
29,29,8,59
30,30,8,20
31,31,8,36
32,32,8,21
33,33,9,67
34,34,9,21
35,35,9,13
36,36,9,19
37,37,10,54
38,38,10,48
39,39,10,22
40,40,10,20
41,41,11,20
42,42,11,36
43,43,11,12
44,44,11,17
45,45,12,50
46,46,12,30
47,47,12,12
48,48,12,17
49,49,13,24
50,50,13,51
51,51,13,19
52,52,13,42
53,53,14,37
54,54,14,40
55,55,14,25
56,56,14,39
57,57,15,27
58,58,15,27
59,59,15,13
60,60,15,34
61,61,16,46
62,62,16,20
63,63,16,16
64,64,16,29
65,65,17,27
66,66,17,51
67,67,17,19
68,68,17,22
69,69,18,52
70,70,18,16
71,71,18,18
72,72,18,34
73,73,19,31
74,74,19,34
75,75,19,32
76,76,19,26
77,77,20,37
78,78,20,9
79,79,20,15
80,80,20,47
81,81,21,36
82,82,21,16
83,83,21,33
84,84,21,42
85,85,22,64
86,86,22,25
87,87,22,22
88,88,22,17
89,89,23,54
90,90,23,29
91,91,23,33
92,92,23,19
93,93,24,38
94,94,24,21
95,95,24,19
96,96,24,22
97,97,25,17
98,98,25,11
99,99,25,24
100,100,25,34
101,101,26,18
102,102,26,35
103,103,26,41
104,104,26,41
105,105,27,57
106,106,27,43
107,107,27,16
108,108,27,50
109,109,28,21
110,110,28,27
111,111,28,26
112,112,28,25
113,113,29,42
114,114,29,39
115,115,29,17
116,116,29,35
117,117,30,70
118,118,30,24
119,119,30,13
120,120,30,67
121,121,31,35
122,122,31,28
123,123,31,19
124,124,31,34
125,125,32,30
126,126,32,13
127,127,32,22
128,128,32,61
129,129,33,58
130,130,33,39
131,131,33,20
132,132,33,45
133,133,34,43
134,134,34,25
135,135,34,22
136,136,34,32
137,137,35,43
138,138,35,39
139,139,35,23
140,140,35,37
141,141,1,50
142,142,1,26
143,143,1,24
144,144,1,24
145,145,2,31
146,146,2,40
147,147,2,48
148,148,2,24
149,149,3,73
150,150,3,33
151,151,3,23
152,152,3,27
153,153,4,46
154,154,4,37
155,155,4,27
156,156,4,37
157,157,5,95
158,158,5,25
159,159,5,23
160,160,5,45
161,161,6,34
162,162,6,16
163,163,6,15
164,164,6,46
165,165,7,62
166,166,7,33
167,167,7,8
168,168,7,22
169,169,8,41
170,170,8,16
171,171,8,18
172,172,8,17
173,173,9,31
174,174,9,21
175,175,9,27
176,176,9,31
177,177,10,50
178,178,10,51
179,179,10,19
180,180,10,39
181,181,11,34
182,182,11,32
183,183,11,18
184,184,11,31
185,185,12,58
186,186,12,35
187,187,12,34
188,188,12,46
189,189,13,53
190,190,13,24
191,191,13,35
192,192,13,19
193,193,14,44
194,194,14,35
195,195,14,16
196,196,14,26
197,197,15,45
198,198,15,57
199,199,15,14
200,200,15,20
201,201,16,59
202,202,16,48
203,203,16,28
204,204,16,57
205,205,17,37
206,206,17,17
207,207,17,26
208,208,17,37
209,209,18,48
210,210,18,44
211,211,18,32
212,212,18,16
213,213,19,41
214,214,19,28
215,215,19,39
216,216,19,20
217,217,20,48
218,218,20,48
219,219,20,16
220,220,20,20
221,221,21,41
222,222,21,33
223,223,21,18
224,224,21,66
225,225,22,61
226,226,22,41
227,227,22,20
228,228,22,31
229,229,23,49
230,230,23,55
231,231,23,12
232,232,23,54
233,233,24,54
234,234,24,7
235,235,24,33
236,236,24,29
237,237,25,62
238,238,25,42
239,239,25,26
240,240,25,56
241,241,26,39
242,242,26,43
243,243,26,27
244,244,26,24
245,245,27,68
246,246,27,39
247,247,27,19
248,248,27,43
249,249,28,13
250,250,28,47
251,251,28,15
252,252,28,43
253,253,29,54
254,254,29,27
255,255,29,23
256,256,29,55
257,257,30,64
258,258,30,28
259,259,30,53
260,260,30,14
261,261,31,14
262,262,31,42
263,263,31,20
264,264,31,32
265,265,32,25
266,266,32,27
267,267,32,19
268,268,32,53
269,269,33,54
270,270,33,27
271,271,33,35
272,272,33,54
273,273,34,57
274,274,34,27
275,275,34,19
276,276,34,47
277,277,35,44
278,278,35,10
279,279,35,24
280,280,35,30
281,281,1,66
282,282,1,37
283,283,1,34
284,284,1,26
285,285,2,63
286,286,2,14
287,287,2,26
288,288,2,27
289,289,3,28
290,290,3,34
291,291,3,21
292,292,3,68
293,293,4,45
294,294,4,31
295,295,4,42
296,296,4,48
297,297,5,80
298,298,5,15
299,299,5,12
300,300,5,76
301,301,6,51
302,302,6,17
303,303,6,44
304,304,6,23
305,305,7,48
306,306,7,37
307,307,7,17
308,308,7,32
309,309,8,71
310,310,8,32
311,311,8,21
312,312,8,45
313,313,9,34
314,314,9,18
315,315,9,32
316,316,9,65
317,317,10,26
318,318,10,40
319,319,10,18
320,320,10,71
321,321,11,23
322,322,11,45
323,323,11,40
324,324,11,47
325,325,12,58
326,326,12,43
327,327,12,25
328,328,12,75
329,329,13,64
330,330,13,37
331,331,13,34
332,332,13,37
333,333,14,50
334,334,14,39
335,335,14,37
336,336,14,52
337,337,15,39
338,338,15,16
339,339,15,48
340,340,15,57
341,341,16,43
342,342,16,22
343,343,16,47
344,344,16,36
345,345,17,49
346,346,17,34
347,347,17,18
348,348,17,42
349,349,18,65
350,350,18,24
351,351,18,30
352,352,18,37
353,353,19,71
354,354,19,34
355,355,19,25
356,356,19,22
357,357,20,62
358,358,20,45
359,359,20,25
360,360,20,49
361,361,21,67
362,362,21,25
363,363,21,38
364,364,21,27
365,365,22,59
366,366,22,58
367,367,22,35
368,368,22,29
369,369,23,91
370,370,23,52
371,371,23,12
372,372,23,39
373,373,24,63
374,374,24,37
375,375,24,34
376,376,24,29
377,377,25,44
378,378,25,18
379,379,25,23
380,380,25,69
381,381,26,63
382,382,26,54
383,383,26,16
384,384,26,30
385,385,27,31
386,386,27,63
387,387,27,42
388,388,27,32
389,389,28,36
390,390,28,24
391,391,28,32
392,392,28,36
393,393,29,39
394,394,29,15
395,395,29,34
396,396,29,55
397,397,30,63
398,398,30,44
399,399,30,30
400,400,30,27
401,401,31,40
402,402,31,57
403,403,31,50
404,404,31,61
405,405,32,61
406,406,32,30
407,407,32,27
408,408,32,49
409,409,33,25
410,410,33,61
411,411,33,45
412,412,33,47
413,413,34,71
414,414,34,22
415,415,34,26
416,416,34,45
417,417,35,50
418,418,35,51
419,419,35,40
420,420,35,57
421,421,1,20
422,422,1,60
423,423,1,40
424,424,1,49
425,425,2,31
426,426,2,65
427,427,2,44
428,428,2,44
429,429,3,96
430,430,3,40
431,431,3,45
432,432,3,81
433,433,4,73
434,434,4,31
435,435,4,20
436,436,4,37
437,437,5,47
438,438,5,42
439,439,5,58
440,440,5,76
441,441,6,50
442,442,6,32
443,443,6,15
444,444,6,65
445,445,7,72
446,446,7,25
447,447,7,28
448,448,7,36
449,449,8,47
450,450,8,61
451,451,8,30
452,452,8,69
453,453,9,94
454,454,9,49
455,455,9,34
456,456,9,36
457,457,10,76
458,458,10,60
459,459,10,47
460,460,10,43
461,461,11,65
462,462,11,41
463,463,11,16
464,464,11,74
465,465,12,60
466,466,12,69
467,467,12,43
468,468,12,38
469,469,13,64
470,470,13,38
471,471,13,41
472,472,13,34
473,473,14,119
474,474,14,24
475,475,14,23
476,476,14,71
477,477,15,72
478,478,15,68
479,479,15,18
480,480,15,75
481,481,16,97
482,482,16,74
483,483,16,29
484,484,16,45
485,485,17,95
486,486,17,44
487,487,17,49
488,488,17,89
489,489,18,54
490,490,18,36
491,491,18,85
492,492,18,68
493,493,19,40
494,494,19,50
495,495,19,30
496,496,19,47
497,497,20,83
498,498,20,62
499,499,20,43
500,500,20,54
501,501,21,98
502,502,21,79
503,503,21,20
504,504,21,38
505,505,22,33
506,506,22,28
507,507,22,30
508,508,22,49
509,509,23,42
510,510,23,64
511,511,23,40
512,512,23,47
513,513,24,51
514,514,24,30
515,515,24,56
516,516,24,54
517,517,25,49
518,518,25,33
519,519,25,38
520,520,25,47
521,521,26,44
522,522,26,65
523,523,26,27
524,524,26,37
525,525,27,61
526,526,27,38
527,527,27,52
528,528,27,76
529,529,28,63
530,530,28,29
531,531,28,46
532,532,28,46
533,533,29,63
534,534,29,76
535,535,29,34
536,536,29,91
537,537,30,48
538,538,30,82
539,539,30,40
540,540,30,37
541,541,31,80
542,542,31,7
543,543,31,25
544,544,31,63
545,545,32,68
546,546,32,115
547,547,32,57
548,548,32,57
549,549,33,42
550,550,33,33
551,551,33,29
552,552,33,39
553,553,34,54
554,554,34,67
555,555,34,35
556,556,34,56
557,557,35,118
558,558,35,41
559,559,35,51
560,560,35,71
561,561,1,28
562,562,1,44
563,563,1,48
564,564,1,36
565,565,2,63
566,566,2,102
567,567,2,17
568,568,2,44
569,569,3,108
570,570,3,104
571,571,3,41
572,572,3,30
573,573,4,111
574,574,4,44
575,575,4,43
576,576,4,105
577,577,5,71
578,578,5,52
579,579,5,39
580,580,5,80
581,581,6,119
582,582,6,31
583,583,6,44
584,584,6,71
585,585,7,55
586,586,7,24
587,587,7,43
588,588,7,117
589,589,8,87
590,590,8,73
591,591,8,73
592,592,8,74
593,593,9,72
594,594,9,38
595,595,9,75
596,596,9,93
597,597,10,90
598,598,10,21
599,599,10,50
600,600,10,109
601,601,11,47
602,602,11,35
603,603,11,42
604,604,11,55
605,605,12,47
606,606,12,33
607,607,12,32
608,608,12,80
609,609,13,53
610,610,13,48
611,611,13,39
612,612,13,63
613,613,14,111
614,614,14,30
615,615,14,39
616,616,14,86
617,617,15,111
618,618,15,62
619,619,15,39
620,620,15,59
621,621,16,62
622,622,16,62
623,623,16,51
624,624,16,80
625,625,17,86
626,626,17,81
627,627,17,76
628,628,17,68
629,629,18,79
630,630,18,49
631,631,18,28
632,632,18,36
633,633,19,39
634,634,19,56
635,635,19,32
636,636,19,98
637,637,20,54
638,638,20,69
639,639,20,45
640,640,20,46
641,641,21,45
642,642,21,40
643,643,21,62
644,644,21,23
645,645,22,78
646,646,22,22
647,647,22,65
648,648,22,56
649,649,23,107
650,650,23,50
651,651,23,31
652,652,23,35
653,653,24,46
654,654,24,88
655,655,24,24
656,656,24,132
657,657,25,108
658,658,25,43
659,659,25,59
660,660,25,84
661,661,26,80
662,662,26,91
663,663,26,51
664,664,26,116
665,665,27,81
666,666,27,34
667,667,27,78
668,668,27,41
669,669,28,115
670,670,28,114
671,671,28,27
672,672,28,100
673,673,29,46
674,674,29,89
675,675,29,32
676,676,29,31
677,677,30,47
678,678,30,45
679,679,30,33
680,680,30,69
681,681,31,34
682,682,31,94
683,683,31,88
684,684,31,99
685,685,32,72
686,686,32,79
687,687,32,59
688,688,32,55
689,689,33,56
690,690,33,65
691,691,33,44
692,692,33,99
693,693,34,66
694,694,34,43
695,695,34,54
696,696,34,63
697,697,35,90
698,698,35,63
699,699,35,65
700,700,35,122
701,701,1,101
702,702,1,55
703,703,1,45
704,704,1,120
705,705,2,114
706,706,2,28
707,707,2,42
708,708,2,89
709,709,3,86
710,710,3,63
711,711,3,26
712,712,3,69
713,713,4,90
714,714,4,38
715,715,4,26
716,716,4,93
717,717,5,98
718,718,5,43
719,719,5,45
720,720,5,62
721,721,6,48
722,722,6,66
723,723,6,29
724,724,6,77
725,725,7,72
726,726,7,61
727,727,7,57
728,728,7,57
729,729,8,38
730,730,8,74
731,731,8,26
732,732,8,42
733,733,9,53
734,734,9,42
735,735,9,51
736,736,9,34
737,737,10,65
738,738,10,80
739,739,10,69
740,740,10,56
741,741,11,92
742,742,11,78
743,743,11,47
744,744,11,69
745,745,12,42
746,746,12,92
747,747,12,32
748,748,12,40
749,749,13,83
750,750,13,66
751,751,13,24
752,752,13,69
753,753,14,92
754,754,14,90
755,755,14,39
756,756,14,87
757,757,15,48
758,758,15,77
759,759,15,61
760,760,15,60
761,761,16,76
762,762,16,58
763,763,16,73
764,764,16,110
765,765,17,56
766,766,17,64
767,767,17,31
768,768,17,95
769,769,18,54
770,770,18,35
771,771,18,62
772,772,18,51
773,773,19,28
774,774,19,36
775,775,19,33
776,776,19,59
777,777,20,80
778,778,20,36
779,779,20,30
780,780,20,43
781,781,21,71
782,782,21,42
783,783,21,37
784,784,21,77
785,785,22,122
786,786,22,37
787,787,22,18
788,788,22,35
789,789,23,80
790,790,23,49
791,791,23,71
792,792,23,37
793,793,24,78
794,794,24,48
795,795,24,30
796,796,24,69
797,797,25,63
798,798,25,40
799,799,25,25
800,800,25,46
801,801,26,63
802,802,26,47
803,803,26,37
804,804,26,111
805,805,27,50
806,806,27,26
807,807,27,11
808,808,27,28
809,809,28,54
810,810,28,92
811,811,28,14
812,812,28,63
813,813,29,111
814,814,29,47
815,815,29,37
816,816,29,53
817,817,30,87
818,818,30,54
819,819,30,29
820,820,30,81
821,821,31,79
822,822,31,33
823,823,31,42
824,824,31,34
825,825,32,38
826,826,32,37
827,827,32,70
828,828,32,65
829,829,33,109
830,830,33,64
831,831,33,24
832,832,33,123
833,833,34,68
834,834,34,54
835,835,34,37
836,836,34,49
837,837,35,55
838,838,35,50
839,839,35,38
840,840,35,63
841,841,1,31
842,842,1,22
843,843,1,47
844,844,1,53
845,845,2,25
846,846,2,25
847,847,2,10
848,848,2,37
849,849,3,19
850,850,3,32
851,851,3,49
852,852,3,43
853,853,4,30
854,854,4,31
855,855,4,25
856,856,4,36
857,857,5,27
858,858,5,20
859,859,5,19
860,860,5,43
861,861,6,41
862,862,6,20
863,863,6,21
864,864,6,39
865,865,7,26
866,866,7,25
867,867,7,21
868,868,7,50
869,869,8,34
870,870,8,24
871,871,8,28
872,872,8,48
873,873,9,41
874,874,9,50
875,875,9,19
876,876,9,43
877,877,10,64
878,878,10,16
879,879,10,18
880,880,10,49
881,881,11,46
882,882,11,36
883,883,11,21
884,884,11,23
885,885,12,37
886,886,12,19
887,887,12,55
888,888,12,25
889,889,13,49
890,890,13,28
891,891,13,25
892,892,13,37
893,893,14,20
894,894,14,15
895,895,14,16
896,896,14,29
897,897,15,47
898,898,15,29
899,899,15,27
900,900,15,47
901,901,16,56
902,902,16,62
903,903,16,38
904,904,16,21
905,905,17,25
906,906,17,35
907,907,17,24
908,908,17,30
909,909,18,38
910,910,18,41
911,911,18,28
912,912,18,27
913,913,19,27
914,914,19,22
915,915,19,18
916,916,19,38
917,917,20,57
918,918,20,23
919,919,20,21
920,920,20,25
921,921,21,34
922,922,21,30
923,923,21,54
924,924,21,23
925,925,22,47
926,926,22,52
927,927,22,17
928,928,22,24
929,929,23,36
930,930,23,29
931,931,23,29
932,932,23,38
933,933,24,22
934,934,24,24
935,935,24,28
936,936,24,21
937,937,25,48
938,938,25,42
939,939,25,12
940,940,25,38
941,941,26,69
942,942,26,35
943,943,26,24
944,944,26,23
945,945,27,54
946,946,27,36
947,947,27,23
948,948,27,40
949,949,28,30
950,950,28,31
951,951,28,19
952,952,28,30
953,953,29,31
954,954,29,42
955,955,29,19
956,956,29,39
957,957,30,31
958,958,30,42
959,959,30,7
960,960,30,42
961,961,31,37
962,962,31,32
963,963,31,17
964,964,31,26
965,965,32,52
966,966,32,16
967,967,32,15
968,968,32,61
969,969,33,27
970,970,33,24
971,971,33,20
972,972,33,36
973,973,34,53
974,974,34,22
975,975,34,11
976,976,34,39
977,977,35,42
978,978,35,16
979,979,35,25
980,980,35,24
981,981,1,42
982,982,1,24
983,983,1,15
984,984,1,31
985,985,2,35
986,986,2,13
987,987,2,36
988,988,2,21
989,989,3,26
990,990,3,14
991,991,3,14
992,992,3,57
993,993,4,28
994,994,4,26
995,995,4,28
996,996,4,45
997,997,5,57
998,998,5,29
999,999,5,12
1000,1000,5,68
1001,1001,6,52
1002,1002,6,29
1003,1003,6,23
1004,1004,6,44
1005,1005,7,46
1006,1006,7,39
1007,1007,7,26
1008,1008,7,16
1009,1009,8,27
1010,1010,8,9
1011,1011,8,17
1012,1012,8,25
1013,1013,9,46
1014,1014,9,30
1015,1015,9,47
1016,1016,9,29
1017,1017,10,39
1018,1018,10,20
1019,1019,10,16
1020,1020,10,42
1021,1021,11,30
1022,1022,11,55
1023,1023,11,19
1024,1024,11,26
1025,1025,12,42
1026,1026,12,38
1027,1027,12,17
1028,1028,12,43
1029,1029,13,39
1030,1030,13,27
1031,1031,13,30
1032,1032,13,40
1033,1033,14,51
1034,1034,14,24
1035,1035,14,29
1036,1036,14,21
1037,1037,15,29
1038,1038,15,28
1039,1039,15,17
1040,1040,15,54
1041,1041,16,47
1042,1042,16,42
1043,1043,16,19
1044,1044,16,15
1045,1045,17,31
1046,1046,17,34
1047,1047,17,21
1048,1048,17,33
1049,1049,18,25
1050,1050,18,36
1051,1051,18,37
1052,1052,18,32
1053,1053,19,32
1054,1054,19,16
1055,1055,19,14
1056,1056,19,32
1057,1057,20,69
1058,1058,20,43
1059,1059,20,38
1060,1060,20,23
1061,1061,21,37
1062,1062,21,21
1063,1063,21,17
1064,1064,21,30
1065,1065,22,31
1066,1066,22,28
1067,1067,22,9
1068,1068,22,32
1069,1069,23,36
1070,1070,23,23
1071,1071,23,17
1072,1072,23,45
1073,1073,24,46
1074,1074,24,18
1075,1075,24,22
1076,1076,24,54
1077,1077,25,49
1078,1078,25,30
1079,1079,25,20
1080,1080,25,44
1081,1081,26,24
1082,1082,26,36
1083,1083,26,15
1084,1084,26,23
1085,1085,27,42
1086,1086,27,39
1087,1087,27,31
1088,1088,27,26
1089,1089,28,33
1090,1090,28,25
1091,1091,28,28
1092,1092,28,38
1093,1093,29,49
1094,1094,29,19
1095,1095,29,29
1096,1096,29,23
1097,1097,30,38
1098,1098,30,63
1099,1099,30,12
1100,1100,30,22
1101,1101,31,59
1102,1102,31,22
1103,1103,31,22
1104,1104,31,15
1105,1105,32,54
1106,1106,32,24
1107,1107,32,20
1108,1108,32,42
1109,1109,33,31
1110,1110,33,42
1111,1111,33,14
1112,1112,33,31
1113,1113,34,46
1114,1114,34,31
1115,1115,34,13
1116,1116,34,44
1117,1117,35,30
1118,1118,35,48
1119,1119,35,38
1120,1120,35,50
1121,1121,1,44
1122,1122,1,32
1123,1123,1,19
1124,1124,1,70
1125,1125,2,48
1126,1126,2,26
1127,1127,2,44
1128,1128,2,73
1129,1129,3,56
1130,1130,3,36
1131,1131,3,23
1132,1132,3,22
1133,1133,4,35
1134,1134,4,38
1135,1135,4,14
1136,1136,4,33
1137,1137,5,41
1138,1138,5,23
1139,1139,5,13
1140,1140,5,21
1141,1141,6,26
1142,1142,6,26
1143,1143,6,51
1144,1144,6,77
1145,1145,7,30
1146,1146,7,29
1147,1147,7,36
1148,1148,7,40
1149,1149,8,41
1150,1150,8,45
1151,1151,8,18
1152,1152,8,51
1153,1153,9,50
1154,1154,9,36
1155,1155,9,20
1156,1156,9,53
1157,1157,10,56
1158,1158,10,30
1159,1159,10,24
1160,1160,10,41
1161,1161,11,25
1162,1162,11,27
1163,1163,11,19
1164,1164,11,39
1165,1165,12,30
1166,1166,12,39
1167,1167,12,19
1168,1168,12,20
1169,1169,13,15
1170,1170,13,46
1171,1171,13,37
1172,1172,13,36
1173,1173,14,64
1174,1174,14,38
1175,1175,14,48
1176,1176,14,28
1177,1177,15,64
1178,1178,15,27
1179,1179,15,31
1180,1180,15,29
1181,1181,16,24
1182,1182,16,57
1183,1183,16,19
1184,1184,16,14
1185,1185,17,82
1186,1186,17,45
1187,1187,17,22
1188,1188,17,26
1189,1189,18,46
1190,1190,18,18
1191,1191,18,28
1192,1192,18,28
1193,1193,19,52
1194,1194,19,32
1195,1195,19,49
1196,1196,19,52
1197,1197,20,42
1198,1198,20,11
1199,1199,20,17
1200,1200,20,91
1201,1201,21,25
1202,1202,21,23
1203,1203,21,32
1204,1204,21,29
1205,1205,22,68
1206,1206,22,21
1207,1207,22,25
1208,1208,22,41
1209,1209,23,59
1210,1210,23,29
1211,1211,23,25
1212,1212,23,68
1213,1213,24,61
1214,1214,24,56
1215,1215,24,23
1216,1216,24,72
1217,1217,25,37
1218,1218,25,23
1219,1219,25,44
1220,1220,25,33
1221,1221,26,53
1222,1222,26,17
1223,1223,26,46
1224,1224,26,30
1225,1225,27,71
1226,1226,27,42
1227,1227,27,8
1228,1228,27,31
1229,1229,28,32
1230,1230,28,49
1231,1231,28,29
1232,1232,28,28
1233,1233,29,40
1234,1234,29,30
1235,1235,29,27
1236,1236,29,43
1237,1237,30,56
1238,1238,30,23
1239,1239,30,21
1240,1240,30,21
1241,1241,31,45
1242,1242,31,50
1243,1243,31,25
1244,1244,31,52
1245,1245,32,49
1246,1246,32,17
1247,1247,32,44
1248,1248,32,21
1249,1249,33,28
1250,1250,33,24
1251,1251,33,21
1252,1252,33,43
1253,1253,34,31
1254,1254,34,64
1255,1255,34,27
1256,1256,34,32
1257,1257,35,41
1258,1258,35,36
1259,1259,35,22
1260,1260,35,40
1261,1261,1,90
1262,1262,1,64
1263,1263,1,22
1264,1264,1,25
1265,1265,2,29
1266,1266,2,42
1267,1267,2,32
1268,1268,2,61
1269,1269,3,40
1270,1270,3,38
1271,1271,3,21
1272,1272,3,55
1273,1273,4,48
1274,1274,4,22
1275,1275,4,37
1276,1276,4,31
1277,1277,5,47
1278,1278,5,33
1279,1279,5,22
1280,1280,5,30
1281,1281,6,64
1282,1282,6,39
1283,1283,6,38
1284,1284,6,35
1285,1285,7,52
1286,1286,7,35
1287,1287,7,29
1288,1288,7,54
1289,1289,8,64
1290,1290,8,26
1291,1291,8,28
1292,1292,8,33
1293,1293,9,78
1294,1294,9,86
1295,1295,9,27
1296,1296,9,30
1297,1297,10,36
1298,1298,10,28
1299,1299,10,36
1300,1300,10,26
1301,1301,11,48
1302,1302,11,26
1303,1303,11,44
1304,1304,11,40
1305,1305,12,35
1306,1306,12,28
1307,1307,12,47
1308,1308,12,53
1309,1309,13,27
1310,1310,13,28
1311,1311,13,45
1312,1312,13,66
1313,1313,14,48
1314,1314,14,25
1315,1315,14,19
1316,1316,14,33
1317,1317,15,45
1318,1318,15,47
1319,1319,15,36
1320,1320,15,50
1321,1321,16,37
1322,1322,16,19
1323,1323,16,25
1324,1324,16,48
1325,1325,17,32
1326,1326,17,28
1327,1327,17,19
1328,1328,17,54
1329,1329,18,83
1330,1330,18,27
1331,1331,18,46
1332,1332,18,26
1333,1333,19,39
1334,1334,19,60
1335,1335,19,60
1336,1336,19,55
1337,1337,20,80
1338,1338,20,35
1339,1339,20,41
1340,1340,20,43
1341,1341,21,30
1342,1342,21,30
1343,1343,21,52
1344,1344,21,62
1345,1345,22,33
1346,1346,22,24
1347,1347,22,15
1348,1348,22,38
1349,1349,23,79
1350,1350,23,50
1351,1351,23,27
1352,1352,23,77
1353,1353,24,101
1354,1354,24,58
1355,1355,24,47
1356,1356,24,45
1357,1357,25,50
1358,1358,25,39
1359,1359,25,26
1360,1360,25,55
1361,1361,26,46
1362,1362,26,23
1363,1363,26,22
1364,1364,26,56
1365,1365,27,34
1366,1366,27,48
1367,1367,27,11
1368,1368,27,39
1369,1369,28,64
1370,1370,28,19
1371,1371,28,33
1372,1372,28,40
1373,1373,29,68
1374,1374,29,28
1375,1375,29,52
1376,1376,29,34
1377,1377,30,67
1378,1378,30,41
1379,1379,30,26
1380,1380,30,51
1381,1381,31,57
1382,1382,31,16
1383,1383,31,26
1384,1384,31,33
1385,1385,32,38
1386,1386,32,61
1387,1387,32,25
1388,1388,32,63
1389,1389,33,47
1390,1390,33,33
1391,1391,33,23
1392,1392,33,50
1393,1393,34,52
1394,1394,34,32
1395,1395,34,21
1396,1396,34,32
1397,1397,35,86
1398,1398,35,33
1399,1399,35,23
1400,1400,35,30
1401,1401,1,45
1402,1402,1,79
1403,1403,1,46
1404,1404,1,41
1405,1405,2,56
1406,1406,2,49
1407,1407,2,50
1408,1408,2,51
1409,1409,3,80
1410,1410,3,66
1411,1411,3,31
1412,1412,3,40
1413,1413,4,33
1414,1414,4,62
1415,1415,4,29
1416,1416,4,77
1417,1417,5,61
1418,1418,5,45
1419,1419,5,23
1420,1420,5,48
1421,1421,6,90
1422,1422,6,42
1423,1423,6,42
1424,1424,6,110
1425,1425,7,98
1426,1426,7,37
1427,1427,7,37
1428,1428,7,83
1429,1429,8,63
1430,1430,8,33
1431,1431,8,52
1432,1432,8,27
1433,1433,9,70
1434,1434,9,70
1435,1435,9,46
1436,1436,9,87
1437,1437,10,60
1438,1438,10,63
1439,1439,10,44
1440,1440,10,30
1441,1441,11,70
1442,1442,11,49
1443,1443,11,50
1444,1444,11,44
1445,1445,12,59
1446,1446,12,40
1447,1447,12,32
1448,1448,12,50
1449,1449,13,89
1450,1450,13,44
1451,1451,13,61
1452,1452,13,71
1453,1453,14,68
1454,1454,14,34
1455,1455,14,57
1456,1456,14,48
1457,1457,15,82
1458,1458,15,40
1459,1459,15,36
1460,1460,15,57
1461,1461,16,33
1462,1462,16,22
1463,1463,16,46
1464,1464,16,66
1465,1465,17,61
1466,1466,17,30
1467,1467,17,27
1468,1468,17,38
1469,1469,18,57
1470,1470,18,37
1471,1471,18,66
1472,1472,18,45
1473,1473,19,72
1474,1474,19,33
1475,1475,19,19
1476,1476,19,61
1477,1477,20,42
1478,1478,20,35
1479,1479,20,47
1480,1480,20,27
1481,1481,21,40
1482,1482,21,48
1483,1483,21,59
1484,1484,21,27
1485,1485,22,90
1486,1486,22,46
1487,1487,22,21
1488,1488,22,38
1489,1489,23,74
1490,1490,23,36
1491,1491,23,45
1492,1492,23,48
1493,1493,24,56
1494,1494,24,51
1495,1495,24,42
1496,1496,24,43
1497,1497,25,39
1498,1498,25,83
1499,1499,25,55
1500,1500,25,44
1501,1501,26,71
1502,1502,26,34
1503,1503,26,45
1504,1504,26,43
1505,1505,27,73
1506,1506,27,51
1507,1507,27,69
1508,1508,27,31
1509,1509,28,40
1510,1510,28,65
1511,1511,28,19
1512,1512,28,61
1513,1513,29,90
1514,1514,29,52
1515,1515,29,10
1516,1516,29,37
1517,1517,30,50
1518,1518,30,60
1519,1519,30,39
1520,1520,30,67
1521,1521,31,68
1522,1522,31,71
1523,1523,31,25
1524,1524,31,81
1525,1525,32,57
1526,1526,32,21
1527,1527,32,41
1528,1528,32,78
1529,1529,33,90
1530,1530,33,9
1531,1531,33,37
1532,1532,33,38
1533,1533,34,74
1534,1534,34,44
1535,1535,34,38
1536,1536,34,60
1537,1537,35,81
1538,1538,35,59
1539,1539,35,24
1540,1540,35,111
1541,1541,1,61
1542,1542,1,157
1543,1543,1,85
1544,1544,1,49
1545,1545,2,120
1546,1546,2,59
1547,1547,2,56
1548,1548,2,62
1549,1549,3,112
1550,1550,3,56
1551,1551,3,60
1552,1552,3,79
1553,1553,4,159
1554,1554,4,99
1555,1555,4,68
1556,1556,4,160
1557,1557,5,63
1558,1558,5,29
1559,1559,5,78
1560,1560,5,96
1561,1561,6,69
1562,1562,6,65
1563,1563,6,67
1564,1564,6,77
1565,1565,7,77
1566,1566,7,83
1567,1567,7,63
1568,1568,7,99
1569,1569,8,105
1570,1570,8,106
1571,1571,8,61
1572,1572,8,82
1573,1573,9,176
1574,1574,9,100
1575,1575,9,62
1576,1576,9,112
1577,1577,10,33
1578,1578,10,80
1579,1579,10,61
1580,1580,10,74
1581,1581,11,100
1582,1582,11,87
1583,1583,11,115
1584,1584,11,32
1585,1585,12,130
1586,1586,12,78
1587,1587,12,60
1588,1588,12,94
1589,1589,13,122
1590,1590,13,51
1591,1591,13,16
1592,1592,13,60
1593,1593,14,112
1594,1594,14,88
1595,1595,14,33
1596,1596,14,97
1597,1597,15,72
1598,1598,15,43
1599,1599,15,49
1600,1600,15,57
1601,1601,16,68
1602,1602,16,131
1603,1603,16,118
1604,1604,16,43
1605,1605,17,112
1606,1606,17,58
1607,1607,17,66
1608,1608,17,52
1609,1609,18,117
1610,1610,18,55
1611,1611,18,83
1612,1612,18,74
1613,1613,19,48
1614,1614,19,69
1615,1615,19,25
1616,1616,19,138
1617,1617,20,121
1618,1618,20,66
1619,1619,20,72
1620,1620,20,105
1621,1621,21,95
1622,1622,21,55
1623,1623,21,50
1624,1624,21,49
1625,1625,22,94
1626,1626,22,105
1627,1627,22,52
1628,1628,22,55
1629,1629,23,83
1630,1630,23,62
1631,1631,23,89
1632,1632,23,15
1633,1633,24,59
1634,1634,24,61
1635,1635,24,71
1636,1636,24,86
1637,1637,25,79
1638,1638,25,55
1639,1639,25,130
1640,1640,25,72
1641,1641,26,101
1642,1642,26,54
1643,1643,26,83
1644,1644,26,64
1645,1645,27,93
1646,1646,27,85
1647,1647,27,37
1648,1648,27,91
1649,1649,28,108
1650,1650,28,52
1651,1651,28,47
1652,1652,28,74
1653,1653,29,75
1654,1654,29,27
1655,1655,29,56
1656,1656,29,80
1657,1657,30,70
1658,1658,30,69
1659,1659,30,77
1660,1660,30,44
1661,1661,31,59
1662,1662,31,87
1663,1663,31,28
1664,1664,31,102
1665,1665,32,90
1666,1666,32,117
1667,1667,32,43
1668,1668,32,57
1669,1669,33,60
1670,1670,33,82
1671,1671,33,25
1672,1672,33,52
1673,1673,34,65
1674,1674,34,52
1675,1675,34,42
1676,1676,34,119
1677,1677,35,104
1678,1678,35,59
1679,1679,35,64
1680,1680,35,69
1681,1681,1,160
1682,1682,1,49
1683,1683,1,33
1684,1684,1,69
1685,1685,2,99
1686,1686,2,52
1687,1687,2,39
1688,1688,2,80
1689,1689,3,89
1690,1690,3,56
1691,1691,3,31
1692,1692,3,76
1693,1693,4,102
1694,1694,4,82
1695,1695,4,69
1696,1696,4,58
1697,1697,5,116
1698,1698,5,50
1699,1699,5,46
1700,1700,5,48
1701,1701,6,59
1702,1702,6,86
1703,1703,6,57
1704,1704,6,91
1705,1705,7,134
1706,1706,7,115
1707,1707,7,48
1708,1708,7,59
1709,1709,8,140
1710,1710,8,71
1711,1711,8,69
1712,1712,8,85
1713,1713,9,59
1714,1714,9,43
1715,1715,9,52
1716,1716,9,86
1717,1717,10,121
1718,1718,10,67
1719,1719,10,48
1720,1720,10,41
1721,1721,11,107
1722,1722,11,50
1723,1723,11,58
1724,1724,11,98
1725,1725,12,83
1726,1726,12,48
1727,1727,12,56
1728,1728,12,68
1729,1729,13,87
1730,1730,13,26
1731,1731,13,57
1732,1732,13,61
1733,1733,14,129
1734,1734,14,60
1735,1735,14,25
1736,1736,14,46
1737,1737,15,42
1738,1738,15,55
1739,1739,15,65
1740,1740,15,97
1741,1741,16,54
1742,1742,16,56
1743,1743,16,52
1744,1744,16,50
1745,1745,17,95
1746,1746,17,36
1747,1747,17,49
1748,1748,17,124
1749,1749,18,91
1750,1750,18,108
1751,1751,18,40
1752,1752,18,82
1753,1753,19,70
1754,1754,19,75
1755,1755,19,64
1756,1756,19,118
1757,1757,20,64
1758,1758,20,80
1759,1759,20,33
1760,1760,20,108
1761,1761,21,142
1762,1762,21,21
1763,1763,21,104
1764,1764,21,35
1765,1765,22,128
1766,1766,22,72
1767,1767,22,80
1768,1768,22,44
1769,1769,23,76
1770,1770,23,41
1771,1771,23,45
1772,1772,23,86
1773,1773,24,110
1774,1774,24,39
1775,1775,24,77
1776,1776,24,54
1777,1777,25,106
1778,1778,25,75
1779,1779,25,21
1780,1780,25,31
1781,1781,26,56
1782,1782,26,58
1783,1783,26,55
1784,1784,26,61
1785,1785,27,103
1786,1786,27,53
1787,1787,27,63
1788,1788,27,91
1789,1789,28,84
1790,1790,28,88
1791,1791,28,44
1792,1792,28,45
1793,1793,29,100
1794,1794,29,60
1795,1795,29,33
1796,1796,29,44
1797,1797,30,37
1798,1798,30,40
1799,1799,30,43
1800,1800,30,125
1801,1801,31,91
1802,1802,31,54
1803,1803,31,100
1804,1804,31,37
1805,1805,32,92
1806,1806,32,55
1807,1807,32,38
1808,1808,32,54
1809,1809,33,84
1810,1810,33,37
1811,1811,33,86
1812,1812,33,86
1813,1813,34,72
1814,1814,34,28
1815,1815,34,57
1816,1816,34,56
1817,1817,35,90
1818,1818,35,22
1819,1819,35,60
1820,1820,35,51
1821,1821,1,77
1822,1822,1,24
1823,1823,1,30
1824,1824,1,31
1825,1825,2,47
1826,1826,2,29
1827,1827,2,18
1828,1828,2,33
1829,1829,3,33
1830,1830,3,24
1831,1831,3,28
1832,1832,3,35
1833,1833,4,61
1834,1834,4,36
1835,1835,4,27
1836,1836,4,50
1837,1837,5,79
1838,1838,5,15
1839,1839,5,13
1840,1840,5,70
1841,1841,6,34
1842,1842,6,34
1843,1843,6,25
1844,1844,6,34
1845,1845,7,53
1846,1846,7,17
1847,1847,7,23
1848,1848,7,44
1849,1849,8,32
1850,1850,8,37
1851,1851,8,22
1852,1852,8,22
1853,1853,9,40
1854,1854,9,20
1855,1855,9,58
1856,1856,9,90
1857,1857,10,36
1858,1858,10,24
1859,1859,10,23
1860,1860,10,38
1861,1861,11,31
1862,1862,11,46
1863,1863,11,42
1864,1864,11,58
1865,1865,12,31
1866,1866,12,26
1867,1867,12,21
1868,1868,12,34
1869,1869,13,85
1870,1870,13,45
1871,1871,13,23
1872,1872,13,31
1873,1873,14,28
1874,1874,14,69
1875,1875,14,29
1876,1876,14,56
1877,1877,15,34
1878,1878,15,31
1879,1879,15,53
1880,1880,15,58
1881,1881,16,53
1882,1882,16,58
1883,1883,16,21
1884,1884,16,43
1885,1885,17,73
1886,1886,17,31
1887,1887,17,27
1888,1888,17,80
1889,1889,18,59
1890,1890,18,26
1891,1891,18,23
1892,1892,18,34
1893,1893,19,102
1894,1894,19,27
1895,1895,19,29
1896,1896,19,38
1897,1897,20,21
1898,1898,20,53
1899,1899,20,37
1900,1900,20,25
1901,1901,21,61
1902,1902,21,28
1903,1903,21,9
1904,1904,21,48
1905,1905,22,83
1906,1906,22,46
1907,1907,22,24
1908,1908,22,46
1909,1909,23,36
1910,1910,23,54
1911,1911,23,37
1912,1912,23,64
1913,1913,24,43
1914,1914,24,41
1915,1915,24,15
1916,1916,24,79
1917,1917,25,119
1918,1918,25,28
1919,1919,25,38
1920,1920,25,41
1921,1921,26,37
1922,1922,26,35
1923,1923,26,29
1924,1924,26,32
1925,1925,27,33
1926,1926,27,35
1927,1927,27,22
1928,1928,27,26
1929,1929,28,17
1930,1930,28,36
1931,1931,28,21
1932,1932,28,77
1933,1933,29,64
1934,1934,29,22
1935,1935,29,31
1936,1936,29,39
1937,1937,30,49
1938,1938,30,37
1939,1939,30,21
1940,1940,30,67
1941,1941,31,29
1942,1942,31,26
1943,1943,31,24
1944,1944,31,47
1945,1945,32,38
1946,1946,32,50
1947,1947,32,26
1948,1948,32,57
1949,1949,33,51
1950,1950,33,33
1951,1951,33,53
1952,1952,33,59
1953,1953,34,72
1954,1954,34,35
1955,1955,34,14
1956,1956,34,12
1957,1957,35,32
1958,1958,35,30
1959,1959,35,30
1960,1960,35,41
1961,1961,1,34
1962,1962,1,30
1963,1963,1,34
1964,1964,1,37
1965,1965,2,37
1966,1966,2,26
1967,1967,2,26
1968,1968,2,43
1969,1969,3,82
1970,1970,3,28
1971,1971,3,66
1972,1972,3,71
1973,1973,4,50
1974,1974,4,23
1975,1975,4,38
1976,1976,4,62
1977,1977,5,64
1978,1978,5,36
1979,1979,5,14
1980,1980,5,87
1981,1981,6,77
1982,1982,6,43
1983,1983,6,38
1984,1984,6,41
1985,1985,7,61
1986,1986,7,41
1987,1987,7,33
1988,1988,7,66
1989,1989,8,93
1990,1990,8,50
1991,1991,8,46
1992,1992,8,37
1993,1993,9,39
1994,1994,9,47
1995,1995,9,21
1996,1996,9,94
1997,1997,10,45
1998,1998,10,42
1999,1999,10,32
2000,2000,10,54
2001,2001,11,48
2002,2002,11,27
2003,2003,11,40
2004,2004,11,42
2005,2005,12,83
2006,2006,12,32
2007,2007,12,34
2008,2008,12,40
2009,2009,13,60
2010,2010,13,55
2011,2011,13,60
2012,2012,13,84
2013,2013,14,70
2014,2014,14,42
2015,2015,14,30
2016,2016,14,65
2017,2017,15,86
2018,2018,15,75
2019,2019,15,29
2020,2020,15,87
2021,2021,16,66
2022,2022,16,46
2023,2023,16,34
2024,2024,16,39
2025,2025,17,36
2026,2026,17,41
2027,2027,17,30
2028,2028,17,101
2029,2029,18,120
2030,2030,18,53
2031,2031,18,51
2032,2032,18,53
2033,2033,19,51
2034,2034,19,31
2035,2035,19,24
2036,2036,19,35
2037,2037,20,81
2038,2038,20,65
2039,2039,20,26
2040,2040,20,53
2041,2041,21,20
2042,2042,21,13
2043,2043,21,52
2044,2044,21,61
2045,2045,22,53
2046,2046,22,43
2047,2047,22,37
2048,2048,22,43
2049,2049,23,31
2050,2050,23,63
2051,2051,23,37
2052,2052,23,72
2053,2053,24,54
2054,2054,24,58
2055,2055,24,39
2056,2056,24,30
2057,2057,25,106
2058,2058,25,32
2059,2059,25,53
2060,2060,25,36
2061,2061,26,80
2062,2062,26,43
2063,2063,26,54
2064,2064,26,80
2065,2065,27,33
2066,2066,27,30
2067,2067,27,50
2068,2068,27,40
2069,2069,28,43
2070,2070,28,20
2071,2071,28,47
2072,2072,28,44
2073,2073,29,121
2074,2074,29,51
2075,2075,29,32
2076,2076,29,87
2077,2077,30,52
2078,2078,30,38
2079,2079,30,77
2080,2080,30,59
2081,2081,31,56
2082,2082,31,111
2083,2083,31,51
2084,2084,31,41
2085,2085,32,54
2086,2086,32,48
2087,2087,32,25
2088,2088,32,80
2089,2089,33,48
2090,2090,33,74
2091,2091,33,39
2092,2092,33,44
2093,2093,34,50
2094,2094,34,62
2095,2095,34,36
2096,2096,34,64
2097,2097,35,53
2098,2098,35,46
2099,2099,35,15
2100,2100,35,48
2101,2101,1,85
2102,2102,1,109
2103,2103,1,42
2104,2104,1,79
2105,2105,2,103
2106,2106,2,62
2107,2107,2,63
2108,2108,2,73
2109,2109,3,107
2110,2110,3,111
2111,2111,3,67
2112,2112,3,38
2113,2113,4,54
2114,2114,4,67
2115,2115,4,40
2116,2116,4,105
2117,2117,5,137
2118,2118,5,54
2119,2119,5,55
2120,2120,5,24
2121,2121,6,79
2122,2122,6,58
2123,2123,6,46
2124,2124,6,84
2125,2125,7,37
2126,2126,7,72
2127,2127,7,48
2128,2128,7,41
2129,2129,8,90
2130,2130,8,25
2131,2131,8,35
2132,2132,8,63
2133,2133,9,61
2134,2134,9,66
2135,2135,9,31
2136,2136,9,54
2137,2137,10,49
2138,2138,10,36
2139,2139,10,42
2140,2140,10,74
2141,2141,11,64
2142,2142,11,75
2143,2143,11,49
2144,2144,11,75
2145,2145,12,35
2146,2146,12,22
2147,2147,12,76
2148,2148,12,107
2149,2149,13,91
2150,2150,13,41
2151,2151,13,41
2152,2152,13,43
2153,2153,14,81
2154,2154,14,53
2155,2155,14,45
2156,2156,14,47
2157,2157,15,88
2158,2158,15,68
2159,2159,15,39
2160,2160,15,28
2161,2161,16,20
2162,2162,16,49
2163,2163,16,47
2164,2164,16,76
2165,2165,17,113
2166,2166,17,52
2167,2167,17,40
2168,2168,17,33
2169,2169,18,98
2170,2170,18,25
2171,2171,18,36
2172,2172,18,68
2173,2173,19,45
2174,2174,19,29
2175,2175,19,38
2176,2176,19,67
2177,2177,20,121
2178,2178,20,43
2179,2179,20,20
2180,2180,20,26
2181,2181,21,95
2182,2182,21,32
2183,2183,21,44
2184,2184,21,104
2185,2185,22,56
2186,2186,22,49
2187,2187,22,27
2188,2188,22,41
2189,2189,23,91
2190,2190,23,85
2191,2191,23,58
2192,2192,23,50
2193,2193,24,94
2194,2194,24,50
2195,2195,24,39
2196,2196,24,38
2197,2197,25,63
2198,2198,25,46
2199,2199,25,34
2200,2200,25,46
2201,2201,26,43
2202,2202,26,66
2203,2203,26,84
2204,2204,26,74
2205,2205,27,118
2206,2206,27,56
2207,2207,27,36
2208,2208,27,33
2209,2209,28,109
2210,2210,28,61
2211,2211,28,49
2212,2212,28,79
2213,2213,29,106
2214,2214,29,73
2215,2215,29,26
2216,2216,29,46
2217,2217,30,99
2218,2218,30,52
2219,2219,30,52
2220,2220,30,70
2221,2221,31,109
2222,2222,31,56
2223,2223,31,25
2224,2224,31,33
2225,2225,32,91
2226,2226,32,23
2227,2227,32,19
2228,2228,32,63
2229,2229,33,95
2230,2230,33,72
2231,2231,33,38
2232,2232,33,52
2233,2233,34,94
2234,2234,34,24
2235,2235,34,24
2236,2236,34,53
2237,2237,35,46
2238,2238,35,53
2239,2239,35,39
2240,2240,35,65
2241,2241,1,88
2242,2242,1,55
2243,2243,1,119
2244,2244,1,59
2245,2245,2,97
2246,2246,2,75
2247,2247,2,46
2248,2248,2,127
2249,2249,3,55
2250,2250,3,105
2251,2251,3,30
2252,2252,3,63
2253,2253,4,111
2254,2254,4,96
2255,2255,4,30
2256,2256,4,48
2257,2257,5,149
2258,2258,5,61
2259,2259,5,49
2260,2260,5,101
2261,2261,6,83
2262,2262,6,63
2263,2263,6,16
2264,2264,6,124
2265,2265,7,74
2266,2266,7,104
2267,2267,7,30
2268,2268,7,65
2269,2269,8,122
2270,2270,8,69
2271,2271,8,41
2272,2272,8,29
2273,2273,9,84
2274,2274,9,33
2275,2275,9,45
2276,2276,9,77
2277,2277,10,93
2278,2278,10,55
2279,2279,10,40
2280,2280,10,83
2281,2281,11,137
2282,2282,11,75
2283,2283,11,46
2284,2284,11,73
2285,2285,12,67
2286,2286,12,61
2287,2287,12,15
2288,2288,12,92
2289,2289,13,77
2290,2290,13,30
2291,2291,13,60
2292,2292,13,107
2293,2293,14,99
2294,2294,14,41
2295,2295,14,36
2296,2296,14,106
2297,2297,15,103
2298,2298,15,73
2299,2299,15,13
2300,2300,15,53
2301,2301,16,151
2302,2302,16,21
2303,2303,16,64
2304,2304,16,49
2305,2305,17,63
2306,2306,17,48
2307,2307,17,65
2308,2308,17,82
2309,2309,18,157
2310,2310,18,25
2311,2311,18,66
2312,2312,18,73
2313,2313,19,79
2314,2314,19,98
2315,2315,19,48
2316,2316,19,92
2317,2317,20,68
2318,2318,20,66
2319,2319,20,24
2320,2320,20,157
2321,2321,21,80
2322,2322,21,68
2323,2323,21,47
2324,2324,21,77
2325,2325,22,147
2326,2326,22,25
2327,2327,22,40
2328,2328,22,12
2329,2329,23,36
2330,2330,23,71
2331,2331,23,48
2332,2332,23,28
2333,2333,24,100
2334,2334,24,61
2335,2335,24,71
2336,2336,24,62
2337,2337,25,118
2338,2338,25,87
2339,2339,25,77
2340,2340,25,47
2341,2341,26,62
2342,2342,26,60
2343,2343,26,59
2344,2344,26,63
2345,2345,27,97
2346,2346,27,74
2347,2347,27,57
2348,2348,27,74
2349,2349,28,128
2350,2350,28,46
2351,2351,28,27
2352,2352,28,133
2353,2353,29,85
2354,2354,29,47
2355,2355,29,44
2356,2356,29,62
2357,2357,30,91
2358,2358,30,92
2359,2359,30,33
2360,2360,30,38
2361,2361,31,102
2362,2362,31,61
2363,2363,31,67
2364,2364,31,44
2365,2365,32,120
2366,2366,32,71
2367,2367,32,31
2368,2368,32,81
2369,2369,33,89
2370,2370,33,64
2371,2371,33,51
2372,2372,33,62
2373,2373,34,102
2374,2374,34,75
2375,2375,34,68
2376,2376,34,76
2377,2377,35,72
2378,2378,35,26
2379,2379,35,73
2380,2380,35,74
2381,2381,1,65
2382,2382,1,75
2383,2383,1,27
2384,2384,1,48
2385,2385,2,70
2386,2386,2,81
2387,2387,2,56
2388,2388,2,84
2389,2389,3,71
2390,2390,3,54
2391,2391,3,81
2392,2392,3,109
2393,2393,4,178
2394,2394,4,112
2395,2395,4,39
2396,2396,4,36
2397,2397,5,127
2398,2398,5,44
2399,2399,5,77
2400,2400,5,61
2401,2401,6,114
2402,2402,6,62
2403,2403,6,43
2404,2404,6,123
2405,2405,7,103
2406,2406,7,78
2407,2407,7,44
2408,2408,7,37
2409,2409,8,142
2410,2410,8,130
2411,2411,8,77
2412,2412,8,112
2413,2413,9,148
2414,2414,9,86
2415,2415,9,104
2416,2416,9,44
2417,2417,10,121
2418,2418,10,110
2419,2419,10,30
2420,2420,10,96
2421,2421,11,142
2422,2422,11,61
2423,2423,11,26
2424,2424,11,87
2425,2425,12,102
2426,2426,12,48
2427,2427,12,111
2428,2428,12,89
2429,2429,13,108
2430,2430,13,115
2431,2431,13,28
2432,2432,13,143
2433,2433,14,136
2434,2434,14,47
2435,2435,14,43
2436,2436,14,56
2437,2437,15,105
2438,2438,15,79
2439,2439,15,110
2440,2440,15,53
2441,2441,16,86
2442,2442,16,117
2443,2443,16,27
2444,2444,16,99
2445,2445,17,92
2446,2446,17,95
2447,2447,17,52
2448,2448,17,85
2449,2449,18,129
2450,2450,18,64
2451,2451,18,100
2452,2452,18,47
2453,2453,19,73
2454,2454,19,62
2455,2455,19,100
2456,2456,19,28
2457,2457,20,131
2458,2458,20,59
2459,2459,20,32
2460,2460,20,132
2461,2461,21,69
2462,2462,21,83
2463,2463,21,74
2464,2464,21,98
2465,2465,22,95
2466,2466,22,95
2467,2467,22,79
2468,2468,22,74
2469,2469,23,125
2470,2470,23,44
2471,2471,23,53
2472,2472,23,150
2473,2473,24,78
2474,2474,24,98
2475,2475,24,48
2476,2476,24,59
2477,2477,25,77
2478,2478,25,85
2479,2479,25,58
2480,2480,25,71
2481,2481,26,228
2482,2482,26,90
2483,2483,26,63
2484,2484,26,99
2485,2485,27,40
2486,2486,27,152
2487,2487,27,69
2488,2488,27,87
2489,2489,28,79
2490,2490,28,80
2491,2491,28,59
2492,2492,28,92
2493,2493,29,116
2494,2494,29,139
2495,2495,29,64
2496,2496,29,98
2497,2497,30,187
2498,2498,30,91
2499,2499,30,74
2500,2500,30,133
2501,2501,31,122
2502,2502,31,131
2503,2503,31,63
2504,2504,31,109
2505,2505,32,67
2506,2506,32,143
2507,2507,32,81
2508,2508,32,76
2509,2509,33,142
2510,2510,33,74
2511,2511,33,21
2512,2512,33,93
2513,2513,34,111
2514,2514,34,62
2515,2515,34,99
2516,2516,34,38
2517,2517,35,154
2518,2518,35,96
2519,2519,35,18
2520,2520,35,84
2521,2521,1,211
2522,2522,1,117
2523,2523,1,79
2524,2524,1,74
2525,2525,2,142
2526,2526,2,67
2527,2527,2,128
2528,2528,2,53
2529,2529,3,83
2530,2530,3,54
2531,2531,3,58
2532,2532,3,163
2533,2533,4,108
2534,2534,4,106
2535,2535,4,70
2536,2536,4,144
2537,2537,5,106
2538,2538,5,103
2539,2539,5,55
2540,2540,5,139
2541,2541,6,107
2542,2542,6,71
2543,2543,6,75
2544,2544,6,106
2545,2545,7,61
2546,2546,7,101
2547,2547,7,73
2548,2548,7,188
2549,2549,8,113
2550,2550,8,74
2551,2551,8,57
2552,2552,8,102
2553,2553,9,110
2554,2554,9,58
2555,2555,9,42
2556,2556,9,182
2557,2557,10,155
2558,2558,10,126
2559,2559,10,120
2560,2560,10,151
2561,2561,11,67
2562,2562,11,113
2563,2563,11,133
2564,2564,11,58
2565,2565,12,191
2566,2566,12,149
2567,2567,12,129
2568,2568,12,87
2569,2569,13,137
2570,2570,13,36
2571,2571,13,54
2572,2572,13,73
2573,2573,14,38
2574,2574,14,140
2575,2575,14,63
2576,2576,14,150
2577,2577,15,153
2578,2578,15,119
2579,2579,15,73
2580,2580,15,61
2581,2581,16,156
2582,2582,16,39
2583,2583,16,31
2584,2584,16,149
2585,2585,17,148
2586,2586,17,151
2587,2587,17,53
2588,2588,17,60
2589,2589,18,124
2590,2590,18,77
2591,2591,18,65
2592,2592,18,144
2593,2593,19,120
2594,2594,19,111
2595,2595,19,56
2596,2596,19,143
2597,2597,20,113
2598,2598,20,43
2599,2599,20,84
2600,2600,20,166
2601,2601,21,85
2602,2602,21,59
2603,2603,21,129
2604,2604,21,80
2605,2605,22,131
2606,2606,22,36
2607,2607,22,25
2608,2608,22,121
2609,2609,23,82
2610,2610,23,57
2611,2611,23,61
2612,2612,23,47
2613,2613,24,97
2614,2614,24,79
2615,2615,24,28
2616,2616,24,76
2617,2617,25,192
2618,2618,25,64
2619,2619,25,66
2620,2620,25,104
2621,2621,26,145
2622,2622,26,103
2623,2623,26,48
2624,2624,26,139
2625,2625,27,87
2626,2626,27,43
2627,2627,27,92
2628,2628,27,61
2629,2629,28,113
2630,2630,28,180
2631,2631,28,80
2632,2632,28,162
2633,2633,29,198
2634,2634,29,85
2635,2635,29,57
2636,2636,29,143
2637,2637,30,108
2638,2638,30,42
2639,2639,30,62
2640,2640,30,106
2641,2641,31,140
2642,2642,31,83
2643,2643,31,40
2644,2644,31,131
2645,2645,32,62
2646,2646,32,63
2647,2647,32,92
2648,2648,32,52
2649,2649,33,127
2650,2650,33,79
2651,2651,33,46
2652,2652,33,53
2653,2653,34,176
2654,2654,34,51
2655,2655,34,102
2656,2656,34,131
2657,2657,35,155
2658,2658,35,67
2659,2659,35,78
2660,2660,35,89
2661,2661,1,96
2662,2662,1,50
2663,2663,1,68
2664,2664,1,58
2665,2665,2,109
2666,2666,2,56
2667,2667,2,41
2668,2668,2,68
2669,2669,3,149
2670,2670,3,111
2671,2671,3,100
2672,2672,3,69
2673,2673,4,174
2674,2674,4,97
2675,2675,4,101
2676,2676,4,70
2677,2677,5,43
2678,2678,5,97
2679,2679,5,95
2680,2680,5,69
2681,2681,6,124
2682,2682,6,48
2683,2683,6,67
2684,2684,6,87
2685,2685,7,242
2686,2686,7,69
2687,2687,7,81
2688,2688,7,60
2689,2689,8,152
2690,2690,8,59
2691,2691,8,94
2692,2692,8,51
2693,2693,9,94
2694,2694,9,57
2695,2695,9,59
2696,2696,9,118
2697,2697,10,104
2698,2698,10,120
2699,2699,10,39
2700,2700,10,77
2701,2701,11,125
2702,2702,11,109
2703,2703,11,94
2704,2704,11,59
2705,2705,12,117
2706,2706,12,135
2707,2707,12,90
2708,2708,12,74
2709,2709,13,73
2710,2710,13,58
2711,2711,13,83
2712,2712,13,58
2713,2713,14,175
2714,2714,14,105
2715,2715,14,32
2716,2716,14,70
2717,2717,15,150
2718,2718,15,97
2719,2719,15,46
2720,2720,15,174
2721,2721,16,200
2722,2722,16,56
2723,2723,16,64
2724,2724,16,103
2725,2725,17,109
2726,2726,17,69
2727,2727,17,149
2728,2728,17,93
2729,2729,18,143
2730,2730,18,115
2731,2731,18,21
2732,2732,18,176
2733,2733,19,199
2734,2734,19,66
2735,2735,19,38
2736,2736,19,107
2737,2737,20,78
2738,2738,20,76
2739,2739,20,80
2740,2740,20,57
2741,2741,21,122
2742,2742,21,125
2743,2743,21,40
2744,2744,21,74
2745,2745,22,163
2746,2746,22,51
2747,2747,22,48
2748,2748,22,97
2749,2749,23,160
2750,2750,23,134
2751,2751,23,62
2752,2752,23,71
2753,2753,24,108
2754,2754,24,86
2755,2755,24,67
2756,2756,24,109
2757,2757,25,60
2758,2758,25,133
2759,2759,25,42
2760,2760,25,117
2761,2761,26,111
2762,2762,26,106
2763,2763,26,139
2764,2764,26,55
2765,2765,27,159
2766,2766,27,71
2767,2767,27,111
2768,2768,27,76
2769,2769,28,144
2770,2770,28,66
2771,2771,28,46
2772,2772,28,83
2773,2773,29,156
2774,2774,29,87
2775,2775,29,46
2776,2776,29,166
2777,2777,30,182
2778,2778,30,48
2779,2779,30,58
2780,2780,30,78
2781,2781,31,102
2782,2782,31,81
2783,2783,31,67
2784,2784,31,77
2785,2785,32,86
2786,2786,32,62
2787,2787,32,47
2788,2788,32,73
2789,2789,33,108
2790,2790,33,107
2791,2791,33,68
2792,2792,33,107
2793,2793,34,69
2794,2794,34,72
2795,2795,34,117
2796,2796,34,75
2797,2797,35,116
2798,2798,35,134
2799,2799,35,51
2800,2800,35,103
2801,2801,1,105
2802,2802,1,46
2803,2803,1,43
2804,2804,1,23
2805,2805,2,26
2806,2806,2,27
2807,2807,2,10
2808,2808,2,88
2809,2809,3,84
2810,2810,3,31
2811,2811,3,58
2812,2812,3,57
2813,2813,4,44
2814,2814,4,56
2815,2815,4,45
2816,2816,4,25
2817,2817,5,66
2818,2818,5,34
2819,2819,5,34
2820,2820,5,36
2821,2821,6,49
2822,2822,6,52
2823,2823,6,40
2824,2824,6,35
2825,2825,7,57
2826,2826,7,67
2827,2827,7,40
2828,2828,7,83
2829,2829,8,85
2830,2830,8,15
2831,2831,8,28
2832,2832,8,62
2833,2833,9,93
2834,2834,9,32
2835,2835,9,39
2836,2836,9,67
2837,2837,10,63
2838,2838,10,19
2839,2839,10,14
2840,2840,10,78
2841,2841,11,67
2842,2842,11,39
2843,2843,11,56
2844,2844,11,53
2845,2845,12,53
2846,2846,12,52
2847,2847,12,50
2848,2848,12,72
2849,2849,13,58
2850,2850,13,71
2851,2851,13,39
2852,2852,13,45
2853,2853,14,71
2854,2854,14,23
2855,2855,14,28
2856,2856,14,36
2857,2857,15,34
2858,2858,15,37
2859,2859,15,29
2860,2860,15,40
2861,2861,16,37
2862,2862,16,49
2863,2863,16,26
2864,2864,16,66
2865,2865,17,30
2866,2866,17,43
2867,2867,17,22
2868,2868,17,15
2869,2869,18,52
2870,2870,18,43
2871,2871,18,64
2872,2872,18,52
2873,2873,19,55
2874,2874,19,36
2875,2875,19,40
2876,2876,19,37
2877,2877,20,70
2878,2878,20,54
2879,2879,20,28
2880,2880,20,68
2881,2881,21,82
2882,2882,21,67
2883,2883,21,27
2884,2884,21,59
2885,2885,22,134
2886,2886,22,23
2887,2887,22,48
2888,2888,22,90
2889,2889,23,39
2890,2890,23,71
2891,2891,23,65
2892,2892,23,75
2893,2893,24,43
2894,2894,24,43
2895,2895,24,20
2896,2896,24,51
2897,2897,25,56
2898,2898,25,49
2899,2899,25,38
2900,2900,25,54
2901,2901,26,56
2902,2902,26,62
2903,2903,26,28
2904,2904,26,32
2905,2905,27,30
2906,2906,27,71
2907,2907,27,47
2908,2908,27,83
2909,2909,28,41
2910,2910,28,72
2911,2911,28,20
2912,2912,28,103
2913,2913,29,75
2914,2914,29,44
2915,2915,29,35
2916,2916,29,59
2917,2917,30,97
2918,2918,30,48
2919,2919,30,24
2920,2920,30,39
2921,2921,31,70
2922,2922,31,51
2923,2923,31,37
2924,2924,31,51
2925,2925,32,106
2926,2926,32,35
2927,2927,32,22
2928,2928,32,69
2929,2929,33,53
2930,2930,33,22
2931,2931,33,53
2932,2932,33,76
2933,2933,34,95
2934,2934,34,81
2935,2935,34,43
2936,2936,34,56
2937,2937,35,24
2938,2938,35,54
2939,2939,35,24
2940,2940,35,47
2941,2941,1,60
2942,2942,1,50
2943,2943,1,30
2944,2944,1,36
2945,2945,2,63
2946,2946,2,99
2947,2947,2,30
2948,2948,2,65
2949,2949,3,42
2950,2950,3,53
2951,2951,3,43
2952,2952,3,57
2953,2953,4,60
2954,2954,4,33
2955,2955,4,52
2956,2956,4,61
2957,2957,5,88
2958,2958,5,53
2959,2959,5,51
2960,2960,5,38
2961,2961,6,14
2962,2962,6,55
2963,2963,6,21
2964,2964,6,53
2965,2965,7,78
2966,2966,7,49
2967,2967,7,13
2968,2968,7,32
2969,2969,8,59
2970,2970,8,61
2971,2971,8,36
2972,2972,8,47
2973,2973,9,55
2974,2974,9,37
2975,2975,9,41
2976,2976,9,68
2977,2977,10,92
2978,2978,10,50
2979,2979,10,51
2980,2980,10,29
2981,2981,11,70
2982,2982,11,50
2983,2983,11,38
2984,2984,11,86
2985,2985,12,91
2986,2986,12,57
2987,2987,12,48
2988,2988,12,56
2989,2989,13,60
2990,2990,13,34
2991,2991,13,118
2992,2992,13,50
2993,2993,14,74
2994,2994,14,81
2995,2995,14,37
2996,2996,14,56
2997,2997,15,49
2998,2998,15,71
2999,2999,15,24
3000,3000,15,62
3001,3001,16,86
3002,3002,16,25
3003,3003,16,44
3004,3004,16,41
3005,3005,17,100
3006,3006,17,59
3007,3007,17,42
3008,3008,17,19
3009,3009,18,82
3010,3010,18,67
3011,3011,18,38
3012,3012,18,62
3013,3013,19,45
3014,3014,19,19
3015,3015,19,25
3016,3016,19,37
3017,3017,20,38
3018,3018,20,83
3019,3019,20,21
3020,3020,20,40
3021,3021,21,97
3022,3022,21,54
3023,3023,21,62
3024,3024,21,58
3025,3025,22,35
3026,3026,22,40
3027,3027,22,25
3028,3028,22,56
3029,3029,23,96
3030,3030,23,62
3031,3031,23,68
3032,3032,23,131
3033,3033,24,39
3034,3034,24,33
3035,3035,24,45
3036,3036,24,44
3037,3037,25,52
3038,3038,25,32
3039,3039,25,22
3040,3040,25,50
3041,3041,26,75
3042,3042,26,72
3043,3043,26,41
3044,3044,26,58
3045,3045,27,56
3046,3046,27,85
3047,3047,27,54
3048,3048,27,65
3049,3049,28,89
3050,3050,28,34
3051,3051,28,29
3052,3052,28,64
3053,3053,29,99
3054,3054,29,29
3055,3055,29,26
3056,3056,29,53
3057,3057,30,64
3058,3058,30,18
3059,3059,30,19
3060,3060,30,54
3061,3061,31,36
3062,3062,31,49
3063,3063,31,56
3064,3064,31,45
3065,3065,32,41
3066,3066,32,91
3067,3067,32,38
3068,3068,32,32
3069,3069,33,29
3070,3070,33,42
3071,3071,33,35
3072,3072,33,70
3073,3073,34,66
3074,3074,34,64
3075,3075,34,52
3076,3076,34,79
3077,3077,35,84
3078,3078,35,26
3079,3079,35,36
3080,3080,35,54
3081,3081,1,115
3082,3082,1,84
3083,3083,1,28
3084,3084,1,51
3085,3085,2,118
3086,3086,2,38
3087,3087,2,30
3088,3088,2,46
3089,3089,3,73
3090,3090,3,20
3091,3091,3,44
3092,3092,3,89
3093,3093,4,71
3094,3094,4,39
3095,3095,4,46
3096,3096,4,52
3097,3097,5,57
3098,3098,5,33
3099,3099,5,62
3100,3100,5,87
3101,3101,6,143
3102,3102,6,62
3103,3103,6,49
3104,3104,6,101
3105,3105,7,42
3106,3106,7,80
3107,3107,7,58
3108,3108,7,52
3109,3109,8,55
3110,3110,8,61
3111,3111,8,19
3112,3112,8,115
3113,3113,9,89
3114,3114,9,66
3115,3115,9,31
3116,3116,9,78
3117,3117,10,110
3118,3118,10,57
3119,3119,10,38
3120,3120,10,88
3121,3121,11,115
3122,3122,11,90
3123,3123,11,40
3124,3124,11,33
3125,3125,12,49
3126,3126,12,94
3127,3127,12,32
3128,3128,12,49
3129,3129,13,91
3130,3130,13,63
3131,3131,13,96
3132,3132,13,41
3133,3133,14,96
3134,3134,14,33
3135,3135,14,42
3136,3136,14,33
3137,3137,15,84
3138,3138,15,129
3139,3139,15,60
3140,3140,15,65
3141,3141,16,80
3142,3142,16,39
3143,3143,16,16
3144,3144,16,35
3145,3145,17,85
3146,3146,17,61
3147,3147,17,39
3148,3148,17,83
3149,3149,18,59
3150,3150,18,40
3151,3151,18,29
3152,3152,18,58
3153,3153,19,89
3154,3154,19,91
3155,3155,19,54
3156,3156,19,30
3157,3157,20,58
3158,3158,20,44
3159,3159,20,72
3160,3160,20,62
3161,3161,21,66
3162,3162,21,29
3163,3163,21,62
3164,3164,21,117
3165,3165,22,143
3166,3166,22,95
3167,3167,22,42
3168,3168,22,40
3169,3169,23,82
3170,3170,23,62
3171,3171,23,10
3172,3172,23,73
3173,3173,24,89
3174,3174,24,57
3175,3175,24,60
3176,3176,24,76
3177,3177,25,50
3178,3178,25,41
3179,3179,25,47
3180,3180,25,37
3181,3181,26,91
3182,3182,26,48
3183,3183,26,54
3184,3184,26,100
3185,3185,27,101
3186,3186,27,28
3187,3187,27,51
3188,3188,27,27
3189,3189,28,64
3190,3190,28,43
3191,3191,28,53
3192,3192,28,77
3193,3193,29,72
3194,3194,29,69
3195,3195,29,42
3196,3196,29,62
3197,3197,30,84
3198,3198,30,112
3199,3199,30,24
3200,3200,30,32
3201,3201,31,79
3202,3202,31,39
3203,3203,31,32
3204,3204,31,26
3205,3205,32,70
3206,3206,32,47
3207,3207,32,74
3208,3208,32,29
3209,3209,33,83
3210,3210,33,75
3211,3211,33,42
3212,3212,33,46
3213,3213,34,57
3214,3214,34,71
3215,3215,34,30
3216,3216,34,118
3217,3217,35,98
3218,3218,35,38
3219,3219,35,23
3220,3220,35,53
3221,3221,1,92
3222,3222,1,85
3223,3223,1,58
3224,3224,1,37
3225,3225,2,93
3226,3226,2,12
3227,3227,2,37
3228,3228,2,47
3229,3229,3,76
3230,3230,3,46
3231,3231,3,55
3232,3232,3,48
3233,3233,4,159
3234,3234,4,81
3235,3235,4,21
3236,3236,4,48
3237,3237,5,65
3238,3238,5,76
3239,3239,5,40
3240,3240,5,69
3241,3241,6,56
3242,3242,6,105
3243,3243,6,27
3244,3244,6,77
3245,3245,7,75
3246,3246,7,85
3247,3247,7,48
3248,3248,7,83
3249,3249,8,65
3250,3250,8,42
3251,3251,8,26
3252,3252,8,112
3253,3253,9,112
3254,3254,9,75
3255,3255,9,79
3256,3256,9,90
3257,3257,10,51
3258,3258,10,52
3259,3259,10,29
3260,3260,10,48
3261,3261,11,51
3262,3262,11,22
3263,3263,11,24
3264,3264,11,85
3265,3265,12,100
3266,3266,12,81
3267,3267,12,55
3268,3268,12,48
3269,3269,13,81
3270,3270,13,45
3271,3271,13,66
3272,3272,13,47
3273,3273,14,78
3274,3274,14,72
3275,3275,14,34
3276,3276,14,49
3277,3277,15,81
3278,3278,15,38
3279,3279,15,34
3280,3280,15,114
3281,3281,16,84
3282,3282,16,50
3283,3283,16,52
3284,3284,16,63
3285,3285,17,63
3286,3286,17,54
3287,3287,17,28
3288,3288,17,93
3289,3289,18,43
3290,3290,18,57
3291,3291,18,63
3292,3292,18,72
3293,3293,19,125
3294,3294,19,64
3295,3295,19,58
3296,3296,19,76
3297,3297,20,77
3298,3298,20,42
3299,3299,20,42
3300,3300,20,72
3301,3301,21,75
3302,3302,21,59
3303,3303,21,29
3304,3304,21,61
3305,3305,22,42
3306,3306,22,51
3307,3307,22,21
3308,3308,22,70
3309,3309,23,71
3310,3310,23,63
3311,3311,23,51
3312,3312,23,98
3313,3313,24,87
3314,3314,24,44
3315,3315,24,41
3316,3316,24,56
3317,3317,25,102
3318,3318,25,27
3319,3319,25,68
3320,3320,25,80
3321,3321,26,49
3322,3322,26,46
3323,3323,26,59
3324,3324,26,139
3325,3325,27,85
3326,3326,27,79
3327,3327,27,60
3328,3328,27,136
3329,3329,28,128
3330,3330,28,92
3331,3331,28,38
3332,3332,28,30
3333,3333,29,61
3334,3334,29,35
3335,3335,29,53
3336,3336,29,60
3337,3337,30,131
3338,3338,30,75
3339,3339,30,48
3340,3340,30,49
3341,3341,31,76
3342,3342,31,59
3343,3343,31,130
3344,3344,31,118
3345,3345,32,127
3346,3346,32,43
3347,3347,32,44
3348,3348,32,79
3349,3349,33,74
3350,3350,33,38
3351,3351,33,51
3352,3352,33,56
3353,3353,34,84
3354,3354,34,79
3355,3355,34,21
3356,3356,34,69
3357,3357,35,65
3358,3358,35,20
3359,3359,35,49
3360,3360,35,74
3361,3361,1,70
3362,3362,1,58
3363,3363,1,91
3364,3364,1,134
3365,3365,2,143
3366,3366,2,57
3367,3367,2,65
3368,3368,2,137
3369,3369,3,108
3370,3370,3,84
3371,3371,3,82
3372,3372,3,105
3373,3373,4,62
3374,3374,4,91
3375,3375,4,46
3376,3376,4,75
3377,3377,5,85
3378,3378,5,68
3379,3379,5,55
3380,3380,5,116
3381,3381,6,100
3382,3382,6,64
3383,3383,6,79
3384,3384,6,41
3385,3385,7,174
3386,3386,7,99
3387,3387,7,48
3388,3388,7,79
3389,3389,8,126
3390,3390,8,65
3391,3391,8,52
3392,3392,8,73
3393,3393,9,163
3394,3394,9,48
3395,3395,9,95
3396,3396,9,77
3397,3397,10,65
3398,3398,10,47
3399,3399,10,80
3400,3400,10,72
3401,3401,11,71
3402,3402,11,91
3403,3403,11,41
3404,3404,11,144
3405,3405,12,89
3406,3406,12,66
3407,3407,12,101
3408,3408,12,113
3409,3409,13,92
3410,3410,13,64
3411,3411,13,51
3412,3412,13,57
3413,3413,14,94
3414,3414,14,89
3415,3415,14,72
3416,3416,14,56
3417,3417,15,90
3418,3418,15,47
3419,3419,15,60
3420,3420,15,60
3421,3421,16,120
3422,3422,16,62
3423,3423,16,76
3424,3424,16,80
3425,3425,17,126
3426,3426,17,61
3427,3427,17,80
3428,3428,17,73
3429,3429,18,120
3430,3430,18,38
3431,3431,18,45
3432,3432,18,61
3433,3433,19,113
3434,3434,19,53
3435,3435,19,102
3436,3436,19,96
3437,3437,20,136
3438,3438,20,89
3439,3439,20,69
3440,3440,20,57
3441,3441,21,107
3442,3442,21,82
3443,3443,21,41
3444,3444,21,182
3445,3445,22,84
3446,3446,22,64
3447,3447,22,76
3448,3448,22,73
3449,3449,23,70
3450,3450,23,49
3451,3451,23,54
3452,3452,23,61
3453,3453,24,108
3454,3454,24,59
3455,3455,24,33
3456,3456,24,71
3457,3457,25,125
3458,3458,25,33
3459,3459,25,23
3460,3460,25,48
3461,3461,26,150
3462,3462,26,69
3463,3463,26,47
3464,3464,26,81
3465,3465,27,114
3466,3466,27,55
3467,3467,27,62
3468,3468,27,108
3469,3469,28,79
3470,3470,28,103
3471,3471,28,92
3472,3472,28,117
3473,3473,29,96
3474,3474,29,88
3475,3475,29,86
3476,3476,29,107
3477,3477,30,169
3478,3478,30,41
3479,3479,30,41
3480,3480,30,126
3481,3481,31,107
3482,3482,31,58
3483,3483,31,49
3484,3484,31,105
3485,3485,32,86
3486,3486,32,53
3487,3487,32,69
3488,3488,32,43
3489,3489,33,188
3490,3490,33,76
3491,3491,33,67
3492,3492,33,51
3493,3493,34,100
3494,3494,34,81
3495,3495,34,47
3496,3496,34,63
3497,3497,35,205
3498,3498,35,12
3499,3499,35,78
3500,3500,35,70
3501,3501,1,140
3502,3502,1,22
3503,3503,1,54
3504,3504,1,97
3505,3505,2,37
3506,3506,2,65
3507,3507,2,51
3508,3508,2,48
3509,3509,3,61
3510,3510,3,55
3511,3511,3,56
3512,3512,3,168
3513,3513,4,47
3514,3514,4,75
3515,3515,4,63
3516,3516,4,134
3517,3517,5,54
3518,3518,5,32
3519,3519,5,87
3520,3520,5,55
3521,3521,6,56
3522,3522,6,52
3523,3523,6,59
3524,3524,6,46
3525,3525,7,63
3526,3526,7,62
3527,3527,7,37
3528,3528,7,66
3529,3529,8,86
3530,3530,8,45
3531,3531,8,24
3532,3532,8,63
3533,3533,9,64
3534,3534,9,69
3535,3535,9,27
3536,3536,9,44
3537,3537,10,134
3538,3538,10,73
3539,3539,10,40
3540,3540,10,75
3541,3541,11,70
3542,3542,11,44
3543,3543,11,41
3544,3544,11,58
3545,3545,12,97
3546,3546,12,77
3547,3547,12,38
3548,3548,12,80
3549,3549,13,62
3550,3550,13,54
3551,3551,13,85
3552,3552,13,19
3553,3553,14,58
3554,3554,14,58
3555,3555,14,42
3556,3556,14,112
3557,3557,15,60
3558,3558,15,42
3559,3559,15,87
3560,3560,15,45
3561,3561,16,84
3562,3562,16,124
3563,3563,16,28
3564,3564,16,47
3565,3565,17,88
3566,3566,17,85
3567,3567,17,46
3568,3568,17,48
3569,3569,18,73
3570,3570,18,54
3571,3571,18,29
3572,3572,18,40
3573,3573,19,66
3574,3574,19,17
3575,3575,19,28
3576,3576,19,76
3577,3577,20,111
3578,3578,20,34
3579,3579,20,53
3580,3580,20,97
3581,3581,21,96
3582,3582,21,59
3583,3583,21,22
3584,3584,21,119
3585,3585,22,130
3586,3586,22,49
3587,3587,22,50
3588,3588,22,52
3589,3589,23,76
3590,3590,23,50
3591,3591,23,55
3592,3592,23,52
3593,3593,24,54
3594,3594,24,32
3595,3595,24,34
3596,3596,24,50
3597,3597,25,136
3598,3598,25,89
3599,3599,25,33
3600,3600,25,74
3601,3601,26,86
3602,3602,26,44
3603,3603,26,49
3604,3604,26,46
3605,3605,27,133
3606,3606,27,31
3607,3607,27,101
3608,3608,27,38
3609,3609,28,93
3610,3610,28,47
3611,3611,28,34
3612,3612,28,60
3613,3613,29,112
3614,3614,29,54
3615,3615,29,35
3616,3616,29,56
3617,3617,30,138
3618,3618,30,41
3619,3619,30,37
3620,3620,30,48
3621,3621,31,76
3622,3622,31,77
3623,3623,31,63
3624,3624,31,100
3625,3625,32,91
3626,3626,32,94
3627,3627,32,56
3628,3628,32,60
3629,3629,33,94
3630,3630,33,56
3631,3631,33,40
3632,3632,33,43
3633,3633,34,64
3634,3634,34,47
3635,3635,34,33
3636,3636,34,84
3637,3637,35,33
3638,3638,35,41
3639,3639,35,50
3640,3640,35,62
3641,3641,1,100
3642,3642,1,62
3643,3643,1,45
3644,3644,1,74
3645,3645,2,43
3646,3646,2,43
3647,3647,2,51
3648,3648,2,43
3649,3649,3,63
3650,3650,3,57
3651,3651,3,46
3652,3652,3,47
3653,3653,4,126
3654,3654,4,56
3655,3655,4,55
3656,3656,4,72
3657,3657,5,101
3658,3658,5,52
3659,3659,5,42
3660,3660,5,45
3661,3661,6,102
3662,3662,6,85
3663,3663,6,28
3664,3664,6,41
3665,3665,7,82
3666,3666,7,25
3667,3667,7,59
3668,3668,7,83
3669,3669,8,167
3670,3670,8,45
3671,3671,8,43
3672,3672,8,75
3673,3673,9,103
3674,3674,9,44
3675,3675,9,30
3676,3676,9,128
3677,3677,10,78
3678,3678,10,61
3679,3679,10,89
3680,3680,10,51
3681,3681,11,70
3682,3682,11,69
3683,3683,11,56
3684,3684,11,75
3685,3685,12,89
3686,3686,12,66
3687,3687,12,26
3688,3688,12,96
3689,3689,13,74
3690,3690,13,39
3691,3691,13,24
3692,3692,13,86
3693,3693,14,50
3694,3694,14,77
3695,3695,14,17
3696,3696,14,38
3697,3697,15,89
3698,3698,15,38
3699,3699,15,49
3700,3700,15,79
3701,3701,16,41
3702,3702,16,21
3703,3703,16,67
3704,3704,16,30
3705,3705,17,48
3706,3706,17,57
3707,3707,17,46
3708,3708,17,93
3709,3709,18,65
3710,3710,18,27
3711,3711,18,53
3712,3712,18,34
3713,3713,19,72
3714,3714,19,30
3715,3715,19,24
3716,3716,19,46
3717,3717,20,80
3718,3718,20,71
3719,3719,20,52
3720,3720,20,98
3721,3721,21,68
3722,3722,21,63
3723,3723,21,32
3724,3724,21,21
3725,3725,22,80
3726,3726,22,36
3727,3727,22,57
3728,3728,22,16
3729,3729,23,90
3730,3730,23,63
3731,3731,23,48
3732,3732,23,33
3733,3733,24,54
3734,3734,24,78
3735,3735,24,46
3736,3736,24,49
3737,3737,25,80
3738,3738,25,61
3739,3739,25,29
3740,3740,25,82
3741,3741,26,133
3742,3742,26,60
3743,3743,26,79
3744,3744,26,54
3745,3745,27,84
3746,3746,27,37
3747,3747,27,28
3748,3748,27,85
3749,3749,28,35
3750,3750,28,46
3751,3751,28,59
3752,3752,28,38
3753,3753,29,92
3754,3754,29,47
3755,3755,29,57
3756,3756,29,50
3757,3757,30,62
3758,3758,30,48
3759,3759,30,44
3760,3760,30,28
3761,3761,31,56
3762,3762,31,50
3763,3763,31,37
3764,3764,31,80
3765,3765,32,59
3766,3766,32,33
3767,3767,32,28
3768,3768,32,45
3769,3769,33,100
3770,3770,33,42
3771,3771,33,38
3772,3772,33,62
3773,3773,34,119
3774,3774,34,35
3775,3775,34,84
3776,3776,34,51
3777,3777,35,69
3778,3778,35,19
3779,3779,35,73
3780,3780,35,64
3781,3781,1,61
3782,3782,1,21
3783,3783,1,34
3784,3784,1,69
3785,3785,2,25
3786,3786,2,30
3787,3787,2,18
3788,3788,2,44
3789,3789,3,41
3790,3790,3,33
3791,3791,3,22
3792,3792,3,64
3793,3793,4,21
3794,3794,4,9
3795,3795,4,25
3796,3796,4,24
3797,3797,5,47
3798,3798,5,26
3799,3799,5,37
3800,3800,5,31
3801,3801,6,32
3802,3802,6,36
3803,3803,6,18
3804,3804,6,55
3805,3805,7,55
3806,3806,7,38
3807,3807,7,24
3808,3808,7,23
3809,3809,8,28
3810,3810,8,29
3811,3811,8,29
3812,3812,8,35
3813,3813,9,88
3814,3814,9,27
3815,3815,9,13
3816,3816,9,19
3817,3817,10,45
3818,3818,10,20
3819,3819,10,31
3820,3820,10,33
3821,3821,11,44
3822,3822,11,52
3823,3823,11,35
3824,3824,11,52
3825,3825,12,72
3826,3826,12,21
3827,3827,12,36
3828,3828,12,25
3829,3829,13,73
3830,3830,13,42
3831,3831,13,13
3832,3832,13,30
3833,3833,14,26
3834,3834,14,52
3835,3835,14,35
3836,3836,14,40
3837,3837,15,23
3838,3838,15,12
3839,3839,15,21
3840,3840,15,51
3841,3841,16,35
3842,3842,16,35
3843,3843,16,12
3844,3844,16,12
3845,3845,17,35
3846,3846,17,20
3847,3847,17,18
3848,3848,17,27
3849,3849,18,61
3850,3850,18,36
3851,3851,18,43
3852,3852,18,54
3853,3853,19,42
3854,3854,19,21
3855,3855,19,34
3856,3856,19,48
3857,3857,20,43
3858,3858,20,34
3859,3859,20,31
3860,3860,20,31
3861,3861,21,34
3862,3862,21,17
3863,3863,21,23
3864,3864,21,19
3865,3865,22,28
3866,3866,22,34
3867,3867,22,32
3868,3868,22,38
3869,3869,23,58
3870,3870,23,17
3871,3871,23,37
3872,3872,23,62
3873,3873,24,34
3874,3874,24,22
3875,3875,24,34
3876,3876,24,51
3877,3877,25,43
3878,3878,25,42
3879,3879,25,24
3880,3880,25,46
3881,3881,26,42
3882,3882,26,37
3883,3883,26,7
3884,3884,26,37
3885,3885,27,32
3886,3886,27,20
3887,3887,27,21
3888,3888,27,34
3889,3889,28,57
3890,3890,28,18
3891,3891,28,17
3892,3892,28,23
3893,3893,29,20
3894,3894,29,21
3895,3895,29,19
3896,3896,29,32
3897,3897,30,38
3898,3898,30,26
3899,3899,30,12
3900,3900,30,36
3901,3901,31,49
3902,3902,31,24
3903,3903,31,15
3904,3904,31,28
3905,3905,32,35
3906,3906,32,31
3907,3907,32,10
3908,3908,32,19
3909,3909,33,36
3910,3910,33,49
3911,3911,33,12
3912,3912,33,37
3913,3913,34,35
3914,3914,34,23
3915,3915,34,13
3916,3916,34,29
3917,3917,35,40
3918,3918,35,28
3919,3919,35,45
3920,3920,35,43
3921,3921,1,37
3922,3922,1,20
3923,3923,1,17
3924,3924,1,44
3925,3925,2,47
3926,3926,2,21
3927,3927,2,15
3928,3928,2,62
3929,3929,3,61
3930,3930,3,20
3931,3931,3,14
3932,3932,3,41
3933,3933,4,28
3934,3934,4,10
3935,3935,4,14
3936,3936,4,45
3937,3937,5,36
3938,3938,5,38
3939,3939,5,14
3940,3940,5,19
3941,3941,6,25
3942,3942,6,52
3943,3943,6,20
3944,3944,6,29
3945,3945,7,41
3946,3946,7,58
3947,3947,7,20
3948,3948,7,31
3949,3949,8,23
3950,3950,8,53
3951,3951,8,14
3952,3952,8,41
3953,3953,9,33
3954,3954,9,35
3955,3955,9,25
3956,3956,9,27
3957,3957,10,31
3958,3958,10,28
3959,3959,10,44
3960,3960,10,30
3961,3961,11,43
3962,3962,11,22
3963,3963,11,22
3964,3964,11,32
3965,3965,12,57
3966,3966,12,20
3967,3967,12,19
3968,3968,12,34
3969,3969,13,44
3970,3970,13,34
3971,3971,13,37
3972,3972,13,37
3973,3973,14,54
3974,3974,14,27
3975,3975,14,18
3976,3976,14,28
3977,3977,15,16
3978,3978,15,29
3979,3979,15,33
3980,3980,15,23
3981,3981,16,63
3982,3982,16,57
3983,3983,16,34
3984,3984,16,27
3985,3985,17,57
3986,3986,17,38
3987,3987,17,31
3988,3988,17,41
3989,3989,18,61
3990,3990,18,26
3991,3991,18,17
3992,3992,18,45
3993,3993,19,26
3994,3994,19,19
3995,3995,19,30
3996,3996,19,34
3997,3997,20,41
3998,3998,20,18
3999,3999,20,10
4000,4000,20,44
4001,4001,21,69
4002,4002,21,49
4003,4003,21,36
4004,4004,21,11
4005,4005,22,38
4006,4006,22,11
4007,4007,22,21
4008,4008,22,23
4009,4009,23,31
4010,4010,23,7
4011,4011,23,17
4012,4012,23,41
4013,4013,24,71
4014,4014,24,22
4015,4015,24,14
4016,4016,24,36
4017,4017,25,86
4018,4018,25,55
4019,4019,25,15
4020,4020,25,32
4021,4021,26,49
4022,4022,26,19
4023,4023,26,22
4024,4024,26,36
4025,4025,27,42
4026,4026,27,18
4027,4027,27,15
4028,4028,27,45
4029,4029,28,35
4030,4030,28,21
4031,4031,28,19
4032,4032,28,36
4033,4033,29,27
4034,4034,29,29
4035,4035,29,32
4036,4036,29,39
4037,4037,30,28
4038,4038,30,26
4039,4039,30,44
4040,4040,30,20
4041,4041,31,32
4042,4042,31,48
4043,4043,31,20
4044,4044,31,60
4045,4045,32,37
4046,4046,32,19
4047,4047,32,32
4048,4048,32,35
4049,4049,33,47
4050,4050,33,20
4051,4051,33,31
4052,4052,33,14
4053,4053,34,51
4054,4054,34,53
4055,4055,34,18
4056,4056,34,33
4057,4057,35,47
4058,4058,35,17
4059,4059,35,20
4060,4060,35,65
4061,4061,1,19
4062,4062,1,51
4063,4063,1,40
4064,4064,1,31
4065,4065,2,52
4066,4066,2,35
4067,4067,2,13
4068,4068,2,16
4069,4069,3,57
4070,4070,3,42
4071,4071,3,31
4072,4072,3,37
4073,4073,4,40
4074,4074,4,32
4075,4075,4,23
4076,4076,4,48
4077,4077,5,62
4078,4078,5,23
4079,4079,5,29
4080,4080,5,23
4081,4081,6,62
4082,4082,6,29
4083,4083,6,35
4084,4084,6,63
4085,4085,7,94
4086,4086,7,27
4087,4087,7,21
4088,4088,7,26
4089,4089,8,53
4090,4090,8,36
4091,4091,8,17
4092,4092,8,49
4093,4093,9,49
4094,4094,9,54
4095,4095,9,20
4096,4096,9,60
4097,4097,10,35
4098,4098,10,35
4099,4099,10,30
4100,4100,10,72
4101,4101,11,47
4102,4102,11,36
4103,4103,11,29
4104,4104,11,65
4105,4105,12,48
4106,4106,12,28
4107,4107,12,22
4108,4108,12,28
4109,4109,13,27
4110,4110,13,25
4111,4111,13,12
4112,4112,13,28
4113,4113,14,44
4114,4114,14,51
4115,4115,14,30
4116,4116,14,32
4117,4117,15,63
4118,4118,15,26
4119,4119,15,23
4120,4120,15,28
4121,4121,16,63
4122,4122,16,28
4123,4123,16,39
4124,4124,16,57
4125,4125,17,53
4126,4126,17,26
4127,4127,17,22
4128,4128,17,31
4129,4129,18,52
4130,4130,18,71
4131,4131,18,22
4132,4132,18,41
4133,4133,19,52
4134,4134,19,10
4135,4135,19,26
4136,4136,19,28
4137,4137,20,18
4138,4138,20,17
4139,4139,20,38
4140,4140,20,26
4141,4141,21,77
4142,4142,21,39
4143,4143,21,33
4144,4144,21,68
4145,4145,22,47
4146,4146,22,46
4147,4147,22,34
4148,4148,22,33
4149,4149,23,52
4150,4150,23,41
4151,4151,23,21
4152,4152,23,30
4153,4153,24,18
4154,4154,24,31
4155,4155,24,27
4156,4156,24,42
4157,4157,25,39
4158,4158,25,70
4159,4159,25,10
4160,4160,25,56
4161,4161,26,53
4162,4162,26,24
4163,4163,26,12
4164,4164,26,48
4165,4165,27,38
4166,4166,27,54
4167,4167,27,33
4168,4168,27,24
4169,4169,28,50
4170,4170,28,29
4171,4171,28,20
4172,4172,28,37
4173,4173,29,49
4174,4174,29,65
4175,4175,29,18
4176,4176,29,35
4177,4177,30,53
4178,4178,30,42
4179,4179,30,19
4180,4180,30,63
4181,4181,31,65
4182,4182,31,43
4183,4183,31,39
4184,4184,31,37
4185,4185,32,66
4186,4186,32,59
4187,4187,32,29
4188,4188,32,29
4189,4189,33,66
4190,4190,33,41
4191,4191,33,22
4192,4192,33,74
4193,4193,34,25
4194,4194,34,55
4195,4195,34,17
4196,4196,34,77
4197,4197,35,69
4198,4198,35,40
4199,4199,35,29
4200,4200,35,31
4201,4201,1,64
4202,4202,1,32
4203,4203,1,39
4204,4204,1,37
4205,4205,2,35
4206,4206,2,42
4207,4207,2,53
4208,4208,2,22
4209,4209,3,38
4210,4210,3,30
4211,4211,3,50
4212,4212,3,35
4213,4213,4,56
4214,4214,4,40
4215,4215,4,28
4216,4216,4,62
4217,4217,5,38
4218,4218,5,42
4219,4219,5,37
4220,4220,5,50
4221,4221,6,62
4222,4222,6,27
4223,4223,6,20
4224,4224,6,27
4225,4225,7,49
4226,4226,7,38
4227,4227,7,37
4228,4228,7,51
4229,4229,8,84
4230,4230,8,49
4231,4231,8,15
4232,4232,8,34
4233,4233,9,42
4234,4234,9,37
4235,4235,9,29
4236,4236,9,28
4237,4237,10,88
4238,4238,10,30
4239,4239,10,75
4240,4240,10,54
4241,4241,11,53
4242,4242,11,36
4243,4243,11,27
4244,4244,11,45
4245,4245,12,54
4246,4246,12,39
4247,4247,12,34
4248,4248,12,47
4249,4249,13,58
4250,4250,13,32
4251,4251,13,24
4252,4252,13,30
4253,4253,14,84
4254,4254,14,43
4255,4255,14,35
4256,4256,14,17
4257,4257,15,51
4258,4258,15,36
4259,4259,15,46
4260,4260,15,26
4261,4261,16,75
4262,4262,16,26
4263,4263,16,42
4264,4264,16,41
4265,4265,17,46
4266,4266,17,57
4267,4267,17,36
4268,4268,17,41
4269,4269,18,22
4270,4270,18,28
4271,4271,18,33
4272,4272,18,52
4273,4273,19,45
4274,4274,19,33
4275,4275,19,44
4276,4276,19,70
4277,4277,20,56
4278,4278,20,37
4279,4279,20,40
4280,4280,20,31
4281,4281,21,55
4282,4282,21,35
4283,4283,21,51
4284,4284,21,45
4285,4285,22,49
4286,4286,22,21
4287,4287,22,17
4288,4288,22,29
4289,4289,23,56
4290,4290,23,27
4291,4291,23,29
4292,4292,23,31
4293,4293,24,14
4294,4294,24,47
4295,4295,24,41
4296,4296,24,63
4297,4297,25,69
4298,4298,25,62
4299,4299,25,16
4300,4300,25,53
4301,4301,26,53
4302,4302,26,20
4303,4303,26,25
4304,4304,26,47
4305,4305,27,44
4306,4306,27,24
4307,4307,27,28
4308,4308,27,44
4309,4309,28,30
4310,4310,28,83
4311,4311,28,29
4312,4312,28,50
4313,4313,29,21
4314,4314,29,63
4315,4315,29,34
4316,4316,29,50
4317,4317,30,57
4318,4318,30,48
4319,4319,30,40
4320,4320,30,45
4321,4321,31,40
4322,4322,31,33
4323,4323,31,29
4324,4324,31,34
4325,4325,32,59
4326,4326,32,49
4327,4327,32,14
4328,4328,32,55
4329,4329,33,79
4330,4330,33,28
4331,4331,33,7
4332,4332,33,44
4333,4333,34,26
4334,4334,34,68
4335,4335,34,36
4336,4336,34,26
4337,4337,35,43
4338,4338,35,25
4339,4339,35,23
4340,4340,35,42
4341,4341,1,66
4342,4342,1,55
4343,4343,1,25
4344,4344,1,63
4345,4345,2,86
4346,4346,2,73
4347,4347,2,39
4348,4348,2,91
4349,4349,3,56
4350,4350,3,55
4351,4351,3,45
4352,4352,3,71
4353,4353,4,53
4354,4354,4,20
4355,4355,4,17
4356,4356,4,32
4357,4357,5,53
4358,4358,5,40
4359,4359,5,34
4360,4360,5,46
4361,4361,6,80
4362,4362,6,52
4363,4363,6,34
4364,4364,6,31
4365,4365,7,49
4366,4366,7,70
4367,4367,7,41
4368,4368,7,28
4369,4369,8,58
4370,4370,8,34
4371,4371,8,39
4372,4372,8,75
4373,4373,9,40
4374,4374,9,31
4375,4375,9,44
4376,4376,9,67
4377,4377,10,63
4378,4378,10,34
4379,4379,10,75
4380,4380,10,76
4381,4381,11,86
4382,4382,11,31
4383,4383,11,46
4384,4384,11,48
4385,4385,12,88
4386,4386,12,50
4387,4387,12,39
4388,4388,12,72
4389,4389,13,63
4390,4390,13,61
4391,4391,13,23
4392,4392,13,26
4393,4393,14,145
4394,4394,14,37
4395,4395,14,53
4396,4396,14,58
4397,4397,15,55
4398,4398,15,36
4399,4399,15,21
4400,4400,15,55
4401,4401,16,74
4402,4402,16,56
4403,4403,16,49
4404,4404,16,87
4405,4405,17,93
4406,4406,17,43
4407,4407,17,31
4408,4408,17,24
4409,4409,18,27
4410,4410,18,20
4411,4411,18,51
4412,4412,18,35
4413,4413,19,84
4414,4414,19,72
4415,4415,19,26
4416,4416,19,36
4417,4417,20,77
4418,4418,20,21
4419,4419,20,27
4420,4420,20,78
4421,4421,21,67
4422,4422,21,39
4423,4423,21,44
4424,4424,21,48
4425,4425,22,74
4426,4426,22,54
4427,4427,22,33
4428,4428,22,61
4429,4429,23,83
4430,4430,23,57
4431,4431,23,31
4432,4432,23,38
4433,4433,24,85
4434,4434,24,19
4435,4435,24,35
4436,4436,24,80
4437,4437,25,69
4438,4438,25,28
4439,4439,25,9
4440,4440,25,45
4441,4441,26,47
4442,4442,26,36
4443,4443,26,27
4444,4444,26,36
4445,4445,27,79
4446,4446,27,13
4447,4447,27,53
4448,4448,27,57
4449,4449,28,60
4450,4450,28,84
4451,4451,28,32
4452,4452,28,51
4453,4453,29,72
4454,4454,29,55
4455,4455,29,38
4456,4456,29,86
4457,4457,30,83
4458,4458,30,16
4459,4459,30,36
4460,4460,30,26
4461,4461,31,89
4462,4462,31,24
4463,4463,31,33
4464,4464,31,93
4465,4465,32,76
4466,4466,32,44
4467,4467,32,45
4468,4468,32,23
4469,4469,33,53
4470,4470,33,31
4471,4471,33,66
4472,4472,33,39
4473,4473,34,38
4474,4474,34,38
4475,4475,34,17
4476,4476,34,66
4477,4477,35,48
4478,4478,35,52
4479,4479,35,28
4480,4480,35,56
4481,4481,1,78
4482,4482,1,58
4483,4483,1,38
4484,4484,1,57
4485,4485,2,137
4486,4486,2,50
4487,4487,2,56
4488,4488,2,85
4489,4489,3,125
4490,4490,3,42
4491,4491,3,49
4492,4492,3,86
4493,4493,4,53
4494,4494,4,30
4495,4495,4,36
4496,4496,4,98
4497,4497,5,80
4498,4498,5,37
4499,4499,5,44
4500,4500,5,94
4501,4501,6,74
4502,4502,6,71
4503,4503,6,45
4504,4504,6,74
4505,4505,7,72
4506,4506,7,42
4507,4507,7,55
4508,4508,7,51
4509,4509,8,68
4510,4510,8,29
4511,4511,8,77
4512,4512,8,76
4513,4513,9,91
4514,4514,9,36
4515,4515,9,14
4516,4516,9,62
4517,4517,10,98
4518,4518,10,57
4519,4519,10,33
4520,4520,10,63
4521,4521,11,123
4522,4522,11,51
4523,4523,11,58
4524,4524,11,60
4525,4525,12,38
4526,4526,12,50
4527,4527,12,61
4528,4528,12,64
4529,4529,13,90
4530,4530,13,63
4531,4531,13,102
4532,4532,13,35
4533,4533,14,96
4534,4534,14,86
4535,4535,14,43
4536,4536,14,128
4537,4537,15,60
4538,4538,15,78
4539,4539,15,37
4540,4540,15,106
4541,4541,16,53
4542,4542,16,72
4543,4543,16,42
4544,4544,16,54
4545,4545,17,75
4546,4546,17,29
4547,4547,17,56
4548,4548,17,134
4549,4549,18,72
4550,4550,18,84
4551,4551,18,25
4552,4552,18,68
4553,4553,19,79
4554,4554,19,36
4555,4555,19,43
4556,4556,19,40
4557,4557,20,105
4558,4558,20,76
4559,4559,20,33
4560,4560,20,139
4561,4561,21,92
4562,4562,21,50
4563,4563,21,60
4564,4564,21,108
4565,4565,22,84
4566,4566,22,41
4567,4567,22,36
4568,4568,22,56
4569,4569,23,86
4570,4570,23,46
4571,4571,23,43
4572,4572,23,42
4573,4573,24,29
4574,4574,24,59
4575,4575,24,70
4576,4576,24,106
4577,4577,25,69
4578,4578,25,106
4579,4579,25,19
4580,4580,25,38
4581,4581,26,50
4582,4582,26,50
4583,4583,26,42
4584,4584,26,104
4585,4585,27,78
4586,4586,27,43
4587,4587,27,56
4588,4588,27,46
4589,4589,28,83
4590,4590,28,65
4591,4591,28,47
4592,4592,28,56
4593,4593,29,82
4594,4594,29,43
4595,4595,29,56
4596,4596,29,109
4597,4597,30,60
4598,4598,30,70
4599,4599,30,35
4600,4600,30,70
4601,4601,31,59
4602,4602,31,59
4603,4603,31,59
4604,4604,31,99
4605,4605,32,92
4606,4606,32,55
4607,4607,32,54
4608,4608,32,59
4609,4609,33,49
4610,4610,33,64
4611,4611,33,25
4612,4612,33,81
4613,4613,34,62
4614,4614,34,45
4615,4615,34,64
4616,4616,34,47
4617,4617,35,102
4618,4618,35,92
4619,4619,35,38
4620,4620,35,73
4621,4621,1,43
4622,4622,1,75
4623,4623,1,49
4624,4624,1,56
4625,4625,2,48
4626,4626,2,62
4627,4627,2,15
4628,4628,2,70
4629,4629,3,55
4630,4630,3,34
4631,4631,3,49
4632,4632,3,27
4633,4633,4,63
4634,4634,4,51
4635,4635,4,44
4636,4636,4,127
4637,4637,5,58
4638,4638,5,36
4639,4639,5,59
4640,4640,5,54
4641,4641,6,126
4642,4642,6,44
4643,4643,6,49
4644,4644,6,57
4645,4645,7,88
4646,4646,7,45
4647,4647,7,48
4648,4648,7,54
4649,4649,8,79
4650,4650,8,34
4651,4651,8,42
4652,4652,8,74
4653,4653,9,63
4654,4654,9,24
4655,4655,9,28
4656,4656,9,82
4657,4657,10,55
4658,4658,10,61
4659,4659,10,71
4660,4660,10,112
4661,4661,11,85
4662,4662,11,52
4663,4663,11,41
4664,4664,11,54
4665,4665,12,46
4666,4666,12,36
4667,4667,12,46
4668,4668,12,86
4669,4669,13,107
4670,4670,13,59
4671,4671,13,23
4672,4672,13,67
4673,4673,14,62
4674,4674,14,86
4675,4675,14,68
4676,4676,14,43
4677,4677,15,115
4678,4678,15,66
4679,4679,15,29
4680,4680,15,61
4681,4681,16,106
4682,4682,16,72
4683,4683,16,51
4684,4684,16,36
4685,4685,17,112
4686,4686,17,74
4687,4687,17,77
4688,4688,17,47
4689,4689,18,98
4690,4690,18,70
4691,4691,18,18
4692,4692,18,59
4693,4693,19,85
4694,4694,19,47
4695,4695,19,33
4696,4696,19,78
4697,4697,20,86
4698,4698,20,52
4699,4699,20,51
4700,4700,20,49
4701,4701,21,60
4702,4702,21,58
4703,4703,21,54
4704,4704,21,92
4705,4705,22,88
4706,4706,22,48
4707,4707,22,30
4708,4708,22,67
4709,4709,23,88
4710,4710,23,68
4711,4711,23,44
4712,4712,23,27
4713,4713,24,91
4714,4714,24,40
4715,4715,24,35
4716,4716,24,88
4717,4717,25,175
4718,4718,25,72
4719,4719,25,63
4720,4720,25,116
4721,4721,26,99
4722,4722,26,36
4723,4723,26,34
4724,4724,26,54
4725,4725,27,59
4726,4726,27,33
4727,4727,27,41
4728,4728,27,49
4729,4729,28,95
4730,4730,28,104
4731,4731,28,45
4732,4732,28,90
4733,4733,29,136
4734,4734,29,50
4735,4735,29,36
4736,4736,29,41
4737,4737,30,155
4738,4738,30,40
4739,4739,30,54
4740,4740,30,48
4741,4741,31,108
4742,4742,31,58
4743,4743,31,40
4744,4744,31,67
4745,4745,32,60
4746,4746,32,67
4747,4747,32,29
4748,4748,32,41
4749,4749,33,29
4750,4750,33,35
4751,4751,33,72
4752,4752,33,25
4753,4753,34,67
4754,4754,34,73
4755,4755,34,31
4756,4756,34,56
4757,4757,35,105
4758,4758,35,83
4759,4759,35,33
4760,4760,35,47
4761,4761,1,40
4762,4762,1,15
4763,4763,1,29
4764,4764,1,51
4765,4765,2,46
4766,4766,2,43
4767,4767,2,32
4768,4768,2,41
4769,4769,3,58
4770,4770,3,13
4771,4771,3,33
4772,4772,3,27
4773,4773,4,33
4774,4774,4,35
4775,4775,4,18
4776,4776,4,45
4777,4777,5,27
4778,4778,5,22
4779,4779,5,45
4780,4780,5,52
4781,4781,6,64
4782,4782,6,31
4783,4783,6,19
4784,4784,6,44
4785,4785,7,51
4786,4786,7,38
4787,4787,7,10
4788,4788,7,31
4789,4789,8,28
4790,4790,8,36
4791,4791,8,20
4792,4792,8,43
4793,4793,9,47
4794,4794,9,23
4795,4795,9,24
4796,4796,9,23
4797,4797,10,26
4798,4798,10,29
4799,4799,10,25
4800,4800,10,55
4801,4801,11,27
4802,4802,11,25
4803,4803,11,40
4804,4804,11,41
4805,4805,12,44
4806,4806,12,30
4807,4807,12,19
4808,4808,12,39
4809,4809,13,29
4810,4810,13,23
4811,4811,13,22
4812,4812,13,16
4813,4813,14,90
4814,4814,14,29
4815,4815,14,26
4816,4816,14,28
4817,4817,15,18
4818,4818,15,28
4819,4819,15,13
4820,4820,15,60
4821,4821,16,51
4822,4822,16,26
4823,4823,16,8
4824,4824,16,34
4825,4825,17,36
4826,4826,17,16
4827,4827,17,30
4828,4828,17,35
4829,4829,18,55
4830,4830,18,36
4831,4831,18,18
4832,4832,18,21
4833,4833,19,29
4834,4834,19,36
4835,4835,19,39
4836,4836,19,59
4837,4837,20,49
4838,4838,20,33
4839,4839,20,35
4840,4840,20,30
4841,4841,21,53
4842,4842,21,22
4843,4843,21,27
4844,4844,21,26
4845,4845,22,14
4846,4846,22,14
4847,4847,22,23
4848,4848,22,24
4849,4849,23,74
4850,4850,23,40
4851,4851,23,20
4852,4852,23,33
4853,4853,24,29
4854,4854,24,42
4855,4855,24,23
4856,4856,24,27
4857,4857,25,40
4858,4858,25,29
4859,4859,25,40
4860,4860,25,16
4861,4861,26,60
4862,4862,26,15
4863,4863,26,18
4864,4864,26,20
4865,4865,27,26
4866,4866,27,20
4867,4867,27,36
4868,4868,27,17
4869,4869,28,57
4870,4870,28,57
4871,4871,28,11
4872,4872,28,28
4873,4873,29,23
4874,4874,29,43
4875,4875,29,18
4876,4876,29,44
4877,4877,30,30
4878,4878,30,31
4879,4879,30,32
4880,4880,30,26
4881,4881,31,65
4882,4882,31,15
4883,4883,31,7
4884,4884,31,72
4885,4885,32,55
4886,4886,32,30
4887,4887,32,16
4888,4888,32,33
4889,4889,33,22
4890,4890,33,31
4891,4891,33,32
4892,4892,33,23
4893,4893,34,32
4894,4894,34,22
4895,4895,34,26
4896,4896,34,33
4897,4897,35,34
4898,4898,35,37
4899,4899,35,11
4900,4900,35,40
4901,4901,1,36
4902,4902,1,11
4903,4903,1,29
4904,4904,1,26
4905,4905,2,36
4906,4906,2,32
4907,4907,2,28
4908,4908,2,21
4909,4909,3,39
4910,4910,3,48
4911,4911,3,16
4912,4912,3,12
4913,4913,4,30
4914,4914,4,19
4915,4915,4,16
4916,4916,4,48
4917,4917,5,17
4918,4918,5,40
4919,4919,5,21
4920,4920,5,27
4921,4921,6,51
4922,4922,6,28
4923,4923,6,34
4924,4924,6,35
4925,4925,7,45
4926,4926,7,39
4927,4927,7,10
4928,4928,7,40
4929,4929,8,28
4930,4930,8,40
4931,4931,8,8
4932,4932,8,19
4933,4933,9,71
4934,4934,9,54
4935,4935,9,35
4936,4936,9,46
4937,4937,10,78
4938,4938,10,24
4939,4939,10,18
4940,4940,10,28
4941,4941,11,33
4942,4942,11,35
4943,4943,11,24
4944,4944,11,20
4945,4945,12,31
4946,4946,12,25
4947,4947,12,24
4948,4948,12,42
4949,4949,13,30
4950,4950,13,44
4951,4951,13,45
4952,4952,13,35
4953,4953,14,62
4954,4954,14,30
4955,4955,14,36
4956,4956,14,57
4957,4957,15,36
4958,4958,15,19
4959,4959,15,24
4960,4960,15,45
4961,4961,16,48
4962,4962,16,37
4963,4963,16,18
4964,4964,16,22
4965,4965,17,39
4966,4966,17,28
4967,4967,17,16
4968,4968,17,20
4969,4969,18,42
4970,4970,18,39
4971,4971,18,19
4972,4972,18,39
4973,4973,19,27
4974,4974,19,34
4975,4975,19,18
4976,4976,19,27
4977,4977,20,49
4978,4978,20,19
4979,4979,20,26
4980,4980,20,46
4981,4981,21,44
4982,4982,21,22
4983,4983,21,9
4984,4984,21,23
4985,4985,22,24
4986,4986,22,25
4987,4987,22,12
4988,4988,22,33
4989,4989,23,47
4990,4990,23,23
4991,4991,23,17
4992,4992,23,45
4993,4993,24,52
4994,4994,24,28
4995,4995,24,13
4996,4996,24,32
4997,4997,25,31
4998,4998,25,35
4999,4999,25,13
5000,5000,25,29
5001,5001,26,46
5002,5002,26,56
5003,5003,26,22
5004,5004,26,22
5005,5005,27,34
5006,5006,27,11
5007,5007,27,14
5008,5008,27,17
5009,5009,28,44
5010,5010,28,33
5011,5011,28,49
5012,5012,28,15
5013,5013,29,38
5014,5014,29,24
5015,5015,29,38
5016,5016,29,10
5017,5017,30,57
5018,5018,30,55
5019,5019,30,29
5020,5020,30,27
5021,5021,31,22
5022,5022,31,17
5023,5023,31,26
5024,5024,31,28
5025,5025,32,65
5026,5026,32,20
5027,5027,32,13
5028,5028,32,26
5029,5029,33,64
5030,5030,33,37
5031,5031,33,6
5032,5032,33,28
5033,5033,34,55
5034,5034,34,22
5035,5035,34,30
5036,5036,34,35
5037,5037,35,20
5038,5038,35,32
5039,5039,35,34
5040,5040,35,15
5041,5041,1,33
5042,5042,1,15
5043,5043,1,21
5044,5044,1,17
5045,5045,2,36
5046,5046,2,44
5047,5047,2,31
5048,5048,2,26
5049,5049,3,27
5050,5050,3,15
5051,5051,3,21
5052,5052,3,36
5053,5053,4,25
5054,5054,4,54
5055,5055,4,19
5056,5056,4,38
5057,5057,5,47
5058,5058,5,47
5059,5059,5,22
5060,5060,5,21
5061,5061,6,39
5062,5062,6,53
5063,5063,6,25
5064,5064,6,46
5065,5065,7,42
5066,5066,7,21
5067,5067,7,40
5068,5068,7,38
5069,5069,8,75
5070,5070,8,29
5071,5071,8,34
5072,5072,8,68
5073,5073,9,70
5074,5074,9,33
5075,5075,9,24
5076,5076,9,34
5077,5077,10,19
5078,5078,10,17
5079,5079,10,23
5080,5080,10,59
5081,5081,11,50
5082,5082,11,52
5083,5083,11,13
5084,5084,11,65
5085,5085,12,34
5086,5086,12,25
5087,5087,12,38
5088,5088,12,63
5089,5089,13,42
5090,5090,13,21
5091,5091,13,50
5092,5092,13,17
5093,5093,14,31
5094,5094,14,20
5095,5095,14,14
5096,5096,14,47
5097,5097,15,42
5098,5098,15,24
5099,5099,15,44
5100,5100,15,51
5101,5101,16,51
5102,5102,16,30
5103,5103,16,19
5104,5104,16,21
5105,5105,17,28
5106,5106,17,47
5107,5107,17,16
5108,5108,17,16
5109,5109,18,31
5110,5110,18,41
5111,5111,18,26
5112,5112,18,55
5113,5113,19,70
5114,5114,19,27
5115,5115,19,35
5116,5116,19,37
5117,5117,20,28
5118,5118,20,21
5119,5119,20,16
5120,5120,20,15
5121,5121,21,59
5122,5122,21,27
5123,5123,21,39
5124,5124,21,49
5125,5125,22,45
5126,5126,22,27
5127,5127,22,32
5128,5128,22,58
5129,5129,23,79
5130,5130,23,42
5131,5131,23,38
5132,5132,23,18
5133,5133,24,85
5134,5134,24,28
5135,5135,24,21
5136,5136,24,27
5137,5137,25,53
5138,5138,25,36
5139,5139,25,33
5140,5140,25,32
5141,5141,26,69
5142,5142,26,17
5143,5143,26,21
5144,5144,26,80
5145,5145,27,55
5146,5146,27,25
5147,5147,27,21
5148,5148,27,19
5149,5149,28,45
5150,5150,28,35
5151,5151,28,11
5152,5152,28,21
5153,5153,29,90
5154,5154,29,41
5155,5155,29,10
5156,5156,29,33
5157,5157,30,35
5158,5158,30,22
5159,5159,30,36
5160,5160,30,39
5161,5161,31,71
5162,5162,31,13
5163,5163,31,32
5164,5164,31,32
5165,5165,32,33
5166,5166,32,73
5167,5167,32,46
5168,5168,32,30
5169,5169,33,22
5170,5170,33,25
5171,5171,33,17
5172,5172,33,77
5173,5173,34,62
5174,5174,34,40
5175,5175,34,27
5176,5176,34,53
5177,5177,35,35
5178,5178,35,33
5179,5179,35,24
5180,5180,35,31
5181,5181,1,53
5182,5182,1,50
5183,5183,1,24
5184,5184,1,31
5185,5185,2,36
5186,5186,2,26
5187,5187,2,33
5188,5188,2,63
5189,5189,3,53
5190,5190,3,26
5191,5191,3,18
5192,5192,3,54
5193,5193,4,54
5194,5194,4,46
5195,5195,4,31
5196,5196,4,29
5197,5197,5,49
5198,5198,5,11
5199,5199,5,26
5200,5200,5,48
5201,5201,6,43
5202,5202,6,38
5203,5203,6,53
5204,5204,6,27
5205,5205,7,33
5206,5206,7,62
5207,5207,7,29
5208,5208,7,61
5209,5209,8,37
5210,5210,8,29
5211,5211,8,33
5212,5212,8,33
5213,5213,9,35
5214,5214,9,34
5215,5215,9,28
5216,5216,9,31
5217,5217,10,42
5218,5218,10,33
5219,5219,10,24
5220,5220,10,17
5221,5221,11,39
5222,5222,11,27
5223,5223,11,22
5224,5224,11,46
5225,5225,12,26
5226,5226,12,26
5227,5227,12,31
5228,5228,12,37
5229,5229,13,58
5230,5230,13,59
5231,5231,13,55
5232,5232,13,79
5233,5233,14,40
5234,5234,14,45
5235,5235,14,29
5236,5236,14,80
5237,5237,15,42
5238,5238,15,20
5239,5239,15,15
5240,5240,15,53
5241,5241,16,89
5242,5242,16,30
5243,5243,16,39
5244,5244,16,34
5245,5245,17,41
5246,5246,17,50
5247,5247,17,19
5248,5248,17,39
5249,5249,18,20
5250,5250,18,52
5251,5251,18,17
5252,5252,18,42
5253,5253,19,41
5254,5254,19,45
5255,5255,19,33
5256,5256,19,22
5257,5257,20,56
5258,5258,20,33
5259,5259,20,19
5260,5260,20,36
5261,5261,21,63
5262,5262,21,43
5263,5263,21,41
5264,5264,21,24
5265,5265,22,49
5266,5266,22,37
5267,5267,22,12
5268,5268,22,57
5269,5269,23,58
5270,5270,23,27
5271,5271,23,14
5272,5272,23,59
5273,5273,24,30
5274,5274,24,22
5275,5275,24,48
5276,5276,24,37
5277,5277,25,33
5278,5278,25,35
5279,5279,25,44
5280,5280,25,32
5281,5281,26,69
5282,5282,26,33
5283,5283,26,20
5284,5284,26,54
5285,5285,27,26
5286,5286,27,23
5287,5287,27,35
5288,5288,27,49
5289,5289,28,86
5290,5290,28,42
5291,5291,28,8
5292,5292,28,77
5293,5293,29,37
5294,5294,29,39
5295,5295,29,29
5296,5296,29,40
5297,5297,30,105
5298,5298,30,17
5299,5299,30,12
5300,5300,30,38
5301,5301,31,25
5302,5302,31,43
5303,5303,31,46
5304,5304,31,19
5305,5305,32,47
5306,5306,32,40
5307,5307,32,34
5308,5308,32,38
5309,5309,33,52
5310,5310,33,44
5311,5311,33,20
5312,5312,33,21
5313,5313,34,43
5314,5314,34,38
5315,5315,34,27
5316,5316,34,24
5317,5317,35,103
5318,5318,35,19
5319,5319,35,33
5320,5320,35,65
5321,5321,1,66
5322,5322,1,66
5323,5323,1,43
5324,5324,1,66
5325,5325,2,58
5326,5326,2,59
5327,5327,2,36
5328,5328,2,112
5329,5329,3,83
5330,5330,3,32
5331,5331,3,47
5332,5332,3,52
5333,5333,4,77
5334,5334,4,54
5335,5335,4,25
5336,5336,4,16
5337,5337,5,102
5338,5338,5,43
5339,5339,5,11
5340,5340,5,52
5341,5341,6,33
5342,5342,6,71
5343,5343,6,41
5344,5344,6,59
5345,5345,7,52
5346,5346,7,62
5347,5347,7,51
5348,5348,7,63
5349,5349,8,64
5350,5350,8,73
5351,5351,8,66
5352,5352,8,34
5353,5353,9,22
5354,5354,9,35
5355,5355,9,22
5356,5356,9,80
5357,5357,10,92
5358,5358,10,63
5359,5359,10,46
5360,5360,10,37
5361,5361,11,44
5362,5362,11,54
5363,5363,11,35
5364,5364,11,81
5365,5365,12,90
5366,5366,12,55
5367,5367,12,32
5368,5368,12,65
5369,5369,13,86
5370,5370,13,41
5371,5371,13,49
5372,5372,13,67
5373,5373,14,42
5374,5374,14,68
5375,5375,14,33
5376,5376,14,47
5377,5377,15,41
5378,5378,15,79
5379,5379,15,31
5380,5380,15,65
5381,5381,16,66
5382,5382,16,12
5383,5383,16,52
5384,5384,16,55
5385,5385,17,101
5386,5386,17,54
5387,5387,17,47
5388,5388,17,72
5389,5389,18,39
5390,5390,18,30
5391,5391,18,58
5392,5392,18,87
5393,5393,19,39
5394,5394,19,53
5395,5395,19,22
5396,5396,19,40
5397,5397,20,57
5398,5398,20,25
5399,5399,20,37
5400,5400,20,56
5401,5401,21,71
5402,5402,21,47
5403,5403,21,23
5404,5404,21,61
5405,5405,22,22
5406,5406,22,47
5407,5407,22,26
5408,5408,22,75
5409,5409,23,65
5410,5410,23,47
5411,5411,23,17
5412,5412,23,58
5413,5413,24,63
5414,5414,24,23
5415,5415,24,22
5416,5416,24,35
5417,5417,25,58
5418,5418,25,34
5419,5419,25,49
5420,5420,25,52
5421,5421,26,41
5422,5422,26,76
5423,5423,26,33
5424,5424,26,91
5425,5425,27,81
5426,5426,27,30
5427,5427,27,37
5428,5428,27,54
5429,5429,28,85
5430,5430,28,60
5431,5431,28,45
5432,5432,28,43
5433,5433,29,71
5434,5434,29,54
5435,5435,29,44
5436,5436,29,68
5437,5437,30,51
5438,5438,30,21
5439,5439,30,45
5440,5440,30,54
5441,5441,31,56
5442,5442,31,44
5443,5443,31,53
5444,5444,31,43
5445,5445,32,50
5446,5446,32,29
5447,5447,32,33
5448,5448,32,53
5449,5449,33,76
5450,5450,33,18
5451,5451,33,51
5452,5452,33,67
5453,5453,34,47
5454,5454,34,91
5455,5455,34,56
5456,5456,34,29
5457,5457,35,51
5458,5458,35,56
5459,5459,35,53
5460,5460,35,72
5461,5461,1,135
5462,5462,1,54
5463,5463,1,48
5464,5464,1,46
5465,5465,2,82
5466,5466,2,32
5467,5467,2,45
5468,5468,2,87
5469,5469,3,87
5470,5470,3,43
5471,5471,3,84
5472,5472,3,67
5473,5473,4,107
5474,5474,4,54
5475,5475,4,87
5476,5476,4,47
5477,5477,5,130
5478,5478,5,27
5479,5479,5,106
5480,5480,5,107
5481,5481,6,71
5482,5482,6,95
5483,5483,6,82
5484,5484,6,53
5485,5485,7,37
5486,5486,7,42
5487,5487,7,42
5488,5488,7,72
5489,5489,8,65
5490,5490,8,38
5491,5491,8,88
5492,5492,8,109
5493,5493,9,76
5494,5494,9,87
5495,5495,9,51
5496,5496,9,47
5497,5497,10,188
5498,5498,10,71
5499,5499,10,50
5500,5500,10,56
5501,5501,11,125
5502,5502,11,17
5503,5503,11,19
5504,5504,11,54
5505,5505,12,127
5506,5506,12,31
5507,5507,12,32
5508,5508,12,35
5509,5509,13,72
5510,5510,13,89
5511,5511,13,37
5512,5512,13,37
5513,5513,14,23
5514,5514,14,59
5515,5515,14,72
5516,5516,14,71
5517,5517,15,49
5518,5518,15,49
5519,5519,15,52
5520,5520,15,80
5521,5521,16,90
5522,5522,16,87
5523,5523,16,62
5524,5524,16,47
5525,5525,17,69
5526,5526,17,39
5527,5527,17,87
5528,5528,17,81
5529,5529,18,60
5530,5530,18,59
5531,5531,18,31
5532,5532,18,20
5533,5533,19,88
5534,5534,19,45
5535,5535,19,30
5536,5536,19,70
5537,5537,20,142
5538,5538,20,45
5539,5539,20,81
5540,5540,20,43
5541,5541,21,116
5542,5542,21,47
5543,5543,21,54
5544,5544,21,63
5545,5545,22,87
5546,5546,22,45
5547,5547,22,57
5548,5548,22,41
5549,5549,23,109
5550,5550,23,82
5551,5551,23,39
5552,5552,23,42
5553,5553,24,122
5554,5554,24,35
5555,5555,24,79
5556,5556,24,60
5557,5557,25,79
5558,5558,25,97
5559,5559,25,51
5560,5560,25,46
5561,5561,26,40
5562,5562,26,55
5563,5563,26,26
5564,5564,26,84
5565,5565,27,90
5566,5566,27,32
5567,5567,27,37
5568,5568,27,45
5569,5569,28,105
5570,5570,28,70
5571,5571,28,50
5572,5572,28,91
5573,5573,29,57
5574,5574,29,68
5575,5575,29,65
5576,5576,29,85
5577,5577,30,36
5578,5578,30,27
5579,5579,30,68
5580,5580,30,67
5581,5581,31,100
5582,5582,31,30
5583,5583,31,69
5584,5584,31,46
5585,5585,32,74
5586,5586,32,39
5587,5587,32,70
5588,5588,32,72
5589,5589,33,179
5590,5590,33,36
5591,5591,33,56
5592,5592,33,62
5593,5593,34,109
5594,5594,34,67
5595,5595,34,53
5596,5596,34,77
5597,5597,35,55
5598,5598,35,64
5599,5599,35,45
5600,5600,35,61
5601,5601,1,118
5602,5602,1,36
5603,5603,1,19
5604,5604,1,69
5605,5605,2,113
5606,5606,2,29
5607,5607,2,31
5608,5608,2,90
5609,5609,3,55
5610,5610,3,42
5611,5611,3,42
5612,5612,3,58
5613,5613,4,63
5614,5614,4,47
5615,5615,4,67
5616,5616,4,36
5617,5617,5,124
5618,5618,5,62
5619,5619,5,53
5620,5620,5,46
5621,5621,6,58
5622,5622,6,77
5623,5623,6,20
5624,5624,6,68
5625,5625,7,46
5626,5626,7,74
5627,5627,7,49
5628,5628,7,96
5629,5629,8,71
5630,5630,8,41
5631,5631,8,33
5632,5632,8,47
5633,5633,9,54
5634,5634,9,55
5635,5635,9,33
5636,5636,9,55
5637,5637,10,65
5638,5638,10,61
5639,5639,10,31
5640,5640,10,85
5641,5641,11,67
5642,5642,11,38
5643,5643,11,47
5644,5644,11,62
5645,5645,12,82
5646,5646,12,52
5647,5647,12,22
5648,5648,12,54
5649,5649,13,42
5650,5650,13,17
5651,5651,13,41
5652,5652,13,57
5653,5653,14,56
5654,5654,14,45
5655,5655,14,56
5656,5656,14,60
5657,5657,15,93
5658,5658,15,63
5659,5659,15,46
5660,5660,15,60
5661,5661,16,109
5662,5662,16,46
5663,5663,16,25
5664,5664,16,55
5665,5665,17,50
5666,5666,17,30
5667,5667,17,16
5668,5668,17,96
5669,5669,18,130
5670,5670,18,38
5671,5671,18,56
5672,5672,18,31
5673,5673,19,81
5674,5674,19,33
5675,5675,19,24
5676,5676,19,74
5677,5677,20,53
5678,5678,20,63
5679,5679,20,53
5680,5680,20,109
5681,5681,21,100
5682,5682,21,24
5683,5683,21,42
5684,5684,21,61
5685,5685,22,105
5686,5686,22,71
5687,5687,22,32
5688,5688,22,50
5689,5689,23,95
5690,5690,23,46
5691,5691,23,38
5692,5692,23,22
5693,5693,24,104
5694,5694,24,116
5695,5695,24,38
5696,5696,24,72
5697,5697,25,61
5698,5698,25,45
5699,5699,25,59
5700,5700,25,86
5701,5701,26,102
5702,5702,26,53
5703,5703,26,59
5704,5704,26,74
5705,5705,27,49
5706,5706,27,37
5707,5707,27,49
5708,5708,27,76
5709,5709,28,71
5710,5710,28,73
5711,5711,28,41
5712,5712,28,87
5713,5713,29,62
5714,5714,29,5
5715,5715,29,36
5716,5716,29,48
5717,5717,30,70
5718,5718,30,90
5719,5719,30,59
5720,5720,30,60
5721,5721,31,48
5722,5722,31,45
5723,5723,31,31
5724,5724,31,81
5725,5725,32,131
5726,5726,32,26
5727,5727,32,51
5728,5728,32,43
5729,5729,33,73
5730,5730,33,96
5731,5731,33,66
5732,5732,33,58
5733,5733,34,50
5734,5734,34,25
5735,5735,34,44
5736,5736,34,61
5737,5737,35,65
5738,5738,35,97
5739,5739,35,48
5740,5740,35,15
5741,5741,1,33
5742,5742,1,46
5743,5743,1,20
5744,5744,1,30
5745,5745,2,27
5746,5746,2,16
5747,5747,2,22
5748,5748,2,24
5749,5749,3,31
5750,5750,3,31
5751,5751,3,29
5752,5752,3,30
5753,5753,4,40
5754,5754,4,22
5755,5755,4,39
5756,5756,4,42
5757,5757,5,25
5758,5758,5,16
5759,5759,5,13
5760,5760,5,31
5761,5761,6,24
5762,5762,6,21
5763,5763,6,27
5764,5764,6,19
5765,5765,7,54
5766,5766,7,22
5767,5767,7,22
5768,5768,7,35
5769,5769,8,58
5770,5770,8,21
5771,5771,8,12
5772,5772,8,53
5773,5773,9,33
5774,5774,9,40
5775,5775,9,25
5776,5776,9,39
5777,5777,10,52
5778,5778,10,33
5779,5779,10,17
5780,5780,10,27
5781,5781,11,55
5782,5782,11,17
5783,5783,11,29
5784,5784,11,28
5785,5785,12,36
5786,5786,12,24
5787,5787,12,13
5788,5788,12,26
5789,5789,13,35
5790,5790,13,12
5791,5791,13,15
5792,5792,13,21
5793,5793,14,40
5794,5794,14,19
5795,5795,14,18
5796,5796,14,35
5797,5797,15,35
5798,5798,15,20
5799,5799,15,28
5800,5800,15,29
5801,5801,16,27
5802,5802,16,21
5803,5803,16,16
5804,5804,16,16
5805,5805,17,26
5806,5806,17,23
5807,5807,17,23
5808,5808,17,53
5809,5809,18,35
5810,5810,18,31
5811,5811,18,20
5812,5812,18,23
5813,5813,19,32
5814,5814,19,37
5815,5815,19,39
5816,5816,19,53
5817,5817,20,45
5818,5818,20,31
5819,5819,20,15
5820,5820,20,22
5821,5821,21,24
5822,5822,21,35
5823,5823,21,36
5824,5824,21,23
5825,5825,22,31
5826,5826,22,24
5827,5827,22,29
5828,5828,22,12
5829,5829,23,33
5830,5830,23,15
5831,5831,23,38
5832,5832,23,25
5833,5833,24,56
5834,5834,24,23
5835,5835,24,24
5836,5836,24,25
5837,5837,25,83
5838,5838,25,24
5839,5839,25,19
5840,5840,25,38
5841,5841,26,28
5842,5842,26,19
5843,5843,26,46
5844,5844,26,21
5845,5845,27,64
5846,5846,27,47
5847,5847,27,17
5848,5848,27,49
5849,5849,28,65
5850,5850,28,26
5851,5851,28,9
5852,5852,28,34
5853,5853,29,33
5854,5854,29,22
5855,5855,29,33
5856,5856,29,36
5857,5857,30,35
5858,5858,30,18
5859,5859,30,13
5860,5860,30,41
5861,5861,31,17
5862,5862,31,19
5863,5863,31,14
5864,5864,31,23
5865,5865,32,26
5866,5866,32,38
5867,5867,32,11
5868,5868,32,16
5869,5869,33,26
5870,5870,33,17
5871,5871,33,24
5872,5872,33,14
5873,5873,34,38
5874,5874,34,21
5875,5875,34,22
5876,5876,34,60
5877,5877,35,39
5878,5878,35,19
5879,5879,35,21
5880,5880,35,40
5881,5881,1,35
5882,5882,1,28
5883,5883,1,16
5884,5884,1,26
5885,5885,2,51
5886,5886,2,36
5887,5887,2,15
5888,5888,2,33
5889,5889,3,10
5890,5890,3,21
5891,5891,3,25
5892,5892,3,29
5893,5893,4,62
5894,5894,4,31
5895,5895,4,15
5896,5896,4,10
5897,5897,5,43
5898,5898,5,44
5899,5899,5,20
5900,5900,5,26
5901,5901,6,24
5902,5902,6,16
5903,5903,6,46
5904,5904,6,67
5905,5905,7,33
5906,5906,7,23
5907,5907,7,32
5908,5908,7,38
5909,5909,8,25
5910,5910,8,20
5911,5911,8,62
5912,5912,8,27
5913,5913,9,33
5914,5914,9,22
5915,5915,9,27
5916,5916,9,34
5917,5917,10,59
5918,5918,10,41
5919,5919,10,18
5920,5920,10,54
5921,5921,11,52
5922,5922,11,34
5923,5923,11,30
5924,5924,11,39
5925,5925,12,28
5926,5926,12,24
5927,5927,12,30
5928,5928,12,29
5929,5929,13,43
5930,5930,13,43
5931,5931,13,18
5932,5932,13,36
5933,5933,14,57
5934,5934,14,15
5935,5935,14,14
5936,5936,14,34
5937,5937,15,35
5938,5938,15,23
5939,5939,15,12
5940,5940,15,29
5941,5941,16,27
5942,5942,16,35
5943,5943,16,20
5944,5944,16,44
5945,5945,17,22
5946,5946,17,21
5947,5947,17,33
5948,5948,17,57
5949,5949,18,71
5950,5950,18,21
5951,5951,18,22
5952,5952,18,56
5953,5953,19,39
5954,5954,19,31
5955,5955,19,16
5956,5956,19,39
5957,5957,20,59
5958,5958,20,33
5959,5959,20,34
5960,5960,20,9
5961,5961,21,26
5962,5962,21,28
5963,5963,21,27
5964,5964,21,22
5965,5965,22,42
5966,5966,22,43
5967,5967,22,33
5968,5968,22,32
5969,5969,23,33
5970,5970,23,38
5971,5971,23,20
5972,5972,23,26
5973,5973,24,35
5974,5974,24,22
5975,5975,24,19
5976,5976,24,16
5977,5977,25,35
5978,5978,25,27
5979,5979,25,14
5980,5980,25,30
5981,5981,26,28
5982,5982,26,24
5983,5983,26,29
5984,5984,26,56
5985,5985,27,57
5986,5986,27,27
5987,5987,27,31
5988,5988,27,31
5989,5989,28,45
5990,5990,28,15
5991,5991,28,34
5992,5992,28,46
5993,5993,29,35
5994,5994,29,26
5995,5995,29,18
5996,5996,29,48
5997,5997,30,40
5998,5998,30,31
5999,5999,30,31
6000,6000,30,65
6001,6001,31,68
6002,6002,31,51
6003,6003,31,24
6004,6004,31,19
6005,6005,32,21
6006,6006,32,42
6007,6007,32,16
6008,6008,32,30
6009,6009,33,14
6010,6010,33,20
6011,6011,33,23
6012,6012,33,54
6013,6013,34,45
6014,6014,34,37
6015,6015,34,34
6016,6016,34,30
6017,6017,35,87
6018,6018,35,23
6019,6019,35,33
6020,6020,35,29
6021,6021,1,39
6022,6022,1,11
6023,6023,1,41
6024,6024,1,37
6025,6025,2,24
6026,6026,2,44
6027,6027,2,21
6028,6028,2,22
6029,6029,3,46
6030,6030,3,21
6031,6031,3,27
6032,6032,3,47
6033,6033,4,44
6034,6034,4,16
6035,6035,4,22
6036,6036,4,38
6037,6037,5,38
6038,6038,5,35
6039,6039,5,24
6040,6040,5,57
6041,6041,6,54
6042,6042,6,53
6043,6043,6,25
6044,6044,6,37
6045,6045,7,60
6046,6046,7,53
6047,6047,7,8
6048,6048,7,25
6049,6049,8,62
6050,6050,8,48
6051,6051,8,41
6052,6052,8,39
6053,6053,9,91
6054,6054,9,60
6055,6055,9,28
6056,6056,9,45
6057,6057,10,55
6058,6058,10,45
6059,6059,10,25
6060,6060,10,47
6061,6061,11,92
6062,6062,11,63
6063,6063,11,40
6064,6064,11,41
6065,6065,12,36
6066,6066,12,26
6067,6067,12,12
6068,6068,12,19
6069,6069,13,31
6070,6070,13,14
6071,6071,13,15
6072,6072,13,45
6073,6073,14,57
6074,6074,14,54
6075,6075,14,16
6076,6076,14,35
6077,6077,15,23
6078,6078,15,31
6079,6079,15,30
6080,6080,15,66
6081,6081,16,65
6082,6082,16,37
6083,6083,16,30
6084,6084,16,39
6085,6085,17,104
6086,6086,17,25
6087,6087,17,28
6088,6088,17,43
6089,6089,18,44
6090,6090,18,39
6091,6091,18,11
6092,6092,18,38
6093,6093,19,56
6094,6094,19,44
6095,6095,19,47
6096,6096,19,42
6097,6097,20,37
6098,6098,20,27
6099,6099,20,25
6100,6100,20,38
6101,6101,21,43
6102,6102,21,48
6103,6103,21,47
6104,6104,21,44
6105,6105,22,47
6106,6106,22,32
6107,6107,22,50
6108,6108,22,44
6109,6109,23,73
6110,6110,23,23
6111,6111,23,15
6112,6112,23,25
6113,6113,24,69
6114,6114,24,51
6115,6115,24,59
6116,6116,24,33
6117,6117,25,51
6118,6118,25,31
6119,6119,25,40
6120,6120,25,32
6121,6121,26,38
6122,6122,26,26
6123,6123,26,42
6124,6124,26,30
6125,6125,27,63
6126,6126,27,60
6127,6127,27,40
6128,6128,27,22
6129,6129,28,48
6130,6130,28,26
6131,6131,28,43
6132,6132,28,25
6133,6133,29,77
6134,6134,29,12
6135,6135,29,11
6136,6136,29,38
6137,6137,30,32
6138,6138,30,38
6139,6139,30,30
6140,6140,30,47
6141,6141,31,78
6142,6142,31,16
6143,6143,31,21
6144,6144,31,29
6145,6145,32,37
6146,6146,32,31
6147,6147,32,44
6148,6148,32,36
6149,6149,33,46
6150,6150,33,33
6151,6151,33,42
6152,6152,33,19
6153,6153,34,20
6154,6154,34,16
6155,6155,34,23
6156,6156,34,26
6157,6157,35,46
6158,6158,35,35
6159,6159,35,22
6160,6160,35,52
6161,6161,1,30
6162,6162,1,38
6163,6163,1,17
6164,6164,1,42
6165,6165,2,69
6166,6166,2,39
6167,6167,2,18
6168,6168,2,36
6169,6169,3,51
6170,6170,3,46
6171,6171,3,35
6172,6172,3,23
6173,6173,4,44
6174,6174,4,29
6175,6175,4,25
6176,6176,4,66
6177,6177,5,47
6178,6178,5,27
6179,6179,5,13
6180,6180,5,31
6181,6181,6,26
6182,6182,6,35
6183,6183,6,15
6184,6184,6,33
6185,6185,7,74
6186,6186,7,38
6187,6187,7,38
6188,6188,7,51
6189,6189,8,93
6190,6190,8,29
6191,6191,8,10
6192,6192,8,46
6193,6193,9,35
6194,6194,9,33
6195,6195,9,22
6196,6196,9,24
6197,6197,10,22
6198,6198,10,27
6199,6199,10,25
6200,6200,10,38
6201,6201,11,46
6202,6202,11,12
6203,6203,11,14
6204,6204,11,37
6205,6205,12,61
6206,6206,12,54
6207,6207,12,20
6208,6208,12,50
6209,6209,13,42
6210,6210,13,29
6211,6211,13,23
6212,6212,13,55
6213,6213,14,78
6214,6214,14,34
6215,6215,14,19
6216,6216,14,59
6217,6217,15,68
6218,6218,15,31
6219,6219,15,39
6220,6220,15,60
6221,6221,16,53
6222,6222,16,20
6223,6223,16,30
6224,6224,16,44
6225,6225,17,39
6226,6226,17,34
6227,6227,17,36
6228,6228,17,33
6229,6229,18,57
6230,6230,18,53
6231,6231,18,22
6232,6232,18,59
6233,6233,19,60
6234,6234,19,31
6235,6235,19,50
6236,6236,19,39
6237,6237,20,70
6238,6238,20,23
6239,6239,20,20
6240,6240,20,69
6241,6241,21,84
6242,6242,21,53
6243,6243,21,29
6244,6244,21,47
6245,6245,22,44
6246,6246,22,52
6247,6247,22,24
6248,6248,22,46
6249,6249,23,65
6250,6250,23,46
6251,6251,23,55
6252,6252,23,53
6253,6253,24,63
6254,6254,24,36
6255,6255,24,35
6256,6256,24,59
6257,6257,25,44
6258,6258,25,22
6259,6259,25,42
6260,6260,25,55
6261,6261,26,33
6262,6262,26,47
6263,6263,26,16
6264,6264,26,57
6265,6265,27,66
6266,6266,27,17
6267,6267,27,34
6268,6268,27,30
6269,6269,28,87
6270,6270,28,68
6271,6271,28,27
6272,6272,28,70
6273,6273,29,42
6274,6274,29,23
6275,6275,29,32
6276,6276,29,60
6277,6277,30,41
6278,6278,30,45
6279,6279,30,31
6280,6280,30,55
6281,6281,31,45
6282,6282,31,20
6283,6283,31,37
6284,6284,31,21
6285,6285,32,46
6286,6286,32,42
6287,6287,32,41
6288,6288,32,56
6289,6289,33,76
6290,6290,33,22
6291,6291,33,51
6292,6292,33,35
6293,6293,34,51
6294,6294,34,45
6295,6295,34,37
6296,6296,34,36
6297,6297,35,49
6298,6298,35,20
6299,6299,35,26
6300,6300,35,42
6301,6301,1,103
6302,6302,1,61
6303,6303,1,40
6304,6304,1,49
6305,6305,2,70
6306,6306,2,25
6307,6307,2,24
6308,6308,2,67
6309,6309,3,95
6310,6310,3,40
6311,6311,3,48
6312,6312,3,39
6313,6313,4,51
6314,6314,4,21
6315,6315,4,26
6316,6316,4,53
6317,6317,5,51
6318,6318,5,59
6319,6319,5,25
6320,6320,5,42
6321,6321,6,50
6322,6322,6,41
6323,6323,6,45
6324,6324,6,29
6325,6325,7,94
6326,6326,7,44
6327,6327,7,26
6328,6328,7,23
6329,6329,8,36
6330,6330,8,57
6331,6331,8,30
6332,6332,8,38
6333,6333,9,78
6334,6334,9,56
6335,6335,9,37
6336,6336,9,54
6337,6337,10,37
6338,6338,10,33
6339,6339,10,72
6340,6340,10,26
6341,6341,11,60
6342,6342,11,63
6343,6343,11,41
6344,6344,11,37
6345,6345,12,49
6346,6346,12,84
6347,6347,12,33
6348,6348,12,49
6349,6349,13,83
6350,6350,13,70
6351,6351,13,36
6352,6352,13,27
6353,6353,14,55
6354,6354,14,66
6355,6355,14,29
6356,6356,14,58
6357,6357,15,61
6358,6358,15,33
6359,6359,15,58
6360,6360,15,57
6361,6361,16,67
6362,6362,16,69
6363,6363,16,60
6364,6364,16,37
6365,6365,17,41
6366,6366,17,47
6367,6367,17,39
6368,6368,17,50
6369,6369,18,68
6370,6370,18,24
6371,6371,18,29
6372,6372,18,61
6373,6373,19,109
6374,6374,19,59
6375,6375,19,31
6376,6376,19,41
6377,6377,20,97
6378,6378,20,29
6379,6379,20,27
6380,6380,20,46
6381,6381,21,76
6382,6382,21,44
6383,6383,21,52
6384,6384,21,62
6385,6385,22,58
6386,6386,22,41
6387,6387,22,32
6388,6388,22,55
6389,6389,23,53
6390,6390,23,30
6391,6391,23,49
6392,6392,23,29
6393,6393,24,99
6394,6394,24,21
6395,6395,24,19
6396,6396,24,44
6397,6397,25,82
6398,6398,25,82
6399,6399,25,26
6400,6400,25,44
6401,6401,26,46
6402,6402,26,56
6403,6403,26,32
6404,6404,26,94
6405,6405,27,37
6406,6406,27,29
6407,6407,27,48
6408,6408,27,113
6409,6409,28,96
6410,6410,28,26
6411,6411,28,42
6412,6412,28,72
6413,6413,29,79
6414,6414,29,26
6415,6415,29,52
6416,6416,29,49
6417,6417,30,48
6418,6418,30,54
6419,6419,30,41
6420,6420,30,86
6421,6421,31,52
6422,6422,31,34
6423,6423,31,21
6424,6424,31,50
6425,6425,32,26
6426,6426,32,29
6427,6427,32,55
6428,6428,32,50
6429,6429,33,80
6430,6430,33,15
6431,6431,33,59
6432,6432,33,69
6433,6433,34,76
6434,6434,34,40
6435,6435,34,61
6436,6436,34,48
6437,6437,35,75
6438,6438,35,15
6439,6439,35,41
6440,6440,35,52
6441,6441,1,124
6442,6442,1,85
6443,6443,1,85
6444,6444,1,55
6445,6445,2,86
6446,6446,2,62
6447,6447,2,74
6448,6448,2,66
6449,6449,3,80
6450,6450,3,102
6451,6451,3,24
6452,6452,3,120
6453,6453,4,42
6454,6454,4,31
6455,6455,4,40
6456,6456,4,46
6457,6457,5,172
6458,6458,5,31
6459,6459,5,35
6460,6460,5,39
6461,6461,6,77
6462,6462,6,71
6463,6463,6,45
6464,6464,6,74
6465,6465,7,62
6466,6466,7,32
6467,6467,7,74
6468,6468,7,82
6469,6469,8,63
6470,6470,8,100
6471,6471,8,48
6472,6472,8,54
6473,6473,9,82
6474,6474,9,43
6475,6475,9,41
6476,6476,9,89
6477,6477,10,75
6478,6478,10,33
6479,6479,10,53
6480,6480,10,50
6481,6481,11,64
6482,6482,11,30
6483,6483,11,28
6484,6484,11,68
6485,6485,12,60
6486,6486,12,73
6487,6487,12,42
6488,6488,12,45
6489,6489,13,80
6490,6490,13,75
6491,6491,13,24
6492,6492,13,43
6493,6493,14,80
6494,6494,14,69
6495,6495,14,91
6496,6496,14,77
6497,6497,15,138
6498,6498,15,48
6499,6499,15,30
6500,6500,15,63
6501,6501,16,90
6502,6502,16,49
6503,6503,16,95
6504,6504,16,127
6505,6505,17,95
6506,6506,17,40
6507,6507,17,23
6508,6508,17,67
6509,6509,18,110
6510,6510,18,84
6511,6511,18,66
6512,6512,18,127
6513,6513,19,61
6514,6514,19,46
6515,6515,19,32
6516,6516,19,38
6517,6517,20,119
6518,6518,20,60
6519,6519,20,41
6520,6520,20,69
6521,6521,21,65
6522,6522,21,52
6523,6523,21,69
6524,6524,21,35
6525,6525,22,68
6526,6526,22,58
6527,6527,22,63
6528,6528,22,54
6529,6529,23,90
6530,6530,23,22
6531,6531,23,62
6532,6532,23,27
6533,6533,24,68
6534,6534,24,29
6535,6535,24,56
6536,6536,24,95
6537,6537,25,110
6538,6538,25,90
6539,6539,25,57
6540,6540,25,59
6541,6541,26,62
6542,6542,26,67
6543,6543,26,63
6544,6544,26,59
6545,6545,27,73
6546,6546,27,88
6547,6547,27,15
6548,6548,27,95
6549,6549,28,101
6550,6550,28,31
6551,6551,28,52
6552,6552,28,48
6553,6553,29,69
6554,6554,29,73
6555,6555,29,55
6556,6556,29,47
6557,6557,30,75
6558,6558,30,55
6559,6559,30,73
6560,6560,30,52
6561,6561,31,74
6562,6562,31,39
6563,6563,31,56
6564,6564,31,95
6565,6565,32,69
6566,6566,32,95
6567,6567,32,65
6568,6568,32,89
6569,6569,33,88
6570,6570,33,63
6571,6571,33,16
6572,6572,33,52
6573,6573,34,41
6574,6574,34,47
6575,6575,34,45
6576,6576,34,32
6577,6577,35,118
6578,6578,35,117
6579,6579,35,78
6580,6580,35,115
6581,6581,1,69
6582,6582,1,56
6583,6583,1,30
6584,6584,1,90
6585,6585,2,24
6586,6586,2,58
6587,6587,2,26
6588,6588,2,86
6589,6589,3,57
6590,6590,3,39
6591,6591,3,47
6592,6592,3,41
6593,6593,4,56
6594,6594,4,49
6595,6595,4,62
6596,6596,4,59
6597,6597,5,122
6598,6598,5,43
6599,6599,5,20
6600,6600,5,69
6601,6601,6,140
6602,6602,6,34
6603,6603,6,25
6604,6604,6,17
6605,6605,7,39
6606,6606,7,37
6607,6607,7,65
6608,6608,7,71
6609,6609,8,31
6610,6610,8,58
6611,6611,8,11
6612,6612,8,68
6613,6613,9,43
6614,6614,9,53
6615,6615,9,19
6616,6616,9,60
6617,6617,10,123
6618,6618,10,62
6619,6619,10,84
6620,6620,10,33
6621,6621,11,104
6622,6622,11,31
6623,6623,11,50
6624,6624,11,49
6625,6625,12,50
6626,6626,12,68
6627,6627,12,86
6628,6628,12,43
6629,6629,13,60
6630,6630,13,46
6631,6631,13,31
6632,6632,13,53
6633,6633,14,77
6634,6634,14,56
6635,6635,14,32
6636,6636,14,66
6637,6637,15,68
6638,6638,15,99
6639,6639,15,60
6640,6640,15,45
6641,6641,16,61
6642,6642,16,43
6643,6643,16,49
6644,6644,16,76
6645,6645,17,82
6646,6646,17,15
6647,6647,17,35
6648,6648,17,94
6649,6649,18,71
6650,6650,18,70
6651,6651,18,25
6652,6652,18,81
6653,6653,19,87
6654,6654,19,36
6655,6655,19,39
6656,6656,19,49
6657,6657,20,55
6658,6658,20,52
6659,6659,20,60
6660,6660,20,92
6661,6661,21,85
6662,6662,21,52
6663,6663,21,26
6664,6664,21,76
6665,6665,22,73
6666,6666,22,40
6667,6667,22,38
6668,6668,22,41
6669,6669,23,43
6670,6670,23,69
6671,6671,23,39
6672,6672,23,75
6673,6673,24,97
6674,6674,24,45
6675,6675,24,53
6676,6676,24,40
6677,6677,25,118
6678,6678,25,73
6679,6679,25,24
6680,6680,25,110
6681,6681,26,61
6682,6682,26,65
6683,6683,26,34
6684,6684,26,57
6685,6685,27,65
6686,6686,27,54
6687,6687,27,55
6688,6688,27,71
6689,6689,28,42
6690,6690,28,85
6691,6691,28,63
6692,6692,28,46
6693,6693,29,74
6694,6694,29,66
6695,6695,29,24
6696,6696,29,114
6697,6697,30,70
6698,6698,30,77
6699,6699,30,38
6700,6700,30,49
6701,6701,31,51
6702,6702,31,36
6703,6703,31,46
6704,6704,31,90
6705,6705,32,118
6706,6706,32,69
6707,6707,32,56
6708,6708,32,121
6709,6709,33,42
6710,6710,33,62
6711,6711,33,79
6712,6712,33,44
6713,6713,34,26
6714,6714,34,70
6715,6715,34,54
6716,6716,34,69
6717,6717,35,65
6718,6718,35,74
6719,6719,35,25
6720,6720,35,28
6721,6721,1,55
6722,6722,1,12
6723,6723,1,19
6724,6724,1,29
6725,6725,2,43
6726,6726,2,22
6727,6727,2,30
6728,6728,2,20
6729,6729,3,16
6730,6730,3,18
6731,6731,3,22
6732,6732,3,56
6733,6733,4,16
6734,6734,4,38
6735,6735,4,18
6736,6736,4,22
6737,6737,5,39
6738,6738,5,16
6739,6739,5,18
6740,6740,5,23
6741,6741,6,60
6742,6742,6,24
6743,6743,6,15
6744,6744,6,23
6745,6745,7,36
6746,6746,7,31
6747,6747,7,21
6748,6748,7,21
6749,6749,8,47
6750,6750,8,18
6751,6751,8,18
6752,6752,8,28
6753,6753,9,35
6754,6754,9,9
6755,6755,9,17
6756,6756,9,16
6757,6757,10,42
6758,6758,10,22
6759,6759,10,9
6760,6760,10,12
6761,6761,11,28
6762,6762,11,24
6763,6763,11,42
6764,6764,11,40
6765,6765,12,34
6766,6766,12,37
6767,6767,12,20
6768,6768,12,26
6769,6769,13,34
6770,6770,13,25
6771,6771,13,19
6772,6772,13,40
6773,6773,14,37
6774,6774,14,37
6775,6775,14,27
6776,6776,14,23
6777,6777,15,37
6778,6778,15,35
6779,6779,15,17
6780,6780,15,31
6781,6781,16,58
6782,6782,16,30
6783,6783,16,53
6784,6784,16,22
6785,6785,17,61
6786,6786,17,24
6787,6787,17,34
6788,6788,17,57
6789,6789,18,25
6790,6790,18,49
6791,6791,18,33
6792,6792,18,24
6793,6793,19,41
6794,6794,19,41
6795,6795,19,35
6796,6796,19,29
6797,6797,20,49
6798,6798,20,27
6799,6799,20,29
6800,6800,20,51
6801,6801,21,43
6802,6802,21,29
6803,6803,21,28
6804,6804,21,30
6805,6805,22,38
6806,6806,22,24
6807,6807,22,18
6808,6808,22,52
6809,6809,23,48
6810,6810,23,30
6811,6811,23,28
6812,6812,23,49
6813,6813,24,48
6814,6814,24,20
6815,6815,24,30
6816,6816,24,24
6817,6817,25,21
6818,6818,25,15
6819,6819,25,12
6820,6820,25,44
6821,6821,26,64
6822,6822,26,36
6823,6823,26,19
6824,6824,26,26
6825,6825,27,45
6826,6826,27,46
6827,6827,27,27
6828,6828,27,49
6829,6829,28,52
6830,6830,28,35
6831,6831,28,22
6832,6832,28,16
6833,6833,29,35
6834,6834,29,11
6835,6835,29,17
6836,6836,29,30
6837,6837,30,57
6838,6838,30,28
6839,6839,30,33
6840,6840,30,36
6841,6841,31,68
6842,6842,31,42
6843,6843,31,31
6844,6844,31,34
6845,6845,32,40
6846,6846,32,13
6847,6847,32,18
6848,6848,32,38
6849,6849,33,58
6850,6850,33,36
6851,6851,33,20
6852,6852,33,27
6853,6853,34,40
6854,6854,34,35
6855,6855,34,23
6856,6856,34,21
6857,6857,35,22
6858,6858,35,18
6859,6859,35,17
6860,6860,35,47
6861,6861,1,43
6862,6862,1,40
6863,6863,1,18
6864,6864,1,47
6865,6865,2,27
6866,6866,2,24
6867,6867,2,31
6868,6868,2,19
6869,6869,3,27
6870,6870,3,15
6871,6871,3,16
6872,6872,3,39
6873,6873,4,44
6874,6874,4,42
6875,6875,4,24
6876,6876,4,34
6877,6877,5,18
6878,6878,5,38
6879,6879,5,17
6880,6880,5,24
6881,6881,6,57
6882,6882,6,18
6883,6883,6,12
6884,6884,6,65
6885,6885,7,38
6886,6886,7,19
6887,6887,7,23
6888,6888,7,48
6889,6889,8,14
6890,6890,8,17
6891,6891,8,24
6892,6892,8,56
6893,6893,9,40
6894,6894,9,26
6895,6895,9,17
6896,6896,9,43
6897,6897,10,39
6898,6898,10,22
6899,6899,10,19
6900,6900,10,33
6901,6901,11,49
6902,6902,11,30
6903,6903,11,27
6904,6904,11,24
6905,6905,12,76
6906,6906,12,47
6907,6907,12,23
6908,6908,12,28
6909,6909,13,44
6910,6910,13,14
6911,6911,13,36
6912,6912,13,56
6913,6913,14,44
6914,6914,14,34
6915,6915,14,23
6916,6916,14,19
6917,6917,15,52
6918,6918,15,27
6919,6919,15,16
6920,6920,15,16
6921,6921,16,26
6922,6922,16,14
6923,6923,16,12
6924,6924,16,45
6925,6925,17,70
6926,6926,17,45
6927,6927,17,33
6928,6928,17,49
6929,6929,18,46
6930,6930,18,30
6931,6931,18,9
6932,6932,18,24
6933,6933,19,41
6934,6934,19,49
6935,6935,19,13
6936,6936,19,29
6937,6937,20,35
6938,6938,20,21
6939,6939,20,24
6940,6940,20,35
6941,6941,21,63
6942,6942,21,21
6943,6943,21,19
6944,6944,21,22
6945,6945,22,38
6946,6946,22,45
6947,6947,22,24
6948,6948,22,44
6949,6949,23,64
6950,6950,23,23
6951,6951,23,41
6952,6952,23,22
6953,6953,24,43
6954,6954,24,25
6955,6955,24,17
6956,6956,24,28
6957,6957,25,24
6958,6958,25,11
6959,6959,25,10
6960,6960,25,45
6961,6961,26,31
6962,6962,26,28
6963,6963,26,28
6964,6964,26,56
6965,6965,27,54
6966,6966,27,40
6967,6967,27,23
6968,6968,27,24
6969,6969,28,54
6970,6970,28,21
6971,6971,28,38
6972,6972,28,26
6973,6973,29,48
6974,6974,29,32
6975,6975,29,17
6976,6976,29,21
6977,6977,30,47
6978,6978,30,33
6979,6979,30,21
6980,6980,30,49
6981,6981,31,46
6982,6982,31,22
6983,6983,31,40
6984,6984,31,25
6985,6985,32,19
6986,6986,32,46
6987,6987,32,17
6988,6988,32,28
6989,6989,33,57
6990,6990,33,35
6991,6991,33,20
6992,6992,33,44
6993,6993,34,30
6994,6994,34,19
6995,6995,34,28
6996,6996,34,19
6997,6997,35,27
6998,6998,35,18
6999,6999,35,30
7000,7000,35,23
7001,7001,1,27
7002,7002,1,44
7003,7003,1,27
7004,7004,1,33
7005,7005,2,33
7006,7006,2,35
7007,7007,2,61
7008,7008,2,28
7009,7009,3,52
7010,7010,3,46
7011,7011,3,19
7012,7012,3,30
7013,7013,4,40
7014,7014,4,39
7015,7015,4,10
7016,7016,4,23
7017,7017,5,57
7018,7018,5,30
7019,7019,5,22
7020,7020,5,43
7021,7021,6,28
7022,7022,6,23
7023,7023,6,29
7024,7024,6,22
7025,7025,7,43
7026,7026,7,27
7027,7027,7,33
7028,7028,7,25
7029,7029,8,32
7030,7030,8,48
7031,7031,8,16
7032,7032,8,39
7033,7033,9,47
7034,7034,9,53
7035,7035,9,25
7036,7036,9,13
7037,7037,10,44
7038,7038,10,29
7039,7039,10,19
7040,7040,10,53
7041,7041,11,59
7042,7042,11,39
7043,7043,11,32
7044,7044,11,6
7045,7045,12,36
7046,7046,12,23
7047,7047,12,16
7048,7048,12,53
7049,7049,13,86
7050,7050,13,47
7051,7051,13,17
7052,7052,13,21
7053,7053,14,34
7054,7054,14,26
7055,7055,14,20
7056,7056,14,26
7057,7057,15,67
7058,7058,15,45
7059,7059,15,18
7060,7060,15,53
7061,7061,16,33
7062,7062,16,25
7063,7063,16,24
7064,7064,16,34
7065,7065,17,35
7066,7066,17,24
7067,7067,17,5
7068,7068,17,28
7069,7069,18,33
7070,7070,18,22
7071,7071,18,17
7072,7072,18,24
7073,7073,19,56
7074,7074,19,21
7075,7075,19,36
7076,7076,19,25
7077,7077,20,17
7078,7078,20,33
7079,7079,20,18
7080,7080,20,66
7081,7081,21,26
7082,7082,21,41
7083,7083,21,34
7084,7084,21,35
7085,7085,22,79
7086,7086,22,35
7087,7087,22,14
7088,7088,22,23
7089,7089,23,35
7090,7090,23,20
7091,7091,23,24
7092,7092,23,56
7093,7093,24,73
7094,7094,24,23
7095,7095,24,19
7096,7096,24,49
7097,7097,25,66
7098,7098,25,42
7099,7099,25,14
7100,7100,25,81
7101,7101,26,50
7102,7102,26,34
7103,7103,26,19
7104,7104,26,30
7105,7105,27,27
7106,7106,27,28
7107,7107,27,22
7108,7108,27,50
7109,7109,28,44
7110,7110,28,40
7111,7111,28,19
7112,7112,28,55
7113,7113,29,61
7114,7114,29,52
7115,7115,29,49
7116,7116,29,53
7117,7117,30,78
7118,7118,30,42
7119,7119,30,15
7120,7120,30,46
7121,7121,31,66
7122,7122,31,60
7123,7123,31,36
7124,7124,31,66
7125,7125,32,50
7126,7126,32,10
7127,7127,32,26
7128,7128,32,50
7129,7129,33,36
7130,7130,33,33
7131,7131,33,49
7132,7132,33,32
7133,7133,34,50
7134,7134,34,62
7135,7135,34,24
7136,7136,34,28
7137,7137,35,37
7138,7138,35,45
7139,7139,35,11
7140,7140,35,28
7141,7141,1,49
7142,7142,1,58
7143,7143,1,38
7144,7144,1,31
7145,7145,2,55
7146,7146,2,41
7147,7147,2,39
7148,7148,2,25
7149,7149,3,71
7150,7150,3,32
7151,7151,3,38
7152,7152,3,58
7153,7153,4,28
7154,7154,4,65
7155,7155,4,17
7156,7156,4,52
7157,7157,5,57
7158,7158,5,41
7159,7159,5,28
7160,7160,5,45
7161,7161,6,59
7162,7162,6,34
7163,7163,6,37
7164,7164,6,49
7165,7165,7,67
7166,7166,7,44
7167,7167,7,32
7168,7168,7,45
7169,7169,8,30
7170,7170,8,45
7171,7171,8,25
7172,7172,8,61
7173,7173,9,30
7174,7174,9,66
7175,7175,9,34
7176,7176,9,57
7177,7177,10,43
7178,7178,10,43
7179,7179,10,29
7180,7180,10,30
7181,7181,11,50
7182,7182,11,34
7183,7183,11,16
7184,7184,11,57
7185,7185,12,56
7186,7186,12,12
7187,7187,12,17
7188,7188,12,62
7189,7189,13,55
7190,7190,13,20
7191,7191,13,33
7192,7192,13,103
7193,7193,14,27
7194,7194,14,41
7195,7195,14,27
7196,7196,14,35
7197,7197,15,35
7198,7198,15,33
7199,7199,15,41
7200,7200,15,61
7201,7201,16,50
7202,7202,16,41
7203,7203,16,22
7204,7204,16,61
7205,7205,17,67
7206,7206,17,38
7207,7207,17,38
7208,7208,17,80
7209,7209,18,46
7210,7210,18,34
7211,7211,18,14
7212,7212,18,51
7213,7213,19,39
7214,7214,19,44
7215,7215,19,44
7216,7216,19,40
7217,7217,20,20
7218,7218,20,29
7219,7219,20,20
7220,7220,20,49
7221,7221,21,75
7222,7222,21,25
7223,7223,21,23
7224,7224,21,34
7225,7225,22,102
7226,7226,22,12
7227,7227,22,53
7228,7228,22,33
7229,7229,23,43
7230,7230,23,55
7231,7231,23,49
7232,7232,23,13
7233,7233,24,31
7234,7234,24,48
7235,7235,24,8
7236,7236,24,59
7237,7237,25,46
7238,7238,25,65
7239,7239,25,31
7240,7240,25,31
7241,7241,26,46
7242,7242,26,21
7243,7243,26,40
7244,7244,26,41
7245,7245,27,23
7246,7246,27,50
7247,7247,27,51
7248,7248,27,26
7249,7249,28,90
7250,7250,28,53
7251,7251,28,44
7252,7252,28,55
7253,7253,29,28
7254,7254,29,50
7255,7255,29,15
7256,7256,29,37
7257,7257,30,36
7258,7258,30,33
7259,7259,30,26
7260,7260,30,27
7261,7261,31,59
7262,7262,31,26
7263,7263,31,41
7264,7264,31,29
7265,7265,32,51
7266,7266,32,75
7267,7267,32,62
7268,7268,32,21
7269,7269,33,39
7270,7270,33,40
7271,7271,33,32
7272,7272,33,69
7273,7273,34,46
7274,7274,34,20
7275,7275,34,20
7276,7276,34,61
7277,7277,35,51
7278,7278,35,32
7279,7279,35,28
7280,7280,35,93
7281,7281,1,44
7282,7282,1,76
7283,7283,1,43
7284,7284,1,63
7285,7285,2,72
7286,7286,2,22
7287,7287,2,25
7288,7288,2,54
7289,7289,3,53
7290,7290,3,50
7291,7291,3,20
7292,7292,3,86
7293,7293,4,96
7294,7294,4,49
7295,7295,4,43
7296,7296,4,64
7297,7297,5,60
7298,7298,5,71
7299,7299,5,36
7300,7300,5,64
7301,7301,6,45
7302,7302,6,13
7303,7303,6,28
7304,7304,6,44
7305,7305,7,95
7306,7306,7,26
7307,7307,7,41
7308,7308,7,54
7309,7309,8,80
7310,7310,8,23
7311,7311,8,31
7312,7312,8,62
7313,7313,9,40
7314,7314,9,84
7315,7315,9,25
7316,7316,9,40
7317,7317,10,109
7318,7318,10,29
7319,7319,10,37
7320,7320,10,46
7321,7321,11,42
7322,7322,11,58
7323,7323,11,29
7324,7324,11,86
7325,7325,12,48
7326,7326,12,35
7327,7327,12,40
7328,7328,12,65
7329,7329,13,72
7330,7330,13,64
7331,7331,13,24
7332,7332,13,100
7333,7333,14,82
7334,7334,14,54
7335,7335,14,27
7336,7336,14,47
7337,7337,15,58
7338,7338,15,37
7339,7339,15,54
7340,7340,15,60
7341,7341,16,77
7342,7342,16,46
7343,7343,16,34
7344,7344,16,54
7345,7345,17,43
7346,7346,17,81
7347,7347,17,59
7348,7348,17,44
7349,7349,18,57
7350,7350,18,26
7351,7351,18,19
7352,7352,18,54
7353,7353,19,73
7354,7354,19,36
7355,7355,19,25
7356,7356,19,27
7357,7357,20,70
7358,7358,20,52
7359,7359,20,24
7360,7360,20,47
7361,7361,21,49
7362,7362,21,31
7363,7363,21,27
7364,7364,21,38
7365,7365,22,62
7366,7366,22,35
7367,7367,22,32
7368,7368,22,76
7369,7369,23,72
7370,7370,23,60
7371,7371,23,31
7372,7372,23,26
7373,7373,24,65
7374,7374,24,52
7375,7375,24,17
7376,7376,24,48
7377,7377,25,53
7378,7378,25,30
7379,7379,25,51
7380,7380,25,65
7381,7381,26,82
7382,7382,26,59
7383,7383,26,40
7384,7384,26,32
7385,7385,27,56
7386,7386,27,59
7387,7387,27,38
7388,7388,27,59
7389,7389,28,49
7390,7390,28,44
7391,7391,28,25
7392,7392,28,48
7393,7393,29,40
7394,7394,29,17
7395,7395,29,50
7396,7396,29,81
7397,7397,30,44
7398,7398,30,40
7399,7399,30,50
7400,7400,30,112
7401,7401,31,43
7402,7402,31,59
7403,7403,31,63
7404,7404,31,52
7405,7405,32,68
7406,7406,32,34
7407,7407,32,19
7408,7408,32,44
7409,7409,33,51
7410,7410,33,40
7411,7411,33,41
7412,7412,33,25
7413,7413,34,47
7414,7414,34,39
7415,7415,34,41
7416,7416,34,99
7417,7417,35,64
7418,7418,35,43
7419,7419,35,39
7420,7420,35,50
7421,7421,1,30
7422,7422,1,35
7423,7423,1,62
7424,7424,1,55
7425,7425,2,62
7426,7426,2,81
7427,7427,2,54
7428,7428,2,70
7429,7429,3,79
7430,7430,3,44
7431,7431,3,59
7432,7432,3,90
7433,7433,4,61
7434,7434,4,56
7435,7435,4,85
7436,7436,4,43
7437,7437,5,103
7438,7438,5,51
7439,7439,5,31
7440,7440,5,81
7441,7441,6,30
7442,7442,6,38
7443,7443,6,42
7444,7444,6,80
7445,7445,7,65
7446,7446,7,67
7447,7447,7,27
7448,7448,7,83
7449,7449,8,77
7450,7450,8,48
7451,7451,8,70
7452,7452,8,65
7453,7453,9,69
7454,7454,9,50
7455,7455,9,47
7456,7456,9,109
7457,7457,10,129
7458,7458,10,41
7459,7459,10,32
7460,7460,10,106
7461,7461,11,49
7462,7462,11,41
7463,7463,11,84
7464,7464,11,54
7465,7465,12,139
7466,7466,12,56
7467,7467,12,41
7468,7468,12,63
7469,7469,13,110
7470,7470,13,84
7471,7471,13,38
7472,7472,13,38
7473,7473,14,84
7474,7474,14,133
7475,7475,14,39
7476,7476,14,88
7477,7477,15,58
7478,7478,15,83
7479,7479,15,35
7480,7480,15,72
7481,7481,16,109
7482,7482,16,85
7483,7483,16,7
7484,7484,16,64
7485,7485,17,129
7486,7486,17,24
7487,7487,17,40
7488,7488,17,35
7489,7489,18,91
7490,7490,18,23
7491,7491,18,44
7492,7492,18,44
7493,7493,19,89
7494,7494,19,43
7495,7495,19,75
7496,7496,19,57
7497,7497,20,124
7498,7498,20,79
7499,7499,20,38
7500,7500,20,88
7501,7501,21,81
7502,7502,21,49
7503,7503,21,59
7504,7504,21,35
7505,7505,22,63
7506,7506,22,117
7507,7507,22,52
7508,7508,22,112
7509,7509,23,61
7510,7510,23,52
7511,7511,23,39
7512,7512,23,100
7513,7513,24,88
7514,7514,24,52
7515,7515,24,75
7516,7516,24,76
7517,7517,25,87
7518,7518,25,78
7519,7519,25,58
7520,7520,25,60
7521,7521,26,83
7522,7522,26,46
7523,7523,26,43
7524,7524,26,69
7525,7525,27,128
7526,7526,27,92
7527,7527,27,19
7528,7528,27,36
7529,7529,28,42
7530,7530,28,57
7531,7531,28,43
7532,7532,28,43
7533,7533,29,73
7534,7534,29,99
7535,7535,29,61
7536,7536,29,90
7537,7537,30,45
7538,7538,30,50
7539,7539,30,43
7540,7540,30,61
7541,7541,31,88
7542,7542,31,74
7543,7543,31,44
7544,7544,31,106
7545,7545,32,99
7546,7546,32,73
7547,7547,32,50
7548,7548,32,46
7549,7549,33,63
7550,7550,33,61
7551,7551,33,87
7552,7552,33,106
7553,7553,34,41
7554,7554,34,34
7555,7555,34,32
7556,7556,34,71
7557,7557,35,76
7558,7558,35,13
7559,7559,35,29
7560,7560,35,34
7561,7561,1,131
7562,7562,1,76
7563,7563,1,34
7564,7564,1,11
7565,7565,2,61
7566,7566,2,54
7567,7567,2,39
7568,7568,2,70
7569,7569,3,67
7570,7570,3,60
7571,7571,3,43
7572,7572,3,56
7573,7573,4,85
7574,7574,4,124
7575,7575,4,36
7576,7576,4,57
7577,7577,5,69
7578,7578,5,41
7579,7579,5,24
7580,7580,5,94
7581,7581,6,102
7582,7582,6,30
7583,7583,6,29
7584,7584,6,67
7585,7585,7,90
7586,7586,7,49
7587,7587,7,52
7588,7588,7,47
7589,7589,8,90
7590,7590,8,32
7591,7591,8,31
7592,7592,8,81
7593,7593,9,104
7594,7594,9,32
7595,7595,9,45
7596,7596,9,78
7597,7597,10,105
7598,7598,10,54
7599,7599,10,32
7600,7600,10,34
7601,7601,11,81
7602,7602,11,58
7603,7603,11,116
7604,7604,11,50
7605,7605,12,111
7606,7606,12,45
7607,7607,12,47
7608,7608,12,73
7609,7609,13,55
7610,7610,13,63
7611,7611,13,50
7612,7612,13,52
7613,7613,14,61
7614,7614,14,58
7615,7615,14,30
7616,7616,14,66
7617,7617,15,120
7618,7618,15,59
7619,7619,15,31
7620,7620,15,67
7621,7621,16,77
7622,7622,16,90
7623,7623,16,42
7624,7624,16,71
7625,7625,17,66
7626,7626,17,100
7627,7627,17,92
7628,7628,17,85
7629,7629,18,83
7630,7630,18,54
7631,7631,18,65
7632,7632,18,60
7633,7633,19,56
7634,7634,19,91
7635,7635,19,37
7636,7636,19,95
7637,7637,20,117
7638,7638,20,60
7639,7639,20,42
7640,7640,20,103
7641,7641,21,73
7642,7642,21,36
7643,7643,21,69
7644,7644,21,107
7645,7645,22,64
7646,7646,22,86
7647,7647,22,24
7648,7648,22,71
7649,7649,23,89
7650,7650,23,45
7651,7651,23,73
7652,7652,23,81
7653,7653,24,102
7654,7654,24,31
7655,7655,24,37
7656,7656,24,84
7657,7657,25,66
7658,7658,25,23
7659,7659,25,43
7660,7660,25,85
7661,7661,26,97
7662,7662,26,59
7663,7663,26,65
7664,7664,26,91
7665,7665,27,81
7666,7666,27,39
7667,7667,27,33
7668,7668,27,54
7669,7669,28,92
7670,7670,28,32
7671,7671,28,45
7672,7672,28,52
7673,7673,29,104
7674,7674,29,35
7675,7675,29,29
7676,7676,29,46
7677,7677,30,53
7678,7678,30,100
7679,7679,30,22
7680,7680,30,95
7681,7681,31,64
7682,7682,31,21
7683,7683,31,32
7684,7684,31,37
7685,7685,32,81
7686,7686,32,60
7687,7687,32,68
7688,7688,32,70
7689,7689,33,70
7690,7690,33,69
7691,7691,33,37
7692,7692,33,63
7693,7693,34,49
7694,7694,34,31
7695,7695,34,37
7696,7696,34,48
7697,7697,35,65
7698,7698,35,45
7699,7699,35,26
7700,7700,35,62
7701,7701,1,17
7702,7702,1,18
7703,7703,1,36
7704,7704,1,26
7705,7705,2,34
7706,7706,2,26
7707,7707,2,27
7708,7708,2,44
7709,7709,3,52
7710,7710,3,17
7711,7711,3,19
7712,7712,3,44
7713,7713,4,60
7714,7714,4,22
7715,7715,4,20
7716,7716,4,27
7717,7717,5,36
7718,7718,5,29
7719,7719,5,23
7720,7720,5,29
7721,7721,6,43
7722,7722,6,23
7723,7723,6,18
7724,7724,6,23
7725,7725,7,29
7726,7726,7,27
7727,7727,7,9
7728,7728,7,56
7729,7729,8,35
7730,7730,8,36
7731,7731,8,27
7732,7732,8,27
7733,7733,9,23
7734,7734,9,18
7735,7735,9,21
7736,7736,9,20
7737,7737,10,44
7738,7738,10,15
7739,7739,10,7
7740,7740,10,21
7741,7741,11,28
7742,7742,11,41
7743,7743,11,34
7744,7744,11,17
7745,7745,12,57
7746,7746,12,27
7747,7747,12,6
7748,7748,12,30
7749,7749,13,17
7750,7750,13,34
7751,7751,13,9
7752,7752,13,49
7753,7753,14,30
7754,7754,14,32
7755,7755,14,23
7756,7756,14,17
7757,7757,15,65
7758,7758,15,42
7759,7759,15,19
7760,7760,15,38
7761,7761,16,30
7762,7762,16,25
7763,7763,16,31
7764,7764,16,28
7765,7765,17,58
7766,7766,17,37
7767,7767,17,7
7768,7768,17,35
7769,7769,18,40
7770,7770,18,28
7771,7771,18,23
7772,7772,18,27
7773,7773,19,54
7774,7774,19,33
7775,7775,19,12
7776,7776,19,48
7777,7777,20,28
7778,7778,20,52
7779,7779,20,19
7780,7780,20,48
7781,7781,21,85
7782,7782,21,38
7783,7783,21,12
7784,7784,21,38
7785,7785,22,43
7786,7786,22,20
7787,7787,22,13
7788,7788,22,44
7789,7789,23,17
7790,7790,23,20
7791,7791,23,26
7792,7792,23,22
7793,7793,24,65
7794,7794,24,41
7795,7795,24,20
7796,7796,24,25
7797,7797,25,33
7798,7798,25,43
7799,7799,25,11
7800,7800,25,18
7801,7801,26,29
7802,7802,26,32
7803,7803,26,19
7804,7804,26,28
7805,7805,27,26
7806,7806,27,49
7807,7807,27,38
7808,7808,27,47
7809,7809,28,71
7810,7810,28,22
7811,7811,28,32
7812,7812,28,30
7813,7813,29,20
7814,7814,29,16
7815,7815,29,26
7816,7816,29,42
7817,7817,30,44
7818,7818,30,28
7819,7819,30,50
7820,7820,30,62
7821,7821,31,79
7822,7822,31,20
7823,7823,31,15
7824,7824,31,57
7825,7825,32,20
7826,7826,32,23
7827,7827,32,40
7828,7828,32,12
7829,7829,33,34
7830,7830,33,15
7831,7831,33,19
7832,7832,33,60
7833,7833,34,30
7834,7834,34,20
7835,7835,34,30
7836,7836,34,34
7837,7837,35,25
7838,7838,35,23
7839,7839,35,33
7840,7840,35,51
7841,7841,1,62
7842,7842,1,19
7843,7843,1,21
7844,7844,1,29
7845,7845,2,30
7846,7846,2,16
7847,7847,2,24
7848,7848,2,30
7849,7849,3,38
7850,7850,3,33
7851,7851,3,26
7852,7852,3,17
7853,7853,4,46
7854,7854,4,15
7855,7855,4,22
7856,7856,4,42
7857,7857,5,36
7858,7858,5,21
7859,7859,5,23
7860,7860,5,52
7861,7861,6,54
7862,7862,6,28
7863,7863,6,26
7864,7864,6,23
7865,7865,7,38
7866,7866,7,14
7867,7867,7,33
7868,7868,7,33
7869,7869,8,35
7870,7870,8,9
7871,7871,8,22
7872,7872,8,35
7873,7873,9,53
7874,7874,9,23
7875,7875,9,25
7876,7876,9,52
7877,7877,10,30
7878,7878,10,10
7879,7879,10,13
7880,7880,10,33
7881,7881,11,58
7882,7882,11,18
7883,7883,11,22
7884,7884,11,33
7885,7885,12,39
7886,7886,12,36
7887,7887,12,22
7888,7888,12,19
7889,7889,13,62
7890,7890,13,33
7891,7891,13,34
7892,7892,13,27
7893,7893,14,50
7894,7894,14,37
7895,7895,14,18
7896,7896,14,22
7897,7897,15,24
7898,7898,15,21
7899,7899,15,31
7900,7900,15,26
7901,7901,16,36
7902,7902,16,24
7903,7903,16,6
7904,7904,16,24
7905,7905,17,29
7906,7906,17,41
7907,7907,17,14
7908,7908,17,12
7909,7909,18,43
7910,7910,18,29
7911,7911,18,15
7912,7912,18,54
7913,7913,19,24
7914,7914,19,23
7915,7915,19,27
7916,7916,19,57
7917,7917,20,80
7918,7918,20,14
7919,7919,20,15
7920,7920,20,56
7921,7921,21,56
7922,7922,21,37
7923,7923,21,25
7924,7924,21,14
7925,7925,22,37
7926,7926,22,28
7927,7927,22,50
7928,7928,22,24
7929,7929,23,69
7930,7930,23,55
7931,7931,23,20
7932,7932,23,25
7933,7933,24,39
7934,7934,24,19
7935,7935,24,10
7936,7936,24,23
7937,7937,25,51
7938,7938,25,30
7939,7939,25,26
7940,7940,25,33
7941,7941,26,37
7942,7942,26,12
7943,7943,26,18
7944,7944,26,24
7945,7945,27,22
7946,7946,27,25
7947,7947,27,18
7948,7948,27,9
7949,7949,28,53
7950,7950,28,21
7951,7951,28,23
7952,7952,28,43
7953,7953,29,43
7954,7954,29,36
7955,7955,29,22
7956,7956,29,22
7957,7957,30,47
7958,7958,30,18
7959,7959,30,36
7960,7960,30,36
7961,7961,31,25
7962,7962,31,41
7963,7963,31,24
7964,7964,31,33
7965,7965,32,30
7966,7966,32,21
7967,7967,32,25
7968,7968,32,38
7969,7969,33,77
7970,7970,33,19
7971,7971,33,19
7972,7972,33,24
7973,7973,34,46
7974,7974,34,42
7975,7975,34,26
7976,7976,34,25
7977,7977,35,30
7978,7978,35,16
7979,7979,35,21
7980,7980,35,76
7981,7981,1,53
7982,7982,1,28
7983,7983,1,30
7984,7984,1,57
7985,7985,2,54
7986,7986,2,49
7987,7987,2,54
7988,7988,2,18
7989,7989,3,44
7990,7990,3,27
7991,7991,3,29
7992,7992,3,41
7993,7993,4,46
7994,7994,4,23
7995,7995,4,17
7996,7996,4,80
7997,7997,5,31
7998,7998,5,37
7999,7999,5,14
8000,8000,5,22
8001,8001,6,50
8002,8002,6,40
8003,8003,6,16
8004,8004,6,40
8005,8005,7,49
8006,8006,7,18
8007,8007,7,22
8008,8008,7,79
8009,8009,8,36
8010,8010,8,26
8011,8011,8,45
8012,8012,8,21
8013,8013,9,65
8014,8014,9,35
8015,8015,9,19
8016,8016,9,38
8017,8017,10,14
8018,8018,10,20
8019,8019,10,22
8020,8020,10,21
8021,8021,11,70
8022,8022,11,25
8023,8023,11,41
8024,8024,11,45
8025,8025,12,60
8026,8026,12,37
8027,8027,12,21
8028,8028,12,24
8029,8029,13,32
8030,8030,13,21
8031,8031,13,18
8032,8032,13,59
8033,8033,14,53
8034,8034,14,40
8035,8035,14,23
8036,8036,14,32
8037,8037,15,62
8038,8038,15,14
8039,8039,15,26
8040,8040,15,28
8041,8041,16,38
8042,8042,16,39
8043,8043,16,43
8044,8044,16,104
8045,8045,17,34
8046,8046,17,57
8047,8047,17,63
8048,8048,17,36
8049,8049,18,36
8050,8050,18,24
8051,8051,18,12
8052,8052,18,29
8053,8053,19,59
8054,8054,19,25
8055,8055,19,20
8056,8056,19,26
8057,8057,20,43
8058,8058,20,56
8059,8059,20,29
8060,8060,20,69
8061,8061,21,69
8062,8062,21,27
8063,8063,21,47
8064,8064,21,53
8065,8065,22,34
8066,8066,22,36
8067,8067,22,18
8068,8068,22,28
8069,8069,23,42
8070,8070,23,29
8071,8071,23,17
8072,8072,23,62
8073,8073,24,14
8074,8074,24,26
8075,8075,24,10
8076,8076,24,57
8077,8077,25,37
8078,8078,25,24
8079,8079,25,23
8080,8080,25,53
8081,8081,26,51
8082,8082,26,41
8083,8083,26,35
8084,8084,26,38
8085,8085,27,44
8086,8086,27,29
8087,8087,27,11
8088,8088,27,43
8089,8089,28,91
8090,8090,28,34
8091,8091,28,38
8092,8092,28,36
8093,8093,29,49
8094,8094,29,30
8095,8095,29,23
8096,8096,29,53
8097,8097,30,65
8098,8098,30,27
8099,8099,30,36
8100,8100,30,76
8101,8101,31,32
8102,8102,31,40
8103,8103,31,29
8104,8104,31,57
8105,8105,32,54
8106,8106,32,49
8107,8107,32,21
8108,8108,32,30
8109,8109,33,40
8110,8110,33,20
8111,8111,33,28
8112,8112,33,36
8113,8113,34,65
8114,8114,34,27
8115,8115,34,19
8116,8116,34,28
8117,8117,35,40
8118,8118,35,19
8119,8119,35,15
8120,8120,35,17
8121,8121,1,46
8122,8122,1,50
8123,8123,1,43
8124,8124,1,41
8125,8125,2,51
8126,8126,2,32
8127,8127,2,20
8128,8128,2,34
8129,8129,3,38
8130,8130,3,28
8131,8131,3,22
8132,8132,3,59
8133,8133,4,49
8134,8134,4,44
8135,8135,4,42
8136,8136,4,57
8137,8137,5,27
8138,8138,5,41
8139,8139,5,44
8140,8140,5,29
8141,8141,6,51
8142,8142,6,28
8143,8143,6,31
8144,8144,6,52
8145,8145,7,37
8146,8146,7,51
8147,8147,7,32
8148,8148,7,42
8149,8149,8,44
8150,8150,8,34
8151,8151,8,17
8152,8152,8,63
8153,8153,9,44
8154,8154,9,18
8155,8155,9,32
8156,8156,9,38
8157,8157,10,37
8158,8158,10,22
8159,8159,10,18
8160,8160,10,26
8161,8161,11,34
8162,8162,11,32
8163,8163,11,14
8164,8164,11,31
8165,8165,12,48
8166,8166,12,28
8167,8167,12,28
8168,8168,12,61
8169,8169,13,58
8170,8170,13,52
8171,8171,13,21
8172,8172,13,53
8173,8173,14,50
8174,8174,14,20
8175,8175,14,38
8176,8176,14,43
8177,8177,15,64
8178,8178,15,37
8179,8179,15,12
8180,8180,15,36
8181,8181,16,66
8182,8182,16,47
8183,8183,16,27
8184,8184,16,30
8185,8185,17,37
8186,8186,17,68
8187,8187,17,27
8188,8188,17,6
8189,8189,18,58
8190,8190,18,19
8191,8191,18,29
8192,8192,18,22
8193,8193,19,63
8194,8194,19,41
8195,8195,19,27
8196,8196,19,48
8197,8197,20,25
8198,8198,20,45
8199,8199,20,22
8200,8200,20,51
8201,8201,21,47
8202,8202,21,48
8203,8203,21,35
8204,8204,21,20
8205,8205,22,50
8206,8206,22,41
8207,8207,22,33
8208,8208,22,34
8209,8209,23,55
8210,8210,23,70
8211,8211,23,17
8212,8212,23,14
8213,8213,24,117
8214,8214,24,26
8215,8215,24,15
8216,8216,24,18
8217,8217,25,57
8218,8218,25,61
8219,8219,25,50
8220,8220,25,38
8221,8221,26,41
8222,8222,26,26
8223,8223,26,41
8224,8224,26,34
8225,8225,27,36
8226,8226,27,60
8227,8227,27,30
8228,8228,27,18
8229,8229,28,45
8230,8230,28,59
8231,8231,28,39
8232,8232,28,42
8233,8233,29,41
8234,8234,29,27
8235,8235,29,66
8236,8236,29,53
8237,8237,30,48
8238,8238,30,20
8239,8239,30,38
8240,8240,30,45
8241,8241,31,61
8242,8242,31,12
8243,8243,31,70
8244,8244,31,75
8245,8245,32,63
8246,8246,32,15
8247,8247,32,23
8248,8248,32,36
8249,8249,33,26
8250,8250,33,35
8251,8251,33,49
8252,8252,33,66
8253,8253,34,41
8254,8254,34,49
8255,8255,34,19
8256,8256,34,45
8257,8257,35,94
8258,8258,35,23
8259,8259,35,25
8260,8260,35,42
8261,8261,1,89
8262,8262,1,55
8263,8263,1,39
8264,8264,1,58
8265,8265,2,59
8266,8266,2,46
8267,8267,2,47
8268,8268,2,51
8269,8269,3,28
8270,8270,3,60
8271,8271,3,34
8272,8272,3,77
8273,8273,4,53
8274,8274,4,57
8275,8275,4,24
8276,8276,4,44
8277,8277,5,68
8278,8278,5,38
8279,8279,5,25
8280,8280,5,34
8281,8281,6,93
8282,8282,6,31
8283,8283,6,56
8284,8284,6,50
8285,8285,7,46
8286,8286,7,72
8287,8287,7,65
8288,8288,7,63
8289,8289,8,77
8290,8290,8,59
8291,8291,8,29
8292,8292,8,75
8293,8293,9,44
8294,8294,9,43
8295,8295,9,76
8296,8296,9,42
8297,8297,10,122
8298,8298,10,28
8299,8299,10,21
8300,8300,10,72
8301,8301,11,82
8302,8302,11,50
8303,8303,11,65
8304,8304,11,25
8305,8305,12,52
8306,8306,12,71
8307,8307,12,15
8308,8308,12,72
8309,8309,13,113
8310,8310,13,40
8311,8311,13,39
8312,8312,13,35
8313,8313,14,91
8314,8314,14,34
8315,8315,14,40
8316,8316,14,44
8317,8317,15,64
8318,8318,15,38
8319,8319,15,46
8320,8320,15,29
8321,8321,16,63
8322,8322,16,45
8323,8323,16,25
8324,8324,16,18
8325,8325,17,107
8326,8326,17,32
8327,8327,17,19
8328,8328,17,18
8329,8329,18,52
8330,8330,18,50
8331,8331,18,29
8332,8332,18,52
8333,8333,19,55
8334,8334,19,38
8335,8335,19,22
8336,8336,19,44
8337,8337,20,54
8338,8338,20,47
8339,8339,20,27
8340,8340,20,25
8341,8341,21,75
8342,8342,21,39
8343,8343,21,13
8344,8344,21,43
8345,8345,22,45
8346,8346,22,49
8347,8347,22,55
8348,8348,22,45
8349,8349,23,68
8350,8350,23,31
8351,8351,23,54
8352,8352,23,43
8353,8353,24,49
8354,8354,24,43
8355,8355,24,41
8356,8356,24,23
8357,8357,25,69
8358,8358,25,29
8359,8359,25,41
8360,8360,25,22
8361,8361,26,55
8362,8362,26,56
8363,8363,26,39
8364,8364,26,68
8365,8365,27,45
8366,8366,27,24
8367,8367,27,33
8368,8368,27,45
8369,8369,28,81
8370,8370,28,38
8371,8371,28,33
8372,8372,28,29
8373,8373,29,48
8374,8374,29,63
8375,8375,29,26
8376,8376,29,66
8377,8377,30,83
8378,8378,30,38
8379,8379,30,26
8380,8380,30,85
8381,8381,31,77
8382,8382,31,82
8383,8383,31,54
8384,8384,31,32
8385,8385,32,74
8386,8386,32,44
8387,8387,32,21
8388,8388,32,76
8389,8389,33,40
8390,8390,33,83
8391,8391,33,56
8392,8392,33,48
8393,8393,34,89
8394,8394,34,52
8395,8395,34,43
8396,8396,34,82
8397,8397,35,59
8398,8398,35,14
8399,8399,35,58
8400,8400,35,74
8401,8401,1,34
8402,8402,1,55
8403,8403,1,49
8404,8404,1,89
8405,8405,2,134
8406,8406,2,56
8407,8407,2,44
8408,8408,2,98
8409,8409,3,72
8410,8410,3,26
8411,8411,3,32
8412,8412,3,47
8413,8413,4,79
8414,8414,4,26
8415,8415,4,42
8416,8416,4,72
8417,8417,5,99
8418,8418,5,25
8419,8419,5,39
8420,8420,5,109
8421,8421,6,104
8422,8422,6,42
8423,8423,6,63
8424,8424,6,110
8425,8425,7,67
8426,8426,7,89
8427,8427,7,43
8428,8428,7,70
8429,8429,8,122
8430,8430,8,46
8431,8431,8,38
8432,8432,8,106
8433,8433,9,133
8434,8434,9,77
8435,8435,9,28
8436,8436,9,66
8437,8437,10,164
8438,8438,10,42
8439,8439,10,43
8440,8440,10,90
8441,8441,11,91
8442,8442,11,36
8443,8443,11,45
8444,8444,11,58
8445,8445,12,90
8446,8446,12,52
8447,8447,12,52
8448,8448,12,102
8449,8449,13,70
8450,8450,13,81
8451,8451,13,64
8452,8452,13,76
8453,8453,14,80
8454,8454,14,56
8455,8455,14,66
8456,8456,14,92
8457,8457,15,91
8458,8458,15,44
8459,8459,15,41
8460,8460,15,44
8461,8461,16,64
8462,8462,16,71
8463,8463,16,32
8464,8464,16,48
8465,8465,17,88
8466,8466,17,72
8467,8467,17,31
8468,8468,17,93
8469,8469,18,75
8470,8470,18,58
8471,8471,18,35
8472,8472,18,117
8473,8473,19,93
8474,8474,19,27
8475,8475,19,24
8476,8476,19,55
8477,8477,20,100
8478,8478,20,30
8479,8479,20,54
8480,8480,20,80
8481,8481,21,80
8482,8482,21,59
8483,8483,21,41
8484,8484,21,64
8485,8485,22,74
8486,8486,22,72
8487,8487,22,29
8488,8488,22,103
8489,8489,23,49
8490,8490,23,103
8491,8491,23,26
8492,8492,23,66
8493,8493,24,99
8494,8494,24,63
8495,8495,24,54
8496,8496,24,51
8497,8497,25,59
8498,8498,25,73
8499,8499,25,71
8500,8500,25,96
8501,8501,26,139
8502,8502,26,66
8503,8503,26,43
8504,8504,26,34
8505,8505,27,91
8506,8506,27,45
8507,8507,27,50
8508,8508,27,117
8509,8509,28,73
8510,8510,28,78
8511,8511,28,34
8512,8512,28,42
8513,8513,29,80
8514,8514,29,57
8515,8515,29,38
8516,8516,29,66
8517,8517,30,86
8518,8518,30,45
8519,8519,30,39
8520,8520,30,23
8521,8521,31,51
8522,8522,31,59
8523,8523,31,61
8524,8524,31,92
8525,8525,32,75
8526,8526,32,66
8527,8527,32,24
8528,8528,32,78
8529,8529,33,97
8530,8530,33,50
8531,8531,33,56
8532,8532,33,80
8533,8533,34,65
8534,8534,34,72
8535,8535,34,79
8536,8536,34,71
8537,8537,35,72
8538,8538,35,71
8539,8539,35,65
8540,8540,35,50
8541,8541,1,64
8542,8542,1,34
8543,8543,1,13
8544,8544,1,123
8545,8545,2,101
8546,8546,2,97
8547,8547,2,26
8548,8548,2,66
8549,8549,3,91
8550,8550,3,47
8551,8551,3,37
8552,8552,3,67
8553,8553,4,80
8554,8554,4,76
8555,8555,4,47
8556,8556,4,57
8557,8557,5,55
8558,8558,5,62
8559,8559,5,30
8560,8560,5,69
8561,8561,6,109
8562,8562,6,32
8563,8563,6,79
8564,8564,6,65
8565,8565,7,87
8566,8566,7,54
8567,8567,7,39
8568,8568,7,61
8569,8569,8,84
8570,8570,8,80
8571,8571,8,84
8572,8572,8,77
8573,8573,9,101
8574,8574,9,31
8575,8575,9,66
8576,8576,9,42
8577,8577,10,118
8578,8578,10,31
8579,8579,10,31
8580,8580,10,83
8581,8581,11,66
8582,8582,11,64
8583,8583,11,39
8584,8584,11,54
8585,8585,12,52
8586,8586,12,53
8587,8587,12,42
8588,8588,12,74
8589,8589,13,65
8590,8590,13,44
8591,8591,13,46
8592,8592,13,75
8593,8593,14,21
8594,8594,14,81
8595,8595,14,63
8596,8596,14,103
8597,8597,15,82
8598,8598,15,78
8599,8599,15,25
8600,8600,15,39
8601,8601,16,93
8602,8602,16,46
8603,8603,16,59
8604,8604,16,83
8605,8605,17,180
8606,8606,17,44
8607,8607,17,45
8608,8608,17,88
8609,8609,18,63
8610,8610,18,45
8611,8611,18,90
8612,8612,18,48
8613,8613,19,80
8614,8614,19,48
8615,8615,19,68
8616,8616,19,61
8617,8617,20,77
8618,8618,20,29
8619,8619,20,31
8620,8620,20,65
8621,8621,21,86
8622,8622,21,74
8623,8623,21,55
8624,8624,21,40
8625,8625,22,99
8626,8626,22,89
8627,8627,22,66
8628,8628,22,71
8629,8629,23,76
8630,8630,23,45
8631,8631,23,48
8632,8632,23,51
8633,8633,24,29
8634,8634,24,42
8635,8635,24,64
8636,8636,24,121
8637,8637,25,107
8638,8638,25,19
8639,8639,25,61
8640,8640,25,76
8641,8641,26,48
8642,8642,26,58
8643,8643,26,30
8644,8644,26,23
8645,8645,27,111
8646,8646,27,111
8647,8647,27,16
8648,8648,27,50
8649,8649,28,98
8650,8650,28,90
8651,8651,28,106
8652,8652,28,67
8653,8653,29,125
8654,8654,29,89
8655,8655,29,35
8656,8656,29,34
8657,8657,30,69
8658,8658,30,73
8659,8659,30,35
8660,8660,30,56
8661,8661,31,79
8662,8662,31,31
8663,8663,31,24
8664,8664,31,100
8665,8665,32,43
8666,8666,32,55
8667,8667,32,28
8668,8668,32,41
8669,8669,33,58
8670,8670,33,89
8671,8671,33,24
8672,8672,33,61
8673,8673,34,40
8674,8674,34,43
8675,8675,34,62
8676,8676,34,37
8677,8677,35,35
8678,8678,35,52
8679,8679,35,60
8680,8680,35,48
8681,8681,1,40
8682,8682,1,18
8683,8683,1,35
8684,8684,1,38
8685,8685,2,35
8686,8686,2,11
8687,8687,2,24
8688,8688,2,30
8689,8689,3,64
8690,8690,3,51
8691,8691,3,29
8692,8692,3,37
8693,8693,4,28
8694,8694,4,46
8695,8695,4,26
8696,8696,4,32
8697,8697,5,18
8698,8698,5,21
8699,8699,5,17
8700,8700,5,31
8701,8701,6,40
8702,8702,6,23
8703,8703,6,20
8704,8704,6,47
8705,8705,7,30
8706,8706,7,26
8707,8707,7,19
8708,8708,7,37
8709,8709,8,36
8710,8710,8,21
8711,8711,8,27
8712,8712,8,29
8713,8713,9,44
8714,8714,9,26
8715,8715,9,22
8716,8716,9,37
8717,8717,10,66
8718,8718,10,20
8719,8719,10,17
8720,8720,10,22
8721,8721,11,42
8722,8722,11,34
8723,8723,11,24
8724,8724,11,30
8725,8725,12,43
8726,8726,12,30
8727,8727,12,21
8728,8728,12,34
8729,8729,13,16
8730,8730,13,29
8731,8731,13,10
8732,8732,13,40
8733,8733,14,55
8734,8734,14,16
8735,8735,14,21
8736,8736,14,32
8737,8737,15,52
8738,8738,15,25
8739,8739,15,49
8740,8740,15,42
8741,8741,16,66
8742,8742,16,31
8743,8743,16,33
8744,8744,16,32
8745,8745,17,33
8746,8746,17,35
8747,8747,17,11
8748,8748,17,49
8749,8749,18,57
8750,8750,18,14
8751,8751,18,17
8752,8752,18,17
8753,8753,19,49
8754,8754,19,15
8755,8755,19,18
8756,8756,19,24
8757,8757,20,44
8758,8758,20,11
8759,8759,20,37
8760,8760,20,43
8761,8761,21,11
8762,8762,21,27
8763,8763,21,8
8764,8764,21,27
8765,8765,22,39
8766,8766,22,52
8767,8767,22,42
8768,8768,22,25
8769,8769,23,33
8770,8770,23,35
8771,8771,23,42
8772,8772,23,21
8773,8773,24,41
8774,8774,24,25
8775,8775,24,37
8776,8776,24,26
8777,8777,25,40
8778,8778,25,20
8779,8779,25,28
8780,8780,25,9
8781,8781,26,35
8782,8782,26,25
8783,8783,26,12
8784,8784,26,22
8785,8785,27,37
8786,8786,27,19
8787,8787,27,26
8788,8788,27,23
8789,8789,28,35
8790,8790,28,49
8791,8791,28,15
8792,8792,28,20
8793,8793,29,20
8794,8794,29,26
8795,8795,29,23
8796,8796,29,43
8797,8797,30,53
8798,8798,30,38
8799,8799,30,29
8800,8800,30,32
8801,8801,31,34
8802,8802,31,17
8803,8803,31,51
8804,8804,31,47
8805,8805,32,32
8806,8806,32,24
8807,8807,32,22
8808,8808,32,49
8809,8809,33,42
8810,8810,33,30
8811,8811,33,24
8812,8812,33,35
8813,8813,34,43
8814,8814,34,26
8815,8815,34,23
8816,8816,34,40
8817,8817,35,37
8818,8818,35,49
8819,8819,35,34
8820,8820,35,28
8821,8821,1,24
8822,8822,1,48
8823,8823,1,5
8824,8824,1,24
8825,8825,2,22
8826,8826,2,14
8827,8827,2,43
8828,8828,2,30
8829,8829,3,26
8830,8830,3,43
8831,8831,3,37
8832,8832,3,17
8833,8833,4,31
8834,8834,4,12
8835,8835,4,43
8836,8836,4,37
8837,8837,5,32
8838,8838,5,27
8839,8839,5,20
8840,8840,5,28
8841,8841,6,21
8842,8842,6,50
8843,8843,6,26
8844,8844,6,47
8845,8845,7,42
8846,8846,7,17
8847,8847,7,26
8848,8848,7,49
8849,8849,8,73
8850,8850,8,29
8851,8851,8,28
8852,8852,8,38
8853,8853,9,34
8854,8854,9,28
8855,8855,9,15
8856,8856,9,26
8857,8857,10,25
8858,8858,10,28
8859,8859,10,32
8860,8860,10,22
8861,8861,11,31
8862,8862,11,22
8863,8863,11,12
8864,8864,11,47
8865,8865,12,22
8866,8866,12,24
8867,8867,12,34
8868,8868,12,14
8869,8869,13,38
8870,8870,13,51
8871,8871,13,16
8872,8872,13,15
8873,8873,14,41
8874,8874,14,20
8875,8875,14,14
8876,8876,14,20
8877,8877,15,24
8878,8878,15,54
8879,8879,15,15
8880,8880,15,30
8881,8881,16,34
8882,8882,16,23
8883,8883,16,21
8884,8884,16,44
8885,8885,17,39
8886,8886,17,34
8887,8887,17,19
8888,8888,17,18
8889,8889,18,36
8890,8890,18,55
8891,8891,18,13
8892,8892,18,27
8893,8893,19,12
8894,8894,19,30
8895,8895,19,17
8896,8896,19,42
8897,8897,20,56
8898,8898,20,36
8899,8899,20,16
8900,8900,20,35
8901,8901,21,45
8902,8902,21,15
8903,8903,21,34
8904,8904,21,44
8905,8905,22,39
8906,8906,22,20
8907,8907,22,33
8908,8908,22,33
8909,8909,23,24
8910,8910,23,35
8911,8911,23,14
8912,8912,23,35
8913,8913,24,36
8914,8914,24,22
8915,8915,24,37
8916,8916,24,25
8917,8917,25,30
8918,8918,25,48
8919,8919,25,24
8920,8920,25,35
8921,8921,26,61
8922,8922,26,22
8923,8923,26,24
8924,8924,26,31
8925,8925,27,24
8926,8926,27,40
8927,8927,27,12
8928,8928,27,23
8929,8929,28,47
8930,8930,28,25
8931,8931,28,19
8932,8932,28,28
8933,8933,29,27
8934,8934,29,34
8935,8935,29,20
8936,8936,29,18
8937,8937,30,41
8938,8938,30,18
8939,8939,30,16
8940,8940,30,12
8941,8941,31,35
8942,8942,31,32
8943,8943,31,35
8944,8944,31,22
8945,8945,32,56
8946,8946,32,18
8947,8947,32,28
8948,8948,32,15
8949,8949,33,55
8950,8950,33,52
8951,8951,33,29
8952,8952,33,13
8953,8953,34,38
8954,8954,34,30
8955,8955,34,31
8956,8956,34,44
8957,8957,35,19
8958,8958,35,31
8959,8959,35,17
8960,8960,35,36
8961,8961,1,45
8962,8962,1,48
8963,8963,1,17
8964,8964,1,28
8965,8965,2,47
8966,8966,2,41
8967,8967,2,39
8968,8968,2,65
8969,8969,3,21
8970,8970,3,20
8971,8971,3,15
8972,8972,3,36
8973,8973,4,60
8974,8974,4,22
8975,8975,4,41
8976,8976,4,45
8977,8977,5,27
8978,8978,5,26
8979,8979,5,36
8980,8980,5,32
8981,8981,6,44
8982,8982,6,43
8983,8983,6,33
8984,8984,6,62
8985,8985,7,32
8986,8986,7,35
8987,8987,7,20
8988,8988,7,35
8989,8989,8,39
8990,8990,8,43
8991,8991,8,27
8992,8992,8,23
8993,8993,9,48
8994,8994,9,32
8995,8995,9,20
8996,8996,9,9
8997,8997,10,45
8998,8998,10,27
8999,8999,10,27
9000,9000,10,71
9001,9001,11,46
9002,9002,11,16
9003,9003,11,24
9004,9004,11,21
9005,9005,12,32
9006,9006,12,53
9007,9007,12,27
9008,9008,12,43
9009,9009,13,27
9010,9010,13,16
9011,9011,13,33
9012,9012,13,59
9013,9013,14,51
9014,9014,14,14
9015,9015,14,27
9016,9016,14,20
9017,9017,15,80
9018,9018,15,22
9019,9019,15,6
9020,9020,15,61
9021,9021,16,25
9022,9022,16,40
9023,9023,16,23
9024,9024,16,37
9025,9025,17,57
9026,9026,17,34
9027,9027,17,44
9028,9028,17,48
9029,9029,18,52
9030,9030,18,24
9031,9031,18,28
9032,9032,18,32
9033,9033,19,67
9034,9034,19,15
9035,9035,19,29
9036,9036,19,50
9037,9037,20,25
9038,9038,20,27
9039,9039,20,17
9040,9040,20,69
9041,9041,21,36
9042,9042,21,16
9043,9043,21,14
9044,9044,21,39
9045,9045,22,40
9046,9046,22,5
9047,9047,22,47
9048,9048,22,28
9049,9049,23,51
9050,9050,23,32
9051,9051,23,14
9052,9052,23,46
9053,9053,24,79
9054,9054,24,62
9055,9055,24,31
9056,9056,24,18
9057,9057,25,54
9058,9058,25,38
9059,9059,25,18
9060,9060,25,33
9061,9061,26,46
9062,9062,26,13
9063,9063,26,14
9064,9064,26,62
9065,9065,27,48
9066,9066,27,36
9067,9067,27,27
9068,9068,27,33
9069,9069,28,32
9070,9070,28,11
9071,9071,28,26
9072,9072,28,22
9073,9073,29,53
9074,9074,29,21
9075,9075,29,27
9076,9076,29,41
9077,9077,30,24
9078,9078,30,34
9079,9079,30,41
9080,9080,30,40
9081,9081,31,74
9082,9082,31,28
9083,9083,31,16
9084,9084,31,18
9085,9085,32,51
9086,9086,32,37
9087,9087,32,25
9088,9088,32,19
9089,9089,33,48
9090,9090,33,51
9091,9091,33,32
9092,9092,33,54
9093,9093,34,58
9094,9094,34,27
9095,9095,34,30
9096,9096,34,51
9097,9097,35,47
9098,9098,35,44
9099,9099,35,19
9100,9100,35,19
9101,9101,1,32
9102,9102,1,54
9103,9103,1,26
9104,9104,1,34
9105,9105,2,35
9106,9106,2,36
9107,9107,2,26
9108,9108,2,94
9109,9109,3,90
9110,9110,3,55
9111,9111,3,25
9112,9112,3,33
9113,9113,4,33
9114,9114,4,27
9115,9115,4,37
9116,9116,4,59
9117,9117,5,60
9118,9118,5,43
9119,9119,5,14
9120,9120,5,45
9121,9121,6,63
9122,9122,6,36
9123,9123,6,20
9124,9124,6,22
9125,9125,7,42
9126,9126,7,37
9127,9127,7,30
9128,9128,7,64
9129,9129,8,36
9130,9130,8,30
9131,9131,8,9
9132,9132,8,47
9133,9133,9,67
9134,9134,9,53
9135,9135,9,9
9136,9136,9,63
9137,9137,10,88
9138,9138,10,21
9139,9139,10,12
9140,9140,10,23
9141,9141,11,58
9142,9142,11,34
9143,9143,11,7
9144,9144,11,34
9145,9145,12,60
9146,9146,12,51
9147,9147,12,22
9148,9148,12,38
9149,9149,13,32
9150,9150,13,33
9151,9151,13,16
9152,9152,13,68
9153,9153,14,62
9154,9154,14,35
9155,9155,14,39
9156,9156,14,17
9157,9157,15,33
9158,9158,15,35
9159,9159,15,62
9160,9160,15,33
9161,9161,16,56
9162,9162,16,44
9163,9163,16,34
9164,9164,16,21
9165,9165,17,43
9166,9166,17,42
9167,9167,17,15
9168,9168,17,47
9169,9169,18,65
9170,9170,18,52
9171,9171,18,59
9172,9172,18,28
9173,9173,19,44
9174,9174,19,20
9175,9175,19,40
9176,9176,19,31
9177,9177,20,55
9178,9178,20,15
9179,9179,20,29
9180,9180,20,27
9181,9181,21,62
9182,9182,21,17
9183,9183,21,37
9184,9184,21,35
9185,9185,22,38
9186,9186,22,21
9187,9187,22,35
9188,9188,22,42
9189,9189,23,37
9190,9190,23,88
9191,9191,23,43
9192,9192,23,55
9193,9193,24,48
9194,9194,24,31
9195,9195,24,51
9196,9196,24,53
9197,9197,25,71
9198,9198,25,21
9199,9199,25,38
9200,9200,25,44
9201,9201,26,63
9202,9202,26,43
9203,9203,26,13
9204,9204,26,4
9205,9205,27,23
9206,9206,27,38
9207,9207,27,27
9208,9208,27,52
9209,9209,28,82
9210,9210,28,67
9211,9211,28,24
9212,9212,28,35
9213,9213,29,103
9214,9214,29,49
9215,9215,29,26
9216,9216,29,43
9217,9217,30,41
9218,9218,30,34
9219,9219,30,52
9220,9220,30,56
9221,9221,31,49
9222,9222,31,47
9223,9223,31,9
9224,9224,31,92
9225,9225,32,61
9226,9226,32,26
9227,9227,32,31
9228,9228,32,38
9229,9229,33,80
9230,9230,33,19
9231,9231,33,55
9232,9232,33,97
9233,9233,34,61
9234,9234,34,45
9235,9235,34,24
9236,9236,34,44
9237,9237,35,44
9238,9238,35,38
9239,9239,35,31
9240,9240,35,70
9241,9241,1,45
9242,9242,1,24
9243,9243,1,35
9244,9244,1,50
9245,9245,2,79
9246,9246,2,73
9247,9247,2,27
9248,9248,2,51
9249,9249,3,65
9250,9250,3,59
9251,9251,3,35
9252,9252,3,81
9253,9253,4,44
9254,9254,4,39
9255,9255,4,29
9256,9256,4,52
9257,9257,5,87
9258,9258,5,48
9259,9259,5,23
9260,9260,5,72
9261,9261,6,59
9262,9262,6,41
9263,9263,6,54
9264,9264,6,41
9265,9265,7,97
9266,9266,7,39
9267,9267,7,15
9268,9268,7,84
9269,9269,8,82
9270,9270,8,27
9271,9271,8,34
9272,9272,8,63
9273,9273,9,77
9274,9274,9,37
9275,9275,9,25
9276,9276,9,50
9277,9277,10,75
9278,9278,10,30
9279,9279,10,42
9280,9280,10,48
9281,9281,11,42
9282,9282,11,43
9283,9283,11,71
9284,9284,11,87
9285,9285,12,57
9286,9286,12,40
9287,9287,12,45
9288,9288,12,62
9289,9289,13,92
9290,9290,13,30
9291,9291,13,43
9292,9292,13,56
9293,9293,14,61
9294,9294,14,34
9295,9295,14,52
9296,9296,14,66
9297,9297,15,60
9298,9298,15,75
9299,9299,15,14
9300,9300,15,52
9301,9301,16,83
9302,9302,16,37
9303,9303,16,49
9304,9304,16,60
9305,9305,17,75
9306,9306,17,71
9307,9307,17,21
9308,9308,17,84
9309,9309,18,99
9310,9310,18,44
9311,9311,18,70
9312,9312,18,57
9313,9313,19,54
9314,9314,19,35
9315,9315,19,25
9316,9316,19,22
9317,9317,20,74
9318,9318,20,59
9319,9319,20,44
9320,9320,20,33
9321,9321,21,37
9322,9322,21,32
9323,9323,21,45
9324,9324,21,35
9325,9325,22,74
9326,9326,22,47
9327,9327,22,39
9328,9328,22,52
9329,9329,23,74
9330,9330,23,68
9331,9331,23,33
9332,9332,23,81
9333,9333,24,69
9334,9334,24,53
9335,9335,24,19
9336,9336,24,49
9337,9337,25,58
9338,9338,25,56
9339,9339,25,35
9340,9340,25,50
9341,9341,26,40
9342,9342,26,38
9343,9343,26,50
9344,9344,26,57
9345,9345,27,61
9346,9346,27,28
9347,9347,27,59
9348,9348,27,49
9349,9349,28,56
9350,9350,28,33
9351,9351,28,43
9352,9352,28,67
9353,9353,29,72
9354,9354,29,38
9355,9355,29,27
9356,9356,29,59
9357,9357,30,42
9358,9358,30,28
9359,9359,30,83
9360,9360,30,109
9361,9361,31,47
9362,9362,31,19
9363,9363,31,23
9364,9364,31,40
9365,9365,32,69
9366,9366,32,48
9367,9367,32,47
9368,9368,32,44
9369,9369,33,78
9370,9370,33,89
9371,9371,33,22
9372,9372,33,83
9373,9373,34,48
9374,9374,34,35
9375,9375,34,29
9376,9376,34,118
9377,9377,35,48
9378,9378,35,65
9379,9379,35,20
9380,9380,35,27
9381,9381,1,66
9382,9382,1,25
9383,9383,1,50
9384,9384,1,60
9385,9385,2,58
9386,9386,2,34
9387,9387,2,54
9388,9388,2,96
9389,9389,3,33
9390,9390,3,83
9391,9391,3,26
9392,9392,3,102
9393,9393,4,59
9394,9394,4,109
9395,9395,4,37
9396,9396,4,59
9397,9397,5,67
9398,9398,5,57
9399,9399,5,42
9400,9400,5,73
9401,9401,6,63
9402,9402,6,48
9403,9403,6,56
9404,9404,6,77
9405,9405,7,68
9406,9406,7,44
9407,9407,7,55
9408,9408,7,68
9409,9409,8,137
9410,9410,8,35
9411,9411,8,20
9412,9412,8,118
9413,9413,9,82
9414,9414,9,78
9415,9415,9,60
9416,9416,9,92
9417,9417,10,97
9418,9418,10,52
9419,9419,10,35
9420,9420,10,100
9421,9421,11,67
9422,9422,11,62
9423,9423,11,45
9424,9424,11,113
9425,9425,12,120
9426,9426,12,83
9427,9427,12,60
9428,9428,12,71
9429,9429,13,125
9430,9430,13,92
9431,9431,13,47
9432,9432,13,62
9433,9433,14,97
9434,9434,14,54
9435,9435,14,32
9436,9436,14,108
9437,9437,15,49
9438,9438,15,37
9439,9439,15,73
9440,9440,15,73
9441,9441,16,124
9442,9442,16,89
9443,9443,16,21
9444,9444,16,61
9445,9445,17,60
9446,9446,17,55
9447,9447,17,29
9448,9448,17,68
9449,9449,18,64
9450,9450,18,51
9451,9451,18,55
9452,9452,18,94
9453,9453,19,120
9454,9454,19,99
9455,9455,19,30
9456,9456,19,71
9457,9457,20,50
9458,9458,20,46
9459,9459,20,65
9460,9460,20,45
9461,9461,21,74
9462,9462,21,61
9463,9463,21,86
9464,9464,21,72
9465,9465,22,113
9466,9466,22,67
9467,9467,22,42
9468,9468,22,42
9469,9469,23,59
9470,9470,23,62
9471,9471,23,50
9472,9472,23,78
9473,9473,24,78
9474,9474,24,23
9475,9475,24,72
9476,9476,24,73
9477,9477,25,88
9478,9478,25,61
9479,9479,25,40
9480,9480,25,47
9481,9481,26,42
9482,9482,26,99
9483,9483,26,88
9484,9484,26,60
9485,9485,27,49
9486,9486,27,37
9487,9487,27,25
9488,9488,27,49
9489,9489,28,60
9490,9490,28,54
9491,9491,28,16
9492,9492,28,121
9493,9493,29,169
9494,9494,29,82
9495,9495,29,70
9496,9496,29,60
9497,9497,30,77
9498,9498,30,79
9499,9499,30,38
9500,9500,30,52
9501,9501,31,86
9502,9502,31,36
9503,9503,31,63
9504,9504,31,85
9505,9505,32,81
9506,9506,32,51
9507,9507,32,34
9508,9508,32,76
9509,9509,33,31
9510,9510,33,72
9511,9511,33,61
9512,9512,33,77
9513,9513,34,74
9514,9514,34,28
9515,9515,34,67
9516,9516,34,45
9517,9517,35,147
9518,9518,35,36
9519,9519,35,57
9520,9520,35,61
9521,9521,1,47
9522,9522,1,91
9523,9523,1,20
9524,9524,1,44
9525,9525,2,94
9526,9526,2,35
9527,9527,2,100
9528,9528,2,38
9529,9529,3,54
9530,9530,3,100
9531,9531,3,42
9532,9532,3,61
9533,9533,4,122
9534,9534,4,57
9535,9535,4,19
9536,9536,4,50
9537,9537,5,113
9538,9538,5,39
9539,9539,5,91
9540,9540,5,40
9541,9541,6,98
9542,9542,6,85
9543,9543,6,44
9544,9544,6,61
9545,9545,7,105
9546,9546,7,71
9547,9547,7,28
9548,9548,7,70
9549,9549,8,45
9550,9550,8,44
9551,9551,8,38
9552,9552,8,36
9553,9553,9,97
9554,9554,9,41
9555,9555,9,38
9556,9556,9,49
9557,9557,10,42
9558,9558,10,36
9559,9559,10,45
9560,9560,10,105
9561,9561,11,50
9562,9562,11,22
9563,9563,11,22
9564,9564,11,66
9565,9565,12,92
9566,9566,12,43
9567,9567,12,35
9568,9568,12,47
9569,9569,13,72
9570,9570,13,73
9571,9571,13,37
9572,9572,13,75
9573,9573,14,102
9574,9574,14,30
9575,9575,14,26
9576,9576,14,82
9577,9577,15,77
9578,9578,15,40
9579,9579,15,74
9580,9580,15,64
9581,9581,16,78
9582,9582,16,45
9583,9583,16,35
9584,9584,16,59
9585,9585,17,59
9586,9586,17,44
9587,9587,17,36
9588,9588,17,21
9589,9589,18,61
9590,9590,18,81
9591,9591,18,48
9592,9592,18,32
9593,9593,19,78
9594,9594,19,32
9595,9595,19,70
9596,9596,19,74
9597,9597,20,87
9598,9598,20,51
9599,9599,20,60
9600,9600,20,53
9601,9601,21,89
9602,9602,21,96
9603,9603,21,34
9604,9604,21,56
9605,9605,22,167
9606,9606,22,47
9607,9607,22,46
9608,9608,22,62
9609,9609,23,82
9610,9610,23,53
9611,9611,23,49
9612,9612,23,88
9613,9613,24,37
9614,9614,24,23
9615,9615,24,40
9616,9616,24,29
9617,9617,25,75
9618,9618,25,61
9619,9619,25,63
9620,9620,25,43
9621,9621,26,68
9622,9622,26,54
9623,9623,26,47
9624,9624,26,43
9625,9625,27,47
9626,9626,27,62
9627,9627,27,39
9628,9628,27,71
9629,9629,28,43
9630,9630,28,67
9631,9631,28,36
9632,9632,28,56
9633,9633,29,82
9634,9634,29,77
9635,9635,29,39
9636,9636,29,70
9637,9637,30,93
9638,9638,30,33
9639,9639,30,56
9640,9640,30,56
9641,9641,31,97
9642,9642,31,68
9643,9643,31,38
9644,9644,31,46
9645,9645,32,93
9646,9646,32,71
9647,9647,32,52
9648,9648,32,56
9649,9649,33,90
9650,9650,33,24
9651,9651,33,58
9652,9652,33,105
9653,9653,34,76
9654,9654,34,64
9655,9655,34,33
9656,9656,34,30
9657,9657,35,138
9658,9658,35,71
9659,9659,35,41
9660,9660,35,65
9661,9661,1,36
9662,9662,1,45
9663,9663,1,22
9664,9664,1,39
9665,9665,2,47
9666,9666,2,18
9667,9667,2,18
9668,9668,2,42
9669,9669,3,56
9670,9670,3,44
9671,9671,3,11
9672,9672,3,15
9673,9673,4,40
9674,9674,4,15
9675,9675,4,40
9676,9676,4,35
9677,9677,5,53
9678,9678,5,48
9679,9679,5,14
9680,9680,5,42
9681,9681,6,47
9682,9682,6,31
9683,9683,6,22
9684,9684,6,19
9685,9685,7,51
9686,9686,7,40
9687,9687,7,21
9688,9688,7,36
9689,9689,8,39
9690,9690,8,16
9691,9691,8,41
9692,9692,8,26
9693,9693,9,29
9694,9694,9,28
9695,9695,9,14
9696,9696,9,26
9697,9697,10,50
9698,9698,10,30
9699,9699,10,43
9700,9700,10,38
9701,9701,11,50
9702,9702,11,42
9703,9703,11,21
9704,9704,11,32
9705,9705,12,36
9706,9706,12,42
9707,9707,12,20
9708,9708,12,20
9709,9709,13,48
9710,9710,13,36
9711,9711,13,19
9712,9712,13,31
9713,9713,14,25
9714,9714,14,31
9715,9715,14,18
9716,9716,14,64
9717,9717,15,53
9718,9718,15,48
9719,9719,15,15
9720,9720,15,67
9721,9721,16,30
9722,9722,16,28
9723,9723,16,24
9724,9724,16,63
9725,9725,17,26
9726,9726,17,15
9727,9727,17,54
9728,9728,17,51
9729,9729,18,41
9730,9730,18,28
9731,9731,18,37
9732,9732,18,36
9733,9733,19,29
9734,9734,19,26
9735,9735,19,17
9736,9736,19,37
9737,9737,20,65
9738,9738,20,18
9739,9739,20,33
9740,9740,20,43
9741,9741,21,38
9742,9742,21,67
9743,9743,21,23
9744,9744,21,21
9745,9745,22,39
9746,9746,22,54
9747,9747,22,20
9748,9748,22,36
9749,9749,23,32
9750,9750,23,45
9751,9751,23,26
9752,9752,23,39
9753,9753,24,54
9754,9754,24,28
9755,9755,24,4
9756,9756,24,25
9757,9757,25,23
9758,9758,25,51
9759,9759,25,28
9760,9760,25,38
9761,9761,26,42
9762,9762,26,37
9763,9763,26,9
9764,9764,26,52
9765,9765,27,47
9766,9766,27,37
9767,9767,27,12
9768,9768,27,26
9769,9769,28,59
9770,9770,28,37
9771,9771,28,17
9772,9772,28,28
9773,9773,29,43
9774,9774,29,45
9775,9775,29,20
9776,9776,29,49
9777,9777,30,34
9778,9778,30,33
9779,9779,30,31
9780,9780,30,52
9781,9781,31,31
9782,9782,31,38
9783,9783,31,35
9784,9784,31,46
9785,9785,32,59
9786,9786,32,23
9787,9787,32,32
9788,9788,32,34
9789,9789,33,51
9790,9790,33,30
9791,9791,33,34
9792,9792,33,20
9793,9793,34,27
9794,9794,34,19
9795,9795,34,19
9796,9796,34,21
9797,9797,35,47
9798,9798,35,33
9799,9799,35,42
9800,9800,35,20
9801,9801,1,77
9802,9802,1,49
9803,9803,1,25
9804,9804,1,64
9805,9805,2,37
9806,9806,2,13
9807,9807,2,20
9808,9808,2,24
9809,9809,3,44
9810,9810,3,42
9811,9811,3,38
9812,9812,3,47
9813,9813,4,56
9814,9814,4,39
9815,9815,4,28
9816,9816,4,39
9817,9817,5,37
9818,9818,5,33
9819,9819,5,25
9820,9820,5,38
9821,9821,6,58
9822,9822,6,34
9823,9823,6,15
9824,9824,6,18
9825,9825,7,36
9826,9826,7,18
9827,9827,7,29
9828,9828,7,15
9829,9829,8,45
9830,9830,8,19
9831,9831,8,22
9832,9832,8,37
9833,9833,9,44
9834,9834,9,43
9835,9835,9,47
9836,9836,9,33
9837,9837,10,26
9838,9838,10,68
9839,9839,10,32
9840,9840,10,59
9841,9841,11,30
9842,9842,11,50
9843,9843,11,34
9844,9844,11,38
9845,9845,12,36
9846,9846,12,34
9847,9847,12,40
9848,9848,12,40
9849,9849,13,71
9850,9850,13,21
9851,9851,13,16
9852,9852,13,19
9853,9853,14,55
9854,9854,14,18
9855,9855,14,22
9856,9856,14,38
9857,9857,15,46
9858,9858,15,27
9859,9859,15,8
9860,9860,15,23
9861,9861,16,71
9862,9862,16,17
9863,9863,16,36
9864,9864,16,19
9865,9865,17,34
9866,9866,17,17
9867,9867,17,34
9868,9868,17,21
9869,9869,18,29
9870,9870,18,23
9871,9871,18,32
9872,9872,18,48
9873,9873,19,65
9874,9874,19,42
9875,9875,19,11
9876,9876,19,32
9877,9877,20,43
9878,9878,20,15
9879,9879,20,14
9880,9880,20,24
9881,9881,21,18
9882,9882,21,35
9883,9883,21,19
9884,9884,21,31
9885,9885,22,29
9886,9886,22,31
9887,9887,22,25
9888,9888,22,34
9889,9889,23,17
9890,9890,23,12
9891,9891,23,21
9892,9892,23,27
9893,9893,24,39
9894,9894,24,24
9895,9895,24,40
9896,9896,24,44
9897,9897,25,25
9898,9898,25,30
9899,9899,25,40
9900,9900,25,17
9901,9901,26,34
9902,9902,26,36
9903,9903,26,15
9904,9904,26,28
9905,9905,27,23
9906,9906,27,25
9907,9907,27,25
9908,9908,27,21
9909,9909,28,24
9910,9910,28,37
9911,9911,28,30
9912,9912,28,26
9913,9913,29,16
9914,9914,29,25
9915,9915,29,12
9916,9916,29,41
9917,9917,30,70
9918,9918,30,50
9919,9919,30,18
9920,9920,30,18
9921,9921,31,34
9922,9922,31,47
9923,9923,31,22
9924,9924,31,25
9925,9925,32,38
9926,9926,32,19
9927,9927,32,19
9928,9928,32,46
9929,9929,33,33
9930,9930,33,14
9931,9931,33,24
9932,9932,33,28
9933,9933,34,24
9934,9934,34,18
9935,9935,34,22
9936,9936,34,52
9937,9937,35,31
9938,9938,35,17
9939,9939,35,17
9940,9940,35,34
9941,9941,1,79
9942,9942,1,20
9943,9943,1,21
9944,9944,1,37
9945,9945,2,34
9946,9946,2,30
9947,9947,2,30
9948,9948,2,37
9949,9949,3,43
9950,9950,3,18
9951,9951,3,35
9952,9952,3,48
9953,9953,4,56
9954,9954,4,21
9955,9955,4,32
9956,9956,4,42
9957,9957,5,58
9958,9958,5,44
9959,9959,5,34
9960,9960,5,51
9961,9961,6,62
9962,9962,6,14
9963,9963,6,23
9964,9964,6,35
9965,9965,7,67
9966,9966,7,37
9967,9967,7,30
9968,9968,7,26
9969,9969,8,66
9970,9970,8,57
9971,9971,8,33
9972,9972,8,59
9973,9973,9,65
9974,9974,9,48
9975,9975,9,14
9976,9976,9,37
9977,9977,10,56
9978,9978,10,21
9979,9979,10,34
9980,9980,10,48
9981,9981,11,26
9982,9982,11,37
9983,9983,11,15
9984,9984,11,23
9985,9985,12,85
9986,9986,12,24
9987,9987,12,27
9988,9988,12,56
9989,9989,13,47
9990,9990,13,30
9991,9991,13,59
9992,9992,13,19
9993,9993,14,38
9994,9994,14,14
9995,9995,14,45
9996,9996,14,27
9997,9997,15,19
9998,9998,15,36
9999,9999,15,17
10000,10000,15,40
10001,10001,16,41
10002,10002,16,38
10003,10003,16,19
10004,10004,16,58
10005,10005,17,31
10006,10006,17,54
10007,10007,17,50
10008,10008,17,44
10009,10009,18,53
10010,10010,18,23
10011,10011,18,34
10012,10012,18,39
10013,10013,19,72
10014,10014,19,24
10015,10015,19,28
10016,10016,19,28
10017,10017,20,28
10018,10018,20,38
10019,10019,20,22
10020,10020,20,37
10021,10021,21,36
10022,10022,21,34
10023,10023,21,27
10024,10024,21,33
10025,10025,22,61
10026,10026,22,30
10027,10027,22,21
10028,10028,22,24
10029,10029,23,30
10030,10030,23,37
10031,10031,23,20
10032,10032,23,39
10033,10033,24,22
10034,10034,24,54
10035,10035,24,17
10036,10036,24,25
10037,10037,25,76
10038,10038,25,31
10039,10039,25,16
10040,10040,25,22
10041,10041,26,40
10042,10042,26,29
10043,10043,26,32
10044,10044,26,59
10045,10045,27,30
10046,10046,27,21
10047,10047,27,20
10048,10048,27,42
10049,10049,28,22
10050,10050,28,34
10051,10051,28,21
10052,10052,28,13
10053,10053,29,53
10054,10054,29,41
10055,10055,29,39
10056,10056,29,38
10057,10057,30,34
10058,10058,30,16
10059,10059,30,52
10060,10060,30,66
10061,10061,31,79
10062,10062,31,20
10063,10063,31,2
10064,10064,31,62
10065,10065,32,32
10066,10066,32,41
10067,10067,32,37
10068,10068,32,29
10069,10069,33,64
10070,10070,33,31
10071,10071,33,38
10072,10072,33,8
10073,10073,34,55
10074,10074,34,30
10075,10075,34,13
10076,10076,34,24
10077,10077,35,64
10078,10078,35,52
10079,10079,35,11
10080,10080,35,63
10081,10081,1,35
10082,10082,1,26
10083,10083,1,26
10084,10084,1,23
10085,10085,2,72
10086,10086,2,24
10087,10087,2,34
10088,10088,2,49
10089,10089,3,40
10090,10090,3,53
10091,10091,3,38
10092,10092,3,27
10093,10093,4,55
10094,10094,4,22
10095,10095,4,51
10096,10096,4,24
10097,10097,5,59
10098,10098,5,41
10099,10099,5,38
10100,10100,5,28
10101,10101,6,48
10102,10102,6,70
10103,10103,6,46
10104,10104,6,19
10105,10105,7,63
10106,10106,7,20
10107,10107,7,36
10108,10108,7,32
10109,10109,8,62
10110,10110,8,10
10111,10111,8,27
10112,10112,8,42
10113,10113,9,41
10114,10114,9,19
10115,10115,9,13
10116,10116,9,39
10117,10117,10,69
10118,10118,10,21
10119,10119,10,28
10120,10120,10,22
10121,10121,11,57
10122,10122,11,32
10123,10123,11,17
10124,10124,11,29
10125,10125,12,33
10126,10126,12,22
10127,10127,12,34
10128,10128,12,39
10129,10129,13,55
10130,10130,13,23
10131,10131,13,61
10132,10132,13,35
10133,10133,14,59
10134,10134,14,30
10135,10135,14,44
10136,10136,14,26
10137,10137,15,45
10138,10138,15,58
10139,10139,15,34
10140,10140,15,33
10141,10141,16,43
10142,10142,16,33
10143,10143,16,46
10144,10144,16,82
10145,10145,17,37
10146,10146,17,45
10147,10147,17,13
10148,10148,17,61
10149,10149,18,72
10150,10150,18,51
10151,10151,18,45
10152,10152,18,20
10153,10153,19,44
10154,10154,19,48
10155,10155,19,37
10156,10156,19,53
10157,10157,20,54
10158,10158,20,26
10159,10159,20,42
10160,10160,20,42
10161,10161,21,85
10162,10162,21,26
10163,10163,21,16
10164,10164,21,48
10165,10165,22,41
10166,10166,22,30
10167,10167,22,45
10168,10168,22,53
10169,10169,23,64
10170,10170,23,27
10171,10171,23,39
10172,10172,23,62
10173,10173,24,90
10174,10174,24,20
10175,10175,24,34
10176,10176,24,61
10177,10177,25,49
10178,10178,25,64
10179,10179,25,42
10180,10180,25,26
10181,10181,26,87
10182,10182,26,27
10183,10183,26,27
10184,10184,26,68
10185,10185,27,77
10186,10186,27,57
10187,10187,27,19
10188,10188,27,57
10189,10189,28,98
10190,10190,28,24
10191,10191,28,30
10192,10192,28,44
10193,10193,29,50
10194,10194,29,50
10195,10195,29,20
10196,10196,29,59
10197,10197,30,49
10198,10198,30,31
10199,10199,30,36
10200,10200,30,49
10201,10201,31,54
10202,10202,31,28
10203,10203,31,21
10204,10204,31,41
10205,10205,32,37
10206,10206,32,24
10207,10207,32,23
10208,10208,32,61
10209,10209,33,89
10210,10210,33,71
10211,10211,33,51
10212,10212,33,8
10213,10213,34,27
10214,10214,34,25
10215,10215,34,68
10216,10216,34,25
10217,10217,35,62
10218,10218,35,44
10219,10219,35,37
10220,10220,35,60
10221,10221,1,27
10222,10222,1,34
10223,10223,1,37
10224,10224,1,53
10225,10225,2,47
10226,10226,2,37
10227,10227,2,48
10228,10228,2,36
10229,10229,3,50
10230,10230,3,28
10231,10231,3,34
10232,10232,3,41
10233,10233,4,77
10234,10234,4,65
10235,10235,4,64
10236,10236,4,51
10237,10237,5,37
10238,10238,5,44
10239,10239,5,27
10240,10240,5,64
10241,10241,6,18
10242,10242,6,47
10243,10243,6,44
10244,10244,6,71
10245,10245,7,53
10246,10246,7,76
10247,10247,7,43
10248,10248,7,40
10249,10249,8,60
10250,10250,8,52
10251,10251,8,23
10252,10252,8,40
10253,10253,9,53
10254,10254,9,41
10255,10255,9,59
10256,10256,9,37
10257,10257,10,131
10258,10258,10,60
10259,10259,10,35
10260,10260,10,37
10261,10261,11,105
10262,10262,11,17
10263,10263,11,37
10264,10264,11,53
10265,10265,12,48
10266,10266,12,59
10267,10267,12,54
10268,10268,12,32
10269,10269,13,38
10270,10270,13,31
10271,10271,13,14
10272,10272,13,55
10273,10273,14,128
10274,10274,14,41
10275,10275,14,27
10276,10276,14,73
10277,10277,15,61
10278,10278,15,40
10279,10279,15,31
10280,10280,15,66
10281,10281,16,51
10282,10282,16,44
10283,10283,16,43
10284,10284,16,59
10285,10285,17,72
10286,10286,17,41
10287,10287,17,66
10288,10288,17,63
10289,10289,18,43
10290,10290,18,49
10291,10291,18,48
10292,10292,18,84
10293,10293,19,36
10294,10294,19,33
10295,10295,19,37
10296,10296,19,64
10297,10297,20,41
10298,10298,20,64
10299,10299,20,38
10300,10300,20,79
10301,10301,21,99
10302,10302,21,27
10303,10303,21,60
10304,10304,21,44
10305,10305,22,66
10306,10306,22,63
10307,10307,22,36
10308,10308,22,61
10309,10309,23,42
10310,10310,23,51
10311,10311,23,35
10312,10312,23,39
10313,10313,24,57
10314,10314,24,28
10315,10315,24,50
10316,10316,24,51
10317,10317,25,65
10318,10318,25,62
10319,10319,25,17
10320,10320,25,42
10321,10321,26,64
10322,10322,26,65
10323,10323,26,34
10324,10324,26,54
10325,10325,27,38
10326,10326,27,47
10327,10327,27,31
10328,10328,27,94
10329,10329,28,77
10330,10330,28,37
10331,10331,28,40
10332,10332,28,63
10333,10333,29,67
10334,10334,29,40
10335,10335,29,52
10336,10336,29,101
10337,10337,30,46
10338,10338,30,52
10339,10339,30,39
10340,10340,30,36
10341,10341,31,52
10342,10342,31,10
10343,10343,31,25
10344,10344,31,72
10345,10345,32,34
10346,10346,32,33
10347,10347,32,49
10348,10348,32,74
10349,10349,33,33
10350,10350,33,54
10351,10351,33,37
10352,10352,33,15
10353,10353,34,46
10354,10354,34,73
10355,10355,34,30
10356,10356,34,57
10357,10357,35,50
10358,10358,35,24
10359,10359,35,26
10360,10360,35,69
10361,10361,1,53
10362,10362,1,49
10363,10363,1,47
10364,10364,1,92
10365,10365,2,84
10366,10366,2,75
10367,10367,2,60
10368,10368,2,116
10369,10369,3,50
10370,10370,3,29
10371,10371,3,35
10372,10372,3,75
10373,10373,4,60
10374,10374,4,39
10375,10375,4,42
10376,10376,4,121
10377,10377,5,80
10378,10378,5,114
10379,10379,5,55
10380,10380,5,63
10381,10381,6,119
10382,10382,6,63
10383,10383,6,14
10384,10384,6,89
10385,10385,7,108
10386,10386,7,38
10387,10387,7,53
10388,10388,7,36
10389,10389,8,71
10390,10390,8,78
10391,10391,8,61
10392,10392,8,51
10393,10393,9,97
10394,10394,9,68
10395,10395,9,43
10396,10396,9,84
10397,10397,10,162
10398,10398,10,78
10399,10399,10,38
10400,10400,10,87
10401,10401,11,77
10402,10402,11,64
10403,10403,11,58
10404,10404,11,43
10405,10405,12,55
10406,10406,12,59
10407,10407,12,59
10408,10408,12,85
10409,10409,13,99
10410,10410,13,43
10411,10411,13,27
10412,10412,13,28
10413,10413,14,72
10414,10414,14,67
10415,10415,14,30
10416,10416,14,46
10417,10417,15,85
10418,10418,15,104
10419,10419,15,66
10420,10420,15,83
10421,10421,16,65
10422,10422,16,57
10423,10423,16,82
10424,10424,16,141
10425,10425,17,103
10426,10426,17,65
10427,10427,17,59
10428,10428,17,43
10429,10429,18,84
10430,10430,18,100
10431,10431,18,31
10432,10432,18,105
10433,10433,19,77
10434,10434,19,69
10435,10435,19,29
10436,10436,19,35
10437,10437,20,97
10438,10438,20,75
10439,10439,20,34
10440,10440,20,60
10441,10441,21,73
10442,10442,21,36
10443,10443,21,68
10444,10444,21,96
10445,10445,22,133
10446,10446,22,42
10447,10447,22,67
10448,10448,22,42
10449,10449,23,67
10450,10450,23,70
10451,10451,23,35
10452,10452,23,83
10453,10453,24,41
10454,10454,24,97
10455,10455,24,50
10456,10456,24,70
10457,10457,25,143
10458,10458,25,29
10459,10459,25,24
10460,10460,25,77
10461,10461,26,76
10462,10462,26,52
10463,10463,26,75
10464,10464,26,27
10465,10465,27,88
10466,10466,27,73
10467,10467,27,31
10468,10468,27,50
10469,10469,28,112
10470,10470,28,35
10471,10471,28,46
10472,10472,28,68
10473,10473,29,59
10474,10474,29,39
10475,10475,29,90
10476,10476,29,114
10477,10477,30,51
10478,10478,30,96
10479,10479,30,43
10480,10480,30,86
10481,10481,31,114
10482,10482,31,44
10483,10483,31,37
10484,10484,31,59
10485,10485,32,106
10486,10486,32,65
10487,10487,32,31
10488,10488,32,88
10489,10489,33,98
10490,10490,33,66
10491,10491,33,35
10492,10492,33,83
10493,10493,34,57
10494,10494,34,108
10495,10495,34,51
10496,10496,34,37
10497,10497,35,121
10498,10498,35,37
10499,10499,35,65
10500,10500,35,53
10501,10501,1,57
10502,10502,1,67
10503,10503,1,26
10504,10504,1,41
10505,10505,2,104
10506,10506,2,43
10507,10507,2,75
10508,10508,2,62
10509,10509,3,112
10510,10510,3,63
10511,10511,3,44
10512,10512,3,61
10513,10513,4,102
10514,10514,4,59
10515,10515,4,38
10516,10516,4,71
10517,10517,5,99
10518,10518,5,78
10519,10519,5,71
10520,10520,5,106
10521,10521,6,86
10522,10522,6,38
10523,10523,6,32
10524,10524,6,21
10525,10525,7,32
10526,10526,7,37
10527,10527,7,26
10528,10528,7,83
10529,10529,8,48
10530,10530,8,45
10531,10531,8,22
10532,10532,8,77
10533,10533,9,66
10534,10534,9,101
10535,10535,9,33
10536,10536,9,41
10537,10537,10,103
10538,10538,10,56
10539,10539,10,42
10540,10540,10,29
10541,10541,11,96
10542,10542,11,49
10543,10543,11,56
10544,10544,11,41
10545,10545,12,81
10546,10546,12,76
10547,10547,12,34
10548,10548,12,78
10549,10549,13,60
10550,10550,13,48
10551,10551,13,48
10552,10552,13,58
10553,10553,14,67
10554,10554,14,35
10555,10555,14,45
10556,10556,14,92
10557,10557,15,93
10558,10558,15,57
10559,10559,15,18
10560,10560,15,145
10561,10561,16,74
10562,10562,16,76
10563,10563,16,36
10564,10564,16,58
10565,10565,17,54
10566,10566,17,95
10567,10567,17,79
10568,10568,17,88
10569,10569,18,114
10570,10570,18,29
10571,10571,18,33
10572,10572,18,70
10573,10573,19,63
10574,10574,19,66
10575,10575,19,71
10576,10576,19,48
10577,10577,20,110
10578,10578,20,69
10579,10579,20,22
10580,10580,20,44
10581,10581,21,55
10582,10582,21,50
10583,10583,21,25
10584,10584,21,60
10585,10585,22,104
10586,10586,22,42
10587,10587,22,30
10588,10588,22,52
10589,10589,23,122
10590,10590,23,73
10591,10591,23,57
10592,10592,23,56
10593,10593,24,84
10594,10594,24,20
10595,10595,24,18
10596,10596,24,66
10597,10597,25,92
10598,10598,25,38
10599,10599,25,60
10600,10600,25,101
10601,10601,26,128
10602,10602,26,62
10603,10603,26,32
10604,10604,26,27
10605,10605,27,77
10606,10606,27,59
10607,10607,27,48
10608,10608,27,42
10609,10609,28,95
10610,10610,28,33
10611,10611,28,50
10612,10612,28,63
10613,10613,29,51
10614,10614,29,46
10615,10615,29,46
10616,10616,29,52
10617,10617,30,78
10618,10618,30,38
10619,10619,30,17
10620,10620,30,109
10621,10621,31,87
10622,10622,31,36
10623,10623,31,62
10624,10624,31,142
10625,10625,32,92
10626,10626,32,43
10627,10627,32,28
10628,10628,32,27
10629,10629,33,60
10630,10630,33,71
10631,10631,33,55
10632,10632,33,44
10633,10633,34,57
10634,10634,34,65
10635,10635,34,21
10636,10636,34,68
10637,10637,35,55
10638,10638,35,35
10639,10639,35,49
10640,10640,35,86
10641,10641,1,42
10642,10642,1,24
10643,10643,1,22
10644,10644,1,29
10645,10645,2,32
10646,10646,2,28
10647,10647,2,33
10648,10648,2,34
10649,10649,3,37
10650,10650,3,19
10651,10651,3,17
10652,10652,3,37
10653,10653,4,44
10654,10654,4,28
10655,10655,4,44
10656,10656,4,33
10657,10657,5,34
10658,10658,5,14
10659,10659,5,28
10660,10660,5,32
10661,10661,6,25
10662,10662,6,22
10663,10663,6,14
10664,10664,6,30
10665,10665,7,84
10666,10666,7,34
10667,10667,7,24
10668,10668,7,19
10669,10669,8,30
10670,10670,8,11
10671,10671,8,36
10672,10672,8,33
10673,10673,9,39
10674,10674,9,24
10675,10675,9,32
10676,10676,9,40
10677,10677,10,37
10678,10678,10,33
10679,10679,10,35
10680,10680,10,37
10681,10681,11,40
10682,10682,11,31
10683,10683,11,23
10684,10684,11,49
10685,10685,12,50
10686,10686,12,40
10687,10687,12,25
10688,10688,12,45
10689,10689,13,45
10690,10690,13,32
10691,10691,13,9
10692,10692,13,30
10693,10693,14,33
10694,10694,14,34
10695,10695,14,15
10696,10696,14,30
10697,10697,15,36
10698,10698,15,33
10699,10699,15,25
10700,10700,15,48
10701,10701,16,32
10702,10702,16,26
10703,10703,16,31
10704,10704,16,30
10705,10705,17,19
10706,10706,17,18
10707,10707,17,17
10708,10708,17,45
10709,10709,18,11
10710,10710,18,15
10711,10711,18,27
10712,10712,18,22
10713,10713,19,13
10714,10714,19,26
10715,10715,19,36
10716,10716,19,48
10717,10717,20,45
10718,10718,20,37
10719,10719,20,10
10720,10720,20,36
10721,10721,21,40
10722,10722,21,24
10723,10723,21,19
10724,10724,21,39
10725,10725,22,29
10726,10726,22,29
10727,10727,22,14
10728,10728,22,30
10729,10729,23,30
10730,10730,23,21
10731,10731,23,22
10732,10732,23,56
10733,10733,24,65
10734,10734,24,9
10735,10735,24,28
10736,10736,24,53
10737,10737,25,41
10738,10738,25,60
10739,10739,25,30
10740,10740,25,79
10741,10741,26,50
10742,10742,26,13
10743,10743,26,20
10744,10744,26,33
10745,10745,27,47
10746,10746,27,45
10747,10747,27,24
10748,10748,27,54
10749,10749,28,34
10750,10750,28,20
10751,10751,28,31
10752,10752,28,31
10753,10753,29,54
10754,10754,29,43
10755,10755,29,29
10756,10756,29,50
10757,10757,30,61
10758,10758,30,20
10759,10759,30,13
10760,10760,30,24
10761,10761,31,55
10762,10762,31,32
10763,10763,31,17
10764,10764,31,46
10765,10765,32,22
10766,10766,32,36
10767,10767,32,39
10768,10768,32,32
10769,10769,33,43
10770,10770,33,26
10771,10771,33,30
10772,10772,33,49
10773,10773,34,55
10774,10774,34,17
10775,10775,34,25
10776,10776,34,41
10777,10777,35,49
10778,10778,35,36
10779,10779,35,29
10780,10780,35,31
10781,10781,1,75
10782,10782,1,33
10783,10783,1,29
10784,10784,1,28
10785,10785,2,44
10786,10786,2,51
10787,10787,2,20
10788,10788,2,58
10789,10789,3,84
10790,10790,3,20
10791,10791,3,21
10792,10792,3,31
10793,10793,4,46
10794,10794,4,41
10795,10795,4,34
10796,10796,4,39
10797,10797,5,41
10798,10798,5,16
10799,10799,5,36
10800,10800,5,53
10801,10801,6,43
10802,10802,6,43
10803,10803,6,23
10804,10804,6,36
10805,10805,7,56
10806,10806,7,15
10807,10807,7,16
10808,10808,7,27
10809,10809,8,23
10810,10810,8,28
10811,10811,8,5
10812,10812,8,64
10813,10813,9,36
10814,10814,9,27
10815,10815,9,44
10816,10816,9,48
10817,10817,10,67
10818,10818,10,18
10819,10819,10,39
10820,10820,10,44
10821,10821,11,56
10822,10822,11,14
10823,10823,11,25
10824,10824,11,26
10825,10825,12,24
10826,10826,12,31
10827,10827,12,13
10828,10828,12,11
10829,10829,13,60
10830,10830,13,42
10831,10831,13,33
10832,10832,13,46
10833,10833,14,49
10834,10834,14,26
10835,10835,14,25
10836,10836,14,20
10837,10837,15,56
10838,10838,15,44
10839,10839,15,49
10840,10840,15,36
10841,10841,16,22
10842,10842,16,15
10843,10843,16,21
10844,10844,16,28
10845,10845,17,66
10846,10846,17,30
10847,10847,17,16
10848,10848,17,21
10849,10849,18,55
10850,10850,18,31
10851,10851,18,26
10852,10852,18,43
10853,10853,19,36
10854,10854,19,36
10855,10855,19,12
10856,10856,19,40
10857,10857,20,61
10858,10858,20,65
10859,10859,20,24
10860,10860,20,44
10861,10861,21,25
10862,10862,21,14
10863,10863,21,16
10864,10864,21,52
10865,10865,22,31
10866,10866,22,24
10867,10867,22,13
10868,10868,22,15
10869,10869,23,40
10870,10870,23,14
10871,10871,23,24
10872,10872,23,41
10873,10873,24,62
10874,10874,24,13
10875,10875,24,35
10876,10876,24,56
10877,10877,25,20
10878,10878,25,33
10879,10879,25,33
10880,10880,25,51
10881,10881,26,56
10882,10882,26,40
10883,10883,26,17
10884,10884,26,43
10885,10885,27,52
10886,10886,27,12
10887,10887,27,24
10888,10888,27,65
10889,10889,28,28
10890,10890,28,33
10891,10891,28,38
10892,10892,28,29
10893,10893,29,61
10894,10894,29,55
10895,10895,29,22
10896,10896,29,33
10897,10897,30,35
10898,10898,30,18
10899,10899,30,31
10900,10900,30,70
10901,10901,31,31
10902,10902,31,29
10903,10903,31,28
10904,10904,31,40
10905,10905,32,54
10906,10906,32,14
10907,10907,32,33
10908,10908,32,11
10909,10909,33,67
10910,10910,33,16
10911,10911,33,17
10912,10912,33,16
10913,10913,34,39
10914,10914,34,10
10915,10915,34,26
10916,10916,34,37
10917,10917,35,39
10918,10918,35,28
10919,10919,35,19
10920,10920,35,29
10921,10921,1,45
10922,10922,1,29
10923,10923,1,24
10924,10924,1,23
10925,10925,2,33
10926,10926,2,39
10927,10927,2,12
10928,10928,2,61
10929,10929,3,51
10930,10930,3,17
10931,10931,3,47
10932,10932,3,30
10933,10933,4,35
10934,10934,4,37
10935,10935,4,25
10936,10936,4,25
10937,10937,5,43
10938,10938,5,19
10939,10939,5,14
10940,10940,5,62
10941,10941,6,29
10942,10942,6,39
10943,10943,6,36
10944,10944,6,46
10945,10945,7,52
10946,10946,7,25
10947,10947,7,36
10948,10948,7,43
10949,10949,8,46
10950,10950,8,42
10951,10951,8,19
10952,10952,8,53
10953,10953,9,35
10954,10954,9,35
10955,10955,9,32
10956,10956,9,33
10957,10957,10,40
10958,10958,10,23
10959,10959,10,15
10960,10960,10,12
10961,10961,11,28
10962,10962,11,23
10963,10963,11,18
10964,10964,11,51
10965,10965,12,49
10966,10966,12,34
10967,10967,12,40
10968,10968,12,29
10969,10969,13,67
10970,10970,13,58
10971,10971,13,17
10972,10972,13,29
10973,10973,14,51
10974,10974,14,37
10975,10975,14,29
10976,10976,14,35
10977,10977,15,50
10978,10978,15,49
10979,10979,15,30
10980,10980,15,35
10981,10981,16,21
10982,10982,16,24
10983,10983,16,10
10984,10984,16,32
10985,10985,17,75
10986,10986,17,27
10987,10987,17,22
10988,10988,17,46
10989,10989,18,27
10990,10990,18,32
10991,10991,18,25
10992,10992,18,34
10993,10993,19,106
10994,10994,19,44
10995,10995,19,44
10996,10996,19,21
10997,10997,20,42
10998,10998,20,38
10999,10999,20,36
11000,11000,20,49
11001,11001,21,74
11002,11002,21,67
11003,11003,21,33
11004,11004,21,51
11005,11005,22,30
11006,11006,22,13
11007,11007,22,20
11008,11008,22,60
11009,11009,23,80
11010,11010,23,46
11011,11011,23,57
11012,11012,23,41
11013,11013,24,44
11014,11014,24,40
11015,11015,24,15
11016,11016,24,35
11017,11017,25,17
11018,11018,25,33
11019,11019,25,18
11020,11020,25,47
11021,11021,26,36
11022,11022,26,26
11023,11023,26,17
11024,11024,26,36
11025,11025,27,37
11026,11026,27,20
11027,11027,27,8
11028,11028,27,51
11029,11029,28,59
11030,11030,28,33
11031,11031,28,32
11032,11032,28,43
11033,11033,29,30
11034,11034,29,74
11035,11035,29,46
11036,11036,29,42
11037,11037,30,23
11038,11038,30,25
11039,11039,30,23
11040,11040,30,38
11041,11041,31,44
11042,11042,31,42
11043,11043,31,21
11044,11044,31,63
11045,11045,32,41
11046,11046,32,22
11047,11047,32,55
11048,11048,32,26
11049,11049,33,40
11050,11050,33,6
11051,11051,33,42
11052,11052,33,40
11053,11053,34,65
11054,11054,34,28
11055,11055,34,16
11056,11056,34,46
11057,11057,35,88
11058,11058,35,22
11059,11059,35,34
11060,11060,35,39
11061,11061,1,34
11062,11062,1,28
11063,11063,1,40
11064,11064,1,63
11065,11065,2,60
11066,11066,2,33
11067,11067,2,13
11068,11068,2,49
11069,11069,3,36
11070,11070,3,105
11071,11071,3,40
11072,11072,3,35
11073,11073,4,68
11074,11074,4,24
11075,11075,4,33
11076,11076,4,26
11077,11077,5,39
11078,11078,5,43
11079,11079,5,20
11080,11080,5,42
11081,11081,6,45
11082,11082,6,18
11083,11083,6,18
11084,11084,6,36
11085,11085,7,62
11086,11086,7,50
11087,11087,7,15
11088,11088,7,28
11089,11089,8,46
11090,11090,8,52
11091,11091,8,37
11092,11092,8,47
11093,11093,9,58
11094,11094,9,16
11095,11095,9,55
11096,11096,9,53
11097,11097,10,36
11098,11098,10,25
11099,11099,10,40
11100,11100,10,28
11101,11101,11,39
11102,11102,11,36
11103,11103,11,31
11104,11104,11,45
11105,11105,12,85
11106,11106,12,66
11107,11107,12,41
11108,11108,12,52
11109,11109,13,64
11110,11110,13,46
11111,11111,13,23
11112,11112,13,40
11113,11113,14,52
11114,11114,14,68
11115,11115,14,16
11116,11116,14,80
11117,11117,15,32
11118,11118,15,22
11119,11119,15,33
11120,11120,15,50
11121,11121,16,50
11122,11122,16,57
11123,11123,16,45
11124,11124,16,29
11125,11125,17,67
11126,11126,17,51
11127,11127,17,19
11128,11128,17,29
11129,11129,18,39
11130,11130,18,18
11131,11131,18,23
11132,11132,18,47
11133,11133,19,47
11134,11134,19,26
11135,11135,19,42
11136,11136,19,42
11137,11137,20,48
11138,11138,20,20
11139,11139,20,27
11140,11140,20,47
11141,11141,21,68
11142,11142,21,95
11143,11143,21,29
11144,11144,21,42
11145,11145,22,57
11146,11146,22,51
11147,11147,22,42
11148,11148,22,37
11149,11149,23,58
11150,11150,23,23
11151,11151,23,37
11152,11152,23,69
11153,11153,24,49
11154,11154,24,23
11155,11155,24,25
11156,11156,24,54
11157,11157,25,29
11158,11158,25,64
11159,11159,25,38
11160,11160,25,22
11161,11161,26,45
11162,11162,26,31
11163,11163,26,53
11164,11164,26,72
11165,11165,27,45
11166,11166,27,31
11167,11167,27,34
11168,11168,27,59
11169,11169,28,51
11170,11170,28,48
11171,11171,28,36
11172,11172,28,70
11173,11173,29,42
11174,11174,29,32
11175,11175,29,46
11176,11176,29,24
11177,11177,30,41
11178,11178,30,22
11179,11179,30,20
11180,11180,30,43
11181,11181,31,90
11182,11182,31,46
11183,11183,31,20
11184,11184,31,54
11185,11185,32,98
11186,11186,32,19
11187,11187,32,19
11188,11188,32,58
11189,11189,33,70
11190,11190,33,41
11191,11191,33,34
11192,11192,33,49
11193,11193,34,32
11194,11194,34,33
11195,11195,34,54
11196,11196,34,20
11197,11197,35,70
11198,11198,35,45
11199,11199,35,41
11200,11200,35,26
11201,11201,1,46
11202,11202,1,81
11203,11203,1,43
11204,11204,1,34
11205,11205,2,57
11206,11206,2,55
11207,11207,2,22
11208,11208,2,40
11209,11209,3,63
11210,11210,3,66
11211,11211,3,50
11212,11212,3,65
11213,11213,4,79
11214,11214,4,50
11215,11215,4,19
11216,11216,4,84
11217,11217,5,87
11218,11218,5,34
11219,11219,5,38
11220,11220,5,76
11221,11221,6,76
11222,11222,6,41
11223,11223,6,23
11224,11224,6,59
11225,11225,7,77
11226,11226,7,46
11227,11227,7,31
11228,11228,7,77
11229,11229,8,44
11230,11230,8,39
11231,11231,8,26
11232,11232,8,30
11233,11233,9,67
11234,11234,9,51
11235,11235,9,50
11236,11236,9,80
11237,11237,10,47
11238,11238,10,61
11239,11239,10,53
11240,11240,10,94
11241,11241,11,43
11242,11242,11,43
11243,11243,11,51
11244,11244,11,27
11245,11245,12,23
11246,11246,12,49
11247,11247,12,47
11248,11248,12,43
11249,11249,13,37
11250,11250,13,34
11251,11251,13,30
11252,11252,13,72
11253,11253,14,52
11254,11254,14,81
11255,11255,14,24
11256,11256,14,58
11257,11257,15,56
11258,11258,15,79
11259,11259,15,56
11260,11260,15,84
11261,11261,16,84
11262,11262,16,38
11263,11263,16,38
11264,11264,16,61
11265,11265,17,76
11266,11266,17,86
11267,11267,17,44
11268,11268,17,68
11269,11269,18,88
11270,11270,18,30
11271,11271,18,37
11272,11272,18,28
11273,11273,19,49
11274,11274,19,64
11275,11275,19,16
11276,11276,19,53
11277,11277,20,42
11278,11278,20,46
11279,11279,20,33
11280,11280,20,104
11281,11281,21,91
11282,11282,21,54
11283,11283,21,15
11284,11284,21,58
11285,11285,22,73
11286,11286,22,69
11287,11287,22,51
11288,11288,22,68
11289,11289,23,26
11290,11290,23,34
11291,11291,23,57
11292,11292,23,30
11293,11293,24,77
11294,11294,24,47
11295,11295,24,57
11296,11296,24,75
11297,11297,25,81
11298,11298,25,75
11299,11299,25,48
11300,11300,25,34
11301,11301,26,63
11302,11302,26,40
11303,11303,26,22
11304,11304,26,42
11305,11305,27,73
11306,11306,27,37
11307,11307,27,29
11308,11308,27,25
11309,11309,28,68
11310,11310,28,50
11311,11311,28,61
11312,11312,28,59
11313,11313,29,146
11314,11314,29,21
11315,11315,29,41
11316,11316,29,43
11317,11317,30,32
11318,11318,30,41
11319,11319,30,48
11320,11320,30,44
11321,11321,31,72
11322,11322,31,28
11323,11323,31,33
11324,11324,31,90
11325,11325,32,66
11326,11326,32,15
11327,11327,32,40
11328,11328,32,87
11329,11329,33,61
11330,11330,33,18
11331,11331,33,13
11332,11332,33,70
11333,11333,34,14
11334,11334,34,43
11335,11335,34,32
11336,11336,34,56
11337,11337,35,64
11338,11338,35,53
11339,11339,35,22
11340,11340,35,34
11341,11341,1,123
11342,11342,1,125
11343,11343,1,37
11344,11344,1,88
11345,11345,2,128
11346,11346,2,130
11347,11347,2,56
11348,11348,2,67
11349,11349,3,142
11350,11350,3,82
11351,11351,3,46
11352,11352,3,60
11353,11353,4,125
11354,11354,4,32
11355,11355,4,117
11356,11356,4,45
11357,11357,5,135
11358,11358,5,107
11359,11359,5,91
11360,11360,5,82
11361,11361,6,80
11362,11362,6,79
11363,11363,6,107
11364,11364,6,81
11365,11365,7,202
11366,11366,7,26
11367,11367,7,24
11368,11368,7,191
11369,11369,8,90
11370,11370,8,70
11371,11371,8,75
11372,11372,8,147
11373,11373,9,24
11374,11374,9,113
11375,11375,9,51
11376,11376,9,52
11377,11377,10,121
11378,11378,10,56
11379,11379,10,92
11380,11380,10,114
11381,11381,11,153
11382,11382,11,200
11383,11383,11,84
11384,11384,11,69
11385,11385,12,75
11386,11386,12,63
11387,11387,12,94
11388,11388,12,163
11389,11389,13,129
11390,11390,13,109
11391,11391,13,144
11392,11392,13,73
11393,11393,14,93
11394,11394,14,81
11395,11395,14,58
11396,11396,14,110
11397,11397,15,187
11398,11398,15,64
11399,11399,15,74
11400,11400,15,90
11401,11401,16,209
11402,11402,16,35
11403,11403,16,48
11404,11404,16,106
11405,11405,17,118
11406,11406,17,65
11407,11407,17,83
11408,11408,17,102
11409,11409,18,146
11410,11410,18,52
11411,11411,18,49
11412,11412,18,37
11413,11413,19,91
11414,11414,19,81
11415,11415,19,91
11416,11416,19,153
11417,11417,20,150
11418,11418,20,113
11419,11419,20,36
11420,11420,20,174
11421,11421,21,144
11422,11422,21,133
11423,11423,21,66
11424,11424,21,144
11425,11425,22,211
11426,11426,22,82
11427,11427,22,67
11428,11428,22,93
11429,11429,23,166
11430,11430,23,59
11431,11431,23,113
11432,11432,23,118
11433,11433,24,108
11434,11434,24,48
11435,11435,24,86
11436,11436,24,67
11437,11437,25,156
11438,11438,25,76
11439,11439,25,71
11440,11440,25,132
11441,11441,26,183
11442,11442,26,90
11443,11443,26,85
11444,11444,26,176
11445,11445,27,98
11446,11446,27,43
11447,11447,27,49
11448,11448,27,79
11449,11449,28,85
11450,11450,28,61
11451,11451,28,106
11452,11452,28,177
11453,11453,29,70
11454,11454,29,77
11455,11455,29,97
11456,11456,29,258
11457,11457,30,81
11458,11458,30,56
11459,11459,30,85
11460,11460,30,62
11461,11461,31,103
11462,11462,31,92
11463,11463,31,41
11464,11464,31,182
11465,11465,32,136
11466,11466,32,75
11467,11467,32,88
11468,11468,32,78
11469,11469,33,84
11470,11470,33,66
11471,11471,33,118
11472,11472,33,85
11473,11473,34,64
11474,11474,34,78
11475,11475,34,85
11476,11476,34,83
11477,11477,35,28
11478,11478,35,28
11479,11479,35,96
11480,11480,35,101
11481,11481,1,78
11482,11482,1,45
11483,11483,1,41
11484,11484,1,55
11485,11485,2,103
11486,11486,2,42
11487,11487,2,29
11488,11488,2,84
11489,11489,3,177
11490,11490,3,87
11491,11491,3,43
11492,11492,3,53
11493,11493,4,183
11494,11494,4,59
11495,11495,4,42
11496,11496,4,71
11497,11497,5,109
11498,11498,5,53
11499,11499,5,73
11500,11500,5,117
11501,11501,6,164
11502,11502,6,132
11503,11503,6,22
11504,11504,6,73
11505,11505,7,118
11506,11506,7,119
11507,11507,7,65
11508,11508,7,176
11509,11509,8,169
11510,11510,8,83
11511,11511,8,26
11512,11512,8,92
11513,11513,9,110
11514,11514,9,76
11515,11515,9,74
11516,11516,9,107
11517,11517,10,126
11518,11518,10,73
11519,11519,10,85
11520,11520,10,215
11521,11521,11,153
11522,11522,11,112
11523,11523,11,70
11524,11524,11,91
11525,11525,12,97
11526,11526,12,53
11527,11527,12,64
11528,11528,12,45
11529,11529,13,157
11530,11530,13,39
11531,11531,13,70
11532,11532,13,156
11533,11533,14,73
11534,11534,14,54
11535,11535,14,55
11536,11536,14,96
11537,11537,15,117
11538,11538,15,53
11539,11539,15,141
11540,11540,15,97
11541,11541,16,238
11542,11542,16,86
11543,11543,16,51
11544,11544,16,86
11545,11545,17,54
11546,11546,17,31
11547,11547,17,102
11548,11548,17,43
11549,11549,18,114
11550,11550,18,102
11551,11551,18,120
11552,11552,18,89
11553,11553,19,166
11554,11554,19,30
11555,11555,19,41
11556,11556,19,43
11557,11557,20,104
11558,11558,20,36
11559,11559,20,54
11560,11560,20,93
11561,11561,21,116
11562,11562,21,102
11563,11563,21,57
11564,11564,21,44
11565,11565,22,110
11566,11566,22,19
11567,11567,22,50
11568,11568,22,223
11569,11569,23,57
11570,11570,23,132
11571,11571,23,83
11572,11572,23,72
11573,11573,24,125
11574,11574,24,61
11575,11575,24,61
11576,11576,24,35
11577,11577,25,55
11578,11578,25,155
11579,11579,25,95
11580,11580,25,95
11581,11581,26,67
11582,11582,26,113
11583,11583,26,139
11584,11584,26,103
11585,11585,27,163
11586,11586,27,70
11587,11587,27,39
11588,11588,27,48
11589,11589,28,46
11590,11590,28,55
11591,11591,28,44
11592,11592,28,85
11593,11593,29,107
11594,11594,29,68
11595,11595,29,39
11596,11596,29,87
11597,11597,30,85
11598,11598,30,83
11599,11599,30,49
11600,11600,30,78
11601,11601,31,153
11602,11602,31,126
11603,11603,31,59
11604,11604,31,56
11605,11605,32,85
11606,11606,32,101
11607,11607,32,27
11608,11608,32,124
11609,11609,33,107
11610,11610,33,148
11611,11611,33,97
11612,11612,33,120
11613,11613,34,36
11614,11614,34,120
11615,11615,34,83
11616,11616,34,36
11617,11617,35,149
11618,11618,35,86
11619,11619,35,58
11620,11620,35,115
11621,11621,1,40
11622,11622,1,32
11623,11623,1,27
11624,11624,1,26
11625,11625,2,45
11626,11626,2,20
11627,11627,2,33
11628,11628,2,28
11629,11629,3,47
11630,11630,3,93
11631,11631,3,22
11632,11632,3,74
11633,11633,4,142
11634,11634,4,25
11635,11635,4,34
11636,11636,4,44
11637,11637,5,35
11638,11638,5,30
11639,11639,5,21
11640,11640,5,35
11641,11641,6,65
11642,11642,6,50
11643,11643,6,39
11644,11644,6,41
11645,11645,7,42
11646,11646,7,41
11647,11647,7,36
11648,11648,7,39
11649,11649,8,38
11650,11650,8,50
11651,11651,8,27
11652,11652,8,71
11653,11653,9,89
11654,11654,9,33
11655,11655,9,30
11656,11656,9,55
11657,11657,10,65
11658,11658,10,81
11659,11659,10,47
11660,11660,10,67
11661,11661,11,74
11662,11662,11,22
11663,11663,11,36
11664,11664,11,23
11665,11665,12,90
11666,11666,12,42
11667,11667,12,37
11668,11668,12,66
11669,11669,13,78
11670,11670,13,22
11671,11671,13,46
11672,11672,13,86
11673,11673,14,86
11674,11674,14,53
11675,11675,14,25
11676,11676,14,29
11677,11677,15,91
11678,11678,15,70
11679,11679,15,68
11680,11680,15,56
11681,11681,16,96
11682,11682,16,89
11683,11683,16,16
11684,11684,16,52
11685,11685,17,80
11686,11686,17,39
11687,11687,17,25
11688,11688,17,83
11689,11689,18,36
11690,11690,18,29
11691,11691,18,27
11692,11692,18,29
11693,11693,19,64
11694,11694,19,27
11695,11695,19,32
11696,11696,19,60
11697,11697,20,58
11698,11698,20,27
11699,11699,20,17
11700,11700,20,95
11701,11701,21,45
11702,11702,21,39
11703,11703,21,24
11704,11704,21,24
11705,11705,22,85
11706,11706,22,33
11707,11707,22,19
11708,11708,22,38
11709,11709,23,114
11710,11710,23,51
11711,11711,23,25
11712,11712,23,43
11713,11713,24,82
11714,11714,24,34
11715,11715,24,75
11716,11716,24,36
11717,11717,25,32
11718,11718,25,26
11719,11719,25,35
11720,11720,25,46
11721,11721,26,73
11722,11722,26,35
11723,11723,26,30
11724,11724,26,39
11725,11725,27,51
11726,11726,27,67
11727,11727,27,33
11728,11728,27,30
11729,11729,28,68
11730,11730,28,27
11731,11731,28,76
11732,11732,28,78
11733,11733,29,46
11734,11734,29,43
11735,11735,29,40
11736,11736,29,86
11737,11737,30,55
11738,11738,30,68
11739,11739,30,40
11740,11740,30,81
11741,11741,31,81
11742,11742,31,47
11743,11743,31,75
11744,11744,31,98
11745,11745,32,90
11746,11746,32,31
11747,11747,32,38
11748,11748,32,102
11749,11749,33,89
11750,11750,33,15
11751,11751,33,37
11752,11752,33,58
11753,11753,34,66
11754,11754,34,22
11755,11755,34,22
11756,11756,34,83
11757,11757,35,68
11758,11758,35,49
11759,11759,35,38
11760,11760,35,42
11761,11761,1,98
11762,11762,1,20
11763,11763,1,13
11764,11764,1,43
11765,11765,2,33
11766,11766,2,36
11767,11767,2,45
11768,11768,2,118
11769,11769,3,68
11770,11770,3,42
11771,11771,3,17
11772,11772,3,77
11773,11773,4,87
11774,11774,4,20
11775,11775,4,32
11776,11776,4,80
11777,11777,5,63
11778,11778,5,48
11779,11779,5,35
11780,11780,5,32
11781,11781,6,63
11782,11782,6,49
11783,11783,6,28
11784,11784,6,74
11785,11785,7,56
11786,11786,7,33
11787,11787,7,27
11788,11788,7,55
11789,11789,8,64
11790,11790,8,46
11791,11791,8,28
11792,11792,8,29
11793,11793,9,78
11794,11794,9,64
11795,11795,9,19
11796,11796,9,68
11797,11797,10,42
11798,11798,10,39
11799,11799,10,37
11800,11800,10,32
11801,11801,11,56
11802,11802,11,51
11803,11803,11,61
11804,11804,11,51
11805,11805,12,65
11806,11806,12,61
11807,11807,12,42
11808,11808,12,73
11809,11809,13,71
11810,11810,13,64
11811,11811,13,35
11812,11812,13,56
11813,11813,14,76
11814,11814,14,45
11815,11815,14,48
11816,11816,14,48
11817,11817,15,55
11818,11818,15,40
11819,11819,15,44
11820,11820,15,70
11821,11821,16,41
11822,11822,16,52
11823,11823,16,20
11824,11824,16,73
11825,11825,17,91
11826,11826,17,35
11827,11827,17,24
11828,11828,17,31
11829,11829,18,55
11830,11830,18,28
11831,11831,18,55
11832,11832,18,48
11833,11833,19,112
11834,11834,19,31
11835,11835,19,24
11836,11836,19,37
11837,11837,20,59
11838,11838,20,47
11839,11839,20,49
11840,11840,20,19
11841,11841,21,44
11842,11842,21,34
11843,11843,21,23
11844,11844,21,68
11845,11845,22,39
11846,11846,22,44
11847,11847,22,41
11848,11848,22,48
11849,11849,23,54
11850,11850,23,45
11851,11851,23,55
11852,11852,23,53
11853,11853,24,95
11854,11854,24,62
11855,11855,24,26
11856,11856,24,74
11857,11857,25,85
11858,11858,25,30
11859,11859,25,14
11860,11860,25,53
11861,11861,26,47
11862,11862,26,62
11863,11863,26,39
11864,11864,26,51
11865,11865,27,39
11866,11866,27,37
11867,11867,27,32
11868,11868,27,42
11869,11869,28,55
11870,11870,28,52
11871,11871,28,32
11872,11872,28,26
11873,11873,29,79
11874,11874,29,32
11875,11875,29,29
11876,11876,29,22
11877,11877,30,99
11878,11878,30,44
11879,11879,30,51
11880,11880,30,59
11881,11881,31,53
11882,11882,31,63
11883,11883,31,25
11884,11884,31,38
11885,11885,32,77
11886,11886,32,38
11887,11887,32,38
11888,11888,32,27
11889,11889,33,44
11890,11890,33,37
11891,11891,33,79
11892,11892,33,52
11893,11893,34,94
11894,11894,34,37
11895,11895,34,31
11896,11896,34,70
11897,11897,35,47
11898,11898,35,38
11899,11899,35,35
11900,11900,35,81
11901,11901,1,89
11902,11902,1,70
11903,11903,1,31
11904,11904,1,46
11905,11905,2,50
11906,11906,2,54
11907,11907,2,82
11908,11908,2,90
11909,11909,3,76
11910,11910,3,102
11911,11911,3,46
11912,11912,3,62
11913,11913,4,53
11914,11914,4,42
11915,11915,4,46
11916,11916,4,22
11917,11917,5,138
11918,11918,5,82
11919,11919,5,20
11920,11920,5,48
11921,11921,6,118
11922,11922,6,46
11923,11923,6,44
11924,11924,6,63
11925,11925,7,72
11926,11926,7,89
11927,11927,7,44
11928,11928,7,67
11929,11929,8,44
11930,11930,8,32
11931,11931,8,23
11932,11932,8,63
11933,11933,9,51
11934,11934,9,49
11935,11935,9,29
11936,11936,9,63
11937,11937,10,42
11938,11938,10,20
11939,11939,10,45
11940,11940,10,83
11941,11941,11,62
11942,11942,11,55
11943,11943,11,69
11944,11944,11,43
11945,11945,12,43
11946,11946,12,21
11947,11947,12,71
11948,11948,12,69
11949,11949,13,110
11950,11950,13,60
11951,11951,13,72
11952,11952,13,33
11953,11953,14,80
11954,11954,14,41
11955,11955,14,60
11956,11956,14,68
11957,11957,15,62
11958,11958,15,33
11959,11959,15,42
11960,11960,15,59
11961,11961,16,93
11962,11962,16,48
11963,11963,16,46
11964,11964,16,60
11965,11965,17,106
11966,11966,17,51
11967,11967,17,36
11968,11968,17,71
11969,11969,18,60
11970,11970,18,48
11971,11971,18,24
11972,11972,18,46
11973,11973,19,132
11974,11974,19,48
11975,11975,19,35
11976,11976,19,59
11977,11977,20,107
11978,11978,20,34
11979,11979,20,50
11980,11980,20,92
11981,11981,21,61
11982,11982,21,40
11983,11983,21,55
11984,11984,21,30
11985,11985,22,120
11986,11986,22,25
11987,11987,22,34
11988,11988,22,82
11989,11989,23,58
11990,11990,23,75
11991,11991,23,50
11992,11992,23,58
11993,11993,24,77
11994,11994,24,14
11995,11995,24,54
11996,11996,24,67
11997,11997,25,77
11998,11998,25,60
11999,11999,25,52
12000,12000,25,50
12001,12001,26,75
12002,12002,26,33
12003,12003,26,77
12004,12004,26,83
12005,12005,27,94
12006,12006,27,54
12007,12007,27,64
12008,12008,27,42
12009,12009,28,35
12010,12010,28,79
12011,12011,28,35
12012,12012,28,75
12013,12013,29,42
12014,12014,29,66
12015,12015,29,37
12016,12016,29,79
12017,12017,30,81
12018,12018,30,56
12019,12019,30,32
12020,12020,30,72
12021,12021,31,63
12022,12022,31,77
12023,12023,31,69
12024,12024,31,66
12025,12025,32,74
12026,12026,32,57
12027,12027,32,57
12028,12028,32,63
12029,12029,33,29
12030,12030,33,28
12031,12031,33,24
12032,12032,33,45
12033,12033,34,88
12034,12034,34,59
12035,12035,34,27
12036,12036,34,39
12037,12037,35,142
12038,12038,35,49
12039,12039,35,37
12040,12040,35,49
12041,12041,1,66
12042,12042,1,81
12043,12043,1,71
12044,12044,1,70
12045,12045,2,52
12046,12046,2,101
12047,12047,2,14
12048,12048,2,107
12049,12049,3,96
12050,12050,3,54
12051,12051,3,42
12052,12052,3,38
12053,12053,4,71
12054,12054,4,43
12055,12055,4,34
12056,12056,4,60
12057,12057,5,128
12058,12058,5,62
12059,12059,5,83
12060,12060,5,73
12061,12061,6,68
12062,12062,6,109
12063,12063,6,34
12064,12064,6,87
12065,12065,7,141
12066,12066,7,41
12067,12067,7,46
12068,12068,7,83
12069,12069,8,52
12070,12070,8,82
12071,12071,8,39
12072,12072,8,98
12073,12073,9,79
12074,12074,9,37
12075,12075,9,21
12076,12076,9,100
12077,12077,10,95
12078,12078,10,46
12079,12079,10,42
12080,12080,10,54
12081,12081,11,85
12082,12082,11,67
12083,12083,11,99
12084,12084,11,77
12085,12085,12,85
12086,12086,12,60
12087,12087,12,39
12088,12088,12,48
12089,12089,13,86
12090,12090,13,75
12091,12091,13,64
12092,12092,13,103
12093,12093,14,88
12094,12094,14,37
12095,12095,14,43
12096,12096,14,50
12097,12097,15,151
12098,12098,15,77
12099,12099,15,43
12100,12100,15,98
12101,12101,16,33
12102,12102,16,57
12103,12103,16,20
12104,12104,16,98
12105,12105,17,99
12106,12106,17,46
12107,12107,17,32
12108,12108,17,45
12109,12109,18,110
12110,12110,18,99
12111,12111,18,20
12112,12112,18,69
12113,12113,19,24
12114,12114,19,73
12115,12115,19,29
12116,12116,19,115
12117,12117,20,62
12118,12118,20,70
12119,12119,20,82
12120,12120,20,51
12121,12121,21,107
12122,12122,21,26
12123,12123,21,31
12124,12124,21,87
12125,12125,22,142
12126,12126,22,38
12127,12127,22,38
12128,12128,22,39
12129,12129,23,132
12130,12130,23,36
12131,12131,23,33
12132,12132,23,74
12133,12133,24,65
12134,12134,24,37
12135,12135,24,27
12136,12136,24,46
12137,12137,25,60
12138,12138,25,55
12139,12139,25,30
12140,12140,25,63
12141,12141,26,49
12142,12142,26,67
12143,12143,26,26
12144,12144,26,55
12145,12145,27,72
12146,12146,27,62
12147,12147,27,38
12148,12148,27,111
12149,12149,28,108
12150,12150,28,62
12151,12151,28,54
12152,12152,28,55
12153,12153,29,100
12154,12154,29,47
12155,12155,29,38
12156,12156,29,106
12157,12157,30,69
12158,12158,30,85
12159,12159,30,61
12160,12160,30,65
12161,12161,31,63
12162,12162,31,52
12163,12163,31,49
12164,12164,31,63
12165,12165,32,62
12166,12166,32,36
12167,12167,32,54
12168,12168,32,60
12169,12169,33,78
12170,12170,33,63
12171,12171,33,36
12172,12172,33,47
12173,12173,34,81
12174,12174,34,58
12175,12175,34,49
12176,12176,34,83
12177,12177,35,101
12178,12178,35,72
12179,12179,35,37
12180,12180,35,92
12181,12181,1,144
12182,12182,1,64
12183,12183,1,56
12184,12184,1,69
12185,12185,2,70
12186,12186,2,149
12187,12187,2,90
12188,12188,2,101
12189,12189,3,116
12190,12190,3,31
12191,12191,3,62
12192,12192,3,134
12193,12193,4,65
12194,12194,4,38
12195,12195,4,40
12196,12196,4,57
12197,12197,5,106
12198,12198,5,28
12199,12199,5,57
12200,12200,5,70
12201,12201,6,90
12202,12202,6,100
12203,12203,6,29
12204,12204,6,62
12205,12205,7,115
12206,12206,7,99
12207,12207,7,71
12208,12208,7,75
12209,12209,8,96
12210,12210,8,66
12211,12211,8,73
12212,12212,8,128
12213,12213,9,83
12214,12214,9,35
12215,12215,9,75
12216,12216,9,107
12217,12217,10,77
12218,12218,10,33
12219,12219,10,47
12220,12220,10,109
12221,12221,11,71
12222,12222,11,121
12223,12223,11,89
12224,12224,11,86
12225,12225,12,89
12226,12226,12,23
12227,12227,12,50
12228,12228,12,96
12229,12229,13,169
12230,12230,13,120
12231,12231,13,51
12232,12232,13,125
12233,12233,14,143
12234,12234,14,25
12235,12235,14,44
12236,12236,14,143
12237,12237,15,166
12238,12238,15,66
12239,12239,15,89
12240,12240,15,52
12241,12241,16,81
12242,12242,16,61
12243,12243,16,50
12244,12244,16,70
12245,12245,17,98
12246,12246,17,70
12247,12247,17,57
12248,12248,17,122
12249,12249,18,131
12250,12250,18,67
12251,12251,18,43
12252,12252,18,54
12253,12253,19,142
12254,12254,19,52
12255,12255,19,37
12256,12256,19,94
12257,12257,20,175
12258,12258,20,46
12259,12259,20,60
12260,12260,20,48
12261,12261,21,48
12262,12262,21,91
12263,12263,21,55
12264,12264,21,48
12265,12265,22,96
12266,12266,22,56
12267,12267,22,30
12268,12268,22,94
12269,12269,23,20
12270,12270,23,79
12271,12271,23,29
12272,12272,23,119
12273,12273,24,62
12274,12274,24,56
12275,12275,24,42
12276,12276,24,59
12277,12277,25,96
12278,12278,25,83
12279,12279,25,44
12280,12280,25,72
12281,12281,26,68
12282,12282,26,103
12283,12283,26,52
12284,12284,26,112
12285,12285,27,52
12286,12286,27,55
12287,12287,27,45
12288,12288,27,94
12289,12289,28,81
12290,12290,28,77
12291,12291,28,89
12292,12292,28,28
12293,12293,29,69
12294,12294,29,71
12295,12295,29,42
12296,12296,29,86
12297,12297,30,92
12298,12298,30,62
12299,12299,30,80
12300,12300,30,50
12301,12301,31,49
12302,12302,31,26
12303,12303,31,95
12304,12304,31,104
12305,12305,32,107
12306,12306,32,63
12307,12307,32,63
12308,12308,32,80
12309,12309,33,99
12310,12310,33,54
12311,12311,33,81
12312,12312,33,103
12313,12313,34,83
12314,12314,34,34
12315,12315,34,27
12316,12316,34,98
12317,12317,35,91
12318,12318,35,61
12319,12319,35,105
12320,12320,35,59
12321,12321,1,108
12322,12322,1,142
12323,12323,1,70
12324,12324,1,71
12325,12325,2,107
12326,12326,2,66
12327,12327,2,101
12328,12328,2,70
12329,12329,3,78
12330,12330,3,83
12331,12331,3,80
12332,12332,3,123
12333,12333,4,88
12334,12334,4,109
12335,12335,4,62
12336,12336,4,80
12337,12337,5,122
12338,12338,5,108
12339,12339,5,55
12340,12340,5,68
12341,12341,6,140
12342,12342,6,39
12343,12343,6,73
12344,12344,6,80
12345,12345,7,83
12346,12346,7,55
12347,12347,7,97
12348,12348,7,284
12349,12349,8,151
12350,12350,8,82
12351,12351,8,69
12352,12352,8,97
12353,12353,9,109
12354,12354,9,51
12355,12355,9,64
12356,12356,9,180
12357,12357,10,140
12358,12358,10,150
12359,12359,10,62
12360,12360,10,109
12361,12361,11,135
12362,12362,11,66
12363,12363,11,60
12364,12364,11,131
12365,12365,12,124
12366,12366,12,123
12367,12367,12,73
12368,12368,12,146
12369,12369,13,63
12370,12370,13,42
12371,12371,13,81
12372,12372,13,158
12373,12373,14,267
12374,12374,14,73
12375,12375,14,69
12376,12376,14,64
12377,12377,15,174
12378,12378,15,133
12379,12379,15,37
12380,12380,15,102
12381,12381,16,92
12382,12382,16,71
12383,12383,16,67
12384,12384,16,163
12385,12385,17,122
12386,12386,17,56
12387,12387,17,25
12388,12388,17,197
12389,12389,18,125
12390,12390,18,106
12391,12391,18,69
12392,12392,18,146
12393,12393,19,87
12394,12394,19,101
12395,12395,19,112
12396,12396,19,134
12397,12397,20,173
12398,12398,20,76
12399,12399,20,75
12400,12400,20,95
12401,12401,21,183
12402,12402,21,109
12403,12403,21,79
12404,12404,21,65
12405,12405,22,137
12406,12406,22,162
12407,12407,22,100
12408,12408,22,118
12409,12409,23,201
12410,12410,23,138
12411,12411,23,81
12412,12412,23,126
12413,12413,24,198
12414,12414,24,46
12415,12415,24,59
12416,12416,24,143
12417,12417,25,72
12418,12418,25,46
12419,12419,25,59
12420,12420,25,69
12421,12421,26,163
12422,12422,26,102
12423,12423,26,49
12424,12424,26,76
12425,12425,27,163
12426,12426,27,94
12427,12427,27,83
12428,12428,27,101
12429,12429,28,82
12430,12430,28,74
12431,12431,28,53
12432,12432,28,73
12433,12433,29,79
12434,12434,29,95
12435,12435,29,73
12436,12436,29,71
12437,12437,30,158
12438,12438,30,76
12439,12439,30,109
12440,12440,30,110
12441,12441,31,138
12442,12442,31,102
12443,12443,31,168
12444,12444,31,126
12445,12445,32,129
12446,12446,32,38
12447,12447,32,39
12448,12448,32,37
12449,12449,33,100
12450,12450,33,123
12451,12451,33,51
12452,12452,33,11
12453,12453,34,109
12454,12454,34,88
12455,12455,34,38
12456,12456,34,88
12457,12457,35,136
12458,12458,35,87
12459,12459,35,37
12460,12460,35,138
12461,12461,1,90
12462,12462,1,97
12463,12463,1,66
12464,12464,1,153
12465,12465,2,66
12466,12466,2,105
12467,12467,2,63
12468,12468,2,80
12469,12469,3,142
12470,12470,3,65
12471,12471,3,56
12472,12472,3,228
12473,12473,4,175
12474,12474,4,31
12475,12475,4,36
12476,12476,4,58
12477,12477,5,143
12478,12478,5,24
12479,12479,5,74
12480,12480,5,127
12481,12481,6,184
12482,12482,6,63
12483,12483,6,24
12484,12484,6,116
12485,12485,7,118
12486,12486,7,73
12487,12487,7,74
12488,12488,7,61
12489,12489,8,94
12490,12490,8,64
12491,12491,8,90
12492,12492,8,76
12493,12493,9,72
12494,12494,9,107
12495,12495,9,36
12496,12496,9,213
12497,12497,10,207
12498,12498,10,160
12499,12499,10,79
12500,12500,10,98
12501,12501,11,63
12502,12502,11,71
12503,12503,11,46
12504,12504,11,124
12505,12505,12,75
12506,12506,12,35
12507,12507,12,98
12508,12508,12,78
12509,12509,13,75
12510,12510,13,115
12511,12511,13,55
12512,12512,13,138
12513,12513,14,120
12514,12514,14,92
12515,12515,14,47
12516,12516,14,66
12517,12517,15,102
12518,12518,15,96
12519,12519,15,57
12520,12520,15,79
12521,12521,16,173
12522,12522,16,83
12523,12523,16,33
12524,12524,16,161
12525,12525,17,108
12526,12526,17,134
12527,12527,17,30
12528,12528,17,100
12529,12529,18,115
12530,12530,18,42
12531,12531,18,28
12532,12532,18,93
12533,12533,19,133
12534,12534,19,97
12535,12535,19,124
12536,12536,19,67
12537,12537,20,55
12538,12538,20,70
12539,12539,20,57
12540,12540,20,66
12541,12541,21,87
12542,12542,21,84
12543,12543,21,59
12544,12544,21,63
12545,12545,22,141
12546,12546,22,75
12547,12547,22,84
12548,12548,22,102
12549,12549,23,156
12550,12550,23,49
12551,12551,23,48
12552,12552,23,147
12553,12553,24,193
12554,12554,24,39
12555,12555,24,50
12556,12556,24,72
12557,12557,25,125
12558,12558,25,91
12559,12559,25,79
12560,12560,25,152
12561,12561,26,159
12562,12562,26,77
12563,12563,26,60
12564,12564,26,82
12565,12565,27,85
12566,12566,27,129
12567,12567,27,58
12568,12568,27,111
12569,12569,28,75
12570,12570,28,120
12571,12571,28,37
12572,12572,28,77
12573,12573,29,93
12574,12574,29,52
12575,12575,29,41
12576,12576,29,42
12577,12577,30,206
12578,12578,30,134
12579,12579,30,66
12580,12580,30,90
12581,12581,31,199
12582,12582,31,146
12583,12583,31,73
12584,12584,31,131
12585,12585,32,154
12586,12586,32,63
12587,12587,32,76
12588,12588,32,98
12589,12589,33,175
12590,12590,33,130
12591,12591,33,55
12592,12592,33,58
12593,12593,34,111
12594,12594,34,94
12595,12595,34,73
12596,12596,34,96
12597,12597,35,140
12598,12598,35,67
12599,12599,35,65
12600,12600,35,57
12601,12601,1,58
12602,12602,1,46
12603,12603,1,46
12604,12604,1,40
12605,12605,2,82
12606,12606,2,25
12607,12607,2,36
12608,12608,2,44
12609,12609,3,64
12610,12610,3,53
12611,12611,3,57
12612,12612,3,44
12613,12613,4,38
12614,12614,4,30
12615,12615,4,26
12616,12616,4,32
12617,12617,5,71
12618,12618,5,34
12619,12619,5,17
12620,12620,5,45
12621,12621,6,57
12622,12622,6,57
12623,12623,6,31
12624,12624,6,53
12625,12625,7,83
12626,12626,7,64
12627,12627,7,37
12628,12628,7,37
12629,12629,8,90
12630,12630,8,29
12631,12631,8,31
12632,12632,8,38
12633,12633,9,64
12634,12634,9,46
12635,12635,9,43
12636,12636,9,29
12637,12637,10,34
12638,12638,10,26
12639,12639,10,20
12640,12640,10,44
12641,12641,11,33
12642,12642,11,61
12643,12643,11,23
12644,12644,11,48
12645,12645,12,40
12646,12646,12,44
12647,12647,12,45
12648,12648,12,36
12649,12649,13,89
12650,12650,13,97
12651,12651,13,36
12652,12652,13,77
12653,12653,14,50
12654,12654,14,24
12655,12655,14,29
12656,12656,14,75
12657,12657,15,21
12658,12658,15,60
12659,12659,15,25
12660,12660,15,101
12661,12661,16,108
12662,12662,16,60
12663,12663,16,35
12664,12664,16,66
12665,12665,17,59
12666,12666,17,56
12667,12667,17,65
12668,12668,17,51
12669,12669,18,90
12670,12670,18,85
12671,12671,18,52
12672,12672,18,45
12673,12673,19,62
12674,12674,19,28
12675,12675,19,28
12676,12676,19,45
12677,12677,20,52
12678,12678,20,70
12679,12679,20,51
12680,12680,20,42
12681,12681,21,83
12682,12682,21,51
12683,12683,21,10
12684,12684,21,30
12685,12685,22,43
12686,12686,22,33
12687,12687,22,39
12688,12688,22,98
12689,12689,23,31
12690,12690,23,50
12691,12691,23,30
12692,12692,23,35
12693,12693,24,50
12694,12694,24,51
12695,12695,24,57
12696,12696,24,78
12697,12697,25,56
12698,12698,25,29
12699,12699,25,29
12700,12700,25,36
12701,12701,26,36
12702,12702,26,49
12703,12703,26,55
12704,12704,26,62
12705,12705,27,61
12706,12706,27,51
12707,12707,27,14
12708,12708,27,50
12709,12709,28,106
12710,12710,28,43
12711,12711,28,56
12712,12712,28,58
12713,12713,29,49
12714,12714,29,29
12715,12715,29,24
12716,12716,29,39
12717,12717,30,69
12718,12718,30,38
12719,12719,30,16
12720,12720,30,37
12721,12721,31,28
12722,12722,31,61
12723,12723,31,37
12724,12724,31,53
12725,12725,32,66
12726,12726,32,109
12727,12727,32,28
12728,12728,32,20
12729,12729,33,74
12730,12730,33,51
12731,12731,33,40
12732,12732,33,41
12733,12733,34,50
12734,12734,34,40
12735,12735,34,30
12736,12736,34,36
12737,12737,35,70
12738,12738,35,19
12739,12739,35,56
12740,12740,35,48
12741,12741,1,95
12742,12742,1,66
12743,12743,1,16
12744,12744,1,54
12745,12745,2,98
12746,12746,2,33
12747,12747,2,18
12748,12748,2,32
12749,12749,3,78
12750,12750,3,22
12751,12751,3,22
12752,12752,3,6
12753,12753,4,80
12754,12754,4,34
12755,12755,4,30
12756,12756,4,54
12757,12757,5,28
12758,12758,5,65
12759,12759,5,56
12760,12760,5,28
12761,12761,6,86
12762,12762,6,84
12763,12763,6,33
12764,12764,6,76
12765,12765,7,54
12766,12766,7,14
12767,12767,7,32
12768,12768,7,40
12769,12769,8,65
12770,12770,8,35
12771,12771,8,45
12772,12772,8,50
12773,12773,9,53
12774,12774,9,29
12775,12775,9,13
12776,12776,9,58
12777,12777,10,52
12778,12778,10,42
12779,12779,10,56
12780,12780,10,51
12781,12781,11,37
12782,12782,11,28
12783,12783,11,28
12784,12784,11,52
12785,12785,12,83
12786,12786,12,38
12787,12787,12,32
12788,12788,12,58
12789,12789,13,18
12790,12790,13,46
12791,12791,13,25
12792,12792,13,81
12793,12793,14,54
12794,12794,14,60
12795,12795,14,50
12796,12796,14,21
12797,12797,15,26
12798,12798,15,29
12799,12799,15,47
12800,12800,15,44
12801,12801,16,86
12802,12802,16,14
12803,12803,16,30
12804,12804,16,29
12805,12805,17,51
12806,12806,17,57
12807,12807,17,25
12808,12808,17,60
12809,12809,18,64
12810,12810,18,49
12811,12811,18,25
12812,12812,18,91
12813,12813,19,32
12814,12814,19,23
12815,12815,19,43
12816,12816,19,46
12817,12817,20,59
12818,12818,20,21
12819,12819,20,22
12820,12820,20,62
12821,12821,21,66
12822,12822,21,49
12823,12823,21,63
12824,12824,21,44
12825,12825,22,75
12826,12826,22,63
12827,12827,22,27
12828,12828,22,50
12829,12829,23,49
12830,12830,23,26
12831,12831,23,52
12832,12832,23,51
12833,12833,24,43
12834,12834,24,34
12835,12835,24,47
12836,12836,24,35
12837,12837,25,47
12838,12838,25,57
12839,12839,25,23
12840,12840,25,43
12841,12841,26,53
12842,12842,26,27
12843,12843,26,26
12844,12844,26,37
12845,12845,27,35
12846,12846,27,27
12847,12847,27,59
12848,12848,27,56
12849,12849,28,51
12850,12850,28,49
12851,12851,28,36
12852,12852,28,8
12853,12853,29,84
12854,12854,29,45
12855,12855,29,28
12856,12856,29,87
12857,12857,30,60
12858,12858,30,45
12859,12859,30,38
12860,12860,30,32
12861,12861,31,40
12862,12862,31,71
12863,12863,31,33
12864,12864,31,26
12865,12865,32,72
12866,12866,32,53
12867,12867,32,53
12868,12868,32,83
12869,12869,33,59
12870,12870,33,62
12871,12871,33,35
12872,12872,33,61
12873,12873,34,71
12874,12874,34,29
12875,12875,34,38
12876,12876,34,39
12877,12877,35,99
12878,12878,35,62
12879,12879,35,35
12880,12880,35,42
12881,12881,1,68
12882,12882,1,55
12883,12883,1,49
12884,12884,1,47
12885,12885,2,78
12886,12886,2,62
12887,12887,2,29
12888,12888,2,71
12889,12889,3,65
12890,12890,3,54
12891,12891,3,59
12892,12892,3,63
12893,12893,4,46
12894,12894,4,60
12895,12895,4,45
12896,12896,4,48
12897,12897,5,86
12898,12898,5,118
12899,12899,5,29
12900,12900,5,65
12901,12901,6,101
12902,12902,6,43
12903,12903,6,37
12904,12904,6,33
12905,12905,7,47
12906,12906,7,27
12907,12907,7,59
12908,12908,7,51
12909,12909,8,68
12910,12910,8,77
12911,12911,8,29
12912,12912,8,27
12913,12913,9,82
12914,12914,9,58
12915,12915,9,22
12916,12916,9,96
12917,12917,10,48
12918,12918,10,56
12919,12919,10,47
12920,12920,10,50
12921,12921,11,88
12922,12922,11,31
12923,12923,11,58
12924,12924,11,40
12925,12925,12,79
12926,12926,12,53
12927,12927,12,33
12928,12928,12,47
12929,12929,13,80
12930,12930,13,24
12931,12931,13,29
12932,12932,13,32
12933,12933,14,85
12934,12934,14,48
12935,12935,14,32
12936,12936,14,46
12937,12937,15,96
12938,12938,15,44
12939,12939,15,36
12940,12940,15,28
12941,12941,16,44
12942,12942,16,70
12943,12943,16,24
12944,12944,16,62
12945,12945,17,74
12946,12946,17,80
12947,12947,17,28
12948,12948,17,65
12949,12949,18,69
12950,12950,18,35
12951,12951,18,71
12952,12952,18,62
12953,12953,19,98
12954,12954,19,35
12955,12955,19,15
12956,12956,19,93
12957,12957,20,64
12958,12958,20,77
12959,12959,20,69
12960,12960,20,42
12961,12961,21,63
12962,12962,21,37
12963,12963,21,66
12964,12964,21,81
12965,12965,22,73
12966,12966,22,85
12967,12967,22,51
12968,12968,22,64
12969,12969,23,85
12970,12970,23,33
12971,12971,23,32
12972,12972,23,47
12973,12973,24,52
12974,12974,24,64
12975,12975,24,46
12976,12976,24,66
12977,12977,25,50
12978,12978,25,61
12979,12979,25,51
12980,12980,25,39
12981,12981,26,91
12982,12982,26,41
12983,12983,26,30
12984,12984,26,40
12985,12985,27,84
12986,12986,27,57
12987,12987,27,19
12988,12988,27,26
12989,12989,28,71
12990,12990,28,35
12991,12991,28,42
12992,12992,28,45
12993,12993,29,68
12994,12994,29,30
12995,12995,29,26
12996,12996,29,78
12997,12997,30,69
12998,12998,30,42
12999,12999,30,77
13000,13000,30,39
13001,13001,31,62
13002,13002,31,66
13003,13003,31,51
13004,13004,31,82
13005,13005,32,53
13006,13006,32,48
13007,13007,32,27
13008,13008,32,56
13009,13009,33,80
13010,13010,33,47
13011,13011,33,31
13012,13012,33,72
13013,13013,34,81
13014,13014,34,29
13015,13015,34,20
13016,13016,34,73
13017,13017,35,57
13018,13018,35,41
13019,13019,35,54
13020,13020,35,38
13021,13021,1,59
13022,13022,1,48
13023,13023,1,40
13024,13024,1,113
13025,13025,2,101
13026,13026,2,68
13027,13027,2,55
13028,13028,2,66
13029,13029,3,66
13030,13030,3,21
13031,13031,3,27
13032,13032,3,47
13033,13033,4,62
13034,13034,4,48
13035,13035,4,19
13036,13036,4,31
13037,13037,5,130
13038,13038,5,51
13039,13039,5,41
13040,13040,5,45
13041,13041,6,82
13042,13042,6,30
13043,13043,6,42
13044,13044,6,70
13045,13045,7,120
13046,13046,7,62
13047,13047,7,59
13048,13048,7,103
13049,13049,8,99
13050,13050,8,94
13051,13051,8,32
13052,13052,8,102
13053,13053,9,123
13054,13054,9,42
13055,13055,9,45
13056,13056,9,66
13057,13057,10,40
13058,13058,10,43
13059,13059,10,34
13060,13060,10,39
13061,13061,11,78
13062,13062,11,44
13063,13063,11,70
13064,13064,11,54
13065,13065,12,98
13066,13066,12,33
13067,13067,12,39
13068,13068,12,76
13069,13069,13,64
13070,13070,13,54
13071,13071,13,52
13072,13072,13,33
13073,13073,14,116
13074,13074,14,47
13075,13075,14,28
13076,13076,14,58
13077,13077,15,70
13078,13078,15,51
13079,13079,15,71
13080,13080,15,58
13081,13081,16,30
13082,13082,16,56
13083,13083,16,26
13084,13084,16,23
13085,13085,17,88
13086,13086,17,55
13087,13087,17,16
13088,13088,17,66
13089,13089,18,31
13090,13090,18,38
13091,13091,18,33
13092,13092,18,52
13093,13093,19,56
13094,13094,19,57
13095,13095,19,19
13096,13096,19,102
13097,13097,20,47
13098,13098,20,42
13099,13099,20,39
13100,13100,20,65
13101,13101,21,64
13102,13102,21,38
13103,13103,21,46
13104,13104,21,33
13105,13105,22,27
13106,13106,22,48
13107,13107,22,77
13108,13108,22,58
13109,13109,23,74
13110,13110,23,39
13111,13111,23,51
13112,13112,23,111
13113,13113,24,138
13114,13114,24,49
13115,13115,24,58
13116,13116,24,75
13117,13117,25,92
13118,13118,25,78
13119,13119,25,37
13120,13120,25,50
13121,13121,26,67
13122,13122,26,31
13123,13123,26,37
13124,13124,26,51
13125,13125,27,69
13126,13126,27,39
13127,13127,27,76
13128,13128,27,57
13129,13129,28,55
13130,13130,28,63
13131,13131,28,58
13132,13132,28,45
13133,13133,29,112
13134,13134,29,56
13135,13135,29,52
13136,13136,29,49
13137,13137,30,59
13138,13138,30,36
13139,13139,30,16
13140,13140,30,68
13141,13141,31,14
13142,13142,31,94
13143,13143,31,45
13144,13144,31,57
13145,13145,32,61
13146,13146,32,66
13147,13147,32,56
13148,13148,32,86
13149,13149,33,69
13150,13150,33,163
13151,13151,33,62
13152,13152,33,105
13153,13153,34,101
13154,13154,34,37
13155,13155,34,45
13156,13156,34,62
13157,13157,35,82
13158,13158,35,57
13159,13159,35,48
13160,13160,35,86
13161,13161,1,53
13162,13162,1,69
13163,13163,1,43
13164,13164,1,102
13165,13165,2,115
13166,13166,2,73
13167,13167,2,60
13168,13168,2,60
13169,13169,3,97
13170,13170,3,100
13171,13171,3,98
13172,13172,3,94
13173,13173,4,80
13174,13174,4,44
13175,13175,4,43
13176,13176,4,67
13177,13177,5,132
13178,13178,5,87
13179,13179,5,18
13180,13180,5,142
13181,13181,6,94
13182,13182,6,45
13183,13183,6,67
13184,13184,6,129
13185,13185,7,101
13186,13186,7,72
13187,13187,7,51
13188,13188,7,90
13189,13189,8,123
13190,13190,8,49
13191,13191,8,91
13192,13192,8,140
13193,13193,9,129
13194,13194,9,126
13195,13195,9,44
13196,13196,9,106
13197,13197,10,112
13198,13198,10,45
13199,13199,10,52
13200,13200,10,76
13201,13201,11,66
13202,13202,11,105
13203,13203,11,95
13204,13204,11,82
13205,13205,12,45
13206,13206,12,137
13207,13207,12,43
13208,13208,12,99
13209,13209,13,172
13210,13210,13,83
13211,13211,13,40
13212,13212,13,41
13213,13213,14,132
13214,13214,14,46
13215,13215,14,30
13216,13216,14,61
13217,13217,15,53
13218,13218,15,110
13219,13219,15,30
13220,13220,15,44
13221,13221,16,114
13222,13222,16,42
13223,13223,16,77
13224,13224,16,70
13225,13225,17,73
13226,13226,17,63
13227,13227,17,39
13228,13228,17,87
13229,13229,18,71
13230,13230,18,32
13231,13231,18,38
13232,13232,18,27
13233,13233,19,80
13234,13234,19,27
13235,13235,19,28
13236,13236,19,126
13237,13237,20,114
13238,13238,20,31
13239,13239,20,36
13240,13240,20,87
13241,13241,21,122
13242,13242,21,35
13243,13243,21,51
13244,13244,21,53
13245,13245,22,106
13246,13246,22,67
13247,13247,22,74
13248,13248,22,35
13249,13249,23,188
13250,13250,23,56
13251,13251,23,78
13252,13252,23,63
13253,13253,24,93
13254,13254,24,42
13255,13255,24,33
13256,13256,24,150
13257,13257,25,45
13258,13258,25,98
13259,13259,25,64
13260,13260,25,52
13261,13261,26,135
13262,13262,26,76
13263,13263,26,55
13264,13264,26,94
13265,13265,27,113
13266,13266,27,60
13267,13267,27,80
13268,13268,27,67
13269,13269,28,98
13270,13270,28,72
13271,13271,28,76
13272,13272,28,123
13273,13273,29,78
13274,13274,29,76
13275,13275,29,71
13276,13276,29,129
13277,13277,30,62
13278,13278,30,68
13279,13279,30,23
13280,13280,30,73
13281,13281,31,35
13282,13282,31,60
13283,13283,31,60
13284,13284,31,68
13285,13285,32,79
13286,13286,32,62
13287,13287,32,47
13288,13288,32,108
13289,13289,33,102
13290,13290,33,69
13291,13291,33,48
13292,13292,33,104
13293,13293,34,29
13294,13294,34,49
13295,13295,34,103
13296,13296,34,43
13297,13297,35,82
13298,13298,35,82
13299,13299,35,31
13300,13300,35,57
13301,13301,1,101
13302,13302,1,113
13303,13303,1,79
13304,13304,1,68
13305,13305,2,80
13306,13306,2,94
13307,13307,2,59
13308,13308,2,119
13309,13309,3,86
13310,13310,3,38
13311,13311,3,36
13312,13312,3,129
13313,13313,4,94
13314,13314,4,45
13315,13315,4,69
13316,13316,4,81
13317,13317,5,131
13318,13318,5,89
13319,13319,5,130
13320,13320,5,69
13321,13321,6,158
13322,13322,6,82
13323,13323,6,56
13324,13324,6,158
13325,13325,7,186
13326,13326,7,70
13327,13327,7,49
13328,13328,7,127
13329,13329,8,145
13330,13330,8,47
13331,13331,8,78
13332,13332,8,142
13333,13333,9,76
13334,13334,9,96
13335,13335,9,69
13336,13336,9,69
13337,13337,10,122
13338,13338,10,74
13339,13339,10,72
13340,13340,10,71
13341,13341,11,122
13342,13342,11,139
13343,13343,11,79
13344,13344,11,87
13345,13345,12,176
13346,13346,12,70
13347,13347,12,71
13348,13348,12,47
13349,13349,13,119
13350,13350,13,134
13351,13351,13,62
13352,13352,13,65
13353,13353,14,95
13354,13354,14,49
13355,13355,14,79
13356,13356,14,103
13357,13357,15,136
13358,13358,15,49
13359,13359,15,44
13360,13360,15,122
13361,13361,16,81
13362,13362,16,106
13363,13363,16,62
13364,13364,16,85
13365,13365,17,153
13366,13366,17,85
13367,13367,17,57
13368,13368,17,112
13369,13369,18,109
13370,13370,18,104
13371,13371,18,41
13372,13372,18,133
13373,13373,19,101
13374,13374,19,27
13375,13375,19,64
13376,13376,19,43
13377,13377,20,153
13378,13378,20,87
13379,13379,20,57
13380,13380,20,80
13381,13381,21,111
13382,13382,21,93
13383,13383,21,73
13384,13384,21,141
13385,13385,22,110
13386,13386,22,136
13387,13387,22,60
13388,13388,22,160
13389,13389,23,148
13390,13390,23,170
13391,13391,23,174
13392,13392,23,61
13393,13393,24,109
13394,13394,24,65
13395,13395,24,118
13396,13396,24,101
13397,13397,25,121
13398,13398,25,93
13399,13399,25,86
13400,13400,25,66
13401,13401,26,43
13402,13402,26,83
13403,13403,26,111
13404,13404,26,122
13405,13405,27,10
13406,13406,27,113
13407,13407,27,75
13408,13408,27,64
13409,13409,28,120
13410,13410,28,67
13411,13411,28,51
13412,13412,28,77
13413,13413,29,182
13414,13414,29,71
13415,13415,29,20
13416,13416,29,89
13417,13417,30,160
13418,13418,30,71
13419,13419,30,66
13420,13420,30,66
13421,13421,31,73
13422,13422,31,149
13423,13423,31,69
13424,13424,31,83
13425,13425,32,109
13426,13426,32,84
13427,13427,32,65
13428,13428,32,139
13429,13429,33,136
13430,13430,33,68
13431,13431,33,106
13432,13432,33,207
13433,13433,34,87
13434,13434,34,96
13435,13435,34,99
13436,13436,34,55
13437,13437,35,105
13438,13438,35,96
13439,13439,35,72
13440,13440,35,118
13441,13441,1,184
13442,13442,1,71
13443,13443,1,112
13444,13444,1,141
13445,13445,2,156
13446,13446,2,81
13447,13447,2,57
13448,13448,2,76
13449,13449,3,160
13450,13450,3,52
13451,13451,3,82
13452,13452,3,94
13453,13453,4,165
13454,13454,4,71
13455,13455,4,59
13456,13456,4,121
13457,13457,5,117
13458,13458,5,72
13459,13459,5,84
13460,13460,5,40
13461,13461,6,130
13462,13462,6,89
13463,13463,6,23
13464,13464,6,129
13465,13465,7,179
13466,13466,7,80
13467,13467,7,60
13468,13468,7,122
13469,13469,8,80
13470,13470,8,76
13471,13471,8,97
13472,13472,8,105
13473,13473,9,109
13474,13474,9,94
13475,13475,9,53
13476,13476,9,49
13477,13477,10,158
13478,13478,10,89
13479,13479,10,58
13480,13480,10,25
13481,13481,11,126
13482,13482,11,121
13483,13483,11,74
13484,13484,11,42
13485,13485,12,50
13486,13486,12,102
13487,13487,12,68
13488,13488,12,102
13489,13489,13,130
13490,13490,13,75
13491,13491,13,70
13492,13492,13,145
13493,13493,14,168
13494,13494,14,98
13495,13495,14,112
13496,13496,14,82
13497,13497,15,136
13498,13498,15,56
13499,13499,15,40
13500,13500,15,110
13501,13501,16,179
13502,13502,16,80
13503,13503,16,41
13504,13504,16,75
13505,13505,17,49
13506,13506,17,24
13507,13507,17,79
13508,13508,17,143
13509,13509,18,117
13510,13510,18,64
13511,13511,18,67
13512,13512,18,109
13513,13513,19,135
13514,13514,19,102
13515,13515,19,68
13516,13516,19,68
13517,13517,20,127
13518,13518,20,94
13519,13519,20,83
13520,13520,20,110
13521,13521,21,197
13522,13522,21,51
13523,13523,21,49
13524,13524,21,90
13525,13525,22,126
13526,13526,22,97
13527,13527,22,95
13528,13528,22,180
13529,13529,23,139
13530,13530,23,63
13531,13531,23,77
13532,13532,23,50
13533,13533,24,221
13534,13534,24,31
13535,13535,24,81
13536,13536,24,50
13537,13537,25,62
13538,13538,25,54
13539,13539,25,62
13540,13540,25,39
13541,13541,26,108
13542,13542,26,134
13543,13543,26,35
13544,13544,26,134
13545,13545,27,135
13546,13546,27,126
13547,13547,27,102
13548,13548,27,89
13549,13549,28,98
13550,13550,28,104
13551,13551,28,45
13552,13552,28,127
13553,13553,29,65
13554,13554,29,50
13555,13555,29,42
13556,13556,29,108
13557,13557,30,96
13558,13558,30,107
13559,13559,30,93
13560,13560,30,44
13561,13561,31,112
13562,13562,31,142
13563,13563,31,51
13564,13564,31,76
13565,13565,32,153
13566,13566,32,90
13567,13567,32,32
13568,13568,32,152
13569,13569,33,134
13570,13570,33,73
13571,13571,33,71
13572,13572,33,109
13573,13573,34,118
13574,13574,34,92
13575,13575,34,47
13576,13576,34,117
13577,13577,35,89
13578,13578,35,98
13579,13579,35,48
13580,13580,35,55
13581,13581,1,60
13582,13582,1,20
13583,13583,1,22
13584,13584,1,96
13585,13585,2,56
13586,13586,2,66
13587,13587,2,46
13588,13588,2,20
13589,13589,3,46
13590,13590,3,61
13591,13591,3,55
13592,13592,3,29
13593,13593,4,40
13594,13594,4,35
13595,13595,4,29
13596,13596,4,45
13597,13597,5,52
13598,13598,5,60
13599,13599,5,25
13600,13600,5,53
13601,13601,6,43
13602,13602,6,37
13603,13603,6,46
13604,13604,6,38
13605,13605,7,69
13606,13606,7,41
13607,13607,7,46
13608,13608,7,50
13609,13609,8,57
13610,13610,8,20
13611,13611,8,49
13612,13612,8,53
13613,13613,9,41
13614,13614,9,50
13615,13615,9,28
13616,13616,9,47
13617,13617,10,23
13618,13618,10,34
13619,13619,10,75
13620,13620,10,55
13621,13621,11,47
13622,13622,11,71
13623,13623,11,34
13624,13624,11,58
13625,13625,12,33
13626,13626,12,53
13627,13627,12,35
13628,13628,12,83
13629,13629,13,66
13630,13630,13,40
13631,13631,13,16
13632,13632,13,53
13633,13633,14,43
13634,13634,14,33
13635,13635,14,19
13636,13636,14,29
13637,13637,15,84
13638,13638,15,37
13639,13639,15,31
13640,13640,15,51
13641,13641,16,83
13642,13642,16,64
13643,13643,16,17
13644,13644,16,20
13645,13645,17,74
13646,13646,17,18
13647,13647,17,32
13648,13648,17,38
13649,13649,18,32
13650,13650,18,58
13651,13651,18,44
13652,13652,18,69
13653,13653,19,36
13654,13654,19,34
13655,13655,19,59
13656,13656,19,39
13657,13657,20,72
13658,13658,20,41
13659,13659,20,47
13660,13660,20,44
13661,13661,21,48
13662,13662,21,63
13663,13663,21,76
13664,13664,21,69
13665,13665,22,70
13666,13666,22,31
13667,13667,22,53
13668,13668,22,68
13669,13669,23,76
13670,13670,23,27
13671,13671,23,24
13672,13672,23,47
13673,13673,24,29
13674,13674,24,41
13675,13675,24,36
13676,13676,24,64
13677,13677,25,50
13678,13678,25,53
13679,13679,25,25
13680,13680,25,18
13681,13681,26,47
13682,13682,26,19
13683,13683,26,27
13684,13684,26,45
13685,13685,27,60
13686,13686,27,18
13687,13687,27,43
13688,13688,27,64
13689,13689,28,72
13690,13690,28,48
13691,13691,28,16
13692,13692,28,48
13693,13693,29,85
13694,13694,29,35
13695,13695,29,53
13696,13696,29,50
13697,13697,30,48
13698,13698,30,62
13699,13699,30,30
13700,13700,30,75
13701,13701,31,65
13702,13702,31,55
13703,13703,31,51
13704,13704,31,77
13705,13705,32,42
13706,13706,32,23
13707,13707,32,66
13708,13708,32,71
13709,13709,33,55
13710,13710,33,18
13711,13711,33,49
13712,13712,33,72
13713,13713,34,71
13714,13714,34,57
13715,13715,34,28
13716,13716,34,67
13717,13717,35,69
13718,13718,35,23
13719,13719,35,25
13720,13720,35,45
13721,13721,1,23
13722,13722,1,18
13723,13723,1,49
13724,13724,1,35
13725,13725,2,46
13726,13726,2,39
13727,13727,2,69
13728,13728,2,61
13729,13729,3,31
13730,13730,3,57
13731,13731,3,24
13732,13732,3,35
13733,13733,4,58
13734,13734,4,45
13735,13735,4,29
13736,13736,4,57
13737,13737,5,38
13738,13738,5,70
13739,13739,5,22
13740,13740,5,32
13741,13741,6,50
13742,13742,6,27
13743,13743,6,34
13744,13744,6,53
13745,13745,7,74
13746,13746,7,54
13747,13747,7,34
13748,13748,7,46
13749,13749,8,63
13750,13750,8,76
13751,13751,8,34
13752,13752,8,62
13753,13753,9,53
13754,13754,9,52
13755,13755,9,14
13756,13756,9,63
13757,13757,10,80
13758,13758,10,30
13759,13759,10,46
13760,13760,10,40
13761,13761,11,61
13762,13762,11,39
13763,13763,11,37
13764,13764,11,58
13765,13765,12,93
13766,13766,12,33
13767,13767,12,55
13768,13768,12,44
13769,13769,13,72
13770,13770,13,64
13771,13771,13,52
13772,13772,13,60
13773,13773,14,38
13774,13774,14,71
13775,13775,14,56
13776,13776,14,45
13777,13777,15,66
13778,13778,15,29
13779,13779,15,38
13780,13780,15,30
13781,13781,16,30
13782,13782,16,28
13783,13783,16,42
13784,13784,16,90
13785,13785,17,20
13786,13786,17,36
13787,13787,17,26
13788,13788,17,63
13789,13789,18,48
13790,13790,18,42
13791,13791,18,23
13792,13792,18,34
13793,13793,19,78
13794,13794,19,26
13795,13795,19,62
13796,13796,19,30
13797,13797,20,54
13798,13798,20,35
13799,13799,20,35
13800,13800,20,34
13801,13801,21,89
13802,13802,21,46
13803,13803,21,21
13804,13804,21,62
13805,13805,22,59
13806,13806,22,53
13807,13807,22,41
13808,13808,22,77
13809,13809,23,59
13810,13810,23,17
13811,13811,23,51
13812,13812,23,38
13813,13813,24,13
13814,13814,24,49
13815,13815,24,29
13816,13816,24,41
13817,13817,25,37
13818,13818,25,30
13819,13819,25,36
13820,13820,25,40
13821,13821,26,35
13822,13822,26,44
13823,13823,26,14
13824,13824,26,68
13825,13825,27,111
13826,13826,27,72
13827,13827,27,25
13828,13828,27,21
13829,13829,28,42
13830,13830,28,58
13831,13831,28,35
13832,13832,28,51
13833,13833,29,74
13834,13834,29,61
13835,13835,29,30
13836,13836,29,64
13837,13837,30,32
13838,13838,30,22
13839,13839,30,30
13840,13840,30,75
13841,13841,31,56
13842,13842,31,68
13843,13843,31,26
13844,13844,31,81
13845,13845,32,71
13846,13846,32,69
13847,13847,32,32
13848,13848,32,23
13849,13849,33,26
13850,13850,33,26
13851,13851,33,67
13852,13852,33,40
13853,13853,34,65
13854,13854,34,21
13855,13855,34,31
13856,13856,34,38
13857,13857,35,103
13858,13858,35,34
13859,13859,35,36
13860,13860,35,63
13861,13861,1,47
13862,13862,1,64
13863,13863,1,42
13864,13864,1,31
13865,13865,2,51
13866,13866,2,69
13867,13867,2,30
13868,13868,2,76
13869,13869,3,83
13870,13870,3,65
13871,13871,3,25
13872,13872,3,78
13873,13873,4,72
13874,13874,4,31
13875,13875,4,52
13876,13876,4,101
13877,13877,5,91
13878,13878,5,69
13879,13879,5,26
13880,13880,5,43
13881,13881,6,65
13882,13882,6,55
13883,13883,6,50
13884,13884,6,60
13885,13885,7,70
13886,13886,7,81
13887,13887,7,91
13888,13888,7,67
13889,13889,8,83
13890,13890,8,43
13891,13891,8,39
13892,13892,8,58
13893,13893,9,101
13894,13894,9,39
13895,13895,9,52
13896,13896,9,53
13897,13897,10,73
13898,13898,10,28
13899,13899,10,47
13900,13900,10,76
13901,13901,11,103
13902,13902,11,53
13903,13903,11,60
13904,13904,11,42
13905,13905,12,59
13906,13906,12,72
13907,13907,12,18
13908,13908,12,79
13909,13909,13,92
13910,13910,13,41
13911,13911,13,33
13912,13912,13,51
13913,13913,14,36
13914,13914,14,41
13915,13915,14,52
13916,13916,14,67
13917,13917,15,123
13918,13918,15,47
13919,13919,15,47
13920,13920,15,41
13921,13921,16,69
13922,13922,16,36
13923,13923,16,40
13924,13924,16,28
13925,13925,17,60
13926,13926,17,35
13927,13927,17,26
13928,13928,17,60
13929,13929,18,80
13930,13930,18,38
13931,13931,18,34
13932,13932,18,34
13933,13933,19,35
13934,13934,19,56
13935,13935,19,38
13936,13936,19,39
13937,13937,20,60
13938,13938,20,37
13939,13939,20,60
13940,13940,20,68
13941,13941,21,48
13942,13942,21,54
13943,13943,21,67
13944,13944,21,52
13945,13945,22,95
13946,13946,22,49
13947,13947,22,44
13948,13948,22,48
13949,13949,23,114
13950,13950,23,104
13951,13951,23,24
13952,13952,23,45
13953,13953,24,83
13954,13954,24,54
13955,13955,24,32
13956,13956,24,67
13957,13957,25,77
13958,13958,25,45
13959,13959,25,60
13960,13960,25,66
13961,13961,26,55
13962,13962,26,51
13963,13963,26,36
13964,13964,26,74
13965,13965,27,71
13966,13966,27,49
13967,13967,27,25
13968,13968,27,59
13969,13969,28,40
13970,13970,28,48
13971,13971,28,56
13972,13972,28,74
13973,13973,29,65
13974,13974,29,60
13975,13975,29,75
13976,13976,29,76
13977,13977,30,48
13978,13978,30,67
13979,13979,30,39
13980,13980,30,75
13981,13981,31,42
13982,13982,31,58
13983,13983,31,46
13984,13984,31,84
13985,13985,32,41
13986,13986,32,59
13987,13987,32,23
13988,13988,32,52
13989,13989,33,76
13990,13990,33,121
13991,13991,33,45
13992,13992,33,108
13993,13993,34,82
13994,13994,34,82
13995,13995,34,43
13996,13996,34,53
13997,13997,35,49
13998,13998,35,83
13999,13999,35,20
14000,14000,35,31
14001,14001,1,87
14002,14002,1,70
14003,14003,1,61
14004,14004,1,31
14005,14005,2,91
14006,14006,2,38
14007,14007,2,63
14008,14008,2,35
14009,14009,3,80
14010,14010,3,32
14011,14011,3,54
14012,14012,3,66
14013,14013,4,72
14014,14014,4,44
14015,14015,4,32
14016,14016,4,73
14017,14017,5,22
14018,14018,5,29
14019,14019,5,38
14020,14020,5,68
14021,14021,6,47
14022,14022,6,101
14023,14023,6,51
14024,14024,6,126
14025,14025,7,92
14026,14026,7,61
14027,14027,7,26
14028,14028,7,51
14029,14029,8,75
14030,14030,8,58
14031,14031,8,29
14032,14032,8,49
14033,14033,9,52
14034,14034,9,71
14035,14035,9,46
14036,14036,9,35
14037,14037,10,58
14038,14038,10,79
14039,14039,10,26
14040,14040,10,100
14041,14041,11,50
14042,14042,11,84
14043,14043,11,88
14044,14044,11,60
14045,14045,12,93
14046,14046,12,33
14047,14047,12,53
14048,14048,12,21
14049,14049,13,61
14050,14050,13,67
14051,14051,13,52
14052,14052,13,65
14053,14053,14,29
14054,14054,14,26
14055,14055,14,61
14056,14056,14,109
14057,14057,15,75
14058,14058,15,56
14059,14059,15,60
14060,14060,15,75
14061,14061,16,49
14062,14062,16,89
14063,14063,16,28
14064,14064,16,64
14065,14065,17,70
14066,14066,17,50
14067,14067,17,43
14068,14068,17,38
14069,14069,18,60
14070,14070,18,51
14071,14071,18,50
14072,14072,18,58
14073,14073,19,92
14074,14074,19,55
14075,14075,19,40
14076,14076,19,102
14077,14077,20,52
14078,14078,20,45
14079,14079,20,38
14080,14080,20,54
14081,14081,21,80
14082,14082,21,89
14083,14083,21,31
14084,14084,21,98
14085,14085,22,59
14086,14086,22,67
14087,14087,22,29
14088,14088,22,80
14089,14089,23,93
14090,14090,23,94
14091,14091,23,49
14092,14092,23,82
14093,14093,24,98
14094,14094,24,64
14095,14095,24,65
14096,14096,24,54
14097,14097,25,64
14098,14098,25,70
14099,14099,25,21
14100,14100,25,73
14101,14101,26,45
14102,14102,26,45
14103,14103,26,24
14104,14104,26,104
14105,14105,27,50
14106,14106,27,63
14107,14107,27,74
14108,14108,27,30
14109,14109,28,93
14110,14110,28,25
14111,14111,28,27
14112,14112,28,68
14113,14113,29,93
14114,14114,29,80
14115,14115,29,63
14116,14116,29,29
14117,14117,30,51
14118,14118,30,54
14119,14119,30,58
14120,14120,30,32
14121,14121,31,43
14122,14122,31,73
14123,14123,31,44
14124,14124,31,42
14125,14125,32,71
14126,14126,32,68
14127,14127,32,40
14128,14128,32,64
14129,14129,33,62
14130,14130,33,91
14131,14131,33,38
14132,14132,33,90
14133,14133,34,116
14134,14134,34,75
14135,14135,34,41
14136,14136,34,46
14137,14137,35,74
14138,14138,35,59
14139,14139,35,68
14140,14140,35,74
14141,14141,1,70
14142,14142,1,83
14143,14143,1,38
14144,14144,1,85
14145,14145,2,83
14146,14146,2,49
14147,14147,2,30
14148,14148,2,86
14149,14149,3,70
14150,14150,3,95
14151,14151,3,38
14152,14152,3,74
14153,14153,4,81
14154,14154,4,95
14155,14155,4,42
14156,14156,4,71
14157,14157,5,109
14158,14158,5,86
14159,14159,5,29
14160,14160,5,101
14161,14161,6,112
14162,14162,6,69
14163,14163,6,35
14164,14164,6,143
14165,14165,7,101
14166,14166,7,97
14167,14167,7,35
14168,14168,7,81
14169,14169,8,89
14170,14170,8,65
14171,14171,8,59
14172,14172,8,61
14173,14173,9,35
14174,14174,9,85
14175,14175,9,48
14176,14176,9,72
14177,14177,10,192
14178,14178,10,22
14179,14179,10,26
14180,14180,10,89
14181,14181,11,144
14182,14182,11,29
14183,14183,11,71
14184,14184,11,127
14185,14185,12,114
14186,14186,12,30
14187,14187,12,27
14188,14188,12,102
14189,14189,13,107
14190,14190,13,69
14191,14191,13,81
14192,14192,13,109
14193,14193,14,99
14194,14194,14,79
14195,14195,14,33
14196,14196,14,94
14197,14197,15,153
14198,14198,15,83
14199,14199,15,45
14200,14200,15,64
14201,14201,16,98
14202,14202,16,67
14203,14203,16,56
14204,14204,16,57
14205,14205,17,136
14206,14206,17,38
14207,14207,17,36
14208,14208,17,124
14209,14209,18,75
14210,14210,18,33
14211,14211,18,53
14212,14212,18,82
14213,14213,19,102
14214,14214,19,82
14215,14215,19,48
14216,14216,19,139
14217,14217,20,109
14218,14218,20,60
14219,14219,20,55
14220,14220,20,102
14221,14221,21,79
14222,14222,21,100
14223,14223,21,44
14224,14224,21,77
14225,14225,22,99
14226,14226,22,32
14227,14227,22,33
14228,14228,22,85
14229,14229,23,102
14230,14230,23,55
14231,14231,23,58
14232,14232,23,42
14233,14233,24,186
14234,14234,24,111
14235,14235,24,49
14236,14236,24,90
14237,14237,25,152
14238,14238,25,25
14239,14239,25,55
14240,14240,25,106
14241,14241,26,132
14242,14242,26,108
14243,14243,26,87
14244,14244,26,63
14245,14245,27,63
14246,14246,27,139
14247,14247,27,83
14248,14248,27,97
14249,14249,28,158
14250,14250,28,64
14251,14251,28,88
14252,14252,28,142
14253,14253,29,154
14254,14254,29,37
14255,14255,29,43
14256,14256,29,27
14257,14257,30,99
14258,14258,30,62
14259,14259,30,123
14260,14260,30,58
14261,14261,31,59
14262,14262,31,71
14263,14263,31,61
14264,14264,31,93
14265,14265,32,120
14266,14266,32,70
14267,14267,32,42
14268,14268,32,44
14269,14269,33,105
14270,14270,33,70
14271,14271,33,123
14272,14272,33,82
14273,14273,34,70
14274,14274,34,88
14275,14275,34,75
14276,14276,34,88
14277,14277,35,74
14278,14278,35,72
14279,14279,35,64
14280,14280,35,91
14281,14281,1,119
14282,14282,1,72
14283,14283,1,72
14284,14284,1,120
14285,14285,2,206
14286,14286,2,86
14287,14287,2,93
14288,14288,2,150
14289,14289,3,73
14290,14290,3,47
14291,14291,3,124
14292,14292,3,163
14293,14293,4,81
14294,14294,4,139
14295,14295,4,99
14296,14296,4,109
14297,14297,5,100
14298,14298,5,70
14299,14299,5,86
14300,14300,5,141
14301,14301,6,129
14302,14302,6,71
14303,14303,6,104
14304,14304,6,158
14305,14305,7,120
14306,14306,7,152
14307,14307,7,142
14308,14308,7,25
14309,14309,8,118
14310,14310,8,83
14311,14311,8,81
14312,14312,8,98
14313,14313,9,157
14314,14314,9,177
14315,14315,9,67
14316,14316,9,60
14317,14317,10,225
14318,14318,10,89
14319,14319,10,143
14320,14320,10,101
14321,14321,11,140
14322,14322,11,91
14323,14323,11,114
14324,14324,11,84
14325,14325,12,133
14326,14326,12,84
14327,14327,12,69
14328,14328,12,59
14329,14329,13,109
14330,14330,13,81
14331,14331,13,87
14332,14332,13,49
14333,14333,14,177
14334,14334,14,37
14335,14335,14,83
14336,14336,14,99
14337,14337,15,84
14338,14338,15,74
14339,14339,15,66
14340,14340,15,140
14341,14341,16,171
14342,14342,16,85
14343,14343,16,84
14344,14344,16,97
14345,14345,17,102
14346,14346,17,77
14347,14347,17,122
14348,14348,17,155
14349,14349,18,58
14350,14350,18,140
14351,14351,18,42
14352,14352,18,97
14353,14353,19,82
14354,14354,19,45
14355,14355,19,111
14356,14356,19,70
14357,14357,20,179
14358,14358,20,97
14359,14359,20,52
14360,14360,20,75
14361,14361,21,143
14362,14362,21,59
14363,14363,21,86
14364,14364,21,132
14365,14365,22,66
14366,14366,22,88
14367,14367,22,76
14368,14368,22,134
14369,14369,23,96
14370,14370,23,99
14371,14371,23,71
14372,14372,23,113
14373,14373,24,109
14374,14374,24,51
14375,14375,24,59
14376,14376,24,95
14377,14377,25,93
14378,14378,25,73
14379,14379,25,59
14380,14380,25,173
14381,14381,26,44
14382,14382,26,123
14383,14383,26,88
14384,14384,26,99
14385,14385,27,65
14386,14386,27,34
14387,14387,27,63
14388,14388,27,106
14389,14389,28,134
14390,14390,28,51
14391,14391,28,37
14392,14392,28,116
14393,14393,29,110
14394,14394,29,135
14395,14395,29,51
14396,14396,29,72
14397,14397,30,116
14398,14398,30,138
14399,14399,30,128
14400,14400,30,73
14401,14401,31,155
14402,14402,31,68
14403,14403,31,85
14404,14404,31,87
14405,14405,32,74
14406,14406,32,75
14407,14407,32,43
14408,14408,32,109
14409,14409,33,105
14410,14410,33,48
14411,14411,33,63
14412,14412,33,153
14413,14413,34,121
14414,14414,34,131
14415,14415,34,55
14416,14416,34,113
14417,14417,35,148
14418,14418,35,77
14419,14419,35,56
14420,14420,35,148
14421,14421,1,109
14422,14422,1,45
14423,14423,1,50
14424,14424,1,165
14425,14425,2,138
14426,14426,2,96
14427,14427,2,90
14428,14428,2,70
14429,14429,3,109
14430,14430,3,36
14431,14431,3,123
14432,14432,3,96
14433,14433,4,187
14434,14434,4,107
14435,14435,4,79
14436,14436,4,121
14437,14437,5,114
14438,14438,5,72
14439,14439,5,65
14440,14440,5,119
14441,14441,6,109
14442,14442,6,85
14443,14443,6,40
14444,14444,6,43
14445,14445,7,131
14446,14446,7,90
14447,14447,7,87
14448,14448,7,139
14449,14449,8,113
14450,14450,8,71
14451,14451,8,41
14452,14452,8,137
14453,14453,9,120
14454,14454,9,63
14455,14455,9,69
14456,14456,9,104
14457,14457,10,101
14458,14458,10,75
14459,14459,10,75
14460,14460,10,120
14461,14461,11,132
14462,14462,11,69
14463,14463,11,43
14464,14464,11,114
14465,14465,12,86
14466,14466,12,113
14467,14467,12,57
14468,14468,12,101
14469,14469,13,53
14470,14470,13,63
14471,14471,13,137
14472,14472,13,53
14473,14473,14,83
14474,14474,14,114
14475,14475,14,68
14476,14476,14,114
14477,14477,15,148
14478,14478,15,93
14479,14479,15,55
14480,14480,15,135
14481,14481,16,134
14482,14482,16,90
14483,14483,16,99
14484,14484,16,105
14485,14485,17,112
14486,14486,17,72
14487,14487,17,44
14488,14488,17,111
14489,14489,18,73
14490,14490,18,108
14491,14491,18,123
14492,14492,18,142
14493,14493,19,112
14494,14494,19,48
14495,14495,19,123
14496,14496,19,86
14497,14497,20,194
14498,14498,20,38
14499,14499,20,97
14500,14500,20,91
14501,14501,21,145
14502,14502,21,73
14503,14503,21,71
14504,14504,21,103
14505,14505,22,137
14506,14506,22,38
14507,14507,22,41
14508,14508,22,120
14509,14509,23,100
14510,14510,23,77
14511,14511,23,80
14512,14512,23,140
14513,14513,24,172
14514,14514,24,78
14515,14515,24,74
14516,14516,24,81
14517,14517,25,144
14518,14518,25,52
14519,14519,25,55
14520,14520,25,76
14521,14521,26,117
14522,14522,26,31
14523,14523,26,66
14524,14524,26,124
14525,14525,27,34
14526,14526,27,97
14527,14527,27,138
14528,14528,27,49
14529,14529,28,114
14530,14530,28,60
14531,14531,28,49
14532,14532,28,56
14533,14533,29,97
14534,14534,29,126
14535,14535,29,25
14536,14536,29,52
14537,14537,30,100
14538,14538,30,124
14539,14539,30,47
14540,14540,30,136
14541,14541,31,120
14542,14542,31,115
14543,14543,31,82
14544,14544,31,127
14545,14545,32,163
14546,14546,32,144
14547,14547,32,84
14548,14548,32,165
14549,14549,33,131
14550,14550,33,58
14551,14551,33,53
14552,14552,33,80
14553,14553,34,112
14554,14554,34,77
14555,14555,34,68
14556,14556,34,58
14557,14557,35,99
14558,14558,35,159
14559,14559,35,106
14560,14560,35,167
14561,14561,1,52
14562,14562,1,60
14563,14563,1,41
14564,14564,1,46
14565,14565,2,37
14566,14566,2,54
14567,14567,2,35
14568,14568,2,61
14569,14569,3,75
14570,14570,3,42
14571,14571,3,16
14572,14572,3,35
14573,14573,4,137
14574,14574,4,55
14575,14575,4,52
14576,14576,4,74
14577,14577,5,95
14578,14578,5,48
14579,14579,5,32
14580,14580,5,35
14581,14581,6,51
14582,14582,6,39
14583,14583,6,19
14584,14584,6,68
14585,14585,7,36
14586,14586,7,63
14587,14587,7,50
14588,14588,7,71
14589,14589,8,38
14590,14590,8,57
14591,14591,8,44
14592,14592,8,43
14593,14593,9,34
14594,14594,9,54
14595,14595,9,33
14596,14596,9,48
14597,14597,10,81
14598,14598,10,83
14599,14599,10,58
14600,14600,10,33
14601,14601,11,76
14602,14602,11,13
14603,14603,11,32
14604,14604,11,66
14605,14605,12,84
14606,14606,12,53
14607,14607,12,24
14608,14608,12,85
14609,14609,13,20
14610,14610,13,47
14611,14611,13,41
14612,14612,13,58
14613,14613,14,87
14614,14614,14,51
14615,14615,14,13
14616,14616,14,48
14617,14617,15,28
14618,14618,15,73
14619,14619,15,15
14620,14620,15,49
14621,14621,16,69
14622,14622,16,45
14623,14623,16,37
14624,14624,16,67
14625,14625,17,46
14626,14626,17,37
14627,14627,17,35
14628,14628,17,34
14629,14629,18,69
14630,14630,18,65
14631,14631,18,23
14632,14632,18,74
14633,14633,19,52
14634,14634,19,38
14635,14635,19,69
14636,14636,19,77
14637,14637,20,37
14638,14638,20,9
14639,14639,20,65
14640,14640,20,40
14641,14641,21,33
14642,14642,21,58
14643,14643,21,38
14644,14644,21,37
14645,14645,22,36
14646,14646,22,40
14647,14647,22,48
14648,14648,22,43
14649,14649,23,67
14650,14650,23,90
14651,14651,23,22
14652,14652,23,74
14653,14653,24,70
14654,14654,24,51
14655,14655,24,34
14656,14656,24,50
14657,14657,25,63
14658,14658,25,13
14659,14659,25,34
14660,14660,25,61
14661,14661,26,79
14662,14662,26,44
14663,14663,26,37
14664,14664,26,40
14665,14665,27,52
14666,14666,27,38
14667,14667,27,66
14668,14668,27,54
14669,14669,28,34
14670,14670,28,51
14671,14671,28,22
14672,14672,28,13
14673,14673,29,51
14674,14674,29,24
14675,14675,29,51
14676,14676,29,33
14677,14677,30,127
14678,14678,30,40
14679,14679,30,29
14680,14680,30,37
14681,14681,31,37
14682,14682,31,38
14683,14683,31,20
14684,14684,31,39
14685,14685,32,77
14686,14686,32,46
14687,14687,32,23
14688,14688,32,75
14689,14689,33,76
14690,14690,33,34
14691,14691,33,46
14692,14692,33,51
14693,14693,34,80
14694,14694,34,43
14695,14695,34,47
14696,14696,34,46
14697,14697,35,38
14698,14698,35,44
14699,14699,35,58
14700,14700,35,47
14701,14701,1,41
14702,14702,1,33
14703,14703,1,35
14704,14704,1,62
14705,14705,2,92
14706,14706,2,34
14707,14707,2,40
14708,14708,2,34
14709,14709,3,36
14710,14710,3,38
14711,14711,3,37
14712,14712,3,83
14713,14713,4,80
14714,14714,4,30
14715,14715,4,59
14716,14716,4,27
14717,14717,5,50
14718,14718,5,30
14719,14719,5,26
14720,14720,5,35
14721,14721,6,78
14722,14722,6,57
14723,14723,6,42
14724,14724,6,69
14725,14725,7,61
14726,14726,7,28
14727,14727,7,34
14728,14728,7,29
14729,14729,8,39
14730,14730,8,42
14731,14731,8,36
14732,14732,8,61
14733,14733,9,54
14734,14734,9,27
14735,14735,9,26
14736,14736,9,76
14737,14737,10,55
14738,14738,10,47
14739,14739,10,32
14740,14740,10,79
14741,14741,11,59
14742,14742,11,47
14743,14743,11,24
14744,14744,11,87
14745,14745,12,45
14746,14746,12,27
14747,14747,12,10
14748,14748,12,72
14749,14749,13,60
14750,14750,13,24
14751,14751,13,27
14752,14752,13,40
14753,14753,14,77
14754,14754,14,61
14755,14755,14,81
14756,14756,14,72
14757,14757,15,40
14758,14758,15,42
14759,14759,15,41
14760,14760,15,77
14761,14761,16,96
14762,14762,16,71
14763,14763,16,43
14764,14764,16,43
14765,14765,17,47
14766,14766,17,44
14767,14767,17,34
14768,14768,17,76
14769,14769,18,66
14770,14770,18,35
14771,14771,18,41
14772,14772,18,33
14773,14773,19,62
14774,14774,19,40
14775,14775,19,23
14776,14776,19,30
14777,14777,20,60
14778,14778,20,33
14779,14779,20,64
14780,14780,20,33
14781,14781,21,42
14782,14782,21,52
14783,14783,21,23
14784,14784,21,44
14785,14785,22,40
14786,14786,22,49
14787,14787,22,34
14788,14788,22,50
14789,14789,23,38
14790,14790,23,22
14791,14791,23,52
14792,14792,23,98
14793,14793,24,69
14794,14794,24,78
14795,14795,24,36
14796,14796,24,87
14797,14797,25,47
14798,14798,25,26
14799,14799,25,51
14800,14800,25,53
14801,14801,26,115
14802,14802,26,31
14803,14803,26,65
14804,14804,26,40
14805,14805,27,53
14806,14806,27,33
14807,14807,27,34
14808,14808,27,48
14809,14809,28,39
14810,14810,28,68
14811,14811,28,50
14812,14812,28,54
14813,14813,29,53
14814,14814,29,36
14815,14815,29,26
14816,14816,29,58
14817,14817,30,52
14818,14818,30,42
14819,14819,30,33
14820,14820,30,62
14821,14821,31,53
14822,14822,31,67
14823,14823,31,54
14824,14824,31,36
14825,14825,32,43
14826,14826,32,30
14827,14827,32,55
14828,14828,32,34
14829,14829,33,59
14830,14830,33,30
14831,14831,33,49
14832,14832,33,44
14833,14833,34,69
14834,14834,34,80
14835,14835,34,10
14836,14836,34,35
14837,14837,35,77
14838,14838,35,22
14839,14839,35,33
14840,14840,35,53
14841,14841,1,52
14842,14842,1,65
14843,14843,1,49
14844,14844,1,42
14845,14845,2,174
14846,14846,2,27
14847,14847,2,50
14848,14848,2,99
14849,14849,3,56
14850,14850,3,42
14851,14851,3,73
14852,14852,3,32
14853,14853,4,64
14854,14854,4,39
14855,14855,4,26
14856,14856,4,80
14857,14857,5,16
14858,14858,5,79
14859,14859,5,27
14860,14860,5,24
14861,14861,6,76
14862,14862,6,39
14863,14863,6,30
14864,14864,6,65
14865,14865,7,66
14866,14866,7,67
14867,14867,7,33
14868,14868,7,77
14869,14869,8,76
14870,14870,8,49
14871,14871,8,33
14872,14872,8,98
14873,14873,9,66
14874,14874,9,39
14875,14875,9,35
14876,14876,9,54
14877,14877,10,52
14878,14878,10,63
14879,14879,10,31
14880,14880,10,77
14881,14881,11,67
14882,14882,11,27
14883,14883,11,26
14884,14884,11,33
14885,14885,12,62
14886,14886,12,33
14887,14887,12,31
14888,14888,12,47
14889,14889,13,71
14890,14890,13,57
14891,14891,13,37
14892,14892,13,38
14893,14893,14,56
14894,14894,14,20
14895,14895,14,31
14896,14896,14,162
14897,14897,15,70
14898,14898,15,47
14899,14899,15,39
14900,14900,15,66
14901,14901,16,71
14902,14902,16,48
14903,14903,16,26
14904,14904,16,104
14905,14905,17,36
14906,14906,17,52
14907,14907,17,40
14908,14908,17,58
14909,14909,18,81
14910,14910,18,37
14911,14911,18,72
14912,14912,18,74
14913,14913,19,57
14914,14914,19,14
14915,14915,19,61
14916,14916,19,37
14917,14917,20,45
14918,14918,20,61
14919,14919,20,53
14920,14920,20,28
14921,14921,21,129
14922,14922,21,42
14923,14923,21,29
14924,14924,21,53
14925,14925,22,80
14926,14926,22,44
14927,14927,22,45
14928,14928,22,102
14929,14929,23,84
14930,14930,23,62
14931,14931,23,55
14932,14932,23,59
14933,14933,24,63
14934,14934,24,37
14935,14935,24,48
14936,14936,24,55
14937,14937,25,124
14938,14938,25,57
14939,14939,25,26
14940,14940,25,48
14941,14941,26,68
14942,14942,26,32
14943,14943,26,39
14944,14944,26,81
14945,14945,27,83
14946,14946,27,69
14947,14947,27,27
14948,14948,27,93
14949,14949,28,100
14950,14950,28,37
14951,14951,28,57
14952,14952,28,60
14953,14953,29,54
14954,14954,29,36
14955,14955,29,25
14956,14956,29,60
14957,14957,30,44
14958,14958,30,41
14959,14959,30,48
14960,14960,30,54
14961,14961,31,48
14962,14962,31,66
14963,14963,31,58
14964,14964,31,102
14965,14965,32,92
14966,14966,32,26
14967,14967,32,45
14968,14968,32,79
14969,14969,33,24
14970,14970,33,76
14971,14971,33,40
14972,14972,33,58
14973,14973,34,52
14974,14974,34,82
14975,14975,34,32
14976,14976,34,30
14977,14977,35,70
14978,14978,35,31
14979,14979,35,34
14980,14980,35,76
14981,14981,1,75
14982,14982,1,40
14983,14983,1,32
14984,14984,1,62
14985,14985,2,86
14986,14986,2,40
14987,14987,2,41
14988,14988,2,79
14989,14989,3,109
14990,14990,3,86
14991,14991,3,80
14992,14992,3,112
14993,14993,4,67
14994,14994,4,78
14995,14995,4,61
14996,14996,4,32
14997,14997,5,88
14998,14998,5,110
14999,14999,5,63
15000,15000,5,66
15001,15001,6,133
15002,15002,6,91
15003,15003,6,19
15004,15004,6,61
15005,15005,7,71
15006,15006,7,69
15007,15007,7,57
15008,15008,7,76
15009,15009,8,107
15010,15010,8,32
15011,15011,8,46
15012,15012,8,103
15013,15013,9,58
15014,15014,9,55
15015,15015,9,61
15016,15016,9,78
15017,15017,10,75
15018,15018,10,29
15019,15019,10,36
15020,15020,10,67
15021,15021,11,75
15022,15022,11,69
15023,15023,11,39
15024,15024,11,80
15025,15025,12,45
15026,15026,12,52
15027,15027,12,32
15028,15028,12,98
15029,15029,13,55
15030,15030,13,38
15031,15031,13,21
15032,15032,13,45
15033,15033,14,73
15034,15034,14,39
15035,15035,14,81
15036,15036,14,34
15037,15037,15,82
15038,15038,15,42
15039,15039,15,49
15040,15040,15,57
15041,15041,16,47
15042,15042,16,79
15043,15043,16,64
15044,15044,16,44
15045,15045,17,79
15046,15046,17,80
15047,15047,17,49
15048,15048,17,60
15049,15049,18,47
15050,15050,18,81
15051,15051,18,17
15052,15052,18,74
15053,15053,19,56
15054,15054,19,18
15055,15055,19,74
15056,15056,19,37
15057,15057,20,61
15058,15058,20,79
15059,15059,20,28
15060,15060,20,37
15061,15061,21,90
15062,15062,21,30
15063,15063,21,46
15064,15064,21,95
15065,15065,22,60
15066,15066,22,26
15067,15067,22,43
15068,15068,22,39
15069,15069,23,90
15070,15070,23,69
15071,15071,23,22
15072,15072,23,63
15073,15073,24,131
15074,15074,24,89
15075,15075,24,49
15076,15076,24,72
15077,15077,25,104
15078,15078,25,63
15079,15079,25,45
15080,15080,25,63
15081,15081,26,83
15082,15082,26,81
15083,15083,26,75
15084,15084,26,53
15085,15085,27,79
15086,15086,27,26
15087,15087,27,73
15088,15088,27,74
15089,15089,28,55
15090,15090,28,68
15091,15091,28,32
15092,15092,28,50
15093,15093,29,56
15094,15094,29,80
15095,15095,29,30
15096,15096,29,61
15097,15097,30,73
15098,15098,30,60
15099,15099,30,66
15100,15100,30,39
15101,15101,31,52
15102,15102,31,48
15103,15103,31,48
15104,15104,31,47
15105,15105,32,45
15106,15106,32,64
15107,15107,32,56
15108,15108,32,69
15109,15109,33,81
15110,15110,33,74
15111,15111,33,23
15112,15112,33,57
15113,15113,34,108
15114,15114,34,55
15115,15115,34,56
15116,15116,34,39
15117,15117,35,142
15118,15118,35,96
15119,15119,35,36
15120,15120,35,106
15121,15121,1,240
15122,15122,1,77
15123,15123,1,22
15124,15124,1,124
15125,15125,2,87
15126,15126,2,69
15127,15127,2,78
15128,15128,2,72
15129,15129,3,82
15130,15130,3,108
15131,15131,3,129
15132,15132,3,56
15133,15133,4,76
15134,15134,4,77
15135,15135,4,40
15136,15136,4,88
15137,15137,5,138
15138,15138,5,32
15139,15139,5,42
15140,15140,5,71
15141,15141,6,40
15142,15142,6,41
15143,15143,6,32
15144,15144,6,84
15145,15145,7,77
15146,15146,7,37
15147,15147,7,66
15148,15148,7,61
15149,15149,8,95
15150,15150,8,56
15151,15151,8,40
15152,15152,8,40
15153,15153,9,91
15154,15154,9,68
15155,15155,9,42
15156,15156,9,40
15157,15157,10,87
15158,15158,10,107
15159,15159,10,72
15160,15160,10,156
15161,15161,11,131
15162,15162,11,87
15163,15163,11,66
15164,15164,11,37
15165,15165,12,116
15166,15166,12,87
15167,15167,12,73
15168,15168,12,109
15169,15169,13,33
15170,15170,13,49
15171,15171,13,39
15172,15172,13,95
15173,15173,14,63
15174,15174,14,64
15175,15175,14,34
15176,15176,14,138
15177,15177,15,46
15178,15178,15,56
15179,15179,15,55
15180,15180,15,82
15181,15181,16,112
15182,15182,16,36
15183,15183,16,61
15184,15184,16,104
15185,15185,17,164
15186,15186,17,47
15187,15187,17,53
15188,15188,17,47
15189,15189,18,139
15190,15190,18,44
15191,15191,18,75
15192,15192,18,59
15193,15193,19,70
15194,15194,19,78
15195,15195,19,51
15196,15196,19,48
15197,15197,20,168
15198,15198,20,74
15199,15199,20,53
15200,15200,20,63
15201,15201,21,162
15202,15202,21,114
15203,15203,21,41
15204,15204,21,94
15205,15205,22,125
15206,15206,22,50
15207,15207,22,49
15208,15208,22,54
15209,15209,23,91
15210,15210,23,46
15211,15211,23,81
15212,15212,23,123
15213,15213,24,63
15214,15214,24,72
15215,15215,24,64
15216,15216,24,104
15217,15217,25,84
15218,15218,25,45
15219,15219,25,66
15220,15220,25,90
15221,15221,26,89
15222,15222,26,33
15223,15223,26,41
15224,15224,26,77
15225,15225,27,115
15226,15226,27,50
15227,15227,27,51
15228,15228,27,48
15229,15229,28,120
15230,15230,28,69
15231,15231,28,45
15232,15232,28,111
15233,15233,29,146
15234,15234,29,74
15235,15235,29,20
15236,15236,29,151
15237,15237,30,151
15238,15238,30,48
15239,15239,30,91
15240,15240,30,117
15241,15241,31,113
15242,15242,31,97
15243,15243,31,47
15244,15244,31,85
15245,15245,32,80
15246,15246,32,38
15247,15247,32,87
15248,15248,32,47
15249,15249,33,62
15250,15250,33,46
15251,15251,33,77
15252,15252,33,51
15253,15253,34,56
15254,15254,34,79
15255,15255,34,78
15256,15256,34,66
15257,15257,35,103
15258,15258,35,75
15259,15259,35,42
15260,15260,35,135
15261,15261,1,53
15262,15262,1,97
15263,15263,1,36
15264,15264,1,81
15265,15265,2,120
15266,15266,2,54
15267,15267,2,65
15268,15268,2,110
15269,15269,3,104
15270,15270,3,113
15271,15271,3,40
15272,15272,3,83
15273,15273,4,83
15274,15274,4,59
15275,15275,4,56
15276,15276,4,72
15277,15277,5,81
15278,15278,5,63
15279,15279,5,106
15280,15280,5,84
15281,15281,6,61
15282,15282,6,48
15283,15283,6,128
15284,15284,6,32
15285,15285,7,117
15286,15286,7,62
15287,15287,7,28
15288,15288,7,89
15289,15289,8,61
15290,15290,8,105
15291,15291,8,78
15292,15292,8,65
15293,15293,9,180
15294,15294,9,69
15295,15295,9,57
15296,15296,9,183
15297,15297,10,73
15298,15298,10,65
15299,15299,10,63
15300,15300,10,152
15301,15301,11,145
15302,15302,11,50
15303,15303,11,41
15304,15304,11,74
15305,15305,12,70
15306,15306,12,81
15307,15307,12,43
15308,15308,12,69
15309,15309,13,142
15310,15310,13,120
15311,15311,13,75
15312,15312,13,107
15313,15313,14,130
15314,15314,14,129
15315,15315,14,111
15316,15316,14,60
15317,15317,15,115
15318,15318,15,68
15319,15319,15,74
15320,15320,15,154
15321,15321,16,99
15322,15322,16,61
15323,15323,16,61
15324,15324,16,99
15325,15325,17,107
15326,15326,17,130
15327,15327,17,92
15328,15328,17,128
15329,15329,18,156
15330,15330,18,56
15331,15331,18,57
15332,15332,18,91
15333,15333,19,177
15334,15334,19,105
15335,15335,19,89
15336,15336,19,126
15337,15337,20,168
15338,15338,20,94
15339,15339,20,57
15340,15340,20,78
15341,15341,21,95
15342,15342,21,50
15343,15343,21,106
15344,15344,21,89
15345,15345,22,202
15346,15346,22,158
15347,15347,22,97
15348,15348,22,51
15349,15349,23,69
15350,15350,23,76
15351,15351,23,76
15352,15352,23,65
15353,15353,24,111
15354,15354,24,80
15355,15355,24,67
15356,15356,24,71
15357,15357,25,117
15358,15358,25,100
15359,15359,25,81
15360,15360,25,132
15361,15361,26,136
15362,15362,26,125
15363,15363,26,64
15364,15364,26,79
15365,15365,27,88
15366,15366,27,89
15367,15367,27,127
15368,15368,27,85
15369,15369,28,206
15370,15370,28,92
15371,15371,28,76
15372,15372,28,138
15373,15373,29,76
15374,15374,29,45
15375,15375,29,41
15376,15376,29,119
15377,15377,30,113
15378,15378,30,105
15379,15379,30,121
15380,15380,30,58
15381,15381,31,205
15382,15382,31,115
15383,15383,31,62
15384,15384,31,97
15385,15385,32,68
15386,15386,32,180
15387,15387,32,73
15388,15388,32,188
15389,15389,33,88
15390,15390,33,94
15391,15391,33,45
15392,15392,33,107
15393,15393,34,209
15394,15394,34,67
15395,15395,34,52
15396,15396,34,61
15397,15397,35,141
15398,15398,35,84
15399,15399,35,40
15400,15400,35,134
15401,15401,1,77
15402,15402,1,40
15403,15403,1,71
15404,15404,1,104
15405,15405,2,54
15406,15406,2,80
15407,15407,2,39
15408,15408,2,72
15409,15409,3,72
15410,15410,3,78
15411,15411,3,47
15412,15412,3,108
15413,15413,4,45
15414,15414,4,44
15415,15415,4,46
15416,15416,4,45
15417,15417,5,80
15418,15418,5,20
15419,15419,5,35
15420,15420,5,51
15421,15421,6,99
15422,15422,6,24
15423,15423,6,17
15424,15424,6,49
15425,15425,7,95
15426,15426,7,26
15427,15427,7,39
15428,15428,7,57
15429,15429,8,44
15430,15430,8,26
15431,15431,8,40
15432,15432,8,56
15433,15433,9,83
15434,15434,9,122
15435,15435,9,25
15436,15436,9,56
15437,15437,10,41
15438,15438,10,34
15439,15439,10,37
15440,15440,10,43
15441,15441,11,91
15442,15442,11,52
15443,15443,11,58
15444,15444,11,103
15445,15445,12,93
15446,15446,12,64
15447,15447,12,52
15448,15448,12,89
15449,15449,13,119
15450,15450,13,73
15451,15451,13,115
15452,15452,13,97
15453,15453,14,100
15454,15454,14,74
15455,15455,14,37
15456,15456,14,74
15457,15457,15,89
15458,15458,15,54
15459,15459,15,53
15460,15460,15,59
15461,15461,16,51
15462,15462,16,27
15463,15463,16,37
15464,15464,16,58
15465,15465,17,58
15466,15466,17,71
15467,15467,17,63
15468,15468,17,34
15469,15469,18,61
15470,15470,18,36
15471,15471,18,48
15472,15472,18,67
15473,15473,19,77
15474,15474,19,107
15475,15475,19,57
15476,15476,19,60
15477,15477,20,42
15478,15478,20,51
15479,15479,20,17
15480,15480,20,57
15481,15481,21,61
15482,15482,21,66
15483,15483,21,83
15484,15484,21,74
15485,15485,22,50
15486,15486,22,41
15487,15487,22,46
15488,15488,22,78
15489,15489,23,74
15490,15490,23,32
15491,15491,23,33
15492,15492,23,122
15493,15493,24,75
15494,15494,24,22
15495,15495,24,27
15496,15496,24,69
15497,15497,25,101
15498,15498,25,33
15499,15499,25,38
15500,15500,25,23
15501,15501,26,38
15502,15502,26,54
15503,15503,26,37
15504,15504,26,49
15505,15505,27,49
15506,15506,27,72
15507,15507,27,37
15508,15508,27,45
15509,15509,28,78
15510,15510,28,24
15511,15511,28,21
15512,15512,28,49
15513,15513,29,92
15514,15514,29,22
15515,15515,29,57
15516,15516,29,81
15517,15517,30,92
15518,15518,30,71
15519,15519,30,69
15520,15520,30,65
15521,15521,31,83
15522,15522,31,61
15523,15523,31,35
15524,15524,31,53
15525,15525,32,127
15526,15526,32,43
15527,15527,32,41
15528,15528,32,59
15529,15529,33,45
15530,15530,33,61
15531,15531,33,56
15532,15532,33,84
15533,15533,34,100
15534,15534,34,45
15535,15535,34,39
15536,15536,34,67
15537,15537,35,59
15538,15538,35,57
15539,15539,35,33
15540,15540,35,52
15541,15541,1,38
15542,15542,1,16
15543,15543,1,5
15544,15544,1,39
15545,15545,2,16
15546,15546,2,51
15547,15547,2,24
15548,15548,2,41
15549,15549,3,52
15550,15550,3,24
15551,15551,3,25
15552,15552,3,6
15553,15553,4,33
15554,15554,4,29
15555,15555,4,22
15556,15556,4,28
15557,15557,5,40
15558,15558,5,27
15559,15559,5,54
15560,15560,5,30
15561,15561,6,22
15562,15562,6,12
15563,15563,6,33
15564,15564,6,23
15565,15565,7,29
15566,15566,7,49
15567,15567,7,33
15568,15568,7,22
15569,15569,8,43
15570,15570,8,17
15571,15571,8,14
15572,15572,8,22
15573,15573,9,51
15574,15574,9,26
15575,15575,9,19
15576,15576,9,33
15577,15577,10,42
15578,15578,10,26
15579,15579,10,19
15580,15580,10,18
15581,15581,11,31
15582,15582,11,14
15583,15583,11,17
15584,15584,11,42
15585,15585,12,62
15586,15586,12,27
15587,15587,12,25
15588,15588,12,12
15589,15589,13,25
15590,15590,13,18
15591,15591,13,11
15592,15592,13,30
15593,15593,14,54
15594,15594,14,23
15595,15595,14,29
15596,15596,14,30
15597,15597,15,30
15598,15598,15,37
15599,15599,15,22
15600,15600,15,37
15601,15601,16,50
15602,15602,16,41
15603,15603,16,31
15604,15604,16,18
15605,15605,17,75
15606,15606,17,32
15607,15607,17,17
15608,15608,17,31
15609,15609,18,34
15610,15610,18,23
15611,15611,18,25
15612,15612,18,30
15613,15613,19,54
15614,15614,19,29
15615,15615,19,23
15616,15616,19,46
15617,15617,20,44
15618,15618,20,29
15619,15619,20,14
15620,15620,20,19
15621,15621,21,42
15622,15622,21,23
15623,15623,21,35
15624,15624,21,22
15625,15625,22,33
15626,15626,22,25
15627,15627,22,19
15628,15628,22,21
15629,15629,23,47
15630,15630,23,37
15631,15631,23,8
15632,15632,23,39
15633,15633,24,39
15634,15634,24,30
15635,15635,24,37
15636,15636,24,23
15637,15637,25,76
15638,15638,25,78
15639,15639,25,32
15640,15640,25,26
15641,15641,26,23
15642,15642,26,17
15643,15643,26,29
15644,15644,26,49
15645,15645,27,50
15646,15646,27,33
15647,15647,27,24
15648,15648,27,35
15649,15649,28,67
15650,15650,28,16
15651,15651,28,20
15652,15652,28,18
15653,15653,29,40
15654,15654,29,24
15655,15655,29,20
15656,15656,29,29
15657,15657,30,14
15658,15658,30,35
15659,15659,30,12
15660,15660,30,36
15661,15661,31,19
15662,15662,31,29
15663,15663,31,16
15664,15664,31,40
15665,15665,32,50
15666,15666,32,23
15667,15667,32,19
15668,15668,32,39
15669,15669,33,23
15670,15670,33,29
15671,15671,33,19
15672,15672,33,15
15673,15673,34,36
15674,15674,34,21
15675,15675,34,24
15676,15676,34,31
15677,15677,35,51
15678,15678,35,25
15679,15679,35,39
15680,15680,35,22
15681,15681,1,48
15682,15682,1,26
15683,15683,1,28
15684,15684,1,23
15685,15685,2,27
15686,15686,2,38
15687,15687,2,16
15688,15688,2,21
15689,15689,3,39
15690,15690,3,10
15691,15691,3,32
15692,15692,3,14
15693,15693,4,32
15694,15694,4,17
15695,15695,4,14
15696,15696,4,37
15697,15697,5,22
15698,15698,5,30
15699,15699,5,19
15700,15700,5,25
15701,15701,6,48
15702,15702,6,27
15703,15703,6,49
15704,15704,6,27
15705,15705,7,43
15706,15706,7,32
15707,15707,7,38
15708,15708,7,24
15709,15709,8,47
15710,15710,8,28
15711,15711,8,22
15712,15712,8,17
15713,15713,9,26
15714,15714,9,21
15715,15715,9,39
15716,15716,9,45
15717,15717,10,46
15718,15718,10,29
15719,15719,10,12
15720,15720,10,37
15721,15721,11,33
15722,15722,11,39
15723,15723,11,14
15724,15724,11,21
15725,15725,12,37
15726,15726,12,32
15727,15727,12,13
15728,15728,12,28
15729,15729,13,40
15730,15730,13,35
15731,15731,13,7
15732,15732,13,36
15733,15733,14,46
15734,15734,14,37
15735,15735,14,21
15736,15736,14,39
15737,15737,15,57
15738,15738,15,22
15739,15739,15,44
15740,15740,15,15
15741,15741,16,27
15742,15742,16,30
15743,15743,16,19
15744,15744,16,18
15745,15745,17,34
15746,15746,17,36
15747,15747,17,28
15748,15748,17,24
15749,15749,18,45
15750,15750,18,18
15751,15751,18,38
15752,15752,18,17
15753,15753,19,18
15754,15754,19,30
15755,15755,19,15
15756,15756,19,44
15757,15757,20,64
15758,15758,20,16
15759,15759,20,22
15760,15760,20,24
15761,15761,21,46
15762,15762,21,27
15763,15763,21,28
15764,15764,21,33
15765,15765,22,56
15766,15766,22,25
15767,15767,22,26
15768,15768,22,15
15769,15769,23,40
15770,15770,23,32
15771,15771,23,12
15772,15772,23,29
15773,15773,24,61
15774,15774,24,26
15775,15775,24,34
15776,15776,24,59
15777,15777,25,30
15778,15778,25,39
15779,15779,25,18
15780,15780,25,20
15781,15781,26,46
15782,15782,26,18
15783,15783,26,14
15784,15784,26,24
15785,15785,27,60
15786,15786,27,32
15787,15787,27,23
15788,15788,27,64
15789,15789,28,29
15790,15790,28,28
15791,15791,28,14
15792,15792,28,52
15793,15793,29,55
15794,15794,29,26
15795,15795,29,18
15796,15796,29,27
15797,15797,30,49
15798,15798,30,21
15799,15799,30,15
15800,15800,30,35
15801,15801,31,25
15802,15802,31,31
15803,15803,31,15
15804,15804,31,25
15805,15805,32,22
15806,15806,32,23
15807,15807,32,13
15808,15808,32,10
15809,15809,33,29
15810,15810,33,45
15811,15811,33,23
15812,15812,33,31
15813,15813,34,23
15814,15814,34,37
15815,15815,34,16
15816,15816,34,21
15817,15817,35,42
15818,15818,35,20
15819,15819,35,14
15820,15820,35,20
15821,15821,1,37
15822,15822,1,51
15823,15823,1,28
15824,15824,1,38
15825,15825,2,50
15826,15826,2,23
15827,15827,2,38
15828,15828,2,18
15829,15829,3,62
15830,15830,3,53
15831,15831,3,23
15832,15832,3,30
15833,15833,4,59
15834,15834,4,36
15835,15835,4,20
15836,15836,4,63
15837,15837,5,43
15838,15838,5,43
15839,15839,5,26
15840,15840,5,32
15841,15841,6,34
15842,15842,6,64
15843,15843,6,46
15844,15844,6,29
15845,15845,7,47
15846,15846,7,20
15847,15847,7,20
15848,15848,7,21
15849,15849,8,32
15850,15850,8,32
15851,15851,8,37
15852,15852,8,41
15853,15853,9,44
15854,15854,9,25
15855,15855,9,44
15856,15856,9,42
15857,15857,10,31
15858,15858,10,34
15859,15859,10,24
15860,15860,10,48
15861,15861,11,33
15862,15862,11,29
15863,15863,11,43
15864,15864,11,27
15865,15865,12,66
15866,15866,12,27
15867,15867,12,28
15868,15868,12,44
15869,15869,13,75
15870,15870,13,47
15871,15871,13,35
15872,15872,13,30
15873,15873,14,40
15874,15874,14,27
15875,15875,14,41
15876,15876,14,60
15877,15877,15,46
15878,15878,15,35
15879,15879,15,32
15880,15880,15,56
15881,15881,16,57
15882,15882,16,26
15883,15883,16,41
15884,15884,16,45
15885,15885,17,42
15886,15886,17,33
15887,15887,17,30
15888,15888,17,41
15889,15889,18,57
15890,15890,18,42
15891,15891,18,49
15892,15892,18,8
15893,15893,19,48
15894,15894,19,25
15895,15895,19,17
15896,15896,19,43
15897,15897,20,50
15898,15898,20,26
15899,15899,20,35
15900,15900,20,25
15901,15901,21,33
15902,15902,21,28
15903,15903,21,14
15904,15904,21,43
15905,15905,22,74
15906,15906,22,44
15907,15907,22,11
15908,15908,22,47
15909,15909,23,39
15910,15910,23,31
15911,15911,23,49
15912,15912,23,44
15913,15913,24,46
15914,15914,24,20
15915,15915,24,20
15916,15916,24,24
15917,15917,25,61
15918,15918,25,31
15919,15919,25,30
15920,15920,25,61
15921,15921,26,33
15922,15922,26,37
15923,15923,26,14
15924,15924,26,25
15925,15925,27,68
15926,15926,27,36
15927,15927,27,28
15928,15928,27,41
15929,15929,28,46
15930,15930,28,29
15931,15931,28,31
15932,15932,28,33
15933,15933,29,53
15934,15934,29,34
15935,15935,29,21
15936,15936,29,20
15937,15937,30,19
15938,15938,30,29
15939,15939,30,27
15940,15940,30,74
15941,15941,31,71
15942,15942,31,31
15943,15943,31,29
15944,15944,31,19
15945,15945,32,43
15946,15946,32,22
15947,15947,32,11
15948,15948,32,16
15949,15949,33,48
15950,15950,33,29
15951,15951,33,46
15952,15952,33,33
15953,15953,34,13
15954,15954,34,25
15955,15955,34,43
15956,15956,34,82
15957,15957,35,45
15958,15958,35,22
15959,15959,35,30
15960,15960,35,57
15961,15961,1,5
15962,15962,1,81
15963,15963,1,59
15964,15964,1,26
15965,15965,2,35
15966,15966,2,35
15967,15967,2,13
15968,15968,2,46
15969,15969,3,63
15970,15970,3,32
15971,15971,3,18
15972,15972,3,26
15973,15973,4,58
15974,15974,4,50
15975,15975,4,47
15976,15976,4,42
15977,15977,5,28
15978,15978,5,27
15979,15979,5,46
15980,15980,5,55
15981,15981,6,52
15982,15982,6,40
15983,15983,6,71
15984,15984,6,37
15985,15985,7,41
15986,15986,7,45
15987,15987,7,15
15988,15988,7,37
15989,15989,8,29
15990,15990,8,38
15991,15991,8,19
15992,15992,8,29
15993,15993,9,56
15994,15994,9,33
15995,15995,9,26
15996,15996,9,79
15997,15997,10,48
15998,15998,10,57
15999,15999,10,30
16000,16000,10,16
16001,16001,11,33
16002,16002,11,47
16003,16003,11,33
16004,16004,11,30
16005,16005,12,46
16006,16006,12,29
16007,16007,12,52
16008,16008,12,65
16009,16009,13,76
16010,16010,13,30
16011,16011,13,25
16012,16012,13,39
16013,16013,14,62
16014,16014,14,46
16015,16015,14,9
16016,16016,14,46
16017,16017,15,58
16018,16018,15,31
16019,16019,15,31
16020,16020,15,41
16021,16021,16,54
16022,16022,16,23
16023,16023,16,41
16024,16024,16,32
16025,16025,17,34
16026,16026,17,32
16027,16027,17,34
16028,16028,17,18
16029,16029,18,53
16030,16030,18,55
16031,16031,18,37
16032,16032,18,31
16033,16033,19,59
16034,16034,19,64
16035,16035,19,43
16036,16036,19,32
16037,16037,20,78
16038,16038,20,23
16039,16039,20,41
16040,16040,20,33
16041,16041,21,77
16042,16042,21,23
16043,16043,21,20
16044,16044,21,27
16045,16045,22,66
16046,16046,22,13
16047,16047,22,51
16048,16048,22,91
16049,16049,23,13
16050,16050,23,40
16051,16051,23,37
16052,16052,23,75
16053,16053,24,53
16054,16054,24,42
16055,16055,24,27
16056,16056,24,31
16057,16057,25,56
16058,16058,25,38
16059,16059,25,44
16060,16060,25,32
16061,16061,26,80
16062,16062,26,35
16063,16063,26,19
16064,16064,26,68
16065,16065,27,33
16066,16066,27,18
16067,16067,27,19
16068,16068,27,35
16069,16069,28,53
16070,16070,28,21
16071,16071,28,33
16072,16072,28,65
16073,16073,29,55
16074,16074,29,22
16075,16075,29,31
16076,16076,29,75
16077,16077,30,35
16078,16078,30,2
16079,16079,30,22
16080,16080,30,47
16081,16081,31,40
16082,16082,31,48
16083,16083,31,19
16084,16084,31,42
16085,16085,32,59
16086,16086,32,40
16087,16087,32,13
16088,16088,32,66
16089,16089,33,47
16090,16090,33,41
16091,16091,33,8
16092,16092,33,28
16093,16093,34,43
16094,16094,34,38
16095,16095,34,55
16096,16096,34,35
16097,16097,35,35
16098,16098,35,36
16099,16099,35,30
16100,16100,35,39
16101,16101,1,69
16102,16102,1,32
16103,16103,1,65
16104,16104,1,103
16105,16105,2,24
16106,16106,2,76
16107,16107,2,49
16108,16108,2,42
16109,16109,3,85
16110,16110,3,57
16111,16111,3,30
16112,16112,3,52
16113,16113,4,65
16114,16114,4,16
16115,16115,4,21
16116,16116,4,52
16117,16117,5,114
16118,16118,5,78
16119,16119,5,22
16120,16120,5,46
16121,16121,6,53
16122,16122,6,48
16123,16123,6,50
16124,16124,6,23
16125,16125,7,83
16126,16126,7,62
16127,16127,7,46
16128,16128,7,69
16129,16129,8,70
16130,16130,8,23
16131,16131,8,60
16132,16132,8,48
16133,16133,9,42
16134,16134,9,39
16135,16135,9,23
16136,16136,9,45
16137,16137,10,57
16138,16138,10,49
16139,16139,10,30
16140,16140,10,76
16141,16141,11,83
16142,16142,11,68
16143,16143,11,24
16144,16144,11,78
16145,16145,12,72
16146,16146,12,55
16147,16147,12,48
16148,16148,12,34
16149,16149,13,86
16150,16150,13,75
16151,16151,13,46
16152,16152,13,53
16153,16153,14,78
16154,16154,14,11
16155,16155,14,51
16156,16156,14,49
16157,16157,15,68
16158,16158,15,70
16159,16159,15,39
16160,16160,15,53
16161,16161,16,59
16162,16162,16,72
16163,16163,16,52
16164,16164,16,90
16165,16165,17,39
16166,16166,17,36
16167,16167,17,46
16168,16168,17,58
16169,16169,18,72
16170,16170,18,52
16171,16171,18,5
16172,16172,18,65
16173,16173,19,58
16174,16174,19,52
16175,16175,19,38
16176,16176,19,37
16177,16177,20,94
16178,16178,20,66
16179,16179,20,23
16180,16180,20,41
16181,16181,21,50
16182,16182,21,47
16183,16183,21,23
16184,16184,21,62
16185,16185,22,100
16186,16186,22,45
16187,16187,22,57
16188,16188,22,76
16189,16189,23,26
16190,16190,23,77
16191,16191,23,26
16192,16192,23,49
16193,16193,24,49
16194,16194,24,42
16195,16195,24,36
16196,16196,24,17
16197,16197,25,56
16198,16198,25,59
16199,16199,25,46
16200,16200,25,82
16201,16201,26,30
16202,16202,26,46
16203,16203,26,40
16204,16204,26,30
16205,16205,27,36
16206,16206,27,37
16207,16207,27,23
16208,16208,27,51
16209,16209,28,50
16210,16210,28,43
16211,16211,28,39
16212,16212,28,28
16213,16213,29,33
16214,16214,29,47
16215,16215,29,36
16216,16216,29,40
16217,16217,30,48
16218,16218,30,55
16219,16219,30,46
16220,16220,30,32
16221,16221,31,83
16222,16222,31,31
16223,16223,31,22
16224,16224,31,65
16225,16225,32,64
16226,16226,32,64
16227,16227,32,55
16228,16228,32,94
16229,16229,33,81
16230,16230,33,54
16231,16231,33,18
16232,16232,33,65
16233,16233,34,81
16234,16234,34,43
16235,16235,34,25
16236,16236,34,31
16237,16237,35,36
16238,16238,35,46
16239,16239,35,37
16240,16240,35,21
16241,16241,1,86
16242,16242,1,61
16243,16243,1,44
16244,16244,1,152
16245,16245,2,88
16246,16246,2,67
16247,16247,2,86
16248,16248,2,88
16249,16249,3,144
16250,16250,3,119
16251,16251,3,35
16252,16252,3,111
16253,16253,4,101
16254,16254,4,58
16255,16255,4,79
16256,16256,4,71
16257,16257,5,55
16258,16258,5,59
16259,16259,5,56
16260,16260,5,84
16261,16261,6,150
16262,16262,6,30
16263,16263,6,26
16264,16264,6,105
16265,16265,7,124
16266,16266,7,29
16267,16267,7,49
16268,16268,7,59
16269,16269,8,67
16270,16270,8,66
16271,16271,8,85
16272,16272,8,74
16273,16273,9,112
16274,16274,9,55
16275,16275,9,52
16276,16276,9,43
16277,16277,10,81
16278,16278,10,41
16279,16279,10,35
16280,16280,10,31
16281,16281,11,95
16282,16282,11,56
16283,16283,11,43
16284,16284,11,39
16285,16285,12,114
16286,16286,12,55
16287,16287,12,38
16288,16288,12,55
16289,16289,13,78
16290,16290,13,91
16291,16291,13,46
16292,16292,13,61
16293,16293,14,66
16294,16294,14,52
16295,16295,14,13
16296,16296,14,78
16297,16297,15,57
16298,16298,15,97
16299,16299,15,64
16300,16300,15,126
16301,16301,16,72
16302,16302,16,93
16303,16303,16,72
16304,16304,16,127
16305,16305,17,91
16306,16306,17,62
16307,16307,17,61
16308,16308,17,60
16309,16309,18,84
16310,16310,18,44
16311,16311,18,61
16312,16312,18,78
16313,16313,19,55
16314,16314,19,53
16315,16315,19,35
16316,16316,19,77
16317,16317,20,47
16318,16318,20,36
16319,16319,20,35
16320,16320,20,73
16321,16321,21,51
16322,16322,21,55
16323,16323,21,37
16324,16324,21,67
16325,16325,22,48
16326,16326,22,100
16327,16327,22,95
16328,16328,22,89
16329,16329,23,111
16330,16330,23,54
16331,16331,23,19
16332,16332,23,64
16333,16333,24,142
16334,16334,24,97
16335,16335,24,65
16336,16336,24,72
16337,16337,25,54
16338,16338,25,47
16339,16339,25,47
16340,16340,25,59
16341,16341,26,88
16342,16342,26,52
16343,16343,26,45
16344,16344,26,82
16345,16345,27,54
16346,16346,27,83
16347,16347,27,38
16348,16348,27,88
16349,16349,28,60
16350,16350,28,58
16351,16351,28,24
16352,16352,28,153
16353,16353,29,69
16354,16354,29,76
16355,16355,29,41
16356,16356,29,96
16357,16357,30,49
16358,16358,30,31
16359,16359,30,58
16360,16360,30,68
16361,16361,31,62
16362,16362,31,34
16363,16363,31,43
16364,16364,31,68
16365,16365,32,46
16366,16366,32,55
16367,16367,32,68
16368,16368,32,70
16369,16369,33,61
16370,16370,33,84
16371,16371,33,38
16372,16372,33,53
16373,16373,34,79
16374,16374,34,52
16375,16375,34,23
16376,16376,34,43
16377,16377,35,137
16378,16378,35,61
16379,16379,35,43
16380,16380,35,71
16381,16381,1,143
16382,16382,1,44
16383,16383,1,31
16384,16384,1,34
16385,16385,2,85
16386,16386,2,62
16387,16387,2,34
16388,16388,2,96
16389,16389,3,94
16390,16390,3,69
16391,16391,3,59
16392,16392,3,50
16393,16393,4,58
16394,16394,4,77
16395,16395,4,22
16396,16396,4,68
16397,16397,5,60
16398,16398,5,36
16399,16399,5,39
16400,16400,5,39
16401,16401,6,85
16402,16402,6,63
16403,16403,6,49
16404,16404,6,143
16405,16405,7,83
16406,16406,7,51
16407,16407,7,44
16408,16408,7,55
16409,16409,8,90
16410,16410,8,35
16411,16411,8,29
16412,16412,8,111
16413,16413,9,91
16414,16414,9,33
16415,16415,9,80
16416,16416,9,50
16417,16417,10,99
16418,16418,10,66
16419,16419,10,63
16420,16420,10,61
16421,16421,11,70
16422,16422,11,81
16423,16423,11,44
16424,16424,11,19
16425,16425,12,60
16426,16426,12,61
16427,16427,12,27
16428,16428,12,61
16429,16429,13,52
16430,16430,13,40
16431,16431,13,35
16432,16432,13,117
16433,16433,14,82
16434,16434,14,85
16435,16435,14,35
16436,16436,14,39
16437,16437,15,52
16438,16438,15,31
16439,16439,15,45
16440,16440,15,53
16441,16441,16,74
16442,16442,16,40
16443,16443,16,54
16444,16444,16,86
16445,16445,17,24
16446,16446,17,42
16447,16447,17,49
16448,16448,17,73
16449,16449,18,66
16450,16450,18,70
16451,16451,18,32
16452,16452,18,54
16453,16453,19,107
16454,16454,19,67
16455,16455,19,35
16456,16456,19,36
16457,16457,20,46
16458,16458,20,37
16459,16459,20,22
16460,16460,20,125
16461,16461,21,76
16462,16462,21,84
16463,16463,21,28
16464,16464,21,85
16465,16465,22,47
16466,16466,22,53
16467,16467,22,33
16468,16468,22,68
16469,16469,23,36
16470,16470,23,28
16471,16471,23,77
16472,16472,23,62
16473,16473,24,106
16474,16474,24,50
16475,16475,24,42
16476,16476,24,73
16477,16477,25,88
16478,16478,25,45
16479,16479,25,31
16480,16480,25,82
16481,16481,26,101
16482,16482,26,43
16483,16483,26,20
16484,16484,26,103
16485,16485,27,53
16486,16486,27,19
16487,16487,27,23
16488,16488,27,19
16489,16489,28,114
16490,16490,28,29
16491,16491,28,64
16492,16492,28,65
16493,16493,29,78
16494,16494,29,52
16495,16495,29,34
16496,16496,29,78
16497,16497,30,65
16498,16498,30,35
16499,16499,30,54
16500,16500,30,41
16501,16501,31,47
16502,16502,31,39
16503,16503,31,56
16504,16504,31,118
16505,16505,32,92
16506,16506,32,72
16507,16507,32,28
16508,16508,32,86
16509,16509,33,122
16510,16510,33,31
16511,16511,33,30
16512,16512,33,40
16513,16513,34,66
16514,16514,34,50
16515,16515,34,33
16516,16516,34,61
16517,16517,35,71
16518,16518,35,45
16519,16519,35,56
16520,16520,35,76
16521,16521,1,40
16522,16522,1,16
16523,16523,1,38
16524,16524,1,28
16525,16525,2,30
16526,16526,2,18
16527,16527,2,21
16528,16528,2,24
16529,16529,3,79
16530,16530,3,14
16531,16531,3,20
16532,16532,3,42
16533,16533,4,41
16534,16534,4,23
16535,16535,4,34
16536,16536,4,40
16537,16537,5,61
16538,16538,5,21
16539,16539,5,32
16540,16540,5,64
16541,16541,6,46
16542,16542,6,24
16543,16543,6,16
16544,16544,6,40
16545,16545,7,19
16546,16546,7,27
16547,16547,7,17
16548,16548,7,53
16549,16549,8,42
16550,16550,8,19
16551,16551,8,42
16552,16552,8,32
16553,16553,9,49
16554,16554,9,16
16555,16555,9,17
16556,16556,9,35
16557,16557,10,28
16558,16558,10,52
16559,16559,10,8
16560,16560,10,50
16561,16561,11,38
16562,16562,11,14
16563,16563,11,27
16564,16564,11,53
16565,16565,12,46
16566,16566,12,70
16567,16567,12,23
16568,16568,12,17
16569,16569,13,46
16570,16570,13,20
16571,16571,13,44
16572,16572,13,47
16573,16573,14,38
16574,16574,14,29
16575,16575,14,28
16576,16576,14,21
16577,16577,15,52
16578,16578,15,25
16579,16579,15,39
16580,16580,15,28
16581,16581,16,40
16582,16582,16,36
16583,16583,16,19
16584,16584,16,46
16585,16585,17,30
16586,16586,17,39
16587,16587,17,25
16588,16588,17,25
16589,16589,18,36
16590,16590,18,20
16591,16591,18,16
16592,16592,18,15
16593,16593,19,36
16594,16594,19,19
16595,16595,19,37
16596,16596,19,30
16597,16597,20,30
16598,16598,20,40
16599,16599,20,21
16600,16600,20,46
16601,16601,21,23
16602,16602,21,23
16603,16603,21,26
16604,16604,21,20
16605,16605,22,43
16606,16606,22,43
16607,16607,22,26
16608,16608,22,28
16609,16609,23,47
16610,16610,23,29
16611,16611,23,26
16612,16612,23,20
16613,16613,24,24
16614,16614,24,26
16615,16615,24,23
16616,16616,24,32
16617,16617,25,52
16618,16618,25,43
16619,16619,25,26
16620,16620,25,19
16621,16621,26,42
16622,16622,26,54
16623,16623,26,33
16624,16624,26,25
16625,16625,27,65
16626,16626,27,28
16627,16627,27,19
16628,16628,27,37
16629,16629,28,46
16630,16630,28,22
16631,16631,28,19
16632,16632,28,44
16633,16633,29,32
16634,16634,29,12
16635,16635,29,44
16636,16636,29,25
16637,16637,30,87
16638,16638,30,20
16639,16639,30,40
16640,16640,30,62
16641,16641,31,26
16642,16642,31,24
16643,16643,31,22
16644,16644,31,29
16645,16645,32,60
16646,16646,32,14
16647,16647,32,23
16648,16648,32,36
16649,16649,33,28
16650,16650,33,18
16651,16651,33,23
16652,16652,33,41
16653,16653,34,39
16654,16654,34,33
16655,16655,34,42
16656,16656,34,26
16657,16657,35,52
16658,16658,35,23
16659,16659,35,18
16660,16660,35,30
16661,16661,1,45
16662,16662,1,16
16663,16663,1,37
16664,16664,1,34
16665,16665,2,44
16666,16666,2,21
16667,16667,2,32
16668,16668,2,21
16669,16669,3,35
16670,16670,3,51
16671,16671,3,30
16672,16672,3,65
16673,16673,4,40
16674,16674,4,54
16675,16675,4,31
16676,16676,4,20
16677,16677,5,49
16678,16678,5,15
16679,16679,5,27
16680,16680,5,45
16681,16681,6,26
16682,16682,6,28
16683,16683,6,26
16684,16684,6,38
16685,16685,7,45
16686,16686,7,28
16687,16687,7,35
16688,16688,7,29
16689,16689,8,50
16690,16690,8,32
16691,16691,8,23
16692,16692,8,25
16693,16693,9,28
16694,16694,9,51
16695,16695,9,18
16696,16696,9,30
16697,16697,10,49
16698,16698,10,57
16699,16699,10,12
16700,16700,10,32
16701,16701,11,87
16702,16702,11,21
16703,16703,11,17
16704,16704,11,43
16705,16705,12,74
16706,16706,12,29
16707,16707,12,22
16708,16708,12,64
16709,16709,13,52
16710,16710,13,31
16711,16711,13,18
16712,16712,13,34
16713,16713,14,17
16714,16714,14,25
16715,16715,14,20
16716,16716,14,30
16717,16717,15,34
16718,16718,15,26
16719,16719,15,13
16720,16720,15,30
16721,16721,16,36
16722,16722,16,17
16723,16723,16,24
16724,16724,16,43
16725,16725,17,36
16726,16726,17,52
16727,16727,17,26
16728,16728,17,25
16729,16729,18,48
16730,16730,18,24
16731,16731,18,30
16732,16732,18,16
16733,16733,19,27
16734,16734,19,17
16735,16735,19,20
16736,16736,19,37
16737,16737,20,56
16738,16738,20,33
16739,16739,20,16
16740,16740,20,26
16741,16741,21,41
16742,16742,21,42
16743,16743,21,8
16744,16744,21,58
16745,16745,22,32
16746,16746,22,18
16747,16747,22,18
16748,16748,22,30
16749,16749,23,36
16750,16750,23,40
16751,16751,23,34
16752,16752,23,30
16753,16753,24,46
16754,16754,24,21
16755,16755,24,23
16756,16756,24,29
16757,16757,25,42
16758,16758,25,29
16759,16759,25,19
16760,16760,25,36
16761,16761,26,35
16762,16762,26,21
16763,16763,26,15
16764,16764,26,54
16765,16765,27,61
16766,16766,27,22
16767,16767,27,27
16768,16768,27,47
16769,16769,28,56
16770,16770,28,21
16771,16771,28,21
16772,16772,28,25
16773,16773,29,42
16774,16774,29,29
16775,16775,29,25
16776,16776,29,16
16777,16777,30,41
16778,16778,30,24
16779,16779,30,11
16780,16780,30,40
16781,16781,31,19
16782,16782,31,23
16783,16783,31,17
16784,16784,31,30
16785,16785,32,66
16786,16786,32,41
16787,16787,32,40
16788,16788,32,39
16789,16789,33,51
16790,16790,33,34
16791,16791,33,15
16792,16792,33,34
16793,16793,34,43
16794,16794,34,14
16795,16795,34,31
16796,16796,34,21
16797,16797,35,39
16798,16798,35,39
16799,16799,35,14
16800,16800,35,36
16801,16801,1,67
16802,16802,1,15
16803,16803,1,16
16804,16804,1,27
16805,16805,2,94
16806,16806,2,23
16807,16807,2,38
16808,16808,2,38
16809,16809,3,42
16810,16810,3,59
16811,16811,3,30
16812,16812,3,51
16813,16813,4,63
16814,16814,4,54
16815,16815,4,37
16816,16816,4,39
16817,16817,5,33
16818,16818,5,30
16819,16819,5,33
16820,16820,5,25
16821,16821,6,35
16822,16822,6,19
16823,16823,6,41
16824,16824,6,35
16825,16825,7,49
16826,16826,7,42
16827,16827,7,29
16828,16828,7,45
16829,16829,8,38
16830,16830,8,29
16831,16831,8,37
16832,16832,8,49
16833,16833,9,36
16834,16834,9,36
16835,16835,9,42
16836,16836,9,32
16837,16837,10,73
16838,16838,10,24
16839,16839,10,18
16840,16840,10,38
16841,16841,11,52
16842,16842,11,27
16843,16843,11,33
16844,16844,11,31
16845,16845,12,17
16846,16846,12,28
16847,16847,12,14
16848,16848,12,49
16849,16849,13,48
16850,16850,13,51
16851,16851,13,11
16852,16852,13,47
16853,16853,14,35
16854,16854,14,25
16855,16855,14,30
16856,16856,14,38
16857,16857,15,38
16858,16858,15,53
16859,16859,15,29
16860,16860,15,24
16861,16861,16,46
16862,16862,16,39
16863,16863,16,32
16864,16864,16,35
16865,16865,17,37
16866,16866,17,57
16867,16867,17,23
16868,16868,17,37
16869,16869,18,34
16870,16870,18,31
16871,16871,18,18
16872,16872,18,29
16873,16873,19,50
16874,16874,19,32
16875,16875,19,47
16876,16876,19,35
16877,16877,20,49
16878,16878,20,31
16879,16879,20,27
16880,16880,20,35
16881,16881,21,46
16882,16882,21,25
16883,16883,21,14
16884,16884,21,40
16885,16885,22,60
16886,16886,22,29
16887,16887,22,50
16888,16888,22,56
16889,16889,23,25
16890,16890,23,45
16891,16891,23,19
16892,16892,23,28
16893,16893,24,47
16894,16894,24,28
16895,16895,24,52
16896,16896,24,50
16897,16897,25,48
16898,16898,25,33
16899,16899,25,20
16900,16900,25,39
16901,16901,26,20
16902,16902,26,36
16903,16903,26,24
16904,16904,26,32
16905,16905,27,49
16906,16906,27,30
16907,16907,27,49
16908,16908,27,38
16909,16909,28,51
16910,16910,28,28
16911,16911,28,40
16912,16912,28,22
16913,16913,29,46
16914,16914,29,51
16915,16915,29,12
16916,16916,29,59
16917,16917,30,59
16918,16918,30,28
16919,16919,30,29
16920,16920,30,44
16921,16921,31,35
16922,16922,31,25
16923,16923,31,51
16924,16924,31,53
16925,16925,32,19
16926,16926,32,71
16927,16927,32,48
16928,16928,32,16
16929,16929,33,56
16930,16930,33,40
16931,16931,33,33
16932,16932,33,29
16933,16933,34,80
16934,16934,34,34
16935,16935,34,36
16936,16936,34,15
16937,16937,35,44
16938,16938,35,36
16939,16939,35,27
16940,16940,35,59
16941,16941,1,43
16942,16942,1,19
16943,16943,1,12
16944,16944,1,31
16945,16945,2,49
16946,16946,2,56
16947,16947,2,33
16948,16948,2,38
16949,16949,3,66
16950,16950,3,48
16951,16951,3,21
16952,16952,3,74
16953,16953,4,25
16954,16954,4,32
16955,16955,4,43
16956,16956,4,62
16957,16957,5,56
16958,16958,5,31
16959,16959,5,12
16960,16960,5,26
16961,16961,6,59
16962,16962,6,46
16963,16963,6,23
16964,16964,6,32
16965,16965,7,34
16966,16966,7,35
16967,16967,7,28
16968,16968,7,29
16969,16969,8,27
16970,16970,8,48
16971,16971,8,41
16972,16972,8,49
16973,16973,9,67
16974,16974,9,35
16975,16975,9,49
16976,16976,9,66
16977,16977,10,31
16978,16978,10,13
16979,16979,10,25
16980,16980,10,38
16981,16981,11,37
16982,16982,11,48
16983,16983,11,29
16984,16984,11,19
16985,16985,12,51
16986,16986,12,49
16987,16987,12,50
16988,16988,12,58
16989,16989,13,40
16990,16990,13,63
16991,16991,13,16
16992,16992,13,27
16993,16993,14,44
16994,16994,14,23
16995,16995,14,16
16996,16996,14,52
16997,16997,15,67
16998,16998,15,51
16999,16999,15,31
17000,17000,15,26
17001,17001,16,39
17002,17002,16,40
17003,17003,16,42
17004,17004,16,34
17005,17005,17,43
17006,17006,17,32
17007,17007,17,51
17008,17008,17,24
17009,17009,18,68
17010,17010,18,25
17011,17011,18,27
17012,17012,18,28
17013,17013,19,34
17014,17014,19,44
17015,17015,19,25
17016,17016,19,50
17017,17017,20,54
17018,17018,20,30
17019,17019,20,47
17020,17020,20,34
17021,17021,21,50
17022,17022,21,40
17023,17023,21,16
17024,17024,21,30
17025,17025,22,54
17026,17026,22,50
17027,17027,22,50
17028,17028,22,19
17029,17029,23,65
17030,17030,23,25
17031,17031,23,22
17032,17032,23,38
17033,17033,24,30
17034,17034,24,67
17035,17035,24,26
17036,17036,24,50
17037,17037,25,81
17038,17038,25,34
17039,17039,25,20
17040,17040,25,23
17041,17041,26,63
17042,17042,26,53
17043,17043,26,52
17044,17044,26,41
17045,17045,27,62
17046,17046,27,42
17047,17047,27,32
17048,17048,27,34
17049,17049,28,66
17050,17050,28,71
17051,17051,28,45
17052,17052,28,19
17053,17053,29,28
17054,17054,29,36
17055,17055,29,41
17056,17056,29,29
17057,17057,30,43
17058,17058,30,35
17059,17059,30,22
17060,17060,30,30
17061,17061,31,71
17062,17062,31,22
17063,17063,31,32
17064,17064,31,34
17065,17065,32,62
17066,17066,32,41
17067,17067,32,24
17068,17068,32,35
17069,17069,33,94
17070,17070,33,57
17071,17071,33,27
17072,17072,33,24
17073,17073,34,55
17074,17074,34,48
17075,17075,34,35
17076,17076,34,37
17077,17077,35,61
17078,17078,35,19
17079,17079,35,29
17080,17080,35,54
17081,17081,1,89
17082,17082,1,30
17083,17083,1,38
17084,17084,1,37
17085,17085,2,55
17086,17086,2,54
17087,17087,2,32
17088,17088,2,40
17089,17089,3,44
17090,17090,3,46
17091,17091,3,42
17092,17092,3,23
17093,17093,4,53
17094,17094,4,83
17095,17095,4,23
17096,17096,4,47
17097,17097,5,120
17098,17098,5,22
17099,17099,5,48
17100,17100,5,35
17101,17101,6,35
17102,17102,6,39
17103,17103,6,17
17104,17104,6,52
17105,17105,7,83
17106,17106,7,26
17107,17107,7,86
17108,17108,7,30
17109,17109,8,55
17110,17110,8,38
17111,17111,8,39
17112,17112,8,28
17113,17113,9,75
17114,17114,9,70
17115,17115,9,45
17116,17116,9,93
17117,17117,10,115
17118,17118,10,47
17119,17119,10,37
17120,17120,10,55
17121,17121,11,65
17122,17122,11,70
17123,17123,11,34
17124,17124,11,63
17125,17125,12,93
17126,17126,12,50
17127,17127,12,19
17128,17128,12,61
17129,17129,13,50
17130,17130,13,81
17131,17131,13,45
17132,17132,13,59
17133,17133,14,48
17134,17134,14,30
17135,17135,14,41
17136,17136,14,46
17137,17137,15,58
17138,17138,15,31
17139,17139,15,72
17140,17140,15,36
17141,17141,16,98
17142,17142,16,51
17143,17143,16,55
17144,17144,16,35
17145,17145,17,68
17146,17146,17,49
17147,17147,17,42
17148,17148,17,16
17149,17149,18,89
17150,17150,18,49
17151,17151,18,28
17152,17152,18,45
17153,17153,19,46
17154,17154,19,15
17155,17155,19,19
17156,17156,19,38
17157,17157,20,28
17158,17158,20,45
17159,17159,20,27
17160,17160,20,32
17161,17161,21,90
17162,17162,21,36
17163,17163,21,34
17164,17164,21,44
17165,17165,22,81
17166,17166,22,69
17167,17167,22,26
17168,17168,22,43
17169,17169,23,73
17170,17170,23,40
17171,17171,23,20
17172,17172,23,54
17173,17173,24,42
17174,17174,24,39
17175,17175,24,50
17176,17176,24,25
17177,17177,25,62
17178,17178,25,65
17179,17179,25,24
17180,17180,25,78
17181,17181,26,67
17182,17182,26,61
17183,17183,26,50
17184,17184,26,110
17185,17185,27,84
17186,17186,27,45
17187,17187,27,43
17188,17188,27,39
17189,17189,28,68
17190,17190,28,47
17191,17191,28,45
17192,17192,28,35
17193,17193,29,84
17194,17194,29,29
17195,17195,29,38
17196,17196,29,52
17197,17197,30,36
17198,17198,30,53
17199,17199,30,41
17200,17200,30,79
17201,17201,31,45
17202,17202,31,22
17203,17203,31,53
17204,17204,31,46
17205,17205,32,47
17206,17206,32,39
17207,17207,32,25
17208,17208,32,58
17209,17209,33,70
17210,17210,33,23
17211,17211,33,47
17212,17212,33,58
17213,17213,34,79
17214,17214,34,60
17215,17215,34,19
17216,17216,34,60
17217,17217,35,59
17218,17218,35,36
17219,17219,35,34
17220,17220,35,22
17221,17221,1,29
17222,17222,1,32
17223,17223,1,72
17224,17224,1,83
17225,17225,2,53
17226,17226,2,34
17227,17227,2,31
17228,17228,2,67
17229,17229,3,67
17230,17230,3,21
17231,17231,3,38
17232,17232,3,63
17233,17233,4,69
17234,17234,4,84
17235,17235,4,49
17236,17236,4,65
17237,17237,5,52
17238,17238,5,36
17239,17239,5,8
17240,17240,5,82
17241,17241,6,50
17242,17242,6,41
17243,17243,6,73
17244,17244,6,70
17245,17245,7,85
17246,17246,7,131
17247,17247,7,55
17248,17248,7,49
17249,17249,8,47
17250,17250,8,26
17251,17251,8,46
17252,17252,8,65
17253,17253,9,97
17254,17254,9,62
17255,17255,9,54
17256,17256,9,81
17257,17257,10,54
17258,17258,10,84
17259,17259,10,23
17260,17260,10,54
17261,17261,11,45
17262,17262,11,35
17263,17263,11,42
17264,17264,11,71
17265,17265,12,57
17266,17266,12,43
17267,17267,12,33
17268,17268,12,51
17269,17269,13,133
17270,17270,13,41
17271,17271,13,38
17272,17272,13,39
17273,17273,14,74
17274,17274,14,89
17275,17275,14,42
17276,17276,14,63
17277,17277,15,79
17278,17278,15,37
17279,17279,15,59
17280,17280,15,128
17281,17281,16,64
17282,17282,16,49
17283,17283,16,31
17284,17284,16,94
17285,17285,17,71
17286,17286,17,60
17287,17287,17,52
17288,17288,17,83
17289,17289,18,69
17290,17290,18,70
17291,17291,18,17
17292,17292,18,83
17293,17293,19,57
17294,17294,19,53
17295,17295,19,68
17296,17296,19,57
17297,17297,20,119
17298,17298,20,28
17299,17299,20,63
17300,17300,20,36
17301,17301,21,87
17302,17302,21,68
17303,17303,21,25
17304,17304,21,70
17305,17305,22,66
17306,17306,22,78
17307,17307,22,39
17308,17308,22,91
17309,17309,23,62
17310,17310,23,91
17311,17311,23,39
17312,17312,23,141
17313,17313,24,101
17314,17314,24,57
17315,17315,24,24
17316,17316,24,106
17317,17317,25,100
17318,17318,25,29
17319,17319,25,35
17320,17320,25,69
17321,17321,26,122
17322,17322,26,67
17323,17323,26,53
17324,17324,26,59
17325,17325,27,74
17326,17326,27,48
17327,17327,27,105
17328,17328,27,38
17329,17329,28,118
17330,17330,28,36
17331,17331,28,73
17332,17332,28,57
17333,17333,29,61
17334,17334,29,42
17335,17335,29,31
17336,17336,29,69
17337,17337,30,75
17338,17338,30,50
17339,17339,30,29
17340,17340,30,29
17341,17341,31,72
17342,17342,31,40
17343,17343,31,38
17344,17344,31,69
17345,17345,32,128
17346,17346,32,46
17347,17347,32,28
17348,17348,32,33
17349,17349,33,131
17350,17350,33,59
17351,17351,33,65
17352,17352,33,105
17353,17353,34,58
17354,17354,34,65
17355,17355,34,25
17356,17356,34,69
17357,17357,35,71
17358,17358,35,43
17359,17359,35,56
17360,17360,35,68
17361,17361,1,68
17362,17362,1,60
17363,17363,1,29
17364,17364,1,66
17365,17365,2,75
17366,17366,2,27
17367,17367,2,42
17368,17368,2,53
17369,17369,3,67
17370,17370,3,25
17371,17371,3,27
17372,17372,3,58
17373,17373,4,81
17374,17374,4,48
17375,17375,4,42
17376,17376,4,58
17377,17377,5,109
17378,17378,5,89
17379,17379,5,24
17380,17380,5,68
17381,17381,6,36
17382,17382,6,68
17383,17383,6,39
17384,17384,6,41
17385,17385,7,104
17386,17386,7,63
17387,17387,7,50
17388,17388,7,115
17389,17389,8,67
17390,17390,8,66
17391,17391,8,54
17392,17392,8,59
17393,17393,9,32
17394,17394,9,77
17395,17395,9,38
17396,17396,9,77
17397,17397,10,56
17398,17398,10,34
17399,17399,10,38
17400,17400,10,59
17401,17401,11,67
17402,17402,11,47
17403,17403,11,81
17404,17404,11,64
17405,17405,12,111
17406,17406,12,59
17407,17407,12,40
17408,17408,12,78
17409,17409,13,118
17410,17410,13,111
17411,17411,13,34
17412,17412,13,35
17413,17413,14,105
17414,17414,14,43
17415,17415,14,47
17416,17416,14,75
17417,17417,15,68
17418,17418,15,18
17419,17419,15,66
17420,17420,15,65
17421,17421,16,47
17422,17422,16,82
17423,17423,16,23
17424,17424,16,61
17425,17425,17,36
17426,17426,17,50
17427,17427,17,27
17428,17428,17,42
17429,17429,18,101
17430,17430,18,56
17431,17431,18,21
17432,17432,18,81
17433,17433,19,90
17434,17434,19,51
17435,17435,19,59
17436,17436,19,81
17437,17437,20,73
17438,17438,20,60
17439,17439,20,74
17440,17440,20,49
17441,17441,21,63
17442,17442,21,59
17443,17443,21,49
17444,17444,21,62
17445,17445,22,84
17446,17446,22,47
17447,17447,22,25
17448,17448,22,76
17449,17449,23,81
17450,17450,23,86
17451,17451,23,46
17452,17452,23,83
17453,17453,24,103
17454,17454,24,55
17455,17455,24,64
17456,17456,24,29
17457,17457,25,72
17458,17458,25,62
17459,17459,25,29
17460,17460,25,79
17461,17461,26,72
17462,17462,26,37
17463,17463,26,37
17464,17464,26,92
17465,17465,27,66
17466,17466,27,71
17467,17467,27,21
17468,17468,27,86
17469,17469,28,125
17470,17470,28,68
17471,17471,28,24
17472,17472,28,38
17473,17473,29,77
17474,17474,29,50
17475,17475,29,76
17476,17476,29,78
17477,17477,30,65
17478,17478,30,30
17479,17479,30,88
17480,17480,30,61
17481,17481,31,88
17482,17482,31,39
17483,17483,31,36
17484,17484,31,42
17485,17485,32,63
17486,17486,32,61
17487,17487,32,30
17488,17488,32,53
17489,17489,33,85
17490,17490,33,103
17491,17491,33,34
17492,17492,33,37
17493,17493,34,97
17494,17494,34,45
17495,17495,34,63
17496,17496,34,47
17497,17497,35,78
17498,17498,35,46
17499,17499,35,41
17500,17500,35,126
17501,17501,1,39
17502,17502,1,36
17503,17503,1,16
17504,17504,1,46
17505,17505,2,58
17506,17506,2,26
17507,17507,2,28
17508,17508,2,34
17509,17509,3,36
17510,17510,3,33
17511,17511,3,16
17512,17512,3,26
17513,17513,4,27
17514,17514,4,13
17515,17515,4,16
17516,17516,4,51
17517,17517,5,47
17518,17518,5,32
17519,17519,5,17
17520,17520,5,22
17521,17521,6,32
17522,17522,6,29
17523,17523,6,16
17524,17524,6,46
17525,17525,7,41
17526,17526,7,33
17527,17527,7,32
17528,17528,7,28
17529,17529,8,53
17530,17530,8,25
17531,17531,8,42
17532,17532,8,44
17533,17533,9,38
17534,17534,9,28
17535,17535,9,8
17536,17536,9,46
17537,17537,10,76
17538,17538,10,19
17539,17539,10,15
17540,17540,10,39
17541,17541,11,39
17542,17542,11,26
17543,17543,11,17
17544,17544,11,36
17545,17545,12,38
17546,17546,12,52
17547,17547,12,20
17548,17548,12,37
17549,17549,13,58
17550,17550,13,21
17551,17551,13,17
17552,17552,13,56
17553,17553,14,47
17554,17554,14,55
17555,17555,14,34
17556,17556,14,23
17557,17557,15,47
17558,17558,15,25
17559,17559,15,22
17560,17560,15,42
17561,17561,16,46
17562,17562,16,22
17563,17563,16,51
17564,17564,16,24
17565,17565,17,38
17566,17566,17,22
17567,17567,17,21
17568,17568,17,36
17569,17569,18,49
17570,17570,18,26
17571,17571,18,39
17572,17572,18,63
17573,17573,19,27
17574,17574,19,24
17575,17575,19,39
17576,17576,19,48
17577,17577,20,30
17578,17578,20,12
17579,17579,20,36
17580,17580,20,45
17581,17581,21,40
17582,17582,21,25
17583,17583,21,12
17584,17584,21,43
17585,17585,22,25
17586,17586,22,31
17587,17587,22,33
17588,17588,22,48
17589,17589,23,66
17590,17590,23,66
17591,17591,23,22
17592,17592,23,20
17593,17593,24,39
17594,17594,24,14
17595,17595,24,37
17596,17596,24,46
17597,17597,25,37
17598,17598,25,11
17599,17599,25,10
17600,17600,25,35
17601,17601,26,61
17602,17602,26,21
17603,17603,26,16
17604,17604,26,21
17605,17605,27,28
17606,17606,27,57
17607,17607,27,27
17608,17608,27,47
17609,17609,28,32
17610,17610,28,25
17611,17611,28,22
17612,17612,28,23
17613,17613,29,40
17614,17614,29,25
17615,17615,29,26
17616,17616,29,16
17617,17617,30,45
17618,17618,30,18
17619,17619,30,22
17620,17620,30,42
17621,17621,31,40
17622,17622,31,25
17623,17623,31,19
17624,17624,31,35
17625,17625,32,42
17626,17626,32,17
17627,17627,32,20
17628,17628,32,39
17629,17629,33,56
17630,17630,33,23
17631,17631,33,27
17632,17632,33,19
17633,17633,34,23
17634,17634,34,13
17635,17635,34,13
17636,17636,34,64
17637,17637,35,38
17638,17638,35,20
17639,17639,35,34
17640,17640,35,38
17641,17641,1,34
17642,17642,1,45
17643,17643,1,27
17644,17644,1,37
17645,17645,2,16
17646,17646,2,22
17647,17647,2,48
17648,17648,2,60
17649,17649,3,41
17650,17650,3,14
17651,17651,3,18
17652,17652,3,34
17653,17653,4,18
17654,17654,4,23
17655,17655,4,24
17656,17656,4,47
17657,17657,5,78
17658,17658,5,45
17659,17659,5,22
17660,17660,5,30
17661,17661,6,16
17662,17662,6,27
17663,17663,6,43
17664,17664,6,19
17665,17665,7,29
17666,17666,7,24
17667,17667,7,29
17668,17668,7,47
17669,17669,8,39
17670,17670,8,20
17671,17671,8,30
17672,17672,8,26
17673,17673,9,64
17674,17674,9,17
17675,17675,9,24
17676,17676,9,39
17677,17677,10,48
17678,17678,10,22
17679,17679,10,29
17680,17680,10,26
17681,17681,11,55
17682,17682,11,29
17683,17683,11,17
17684,17684,11,32
17685,17685,12,38
17686,17686,12,11
17687,17687,12,13
17688,17688,12,52
17689,17689,13,43
17690,17690,13,20
17691,17691,13,27
17692,17692,13,31
17693,17693,14,29
17694,17694,14,20
17695,17695,14,35
17696,17696,14,22
17697,17697,15,37
17698,17698,15,35
17699,17699,15,16
17700,17700,15,48
17701,17701,16,26
17702,17702,16,15
17703,17703,16,18
17704,17704,16,34
17705,17705,17,57
17706,17706,17,18
17707,17707,17,32
17708,17708,17,92
17709,17709,18,40
17710,17710,18,22
17711,17711,18,20
17712,17712,18,25
17713,17713,19,28
17714,17714,19,32
17715,17715,19,25
17716,17716,19,29
17717,17717,20,42
17718,17718,20,7
17719,17719,20,19
17720,17720,20,21
17721,17721,21,33
17722,17722,21,23
17723,17723,21,11
17724,17724,21,27
17725,17725,22,25
17726,17726,22,28
17727,17727,22,17
17728,17728,22,72
17729,17729,23,56
17730,17730,23,38
17731,17731,23,17
17732,17732,23,38
17733,17733,24,40
17734,17734,24,18
17735,17735,24,27
17736,17736,24,30
17737,17737,25,45
17738,17738,25,34
17739,17739,25,17
17740,17740,25,27
17741,17741,26,18
17742,17742,26,41
17743,17743,26,30
17744,17744,26,53
17745,17745,27,64
17746,17746,27,29
17747,17747,27,19
17748,17748,27,31
17749,17749,28,36
17750,17750,28,19
17751,17751,28,30
17752,17752,28,34
17753,17753,29,50
17754,17754,29,43
17755,17755,29,26
17756,17756,29,55
17757,17757,30,34
17758,17758,30,26
17759,17759,30,37
17760,17760,30,34
17761,17761,31,82
17762,17762,31,60
17763,17763,31,35
17764,17764,31,26
17765,17765,32,56
17766,17766,32,34
17767,17767,32,18
17768,17768,32,58
17769,17769,33,27
17770,17770,33,31
17771,17771,33,37
17772,17772,33,31
17773,17773,34,71
17774,17774,34,33
17775,17775,34,32
17776,17776,34,66
17777,17777,35,35
17778,17778,35,49
17779,17779,35,39
17780,17780,35,57
17781,17781,1,34
17782,17782,1,38
17783,17783,1,22
17784,17784,1,19
17785,17785,2,44
17786,17786,2,22
17787,17787,2,23
17788,17788,2,51
17789,17789,3,52
17790,17790,3,39
17791,17791,3,8
17792,17792,3,55
17793,17793,4,69
17794,17794,4,33
17795,17795,4,55
17796,17796,4,63
17797,17797,5,52
17798,17798,5,64
17799,17799,5,14
17800,17800,5,41
17801,17801,6,43
17802,17802,6,46
17803,17803,6,21
17804,17804,6,22
17805,17805,7,23
17806,17806,7,41
17807,17807,7,46
17808,17808,7,38
17809,17809,8,42
17810,17810,8,37
17811,17811,8,24
17812,17812,8,34
17813,17813,9,29
17814,17814,9,21
17815,17815,9,52
17816,17816,9,33
17817,17817,10,34
17818,17818,10,63
17819,17819,10,34
17820,17820,10,19
17821,17821,11,25
17822,17822,11,25
17823,17823,11,41
17824,17824,11,36
17825,17825,12,20
17826,17826,12,33
17827,17827,12,11
17828,17828,12,22
17829,17829,13,109
17830,17830,13,49
17831,17831,13,27
17832,17832,13,25
17833,17833,14,51
17834,17834,14,28
17835,17835,14,17
17836,17836,14,43
17837,17837,15,63
17838,17838,15,29
17839,17839,15,47
17840,17840,15,40
17841,17841,16,26
17842,17842,16,28
17843,17843,16,34
17844,17844,16,38
17845,17845,17,40
17846,17846,17,35
17847,17847,17,20
17848,17848,17,32
17849,17849,18,39
17850,17850,18,54
17851,17851,18,15
17852,17852,18,28
17853,17853,19,69
17854,17854,19,46
17855,17855,19,19
17856,17856,19,11
17857,17857,20,44
17858,17858,20,21
17859,17859,20,16
17860,17860,20,18
17861,17861,21,56
17862,17862,21,22
17863,17863,21,22
17864,17864,21,10
17865,17865,22,30
17866,17866,22,23
17867,17867,22,22
17868,17868,22,50
17869,17869,23,72
17870,17870,23,23
17871,17871,23,10
17872,17872,23,48
17873,17873,24,41
17874,17874,24,39
17875,17875,24,20
17876,17876,24,45
17877,17877,25,33
17878,17878,25,39
17879,17879,25,27
17880,17880,25,74
17881,17881,26,3
17882,17882,26,33
17883,17883,26,38
17884,17884,26,17
17885,17885,27,27
17886,17886,27,20
17887,17887,27,12
17888,17888,27,49
17889,17889,28,61
17890,17890,28,23
17891,17891,28,48
17892,17892,28,49
17893,17893,29,97
17894,17894,29,34
17895,17895,29,30
17896,17896,29,83
17897,17897,30,51
17898,17898,30,55
17899,17899,30,12
17900,17900,30,42
17901,17901,31,67
17902,17902,31,41
17903,17903,31,38
17904,17904,31,58
17905,17905,32,29
17906,17906,32,19
17907,17907,32,19
17908,17908,32,44
17909,17909,33,59
17910,17910,33,48
17911,17911,33,25
17912,17912,33,24
17913,17913,34,36
17914,17914,34,40
17915,17915,34,14
17916,17916,34,39
17917,17917,35,53
17918,17918,35,7
17919,17919,35,15
17920,17920,35,15
17921,17921,1,35
17922,17922,1,48
17923,17923,1,42
17924,17924,1,42
17925,17925,2,50
17926,17926,2,25
17927,17927,2,50
17928,17928,2,53
17929,17929,3,40
17930,17930,3,23
17931,17931,3,34
17932,17932,3,44
17933,17933,4,62
17934,17934,4,42
17935,17935,4,13
17936,17936,4,42
17937,17937,5,34
17938,17938,5,20
17939,17939,5,19
17940,17940,5,30
17941,17941,6,47
17942,17942,6,29
17943,17943,6,37
17944,17944,6,21
17945,17945,7,61
17946,17946,7,26
17947,17947,7,36
17948,17948,7,22
17949,17949,8,50
17950,17950,8,65
17951,17951,8,20
17952,17952,8,26
17953,17953,9,39
17954,17954,9,19
17955,17955,9,38
17956,17956,9,46
17957,17957,10,44
17958,17958,10,40
17959,17959,10,67
17960,17960,10,30
17961,17961,11,89
17962,17962,11,30
17963,17963,11,21
17964,17964,11,61
17965,17965,12,66
17966,17966,12,19
17967,17967,12,12
17968,17968,12,15
17969,17969,13,57
17970,17970,13,36
17971,17971,13,45
17972,17972,13,29
17973,17973,14,50
17974,17974,14,38
17975,17975,14,21
17976,17976,14,45
17977,17977,15,36
17978,17978,15,51
17979,17979,15,27
17980,17980,15,38
17981,17981,16,90
17982,17982,16,25
17983,17983,16,47
17984,17984,16,33
17985,17985,17,45
17986,17986,17,54
17987,17987,17,27
17988,17988,17,29
17989,17989,18,65
17990,17990,18,45
17991,17991,18,22
17992,17992,18,44
17993,17993,19,45
17994,17994,19,47
17995,17995,19,60
17996,17996,19,23
17997,17997,20,37
17998,17998,20,25
17999,17999,20,34
18000,18000,20,42
18001,18001,21,36
18002,18002,21,54
18003,18003,21,24
18004,18004,21,31
18005,18005,22,59
18006,18006,22,43
18007,18007,22,44
18008,18008,22,28
18009,18009,23,52
18010,18010,23,21
18011,18011,23,23
18012,18012,23,56
18013,18013,24,60
18014,18014,24,27
18015,18015,24,17
18016,18016,24,41
18017,18017,25,72
18018,18018,25,28
18019,18019,25,25
18020,18020,25,47
18021,18021,26,67
18022,18022,26,41
18023,18023,26,52
18024,18024,26,25
18025,18025,27,46
18026,18026,27,68
18027,18027,27,64
18028,18028,27,54
18029,18029,28,42
18030,18030,28,46
18031,18031,28,24
18032,18032,28,58
18033,18033,29,38
18034,18034,29,31
18035,18035,29,18
18036,18036,29,47
18037,18037,30,65
18038,18038,30,59
18039,18039,30,30
18040,18040,30,55
18041,18041,31,69
18042,18042,31,22
18043,18043,31,31
18044,18044,31,54
18045,18045,32,38
18046,18046,32,33
18047,18047,32,30
18048,18048,32,84
18049,18049,33,83
18050,18050,33,75
18051,18051,33,31
18052,18052,33,35
18053,18053,34,66
18054,18054,34,53
18055,18055,34,29
18056,18056,34,24
18057,18057,35,39
18058,18058,35,23
18059,18059,35,21
18060,18060,35,35
18061,18061,1,62
18062,18062,1,36
18063,18063,1,24
18064,18064,1,33
18065,18065,2,57
18066,18066,2,44
18067,18067,2,57
18068,18068,2,69
18069,18069,3,77
18070,18070,3,64
18071,18071,3,34
18072,18072,3,74
18073,18073,4,72
18074,18074,4,49
18075,18075,4,38
18076,18076,4,54
18077,18077,5,75
18078,18078,5,40
18079,18079,5,55
18080,18080,5,54
18081,18081,6,41
18082,18082,6,55
18083,18083,6,46
18084,18084,6,88
18085,18085,7,43
18086,18086,7,49
18087,18087,7,50
18088,18088,7,52
18089,18089,8,49
18090,18090,8,35
18091,18091,8,35
18092,18092,8,47
18093,18093,9,94
18094,18094,9,22
18095,18095,9,53
18096,18096,9,47
18097,18097,10,85
18098,18098,10,36
18099,18099,10,19
18100,18100,10,27
18101,18101,11,71
18102,18102,11,17
18103,18103,11,30
18104,18104,11,61
18105,18105,12,63
18106,18106,12,81
18107,18107,12,25
18108,18108,12,32
18109,18109,13,82
18110,18110,13,52
18111,18111,13,17
18112,18112,13,33
18113,18113,14,71
18114,18114,14,28
18115,18115,14,45
18116,18116,14,48
18117,18117,15,64
18118,18118,15,63
18119,18119,15,32
18120,18120,15,32
18121,18121,16,63
18122,18122,16,62
18123,18123,16,41
18124,18124,16,54
18125,18125,17,48
18126,18126,17,35
18127,18127,17,65
18128,18128,17,49
18129,18129,18,60
18130,18130,18,18
18131,18131,18,27
18132,18132,18,42
18133,18133,19,56
18134,18134,19,46
18135,18135,19,45
18136,18136,19,69
18137,18137,20,77
18138,18138,20,42
18139,18139,20,22
18140,18140,20,111
18141,18141,21,76
18142,18142,21,67
18143,18143,21,50
18144,18144,21,51
18145,18145,22,39
18146,18146,22,64
18147,18147,22,26
18148,18148,22,62
18149,18149,23,31
18150,18150,23,54
18151,18151,23,45
18152,18152,23,61
18153,18153,24,82
18154,18154,24,16
18155,18155,24,39
18156,18156,24,68
18157,18157,25,90
18158,18158,25,37
18159,18159,25,73
18160,18160,25,58
18161,18161,26,105
18162,18162,26,50
18163,18163,26,40
18164,18164,26,41
18165,18165,27,127
18166,18166,27,45
18167,18167,27,29
18168,18168,27,35
18169,18169,28,76
18170,18170,28,26
18171,18171,28,57
18172,18172,28,42
18173,18173,29,73
18174,18174,29,35
18175,18175,29,21
18176,18176,29,50
18177,18177,30,60
18178,18178,30,58
18179,18179,30,55
18180,18180,30,63
18181,18181,31,33
18182,18182,31,16
18183,18183,31,56
18184,18184,31,53
18185,18185,32,60
18186,18186,32,30
18187,18187,32,29
18188,18188,32,55
18189,18189,33,28
18190,18190,33,42
18191,18191,33,66
18192,18192,33,69
18193,18193,34,89
18194,18194,34,43
18195,18195,34,36
18196,18196,34,64
18197,18197,35,84
18198,18198,35,37
18199,18199,35,30
18200,18200,35,69
18201,18201,1,60
18202,18202,1,15
18203,18203,1,74
18204,18204,1,83
18205,18205,2,59
18206,18206,2,38
18207,18207,2,42
18208,18208,2,111
18209,18209,3,83
18210,18210,3,19
18211,18211,3,26
18212,18212,3,115
18213,18213,4,113
18214,18214,4,72
18215,18215,4,52
18216,18216,4,35
18217,18217,5,118
18218,18218,5,94
18219,18219,5,39
18220,18220,5,111
18221,18221,6,54
18222,18222,6,66
18223,18223,6,45
18224,18224,6,49
18225,18225,7,67
18226,18226,7,53
18227,18227,7,57
18228,18228,7,38
18229,18229,8,60
18230,18230,8,96
18231,18231,8,36
18232,18232,8,54
18233,18233,9,38
18234,18234,9,94
18235,18235,9,41
18236,18236,9,63
18237,18237,10,97
18238,18238,10,37
18239,18239,10,51
18240,18240,10,38
18241,18241,11,103
18242,18242,11,42
18243,18243,11,45
18244,18244,11,78
18245,18245,12,88
18246,18246,12,72
18247,18247,12,54
18248,18248,12,69
18249,18249,13,124
18250,18250,13,49
18251,18251,13,47
18252,18252,13,44
18253,18253,14,167
18254,18254,14,64
18255,18255,14,43
18256,18256,14,94
18257,18257,15,83
18258,18258,15,83
18259,18259,15,14
18260,18260,15,66
18261,18261,16,86
18262,18262,16,62
18263,18263,16,35
18264,18264,16,48
18265,18265,17,90
18266,18266,17,54
18267,18267,17,76
18268,18268,17,75
18269,18269,18,97
18270,18270,18,47
18271,18271,18,45
18272,18272,18,93
18273,18273,19,100
18274,18274,19,22
18275,18275,19,49
18276,18276,19,56
18277,18277,20,103
18278,18278,20,22
18279,18279,20,22
18280,18280,20,67
18281,18281,21,109
18282,18282,21,108
18283,18283,21,99
18284,18284,21,85
18285,18285,22,60
18286,18286,22,81
18287,18287,22,28
18288,18288,22,123
18289,18289,23,37
18290,18290,23,71
18291,18291,23,27
18292,18292,23,106
18293,18293,24,78
18294,18294,24,90
18295,18295,24,48
18296,18296,24,110
18297,18297,25,102
18298,18298,25,89
18299,18299,25,53
18300,18300,25,36
18301,18301,26,67
18302,18302,26,31
18303,18303,26,51
18304,18304,26,98
18305,18305,27,115
18306,18306,27,55
18307,18307,27,51
18308,18308,27,88
18309,18309,28,145
18310,18310,28,40
18311,18311,28,90
18312,18312,28,42
18313,18313,29,67
18314,18314,29,131
18315,18315,29,19
18316,18316,29,47
18317,18317,30,29
18318,18318,30,20
18319,18319,30,40
18320,18320,30,57
18321,18321,31,77
18322,18322,31,53
18323,18323,31,55
18324,18324,31,65
18325,18325,32,37
18326,18326,32,103
18327,18327,32,57
18328,18328,32,34
18329,18329,33,73
18330,18330,33,49
18331,18331,33,51
18332,18332,33,71
18333,18333,34,68
18334,18334,34,80
18335,18335,34,91
18336,18336,34,82
18337,18337,35,69
18338,18338,35,68
18339,18339,35,50
18340,18340,35,29
18341,18341,1,107
18342,18342,1,27
18343,18343,1,55
18344,18344,1,54
18345,18345,2,71
18346,18346,2,43
18347,18347,2,9
18348,18348,2,86
18349,18349,3,66
18350,18350,3,67
18351,18351,3,64
18352,18352,3,60
18353,18353,4,57
18354,18354,4,54
18355,18355,4,27
18356,18356,4,73
18357,18357,5,69
18358,18358,5,71
18359,18359,5,62
18360,18360,5,113
18361,18361,6,69
18362,18362,6,41
18363,18363,6,41
18364,18364,6,63
18365,18365,7,45
18366,18366,7,52
18367,18367,7,70
18368,18368,7,24
18369,18369,8,118
18370,18370,8,30
18371,18371,8,36
18372,18372,8,60
18373,18373,9,80
18374,18374,9,39
18375,18375,9,48
18376,18376,9,78
18377,18377,10,71
18378,18378,10,24
18379,18379,10,72
18380,18380,10,90
18381,18381,11,72
18382,18382,11,42
18383,18383,11,56
18384,18384,11,55
18385,18385,12,75
18386,18386,12,100
18387,18387,12,56
18388,18388,12,72
18389,18389,13,74
18390,18390,13,68
18391,18391,13,26
18392,18392,13,64
18393,18393,14,114
18394,18394,14,23
18395,18395,14,28
18396,18396,14,42
18397,18397,15,39
18398,18398,15,64
18399,18399,15,62
18400,18400,15,60
18401,18401,16,68
18402,18402,16,50
18403,18403,16,37
18404,18404,16,67
18405,18405,17,70
18406,18406,17,31
18407,18407,17,57
18408,18408,17,42
18409,18409,18,94
18410,18410,18,43
18411,18411,18,57
18412,18412,18,36
18413,18413,19,156
18414,18414,19,24
18415,18415,19,50
18416,18416,19,43
18417,18417,20,91
18418,18418,20,44
18419,18419,20,91
18420,18420,20,48
18421,18421,21,81
18422,18422,21,43
18423,18423,21,23
18424,18424,21,80
18425,18425,22,106
18426,18426,22,66
18427,18427,22,40
18428,18428,22,66
18429,18429,23,104
18430,18430,23,63
18431,18431,23,57
18432,18432,23,78
18433,18433,24,42
18434,18434,24,84
18435,18435,24,49
18436,18436,24,89
18437,18437,25,52
18438,18438,25,49
18439,18439,25,39
18440,18440,25,44
18441,18441,26,95
18442,18442,26,67
18443,18443,26,47
18444,18444,26,85
18445,18445,27,89
18446,18446,27,85
18447,18447,27,29
18448,18448,27,76
18449,18449,28,73
18450,18450,28,21
18451,18451,28,35
18452,18452,28,51
18453,18453,29,85
18454,18454,29,46
18455,18455,29,44
18456,18456,29,59
18457,18457,30,50
18458,18458,30,74
18459,18459,30,17
18460,18460,30,28
18461,18461,31,77
18462,18462,31,46
18463,18463,31,50
18464,18464,31,34
18465,18465,32,82
18466,18466,32,39
18467,18467,32,39
18468,18468,32,39
18469,18469,33,84
18470,18470,33,53
18471,18471,33,84
18472,18472,33,61
18473,18473,34,39
18474,18474,34,35
18475,18475,34,28
18476,18476,34,40
18477,18477,35,51
18478,18478,35,40
18479,18479,35,44
18480,18480,35,85
18481,18481,1,48
18482,18482,1,63
18483,18483,1,15
18484,18484,1,28
18485,18485,2,45
18486,18486,2,18
18487,18487,2,18
18488,18488,2,15
18489,18489,3,48
18490,18490,3,16
18491,18491,3,50
18492,18492,3,54
18493,18493,4,26
18494,18494,4,33
18495,18495,4,30
18496,18496,4,48
18497,18497,5,48
18498,18498,5,15
18499,18499,5,43
18500,18500,5,32
18501,18501,6,40
18502,18502,6,21
18503,18503,6,35
18504,18504,6,23
18505,18505,7,43
18506,18506,7,32
18507,18507,7,29
18508,18508,7,49
18509,18509,8,31
18510,18510,8,42
18511,18511,8,11
18512,18512,8,28
18513,18513,9,34
18514,18514,9,30
18515,18515,9,13
18516,18516,9,29
18517,18517,10,40
18518,18518,10,15
18519,18519,10,22
18520,18520,10,37
18521,18521,11,22
18522,18522,11,42
18523,18523,11,31
18524,18524,11,17
18525,18525,12,20
18526,18526,12,38
18527,18527,12,24
18528,18528,12,69
18529,18529,13,40
18530,18530,13,49
18531,18531,13,38
18532,18532,13,36
18533,18533,14,49
18534,18534,14,34
18535,18535,14,37
18536,18536,14,32
18537,18537,15,42
18538,18538,15,56
18539,18539,15,16
18540,18540,15,20
18541,18541,16,33
18542,18542,16,14
18543,18543,16,11
18544,18544,16,18
18545,18545,17,42
18546,18546,17,24
18547,18547,17,38
18548,18548,17,18
18549,18549,18,32
18550,18550,18,34
18551,18551,18,23
18552,18552,18,57
18553,18553,19,31
18554,18554,19,25
18555,18555,19,16
18556,18556,19,23
18557,18557,20,53
18558,18558,20,17
18559,18559,20,18
18560,18560,20,44
18561,18561,21,41
18562,18562,21,19
18563,18563,21,10
18564,18564,21,24
18565,18565,22,46
18566,18566,22,21
18567,18567,22,8
18568,18568,22,41
18569,18569,23,57
18570,18570,23,42
18571,18571,23,31
18572,18572,23,22
18573,18573,24,27
18574,18574,24,33
18575,18575,24,16
18576,18576,24,41
18577,18577,25,57
18578,18578,25,50
18579,18579,25,41
18580,18580,25,27
18581,18581,26,10
18582,18582,26,48
18583,18583,26,20
18584,18584,26,19
18585,18585,27,49
18586,18586,27,42
18587,18587,27,13
18588,18588,27,33
18589,18589,28,48
18590,18590,28,24
18591,18591,28,34
18592,18592,28,39
18593,18593,29,51
18594,18594,29,29
18595,18595,29,23
18596,18596,29,29
18597,18597,30,59
18598,18598,30,37
18599,18599,30,22
18600,18600,30,27
18601,18601,31,51
18602,18602,31,19
18603,18603,31,16
18604,18604,31,19
18605,18605,32,47
18606,18606,32,53
18607,18607,32,28
18608,18608,32,27
18609,18609,33,37
18610,18610,33,23
18611,18611,33,26
18612,18612,33,28
18613,18613,34,38
18614,18614,34,27
18615,18615,34,37
18616,18616,34,68
18617,18617,35,44
18618,18618,35,29
18619,18619,35,40
18620,18620,35,46
18621,18621,1,60
18622,18622,1,23
18623,18623,1,31
18624,18624,1,65
18625,18625,2,42
18626,18626,2,22
18627,18627,2,19
18628,18628,2,43
18629,18629,3,49
18630,18630,3,29
18631,18631,3,39
18632,18632,3,36
18633,18633,4,56
18634,18634,4,24
18635,18635,4,17
18636,18636,4,17
18637,18637,5,45
18638,18638,5,15
18639,18639,5,27
18640,18640,5,57
18641,18641,6,21
18642,18642,6,10
18643,18643,6,12
18644,18644,6,35
18645,18645,7,47
18646,18646,7,22
18647,18647,7,12
18648,18648,7,27
18649,18649,8,55
18650,18650,8,32
18651,18651,8,28
18652,18652,8,28
18653,18653,9,30
18654,18654,9,23
18655,18655,9,30
18656,18656,9,32
18657,18657,10,27
18658,18658,10,25
18659,18659,10,28
18660,18660,10,24
18661,18661,11,48
18662,18662,11,25
18663,18663,11,12
18664,18664,11,23
18665,18665,12,46
18666,18666,12,25
18667,18667,12,35
18668,18668,12,28
18669,18669,13,44
18670,18670,13,15
18671,18671,13,28
18672,18672,13,8
18673,18673,14,23
18674,18674,14,25
18675,18675,14,17
18676,18676,14,50
18677,18677,15,56
18678,18678,15,32
18679,18679,15,11
18680,18680,15,51
18681,18681,16,60
18682,18682,16,32
18683,18683,16,19
18684,18684,16,35
18685,18685,17,50
18686,18686,17,35
18687,18687,17,28
18688,18688,17,20
18689,18689,18,36
18690,18690,18,39
18691,18691,18,19
18692,18692,18,43
18693,18693,19,50
18694,18694,19,23
18695,18695,19,24
18696,18696,19,38
18697,18697,20,29
18698,18698,20,45
18699,18699,20,17
18700,18700,20,25
18701,18701,21,32
18702,18702,21,40
18703,18703,21,26
18704,18704,21,38
18705,18705,22,41
18706,18706,22,37
18707,18707,22,17
18708,18708,22,23
18709,18709,23,54
18710,18710,23,38
18711,18711,23,41
18712,18712,23,83
18713,18713,24,67
18714,18714,24,24
18715,18715,24,37
18716,18716,24,31
18717,18717,25,70
18718,18718,25,21
18719,18719,25,21
18720,18720,25,48
18721,18721,26,38
18722,18722,26,29
18723,18723,26,20
18724,18724,26,48
18725,18725,27,42
18726,18726,27,17
18727,18727,27,16
18728,18728,27,43
18729,18729,28,65
18730,18730,28,57
18731,18731,28,14
18732,18732,28,34
18733,18733,29,55
18734,18734,29,21
18735,18735,29,38
18736,18736,29,34
18737,18737,30,39
18738,18738,30,26
18739,18739,30,30
18740,18740,30,41
18741,18741,31,38
18742,18742,31,24
18743,18743,31,10
18744,18744,31,80
18745,18745,32,77
18746,18746,32,30
18747,18747,32,18
18748,18748,32,44
18749,18749,33,37
18750,18750,33,30
18751,18751,33,26
18752,18752,33,31
18753,18753,34,44
18754,18754,34,17
18755,18755,34,26
18756,18756,34,53
18757,18757,35,56
18758,18758,35,40
18759,18759,35,27
18760,18760,35,23
18761,18761,1,18
18762,18762,1,14
18763,18763,1,36
18764,18764,1,50
18765,18765,2,35
18766,18766,2,34
18767,18767,2,23
18768,18768,2,25
18769,18769,3,38
18770,18770,3,28
18771,18771,3,36
18772,18772,3,37
18773,18773,4,51
18774,18774,4,30
18775,18775,4,29
18776,18776,4,19
18777,18777,5,92
18778,18778,5,44
18779,18779,5,22
18780,18780,5,39
18781,18781,6,37
18782,18782,6,47
18783,18783,6,18
18784,18784,6,18
18785,18785,7,64
18786,18786,7,30
18787,18787,7,23
18788,18788,7,49
18789,18789,8,26
18790,18790,8,24
18791,18791,8,46
18792,18792,8,24
18793,18793,9,38
18794,18794,9,26
18795,18795,9,27
18796,18796,9,25
18797,18797,10,53
18798,18798,10,59
18799,18799,10,9
18800,18800,10,37
18801,18801,11,62
18802,18802,11,39
18803,18803,11,21
18804,18804,11,36
18805,18805,12,54
18806,18806,12,62
18807,18807,12,23
18808,18808,12,58
18809,18809,13,22
18810,18810,13,19
18811,18811,13,13
18812,18812,13,16
18813,18813,14,44
18814,18814,14,36
18815,18815,14,16
18816,18816,14,26
18817,18817,15,70
18818,18818,15,31
18819,18819,15,25
18820,18820,15,22
18821,18821,16,51
18822,18822,16,42
18823,18823,16,18
18824,18824,16,33
18825,18825,17,51
18826,18826,17,26
18827,18827,17,18
18828,18828,17,54
18829,18829,18,27
18830,18830,18,26
18831,18831,18,39
18832,18832,18,31
18833,18833,19,29
18834,18834,19,57
18835,18835,19,16
18836,18836,19,24
18837,18837,20,45
18838,18838,20,43
18839,18839,20,13
18840,18840,20,41
18841,18841,21,61
18842,18842,21,35
18843,18843,21,31
18844,18844,21,35
18845,18845,22,27
18846,18846,22,47
18847,18847,22,25
18848,18848,22,38
18849,18849,23,67
18850,18850,23,29
18851,18851,23,27
18852,18852,23,42
18853,18853,24,48
18854,18854,24,29
18855,18855,24,29
18856,18856,24,39
18857,18857,25,45
18858,18858,25,34
18859,18859,25,18
18860,18860,25,28
18861,18861,26,64
18862,18862,26,56
18863,18863,26,27
18864,18864,26,45
18865,18865,27,38
18866,18866,27,41
18867,18867,27,29
18868,18868,27,51
18869,18869,28,23
18870,18870,28,12
18871,18871,28,28
18872,18872,28,34
18873,18873,29,26
18874,18874,29,33
18875,18875,29,19
18876,18876,29,34
18877,18877,30,16
18878,18878,30,26
18879,18879,30,18
18880,18880,30,62
18881,18881,31,57
18882,18882,31,19
18883,18883,31,25
18884,18884,31,20
18885,18885,32,51
18886,18886,32,47
18887,18887,32,43
18888,18888,32,55
18889,18889,33,72
18890,18890,33,25
18891,18891,33,45
18892,18892,33,33
18893,18893,34,24
18894,18894,34,57
18895,18895,34,21
18896,18896,34,30
18897,18897,35,42
18898,18898,35,17
18899,18899,35,20
18900,18900,35,35
18901,18901,1,47
18902,18902,1,29
18903,18903,1,39
18904,18904,1,19
18905,18905,2,52
18906,18906,2,28
18907,18907,2,19
18908,18908,2,55
18909,18909,3,49
18910,18910,3,42
18911,18911,3,37
18912,18912,3,52
18913,18913,4,72
18914,18914,4,31
18915,18915,4,32
18916,18916,4,21
18917,18917,5,53
18918,18918,5,62
18919,18919,5,22
18920,18920,5,43
18921,18921,6,60
18922,18922,6,46
18923,18923,6,40
18924,18924,6,14
18925,18925,7,70
18926,18926,7,21
18927,18927,7,48
18928,18928,7,35
18929,18929,8,68
18930,18930,8,13
18931,18931,8,60
18932,18932,8,16
18933,18933,9,71
18934,18934,9,45
18935,18935,9,14
18936,18936,9,31
18937,18937,10,52
18938,18938,10,43
18939,18939,10,19
18940,18940,10,46
18941,18941,11,61
18942,18942,11,25
18943,18943,11,13
18944,18944,11,39
18945,18945,12,58
18946,18946,12,25
18947,18947,12,22
18948,18948,12,32
18949,18949,13,45
18950,18950,13,22
18951,18951,13,16
18952,18952,13,33
18953,18953,14,42
18954,18954,14,30
18955,18955,14,28
18956,18956,14,34
18957,18957,15,40
18958,18958,15,46
18959,18959,15,25
18960,18960,15,34
18961,18961,16,72
18962,18962,16,43
18963,18963,16,33
18964,18964,16,36
18965,18965,17,33
18966,18966,17,26
18967,18967,17,51
18968,18968,17,57
18969,18969,18,60
18970,18970,18,58
18971,18971,18,36
18972,18972,18,58
18973,18973,19,39
18974,18974,19,28
18975,18975,19,34
18976,18976,19,54
18977,18977,20,43
18978,18978,20,50
18979,18979,20,15
18980,18980,20,79
18981,18981,21,59
18982,18982,21,48
18983,18983,21,26
18984,18984,21,40
18985,18985,22,48
18986,18986,22,83
18987,18987,22,62
18988,18988,22,56
18989,18989,23,71
18990,18990,23,46
18991,18991,23,41
18992,18992,23,18
18993,18993,24,70
18994,18994,24,20
18995,18995,24,45
18996,18996,24,23
18997,18997,25,31
18998,18998,25,47
18999,18999,25,14
19000,19000,25,70
19001,19001,26,55
19002,19002,26,27
19003,19003,26,32
19004,19004,26,53
19005,19005,27,74
19006,19006,27,26
19007,19007,27,22
19008,19008,27,49
19009,19009,28,62
19010,19010,28,19
19011,19011,28,22
19012,19012,28,25
19013,19013,29,65
19014,19014,29,57
19015,19015,29,45
19016,19016,29,89
19017,19017,30,32
19018,19018,30,63
19019,19019,30,30
19020,19020,30,27
19021,19021,31,58
19022,19022,31,23
19023,19023,31,21
19024,19024,31,38
19025,19025,32,46
19026,19026,32,57
19027,19027,32,31
19028,19028,32,25
19029,19029,33,38
19030,19030,33,24
19031,19031,33,40
19032,19032,33,25
19033,19033,34,20
19034,19034,34,37
19035,19035,34,33
19036,19036,34,55
19037,19037,35,29
19038,19038,35,46
19039,19039,35,37
19040,19040,35,42
19041,19041,1,68
19042,19042,1,45
19043,19043,1,80
19044,19044,1,66
19045,19045,2,71
19046,19046,2,52
19047,19047,2,40
19048,19048,2,45
19049,19049,3,90
19050,19050,3,42
19051,19051,3,16
19052,19052,3,73
19053,19053,4,87
19054,19054,4,59
19055,19055,4,41
19056,19056,4,67
19057,19057,5,22
19058,19058,5,46
19059,19059,5,46
19060,19060,5,44
19061,19061,6,67
19062,19062,6,52
19063,19063,6,58
19064,19064,6,53
19065,19065,7,55
19066,19066,7,41
19067,19067,7,34
19068,19068,7,85
19069,19069,8,102
19070,19070,8,35
19071,19071,8,54
19072,19072,8,44
19073,19073,9,66
19074,19074,9,42
19075,19075,9,33
19076,19076,9,47
19077,19077,10,83
19078,19078,10,58
19079,19079,10,42
19080,19080,10,22
19081,19081,11,63
19082,19082,11,46
19083,19083,11,16
19084,19084,11,52
19085,19085,12,44
19086,19086,12,70
19087,19087,12,53
19088,19088,12,21
19089,19089,13,72
19090,19090,13,41
19091,19091,13,31
19092,19092,13,61
19093,19093,14,69
19094,19094,14,42
19095,19095,14,50
19096,19096,14,47
19097,19097,15,102
19098,19098,15,58
19099,19099,15,38
19100,19100,15,86
19101,19101,16,42
19102,19102,16,16
19103,19103,16,33
19104,19104,16,40
19105,19105,17,108
19106,19106,17,35
19107,19107,17,41
19108,19108,17,48
19109,19109,18,38
19110,19110,18,44
19111,19111,18,16
19112,19112,18,43
19113,19113,19,85
19114,19114,19,27
19115,19115,19,30
19116,19116,19,43
19117,19117,20,110
19118,19118,20,64
19119,19119,20,65
19120,19120,20,42
19121,19121,21,69
19122,19122,21,26
19123,19123,21,29
19124,19124,21,48
19125,19125,22,62
19126,19126,22,36
19127,19127,22,44
19128,19128,22,48
19129,19129,23,90
19130,19130,23,44
19131,19131,23,46
19132,19132,23,71
19133,19133,24,105
19134,19134,24,31
19135,19135,24,13
19136,19136,24,38
19137,19137,25,49
19138,19138,25,45
19139,19139,25,42
19140,19140,25,57
19141,19141,26,55
19142,19142,26,55
19143,19143,26,35
19144,19144,26,46
19145,19145,27,60
19146,19146,27,25
19147,19147,27,57
19148,19148,27,35
19149,19149,28,95
19150,19150,28,38
19151,19151,28,42
19152,19152,28,55
19153,19153,29,62
19154,19154,29,47
19155,19155,29,29
19156,19156,29,39
19157,19157,30,32
19158,19158,30,76
19159,19159,30,35
19160,19160,30,78
19161,19161,31,43
19162,19162,31,77
19163,19163,31,50
19164,19164,31,52
19165,19165,32,62
19166,19166,32,49
19167,19167,32,55
19168,19168,32,65
19169,19169,33,64
19170,19170,33,59
19171,19171,33,15
19172,19172,33,55
19173,19173,34,25
19174,19174,34,35
19175,19175,34,16
19176,19176,34,40
19177,19177,35,65
19178,19178,35,101
19179,19179,35,33
19180,19180,35,77
19181,19181,1,115
19182,19182,1,41
19183,19183,1,48
19184,19184,1,101
19185,19185,2,43
19186,19186,2,44
19187,19187,2,44
19188,19188,2,42
19189,19189,3,51
19190,19190,3,31
19191,19191,3,67
19192,19192,3,66
19193,19193,4,73
19194,19194,4,39
19195,19195,4,29
19196,19196,4,85
19197,19197,5,59
19198,19198,5,70
19199,19199,5,47
19200,19200,5,70
19201,19201,6,68
19202,19202,6,54
19203,19203,6,74
19204,19204,6,95
19205,19205,7,53
19206,19206,7,48
19207,19207,7,58
19208,19208,7,49
19209,19209,8,118
19210,19210,8,34
19211,19211,8,78
19212,19212,8,61
19213,19213,9,149
19214,19214,9,35
19215,19215,9,38
19216,19216,9,89
19217,19217,10,58
19218,19218,10,49
19219,19219,10,26
19220,19220,10,72
19221,19221,11,109
19222,19222,11,93
19223,19223,11,22
19224,19224,11,58
19225,19225,12,122
19226,19226,12,32
19227,19227,12,55
19228,19228,12,100
19229,19229,13,141
19230,19230,13,40
19231,19231,13,57
19232,19232,13,52
19233,19233,14,58
19234,19234,14,43
19235,19235,14,33
19236,19236,14,108
19237,19237,15,67
19238,19238,15,29
19239,19239,15,20
19240,19240,15,120
19241,19241,16,104
19242,19242,16,38
19243,19243,16,36
19244,19244,16,49
19245,19245,17,106
19246,19246,17,57
19247,19247,17,65
19248,19248,17,27
19249,19249,18,98
19250,19250,18,46
19251,19251,18,32
19252,19252,18,47
19253,19253,19,110
19254,19254,19,97
19255,19255,19,25
19256,19256,19,51
19257,19257,20,111
19258,19258,20,27
19259,19259,20,13
19260,19260,20,55
19261,19261,21,127
19262,19262,21,113
19263,19263,21,68
19264,19264,21,61
19265,19265,22,105
19266,19266,22,39
19267,19267,22,50
19268,19268,22,80
19269,19269,23,75
19270,19270,23,51
19271,19271,23,45
19272,19272,23,97
19273,19273,24,74
19274,19274,24,84
19275,19275,24,37
19276,19276,24,70
19277,19277,25,65
19278,19278,25,57
19279,19279,25,48
19280,19280,25,62
19281,19281,26,77
19282,19282,26,30
19283,19283,26,81
19284,19284,26,50
19285,19285,27,28
19286,19286,27,70
19287,19287,27,42
19288,19288,27,43
19289,19289,28,125
19290,19290,28,37
19291,19291,28,49
19292,19292,28,50
19293,19293,29,98
19294,19294,29,48
19295,19295,29,59
19296,19296,29,50
19297,19297,30,104
19298,19298,30,37
19299,19299,30,102
19300,19300,30,112
19301,19301,31,61
19302,19302,31,47
19303,19303,31,36
19304,19304,31,58
19305,19305,32,159
19306,19306,32,55
19307,19307,32,22
19308,19308,32,72
19309,19309,33,95
19310,19310,33,90
19311,19311,33,46
19312,19312,33,56
19313,19313,34,55
19314,19314,34,120
19315,19315,34,40
19316,19316,34,56
19317,19317,35,94
19318,19318,35,59
19319,19319,35,32
19320,19320,35,38
19321,19321,1,82
19322,19322,1,87
19323,19323,1,27
19324,19324,1,60
19325,19325,2,64
19326,19326,2,115
19327,19327,2,81
19328,19328,2,54
19329,19329,3,85
19330,19330,3,90
19331,19331,3,49
19332,19332,3,112
19333,19333,4,38
19334,19334,4,48
19335,19335,4,25
19336,19336,4,69
19337,19337,5,50
19338,19338,5,23
19339,19339,5,32
19340,19340,5,42
19341,19341,6,40
19342,19342,6,69
19343,19343,6,47
19344,19344,6,81
19345,19345,7,48
19346,19346,7,45
19347,19347,7,42
19348,19348,7,72
19349,19349,8,40
19350,19350,8,52
19351,19351,8,18
19352,19352,8,37
19353,19353,9,54
19354,19354,9,57
19355,19355,9,43
19356,19356,9,43
19357,19357,10,95
19358,19358,10,64
19359,19359,10,31
19360,19360,10,67
19361,19361,11,91
19362,19362,11,66
19363,19363,11,32
19364,19364,11,60
19365,19365,12,111
19366,19366,12,34
19367,19367,12,60
19368,19368,12,74
19369,19369,13,86
19370,19370,13,31
19371,19371,13,37
19372,19372,13,21
19373,19373,14,64
19374,19374,14,30
19375,19375,14,53
19376,19376,14,68
19377,19377,15,85
19378,19378,15,92
19379,19379,15,92
19380,19380,15,69
19381,19381,16,93
19382,19382,16,38
19383,19383,16,53
19384,19384,16,51
19385,19385,17,110
19386,19386,17,58
19387,19387,17,33
19388,19388,17,31
19389,19389,18,96
19390,19390,18,43
19391,19391,18,29
19392,19392,18,36
19393,19393,19,37
19394,19394,19,58
19395,19395,19,27
19396,19396,19,68
19397,19397,20,100
19398,19398,20,43
19399,19399,20,37
19400,19400,20,30
19401,19401,21,91
19402,19402,21,46
19403,19403,21,44
19404,19404,21,48
19405,19405,22,131
19406,19406,22,43
19407,19407,22,34
19408,19408,22,65
19409,19409,23,118
19410,19410,23,34
19411,19411,23,21
19412,19412,23,84
19413,19413,24,126
19414,19414,24,25
19415,19415,24,32
19416,19416,24,84
19417,19417,25,100
19418,19418,25,68
19419,19419,25,54
19420,19420,25,36
19421,19421,26,102
19422,19422,26,29
19423,19423,26,29
19424,19424,26,39
19425,19425,27,59
19426,19426,27,50
19427,19427,27,49
19428,19428,27,27
19429,19429,28,83
19430,19430,28,26
19431,19431,28,85
19432,19432,28,86
19433,19433,29,44
19434,19434,29,49
19435,19435,29,89
19436,19436,29,50
19437,19437,30,61
19438,19438,30,84
19439,19439,30,40
19440,19440,30,59
19441,19441,31,61
19442,19442,31,40
19443,19443,31,34
19444,19444,31,74
19445,19445,32,69
19446,19446,32,69
19447,19447,32,17
19448,19448,32,70
19449,19449,33,63
19450,19450,33,67
19451,19451,33,23
19452,19452,33,96
19453,19453,34,73
19454,19454,34,52
19455,19455,34,61
19456,19456,34,90
19457,19457,35,59
19458,19458,35,45
19459,19459,35,52
19460,19460,35,44
19461,19461,1,37
19462,19462,1,20
19463,19463,1,23
19464,19464,1,40
19465,19465,2,29
19466,19466,2,22
19467,19467,2,30
19468,19468,2,21
19469,19469,3,35
19470,19470,3,24
19471,19471,3,22
19472,19472,3,26
19473,19473,4,60
19474,19474,4,42
19475,19475,4,35
19476,19476,4,21
19477,19477,5,31
19478,19478,5,16
19479,19479,5,13
19480,19480,5,60
19481,19481,6,48
19482,19482,6,28
19483,19483,6,33
19484,19484,6,24
19485,19485,7,22
19486,19486,7,31
19487,19487,7,35
19488,19488,7,34
19489,19489,8,43
19490,19490,8,33
19491,19491,8,20
19492,19492,8,13
19493,19493,9,41
19494,19494,9,17
19495,19495,9,42
19496,19496,9,26
19497,19497,10,58
19498,19498,10,28
19499,19499,10,37
19500,19500,10,29
19501,19501,11,41
19502,19502,11,10
19503,19503,11,25
19504,19504,11,42
19505,19505,12,31
19506,19506,12,4
19507,19507,12,29
19508,19508,12,29
19509,19509,13,43
19510,19510,13,30
19511,19511,13,21
19512,19512,13,29
19513,19513,14,45
19514,19514,14,31
19515,19515,14,28
19516,19516,14,29
19517,19517,15,17
19518,19518,15,24
19519,19519,15,25
19520,19520,15,26
19521,19521,16,39
19522,19522,16,27
19523,19523,16,20
19524,19524,16,38
19525,19525,17,19
19526,19526,17,20
19527,19527,17,21
19528,19528,17,22
19529,19529,18,59
19530,19530,18,23
19531,19531,18,25
19532,19532,18,52
19533,19533,19,45
19534,19534,19,22
19535,19535,19,6
19536,19536,19,49
19537,19537,20,60
19538,19538,20,33
19539,19539,20,11
19540,19540,20,19
19541,19541,21,20
19542,19542,21,11
19543,19543,21,32
19544,19544,21,28
19545,19545,22,50
19546,19546,22,23
19547,19547,22,19
19548,19548,22,19
19549,19549,23,42
19550,19550,23,26
19551,19551,23,14
19552,19552,23,23
19553,19553,24,38
19554,19554,24,29
19555,19555,24,11
19556,19556,24,41
19557,19557,25,31
19558,19558,25,19
19559,19559,25,27
19560,19560,25,28
19561,19561,26,51
19562,19562,26,60
19563,19563,26,32
19564,19564,26,26
19565,19565,27,52
19566,19566,27,25
19567,19567,27,19
19568,19568,27,23
19569,19569,28,23
19570,19570,28,61
19571,19571,28,31
19572,19572,28,27
19573,19573,29,44
19574,19574,29,26
19575,19575,29,22
19576,19576,29,50
19577,19577,30,34
19578,19578,30,20
19579,19579,30,14
19580,19580,30,26
19581,19581,31,44
19582,19582,31,22
19583,19583,31,18
19584,19584,31,25
19585,19585,32,35
19586,19586,32,52
19587,19587,32,15
19588,19588,32,34
19589,19589,33,66
19590,19590,33,32
19591,19591,33,35
19592,19592,33,24
19593,19593,34,29
19594,19594,34,8
19595,19595,34,10
19596,19596,34,20
19597,19597,35,36
19598,19598,35,34
19599,19599,35,20
19600,19600,35,52
19601,19601,1,44
19602,19602,1,16
19603,19603,1,37
19604,19604,1,22
19605,19605,2,29
19606,19606,2,24
19607,19607,2,22
19608,19608,2,44
19609,19609,3,40
19610,19610,3,15
19611,19611,3,11
19612,19612,3,41
19613,19613,4,15
19614,19614,4,12
19615,19615,4,40
19616,19616,4,49
19617,19617,5,61
19618,19618,5,13
19619,19619,5,21
19620,19620,5,42
19621,19621,6,33
19622,19622,6,47
19623,19623,6,21
19624,19624,6,22
19625,19625,7,49
19626,19626,7,21
19627,19627,7,16
19628,19628,7,53
19629,19629,8,56
19630,19630,8,22
19631,19631,8,35
19632,19632,8,33
19633,19633,9,68
19634,19634,9,21
19635,19635,9,22
19636,19636,9,23
19637,19637,10,24
19638,19638,10,24
19639,19639,10,26
19640,19640,10,20
19641,19641,11,45
19642,19642,11,24
19643,19643,11,16
19644,19644,11,25
19645,19645,12,29
19646,19646,12,16
19647,19647,12,14
19648,19648,12,44
19649,19649,13,32
19650,19650,13,37
19651,19651,13,17
19652,19652,13,17
19653,19653,14,44
19654,19654,14,18
19655,19655,14,24
19656,19656,14,33
19657,19657,15,30
19658,19658,15,22
19659,19659,15,30
19660,19660,15,36
19661,19661,16,28
19662,19662,16,32
19663,19663,16,18
19664,19664,16,26
19665,19665,17,52
19666,19666,17,52
19667,19667,17,14
19668,19668,17,40
19669,19669,18,28
19670,19670,18,20
19671,19671,18,40
19672,19672,18,74
19673,19673,19,27
19674,19674,19,16
19675,19675,19,50
19676,19676,19,25
19677,19677,20,43
19678,19678,20,20
19679,19679,20,22
19680,19680,20,20
19681,19681,21,64
19682,19682,21,34
19683,19683,21,17
19684,19684,21,66
19685,19685,22,59
19686,19686,22,33
19687,19687,22,28
19688,19688,22,23
19689,19689,23,56
19690,19690,23,25
19691,19691,23,24
19692,19692,23,31
19693,19693,24,21
19694,19694,24,21
19695,19695,24,20
19696,19696,24,49
19697,19697,25,22
19698,19698,25,23
19699,19699,25,32
19700,19700,25,26
19701,19701,26,58
19702,19702,26,31
19703,19703,26,13
19704,19704,26,22
19705,19705,27,47
19706,19706,27,20
19707,19707,27,21
19708,19708,27,38
19709,19709,28,50
19710,19710,28,25
19711,19711,28,20
19712,19712,28,29
19713,19713,29,24
19714,19714,29,18
19715,19715,29,20
19716,19716,29,37
19717,19717,30,31
19718,19718,30,30
19719,19719,30,15
19720,19720,30,17
19721,19721,31,64
19722,19722,31,53
19723,19723,31,27
19724,19724,31,61
19725,19725,32,38
19726,19726,32,32
19727,19727,32,14
19728,19728,32,50
19729,19729,33,43
19730,19730,33,36
19731,19731,33,21
19732,19732,33,38
19733,19733,34,48
19734,19734,34,39
19735,19735,34,30
19736,19736,34,49
19737,19737,35,52
19738,19738,35,33
19739,19739,35,13
19740,19740,35,28
19741,19741,1,61
19742,19742,1,36
19743,19743,1,57
19744,19744,1,37
19745,19745,2,47
19746,19746,2,38
19747,19747,2,27
19748,19748,2,25
19749,19749,3,71
19750,19750,3,40
19751,19751,3,22
19752,19752,3,42
19753,19753,4,53
19754,19754,4,46
19755,19755,4,56
19756,19756,4,37
19757,19757,5,49
19758,19758,5,35
19759,19759,5,29
19760,19760,5,29
19761,19761,6,69
19762,19762,6,28
19763,19763,6,33
19764,19764,6,45
19765,19765,7,78
19766,19766,7,43
19767,19767,7,34
19768,19768,7,39
19769,19769,8,60
19770,19770,8,30
19771,19771,8,31
19772,19772,8,44
19773,19773,9,66
19774,19774,9,28
19775,19775,9,41
19776,19776,9,63
19777,19777,10,47
19778,19778,10,69
19779,19779,10,43
19780,19780,10,34
19781,19781,11,56
19782,19782,11,59
19783,19783,11,48
19784,19784,11,28
19785,19785,12,29
19786,19786,12,62
19787,19787,12,23
19788,19788,12,74
19789,19789,13,73
19790,19790,13,27
19791,19791,13,55
19792,19792,13,100
19793,19793,14,44
19794,19794,14,38
19795,19795,14,36
19796,19796,14,72
19797,19797,15,80
19798,19798,15,39
19799,19799,15,34
19800,19800,15,55
19801,19801,16,37
19802,19802,16,50
19803,19803,16,26
19804,19804,16,64
19805,19805,17,49
19806,19806,17,42
19807,19807,17,28
19808,19808,17,4
19809,19809,18,51
19810,19810,18,33
19811,19811,18,42
19812,19812,18,45
19813,19813,19,85
19814,19814,19,54
19815,19815,19,12
19816,19816,19,52
19817,19817,20,67
19818,19818,20,28
19819,19819,20,37
19820,19820,20,55
19821,19821,21,54
19822,19822,21,67
19823,19823,21,20
19824,19824,21,48
19825,19825,22,31
19826,19826,22,46
19827,19827,22,23
19828,19828,22,88
19829,19829,23,56
19830,19830,23,58
19831,19831,23,41
19832,19832,23,66
19833,19833,24,70
19834,19834,24,41
19835,19835,24,48
19836,19836,24,31
19837,19837,25,58
19838,19838,25,50
19839,19839,25,42
19840,19840,25,41
19841,19841,26,101
19842,19842,26,67
19843,19843,26,53
19844,19844,26,99
19845,19845,27,49
19846,19846,27,35
19847,19847,27,19
19848,19848,27,64
19849,19849,28,73
19850,19850,28,53
19851,19851,28,27
19852,19852,28,33
19853,19853,29,55
19854,19854,29,29
19855,19855,29,35
19856,19856,29,66
19857,19857,30,58
19858,19858,30,65
19859,19859,30,57
19860,19860,30,38
19861,19861,31,36
19862,19862,31,12
19863,19863,31,44
19864,19864,31,38
19865,19865,32,53
19866,19866,32,31
19867,19867,32,50
19868,19868,32,72
19869,19869,33,98
19870,19870,33,57
19871,19871,33,26
19872,19872,33,48
19873,19873,34,149
19874,19874,34,82
19875,19875,34,18
19876,19876,34,36
19877,19877,35,76
19878,19878,35,25
19879,19879,35,15
19880,19880,35,53
19881,19881,1,69
19882,19882,1,48
19883,19883,1,34
19884,19884,1,27
19885,19885,2,92
19886,19886,2,76
19887,19887,2,27
19888,19888,2,77
19889,19889,3,70
19890,19890,3,30
19891,19891,3,42
19892,19892,3,50
19893,19893,4,57
19894,19894,4,29
19895,19895,4,25
19896,19896,4,47
19897,19897,5,43
19898,19898,5,46
19899,19899,5,84
19900,19900,5,59
19901,19901,6,118
19902,19902,6,90
19903,19903,6,42
19904,19904,6,36
19905,19905,7,51
19906,19906,7,27
19907,19907,7,56
19908,19908,7,57
19909,19909,8,78
19910,19910,8,37
19911,19911,8,51
19912,19912,8,74
19913,19913,9,28
19914,19914,9,56
19915,19915,9,57
19916,19916,9,42
19917,19917,10,64
19918,19918,10,19
19919,19919,10,26
19920,19920,10,44
19921,19921,11,48
19922,19922,11,67
19923,19923,11,32
19924,19924,11,53
19925,19925,12,121
19926,19926,12,41
19927,19927,12,46
19928,19928,12,48
19929,19929,13,87
19930,19930,13,32
19931,19931,13,86
19932,19932,13,29
19933,19933,14,46
19934,19934,14,22
19935,19935,14,26
19936,19936,14,38
19937,19937,15,70
19938,19938,15,78
19939,19939,15,60
19940,19940,15,46
19941,19941,16,53
19942,19942,16,95
19943,19943,16,47
19944,19944,16,42
19945,19945,17,119
19946,19946,17,84
19947,19947,17,24
19948,19948,17,45
19949,19949,18,62
19950,19950,18,63
19951,19951,18,41
19952,19952,18,54
19953,19953,19,49
19954,19954,19,42
19955,19955,19,35
19956,19956,19,35
19957,19957,20,49
19958,19958,20,60
19959,19959,20,49
19960,19960,20,37
19961,19961,21,64
19962,19962,21,48
19963,19963,21,71
19964,19964,21,138
19965,19965,22,89
19966,19966,22,54
19967,19967,22,53
19968,19968,22,78
19969,19969,23,61
19970,19970,23,42
19971,19971,23,44
19972,19972,23,73
19973,19973,24,71
19974,19974,24,30
19975,19975,24,39
19976,19976,24,60
19977,19977,25,45
19978,19978,25,29
19979,19979,25,39
19980,19980,25,52
19981,19981,26,84
19982,19982,26,78
19983,19983,26,38
19984,19984,26,37
19985,19985,27,109
19986,19986,27,40
19987,19987,27,28
19988,19988,27,99
19989,19989,28,116
19990,19990,28,95
19991,19991,28,65
19992,19992,28,88
19993,19993,29,94
19994,19994,29,85
19995,19995,29,45
19996,19996,29,52
19997,19997,30,78
19998,19998,30,37
19999,19999,30,67
20000,20000,30,63
20001,20001,31,42
20002,20002,31,44
20003,20003,31,55
20004,20004,31,45
20005,20005,32,96
20006,20006,32,26
20007,20007,32,37
20008,20008,32,67
20009,20009,33,75
20010,20010,33,36
20011,20011,33,54
20012,20012,33,61
20013,20013,34,49
20014,20014,34,70
20015,20015,34,42
20016,20016,34,154
20017,20017,35,108
20018,20018,35,115
20019,20019,35,33
20020,20020,35,63
20021,20021,1,103
20022,20022,1,60
20023,20023,1,86
20024,20024,1,89
20025,20025,2,69
20026,20026,2,142
20027,20027,2,34
20028,20028,2,74
20029,20029,3,33
20030,20030,3,96
20031,20031,3,64
20032,20032,3,80
20033,20033,4,66
20034,20034,4,97
20035,20035,4,89
20036,20036,4,103
20037,20037,5,103
20038,20038,5,60
20039,20039,5,46
20040,20040,5,52
20041,20041,6,71
20042,20042,6,126
20043,20043,6,51
20044,20044,6,46
20045,20045,7,48
20046,20046,7,102
20047,20047,7,50
20048,20048,7,60
20049,20049,8,83
20050,20050,8,37
20051,20051,8,80
20052,20052,8,74
20053,20053,9,46
20054,20054,9,49
20055,20055,9,39
20056,20056,9,55
20057,20057,10,70
20058,20058,10,58
20059,20059,10,56
20060,20060,10,58
20061,20061,11,105
20062,20062,11,46
20063,20063,11,59
20064,20064,11,94
20065,20065,12,61
20066,20066,12,79
20067,20067,12,47
20068,20068,12,56
20069,20069,13,79
20070,20070,13,63
20071,20071,13,81
20072,20072,13,55
20073,20073,14,99
20074,20074,14,56
20075,20075,14,38
20076,20076,14,119
20077,20077,15,69
20078,20078,15,67
20079,20079,15,30
20080,20080,15,30
20081,20081,16,105
20082,20082,16,71
20083,20083,16,43
20084,20084,16,79
20085,20085,17,103
20086,20086,17,52
20087,20087,17,83
20088,20088,17,64
20089,20089,18,62
20090,20090,18,33
20091,20091,18,61
20092,20092,18,125
20093,20093,19,70
20094,20094,19,34
20095,20095,19,36
20096,20096,19,163
20097,20097,20,86
20098,20098,20,47
20099,20099,20,48
20100,20100,20,83
20101,20101,21,54
20102,20102,21,26
20103,20103,21,68
20104,20104,21,111
20105,20105,22,74
20106,20106,22,47
20107,20107,22,65
20108,20108,22,54
20109,20109,23,89
20110,20110,23,73
20111,20111,23,32
20112,20112,23,99
20113,20113,24,103
20114,20114,24,74
20115,20115,24,33
20116,20116,24,92
20117,20117,25,97
20118,20118,25,50
20119,20119,25,34
20120,20120,25,74
20121,20121,26,49
20122,20122,26,93
20123,20123,26,35
20124,20124,26,79
20125,20125,27,54
20126,20126,27,33
20127,20127,27,30
20128,20128,27,89
20129,20129,28,85
20130,20130,28,38
20131,20131,28,26
20132,20132,28,53
20133,20133,29,114
20134,20134,29,112
20135,20135,29,29
20136,20136,29,124
20137,20137,30,89
20138,20138,30,57
20139,20139,30,42
20140,20140,30,38
20141,20141,31,119
20142,20142,31,59
20143,20143,31,41
20144,20144,31,116
20145,20145,32,80
20146,20146,32,38
20147,20147,32,45
20148,20148,32,61
20149,20149,33,113
20150,20150,33,62
20151,20151,33,54
20152,20152,33,41
20153,20153,34,181
20154,20154,34,50
20155,20155,34,37
20156,20156,34,103
20157,20157,35,97
20158,20158,35,30
20159,20159,35,47
20160,20160,35,59
20161,20161,1,123
20162,20162,1,61
20163,20163,1,46
20164,20164,1,208
20165,20165,2,120
20166,20166,2,49
20167,20167,2,48
20168,20168,2,86
20169,20169,3,126
20170,20170,3,66
20171,20171,3,82
20172,20172,3,193
20173,20173,4,186
20174,20174,4,83
20175,20175,4,68
20176,20176,4,131
20177,20177,5,186
20178,20178,5,79
20179,20179,5,89
20180,20180,5,134
20181,20181,6,128
20182,20182,6,64
20183,20183,6,62
20184,20184,6,64
20185,20185,7,98
20186,20186,7,125
20187,20187,7,79
20188,20188,7,102
20189,20189,8,143
20190,20190,8,41
20191,20191,8,117
20192,20192,8,55
20193,20193,9,146
20194,20194,9,21
20195,20195,9,60
20196,20196,9,114
20197,20197,10,113
20198,20198,10,163
20199,20199,10,61
20200,20200,10,141
20201,20201,11,142
20202,20202,11,51
20203,20203,11,21
20204,20204,11,77
20205,20205,12,50
20206,20206,12,101
20207,20207,12,111
20208,20208,12,123
20209,20209,13,97
20210,20210,13,62
20211,20211,13,94
20212,20212,13,134
20213,20213,14,159
20214,20214,14,91
20215,20215,14,76
20216,20216,14,180
20217,20217,15,94
20218,20218,15,62
20219,20219,15,25
20220,20220,15,124
20221,20221,16,110
20222,20222,16,91
20223,20223,16,58
20224,20224,16,48
20225,20225,17,86
20226,20226,17,129
20227,20227,17,125
20228,20228,17,143
20229,20229,18,113
20230,20230,18,47
20231,20231,18,34
20232,20232,18,168
20233,20233,19,83
20234,20234,19,104
20235,20235,19,72
20236,20236,19,77
20237,20237,20,102
20238,20238,20,71
20239,20239,20,59
20240,20240,20,53
20241,20241,21,164
20242,20242,21,95
20243,20243,21,75
20244,20244,21,189
20245,20245,22,74
20246,20246,22,57
20247,20247,22,62
20248,20248,22,104
20249,20249,23,81
20250,20250,23,152
20251,20251,23,89
20252,20252,23,135
20253,20253,24,65
20254,20254,24,96
20255,20255,24,53
20256,20256,24,162
20257,20257,25,108
20258,20258,25,115
20259,20259,25,93
20260,20260,25,90
20261,20261,26,129
20262,20262,26,66
20263,20263,26,41
20264,20264,26,179
20265,20265,27,140
20266,20266,27,103
20267,20267,27,86
20268,20268,27,55
20269,20269,28,102
20270,20270,28,123
20271,20271,28,110
20272,20272,28,61
20273,20273,29,93
20274,20274,29,69
20275,20275,29,53
20276,20276,29,90
20277,20277,30,102
20278,20278,30,94
20279,20279,30,118
20280,20280,30,94
20281,20281,31,73
20282,20282,31,89
20283,20283,31,93
20284,20284,31,100
20285,20285,32,179
20286,20286,32,56
20287,20287,32,63
20288,20288,32,83
20289,20289,33,190
20290,20290,33,76
20291,20291,33,43
20292,20292,33,116
20293,20293,34,80
20294,20294,34,81
20295,20295,34,66
20296,20296,34,104
20297,20297,35,178
20298,20298,35,100
20299,20299,35,19
20300,20300,35,160
20301,20301,1,91
20302,20302,1,69
20303,20303,1,18
20304,20304,1,114
20305,20305,2,117
20306,20306,2,91
20307,20307,2,98
20308,20308,2,49
20309,20309,3,131
20310,20310,3,88
20311,20311,3,84
20312,20312,3,93
20313,20313,4,97
20314,20314,4,136
20315,20315,4,47
20316,20316,4,112
20317,20317,5,85
20318,20318,5,90
20319,20319,5,64
20320,20320,5,80
20321,20321,6,165
20322,20322,6,102
20323,20323,6,64
20324,20324,6,92
20325,20325,7,89
20326,20326,7,40
20327,20327,7,41
20328,20328,7,54
20329,20329,8,130
20330,20330,8,139
20331,20331,8,101
20332,20332,8,82
20333,20333,9,163
20334,20334,9,68
20335,20335,9,64
20336,20336,9,103
20337,20337,10,180
20338,20338,10,72
20339,20339,10,38
20340,20340,10,102
20341,20341,11,103
20342,20342,11,121
20343,20343,11,120
20344,20344,11,105
20345,20345,12,110
20346,20346,12,72
20347,20347,12,79
20348,20348,12,44
20349,20349,13,131
20350,20350,13,85
20351,20351,13,28
20352,20352,13,105
20353,20353,14,126
20354,20354,14,130
20355,20355,14,53
20356,20356,14,56
20357,20357,15,91
20358,20358,15,71
20359,20359,15,40
20360,20360,15,82
20361,20361,16,107
20362,20362,16,139
20363,20363,16,61
20364,20364,16,122
20365,20365,17,73
20366,20366,17,53
20367,20367,17,33
20368,20368,17,157
20369,20369,18,85
20370,20370,18,71
20371,20371,18,92
20372,20372,18,61
20373,20373,19,56
20374,20374,19,67
20375,20375,19,86
20376,20376,19,114
20377,20377,20,107
20378,20378,20,55
20379,20379,20,74
20380,20380,20,86
20381,20381,21,117
20382,20382,21,127
20383,20383,21,88
20384,20384,21,73
20385,20385,22,102
20386,20386,22,92
20387,20387,22,78
20388,20388,22,71
20389,20389,23,76
20390,20390,23,70
20391,20391,23,58
20392,20392,23,61
20393,20393,24,110
20394,20394,24,78
20395,20395,24,62
20396,20396,24,94
20397,20397,25,113
20398,20398,25,41
20399,20399,25,82
20400,20400,25,115
20401,20401,26,124
20402,20402,26,88
20403,20403,26,54
20404,20404,26,107
20405,20405,27,82
20406,20406,27,64
20407,20407,27,82
20408,20408,27,35
20409,20409,28,54
20410,20410,28,28
20411,20411,28,51
20412,20412,28,104
20413,20413,29,163
20414,20414,29,37
20415,20415,29,112
20416,20416,29,162
20417,20417,30,86
20418,20418,30,68
20419,20419,30,68
20420,20420,30,129
20421,20421,31,139
20422,20422,31,54
20423,20423,31,50
20424,20424,31,116
20425,20425,32,76
20426,20426,32,95
20427,20427,32,73
20428,20428,32,76
20429,20429,33,99
20430,20430,33,83
20431,20431,33,103
20432,20432,33,80
20433,20433,34,47
20434,20434,34,78
20435,20435,34,62
20436,20436,34,96
20437,20437,35,153
20438,20438,35,98
20439,20439,35,29
20440,20440,35,88
20441,20441,1,39
20442,20442,1,41
20443,20443,1,33
20444,20444,1,37
20445,20445,2,35
20446,20446,2,20
20447,20447,2,19
20448,20448,2,42
20449,20449,3,49
20450,20450,3,28
20451,20451,3,51
20452,20452,3,58
20453,20453,4,55
20454,20454,4,54
20455,20455,4,24
20456,20456,4,82
20457,20457,5,41
20458,20458,5,31
20459,20459,5,18
20460,20460,5,21
20461,20461,6,35
20462,20462,6,32
20463,20463,6,30
20464,20464,6,61
20465,20465,7,74
20466,20466,7,30
20467,20467,7,17
20468,20468,7,75
20469,20469,8,42
20470,20470,8,21
20471,20471,8,23
20472,20472,8,45
20473,20473,9,51
20474,20474,9,55
20475,20475,9,26
20476,20476,9,71
20477,20477,10,71
20478,20478,10,65
20479,20479,10,31
20480,20480,10,63
20481,20481,11,61
20482,20482,11,40
20483,20483,11,87
20484,20484,11,53
20485,20485,12,45
20486,20486,12,41
20487,20487,12,63
20488,20488,12,40
20489,20489,13,63
20490,20490,13,38
20491,20491,13,23
20492,20492,13,59
20493,20493,14,36
20494,20494,14,23
20495,20495,14,18
20496,20496,14,65
20497,20497,15,44
20498,20498,15,41
20499,20499,15,51
20500,20500,15,61
20501,20501,16,50
20502,20502,16,23
20503,20503,16,28
20504,20504,16,34
20505,20505,17,41
20506,20506,17,33
20507,20507,17,39
20508,20508,17,100
20509,20509,18,39
20510,20510,18,45
20511,20511,18,17
20512,20512,18,48
20513,20513,19,65
20514,20514,19,49
20515,20515,19,24
20516,20516,19,40
20517,20517,20,68
20518,20518,20,41
20519,20519,20,36
20520,20520,20,46
20521,20521,21,52
20522,20522,21,37
20523,20523,21,50
20524,20524,21,46
20525,20525,22,63
20526,20526,22,40
20527,20527,22,31
20528,20528,22,44
20529,20529,23,39
20530,20530,23,24
20531,20531,23,29
20532,20532,23,42
20533,20533,24,54
20534,20534,24,30
20535,20535,24,21
20536,20536,24,67
20537,20537,25,41
20538,20538,25,35
20539,20539,25,50
20540,20540,25,71
20541,20541,26,100
20542,20542,26,29
20543,20543,26,35
20544,20544,26,59
20545,20545,27,55
20546,20546,27,52
20547,20547,27,55
20548,20548,27,32
20549,20549,28,58
20550,20550,28,84
20551,20551,28,44
20552,20552,28,32
20553,20553,29,43
20554,20554,29,64
20555,20555,29,17
20556,20556,29,86
20557,20557,30,33
20558,20558,30,29
20559,20559,30,23
20560,20560,30,58
20561,20561,31,101
20562,20562,31,58
20563,20563,31,54
20564,20564,31,13
20565,20565,32,62
20566,20566,32,41
20567,20567,32,30
20568,20568,32,17
20569,20569,33,78
20570,20570,33,48
20571,20571,33,32
20572,20572,33,59
20573,20573,34,64
20574,20574,34,66
20575,20575,34,49
20576,20576,34,50
20577,20577,35,44
20578,20578,35,27
20579,20579,35,25
20580,20580,35,30
20581,20581,1,50
20582,20582,1,42
20583,20583,1,58
20584,20584,1,50
20585,20585,2,81
20586,20586,2,38
20587,20587,2,28
20588,20588,2,31
20589,20589,3,65
20590,20590,3,86
20591,20591,3,31
20592,20592,3,54
20593,20593,4,48
20594,20594,4,64
20595,20595,4,34
20596,20596,4,14
20597,20597,5,73
20598,20598,5,36
20599,20599,5,16
20600,20600,5,29
20601,20601,6,61
20602,20602,6,43
20603,20603,6,32
20604,20604,6,55
20605,20605,7,64
20606,20606,7,25
20607,20607,7,22
20608,20608,7,34
20609,20609,8,44
20610,20610,8,39
20611,20611,8,19
20612,20612,8,62
20613,20613,9,64
20614,20614,9,35
20615,20615,9,41
20616,20616,9,80
20617,20617,10,59
20618,20618,10,53
20619,20619,10,35
20620,20620,10,49
20621,20621,11,76
20622,20622,11,73
20623,20623,11,68
20624,20624,11,21
20625,20625,12,52
20626,20626,12,72
20627,20627,12,65
20628,20628,12,30
20629,20629,13,58
20630,20630,13,54
20631,20631,13,56
20632,20632,13,56
20633,20633,14,57
20634,20634,14,61
20635,20635,14,27
20636,20636,14,32
20637,20637,15,26
20638,20638,15,41
20639,20639,15,18
20640,20640,15,26
20641,20641,16,93
20642,20642,16,27
20643,20643,16,29
20644,20644,16,67
20645,20645,17,54
20646,20646,17,29
20647,20647,17,55
20648,20648,17,32
20649,20649,18,78
20650,20650,18,50
20651,20651,18,46
20652,20652,18,57
20653,20653,19,40
20654,20654,19,44
20655,20655,19,15
20656,20656,19,28
20657,20657,20,51
20658,20658,20,69
20659,20659,20,27
20660,20660,20,30
20661,20661,21,77
20662,20662,21,41
20663,20663,21,43
20664,20664,21,31
20665,20665,22,58
20666,20666,22,40
20667,20667,22,46
20668,20668,22,41
20669,20669,23,38
20670,20670,23,48
20671,20671,23,19
20672,20672,23,35
20673,20673,24,40
20674,20674,24,28
20675,20675,24,21
20676,20676,24,85
20677,20677,25,36
20678,20678,25,39
20679,20679,25,28
20680,20680,25,21
20681,20681,26,45
20682,20682,26,37
20683,20683,26,54
20684,20684,26,55
20685,20685,27,36
20686,20686,27,47
20687,20687,27,39
20688,20688,27,68
20689,20689,28,60
20690,20690,28,83
20691,20691,28,19
20692,20692,28,36
20693,20693,29,48
20694,20694,29,40
20695,20695,29,35
20696,20696,29,42
20697,20697,30,40
20698,20698,30,41
20699,20699,30,49
20700,20700,30,30
20701,20701,31,28
20702,20702,31,52
20703,20703,31,22
20704,20704,31,17
20705,20705,32,59
20706,20706,32,74
20707,20707,32,41
20708,20708,32,40
20709,20709,33,45
20710,20710,33,40
20711,20711,33,20
20712,20712,33,25
20713,20713,34,40
20714,20714,34,28
20715,20715,34,29
20716,20716,34,47
20717,20717,35,61
20718,20718,35,69
20719,20719,35,34
20720,20720,35,59
20721,20721,1,81
20722,20722,1,31
20723,20723,1,42
20724,20724,1,84
20725,20725,2,88
20726,20726,2,88
20727,20727,2,32
20728,20728,2,61
20729,20729,3,34
20730,20730,3,60
20731,20731,3,56
20732,20732,3,27
20733,20733,4,41
20734,20734,4,20
20735,20735,4,42
20736,20736,4,64
20737,20737,5,29
20738,20738,5,70
20739,20739,5,32
20740,20740,5,57
20741,20741,6,113
20742,20742,6,35
20743,20743,6,24
20744,20744,6,33
20745,20745,7,66
20746,20746,7,32
20747,20747,7,25
20748,20748,7,63
20749,20749,8,61
20750,20750,8,62
20751,20751,8,60
20752,20752,8,40
20753,20753,9,95
20754,20754,9,52
20755,20755,9,45
20756,20756,9,88
20757,20757,10,81
20758,20758,10,54
20759,20759,10,45
20760,20760,10,51
20761,20761,11,38
20762,20762,11,80
20763,20763,11,57
20764,20764,11,63
20765,20765,12,54
20766,20766,12,62
20767,20767,12,45
20768,20768,12,85
20769,20769,13,74
20770,20770,13,26
20771,20771,13,30
20772,20772,13,57
20773,20773,14,72
20774,20774,14,36
20775,20775,14,70
20776,20776,14,81
20777,20777,15,54
20778,20778,15,46
20779,20779,15,64
20780,20780,15,90
20781,20781,16,63
20782,20782,16,28
20783,20783,16,23
20784,20784,16,75
20785,20785,17,99
20786,20786,17,32
20787,20787,17,35
20788,20788,17,39
20789,20789,18,52
20790,20790,18,58
20791,20791,18,22
20792,20792,18,47
20793,20793,19,69
20794,20794,19,54
20795,20795,19,51
20796,20796,19,44
20797,20797,20,91
20798,20798,20,18
20799,20799,20,28
20800,20800,20,63
20801,20801,21,130
20802,20802,21,74
20803,20803,21,61
20804,20804,21,25
20805,20805,22,57
20806,20806,22,35
20807,20807,22,51
20808,20808,22,96
20809,20809,23,43
20810,20810,23,24
20811,20811,23,45
20812,20812,23,45
20813,20813,24,33
20814,20814,24,40
20815,20815,24,27
20816,20816,24,55
20817,20817,25,62
20818,20818,25,51
20819,20819,25,49
20820,20820,25,54
20821,20821,26,65
20822,20822,26,44
20823,20823,26,58
20824,20824,26,45
20825,20825,27,89
20826,20826,27,33
20827,20827,27,45
20828,20828,27,65
20829,20829,28,88
20830,20830,28,40
20831,20831,28,15
20832,20832,28,49
20833,20833,29,55
20834,20834,29,36
20835,20835,29,26
20836,20836,29,60
20837,20837,30,95
20838,20838,30,62
20839,20839,30,31
20840,20840,30,47
20841,20841,31,80
20842,20842,31,49
20843,20843,31,39
20844,20844,31,63
20845,20845,32,61
20846,20846,32,58
20847,20847,32,75
20848,20848,32,43
20849,20849,33,110
20850,20850,33,57
20851,20851,33,47
20852,20852,33,55
20853,20853,34,44
20854,20854,34,60
20855,20855,34,24
20856,20856,34,38
20857,20857,35,65
20858,20858,35,52
20859,20859,35,44
20860,20860,35,36
20861,20861,1,127
20862,20862,1,28
20863,20863,1,22
20864,20864,1,69
20865,20865,2,36
20866,20866,2,49
20867,20867,2,56
20868,20868,2,58
20869,20869,3,76
20870,20870,3,47
20871,20871,3,70
20872,20872,3,64
20873,20873,4,70
20874,20874,4,29
20875,20875,4,87
20876,20876,4,81
20877,20877,5,93
20878,20878,5,62
20879,20879,5,29
20880,20880,5,50
20881,20881,6,80
20882,20882,6,52
20883,20883,6,48
20884,20884,6,54
20885,20885,7,50
20886,20886,7,43
20887,20887,7,30
20888,20888,7,76
20889,20889,8,42
20890,20890,8,42
20891,20891,8,23
20892,20892,8,34
20893,20893,9,78
20894,20894,9,30
20895,20895,9,35
20896,20896,9,55
20897,20897,10,100
20898,20898,10,64
20899,20899,10,42
20900,20900,10,74
20901,20901,11,76
20902,20902,11,47
20903,20903,11,21
20904,20904,11,45
20905,20905,12,78
20906,20906,12,50
20907,20907,12,17
20908,20908,12,38
20909,20909,13,79
20910,20910,13,43
20911,20911,13,50
20912,20912,13,79
20913,20913,14,60
20914,20914,14,53
20915,20915,14,32
20916,20916,14,66
20917,20917,15,86
20918,20918,15,75
20919,20919,15,79
20920,20920,15,71
20921,20921,16,43
20922,20922,16,63
20923,20923,16,32
20924,20924,16,79
20925,20925,17,91
20926,20926,17,39
20927,20927,17,27
20928,20928,17,90
20929,20929,18,82
20930,20930,18,59
20931,20931,18,38
20932,20932,18,29
20933,20933,19,67
20934,20934,19,21
20935,20935,19,24
20936,20936,19,36
20937,20937,20,41
20938,20938,20,34
20939,20939,20,64
20940,20940,20,41
20941,20941,21,109
20942,20942,21,60
20943,20943,21,65
20944,20944,21,68
20945,20945,22,59
20946,20946,22,64
20947,20947,22,37
20948,20948,22,90
20949,20949,23,98
20950,20950,23,84
20951,20951,23,40
20952,20952,23,70
20953,20953,24,88
20954,20954,24,73
20955,20955,24,38
20956,20956,24,92
20957,20957,25,48
20958,20958,25,60
20959,20959,25,51
20960,20960,25,24
20961,20961,26,83
20962,20962,26,21
20963,20963,26,50
20964,20964,26,44
20965,20965,27,82
20966,20966,27,55
20967,20967,27,26
20968,20968,27,121
20969,20969,28,113
20970,20970,28,53
20971,20971,28,40
20972,20972,28,112
20973,20973,29,131
20974,20974,29,71
20975,20975,29,26
20976,20976,29,94
20977,20977,30,99
20978,20978,30,42
20979,20979,30,49
20980,20980,30,58
20981,20981,31,54
20982,20982,31,44
20983,20983,31,27
20984,20984,31,55
20985,20985,32,148
20986,20986,32,52
20987,20987,32,22
20988,20988,32,84
20989,20989,33,56
20990,20990,33,45
20991,20991,33,46
20992,20992,33,43
20993,20993,34,40
20994,20994,34,20
20995,20995,34,80
20996,20996,34,88
20997,20997,35,94
20998,20998,35,85
20999,20999,35,42
21000,21000,35,71
21001,21001,1,115
21002,21002,1,63
21003,21003,1,46
21004,21004,1,77
21005,21005,2,145
21006,21006,2,125
21007,21007,2,54
21008,21008,2,38
21009,21009,3,109
21010,21010,3,40
21011,21011,3,51
21012,21012,3,94
21013,21013,4,50
21014,21014,4,61
21015,21015,4,65
21016,21016,4,146
21017,21017,5,43
21018,21018,5,62
21019,21019,5,67
21020,21020,5,53
21021,21021,6,109
21022,21022,6,39
21023,21023,6,57
21024,21024,6,133
21025,21025,7,72
21026,21026,7,36
21027,21027,7,82
21028,21028,7,141
21029,21029,8,157
21030,21030,8,53
21031,21031,8,60
21032,21032,8,67
21033,21033,9,42
21034,21034,9,66
21035,21035,9,65
21036,21036,9,26
21037,21037,10,65
21038,21038,10,65
21039,21039,10,45
21040,21040,10,80
21041,21041,11,121
21042,21042,11,36
21043,21043,11,27
21044,21044,11,47
21045,21045,12,85
21046,21046,12,111
21047,21047,12,57
21048,21048,12,39
21049,21049,13,46
21050,21050,13,100
21051,21051,13,39
21052,21052,13,55
21053,21053,14,103
21054,21054,14,91
21055,21055,14,41
21056,21056,14,58
21057,21057,15,82
21058,21058,15,85
21059,21059,15,79
21060,21060,15,88
21061,21061,16,62
21062,21062,16,39
21063,21063,16,36
21064,21064,16,46
21065,21065,17,39
21066,21066,17,70
21067,21067,17,89
21068,21068,17,39
21069,21069,18,86
21070,21070,18,83
21071,21071,18,112
21072,21072,18,83
21073,21073,19,110
21074,21074,19,67
21075,21075,19,84
21076,21076,19,44
21077,21077,20,84
21078,21078,20,84
21079,21079,20,38
21080,21080,20,91
21081,21081,21,111
21082,21082,21,76
21083,21083,21,58
21084,21084,21,111
21085,21085,22,83
21086,21086,22,44
21087,21087,22,80
21088,21088,22,109
21089,21089,23,92
21090,21090,23,36
21091,21091,23,50
21092,21092,23,80
21093,21093,24,100
21094,21094,24,66
21095,21095,24,18
21096,21096,24,70
21097,21097,25,85
21098,21098,25,91
21099,21099,25,17
21100,21100,25,76
21101,21101,26,23
21102,21102,26,88
21103,21103,26,27
21104,21104,26,70
21105,21105,27,68
21106,21106,27,76
21107,21107,27,47
21108,21108,27,107
21109,21109,28,70
21110,21110,28,55
21111,21111,28,24
21112,21112,28,92
21113,21113,29,113
21114,21114,29,49
21115,21115,29,75
21116,21116,29,67
21117,21117,30,132
21118,21118,30,73
21119,21119,30,39
21120,21120,30,69
21121,21121,31,83
21122,21122,31,101
21123,21123,31,67
21124,21124,31,79
21125,21125,32,136
21126,21126,32,87
21127,21127,32,35
21128,21128,32,81
21129,21129,33,109
21130,21130,33,83
21131,21131,33,60
21132,21132,33,70
21133,21133,34,173
21134,21134,34,82
21135,21135,34,55
21136,21136,34,93
21137,21137,35,145
21138,21138,35,52
21139,21139,35,51
21140,21140,35,78
21141,21141,1,98
21142,21142,1,121
21143,21143,1,58
21144,21144,1,147
21145,21145,2,70
21146,21146,2,136
21147,21147,2,76
21148,21148,2,89
21149,21149,3,117
21150,21150,3,142
21151,21151,3,91
21152,21152,3,104
21153,21153,4,115
21154,21154,4,103
21155,21155,4,56
21156,21156,4,167
21157,21157,5,113
21158,21158,5,48
21159,21159,5,87
21160,21160,5,73
21161,21161,6,74
21162,21162,6,72
21163,21163,6,105
21164,21164,6,114
21165,21165,7,142
21166,21166,7,61
21167,21167,7,84
21168,21168,7,62
21169,21169,8,104
21170,21170,8,65
21171,21171,8,45
21172,21172,8,41
21173,21173,9,186
21174,21174,9,78
21175,21175,9,58
21176,21176,9,125
21177,21177,10,143
21178,21178,10,117
21179,21179,10,147
21180,21180,10,150
21181,21181,11,133
21182,21182,11,92
21183,21183,11,76
21184,21184,11,64
21185,21185,12,112
21186,21186,12,85
21187,21187,12,99
21188,21188,12,81
21189,21189,13,135
21190,21190,13,71
21191,21191,13,109
21192,21192,13,63
21193,21193,14,114
21194,21194,14,85
21195,21195,14,45
21196,21196,14,81
21197,21197,15,185
21198,21198,15,65
21199,21199,15,72
21200,21200,15,142
21201,21201,16,97
21202,21202,16,80
21203,21203,16,34
21204,21204,16,163
21205,21205,17,135
21206,21206,17,84
21207,21207,17,63
21208,21208,17,70
21209,21209,18,149
21210,21210,18,64
21211,21211,18,42
21212,21212,18,169
21213,21213,19,100
21214,21214,19,107
21215,21215,19,36
21216,21216,19,100
21217,21217,20,50
21218,21218,20,43
21219,21219,20,92
21220,21220,20,102
21221,21221,21,118
21222,21222,21,121
21223,21223,21,93
21224,21224,21,160
21225,21225,22,103
21226,21226,22,69
21227,21227,22,64
21228,21228,22,103
21229,21229,23,106
21230,21230,23,103
21231,21231,23,59
21232,21232,23,53
21233,21233,24,120
21234,21234,24,46
21235,21235,24,71
21236,21236,24,119
21237,21237,25,187
21238,21238,25,37
21239,21239,25,35
21240,21240,25,53
21241,21241,26,171
21242,21242,26,101
21243,21243,26,64
21244,21244,26,87
21245,21245,27,88
21246,21246,27,76
21247,21247,27,88
21248,21248,27,113
21249,21249,28,212
21250,21250,28,95
21251,21251,28,70
21252,21252,28,68
21253,21253,29,186
21254,21254,29,38
21255,21255,29,35
21256,21256,29,67
21257,21257,30,135
21258,21258,30,34
21259,21259,30,111
21260,21260,30,48
21261,21261,31,105
21262,21262,31,124
21263,21263,31,50
21264,21264,31,88
21265,21265,32,74
21266,21266,32,63
21267,21267,32,68
21268,21268,32,51
21269,21269,33,147
21270,21270,33,83
21271,21271,33,48
21272,21272,33,45
21273,21273,34,76
21274,21274,34,79
21275,21275,34,69
21276,21276,34,109
21277,21277,35,66
21278,21278,35,45
21279,21279,35,80
21280,21280,35,102
21281,21281,1,64
21282,21282,1,90
21283,21283,1,63
21284,21284,1,58
21285,21285,2,70
21286,21286,2,41
21287,21287,2,50
21288,21288,2,105
21289,21289,3,97
21290,21290,3,59
21291,21291,3,72
21292,21292,3,113
21293,21293,4,83
21294,21294,4,95
21295,21295,4,96
21296,21296,4,97
21297,21297,5,89
21298,21298,5,60
21299,21299,5,61
21300,21300,5,173
21301,21301,6,167
21302,21302,6,62
21303,21303,6,115
21304,21304,6,100
21305,21305,7,146
21306,21306,7,43
21307,21307,7,35
21308,21308,7,96
21309,21309,8,62
21310,21310,8,59
21311,21311,8,46
21312,21312,8,91
21313,21313,9,75
21314,21314,9,103
21315,21315,9,73
21316,21316,9,98
21317,21317,10,133
21318,21318,10,152
21319,21319,10,38
21320,21320,10,74
21321,21321,11,103
21322,21322,11,59
21323,21323,11,80
21324,21324,11,82
21325,21325,12,80
21326,21326,12,94
21327,21327,12,69
21328,21328,12,84
21329,21329,13,108
21330,21330,13,112
21331,21331,13,61
21332,21332,13,77
21333,21333,14,37
21334,21334,14,88
21335,21335,14,36
21336,21336,14,68
21337,21337,15,159
21338,21338,15,99
21339,21339,15,79
21340,21340,15,65
21341,21341,16,96
21342,21342,16,53
21343,21343,16,42
21344,21344,16,133
21345,21345,17,175
21346,21346,17,66
21347,21347,17,64
21348,21348,17,82
21349,21349,18,169
21350,21350,18,73
21351,21351,18,52
21352,21352,18,91
21353,21353,19,133
21354,21354,19,75
21355,21355,19,88
21356,21356,19,108
21357,21357,20,61
21358,21358,20,75
21359,21359,20,55
21360,21360,20,74
21361,21361,21,71
21362,21362,21,83
21363,21363,21,83
21364,21364,21,31
21365,21365,22,112
21366,21366,22,66
21367,21367,22,78
21368,21368,22,47
21369,21369,23,124
21370,21370,23,88
21371,21371,23,57
21372,21372,23,84
21373,21373,24,96
21374,21374,24,73
21375,21375,24,95
21376,21376,24,46
21377,21377,25,166
21378,21378,25,57
21379,21379,25,49
21380,21380,25,118
21381,21381,26,139
21382,21382,26,42
21383,21383,26,42
21384,21384,26,135
21385,21385,27,145
21386,21386,27,61
21387,21387,27,65
21388,21388,27,89
21389,21389,28,123
21390,21390,28,85
21391,21391,28,24
21392,21392,28,85
21393,21393,29,160
21394,21394,29,82
21395,21395,29,77
21396,21396,29,91
21397,21397,30,80
21398,21398,30,94
21399,21399,30,52
21400,21400,30,39
21401,21401,31,86
21402,21402,31,112
21403,21403,31,117
21404,21404,31,55
21405,21405,32,83
21406,21406,32,78
21407,21407,32,106
21408,21408,32,40
21409,21409,33,125
21410,21410,33,141
21411,21411,33,104
21412,21412,33,115
21413,21413,34,99
21414,21414,34,70
21415,21415,34,52
21416,21416,34,84
21417,21417,35,40
21418,21418,35,89
21419,21419,35,54
21420,21420,35,122
21421,21421,1,26
21422,21422,1,35
21423,21423,1,26
21424,21424,1,77
21425,21425,2,85
21426,21426,2,40
21427,21427,2,26
21428,21428,2,82
21429,21429,3,72
21430,21430,3,53
21431,21431,3,23
21432,21432,3,69
21433,21433,4,91
21434,21434,4,26
21435,21435,4,15
21436,21436,4,27
21437,21437,5,49
21438,21438,5,35
21439,21439,5,20
21440,21440,5,66
21441,21441,6,81
21442,21442,6,15
21443,21443,6,47
21444,21444,6,59
21445,21445,7,60
21446,21446,7,59
21447,21447,7,45
21448,21448,7,48
21449,21449,8,46
21450,21450,8,42
21451,21451,8,32
21452,21452,8,79
21453,21453,9,43
21454,21454,9,29
21455,21455,9,41
21456,21456,9,20
21457,21457,10,67
21458,21458,10,43
21459,21459,10,36
21460,21460,10,27
21461,21461,11,28
21462,21462,11,41
21463,21463,11,50
21464,21464,11,31
21465,21465,12,67
21466,21466,12,35
21467,21467,12,26
21468,21468,12,80
21469,21469,13,34
21470,21470,13,23
21471,21471,13,22
21472,21472,13,71
21473,21473,14,69
21474,21474,14,48
21475,21475,14,23
21476,21476,14,41
21477,21477,15,73
21478,21478,15,47
21479,21479,15,10
21480,21480,15,37
21481,21481,16,57
21482,21482,16,32
21483,21483,16,66
21484,21484,16,6
21485,21485,17,81
21486,21486,17,27
21487,21487,17,35
21488,21488,17,41
21489,21489,18,77
21490,21490,18,43
21491,21491,18,21
21492,21492,18,30
21493,21493,19,104
21494,21494,19,58
21495,21495,19,30
21496,21496,19,41
21497,21497,20,49
21498,21498,20,27
21499,21499,20,58
21500,21500,20,67
21501,21501,21,71
21502,21502,21,54
21503,21503,21,32
21504,21504,21,77
21505,21505,22,62
21506,21506,22,42
21507,21507,22,24
21508,21508,22,24
21509,21509,23,43
21510,21510,23,12
21511,21511,23,38
21512,21512,23,48
21513,21513,24,69
21514,21514,24,24
21515,21515,24,14
21516,21516,24,31
21517,21517,25,76
21518,21518,25,21
21519,21519,25,37
21520,21520,25,49
21521,21521,26,41
21522,21522,26,59
21523,21523,26,20
21524,21524,26,36
21525,21525,27,59
21526,21526,27,29
21527,21527,27,35
21528,21528,27,38
21529,21529,28,99
21530,21530,28,35
21531,21531,28,40
21532,21532,28,35
21533,21533,29,44
21534,21534,29,57
21535,21535,29,23
21536,21536,29,67
21537,21537,30,90
21538,21538,30,48
21539,21539,30,28
21540,21540,30,29
21541,21541,31,66
21542,21542,31,45
21543,21543,31,44
21544,21544,31,61
21545,21545,32,101
21546,21546,32,33
21547,21547,32,31
21548,21548,32,47
21549,21549,33,40
21550,21550,33,52
21551,21551,33,25
21552,21552,33,41
21553,21553,34,55
21554,21554,34,31
21555,21555,34,20
21556,21556,34,43
21557,21557,35,55
21558,21558,35,48
21559,21559,35,16
21560,21560,35,53
21561,21561,1,35
21562,21562,1,48
21563,21563,1,23
21564,21564,1,22
21565,21565,2,45
21566,21566,2,30
21567,21567,2,44
21568,21568,2,55
21569,21569,3,34
21570,21570,3,64
21571,21571,3,25
21572,21572,3,33
21573,21573,4,62
21574,21574,4,77
21575,21575,4,20
21576,21576,4,29
21577,21577,5,66
21578,21578,5,25
21579,21579,5,43
21580,21580,5,47
21581,21581,6,80
21582,21582,6,30
21583,21583,6,18
21584,21584,6,61
21585,21585,7,31
21586,21586,7,23
21587,21587,7,24
21588,21588,7,40
21589,21589,8,83
21590,21590,8,85
21591,21591,8,18
21592,21592,8,50
21593,21593,9,27
21594,21594,9,45
21595,21595,9,32
21596,21596,9,52
21597,21597,10,53
21598,21598,10,44
21599,21599,10,28
21600,21600,10,46
21601,21601,11,53
21602,21602,11,24
21603,21603,11,18
21604,21604,11,54
21605,21605,12,25
21606,21606,12,42
21607,21607,12,17
21608,21608,12,66
21609,21609,13,45
21610,21610,13,36
21611,21611,13,30
21612,21612,13,94
21613,21613,14,73
21614,21614,14,21
21615,21615,14,40
21616,21616,14,30
21617,21617,15,96
21618,21618,15,31
21619,21619,15,56
21620,21620,15,42
21621,21621,16,35
21622,21622,16,16
21623,21623,16,12
21624,21624,16,51
21625,21625,17,81
21626,21626,17,70
21627,21627,17,21
21628,21628,17,102
21629,21629,18,38
21630,21630,18,50
21631,21631,18,41
21632,21632,18,57
21633,21633,19,43
21634,21634,19,50
21635,21635,19,26
21636,21636,19,50
21637,21637,20,93
21638,21638,20,37
21639,21639,20,42
21640,21640,20,27
21641,21641,21,49
21642,21642,21,44
21643,21643,21,45
21644,21644,21,28
21645,21645,22,65
21646,21646,22,35
21647,21647,22,20
21648,21648,22,62
21649,21649,23,51
21650,21650,23,81
21651,21651,23,52
21652,21652,23,52
21653,21653,24,70
21654,21654,24,25
21655,21655,24,22
21656,21656,24,70
21657,21657,25,33
21658,21658,25,27
21659,21659,25,17
21660,21660,25,30
21661,21661,26,62
21662,21662,26,61
21663,21663,26,28
21664,21664,26,37
21665,21665,27,46
21666,21666,27,36
21667,21667,27,24
21668,21668,27,71
21669,21669,28,54
21670,21670,28,45
21671,21671,28,53
21672,21672,28,28
21673,21673,29,48
21674,21674,29,55
21675,21675,29,39
21676,21676,29,29
21677,21677,30,25
21678,21678,30,49
21679,21679,30,44
21680,21680,30,31
21681,21681,31,31
21682,21682,31,51
21683,21683,31,51
21684,21684,31,65
21685,21685,32,48
21686,21686,32,50
21687,21687,32,8
21688,21688,32,59
21689,21689,33,90
21690,21690,33,37
21691,21691,33,16
21692,21692,33,56
21693,21693,34,60
21694,21694,34,44
21695,21695,34,39
21696,21696,34,34
21697,21697,35,51
21698,21698,35,30
21699,21699,35,35
21700,21700,35,54
21701,21701,1,36
21702,21702,1,63
21703,21703,1,16
21704,21704,1,53
21705,21705,2,61
21706,21706,2,39
21707,21707,2,25
21708,21708,2,21
21709,21709,3,34
21710,21710,3,29
21711,21711,3,16
21712,21712,3,32
21713,21713,4,31
21714,21714,4,26
21715,21715,4,31
21716,21716,4,33
21717,21717,5,54
21718,21718,5,29
21719,21719,5,47
21720,21720,5,63
21721,21721,6,41
21722,21722,6,22
21723,21723,6,28
21724,21724,6,36
21725,21725,7,49
21726,21726,7,48
21727,21727,7,40
21728,21728,7,41
21729,21729,8,26
21730,21730,8,24
21731,21731,8,24
21732,21732,8,22
21733,21733,9,62
21734,21734,9,44
21735,21735,9,14
21736,21736,9,12
21737,21737,10,56
21738,21738,10,24
21739,21739,10,34
21740,21740,10,19
21741,21741,11,24
21742,21742,11,30
21743,21743,11,19
21744,21744,11,62
21745,21745,12,63
21746,21746,12,34
21747,21747,12,30
21748,21748,12,60
21749,21749,13,37
21750,21750,13,37
21751,21751,13,44
21752,21752,13,20
21753,21753,14,33
21754,21754,14,51
21755,21755,14,51
21756,21756,14,45
21757,21757,15,41
21758,21758,15,43
21759,21759,15,54
21760,21760,15,23
21761,21761,16,31
21762,21762,16,42
21763,21763,16,22
21764,21764,16,65
21765,21765,17,41
21766,21766,17,29
21767,21767,17,40
21768,21768,17,48
21769,21769,18,54
21770,21770,18,18
21771,21771,18,15
21772,21772,18,25
21773,21773,19,58
21774,21774,19,34
21775,21775,19,34
21776,21776,19,36
21777,21777,20,58
21778,21778,20,46
21779,21779,20,45
21780,21780,20,29
21781,21781,21,36
21782,21782,21,22
21783,21783,21,57
21784,21784,21,28
21785,21785,22,50
21786,21786,22,42
21787,21787,22,21
21788,21788,22,23
21789,21789,23,40
21790,21790,23,57
21791,21791,23,15
21792,21792,23,31
21793,21793,24,64
21794,21794,24,50
21795,21795,24,13
21796,21796,24,29
21797,21797,25,30
21798,21798,25,22
21799,21799,25,14
21800,21800,25,57
21801,21801,26,35
21802,21802,26,20
21803,21803,26,25
21804,21804,26,39
21805,21805,27,66
21806,21806,27,25
21807,21807,27,19
21808,21808,27,37
21809,21809,28,42
21810,21810,28,24
21811,21811,28,26
21812,21812,28,37
21813,21813,29,27
21814,21814,29,30
21815,21815,29,22
21816,21816,29,37
21817,21817,30,60
21818,21818,30,55
21819,21819,30,28
21820,21820,30,35
21821,21821,31,22
21822,21822,31,53
21823,21823,31,51
21824,21824,31,33
21825,21825,32,39
21826,21826,32,30
21827,21827,32,15
21828,21828,32,51
21829,21829,33,71
21830,21830,33,35
21831,21831,33,25
21832,21832,33,24
21833,21833,34,30
21834,21834,34,37
21835,21835,34,12
21836,21836,34,49
21837,21837,35,46
21838,21838,35,22
21839,21839,35,19
21840,21840,35,40
21841,21841,1,36
21842,21842,1,26
21843,21843,1,25
21844,21844,1,42
21845,21845,2,31
21846,21846,2,25
21847,21847,2,70
21848,21848,2,55
21849,21849,3,32
21850,21850,3,44
21851,21851,3,56
21852,21852,3,57
21853,21853,4,57
21854,21854,4,17
21855,21855,4,32
21856,21856,4,66
21857,21857,5,29
21858,21858,5,32
21859,21859,5,34
21860,21860,5,54
21861,21861,6,49
21862,21862,6,32
21863,21863,6,28
21864,21864,6,70
21865,21865,7,49
21866,21866,7,8
21867,21867,7,43
21868,21868,7,51
21869,21869,8,71
21870,21870,8,42
21871,21871,8,19
21872,21872,8,24
21873,21873,9,69
21874,21874,9,24
21875,21875,9,43
21876,21876,9,39
21877,21877,10,46
21878,21878,10,28
21879,21879,10,53
21880,21880,10,55
21881,21881,11,45
21882,21882,11,34
21883,21883,11,60
21884,21884,11,48
21885,21885,12,32
21886,21886,12,16
21887,21887,12,19
21888,21888,12,62
21889,21889,13,75
21890,21890,13,76
21891,21891,13,30
21892,21892,13,53
21893,21893,14,35
21894,21894,14,29
21895,21895,14,31
21896,21896,14,18
21897,21897,15,86
21898,21898,15,37
21899,21899,15,40
21900,21900,15,46
21901,21901,16,46
21902,21902,16,38
21903,21903,16,51
21904,21904,16,46
21905,21905,17,31
21906,21906,17,22
21907,21907,17,23
21908,21908,17,22
21909,21909,18,77
21910,21910,18,27
21911,21911,18,17
21912,21912,18,40
21913,21913,19,105
21914,21914,19,42
21915,21915,19,33
21916,21916,19,27
21917,21917,20,42
21918,21918,20,18
21919,21919,20,50
21920,21920,20,24
21921,21921,21,42
21922,21922,21,33
21923,21923,21,22
21924,21924,21,34
21925,21925,22,78
21926,21926,22,26
21927,21927,22,29
21928,21928,22,36
21929,21929,23,45
21930,21930,23,50
21931,21931,23,22
21932,21932,23,45
21933,21933,24,16
21934,21934,24,13
21935,21935,24,21
21936,21936,24,40
21937,21937,25,57
21938,21938,25,53
21939,21939,25,32
21940,21940,25,50
21941,21941,26,55
21942,21942,26,35
21943,21943,26,27
21944,21944,26,35
21945,21945,27,51
21946,21946,27,55
21947,21947,27,11
21948,21948,27,39
21949,21949,28,58
21950,21950,28,10
21951,21951,28,29
21952,21952,28,58
21953,21953,29,45
21954,21954,29,41
21955,21955,29,14
21956,21956,29,93
21957,21957,30,97
21958,21958,30,63
21959,21959,30,30
21960,21960,30,50
21961,21961,31,37
21962,21962,31,38
21963,21963,31,22
21964,21964,31,68
21965,21965,32,44
21966,21966,32,17
21967,21967,32,15
21968,21968,32,44
21969,21969,33,40
21970,21970,33,51
21971,21971,33,22
21972,21972,33,50
21973,21973,34,32
21974,21974,34,37
21975,21975,34,33
21976,21976,34,44
21977,21977,35,59
21978,21978,35,21
21979,21979,35,20
21980,21980,35,35
21981,21981,1,63
21982,21982,1,25
21983,21983,1,27
21984,21984,1,35
21985,21985,2,37
21986,21986,2,61
21987,21987,2,54
21988,21988,2,66
21989,21989,3,108
21990,21990,3,37
21991,21991,3,23
21992,21992,3,34
21993,21993,4,72
21994,21994,4,53
21995,21995,4,52
21996,21996,4,63
21997,21997,5,89
21998,21998,5,27
21999,21999,5,48
22000,22000,5,49
22001,22001,6,93
22002,22002,6,34
22003,22003,6,20
22004,22004,6,77
22005,22005,7,43
22006,22006,7,51
22007,22007,7,43
22008,22008,7,47
22009,22009,8,22
22010,22010,8,50
22011,22011,8,27
22012,22012,8,39
22013,22013,9,94
22014,22014,9,43
22015,22015,9,25
22016,22016,9,56
22017,22017,10,38
22018,22018,10,60
22019,22019,10,40
22020,22020,10,60
22021,22021,11,69
22022,22022,11,76
22023,22023,11,49
22024,22024,11,39
22025,22025,12,44
22026,22026,12,28
22027,22027,12,47
22028,22028,12,88
22029,22029,13,56
22030,22030,13,29
22031,22031,13,52
22032,22032,13,99
22033,22033,14,95
22034,22034,14,25
22035,22035,14,24
22036,22036,14,40
22037,22037,15,51
22038,22038,15,43
22039,22039,15,41
22040,22040,15,45
22041,22041,16,40
22042,22042,16,30
22043,22043,16,37
22044,22044,16,56
22045,22045,17,41
22046,22046,17,60
22047,22047,17,57
22048,22048,17,87
22049,22049,18,56
22050,22050,18,25
22051,22051,18,28
22052,22052,18,56
22053,22053,19,54
22054,22054,19,92
22055,22055,19,48
22056,22056,19,70
22057,22057,20,106
22058,22058,20,32
22059,22059,20,66
22060,22060,20,69
22061,22061,21,85
22062,22062,21,24
22063,22063,21,66
22064,22064,21,38
22065,22065,22,55
22066,22066,22,54
22067,22067,22,20
22068,22068,22,63
22069,22069,23,60
22070,22070,23,27
22071,22071,23,38
22072,22072,23,37
22073,22073,24,95
22074,22074,24,64
22075,22075,24,49
22076,22076,24,53
22077,22077,25,89
22078,22078,25,23
22079,22079,25,26
22080,22080,25,37
22081,22081,26,62
22082,22082,26,40
22083,22083,26,36
22084,22084,26,41
22085,22085,27,54
22086,22086,27,65
22087,22087,27,15
22088,22088,27,47
22089,22089,28,22
22090,22090,28,30
22091,22091,28,18
22092,22092,28,73
22093,22093,29,88
22094,22094,29,66
22095,22095,29,26
22096,22096,29,23
22097,22097,30,67
22098,22098,30,35
22099,22099,30,24
22100,22100,30,59
22101,22101,31,38
22102,22102,31,52
22103,22103,31,49
22104,22104,31,10
22105,22105,32,60
22106,22106,32,25
22107,22107,32,43
22108,22108,32,29
22109,22109,33,61
22110,22110,33,15
22111,22111,33,27
22112,22112,33,34
22113,22113,34,37
22114,22114,34,36
22115,22115,34,39
22116,22116,34,38
22117,22117,35,39
22118,22118,35,52
22119,22119,35,28
22120,22120,35,58
22121,22121,1,57
22122,22122,1,13
22123,22123,1,42
22124,22124,1,49
22125,22125,2,114
22126,22126,2,125
22127,22127,2,19
22128,22128,2,75
22129,22129,3,61
22130,22130,3,79
22131,22131,3,67
22132,22132,3,83
22133,22133,4,116
22134,22134,4,65
22135,22135,4,42
22136,22136,4,107
22137,22137,5,70
22138,22138,5,33
22139,22139,5,11
22140,22140,5,112
22141,22141,6,169
22142,22142,6,57
22143,22143,6,43
22144,22144,6,76
22145,22145,7,61
22146,22146,7,99
22147,22147,7,72
22148,22148,7,100
22149,22149,8,77
22150,22150,8,59
22151,22151,8,30
22152,22152,8,37
22153,22153,9,75
22154,22154,9,41
22155,22155,9,59
22156,22156,9,50
22157,22157,10,91
22158,22158,10,55
22159,22159,10,82
22160,22160,10,135
22161,22161,11,82
22162,22162,11,19
22163,22163,11,50
22164,22164,11,49
22165,22165,12,63
22166,22166,12,37
22167,22167,12,63
22168,22168,12,53
22169,22169,13,50
22170,22170,13,37
22171,22171,13,48
22172,22172,13,73
22173,22173,14,58
22174,22174,14,70
22175,22175,14,72
22176,22176,14,73
22177,22177,15,136
22178,22178,15,50
22179,22179,15,57
22180,22180,15,99
22181,22181,16,57
22182,22182,16,87
22183,22183,16,48
22184,22184,16,66
22185,22185,17,117
22186,22186,17,68
22187,22187,17,40
22188,22188,17,36
22189,22189,18,93
22190,22190,18,46
22191,22191,18,33
22192,22192,18,110
22193,22193,19,82
22194,22194,19,42
22195,22195,19,35
22196,22196,19,36
22197,22197,20,54
22198,22198,20,49
22199,22199,20,45
22200,22200,20,72
22201,22201,21,55
22202,22202,21,62
22203,22203,21,58
22204,22204,21,76
22205,22205,22,110
22206,22206,22,51
22207,22207,22,23
22208,22208,22,89
22209,22209,23,49
22210,22210,23,56
22211,22211,23,106
22212,22212,23,79
22213,22213,24,85
22214,22214,24,76
22215,22215,24,53
22216,22216,24,83
22217,22217,25,146
22218,22218,25,77
22219,22219,25,37
22220,22220,25,31
22221,22221,26,72
22222,22222,26,76
22223,22223,26,46
22224,22224,26,71
22225,22225,27,81
22226,22226,27,93
22227,22227,27,66
22228,22228,27,50
22229,22229,28,42
22230,22230,28,36
22231,22231,28,30
22232,22232,28,49
22233,22233,29,62
22234,22234,29,51
22235,22235,29,20
22236,22236,29,59
22237,22237,30,50
22238,22238,30,24
22239,22239,30,69
22240,22240,30,60
22241,22241,31,89
22242,22242,31,48
22243,22243,31,65
22244,22244,31,100
22245,22245,32,33
22246,22246,32,70
22247,22247,32,56
22248,22248,32,107
22249,22249,33,118
22250,22250,33,50
22251,22251,33,31
22252,22252,33,68
22253,22253,34,46
22254,22254,34,37
22255,22255,34,23
22256,22256,34,80
22257,22257,35,104
22258,22258,35,23
22259,22259,35,76
22260,22260,35,37
22261,22261,1,34
22262,22262,1,52
22263,22263,1,38
22264,22264,1,43
22265,22265,2,100
22266,22266,2,44
22267,22267,2,32
22268,22268,2,87
22269,22269,3,41
22270,22270,3,93
22271,22271,3,52
22272,22272,3,45
22273,22273,4,61
22274,22274,4,65
22275,22275,4,39
22276,22276,4,41
22277,22277,5,103
22278,22278,5,74
22279,22279,5,42
22280,22280,5,70
22281,22281,6,107
22282,22282,6,46
22283,22283,6,61
22284,22284,6,106
22285,22285,7,74
22286,22286,7,31
22287,22287,7,66
22288,22288,7,39
22289,22289,8,65
22290,22290,8,78
22291,22291,8,50
22292,22292,8,84
22293,22293,9,67
22294,22294,9,57
22295,22295,9,36
22296,22296,9,83
22297,22297,10,75
22298,22298,10,77
22299,22299,10,55
22300,22300,10,75
22301,22301,11,85
22302,22302,11,85
22303,22303,11,31
22304,22304,11,98
22305,22305,12,116
22306,22306,12,53
22307,22307,12,48
22308,22308,12,52
22309,22309,13,53
22310,22310,13,50
22311,22311,13,44
22312,22312,13,47
22313,22313,14,125
22314,22314,14,80
22315,22315,14,42
22316,22316,14,52
22317,22317,15,54
22318,22318,15,54
22319,22319,15,49
22320,22320,15,52
22321,22321,16,61
22322,22322,16,43
22323,22323,16,26
22324,22324,16,76
22325,22325,17,125
22326,22326,17,50
22327,22327,17,36
22328,22328,17,39
22329,22329,18,53
22330,22330,18,19
22331,22331,18,38
22332,22332,18,88
22333,22333,19,76
22334,22334,19,57
22335,22335,19,33
22336,22336,19,69
22337,22337,20,73
22338,22338,20,49
22339,22339,20,70
22340,22340,20,64
22341,22341,21,136
22342,22342,21,58
22343,22343,21,52
22344,22344,21,53
22345,22345,22,81
22346,22346,22,49
22347,22347,22,43
22348,22348,22,101
22349,22349,23,64
22350,22350,23,35
22351,22351,23,74
22352,22352,23,47
22353,22353,24,76
22354,22354,24,64
22355,22355,24,54
22356,22356,24,51
22357,22357,25,44
22358,22358,25,51
22359,22359,25,81
22360,22360,25,59
22361,22361,26,72
22362,22362,26,38
22363,22363,26,26
22364,22364,26,53
22365,22365,27,43
22366,22366,27,83
22367,22367,27,20
22368,22368,27,47
22369,22369,28,124
22370,22370,28,109
22371,22371,28,48
22372,22372,28,118
22373,22373,29,94
22374,22374,29,43
22375,22375,29,35
22376,22376,29,111
22377,22377,30,97
22378,22378,30,19
22379,22379,30,64
22380,22380,30,58
22381,22381,31,57
22382,22382,31,47
22383,22383,31,68
22384,22384,31,44
22385,22385,32,74
22386,22386,32,79
22387,22387,32,29
22388,22388,32,81
22389,22389,33,80
22390,22390,33,54
22391,22391,33,70
22392,22392,33,66
22393,22393,34,76
22394,22394,34,29
22395,22395,34,12
22396,22396,34,30
22397,22397,35,42
22398,22398,35,47
22399,22399,35,34
22400,22400,35,89
22401,22401,1,31
22402,22402,1,38
22403,22403,1,15
22404,22404,1,49
22405,22405,2,40
22406,22406,2,14
22407,22407,2,19
22408,22408,2,45
22409,22409,3,41
22410,22410,3,36
22411,22411,3,26
22412,22412,3,44
22413,22413,4,49
22414,22414,4,34
22415,22415,4,12
22416,22416,4,21
22417,22417,5,46
22418,22418,5,47
22419,22419,5,27
22420,22420,5,31
22421,22421,6,31
22422,22422,6,19
22423,22423,6,22
22424,22424,6,24
22425,22425,7,37
22426,22426,7,29
22427,22427,7,31
22428,22428,7,22
22429,22429,8,50
22430,22430,8,15
22431,22431,8,13
22432,22432,8,19
22433,22433,9,34
22434,22434,9,26
22435,22435,9,34
22436,22436,9,21
22437,22437,10,53
22438,22438,10,43
22439,22439,10,24
22440,22440,10,40
22441,22441,11,34
22442,22442,11,21
22443,22443,11,21
22444,22444,11,35
22445,22445,12,42
22446,22446,12,44
22447,22447,12,10
22448,22448,12,18
22449,22449,13,31
22450,22450,13,33
22451,22451,13,22
22452,22452,13,32
22453,22453,14,24
22454,22454,14,22
22455,22455,14,9
22456,22456,14,26
22457,22457,15,50
22458,22458,15,22
22459,22459,15,18
22460,22460,15,17
22461,22461,16,26
22462,22462,16,23
22463,22463,16,25
22464,22464,16,26
22465,22465,17,28
22466,22466,17,26
22467,22467,17,12
22468,22468,17,32
22469,22469,18,32
22470,22470,18,33
22471,22471,18,23
22472,22472,18,25
22473,22473,19,31
22474,22474,19,32
22475,22475,19,29
22476,22476,19,24
22477,22477,20,55
22478,22478,20,26
22479,22479,20,22
22480,22480,20,27
22481,22481,21,68
22482,22482,21,34
22483,22483,21,14
22484,22484,21,18
22485,22485,22,56
22486,22486,22,38
22487,22487,22,13
22488,22488,22,22
22489,22489,23,17
22490,22490,23,42
22491,22491,23,36
22492,22492,23,58
22493,22493,24,48
22494,22494,24,17
22495,22495,24,10
22496,22496,24,44
22497,22497,25,34
22498,22498,25,20
22499,22499,25,8
22500,22500,25,15
22501,22501,26,34
22502,22502,26,41
22503,22503,26,30
22504,22504,26,58
22505,22505,27,42
22506,22506,27,18
22507,22507,27,28
22508,22508,27,32
22509,22509,28,39
22510,22510,28,21
22511,22511,28,16
22512,22512,28,63
22513,22513,29,41
22514,22514,29,23
22515,22515,29,30
22516,22516,29,24
22517,22517,30,23
22518,22518,30,35
22519,22519,30,12
22520,22520,30,11
22521,22521,31,43
22522,22522,31,45
22523,22523,31,20
22524,22524,31,19
22525,22525,32,16
22526,22526,32,40
22527,22527,32,20
22528,22528,32,21
22529,22529,33,37
22530,22530,33,46
22531,22531,33,13
22532,22532,33,24
22533,22533,34,34
22534,22534,34,25
22535,22535,34,29
22536,22536,34,33
22537,22537,35,44
22538,22538,35,24
22539,22539,35,8
22540,22540,35,52
22541,22541,1,32
22542,22542,1,46
22543,22543,1,29
22544,22544,1,18
22545,22545,2,52
22546,22546,2,18
22547,22547,2,11
22548,22548,2,43
22549,22549,3,32
22550,22550,3,23
22551,22551,3,38
22552,22552,3,16
22553,22553,4,64
22554,22554,4,34
22555,22555,4,23
22556,22556,4,23
22557,22557,5,58
22558,22558,5,12
22559,22559,5,39
22560,22560,5,24
22561,22561,6,46
22562,22562,6,20
22563,22563,6,50
22564,22564,6,24
22565,22565,7,19
22566,22566,7,25
22567,22567,7,39
22568,22568,7,24
22569,22569,8,39
22570,22570,8,29
22571,22571,8,44
22572,22572,8,12
22573,22573,9,22
22574,22574,9,39
22575,22575,9,24
22576,22576,9,35
22577,22577,10,18
22578,22578,10,25
22579,22579,10,25
22580,22580,10,28
22581,22581,11,47
22582,22582,11,21
22583,22583,11,14
22584,22584,11,46
22585,22585,12,39
22586,22586,12,22
22587,22587,12,18
22588,22588,12,38
22589,22589,13,23
22590,22590,13,43
22591,22591,13,23
22592,22592,13,24
22593,22593,14,38
22594,22594,14,11
22595,22595,14,25
22596,22596,14,23
22597,22597,15,40
22598,22598,15,25
22599,22599,15,24
22600,22600,15,33
22601,22601,16,33
22602,22602,16,24
22603,22603,16,22
22604,22604,16,58
22605,22605,17,35
22606,22606,17,15
22607,22607,17,20
22608,22608,17,16
22609,22609,18,61
22610,22610,18,27
22611,22611,18,38
22612,22612,18,44
22613,22613,19,52
22614,22614,19,20
22615,22615,19,28
22616,22616,19,52
22617,22617,20,51
22618,22618,20,17
22619,22619,20,11
22620,22620,20,29
22621,22621,21,25
22622,22622,21,17
22623,22623,21,17
22624,22624,21,19
22625,22625,22,27
22626,22626,22,29
22627,22627,22,33
22628,22628,22,15
22629,22629,23,40
22630,22630,23,37
22631,22631,23,32
22632,22632,23,20
22633,22633,24,51
22634,22634,24,21
22635,22635,24,11
22636,22636,24,22
22637,22637,25,46
22638,22638,25,53
22639,22639,25,36
22640,22640,25,41
22641,22641,26,62
22642,22642,26,29
22643,22643,26,36
22644,22644,26,40
22645,22645,27,34
22646,22646,27,40
22647,22647,27,31
22648,22648,27,20
22649,22649,28,25
22650,22650,28,45
22651,22651,28,26
22652,22652,28,32
22653,22653,29,42
22654,22654,29,21
22655,22655,29,17
22656,22656,29,31
22657,22657,30,75
22658,22658,30,10
22659,22659,30,11
22660,22660,30,29
22661,22661,31,30
22662,22662,31,35
22663,22663,31,20
22664,22664,31,45
22665,22665,32,34
22666,22666,32,30
22667,22667,32,10
22668,22668,32,24
22669,22669,33,68
22670,22670,33,30
22671,22671,33,13
22672,22672,33,27
22673,22673,34,37
22674,22674,34,19
22675,22675,34,31
22676,22676,34,48
22677,22677,35,29
22678,22678,35,20
22679,22679,35,20
22680,22680,35,53
22681,22681,1,50
22682,22682,1,29
22683,22683,1,14
22684,22684,1,14
22685,22685,2,51
22686,22686,2,8
22687,22687,2,24
22688,22688,2,47
22689,22689,3,48
22690,22690,3,23
22691,22691,3,38
22692,22692,3,26
22693,22693,4,29
22694,22694,4,28
22695,22695,4,10
22696,22696,4,24
22697,22697,5,44
22698,22698,5,23
22699,22699,5,33
22700,22700,5,45
22701,22701,6,44
22702,22702,6,30
22703,22703,6,16
22704,22704,6,19
22705,22705,7,47
22706,22706,7,32
22707,22707,7,21
22708,22708,7,41
22709,22709,8,24
22710,22710,8,11
22711,22711,8,13
22712,22712,8,21
22713,22713,9,26
22714,22714,9,40
22715,22715,9,26
22716,22716,9,10
22717,22717,10,65
22718,22718,10,13
22719,22719,10,18
22720,22720,10,28
22721,22721,11,28
22722,22722,11,39
22723,22723,11,14
22724,22724,11,15
22725,22725,12,64
22726,22726,12,30
22727,22727,12,14
22728,22728,12,70
22729,22729,13,51
22730,22730,13,12
22731,22731,13,38
22732,22732,13,84
22733,22733,14,62
22734,22734,14,21
22735,22735,14,16
22736,22736,14,55
22737,22737,15,82
22738,22738,15,28
22739,22739,15,24
22740,22740,15,57
22741,22741,16,62
22742,22742,16,48
22743,22743,16,25
22744,22744,16,44
22745,22745,17,76
22746,22746,17,22
22747,22747,17,20
22748,22748,17,29
22749,22749,18,41
22750,22750,18,23
22751,22751,18,18
22752,22752,18,26
22753,22753,19,54
22754,22754,19,31
22755,22755,19,42
22756,22756,19,63
22757,22757,20,39
22758,22758,20,25
22759,22759,20,36
22760,22760,20,24
22761,22761,21,70
22762,22762,21,38
22763,22763,21,26
22764,22764,21,20
22765,22765,22,22
22766,22766,22,25
22767,22767,22,14
22768,22768,22,19
22769,22769,23,38
22770,22770,23,46
22771,22771,23,18
22772,22772,23,37
22773,22773,24,51
22774,22774,24,49
22775,22775,24,14
22776,22776,24,36
22777,22777,25,47
22778,22778,25,51
22779,22779,25,29
22780,22780,25,20
22781,22781,26,66
22782,22782,26,39
22783,22783,26,19
22784,22784,26,38
22785,22785,27,39
22786,22786,27,32
22787,22787,27,43
22788,22788,27,49
22789,22789,28,62
22790,22790,28,30
22791,22791,28,32
22792,22792,28,44
22793,22793,29,47
22794,22794,29,20
22795,22795,29,17
22796,22796,29,19
22797,22797,30,51
22798,22798,30,33
22799,22799,30,47
22800,22800,30,44
22801,22801,31,51
22802,22802,31,13
22803,22803,31,35
22804,22804,31,26
22805,22805,32,71
22806,22806,32,28
22807,22807,32,32
22808,22808,32,38
22809,22809,33,40
22810,22810,33,44
22811,22811,33,21
22812,22812,33,29
22813,22813,34,48
22814,22814,34,24
22815,22815,34,21
22816,22816,34,22
22817,22817,35,16
22818,22818,35,25
22819,22819,35,31
22820,22820,35,52
22821,22821,1,33
22822,22822,1,50
22823,22823,1,25
22824,22824,1,65
22825,22825,2,49
22826,22826,2,40
22827,22827,2,40
22828,22828,2,65
22829,22829,3,40
22830,22830,3,52
22831,22831,3,18
22832,22832,3,44
22833,22833,4,56
22834,22834,4,27
22835,22835,4,22
22836,22836,4,53
22837,22837,5,32
22838,22838,5,46
22839,22839,5,56
22840,22840,5,50
22841,22841,6,89
22842,22842,6,27
22843,22843,6,57
22844,22844,6,97
22845,22845,7,44
22846,22846,7,68
22847,22847,7,51
22848,22848,7,61
22849,22849,8,55
22850,22850,8,49
22851,22851,8,33
22852,22852,8,59
22853,22853,9,45
22854,22854,9,36
22855,22855,9,34
22856,22856,9,62
22857,22857,10,77
22858,22858,10,30
22859,22859,10,23
22860,22860,10,31
22861,22861,11,48
22862,22862,11,48
22863,22863,11,49
22864,22864,11,76
22865,22865,12,62
22866,22866,12,56
22867,22867,12,23
22868,22868,12,32
22869,22869,13,33
22870,22870,13,20
22871,22871,13,12
22872,22872,13,65
22873,22873,14,35
22874,22874,14,36
22875,22875,14,24
22876,22876,14,61
22877,22877,15,62
22878,22878,15,58
22879,22879,15,17
22880,22880,15,52
22881,22881,16,22
22882,22882,16,44
22883,22883,16,24
22884,22884,16,60
22885,22885,17,37
22886,22886,17,24
22887,22887,17,28
22888,22888,17,45
22889,22889,18,32
22890,22890,18,53
22891,22891,18,29
22892,22892,18,63
22893,22893,19,32
22894,22894,19,56
22895,22895,19,17
22896,22896,19,62
22897,22897,20,70
22898,22898,20,52
22899,22899,20,44
22900,22900,20,53
22901,22901,21,54
22902,22902,21,18
22903,22903,21,42
22904,22904,21,68
22905,22905,22,27
22906,22906,22,49
22907,22907,22,36
22908,22908,22,34
22909,22909,23,57
22910,22910,23,12
22911,22911,23,37
22912,22912,23,46
22913,22913,24,74
22914,22914,24,21
22915,22915,24,7
22916,22916,24,23
22917,22917,25,82
22918,22918,25,51
22919,22919,25,36
22920,22920,25,58
22921,22921,26,47
22922,22922,26,43
22923,22923,26,27
22924,22924,26,45
22925,22925,27,49
22926,22926,27,80
22927,22927,27,35
22928,22928,27,50
22929,22929,28,35
22930,22930,28,32
22931,22931,28,39
22932,22932,28,43
22933,22933,29,65
22934,22934,29,50
22935,22935,29,32
22936,22936,29,51
22937,22937,30,68
22938,22938,30,78
22939,22939,30,35
22940,22940,30,43
22941,22941,31,47
22942,22942,31,48
22943,22943,31,36
22944,22944,31,34
22945,22945,32,39
22946,22946,32,59
22947,22947,32,31
22948,22948,32,31
22949,22949,33,57
22950,22950,33,39
22951,22951,33,28
22952,22952,33,43
22953,22953,34,45
22954,22954,34,49
22955,22955,34,29
22956,22956,34,39
22957,22957,35,31
22958,22958,35,67
22959,22959,35,26
22960,22960,35,56
22961,22961,1,80
22962,22962,1,46
22963,22963,1,16
22964,22964,1,35
22965,22965,2,94
22966,22966,2,27
22967,22967,2,35
22968,22968,2,50
22969,22969,3,88
22970,22970,3,31
22971,22971,3,20
22972,22972,3,28
22973,22973,4,89
22974,22974,4,23
22975,22975,4,41
22976,22976,4,26
22977,22977,5,72
22978,22978,5,70
22979,22979,5,43
22980,22980,5,12
22981,22981,6,54
22982,22982,6,38
22983,22983,6,20
22984,22984,6,75
22985,22985,7,87
22986,22986,7,34
22987,22987,7,21
22988,22988,7,36
22989,22989,8,68
22990,22990,8,61
22991,22991,8,38
22992,22992,8,60
22993,22993,9,56
22994,22994,9,78
22995,22995,9,46
22996,22996,9,49
22997,22997,10,111
22998,22998,10,37
22999,22999,10,13
23000,23000,10,29
23001,23001,11,41
23002,23002,11,41
23003,23003,11,35
23004,23004,11,75
23005,23005,12,45
23006,23006,12,8
23007,23007,12,33
23008,23008,12,34
23009,23009,13,47
23010,23010,13,41
23011,23011,13,34
23012,23012,13,49
23013,23013,14,76
23014,23014,14,45
23015,23015,14,57
23016,23016,14,26
23017,23017,15,78
23018,23018,15,42
23019,23019,15,43
23020,23020,15,52
23021,23021,16,67
23022,23022,16,37
23023,23023,16,43
23024,23024,16,66
23025,23025,17,79
23026,23026,17,58
23027,23027,17,28
23028,23028,17,67
23029,23029,18,46
23030,23030,18,59
23031,23031,18,34
23032,23032,18,42
23033,23033,19,52
23034,23034,19,74
23035,23035,19,28
23036,23036,19,57
23037,23037,20,47
23038,23038,20,13
23039,23039,20,41
23040,23040,20,49
23041,23041,21,47
23042,23042,21,28
23043,23043,21,45
23044,23044,21,79
23045,23045,22,66
23046,23046,22,80
23047,23047,22,10
23048,23048,22,57
23049,23049,23,84
23050,23050,23,49
23051,23051,23,34
23052,23052,23,49
23053,23053,24,17
23054,23054,24,55
23055,23055,24,53
23056,23056,24,74
23057,23057,25,92
23058,23058,25,55
23059,23059,25,49
23060,23060,25,81
23061,23061,26,61
23062,23062,26,53
23063,23063,26,23
23064,23064,26,70
23065,23065,27,69
23066,23066,27,49
23067,23067,27,13
23068,23068,27,28
23069,23069,28,45
23070,23070,28,33
23071,23071,28,32
23072,23072,28,74
23073,23073,29,18
23074,23074,29,38
23075,23075,29,31
23076,23076,29,79
23077,23077,30,63
23078,23078,30,82
23079,23079,30,23
23080,23080,30,46
23081,23081,31,59
23082,23082,31,81
23083,23083,31,26
23084,23084,31,29
23085,23085,32,61
23086,23086,32,96
23087,23087,32,23
23088,23088,32,71
23089,23089,33,26
23090,23090,33,14
23091,23091,33,25
23092,23092,33,61
23093,23093,34,88
23094,23094,34,52
23095,23095,34,62
23096,23096,34,58
23097,23097,35,24
23098,23098,35,36
23099,23099,35,62
23100,23100,35,72
23101,23101,1,157
23102,23102,1,77
23103,23103,1,25
23104,23104,1,95
23105,23105,2,86
23106,23106,2,44
23107,23107,2,85
23108,23108,2,72
23109,23109,3,35
23110,23110,3,37
23111,23111,3,34
23112,23112,3,49
23113,23113,4,91
23114,23114,4,43
23115,23115,4,30
23116,23116,4,39
23117,23117,5,71
23118,23118,5,55
23119,23119,5,66
23120,23120,5,65
23121,23121,6,109
23122,23122,6,46
23123,23123,6,59
23124,23124,6,112
23125,23125,7,73
23126,23126,7,35
23127,23127,7,25
23128,23128,7,65
23129,23129,8,79
23130,23130,8,58
23131,23131,8,72
23132,23132,8,93
23133,23133,9,157
23134,23134,9,67
23135,23135,9,73
23136,23136,9,52
23137,23137,10,118
23138,23138,10,67
23139,23139,10,62
23140,23140,10,68
23141,23141,11,73
23142,23142,11,48
23143,23143,11,21
23144,23144,11,85
23145,23145,12,74
23146,23146,12,39
23147,23147,12,30
23148,23148,12,86
23149,23149,13,168
23150,23150,13,44
23151,23151,13,50
23152,23152,13,61
23153,23153,14,66
23154,23154,14,88
23155,23155,14,53
23156,23156,14,69
23157,23157,15,71
23158,23158,15,58
23159,23159,15,30
23160,23160,15,66
23161,23161,16,106
23162,23162,16,44
23163,23163,16,59
23164,23164,16,58
23165,23165,17,77
23166,23166,17,61
23167,23167,17,33
23168,23168,17,117
23169,23169,18,73
23170,23170,18,28
23171,23171,18,76
23172,23172,18,35
23173,23173,19,82
23174,23174,19,26
23175,23175,19,52
23176,23176,19,43
23177,23177,20,75
23178,23178,20,40
23179,23179,20,89
23180,23180,20,70
23181,23181,21,74
23182,23182,21,64
23183,23183,21,51
23184,23184,21,87
23185,23185,22,102
23186,23186,22,60
23187,23187,22,90
23188,23188,22,73
23189,23189,23,71
23190,23190,23,53
23191,23191,23,46
23192,23192,23,60
23193,23193,24,58
23194,23194,24,82
23195,23195,24,25
23196,23196,24,67
23197,23197,25,64
23198,23198,25,64
23199,23199,25,39
23200,23200,25,56
23201,23201,26,135
23202,23202,26,25
23203,23203,26,59
23204,23204,26,74
23205,23205,27,62
23206,23206,27,38
23207,23207,27,32
23208,23208,27,50
23209,23209,28,90
23210,23210,28,66
23211,23211,28,46
23212,23212,28,33
23213,23213,29,98
23214,23214,29,34
23215,23215,29,37
23216,23216,29,68
23217,23217,30,84
23218,23218,30,35
23219,23219,30,44
23220,23220,30,71
23221,23221,31,96
23222,23222,31,85
23223,23223,31,21
23224,23224,31,114
23225,23225,32,54
23226,23226,32,54
23227,23227,32,30
23228,23228,32,56
23229,23229,33,92
23230,23230,33,81
23231,23231,33,35
23232,23232,33,86
23233,23233,34,77
23234,23234,34,26
23235,23235,34,28
23236,23236,34,74
23237,23237,35,88
23238,23238,35,61
23239,23239,35,30
23240,23240,35,63
23241,23241,1,112
23242,23242,1,69
23243,23243,1,48
23244,23244,1,55
23245,23245,2,83
23246,23246,2,32
23247,23247,2,40
23248,23248,2,60
23249,23249,3,52
23250,23250,3,37
23251,23251,3,16
23252,23252,3,82
23253,23253,4,86
23254,23254,4,70
23255,23255,4,59
23256,23256,4,90
23257,23257,5,43
23258,23258,5,61
23259,23259,5,22
23260,23260,5,91
23261,23261,6,106
23262,23262,6,33
23263,23263,6,47
23264,23264,6,66
23265,23265,7,94
23266,23266,7,39
23267,23267,7,40
23268,23268,7,101
23269,23269,8,102
23270,23270,8,38
23271,23271,8,25
23272,23272,8,85
23273,23273,9,66
23274,23274,9,48
23275,23275,9,49
23276,23276,9,97
23277,23277,10,102
23278,23278,10,75
23279,23279,10,36
23280,23280,10,43
23281,23281,11,95
23282,23282,11,42
23283,23283,11,18
23284,23284,11,26
23285,23285,12,105
23286,23286,12,60
23287,23287,12,50
23288,23288,12,56
23289,23289,13,50
23290,23290,13,33
23291,23291,13,57
23292,23292,13,45
23293,23293,14,42
23294,23294,14,98
23295,23295,14,19
23296,23296,14,34
23297,23297,15,65
23298,23298,15,79
23299,23299,15,37
23300,23300,15,93
23301,23301,16,101
23302,23302,16,35
23303,23303,16,54
23304,23304,16,22
23305,23305,17,86
23306,23306,17,65
23307,23307,17,20
23308,23308,17,101
23309,23309,18,43
23310,23310,18,66
23311,23311,18,24
23312,23312,18,78
23313,23313,19,72
23314,23314,19,52
23315,23315,19,64
23316,23316,19,111
23317,23317,20,43
23318,23318,20,44
23319,23319,20,30
23320,23320,20,45
23321,23321,21,84
23322,23322,21,97
23323,23323,21,61
23324,23324,21,31
23325,23325,22,88
23326,23326,22,45
23327,23327,22,46
23328,23328,22,49
23329,23329,23,77
23330,23330,23,64
23331,23331,23,36
23332,23332,23,39
23333,23333,24,64
23334,23334,24,61
23335,23335,24,18
23336,23336,24,69
23337,23337,25,51
23338,23338,25,53
23339,23339,25,25
23340,23340,25,36
23341,23341,26,83
23342,23342,26,52
23343,23343,26,42
23344,23344,26,23
23345,23345,27,66
23346,23346,27,46
23347,23347,27,20
23348,23348,27,63
23349,23349,28,110
23350,23350,28,84
23351,23351,28,50
23352,23352,28,65
23353,23353,29,135
23354,23354,29,43
23355,23355,29,66
23356,23356,29,72
23357,23357,30,107
23358,23358,30,33
23359,23359,30,26
23360,23360,30,34
23361,23361,31,80
23362,23362,31,31
23363,23363,31,26
23364,23364,31,70
23365,23365,32,142
23366,23366,32,58
23367,23367,32,54
23368,23368,32,40
23369,23369,33,98
23370,23370,33,49
23371,23371,33,36
23372,23372,33,74
23373,23373,34,101
23374,23374,34,24
23375,23375,34,57
23376,23376,34,54
23377,23377,35,70
23378,23378,35,59
23379,23379,35,62
23380,23380,35,29
23381,23381,1,32
23382,23382,1,18
23383,23383,1,32
23384,23384,1,63
23385,23385,2,21
23386,23386,2,38
23387,23387,2,19
23388,23388,2,21
23389,23389,3,30
23390,23390,3,28
23391,23391,3,21
23392,23392,3,12
23393,23393,4,33
23394,23394,4,17
23395,23395,4,33
23396,23396,4,26
23397,23397,5,21
23398,23398,5,40
23399,23399,5,18
23400,23400,5,45
23401,23401,6,42
23402,23402,6,27
23403,23403,6,17
23404,23404,6,36
23405,23405,7,28
23406,23406,7,53
23407,23407,7,24
23408,23408,7,21
23409,23409,8,31
23410,23410,8,36
23411,23411,8,38
23412,23412,8,18
23413,23413,9,32
23414,23414,9,13
23415,23415,9,20
23416,23416,9,33
23417,23417,10,28
23418,23418,10,23
23419,23419,10,29
23420,23420,10,61
23421,23421,11,38
23422,23422,11,27
23423,23423,11,20
23424,23424,11,48
23425,23425,12,45
23426,23426,12,14
23427,23427,12,9
23428,23428,12,33
23429,23429,13,29
23430,23430,13,30
23431,23431,13,22
23432,23432,13,40
23433,23433,14,61
23434,23434,14,26
23435,23435,14,11
23436,23436,14,20
23437,23437,15,42
23438,23438,15,38
23439,23439,15,33
23440,23440,15,28
23441,23441,16,36
23442,23442,16,26
23443,23443,16,11
23444,23444,16,24
23445,23445,17,38
23446,23446,17,24
23447,23447,17,28
23448,23448,17,31
23449,23449,18,20
23450,23450,18,36
23451,23451,18,6
23452,23452,18,31
23453,23453,19,56
23454,23454,19,67
23455,23455,19,14
23456,23456,19,28
23457,23457,20,30
23458,23458,20,13
23459,23459,20,23
23460,23460,20,35
23461,23461,21,19
23462,23462,21,29
23463,23463,21,26
23464,23464,21,26
23465,23465,22,68
23466,23466,22,37
23467,23467,22,34
23468,23468,22,24
23469,23469,23,35
23470,23470,23,29
23471,23471,23,19
23472,23472,23,29
23473,23473,24,25
23474,23474,24,31
23475,23475,24,47
23476,23476,24,29
23477,23477,25,43
23478,23478,25,57
23479,23479,25,59
23480,23480,25,46
23481,23481,26,52
23482,23482,26,29
23483,23483,26,45
23484,23484,26,27
23485,23485,27,56
23486,23486,27,32
23487,23487,27,20
23488,23488,27,26
23489,23489,28,17
23490,23490,28,18
23491,23491,28,30
23492,23492,28,56
23493,23493,29,30
23494,23494,29,22
23495,23495,29,11
23496,23496,29,33
23497,23497,30,31
23498,23498,30,38
23499,23499,30,21
23500,23500,30,28
23501,23501,31,75
23502,23502,31,13
23503,23503,31,25
23504,23504,31,37
23505,23505,32,52
23506,23506,32,16
23507,23507,32,30
23508,23508,32,38
23509,23509,33,47
23510,23510,33,33
23511,23511,33,43
23512,23512,33,31
23513,23513,34,35
23514,23514,34,56
23515,23515,34,30
23516,23516,34,47
23517,23517,35,38
23518,23518,35,14
23519,23519,35,25
23520,23520,35,23
23521,23521,1,26
23522,23522,1,22
23523,23523,1,18
23524,23524,1,24
23525,23525,2,42
23526,23526,2,29
23527,23527,2,17
23528,23528,2,20
23529,23529,3,21
23530,23530,3,34
23531,23531,3,19
23532,23532,3,39
23533,23533,4,24
23534,23534,4,36
23535,23535,4,21
23536,23536,4,29
23537,23537,5,33
23538,23538,5,21
23539,23539,5,23
23540,23540,5,27
23541,23541,6,38
23542,23542,6,58
23543,23543,6,23
23544,23544,6,35
23545,23545,7,40
23546,23546,7,17
23547,23547,7,21
23548,23548,7,21
23549,23549,8,39
23550,23550,8,22
23551,23551,8,19
23552,23552,8,26
23553,23553,9,27
23554,23554,9,11
23555,23555,9,21
23556,23556,9,40
23557,23557,10,35
23558,23558,10,22
23559,23559,10,34
23560,23560,10,20
23561,23561,11,36
23562,23562,11,35
23563,23563,11,12
23564,23564,11,40
23565,23565,12,31
23566,23566,12,43
23567,23567,12,20
23568,23568,12,34
23569,23569,13,49
23570,23570,13,50
23571,23571,13,17
23572,23572,13,18
23573,23573,14,38
23574,23574,14,24
23575,23575,14,26
23576,23576,14,49
23577,23577,15,23
23578,23578,15,20
23579,23579,15,17
23580,23580,15,35
23581,23581,16,45
23582,23582,16,44
23583,23583,16,21
23584,23584,16,39
23585,23585,17,31
23586,23586,17,19
23587,23587,17,26
23588,23588,17,29
23589,23589,18,60
23590,23590,18,42
23591,23591,18,28
23592,23592,18,31
23593,23593,19,57
23594,23594,19,25
23595,23595,19,35
23596,23596,19,20
23597,23597,20,20
23598,23598,20,21
23599,23599,20,15
23600,23600,20,21
23601,23601,21,67
23602,23602,21,20
23603,23603,21,14
23604,23604,21,17
23605,23605,22,45
23606,23606,22,36
23607,23607,22,28
23608,23608,22,42
23609,23609,23,40
23610,23610,23,63
23611,23611,23,44
23612,23612,23,21
23613,23613,24,73
23614,23614,24,20
23615,23615,24,29
23616,23616,24,39
23617,23617,25,26
23618,23618,25,25
23619,23619,25,18
23620,23620,25,34
23621,23621,26,41
23622,23622,26,22
23623,23623,26,22
23624,23624,26,18
23625,23625,27,37
23626,23626,27,15
23627,23627,27,17
23628,23628,27,26
23629,23629,28,46
23630,23630,28,28
23631,23631,28,34
23632,23632,28,13
23633,23633,29,34
23634,23634,29,43
23635,23635,29,11
23636,23636,29,32
23637,23637,30,59
23638,23638,30,22
23639,23639,30,18
23640,23640,30,22
23641,23641,31,21
23642,23642,31,30
23643,23643,31,15
23644,23644,31,31
23645,23645,32,46
23646,23646,32,60
23647,23647,32,18
23648,23648,32,44
23649,23649,33,30
23650,23650,33,28
23651,23651,33,17
23652,23652,33,23
23653,23653,34,40
23654,23654,34,29
23655,23655,34,12
23656,23656,34,37
23657,23657,35,40
23658,23658,35,17
23659,23659,35,49
23660,23660,35,27
23661,23661,1,28
23662,23662,1,24
23663,23663,1,28
23664,23664,1,27
23665,23665,2,43
23666,23666,2,33
23667,23667,2,14
23668,23668,2,20
23669,23669,3,56
23670,23670,3,50
23671,23671,3,36
23672,23672,3,35
23673,23673,4,68
23674,23674,4,39
23675,23675,4,37
23676,23676,4,26
23677,23677,5,22
23678,23678,5,49
23679,23679,5,35
23680,23680,5,28
23681,23681,6,63
23682,23682,6,27
23683,23683,6,16
23684,23684,6,39
23685,23685,7,30
23686,23686,7,16
23687,23687,7,31
23688,23688,7,49
23689,23689,8,70
23690,23690,8,28
23691,23691,8,27
23692,23692,8,30
23693,23693,9,31
23694,23694,9,11
23695,23695,9,28
23696,23696,9,58
23697,23697,10,35
23698,23698,10,33
23699,23699,10,20
23700,23700,10,64
23701,23701,11,55
23702,23702,11,24
23703,23703,11,21
23704,23704,11,30
23705,23705,12,36
23706,23706,12,36
23707,23707,12,19
23708,23708,12,37
23709,23709,13,49
23710,23710,13,13
23711,23711,13,20
23712,23712,13,35
23713,23713,14,38
23714,23714,14,44
23715,23715,14,25
23716,23716,14,35
23717,23717,15,59
23718,23718,15,47
23719,23719,15,20
23720,23720,15,30
23721,23721,16,40
23722,23722,16,31
23723,23723,16,11
23724,23724,16,61
23725,23725,17,64
23726,23726,17,31
23727,23727,17,20
23728,23728,17,51
23729,23729,18,42
23730,23730,18,55
23731,23731,18,13
23732,23732,18,27
23733,23733,19,43
23734,23734,19,36
23735,23735,19,25
23736,23736,19,40
23737,23737,20,52
23738,23738,20,41
23739,23739,20,35
23740,23740,20,27
23741,23741,21,63
23742,23742,21,13
23743,23743,21,12
23744,23744,21,39
23745,23745,22,36
23746,23746,22,42
23747,23747,22,36
23748,23748,22,18
23749,23749,23,68
23750,23750,23,29
23751,23751,23,19
23752,23752,23,52
23753,23753,24,29
23754,23754,24,39
23755,23755,24,18
23756,23756,24,29
23757,23757,25,71
23758,23758,25,17
23759,23759,25,49
23760,23760,25,26
23761,23761,26,50
23762,23762,26,21
23763,23763,26,19
23764,23764,26,24
23765,23765,27,53
23766,23766,27,72
23767,23767,27,12
23768,23768,27,30
23769,23769,28,45
23770,23770,28,16
23771,23771,28,23
23772,23772,28,22
23773,23773,29,50
23774,23774,29,31
23775,23775,29,40
23776,23776,29,25
23777,23777,30,30
23778,23778,30,27
23779,23779,30,8
23780,23780,30,52
23781,23781,31,34
23782,23782,31,55
23783,23783,31,28
23784,23784,31,42
23785,23785,32,30
23786,23786,32,24
23787,23787,32,13
23788,23788,32,60
23789,23789,33,52
23790,23790,33,22
23791,23791,33,22
23792,23792,33,36
23793,23793,34,38
23794,23794,34,18
23795,23795,34,29
23796,23796,34,29
23797,23797,35,42
23798,23798,35,29
23799,23799,35,31
23800,23800,35,27
23801,23801,1,56
23802,23802,1,34
23803,23803,1,30
23804,23804,1,39
23805,23805,2,53
23806,23806,2,28
23807,23807,2,15
23808,23808,2,46
23809,23809,3,45
23810,23810,3,24
23811,23811,3,16
23812,23812,3,78
23813,23813,4,65
23814,23814,4,50
23815,23815,4,40
23816,23816,4,57
23817,23817,5,60
23818,23818,5,65
23819,23819,5,32
23820,23820,5,55
23821,23821,6,30
23822,23822,6,63
23823,23823,6,32
23824,23824,6,51
23825,23825,7,71
23826,23826,7,44
23827,23827,7,29
23828,23828,7,55
23829,23829,8,69
23830,23830,8,23
23831,23831,8,6
23832,23832,8,35
23833,23833,9,63
23834,23834,9,26
23835,23835,9,23
23836,23836,9,47
23837,23837,10,35
23838,23838,10,17
23839,23839,10,20
23840,23840,10,28
23841,23841,11,38
23842,23842,11,34
23843,23843,11,37
23844,23844,11,40
23845,23845,12,76
23846,23846,12,32
23847,23847,12,25
23848,23848,12,69
23849,23849,13,60
23850,23850,13,96
23851,23851,13,39
23852,23852,13,44
23853,23853,14,56
23854,23854,14,42
23855,23855,14,24
23856,23856,14,102
23857,23857,15,58
23858,23858,15,20
23859,23859,15,56
23860,23860,15,27
23861,23861,16,69
23862,23862,16,20
23863,23863,16,41
23864,23864,16,29
23865,23865,17,96
23866,23866,17,42
23867,23867,17,41
23868,23868,17,22
23869,23869,18,26
23870,23870,18,34
23871,23871,18,12
23872,23872,18,35
23873,23873,19,33
23874,23874,19,28
23875,23875,19,34
23876,23876,19,47
23877,23877,20,62
23878,23878,20,19
23879,23879,20,28
23880,23880,20,47
23881,23881,21,74
23882,23882,21,57
23883,23883,21,37
23884,23884,21,36
23885,23885,22,43
23886,23886,22,29
23887,23887,22,32
23888,23888,22,63
23889,23889,23,12
23890,23890,23,33
23891,23891,23,21
23892,23892,23,58
23893,23893,24,61
23894,23894,24,39
23895,23895,24,45
23896,23896,24,48
23897,23897,25,63
23898,23898,25,40
23899,23899,25,47
23900,23900,25,56
23901,23901,26,30
23902,23902,26,16
23903,23903,26,18
23904,23904,26,70
23905,23905,27,36
23906,23906,27,34
23907,23907,27,23
23908,23908,27,44
23909,23909,28,34
23910,23910,28,21
23911,23911,28,18
23912,23912,28,41
23913,23913,29,51
23914,23914,29,33
23915,23915,29,43
23916,23916,29,51
23917,23917,30,56
23918,23918,30,26
23919,23919,30,53
23920,23920,30,30
23921,23921,31,49
23922,23922,31,29
23923,23923,31,26
23924,23924,31,39
23925,23925,32,37
23926,23926,32,50
23927,23927,32,29
23928,23928,32,63
23929,23929,33,57
23930,23930,33,56
23931,23931,33,18
23932,23932,33,49
23933,23933,34,33
23934,23934,34,41
23935,23935,34,32
23936,23936,34,58
23937,23937,35,67
23938,23938,35,62
23939,23939,35,23
23940,23940,35,43
23941,23941,1,56
23942,23942,1,39
23943,23943,1,50
23944,23944,1,68
23945,23945,2,76
23946,23946,2,35
23947,23947,2,36
23948,23948,2,79
23949,23949,3,60
23950,23950,3,35
23951,23951,3,38
23952,23952,3,33
23953,23953,4,57
23954,23954,4,59
23955,23955,4,29
23956,23956,4,20
23957,23957,5,86
23958,23958,5,38
23959,23959,5,49
23960,23960,5,99
23961,23961,6,44
23962,23962,6,60
23963,23963,6,34
23964,23964,6,41
23965,23965,7,97
23966,23966,7,43
23967,23967,7,46
23968,23968,7,46
23969,23969,8,63
23970,23970,8,55
23971,23971,8,38
23972,23972,8,57
23973,23973,9,65
23974,23974,9,53
23975,23975,9,50
23976,23976,9,55
23977,23977,10,61
23978,23978,10,88
23979,23979,10,38
23980,23980,10,31
23981,23981,11,58
23982,23982,11,52
23983,23983,11,31
23984,23984,11,61
23985,23985,12,77
23986,23986,12,34
23987,23987,12,26
23988,23988,12,40
23989,23989,13,79
23990,23990,13,30
23991,23991,13,24
23992,23992,13,44
23993,23993,14,77
23994,23994,14,24
23995,23995,14,21
23996,23996,14,62
23997,23997,15,47
23998,23998,15,49
23999,23999,15,15
24000,24000,15,83
24001,24001,16,94
24002,24002,16,88
24003,24003,16,38
24004,24004,16,37
24005,24005,17,54
24006,24006,17,31
24007,24007,17,24
24008,24008,17,43
24009,24009,18,42
24010,24010,18,20
24011,24011,18,25
24012,24012,18,76
24013,24013,19,63
24014,24014,19,24
24015,24015,19,35
24016,24016,19,72
24017,24017,20,91
24018,24018,20,19
24019,24019,20,31
24020,24020,20,92
24021,24021,21,87
24022,24022,21,37
24023,24023,21,25
24024,24024,21,44
24025,24025,22,64
24026,24026,22,48
24027,24027,22,21
24028,24028,22,53
24029,24029,23,51
24030,24030,23,80
24031,24031,23,34
24032,24032,23,21
24033,24033,24,81
24034,24034,24,19
24035,24035,24,26
24036,24036,24,79
24037,24037,25,59
24038,24038,25,64
24039,24039,25,31
24040,24040,25,51
24041,24041,26,38
24042,24042,26,65
24043,24043,26,74
24044,24044,26,43
24045,24045,27,96
24046,24046,27,41
24047,24047,27,29
24048,24048,27,80
24049,24049,28,98
24050,24050,28,60
24051,24051,28,39
24052,24052,28,72
24053,24053,29,45
24054,24054,29,46
24055,24055,29,37
24056,24056,29,46
24057,24057,30,53
24058,24058,30,58
24059,24059,30,55
24060,24060,30,53
24061,24061,31,112
24062,24062,31,71
24063,24063,31,32
24064,24064,31,35
24065,24065,32,75
24066,24066,32,38
24067,24067,32,33
24068,24068,32,71
24069,24069,33,52
24070,24070,33,65
24071,24071,33,47
24072,24072,33,49
24073,24073,34,45
24074,24074,34,67
24075,24075,34,68
24076,24076,34,72
24077,24077,35,79
24078,24078,35,45
24079,24079,35,17
24080,24080,35,41
24081,24081,1,96
24082,24082,1,63
24083,24083,1,59
24084,24084,1,64
24085,24085,2,72
24086,24086,2,66
24087,24087,2,46
24088,24088,2,53
24089,24089,3,67
24090,24090,3,38
24091,24091,3,58
24092,24092,3,119
24093,24093,4,83
24094,24094,4,50
24095,24095,4,75
24096,24096,4,70
24097,24097,5,95
24098,24098,5,90
24099,24099,5,91
24100,24100,5,80
24101,24101,6,67
24102,24102,6,62
24103,24103,6,24
24104,24104,6,46
24105,24105,7,98
24106,24106,7,37
24107,24107,7,71
24108,24108,7,40
24109,24109,8,106
24110,24110,8,65
24111,24111,8,54
24112,24112,8,102
24113,24113,9,55
24114,24114,9,89
24115,24115,9,59
24116,24116,9,167
24117,24117,10,54
24118,24118,10,60
24119,24119,10,18
24120,24120,10,76
24121,24121,11,99
24122,24122,11,87
24123,24123,11,44
24124,24124,11,66
24125,24125,12,78
24126,24126,12,55
24127,24127,12,44
24128,24128,12,91
24129,24129,13,32
24130,24130,13,67
24131,24131,13,47
24132,24132,13,65
24133,24133,14,86
24134,24134,14,86
24135,24135,14,43
24136,24136,14,59
24137,24137,15,102
24138,24138,15,74
24139,24139,15,42
24140,24140,15,47
24141,24141,16,134
24142,24142,16,49
24143,24143,16,43
24144,24144,16,89
24145,24145,17,117
24146,24146,17,55
24147,24147,17,24
24148,24148,17,135
24149,24149,18,79
24150,24150,18,63
24151,24151,18,49
24152,24152,18,70
24153,24153,19,82
24154,24154,19,78
24155,24155,19,53
24156,24156,19,100
24157,24157,20,97
24158,24158,20,46
24159,24159,20,60
24160,24160,20,77
24161,24161,21,58
24162,24162,21,122
24163,24163,21,36
24164,24164,21,31
24165,24165,22,74
24166,24166,22,56
24167,24167,22,26
24168,24168,22,93
24169,24169,23,52
24170,24170,23,49
24171,24171,23,28
24172,24172,23,75
24173,24173,24,71
24174,24174,24,62
24175,24175,24,49
24176,24176,24,7
24177,24177,25,98
24178,24178,25,86
24179,24179,25,72
24180,24180,25,77
24181,24181,26,88
24182,24182,26,44
24183,24183,26,42
24184,24184,26,41
24185,24185,27,96
24186,24186,27,22
24187,24187,27,20
24188,24188,27,54
24189,24189,28,116
24190,24190,28,108
24191,24191,28,41
24192,24192,28,111
24193,24193,29,76
24194,24194,29,58
24195,24195,29,74
24196,24196,29,136
24197,24197,30,90
24198,24198,30,52
24199,24199,30,54
24200,24200,30,77
24201,24201,31,95
24202,24202,31,39
24203,24203,31,48
24204,24204,31,97
24205,24205,32,78
24206,24206,32,57
24207,24207,32,17
24208,24208,32,61
24209,24209,33,92
24210,24210,33,106
24211,24211,33,26
24212,24212,33,33
24213,24213,34,59
24214,24214,34,53
24215,24215,34,40
24216,24216,34,117
24217,24217,35,78
24218,24218,35,61
24219,24219,35,54
24220,24220,35,103
24221,24221,1,75
24222,24222,1,21
24223,24223,1,43
24224,24224,1,79
24225,24225,2,112
24226,24226,2,42
24227,24227,2,41
24228,24228,2,30
24229,24229,3,50
24230,24230,3,62
24231,24231,3,29
24232,24232,3,37
24233,24233,4,34
24234,24234,4,69
24235,24235,4,83
24236,24236,4,39
24237,24237,5,128
24238,24238,5,35
24239,24239,5,28
24240,24240,5,23
24241,24241,6,31
24242,24242,6,36
24243,24243,6,24
24244,24244,6,93
24245,24245,7,59
24246,24246,7,69
24247,24247,7,26
24248,24248,7,81
24249,24249,8,128
24250,24250,8,68
24251,24251,8,32
24252,24252,8,43
24253,24253,9,80
24254,24254,9,41
24255,24255,9,25
24256,24256,9,50
24257,24257,10,97
24258,24258,10,16
24259,24259,10,81
24260,24260,10,33
24261,24261,11,64
24262,24262,11,74
24263,24263,11,32
24264,24264,11,91
24265,24265,12,73
24266,24266,12,78
24267,24267,12,45
24268,24268,12,74
24269,24269,13,110
24270,24270,13,32
24271,24271,13,67
24272,24272,13,66
24273,24273,14,119
24274,24274,14,59
24275,24275,14,29
24276,24276,14,74
24277,24277,15,73
24278,24278,15,74
24279,24279,15,42
24280,24280,15,36
24281,24281,16,104
24282,24282,16,49
24283,24283,16,62
24284,24284,16,83
24285,24285,17,135
24286,24286,17,63
24287,24287,17,60
24288,24288,17,52
24289,24289,18,47
24290,24290,18,12
24291,24291,18,54
24292,24292,18,44
24293,24293,19,74
24294,24294,19,39
24295,24295,19,58
24296,24296,19,28
24297,24297,20,53
24298,24298,20,60
24299,24299,20,58
24300,24300,20,62
24301,24301,21,60
24302,24302,21,41
24303,24303,21,70
24304,24304,21,69
24305,24305,22,88
24306,24306,22,79
24307,24307,22,55
24308,24308,22,80
24309,24309,23,9
24310,24310,23,32
24311,24311,23,76
24312,24312,23,39
24313,24313,24,48
24314,24314,24,35
24315,24315,24,48
24316,24316,24,39
24317,24317,25,114
24318,24318,25,81
24319,24319,25,36
24320,24320,25,63
24321,24321,26,34
24322,24322,26,82
24323,24323,26,31
24324,24324,26,65
24325,24325,27,93
24326,24326,27,53
24327,24327,27,42
24328,24328,27,61
24329,24329,28,53
24330,24330,28,51
24331,24331,28,36
24332,24332,28,110
24333,24333,29,60
24334,24334,29,61
24335,24335,29,18
24336,24336,29,58
24337,24337,30,111
24338,24338,30,62
24339,24339,30,29
24340,24340,30,86
24341,24341,31,48
24342,24342,31,108
24343,24343,31,42
24344,24344,31,48
24345,24345,32,105
24346,24346,32,82
24347,24347,32,33
24348,24348,32,40
24349,24349,33,60
24350,24350,33,26
24351,24351,33,47
24352,24352,33,59
24353,24353,34,95
24354,24354,34,29
24355,24355,34,36
24356,24356,34,54
24357,24357,35,101
24358,24358,35,25
24359,24359,35,21
24360,24360,35,106
24361,24361,1,25
24362,24362,1,28
24363,24363,1,13
24364,24364,1,29
24365,24365,2,66
24366,24366,2,24
24367,24367,2,22
24368,24368,2,32
24369,24369,3,66
24370,24370,3,33
24371,24371,3,31
24372,24372,3,23
24373,24373,4,23
24374,24374,4,29
24375,24375,4,12
24376,24376,4,32
24377,24377,5,48
24378,24378,5,56
24379,24379,5,18
24380,24380,5,27
24381,24381,6,45
24382,24382,6,51
24383,24383,6,8
24384,24384,6,61
24385,24385,7,43
24386,24386,7,41
24387,24387,7,25
24388,24388,7,47
24389,24389,8,27
24390,24390,8,17
24391,24391,8,13
24392,24392,8,44
24393,24393,9,26
24394,24394,9,20
24395,24395,9,34
24396,24396,9,21
24397,24397,10,47
24398,24398,10,34
24399,24399,10,10
24400,24400,10,7
24401,24401,11,40
24402,24402,11,24
24403,24403,11,33
24404,24404,11,26
24405,24405,12,49
24406,24406,12,25
24407,24407,12,54
24408,24408,12,31
24409,24409,13,22
24410,24410,13,16
24411,24411,13,34
24412,24412,13,54
24413,24413,14,55
24414,24414,14,31
24415,24415,14,20
24416,24416,14,32
24417,24417,15,36
24418,24418,15,32
24419,24419,15,38
24420,24420,15,14
24421,24421,16,39
24422,24422,16,46
24423,24423,16,22
24424,24424,16,24
24425,24425,17,52
24426,24426,17,30
24427,24427,17,29
24428,24428,17,36
24429,24429,18,29
24430,24430,18,25
24431,24431,18,13
24432,24432,18,32
24433,24433,19,53
24434,24434,19,14
24435,24435,19,31
24436,24436,19,22
24437,24437,20,42
24438,24438,20,34
24439,24439,20,22
24440,24440,20,36
24441,24441,21,27
24442,24442,21,31
24443,24443,21,17
24444,24444,21,25
24445,24445,22,56
24446,24446,22,29
24447,24447,22,28
24448,24448,22,33
24449,24449,23,48
24450,24450,23,30
24451,24451,23,28
24452,24452,23,48
24453,24453,24,35
24454,24454,24,24
24455,24455,24,21
24456,24456,24,48
24457,24457,25,45
24458,24458,25,30
24459,24459,25,15
24460,24460,25,39
24461,24461,26,52
24462,24462,26,27
24463,24463,26,28
24464,24464,26,32
24465,24465,27,40
24466,24466,27,45
24467,24467,27,24
24468,24468,27,39
24469,24469,28,32
24470,24470,28,24
24471,24471,28,38
24472,24472,28,58
24473,24473,29,46
24474,24474,29,40
24475,24475,29,12
24476,24476,29,39
24477,24477,30,62
24478,24478,30,32
24479,24479,30,23
24480,24480,30,41
24481,24481,31,31
24482,24482,31,58
24483,24483,31,24
24484,24484,31,49
24485,24485,32,43
24486,24486,32,56
24487,24487,32,22
24488,24488,32,21
24489,24489,33,36
24490,24490,33,26
24491,24491,33,19
24492,24492,33,41
24493,24493,34,54
24494,24494,34,32
24495,24495,34,19
24496,24496,34,28
24497,24497,35,36
24498,24498,35,30
24499,24499,35,24
24500,24500,35,36
24501,24501,1,45
24502,24502,1,28
24503,24503,1,17
24504,24504,1,36
24505,24505,2,21
24506,24506,2,38
24507,24507,2,13
24508,24508,2,26
24509,24509,3,26
24510,24510,3,45
24511,24511,3,43
24512,24512,3,21
24513,24513,4,29
24514,24514,4,46
24515,24515,4,27
24516,24516,4,24
24517,24517,5,62
24518,24518,5,20
24519,24519,5,15
24520,24520,5,22
24521,24521,6,33
24522,24522,6,24
24523,24523,6,18
24524,24524,6,27
24525,24525,7,29
24526,24526,7,17
24527,24527,7,14
24528,24528,7,61
24529,24529,8,56
24530,24530,8,26
24531,24531,8,18
24532,24532,8,41
24533,24533,9,36
24534,24534,9,15
24535,24535,9,13
24536,24536,9,33
24537,24537,10,29
24538,24538,10,36
24539,24539,10,14
24540,24540,10,49
24541,24541,11,77
24542,24542,11,43
24543,24543,11,14
24544,24544,11,44
24545,24545,12,39
24546,24546,12,56
24547,24547,12,30
24548,24548,12,24
24549,24549,13,20
24550,24550,13,39
24551,24551,13,23
24552,24552,13,35
24553,24553,14,43
24554,24554,14,12
24555,24555,14,15
24556,24556,14,54
24557,24557,15,61
24558,24558,15,16
24559,24559,15,14
24560,24560,15,32
24561,24561,16,22
24562,24562,16,18
24563,24563,16,45
24564,24564,16,62
24565,24565,17,48
24566,24566,17,36
24567,24567,17,11
24568,24568,17,20
24569,24569,18,39
24570,24570,18,31
24571,24571,18,32
24572,24572,18,39
24573,24573,19,59
24574,24574,19,13
24575,24575,19,23
24576,24576,19,39
24577,24577,20,33
24578,24578,20,15
24579,24579,20,8
24580,24580,20,29
24581,24581,21,50
24582,24582,21,14
24583,24583,21,16
24584,24584,21,14
24585,24585,22,33
24586,24586,22,42
24587,24587,22,21
24588,24588,22,40
24589,24589,23,26
24590,24590,23,26
24591,24591,23,12
24592,24592,23,65
24593,24593,24,29
24594,24594,24,21
24595,24595,24,18
24596,24596,24,22
24597,24597,25,39
24598,24598,25,26
24599,24599,25,41
24600,24600,25,28
24601,24601,26,25
24602,24602,26,17
24603,24603,26,25
24604,24604,26,18
24605,24605,27,46
24606,24606,27,33
24607,24607,27,14
24608,24608,27,17
24609,24609,28,72
24610,24610,28,35
24611,24611,28,19
24612,24612,28,48
24613,24613,29,47
24614,24614,29,13
24615,24615,29,31
24616,24616,29,55
24617,24617,30,55
24618,24618,30,32
24619,24619,30,8
24620,24620,30,36
24621,24621,31,38
24622,24622,31,35
24623,24623,31,30
24624,24624,31,20
24625,24625,32,42
24626,24626,32,25
24627,24627,32,21
24628,24628,32,44
24629,24629,33,20
24630,24630,33,19
24631,24631,33,25
24632,24632,33,32
24633,24633,34,32
24634,24634,34,15
24635,24635,34,32
24636,24636,34,14
24637,24637,35,54
24638,24638,35,28
24639,24639,35,15
24640,24640,35,11
24641,24641,1,61
24642,24642,1,20
24643,24643,1,24
24644,24644,1,31
24645,24645,2,46
24646,24646,2,21
24647,24647,2,31
24648,24648,2,18
24649,24649,3,56
24650,24650,3,30
24651,24651,3,41
24652,24652,3,29
24653,24653,4,37
24654,24654,4,31
24655,24655,4,14
24656,24656,4,37
24657,24657,5,42
24658,24658,5,15
24659,24659,5,13
24660,24660,5,69
24661,24661,6,45
24662,24662,6,40
24663,24663,6,39
24664,24664,6,24
24665,24665,7,50
24666,24666,7,32
24667,24667,7,31
24668,24668,7,56
24669,24669,8,47
24670,24670,8,64
24671,24671,8,38
24672,24672,8,37
24673,24673,9,78
24674,24674,9,25
24675,24675,9,40
24676,24676,9,60
24677,24677,10,38
24678,24678,10,27
24679,24679,10,27
24680,24680,10,55
24681,24681,11,56
24682,24682,11,18
24683,24683,11,31
24684,24684,11,22
24685,24685,12,36
24686,24686,12,36
24687,24687,12,33
24688,24688,12,34
24689,24689,13,65
24690,24690,13,31
24691,24691,13,25
24692,24692,13,44
24693,24693,14,50
24694,24694,14,33
24695,24695,14,29
24696,24696,14,20
24697,24697,15,72
24698,24698,15,34
24699,24699,15,19
24700,24700,15,43
24701,24701,16,29
24702,24702,16,25
24703,24703,16,41
24704,24704,16,65
24705,24705,17,60
24706,24706,17,38
24707,24707,17,28
24708,24708,17,21
24709,24709,18,50
24710,24710,18,10
24711,24711,18,62
24712,24712,18,74
24713,24713,19,51
24714,24714,19,34
24715,24715,19,27
24716,24716,19,60
24717,24717,20,48
24718,24718,20,25
24719,24719,20,28
24720,24720,20,35
24721,24721,21,51
24722,24722,21,45
24723,24723,21,36
24724,24724,21,23
24725,24725,22,50
24726,24726,22,20
24727,24727,22,18
24728,24728,22,46
24729,24729,23,77
24730,24730,23,40
24731,24731,23,22
24732,24732,23,59
24733,24733,24,50
24734,24734,24,22
24735,24735,24,34
24736,24736,24,31
24737,24737,25,45
24738,24738,25,46
24739,24739,25,29
24740,24740,25,91
24741,24741,26,36
24742,24742,26,34
24743,24743,26,27
24744,24744,26,36
24745,24745,27,46
24746,24746,27,40
24747,24747,27,32
24748,24748,27,49
24749,24749,28,37
24750,24750,28,51
24751,24751,28,17
24752,24752,28,48
24753,24753,29,61
24754,24754,29,11
24755,24755,29,32
24756,24756,29,37
24757,24757,30,45
24758,24758,30,28
24759,24759,30,68
24760,24760,30,73
24761,24761,31,44
24762,24762,31,40
24763,24763,31,13
24764,24764,31,45
24765,24765,32,38
24766,24766,32,35
24767,24767,32,23
24768,24768,32,38
24769,24769,33,51
24770,24770,33,21
24771,24771,33,6
24772,24772,33,45
24773,24773,34,50
24774,24774,34,43
24775,24775,34,5
24776,24776,34,23
24777,24777,35,45
24778,24778,35,14
24779,24779,35,21
24780,24780,35,53
24781,24781,1,50
24782,24782,1,73
24783,24783,1,24
24784,24784,1,43
24785,24785,2,67
24786,24786,2,36
24787,24787,2,35
24788,24788,2,32
24789,24789,3,46
24790,24790,3,29
24791,24791,3,24
24792,24792,3,23
24793,24793,4,31
24794,24794,4,51
24795,24795,4,45
24796,24796,4,62
24797,24797,5,33
24798,24798,5,38
24799,24799,5,49
24800,24800,5,34
24801,24801,6,48
24802,24802,6,22
24803,24803,6,32
24804,24804,6,20
24805,24805,7,77
24806,24806,7,40
24807,24807,7,30
24808,24808,7,47
24809,24809,8,41
24810,24810,8,46
24811,24811,8,19
24812,24812,8,34
24813,24813,9,44
24814,24814,9,29
24815,24815,9,39
24816,24816,9,36
24817,24817,10,61
24818,24818,10,46
24819,24819,10,44
24820,24820,10,53
24821,24821,11,40
24822,24822,11,30
24823,24823,11,31
24824,24824,11,57
24825,24825,12,62
24826,24826,12,40
24827,24827,12,23
24828,24828,12,34
24829,24829,13,86
24830,24830,13,16
24831,24831,13,34
24832,24832,13,33
24833,24833,14,42
24834,24834,14,51
24835,24835,14,20
24836,24836,14,31
24837,24837,15,70
24838,24838,15,44
24839,24839,15,40
24840,24840,15,44
24841,24841,16,37
24842,24842,16,53
24843,24843,16,25
24844,24844,16,28
24845,24845,17,67
24846,24846,17,20
24847,24847,17,55
24848,24848,17,29
24849,24849,18,52
24850,24850,18,46
24851,24851,18,20
24852,24852,18,46
24853,24853,19,64
24854,24854,19,37
24855,24855,19,10
24856,24856,19,32
24857,24857,20,49
24858,24858,20,30
24859,24859,20,26
24860,24860,20,32
24861,24861,21,35
24862,24862,21,60
24863,24863,21,15
24864,24864,21,36
24865,24865,22,53
24866,24866,22,40
24867,24867,22,43
24868,24868,22,41
24869,24869,23,90
24870,24870,23,41
24871,24871,23,26
24872,24872,23,57
24873,24873,24,44
24874,24874,24,60
24875,24875,24,44
24876,24876,24,57
24877,24877,25,54
24878,24878,25,45
24879,24879,25,30
24880,24880,25,64
24881,24881,26,63
24882,24882,26,19
24883,24883,26,26
24884,24884,26,50
24885,24885,27,39
24886,24886,27,39
24887,24887,27,47
24888,24888,27,61
24889,24889,28,34
24890,24890,28,50
24891,24891,28,27
24892,24892,28,24
24893,24893,29,117
24894,24894,29,43
24895,24895,29,33
24896,24896,29,65
24897,24897,30,33
24898,24898,30,33
24899,24899,30,13
24900,24900,30,32
24901,24901,31,48
24902,24902,31,16
24903,24903,31,37
24904,24904,31,23
24905,24905,32,49
24906,24906,32,22
24907,24907,32,29
24908,24908,32,39
24909,24909,33,33
24910,24910,33,36
24911,24911,33,29
24912,24912,33,52
24913,24913,34,57
24914,24914,34,16
24915,24915,34,37
24916,24916,34,31
24917,24917,35,55
24918,24918,35,41
24919,24919,35,28
24920,24920,35,42
24921,24921,1,35
24922,24922,1,53
24923,24923,1,26
24924,24924,1,62
24925,24925,2,44
24926,24926,2,26
24927,24927,2,59
24928,24928,2,73
24929,24929,3,99
24930,24930,3,42
24931,24931,3,42
24932,24932,3,27
24933,24933,4,83
24934,24934,4,40
24935,24935,4,30
24936,24936,4,72
24937,24937,5,90
24938,24938,5,42
24939,24939,5,34
24940,24940,5,38
24941,24941,6,46
24942,24942,6,28
24943,24943,6,14
24944,24944,6,44
24945,24945,7,35
24946,24946,7,63
24947,24947,7,51
24948,24948,7,29
24949,24949,8,54
24950,24950,8,61
24951,24951,8,43
24952,24952,8,43
24953,24953,9,53
24954,24954,9,30
24955,24955,9,60
24956,24956,9,65
24957,24957,10,53
24958,24958,10,63
24959,24959,10,17
24960,24960,10,70
24961,24961,11,36
24962,24962,11,49
24963,24963,11,36
24964,24964,11,47
24965,24965,12,76
24966,24966,12,77
24967,24967,12,55
24968,24968,12,60
24969,24969,13,75
24970,24970,13,67
24971,24971,13,35
24972,24972,13,35
24973,24973,14,61
24974,24974,14,47
24975,24975,14,52
24976,24976,14,38
24977,24977,15,70
24978,24978,15,73
24979,24979,15,20
24980,24980,15,49
24981,24981,16,78
24982,24982,16,41
24983,24983,16,25
24984,24984,16,35
24985,24985,17,71
24986,24986,17,25
24987,24987,17,29
24988,24988,17,51
24989,24989,18,44
24990,24990,18,54
24991,24991,18,33
24992,24992,18,31
24993,24993,19,72
24994,24994,19,44
24995,24995,19,38
24996,24996,19,23
24997,24997,20,80
24998,24998,20,28
24999,24999,20,27
25000,25000,20,59
25001,25001,21,44
25002,25002,21,42
25003,25003,21,37
25004,25004,21,33
25005,25005,22,94
25006,25006,22,47
25007,25007,22,56
25008,25008,22,80
25009,25009,23,21
25010,25010,23,33
25011,25011,23,33
25012,25012,23,76
25013,25013,24,59
25014,25014,24,31
25015,25015,24,59
25016,25016,24,22
25017,25017,25,85
25018,25018,25,25
25019,25019,25,33
25020,25020,25,67
25021,25021,26,95
25022,25022,26,58
25023,25023,26,41
25024,25024,26,59
25025,25025,27,89
25026,25026,27,25
25027,25027,27,38
25028,25028,27,34
25029,25029,28,69
25030,25030,28,30
25031,25031,28,55
25032,25032,28,73
25033,25033,29,78
25034,25034,29,45
25035,25035,29,28
25036,25036,29,93
25037,25037,30,80
25038,25038,30,63
25039,25039,30,62
25040,25040,30,37
25041,25041,31,67
25042,25042,31,38
25043,25043,31,52
25044,25044,31,29
25045,25045,32,35
25046,25046,32,52
25047,25047,32,29
25048,25048,32,73
25049,25049,33,43
25050,25050,33,35
25051,25051,33,23
25052,25052,33,48
25053,25053,34,88
25054,25054,34,32
25055,25055,34,32
25056,25056,34,51
25057,25057,35,40
25058,25058,35,29
25059,25059,35,33
25060,25060,35,22
25061,25061,1,150
25062,25062,1,39
25063,25063,1,49
25064,25064,1,39
25065,25065,2,66
25066,25066,2,56
25067,25067,2,82
25068,25068,2,52
25069,25069,3,104
25070,25070,3,67
25071,25071,3,41
25072,25072,3,44
25073,25073,4,35
25074,25074,4,71
25075,25075,4,36
25076,25076,4,99
25077,25077,5,70
25078,25078,5,83
25079,25079,5,16
25080,25080,5,50
25081,25081,6,66
25082,25082,6,47
25083,25083,6,24
25084,25084,6,42
25085,25085,7,101
25086,25086,7,42
25087,25087,7,63
25088,25088,7,120
25089,25089,8,58
25090,25090,8,71
25091,25091,8,43
25092,25092,8,41
25093,25093,9,96
25094,25094,9,93
25095,25095,9,67
25096,25096,9,42
25097,25097,10,130
25098,25098,10,56
25099,25099,10,50
25100,25100,10,95
25101,25101,11,75
25102,25102,11,23
25103,25103,11,86
25104,25104,11,100
25105,25105,12,117
25106,25106,12,61
25107,25107,12,61
25108,25108,12,45
25109,25109,13,91
25110,25110,13,63
25111,25111,13,60
25112,25112,13,79
25113,25113,14,82
25114,25114,14,73
25115,25115,14,33
25116,25116,14,61
25117,25117,15,135
25118,25118,15,70
25119,25119,15,41
25120,25120,15,44
25121,25121,16,83
25122,25122,16,83
25123,25123,16,55
25124,25124,16,27
25125,25125,17,88
25126,25126,17,53
25127,25127,17,48
25128,25128,17,59
25129,25129,18,91
25130,25130,18,36
25131,25131,18,32
25132,25132,18,133
25133,25133,19,81
25134,25134,19,93
25135,25135,19,43
25136,25136,19,71
25137,25137,20,110
25138,25138,20,75
25139,25139,20,68
25140,25140,20,103
25141,25141,21,77
25142,25142,21,41
25143,25143,21,51
25144,25144,21,49
25145,25145,22,76
25146,25146,22,35
25147,25147,22,34
25148,25148,22,63
25149,25149,23,55
25150,25150,23,69
25151,25151,23,44
25152,25152,23,102
25153,25153,24,72
25154,25154,24,92
25155,25155,24,42
25156,25156,24,133
25157,25157,25,105
25158,25158,25,62
25159,25159,25,66
25160,25160,25,83
25161,25161,26,122
25162,25162,26,72
25163,25163,26,39
25164,25164,26,82
25165,25165,27,78
25166,25166,27,34
25167,25167,27,77
25168,25168,27,74
25169,25169,28,100
25170,25170,28,104
25171,25171,28,67
25172,25172,28,33
25173,25173,29,70
25174,25174,29,44
25175,25175,29,27
25176,25176,29,42
25177,25177,30,102
25178,25178,30,40
25179,25179,30,53
25180,25180,30,43
25181,25181,31,43
25182,25182,31,49
25183,25183,31,71
25184,25184,31,56
25185,25185,32,75
25186,25186,32,42
25187,25187,32,22
25188,25188,32,77
25189,25189,33,75
25190,25190,33,58
25191,25191,33,35
25192,25192,33,45
25193,25193,34,65
25194,25194,34,10
25195,25195,34,47
25196,25196,34,66
25197,25197,35,47
25198,25198,35,82
25199,25199,35,53
25200,25200,35,31
25201,25201,1,58
25202,25202,1,65
25203,25203,1,38
25204,25204,1,101
25205,25205,2,88
25206,25206,2,67
25207,25207,2,21
25208,25208,2,60
25209,25209,3,76
25210,25210,3,49
25211,25211,3,49
25212,25212,3,60
25213,25213,4,75
25214,25214,4,75
25215,25215,4,106
25216,25216,4,142
25217,25217,5,107
25218,25218,5,49
25219,25219,5,34
25220,25220,5,82
25221,25221,6,57
25222,25222,6,71
25223,25223,6,32
25224,25224,6,68
25225,25225,7,66
25226,25226,7,60
25227,25227,7,48
25228,25228,7,73
25229,25229,8,82
25230,25230,8,46
25231,25231,8,57
25232,25232,8,47
25233,25233,9,39
25234,25234,9,39
25235,25235,9,33
25236,25236,9,64
25237,25237,10,162
25238,25238,10,34
25239,25239,10,77
25240,25240,10,59
25241,25241,11,121
25242,25242,11,31
25243,25243,11,69
25244,25244,11,86
25245,25245,12,104
25246,25246,12,35
25247,25247,12,33
25248,25248,12,57
25249,25249,13,142
25250,25250,13,54
25251,25251,13,69
25252,25252,13,103
25253,25253,14,71
25254,25254,14,77
25255,25255,14,44
25256,25256,14,31
25257,25257,15,123
25258,25258,15,94
25259,25259,15,62
25260,25260,15,71
25261,25261,16,34
25262,25262,16,60
25263,25263,16,28
25264,25264,16,64
25265,25265,17,144
25266,25266,17,73
25267,25267,17,27
25268,25268,17,76
25269,25269,18,85
25270,25270,18,65
25271,25271,18,71
25272,25272,18,49
25273,25273,19,41
25274,25274,19,83
25275,25275,19,38
25276,25276,19,56
25277,25277,20,106
25278,25278,20,50
25279,25279,20,20
25280,25280,20,48
25281,25281,21,68
25282,25282,21,45
25283,25283,21,38
25284,25284,21,48
25285,25285,22,54
25286,25286,22,21
25287,25287,22,77
25288,25288,22,48
25289,25289,23,106
25290,25290,23,50
25291,25291,23,68
25292,25292,23,70
25293,25293,24,68
25294,25294,24,51
25295,25295,24,29
25296,25296,24,100
25297,25297,25,62
25298,25298,25,48
25299,25299,25,39
25300,25300,25,37
25301,25301,26,94
25302,25302,26,66
25303,25303,26,44
25304,25304,26,51
25305,25305,27,72
25306,25306,27,89
25307,25307,27,46
25308,25308,27,58
25309,25309,28,77
25310,25310,28,55
25311,25311,28,42
25312,25312,28,54
25313,25313,29,53
25314,25314,29,37
25315,25315,29,57
25316,25316,29,81
25317,25317,30,69
25318,25318,30,57
25319,25319,30,36
25320,25320,30,56
25321,25321,31,119
25322,25322,31,29
25323,25323,31,60
25324,25324,31,41
25325,25325,32,41
25326,25326,32,46
25327,25327,32,55
25328,25328,32,56
25329,25329,33,48
25330,25330,33,52
25331,25331,33,30
25332,25332,33,59
25333,25333,34,103
25334,25334,34,66
25335,25335,34,41
25336,25336,34,60
25337,25337,35,55
25338,25338,35,26
25339,25339,35,38
25340,25340,35,113
25341,25341,1,34
25342,25342,1,21
25343,25343,1,31
25344,25344,1,29
25345,25345,2,69
25346,25346,2,32
25347,25347,2,34
25348,25348,2,24
25349,25349,3,40
25350,25350,3,37
25351,25351,3,26
25352,25352,3,43
25353,25353,4,17
25354,25354,4,39
25355,25355,4,20
25356,25356,4,15
25357,25357,5,28
25358,25358,5,31
25359,25359,5,20
25360,25360,5,38
25361,25361,6,29
25362,25362,6,17
25363,25363,6,27
25364,25364,6,29
25365,25365,7,54
25366,25366,7,58
25367,25367,7,13
25368,25368,7,17
25369,25369,8,50
25370,25370,8,29
25371,25371,8,9
25372,25372,8,50
25373,25373,9,26
25374,25374,9,29
25375,25375,9,22
25376,25376,9,33
25377,25377,10,34
25378,25378,10,26
25379,25379,10,18
25380,25380,10,29
25381,25381,11,45
25382,25382,11,43
25383,25383,11,24
25384,25384,11,35
25385,25385,12,59
25386,25386,12,24
25387,25387,12,23
25388,25388,12,53
25389,25389,13,25
25390,25390,13,52
25391,25391,13,44
25392,25392,13,30
25393,25393,14,51
25394,25394,14,42
25395,25395,14,15
25396,25396,14,40
25397,25397,15,38
25398,25398,15,19
25399,25399,15,36
25400,25400,15,16
25401,25401,16,34
25402,25402,16,47
25403,25403,16,26
25404,25404,16,47
25405,25405,17,28
25406,25406,17,34
25407,25407,17,23
25408,25408,17,20
25409,25409,18,52
25410,25410,18,24
25411,25411,18,23
25412,25412,18,40
25413,25413,19,18
25414,25414,19,32
25415,25415,19,21
25416,25416,19,36
25417,25417,20,59
25418,25418,20,16
25419,25419,20,35
25420,25420,20,22
25421,25421,21,43
25422,25422,21,41
25423,25423,21,24
25424,25424,21,35
25425,25425,22,75
25426,25426,22,32
25427,25427,22,21
25428,25428,22,19
25429,25429,23,24
25430,25430,23,16
25431,25431,23,20
25432,25432,23,23
25433,25433,24,33
25434,25434,24,14
25435,25435,24,39
25436,25436,24,33
25437,25437,25,51
25438,25438,25,26
25439,25439,25,28
25440,25440,25,37
25441,25441,26,42
25442,25442,26,19
25443,25443,26,22
25444,25444,26,45
25445,25445,27,32
25446,25446,27,52
25447,25447,27,14
25448,25448,27,22
25449,25449,28,40
25450,25450,28,26
25451,25451,28,15
25452,25452,28,27
25453,25453,29,24
25454,25454,29,17
25455,25455,29,39
25456,25456,29,50
25457,25457,30,28
25458,25458,30,6
25459,25459,30,19
25460,25460,30,37
25461,25461,31,38
25462,25462,31,34
25463,25463,31,27
25464,25464,31,32
25465,25465,32,43
25466,25466,32,12
25467,25467,32,30
25468,25468,32,47
25469,25469,33,21
25470,25470,33,12
25471,25471,33,16
25472,25472,33,21
25473,25473,34,34
25474,25474,34,39
25475,25475,34,12
25476,25476,34,27
25477,25477,35,35
25478,25478,35,14
25479,25479,35,20
25480,25480,35,54
25481,25481,1,34
25482,25482,1,36
25483,25483,1,13
25484,25484,1,29
25485,25485,2,40
25486,25486,2,35
25487,25487,2,31
25488,25488,2,17
25489,25489,3,27
25490,25490,3,55
25491,25491,3,19
25492,25492,3,32
25493,25493,4,46
25494,25494,4,24
25495,25495,4,38
25496,25496,4,18
25497,25497,5,66
25498,25498,5,12
25499,25499,5,28
25500,25500,5,27
25501,25501,6,56
25502,25502,6,39
25503,25503,6,25
25504,25504,6,18
25505,25505,7,58
25506,25506,7,37
25507,25507,7,47
25508,25508,7,51
25509,25509,8,59
25510,25510,8,13
25511,25511,8,20
25512,25512,8,30
25513,25513,9,46
25514,25514,9,33
25515,25515,9,18
25516,25516,9,32
25517,25517,10,33
25518,25518,10,39
25519,25519,10,24
25520,25520,10,30
25521,25521,11,51
25522,25522,11,50
25523,25523,11,17
25524,25524,11,33
25525,25525,12,48
25526,25526,12,40
25527,25527,12,14
25528,25528,12,23
25529,25529,13,41
25530,25530,13,35
25531,25531,13,28
25532,25532,13,10
25533,25533,14,32
25534,25534,14,37
25535,25535,14,19
25536,25536,14,46
25537,25537,15,51
25538,25538,15,24
25539,25539,15,20
25540,25540,15,53
25541,25541,16,44
25542,25542,16,11
25543,25543,16,28
25544,25544,16,20
25545,25545,17,25
25546,25546,17,31
25547,25547,17,18
25548,25548,17,76
25549,25549,18,46
25550,25550,18,37
25551,25551,18,49
25552,25552,18,25
25553,25553,19,44
25554,25554,19,27
25555,25555,19,15
25556,25556,19,60
25557,25557,20,35
25558,25558,20,34
25559,25559,20,18
25560,25560,20,41
25561,25561,21,49
25562,25562,21,40
25563,25563,21,17
25564,25564,21,21
25565,25565,22,53
25566,25566,22,34
25567,25567,22,23
25568,25568,22,25
25569,25569,23,53
25570,25570,23,31
25571,25571,23,14
25572,25572,23,37
25573,25573,24,44
25574,25574,24,45
25575,25575,24,30
25576,25576,24,47
25577,25577,25,32
25578,25578,25,28
25579,25579,25,8
25580,25580,25,26
25581,25581,26,47
25582,25582,26,19
25583,25583,26,43
25584,25584,26,21
25585,25585,27,44
25586,25586,27,47
25587,25587,27,40
25588,25588,27,35
25589,25589,28,43
25590,25590,28,19
25591,25591,28,34
25592,25592,28,42
25593,25593,29,49
25594,25594,29,30
25595,25595,29,25
25596,25596,29,35
25597,25597,30,32
25598,25598,30,25
25599,25599,30,18
25600,25600,30,14
25601,25601,31,10
25602,25602,31,25
25603,25603,31,19
25604,25604,31,23
25605,25605,32,63
25606,25606,32,29
25607,25607,32,37
25608,25608,32,51
25609,25609,33,62
25610,25610,33,30
25611,25611,33,43
25612,25612,33,35
25613,25613,34,56
25614,25614,34,24
25615,25615,34,41
25616,25616,34,49
25617,25617,35,48
25618,25618,35,32
25619,25619,35,48
25620,25620,35,37
25621,25621,1,70
25622,25622,1,17
25623,25623,1,17
25624,25624,1,60
25625,25625,2,51
25626,25626,2,51
25627,25627,2,17
25628,25628,2,49
25629,25629,3,46
25630,25630,3,25
25631,25631,3,12
25632,25632,3,21
25633,25633,4,70
25634,25634,4,36
25635,25635,4,21
25636,25636,4,50
25637,25637,5,27
25638,25638,5,33
25639,25639,5,33
25640,25640,5,47
25641,25641,6,47
25642,25642,6,42
25643,25643,6,31
25644,25644,6,34
25645,25645,7,99
25646,25646,7,48
25647,25647,7,36
25648,25648,7,51
25649,25649,8,67
25650,25650,8,32
25651,25651,8,21
25652,25652,8,78
25653,25653,9,68
25654,25654,9,52
25655,25655,9,47
25656,25656,9,67
25657,25657,10,37
25658,25658,10,42
25659,25659,10,7
25660,25660,10,38
25661,25661,11,18
25662,25662,11,38
25663,25663,11,16
25664,25664,11,48
25665,25665,12,36
25666,25666,12,21
25667,25667,12,26
25668,25668,12,21
25669,25669,13,40
25670,25670,13,28
25671,25671,13,3
25672,25672,13,29
25673,25673,14,44
25674,25674,14,45
25675,25675,14,30
25676,25676,14,21
25677,25677,15,34
25678,25678,15,26
25679,25679,15,20
25680,25680,15,16
25681,25681,16,29
25682,25682,16,39
25683,25683,16,24
25684,25684,16,59
25685,25685,17,60
25686,25686,17,63
25687,25687,17,12
25688,25688,17,56
25689,25689,18,44
25690,25690,18,26
25691,25691,18,20
25692,25692,18,47
25693,25693,19,57
25694,25694,19,22
25695,25695,19,34
25696,25696,19,47
25697,25697,20,37
25698,25698,20,48
25699,25699,20,46
25700,25700,20,23
25701,25701,21,65
25702,25702,21,29
25703,25703,21,29
25704,25704,21,41
25705,25705,22,36
25706,25706,22,26
25707,25707,22,22
25708,25708,22,29
25709,25709,23,34
25710,25710,23,61
25711,25711,23,53
25712,25712,23,58
25713,25713,24,63
25714,25714,24,20
25715,25715,24,33
25716,25716,24,46
25717,25717,25,75
25718,25718,25,35
25719,25719,25,35
25720,25720,25,53
25721,25721,26,107
25722,25722,26,21
25723,25723,26,24
25724,25724,26,20
25725,25725,27,44
25726,25726,27,48
25727,25727,27,60
25728,25728,27,43
25729,25729,28,44
25730,25730,28,19
25731,25731,28,29
25732,25732,28,40
25733,25733,29,31
25734,25734,29,29
25735,25735,29,13
25736,25736,29,63
25737,25737,30,36
25738,25738,30,25
25739,25739,30,31
25740,25740,30,59
25741,25741,31,54
25742,25742,31,24
25743,25743,31,39
25744,25744,31,31
25745,25745,32,69
25746,25746,32,17
25747,25747,32,47
25748,25748,32,34
25749,25749,33,34
25750,25750,33,19
25751,25751,33,48
25752,25752,33,30
25753,25753,34,60
25754,25754,34,50
25755,25755,34,23
25756,25756,34,26
25757,25757,35,59
25758,25758,35,18
25759,25759,35,10
25760,25760,35,44
25761,25761,1,31
25762,25762,1,20
25763,25763,1,32
25764,25764,1,57
25765,25765,2,49
25766,25766,2,43
25767,25767,2,36
25768,25768,2,50
25769,25769,3,41
25770,25770,3,63
25771,25771,3,28
25772,25772,3,34
25773,25773,4,63
25774,25774,4,26
25775,25775,4,28
25776,25776,4,37
25777,25777,5,39
25778,25778,5,41
25779,25779,5,25
25780,25780,5,38
25781,25781,6,58
25782,25782,6,42
25783,25783,6,25
25784,25784,6,61
25785,25785,7,32
25786,25786,7,28
25787,25787,7,28
25788,25788,7,13
25789,25789,8,32
25790,25790,8,44
25791,25791,8,38
25792,25792,8,41
25793,25793,9,36
25794,25794,9,40
25795,25795,9,29
25796,25796,9,79
25797,25797,10,37
25798,25798,10,41
25799,25799,10,36
25800,25800,10,66
25801,25801,11,43
25802,25802,11,35
25803,25803,11,49
25804,25804,11,37
25805,25805,12,58
25806,25806,12,15
25807,25807,12,21
25808,25808,12,30
25809,25809,13,83
25810,25810,13,62
25811,25811,13,31
25812,25812,13,34
25813,25813,14,60
25814,25814,14,23
25815,25815,14,28
25816,25816,14,18
25817,25817,15,67
25818,25818,15,33
25819,25819,15,31
25820,25820,15,26
25821,25821,16,37
25822,25822,16,43
25823,25823,16,62
25824,25824,16,53
25825,25825,17,32
25826,25826,17,28
25827,25827,17,36
25828,25828,17,34
25829,25829,18,41
25830,25830,18,37
25831,25831,18,23
25832,25832,18,49
25833,25833,19,53
25834,25834,19,26
25835,25835,19,45
25836,25836,19,35
25837,25837,20,105
25838,25838,20,36
25839,25839,20,18
25840,25840,20,59
25841,25841,21,80
25842,25842,21,51
25843,25843,21,26
25844,25844,21,43
25845,25845,22,37
25846,25846,22,42
25847,25847,22,24
25848,25848,22,39
25849,25849,23,26
25850,25850,23,41
25851,25851,23,17
25852,25852,23,62
25853,25853,24,64
25854,25854,24,20
25855,25855,24,17
25856,25856,24,57
25857,25857,25,40
25858,25858,25,47
25859,25859,25,26
25860,25860,25,51
25861,25861,26,79
25862,25862,26,48
25863,25863,26,10
25864,25864,26,27
25865,25865,27,49
25866,25866,27,37
25867,25867,27,15
25868,25868,27,22
25869,25869,28,74
25870,25870,28,33
25871,25871,28,14
25872,25872,28,24
25873,25873,29,39
25874,25874,29,39
25875,25875,29,23
25876,25876,29,34
25877,25877,30,49
25878,25878,30,30
25879,25879,30,17
25880,25880,30,47
25881,25881,31,31
25882,25882,31,23
25883,25883,31,46
25884,25884,31,26
25885,25885,32,9
25886,25886,32,28
25887,25887,32,29
25888,25888,32,33
25889,25889,33,67
25890,25890,33,50
25891,25891,33,25
25892,25892,33,36
25893,25893,34,47
25894,25894,34,33
25895,25895,34,22
25896,25896,34,34
25897,25897,35,57
25898,25898,35,30
25899,25899,35,21
25900,25900,35,59
25901,25901,1,57
25902,25902,1,53
25903,25903,1,28
25904,25904,1,76
25905,25905,2,23
25906,25906,2,36
25907,25907,2,43
25908,25908,2,58
25909,25909,3,58
25910,25910,3,34
25911,25911,3,32
25912,25912,3,65
25913,25913,4,57
25914,25914,4,52
25915,25915,4,53
25916,25916,4,73
25917,25917,5,45
25918,25918,5,23
25919,25919,5,30
25920,25920,5,33
25921,25921,6,50
25922,25922,6,83
25923,25923,6,31
25924,25924,6,37
25925,25925,7,61
25926,25926,7,49
25927,25927,7,49
25928,25928,7,78
25929,25929,8,92
25930,25930,8,51
25931,25931,8,25
25932,25932,8,48
25933,25933,9,44
25934,25934,9,38
25935,25935,9,28
25936,25936,9,56
25937,25937,10,27
25938,25938,10,64
25939,25939,10,62
25940,25940,10,51
25941,25941,11,76
25942,25942,11,65
25943,25943,11,38
25944,25944,11,45
25945,25945,12,91
25946,25946,12,35
25947,25947,12,38
25948,25948,12,84
25949,25949,13,60
25950,25950,13,64
25951,25951,13,71
25952,25952,13,36
25953,25953,14,37
25954,25954,14,35
25955,25955,14,29
25956,25956,14,40
25957,25957,15,84
25958,25958,15,33
25959,25959,15,30
25960,25960,15,54
25961,25961,16,55
25962,25962,16,20
25963,25963,16,30
25964,25964,16,54
25965,25965,17,46
25966,25966,17,44
25967,25967,17,67
25968,25968,17,43
25969,25969,18,90
25970,25970,18,39
25971,25971,18,40
25972,25972,18,64
25973,25973,19,91
25974,25974,19,22
25975,25975,19,47
25976,25976,19,84
25977,25977,20,110
25978,25978,20,37
25979,25979,20,23
25980,25980,20,56
25981,25981,21,81
25982,25982,21,43
25983,25983,21,33
25984,25984,21,39
25985,25985,22,84
25986,25986,22,72
25987,25987,22,21
25988,25988,22,43
25989,25989,23,29
25990,25990,23,67
25991,25991,23,59
25992,25992,23,57
25993,25993,24,52
25994,25994,24,38
25995,25995,24,38
25996,25996,24,32
25997,25997,25,66
25998,25998,25,59
25999,25999,25,34
26000,26000,25,24
26001,26001,26,61
26002,26002,26,36
26003,26003,26,26
26004,26004,26,45
26005,26005,27,69
26006,26006,27,27
26007,26007,27,50
26008,26008,27,53
26009,26009,28,89
26010,26010,28,113
26011,26011,28,36
26012,26012,28,43
26013,26013,29,55
26014,26014,29,89
26015,26015,29,24
26016,26016,29,62
26017,26017,30,38
26018,26018,30,39
26019,26019,30,31
26020,26020,30,32
26021,26021,31,104
26022,26022,31,72
26023,26023,31,42
26024,26024,31,69
26025,26025,32,97
26026,26026,32,25
26027,26027,32,47
26028,26028,32,61
26029,26029,33,44
26030,26030,33,46
26031,26031,33,41
26032,26032,33,55
26033,26033,34,62
26034,26034,34,22
26035,26035,34,45
26036,26036,34,47
26037,26037,35,106
26038,26038,35,50
26039,26039,35,31
26040,26040,35,37
26041,26041,1,75
26042,26042,1,53
26043,26043,1,64
26044,26044,1,64
26045,26045,2,114
26046,26046,2,81
26047,26047,2,51
26048,26048,2,73
26049,26049,3,64
26050,26050,3,98
26051,26051,3,38
26052,26052,3,27
26053,26053,4,87
26054,26054,4,35
26055,26055,4,38
26056,26056,4,78
26057,26057,5,163
26058,26058,5,58
26059,26059,5,40
26060,26060,5,72
26061,26061,6,116
26062,26062,6,59
26063,26063,6,45
26064,26064,6,94
26065,26065,7,151
26066,26066,7,56
26067,26067,7,27
26068,26068,7,97
26069,26069,8,39
26070,26070,8,77
26071,26071,8,65
26072,26072,8,55
26073,26073,9,142
26074,26074,9,45
26075,26075,9,21
26076,26076,9,57
26077,26077,10,136
26078,26078,10,16
26079,26079,10,57
26080,26080,10,52
26081,26081,11,156
26082,26082,11,24
26083,26083,11,35
26084,26084,11,111
26085,26085,12,91
26086,26086,12,55
26087,26087,12,61
26088,26088,12,31
26089,26089,13,98
26090,26090,13,46
26091,26091,13,46
26092,26092,13,26
26093,26093,14,60
26094,26094,14,36
26095,26095,14,29
26096,26096,14,117
26097,26097,15,103
26098,26098,15,48
26099,26099,15,59
26100,26100,15,46
26101,26101,16,60
26102,26102,16,63
26103,26103,16,45
26104,26104,16,41
26105,26105,17,130
26106,26106,17,85
26107,26107,17,57
26108,26108,17,32
26109,26109,18,129
26110,26110,18,58
26111,26111,18,32
26112,26112,18,38
26113,26113,19,84
26114,26114,19,68
26115,26115,19,50
26116,26116,19,33
26117,26117,20,150
26118,26118,20,61
26119,26119,20,34
26120,26120,20,27
26121,26121,21,111
26122,26122,21,24
26123,26123,21,45
26124,26124,21,83
26125,26125,22,150
26126,26126,22,92
26127,26127,22,22
26128,26128,22,50
26129,26129,23,60
26130,26130,23,54
26131,26131,23,49
26132,26132,23,66
26133,26133,24,48
26134,26134,24,39
26135,26135,24,71
26136,26136,24,33
26137,26137,25,15
26138,26138,25,72
26139,26139,25,65
26140,26140,25,19
26141,26141,26,100
26142,26142,26,112
26143,26143,26,50
26144,26144,26,50
26145,26145,27,139
26146,26146,27,40
26147,26147,27,34
26148,26148,27,84
26149,26149,28,82
26150,26150,28,35
26151,26151,28,58
26152,26152,28,69
26153,26153,29,81
26154,26154,29,35
26155,26155,29,56
26156,26156,29,1
26157,26157,30,70
26158,26158,30,81
26159,26159,30,41
26160,26160,30,89
26161,26161,31,48
26162,26162,31,72
26163,26163,31,44
26164,26164,31,41
26165,26165,32,73
26166,26166,32,58
26167,26167,32,47
26168,26168,32,74
26169,26169,33,88
26170,26170,33,31
26171,26171,33,35
26172,26172,33,43
26173,26173,34,82
26174,26174,34,64
26175,26175,34,57
26176,26176,34,66
26177,26177,35,57
26178,26178,35,25
26179,26179,35,51
26180,26180,35,92
26181,26181,1,95
26182,26182,1,58
26183,26183,1,37
26184,26184,1,81
26185,26185,2,62
26186,26186,2,27
26187,26187,2,60
26188,26188,2,61
26189,26189,3,80
26190,26190,3,36
26191,26191,3,40
26192,26192,3,22
26193,26193,4,69
26194,26194,4,31
26195,26195,4,44
26196,26196,4,89
26197,26197,5,66
26198,26198,5,85
26199,26199,5,44
26200,26200,5,45
26201,26201,6,56
26202,26202,6,61
26203,26203,6,28
26204,26204,6,61
26205,26205,7,117
26206,26206,7,57
26207,26207,7,29
26208,26208,7,52
26209,26209,8,109
26210,26210,8,51
26211,26211,8,66
26212,26212,8,41
26213,26213,9,67
26214,26214,9,61
26215,26215,9,45
26216,26216,9,44
26217,26217,10,53
26218,26218,10,33
26219,26219,10,53
26220,26220,10,106
26221,26221,11,68
26222,26222,11,108
26223,26223,11,52
26224,26224,11,82
26225,26225,12,54
26226,26226,12,74
26227,26227,12,34
26228,26228,12,70
26229,26229,13,101
26230,26230,13,53
26231,26231,13,70
26232,26232,13,30
26233,26233,14,100
26234,26234,14,59
26235,26235,14,91
26236,26236,14,78
26237,26237,15,37
26238,26238,15,65
26239,26239,15,46
26240,26240,15,84
26241,26241,16,74
26242,26242,16,54
26243,26243,16,43
26244,26244,16,43
26245,26245,17,118
26246,26246,17,28
26247,26247,17,14
26248,26248,17,68
26249,26249,18,73
26250,26250,18,36
26251,26251,18,41
26252,26252,18,46
26253,26253,19,80
26254,26254,19,33
26255,26255,19,47
26256,26256,19,68
26257,26257,20,93
26258,26258,20,67
26259,26259,20,30
26260,26260,20,110
26261,26261,21,77
26262,26262,21,92
26263,26263,21,24
26264,26264,21,88
26265,26265,22,110
26266,26266,22,68
26267,26267,22,96
26268,26268,22,53
26269,26269,23,45
26270,26270,23,90
26271,26271,23,32
26272,26272,23,58
26273,26273,24,90
26274,26274,24,68
26275,26275,24,27
26276,26276,24,70
26277,26277,25,125
26278,26278,25,44
26279,26279,25,32
26280,26280,25,90
26281,26281,26,47
26282,26282,26,81
26283,26283,26,45
26284,26284,26,43
26285,26285,27,73
26286,26286,27,74
26287,26287,27,16
26288,26288,27,58
26289,26289,28,84
26290,26290,28,32
26291,26291,28,47
26292,26292,28,44
26293,26293,29,56
26294,26294,29,99
26295,26295,29,33
26296,26296,29,85
26297,26297,30,70
26298,26298,30,37
26299,26299,30,34
26300,26300,30,80
26301,26301,31,92
26302,26302,31,33
26303,26303,31,34
26304,26304,31,42
26305,26305,32,114
26306,26306,32,73
26307,26307,32,27
26308,26308,32,48
26309,26309,33,85
26310,26310,33,71
26311,26311,33,49
26312,26312,33,99
26313,26313,34,75
26314,26314,34,61
26315,26315,34,31
26316,26316,34,73
26317,26317,35,50
26318,26318,35,71
26319,26319,35,71
26320,26320,35,45
26321,26321,1,26
26322,26322,1,19
26323,26323,1,17
26324,26324,1,42
26325,26325,2,29
26326,26326,2,35
26327,26327,2,6
26328,26328,2,47
26329,26329,3,24
26330,26330,3,12
26331,26331,3,12
26332,26332,3,37
26333,26333,4,61
26334,26334,4,34
26335,26335,4,21
26336,26336,4,23
26337,26337,5,13
26338,26338,5,35
26339,26339,5,11
26340,26340,5,25
26341,26341,6,60
26342,26342,6,26
26343,26343,6,39
26344,26344,6,28
26345,26345,7,42
26346,26346,7,28
26347,26347,7,13
26348,26348,7,7
26349,26349,8,41
26350,26350,8,16
26351,26351,8,38
26352,26352,8,55
26353,26353,9,65
26354,26354,9,35
26355,26355,9,25
26356,26356,9,60
26357,26357,10,42
26358,26358,10,23
26359,26359,10,16
26360,26360,10,58
26361,26361,11,47
26362,26362,11,28
26363,26363,11,16
26364,26364,11,43
26365,26365,12,9
26366,26366,12,37
26367,26367,12,21
26368,26368,12,32
26369,26369,13,19
26370,26370,13,52
26371,26371,13,21
26372,26372,13,30
26373,26373,14,47
26374,26374,14,15
26375,26375,14,18
26376,26376,14,15
26377,26377,15,18
26378,26378,15,51
26379,26379,15,25
26380,26380,15,25
26381,26381,16,49
26382,26382,16,17
26383,26383,16,19
26384,26384,16,38
26385,26385,17,13
26386,26386,17,40
26387,26387,17,29
26388,26388,17,27
26389,26389,18,38
26390,26390,18,32
26391,26391,18,20
26392,26392,18,54
26393,26393,19,43
26394,26394,19,38
26395,26395,19,30
26396,26396,19,34
26397,26397,20,25
26398,26398,20,39
26399,26399,20,26
26400,26400,20,35
26401,26401,21,38
26402,26402,21,13
26403,26403,21,14
26404,26404,21,38
26405,26405,22,54
26406,26406,22,15
26407,26407,22,18
26408,26408,22,26
26409,26409,23,31
26410,26410,23,19
26411,26411,23,23
26412,26412,23,47
26413,26413,24,39
26414,26414,24,13
26415,26415,24,17
26416,26416,24,42
26417,26417,25,46
26418,26418,25,42
26419,26419,25,17
26420,26420,25,21
26421,26421,26,50
26422,26422,26,22
26423,26423,26,32
26424,26424,26,22
26425,26425,27,42
26426,26426,27,48
26427,26427,27,30
26428,26428,27,35
26429,26429,28,71
26430,26430,28,18
26431,26431,28,40
26432,26432,28,35
26433,26433,29,66
26434,26434,29,30
26435,26435,29,41
26436,26436,29,25
26437,26437,30,47
26438,26438,30,31
26439,26439,30,13
26440,26440,30,68
26441,26441,31,30
26442,26442,31,58
26443,26443,31,20
26444,26444,31,12
26445,26445,32,58
26446,26446,32,24
26447,26447,32,19
26448,26448,32,27
26449,26449,33,46
26450,26450,33,33
26451,26451,33,43
26452,26452,33,59
26453,26453,34,62
26454,26454,34,34
26455,26455,34,41
26456,26456,34,40
26457,26457,35,35
26458,26458,35,14
26459,26459,35,22
26460,26460,35,55
26461,26461,1,43
26462,26462,1,18
26463,26463,1,13
26464,26464,1,28
26465,26465,2,15
26466,26466,2,20
26467,26467,2,34
26468,26468,2,13
26469,26469,3,66
26470,26470,3,32
26471,26471,3,22
26472,26472,3,30
26473,26473,4,61
26474,26474,4,48
26475,26475,4,18
26476,26476,4,20
26477,26477,5,50
26478,26478,5,30
26479,26479,5,39
26480,26480,5,37
26481,26481,6,25
26482,26482,6,12
26483,26483,6,16
26484,26484,6,43
26485,26485,7,40
26486,26486,7,40
26487,26487,7,34
26488,26488,7,28
26489,26489,8,38
26490,26490,8,39
26491,26491,8,24
26492,26492,8,28
26493,26493,9,33
26494,26494,9,25
26495,26495,9,19
26496,26496,9,28
26497,26497,10,68
26498,26498,10,21
26499,26499,10,26
26500,26500,10,24
26501,26501,11,46
26502,26502,11,26
26503,26503,11,40
26504,26504,11,29
26505,26505,12,27
26506,26506,12,40
26507,26507,12,41
26508,26508,12,19
26509,26509,13,27
26510,26510,13,15
26511,26511,13,40
26512,26512,13,38
26513,26513,14,55
26514,26514,14,39
26515,26515,14,22
26516,26516,14,37
26517,26517,15,54
26518,26518,15,19
26519,26519,15,15
26520,26520,15,47
26521,26521,16,38
26522,26522,16,23
26523,26523,16,26
26524,26524,16,20
26525,26525,17,57
26526,26526,17,29
26527,26527,17,11
26528,26528,17,50
26529,26529,18,66
26530,26530,18,7
26531,26531,18,22
26532,26532,18,30
26533,26533,19,37
26534,26534,19,20
26535,26535,19,30
26536,26536,19,36
26537,26537,20,55
26538,26538,20,36
26539,26539,20,15
26540,26540,20,37
26541,26541,21,28
26542,26542,21,54
26543,26543,21,21
26544,26544,21,9
26545,26545,22,67
26546,26546,22,22
26547,26547,22,14
26548,26548,22,65
26549,26549,23,29
26550,26550,23,22
26551,26551,23,30
26552,26552,23,31
26553,26553,24,63
26554,26554,24,37
26555,26555,24,13
26556,26556,24,32
26557,26557,25,40
26558,26558,25,25
26559,26559,25,20
26560,26560,25,22
26561,26561,26,27
26562,26562,26,28
26563,26563,26,20
26564,26564,26,25
26565,26565,27,67
26566,26566,27,28
26567,26567,27,22
26568,26568,27,13
26569,26569,28,15
26570,26570,28,30
26571,26571,28,29
26572,26572,28,23
26573,26573,29,13
26574,26574,29,46
26575,26575,29,31
26576,26576,29,36
26577,26577,30,68
26578,26578,30,19
26579,26579,30,41
26580,26580,30,35
26581,26581,31,62
26582,26582,31,35
26583,26583,31,22
26584,26584,31,25
26585,26585,32,16
26586,26586,32,38
26587,26587,32,30
26588,26588,32,35
26589,26589,33,34
26590,26590,33,25
26591,26591,33,11
26592,26592,33,26
26593,26593,34,42
26594,26594,34,18
26595,26595,34,21
26596,26596,34,29
26597,26597,35,29
26598,26598,35,13
26599,26599,35,14
26600,26600,35,65
26601,26601,1,39
26602,26602,1,24
26603,26603,1,45
26604,26604,1,44
26605,26605,2,66
26606,26606,2,42
26607,26607,2,52
26608,26608,2,68
26609,26609,3,31
26610,26610,3,20
26611,26611,3,18
26612,26612,3,52
26613,26613,4,60
26614,26614,4,18
26615,26615,4,27
26616,26616,4,47
26617,26617,5,28
26618,26618,5,49
26619,26619,5,25
26620,26620,5,13
26621,26621,6,58
26622,26622,6,19
26623,26623,6,26
26624,26624,6,41
26625,26625,7,57
26626,26626,7,41
26627,26627,7,15
26628,26628,7,31
26629,26629,8,61
26630,26630,8,52
26631,26631,8,20
26632,26632,8,38
26633,26633,9,64
26634,26634,9,24
26635,26635,9,21
26636,26636,9,18
26637,26637,10,34
26638,26638,10,22
26639,26639,10,22
26640,26640,10,32
26641,26641,11,65
26642,26642,11,33
26643,26643,11,22
26644,26644,11,36
26645,26645,12,37
26646,26646,12,40
26647,26647,12,28
26648,26648,12,24
26649,26649,13,38
26650,26650,13,31
26651,26651,13,23
26652,26652,13,24
26653,26653,14,38
26654,26654,14,29
26655,26655,14,24
26656,26656,14,26
26657,26657,15,80
26658,26658,15,25
26659,26659,15,44
26660,26660,15,38
26661,26661,16,47
26662,26662,16,24
26663,26663,16,20
26664,26664,16,26
26665,26665,17,34
26666,26666,17,21
26667,26667,17,18
26668,26668,17,15
26669,26669,18,44
26670,26670,18,43
26671,26671,18,12
26672,26672,18,23
26673,26673,19,67
26674,26674,19,20
26675,26675,19,33
26676,26676,19,18
26677,26677,20,36
26678,26678,20,20
26679,26679,20,22
26680,26680,20,61
26681,26681,21,50
26682,26682,21,23
26683,26683,21,23
26684,26684,21,47
26685,26685,22,82
26686,26686,22,50
26687,26687,22,19
26688,26688,22,24
26689,26689,23,30
26690,26690,23,48
26691,26691,23,31
26692,26692,23,32
26693,26693,24,32
26694,26694,24,19
26695,26695,24,64
26696,26696,24,52
26697,26697,25,35
26698,26698,25,42
26699,26699,25,12
26700,26700,25,17
26701,26701,26,60
26702,26702,26,60
26703,26703,26,14
26704,26704,26,62
26705,26705,27,49
26706,26706,27,21
26707,26707,27,17
26708,26708,27,42
26709,26709,28,37
26710,26710,28,26
26711,26711,28,42
26712,26712,28,30
26713,26713,29,59
26714,26714,29,37
26715,26715,29,21
26716,26716,29,27
26717,26717,30,45
26718,26718,30,20
26719,26719,30,23
26720,26720,30,34
26721,26721,31,55
26722,26722,31,35
26723,26723,31,19
26724,26724,31,48
26725,26725,32,61
26726,26726,32,7
26727,26727,32,21
26728,26728,32,54
26729,26729,33,65
26730,26730,33,55
26731,26731,33,23
26732,26732,33,65
26733,26733,34,25
26734,26734,34,15
26735,26735,34,34
26736,26736,34,64
26737,26737,35,42
26738,26738,35,16
26739,26739,35,23
26740,26740,35,29
26741,26741,1,49
26742,26742,1,18
26743,26743,1,29
26744,26744,1,57
26745,26745,2,34
26746,26746,2,33
26747,26747,2,34
26748,26748,2,46
26749,26749,3,57
26750,26750,3,31
26751,26751,3,29
26752,26752,3,25
26753,26753,4,81
26754,26754,4,40
26755,26755,4,37
26756,26756,4,42
26757,26757,5,63
26758,26758,5,73
26759,26759,5,28
26760,26760,5,29
26761,26761,6,47
26762,26762,6,44
26763,26763,6,23
26764,26764,6,45
26765,26765,7,61
26766,26766,7,32
26767,26767,7,31
26768,26768,7,32
26769,26769,8,44
26770,26770,8,30
26771,26771,8,37
26772,26772,8,57
26773,26773,9,52
26774,26774,9,35
26775,26775,9,19
26776,26776,9,34
26777,26777,10,66
26778,26778,10,23
26779,26779,10,24
26780,26780,10,44
26781,26781,11,69
26782,26782,11,28
26783,26783,11,28
26784,26784,11,29
26785,26785,12,50
26786,26786,12,77
26787,26787,12,53
26788,26788,12,69
26789,26789,13,30
26790,26790,13,17
26791,26791,13,17
26792,26792,13,43
26793,26793,14,60
26794,26794,14,57
26795,26795,14,21
26796,26796,14,44
26797,26797,15,78
26798,26798,15,37
26799,26799,15,17
26800,26800,15,40
26801,26801,16,73
26802,26802,16,52
26803,26803,16,16
26804,26804,16,39
26805,26805,17,43
26806,26806,17,49
26807,26807,17,15
26808,26808,17,69
26809,26809,18,39
26810,26810,18,36
26811,26811,18,18
26812,26812,18,37
26813,26813,19,44
26814,26814,19,38
26815,26815,19,20
26816,26816,19,68
26817,26817,20,49
26818,26818,20,27
26819,26819,20,26
26820,26820,20,37
26821,26821,21,56
26822,26822,21,28
26823,26823,21,40
26824,26824,21,35
26825,26825,22,42
26826,26826,22,55
26827,26827,22,24
26828,26828,22,30
26829,26829,23,31
26830,26830,23,66
26831,26831,23,44
26832,26832,23,39
26833,26833,24,38
26834,26834,24,69
26835,26835,24,19
26836,26836,24,38
26837,26837,25,45
26838,26838,25,39
26839,26839,25,39
26840,26840,25,40
26841,26841,26,67
26842,26842,26,31
26843,26843,26,17
26844,26844,26,70
26845,26845,27,44
26846,26846,27,68
26847,26847,27,29
26848,26848,27,30
26849,26849,28,28
26850,26850,28,28
26851,26851,28,20
26852,26852,28,49
26853,26853,29,62
26854,26854,29,45
26855,26855,29,27
26856,26856,29,51
26857,26857,30,48
26858,26858,30,70
26859,26859,30,23
26860,26860,30,24
26861,26861,31,67
26862,26862,31,21
26863,26863,31,46
26864,26864,31,44
26865,26865,32,22
26866,26866,32,36
26867,26867,32,41
26868,26868,32,32
26869,26869,33,40
26870,26870,33,26
26871,26871,33,25
26872,26872,33,42
26873,26873,34,81
26874,26874,34,37
26875,26875,34,52
26876,26876,34,36
26877,26877,35,44
26878,26878,35,56
26879,26879,35,32
26880,26880,35,35
26881,26881,1,61
26882,26882,1,48
26883,26883,1,18
26884,26884,1,88
26885,26885,2,32
26886,26886,2,53
26887,26887,2,23
26888,26888,2,95
26889,26889,3,34
26890,26890,3,47
26891,26891,3,84
26892,26892,3,35
26893,26893,4,52
26894,26894,4,41
26895,26895,4,23
26896,26896,4,37
26897,26897,5,26
26898,26898,5,46
26899,26899,5,59
26900,26900,5,67
26901,26901,6,85
26902,26902,6,42
26903,26903,6,49
26904,26904,6,83
26905,26905,7,79
26906,26906,7,45
26907,26907,7,29
26908,26908,7,77
26909,26909,8,43
26910,26910,8,60
26911,26911,8,29
26912,26912,8,66
26913,26913,9,30
26914,26914,9,57
26915,26915,9,49
26916,26916,9,69
26917,26917,10,57
26918,26918,10,21
26919,26919,10,71
26920,26920,10,75
26921,26921,11,108
26922,26922,11,47
26923,26923,11,25
26924,26924,11,45
26925,26925,12,70
26926,26926,12,48
26927,26927,12,41
26928,26928,12,73
26929,26929,13,70
26930,26930,13,43
26931,26931,13,43
26932,26932,13,41
26933,26933,14,64
26934,26934,14,38
26935,26935,14,46
26936,26936,14,82
26937,26937,15,37
26938,26938,15,56
26939,26939,15,50
26940,26940,15,53
26941,26941,16,73
26942,26942,16,28
26943,26943,16,27
26944,26944,16,60
26945,26945,17,40
26946,26946,17,16
26947,26947,17,21
26948,26948,17,47
26949,26949,18,97
26950,26950,18,53
26951,26951,18,30
26952,26952,18,72
26953,26953,19,50
26954,26954,19,35
26955,26955,19,24
26956,26956,19,35
26957,26957,20,56
26958,26958,20,39
26959,26959,20,43
26960,26960,20,26
26961,26961,21,63
26962,26962,21,42
26963,26963,21,14
26964,26964,21,49
26965,26965,22,87
26966,26966,22,39
26967,26967,22,39
26968,26968,22,41
26969,26969,23,102
26970,26970,23,27
26971,26971,23,56
26972,26972,23,69
26973,26973,24,70
26974,26974,24,59
26975,26975,24,23
26976,26976,24,56
26977,26977,25,54
26978,26978,25,21
26979,26979,25,56
26980,26980,25,89
26981,26981,26,76
26982,26982,26,50
26983,26983,26,16
26984,26984,26,77
26985,26985,27,35
26986,26986,27,42
26987,26987,27,25
26988,26988,27,36
26989,26989,28,82
26990,26990,28,38
26991,26991,28,43
26992,26992,28,36
26993,26993,29,73
26994,26994,29,17
26995,26995,29,34
26996,26996,29,52
26997,26997,30,72
26998,26998,30,40
26999,26999,30,51
27000,27000,30,70
27001,27001,31,52
27002,27002,31,46
27003,27003,31,30
27004,27004,31,43
27005,27005,32,57
27006,27006,32,82
27007,27007,32,34
27008,27008,32,39
27009,27009,33,78
27010,27010,33,63
27011,27011,33,13
27012,27012,33,70
27013,27013,34,34
27014,27014,34,39
27015,27015,34,68
27016,27016,34,39
27017,27017,35,95
27018,27018,35,49
27019,27019,35,46
27020,27020,35,63
27021,27021,1,75
27022,27022,1,75
27023,27023,1,39
27024,27024,1,64
27025,27025,2,83
27026,27026,2,50
27027,27027,2,51
27028,27028,2,86
27029,27029,3,86
27030,27030,3,54
27031,27031,3,36
27032,27032,3,72
27033,27033,4,99
27034,27034,4,103
27035,27035,4,56
27036,27036,4,83
27037,27037,5,56
27038,27038,5,65
27039,27039,5,60
27040,27040,5,32
27041,27041,6,88
27042,27042,6,21
27043,27043,6,27
27044,27044,6,81
27045,27045,7,81
27046,27046,7,63
27047,27047,7,58
27048,27048,7,51
27049,27049,8,47
27050,27050,8,70
27051,27051,8,54
27052,27052,8,44
27053,27053,9,58
27054,27054,9,78
27055,27055,9,24
27056,27056,9,61
27057,27057,10,72
27058,27058,10,57
27059,27059,10,121
27060,27060,10,127
27061,27061,11,83
27062,27062,11,42
27063,27063,11,70
27064,27064,11,123
27065,27065,12,93
27066,27066,12,59
27067,27067,12,30
27068,27068,12,129
27069,27069,13,54
27070,27070,13,89
27071,27071,13,41
27072,27072,13,72
27073,27073,14,53
27074,27074,14,70
27075,27075,14,28
27076,27076,14,67
27077,27077,15,63
27078,27078,15,64
27079,27079,15,60
27080,27080,15,38
27081,27081,16,103
27082,27082,16,77
27083,27083,16,70
27084,27084,16,124
27085,27085,17,135
27086,27086,17,58
27087,27087,17,23
27088,27088,17,36
27089,27089,18,70
27090,27090,18,71
27091,27091,18,36
27092,27092,18,139
27093,27093,19,59
27094,27094,19,52
27095,27095,19,21
27096,27096,19,44
27097,27097,20,69
27098,27098,20,22
27099,27099,20,87
27100,27100,20,53
27101,27101,21,62
27102,27102,21,44
27103,27103,21,38
27104,27104,21,53
27105,27105,22,54
27106,27106,22,54
27107,27107,22,37
27108,27108,22,55
27109,27109,23,60
27110,27110,23,59
27111,27111,23,39
27112,27112,23,81
27113,27113,24,63
27114,27114,24,52
27115,27115,24,43
27116,27116,24,46
27117,27117,25,98
27118,27118,25,69
27119,27119,25,22
27120,27120,25,36
27121,27121,26,53
27122,27122,26,105
27123,27123,26,64
27124,27124,26,100
27125,27125,27,68
27126,27126,27,62
27127,27127,27,74
27128,27128,27,76
27129,27129,28,68
27130,27130,28,33
27131,27131,28,40
27132,27132,28,74
27133,27133,29,66
27134,27134,29,54
27135,27135,29,47
27136,27136,29,55
27137,27137,30,122
27138,27138,30,89
27139,27139,30,43
27140,27140,30,129
27141,27141,31,37
27142,27142,31,88
27143,27143,31,39
27144,27144,31,45
27145,27145,32,76
27146,27146,32,77
27147,27147,32,47
27148,27148,32,82
27149,27149,33,92
27150,27150,33,55
27151,27151,33,24
27152,27152,33,97
27153,27153,34,70
27154,27154,34,48
27155,27155,34,23
27156,27156,34,43
27157,27157,35,110
27158,27158,35,46
27159,27159,35,72
27160,27160,35,65
27161,27161,1,139
27162,27162,1,93
27163,27163,1,44
27164,27164,1,41
27165,27165,2,82
27166,27166,2,76
27167,27167,2,85
27168,27168,2,25
27169,27169,3,75
27170,27170,3,66
27171,27171,3,48
27172,27172,3,47
27173,27173,4,61
27174,27174,4,38
27175,27175,4,30
27176,27176,4,42
27177,27177,5,108
27178,27178,5,58
27179,27179,5,62
27180,27180,5,75
27181,27181,6,88
27182,27182,6,66
27183,27183,6,30
27184,27184,6,48
27185,27185,7,72
27186,27186,7,39
27187,27187,7,69
27188,27188,7,76
27189,27189,8,45
27190,27190,8,80
27191,27191,8,40
27192,27192,8,24
27193,27193,9,96
27194,27194,9,27
27195,27195,9,39
27196,27196,9,26
27197,27197,10,53
27198,27198,10,50
27199,27199,10,28
27200,27200,10,45
27201,27201,11,153
27202,27202,11,46
27203,27203,11,41
27204,27204,11,31
27205,27205,12,74
27206,27206,12,35
27207,27207,12,40
27208,27208,12,54
27209,27209,13,75
27210,27210,13,104
27211,27211,13,30
27212,27212,13,86
27213,27213,14,38
27214,27214,14,96
27215,27215,14,28
27216,27216,14,49
27217,27217,15,61
27218,27218,15,27
27219,27219,15,43
27220,27220,15,42
27221,27221,16,151
27222,27222,16,17
27223,27223,16,27
27224,27224,16,48
27225,27225,17,71
27226,27226,17,81
27227,27227,17,55
27228,27228,17,73
27229,27229,18,25
27230,27230,18,59
27231,27231,18,47
27232,27232,18,57
27233,27233,19,68
27234,27234,19,127
27235,27235,19,33
27236,27236,19,60
27237,27237,20,65
27238,27238,20,37
27239,27239,20,49
27240,27240,20,43
27241,27241,21,53
27242,27242,21,52
27243,27243,21,44
27244,27244,21,73
27245,27245,22,99
27246,27246,22,153
27247,27247,22,31
27248,27248,22,37
27249,27249,23,50
27250,27250,23,71
27251,27251,23,25
27252,27252,23,19
27253,27253,24,123
27254,27254,24,57
27255,27255,24,79
27256,27256,24,57
27257,27257,25,70
27258,27258,25,58
27259,27259,25,28
27260,27260,25,38
27261,27261,26,96
27262,27262,26,51
27263,27263,26,39
27264,27264,26,60
27265,27265,27,56
27266,27266,27,72
27267,27267,27,26
27268,27268,27,21
27269,27269,28,23
27270,27270,28,43
27271,27271,28,38
27272,27272,28,106
27273,27273,29,36
27274,27274,29,47
27275,27275,29,59
27276,27276,29,43
27277,27277,30,50
27278,27278,30,55
27279,27279,30,34
27280,27280,30,51
27281,27281,31,60
27282,27282,31,45
27283,27283,31,97
27284,27284,31,85
27285,27285,32,58
27286,27286,32,53
27287,27287,32,64
27288,27288,32,61
27289,27289,33,67
27290,27290,33,49
27291,27291,33,66
27292,27292,33,51
27293,27293,34,45
27294,27294,34,54
27295,27295,34,26
27296,27296,34,28
27297,27297,35,80
27298,27298,35,76
27299,27299,35,51
27300,27300,35,75
27301,27301,1,75
27302,27302,1,30
27303,27303,1,19
27304,27304,1,33
27305,27305,2,18
27306,27306,2,29
27307,27307,2,23
27308,27308,2,37
27309,27309,3,19
27310,27310,3,44
27311,27311,3,29
27312,27312,3,14
27313,27313,4,41
27314,27314,4,40
27315,27315,4,32
27316,27316,4,40
27317,27317,5,60
27318,27318,5,42
27319,27319,5,14
27320,27320,5,16
27321,27321,6,34
27322,27322,6,56
27323,27323,6,35
27324,27324,6,63
27325,27325,7,51
27326,27326,7,22
27327,27327,7,20
27328,27328,7,24
27329,27329,8,44
27330,27330,8,32
27331,27331,8,22
27332,27332,8,23
27333,27333,9,24
27334,27334,9,34
27335,27335,9,39
27336,27336,9,24
27337,27337,10,41
27338,27338,10,28
27339,27339,10,24
27340,27340,10,21
27341,27341,11,68
27342,27342,11,36
27343,27343,11,14
27344,27344,11,16
27345,27345,12,16
27346,27346,12,19
27347,27347,12,23
27348,27348,12,44
27349,27349,13,39
27350,27350,13,22
27351,27351,13,12
27352,27352,13,19
27353,27353,14,54
27354,27354,14,28
27355,27355,14,41
27356,27356,14,31
27357,27357,15,38
27358,27358,15,10
27359,27359,15,21
27360,27360,15,19
27361,27361,16,25
27362,27362,16,20
27363,27363,16,27
27364,27364,16,23
27365,27365,17,53
27366,27366,17,37
27367,27367,17,25
27368,27368,17,20
27369,27369,18,24
27370,27370,18,18
27371,27371,18,19
27372,27372,18,33
27373,27373,19,39
27374,27374,19,21
27375,27375,19,26
27376,27376,19,59
27377,27377,20,24
27378,27378,20,21
27379,27379,20,15
27380,27380,20,39
27381,27381,21,31
27382,27382,21,29
27383,27383,21,21
27384,27384,21,43
27385,27385,22,49
27386,27386,22,23
27387,27387,22,15
27388,27388,22,29
27389,27389,23,52
27390,27390,23,31
27391,27391,23,26
27392,27392,23,33
27393,27393,24,24
27394,27394,24,18
27395,27395,24,22
27396,27396,24,60
27397,27397,25,57
27398,27398,25,21
27399,27399,25,16
27400,27400,25,38
27401,27401,26,69
27402,27402,26,18
27403,27403,26,20
27404,27404,26,38
27405,27405,27,26
27406,27406,27,24
27407,27407,27,27
27408,27408,27,20
27409,27409,28,24
27410,27410,28,39
27411,27411,28,16
27412,27412,28,15
27413,27413,29,23
27414,27414,29,6
27415,27415,29,25
27416,27416,29,48
27417,27417,30,41
27418,27418,30,8
27419,27419,30,13
27420,27420,30,43
27421,27421,31,51
27422,27422,31,28
27423,27423,31,26
27424,27424,31,21
27425,27425,32,35
27426,27426,32,48
27427,27427,32,18
27428,27428,32,39
27429,27429,33,30
27430,27430,33,23
27431,27431,33,30
27432,27432,33,44
27433,27433,34,43
27434,27434,34,21
27435,27435,34,50
27436,27436,34,30
27437,27437,35,36
27438,27438,35,25
27439,27439,35,34
27440,27440,35,30
27441,27441,1,36
27442,27442,1,21
27443,27443,1,20
27444,27444,1,30
27445,27445,2,40
27446,27446,2,29
27447,27447,2,15
27448,27448,2,28
27449,27449,3,71
27450,27450,3,15
27451,27451,3,20
27452,27452,3,53
27453,27453,4,46
27454,27454,4,35
27455,27455,4,34
27456,27456,4,32
27457,27457,5,30
27458,27458,5,39
27459,27459,5,21
27460,27460,5,25
27461,27461,6,24
27462,27462,6,58
27463,27463,6,28
27464,27464,6,27
27465,27465,7,56
27466,27466,7,20
27467,27467,7,19
27468,27468,7,47
27469,27469,8,50
27470,27470,8,26
27471,27471,8,28
27472,27472,8,55
27473,27473,9,29
27474,27474,9,26
27475,27475,9,28
27476,27476,9,35
27477,27477,10,43
27478,27478,10,32
27479,27479,10,37
27480,27480,10,21
27481,27481,11,24
27482,27482,11,17
27483,27483,11,15
27484,27484,11,37
27485,27485,12,34
27486,27486,12,20
27487,27487,12,13
27488,27488,12,16
27489,27489,13,29
27490,27490,13,45
27491,27491,13,11
27492,27492,13,33
27493,27493,14,19
27494,27494,14,27
27495,27495,14,25
27496,27496,14,28
27497,27497,15,30
27498,27498,15,48
27499,27499,15,19
27500,27500,15,19
27501,27501,16,42
27502,27502,16,23
27503,27503,16,21
27504,27504,16,21
27505,27505,17,52
27506,27506,17,21
27507,27507,17,19
27508,27508,17,28
27509,27509,18,50
27510,27510,18,47
27511,27511,18,11
27512,27512,18,37
27513,27513,19,31
27514,27514,19,19
27515,27515,19,35
27516,27516,19,59
27517,27517,20,55
27518,27518,20,34
27519,27519,20,13
27520,27520,20,43
27521,27521,21,11
27522,27522,21,21
27523,27523,21,7
27524,27524,21,24
27525,27525,22,60
27526,27526,22,44
27527,27527,22,17
27528,27528,22,51
27529,27529,23,38
27530,27530,23,27
27531,27531,23,25
27532,27532,23,60
27533,27533,24,39
27534,27534,24,38
27535,27535,24,40
27536,27536,24,42
27537,27537,25,35
27538,27538,25,48
27539,27539,25,18
27540,27540,25,25
27541,27541,26,34
27542,27542,26,21
27543,27543,26,20
27544,27544,26,34
27545,27545,27,29
27546,27546,27,19
27547,27547,27,23
27548,27548,27,33
27549,27549,28,45
27550,27550,28,43
27551,27551,28,27
27552,27552,28,51
27553,27553,29,26
27554,27554,29,30
27555,27555,29,15
27556,27556,29,46
27557,27557,30,44
27558,27558,30,40
27559,27559,30,26
27560,27560,30,20
27561,27561,31,66
27562,27562,31,19
27563,27563,31,9
27564,27564,31,29
27565,27565,32,36
27566,27566,32,19
27567,27567,32,24
27568,27568,32,26
27569,27569,33,54
27570,27570,33,22
27571,27571,33,21
27572,27572,33,37
27573,27573,34,40
27574,27574,34,24
27575,27575,34,20
27576,27576,34,47
27577,27577,35,49
27578,27578,35,42
27579,27579,35,32
27580,27580,35,44
27581,27581,1,88
27582,27582,1,65
27583,27583,1,108
27584,27584,1,100
27585,27585,2,165
27586,27586,2,57
27587,27587,2,56
27588,27588,2,51
27589,27589,3,137
27590,27590,3,64
27591,27591,3,103
27592,27592,3,114
27593,27593,4,118
27594,27594,4,100
27595,27595,4,106
27596,27596,4,70
27597,27597,5,80
27598,27598,5,49
27599,27599,5,114
27600,27600,5,74
27601,27601,6,224
27602,27602,6,177
27603,27603,6,38
27604,27604,6,192
27605,27605,7,177
27606,27606,7,87
27607,27607,7,67
27608,27608,7,79
27609,27609,8,110
27610,27610,8,73
27611,27611,8,50
27612,27612,8,122
27613,27613,9,97
27614,27614,9,137
27615,27615,9,121
27616,27616,9,149
27617,27617,10,170
27618,27618,10,177
27619,27619,10,80
27620,27620,10,116
27621,27621,11,181
27622,27622,11,35
27623,27623,11,59
27624,27624,11,121
27625,27625,12,91
27626,27626,12,152
27627,27627,12,52
27628,27628,12,75
27629,27629,13,134
27630,27630,13,18
27631,27631,13,61
27632,27632,13,122
27633,27633,14,113
27634,27634,14,187
27635,27635,14,111
27636,27636,14,111
27637,27637,15,156
27638,27638,15,94
27639,27639,15,48
27640,27640,15,47
27641,27641,16,132
27642,27642,16,51
27643,27643,16,53
27644,27644,16,60
27645,27645,17,88
27646,27646,17,54
27647,27647,17,70
27648,27648,17,116
27649,27649,18,143
27650,27650,18,106
27651,27651,18,85
27652,27652,18,114
27653,27653,19,70
27654,27654,19,46
27655,27655,19,52
27656,27656,19,127
27657,27657,20,108
27658,27658,20,86
27659,27659,20,90
27660,27660,20,90
27661,27661,21,111
27662,27662,21,138
27663,27663,21,52
27664,27664,21,133
27665,27665,22,167
27666,27666,22,96
27667,27667,22,86
27668,27668,22,74
27669,27669,23,157
27670,27670,23,57
27671,27671,23,51
27672,27672,23,79
27673,27673,24,184
27674,27674,24,51
27675,27675,24,64
27676,27676,24,46
27677,27677,25,135
27678,27678,25,79
27679,27679,25,43
27680,27680,25,101
27681,27681,26,188
27682,27682,26,80
27683,27683,26,33
27684,27684,26,94
27685,27685,27,55
27686,27686,27,86
27687,27687,27,38
27688,27688,27,110
27689,27689,28,70
27690,27690,28,108
27691,27691,28,42
27692,27692,28,84
27693,27693,29,103
27694,27694,29,53
27695,27695,29,90
27696,27696,29,36
27697,27697,30,105
27698,27698,30,183
27699,27699,30,24
27700,27700,30,105
27701,27701,31,128
27702,27702,31,68
27703,27703,31,69
27704,27704,31,131
27705,27705,32,77
27706,27706,32,41
27707,27707,32,67
27708,27708,32,66
27709,27709,33,123
27710,27710,33,84
27711,27711,33,46
27712,27712,33,87
27713,27713,34,116
27714,27714,34,42
27715,27715,34,130
27716,27716,34,116
27717,27717,35,71
27718,27718,35,106
27719,27719,35,71
27720,27720,35,124
27721,27721,1,97
27722,27722,1,88
27723,27723,1,106
27724,27724,1,75
27725,27725,2,184
27726,27726,2,141
27727,27727,2,53
27728,27728,2,73
27729,27729,3,136
27730,27730,3,73
27731,27731,3,153
27732,27732,3,108
27733,27733,4,36
27734,27734,4,96
27735,27735,4,42
27736,27736,4,151
27737,27737,5,86
27738,27738,5,70
27739,27739,5,40
27740,27740,5,132
27741,27741,6,191
27742,27742,6,58
27743,27743,6,39
27744,27744,6,116
27745,27745,7,163
27746,27746,7,75
27747,27747,7,74
27748,27748,7,145
27749,27749,8,180
27750,27750,8,111
27751,27751,8,75
27752,27752,8,75
27753,27753,9,102
27754,27754,9,47
27755,27755,9,104
27756,27756,9,56
27757,27757,10,244
27758,27758,10,118
27759,27759,10,102
27760,27760,10,121
27761,27761,11,114
27762,27762,11,169
27763,27763,11,93
27764,27764,11,72
27765,27765,12,152
27766,27766,12,122
27767,27767,12,27
27768,27768,12,47
27769,27769,13,211
27770,27770,13,120
27771,27771,13,81
27772,27772,13,147
27773,27773,14,155
27774,27774,14,132
27775,27775,14,53
27776,27776,14,74
27777,27777,15,127
27778,27778,15,80
27779,27779,15,67
27780,27780,15,63
27781,27781,16,118
27782,27782,16,115
27783,27783,16,88
27784,27784,16,153
27785,27785,17,166
27786,27786,17,57
27787,27787,17,52
27788,27788,17,193
27789,27789,18,71
27790,27790,18,151
27791,27791,18,56
27792,27792,18,113
27793,27793,19,304
27794,27794,19,190
27795,27795,19,88
27796,27796,19,85
27797,27797,20,118
27798,27798,20,70
27799,27799,20,70
27800,27800,20,63
27801,27801,21,166
27802,27802,21,34
27803,27803,21,52
27804,27804,21,179
27805,27805,22,74
27806,27806,22,144
27807,27807,22,28
27808,27808,22,191
27809,27809,23,125
27810,27810,23,207
27811,27811,23,83
27812,27812,23,166
27813,27813,24,86
27814,27814,24,73
27815,27815,24,37
27816,27816,24,77
27817,27817,25,216
27818,27818,25,138
27819,27819,25,109
27820,27820,25,117
27821,27821,26,163
27822,27822,26,222
27823,27823,26,57
27824,27824,26,66
27825,27825,27,128
27826,27826,27,104
27827,27827,27,51
27828,27828,27,112
27829,27829,28,243
27830,27830,28,158
27831,27831,28,48
27832,27832,28,121
27833,27833,29,104
27834,27834,29,119
27835,27835,29,46
27836,27836,29,44
27837,27837,30,157
27838,27838,30,65
27839,27839,30,88
27840,27840,30,155
27841,27841,31,143
27842,27842,31,43
27843,27843,31,98
27844,27844,31,88
27845,27845,32,125
27846,27846,32,65
27847,27847,32,111
27848,27848,32,90
27849,27849,33,156
27850,27850,33,79
27851,27851,33,64
27852,27852,33,73
27853,27853,34,157
27854,27854,34,112
27855,27855,34,62
27856,27856,34,99
27857,27857,35,156
27858,27858,35,68
27859,27859,35,43
27860,27860,35,152
27861,27861,1,164
27862,27862,1,97
27863,27863,1,97
27864,27864,1,185
27865,27865,2,88
27866,27866,2,60
27867,27867,2,90
27868,27868,2,79
27869,27869,3,136
27870,27870,3,97
27871,27871,3,93
27872,27872,3,81
27873,27873,4,310
27874,27874,4,46
27875,27875,4,51
27876,27876,4,86
27877,27877,5,111
27878,27878,5,96
27879,27879,5,26
27880,27880,5,63
27881,27881,6,175
27882,27882,6,106
27883,27883,6,72
27884,27884,6,125
27885,27885,7,122
27886,27886,7,76
27887,27887,7,203
27888,27888,7,118
27889,27889,8,42
27890,27890,8,146
27891,27891,8,60
27892,27892,8,133
27893,27893,9,201
27894,27894,9,101
27895,27895,9,110
27896,27896,9,119
27897,27897,10,147
27898,27898,10,164
27899,27899,10,81
27900,27900,10,125
27901,27901,11,221
27902,27902,11,67
27903,27903,11,37
27904,27904,11,127
27905,27905,12,166
27906,27906,12,77
27907,27907,12,78
27908,27908,12,182
27909,27909,13,121
27910,27910,13,89
27911,27911,13,116
27912,27912,13,144
27913,27913,14,147
27914,27914,14,150
27915,27915,14,85
27916,27916,14,119
27917,27917,15,156
27918,27918,15,66
27919,27919,15,101
27920,27920,15,94
27921,27921,16,131
27922,27922,16,136
27923,27923,16,67
27924,27924,16,140
27925,27925,17,259
27926,27926,17,86
27927,27927,17,108
27928,27928,17,174
27929,27929,18,181
27930,27930,18,108
27931,27931,18,62
27932,27932,18,69
27933,27933,19,80
27934,27934,19,61
27935,27935,19,138
27936,27936,19,138
27937,27937,20,312
27938,27938,20,61
27939,27939,20,86
27940,27940,20,135
27941,27941,21,113
27942,27942,21,124
27943,27943,21,136
27944,27944,21,201
27945,27945,22,161
27946,27946,22,107
27947,27947,22,60
27948,27948,22,111
27949,27949,23,147
27950,27950,23,173
27951,27951,23,60
27952,27952,23,205
27953,27953,24,95
27954,27954,24,88
27955,27955,24,55
27956,27956,24,100
27957,27957,25,113
27958,27958,25,138
27959,27959,25,82
27960,27960,25,162
27961,27961,26,113
27962,27962,26,95
27963,27963,26,76
27964,27964,26,160
27965,27965,27,146
27966,27966,27,99
27967,27967,27,115
27968,27968,27,75
27969,27969,28,230
27970,27970,28,94
27971,27971,28,80
27972,27972,28,127
27973,27973,29,148
27974,27974,29,89
27975,27975,29,43
27976,27976,29,208
27977,27977,30,136
27978,27978,30,136
27979,27979,30,47
27980,27980,30,98
27981,27981,31,64
27982,27982,31,186
27983,27983,31,173
27984,27984,31,108
27985,27985,32,159
27986,27986,32,93
27987,27987,32,133
27988,27988,32,181
27989,27989,33,184
27990,27990,33,61
27991,27991,33,72
27992,27992,33,88
27993,27993,34,181
27994,27994,34,220
27995,27995,34,123
27996,27996,34,124
27997,27997,35,174
27998,27998,35,80
27999,27999,35,70
28000,28000,35,134
28001,28001,1,178
28002,28002,1,147
28003,28003,1,186
28004,28004,1,212
28005,28005,2,166
28006,28006,2,101
28007,28007,2,97
28008,28008,2,106
28009,28009,3,117
28010,28010,3,189
28011,28011,3,96
28012,28012,3,175
28013,28013,4,175
28014,28014,4,149
28015,28015,4,100
28016,28016,4,258
28017,28017,5,179
28018,28018,5,277
28019,28019,5,211
28020,28020,5,190
28021,28021,6,173
28022,28022,6,88
28023,28023,6,138
28024,28024,6,243
28025,28025,7,216
28026,28026,7,128
28027,28027,7,56
28028,28028,7,310
28029,28029,8,97
28030,28030,8,133
28031,28031,8,93
28032,28032,8,100
28033,28033,9,180
28034,28034,9,105
28035,28035,9,120
28036,28036,9,135
28037,28037,10,159
28038,28038,10,190
28039,28039,10,159
28040,28040,10,237
28041,28041,11,200
28042,28042,11,59
28043,28043,11,141
28044,28044,11,280
28045,28045,12,133
28046,28046,12,104
28047,28047,12,76
28048,28048,12,123
28049,28049,13,117
28050,28050,13,124
28051,28051,13,111
28052,28052,13,155
28053,28053,14,168
28054,28054,14,163
28055,28055,14,212
28056,28056,14,178
28057,28057,15,281
28058,28058,15,121
28059,28059,15,147
28060,28060,15,188
28061,28061,16,339
28062,28062,16,108
28063,28063,16,71
28064,28064,16,177
28065,28065,17,174
28066,28066,17,107
28067,28067,17,84
28068,28068,17,134
28069,28069,18,301
28070,28070,18,151
28071,28071,18,128
28072,28072,18,131
28073,28073,19,59
28074,28074,19,204
28075,28075,19,130
28076,28076,19,225
28077,28077,20,291
28078,28078,20,131
28079,28079,20,82
28080,28080,20,255
28081,28081,21,82
28082,28082,21,150
28083,28083,21,93
28084,28084,21,87
28085,28085,22,172
28086,28086,22,159
28087,28087,22,41
28088,28088,22,245
28089,28089,23,120
28090,28090,23,99
28091,28091,23,101
28092,28092,23,72
28093,28093,24,277
28094,28094,24,114
28095,28095,24,80
28096,28096,24,118
28097,28097,25,196
28098,28098,25,294
28099,28099,25,138
28100,28100,25,78
28101,28101,26,213
28102,28102,26,192
28103,28103,26,47
28104,28104,26,124
28105,28105,27,198
28106,28106,27,337
28107,28107,27,59
28108,28108,27,124
28109,28109,28,137
28110,28110,28,107
28111,28111,28,97
28112,28112,28,133
28113,28113,29,251
28114,28114,29,245
28115,28115,29,100
28116,28116,29,147
28117,28117,30,198
28118,28118,30,98
28119,28119,30,47
28120,28120,30,130
28121,28121,31,225
28122,28122,31,128
28123,28123,31,250
28124,28124,31,270
28125,28125,32,266
28126,28126,32,145
28127,28127,32,172
28128,28128,32,144
28129,28129,33,234
28130,28130,33,177
28131,28131,33,82
28132,28132,33,289
28133,28133,34,84
28134,28134,34,162
28135,28135,34,127
28136,28136,34,220
28137,28137,35,227
28138,28138,35,135
28139,28139,35,126
28140,28140,35,111
28141,28141,1,157
28142,28142,1,95
28143,28143,1,77
28144,28144,1,124
28145,28145,2,184
28146,28146,2,114
28147,28147,2,90
28148,28148,2,105
28149,28149,3,215
28150,28150,3,168
28151,28151,3,158
28152,28152,3,147
28153,28153,4,185
28154,28154,4,86
28155,28155,4,141
28156,28156,4,243
28157,28157,5,174
28158,28158,5,162
28159,28159,5,97
28160,28160,5,109
28161,28161,6,175
28162,28162,6,115
28163,28163,6,214
28164,28164,6,89
28165,28165,7,182
28166,28166,7,53
28167,28167,7,88
28168,28168,7,101
28169,28169,8,147
28170,28170,8,163
28171,28171,8,113
28172,28172,8,171
28173,28173,9,232
28174,28174,9,124
28175,28175,9,152
28176,28176,9,219
28177,28177,10,119
28178,28178,10,189
28179,28179,10,151
28180,28180,10,80
28181,28181,11,82
28182,28182,11,229
28183,28183,11,80
28184,28184,11,73
28185,28185,12,178
28186,28186,12,108
28187,28187,12,113
28188,28188,12,141
28189,28189,13,275
28190,28190,13,139
28191,28191,13,118
28192,28192,13,309
28193,28193,14,147
28194,28194,14,96
28195,28195,14,54
28196,28196,14,136
28197,28197,15,304
28198,28198,15,100
28199,28199,15,227
28200,28200,15,213
28201,28201,16,139
28202,28202,16,125
28203,28203,16,92
28204,28204,16,236
28205,28205,17,183
28206,28206,17,147
28207,28207,17,82
28208,28208,17,80
28209,28209,18,271
28210,28210,18,103
28211,28211,18,151
28212,28212,18,203
28213,28213,19,270
28214,28214,19,42
28215,28215,19,106
28216,28216,19,184
28217,28217,20,256
28218,28218,20,70
28219,28219,20,46
28220,28220,20,216
28221,28221,21,174
28222,28222,21,117
28223,28223,21,128
28224,28224,21,216
28225,28225,22,103
28226,28226,22,221
28227,28227,22,157
28228,28228,22,109
28229,28229,23,83
28230,28230,23,168
28231,28231,23,151
28232,28232,23,178
28233,28233,24,219
28234,28234,24,225
28235,28235,24,65
28236,28236,24,123
28237,28237,25,203
28238,28238,25,144
28239,28239,25,141
28240,28240,25,197
28241,28241,26,214
28242,28242,26,96
28243,28243,26,64
28244,28244,26,185
28245,28245,27,180
28246,28246,27,148
28247,28247,27,130
28248,28248,27,139
28249,28249,28,86
28250,28250,28,199
28251,28251,28,162
28252,28252,28,158
28253,28253,29,101
28254,28254,29,153
28255,28255,29,117
28256,28256,29,180
28257,28257,30,142
28258,28258,30,95
28259,28259,30,132
28260,28260,30,192
28261,28261,31,174
28262,28262,31,84
28263,28263,31,73
28264,28264,31,115
28265,28265,32,233
28266,28266,32,162
28267,28267,32,137
28268,28268,32,211
28269,28269,33,121
28270,28270,33,188
28271,28271,33,94
28272,28272,33,126
28273,28273,34,179
28274,28274,34,243
28275,28275,34,113
28276,28276,34,284
28277,28277,35,189
28278,28278,35,100
28279,28279,35,49
28280,28280,35,195
28281,28281,1,127
28282,28282,1,71
28283,28283,1,54
28284,28284,1,88
28285,28285,2,92
28286,28286,2,66
28287,28287,2,52
28288,28288,2,112
28289,28289,3,170
28290,28290,3,72
28291,28291,3,76
28292,28292,3,58
28293,28293,4,51
28294,28294,4,54
28295,28295,4,122
28296,28296,4,28
28297,28297,5,275
28298,28298,5,86
28299,28299,5,62
28300,28300,5,69
28301,28301,6,103
28302,28302,6,50
28303,28303,6,90
28304,28304,6,56
28305,28305,7,87
28306,28306,7,174
28307,28307,7,20
28308,28308,7,55
28309,28309,8,114
28310,28310,8,104
28311,28311,8,64
28312,28312,8,135
28313,28313,9,110
28314,28314,9,151
28315,28315,9,81
28316,28316,9,94
28317,28317,10,125
28318,28318,10,72
28319,28319,10,21
28320,28320,10,87
28321,28321,11,80
28322,28322,11,99
28323,28323,11,91
28324,28324,11,53
28325,28325,12,76
28326,28326,12,52
28327,28327,12,93
28328,28328,12,105
28329,28329,13,106
28330,28330,13,111
28331,28331,13,87
28332,28332,13,42
28333,28333,14,144
28334,28334,14,85
28335,28335,14,61
28336,28336,14,48
28337,28337,15,114
28338,28338,15,64
28339,28339,15,57
28340,28340,15,75
28341,28341,16,52
28342,28342,16,87
28343,28343,16,30
28344,28344,16,70
28345,28345,17,161
28346,28346,17,67
28347,28347,17,60
28348,28348,17,158
28349,28349,18,70
28350,28350,18,201
28351,28351,18,44
28352,28352,18,102
28353,28353,19,140
28354,28354,19,111
28355,28355,19,36
28356,28356,19,83
28357,28357,20,140
28358,28358,20,130
28359,28359,20,85
28360,28360,20,116
28361,28361,21,126
28362,28362,21,75
28363,28363,21,86
28364,28364,21,40
28365,28365,22,186
28366,28366,22,64
28367,28367,22,88
28368,28368,22,60
28369,28369,23,84
28370,28370,23,40
28371,28371,23,64
28372,28372,23,130
28373,28373,24,82
28374,28374,24,31
28375,28375,24,34
28376,28376,24,91
28377,28377,25,67
28378,28378,25,38
28379,28379,25,62
28380,28380,25,148
28381,28381,26,79
28382,28382,26,56
28383,28383,26,50
28384,28384,26,70
28385,28385,27,156
28386,28386,27,52
28387,28387,27,56
28388,28388,27,85
28389,28389,28,112
28390,28390,28,81
28391,28391,28,50
28392,28392,28,56
28393,28393,29,108
28394,28394,29,55
28395,28395,29,47
28396,28396,29,75
28397,28397,30,150
28398,28398,30,50
28399,28399,30,27
28400,28400,30,88
28401,28401,31,97
28402,28402,31,65
28403,28403,31,35
28404,28404,31,52
28405,28405,32,80
28406,28406,32,103
28407,28407,32,32
28408,28408,32,125
28409,28409,33,43
28410,28410,33,77
28411,28411,33,47
28412,28412,33,131
28413,28413,34,94
28414,28414,34,125
28415,28415,34,47
28416,28416,34,32
28417,28417,35,55
28418,28418,35,96
28419,28419,35,63
28420,28420,35,38
28421,28421,1,54
28422,28422,1,14
28423,28423,1,78
28424,28424,1,40
28425,28425,2,50
28426,28426,2,58
28427,28427,2,82
28428,28428,2,101
28429,28429,3,90
28430,28430,3,54
28431,28431,3,69
28432,28432,3,111
28433,28433,4,133
28434,28434,4,69
28435,28435,4,82
28436,28436,4,95
28437,28437,5,46
28438,28438,5,146
28439,28439,5,33
28440,28440,5,87
28441,28441,6,149
28442,28442,6,132
28443,28443,6,49
28444,28444,6,37
28445,28445,7,73
28446,28446,7,61
28447,28447,7,49
28448,28448,7,86
28449,28449,8,90
28450,28450,8,82
28451,28451,8,64
28452,28452,8,72
28453,28453,9,106
28454,28454,9,65
28455,28455,9,82
28456,28456,9,147
28457,28457,10,93
28458,28458,10,49
28459,28459,10,77
28460,28460,10,117
28461,28461,11,158
28462,28462,11,122
28463,28463,11,86
28464,28464,11,108
28465,28465,12,198
28466,28466,12,119
28467,28467,12,92
28468,28468,12,49
28469,28469,13,134
28470,28470,13,54
28471,28471,13,40
28472,28472,13,143
28473,28473,14,24
28474,28474,14,52
28475,28475,14,43
28476,28476,14,67
28477,28477,15,99
28478,28478,15,61
28479,28479,15,84
28480,28480,15,47
28481,28481,16,74
28482,28482,16,75
28483,28483,16,86
28484,28484,16,67
28485,28485,17,161
28486,28486,17,184
28487,28487,17,72
28488,28488,17,60
28489,28489,18,138
28490,28490,18,68
28491,28491,18,48
28492,28492,18,42
28493,28493,19,192
28494,28494,19,63
28495,28495,19,67
28496,28496,19,90
28497,28497,20,82
28498,28498,20,90
28499,28499,20,130
28500,28500,20,50
28501,28501,21,119
28502,28502,21,110
28503,28503,21,53
28504,28504,21,136
28505,28505,22,62
28506,28506,22,102
28507,28507,22,46
28508,28508,22,61
28509,28509,23,93
28510,28510,23,40
28511,28511,23,34
28512,28512,23,48
28513,28513,24,159
28514,28514,24,51
28515,28515,24,39
28516,28516,24,65
28517,28517,25,99
28518,28518,25,46
28519,28519,25,85
28520,28520,25,74
28521,28521,26,174
28522,28522,26,58
28523,28523,26,50
28524,28524,26,138
28525,28525,27,139
28526,28526,27,40
28527,28527,27,100
28528,28528,27,49
28529,28529,28,170
28530,28530,28,52
28531,28531,28,34
28532,28532,28,69
28533,28533,29,162
28534,28534,29,81
28535,28535,29,113
28536,28536,29,54
28537,28537,30,58
28538,28538,30,67
28539,28539,30,18
28540,28540,30,65
28541,28541,31,183
28542,28542,31,76
28543,28543,31,76
28544,28544,31,71
28545,28545,32,105
28546,28546,32,76
28547,28547,32,75
28548,28548,32,106
28549,28549,33,96
28550,28550,33,77
28551,28551,33,108
28552,28552,33,108
28553,28553,34,137
28554,28554,34,43
28555,28555,34,103
28556,28556,34,44
28557,28557,35,154
28558,28558,35,53
28559,28559,35,60
28560,28560,35,129
28561,28561,1,66
28562,28562,1,54
28563,28563,1,13
28564,28564,1,26
28565,28565,2,46
28566,28566,2,64
28567,28567,2,25
28568,28568,2,20
28569,28569,3,34
28570,28570,3,22
28571,28571,3,39
28572,28572,3,31
28573,28573,4,30
28574,28574,4,25
28575,28575,4,19
28576,28576,4,31
28577,28577,5,35
28578,28578,5,20
28579,28579,5,27
28580,28580,5,33
28581,28581,6,57
28582,28582,6,13
28583,28583,6,43
28584,28584,6,62
28585,28585,7,57
28586,28586,7,51
28587,28587,7,14
28588,28588,7,30
28589,28589,8,60
28590,28590,8,48
28591,28591,8,11
28592,28592,8,41
28593,28593,9,47
28594,28594,9,39
28595,28595,9,29
28596,28596,9,21
28597,28597,10,40
28598,28598,10,36
28599,28599,10,36
28600,28600,10,45
28601,28601,11,79
28602,28602,11,47
28603,28603,11,16
28604,28604,11,25
28605,28605,12,47
28606,28606,12,37
28607,28607,12,32
28608,28608,12,24
28609,28609,13,68
28610,28610,13,27
28611,28611,13,17
28612,28612,13,44
28613,28613,14,52
28614,28614,14,13
28615,28615,14,27
28616,28616,14,18
28617,28617,15,43
28618,28618,15,71
28619,28619,15,28
28620,28620,15,50
28621,28621,16,62
28622,28622,16,33
28623,28623,16,24
28624,28624,16,17
28625,28625,17,34
28626,28626,17,30
28627,28627,17,24
28628,28628,17,36
28629,28629,18,59
28630,28630,18,81
28631,28631,18,25
28632,28632,18,33
28633,28633,19,58
28634,28634,19,15
28635,28635,19,21
28636,28636,19,81
28637,28637,20,39
28638,28638,20,26
28639,28639,20,47
28640,28640,20,25
28641,28641,21,42
28642,28642,21,22
28643,28643,21,42
28644,28644,21,24
28645,28645,22,40
28646,28646,22,31
28647,28647,22,16
28648,28648,22,41
28649,28649,23,50
28650,28650,23,36
28651,28651,23,34
28652,28652,23,37
28653,28653,24,65
28654,28654,24,29
28655,28655,24,16
28656,28656,24,23
28657,28657,25,41
28658,28658,25,44
28659,28659,25,27
28660,28660,25,25
28661,28661,26,60
28662,28662,26,18
28663,28663,26,6
28664,28664,26,23
28665,28665,27,77
28666,28666,27,19
28667,28667,27,16
28668,28668,27,85
28669,28669,28,39
28670,28670,28,36
28671,28671,28,28
28672,28672,28,59
28673,28673,29,72
28674,28674,29,37
28675,28675,29,17
28676,28676,29,32
28677,28677,30,38
28678,28678,30,23
28679,28679,30,13
28680,28680,30,10
28681,28681,31,53
28682,28682,31,47
28683,28683,31,27
28684,28684,31,42
28685,28685,32,67
28686,28686,32,35
28687,28687,32,51
28688,28688,32,16
28689,28689,33,62
28690,28690,33,12
28691,28691,33,37
28692,28692,33,57
28693,28693,34,47
28694,28694,34,41
28695,28695,34,14
28696,28696,34,41
28697,28697,35,33
28698,28698,35,30
28699,28699,35,25
28700,28700,35,58
28701,28701,1,57
28702,28702,1,20
28703,28703,1,20
28704,28704,1,58
28705,28705,2,40
28706,28706,2,31
28707,28707,2,28
28708,28708,2,56
28709,28709,3,58
28710,28710,3,41
28711,28711,3,39
28712,28712,3,30
28713,28713,4,62
28714,28714,4,69
28715,28715,4,30
28716,28716,4,35
28717,28717,5,83
28718,28718,5,40
28719,28719,5,19
28720,28720,5,44
28721,28721,6,47
28722,28722,6,38
28723,28723,6,23
28724,28724,6,33
28725,28725,7,72
28726,28726,7,75
28727,28727,7,14
28728,28728,7,67
28729,28729,8,57
28730,28730,8,46
28731,28731,8,21
28732,28732,8,49
28733,28733,9,51
28734,28734,9,25
28735,28735,9,42
28736,28736,9,20
28737,28737,10,31
28738,28738,10,15
28739,28739,10,25
28740,28740,10,72
28741,28741,11,35
28742,28742,11,38
28743,28743,11,21
28744,28744,11,19
28745,28745,12,47
28746,28746,12,44
28747,28747,12,30
28748,28748,12,77
28749,28749,13,68
28750,28750,13,34
28751,28751,13,25
28752,28752,13,40
28753,28753,14,52
28754,28754,14,48
28755,28755,14,31
28756,28756,14,32
28757,28757,15,58
28758,28758,15,15
28759,28759,15,30
28760,28760,15,59
28761,28761,16,50
28762,28762,16,30
28763,28763,16,22
28764,28764,16,38
28765,28765,17,38
28766,28766,17,25
28767,28767,17,24
28768,28768,17,27
28769,28769,18,49
28770,28770,18,49
28771,28771,18,23
28772,28772,18,50
28773,28773,19,65
28774,28774,19,50
28775,28775,19,24
28776,28776,19,32
28777,28777,20,63
28778,28778,20,16
28779,28779,20,28
28780,28780,20,46
28781,28781,21,24
28782,28782,21,37
28783,28783,21,30
28784,28784,21,21
28785,28785,22,54
28786,28786,22,49
28787,28787,22,48
28788,28788,22,25
28789,28789,23,64
28790,28790,23,39
28791,28791,23,20
28792,28792,23,47
28793,28793,24,40
28794,28794,24,50
28795,28795,24,26
28796,28796,24,34
28797,28797,25,59
28798,28798,25,23
28799,28799,25,49
28800,28800,25,34
28801,28801,26,57
28802,28802,26,43
28803,28803,26,29
28804,28804,26,26
28805,28805,27,51
28806,28806,27,29
28807,28807,27,34
28808,28808,27,60
28809,28809,28,27
28810,28810,28,47
28811,28811,28,31
28812,28812,28,20
28813,28813,29,83
28814,28814,29,55
28815,28815,29,32
28816,28816,29,53
28817,28817,30,39
28818,28818,30,43
28819,28819,30,17
28820,28820,30,33
28821,28821,31,64
28822,28822,31,33
28823,28823,31,27
28824,28824,31,54
28825,28825,32,55
28826,28826,32,40
28827,28827,32,37
28828,28828,32,49
28829,28829,33,25
28830,28830,33,25
28831,28831,33,36
28832,28832,33,30
28833,28833,34,68
28834,28834,34,49
28835,28835,34,59
28836,28836,34,19
28837,28837,35,30
28838,28838,35,24
28839,28839,35,11
28840,28840,35,68
28841,28841,1,75
28842,28842,1,68
28843,28843,1,78
28844,28844,1,34
28845,28845,2,88
28846,28846,2,22
28847,28847,2,30
28848,28848,2,40
28849,28849,3,23
28850,28850,3,33
28851,28851,3,29
28852,28852,3,88
28853,28853,4,94
28854,28854,4,35
28855,28855,4,17
28856,28856,4,47
28857,28857,5,87
28858,28858,5,38
28859,28859,5,42
28860,28860,5,49
28861,28861,6,44
28862,28862,6,42
28863,28863,6,45
28864,28864,6,51
28865,28865,7,70
28866,28866,7,47
28867,28867,7,35
28868,28868,7,53
28869,28869,8,60
28870,28870,8,89
28871,28871,8,49
28872,28872,8,64
28873,28873,9,46
28874,28874,9,49
28875,28875,9,49
28876,28876,9,67
28877,28877,10,53
28878,28878,10,86
28879,28879,10,49
28880,28880,10,38
28881,28881,11,54
28882,28882,11,42
28883,28883,11,41
28884,28884,11,46
28885,28885,12,43
28886,28886,12,78
28887,28887,12,32
28888,28888,12,95
28889,28889,13,67
28890,28890,13,26
28891,28891,13,26
28892,28892,13,43
28893,28893,14,41
28894,28894,14,81
28895,28895,14,25
28896,28896,14,53
28897,28897,15,112
28898,28898,15,49
28899,28899,15,27
28900,28900,15,25
28901,28901,16,48
28902,28902,16,63
28903,28903,16,34
28904,28904,16,31
28905,28905,17,58
28906,28906,17,39
28907,28907,17,32
28908,28908,17,56
28909,28909,18,89
28910,28910,18,49
28911,28911,18,33
28912,28912,18,40
28913,28913,19,58
28914,28914,19,45
28915,28915,19,41
28916,28916,19,67
28917,28917,20,64
28918,28918,20,49
28919,28919,20,23
28920,28920,20,81
28921,28921,21,78
28922,28922,21,77
28923,28923,21,29
28924,28924,21,68
28925,28925,22,59
28926,28926,22,28
28927,28927,22,47
28928,28928,22,93
28929,28929,23,59
28930,28930,23,30
28931,28931,23,63
28932,28932,23,48
28933,28933,24,63
28934,28934,24,94
28935,28935,24,21
28936,28936,24,53
28937,28937,25,79
28938,28938,25,51
28939,28939,25,29
28940,28940,25,77
28941,28941,26,27
28942,28942,26,45
28943,28943,26,44
28944,28944,26,63
28945,28945,27,87
28946,28946,27,40
28947,28947,27,64
28948,28948,27,66
28949,28949,28,79
28950,28950,28,26
28951,28951,28,45
28952,28952,28,50
28953,28953,29,70
28954,28954,29,33
28955,28955,29,19
28956,28956,29,49
28957,28957,30,12
28958,28958,30,29
28959,28959,30,54
28960,28960,30,90
28961,28961,31,36
28962,28962,31,82
28963,28963,31,16
28964,28964,31,81
28965,28965,32,44
28966,28966,32,82
28967,28967,32,44
28968,28968,32,59
28969,28969,33,33
28970,28970,33,54
28971,28971,33,42
28972,28972,33,37
28973,28973,34,94
28974,28974,34,41
28975,28975,34,51
28976,28976,34,40
28977,28977,35,57
28978,28978,35,64
28979,28979,35,42
28980,28980,35,60
28981,28981,1,66
28982,28982,1,41
28983,28983,1,35
28984,28984,1,73
28985,28985,2,105
28986,28986,2,69
28987,28987,2,82
28988,28988,2,52
28989,28989,3,229
28990,28990,3,71
28991,28991,3,79
28992,28992,3,57
28993,28993,4,63
28994,28994,4,47
28995,28995,4,43
28996,28996,4,81
28997,28997,5,96
28998,28998,5,55
28999,28999,5,45
29000,29000,5,48
29001,29001,6,65
29002,29002,6,79
29003,29003,6,57
29004,29004,6,57
29005,29005,7,91
29006,29006,7,98
29007,29007,7,56
29008,29008,7,58
29009,29009,8,46
29010,29010,8,72
29011,29011,8,44
29012,29012,8,72
29013,29013,9,43
29014,29014,9,77
29015,29015,9,50
29016,29016,9,43
29017,29017,10,55
29018,29018,10,54
29019,29019,10,51
29020,29020,10,75
29021,29021,11,118
29022,29022,11,60
29023,29023,11,36
29024,29024,11,46
29025,29025,12,80
29026,29026,12,50
29027,29027,12,57
29028,29028,12,42
29029,29029,13,86
29030,29030,13,51
29031,29031,13,66
29032,29032,13,49
29033,29033,14,65
29034,29034,14,58
29035,29035,14,39
29036,29036,14,61
29037,29037,15,60
29038,29038,15,30
29039,29039,15,38
29040,29040,15,48
29041,29041,16,81
29042,29042,16,56
29043,29043,16,21
29044,29044,16,53
29045,29045,17,80
29046,29046,17,68
29047,29047,17,69
29048,29048,17,58
29049,29049,18,71
29050,29050,18,148
29051,29051,18,77
29052,29052,18,68
29053,29053,19,90
29054,29054,19,142
29055,29055,19,37
29056,29056,19,92
29057,29057,20,58
29058,29058,20,95
29059,29059,20,32
29060,29060,20,98
29061,29061,21,53
29062,29062,21,68
29063,29063,21,72
29064,29064,21,86
29065,29065,22,61
29066,29066,22,67
29067,29067,22,35
29068,29068,22,81
29069,29069,23,40
29070,29070,23,30
29071,29071,23,37
29072,29072,23,91
29073,29073,24,56
29074,29074,24,36
29075,29075,24,34
29076,29076,24,49
29077,29077,25,124
29078,29078,25,51
29079,29079,25,37
29080,29080,25,52
29081,29081,26,58
29082,29082,26,47
29083,29083,26,25
29084,29084,26,53
29085,29085,27,72
29086,29086,27,146
29087,29087,27,69
29088,29088,27,95
29089,29089,28,130
29090,29090,28,58
29091,29091,28,27
29092,29092,28,55
29093,29093,29,85
29094,29094,29,64
29095,29095,29,24
29096,29096,29,119
29097,29097,30,120
29098,29098,30,46
29099,29099,30,29
29100,29100,30,51
29101,29101,31,96
29102,29102,31,37
29103,29103,31,52
29104,29104,31,68
29105,29105,32,53
29106,29106,32,39
29107,29107,32,48
29108,29108,32,39
29109,29109,33,50
29110,29110,33,77
29111,29111,33,52
29112,29112,33,96
29113,29113,34,111
29114,29114,34,62
29115,29115,34,42
29116,29116,34,73
29117,29117,35,101
29118,29118,35,33
29119,29119,35,61
29120,29120,35,46
29121,29121,1,97
29122,29122,1,17
29123,29123,1,24
29124,29124,1,35
29125,29125,2,72
29126,29126,2,61
29127,29127,2,34
29128,29128,2,30
29129,29129,3,51
29130,29130,3,31
29131,29131,3,34
29132,29132,3,74
29133,29133,4,14
29134,29134,4,89
29135,29135,4,46
29136,29136,4,80
29137,29137,5,87
29138,29138,5,27
29139,29139,5,59
29140,29140,5,72
29141,29141,6,93
29142,29142,6,52
29143,29143,6,59
29144,29144,6,75
29145,29145,7,63
29146,29146,7,34
29147,29147,7,57
29148,29148,7,73
29149,29149,8,94
29150,29150,8,118
29151,29151,8,37
29152,29152,8,49
29153,29153,9,57
29154,29154,9,77
29155,29155,9,51
29156,29156,9,72
29157,29157,10,46
29158,29158,10,39
29159,29159,10,48
29160,29160,10,37
29161,29161,11,83
29162,29162,11,50
29163,29163,11,28
29164,29164,11,52
29165,29165,12,65
29166,29166,12,32
29167,29167,12,32
29168,29168,12,26
29169,29169,13,46
29170,29170,13,36
29171,29171,13,66
29172,29172,13,51
29173,29173,14,86
29174,29174,14,30
29175,29175,14,41
29176,29176,14,51
29177,29177,15,54
29178,29178,15,52
29179,29179,15,29
29180,29180,15,40
29181,29181,16,63
29182,29182,16,74
29183,29183,16,55
29184,29184,16,103
29185,29185,17,55
29186,29186,17,33
29187,29187,17,21
29188,29188,17,42
29189,29189,18,56
29190,29190,18,35
29191,29191,18,78
29192,29192,18,48
29193,29193,19,130
29194,29194,19,64
29195,29195,19,47
29196,29196,19,64
29197,29197,20,75
29198,29198,20,98
29199,29199,20,52
29200,29200,20,80
29201,29201,21,57
29202,29202,21,31
29203,29203,21,28
29204,29204,21,44
29205,29205,22,48
29206,29206,22,68
29207,29207,22,49
29208,29208,22,67
29209,29209,23,83
29210,29210,23,73
29211,29211,23,72
29212,29212,23,38
29213,29213,24,75
29214,29214,24,45
29215,29215,24,18
29216,29216,24,123
29217,29217,25,64
29218,29218,25,42
29219,29219,25,40
29220,29220,25,80
29221,29221,26,55
29222,29222,26,56
29223,29223,26,77
29224,29224,26,42
29225,29225,27,68
29226,29226,27,34
29227,29227,27,26
29228,29228,27,35
29229,29229,28,51
29230,29230,28,22
29231,29231,28,27
29232,29232,28,92
29233,29233,29,46
29234,29234,29,26
29235,29235,29,43
29236,29236,29,36
29237,29237,30,68
29238,29238,30,74
29239,29239,30,29
29240,29240,30,107
29241,29241,31,65
29242,29242,31,50
29243,29243,31,17
29244,29244,31,46
29245,29245,32,84
29246,29246,32,29
29247,29247,32,52
29248,29248,32,78
29249,29249,33,120
29250,29250,33,59
29251,29251,33,46
29252,29252,33,75
29253,29253,34,85
29254,29254,34,53
29255,29255,34,61
29256,29256,34,39
29257,29257,35,67
29258,29258,35,62
29259,29259,35,52
29260,29260,35,77
29261,29261,1,23
29262,29262,1,33
29263,29263,1,29
29264,29264,1,71
29265,29265,2,40
29266,29266,2,8
29267,29267,2,14
29268,29268,2,40
29269,29269,3,42
29270,29270,3,11
29271,29271,3,19
29272,29272,3,28
29273,29273,4,25
29274,29274,4,48
29275,29275,4,35
29276,29276,4,31
29277,29277,5,50
29278,29278,5,25
29279,29279,5,17
29280,29280,5,45
29281,29281,6,63
29282,29282,6,22
29283,29283,6,20
29284,29284,6,25
29285,29285,7,34
29286,29286,7,43
29287,29287,7,26
29288,29288,7,39
29289,29289,8,52
29290,29290,8,30
29291,29291,8,14
29292,29292,8,27
29293,29293,9,32
29294,29294,9,47
29295,29295,9,37
29296,29296,9,40
29297,29297,10,48
29298,29298,10,31
29299,29299,10,17
29300,29300,10,21
29301,29301,11,52
29302,29302,11,19
29303,29303,11,28
29304,29304,11,31
29305,29305,12,40
29306,29306,12,29
29307,29307,12,29
29308,29308,12,21
29309,29309,13,26
29310,29310,13,19
29311,29311,13,26
29312,29312,13,30
29313,29313,14,50
29314,29314,14,23
29315,29315,14,22
29316,29316,14,31
29317,29317,15,40
29318,29318,15,28
29319,29319,15,18
29320,29320,15,26
29321,29321,16,36
29322,29322,16,25
29323,29323,16,15
29324,29324,16,35
29325,29325,17,59
29326,29326,17,26
29327,29327,17,26
29328,29328,17,47
29329,29329,18,51
29330,29330,18,22
29331,29331,18,30
29332,29332,18,50
29333,29333,19,32
29334,29334,19,12
29335,29335,19,38
29336,29336,19,29
29337,29337,20,49
29338,29338,20,25
29339,29339,20,10
29340,29340,20,17
29341,29341,21,46
29342,29342,21,10
29343,29343,21,31
29344,29344,21,59
29345,29345,22,42
29346,29346,22,30
29347,29347,22,15
29348,29348,22,31
29349,29349,23,19
29350,29350,23,47
29351,29351,23,20
29352,29352,23,60
29353,29353,24,31
29354,29354,24,28
29355,29355,24,14
29356,29356,24,38
29357,29357,25,18
29358,29358,25,18
29359,29359,25,9
29360,29360,25,41
29361,29361,26,35
29362,29362,26,12
29363,29363,26,20
29364,29364,26,22
29365,29365,27,45
29366,29366,27,23
29367,29367,27,26
29368,29368,27,38
29369,29369,28,37
29370,29370,28,24
29371,29371,28,10
29372,29372,28,51
29373,29373,29,28
29374,29374,29,20
29375,29375,29,18
29376,29376,29,39
29377,29377,30,45
29378,29378,30,33
29379,29379,30,26
29380,29380,30,46
29381,29381,31,34
29382,29382,31,24
29383,29383,31,36
29384,29384,31,58
29385,29385,32,52
29386,29386,32,16
29387,29387,32,32
29388,29388,32,28
29389,29389,33,28
29390,29390,33,26
29391,29391,33,27
29392,29392,33,50
29393,29393,34,47
29394,29394,34,22
29395,29395,34,27
29396,29396,34,24
29397,29397,35,25
29398,29398,35,26
29399,29399,35,20
29400,29400,35,23
29401,29401,1,40
29402,29402,1,40
29403,29403,1,20
29404,29404,1,37
29405,29405,2,32
29406,29406,2,38
29407,29407,2,21
29408,29408,2,23
29409,29409,3,42
29410,29410,3,27
29411,29411,3,24
29412,29412,3,44
29413,29413,4,25
29414,29414,4,32
29415,29415,4,16
29416,29416,4,21
29417,29417,5,43
29418,29418,5,34
29419,29419,5,22
29420,29420,5,54
29421,29421,6,39
29422,29422,6,19
29423,29423,6,27
29424,29424,6,30
29425,29425,7,65
29426,29426,7,38
29427,29427,7,36
29428,29428,7,29
29429,29429,8,27
29430,29430,8,31
29431,29431,8,30
29432,29432,8,52
29433,29433,9,34
29434,29434,9,21
29435,29435,9,38
29436,29436,9,43
29437,29437,10,28
29438,29438,10,17
29439,29439,10,15
29440,29440,10,51
29441,29441,11,30
29442,29442,11,29
29443,29443,11,29
29444,29444,11,41
29445,29445,12,55
29446,29446,12,35
29447,29447,12,12
29448,29448,12,38
29449,29449,13,36
29450,29450,13,48
29451,29451,13,34
29452,29452,13,50
29453,29453,14,20
29454,29454,14,11
29455,29455,14,22
29456,29456,14,22
29457,29457,15,53
29458,29458,15,23
29459,29459,15,25
29460,29460,15,42
29461,29461,16,79
29462,29462,16,29
29463,29463,16,26
29464,29464,16,42
29465,29465,17,29
29466,29466,17,53
29467,29467,17,42
29468,29468,17,39
29469,29469,18,52
29470,29470,18,13
29471,29471,18,14
29472,29472,18,33
29473,29473,19,35
29474,29474,19,29
29475,29475,19,29
29476,29476,19,25
29477,29477,20,18
29478,29478,20,59
29479,29479,20,38
29480,29480,20,32
29481,29481,21,53
29482,29482,21,13
29483,29483,21,28
29484,29484,21,17
29485,29485,22,26
29486,29486,22,17
29487,29487,22,22
29488,29488,22,44
29489,29489,23,51
29490,29490,23,25
29491,29491,23,7
29492,29492,23,32
29493,29493,24,19
29494,29494,24,27
29495,29495,24,35
29496,29496,24,63
29497,29497,25,36
29498,29498,25,26
29499,29499,25,21
29500,29500,25,67
29501,29501,26,61
29502,29502,26,56
29503,29503,26,34
29504,29504,26,17
29505,29505,27,70
29506,29506,27,41
29507,29507,27,15
29508,29508,27,32
29509,29509,28,35
29510,29510,28,26
29511,29511,28,6
29512,29512,28,45
29513,29513,29,14
29514,29514,29,40
29515,29515,29,23
29516,29516,29,22
29517,29517,30,38
29518,29518,30,28
29519,29519,30,17
29520,29520,30,37
29521,29521,31,23
29522,29522,31,29
29523,29523,31,21
29524,29524,31,32
29525,29525,32,47
29526,29526,32,36
29527,29527,32,9
29528,29528,32,31
29529,29529,33,44
29530,29530,33,35
29531,29531,33,24
29532,29532,33,28
29533,29533,34,39
29534,29534,34,29
29535,29535,34,20
29536,29536,34,22
29537,29537,35,47
29538,29538,35,40
29539,29539,35,23
29540,29540,35,31
29541,29541,1,47
29542,29542,1,18
29543,29543,1,43
29544,29544,1,69
29545,29545,2,40
29546,29546,2,42
29547,29547,2,26
29548,29548,2,53
29549,29549,3,36
29550,29550,3,42
29551,29551,3,21
29552,29552,3,61
29553,29553,4,45
29554,29554,4,34
29555,29555,4,30
29556,29556,4,37
29557,29557,5,67
29558,29558,5,28
29559,29559,5,39
29560,29560,5,50
29561,29561,6,27
29562,29562,6,19
29563,29563,6,32
29564,29564,6,16
29565,29565,7,68
29566,29566,7,21
29567,29567,7,26
29568,29568,7,32
29569,29569,8,37
29570,29570,8,32
29571,29571,8,18
29572,29572,8,37
29573,29573,9,57
29574,29574,9,49
29575,29575,9,17
29576,29576,9,51
29577,29577,10,33
29578,29578,10,14
29579,29579,10,29
29580,29580,10,50
29581,29581,11,59
29582,29582,11,56
29583,29583,11,18
29584,29584,11,48
29585,29585,12,52
29586,29586,12,43
29587,29587,12,53
29588,29588,12,26
29589,29589,13,45
29590,29590,13,47
29591,29591,13,26
29592,29592,13,72
29593,29593,14,41
29594,29594,14,18
29595,29595,14,22
29596,29596,14,29
29597,29597,15,34
29598,29598,15,32
29599,29599,15,46
29600,29600,15,31
29601,29601,16,53
29602,29602,16,46
29603,29603,16,34
29604,29604,16,40
29605,29605,17,36
29606,29606,17,29
29607,29607,17,26
29608,29608,17,64
29609,29609,18,36
29610,29610,18,25
29611,29611,18,39
29612,29612,18,53
29613,29613,19,47
29614,29614,19,76
29615,29615,19,14
29616,29616,19,38
29617,29617,20,45
29618,29618,20,39
29619,29619,20,40
29620,29620,20,33
29621,29621,21,74
29622,29622,21,38
29623,29623,21,32
29624,29624,21,11
29625,29625,22,32
29626,29626,22,29
29627,29627,22,25
29628,29628,22,46
29629,29629,23,82
29630,29630,23,29
29631,29631,23,24
29632,29632,23,42
29633,29633,24,30
29634,29634,24,25
29635,29635,24,26
29636,29636,24,18
29637,29637,25,72
29638,29638,25,35
29639,29639,25,37
29640,29640,25,27
29641,29641,26,43
29642,29642,26,18
29643,29643,26,38
29644,29644,26,57
29645,29645,27,62
29646,29646,27,25
29647,29647,27,38
29648,29648,27,24
29649,29649,28,35
29650,29650,28,41
29651,29651,28,23
29652,29652,28,55
29653,29653,29,68
29654,29654,29,56
29655,29655,29,27
29656,29656,29,61
29657,29657,30,22
29658,29658,30,33
29659,29659,30,17
29660,29660,30,51
29661,29661,31,87
29662,29662,31,29
29663,29663,31,17
29664,29664,31,38
29665,29665,32,32
29666,29666,32,30
29667,29667,32,33
29668,29668,32,31
29669,29669,33,82
29670,29670,33,21
29671,29671,33,24
29672,29672,33,33
29673,29673,34,46
29674,29674,34,31
29675,29675,34,25
29676,29676,34,50
29677,29677,35,31
29678,29678,35,35
29679,29679,35,35
29680,29680,35,59
29681,29681,1,7
29682,29682,1,45
29683,29683,1,25
29684,29684,1,48
29685,29685,2,60
29686,29686,2,58
29687,29687,2,28
29688,29688,2,24
29689,29689,3,36
29690,29690,3,33
29691,29691,3,42
29692,29692,3,35
29693,29693,4,60
29694,29694,4,63
29695,29695,4,13
29696,29696,4,49
29697,29697,5,40
29698,29698,5,29
29699,29699,5,21
29700,29700,5,59
29701,29701,6,42
29702,29702,6,35
29703,29703,6,44
29704,29704,6,78
29705,29705,7,55
29706,29706,7,44
29707,29707,7,25
29708,29708,7,56
29709,29709,8,27
29710,29710,8,38
29711,29711,8,30
29712,29712,8,25
29713,29713,9,36
29714,29714,9,28
29715,29715,9,9
29716,29716,9,25
29717,29717,10,46
29718,29718,10,31
29719,29719,10,22
29720,29720,10,16
29721,29721,11,49
29722,29722,11,48
29723,29723,11,29
29724,29724,11,38
29725,29725,12,65
29726,29726,12,54
29727,29727,12,34
29728,29728,12,31
29729,29729,13,49
29730,29730,13,45
29731,29731,13,19
29732,29732,13,30
29733,29733,14,36
29734,29734,14,28
29735,29735,14,14
29736,29736,14,83
29737,29737,15,76
29738,29738,15,24
29739,29739,15,21
29740,29740,15,36
29741,29741,16,65
29742,29742,16,50
29743,29743,16,12
29744,29744,16,26
29745,29745,17,61
29746,29746,17,42
29747,29747,17,16
29748,29748,17,36
29749,29749,18,69
29750,29750,18,37
29751,29751,18,40
29752,29752,18,43
29753,29753,19,69
29754,29754,19,44
29755,29755,19,32
29756,29756,19,41
29757,29757,20,48
29758,29758,20,25
29759,29759,20,21
29760,29760,20,26
29761,29761,21,58
29762,29762,21,62
29763,29763,21,20
29764,29764,21,78
29765,29765,22,30
29766,29766,22,28
29767,29767,22,45
29768,29768,22,54
29769,29769,23,85
29770,29770,23,30
29771,29771,23,14
29772,29772,23,62
29773,29773,24,78
29774,29774,24,64
29775,29775,24,36
29776,29776,24,47
29777,29777,25,62
29778,29778,25,21
29779,29779,25,16
29780,29780,25,23
29781,29781,26,59
29782,29782,26,28
29783,29783,26,23
29784,29784,26,59
29785,29785,27,51
29786,29786,27,28
29787,29787,27,50
29788,29788,27,84
29789,29789,28,68
29790,29790,28,34
29791,29791,28,16
29792,29792,28,25
29793,29793,29,49
29794,29794,29,22
29795,29795,29,34
29796,29796,29,83
29797,29797,30,27
29798,29798,30,27
29799,29799,30,24
29800,29800,30,25
29801,29801,31,53
29802,29802,31,54
29803,29803,31,31
29804,29804,31,41
29805,29805,32,86
29806,29806,32,35
29807,29807,32,22
29808,29808,32,38
29809,29809,33,85
29810,29810,33,53
29811,29811,33,18
29812,29812,33,55
29813,29813,34,16
29814,29814,34,38
29815,29815,34,26
29816,29816,34,36
29817,29817,35,63
29818,29818,35,41
29819,29819,35,14
29820,29820,35,56
29821,29821,1,43
29822,29822,1,35
29823,29823,1,35
29824,29824,1,36
29825,29825,2,82
29826,29826,2,48
29827,29827,2,24
29828,29828,2,79
29829,29829,3,56
29830,29830,3,53
29831,29831,3,48
29832,29832,3,36
29833,29833,4,97
29834,29834,4,71
29835,29835,4,27
29836,29836,4,21
29837,29837,5,59
29838,29838,5,44
29839,29839,5,56
29840,29840,5,44
29841,29841,6,85
29842,29842,6,47
29843,29843,6,65
29844,29844,6,43
29845,29845,7,82
29846,29846,7,42
29847,29847,7,25
29848,29848,7,51
29849,29849,8,54
29850,29850,8,43
29851,29851,8,43
29852,29852,8,45
29853,29853,9,53
29854,29854,9,43
29855,29855,9,14
29856,29856,9,72
29857,29857,10,61
29858,29858,10,22
29859,29859,10,72
29860,29860,10,77
29861,29861,11,61
29862,29862,11,31
29863,29863,11,22
29864,29864,11,75
29865,29865,12,96
29866,29866,12,53
29867,29867,12,33
29868,29868,12,43
29869,29869,13,61
29870,29870,13,48
29871,29871,13,44
29872,29872,13,39
29873,29873,14,22
29874,29874,14,51
29875,29875,14,31
29876,29876,14,34
29877,29877,15,47
29878,29878,15,36
29879,29879,15,44
29880,29880,15,69
29881,29881,16,93
29882,29882,16,39
29883,29883,16,54
29884,29884,16,27
29885,29885,17,135
29886,29886,17,80
29887,29887,17,63
29888,29888,17,61
29889,29889,18,36
29890,29890,18,37
29891,29891,18,25
29892,29892,18,40
29893,29893,19,73
29894,29894,19,67
29895,29895,19,24
29896,29896,19,37
29897,29897,20,66
29898,29898,20,53
29899,29899,20,50
29900,29900,20,51
29901,29901,21,53
29902,29902,21,22
29903,29903,21,13
29904,29904,21,88
29905,29905,22,55
29906,29906,22,36
29907,29907,22,30
29908,29908,22,77
29909,29909,23,61
29910,29910,23,39
29911,29911,23,53
29912,29912,23,36
29913,29913,24,64
29914,29914,24,31
29915,29915,24,14
29916,29916,24,47
29917,29917,25,50
29918,29918,25,62
29919,29919,25,47
29920,29920,25,102
29921,29921,26,40
29922,29922,26,28
29923,29923,26,77
29924,29924,26,34
29925,29925,27,31
29926,29926,27,43
29927,29927,27,59
29928,29928,27,35
29929,29929,28,117
29930,29930,28,36
29931,29931,28,21
29932,29932,28,36
29933,29933,29,95
29934,29934,29,69
29935,29935,29,19
29936,29936,29,43
29937,29937,30,107
29938,29938,30,32
29939,29939,30,49
29940,29940,30,28
29941,29941,31,93
29942,29942,31,30
29943,29943,31,65
29944,29944,31,69
29945,29945,32,47
29946,29946,32,43
29947,29947,32,34
29948,29948,32,48
29949,29949,33,74
29950,29950,33,25
29951,29951,33,44
29952,29952,33,41
29953,29953,34,55
29954,29954,34,50
29955,29955,34,36
29956,29956,34,45
29957,29957,35,47
29958,29958,35,32
29959,29959,35,30
29960,29960,35,80
29961,29961,1,128
29962,29962,1,41
29963,29963,1,29
29964,29964,1,42
29965,29965,2,96
29966,29966,2,56
29967,29967,2,43
29968,29968,2,107
29969,29969,3,68
29970,29970,3,37
29971,29971,3,115
29972,29972,3,35
29973,29973,4,67
29974,29974,4,81
29975,29975,4,110
29976,29976,4,67
29977,29977,5,38
29978,29978,5,34
29979,29979,5,40
29980,29980,5,42
29981,29981,6,44
29982,29982,6,66
29983,29983,6,29
29984,29984,6,50
29985,29985,7,143
29986,29986,7,55
29987,29987,7,44
29988,29988,7,102
29989,29989,8,94
29990,29990,8,38
29991,29991,8,73
29992,29992,8,100
29993,29993,9,63
29994,29994,9,85
29995,29995,9,78
29996,29996,9,49
29997,29997,10,58
29998,29998,10,90
29999,29999,10,37
30000,30000,10,78
30001,30001,11,54
30002,30002,11,37
30003,30003,11,34
30004,30004,11,40
30005,30005,12,105
30006,30006,12,78
30007,30007,12,39
30008,30008,12,50
30009,30009,13,97
30010,30010,13,48
30011,30011,13,30
30012,30012,13,34
30013,30013,14,68
30014,30014,14,44
30015,30015,14,63
30016,30016,14,44
30017,30017,15,55
30018,30018,15,38
30019,30019,15,39
30020,30020,15,48
30021,30021,16,62
30022,30022,16,67
30023,30023,16,83
30024,30024,16,60
30025,30025,17,90
30026,30026,17,33
30027,30027,17,90
30028,30028,17,53
30029,30029,18,84
30030,30030,18,40
30031,30031,18,46
30032,30032,18,110
30033,30033,19,49
30034,30034,19,54
30035,30035,19,50
30036,30036,19,51
30037,30037,20,98
30038,30038,20,36
30039,30039,20,24
30040,30040,20,67
30041,30041,21,41
30042,30042,21,69
30043,30043,21,19
30044,30044,21,56
30045,30045,22,87
30046,30046,22,35
30047,30047,22,36
30048,30048,22,72
30049,30049,23,99
30050,30050,23,70
30051,30051,23,44
30052,30052,23,78
30053,30053,24,104
30054,30054,24,120
30055,30055,24,41
30056,30056,24,82
30057,30057,25,47
30058,30058,25,54
30059,30059,25,56
30060,30060,25,61
30061,30061,26,64
30062,30062,26,85
30063,30063,26,63
30064,30064,26,65
30065,30065,27,18
30066,30066,27,46
30067,30067,27,17
30068,30068,27,57
30069,30069,28,84
30070,30070,28,63
30071,30071,28,27
30072,30072,28,130
30073,30073,29,65
30074,30074,29,53
30075,30075,29,65
30076,30076,29,70
30077,30077,30,114
30078,30078,30,94
30079,30079,30,34
30080,30080,30,81
30081,30081,31,103
30082,30082,31,49
30083,30083,31,53
30084,30084,31,66
30085,30085,32,101
30086,30086,32,78
30087,30087,32,23
30088,30088,32,100
30089,30089,33,66
30090,30090,33,68
30091,30091,33,60
30092,30092,33,52
30093,30093,34,89
30094,30094,34,38
30095,30095,34,37
30096,30096,34,136
30097,30097,35,121
30098,30098,35,49
30099,30099,35,42
30100,30100,35,43
30101,30101,1,105
30102,30102,1,31
30103,30103,1,42
30104,30104,1,47
30105,30105,2,60
30106,30106,2,33
30107,30107,2,19
30108,30108,2,67
30109,30109,3,48
30110,30110,3,64
30111,30111,3,31
30112,30112,3,69
30113,30113,4,65
30114,30114,4,59
30115,30115,4,40
30116,30116,4,66
30117,30117,5,146
30118,30118,5,54
30119,30119,5,20
30120,30120,5,110
30121,30121,6,103
30122,30122,6,93
30123,30123,6,18
30124,30124,6,83
30125,30125,7,76
30126,30126,7,53
30127,30127,7,84
30128,30128,7,47
30129,30129,8,45
30130,30130,8,32
30131,30131,8,45
30132,30132,8,65
30133,30133,9,85
30134,30134,9,42
30135,30135,9,33
30136,30136,9,141
30137,30137,10,42
30138,30138,10,108
30139,30139,10,44
30140,30140,10,92
30141,30141,11,64
30142,30142,11,58
30143,30143,11,36
30144,30144,11,51
30145,30145,12,78
30146,30146,12,64
30147,30147,12,53
30148,30148,12,39
30149,30149,13,73
30150,30150,13,39
30151,30151,13,40
30152,30152,13,42
30153,30153,14,85
30154,30154,14,54
30155,30155,14,34
30156,30156,14,46
30157,30157,15,79
30158,30158,15,71
30159,30159,15,66
30160,30160,15,56
30161,30161,16,140
30162,30162,16,69
30163,30163,16,65
30164,30164,16,45
30165,30165,17,91
30166,30166,17,48
30167,30167,17,74
30168,30168,17,67
30169,30169,18,84
30170,30170,18,38
30171,30171,18,34
30172,30172,18,47
30173,30173,19,71
30174,30174,19,60
30175,30175,19,41
30176,30176,19,101
30177,30177,20,127
30178,30178,20,49
30179,30179,20,64
30180,30180,20,39
30181,30181,21,69
30182,30182,21,47
30183,30183,21,59
30184,30184,21,25
30185,30185,22,137
30186,30186,22,48
30187,30187,22,37
30188,30188,22,43
30189,30189,23,120
30190,30190,23,31
30191,30191,23,29
30192,30192,23,82
30193,30193,24,32
30194,30194,24,25
30195,30195,24,31
30196,30196,24,70
30197,30197,25,62
30198,30198,25,86
30199,30199,25,28
30200,30200,25,66
30201,30201,26,77
30202,30202,26,48
30203,30203,26,63
30204,30204,26,49
30205,30205,27,108
30206,30206,27,43
30207,30207,27,59
30208,30208,27,56
30209,30209,28,96
30210,30210,28,119
30211,30211,28,57
30212,30212,28,71
30213,30213,29,105
30214,30214,29,22
30215,30215,29,55
30216,30216,29,82
30217,30217,30,46
30218,30218,30,74
30219,30219,30,49
30220,30220,30,49
30221,30221,31,55
30222,30222,31,59
30223,30223,31,34
30224,30224,31,66
30225,30225,32,69
30226,30226,32,103
30227,30227,32,24
30228,30228,32,70
30229,30229,33,98
30230,30230,33,51
30231,30231,33,66
30232,30232,33,81
30233,30233,34,119
30234,30234,34,68
30235,30235,34,23
30236,30236,34,104
30237,30237,35,163
30238,30238,35,30
30239,30239,35,55
30240,30240,35,49
30241,30241,1,66
30242,30242,1,22
30243,30243,1,25
30244,30244,1,19
30245,30245,2,55
30246,30246,2,25
30247,30247,2,42
30248,30248,2,31
30249,30249,3,51
30250,30250,3,38
30251,30251,3,18
30252,30252,3,42
30253,30253,4,45
30254,30254,4,25
30255,30255,4,38
30256,30256,4,43
30257,30257,5,44
30258,30258,5,24
30259,30259,5,13
30260,30260,5,17
30261,30261,6,31
30262,30262,6,22
30263,30263,6,21
30264,30264,6,39
30265,30265,7,22
30266,30266,7,28
30267,30267,7,27
30268,30268,7,15
30269,30269,8,49
30270,30270,8,34
30271,30271,8,41
30272,30272,8,32
30273,30273,9,54
30274,30274,9,26
30275,30275,9,15
30276,30276,9,30
30277,30277,10,32
30278,30278,10,20
30279,30279,10,12
30280,30280,10,43
30281,30281,11,19
30282,30282,11,48
30283,30283,11,13
30284,30284,11,42
30285,30285,12,48
30286,30286,12,17
30287,30287,12,17
30288,30288,12,28
30289,30289,13,52
30290,30290,13,42
30291,30291,13,14
30292,30292,13,36
30293,30293,14,45
30294,30294,14,45
30295,30295,14,21
30296,30296,14,28
30297,30297,15,41
30298,30298,15,27
30299,30299,15,13
30300,30300,15,45
30301,30301,16,39
30302,30302,16,13
30303,30303,16,63
30304,30304,16,56
30305,30305,17,50
30306,30306,17,36
30307,30307,17,17
30308,30308,17,38
30309,30309,18,42
30310,30310,18,35
30311,30311,18,23
30312,30312,18,27
30313,30313,19,75
30314,30314,19,21
30315,30315,19,26
30316,30316,19,37
30317,30317,20,65
30318,30318,20,23
30319,30319,20,35
30320,30320,20,21
30321,30321,21,19
30322,30322,21,49
30323,30323,21,21
30324,30324,21,41
30325,30325,22,32
30326,30326,22,33
30327,30327,22,29
30328,30328,22,40
30329,30329,23,61
30330,30330,23,32
30331,30331,23,22
30332,30332,23,28
30333,30333,24,41
30334,30334,24,14
30335,30335,24,27
30336,30336,24,20
30337,30337,25,37
30338,30338,25,18
30339,30339,25,36
30340,30340,25,44
30341,30341,26,35
30342,30342,26,33
30343,30343,26,23
30344,30344,26,19
30345,30345,27,54
30346,30346,27,22
30347,30347,27,31
30348,30348,27,39
30349,30349,28,34
30350,30350,28,16
30351,30351,28,17
30352,30352,28,46
30353,30353,29,34
30354,30354,29,15
30355,30355,29,23
30356,30356,29,21
30357,30357,30,45
30358,30358,30,38
30359,30359,30,31
30360,30360,30,24
30361,30361,31,34
30362,30362,31,30
30363,30363,31,29
30364,30364,31,49
30365,30365,32,37
30366,30366,32,30
30367,30367,32,23
30368,30368,32,43
30369,30369,33,45
30370,30370,33,40
30371,30371,33,32
30372,30372,33,31
30373,30373,34,31
30374,30374,34,31
30375,30375,34,40
30376,30376,34,32
30377,30377,35,27
30378,30378,35,37
30379,30379,35,31
30380,30380,35,41
30381,30381,1,59
30382,30382,1,33
30383,30383,1,28
30384,30384,1,32
30385,30385,2,34
30386,30386,2,33
30387,30387,2,15
30388,30388,2,27
30389,30389,3,53
30390,30390,3,35
30391,30391,3,13
30392,30392,3,59
30393,30393,4,38
30394,30394,4,7
30395,30395,4,29
30396,30396,4,20
30397,30397,5,87
30398,30398,5,34
30399,30399,5,25
30400,30400,5,17
30401,30401,6,42
30402,30402,6,28
30403,30403,6,12
30404,30404,6,36
30405,30405,7,33
30406,30406,7,18
30407,30407,7,18
30408,30408,7,32
30409,30409,8,79
30410,30410,8,27
30411,30411,8,9
30412,30412,8,42
30413,30413,9,48
30414,30414,9,46
30415,30415,9,23
30416,30416,9,39
30417,30417,10,55
30418,30418,10,46
30419,30419,10,32
30420,30420,10,32
30421,30421,11,47
30422,30422,11,11
30423,30423,11,44
30424,30424,11,21
30425,30425,12,56
30426,30426,12,55
30427,30427,12,15
30428,30428,12,57
30429,30429,13,41
30430,30430,13,26
30431,30431,13,21
30432,30432,13,23
30433,30433,14,33
30434,30434,14,33
30435,30435,14,33
30436,30436,14,34
30437,30437,15,70
30438,30438,15,16
30439,30439,15,14
30440,30440,15,36
30441,30441,16,26
30442,30442,16,29
30443,30443,16,21
30444,30444,16,24
30445,30445,17,46
30446,30446,17,61
30447,30447,17,26
30448,30448,17,45
30449,30449,18,21
30450,30450,18,25
30451,30451,18,16
30452,30452,18,18
30453,30453,19,41
30454,30454,19,20
30455,30455,19,23
30456,30456,19,33
30457,30457,20,59
30458,30458,20,24
30459,30459,20,14
30460,30460,20,35
30461,30461,21,34
30462,30462,21,10
30463,30463,21,23
30464,30464,21,42
30465,30465,22,37
30466,30466,22,17
30467,30467,22,16
30468,30468,22,63
30469,30469,23,17
30470,30470,23,31
30471,30471,23,25
30472,30472,23,25
30473,30473,24,41
30474,30474,24,37
30475,30475,24,21
30476,30476,24,51
30477,30477,25,72
30478,30478,25,47
30479,30479,25,17
30480,30480,25,42
30481,30481,26,39
30482,30482,26,27
30483,30483,26,13
30484,30484,26,53
30485,30485,27,54
30486,30486,27,18
30487,30487,27,21
30488,30488,27,28
30489,30489,28,56
30490,30490,28,26
30491,30491,28,33
30492,30492,28,22
30493,30493,29,39
30494,30494,29,14
30495,30495,29,25
30496,30496,29,30
30497,30497,30,81
30498,30498,30,24
30499,30499,30,32
30500,30500,30,25
30501,30501,31,28
30502,30502,31,26
30503,30503,31,18
30504,30504,31,35
30505,30505,32,53
30506,30506,32,37
30507,30507,32,18
30508,30508,32,42
30509,30509,33,36
30510,30510,33,30
30511,30511,33,22
30512,30512,33,23
30513,30513,34,83
30514,30514,34,40
30515,30515,34,17
30516,30516,34,25
30517,30517,35,31
30518,30518,35,54
30519,30519,35,19
30520,30520,35,60
30521,30521,1,44
30522,30522,1,18
30523,30523,1,32
30524,30524,1,24
30525,30525,2,13
30526,30526,2,48
30527,30527,2,19
30528,30528,2,70
30529,30529,3,23
30530,30530,3,30
30531,30531,3,39
30532,30532,3,31
30533,30533,4,54
30534,30534,4,45
30535,30535,4,21
30536,30536,4,22
30537,30537,5,53
30538,30538,5,27
30539,30539,5,39
30540,30540,5,30
30541,30541,6,28
30542,30542,6,78
30543,30543,6,46
30544,30544,6,81
30545,30545,7,57
30546,30546,7,37
30547,30547,7,16
30548,30548,7,24
30549,30549,8,52
30550,30550,8,19
30551,30551,8,39
30552,30552,8,31
30553,30553,9,52
30554,30554,9,22
30555,30555,9,11
30556,30556,9,47
30557,30557,10,47
30558,30558,10,32
30559,30559,10,45
30560,30560,10,36
30561,30561,11,38
30562,30562,11,43
30563,30563,11,30
30564,30564,11,21
30565,30565,12,70
30566,30566,12,33
30567,30567,12,38
30568,30568,12,42
30569,30569,13,24
30570,30570,13,35
30571,30571,13,32
30572,30572,13,40
30573,30573,14,34
30574,30574,14,63
30575,30575,14,34
30576,30576,14,45
30577,30577,15,26
30578,30578,15,26
30579,30579,15,50
30580,30580,15,30
30581,30581,16,48
30582,30582,16,21
30583,30583,16,27
30584,30584,16,37
30585,30585,17,50
30586,30586,17,50
30587,30587,17,25
30588,30588,17,31
30589,30589,18,33
30590,30590,18,14
30591,30591,18,34
30592,30592,18,72
30593,30593,19,70
30594,30594,19,33
30595,30595,19,20
30596,30596,19,51
30597,30597,20,39
30598,30598,20,43
30599,30599,20,46
30600,30600,20,54
30601,30601,21,51
30602,30602,21,46
30603,30603,21,32
30604,30604,21,19
30605,30605,22,39
30606,30606,22,48
30607,30607,22,53
30608,30608,22,69
30609,30609,23,53
30610,30610,23,38
30611,30611,23,40
30612,30612,23,27
30613,30613,24,45
30614,30614,24,28
30615,30615,24,9
30616,30616,24,24
30617,30617,25,41
30618,30618,25,42
30619,30619,25,37
30620,30620,25,30
30621,30621,26,35
30622,30622,26,45
30623,30623,26,31
30624,30624,26,27
30625,30625,27,83
30626,30626,27,37
30627,30627,27,36
30628,30628,27,34
30629,30629,28,19
30630,30630,28,28
30631,30631,28,51
30632,30632,28,25
30633,30633,29,30
30634,30634,29,31
30635,30635,29,38
30636,30636,29,58
30637,30637,30,72
30638,30638,30,37
30639,30639,30,15
30640,30640,30,36
30641,30641,31,30
30642,30642,31,26
30643,30643,31,26
30644,30644,31,24
30645,30645,32,30
30646,30646,32,42
30647,30647,32,33
30648,30648,32,75
30649,30649,33,40
30650,30650,33,46
30651,30651,33,46
30652,30652,33,23
30653,30653,34,38
30654,30654,34,41
30655,30655,34,11
30656,30656,34,70
30657,30657,35,49
30658,30658,35,36
30659,30659,35,19
30660,30660,35,32
30661,30661,1,76
30662,30662,1,17
30663,30663,1,26
30664,30664,1,65
30665,30665,2,42
30666,30666,2,31
30667,30667,2,36
30668,30668,2,41
30669,30669,3,30
30670,30670,3,33
30671,30671,3,36
30672,30672,3,30
30673,30673,4,94
30674,30674,4,33
30675,30675,4,36
30676,30676,4,58
30677,30677,5,35
30678,30678,5,27
30679,30679,5,23
30680,30680,5,64
30681,30681,6,61
30682,30682,6,17
30683,30683,6,50
30684,30684,6,33
30685,30685,7,69
30686,30686,7,54
30687,30687,7,37
30688,30688,7,35
30689,30689,8,55
30690,30690,8,20
30691,30691,8,13
30692,30692,8,45
30693,30693,9,29
30694,30694,9,34
30695,30695,9,23
30696,30696,9,58
30697,30697,10,20
30698,30698,10,27
30699,30699,10,31
30700,30700,10,26
30701,30701,11,22
30702,30702,11,55
30703,30703,11,17
30704,30704,11,49
30705,30705,12,49
30706,30706,12,23
30707,30707,12,21
30708,30708,12,62
30709,30709,13,59
30710,30710,13,50
30711,30711,13,31
30712,30712,13,26
30713,30713,14,35
30714,30714,14,31
30715,30715,14,24
30716,30716,14,38
30717,30717,15,86
30718,30718,15,23
30719,30719,15,27
30720,30720,15,25
30721,30721,16,78
30722,30722,16,17
30723,30723,16,54
30724,30724,16,17
30725,30725,17,76
30726,30726,17,36
30727,30727,17,29
30728,30728,17,54
30729,30729,18,29
30730,30730,18,32
30731,30731,18,24
30732,30732,18,39
30733,30733,19,61
30734,30734,19,34
30735,30735,19,51
30736,30736,19,61
30737,30737,20,52
30738,30738,20,51
30739,30739,20,25
30740,30740,20,22
30741,30741,21,59
30742,30742,21,57
30743,30743,21,37
30744,30744,21,30
30745,30745,22,103
30746,30746,22,27
30747,30747,22,23
30748,30748,22,41
30749,30749,23,62
30750,30750,23,29
30751,30751,23,33
30752,30752,23,88
30753,30753,24,61
30754,30754,24,53
30755,30755,24,22
30756,30756,24,35
30757,30757,25,36
30758,30758,25,64
30759,30759,25,29
30760,30760,25,34
30761,30761,26,75
30762,30762,26,25
30763,30763,26,35
30764,30764,26,64
30765,30765,27,53
30766,30766,27,42
30767,30767,27,22
30768,30768,27,58
30769,30769,28,23
30770,30770,28,62
30771,30771,28,36
30772,30772,28,73
30773,30773,29,61
30774,30774,29,35
30775,30775,29,35
30776,30776,29,37
30777,30777,30,34
30778,30778,30,76
30779,30779,30,36
30780,30780,30,35
30781,30781,31,54
30782,30782,31,20
30783,30783,31,13
30784,30784,31,22
30785,30785,32,37
30786,30786,32,38
30787,30787,32,38
30788,30788,32,49
30789,30789,33,49
30790,30790,33,33
30791,30791,33,12
30792,30792,33,66
30793,30793,34,43
30794,30794,34,45
30795,30795,34,28
30796,30796,34,64
30797,30797,35,59
30798,30798,35,26
30799,30799,35,45
30800,30800,35,55
30801,30801,1,57
30802,30802,1,53
30803,30803,1,30
30804,30804,1,46
30805,30805,2,56
30806,30806,2,31
30807,30807,2,23
30808,30808,2,61
30809,30809,3,68
30810,30810,3,39
30811,30811,3,22
30812,30812,3,77
30813,30813,4,76
30814,30814,4,74
30815,30815,4,13
30816,30816,4,61
30817,30817,5,43
30818,30818,5,54
30819,30819,5,72
30820,30820,5,56
30821,30821,6,83
30822,30822,6,33
30823,30823,6,55
30824,30824,6,83
30825,30825,7,42
30826,30826,7,72
30827,30827,7,26
30828,30828,7,96
30829,30829,8,47
30830,30830,8,46
30831,30831,8,53
30832,30832,8,43
30833,30833,9,48
30834,30834,9,22
30835,30835,9,62
30836,30836,9,39
30837,30837,10,100
30838,30838,10,61
30839,30839,10,28
30840,30840,10,49
30841,30841,11,56
30842,30842,11,55
30843,30843,11,28
30844,30844,11,28
30845,30845,12,78
30846,30846,12,36
30847,30847,12,39
30848,30848,12,28
30849,30849,13,79
30850,30850,13,16
30851,30851,13,16
30852,30852,13,33
30853,30853,14,57
30854,30854,14,29
30855,30855,14,20
30856,30856,14,64
30857,30857,15,71
30858,30858,15,54
30859,30859,15,25
30860,30860,15,34
30861,30861,16,78
30862,30862,16,43
30863,30863,16,18
30864,30864,16,43
30865,30865,17,41
30866,30866,17,59
30867,30867,17,27
30868,30868,17,37
30869,30869,18,118
30870,30870,18,29
30871,30871,18,25
30872,30872,18,58
30873,30873,19,36
30874,30874,19,94
30875,30875,19,34
30876,30876,19,32
30877,30877,20,54
30878,30878,20,71
30879,30879,20,43
30880,30880,20,35
30881,30881,21,84
30882,30882,21,47
30883,30883,21,28
30884,30884,21,80
30885,30885,22,44
30886,30886,22,40
30887,30887,22,23
30888,30888,22,39
30889,30889,23,58
30890,30890,23,61
30891,30891,23,23
30892,30892,23,110
30893,30893,24,39
30894,30894,24,52
30895,30895,24,37
30896,30896,24,92
30897,30897,25,50
30898,30898,25,53
30899,30899,25,18
30900,30900,25,92
30901,30901,26,71
30902,30902,26,29
30903,30903,26,68
30904,30904,26,34
30905,30905,27,42
30906,30906,27,61
30907,30907,27,28
30908,30908,27,38
30909,30909,28,77
30910,30910,28,31
30911,30911,28,52
30912,30912,28,38
30913,30913,29,38
30914,30914,29,53
30915,30915,29,57
30916,30916,29,34
30917,30917,30,54
30918,30918,30,44
30919,30919,30,25
30920,30920,30,60
30921,30921,31,74
30922,30922,31,42
30923,30923,31,45
30924,30924,31,41
30925,30925,32,68
30926,30926,32,52
30927,30927,32,33
30928,30928,32,43
30929,30929,33,90
30930,30930,33,56
30931,30931,33,13
30932,30932,33,90
30933,30933,34,45
30934,30934,34,45
30935,30935,34,26
30936,30936,34,70
30937,30937,35,77
30938,30938,35,26
30939,30939,35,34
30940,30940,35,37
30941,30941,1,101
30942,30942,1,81
30943,30943,1,33
30944,30944,1,51
30945,30945,2,75
30946,30946,2,61
30947,30947,2,39
30948,30948,2,59
30949,30949,3,131
30950,30950,3,141
30951,30951,3,62
30952,30952,3,100
30953,30953,4,32
30954,30954,4,56
30955,30955,4,18
30956,30956,4,86
30957,30957,5,35
30958,30958,5,36
30959,30959,5,23
30960,30960,5,86
30961,30961,6,104
30962,30962,6,67
30963,30963,6,39
30964,30964,6,102
30965,30965,7,45
30966,30966,7,84
30967,30967,7,67
30968,30968,7,62
30969,30969,8,107
30970,30970,8,49
30971,30971,8,50
30972,30972,8,84
30973,30973,9,57
30974,30974,9,28
30975,30975,9,61
30976,30976,9,63
30977,30977,10,73
30978,30978,10,65
30979,30979,10,66
30980,30980,10,54
30981,30981,11,33
30982,30982,11,51
30983,30983,11,27
30984,30984,11,97
30985,30985,12,77
30986,30986,12,64
30987,30987,12,61
30988,30988,12,103
30989,30989,13,94
30990,30990,13,44
30991,30991,13,80
30992,30992,13,16
30993,30993,14,125
30994,30994,14,121
30995,30995,14,66
30996,30996,14,60
30997,30997,15,62
30998,30998,15,26
30999,30999,15,45
31000,31000,15,46
31001,31001,16,99
31002,31002,16,72
31003,31003,16,56
31004,31004,16,98
31005,31005,17,115
31006,31006,17,44
31007,31007,17,64
31008,31008,17,48
31009,31009,18,56
31010,31010,18,54
31011,31011,18,41
31012,31012,18,87
31013,31013,19,39
31014,31014,19,40
31015,31015,19,61
31016,31016,19,45
31017,31017,20,84
31018,31018,20,92
31019,31019,20,27
31020,31020,20,113
31021,31021,21,119
31022,31022,21,73
31023,31023,21,50
31024,31024,21,50
31025,31025,22,96
31026,31026,22,35
31027,31027,22,57
31028,31028,22,150
31029,31029,23,64
31030,31030,23,79
31031,31031,23,53
31032,31032,23,117
31033,31033,24,119
31034,31034,24,67
31035,31035,24,27
31036,31036,24,105
31037,31037,25,96
31038,31038,25,49
31039,31039,25,35
31040,31040,25,89
31041,31041,26,85
31042,31042,26,31
31043,31043,26,21
31044,31044,26,103
31045,31045,27,59
31046,31046,27,79
31047,31047,27,57
31048,31048,27,25
31049,31049,28,44
31050,31050,28,43
31051,31051,28,40
31052,31052,28,58
31053,31053,29,94
31054,31054,29,71
31055,31055,29,62
31056,31056,29,80
31057,31057,30,118
31058,31058,30,38
31059,31059,30,39
31060,31060,30,50
31061,31061,31,94
31062,31062,31,104
31063,31063,31,74
31064,31064,31,142
31065,31065,32,68
31066,31066,32,53
31067,31067,32,60
31068,31068,32,98
31069,31069,33,53
31070,31070,33,49
31071,31071,33,44
31072,31072,33,58
31073,31073,34,92
31074,31074,34,22
31075,31075,34,65
31076,31076,34,76
31077,31077,35,54
31078,31078,35,78
31079,31079,35,33
31080,31080,35,55
31081,31081,1,91
31082,31082,1,96
31083,31083,1,24
31084,31084,1,59
31085,31085,2,115
31086,31086,2,37
31087,31087,2,32
31088,31088,2,74
31089,31089,3,156
31090,31090,3,20
31091,31091,3,29
31092,31092,3,34
31093,31093,4,118
31094,31094,4,26
31095,31095,4,41
31096,31096,4,85
31097,31097,5,54
31098,31098,5,65
31099,31099,5,53
31100,31100,5,63
31101,31101,6,47
31102,31102,6,19
31103,31103,6,62
31104,31104,6,74
31105,31105,7,41
31106,31106,7,53
31107,31107,7,45
31108,31108,7,56
31109,31109,8,76
31110,31110,8,104
31111,31111,8,38
31112,31112,8,46
31113,31113,9,84
31114,31114,9,64
31115,31115,9,33
31116,31116,9,74
31117,31117,10,65
31118,31118,10,46
31119,31119,10,24
31120,31120,10,103
31121,31121,11,137
31122,31122,11,56
31123,31123,11,45
31124,31124,11,37
31125,31125,12,74
31126,31126,12,64
31127,31127,12,30
31128,31128,12,140
31129,31129,13,58
31130,31130,13,43
31131,31131,13,54
31132,31132,13,35
31133,31133,14,82
31134,31134,14,72
31135,31135,14,46
31136,31136,14,49
31137,31137,15,58
31138,31138,15,45
31139,31139,15,61
31140,31140,15,36
31141,31141,16,76
31142,31142,16,33
31143,31143,16,12
31144,31144,16,37
31145,31145,17,118
31146,31146,17,102
31147,31147,17,55
31148,31148,17,28
31149,31149,18,89
31150,31150,18,43
31151,31151,18,30
31152,31152,18,27
31153,31153,19,90
31154,31154,19,47
31155,31155,19,36
31156,31156,19,43
31157,31157,20,52
31158,31158,20,77
31159,31159,20,66
31160,31160,20,74
31161,31161,21,59
31162,31162,21,57
31163,31163,21,27
31164,31164,21,109
31165,31165,22,37
31166,31166,22,31
31167,31167,22,64
31168,31168,22,63
31169,31169,23,91
31170,31170,23,80
31171,31171,23,50
31172,31172,23,49
31173,31173,24,36
31174,31174,24,40
31175,31175,24,54
31176,31176,24,66
31177,31177,25,95
31178,31178,25,20
31179,31179,25,25
31180,31180,25,66
31181,31181,26,109
31182,31182,26,46
31183,31183,26,85
31184,31184,26,80
31185,31185,27,81
31186,31186,27,25
31187,31187,27,48
31188,31188,27,30
31189,31189,28,72
31190,31190,28,27
31191,31191,28,40
31192,31192,28,40
31193,31193,29,49
31194,31194,29,38
31195,31195,29,47
31196,31196,29,50
31197,31197,30,108
31198,31198,30,69
31199,31199,30,47
31200,31200,30,69
31201,31201,31,92
31202,31202,31,50
31203,31203,31,64
31204,31204,31,57
31205,31205,32,91
31206,31206,32,36
31207,31207,32,41
31208,31208,32,85
31209,31209,33,130
31210,31210,33,41
31211,31211,33,18
31212,31212,33,61
31213,31213,34,72
31214,31214,34,60
31215,31215,34,27
31216,31216,34,57
31217,31217,35,62
31218,31218,35,34
31219,31219,35,21
31220,31220,35,42
31221,31221,1,46
31222,31222,1,66
31223,31223,1,21
31224,31224,1,34
31225,31225,2,36
31226,31226,2,17
31227,31227,2,18
31228,31228,2,31
31229,31229,3,73
31230,31230,3,29
31231,31231,3,16
31232,31232,3,58
31233,31233,4,68
31234,31234,4,41
31235,31235,4,14
31236,31236,4,15
31237,31237,5,52
31238,31238,5,16
31239,31239,5,27
31240,31240,5,27
31241,31241,6,33
31242,31242,6,29
31243,31243,6,27
31244,31244,6,45
31245,31245,7,45
31246,31246,7,20
31247,31247,7,39
31248,31248,7,26
31249,31249,8,66
31250,31250,8,49
31251,31251,8,28
31252,31252,8,40
31253,31253,9,52
31254,31254,9,20
31255,31255,9,36
31256,31256,9,46
31257,31257,10,47
31258,31258,10,21
31259,31259,10,33
31260,31260,10,40
31261,31261,11,49
31262,31262,11,21
31263,31263,11,50
31264,31264,11,28
31265,31265,12,24
31266,31266,12,22
31267,31267,12,20
31268,31268,12,31
31269,31269,13,32
31270,31270,13,34
31271,31271,13,29
31272,31272,13,33
31273,31273,14,37
31274,31274,14,22
31275,31275,14,11
31276,31276,14,43
31277,31277,15,42
31278,31278,15,18
31279,31279,15,15
31280,31280,15,39
31281,31281,16,36
31282,31282,16,13
31283,31283,16,13
31284,31284,16,35
31285,31285,17,26
31286,31286,17,30
31287,31287,17,22
31288,31288,17,28
31289,31289,18,57
31290,31290,18,24
31291,31291,18,39
31292,31292,18,39
31293,31293,19,32
31294,31294,19,47
31295,31295,19,33
31296,31296,19,14
31297,31297,20,39
31298,31298,20,16
31299,31299,20,22
31300,31300,20,27
31301,31301,21,13
31302,31302,21,26
31303,31303,21,20
31304,31304,21,19
31305,31305,22,46
31306,31306,22,28
31307,31307,22,19
31308,31308,22,37
31309,31309,23,35
31310,31310,23,27
31311,31311,23,26
31312,31312,23,29
31313,31313,24,45
31314,31314,24,43
31315,31315,24,33
31316,31316,24,25
31317,31317,25,52
31318,31318,25,20
31319,31319,25,15
31320,31320,25,45
31321,31321,26,70
31322,31322,26,21
31323,31323,26,9
31324,31324,26,34
31325,31325,27,52
31326,31326,27,46
31327,31327,27,13
31328,31328,27,30
31329,31329,28,52
31330,31330,28,22
31331,31331,28,21
31332,31332,28,15
31333,31333,29,41
31334,31334,29,22
31335,31335,29,46
31336,31336,29,35
31337,31337,30,32
31338,31338,30,35
31339,31339,30,16
31340,31340,30,29
31341,31341,31,60
31342,31342,31,19
31343,31343,31,17
31344,31344,31,25
31345,31345,32,63
31346,31346,32,42
31347,31347,32,20
31348,31348,32,35
31349,31349,33,45
31350,31350,33,16
31351,31351,33,22
31352,31352,33,41
31353,31353,34,42
31354,31354,34,37
31355,31355,34,15
31356,31356,34,18
31357,31357,35,50
31358,31358,35,27
31359,31359,35,36
31360,31360,35,25
31361,31361,1,41
31362,31362,1,19
31363,31363,1,34
31364,31364,1,22
31365,31365,2,25
31366,31366,2,13
31367,31367,2,22
31368,31368,2,30
31369,31369,3,28
31370,31370,3,33
31371,31371,3,21
31372,31372,3,35
31373,31373,4,33
31374,31374,4,30
31375,31375,4,23
31376,31376,4,25
31377,31377,5,90
31378,31378,5,16
31379,31379,5,47
31380,31380,5,27
31381,31381,6,41
31382,31382,6,34
31383,31383,6,10
31384,31384,6,28
31385,31385,7,45
31386,31386,7,54
31387,31387,7,34
31388,31388,7,39
31389,31389,8,60
31390,31390,8,19
31391,31391,8,23
31392,31392,8,14
31393,31393,9,26
31394,31394,9,29
31395,31395,9,22
31396,31396,9,28
31397,31397,10,29
31398,31398,10,27
31399,31399,10,18
31400,31400,10,24
31401,31401,11,37
31402,31402,11,20
31403,31403,11,28
31404,31404,11,26
31405,31405,12,25
31406,31406,12,34
31407,31407,12,41
31408,31408,12,46
31409,31409,13,43
31410,31410,13,13
31411,31411,13,34
31412,31412,13,23
31413,31413,14,53
31414,31414,14,31
31415,31415,14,37
31416,31416,14,18
31417,31417,15,51
31418,31418,15,35
31419,31419,15,35
31420,31420,15,17
31421,31421,16,54
31422,31422,16,16
31423,31423,16,28
31424,31424,16,33
31425,31425,17,58
31426,31426,17,60
31427,31427,17,19
31428,31428,17,62
31429,31429,18,27
31430,31430,18,35
31431,31431,18,27
31432,31432,18,48
31433,31433,19,34
31434,31434,19,57
31435,31435,19,14
31436,31436,19,36
31437,31437,20,95
31438,31438,20,27
31439,31439,20,27
31440,31440,20,27
31441,31441,21,23
31442,31442,21,26
31443,31443,21,19
31444,31444,21,41
31445,31445,22,28
31446,31446,22,37
31447,31447,22,24
31448,31448,22,38
31449,31449,23,38
31450,31450,23,37
31451,31451,23,11
31452,31452,23,51
31453,31453,24,33
31454,31454,24,24
31455,31455,24,27
31456,31456,24,41
31457,31457,25,38
31458,31458,25,46
31459,31459,25,34
31460,31460,25,26
31461,31461,26,83
31462,31462,26,30
31463,31463,26,35
31464,31464,26,26
31465,31465,27,38
31466,31466,27,31
31467,31467,27,15
31468,31468,27,17
31469,31469,28,24
31470,31470,28,30
31471,31471,28,35
31472,31472,28,16
31473,31473,29,51
31474,31474,29,8
31475,31475,29,18
31476,31476,29,46
31477,31477,30,49
31478,31478,30,17
31479,31479,30,19
31480,31480,30,34
31481,31481,31,46
31482,31482,31,45
31483,31483,31,16
31484,31484,31,22
31485,31485,32,52
31486,31486,32,24
31487,31487,32,19
31488,31488,32,26
31489,31489,33,31
31490,31490,33,27
31491,31491,33,27
31492,31492,33,35
31493,31493,34,33
31494,31494,34,47
31495,31495,34,23
31496,31496,34,17
31497,31497,35,19
31498,31498,35,36
31499,31499,35,17
31500,31500,35,22
31501,31501,1,40
31502,31502,1,26
31503,31503,1,25
31504,31504,1,44
31505,31505,2,28
31506,31506,2,21
31507,31507,2,34
31508,31508,2,19
31509,31509,3,31
31510,31510,3,35
31511,31511,3,23
31512,31512,3,39
31513,31513,4,34
31514,31514,4,27
31515,31515,4,54
31516,31516,4,34
31517,31517,5,42
31518,31518,5,64
31519,31519,5,37
31520,31520,5,29
31521,31521,6,47
31522,31522,6,44
31523,31523,6,22
31524,31524,6,27
31525,31525,7,45
31526,31526,7,22
31527,31527,7,13
31528,31528,7,55
31529,31529,8,40
31530,31530,8,21
31531,31531,8,14
31532,31532,8,24
31533,31533,9,37
31534,31534,9,27
31535,31535,9,12
31536,31536,9,48
31537,31537,10,44
31538,31538,10,28
31539,31539,10,44
31540,31540,10,34
31541,31541,11,39
31542,31542,11,39
31543,31543,11,16
31544,31544,11,42
31545,31545,12,60
31546,31546,12,29
31547,31547,12,26
31548,31548,12,27
31549,31549,13,59
31550,31550,13,23
31551,31551,13,23
31552,31552,13,64
31553,31553,14,46
31554,31554,14,13
31555,31555,14,25
31556,31556,14,37
31557,31557,15,32
31558,31558,15,42
31559,31559,15,9
31560,31560,15,24
31561,31561,16,27
31562,31562,16,42
31563,31563,16,49
31564,31564,16,39
31565,31565,17,59
31566,31566,17,46
31567,31567,17,17
31568,31568,17,76
31569,31569,18,43
31570,31570,18,28
31571,31571,18,21
31572,31572,18,52
31573,31573,19,66
31574,31574,19,14
31575,31575,19,48
31576,31576,19,48
31577,31577,20,56
31578,31578,20,34
31579,31579,20,21
31580,31580,20,35
31581,31581,21,34
31582,31582,21,31
31583,31583,21,34
31584,31584,21,21
31585,31585,22,27
31586,31586,22,22
31587,31587,22,14
31588,31588,22,22
31589,31589,23,34
31590,31590,23,60
31591,31591,23,32
31592,31592,23,25
31593,31593,24,28
31594,31594,24,50
31595,31595,24,13
31596,31596,24,54
31597,31597,25,36
31598,31598,25,19
31599,31599,25,42
31600,31600,25,41
31601,31601,26,55
31602,31602,26,30
31603,31603,26,18
31604,31604,26,37
31605,31605,27,49
31606,31606,27,38
31607,31607,27,49
31608,31608,27,41
31609,31609,28,50
31610,31610,28,13
31611,31611,28,33
31612,31612,28,36
31613,31613,29,42
31614,31614,29,26
31615,31615,29,21
31616,31616,29,52
31617,31617,30,46
31618,31618,30,5
31619,31619,30,27
31620,31620,30,21
31621,31621,31,44
31622,31622,31,26
31623,31623,31,28
31624,31624,31,48
31625,31625,32,68
31626,31626,32,27
31627,31627,32,30
31628,31628,32,52
31629,31629,33,60
31630,31630,33,51
31631,31631,33,19
31632,31632,33,62
31633,31633,34,69
31634,31634,34,23
31635,31635,34,20
31636,31636,34,38
31637,31637,35,60
31638,31638,35,13
31639,31639,35,26
31640,31640,35,47
31641,31641,1,30
31642,31642,1,31
31643,31643,1,37
31644,31644,1,36
31645,31645,2,44
31646,31646,2,51
31647,31647,2,12
31648,31648,2,63
31649,31649,3,51
31650,31650,3,45
31651,31651,3,45
31652,31652,3,30
31653,31653,4,55
31654,31654,4,52
31655,31655,4,21
31656,31656,4,39
31657,31657,5,47
31658,31658,5,39
31659,31659,5,26
31660,31660,5,73
31661,31661,6,45
31662,31662,6,34
31663,31663,6,43
31664,31664,6,42
31665,31665,7,59
31666,31666,7,36
31667,31667,7,60
31668,31668,7,39
31669,31669,8,42
31670,31670,8,83
31671,31671,8,27
31672,31672,8,48
31673,31673,9,93
31674,31674,9,74
31675,31675,9,46
31676,31676,9,45
31677,31677,10,56
31678,31678,10,74
31679,31679,10,24
31680,31680,10,53
31681,31681,11,69
31682,31682,11,49
31683,31683,11,31
31684,31684,11,59
31685,31685,12,38
31686,31686,12,52
31687,31687,12,48
31688,31688,12,31
31689,31689,13,85
31690,31690,13,33
31691,31691,13,31
31692,31692,13,59
31693,31693,14,23
31694,31694,14,36
31695,31695,14,42
31696,31696,14,87
31697,31697,15,49
31698,31698,15,59
31699,31699,15,29
31700,31700,15,31
31701,31701,16,32
31702,31702,16,19
31703,31703,16,22
31704,31704,16,36
31705,31705,17,81
31706,31706,17,25
31707,31707,17,28
31708,31708,17,37
31709,31709,18,49
31710,31710,18,28
31711,31711,18,36
31712,31712,18,29
31713,31713,19,57
31714,31714,19,41
31715,31715,19,23
31716,31716,19,38
31717,31717,20,40
31718,31718,20,22
31719,31719,20,25
31720,31720,20,45
31721,31721,21,77
31722,31722,21,54
31723,31723,21,26
31724,31724,21,52
31725,31725,22,38
31726,31726,22,41
31727,31727,22,63
31728,31728,22,39
31729,31729,23,64
31730,31730,23,36
31731,31731,23,15
31732,31732,23,48
31733,31733,24,29
31734,31734,24,19
31735,31735,24,43
31736,31736,24,32
31737,31737,25,95
31738,31738,25,45
31739,31739,25,24
31740,31740,25,39
31741,31741,26,43
31742,31742,26,44
31743,31743,26,10
31744,31744,26,34
31745,31745,27,67
31746,31746,27,30
31747,31747,27,27
31748,31748,27,35
31749,31749,28,74
31750,31750,28,38
31751,31751,28,21
31752,31752,28,32
31753,31753,29,88
31754,31754,29,38
31755,31755,29,32
31756,31756,29,26
31757,31757,30,51
31758,31758,30,24
31759,31759,30,31
31760,31760,30,53
31761,31761,31,76
31762,31762,31,20
31763,31763,31,26
31764,31764,31,26
31765,31765,32,43
31766,31766,32,21
31767,31767,32,41
31768,31768,32,41
31769,31769,33,52
31770,31770,33,40
31771,31771,33,20
31772,31772,33,67
31773,31773,34,37
31774,31774,34,16
31775,31775,34,22
31776,31776,34,34
31777,31777,35,111
31778,31778,35,37
31779,31779,35,36
31780,31780,35,47
31781,31781,1,82
31782,31782,1,38
31783,31783,1,22
31784,31784,1,61
31785,31785,2,38
31786,31786,2,27
31787,31787,2,41
31788,31788,2,34
31789,31789,3,40
31790,31790,3,43
31791,31791,3,44
31792,31792,3,39
31793,31793,4,136
31794,31794,4,39
31795,31795,4,81
31796,31796,4,99
31797,31797,5,97
31798,31798,5,44
31799,31799,5,26
31800,31800,5,15
31801,31801,6,61
31802,31802,6,43
31803,31803,6,42
31804,31804,6,46
31805,31805,7,56
31806,31806,7,25
31807,31807,7,31
31808,31808,7,47
31809,31809,8,82
31810,31810,8,76
31811,31811,8,30
31812,31812,8,41
31813,31813,9,123
31814,31814,9,42
31815,31815,9,50
31816,31816,9,38
31817,31817,10,30
31818,31818,10,74
31819,31819,10,32
31820,31820,10,79
31821,31821,11,51
31822,31822,11,43
31823,31823,11,24
31824,31824,11,64
31825,31825,12,98
31826,31826,12,46
31827,31827,12,29
31828,31828,12,74
31829,31829,13,20
31830,31830,13,21
31831,31831,13,36
31832,31832,13,42
31833,31833,14,30
31834,31834,14,48
31835,31835,14,20
31836,31836,14,86
31837,31837,15,61
31838,31838,15,39
31839,31839,15,19
31840,31840,15,33
31841,31841,16,88
31842,31842,16,24
31843,31843,16,24
31844,31844,16,43
31845,31845,17,50
31846,31846,17,47
31847,31847,17,56
31848,31848,17,79
31849,31849,18,29
31850,31850,18,33
31851,31851,18,23
31852,31852,18,75
31853,31853,19,84
31854,31854,19,37
31855,31855,19,48
31856,31856,19,40
31857,31857,20,78
31858,31858,20,38
31859,31859,20,39
31860,31860,20,72
31861,31861,21,32
31862,31862,21,23
31863,31863,21,45
31864,31864,21,42
31865,31865,22,52
31866,31866,22,85
31867,31867,22,31
31868,31868,22,89
31869,31869,23,51
31870,31870,23,34
31871,31871,23,23
31872,31872,23,35
31873,31873,24,97
31874,31874,24,33
31875,31875,24,29
31876,31876,24,27
31877,31877,25,47
31878,31878,25,26
31879,31879,25,25
31880,31880,25,44
31881,31881,26,57
31882,31882,26,29
31883,31883,26,60
31884,31884,26,70
31885,31885,27,63
31886,31886,27,56
31887,31887,27,28
31888,31888,27,66
31889,31889,28,55
31890,31890,28,13
31891,31891,28,32
31892,31892,28,41
31893,31893,29,68
31894,31894,29,30
31895,31895,29,11
31896,31896,29,65
31897,31897,30,77
31898,31898,30,51
31899,31899,30,25
31900,31900,30,59
31901,31901,31,65
31902,31902,31,54
31903,31903,31,40
31904,31904,31,50
31905,31905,32,53
31906,31906,32,44
31907,31907,32,59
31908,31908,32,25
31909,31909,33,86
31910,31910,33,43
31911,31911,33,35
31912,31912,33,69
31913,31913,34,44
31914,31914,34,53
31915,31915,34,21
31916,31916,34,38
31917,31917,35,61
31918,31918,35,36
31919,31919,35,17
31920,31920,35,82
31921,31921,1,66
31922,31922,1,25
31923,31923,1,62
31924,31924,1,34
31925,31925,2,51
31926,31926,2,56
31927,31927,2,20
31928,31928,2,97
31929,31929,3,145
31930,31930,3,68
31931,31931,3,44
31932,31932,3,59
31933,31933,4,73
31934,31934,4,71
31935,31935,4,98
31936,31936,4,50
31937,31937,5,70
31938,31938,5,60
31939,31939,5,39
31940,31940,5,60
31941,31941,6,44
31942,31942,6,84
31943,31943,6,81
31944,31944,6,87
31945,31945,7,73
31946,31946,7,46
31947,31947,7,59
31948,31948,7,138
31949,31949,8,59
31950,31950,8,37
31951,31951,8,53
31952,31952,8,69
31953,31953,9,100
31954,31954,9,40
31955,31955,9,47
31956,31956,9,44
31957,31957,10,107
31958,31958,10,41
31959,31959,10,55
31960,31960,10,56
31961,31961,11,51
31962,31962,11,49
31963,31963,11,47
31964,31964,11,109
31965,31965,12,129
31966,31966,12,64
31967,31967,12,33
31968,31968,12,42
31969,31969,13,107
31970,31970,13,52
31971,31971,13,52
31972,31972,13,99
31973,31973,14,109
31974,31974,14,75
31975,31975,14,58
31976,31976,14,42
31977,31977,15,36
31978,31978,15,48
31979,31979,15,75
31980,31980,15,29
31981,31981,16,127
31982,31982,16,77
31983,31983,16,34
31984,31984,16,66
31985,31985,17,53
31986,31986,17,43
31987,31987,17,28
31988,31988,17,29
31989,31989,18,52
31990,31990,18,100
31991,31991,18,70
31992,31992,18,37
31993,31993,19,106
31994,31994,19,52
31995,31995,19,38
31996,31996,19,91
31997,31997,20,69
31998,31998,20,60
31999,31999,20,47
32000,32000,20,47
32001,32001,21,118
32002,32002,21,46
32003,32003,21,40
32004,32004,21,69
32005,32005,22,74
32006,32006,22,69
32007,32007,22,70
32008,32008,22,80
32009,32009,23,48
32010,32010,23,30
32011,32011,23,57
32012,32012,23,44
32013,32013,24,69
32014,32014,24,80
32015,32015,24,65
32016,32016,24,58
32017,32017,25,105
32018,32018,25,86
32019,32019,25,23
32020,32020,25,38
32021,32021,26,63
32022,32022,26,37
32023,32023,26,40
32024,32024,26,36
32025,32025,27,114
32026,32026,27,82
32027,32027,27,53
32028,32028,27,59
32029,32029,28,37
32030,32030,28,31
32031,32031,28,48
32032,32032,28,63
32033,32033,29,55
32034,32034,29,52
32035,32035,29,24
32036,32036,29,63
32037,32037,30,69
32038,32038,30,25
32039,32039,30,33
32040,32040,30,132
32041,32041,31,112
32042,32042,31,40
32043,32043,31,60
32044,32044,31,57
32045,32045,32,94
32046,32046,32,34
32047,32047,32,52
32048,32048,32,76
32049,32049,33,101
32050,32050,33,45
32051,32051,33,70
32052,32052,33,46
32053,32053,34,45
32054,32054,34,90
32055,32055,34,45
32056,32056,34,40
32057,32057,35,87
32058,32058,35,54
32059,32059,35,29
32060,32060,35,12
32061,32061,1,58
32062,32062,1,88
32063,32063,1,23
32064,32064,1,58
32065,32065,2,68
32066,32066,2,47
32067,32067,2,45
32068,32068,2,58
32069,32069,3,48
32070,32070,3,37
32071,32071,3,61
32072,32072,3,39
32073,32073,4,106
32074,32074,4,66
32075,32075,4,24
32076,32076,4,83
32077,32077,5,97
32078,32078,5,76
32079,32079,5,38
32080,32080,5,87
32081,32081,6,67
32082,32082,6,60
32083,32083,6,41
32084,32084,6,44
32085,32085,7,80
32086,32086,7,31
32087,32087,7,60
32088,32088,7,79
32089,32089,8,62
32090,32090,8,53
32091,32091,8,24
32092,32092,8,44
32093,32093,9,109
32094,32094,9,100
32095,32095,9,58
32096,32096,9,74
32097,32097,10,70
32098,32098,10,88
32099,32099,10,13
32100,32100,10,36
32101,32101,11,80
32102,32102,11,69
32103,32103,11,43
32104,32104,11,69
32105,32105,12,71
32106,32106,12,64
32107,32107,12,38
32108,32108,12,96
32109,32109,13,25
32110,32110,13,76
32111,32111,13,46
32112,32112,13,54
32113,32113,14,60
32114,32114,14,36
32115,32115,14,5
32116,32116,14,40
32117,32117,15,119
32118,32118,15,78
32119,32119,15,51
32120,32120,15,41
32121,32121,16,124
32122,32122,16,53
32123,32123,16,33
32124,32124,16,91
32125,32125,17,80
32126,32126,17,54
32127,32127,17,24
32128,32128,17,78
32129,32129,18,50
32130,32130,18,44
32131,32131,18,33
32132,32132,18,44
32133,32133,19,106
32134,32134,19,26
32135,32135,19,35
32136,32136,19,50
32137,32137,20,54
32138,32138,20,24
32139,32139,20,69
32140,32140,20,88
32141,32141,21,44
32142,32142,21,85
32143,32143,21,40
32144,32144,21,37
32145,32145,22,99
32146,32146,22,40
32147,32147,22,27
32148,32148,22,64
32149,32149,23,35
32150,32150,23,49
32151,32151,23,69
32152,32152,23,30
32153,32153,24,46
32154,32154,24,27
32155,32155,24,40
32156,32156,24,36
32157,32157,25,63
32158,32158,25,50
32159,32159,25,53
32160,32160,25,45
32161,32161,26,68
32162,32162,26,74
32163,32163,26,52
32164,32164,26,51
32165,32165,27,69
32166,32166,27,71
32167,32167,27,36
32168,32168,27,45
32169,32169,28,87
32170,32170,28,43
32171,32171,28,23
32172,32172,28,60
32173,32173,29,53
32174,32174,29,43
32175,32175,29,25
32176,32176,29,91
32177,32177,30,64
32178,32178,30,74
32179,32179,30,51
32180,32180,30,50
32181,32181,31,67
32182,32182,31,49
32183,32183,31,42
32184,32184,31,39
32185,32185,32,98
32186,32186,32,99
32187,32187,32,38
32188,32188,32,45
32189,32189,33,135
32190,32190,33,78
32191,32191,33,57
32192,32192,33,63
32193,32193,34,73
32194,32194,34,116
32195,32195,34,31
32196,32196,34,109
32197,32197,35,74
32198,32198,35,37
32199,32199,35,42
32200,32200,35,83
32201,32201,1,57
32202,32202,1,26
32203,32203,1,14
32204,32204,1,15
32205,32205,2,36
32206,32206,2,25
32207,32207,2,13
32208,32208,2,40
32209,32209,3,60
32210,32210,3,22
32211,32211,3,28
32212,32212,3,17
32213,32213,4,28
32214,32214,4,16
32215,32215,4,35
32216,32216,4,41
32217,32217,5,57
32218,32218,5,26
32219,32219,5,14
32220,32220,5,22
32221,32221,6,51
32222,32222,6,23
32223,32223,6,16
32224,32224,6,51
32225,32225,7,55
32226,32226,7,31
32227,32227,7,24
32228,32228,7,35
32229,32229,8,28
32230,32230,8,10
32231,32231,8,14
32232,32232,8,30
32233,32233,9,58
32234,32234,9,15
32235,32235,9,31
32236,32236,9,22
32237,32237,10,34
32238,32238,10,18
32239,32239,10,14
32240,32240,10,15
32241,32241,11,39
32242,32242,11,46
32243,32243,11,29
32244,32244,11,34
32245,32245,12,47
32246,32246,12,17
32247,32247,12,24
32248,32248,12,30
32249,32249,13,25
32250,32250,13,42
32251,32251,13,17
32252,32252,13,30
32253,32253,14,24
32254,32254,14,26
32255,32255,14,13
32256,32256,14,31
32257,32257,15,48
32258,32258,15,15
32259,32259,15,37
32260,32260,15,11
32261,32261,16,45
32262,32262,16,34
32263,32263,16,28
32264,32264,16,22
32265,32265,17,31
32266,32266,17,32
32267,32267,17,27
32268,32268,17,37
32269,32269,18,26
32270,32270,18,17
32271,32271,18,28
32272,32272,18,30
32273,32273,19,30
32274,32274,19,47
32275,32275,19,14
32276,32276,19,46
32277,32277,20,55
32278,32278,20,13
32279,32279,20,34
32280,32280,20,31
32281,32281,21,41
32282,32282,21,14
32283,32283,21,23
32284,32284,21,17
32285,32285,22,39
32286,32286,22,38
32287,32287,22,22
32288,32288,22,34
32289,32289,23,36
32290,32290,23,49
32291,32291,23,27
32292,32292,23,33
32293,32293,24,34
32294,32294,24,18
32295,32295,24,20
32296,32296,24,38
32297,32297,25,49
32298,32298,25,18
32299,32299,25,16
32300,32300,25,54
32301,32301,26,47
32302,32302,26,15
32303,32303,26,17
32304,32304,26,17
32305,32305,27,70
32306,32306,27,25
32307,32307,27,22
32308,32308,27,48
32309,32309,28,26
32310,32310,28,54
32311,32311,28,26
32312,32312,28,18
32313,32313,29,36
32314,32314,29,37
32315,32315,29,20
32316,32316,29,20
32317,32317,30,38
32318,32318,30,21
32319,32319,30,40
32320,32320,30,54
32321,32321,31,40
32322,32322,31,39
32323,32323,31,23
32324,32324,31,38
32325,32325,32,55
32326,32326,32,33
32327,32327,32,14
32328,32328,32,43
32329,32329,33,31
32330,32330,33,25
32331,32331,33,19
32332,32332,33,31
32333,32333,34,23
32334,32334,34,16
32335,32335,34,23
32336,32336,34,28
32337,32337,35,44
32338,32338,35,40
32339,32339,35,29
32340,32340,35,36
32341,32341,1,26
32342,32342,1,40
32343,32343,1,15
32344,32344,1,47
32345,32345,2,56
32346,32346,2,25
32347,32347,2,14
32348,32348,2,24
32349,32349,3,13
32350,32350,3,29
32351,32351,3,33
32352,32352,3,60
32353,32353,4,30
32354,32354,4,18
32355,32355,4,26
32356,32356,4,29
32357,32357,5,33
32358,32358,5,24
32359,32359,5,28
32360,32360,5,33
32361,32361,6,38
32362,32362,6,50
32363,32363,6,14
32364,32364,6,27
32365,32365,7,46
32366,32366,7,33
32367,32367,7,12
32368,32368,7,32
32369,32369,8,15
32370,32370,8,23
32371,32371,8,22
32372,32372,8,54
32373,32373,9,20
32374,32374,9,22
32375,32375,9,15
32376,32376,9,25
32377,32377,10,29
32378,32378,10,26
32379,32379,10,34
32380,32380,10,17
32381,32381,11,28
32382,32382,11,27
32383,32383,11,16
32384,32384,11,23
32385,32385,12,52
32386,32386,12,36
32387,32387,12,31
32388,32388,12,28
32389,32389,13,40
32390,32390,13,28
32391,32391,13,34
32392,32392,13,21
32393,32393,14,41
32394,32394,14,17
32395,32395,14,56
32396,32396,14,20
32397,32397,15,52
32398,32398,15,21
32399,32399,15,46
32400,32400,15,15
32401,32401,16,33
32402,32402,16,31
32403,32403,16,16
32404,32404,16,77
32405,32405,17,39
32406,32406,17,20
32407,32407,17,13
32408,32408,17,36
32409,32409,18,32
32410,32410,18,40
32411,32411,18,18
32412,32412,18,53
32413,32413,19,45
32414,32414,19,24
32415,32415,19,25
32416,32416,19,54
32417,32417,20,41
32418,32418,20,37
32419,32419,20,21
32420,32420,20,28
32421,32421,21,28
32422,32422,21,18
32423,32423,21,11
32424,32424,21,18
32425,32425,22,40
32426,32426,22,30
32427,32427,22,21
32428,32428,22,21
32429,32429,23,86
32430,32430,23,24
32431,32431,23,20
32432,32432,23,32
32433,32433,24,33
32434,32434,24,24
32435,32435,24,36
32436,32436,24,10
32437,32437,25,32
32438,32438,25,29
32439,32439,25,22
32440,32440,25,18
32441,32441,26,35
32442,32442,26,20
32443,32443,26,29
32444,32444,26,36
32445,32445,27,34
32446,32446,27,26
32447,32447,27,28
32448,32448,27,46
32449,32449,28,19
32450,32450,28,36
32451,32451,28,30
32452,32452,28,16
32453,32453,29,41
32454,32454,29,27
32455,32455,29,8
32456,32456,29,28
32457,32457,30,34
32458,32458,30,33
32459,32459,30,35
32460,32460,30,48
32461,32461,31,57
32462,32462,31,60
32463,32463,31,17
32464,32464,31,22
32465,32465,32,42
32466,32466,32,29
32467,32467,32,32
32468,32468,32,37
32469,32469,33,26
32470,32470,33,29
32471,32471,33,11
32472,32472,33,20
32473,32473,34,41
32474,32474,34,17
32475,32475,34,18
32476,32476,34,24
32477,32477,35,58
32478,32478,35,25
32479,32479,35,34
32480,32480,35,28
32481,32481,1,60
32482,32482,1,21
32483,32483,1,24
32484,32484,1,35
32485,32485,2,24
32486,32486,2,44
32487,32487,2,19
32488,32488,2,42
32489,32489,3,74
32490,32490,3,21
32491,32491,3,19
32492,32492,3,42
32493,32493,4,31
32494,32494,4,32
32495,32495,4,23
32496,32496,4,52
32497,32497,5,52
32498,32498,5,16
32499,32499,5,33
32500,32500,5,29
32501,32501,6,58
32502,32502,6,14
32503,32503,6,32
32504,32504,6,39
32505,32505,7,54
32506,32506,7,28
32507,32507,7,19
32508,32508,7,50
32509,32509,8,38
32510,32510,8,46
32511,32511,8,45
32512,32512,8,31
32513,32513,9,38
32514,32514,9,48
32515,32515,9,46
32516,32516,9,15
32517,32517,10,38
32518,32518,10,19
32519,32519,10,26
32520,32520,10,27
32521,32521,11,38
32522,32522,11,44
32523,32523,11,34
32524,32524,11,16
32525,32525,12,56
32526,32526,12,47
32527,32527,12,20
32528,32528,12,39
32529,32529,13,25
32530,32530,13,50
32531,32531,13,34
32532,32532,13,60
32533,32533,14,46
32534,32534,14,74
32535,32535,14,18
32536,32536,14,42
32537,32537,15,32
32538,32538,15,43
32539,32539,15,29
32540,32540,15,46
32541,32541,16,39
32542,32542,16,30
32543,32543,16,20
32544,32544,16,38
32545,32545,17,65
32546,32546,17,13
32547,32547,17,28
32548,32548,17,39
32549,32549,18,49
32550,32550,18,43
32551,32551,18,18
32552,32552,18,64
32553,32553,19,59
32554,32554,19,25
32555,32555,19,41
32556,32556,19,41
32557,32557,20,40
32558,32558,20,35
32559,32559,20,16
32560,32560,20,41
32561,32561,21,62
32562,32562,21,37
32563,32563,21,41
32564,32564,21,41
32565,32565,22,44
32566,32566,22,33
32567,32567,22,23
32568,32568,22,43
32569,32569,23,61
32570,32570,23,37
32571,32571,23,42
32572,32572,23,29
32573,32573,24,30
32574,32574,24,9
32575,32575,24,27
32576,32576,24,32
32577,32577,25,52
32578,32578,25,31
32579,32579,25,43
32580,32580,25,50
32581,32581,26,86
32582,32582,26,57
32583,32583,26,27
32584,32584,26,28
32585,32585,27,63
32586,32586,27,47
32587,32587,27,33
32588,32588,27,30
32589,32589,28,34
32590,32590,28,20
32591,32591,28,18
32592,32592,28,53
32593,32593,29,28
32594,32594,29,66
32595,32595,29,23
32596,32596,29,49
32597,32597,30,37
32598,32598,30,31
32599,32599,30,37
32600,32600,30,25
32601,32601,31,39
32602,32602,31,30
32603,32603,31,27
32604,32604,31,71
32605,32605,32,43
32606,32606,32,16
32607,32607,32,28
32608,32608,32,35
32609,32609,33,67
32610,32610,33,35
32611,32611,33,21
32612,32612,33,45
32613,32613,34,35
32614,32614,34,20
32615,32615,34,19
32616,32616,34,26
32617,32617,35,67
32618,32618,35,27
32619,32619,35,19
32620,32620,35,83
32621,32621,1,44
32622,32622,1,18
32623,32623,1,6
32624,32624,1,62
32625,32625,2,75
32626,32626,2,31
32627,32627,2,29
32628,32628,2,40
32629,32629,3,52
32630,32630,3,12
32631,32631,3,19
32632,32632,3,43
32633,32633,4,32
32634,32634,4,27
32635,32635,4,40
32636,32636,4,28
32637,32637,5,79
32638,32638,5,43
32639,32639,5,22
32640,32640,5,39
32641,32641,6,86
32642,32642,6,39
32643,32643,6,13
32644,32644,6,35
32645,32645,7,40
32646,32646,7,30
32647,32647,7,22
32648,32648,7,56
32649,32649,8,28
32650,32650,8,28
32651,32651,8,13
32652,32652,8,23
32653,32653,9,42
32654,32654,9,49
32655,32655,9,22
32656,32656,9,80
32657,32657,10,73
32658,32658,10,25
32659,32659,10,42
32660,32660,10,27
32661,32661,11,78
32662,32662,11,29
32663,32663,11,44
32664,32664,11,51
32665,32665,12,43
32666,32666,12,15
32667,32667,12,24
32668,32668,12,63
32669,32669,13,40
32670,32670,13,36
32671,32671,13,19
32672,32672,13,62
32673,32673,14,53
32674,32674,14,28
32675,32675,14,25
32676,32676,14,16
32677,32677,15,50
32678,32678,15,35
32679,32679,15,33
32680,32680,15,53
32681,32681,16,34
32682,32682,16,30
32683,32683,16,47
32684,32684,16,67
32685,32685,17,66
32686,32686,17,15
32687,32687,17,31
32688,32688,17,42
32689,32689,18,95
32690,32690,18,70
32691,32691,18,27
32692,32692,18,39
32693,32693,19,54
32694,32694,19,36
32695,32695,19,14
32696,32696,19,53
32697,32697,20,92
32698,32698,20,53
32699,32699,20,18
32700,32700,20,51
32701,32701,21,61
32702,32702,21,33
32703,32703,21,39
32704,32704,21,28
32705,32705,22,82
32706,32706,22,27
32707,32707,22,32
32708,32708,22,48
32709,32709,23,47
32710,32710,23,46
32711,32711,23,22
32712,32712,23,30
32713,32713,24,48
32714,32714,24,56
32715,32715,24,63
32716,32716,24,48
32717,32717,25,42
32718,32718,25,59
32719,32719,25,23
32720,32720,25,36
32721,32721,26,36
32722,32722,26,57
32723,32723,26,38
32724,32724,26,26
32725,32725,27,44
32726,32726,27,52
32727,32727,27,18
32728,32728,27,47
32729,32729,28,46
32730,32730,28,28
32731,32731,28,41
32732,32732,28,44
32733,32733,29,84
32734,32734,29,45
32735,32735,29,21
32736,32736,29,42
32737,32737,30,54
32738,32738,30,80
32739,32739,30,28
32740,32740,30,27
32741,32741,31,34
32742,32742,31,46
32743,32743,31,34
32744,32744,31,45
32745,32745,32,87
32746,32746,32,48
32747,32747,32,16
32748,32748,32,46
32749,32749,33,34
32750,32750,33,19
32751,32751,33,34
32752,32752,33,26
32753,32753,34,59
32754,32754,34,36
32755,32755,34,19
32756,32756,34,41
32757,32757,35,23
32758,32758,35,41
32759,32759,35,38
32760,32760,35,17
32761,32761,1,49
32762,32762,1,100
32763,32763,1,34
32764,32764,1,19
32765,32765,2,46
32766,32766,2,15
32767,32767,2,44
32768,32768,2,56
32769,32769,3,58
32770,32770,3,83
32771,32771,3,24
32772,32772,3,96
32773,32773,4,25
32774,32774,4,34
32775,32775,4,36
32776,32776,4,67
32777,32777,5,87
32778,32778,5,25
32779,32779,5,25
32780,32780,5,45
32781,32781,6,31
32782,32782,6,41
32783,32783,6,50
32784,32784,6,53
32785,32785,7,49
32786,32786,7,30
32787,32787,7,41
32788,32788,7,59
32789,32789,8,79
32790,32790,8,35
32791,32791,8,23
32792,32792,8,76
32793,32793,9,77
32794,32794,9,50
32795,32795,9,19
32796,32796,9,76
32797,32797,10,38
32798,32798,10,43
32799,32799,10,51
32800,32800,10,41
32801,32801,11,94
32802,32802,11,50
32803,32803,11,64
32804,32804,11,28
32805,32805,12,63
32806,32806,12,25
32807,32807,12,25
32808,32808,12,42
32809,32809,13,57
32810,32810,13,44
32811,32811,13,26
32812,32812,13,113
32813,32813,14,79
32814,32814,14,57
32815,32815,14,47
32816,32816,14,47
32817,32817,15,81
32818,32818,15,26
32819,32819,15,22
32820,32820,15,66
32821,32821,16,33
32822,32822,16,33
32823,32823,16,40
32824,32824,16,39
32825,32825,17,15
32826,32826,17,34
32827,32827,17,50
32828,32828,17,74
32829,32829,18,87
32830,32830,18,24
32831,32831,18,36
32832,32832,18,39
32833,32833,19,83
32834,32834,19,107
32835,32835,19,16
32836,32836,19,33
32837,32837,20,52
32838,32838,20,26
32839,32839,20,43
32840,32840,20,38
32841,32841,21,33
32842,32842,21,56
32843,32843,21,27
32844,32844,21,28
32845,32845,22,50
32846,32846,22,34
32847,32847,22,20
32848,32848,22,75
32849,32849,23,41
32850,32850,23,43
32851,32851,23,40
32852,32852,23,61
32853,32853,24,35
32854,32854,24,43
32855,32855,24,31
32856,32856,24,55
32857,32857,25,65
32858,32858,25,45
32859,32859,25,25
32860,32860,25,55
32861,32861,26,46
32862,32862,26,45
32863,32863,26,38
32864,32864,26,50
32865,32865,27,54
32866,32866,27,11
32867,32867,27,44
32868,32868,27,57
32869,32869,28,30
32870,32870,28,113
32871,32871,28,57
32872,32872,28,32
32873,32873,29,51
32874,32874,29,52
32875,32875,29,48
32876,32876,29,15
32877,32877,30,62
32878,32878,30,28
32879,32879,30,51
32880,32880,30,64
32881,32881,31,91
32882,32882,31,40
32883,32883,31,44
32884,32884,31,67
32885,32885,32,79
32886,32886,32,82
32887,32887,32,31
32888,32888,32,70
32889,32889,33,27
32890,32890,33,32
32891,32891,33,59
32892,32892,33,89
32893,32893,34,50
32894,32894,34,45
32895,32895,34,32
32896,32896,34,94
32897,32897,35,66
32898,32898,35,40
32899,32899,35,42
32900,32900,35,64
32901,32901,1,54
32902,32902,1,88
32903,32903,1,50
32904,32904,1,78
32905,32905,2,44
32906,32906,2,40
32907,32907,2,55
32908,32908,2,69
32909,32909,3,95
32910,32910,3,88
32911,32911,3,70
32912,32912,3,42
32913,32913,4,65
32914,32914,4,75
32915,32915,4,69
32916,32916,4,74
32917,32917,5,53
32918,32918,5,32
32919,32919,5,79
32920,32920,5,48
32921,32921,6,114
32922,32922,6,92
32923,32923,6,55
32924,32924,6,60
32925,32925,7,116
32926,32926,7,60
32927,32927,7,65
32928,32928,7,95
32929,32929,8,79
32930,32930,8,86
32931,32931,8,48
32932,32932,8,93
32933,32933,9,93
32934,32934,9,74
32935,32935,9,90
32936,32936,9,65
32937,32937,10,68
32938,32938,10,84
32939,32939,10,40
32940,32940,10,57
32941,32941,11,78
32942,32942,11,51
32943,32943,11,40
32944,32944,11,42
32945,32945,12,110
32946,32946,12,32
32947,32947,12,47
32948,32948,12,56
32949,32949,13,59
32950,32950,13,42
32951,32951,13,48
32952,32952,13,69
32953,32953,14,72
32954,32954,14,63
32955,32955,14,32
32956,32956,14,72
32957,32957,15,65
32958,32958,15,57
32959,32959,15,49
32960,32960,15,92
32961,32961,16,145
32962,32962,16,101
32963,32963,16,47
32964,32964,16,77
32965,32965,17,41
32966,32966,17,49
32967,32967,17,22
32968,32968,17,54
32969,32969,18,77
32970,32970,18,58
32971,32971,18,46
32972,32972,18,89
32973,32973,19,59
32974,32974,19,82
32975,32975,19,52
32976,32976,19,66
32977,32977,20,88
32978,32978,20,92
32979,32979,20,69
32980,32980,20,19
32981,32981,21,51
32982,32982,21,27
32983,32983,21,46
32984,32984,21,73
32985,32985,22,105
32986,32986,22,42
32987,32987,22,53
32988,32988,22,55
32989,32989,23,124
32990,32990,23,61
32991,32991,23,46
32992,32992,23,40
32993,32993,24,108
32994,32994,24,31
32995,32995,24,70
32996,32996,24,99
32997,32997,25,87
32998,32998,25,39
32999,32999,25,44
33000,33000,25,51
33001,33001,26,126
33002,33002,26,40
33003,33003,26,55
33004,33004,26,46
33005,33005,27,84
33006,33006,27,60
33007,33007,27,72
33008,33008,27,108
33009,33009,28,81
33010,33010,28,34
33011,33011,28,31
33012,33012,28,92
33013,33013,29,137
33014,33014,29,48
33015,33015,29,37
33016,33016,29,34
33017,33017,30,96
33018,33018,30,13
33019,33019,30,45
33020,33020,30,59
33021,33021,31,86
33022,33022,31,63
33023,33023,31,44
33024,33024,31,93
33025,33025,32,62
33026,33026,32,42
33027,33027,32,42
33028,33028,32,133
33029,33029,33,62
33030,33030,33,38
33031,33031,33,41
33032,33032,33,54
33033,33033,34,68
33034,33034,34,58
33035,33035,34,53
33036,33036,34,61
33037,33037,35,69
33038,33038,35,44
33039,33039,35,62
33040,33040,35,124
33041,33041,1,98
33042,33042,1,56
33043,33043,1,19
33044,33044,1,93
33045,33045,2,67
33046,33046,2,33
33047,33047,2,52
33048,33048,2,70
33049,33049,3,54
33050,33050,3,41
33051,33051,3,28
33052,33052,3,60
33053,33053,4,120
33054,33054,4,43
33055,33055,4,32
33056,33056,4,58
33057,33057,5,78
33058,33058,5,50
33059,33059,5,44
33060,33060,5,49
33061,33061,6,78
33062,33062,6,61
33063,33063,6,58
33064,33064,6,45
33065,33065,7,90
33066,33066,7,76
33067,33067,7,21
33068,33068,7,68
33069,33069,8,65
33070,33070,8,59
33071,33071,8,38
33072,33072,8,106
33073,33073,9,83
33074,33074,9,30
33075,33075,9,23
33076,33076,9,67
33077,33077,10,45
33078,33078,10,60
33079,33079,10,19
33080,33080,10,70
33081,33081,11,80
33082,33082,11,68
33083,33083,11,54
33084,33084,11,73
33085,33085,12,87
33086,33086,12,47
33087,33087,12,29
33088,33088,12,57
33089,33089,13,56
33090,33090,13,87
33091,33091,13,21
33092,33092,13,36
33093,33093,14,42
33094,33094,14,57
33095,33095,14,81
33096,33096,14,61
33097,33097,15,91
33098,33098,15,40
33099,33099,15,85
33100,33100,15,31
33101,33101,16,103
33102,33102,16,24
33103,33103,16,59
33104,33104,16,92
33105,33105,17,128
33106,33106,17,66
33107,33107,17,19
33108,33108,17,56
33109,33109,18,68
33110,33110,18,46
33111,33111,18,75
33112,33112,18,42
33113,33113,19,67
33114,33114,19,46
33115,33115,19,31
33116,33116,19,72
33117,33117,20,64
33118,33118,20,10
33119,33119,20,77
33120,33120,20,48
33121,33121,21,47
33122,33122,21,32
33123,33123,21,40
33124,33124,21,79
33125,33125,22,116
33126,33126,22,65
33127,33127,22,30
33128,33128,22,56
33129,33129,23,80
33130,33130,23,44
33131,33131,23,33
33132,33132,23,59
33133,33133,24,40
33134,33134,24,29
33135,33135,24,51
33136,33136,24,72
33137,33137,25,95
33138,33138,25,46
33139,33139,25,47
33140,33140,25,56
33141,33141,26,107
33142,33142,26,101
33143,33143,26,49
33144,33144,26,40
33145,33145,27,121
33146,33146,27,76
33147,33147,27,32
33148,33148,27,61
33149,33149,28,76
33150,33150,28,82
33151,33151,28,42
33152,33152,28,62
33153,33153,29,121
33154,33154,29,61
33155,33155,29,76
33156,33156,29,53
33157,33157,30,94
33158,33158,30,110
33159,33159,30,41
33160,33160,30,43
33161,33161,31,111
33162,33162,31,47
33163,33163,31,83
33164,33164,31,91
33165,33165,32,52
33166,33166,32,66
33167,33167,32,46
33168,33168,32,76
33169,33169,33,33
33170,33170,33,42
33171,33171,33,27
33172,33172,33,80
33173,33173,34,77
33174,33174,34,47
33175,33175,34,59
33176,33176,34,41
33177,33177,35,79
33178,33178,35,60
33179,33179,35,75
33180,33180,35,80
33181,33181,1,22
33182,33182,1,22
33183,33183,1,25
33184,33184,1,33
33185,33185,2,55
33186,33186,2,45
33187,33187,2,35
33188,33188,2,21
33189,33189,3,46
33190,33190,3,20
33191,33191,3,28
33192,33192,3,19
33193,33193,4,43
33194,33194,4,17
33195,33195,4,22
33196,33196,4,24
33197,33197,5,39
33198,33198,5,15
33199,33199,5,41
33200,33200,5,21
33201,33201,6,21
33202,33202,6,17
33203,33203,6,24
33204,33204,6,23
33205,33205,7,39
33206,33206,7,20
33207,33207,7,31
33208,33208,7,33
33209,33209,8,58
33210,33210,8,18
33211,33211,8,12
33212,33212,8,25
33213,33213,9,64
33214,33214,9,25
33215,33215,9,29
33216,33216,9,47
33217,33217,10,26
33218,33218,10,18
33219,33219,10,45
33220,33220,10,49
33221,33221,11,39
33222,33222,11,27
33223,33223,11,31
33224,33224,11,50
33225,33225,12,26
33226,33226,12,12
33227,33227,12,34
33228,33228,12,53
33229,33229,13,31
33230,33230,13,23
33231,33231,13,19
33232,33232,13,31
33233,33233,14,46
33234,33234,14,36
33235,33235,14,23
33236,33236,14,25
33237,33237,15,38
33238,33238,15,21
33239,33239,15,16
33240,33240,15,24
33241,33241,16,33
33242,33242,16,22
33243,33243,16,24
33244,33244,16,42
33245,33245,17,31
33246,33246,17,49
33247,33247,17,30
33248,33248,17,21
33249,33249,18,50
33250,33250,18,26
33251,33251,18,29
33252,33252,18,23
33253,33253,19,52
33254,33254,19,39
33255,33255,19,26
33256,33256,19,28
33257,33257,20,39
33258,33258,20,23
33259,33259,20,30
33260,33260,20,37
33261,33261,21,64
33262,33262,21,13
33263,33263,21,7
33264,33264,21,26
33265,33265,22,33
33266,33266,22,47
33267,33267,22,6
33268,33268,22,38
33269,33269,23,32
33270,33270,23,23
33271,33271,23,44
33272,33272,23,29
33273,33273,24,36
33274,33274,24,32
33275,33275,24,20
33276,33276,24,46
33277,33277,25,24
33278,33278,25,17
33279,33279,25,19
33280,33280,25,26
33281,33281,26,58
33282,33282,26,20
33283,33283,26,20
33284,33284,26,49
33285,33285,27,11
33286,33286,27,35
33287,33287,27,17
33288,33288,27,35
33289,33289,28,54
33290,33290,28,33
33291,33291,28,22
33292,33292,28,24
33293,33293,29,29
33294,33294,29,35
33295,33295,29,28
33296,33296,29,49
33297,33297,30,54
33298,33298,30,25
33299,33299,30,29
33300,33300,30,48
33301,33301,31,25
33302,33302,31,37
33303,33303,31,24
33304,33304,31,21
33305,33305,32,41
33306,33306,32,39
33307,33307,32,14
33308,33308,32,47
33309,33309,33,67
33310,33310,33,22
33311,33311,33,24
33312,33312,33,28
33313,33313,34,46
33314,33314,34,25
33315,33315,34,7
33316,33316,34,35
33317,33317,35,32
33318,33318,35,23
33319,33319,35,14
33320,33320,35,24
33321,33321,1,37
33322,33322,1,7
33323,33323,1,15
33324,33324,1,23
33325,33325,2,72
33326,33326,2,46
33327,33327,2,13
33328,33328,2,67
33329,33329,3,41
33330,33330,3,16
33331,33331,3,3
33332,33332,3,44
33333,33333,4,46
33334,33334,4,36
33335,33335,4,18
33336,33336,4,45
33337,33337,5,65
33338,33338,5,15
33339,33339,5,39
33340,33340,5,29
33341,33341,6,43
33342,33342,6,39
33343,33343,6,12
33344,33344,6,30
33345,33345,7,38
33346,33346,7,39
33347,33347,7,42
33348,33348,7,23
33349,33349,8,12
33350,33350,8,20
33351,33351,8,33
33352,33352,8,59
33353,33353,9,53
33354,33354,9,19
33355,33355,9,23
33356,33356,9,22
33357,33357,10,39
33358,33358,10,46
33359,33359,10,23
33360,33360,10,50
33361,33361,11,44
33362,33362,11,62
33363,33363,11,13
33364,33364,11,19
33365,33365,12,42
33366,33366,12,27
33367,33367,12,12
33368,33368,12,23
33369,33369,13,14
33370,33370,13,30
33371,33371,13,5
33372,33372,13,34
33373,33373,14,43
33374,33374,14,19
33375,33375,14,24
33376,33376,14,39
33377,33377,15,44
33378,33378,15,41
33379,33379,15,24
33380,33380,15,32
33381,33381,16,57
33382,33382,16,46
33383,33383,16,12
33384,33384,16,35
33385,33385,17,47
33386,33386,17,37
33387,33387,17,23
33388,33388,17,39
33389,33389,18,28
33390,33390,18,18
33391,33391,18,27
33392,33392,18,28
33393,33393,19,43
33394,33394,19,33
33395,33395,19,18
33396,33396,19,26
33397,33397,20,44
33398,33398,20,16
33399,33399,20,25
33400,33400,20,44
33401,33401,21,30
33402,33402,21,41
33403,33403,21,31
33404,33404,21,44
33405,33405,22,36
33406,33406,22,8
33407,33407,22,12
33408,33408,22,47
33409,33409,23,20
33410,33410,23,30
33411,33411,23,23
33412,33412,23,26
33413,33413,24,75
33414,33414,24,16
33415,33415,24,15
33416,33416,24,35
33417,33417,25,40
33418,33418,25,27
33419,33419,25,28
33420,33420,25,46
33421,33421,26,32
33422,33422,26,51
33423,33423,26,18
33424,33424,26,31
33425,33425,27,27
33426,33426,27,24
33427,33427,27,14
33428,33428,27,37
33429,33429,28,54
33430,33430,28,28
33431,33431,28,43
33432,33432,28,42
33433,33433,29,17
33434,33434,29,31
33435,33435,29,31
33436,33436,29,42
33437,33437,30,50
33438,33438,30,42
33439,33439,30,19
33440,33440,30,49
33441,33441,31,51
33442,33442,31,29
33443,33443,31,15
33444,33444,31,25
33445,33445,32,45
33446,33446,32,45
33447,33447,32,33
33448,33448,32,31
33449,33449,33,31
33450,33450,33,28
33451,33451,33,10
33452,33452,33,25
33453,33453,34,23
33454,33454,34,19
33455,33455,34,33
33456,33456,34,34
33457,33457,35,68
33458,33458,35,21
33459,33459,35,19
33460,33460,35,60
33461,33461,1,86
33462,33462,1,61
33463,33463,1,11
33464,33464,1,74
33465,33465,2,30
33466,33466,2,39
33467,33467,2,102
33468,33468,2,85
33469,33469,3,80
33470,33470,3,63
33471,33471,3,68
33472,33472,3,45
33473,33473,4,77
33474,33474,4,56
33475,33475,4,60
33476,33476,4,36
33477,33477,5,62
33478,33478,5,45
33479,33479,5,58
33480,33480,5,68
33481,33481,6,60
33482,33482,6,59
33483,33483,6,32
33484,33484,6,110
33485,33485,7,81
33486,33486,7,20
33487,33487,7,52
33488,33488,7,80
33489,33489,8,116
33490,33490,8,46
33491,33491,8,67
33492,33492,8,75
33493,33493,9,91
33494,33494,9,53
33495,33495,9,12
33496,33496,9,53
33497,33497,10,64
33498,33498,10,37
33499,33499,10,24
33500,33500,10,129
33501,33501,11,136
33502,33502,11,80
33503,33503,11,63
33504,33504,11,58
33505,33505,12,73
33506,33506,12,53
33507,33507,12,41
33508,33508,12,45
33509,33509,13,26
33510,33510,13,31
33511,33511,13,90
33512,33512,13,65
33513,33513,14,154
33514,33514,14,37
33515,33515,14,35
33516,33516,14,82
33517,33517,15,110
33518,33518,15,49
33519,33519,15,57
33520,33520,15,33
33521,33521,16,75
33522,33522,16,68
33523,33523,16,36
33524,33524,16,49
33525,33525,17,71
33526,33526,17,67
33527,33527,17,43
33528,33528,17,58
33529,33529,18,61
33530,33530,18,109
33531,33531,18,70
33532,33532,18,80
33533,33533,19,64
33534,33534,19,69
33535,33535,19,60
33536,33536,19,104
33537,33537,20,124
33538,33538,20,112
33539,33539,20,55
33540,33540,20,101
33541,33541,21,124
33542,33542,21,56
33543,33543,21,70
33544,33544,21,55
33545,33545,22,103
33546,33546,22,125
33547,33547,22,33
33548,33548,22,43
33549,33549,23,107
33550,33550,23,55
33551,33551,23,37
33552,33552,23,104
33553,33553,24,53
33554,33554,24,50
33555,33555,24,44
33556,33556,24,69
33557,33557,25,26
33558,33558,25,105
33559,33559,25,44
33560,33560,25,68
33561,33561,26,61
33562,33562,26,54
33563,33563,26,69
33564,33564,26,112
33565,33565,27,96
33566,33566,27,96
33567,33567,27,58
33568,33568,27,38
33569,33569,28,82
33570,33570,28,56
33571,33571,28,26
33572,33572,28,69
33573,33573,29,56
33574,33574,29,77
33575,33575,29,61
33576,33576,29,77
33577,33577,30,70
33578,33578,30,60
33579,33579,30,97
33580,33580,30,122
33581,33581,31,80
33582,33582,31,37
33583,33583,31,73
33584,33584,31,66
33585,33585,32,68
33586,33586,32,52
33587,33587,32,28
33588,33588,32,24
33589,33589,33,72
33590,33590,33,69
33591,33591,33,51
33592,33592,33,44
33593,33593,34,131
33594,33594,34,46
33595,33595,34,49
33596,33596,34,84
33597,33597,35,55
33598,33598,35,56
33599,33599,35,65
33600,33600,35,61
33601,33601,1,131
33602,33602,1,76
33603,33603,1,55
33604,33604,1,58
33605,33605,2,127
33606,33606,2,44
33607,33607,2,27
33608,33608,2,51
33609,33609,3,140
33610,33610,3,49
33611,33611,3,48
33612,33612,3,32
33613,33613,4,95
33614,33614,4,52
33615,33615,4,52
33616,33616,4,27
33617,33617,5,105
33618,33618,5,59
33619,33619,5,55
33620,33620,5,88
33621,33621,6,77
33622,33622,6,71
33623,33623,6,44
33624,33624,6,58
33625,33625,7,69
33626,33626,7,83
33627,33627,7,62
33628,33628,7,42
33629,33629,8,52
33630,33630,8,66
33631,33631,8,83
33632,33632,8,52
33633,33633,9,99
33634,33634,9,43
33635,33635,9,33
33636,33636,9,73
33637,33637,10,107
33638,33638,10,91
33639,33639,10,57
33640,33640,10,68
33641,33641,11,162
33642,33642,11,99
33643,33643,11,51
33644,33644,11,73
33645,33645,12,73
33646,33646,12,92
33647,33647,12,45
33648,33648,12,59
33649,33649,13,101
33650,33650,13,26
33651,33651,13,34
33652,33652,13,66
33653,33653,14,139
33654,33654,14,99
33655,33655,14,42
33656,33656,14,73
33657,33657,15,143
33658,33658,15,69
33659,33659,15,66
33660,33660,15,60
33661,33661,16,117
33662,33662,16,57
33663,33663,16,37
33664,33664,16,69
33665,33665,17,34
33666,33666,17,72
33667,33667,17,51
33668,33668,17,72
33669,33669,18,96
33670,33670,18,66
33671,33671,18,49
33672,33672,18,161
33673,33673,19,109
33674,33674,19,54
33675,33675,19,35
33676,33676,19,137
33677,33677,20,98
33678,33678,20,38
33679,33679,20,91
33680,33680,20,118
33681,33681,21,106
33682,33682,21,43
33683,33683,21,35
33684,33684,21,46
33685,33685,22,83
33686,33686,22,94
33687,33687,22,72
33688,33688,22,48
33689,33689,23,89
33690,33690,23,103
33691,33691,23,58
33692,33692,23,82
33693,33693,24,63
33694,33694,24,112
33695,33695,24,92
33696,33696,24,142
33697,33697,25,68
33698,33698,25,100
33699,33699,25,64
33700,33700,25,84
33701,33701,26,116
33702,33702,26,107
33703,33703,26,26
33704,33704,26,97
33705,33705,27,168
33706,33706,27,46
33707,33707,27,93
33708,33708,27,98
33709,33709,28,89
33710,33710,28,83
33711,33711,28,86
33712,33712,28,125
33713,33713,29,118
33714,33714,29,102
33715,33715,29,80
33716,33716,29,50
33717,33717,30,87
33718,33718,30,116
33719,33719,30,80
33720,33720,30,87
33721,33721,31,116
33722,33722,31,87
33723,33723,31,43
33724,33724,31,78
33725,33725,32,75
33726,33726,32,60
33727,33727,32,49
33728,33728,32,76
33729,33729,33,47
33730,33730,33,67
33731,33731,33,56
33732,33732,33,74
33733,33733,34,88
33734,33734,34,59
33735,33735,34,48
33736,33736,34,91
33737,33737,35,197
33738,33738,35,66
33739,33739,35,70
33740,33740,35,52
33741,33741,1,127
33742,33742,1,129
33743,33743,1,106
33744,33744,1,104
33745,33745,2,155
33746,33746,2,40
33747,33747,2,22
33748,33748,2,75
33749,33749,3,115
33750,33750,3,73
33751,33751,3,69
33752,33752,3,100
33753,33753,4,142
33754,33754,4,63
33755,33755,4,78
33756,33756,4,83
33757,33757,5,99
33758,33758,5,68
33759,33759,5,56
33760,33760,5,77
33761,33761,6,156
33762,33762,6,69
33763,33763,6,114
33764,33764,6,129
33765,33765,7,212
33766,33766,7,55
33767,33767,7,95
33768,33768,7,110
33769,33769,8,210
33770,33770,8,64
33771,33771,8,87
33772,33772,8,165
33773,33773,9,76
33774,33774,9,163
33775,33775,9,124
33776,33776,9,107
33777,33777,10,101
33778,33778,10,33
33779,33779,10,54
33780,33780,10,126
33781,33781,11,99
33782,33782,11,111
33783,33783,11,82
33784,33784,11,116
33785,33785,12,185
33786,33786,12,40
33787,33787,12,60
33788,33788,12,61
33789,33789,13,105
33790,33790,13,106
33791,33791,13,67
33792,33792,13,107
33793,33793,14,123
33794,33794,14,95
33795,33795,14,142
33796,33796,14,154
33797,33797,15,161
33798,33798,15,81
33799,33799,15,83
33800,33800,15,98
33801,33801,16,73
33802,33802,16,68
33803,33803,16,64
33804,33804,16,111
33805,33805,17,108
33806,33806,17,82
33807,33807,17,73
33808,33808,17,82
33809,33809,18,89
33810,33810,18,84
33811,33811,18,61
33812,33812,18,198
33813,33813,19,72
33814,33814,19,117
33815,33815,19,139
33816,33816,19,96
33817,33817,20,101
33818,33818,20,77
33819,33819,20,91
33820,33820,20,162
33821,33821,21,140
33822,33822,21,60
33823,33823,21,51
33824,33824,21,110
33825,33825,22,104
33826,33826,22,31
33827,33827,22,21
33828,33828,22,121
33829,33829,23,144
33830,33830,23,80
33831,33831,23,148
33832,33832,23,50
33833,33833,24,123
33834,33834,24,40
33835,33835,24,29
33836,33836,24,92
33837,33837,25,162
33838,33838,25,48
33839,33839,25,60
33840,33840,25,106
33841,33841,26,112
33842,33842,26,183
33843,33843,26,88
33844,33844,26,122
33845,33845,27,185
33846,33846,27,114
33847,33847,27,138
33848,33848,27,109
33849,33849,28,116
33850,33850,28,44
33851,33851,28,95
33852,33852,28,73
33853,33853,29,134
33854,33854,29,94
33855,33855,29,98
33856,33856,29,149
33857,33857,30,99
33858,33858,30,43
33859,33859,30,75
33860,33860,30,59
33861,33861,31,89
33862,33862,31,111
33863,33863,31,52
33864,33864,31,70
33865,33865,32,114
33866,33866,32,85
33867,33867,32,93
33868,33868,32,142
33869,33869,33,179
33870,33870,33,67
33871,33871,33,100
33872,33872,33,121
33873,33873,34,80
33874,33874,34,83
33875,33875,34,56
33876,33876,34,88
33877,33877,35,100
33878,33878,35,52
33879,33879,35,47
33880,33880,35,140
33881,33881,1,99
33882,33882,1,62
33883,33883,1,78
33884,33884,1,110
33885,33885,2,117
33886,33886,2,109
33887,33887,2,92
33888,33888,2,169
33889,33889,3,203
33890,33890,3,32
33891,33891,3,175
33892,33892,3,178
33893,33893,4,131
33894,33894,4,66
33895,33895,4,49
33896,33896,4,189
33897,33897,5,141
33898,33898,5,88
33899,33899,5,37
33900,33900,5,50
33901,33901,6,177
33902,33902,6,78
33903,33903,6,52
33904,33904,6,136
33905,33905,7,182
33906,33906,7,141
33907,33907,7,63
33908,33908,7,55
33909,33909,8,55
33910,33910,8,82
33911,33911,8,87
33912,33912,8,162
33913,33913,9,116
33914,33914,9,141
33915,33915,9,92
33916,33916,9,82
33917,33917,10,128
33918,33918,10,67
33919,33919,10,136
33920,33920,10,93
33921,33921,11,194
33922,33922,11,114
33923,33923,11,87
33924,33924,11,105
33925,33925,12,228
33926,33926,12,79
33927,33927,12,118
33928,33928,12,205
33929,33929,13,121
33930,33930,13,102
33931,33931,13,67
33932,33932,13,107
33933,33933,14,168
33934,33934,14,121
33935,33935,14,142
33936,33936,14,70
33937,33937,15,59
33938,33938,15,76
33939,33939,15,67
33940,33940,15,149
33941,33941,16,185
33942,33942,16,78
33943,33943,16,66
33944,33944,16,107
33945,33945,17,175
33946,33946,17,135
33947,33947,17,73
33948,33948,17,74
33949,33949,18,70
33950,33950,18,65
33951,33951,18,103
33952,33952,18,55
33953,33953,19,85
33954,33954,19,79
33955,33955,19,132
33956,33956,19,113
33957,33957,20,231
33958,33958,20,134
33959,33959,20,64
33960,33960,20,106
33961,33961,21,217
33962,33962,21,115
33963,33963,21,52
33964,33964,21,121
33965,33965,22,77
33966,33966,22,27
33967,33967,22,81
33968,33968,22,96
33969,33969,23,180
33970,33970,23,92
33971,33971,23,52
33972,33972,23,106
33973,33973,24,174
33974,33974,24,119
33975,33975,24,98
33976,33976,24,222
33977,33977,25,141
33978,33978,25,34
33979,33979,25,37
33980,33980,25,168
33981,33981,26,88
33982,33982,26,69
33983,33983,26,134
33984,33984,26,201
33985,33985,27,162
33986,33986,27,75
33987,33987,27,89
33988,33988,27,140
33989,33989,28,219
33990,33990,28,54
33991,33991,28,90
33992,33992,28,118
33993,33993,29,179
33994,33994,29,125
33995,33995,29,130
33996,33996,29,179
33997,33997,30,148
33998,33998,30,77
33999,33999,30,90
34000,34000,30,178
34001,34001,31,90
34002,34002,31,101
34003,34003,31,119
34004,34004,31,126
34005,34005,32,111
34006,34006,32,77
34007,34007,32,124
34008,34008,32,148
34009,34009,33,210
34010,34010,33,99
34011,34011,33,96
34012,34012,33,195
34013,34013,34,139
34014,34014,34,134
34015,34015,34,98
34016,34016,34,61
34017,34017,35,227
34018,34018,35,61
34019,34019,35,86
34020,34020,35,77
34021,34021,1,85
34022,34022,1,80
34023,34023,1,115
34024,34024,1,162
34025,34025,2,186
34026,34026,2,71
34027,34027,2,64
34028,34028,2,84
34029,34029,3,114
34030,34030,3,115
34031,34031,3,37
34032,34032,3,122
34033,34033,4,98
34034,34034,4,57
34035,34035,4,87
34036,34036,4,68
34037,34037,5,94
34038,34038,5,141
34039,34039,5,54
34040,34040,5,86
34041,34041,6,236
34042,34042,6,196
34043,34043,6,68
34044,34044,6,89
34045,34045,7,208
34046,34046,7,38
34047,34047,7,48
34048,34048,7,82
34049,34049,8,86
34050,34050,8,156
34051,34051,8,67
34052,34052,8,138
34053,34053,9,140
34054,34054,9,178
34055,34055,9,123
34056,34056,9,187
34057,34057,10,243
34058,34058,10,197
34059,34059,10,98
34060,34060,10,134
34061,34061,11,177
34062,34062,11,38
34063,34063,11,80
34064,34064,11,135
34065,34065,12,138
34066,34066,12,135
34067,34067,12,71
34068,34068,12,174
34069,34069,13,176
34070,34070,13,150
34071,34071,13,60
34072,34072,13,113
34073,34073,14,94
34074,34074,14,125
34075,34075,14,80
34076,34076,14,95
34077,34077,15,151
34078,34078,15,32
34079,34079,15,127
34080,34080,15,182
34081,34081,16,167
34082,34082,16,116
34083,34083,16,113
34084,34084,16,134
34085,34085,17,122
34086,34086,17,93
34087,34087,17,115
34088,34088,17,69
34089,34089,18,180
34090,34090,18,65
34091,34091,18,34
34092,34092,18,120
34093,34093,19,164
34094,34094,19,60
34095,34095,19,100
34096,34096,19,232
34097,34097,20,69
34098,34098,20,159
34099,34099,20,62
34100,34100,20,108
34101,34101,21,84
34102,34102,21,75
34103,34103,21,96
34104,34104,21,128
34105,34105,22,225
34106,34106,22,171
34107,34107,22,81
34108,34108,22,127
34109,34109,23,130
34110,34110,23,179
34111,34111,23,94
34112,34112,23,168
34113,34113,24,105
34114,34114,24,139
34115,34115,24,63
34116,34116,24,168
34117,34117,25,102
34118,34118,25,88
34119,34119,25,141
34120,34120,25,47
34121,34121,26,156
34122,34122,26,62
34123,34123,26,126
34124,34124,26,157
34125,34125,27,119
34126,34126,27,77
34127,34127,27,111
34128,34128,27,108
34129,34129,28,108
34130,34130,28,122
34131,34131,28,109
34132,34132,28,140
34133,34133,29,122
34134,34134,29,59
34135,34135,29,105
34136,34136,29,61
34137,34137,30,193
34138,34138,30,99
34139,34139,30,89
34140,34140,30,172
34141,34141,31,96
34142,34142,31,47
34143,34143,31,106
34144,34144,31,89
34145,34145,32,234
34146,34146,32,143
34147,34147,32,50
34148,34148,32,38
34149,34149,33,302
34150,34150,33,78
34151,34151,33,87
34152,34152,33,117
34153,34153,34,124
34154,34154,34,59
34155,34155,34,83
34156,34156,34,158
34157,34157,35,86
34158,34158,35,107
34159,34159,35,54
34160,34160,35,155
34161,34161,1,99
34162,34162,1,32
34163,34163,1,55
34164,34164,1,79
34165,34165,2,86
34166,34166,2,64
34167,34167,2,30
34168,34168,2,91
34169,34169,3,60
34170,34170,3,35
34171,34171,3,59
34172,34172,3,61
34173,34173,4,81
34174,34174,4,49
34175,34175,4,39
34176,34176,4,91
34177,34177,5,60
34178,34178,5,41
34179,34179,5,32
34180,34180,5,78
34181,34181,6,70
34182,34182,6,35
34183,34183,6,60
34184,34184,6,68
34185,34185,7,112
34186,34186,7,33
34187,34187,7,62
34188,34188,7,32
34189,34189,8,50
34190,34190,8,56
34191,34191,8,20
34192,34192,8,22
34193,34193,9,76
34194,34194,9,55
34195,34195,9,23
34196,34196,9,47
34197,34197,10,66
34198,34198,10,87
34199,34199,10,60
34200,34200,10,81
34201,34201,11,89
34202,34202,11,67
34203,34203,11,40
34204,34204,11,60
34205,34205,12,80
34206,34206,12,64
34207,34207,12,31
34208,34208,12,55
34209,34209,13,45
34210,34210,13,35
34211,34211,13,41
34212,34212,13,37
34213,34213,14,91
34214,34214,14,50
34215,34215,14,39
34216,34216,14,56
34217,34217,15,117
34218,34218,15,36
34219,34219,15,49
34220,34220,15,90
34221,34221,16,57
34222,34222,16,55
34223,34223,16,45
34224,34224,16,74
34225,34225,17,32
34226,34226,17,68
34227,34227,17,42
34228,34228,17,40
34229,34229,18,83
34230,34230,18,22
34231,34231,18,55
34232,34232,18,70
34233,34233,19,61
34234,34234,19,42
34235,34235,19,49
34236,34236,19,72
34237,34237,20,58
34238,34238,20,36
34239,34239,20,63
34240,34240,20,57
34241,34241,21,37
34242,34242,21,53
34243,34243,21,17
34244,34244,21,57
34245,34245,22,79
34246,34246,22,45
34247,34247,22,60
34248,34248,22,61
34249,34249,23,103
34250,34250,23,31
34251,34251,23,68
34252,34252,23,59
34253,34253,24,40
34254,34254,24,32
34255,34255,24,59
34256,34256,24,57
34257,34257,25,90
34258,34258,25,50
34259,34259,25,24
34260,34260,25,84
34261,34261,26,85
34262,34262,26,77
34263,34263,26,46
34264,34264,26,48
34265,34265,27,59
34266,34266,27,67
34267,34267,27,45
34268,34268,27,59
34269,34269,28,97
34270,34270,28,95
34271,34271,28,29
34272,34272,28,83
34273,34273,29,118
34274,34274,29,93
34275,34275,29,24
34276,34276,29,64
34277,34277,30,84
34278,34278,30,31
34279,34279,30,34
34280,34280,30,27
34281,34281,31,59
34282,34282,31,45
34283,34283,31,29
34284,34284,31,71
34285,34285,32,116
34286,34286,32,58
34287,34287,32,46
34288,34288,32,35
34289,34289,33,64
34290,34290,33,37
34291,34291,33,57
34292,34292,33,97
34293,34293,34,76
34294,34294,34,72
34295,34295,34,66
34296,34296,34,110
34297,34297,35,47
34298,34298,35,65
34299,34299,35,49
34300,34300,35,39
34301,34301,1,59
34302,34302,1,85
34303,34303,1,36
34304,34304,1,43
34305,34305,2,65
34306,34306,2,64
34307,34307,2,52
34308,34308,2,134
34309,34309,3,84
34310,34310,3,64
34311,34311,3,53
34312,34312,3,16
34313,34313,4,78
34314,34314,4,51
34315,34315,4,57
34316,34316,4,49
34317,34317,5,62
34318,34318,5,46
34319,34319,5,83
34320,34320,5,42
34321,34321,6,121
34322,34322,6,55
34323,34323,6,56
34324,34324,6,49
34325,34325,7,89
34326,34326,7,38
34327,34327,7,42
34328,34328,7,69
34329,34329,8,46
34330,34330,8,34
34331,34331,8,56
34332,34332,8,48
34333,34333,9,53
34334,34334,9,45
34335,34335,9,42
34336,34336,9,57
34337,34337,10,57
34338,34338,10,37
34339,34339,10,64
34340,34340,10,82
34341,34341,11,47
34342,34342,11,31
34343,34343,11,33
34344,34344,11,73
34345,34345,12,54
34346,34346,12,40
34347,34347,12,56
34348,34348,12,76
34349,34349,13,59
34350,34350,13,36
34351,34351,13,62
34352,34352,13,52
34353,34353,14,117
34354,34354,14,32
34355,34355,14,62
34356,34356,14,96
34357,34357,15,70
34358,34358,15,30
34359,34359,15,39
34360,34360,15,77
34361,34361,16,132
34362,34362,16,49
34363,34363,16,58
34364,34364,16,51
34365,34365,17,91
34366,34366,17,67
34367,34367,17,39
34368,34368,17,50
34369,34369,18,106
34370,34370,18,37
34371,34371,18,107
34372,34372,18,45
34373,34373,19,57
34374,34374,19,58
34375,34375,19,95
34376,34376,19,79
34377,34377,20,27
34378,34378,20,50
34379,34379,20,73
34380,34380,20,59
34381,34381,21,32
34382,34382,21,77
34383,34383,21,13
34384,34384,21,60
34385,34385,22,62
34386,34386,22,69
34387,34387,22,14
34388,34388,22,106
34389,34389,23,54
34390,34390,23,69
34391,34391,23,32
34392,34392,23,106
34393,34393,24,98
34394,34394,24,39
34395,34395,24,50
34396,34396,24,39
34397,34397,25,74
34398,34398,25,57
34399,34399,25,49
34400,34400,25,56
34401,34401,26,42
34402,34402,26,23
34403,34403,26,27
34404,34404,26,54
34405,34405,27,86
34406,34406,27,50
34407,34407,27,71
34408,34408,27,30
34409,34409,28,54
34410,34410,28,56
34411,34411,28,58
34412,34412,28,61
34413,34413,29,73
34414,34414,29,76
34415,34415,29,73
34416,34416,29,136
34417,34417,30,61
34418,34418,30,34
34419,34419,30,49
34420,34420,30,60
34421,34421,31,169
34422,34422,31,48
34423,34423,31,55
34424,34424,31,52
34425,34425,32,65
34426,34426,32,47
34427,34427,32,38
34428,34428,32,98
34429,34429,33,112
34430,34430,33,74
34431,34431,33,38
34432,34432,33,40
34433,34433,34,79
34434,34434,34,54
34435,34435,34,36
34436,34436,34,56
34437,34437,35,117
34438,34438,35,52
34439,34439,35,39
34440,34440,35,79
34441,34441,1,79
34442,34442,1,29
34443,34443,1,37
34444,34444,1,131
34445,34445,2,61
34446,34446,2,57
34447,34447,2,80
34448,34448,2,60
34449,34449,3,104
34450,34450,3,66
34451,34451,3,34
34452,34452,3,89
34453,34453,4,93
34454,34454,4,63
34455,34455,4,45
34456,34456,4,95
34457,34457,5,87
34458,34458,5,36
34459,34459,5,86
34460,34460,5,58
34461,34461,6,97
34462,34462,6,73
34463,34463,6,72
34464,34464,6,120
34465,34465,7,104
34466,34466,7,57
34467,34467,7,52
34468,34468,7,43
34469,34469,8,59
34470,34470,8,83
34471,34471,8,41
34472,34472,8,83
34473,34473,9,71
34474,34474,9,56
34475,34475,9,56
34476,34476,9,36
34477,34477,10,51
34478,34478,10,87
34479,34479,10,58
34480,34480,10,78
34481,34481,11,40
34482,34482,11,93
34483,34483,11,57
34484,34484,11,66
34485,34485,12,88
34486,34486,12,58
34487,34487,12,61
34488,34488,12,59
34489,34489,13,142
34490,34490,13,75
34491,34491,13,31
34492,34492,13,79
34493,34493,14,115
34494,34494,14,59
34495,34495,14,19
34496,34496,14,94
34497,34497,15,71
34498,34498,15,43
34499,34499,15,114
34500,34500,15,75
34501,34501,16,75
34502,34502,16,61
34503,34503,16,54
34504,34504,16,45
34505,34505,17,68
34506,34506,17,64
34507,34507,17,36
34508,34508,17,69
34509,34509,18,130
34510,34510,18,39
34511,34511,18,41
34512,34512,18,66
34513,34513,19,108
34514,34514,19,75
34515,34515,19,43
34516,34516,19,159
34517,34517,20,71
34518,34518,20,53
34519,34519,20,37
34520,34520,20,70
34521,34521,21,109
34522,34522,21,37
34523,34523,21,60
34524,34524,21,49
34525,34525,22,118
34526,34526,22,53
34527,34527,22,65
34528,34528,22,115
34529,34529,23,71
34530,34530,23,47
34531,34531,23,23
34532,34532,23,66
34533,34533,24,78
34534,34534,24,47
34535,34535,24,74
34536,34536,24,86
34537,34537,25,107
34538,34538,25,41
34539,34539,25,48
34540,34540,25,132
34541,34541,26,121
34542,34542,26,83
34543,34543,26,47
34544,34544,26,95
34545,34545,27,89
34546,34546,27,43
34547,34547,27,66
34548,34548,27,73
34549,34549,28,144
34550,34550,28,48
34551,34551,28,43
34552,34552,28,84
34553,34553,29,78
34554,34554,29,83
34555,34555,29,27
34556,34556,29,26
34557,34557,30,90
34558,34558,30,106
34559,34559,30,42
34560,34560,30,39
34561,34561,31,83
34562,34562,31,56
34563,34563,31,53
34564,34564,31,50
34565,34565,32,64
34566,34566,32,36
34567,34567,32,34
34568,34568,32,89
34569,34569,33,105
34570,34570,33,44
34571,34571,33,47
34572,34572,33,63
34573,34573,34,47
34574,34574,34,60
34575,34575,34,87
34576,34576,34,85
34577,34577,35,36
34578,34578,35,54
34579,34579,35,28
34580,34580,35,38
34581,34581,1,107
34582,34582,1,119
34583,34583,1,38
34584,34584,1,106
34585,34585,2,72
34586,34586,2,52
34587,34587,2,25
34588,34588,2,61
34589,34589,3,63
34590,34590,3,76
34591,34591,3,119
34592,34592,3,138
34593,34593,4,76
34594,34594,4,161
34595,34595,4,28
34596,34596,4,84
34597,34597,5,97
34598,34598,5,58
34599,34599,5,49
34600,34600,5,143
34601,34601,6,47
34602,34602,6,76
34603,34603,6,103
34604,34604,6,94
34605,34605,7,68
34606,34606,7,61
34607,34607,7,30
34608,34608,7,80
34609,34609,8,58
34610,34610,8,40
34611,34611,8,65
34612,34612,8,70
34613,34613,9,59
34614,34614,9,56
34615,34615,9,71
34616,34616,9,60
34617,34617,10,113
34618,34618,10,43
34619,34619,10,53
34620,34620,10,66
34621,34621,11,59
34622,34622,11,14
34623,34623,11,31
34624,34624,11,67
34625,34625,12,144
34626,34626,12,30
34627,34627,12,61
34628,34628,12,113
34629,34629,13,63
34630,34630,13,30
34631,34631,13,15
34632,34632,13,46
34633,34633,14,121
34634,34634,14,26
34635,34635,14,86
34636,34636,14,82
34637,34637,15,97
34638,34638,15,39
34639,34639,15,15
34640,34640,15,71
34641,34641,16,153
34642,34642,16,61
34643,34643,16,58
34644,34644,16,63
34645,34645,17,92
34646,34646,17,25
34647,34647,17,41
34648,34648,17,57
34649,34649,18,86
34650,34650,18,37
34651,34651,18,30
34652,34652,18,56
34653,34653,19,47
34654,34654,19,89
34655,34655,19,47
34656,34656,19,49
34657,34657,20,75
34658,34658,20,103
34659,34659,20,26
34660,34660,20,92
34661,34661,21,80
34662,34662,21,71
34663,34663,21,87
34664,34664,21,61
34665,34665,22,123
34666,34666,22,91
34667,34667,22,52
34668,34668,22,99
34669,34669,23,131
34670,34670,23,113
34671,34671,23,19
34672,34672,23,152
34673,34673,24,74
34674,34674,24,63
34675,34675,24,55
34676,34676,24,94
34677,34677,25,78
34678,34678,25,74
34679,34679,25,119
34680,34680,25,92
34681,34681,26,62
34682,34682,26,61
34683,34683,26,35
34684,34684,26,87
34685,34685,27,107
34686,34686,27,24
34687,34687,27,77
34688,34688,27,30
34689,34689,28,83
34690,34690,28,40
34691,34691,28,78
34692,34692,28,68
34693,34693,29,136
34694,34694,29,76
34695,34695,29,60
34696,34696,29,128
34697,34697,30,76
34698,34698,30,68
34699,34699,30,97
34700,34700,30,67
34701,34701,31,68
34702,34702,31,39
34703,34703,31,42
34704,34704,31,71
34705,34705,32,56
34706,34706,32,102
34707,34707,32,22
34708,34708,32,74
34709,34709,33,134
34710,34710,33,103
34711,34711,33,81
34712,34712,33,39
34713,34713,34,186
34714,34714,34,46
34715,34715,34,56
34716,34716,34,60
34717,34717,35,97
34718,34718,35,85
34719,34719,35,22
34720,34720,35,69
34721,34721,1,52
34722,34722,1,99
34723,34723,1,109
34724,34724,1,84
34725,34725,2,59
34726,34726,2,103
34727,34727,2,97
34728,34728,2,75
34729,34729,3,101
34730,34730,3,71
34731,34731,3,67
34732,34732,3,108
34733,34733,4,121
34734,34734,4,93
34735,34735,4,120
34736,34736,4,70
34737,34737,5,88
34738,34738,5,99
34739,34739,5,95
34740,34740,5,123
34741,34741,6,113
34742,34742,6,107
34743,34743,6,120
34744,34744,6,68
34745,34745,7,179
34746,34746,7,43
34747,34747,7,48
34748,34748,7,71
34749,34749,8,73
34750,34750,8,110
34751,34751,8,75
34752,34752,8,97
34753,34753,9,89
34754,34754,9,99
34755,34755,9,57
34756,34756,9,19
34757,34757,10,96
34758,34758,10,88
34759,34759,10,127
34760,34760,10,62
34761,34761,11,127
34762,34762,11,48
34763,34763,11,59
34764,34764,11,79
34765,34765,12,97
34766,34766,12,86
34767,34767,12,74
34768,34768,12,125
34769,34769,13,150
34770,34770,13,57
34771,34771,13,48
34772,34772,13,93
34773,34773,14,152
34774,34774,14,107
34775,34775,14,66
34776,34776,14,63
34777,34777,15,125
34778,34778,15,38
34779,34779,15,107
34780,34780,15,51
34781,34781,16,111
34782,34782,16,77
34783,34783,16,22
34784,34784,16,191
34785,34785,17,192
34786,34786,17,76
34787,34787,17,48
34788,34788,17,67
34789,34789,18,87
34790,34790,18,120
34791,34791,18,32
34792,34792,18,89
34793,34793,19,114
34794,34794,19,71
34795,34795,19,121
34796,34796,19,111
34797,34797,20,107
34798,34798,20,53
34799,34799,20,94
34800,34800,20,129
34801,34801,21,45
34802,34802,21,55
34803,34803,21,43
34804,34804,21,56
34805,34805,22,133
34806,34806,22,114
34807,34807,22,71
34808,34808,22,154
34809,34809,23,140
34810,34810,23,91
34811,34811,23,71
34812,34812,23,51
34813,34813,24,72
34814,34814,24,50
34815,34815,24,21
34816,34816,24,118
34817,34817,25,85
34818,34818,25,54
34819,34819,25,70
34820,34820,25,107
34821,34821,26,159
34822,34822,26,142
34823,34823,26,67
34824,34824,26,117
34825,34825,27,117
34826,34826,27,89
34827,34827,27,65
34828,34828,27,84
34829,34829,28,128
34830,34830,28,60
34831,34831,28,89
34832,34832,28,121
34833,34833,29,111
34834,34834,29,124
34835,34835,29,52
34836,34836,29,152
34837,34837,30,115
34838,34838,30,90
34839,34839,30,74
34840,34840,30,52
34841,34841,31,144
34842,34842,31,116
34843,34843,31,49
34844,34844,31,113
34845,34845,32,112
34846,34846,32,99
34847,34847,32,72
34848,34848,32,77
34849,34849,33,113
34850,34850,33,46
34851,34851,33,89
34852,34852,33,105
34853,34853,34,98
34854,34854,34,100
34855,34855,34,67
34856,34856,34,75
34857,34857,35,188
34858,34858,35,74
34859,34859,35,47
34860,34860,35,154
34861,34861,1,71
34862,34862,1,80
34863,34863,1,103
34864,34864,1,104
34865,34865,2,136
34866,34866,2,68
34867,34867,2,55
34868,34868,2,163
34869,34869,3,141
34870,34870,3,86
34871,34871,3,52
34872,34872,3,94
34873,34873,4,153
34874,34874,4,109
34875,34875,4,87
34876,34876,4,113
34877,34877,5,188
34878,34878,5,98
34879,34879,5,40
34880,34880,5,122
34881,34881,6,142
34882,34882,6,101
34883,34883,6,69
34884,34884,6,85
34885,34885,7,125
34886,34886,7,178
34887,34887,7,110
34888,34888,7,146
34889,34889,8,112
34890,34890,8,91
34891,34891,8,150
34892,34892,8,89
34893,34893,9,57
34894,34894,9,138
34895,34895,9,125
34896,34896,9,88
34897,34897,10,153
34898,34898,10,105
34899,34899,10,53
34900,34900,10,70
34901,34901,11,128
34902,34902,11,132
34903,34903,11,64
34904,34904,11,159
34905,34905,12,128
34906,34906,12,129
34907,34907,12,66
34908,34908,12,134
34909,34909,13,109
34910,34910,13,70
34911,34911,13,59
34912,34912,13,93
34913,34913,14,117
34914,34914,14,121
34915,34915,14,137
34916,34916,14,121
34917,34917,15,138
34918,34918,15,67
34919,34919,15,98
34920,34920,15,94
34921,34921,16,117
34922,34922,16,89
34923,34923,16,64
34924,34924,16,112
34925,34925,17,207
34926,34926,17,96
34927,34927,17,84
34928,34928,17,174
34929,34929,18,130
34930,34930,18,111
34931,34931,18,99
34932,34932,18,130
34933,34933,19,236
34934,34934,19,119
34935,34935,19,134
34936,34936,19,196
34937,34937,20,231
34938,34938,20,105
34939,34939,20,124
34940,34940,20,169
34941,34941,21,145
34942,34942,21,152
34943,34943,21,145
34944,34944,21,135
34945,34945,22,106
34946,34946,22,130
34947,34947,22,68
34948,34948,22,104
34949,34949,23,106
34950,34950,23,67
34951,34951,23,87
34952,34952,23,136
34953,34953,24,171
34954,34954,24,84
34955,34955,24,58
34956,34956,24,87
34957,34957,25,111
34958,34958,25,87
34959,34959,25,73
34960,34960,25,177
34961,34961,26,118
34962,34962,26,147
34963,34963,26,30
34964,34964,26,193
34965,34965,27,150
34966,34966,27,92
34967,34967,27,94
34968,34968,27,144
34969,34969,28,180
34970,34970,28,77
34971,34971,28,83
34972,34972,28,65
34973,34973,29,208
34974,34974,29,197
34975,34975,29,77
34976,34976,29,102
34977,34977,30,175
34978,34978,30,86
34979,34979,30,66
34980,34980,30,154
34981,34981,31,265
34982,34982,31,110
34983,34983,31,105
34984,34984,31,84
34985,34985,32,132
34986,34986,32,70
34987,34987,32,100
34988,34988,32,61
34989,34989,33,84
34990,34990,33,149
34991,34991,33,81
34992,34992,33,133
34993,34993,34,123
34994,34994,34,96
34995,34995,34,91
34996,34996,34,167
34997,34997,35,123
34998,34998,35,73
34999,34999,35,127
35000,35000,35,101
35001,35001,1,45
35002,35002,1,43
35003,35003,1,28
35004,35004,1,75
35005,35005,2,107
35006,35006,2,80
35007,35007,2,25
35008,35008,2,45
35009,35009,3,63
35010,35010,3,59
35011,35011,3,26
35012,35012,3,68
35013,35013,4,65
35014,35014,4,101
35015,35015,4,38
35016,35016,4,63
35017,35017,5,155
35018,35018,5,45
35019,35019,5,54
35020,35020,5,57
35021,35021,6,74
35022,35022,6,21
35023,35023,6,35
35024,35024,6,49
35025,35025,7,59
35026,35026,7,43
35027,35027,7,41
35028,35028,7,22
35029,35029,8,111
35030,35030,8,73
35031,35031,8,41
35032,35032,8,34
35033,35033,9,57
35034,35034,9,64
35035,35035,9,40
35036,35036,9,34
35037,35037,10,88
35038,35038,10,44
35039,35039,10,76
35040,35040,10,60
35041,35041,11,20
35042,35042,11,114
35043,35043,11,32
35044,35044,11,106
35045,35045,12,68
35046,35046,12,44
35047,35047,12,54
35048,35048,12,93
35049,35049,13,101
35050,35050,13,62
35051,35051,13,52
35052,35052,13,45
35053,35053,14,112
35054,35054,14,44
35055,35055,14,26
35056,35056,14,49
35057,35057,15,55
35058,35058,15,76
35059,35059,15,29
35060,35060,15,35
35061,35061,16,54
35062,35062,16,52
35063,35063,16,21
35064,35064,16,75
35065,35065,17,96
35066,35066,17,31
35067,35067,17,20
35068,35068,17,67
35069,35069,18,95
35070,35070,18,28
35071,35071,18,34
35072,35072,18,87
35073,35073,19,96
35074,35074,19,34
35075,35075,19,45
35076,35076,19,47
35077,35077,20,61
35078,35078,20,120
35079,35079,20,24
35080,35080,20,83
35081,35081,21,31
35082,35082,21,93
35083,35083,21,49
35084,35084,21,44
35085,35085,22,97
35086,35086,22,42
35087,35087,22,11
35088,35088,22,33
35089,35089,23,79
35090,35090,23,34
35091,35091,23,92
35092,35092,23,59
35093,35093,24,102
35094,35094,24,44
35095,35095,24,34
35096,35096,24,50
35097,35097,25,75
35098,35098,25,62
35099,35099,25,19
35100,35100,25,67
35101,35101,26,89
35102,35102,26,43
35103,35103,26,26
35104,35104,26,68
35105,35105,27,70
35106,35106,27,65
35107,35107,27,61
35108,35108,27,33
35109,35109,28,90
35110,35110,28,67
35111,35111,28,80
35112,35112,28,35
35113,35113,29,125
35114,35114,29,137
35115,35115,29,34
35116,35116,29,119
35117,35117,30,77
35118,35118,30,73
35119,35119,30,79
35120,35120,30,78
35121,35121,31,33
35122,35122,31,38
35123,35123,31,91
35124,35124,31,30
35125,35125,32,65
35126,35126,32,45
35127,35127,32,37
35128,35128,32,41
35129,35129,33,94
35130,35130,33,69
35131,35131,33,34
35132,35132,33,56
35133,35133,34,80
35134,35134,34,38
35135,35135,34,30
35136,35136,34,99
35137,35137,35,102
35138,35138,35,65
35139,35139,35,43
35140,35140,35,105
35141,35141,1,40
35142,35142,1,47
35143,35143,1,22
35144,35144,1,25
35145,35145,2,40
35146,35146,2,39
35147,35147,2,23
35148,35148,2,31
35149,35149,3,16
35150,35150,3,7
35151,35151,3,19
35152,35152,3,39
35153,35153,4,24
35154,35154,4,26
35155,35155,4,22
35156,35156,4,47
35157,35157,5,35
35158,35158,5,13
35159,35159,5,29
35160,35160,5,52
35161,35161,6,22
35162,35162,6,37
35163,35163,6,26
35164,35164,6,24
35165,35165,7,41
35166,35166,7,39
35167,35167,7,21
35168,35168,7,20
35169,35169,8,41
35170,35170,8,49
35171,35171,8,17
35172,35172,8,30
35173,35173,9,36
35174,35174,9,57
35175,35175,9,24
35176,35176,9,45
35177,35177,10,17
35178,35178,10,40
35179,35179,10,31
35180,35180,10,76
35181,35181,11,54
35182,35182,11,26
35183,35183,11,24
35184,35184,11,17
35185,35185,12,55
35186,35186,12,10
35187,35187,12,17
35188,35188,12,52
35189,35189,13,37
35190,35190,13,16
35191,35191,13,16
35192,35192,13,51
35193,35193,14,20
35194,35194,14,29
35195,35195,14,21
35196,35196,14,44
35197,35197,15,48
35198,35198,15,22
35199,35199,15,23
35200,35200,15,28
35201,35201,16,48
35202,35202,16,33
35203,35203,16,16
35204,35204,16,22
35205,35205,17,26
35206,35206,17,31
35207,35207,17,17
35208,35208,17,29
35209,35209,18,30
35210,35210,18,6
35211,35211,18,27
35212,35212,18,23
35213,35213,19,53
35214,35214,19,17
35215,35215,19,18
35216,35216,19,48
35217,35217,20,49
35218,35218,20,54
35219,35219,20,57
35220,35220,20,33
35221,35221,21,31
35222,35222,21,55
35223,35223,21,10
35224,35224,21,32
35225,35225,22,38
35226,35226,22,12
35227,35227,22,22
35228,35228,22,33
35229,35229,23,49
35230,35230,23,38
35231,35231,23,33
35232,35232,23,18
35233,35233,24,40
35234,35234,24,33
35235,35235,24,24
35236,35236,24,40
35237,35237,25,31
35238,35238,25,29
35239,35239,25,26
35240,35240,25,35
35241,35241,26,39
35242,35242,26,39
35243,35243,26,9
35244,35244,26,45
35245,35245,27,29
35246,35246,27,40
35247,35247,27,16
35248,35248,27,27
35249,35249,28,59
35250,35250,28,32
35251,35251,28,25
35252,35252,28,35
35253,35253,29,58
35254,35254,29,47
35255,35255,29,21
35256,35256,29,33
35257,35257,30,29
35258,35258,30,25
35259,35259,30,17
35260,35260,30,48
35261,35261,31,40
35262,35262,31,18
35263,35263,31,13
35264,35264,31,33
35265,35265,32,47
35266,35266,32,58
35267,35267,32,24
35268,35268,32,18
35269,35269,33,23
35270,35270,33,34
35271,35271,33,26
35272,35272,33,32
35273,35273,34,48
35274,35274,34,24
35275,35275,34,19
35276,35276,34,24
35277,35277,35,50
35278,35278,35,20
35279,35279,35,33
35280,35280,35,10
35281,35281,1,25
35282,35282,1,52
35283,35283,1,27
35284,35284,1,51
35285,35285,2,72
35286,35286,2,24
35287,35287,2,15
35288,35288,2,67
35289,35289,3,47
35290,35290,3,25
35291,35291,3,15
35292,35292,3,46
35293,35293,4,23
35294,35294,4,25
35295,35295,4,25
35296,35296,4,52
35297,35297,5,42
35298,35298,5,16
35299,35299,5,26
35300,35300,5,15
35301,35301,6,31
35302,35302,6,20
35303,35303,6,31
35304,35304,6,31
35305,35305,7,38
35306,35306,7,29
35307,35307,7,23
35308,35308,7,51
35309,35309,8,49
35310,35310,8,23
35311,35311,8,21
35312,35312,8,25
35313,35313,9,53
35314,35314,9,27
35315,35315,9,15
35316,35316,9,27
35317,35317,10,23
35318,35318,10,35
35319,35319,10,28
35320,35320,10,22
35321,35321,11,33
35322,35322,11,20
35323,35323,11,23
35324,35324,11,45
35325,35325,12,43
35326,35326,12,26
35327,35327,12,24
35328,35328,12,41
35329,35329,13,30
35330,35330,13,47
35331,35331,13,34
35332,35332,13,17
35333,35333,14,31
35334,35334,14,25
35335,35335,14,29
35336,35336,14,33
35337,35337,15,28
35338,35338,15,27
35339,35339,15,17
35340,35340,15,49
35341,35341,16,27
35342,35342,16,12
35343,35343,16,23
35344,35344,16,47
35345,35345,17,58
35346,35346,17,33
35347,35347,17,11
35348,35348,17,26
35349,35349,18,30
35350,35350,18,27
35351,35351,18,18
35352,35352,18,42
35353,35353,19,70
35354,35354,19,29
35355,35355,19,13
35356,35356,19,31
35357,35357,20,22
35358,35358,20,30
35359,35359,20,14
35360,35360,20,27
35361,35361,21,47
35362,35362,21,16
35363,35363,21,18
35364,35364,21,18
35365,35365,22,74
35366,35366,22,23
35367,35367,22,39
35368,35368,22,52
35369,35369,23,51
35370,35370,23,22
35371,35371,23,51
35372,35372,23,55
35373,35373,24,47
35374,35374,24,11
35375,35375,24,11
35376,35376,24,22
35377,35377,25,45
35378,35378,25,20
35379,35379,25,21
35380,35380,25,7
35381,35381,26,31
35382,35382,26,52
35383,35383,26,25
35384,35384,26,17
35385,35385,27,42
35386,35386,27,33
35387,35387,27,15
35388,35388,27,32
35389,35389,28,31
35390,35390,28,15
35391,35391,28,27
35392,35392,28,22
35393,35393,29,38
35394,35394,29,21
35395,35395,29,30
35396,35396,29,30
35397,35397,30,35
35398,35398,30,53
35399,35399,30,23
35400,35400,30,55
35401,35401,31,30
35402,35402,31,30
35403,35403,31,20
35404,35404,31,27
35405,35405,32,54
35406,35406,32,29
35407,35407,32,19
35408,35408,32,52
35409,35409,33,50
35410,35410,33,7
35411,35411,33,36
35412,35412,33,26
35413,35413,34,35
35414,35414,34,22
35415,35415,34,25
35416,35416,34,63
35417,35417,35,31
35418,35418,35,27
35419,35419,35,17
35420,35420,35,67
35421,35421,1,30
35422,35422,1,33
35423,35423,1,18
35424,35424,1,29
35425,35425,2,47
35426,35426,2,39
35427,35427,2,16
35428,35428,2,60
35429,35429,3,35
35430,35430,3,14
35431,35431,3,21
35432,35432,3,12
35433,35433,4,16
35434,35434,4,30
35435,35435,4,17
35436,35436,4,35
35437,35437,5,63
35438,35438,5,26
35439,35439,5,33
35440,35440,5,43
35441,35441,6,44
35442,35442,6,23
35443,35443,6,17
35444,35444,6,30
35445,35445,7,35
35446,35446,7,58
35447,35447,7,12
35448,35448,7,21
35449,35449,8,53
35450,35450,8,31
35451,35451,8,38
35452,35452,8,26
35453,35453,9,57
35454,35454,9,48
35455,35455,9,35
35456,35456,9,41
35457,35457,10,28
35458,35458,10,48
35459,35459,10,19
35460,35460,10,63
35461,35461,11,70
35462,35462,11,17
35463,35463,11,21
35464,35464,11,41
35465,35465,12,52
35466,35466,12,26
35467,35467,12,12
35468,35468,12,61
35469,35469,13,30
35470,35470,13,12
35471,35471,13,19
35472,35472,13,30
35473,35473,14,64
35474,35474,14,22
35475,35475,14,42
35476,35476,14,30
35477,35477,15,46
35478,35478,15,30
35479,35479,15,23
35480,35480,15,18
35481,35481,16,36
35482,35482,16,46
35483,35483,16,17
35484,35484,16,33
35485,35485,17,46
35486,35486,17,42
35487,35487,17,15
35488,35488,17,25
35489,35489,18,30
35490,35490,18,29
35491,35491,18,14
35492,35492,18,48
35493,35493,19,52
35494,35494,19,46
35495,35495,19,6
35496,35496,19,39
35497,35497,20,72
35498,35498,20,33
35499,35499,20,17
35500,35500,20,69
35501,35501,21,43
35502,35502,21,28
35503,35503,21,26
35504,35504,21,89
35505,35505,22,51
35506,35506,22,24
35507,35507,22,9
35508,35508,22,69
35509,35509,23,51
35510,35510,23,53
35511,35511,23,16
35512,35512,23,44
35513,35513,24,33
35514,35514,24,19
35515,35515,24,23
35516,35516,24,23
35517,35517,25,39
35518,35518,25,16
35519,35519,25,37
35520,35520,25,28
35521,35521,26,52
35522,35522,26,57
35523,35523,26,23
35524,35524,26,35
35525,35525,27,43
35526,35526,27,23
35527,35527,27,23
35528,35528,27,42
35529,35529,28,43
35530,35530,28,48
35531,35531,28,35
35532,35532,28,55
35533,35533,29,38
35534,35534,29,28
35535,35535,29,33
35536,35536,29,43
35537,35537,30,63
35538,35538,30,56
35539,35539,30,9
35540,35540,30,18
35541,35541,31,54
35542,35542,31,41
35543,35543,31,46
35544,35544,31,26
35545,35545,32,23
35546,35546,32,54
35547,35547,32,28
35548,35548,32,53
35549,35549,33,52
35550,35550,33,46
35551,35551,33,29
35552,35552,33,22
35553,35553,34,44
35554,35554,34,21
35555,35555,34,43
35556,35556,34,26
35557,35557,35,86
35558,35558,35,31
35559,35559,35,29
35560,35560,35,11
35561,35561,1,64
35562,35562,1,27
35563,35563,1,29
35564,35564,1,38
35565,35565,2,56
35566,35566,2,28
35567,35567,2,26
35568,35568,2,80
35569,35569,3,47
35570,35570,3,33
35571,35571,3,27
35572,35572,3,59
35573,35573,4,77
35574,35574,4,55
35575,35575,4,13
35576,35576,4,29
35577,35577,5,49
35578,35578,5,36
35579,35579,5,24
35580,35580,5,32
35581,35581,6,58
35582,35582,6,39
35583,35583,6,46
35584,35584,6,77
35585,35585,7,59
35586,35586,7,40
35587,35587,7,40
35588,35588,7,35
35589,35589,8,41
35590,35590,8,51
35591,35591,8,21
35592,35592,8,35
35593,35593,9,25
35594,35594,9,21
35595,35595,9,41
35596,35596,9,40
35597,35597,10,50
35598,35598,10,42
35599,35599,10,41
35600,35600,10,39
35601,35601,11,60
35602,35602,11,58
35603,35603,11,21
35604,35604,11,51
35605,35605,12,65
35606,35606,12,35
35607,35607,12,17
35608,35608,12,21
35609,35609,13,62
35610,35610,13,20
35611,35611,13,27
35612,35612,13,36
35613,35613,14,53
35614,35614,14,44
35615,35615,14,29
35616,35616,14,27
35617,35617,15,42
35618,35618,15,18
35619,35619,15,26
35620,35620,15,34
35621,35621,16,52
35622,35622,16,56
35623,35623,16,24
35624,35624,16,25
35625,35625,17,40
35626,35626,17,53
35627,35627,17,18
35628,35628,17,38
35629,35629,18,52
35630,35630,18,64
35631,35631,18,43
35632,35632,18,41
35633,35633,19,51
35634,35634,19,51
35635,35635,19,20
35636,35636,19,38
35637,35637,20,56
35638,35638,20,21
35639,35639,20,25
35640,35640,20,40
35641,35641,21,32
35642,35642,21,42
35643,35643,21,20
35644,35644,21,25
35645,35645,22,106
35646,35646,22,18
35647,35647,22,64
35648,35648,22,42
35649,35649,23,32
35650,35650,23,22
35651,35651,23,24
35652,35652,23,71
35653,35653,24,57
35654,35654,24,45
35655,35655,24,22
35656,35656,24,49
35657,35657,25,35
35658,35658,25,50
35659,35659,25,40
35660,35660,25,62
35661,35661,26,89
35662,35662,26,36
35663,35663,26,54
35664,35664,26,56
35665,35665,27,24
35666,35666,27,56
35667,35667,27,29
35668,35668,27,26
35669,35669,28,62
35670,35670,28,22
35671,35671,28,17
35672,35672,28,15
35673,35673,29,50
35674,35674,29,56
35675,35675,29,44
35676,35676,29,36
35677,35677,30,45
35678,35678,30,50
35679,35679,30,40
35680,35680,30,28
35681,35681,31,42
35682,35682,31,38
35683,35683,31,11
35684,35684,31,20
35685,35685,32,53
35686,35686,32,51
35687,35687,32,55
35688,35688,32,43
35689,35689,33,41
35690,35690,33,51
35691,35691,33,35
35692,35692,33,37
35693,35693,34,56
35694,35694,34,19
35695,35695,34,31
35696,35696,34,58
35697,35697,35,40
35698,35698,35,33
35699,35699,35,36
35700,35700,35,31
35701,35701,1,88
35702,35702,1,20
35703,35703,1,72
35704,35704,1,58
35705,35705,2,51
35706,35706,2,21
35707,35707,2,26
35708,35708,2,44
35709,35709,3,83
35710,35710,3,61
35711,35711,3,59
35712,35712,3,78
35713,35713,4,101
35714,35714,4,27
35715,35715,4,46
35716,35716,4,29
35717,35717,5,69
35718,35718,5,39
35719,35719,5,80
35720,35720,5,32
35721,35721,6,48
35722,35722,6,21
35723,35723,6,37
35724,35724,6,73
35725,35725,7,68
35726,35726,7,32
35727,35727,7,34
35728,35728,7,46
35729,35729,8,37
35730,35730,8,56
35731,35731,8,23
35732,35732,8,48
35733,35733,9,56
35734,35734,9,38
35735,35735,9,26
35736,35736,9,35
35737,35737,10,96
35738,35738,10,67
35739,35739,10,37
35740,35740,10,94
35741,35741,11,49
35742,35742,11,44
35743,35743,11,30
35744,35744,11,33
35745,35745,12,74
35746,35746,12,33
35747,35747,12,55
35748,35748,12,38
35749,35749,13,60
35750,35750,13,37
35751,35751,13,22
35752,35752,13,94
35753,35753,14,69
35754,35754,14,42
35755,35755,14,45
35756,35756,14,73
35757,35757,15,33
35758,35758,15,60
35759,35759,15,13
35760,35760,15,50
35761,35761,16,48
35762,35762,16,36
35763,35763,16,23
35764,35764,16,61
35765,35765,17,48
35766,35766,17,28
35767,35767,17,21
35768,35768,17,42
35769,35769,18,62
35770,35770,18,42
35771,35771,18,78
35772,35772,18,84
35773,35773,19,125
35774,35774,19,63
35775,35775,19,20
35776,35776,19,37
35777,35777,20,28
35778,35778,20,75
35779,35779,20,70
35780,35780,20,75
35781,35781,21,64
35782,35782,21,37
35783,35783,21,34
35784,35784,21,47
35785,35785,22,129
35786,35786,22,35
35787,35787,22,27
35788,35788,22,88
35789,35789,23,65
35790,35790,23,32
35791,35791,23,47
35792,35792,23,39
35793,35793,24,83
35794,35794,24,29
35795,35795,24,29
35796,35796,24,63
35797,35797,25,53
35798,35798,25,50
35799,35799,25,34
35800,35800,25,79
35801,35801,26,78
35802,35802,26,49
35803,35803,26,34
35804,35804,26,41
35805,35805,27,68
35806,35806,27,27
35807,35807,27,36
35808,35808,27,47
35809,35809,28,106
35810,35810,28,51
35811,35811,28,36
35812,35812,28,36
35813,35813,29,54
35814,35814,29,56
35815,35815,29,30
35816,35816,29,46
35817,35817,30,47
35818,35818,30,34
35819,35819,30,62
35820,35820,30,24
35821,35821,31,68
35822,35822,31,54
35823,35823,31,38
35824,35824,31,48
35825,35825,32,68
35826,35826,32,22
35827,35827,32,70
35828,35828,32,44
35829,35829,33,36
35830,35830,33,90
35831,35831,33,20
35832,35832,33,72
35833,35833,34,63
35834,35834,34,51
35835,35835,34,20
35836,35836,34,34
35837,35837,35,44
35838,35838,35,18
35839,35839,35,24
35840,35840,35,71
35841,35841,1,65
35842,35842,1,65
35843,35843,1,18
35844,35844,1,26
35845,35845,2,57
35846,35846,2,48
35847,35847,2,49
35848,35848,2,47
35849,35849,3,52
35850,35850,3,92
35851,35851,3,100
35852,35852,3,97
35853,35853,4,128
35854,35854,4,58
35855,35855,4,55
35856,35856,4,43
35857,35857,5,32
35858,35858,5,61
35859,35859,5,32
35860,35860,5,71
35861,35861,6,47
35862,35862,6,61
35863,35863,6,108
35864,35864,6,56
35865,35865,7,94
35866,35866,7,86
35867,35867,7,56
35868,35868,7,79
35869,35869,8,75
35870,35870,8,31
35871,35871,8,78
35872,35872,8,56
35873,35873,9,137
35874,35874,9,47
35875,35875,9,45
35876,35876,9,38
35877,35877,10,80
35878,35878,10,44
35879,35879,10,32
35880,35880,10,84
35881,35881,11,62
35882,35882,11,64
35883,35883,11,52
35884,35884,11,62
35885,35885,12,89
35886,35886,12,52
35887,35887,12,50
35888,35888,12,49
35889,35889,13,122
35890,35890,13,34
35891,35891,13,51
35892,35892,13,49
35893,35893,14,91
35894,35894,14,68
35895,35895,14,48
35896,35896,14,52
35897,35897,15,87
35898,35898,15,64
35899,35899,15,43
35900,35900,15,119
35901,35901,16,68
35902,35902,16,55
35903,35903,16,58
35904,35904,16,89
35905,35905,17,85
35906,35906,17,73
35907,35907,17,71
35908,35908,17,91
35909,35909,18,76
35910,35910,18,44
35911,35911,18,17
35912,35912,18,70
35913,35913,19,117
35914,35914,19,79
35915,35915,19,29
35916,35916,19,124
35917,35917,20,91
35918,35918,20,18
35919,35919,20,48
35920,35920,20,57
35921,35921,21,52
35922,35922,21,51
35923,35923,21,37
35924,35924,21,50
35925,35925,22,113
35926,35926,22,62
35927,35927,22,38
35928,35928,22,30
35929,35929,23,68
35930,35930,23,65
35931,35931,23,91
35932,35932,23,112
35933,35933,24,136
35934,35934,24,35
35935,35935,24,34
35936,35936,24,44
35937,35937,25,71
35938,35938,25,38
35939,35939,25,49
35940,35940,25,115
35941,35941,26,57
35942,35942,26,34
35943,35943,26,47
35944,35944,26,95
35945,35945,27,68
35946,35946,27,101
35947,35947,27,15
35948,35948,27,52
35949,35949,28,53
35950,35950,28,117
35951,35951,28,65
35952,35952,28,22
35953,35953,29,81
35954,35954,29,44
35955,35955,29,49
35956,35956,29,83
35957,35957,30,49
35958,35958,30,59
35959,35959,30,18
35960,35960,30,74
35961,35961,31,78
35962,35962,31,63
35963,35963,31,67
35964,35964,31,82
35965,35965,32,47
35966,35966,32,54
35967,35967,32,30
35968,35968,32,55
35969,35969,33,45
35970,35970,33,67
35971,35971,33,41
35972,35972,33,101
35973,35973,34,48
35974,35974,34,21
35975,35975,34,49
35976,35976,34,56
35977,35977,35,100
35978,35978,35,99
35979,35979,35,28
35980,35980,35,103
35981,35981,1,55
35982,35982,1,45
35983,35983,1,34
35984,35984,1,57
35985,35985,2,72
35986,35986,2,33
35987,35987,2,39
35988,35988,2,85
35989,35989,3,39
35990,35990,3,72
35991,35991,3,55
35992,35992,3,41
35993,35993,4,51
35994,35994,4,43
35995,35995,4,40
35996,35996,4,69
35997,35997,5,43
35998,35998,5,65
35999,35999,5,35
36000,36000,5,72
36001,36001,6,95
36002,36002,6,78
36003,36003,6,36
36004,36004,6,66
36005,36005,7,160
36006,36006,7,76
36007,36007,7,51
36008,36008,7,57
36009,36009,8,140
36010,36010,8,60
36011,36011,8,29
36012,36012,8,72
36013,36013,9,83
36014,36014,9,50
36015,36015,9,25
36016,36016,9,43
36017,36017,10,85
36018,36018,10,61
36019,36019,10,37
36020,36020,10,80
36021,36021,11,97
36022,36022,11,61
36023,36023,11,42
36024,36024,11,57
36025,36025,12,51
36026,36026,12,34
36027,36027,12,22
36028,36028,12,85
36029,36029,13,68
36030,36030,13,71
36031,36031,13,32
36032,36032,13,51
36033,36033,14,78
36034,36034,14,56
36035,36035,14,51
36036,36036,14,59
36037,36037,15,41
36038,36038,15,40
36039,36039,15,55
36040,36040,15,28
36041,36041,16,58
36042,36042,16,43
36043,36043,16,67
36044,36044,16,132
36045,36045,17,154
36046,36046,17,61
36047,36047,17,27
36048,36048,17,76
36049,36049,18,82
36050,36050,18,50
36051,36051,18,35
36052,36052,18,47
36053,36053,19,26
36054,36054,19,35
36055,36055,19,29
36056,36056,19,43
36057,36057,20,76
36058,36058,20,54
36059,36059,20,63
36060,36060,20,36
36061,36061,21,52
36062,36062,21,40
36063,36063,21,59
36064,36064,21,63
36065,36065,22,64
36066,36066,22,85
36067,36067,22,51
36068,36068,22,38
36069,36069,23,39
36070,36070,23,44
36071,36071,23,39
36072,36072,23,69
36073,36073,24,51
36074,36074,24,41
36075,36075,24,52
36076,36076,24,61
36077,36077,25,113
36078,36078,25,51
36079,36079,25,62
36080,36080,25,118
36081,36081,26,67
36082,36082,26,72
36083,36083,26,74
36084,36084,26,44
36085,36085,27,80
36086,36086,27,111
36087,36087,27,74
36088,36088,27,80
36089,36089,28,76
36090,36090,28,32
36091,36091,28,39
36092,36092,28,29
36093,36093,29,63
36094,36094,29,53
36095,36095,29,43
36096,36096,29,82
36097,36097,30,93
36098,36098,30,40
36099,36099,30,55
36100,36100,30,53
36101,36101,31,134
36102,36102,31,63
36103,36103,31,54
36104,36104,31,55
36105,36105,32,57
36106,36106,32,74
36107,36107,32,38
36108,36108,32,82
36109,36109,33,66
36110,36110,33,64
36111,36111,33,18
36112,36112,33,46
36113,36113,34,67
36114,36114,34,67
36115,36115,34,36
36116,36116,34,51
36117,36117,35,62
36118,36118,35,70
36119,36119,35,47
36120,36120,35,59
36121,36121,1,47
36122,36122,1,14
36123,36123,1,26
36124,36124,1,26
36125,36125,2,29
36126,36126,2,40
36127,36127,2,15
36128,36128,2,28
36129,36129,3,58
36130,36130,3,44
36131,36131,3,13
36132,36132,3,45
36133,36133,4,50
36134,36134,4,38
36135,36135,4,26
36136,36136,4,17
36137,36137,5,36
36138,36138,5,31
36139,36139,5,38
36140,36140,5,27
36141,36141,6,32
36142,36142,6,28
36143,36143,6,27
36144,36144,6,31
36145,36145,7,37
36146,36146,7,24
36147,36147,7,16
36148,36148,7,23
36149,36149,8,20
36150,36150,8,20
36151,36151,8,20
36152,36152,8,18
36153,36153,9,32
36154,36154,9,28
36155,36155,9,27
36156,36156,9,49
36157,36157,10,53
36158,36158,10,22
36159,36159,10,15
36160,36160,10,43
36161,36161,11,54
36162,36162,11,24
36163,36163,11,12
36164,36164,11,31
36165,36165,12,23
36166,36166,12,31
36167,36167,12,13
36168,36168,12,24
36169,36169,13,87
36170,36170,13,33
36171,36171,13,14
36172,36172,13,44
36173,36173,14,42
36174,36174,14,25
36175,36175,14,26
36176,36176,14,26
36177,36177,15,39
36178,36178,15,39
36179,36179,15,38
36180,36180,15,52
36181,36181,16,33
36182,36182,16,50
36183,36183,16,25
36184,36184,16,44
36185,36185,17,38
36186,36186,17,28
36187,36187,17,28
36188,36188,17,36
36189,36189,18,23
36190,36190,18,10
36191,36191,18,65
36192,36192,18,59
36193,36193,19,38
36194,36194,19,28
36195,36195,19,48
36196,36196,19,43
36197,36197,20,25
36198,36198,20,19
36199,36199,20,15
36200,36200,20,29
36201,36201,21,56
36202,36202,21,38
36203,36203,21,21
36204,36204,21,15
36205,36205,22,42
36206,36206,22,36
36207,36207,22,24
36208,36208,22,19
36209,36209,23,34
36210,36210,23,33
36211,36211,23,25
36212,36212,23,40
36213,36213,24,39
36214,36214,24,26
36215,36215,24,21
36216,36216,24,20
36217,36217,25,20
36218,36218,25,27
36219,36219,25,21
36220,36220,25,40
36221,36221,26,59
36222,36222,26,6
36223,36223,26,28
36224,36224,26,23
36225,36225,27,38
36226,36226,27,48
36227,36227,27,19
36228,36228,27,13
36229,36229,28,56
36230,36230,28,22
36231,36231,28,36
36232,36232,28,26
36233,36233,29,36
36234,36234,29,29
36235,36235,29,28
36236,36236,29,27
36237,36237,30,35
36238,36238,30,52
36239,36239,30,19
36240,36240,30,42
36241,36241,31,46
36242,36242,31,40
36243,36243,31,26
36244,36244,31,36
36245,36245,32,64
36246,36246,32,29
36247,36247,32,17
36248,36248,32,41
36249,36249,33,31
36250,36250,33,29
36251,36251,33,31
36252,36252,33,23
36253,36253,34,61
36254,36254,34,27
36255,36255,34,32
36256,36256,34,49
36257,36257,35,27
36258,36258,35,34
36259,36259,35,32
36260,36260,35,43
36261,36261,1,42
36262,36262,1,18
36263,36263,1,14
36264,36264,1,23
36265,36265,2,39
36266,36266,2,11
36267,36267,2,20
36268,36268,2,31
36269,36269,3,36
36270,36270,3,29
36271,36271,3,14
36272,36272,3,55
36273,36273,4,43
36274,36274,4,29
36275,36275,4,48
36276,36276,4,53
36277,36277,5,27
36278,36278,5,22
36279,36279,5,34
36280,36280,5,42
36281,36281,6,36
36282,36282,6,31
36283,36283,6,35
36284,36284,6,27
36285,36285,7,31
36286,36286,7,16
36287,36287,7,22
36288,36288,7,18
36289,36289,8,52
36290,36290,8,34
36291,36291,8,20
36292,36292,8,47
36293,36293,9,26
36294,36294,9,56
36295,36295,9,22
36296,36296,9,51
36297,36297,10,18
36298,36298,10,35
36299,36299,10,6
36300,36300,10,48
36301,36301,11,28
36302,36302,11,23
36303,36303,11,19
36304,36304,11,40
36305,36305,12,21
36306,36306,12,26
36307,36307,12,20
36308,36308,12,30
36309,36309,13,30
36310,36310,13,28
36311,36311,13,31
36312,36312,13,48
36313,36313,14,43
36314,36314,14,41
36315,36315,14,8
36316,36316,14,27
36317,36317,15,56
36318,36318,15,52
36319,36319,15,43
36320,36320,15,25
36321,36321,16,44
36322,36322,16,45
36323,36323,16,34
36324,36324,16,32
36325,36325,17,89
36326,36326,17,32
36327,36327,17,30
36328,36328,17,50
36329,36329,18,35
36330,36330,18,28
36331,36331,18,32
36332,36332,18,50
36333,36333,19,46
36334,36334,19,43
36335,36335,19,28
36336,36336,19,61
36337,36337,20,28
36338,36338,20,22
36339,36339,20,24
36340,36340,20,28
36341,36341,21,44
36342,36342,21,26
36343,36343,21,13
36344,36344,21,35
36345,36345,22,35
36346,36346,22,14
36347,36347,22,24
36348,36348,22,45
36349,36349,23,32
36350,36350,23,40
36351,36351,23,20
36352,36352,23,32
36353,36353,24,36
36354,36354,24,39
36355,36355,24,45
36356,36356,24,17
36357,36357,25,45
36358,36358,25,26
36359,36359,25,17
36360,36360,25,37
36361,36361,26,29
36362,36362,26,40
36363,36363,26,18
36364,36364,26,51
36365,36365,27,24
36366,36366,27,41
36367,36367,27,40
36368,36368,27,60
36369,36369,28,52
36370,36370,28,36
36371,36371,28,14
36372,36372,28,39
36373,36373,29,34
36374,36374,29,31
36375,36375,29,24
36376,36376,29,52
36377,36377,30,29
36378,36378,30,42
36379,36379,30,23
36380,36380,30,26
36381,36381,31,48
36382,36382,31,49
36383,36383,31,37
36384,36384,31,39
36385,36385,32,37
36386,36386,32,23
36387,36387,32,18
36388,36388,32,25
36389,36389,33,34
36390,36390,33,27
36391,36391,33,33
36392,36392,33,23
36393,36393,34,34
36394,36394,34,35
36395,36395,34,20
36396,36396,34,34
36397,36397,35,50
36398,36398,35,29
36399,36399,35,49
36400,36400,35,27
36401,36401,1,48
36402,36402,1,35
36403,36403,1,34
36404,36404,1,32
36405,36405,2,63
36406,36406,2,20
36407,36407,2,31
36408,36408,2,33
36409,36409,3,65
36410,36410,3,31
36411,36411,3,44
36412,36412,3,48
36413,36413,4,63
36414,36414,4,33
36415,36415,4,10
36416,36416,4,36
36417,36417,5,59
36418,36418,5,29
36419,36419,5,49
36420,36420,5,42
36421,36421,6,89
36422,36422,6,44
36423,36423,6,38
36424,36424,6,21
36425,36425,7,35
36426,36426,7,40
36427,36427,7,17
36428,36428,7,52
36429,36429,8,47
36430,36430,8,29
36431,36431,8,24
36432,36432,8,39
36433,36433,9,74
36434,36434,9,40
36435,36435,9,14
36436,36436,9,36
36437,36437,10,40
36438,36438,10,15
36439,36439,10,37
36440,36440,10,56
36441,36441,11,36
36442,36442,11,28
36443,36443,11,14
36444,36444,11,42
36445,36445,12,32
36446,36446,12,57
36447,36447,12,34
36448,36448,12,62
36449,36449,13,96
36450,36450,13,31
36451,36451,13,31
36452,36452,13,32
36453,36453,14,47
36454,36454,14,48
36455,36455,14,22
36456,36456,14,30
36457,36457,15,39
36458,36458,15,22
36459,36459,15,30
36460,36460,15,27
36461,36461,16,91
36462,36462,16,36
36463,36463,16,16
36464,36464,16,63
36465,36465,17,81
36466,36466,17,28
36467,36467,17,10
36468,36468,17,44
36469,36469,18,64
36470,36470,18,62
36471,36471,18,43
36472,36472,18,52
36473,36473,19,62
36474,36474,19,46
36475,36475,19,26
36476,36476,19,40
36477,36477,20,47
36478,36478,20,13
36479,36479,20,35
36480,36480,20,49
36481,36481,21,45
36482,36482,21,32
36483,36483,21,41
36484,36484,21,17
36485,36485,22,46
36486,36486,22,41
36487,36487,22,36
36488,36488,22,49
36489,36489,23,50
36490,36490,23,14
36491,36491,23,15
36492,36492,23,16
36493,36493,24,38
36494,36494,24,37
36495,36495,24,43
36496,36496,24,19
36497,36497,25,69
36498,36498,25,28
36499,36499,25,14
36500,36500,25,32
36501,36501,26,46
36502,36502,26,20
36503,36503,26,25
36504,36504,26,47
36505,36505,27,55
36506,36506,27,27
36507,36507,27,13
36508,36508,27,22
36509,36509,28,58
36510,36510,28,28
36511,36511,28,17
36512,36512,28,29
36513,36513,29,57
36514,36514,29,67
36515,36515,29,15
36516,36516,29,19
36517,36517,30,43
36518,36518,30,26
36519,36519,30,23
36520,36520,30,60
36521,36521,31,26
36522,36522,31,21
36523,36523,31,28
36524,36524,31,20
36525,36525,32,68
36526,36526,32,41
36527,36527,32,34
36528,36528,32,37
36529,36529,33,55
36530,36530,33,27
36531,36531,33,21
36532,36532,33,29
36533,36533,34,67
36534,36534,34,34
36535,36535,34,23
36536,36536,34,22
36537,36537,35,39
36538,36538,35,19
36539,36539,35,24
36540,36540,35,43
36541,36541,1,73
36542,36542,1,33
36543,36543,1,22
36544,36544,1,37
36545,36545,2,104
36546,36546,2,29
36547,36547,2,21
36548,36548,2,41
36549,36549,3,102
36550,36550,3,49
36551,36551,3,23
36552,36552,3,39
36553,36553,4,20
36554,36554,4,51
36555,36555,4,35
36556,36556,4,50
36557,36557,5,69
36558,36558,5,35
36559,36559,5,32
36560,36560,5,37
36561,36561,6,42
36562,36562,6,38
36563,36563,6,25
36564,36564,6,28
36565,36565,7,54
36566,36566,7,26
36567,36567,7,26
36568,36568,7,36
36569,36569,8,62
36570,36570,8,54
36571,36571,8,30
36572,36572,8,54
36573,36573,9,49
36574,36574,9,26
36575,36575,9,20
36576,36576,9,53
36577,36577,10,26
36578,36578,10,48
36579,36579,10,52
36580,36580,10,87
36581,36581,11,53
36582,36582,11,29
36583,36583,11,42
36584,36584,11,25
36585,36585,12,69
36586,36586,12,29
36587,36587,12,18
36588,36588,12,57
36589,36589,13,69
36590,36590,13,32
36591,36591,13,63
36592,36592,13,37
36593,36593,14,57
36594,36594,14,36
36595,36595,14,17
36596,36596,14,27
36597,36597,15,51
36598,36598,15,37
36599,36599,15,15
36600,36600,15,41
36601,36601,16,38
36602,36602,16,53
36603,36603,16,26
36604,36604,16,27
36605,36605,17,55
36606,36606,17,36
36607,36607,17,27
36608,36608,17,59
36609,36609,18,57
36610,36610,18,44
36611,36611,18,21
36612,36612,18,59
36613,36613,19,42
36614,36614,19,49
36615,36615,19,23
36616,36616,19,23
36617,36617,20,56
36618,36618,20,57
36619,36619,20,19
36620,36620,20,21
36621,36621,21,33
36622,36622,21,29
36623,36623,21,15
36624,36624,21,39
36625,36625,22,99
36626,36626,22,23
36627,36627,22,27
36628,36628,22,60
36629,36629,23,35
36630,36630,23,15
36631,36631,23,38
36632,36632,23,43
36633,36633,24,29
36634,36634,24,31
36635,36635,24,11
36636,36636,24,51
36637,36637,25,38
36638,36638,25,24
36639,36639,25,40
36640,36640,25,40
36641,36641,26,40
36642,36642,26,20
36643,36643,26,43
36644,36644,26,32
36645,36645,27,59
36646,36646,27,30
36647,36647,27,38
36648,36648,27,55
36649,36649,28,28
36650,36650,28,24
36651,36651,28,50
36652,36652,28,62
36653,36653,29,48
36654,36654,29,65
36655,36655,29,22
36656,36656,29,31
36657,36657,30,22
36658,36658,30,39
36659,36659,30,28
36660,36660,30,47
36661,36661,31,42
36662,36662,31,48
36663,36663,31,27
36664,36664,31,45
36665,36665,32,44
36666,36666,32,43
36667,36667,32,11
36668,36668,32,47
36669,36669,33,57
36670,36670,33,56
36671,36671,33,24
36672,36672,33,70
36673,36673,34,51
36674,36674,34,20
36675,36675,34,24
36676,36676,34,44
36677,36677,35,61
36678,36678,35,45
36679,36679,35,34
36680,36680,35,44
36681,36681,1,156
36682,36682,1,59
36683,36683,1,43
36684,36684,1,67
36685,36685,2,159
36686,36686,2,80
36687,36687,2,68
36688,36688,2,63
36689,36689,3,64
36690,36690,3,85
36691,36691,3,45
36692,36692,3,54
36693,36693,4,66
36694,36694,4,99
36695,36695,4,34
36696,36696,4,53
36697,36697,5,109
36698,36698,5,132
36699,36699,5,82
36700,36700,5,66
36701,36701,6,61
36702,36702,6,64
36703,36703,6,75
36704,36704,6,98
36705,36705,7,194
36706,36706,7,68
36707,36707,7,33
36708,36708,7,66
36709,36709,8,103
36710,36710,8,40
36711,36711,8,55
36712,36712,8,69
36713,36713,9,106
36714,36714,9,40
36715,36715,9,43
36716,36716,9,53
36717,36717,10,46
36718,36718,10,95
36719,36719,10,64
36720,36720,10,106
36721,36721,11,85
36722,36722,11,43
36723,36723,11,41
36724,36724,11,76
36725,36725,12,98
36726,36726,12,98
36727,36727,12,63
36728,36728,12,49
36729,36729,13,66
36730,36730,13,46
36731,36731,13,41
36732,36732,13,40
36733,36733,14,103
36734,36734,14,73
36735,36735,14,22
36736,36736,14,114
36737,36737,15,37
36738,36738,15,96
36739,36739,15,56
36740,36740,15,159
36741,36741,16,183
36742,36742,16,40
36743,36743,16,42
36744,36744,16,94
36745,36745,17,99
36746,36746,17,68
36747,36747,17,64
36748,36748,17,129
36749,36749,18,103
36750,36750,18,36
36751,36751,18,66
36752,36752,18,98
36753,36753,19,52
36754,36754,19,96
36755,36755,19,63
36756,36756,19,51
36757,36757,20,78
36758,36758,20,82
36759,36759,20,72
36760,36760,20,50
36761,36761,21,77
36762,36762,21,64
36763,36763,21,68
36764,36764,21,42
36765,36765,22,116
36766,36766,22,54
36767,36767,22,33
36768,36768,22,77
36769,36769,23,118
36770,36770,23,72
36771,36771,23,95
36772,36772,23,102
36773,36773,24,99
36774,36774,24,68
36775,36775,24,37
36776,36776,24,80
36777,36777,25,69
36778,36778,25,56
36779,36779,25,55
36780,36780,25,60
36781,36781,26,112
36782,36782,26,55
36783,36783,26,92
36784,36784,26,28
36785,36785,27,39
36786,36786,27,103
36787,36787,27,38
36788,36788,27,61
36789,36789,28,65
36790,36790,28,65
36791,36791,28,85
36792,36792,28,38
36793,36793,29,195
36794,36794,29,75
36795,36795,29,81
36796,36796,29,45
36797,36797,30,131
36798,36798,30,46
36799,36799,30,44
36800,36800,30,32
36801,36801,31,128
36802,36802,31,111
36803,36803,31,36
36804,36804,31,121
36805,36805,32,58
36806,36806,32,73
36807,36807,32,78
36808,36808,32,57
36809,36809,33,68
36810,36810,33,42
36811,36811,33,36
36812,36812,33,103
36813,36813,34,76
36814,36814,34,68
36815,36815,34,113
36816,36816,34,91
36817,36817,35,102
36818,36818,35,77
36819,36819,35,85
36820,36820,35,62
36821,36821,1,140
36822,36822,1,109
36823,36823,1,53
36824,36824,1,77
36825,36825,2,122
36826,36826,2,74
36827,36827,2,78
36828,36828,2,118
36829,36829,3,111
36830,36830,3,56
36831,36831,3,47
36832,36832,3,211
36833,36833,4,136
36834,36834,4,68
36835,36835,4,69
36836,36836,4,104
36837,36837,5,65
36838,36838,5,70
36839,36839,5,171
36840,36840,5,97
36841,36841,6,139
36842,36842,6,110
36843,36843,6,81
36844,36844,6,195
36845,36845,7,206
36846,36846,7,158
36847,36847,7,44
36848,36848,7,90
36849,36849,8,157
36850,36850,8,70
36851,36851,8,73
36852,36852,8,102
36853,36853,9,93
36854,36854,9,108
36855,36855,9,102
36856,36856,9,117
36857,36857,10,88
36858,36858,10,103
36859,36859,10,80
36860,36860,10,121
36861,36861,11,150
36862,36862,11,181
36863,36863,11,62
36864,36864,11,47
36865,36865,12,69
36866,36866,12,84
36867,36867,12,49
36868,36868,12,85
36869,36869,13,166
36870,36870,13,64
36871,36871,13,108
36872,36872,13,99
36873,36873,14,39
36874,36874,14,87
36875,36875,14,62
36876,36876,14,85
36877,36877,15,131
36878,36878,15,103
36879,36879,15,99
36880,36880,15,73
36881,36881,16,88
36882,36882,16,92
36883,36883,16,46
36884,36884,16,96
36885,36885,17,29
36886,36886,17,95
36887,36887,17,47
36888,36888,17,197
36889,36889,18,140
36890,36890,18,67
36891,36891,18,39
36892,36892,18,62
36893,36893,19,89
36894,36894,19,84
36895,36895,19,53
36896,36896,19,139
36897,36897,20,117
36898,36898,20,133
36899,36899,20,104
36900,36900,20,74
36901,36901,21,119
36902,36902,21,109
36903,36903,21,92
36904,36904,21,190
36905,36905,22,90
36906,36906,22,72
36907,36907,22,86
36908,36908,22,122
36909,36909,23,76
36910,36910,23,57
36911,36911,23,89
36912,36912,23,171
36913,36913,24,174
36914,36914,24,73
36915,36915,24,89
36916,36916,24,116
36917,36917,25,83
36918,36918,25,121
36919,36919,25,19
36920,36920,25,43
36921,36921,26,56
36922,36922,26,62
36923,36923,26,92
36924,36924,26,169
36925,36925,27,259
36926,36926,27,77
36927,36927,27,100
36928,36928,27,155
36929,36929,28,116
36930,36930,28,95
36931,36931,28,64
36932,36932,28,71
36933,36933,29,143
36934,36934,29,138
36935,36935,29,51
36936,36936,29,131
36937,36937,30,82
36938,36938,30,120
36939,36939,30,29
36940,36940,30,54
36941,36941,31,197
36942,36942,31,64
36943,36943,31,65
36944,36944,31,114
36945,36945,32,85
36946,36946,32,37
36947,36947,32,37
36948,36948,32,152
36949,36949,33,186
36950,36950,33,24
36951,36951,33,111
36952,36952,33,120
36953,36953,34,125
36954,36954,34,57
36955,36955,34,113
36956,36956,34,110
36957,36957,35,125
36958,36958,35,78
36959,36959,35,70
36960,36960,35,121
36961,36961,1,116
36962,36962,1,87
36963,36963,1,72
36964,36964,1,92
36965,36965,2,60
36966,36966,2,57
36967,36967,2,63
36968,36968,2,65
36969,36969,3,87
36970,36970,3,180
36971,36971,3,49
36972,36972,3,113
36973,36973,4,96
36974,36974,4,48
36975,36975,4,73
36976,36976,4,80
36977,36977,5,101
36978,36978,5,67
36979,36979,5,75
36980,36980,5,107
36981,36981,6,183
36982,36982,6,130
36983,36983,6,144
36984,36984,6,99
36985,36985,7,173
36986,36986,7,88
36987,36987,7,79
36988,36988,7,175
36989,36989,8,107
36990,36990,8,127
36991,36991,8,48
36992,36992,8,67
36993,36993,9,78
36994,36994,9,107
36995,36995,9,20
36996,36996,9,59
36997,36997,10,114
36998,36998,10,73
36999,36999,10,60
37000,37000,10,139
37001,37001,11,152
37002,37002,11,93
37003,37003,11,56
37004,37004,11,249
37005,37005,12,135
37006,37006,12,145
37007,37007,12,47
37008,37008,12,164
37009,37009,13,144
37010,37010,13,45
37011,37011,13,60
37012,37012,13,72
37013,37013,14,140
37014,37014,14,73
37015,37015,14,56
37016,37016,14,75
37017,37017,15,104
37018,37018,15,108
37019,37019,15,48
37020,37020,15,85
37021,37021,16,96
37022,37022,16,119
37023,37023,16,56
37024,37024,16,52
37025,37025,17,112
37026,37026,17,42
37027,37027,17,36
37028,37028,17,79
37029,37029,18,165
37030,37030,18,90
37031,37031,18,36
37032,37032,18,99
37033,37033,19,113
37034,37034,19,87
37035,37035,19,86
37036,37036,19,131
37037,37037,20,130
37038,37038,20,67
37039,37039,20,79
37040,37040,20,125
37041,37041,21,97
37042,37042,21,74
37043,37043,21,66
37044,37044,21,91
37045,37045,22,55
37046,37046,22,163
37047,37047,22,47
37048,37048,22,137
37049,37049,23,115
37050,37050,23,59
37051,37051,23,41
37052,37052,23,108
37053,37053,24,137
37054,37054,24,121
37055,37055,24,74
37056,37056,24,124
37057,37057,25,99
37058,37058,25,42
37059,37059,25,56
37060,37060,25,134
37061,37061,26,189
37062,37062,26,107
37063,37063,26,57
37064,37064,26,141
37065,37065,27,122
37066,37066,27,118
37067,37067,27,83
37068,37068,27,112
37069,37069,28,134
37070,37070,28,80
37071,37071,28,73
37072,37072,28,43
37073,37073,29,190
37074,37074,29,103
37075,37075,29,95
37076,37076,29,88
37077,37077,30,72
37078,37078,30,57
37079,37079,30,54
37080,37080,30,84
37081,37081,31,94
37082,37082,31,111
37083,37083,31,52
37084,37084,31,107
37085,37085,32,52
37086,37086,32,88
37087,37087,32,79
37088,37088,32,84
37089,37089,33,80
37090,37090,33,44
37091,37091,33,41
37092,37092,33,90
37093,37093,34,126
37094,37094,34,98
37095,37095,34,91
37096,37096,34,70
37097,37097,35,126
37098,37098,35,79
37099,37099,35,62
37100,37100,35,136
37101,37101,1,124
37102,37102,1,51
37103,37103,1,20
37104,37104,1,51
37105,37105,2,39
37106,37106,2,38
37107,37107,2,47
37108,37108,2,85
37109,37109,3,70
37110,37110,3,25
37111,37111,3,27
37112,37112,3,70
37113,37113,4,72
37114,37114,4,58
37115,37115,4,56
37116,37116,4,38
37117,37117,5,93
37118,37118,5,42
37119,37119,5,27
37120,37120,5,43
37121,37121,6,67
37122,37122,6,9
37123,37123,6,51
37124,37124,6,30
37125,37125,7,92
37126,37126,7,37
37127,37127,7,37
37128,37128,7,46
37129,37129,8,101
37130,37130,8,41
37131,37131,8,22
37132,37132,8,59
37133,37133,9,75
37134,37134,9,59
37135,37135,9,55
37136,37136,9,53
37137,37137,10,53
37138,37138,10,34
37139,37139,10,22
37140,37140,10,52
37141,37141,11,75
37142,37142,11,48
37143,37143,11,48
37144,37144,11,71
37145,37145,12,72
37146,37146,12,53
37147,37147,12,84
37148,37148,12,48
37149,37149,13,58
37150,37150,13,58
37151,37151,13,14
37152,37152,13,61
37153,37153,14,35
37154,37154,14,24
37155,37155,14,16
37156,37156,14,64
37157,37157,15,39
37158,37158,15,56
37159,37159,15,44
37160,37160,15,46
37161,37161,16,62
37162,37162,16,28
37163,37163,16,33
37164,37164,16,53
37165,37165,17,65
37166,37166,17,30
37167,37167,17,41
37168,37168,17,27
37169,37169,18,79
37170,37170,18,29
37171,37171,18,28
37172,37172,18,37
37173,37173,19,44
37174,37174,19,48
37175,37175,19,55
37176,37176,19,36
37177,37177,20,72
37178,37178,20,45
37179,37179,20,72
37180,37180,20,40
37181,37181,21,72
37182,37182,21,31
37183,37183,21,65
37184,37184,21,62
37185,37185,22,97
37186,37186,22,47
37187,37187,22,28
37188,37188,22,37
37189,37189,23,64
37190,37190,23,12
37191,37191,23,24
37192,37192,23,66
37193,37193,24,89
37194,37194,24,21
37195,37195,24,30
37196,37196,24,36
37197,37197,25,63
37198,37198,25,24
37199,37199,25,37
37200,37200,25,76
37201,37201,26,70
37202,37202,26,58
37203,37203,26,27
37204,37204,26,49
37205,37205,27,34
37206,37206,27,56
37207,37207,27,50
37208,37208,27,76
37209,37209,28,65
37210,37210,28,27
37211,37211,28,22
37212,37212,28,52
37213,37213,29,80
37214,37214,29,88
37215,37215,29,50
37216,37216,29,23
37217,37217,30,118
37218,37218,30,17
37219,37219,30,24
37220,37220,30,84
37221,37221,31,54
37222,37222,31,103
37223,37223,31,33
37224,37224,31,35
37225,37225,32,78
37226,37226,32,36
37227,37227,32,30
37228,37228,32,68
37229,37229,33,79
37230,37230,33,67
37231,37231,33,76
37232,37232,33,65
37233,37233,34,62
37234,37234,34,42
37235,37235,34,51
37236,37236,34,47
37237,37237,35,55
37238,37238,35,69
37239,37239,35,48
37240,37240,35,69
37241,37241,1,55
37242,37242,1,36
37243,37243,1,32
37244,37244,1,28
37245,37245,2,114
37246,37246,2,51
37247,37247,2,64
37248,37248,2,79
37249,37249,3,57
37250,37250,3,61
37251,37251,3,25
37252,37252,3,68
37253,37253,4,75
37254,37254,4,45
37255,37255,4,33
37256,37256,4,71
37257,37257,5,57
37258,37258,5,56
37259,37259,5,40
37260,37260,5,45
37261,37261,6,51
37262,37262,6,83
37263,37263,6,69
37264,37264,6,21
37265,37265,7,48
37266,37266,7,69
37267,37267,7,34
37268,37268,7,33
37269,37269,8,48
37270,37270,8,43
37271,37271,8,56
37272,37272,8,12
37273,37273,9,104
37274,37274,9,56
37275,37275,9,26
37276,37276,9,51
37277,37277,10,56
37278,37278,10,40
37279,37279,10,29
37280,37280,10,66
37281,37281,11,104
37282,37282,11,26
37283,37283,11,43
37284,37284,11,53
37285,37285,12,70
37286,37286,12,56
37287,37287,12,20
37288,37288,12,100
37289,37289,13,74
37290,37290,13,50
37291,37291,13,64
37292,37292,13,49
37293,37293,14,38
37294,37294,14,42
37295,37295,14,34
37296,37296,14,43
37297,37297,15,116
37298,37298,15,37
37299,37299,15,52
37300,37300,15,97
37301,37301,16,79
37302,37302,16,68
37303,37303,16,51
37304,37304,16,36
37305,37305,17,71
37306,37306,17,53
37307,37307,17,37
37308,37308,17,49
37309,37309,18,45
37310,37310,18,41
37311,37311,18,40
37312,37312,18,46
37313,37313,19,47
37314,37314,19,49
37315,37315,19,9
37316,37316,19,35
37317,37317,20,23
37318,37318,20,56
37319,37319,20,15
37320,37320,20,49
37321,37321,21,92
37322,37322,21,31
37323,37323,21,19
37324,37324,21,60
37325,37325,22,46
37326,37326,22,38
37327,37327,22,42
37328,37328,22,30
37329,37329,23,54
37330,37330,23,63
37331,37331,23,20
37332,37332,23,31
37333,37333,24,46
37334,37334,24,19
37335,37335,24,36
37336,37336,24,40
37337,37337,25,126
37338,37338,25,31
37339,37339,25,29
37340,37340,25,56
37341,37341,26,77
37342,37342,26,50
37343,37343,26,34
37344,37344,26,35
37345,37345,27,72
37346,37346,27,39
37347,37347,27,29
37348,37348,27,50
37349,37349,28,47
37350,37350,28,47
37351,37351,28,43
37352,37352,28,32
37353,37353,29,38
37354,37354,29,18
37355,37355,29,42
37356,37356,29,56
37357,37357,30,57
37358,37358,30,38
37359,37359,30,68
37360,37360,30,45
37361,37361,31,132
37362,37362,31,32
37363,37363,31,38
37364,37364,31,62
37365,37365,32,64
37366,37366,32,21
37367,37367,32,21
37368,37368,32,61
37369,37369,33,40
37370,37370,33,30
37371,37371,33,42
37372,37372,33,39
37373,37373,34,61
37374,37374,34,53
37375,37375,34,16
37376,37376,34,31
37377,37377,35,57
37378,37378,35,41
37379,37379,35,43
37380,37380,35,80
37381,37381,1,58
37382,37382,1,65
37383,37383,1,12
37384,37384,1,65
37385,37385,2,63
37386,37386,2,41
37387,37387,2,32
37388,37388,2,79
37389,37389,3,26
37390,37390,3,62
37391,37391,3,50
37392,37392,3,74
37393,37393,4,87
37394,37394,4,30
37395,37395,4,51
37396,37396,4,41
37397,37397,5,53
37398,37398,5,34
37399,37399,5,35
37400,37400,5,88
37401,37401,6,55
37402,37402,6,55
37403,37403,6,26
37404,37404,6,76
37405,37405,7,35
37406,37406,7,66
37407,37407,7,30
37408,37408,7,47
37409,37409,8,38
37410,37410,8,68
37411,37411,8,42
37412,37412,8,23
37413,37413,9,146
37414,37414,9,72
37415,37415,9,46
37416,37416,9,44
37417,37417,10,85
37418,37418,10,66
37419,37419,10,67
37420,37420,10,63
37421,37421,11,87
37422,37422,11,76
37423,37423,11,53
37424,37424,11,113
37425,37425,12,71
37426,37426,12,74
37427,37427,12,42
37428,37428,12,80
37429,37429,13,33
37430,37430,13,83
37431,37431,13,47
37432,37432,13,37
37433,37433,14,93
37434,37434,14,96
37435,37435,14,53
37436,37436,14,48
37437,37437,15,62
37438,37438,15,45
37439,37439,15,43
37440,37440,15,89
37441,37441,16,56
37442,37442,16,29
37443,37443,16,34
37444,37444,16,115
37445,37445,17,30
37446,37446,17,34
37447,37447,17,49
37448,37448,17,36
37449,37449,18,66
37450,37450,18,23
37451,37451,18,34
37452,37452,18,51
37453,37453,19,147
37454,37454,19,61
37455,37455,19,52
37456,37456,19,45
37457,37457,20,67
37458,37458,20,33
37459,37459,20,29
37460,37460,20,72
37461,37461,21,61
37462,37462,21,81
37463,37463,21,39
37464,37464,21,26
37465,37465,22,90
37466,37466,22,68
37467,37467,22,44
37468,37468,22,33
37469,37469,23,75
37470,37470,23,42
37471,37471,23,50
37472,37472,23,41
37473,37473,24,77
37474,37474,24,75
37475,37475,24,39
37476,37476,24,43
37477,37477,25,114
37478,37478,25,59
37479,37479,25,32
37480,37480,25,46
37481,37481,26,109
37482,37482,26,90
37483,37483,26,26
37484,37484,26,53
37485,37485,27,83
37486,37486,27,12
37487,37487,27,45
37488,37488,27,47
37489,37489,28,53
37490,37490,28,57
37491,37491,28,15
37492,37492,28,35
37493,37493,29,96
37494,37494,29,34
37495,37495,29,44
37496,37496,29,63
37497,37497,30,51
37498,37498,30,36
37499,37499,30,106
37500,37500,30,30
37501,37501,31,46
37502,37502,31,38
37503,37503,31,21
37504,37504,31,81
37505,37505,32,104
37506,37506,32,66
37507,37507,32,48
37508,37508,32,94
37509,37509,33,89
37510,37510,33,49
37511,37511,33,30
37512,37512,33,44
37513,37513,34,65
37514,37514,34,44
37515,37515,34,44
37516,37516,34,57
37517,37517,35,54
37518,37518,35,50
37519,37519,35,53
37520,37520,35,66
37521,37521,1,129
37522,37522,1,26
37523,37523,1,55
37524,37524,1,91
37525,37525,2,72
37526,37526,2,113
37527,37527,2,86
37528,37528,2,65
37529,37529,3,155
37530,37530,3,97
37531,37531,3,35
37532,37532,3,65
37533,37533,4,87
37534,37534,4,84
37535,37535,4,40
37536,37536,4,57
37537,37537,5,84
37538,37538,5,102
37539,37539,5,56
37540,37540,5,40
37541,37541,6,48
37542,37542,6,52
37543,37543,6,50
37544,37544,6,54
37545,37545,7,61
37546,37546,7,108
37547,37547,7,63
37548,37548,7,111
37549,37549,8,84
37550,37550,8,51
37551,37551,8,52
37552,37552,8,79
37553,37553,9,101
37554,37554,9,29
37555,37555,9,33
37556,37556,9,91
37557,37557,10,65
37558,37558,10,46
37559,37559,10,37
37560,37560,10,55
37561,37561,11,113
37562,37562,11,61
37563,37563,11,38
37564,37564,11,56
37565,37565,12,55
37566,37566,12,59
37567,37567,12,54
37568,37568,12,165
37569,37569,13,71
37570,37570,13,40
37571,37571,13,32
37572,37572,13,48
37573,37573,14,109
37574,37574,14,73
37575,37575,14,42
37576,37576,14,53
37577,37577,15,85
37578,37578,15,32
37579,37579,15,74
37580,37580,15,109
37581,37581,16,33
37582,37582,16,46
37583,37583,16,93
37584,37584,16,28
37585,37585,17,58
37586,37586,17,43
37587,37587,17,35
37588,37588,17,49
37589,37589,18,84
37590,37590,18,34
37591,37591,18,49
37592,37592,18,51
37593,37593,19,80
37594,37594,19,91
37595,37595,19,11
37596,37596,19,71
37597,37597,20,84
37598,37598,20,30
37599,37599,20,19
37600,37600,20,54
37601,37601,21,82
37602,37602,21,42
37603,37603,21,43
37604,37604,21,71
37605,37605,22,103
37606,37606,22,60
37607,37607,22,54
37608,37608,22,38
37609,37609,23,105
37610,37610,23,34
37611,37611,23,51
37612,37612,23,73
37613,37613,24,77
37614,37614,24,76
37615,37615,24,32
37616,37616,24,55
37617,37617,25,77
37618,37618,25,87
37619,37619,25,33
37620,37620,25,78
37621,37621,26,74
37622,37622,26,71
37623,37623,26,29
37624,37624,26,48
37625,37625,27,86
37626,37626,27,74
37627,37627,27,33
37628,37628,27,100
37629,37629,28,118
37630,37630,28,52
37631,37631,28,36
37632,37632,28,25
37633,37633,29,104
37634,37634,29,77
37635,37635,29,69
37636,37636,29,29
37637,37637,30,92
37638,37638,30,72
37639,37639,30,31
37640,37640,30,95
37641,37641,31,86
37642,37642,31,35
37643,37643,31,34
37644,37644,31,102
37645,37645,32,70
37646,37646,32,45
37647,37647,32,43
37648,37648,32,99
37649,37649,33,147
37650,37650,33,57
37651,37651,33,31
37652,37652,33,47
37653,37653,34,70
37654,37654,34,28
37655,37655,34,33
37656,37656,34,76
37657,37657,35,96
37658,37658,35,66
37659,37659,35,49
37660,37660,35,68
37661,37661,1,75
37662,37662,1,69
37663,37663,1,73
37664,37664,1,101
37665,37665,2,90
37666,37666,2,30
37667,37667,2,89
37668,37668,2,75
37669,37669,3,106
37670,37670,3,40
37671,37671,3,46
37672,37672,3,99
37673,37673,4,62
37674,37674,4,61
37675,37675,4,78
37676,37676,4,77
37677,37677,5,132
37678,37678,5,84
37679,37679,5,25
37680,37680,5,68
37681,37681,6,86
37682,37682,6,91
37683,37683,6,91
37684,37684,6,77
37685,37685,7,77
37686,37686,7,51
37687,37687,7,47
37688,37688,7,72
37689,37689,8,161
37690,37690,8,53
37691,37691,8,61
37692,37692,8,120
37693,37693,9,98
37694,37694,9,96
37695,37695,9,59
37696,37696,9,53
37697,37697,10,89
37698,37698,10,66
37699,37699,10,47
37700,37700,10,97
37701,37701,11,15
37702,37702,11,107
37703,37703,11,36
37704,37704,11,113
37705,37705,12,54
37706,37706,12,25
37707,37707,12,69
37708,37708,12,107
37709,37709,13,54
37710,37710,13,51
37711,37711,13,56
37712,37712,13,61
37713,37713,14,98
37714,37714,14,37
37715,37715,14,67
37716,37716,14,62
37717,37717,15,114
37718,37718,15,79
37719,37719,15,105
37720,37720,15,45
37721,37721,16,101
37722,37722,16,110
37723,37723,16,33
37724,37724,16,88
37725,37725,17,118
37726,37726,17,37
37727,37727,17,53
37728,37728,17,101
37729,37729,18,93
37730,37730,18,100
37731,37731,18,42
37732,37732,18,53
37733,37733,19,105
37734,37734,19,112
37735,37735,19,82
37736,37736,19,63
37737,37737,20,110
37738,37738,20,66
37739,37739,20,57
37740,37740,20,182
37741,37741,21,61
37742,37742,21,91
37743,37743,21,47
37744,37744,21,56
37745,37745,22,126
37746,37746,22,42
37747,37747,22,61
37748,37748,22,108
37749,37749,23,53
37750,37750,23,51
37751,37751,23,58
37752,37752,23,50
37753,37753,24,134
37754,37754,24,40
37755,37755,24,31
37756,37756,24,129
37757,37757,25,92
37758,37758,25,114
37759,37759,25,29
37760,37760,25,82
37761,37761,26,187
37762,37762,26,44
37763,37763,26,82
37764,37764,26,133
37765,37765,27,75
37766,37766,27,97
37767,37767,27,68
37768,37768,27,61
37769,37769,28,85
37770,37770,28,101
37771,37771,28,56
37772,37772,28,48
37773,37773,29,125
37774,37774,29,44
37775,37775,29,57
37776,37776,29,65
37777,37777,30,56
37778,37778,30,63
37779,37779,30,87
37780,37780,30,105
37781,37781,31,129
37782,37782,31,70
37783,37783,31,53
37784,37784,31,65
37785,37785,32,65
37786,37786,32,52
37787,37787,32,73
37788,37788,32,78
37789,37789,33,120
37790,37790,33,93
37791,37791,33,48
37792,37792,33,131
37793,37793,34,107
37794,37794,34,95
37795,37795,34,63
37796,37796,34,101
37797,37797,35,149
37798,37798,35,61
37799,37799,35,75
37800,37800,35,77
37801,37801,1,73
37802,37802,1,84
37803,37803,1,91
37804,37804,1,88
37805,37805,2,126
37806,37806,2,101
37807,37807,2,64
37808,37808,2,90
37809,37809,3,89
37810,37810,3,101
37811,37811,3,60
37812,37812,3,90
37813,37813,4,84
37814,37814,4,107
37815,37815,4,63
37816,37816,4,53
37817,37817,5,152
37818,37818,5,112
37819,37819,5,36
37820,37820,5,141
37821,37821,6,163
37822,37822,6,114
37823,37823,6,47
37824,37824,6,172
37825,37825,7,90
37826,37826,7,100
37827,37827,7,80
37828,37828,7,69
37829,37829,8,106
37830,37830,8,111
37831,37831,8,88
37832,37832,8,114
37833,37833,9,170
37834,37834,9,86
37835,37835,9,64
37836,37836,9,105
37837,37837,10,126
37838,37838,10,57
37839,37839,10,72
37840,37840,10,88
37841,37841,11,82
37842,37842,11,77
37843,37843,11,54
37844,37844,11,146
37845,37845,12,157
37846,37846,12,73
37847,37847,12,38
37848,37848,12,148
37849,37849,13,109
37850,37850,13,145
37851,37851,13,38
37852,37852,13,94
37853,37853,14,56
37854,37854,14,62
37855,37855,14,83
37856,37856,14,65
37857,37857,15,127
37858,37858,15,41
37859,37859,15,101
37860,37860,15,103
37861,37861,16,115
37862,37862,16,82
37863,37863,16,58
37864,37864,16,179
37865,37865,17,211
37866,37866,17,45
37867,37867,17,41
37868,37868,17,109
37869,37869,18,151
37870,37870,18,40
37871,37871,18,61
37872,37872,18,40
37873,37873,19,70
37874,37874,19,56
37875,37875,19,63
37876,37876,19,42
37877,37877,20,178
37878,37878,20,97
37879,37879,20,42
37880,37880,20,136
37881,37881,21,65
37882,37882,21,32
37883,37883,21,85
37884,37884,21,87
37885,37885,22,113
37886,37886,22,147
37887,37887,22,42
37888,37888,22,134
37889,37889,23,127
37890,37890,23,53
37891,37891,23,135
37892,37892,23,136
37893,37893,24,125
37894,37894,24,188
37895,37895,24,46
37896,37896,24,89
37897,37897,25,185
37898,37898,25,108
37899,37899,25,94
37900,37900,25,159
37901,37901,26,123
37902,37902,26,64
37903,37903,26,72
37904,37904,26,108
37905,37905,27,129
37906,37906,27,105
37907,37907,27,48
37908,37908,27,116
37909,37909,28,161
37910,37910,28,133
37911,37911,28,83
37912,37912,28,70
37913,37913,29,126
37914,37914,29,39
37915,37915,29,72
37916,37916,29,71
37917,37917,30,114
37918,37918,30,103
37919,37919,30,78
37920,37920,30,102
37921,37921,31,108
37922,37922,31,83
37923,37923,31,61
37924,37924,31,95
37925,37925,32,99
37926,37926,32,170
37927,37927,32,53
37928,37928,32,136
37929,37929,33,78
37930,37930,33,93
37931,37931,33,77
37932,37932,33,132
37933,37933,34,189
37934,37934,34,46
37935,37935,34,54
37936,37936,34,159
37937,37937,35,172
37938,37938,35,64
37939,37939,35,105
37940,37940,35,112
37941,37941,1,89
37942,37942,1,99
37943,37943,1,89
37944,37944,1,105
37945,37945,2,109
37946,37946,2,168
37947,37947,2,68
37948,37948,2,24
37949,37949,3,86
37950,37950,3,59
37951,37951,3,84
37952,37952,3,145
37953,37953,4,163
37954,37954,4,58
37955,37955,4,63
37956,37956,4,55
37957,37957,5,159
37958,37958,5,63
37959,37959,5,35
37960,37960,5,101
37961,37961,6,124
37962,37962,6,94
37963,37963,6,53
37964,37964,6,92
37965,37965,7,99
37966,37966,7,94
37967,37967,7,107
37968,37968,7,117
37969,37969,8,98
37970,37970,8,58
37971,37971,8,78
37972,37972,8,76
37973,37973,9,56
37974,37974,9,64
37975,37975,9,59
37976,37976,9,75
37977,37977,10,173
37978,37978,10,30
37979,37979,10,67
37980,37980,10,78
37981,37981,11,120
37982,37982,11,79
37983,37983,11,82
37984,37984,11,131
37985,37985,12,115
37986,37986,12,66
37987,37987,12,96
37988,37988,12,117
37989,37989,13,86
37990,37990,13,135
37991,37991,13,61
37992,37992,13,50
37993,37993,14,92
37994,37994,14,58
37995,37995,14,69
37996,37996,14,101
37997,37997,15,106
37998,37998,15,83
37999,37999,15,30
38000,38000,15,50
38001,38001,16,86
38002,38002,16,85
38003,38003,16,77
38004,38004,16,50
38005,38005,17,85
38006,38006,17,99
38007,38007,17,41
38008,38008,17,115
38009,38009,18,141
38010,38010,18,64
38011,38011,18,58
38012,38012,18,90
38013,38013,19,67
38014,38014,19,130
38015,38015,19,58
38016,38016,19,182
38017,38017,20,104
38018,38018,20,144
38019,38019,20,71
38020,38020,20,97
38021,38021,21,152
38022,38022,21,85
38023,38023,21,19
38024,38024,21,87
38025,38025,22,89
38026,38026,22,73
38027,38027,22,63
38028,38028,22,163
38029,38029,23,136
38030,38030,23,85
38031,38031,23,50
38032,38032,23,30
38033,38033,24,101
38034,38034,24,138
38035,38035,24,49
38036,38036,24,79
38037,38037,25,131
38038,38038,25,114
38039,38039,25,77
38040,38040,25,129
38041,38041,26,67
38042,38042,26,157
38043,38043,26,96
38044,38044,26,63
38045,38045,27,130
38046,38046,27,47
38047,38047,27,87
38048,38048,27,60
38049,38049,28,167
38050,38050,28,84
38051,38051,28,63
38052,38052,28,55
38053,38053,29,49
38054,38054,29,39
38055,38055,29,31
38056,38056,29,138
38057,38057,30,81
38058,38058,30,67
38059,38059,30,63
38060,38060,30,93
38061,38061,31,50
38062,38062,31,98
38063,38063,31,101
38064,38064,31,81
38065,38065,32,146
38066,38066,32,127
38067,38067,32,47
38068,38068,32,136
38069,38069,33,119
38070,38070,33,100
38071,38071,33,91
38072,38072,33,51
38073,38073,34,106
38074,38074,34,106
38075,38075,34,48
38076,38076,34,112
38077,38077,35,75
38078,38078,35,135
38079,38079,35,85
38080,38080,35,83
38081,38081,1,68
38082,38082,1,37
38083,38083,1,45
38084,38084,1,43
38085,38085,2,30
38086,38086,2,39
38087,38087,2,18
38088,38088,2,54
38089,38089,3,84
38090,38090,3,61
38091,38091,3,28
38092,38092,3,62
38093,38093,4,51
38094,38094,4,71
38095,38095,4,29
38096,38096,4,44
38097,38097,5,80
38098,38098,5,64
38099,38099,5,40
38100,38100,5,18
38101,38101,6,64
38102,38102,6,19
38103,38103,6,32
38104,38104,6,35
38105,38105,7,38
38106,38106,7,24
38107,38107,7,66
38108,38108,7,29
38109,38109,8,57
38110,38110,8,36
38111,38111,8,1
38112,38112,8,28
38113,38113,9,78
38114,38114,9,29
38115,38115,9,33
38116,38116,9,36
38117,38117,10,109
38118,38118,10,48
38119,38119,10,45
38120,38120,10,96
38121,38121,11,37
38122,38122,11,53
38123,38123,11,20
38124,38124,11,55
38125,38125,12,48
38126,38126,12,29
38127,38127,12,57
38128,38128,12,52
38129,38129,13,65
38130,38130,13,42
38131,38131,13,25
38132,38132,13,51
38133,38133,14,43
38134,38134,14,74
38135,38135,14,44
38136,38136,14,65
38137,38137,15,62
38138,38138,15,15
38139,38139,15,20
38140,38140,15,82
38141,38141,16,118
38142,38142,16,26
38143,38143,16,21
38144,38144,16,29
38145,38145,17,49
38146,38146,17,24
38147,38147,17,30
38148,38148,17,41
38149,38149,18,118
38150,38150,18,37
38151,38151,18,49
38152,38152,18,56
38153,38153,19,98
38154,38154,19,61
38155,38155,19,24
38156,38156,19,27
38157,38157,20,61
38158,38158,20,37
38159,38159,20,23
38160,38160,20,43
38161,38161,21,71
38162,38162,21,70
38163,38163,21,34
38164,38164,21,46
38165,38165,22,63
38166,38166,22,34
38167,38167,22,29
38168,38168,22,15
38169,38169,23,61
38170,38170,23,35
38171,38171,23,26
38172,38172,23,23
38173,38173,24,40
38174,38174,24,47
38175,38175,24,29
38176,38176,24,80
38177,38177,25,53
38178,38178,25,36
38179,38179,25,31
38180,38180,25,54
38181,38181,26,79
38182,38182,26,22
38183,38183,26,54
38184,38184,26,57
38185,38185,27,97
38186,38186,27,49
38187,38187,27,48
38188,38188,27,22
38189,38189,28,53
38190,38190,28,18
38191,38191,28,30
38192,38192,28,35
38193,38193,29,67
38194,38194,29,29
38195,38195,29,79
38196,38196,29,32
38197,38197,30,22
38198,38198,30,59
38199,38199,30,80
38200,38200,30,79
38201,38201,31,50
38202,38202,31,41
38203,38203,31,27
38204,38204,31,29
38205,38205,32,22
38206,38206,32,24
38207,38207,32,60
38208,38208,32,28
38209,38209,33,44
38210,38210,33,47
38211,38211,33,19
38212,38212,33,43
38213,38213,34,26
38214,38214,34,57
38215,38215,34,19
38216,38216,34,69
38217,38217,35,28
38218,38218,35,40
38219,38219,35,32
38220,38220,35,71
38221,38221,1,37
38222,38222,1,70
38223,38223,1,40
38224,38224,1,46
38225,38225,2,83
38226,38226,2,35
38227,38227,2,25
38228,38228,2,60
38229,38229,3,79
38230,38230,3,36
38231,38231,3,45
38232,38232,3,71
38233,38233,4,80
38234,38234,4,36
38235,38235,4,36
38236,38236,4,36
38237,38237,5,27
38238,38238,5,38
38239,38239,5,17
38240,38240,5,34
38241,38241,6,50
38242,38242,6,64
38243,38243,6,38
38244,38244,6,35
38245,38245,7,30
38246,38246,7,32
38247,38247,7,37
38248,38248,7,54
38249,38249,8,61
38250,38250,8,39
38251,38251,8,41
38252,38252,8,50
38253,38253,9,38
38254,38254,9,88
38255,38255,9,26
38256,38256,9,66
38257,38257,10,83
38258,38258,10,78
38259,38259,10,17
38260,38260,10,33
38261,38261,11,49
38262,38262,11,42
38263,38263,11,53
38264,38264,11,77
38265,38265,12,28
38266,38266,12,34
38267,38267,12,55
38268,38268,12,59
38269,38269,13,38
38270,38270,13,40
38271,38271,13,36
38272,38272,13,63
38273,38273,14,41
38274,38274,14,53
38275,38275,14,19
38276,38276,14,61
38277,38277,15,55
38278,38278,15,38
38279,38279,15,16
38280,38280,15,44
38281,38281,16,51
38282,38282,16,59
38283,38283,16,31
38284,38284,16,72
38285,38285,17,78
38286,38286,17,26
38287,38287,17,39
38288,38288,17,47
38289,38289,18,94
38290,38290,18,28
38291,38291,18,46
38292,38292,18,34
38293,38293,19,48
38294,38294,19,39
38295,38295,19,21
38296,38296,19,34
38297,38297,20,38
38298,38298,20,44
38299,38299,20,22
38300,38300,20,41
38301,38301,21,47
38302,38302,21,31
38303,38303,21,24
38304,38304,21,56
38305,38305,22,62
38306,38306,22,27
38307,38307,22,32
38308,38308,22,63
38309,38309,23,38
38310,38310,23,17
38311,38311,23,50
38312,38312,23,125
38313,38313,24,125
38314,38314,24,25
38315,38315,24,28
38316,38316,24,46
38317,38317,25,60
38318,38318,25,63
38319,38319,25,31
38320,38320,25,37
38321,38321,26,81
38322,38322,26,28
38323,38323,26,14
38324,38324,26,40
38325,38325,27,62
38326,38326,27,26
38327,38327,27,49
38328,38328,27,49
38329,38329,28,92
38330,38330,28,94
38331,38331,28,27
38332,38332,28,40
38333,38333,29,54
38334,38334,29,45
38335,38335,29,39
38336,38336,29,47
38337,38337,30,39
38338,38338,30,33
38339,38339,30,40
38340,38340,30,32
38341,38341,31,53
38342,38342,31,52
38343,38343,31,12
38344,38344,31,43
38345,38345,32,62
38346,38346,32,36
38347,38347,32,26
38348,38348,32,98
38349,38349,33,41
38350,38350,33,38
38351,38351,33,28
38352,38352,33,73
38353,38353,34,64
38354,38354,34,25
38355,38355,34,27
38356,38356,34,50
38357,38357,35,63
38358,38358,35,63
38359,38359,35,36
38360,38360,35,72
38361,38361,1,37
38362,38362,1,44
38363,38363,1,13
38364,38364,1,67
38365,38365,2,46
38366,38366,2,71
38367,38367,2,77
38368,38368,2,27
38369,38369,3,59
38370,38370,3,42
38371,38371,3,42
38372,38372,3,45
38373,38373,4,74
38374,38374,4,59
38375,38375,4,24
38376,38376,4,60
38377,38377,5,39
38378,38378,5,43
38379,38379,5,47
38380,38380,5,40
38381,38381,6,44
38382,38382,6,34
38383,38383,6,75
38384,38384,6,35
38385,38385,7,85
38386,38386,7,59
38387,38387,7,61
38388,38388,7,115
38389,38389,8,96
38390,38390,8,57
38391,38391,8,40
38392,38392,8,41
38393,38393,9,80
38394,38394,9,69
38395,38395,9,86
38396,38396,9,31
38397,38397,10,53
38398,38398,10,58
38399,38399,10,63
38400,38400,10,88
38401,38401,11,106
38402,38402,11,42
38403,38403,11,55
38404,38404,11,33
38405,38405,12,51
38406,38406,12,56
38407,38407,12,26
38408,38408,12,17
38409,38409,13,77
38410,38410,13,99
38411,38411,13,55
38412,38412,13,30
38413,38413,14,100
38414,38414,14,19
38415,38415,14,26
38416,38416,14,36
38417,38417,15,57
38418,38418,15,32
38419,38419,15,25
38420,38420,15,70
38421,38421,16,104
38422,38422,16,38
38423,38423,16,38
38424,38424,16,41
38425,38425,17,56
38426,38426,17,39
38427,38427,17,39
38428,38428,17,39
38429,38429,18,57
38430,38430,18,44
38431,38431,18,16
38432,38432,18,83
38433,38433,19,66
38434,38434,19,62
38435,38435,19,59
38436,38436,19,48
38437,38437,20,73
38438,38438,20,17
38439,38439,20,44
38440,38440,20,84
38441,38441,21,90
38442,38442,21,63
38443,38443,21,38
38444,38444,21,65
38445,38445,22,114
38446,38446,22,73
38447,38447,22,52
38448,38448,22,52
38449,38449,23,32
38450,38450,23,87
38451,38451,23,53
38452,38452,23,84
38453,38453,24,51
38454,38454,24,64
38455,38455,24,47
38456,38456,24,54
38457,38457,25,56
38458,38458,25,62
38459,38459,25,37
38460,38460,25,82
38461,38461,26,18
38462,38462,26,58
38463,38463,26,45
38464,38464,26,39
38465,38465,27,55
38466,38466,27,22
38467,38467,27,58
38468,38468,27,44
38469,38469,28,90
38470,38470,28,63
38471,38471,28,76
38472,38472,28,122
38473,38473,29,79
38474,38474,29,61
38475,38475,29,44
38476,38476,29,38
38477,38477,30,103
38478,38478,30,33
38479,38479,30,28
38480,38480,30,68
38481,38481,31,51
38482,38482,31,45
38483,38483,31,61
38484,38484,31,39
38485,38485,32,45
38486,38486,32,58
38487,38487,32,62
38488,38488,32,88
38489,38489,33,55
38490,38490,33,28
38491,38491,33,47
38492,38492,33,48
38493,38493,34,110
38494,38494,34,37
38495,38495,34,65
38496,38496,34,56
38497,38497,35,43
38498,38498,35,71
38499,38499,35,37
38500,38500,35,50
38501,38501,1,119
38502,38502,1,46
38503,38503,1,56
38504,38504,1,78
38505,38505,2,67
38506,38506,2,47
38507,38507,2,75
38508,38508,2,62
38509,38509,3,103
38510,38510,3,81
38511,38511,3,33
38512,38512,3,89
38513,38513,4,151
38514,38514,4,36
38515,38515,4,30
38516,38516,4,57
38517,38517,5,78
38518,38518,5,42
38519,38519,5,28
38520,38520,5,104
38521,38521,6,114
38522,38522,6,24
38523,38523,6,74
38524,38524,6,55
38525,38525,7,95
38526,38526,7,67
38527,38527,7,25
38528,38528,7,56
38529,38529,8,37
38530,38530,8,54
38531,38531,8,62
38532,38532,8,33
38533,38533,9,64
38534,38534,9,63
38535,38535,9,43
38536,38536,9,67
38537,38537,10,66
38538,38538,10,52
38539,38539,10,43
38540,38540,10,71
38541,38541,11,22
38542,38542,11,46
38543,38543,11,22
38544,38544,11,44
38545,38545,12,59
38546,38546,12,68
38547,38547,12,45
38548,38548,12,40
38549,38549,13,60
38550,38550,13,60
38551,38551,13,42
38552,38552,13,59
38553,38553,14,54
38554,38554,14,84
38555,38555,14,31
38556,38556,14,68
38557,38557,15,82
38558,38558,15,59
38559,38559,15,70
38560,38560,15,59
38561,38561,16,59
38562,38562,16,45
38563,38563,16,25
38564,38564,16,44
38565,38565,17,69
38566,38566,17,31
38567,38567,17,69
38568,38568,17,58
38569,38569,18,77
38570,38570,18,81
38571,38571,18,45
38572,38572,18,55
38573,38573,19,150
38574,38574,19,38
38575,38575,19,86
38576,38576,19,64
38577,38577,20,75
38578,38578,20,45
38579,38579,20,90
38580,38580,20,68
38581,38581,21,44
38582,38582,21,49
38583,38583,21,30
38584,38584,21,56
38585,38585,22,93
38586,38586,22,55
38587,38587,22,24
38588,38588,22,138
38589,38589,23,84
38590,38590,23,86
38591,38591,23,40
38592,38592,23,48
38593,38593,24,44
38594,38594,24,67
38595,38595,24,29
38596,38596,24,57
38597,38597,25,119
38598,38598,25,99
38599,38599,25,54
38600,38600,25,85
38601,38601,26,74
38602,38602,26,68
38603,38603,26,64
38604,38604,26,67
38605,38605,27,76
38606,38606,27,95
38607,38607,27,56
38608,38608,27,48
38609,38609,28,102
38610,38610,28,62
38611,38611,28,38
38612,38612,28,31
38613,38613,29,55
38614,38614,29,35
38615,38615,29,88
38616,38616,29,88
38617,38617,30,77
38618,38618,30,118
38619,38619,30,47
38620,38620,30,75
38621,38621,31,82
38622,38622,31,35
38623,38623,31,44
38624,38624,31,90
38625,38625,32,101
38626,38626,32,55
38627,38627,32,92
38628,38628,32,81
38629,38629,33,58
38630,38630,33,38
38631,38631,33,22
38632,38632,33,84
38633,38633,34,31
38634,38634,34,39
38635,38635,34,60
38636,38636,34,38
38637,38637,35,108
38638,38638,35,65
38639,38639,35,63
38640,38640,35,60
38641,38641,1,43
38642,38642,1,110
38643,38643,1,44
38644,38644,1,74
38645,38645,2,95
38646,38646,2,47
38647,38647,2,80
38648,38648,2,89
38649,38649,3,114
38650,38650,3,71
38651,38651,3,40
38652,38652,3,63
38653,38653,4,99
38654,38654,4,69
38655,38655,4,41
38656,38656,4,67
38657,38657,5,127
38658,38658,5,68
38659,38659,5,75
38660,38660,5,99
38661,38661,6,108
38662,38662,6,114
38663,38663,6,34
38664,38664,6,144
38665,38665,7,97
38666,38666,7,110
38667,38667,7,56
38668,38668,7,71
38669,38669,8,65
38670,38670,8,31
38671,38671,8,29
38672,38672,8,49
38673,38673,9,103
38674,38674,9,42
38675,38675,9,43
38676,38676,9,41
38677,38677,10,123
38678,38678,10,32
38679,38679,10,66
38680,38680,10,90
38681,38681,11,127
38682,38682,11,64
38683,38683,11,31
38684,38684,11,60
38685,38685,12,163
38686,38686,12,89
38687,38687,12,34
38688,38688,12,64
38689,38689,13,111
38690,38690,13,31
38691,38691,13,38
38692,38692,13,115
38693,38693,14,159
38694,38694,14,65
38695,38695,14,86
38696,38696,14,78
38697,38697,15,124
38698,38698,15,130
38699,38699,15,65
38700,38700,15,124
38701,38701,16,186
38702,38702,16,50
38703,38703,16,63
38704,38704,16,90
38705,38705,17,78
38706,38706,17,85
38707,38707,17,95
38708,38708,17,63
38709,38709,18,54
38710,38710,18,71
38711,38711,18,70
38712,38712,18,151
38713,38713,19,86
38714,38714,19,79
38715,38715,19,53
38716,38716,19,87
38717,38717,20,65
38718,38718,20,45
38719,38719,20,45
38720,38720,20,60
38721,38721,21,54
38722,38722,21,62
38723,38723,21,48
38724,38724,21,178
38725,38725,22,48
38726,38726,22,33
38727,38727,22,48
38728,38728,22,81
38729,38729,23,71
38730,38730,23,67
38731,38731,23,37
38732,38732,23,84
38733,38733,24,132
38734,38734,24,57
38735,38735,24,60
38736,38736,24,91
38737,38737,25,122
38738,38738,25,56
38739,38739,25,40
38740,38740,25,67
38741,38741,26,120
38742,38742,26,47
38743,38743,26,52
38744,38744,26,64
38745,38745,27,107
38746,38746,27,58
38747,38747,27,33
38748,38748,27,67
38749,38749,28,93
38750,38750,28,53
38751,38751,28,35
38752,38752,28,26
38753,38753,29,83
38754,38754,29,108
38755,38755,29,60
38756,38756,29,65
38757,38757,30,86
38758,38758,30,90
38759,38759,30,22
38760,38760,30,68
38761,38761,31,94
38762,38762,31,106
38763,38763,31,75
38764,38764,31,52
38765,38765,32,101
38766,38766,32,40
38767,38767,32,49
38768,38768,32,81
38769,38769,33,105
38770,38770,33,21
38771,38771,33,52
38772,38772,33,72
38773,38773,34,71
38774,38774,34,39
38775,38775,34,85
38776,38776,34,66
38777,38777,35,155
38778,38778,35,31
38779,38779,35,78
38780,38780,35,38
38781,38781,1,106
38782,38782,1,72
38783,38783,1,76
38784,38784,1,114
38785,38785,2,198
38786,38786,2,65
38787,38787,2,50
38788,38788,2,138
38789,38789,3,108
38790,38790,3,33
38791,38791,3,60
38792,38792,3,156
38793,38793,4,125
38794,38794,4,87
38795,38795,4,92
38796,38796,4,49
38797,38797,5,102
38798,38798,5,83
38799,38799,5,88
38800,38800,5,97
38801,38801,6,157
38802,38802,6,60
38803,38803,6,65
38804,38804,6,152
38805,38805,7,106
38806,38806,7,69
38807,38807,7,58
38808,38808,7,64
38809,38809,8,140
38810,38810,8,95
38811,38811,8,99
38812,38812,8,89
38813,38813,9,60
38814,38814,9,122
38815,38815,9,59
38816,38816,9,155
38817,38817,10,93
38818,38818,10,104
38819,38819,10,74
38820,38820,10,66
38821,38821,11,132
38822,38822,11,97
38823,38823,11,63
38824,38824,11,97
38825,38825,12,114
38826,38826,12,48
38827,38827,12,54
38828,38828,12,101
38829,38829,13,111
38830,38830,13,143
38831,38831,13,29
38832,38832,13,114
38833,38833,14,98
38834,38834,14,101
38835,38835,14,66
38836,38836,14,109
38837,38837,15,194
38838,38838,15,91
38839,38839,15,51
38840,38840,15,146
38841,38841,16,101
38842,38842,16,83
38843,38843,16,41
38844,38844,16,112
38845,38845,17,71
38846,38846,17,75
38847,38847,17,128
38848,38848,17,91
38849,38849,18,107
38850,38850,18,101
38851,38851,18,46
38852,38852,18,156
38853,38853,19,171
38854,38854,19,102
38855,38855,19,79
38856,38856,19,138
38857,38857,20,72
38858,38858,20,112
38859,38859,20,91
38860,38860,20,91
38861,38861,21,157
38862,38862,21,83
38863,38863,21,33
38864,38864,21,133
38865,38865,22,193
38866,38866,22,76
38867,38867,22,52
38868,38868,22,63
38869,38869,23,59
38870,38870,23,77
38871,38871,23,57
38872,38872,23,133
38873,38873,24,69
38874,38874,24,87
38875,38875,24,61
38876,38876,24,49
38877,38877,25,89
38878,38878,25,116
38879,38879,25,87
38880,38880,25,105
38881,38881,26,98
38882,38882,26,69
38883,38883,26,76
38884,38884,26,115
38885,38885,27,72
38886,38886,27,97
38887,38887,27,84
38888,38888,27,89
38889,38889,28,95
38890,38890,28,18
38891,38891,28,106
38892,38892,28,49
38893,38893,29,142
38894,38894,29,122
38895,38895,29,104
38896,38896,29,82
38897,38897,30,62
38898,38898,30,111
38899,38899,30,55
38900,38900,30,108
38901,38901,31,109
38902,38902,31,127
38903,38903,31,65
38904,38904,31,109
38905,38905,32,104
38906,38906,32,174
38907,38907,32,95
38908,38908,32,107
38909,38909,33,75
38910,38910,33,95
38911,38911,33,29
38912,38912,33,36
38913,38913,34,244
38914,38914,34,101
38915,38915,34,30
38916,38916,34,83
38917,38917,35,168
38918,38918,35,155
38919,38919,35,77
38920,38920,35,97
38921,38921,1,94
38922,38922,1,58
38923,38923,1,25
38924,38924,1,60
38925,38925,2,156
38926,38926,2,64
38927,38927,2,76
38928,38928,2,131
38929,38929,3,92
38930,38930,3,95
38931,38931,3,46
38932,38932,3,121
38933,38933,4,129
38934,38934,4,98
38935,38935,4,65
38936,38936,4,47
38937,38937,5,96
38938,38938,5,26
38939,38939,5,76
38940,38940,5,56
38941,38941,6,122
38942,38942,6,71
38943,38943,6,78
38944,38944,6,108
38945,38945,7,209
38946,38946,7,30
38947,38947,7,51
38948,38948,7,81
38949,38949,8,115
38950,38950,8,19
38951,38951,8,110
38952,38952,8,78
38953,38953,9,165
38954,38954,9,131
38955,38955,9,83
38956,38956,9,56
38957,38957,10,128
38958,38958,10,56
38959,38959,10,82
38960,38960,10,98
38961,38961,11,28
38962,38962,11,163
38963,38963,11,78
38964,38964,11,62
38965,38965,12,73
38966,38966,12,63
38967,38967,12,31
38968,38968,12,96
38969,38969,13,59
38970,38970,13,60
38971,38971,13,109
38972,38972,13,135
38973,38973,14,125
38974,38974,14,68
38975,38975,14,104
38976,38976,14,97
38977,38977,15,63
38978,38978,15,42
38979,38979,15,63
38980,38980,15,110
38981,38981,16,135
38982,38982,16,54
38983,38983,16,70
38984,38984,16,138
38985,38985,17,76
38986,38986,17,115
38987,38987,17,56
38988,38988,17,53
38989,38989,18,124
38990,38990,18,78
38991,38991,18,91
38992,38992,18,68
38993,38993,19,68
38994,38994,19,67
38995,38995,19,35
38996,38996,19,139
38997,38997,20,63
38998,38998,20,121
38999,38999,20,77
39000,39000,20,49
39001,39001,21,131
39002,39002,21,66
39003,39003,21,70
39004,39004,21,86
39005,39005,22,121
39006,39006,22,55
39007,39007,22,37
39008,39008,22,91
39009,39009,23,93
39010,39010,23,82
39011,39011,23,54
39012,39012,23,56
39013,39013,24,171
39014,39014,24,89
39015,39015,24,68
39016,39016,24,55
39017,39017,25,103
39018,39018,25,63
39019,39019,25,67
39020,39020,25,67
39021,39021,26,76
39022,39022,26,55
39023,39023,26,39
39024,39024,26,89
39025,39025,27,149
39026,39026,27,69
39027,39027,27,52
39028,39028,27,56
39029,39029,28,85
39030,39030,28,65
39031,39031,28,23
39032,39032,28,64
39033,39033,29,201
39034,39034,29,107
39035,39035,29,89
39036,39036,29,75
39037,39037,30,114
39038,39038,30,80
39039,39039,30,74
39040,39040,30,141
39041,39041,31,79
39042,39042,31,85
39043,39043,31,50
39044,39044,31,80
39045,39045,32,148
39046,39046,32,32
39047,39047,32,49
39048,39048,32,81
39049,39049,33,145
39050,39050,33,201
39051,39051,33,26
39052,39052,33,58
39053,39053,34,99
39054,39054,34,191
39055,39055,34,82
39056,39056,34,38
39057,39057,35,184
39058,39058,35,127
39059,39059,35,83
39060,39060,35,88
39061,39061,1,54
39062,39062,1,44
39063,39063,1,17
39064,39064,1,23
39065,39065,2,83
39066,39066,2,20
39067,39067,2,71
39068,39068,2,89
39069,39069,3,50
39070,39070,3,30
39071,39071,3,35
39072,39072,3,43
39073,39073,4,75
39074,39074,4,51
39075,39075,4,45
39076,39076,4,65
39077,39077,5,61
39078,39078,5,56
39079,39079,5,11
39080,39080,5,61
39081,39081,6,94
39082,39082,6,28
39083,39083,6,59
39084,39084,6,89
39085,39085,7,65
39086,39086,7,22
39087,39087,7,26
39088,39088,7,28
39089,39089,8,74
39090,39090,8,26
39091,39091,8,22
39092,39092,8,53
39093,39093,9,77
39094,39094,9,85
39095,39095,9,24
39096,39096,9,36
39097,39097,10,59
39098,39098,10,45
39099,39099,10,32
39100,39100,10,87
39101,39101,11,49
39102,39102,11,46
39103,39103,11,83
39104,39104,11,38
39105,39105,12,55
39106,39106,12,68
39107,39107,12,30
39108,39108,12,38
39109,39109,13,48
39110,39110,13,33
39111,39111,13,26
39112,39112,13,37
39113,39113,14,59
39114,39114,14,43
39115,39115,14,38
39116,39116,14,28
39117,39117,15,64
39118,39118,15,41
39119,39119,15,27
39120,39120,15,65
39121,39121,16,60
39122,39122,16,60
39123,39123,16,21
39124,39124,16,50
39125,39125,17,37
39126,39126,17,47
39127,39127,17,23
39128,39128,17,24
39129,39129,18,25
39130,39130,18,31
39131,39131,18,35
39132,39132,18,25
39133,39133,19,36
39134,39134,19,53
39135,39135,19,51
39136,39136,19,73
39137,39137,20,79
39138,39138,20,46
39139,39139,20,29
39140,39140,20,131
39141,39141,21,20
39142,39142,21,42
39143,39143,21,53
39144,39144,21,59
39145,39145,22,30
39146,39146,22,27
39147,39147,22,38
39148,39148,22,56
39149,39149,23,79
39150,39150,23,30
39151,39151,23,56
39152,39152,23,38
39153,39153,24,71
39154,39154,24,71
39155,39155,24,31
39156,39156,24,87
39157,39157,25,24
39158,39158,25,31
39159,39159,25,43
39160,39160,25,62
39161,39161,26,58
39162,39162,26,48
39163,39163,26,53
39164,39164,26,87
39165,39165,27,79
39166,39166,27,77
39167,39167,27,33
39168,39168,27,47
39169,39169,28,34
39170,39170,28,28
39171,39171,28,58
39172,39172,28,35
39173,39173,29,43
39174,39174,29,30
39175,39175,29,28
39176,39176,29,41
39177,39177,30,75
39178,39178,30,78
39179,39179,30,20
39180,39180,30,104
39181,39181,31,37
39182,39182,31,68
39183,39183,31,55
39184,39184,31,25
39185,39185,32,64
39186,39186,32,55
39187,39187,32,47
39188,39188,32,56
39189,39189,33,46
39190,39190,33,35
39191,39191,33,28
39192,39192,33,74
39193,39193,34,44
39194,39194,34,67
39195,39195,34,21
39196,39196,34,40
39197,39197,35,79
39198,39198,35,39
39199,39199,35,29
39200,39200,35,62
39201,39201,1,29
39202,39202,1,28
39203,39203,1,36
39204,39204,1,51
39205,39205,2,63
39206,39206,2,70
39207,39207,2,40
39208,39208,2,44
39209,39209,3,52
39210,39210,3,60
39211,39211,3,54
39212,39212,3,40
39213,39213,4,21
39214,39214,4,43
39215,39215,4,51
39216,39216,4,44
39217,39217,5,58
39218,39218,5,54
39219,39219,5,33
39220,39220,5,67
39221,39221,6,58
39222,39222,6,29
39223,39223,6,22
39224,39224,6,41
39225,39225,7,85
39226,39226,7,32
39227,39227,7,42
39228,39228,7,64
39229,39229,8,62
39230,39230,8,49
39231,39231,8,21
39232,39232,8,26
39233,39233,9,48
39234,39234,9,22
39235,39235,9,30
39236,39236,9,66
39237,39237,10,58
39238,39238,10,19
39239,39239,10,26
39240,39240,10,53
39241,39241,11,41
39242,39242,11,29
39243,39243,11,27
39244,39244,11,21
39245,39245,12,59
39246,39246,12,40
39247,39247,12,35
39248,39248,12,57
39249,39249,13,92
39250,39250,13,34
39251,39251,13,8
39252,39252,13,51
39253,39253,14,98
39254,39254,14,32
39255,39255,14,47
39256,39256,14,63
39257,39257,15,50
39258,39258,15,35
39259,39259,15,42
39260,39260,15,23
39261,39261,16,49
39262,39262,16,41
39263,39263,16,27
39264,39264,16,32
39265,39265,17,20
39266,39266,17,73
39267,39267,17,33
39268,39268,17,56
39269,39269,18,36
39270,39270,18,23
39271,39271,18,39
39272,39272,18,38
39273,39273,19,29
39274,39274,19,35
39275,39275,19,2
39276,39276,19,53
39277,39277,20,59
39278,39278,20,60
39279,39279,20,41
39280,39280,20,63
39281,39281,21,75
39282,39282,21,70
39283,39283,21,68
39284,39284,21,55
39285,39285,22,39
39286,39286,22,61
39287,39287,22,20
39288,39288,22,63
39289,39289,23,23
39290,39290,23,39
39291,39291,23,16
39292,39292,23,43
39293,39293,24,64
39294,39294,24,47
39295,39295,24,36
39296,39296,24,74
39297,39297,25,38
39298,39298,25,63
39299,39299,25,15
39300,39300,25,60
39301,39301,26,94
39302,39302,26,23
39303,39303,26,28
39304,39304,26,44
39305,39305,27,49
39306,39306,27,36
39307,39307,27,36
39308,39308,27,54
39309,39309,28,54
39310,39310,28,65
39311,39311,28,61
39312,39312,28,42
39313,39313,29,88
39314,39314,29,78
39315,39315,29,43
39316,39316,29,49
39317,39317,30,29
39318,39318,30,86
39319,39319,30,14
39320,39320,30,46
39321,39321,31,67
39322,39322,31,72
39323,39323,31,40
39324,39324,31,51
39325,39325,32,39
39326,39326,32,45
39327,39327,32,42
39328,39328,32,38
39329,39329,33,55
39330,39330,33,63
39331,39331,33,38
39332,39332,33,65
39333,39333,34,21
39334,39334,34,30
39335,39335,34,31
39336,39336,34,109
39337,39337,35,34
39338,39338,35,28
39339,39339,35,43
39340,39340,35,55
39341,39341,1,72
39342,39342,1,55
39343,39343,1,35
39344,39344,1,71
39345,39345,2,76
39346,39346,2,28
39347,39347,2,35
39348,39348,2,106
39349,39349,3,80
39350,39350,3,48
39351,39351,3,77
39352,39352,3,59
39353,39353,4,58
39354,39354,4,44
39355,39355,4,81
39356,39356,4,41
39357,39357,5,110
39358,39358,5,42
39359,39359,5,63
39360,39360,5,21
39361,39361,6,92
39362,39362,6,46
39363,39363,6,58
39364,39364,6,25
39365,39365,7,96
39366,39366,7,56
39367,39367,7,77
39368,39368,7,42
39369,39369,8,46
39370,39370,8,31
39371,39371,8,46
39372,39372,8,35
39373,39373,9,51
39374,39374,9,45
39375,39375,9,32
39376,39376,9,63
39377,39377,10,52
39378,39378,10,75
39379,39379,10,33
39380,39380,10,83
39381,39381,11,111
39382,39382,11,46
39383,39383,11,32
39384,39384,11,29
39385,39385,12,97
39386,39386,12,45
39387,39387,12,48
39388,39388,12,64
39389,39389,13,82
39390,39390,13,48
39391,39391,13,19
39392,39392,13,60
39393,39393,14,51
39394,39394,14,44
39395,39395,14,54
39396,39396,14,81
39397,39397,15,58
39398,39398,15,87
39399,39399,15,28
39400,39400,15,39
39401,39401,16,59
39402,39402,16,59
39403,39403,16,42
39404,39404,16,71
39405,39405,17,83
39406,39406,17,53
39407,39407,17,39
39408,39408,17,63
39409,39409,18,83
39410,39410,18,70
39411,39411,18,86
39412,39412,18,51
39413,39413,19,55
39414,39414,19,52
39415,39415,19,19
39416,39416,19,51
39417,39417,20,63
39418,39418,20,36
39419,39419,20,50
39420,39420,20,102
39421,39421,21,92
39422,39422,21,41
39423,39423,21,45
39424,39424,21,41
39425,39425,22,81
39426,39426,22,61
39427,39427,22,23
39428,39428,22,43
39429,39429,23,57
39430,39430,23,39
39431,39431,23,50
39432,39432,23,83
39433,39433,24,42
39434,39434,24,25
39435,39435,24,64
39436,39436,24,68
39437,39437,25,70
39438,39438,25,92
39439,39439,25,58
39440,39440,25,45
39441,39441,26,87
39442,39442,26,42
39443,39443,26,26
39444,39444,26,69
39445,39445,27,71
39446,39446,27,48
39447,39447,27,61
39448,39448,27,30
39449,39449,28,93
39450,39450,28,48
39451,39451,28,63
39452,39452,28,54
39453,39453,29,45
39454,39454,29,39
39455,39455,29,60
39456,39456,29,61
39457,39457,30,53
39458,39458,30,52
39459,39459,30,60
39460,39460,30,32
39461,39461,31,53
39462,39462,31,59
39463,39463,31,44
39464,39464,31,89
39465,39465,32,43
39466,39466,32,30
39467,39467,32,57
39468,39468,32,55
39469,39469,33,75
39470,39470,33,55
39471,39471,33,72
39472,39472,33,40
39473,39473,34,68
39474,39474,34,89
39475,39475,34,56
39476,39476,34,48
39477,39477,35,47
39478,39478,35,26
39479,39479,35,33
39480,39480,35,59
39481,39481,1,58
39482,39482,1,93
39483,39483,1,49
39484,39484,1,43
39485,39485,2,70
39486,39486,2,44
39487,39487,2,33
39488,39488,2,79
39489,39489,3,66
39490,39490,3,58
39491,39491,3,29
39492,39492,3,80
39493,39493,4,48
39494,39494,4,45
39495,39495,4,60
39496,39496,4,126
39497,39497,5,57
39498,39498,5,49
39499,39499,5,61
39500,39500,5,129
39501,39501,6,68
39502,39502,6,57
39503,39503,6,28
39504,39504,6,83
39505,39505,7,82
39506,39506,7,38
39507,39507,7,21
39508,39508,7,34
39509,39509,8,64
39510,39510,8,61
39511,39511,8,28
39512,39512,8,43
39513,39513,9,26
39514,39514,9,56
39515,39515,9,13
39516,39516,9,61
39517,39517,10,119
39518,39518,10,34
39519,39519,10,32
39520,39520,10,77
39521,39521,11,66
39522,39522,11,79
39523,39523,11,43
39524,39524,11,60
39525,39525,12,90
39526,39526,12,77
39527,39527,12,89
39528,39528,12,57
39529,39529,13,89
39530,39530,13,92
39531,39531,13,21
39532,39532,13,72
39533,39533,14,55
39534,39534,14,57
39535,39535,14,17
39536,39536,14,56
39537,39537,15,57
39538,39538,15,58
39539,39539,15,31
39540,39540,15,85
39541,39541,16,85
39542,39542,16,42
39543,39543,16,78
39544,39544,16,57
39545,39545,17,70
39546,39546,17,49
39547,39547,17,50
39548,39548,17,23
39549,39549,18,105
39550,39550,18,50
39551,39551,18,26
39552,39552,18,89
39553,39553,19,69
39554,39554,19,54
39555,39555,19,61
39556,39556,19,44
39557,39557,20,164
39558,39558,20,45
39559,39559,20,74
39560,39560,20,60
39561,39561,21,86
39562,39562,21,78
39563,39563,21,46
39564,39564,21,107
39565,39565,22,79
39566,39566,22,72
39567,39567,22,38
39568,39568,22,39
39569,39569,23,65
39570,39570,23,58
39571,39571,23,29
39572,39572,23,92
39573,39573,24,78
39574,39574,24,33
39575,39575,24,31
39576,39576,24,101
39577,39577,25,97
39578,39578,25,34
39579,39579,25,44
39580,39580,25,83
39581,39581,26,59
39582,39582,26,54
39583,39583,26,42
39584,39584,26,33
39585,39585,27,54
39586,39586,27,36
39587,39587,27,22
39588,39588,27,42
39589,39589,28,75
39590,39590,28,73
39591,39591,28,47
39592,39592,28,70
39593,39593,29,71
39594,39594,29,36
39595,39595,29,45
39596,39596,29,70
39597,39597,30,87
39598,39598,30,75
39599,39599,30,55
39600,39600,30,58
39601,39601,31,106
39602,39602,31,65
39603,39603,31,40
39604,39604,31,68
39605,39605,32,95
39606,39606,32,101
39607,39607,32,26
39608,39608,32,24
39609,39609,33,122
39610,39610,33,137
39611,39611,33,27
39612,39612,33,69
39613,39613,34,58
39614,39614,34,55
39615,39615,34,44
39616,39616,34,38
39617,39617,35,56
39618,39618,35,33
39619,39619,35,39
39620,39620,35,46
39621,39621,1,94
39622,39622,1,69
39623,39623,1,58
39624,39624,1,77
39625,39625,2,48
39626,39626,2,40
39627,39627,2,20
39628,39628,2,86
39629,39629,3,164
39630,39630,3,27
39631,39631,3,36
39632,39632,3,90
39633,39633,4,86
39634,39634,4,46
39635,39635,4,31
39636,39636,4,32
39637,39637,5,76
39638,39638,5,67
39639,39639,5,44
39640,39640,5,63
39641,39641,6,141
39642,39642,6,174
39643,39643,6,39
39644,39644,6,85
39645,39645,7,94
39646,39646,7,65
39647,39647,7,25
39648,39648,7,86
39649,39649,8,99
39650,39650,8,51
39651,39651,8,37
39652,39652,8,100
39653,39653,9,46
39654,39654,9,53
39655,39655,9,27
39656,39656,9,73
39657,39657,10,44
39658,39658,10,78
39659,39659,10,59
39660,39660,10,48
39661,39661,11,92
39662,39662,11,72
39663,39663,11,75
39664,39664,11,68
39665,39665,12,71
39666,39666,12,76
39667,39667,12,65
39668,39668,12,80
39669,39669,13,92
39670,39670,13,75
39671,39671,13,51
39672,39672,13,44
39673,39673,14,72
39674,39674,14,44
39675,39675,14,53
39676,39676,14,63
39677,39677,15,101
39678,39678,15,72
39679,39679,15,48
39680,39680,15,88
39681,39681,16,79
39682,39682,16,85
39683,39683,16,86
39684,39684,16,47
39685,39685,17,85
39686,39686,17,31
39687,39687,17,110
39688,39688,17,132
39689,39689,18,96
39690,39690,18,66
39691,39691,18,63
39692,39692,18,109
39693,39693,19,109
39694,39694,19,93
39695,39695,19,80
39696,39696,19,112
39697,39697,20,66
39698,39698,20,81
39699,39699,20,85
39700,39700,20,131
39701,39701,21,50
39702,39702,21,50
39703,39703,21,82
39704,39704,21,87
39705,39705,22,87
39706,39706,22,62
39707,39707,22,44
39708,39708,22,52
39709,39709,23,67
39710,39710,23,94
39711,39711,23,34
39712,39712,23,110
39713,39713,24,99
39714,39714,24,45
39715,39715,24,35
39716,39716,24,85
39717,39717,25,74
39718,39718,25,61
39719,39719,25,52
39720,39720,25,77
39721,39721,26,108
39722,39722,26,107
39723,39723,26,23
39724,39724,26,81
39725,39725,27,84
39726,39726,27,120
39727,39727,27,97
39728,39728,27,64
39729,39729,28,97
39730,39730,28,64
39731,39731,28,63
39732,39732,28,95
39733,39733,29,114
39734,39734,29,132
39735,39735,29,28
39736,39736,29,79
39737,39737,30,57
39738,39738,30,37
39739,39739,30,83
39740,39740,30,78
39741,39741,31,52
39742,39742,31,68
39743,39743,31,83
39744,39744,31,48
39745,39745,32,76
39746,39746,32,56
39747,39747,32,72
39748,39748,32,76
39749,39749,33,66
39750,39750,33,46
39751,39751,33,83
39752,39752,33,47
39753,39753,34,123
39754,39754,34,43
39755,39755,34,52
39756,39756,34,100
39757,39757,35,109
39758,39758,35,68
39759,39759,35,63
39760,39760,35,124
39761,39761,1,97
39762,39762,1,165
39763,39763,1,44
39764,39764,1,184
39765,39765,2,115
39766,39766,2,42
39767,39767,2,66
39768,39768,2,122
39769,39769,3,100
39770,39770,3,33
39771,39771,3,63
39772,39772,3,176
39773,39773,4,182
39774,39774,4,117
39775,39775,4,96
39776,39776,4,109
39777,39777,5,87
39778,39778,5,84
39779,39779,5,96
39780,39780,5,118
39781,39781,6,162
39782,39782,6,43
39783,39783,6,81
39784,39784,6,186
39785,39785,7,161
39786,39786,7,49
39787,39787,7,65
39788,39788,7,104
39789,39789,8,179
39790,39790,8,127
39791,39791,8,62
39792,39792,8,161
39793,39793,9,137
39794,39794,9,101
39795,39795,9,78
39796,39796,9,74
39797,39797,10,208
39798,39798,10,28
39799,39799,10,76
39800,39800,10,175
39801,39801,11,208
39802,39802,11,73
39803,39803,11,40
39804,39804,11,50
39805,39805,12,150
39806,39806,12,96
39807,39807,12,48
39808,39808,12,89
39809,39809,13,111
39810,39810,13,183
39811,39811,13,84
39812,39812,13,95
39813,39813,14,157
39814,39814,14,141
39815,39815,14,50
39816,39816,14,171
39817,39817,15,98
39818,39818,15,94
39819,39819,15,91
39820,39820,15,157
39821,39821,16,129
39822,39822,16,79
39823,39823,16,91
39824,39824,16,105
39825,39825,17,237
39826,39826,17,34
39827,39827,17,72
39828,39828,17,126
39829,39829,18,98
39830,39830,18,51
39831,39831,18,89
39832,39832,18,88
39833,39833,19,110
39834,39834,19,67
39835,39835,19,42
39836,39836,19,85
39837,39837,20,126
39838,39838,20,60
39839,39839,20,61
39840,39840,20,96
39841,39841,21,132
39842,39842,21,83
39843,39843,21,112
39844,39844,21,102
39845,39845,22,44
39846,39846,22,105
39847,39847,22,54
39848,39848,22,160
39849,39849,23,143
39850,39850,23,52
39851,39851,23,52
39852,39852,23,172
39853,39853,24,187
39854,39854,24,125
39855,39855,24,28
39856,39856,24,92
39857,39857,25,148
39858,39858,25,81
39859,39859,25,100
39860,39860,25,126
39861,39861,26,70
39862,39862,26,62
39863,39863,26,51
39864,39864,26,77
39865,39865,27,127
39866,39866,27,110
39867,39867,27,62
39868,39868,27,135
39869,39869,28,121
39870,39870,28,56
39871,39871,28,138
39872,39872,28,96
39873,39873,29,172
39874,39874,29,166
39875,39875,29,89
39876,39876,29,78
39877,39877,30,80
39878,39878,30,124
39879,39879,30,61
39880,39880,30,136
39881,39881,31,145
39882,39882,31,30
39883,39883,31,68
39884,39884,31,55
39885,39885,32,208
39886,39886,32,118
39887,39887,32,61
39888,39888,32,100
39889,39889,33,168
39890,39890,33,88
39891,39891,33,48
39892,39892,33,144
39893,39893,34,135
39894,39894,34,127
39895,39895,34,72
39896,39896,34,127
39897,39897,35,124
39898,39898,35,71
39899,39899,35,57
39900,39900,35,155
39901,39901,1,129
39902,39902,1,33
39903,39903,1,62
39904,39904,1,85
39905,39905,2,172
39906,39906,2,138
39907,39907,2,101
39908,39908,2,81
39909,39909,3,102
39910,39910,3,56
39911,39911,3,59
39912,39912,3,114
39913,39913,4,126
39914,39914,4,53
39915,39915,4,86
39916,39916,4,100
39917,39917,5,92
39918,39918,5,65
39919,39919,5,50
39920,39920,5,162
39921,39921,6,47
39922,39922,6,82
39923,39923,6,76
39924,39924,6,45
39925,39925,7,84
39926,39926,7,89
39927,39927,7,84
39928,39928,7,47
39929,39929,8,82
39930,39930,8,133
39931,39931,8,120
39932,39932,8,126
39933,39933,9,77
39934,39934,9,88
39935,39935,9,56
39936,39936,9,31
39937,39937,10,132
39938,39938,10,105
39939,39939,10,46
39940,39940,10,89
39941,39941,11,184
39942,39942,11,39
39943,39943,11,71
39944,39944,11,104
39945,39945,12,36
39946,39946,12,82
39947,39947,12,81
39948,39948,12,101
39949,39949,13,143
39950,39950,13,68
39951,39951,13,54
39952,39952,13,122
39953,39953,14,90
39954,39954,14,31
39955,39955,14,101
39956,39956,14,153
39957,39957,15,151
39958,39958,15,68
39959,39959,15,97
39960,39960,15,133
39961,39961,16,77
39962,39962,16,187
39963,39963,16,67
39964,39964,16,79
39965,39965,17,103
39966,39966,17,127
39967,39967,17,145
39968,39968,17,42
39969,39969,18,133
39970,39970,18,65
39971,39971,18,130
39972,39972,18,47
39973,39973,19,96
39974,39974,19,38
39975,39975,19,67
39976,39976,19,111
39977,39977,20,133
39978,39978,20,61
39979,39979,20,39
39980,39980,20,59
39981,39981,21,85
39982,39982,21,54
39983,39983,21,66
39984,39984,21,135
39985,39985,22,85
39986,39986,22,77
39987,39987,22,55
39988,39988,22,95
39989,39989,23,87
39990,39990,23,104
39991,39991,23,99
39992,39992,23,97
39993,39993,24,135
39994,39994,24,67
39995,39995,24,97
39996,39996,24,94
39997,39997,25,74
39998,39998,25,57
39999,39999,25,30
40000,40000,25,65
40001,40001,26,110
40002,40002,26,86
40003,40003,26,13
40004,40004,26,85
40005,40005,27,68
40006,40006,27,81
40007,40007,27,34
40008,40008,27,66
40009,40009,28,63
40010,40010,28,76
40011,40011,28,68
40012,40012,28,148
40013,40013,29,80
40014,40014,29,64
40015,40015,29,64
40016,40016,29,105
40017,40017,30,205
40018,40018,30,104
40019,40019,30,86
40020,40020,30,113
40021,40021,31,91
40022,40022,31,70
40023,40023,31,138
40024,40024,31,103
40025,40025,32,118
40026,40026,32,78
40027,40027,32,84
40028,40028,32,99
40029,40029,33,141
40030,40030,33,84
40031,40031,33,52
40032,40032,33,79
40033,40033,34,79
40034,40034,34,78
40035,40035,34,54
40036,40036,34,124
40037,40037,35,95
40038,40038,35,47
40039,40039,35,26
40040,40040,35,80
40041,40041,1,42
40042,40042,1,47
40043,40043,1,59
40044,40044,1,70
40045,40045,2,22
40046,40046,2,31
40047,40047,2,54
40048,40048,2,60
40049,40049,3,96
40050,40050,3,21
40051,40051,3,26
40052,40052,3,94
40053,40053,4,62
40054,40054,4,51
40055,40055,4,25
40056,40056,4,53
40057,40057,5,39
40058,40058,5,34
40059,40059,5,43
40060,40060,5,52
40061,40061,6,83
40062,40062,6,22
40063,40063,6,34
40064,40064,6,56
40065,40065,7,51
40066,40066,7,61
40067,40067,7,43
40068,40068,7,63
40069,40069,8,64
40070,40070,8,50
40071,40071,8,33
40072,40072,8,45
40073,40073,9,100
40074,40074,9,22
40075,40075,9,18
40076,40076,9,61
40077,40077,10,36
40078,40078,10,42
40079,40079,10,24
40080,40080,10,65
40081,40081,11,51
40082,40082,11,29
40083,40083,11,59
40084,40084,11,45
40085,40085,12,69
40086,40086,12,32
40087,40087,12,25
40088,40088,12,41
40089,40089,13,47
40090,40090,13,39
40091,40091,13,49
40092,40092,13,32
40093,40093,14,42
40094,40094,14,25
40095,40095,14,15
40096,40096,14,29
40097,40097,15,35
40098,40098,15,62
40099,40099,15,25
40100,40100,15,113
40101,40101,16,77
40102,40102,16,15
40103,40103,16,23
40104,40104,16,53
40105,40105,17,67
40106,40106,17,46
40107,40107,17,74
40108,40108,17,60
40109,40109,18,40
40110,40110,18,72
40111,40111,18,19
40112,40112,18,59
40113,40113,19,60
40114,40114,19,25
40115,40115,19,20
40116,40116,19,52
40117,40117,20,90
40118,40118,20,64
40119,40119,20,19
40120,40120,20,72
40121,40121,21,54
40122,40122,21,22
40123,40123,21,44
40124,40124,21,55
40125,40125,22,55
40126,40126,22,45
40127,40127,22,20
40128,40128,22,62
40129,40129,23,47
40130,40130,23,34
40131,40131,23,32
40132,40132,23,40
40133,40133,24,66
40134,40134,24,23
40135,40135,24,59
40136,40136,24,66
40137,40137,25,76
40138,40138,25,25
40139,40139,25,45
40140,40140,25,35
40141,40141,26,87
40142,40142,26,57
40143,40143,26,39
40144,40144,26,56
40145,40145,27,60
40146,40146,27,37
40147,40147,27,47
40148,40148,27,20
40149,40149,28,37
40150,40150,28,30
40151,40151,28,36
40152,40152,28,31
40153,40153,29,77
40154,40154,29,36
40155,40155,29,11
40156,40156,29,43
40157,40157,30,83
40158,40158,30,25
40159,40159,30,21
40160,40160,30,51
40161,40161,31,70
40162,40162,31,72
40163,40163,31,40
40164,40164,31,34
40165,40165,32,50
40166,40166,32,56
40167,40167,32,42
40168,40168,32,62
40169,40169,33,51
40170,40170,33,15
40171,40171,33,47
40172,40172,33,31
40173,40173,34,47
40174,40174,34,52
40175,40175,34,19
40176,40176,34,40
40177,40177,35,25
40178,40178,35,20
40179,40179,35,40
40180,40180,35,57
40181,40181,1,57
40182,40182,1,30
40183,40183,1,33
40184,40184,1,89
40185,40185,2,62
40186,40186,2,41
40187,40187,2,43
40188,40188,2,69
40189,40189,3,37
40190,40190,3,39
40191,40191,3,35
40192,40192,3,33
40193,40193,4,75
40194,40194,4,41
40195,40195,4,31
40196,40196,4,68
40197,40197,5,33
40198,40198,5,24
40199,40199,5,26
40200,40200,5,89
40201,40201,6,102
40202,40202,6,69
40203,40203,6,45
40204,40204,6,34
40205,40205,7,90
40206,40206,7,24
40207,40207,7,36
40208,40208,7,34
40209,40209,8,69
40210,40210,8,17
40211,40211,8,35
40212,40212,8,54
40213,40213,9,38
40214,40214,9,49
40215,40215,9,45
40216,40216,9,56
40217,40217,10,49
40218,40218,10,63
40219,40219,10,39
40220,40220,10,84
40221,40221,11,44
40222,40222,11,24
40223,40223,11,32
40224,40224,11,56
40225,40225,12,85
40226,40226,12,21
40227,40227,12,53
40228,40228,12,39
40229,40229,13,48
40230,40230,13,32
40231,40231,13,22
40232,40232,13,35
40233,40233,14,48
40234,40234,14,71
40235,40235,14,48
40236,40236,14,39
40237,40237,15,81
40238,40238,15,27
40239,40239,15,20
40240,40240,15,49
40241,40241,16,64
40242,40242,16,34
40243,40243,16,49
40244,40244,16,45
40245,40245,17,80
40246,40246,17,34
40247,40247,17,25
40248,40248,17,29
40249,40249,18,74
40250,40250,18,38
40251,40251,18,40
40252,40252,18,33
40253,40253,19,58
40254,40254,19,118
40255,40255,19,39
40256,40256,19,58
40257,40257,20,89
40258,40258,20,45
40259,40259,20,19
40260,40260,20,51
40261,40261,21,56
40262,40262,21,47
40263,40263,21,38
40264,40264,21,50
40265,40265,22,60
40266,40266,22,36
40267,40267,22,34
40268,40268,22,33
40269,40269,23,88
40270,40270,23,65
40271,40271,23,30
40272,40272,23,41
40273,40273,24,44
40274,40274,24,27
40275,40275,24,47
40276,40276,24,70
40277,40277,25,51
40278,40278,25,58
40279,40279,25,30
40280,40280,25,18
40281,40281,26,57
40282,40282,26,28
40283,40283,26,60
40284,40284,26,32
40285,40285,27,43
40286,40286,27,65
40287,40287,27,51
40288,40288,27,62
40289,40289,28,64
40290,40290,28,36
40291,40291,28,42
40292,40292,28,48
40293,40293,29,69
40294,40294,29,30
40295,40295,29,13
40296,40296,29,30
40297,40297,30,71
40298,40298,30,15
40299,40299,30,41
40300,40300,30,41
40301,40301,31,56
40302,40302,31,36
40303,40303,31,43
40304,40304,31,80
40305,40305,32,65
40306,40306,32,53
40307,40307,32,36
40308,40308,32,60
40309,40309,33,41
40310,40310,33,36
40311,40311,33,40
40312,40312,33,59
40313,40313,34,72
40314,40314,34,50
40315,40315,34,33
40316,40316,34,50
40317,40317,35,74
40318,40318,35,40
40319,40319,35,32
40320,40320,35,77
40321,40321,1,53
40322,40322,1,53
40323,40323,1,59
40324,40324,1,57
40325,40325,2,122
40326,40326,2,52
40327,40327,2,34
40328,40328,2,26
40329,40329,3,67
40330,40330,3,45
40331,40331,3,64
40332,40332,3,86
40333,40333,4,44
40334,40334,4,27
40335,40335,4,68
40336,40336,4,61
40337,40337,5,67
40338,40338,5,132
40339,40339,5,35
40340,40340,5,44
40341,40341,6,99
40342,40342,6,42
40343,40343,6,30
40344,40344,6,79
40345,40345,7,72
40346,40346,7,71
40347,40347,7,50
40348,40348,7,46
40349,40349,8,72
40350,40350,8,27
40351,40351,8,25
40352,40352,8,70
40353,40353,9,99
40354,40354,9,58
40355,40355,9,70
40356,40356,9,54
40357,40357,10,30
40358,40358,10,50
40359,40359,10,35
40360,40360,10,43
40361,40361,11,151
40362,40362,11,60
40363,40363,11,34
40364,40364,11,58
40365,40365,12,59
40366,40366,12,60
40367,40367,12,53
40368,40368,12,102
40369,40369,13,51
40370,40370,13,22
40371,40371,13,39
40372,40372,13,62
40373,40373,14,76
40374,40374,14,55
40375,40375,14,49
40376,40376,14,20
40377,40377,15,41
40378,40378,15,60
40379,40379,15,27
40380,40380,15,49
40381,40381,16,36
40382,40382,16,42
40383,40383,16,60
40384,40384,16,71
40385,40385,17,86
40386,40386,17,57
40387,40387,17,32
40388,40388,17,24
40389,40389,18,71
40390,40390,18,73
40391,40391,18,49
40392,40392,18,98
40393,40393,19,73
40394,40394,19,38
40395,40395,19,42
40396,40396,19,44
40397,40397,20,81
40398,40398,20,36
40399,40399,20,30
40400,40400,20,64
40401,40401,21,109
40402,40402,21,66
40403,40403,21,29
40404,40404,21,37
40405,40405,22,91
40406,40406,22,54
40407,40407,22,28
40408,40408,22,68
40409,40409,23,44
40410,40410,23,49
40411,40411,23,46
40412,40412,23,69
40413,40413,24,88
40414,40414,24,33
40415,40415,24,51
40416,40416,24,20
40417,40417,25,74
40418,40418,25,62
40419,40419,25,59
40420,40420,25,27
40421,40421,26,42
40422,40422,26,49
40423,40423,26,22
40424,40424,26,59
40425,40425,27,48
40426,40426,27,42
40427,40427,27,24
40428,40428,27,77
40429,40429,28,29
40430,40430,28,58
40431,40431,28,43
40432,40432,28,53
40433,40433,29,94
40434,40434,29,31
40435,40435,29,38
40436,40436,29,75
40437,40437,30,86
40438,40438,30,48
40439,40439,30,36
40440,40440,30,80
40441,40441,31,51
40442,40442,31,32
40443,40443,31,54
40444,40444,31,74
40445,40445,32,58
40446,40446,32,68
40447,40447,32,29
40448,40448,32,85
40449,40449,33,65
40450,40450,33,40
40451,40451,33,13
40452,40452,33,49
40453,40453,34,65
40454,40454,34,40
40455,40455,34,33
40456,40456,34,72
40457,40457,35,151
40458,40458,35,50
40459,40459,35,70
40460,40460,35,69
40461,40461,1,87
40462,40462,1,16
40463,40463,1,24
40464,40464,1,83
40465,40465,2,90
40466,40466,2,62
40467,40467,2,39
40468,40468,2,79
40469,40469,3,70
40470,40470,3,39
40471,40471,3,34
40472,40472,3,50
40473,40473,4,107
40474,40474,4,63
40475,40475,4,47
40476,40476,4,88
40477,40477,5,63
40478,40478,5,45
40479,40479,5,36
40480,40480,5,65
40481,40481,6,60
40482,40482,6,73
40483,40483,6,28
40484,40484,6,25
40485,40485,7,47
40486,40486,7,47
40487,40487,7,27
40488,40488,7,41
40489,40489,8,69
40490,40490,8,49
40491,40491,8,22
40492,40492,8,96
40493,40493,9,46
40494,40494,9,24
40495,40495,9,31
40496,40496,9,82
40497,40497,10,82
40498,40498,10,57
40499,40499,10,40
40500,40500,10,68
40501,40501,11,93
40502,40502,11,71
40503,40503,11,29
40504,40504,11,102
40505,40505,12,73
40506,40506,12,33
40507,40507,12,32
40508,40508,12,81
40509,40509,13,85
40510,40510,13,38
40511,40511,13,14
40512,40512,13,37
40513,40513,14,77
40514,40514,14,63
40515,40515,14,62
40516,40516,14,116
40517,40517,15,93
40518,40518,15,34
40519,40519,15,42
40520,40520,15,41
40521,40521,16,51
40522,40522,16,93
40523,40523,16,19
40524,40524,16,70
40525,40525,17,54
40526,40526,17,40
40527,40527,17,38
40528,40528,17,131
40529,40529,18,91
40530,40530,18,85
40531,40531,18,52
40532,40532,18,66
40533,40533,19,99
40534,40534,19,40
40535,40535,19,37
40536,40536,19,60
40537,40537,20,129
40538,40538,20,16
40539,40539,20,33
40540,40540,20,43
40541,40541,21,69
40542,40542,21,59
40543,40543,21,48
40544,40544,21,128
40545,40545,22,59
40546,40546,22,80
40547,40547,22,38
40548,40548,22,42
40549,40549,23,89
40550,40550,23,61
40551,40551,23,39
40552,40552,23,99
40553,40553,24,53
40554,40554,24,74
40555,40555,24,54
40556,40556,24,68
40557,40557,25,71
40558,40558,25,30
40559,40559,25,39
40560,40560,25,43
40561,40561,26,112
40562,40562,26,20
40563,40563,26,54
40564,40564,26,57
40565,40565,27,62
40566,40566,27,50
40567,40567,27,71
40568,40568,27,55
40569,40569,28,111
40570,40570,28,28
40571,40571,28,59
40572,40572,28,54
40573,40573,29,82
40574,40574,29,83
40575,40575,29,57
40576,40576,29,61
40577,40577,30,59
40578,40578,30,23
40579,40579,30,46
40580,40580,30,105
40581,40581,31,86
40582,40582,31,46
40583,40583,31,20
40584,40584,31,23
40585,40585,32,102
40586,40586,32,57
40587,40587,32,36
40588,40588,32,139
40589,40589,33,93
40590,40590,33,94
40591,40591,33,40
40592,40592,33,50
40593,40593,34,78
40594,40594,34,40
40595,40595,34,51
40596,40596,34,29
40597,40597,35,97
40598,40598,35,80
40599,40599,35,29
40600,40600,35,82
40601,40601,1,163
40602,40602,1,110
40603,40603,1,41
40604,40604,1,80
40605,40605,2,123
40606,40606,2,54
40607,40607,2,68
40608,40608,2,57
40609,40609,3,95
40610,40610,3,47
40611,40611,3,39
40612,40612,3,61
40613,40613,4,65
40614,40614,4,65
40615,40615,4,68
40616,40616,4,119
40617,40617,5,151
40618,40618,5,68
40619,40619,5,50
40620,40620,5,69
40621,40621,6,87
40622,40622,6,69
40623,40623,6,83
40624,40624,6,145
40625,40625,7,130
40626,40626,7,57
40627,40627,7,48
40628,40628,7,84
40629,40629,8,178
40630,40630,8,114
40631,40631,8,80
40632,40632,8,60
40633,40633,9,87
40634,40634,9,40
40635,40635,9,37
40636,40636,9,99
40637,40637,10,101
40638,40638,10,55
40639,40639,10,51
40640,40640,10,30
40641,40641,11,110
40642,40642,11,56
40643,40643,11,66
40644,40644,11,31
40645,40645,12,119
40646,40646,12,99
40647,40647,12,33
40648,40648,12,93
40649,40649,13,115
40650,40650,13,39
40651,40651,13,30
40652,40652,13,61
40653,40653,14,85
40654,40654,14,119
40655,40655,14,67
40656,40656,14,39
40657,40657,15,120
40658,40658,15,23
40659,40659,15,89
40660,40660,15,114
40661,40661,16,107
40662,40662,16,79
40663,40663,16,47
40664,40664,16,44
40665,40665,17,106
40666,40666,17,35
40667,40667,17,88
40668,40668,17,64
40669,40669,18,85
40670,40670,18,59
40671,40671,18,30
40672,40672,18,60
40673,40673,19,69
40674,40674,19,114
40675,40675,19,84
40676,40676,19,90
40677,40677,20,146
40678,40678,20,71
40679,40679,20,44
40680,40680,20,95
40681,40681,21,151
40682,40682,21,122
40683,40683,21,65
40684,40684,21,137
40685,40685,22,92
40686,40686,22,29
40687,40687,22,73
40688,40688,22,44
40689,40689,23,96
40690,40690,23,41
40691,40691,23,44
40692,40692,23,67
40693,40693,24,49
40694,40694,24,79
40695,40695,24,48
40696,40696,24,68
40697,40697,25,150
40698,40698,25,76
40699,40699,25,49
40700,40700,25,47
40701,40701,26,82
40702,40702,26,60
40703,40703,26,41
40704,40704,26,82
40705,40705,27,140
40706,40706,27,37
40707,40707,27,52
40708,40708,27,62
40709,40709,28,41
40710,40710,28,115
40711,40711,28,50
40712,40712,28,33
40713,40713,29,115
40714,40714,29,34
40715,40715,29,57
40716,40716,29,62
40717,40717,30,96
40718,40718,30,58
40719,40719,30,81
40720,40720,30,126
40721,40721,31,76
40722,40722,31,48
40723,40723,31,64
40724,40724,31,61
40725,40725,32,124
40726,40726,32,59
40727,40727,32,58
40728,40728,32,46
40729,40729,33,134
40730,40730,33,52
40731,40731,33,43
40732,40732,33,105
40733,40733,34,83
40734,40734,34,119
40735,40735,34,23
40736,40736,34,100
40737,40737,35,104
40738,40738,35,45
40739,40739,35,35
40740,40740,35,38
40741,40741,1,52
40742,40742,1,45
40743,40743,1,50
40744,40744,1,63
40745,40745,2,52
40746,40746,2,82
40747,40747,2,52
40748,40748,2,80
40749,40749,3,92
40750,40750,3,44
40751,40751,3,31
40752,40752,3,52
40753,40753,4,79
40754,40754,4,65
40755,40755,4,53
40756,40756,4,55
40757,40757,5,136
40758,40758,5,22
40759,40759,5,31
40760,40760,5,89
40761,40761,6,120
40762,40762,6,52
40763,40763,6,36
40764,40764,6,91
40765,40765,7,154
40766,40766,7,63
40767,40767,7,62
40768,40768,7,62
40769,40769,8,85
40770,40770,8,22
40771,40771,8,45
40772,40772,8,51
40773,40773,9,40
40774,40774,9,98
40775,40775,9,37
40776,40776,9,70
40777,40777,10,74
40778,40778,10,117
40779,40779,10,74
40780,40780,10,42
40781,40781,11,50
40782,40782,11,72
40783,40783,11,84
40784,40784,11,62
40785,40785,12,116
40786,40786,12,25
40787,40787,12,40
40788,40788,12,47
40789,40789,13,125
40790,40790,13,60
40791,40791,13,71
40792,40792,13,60
40793,40793,14,50
40794,40794,14,77
40795,40795,14,70
40796,40796,14,48
40797,40797,15,65
40798,40798,15,69
40799,40799,15,38
40800,40800,15,45
40801,40801,16,36
40802,40802,16,65
40803,40803,16,59
40804,40804,16,106
40805,40805,17,80
40806,40806,17,56
40807,40807,17,46
40808,40808,17,102
40809,40809,18,77
40810,40810,18,58
40811,40811,18,31
40812,40812,18,66
40813,40813,19,104
40814,40814,19,65
40815,40815,19,40
40816,40816,19,86
40817,40817,20,75
40818,40818,20,67
40819,40819,20,39
40820,40820,20,54
40821,40821,21,112
40822,40822,21,53
40823,40823,21,28
40824,40824,21,64
40825,40825,22,93
40826,40826,22,20
40827,40827,22,81
40828,40828,22,72
40829,40829,23,48
40830,40830,23,30
40831,40831,23,34
40832,40832,23,49
40833,40833,24,82
40834,40834,24,39
40835,40835,24,33
40836,40836,24,87
40837,40837,25,141
40838,40838,25,77
40839,40839,25,58
40840,40840,25,118
40841,40841,26,120
40842,40842,26,112
40843,40843,26,97
40844,40844,26,68
40845,40845,27,74
40846,40846,27,46
40847,40847,27,20
40848,40848,27,60
40849,40849,28,65
40850,40850,28,64
40851,40851,28,57
40852,40852,28,49
40853,40853,29,114
40854,40854,29,51
40855,40855,29,42
40856,40856,29,81
40857,40857,30,69
40858,40858,30,40
40859,40859,30,37
40860,40860,30,58
40861,40861,31,64
40862,40862,31,24
40863,40863,31,58
40864,40864,31,56
40865,40865,32,37
40866,40866,32,52
40867,40867,32,46
40868,40868,32,60
40869,40869,33,85
40870,40870,33,58
40871,40871,33,32
40872,40872,33,131
40873,40873,34,94
40874,40874,34,36
40875,40875,34,42
40876,40876,34,90
40877,40877,35,70
40878,40878,35,58
40879,40879,35,45
40880,40880,35,74
40881,40881,1,49
40882,40882,1,36
40883,40883,1,46
40884,40884,1,76
40885,40885,2,78
40886,40886,2,61
40887,40887,2,37
40888,40888,2,44
40889,40889,3,76
40890,40890,3,44
40891,40891,3,30
40892,40892,3,46
40893,40893,4,69
40894,40894,4,51
40895,40895,4,28
40896,40896,4,50
40897,40897,5,63
40898,40898,5,49
40899,40899,5,27
40900,40900,5,83
40901,40901,6,61
40902,40902,6,79
40903,40903,6,23
40904,40904,6,53
40905,40905,7,68
40906,40906,7,28
40907,40907,7,56
40908,40908,7,74
40909,40909,8,133
40910,40910,8,47
40911,40911,8,45
40912,40912,8,46
40913,40913,9,57
40914,40914,9,65
40915,40915,9,34
40916,40916,9,81
40917,40917,10,113
40918,40918,10,29
40919,40919,10,26
40920,40920,10,97
40921,40921,11,118
40922,40922,11,37
40923,40923,11,49
40924,40924,11,34
40925,40925,12,66
40926,40926,12,60
40927,40927,12,46
40928,40928,12,60
40929,40929,13,116
40930,40930,13,52
40931,40931,13,30
40932,40932,13,112
40933,40933,14,31
40934,40934,14,35
40935,40935,14,21
40936,40936,14,61
40937,40937,15,128
40938,40938,15,58
40939,40939,15,28
40940,40940,15,83
40941,40941,16,60
40942,40942,16,43
40943,40943,16,46
40944,40944,16,122
40945,40945,17,74
40946,40946,17,30
40947,40947,17,61
40948,40948,17,40
40949,40949,18,74
40950,40950,18,47
40951,40951,18,81
40952,40952,18,93
40953,40953,19,67
40954,40954,19,35
40955,40955,19,45
40956,40956,19,76
40957,40957,20,65
40958,40958,20,57
40959,40959,20,64
40960,40960,20,96
40961,40961,21,71
40962,40962,21,56
40963,40963,21,84
40964,40964,21,104
40965,40965,22,73
40966,40966,22,92
40967,40967,22,62
40968,40968,22,55
40969,40969,23,78
40970,40970,23,64
40971,40971,23,52
40972,40972,23,64
40973,40973,24,60
40974,40974,24,53
40975,40975,24,38
40976,40976,24,60
40977,40977,25,97
40978,40978,25,94
40979,40979,25,67
40980,40980,25,50
40981,40981,26,46
40982,40982,26,31
40983,40983,26,30
40984,40984,26,94
40985,40985,27,101
40986,40986,27,47
40987,40987,27,69
40988,40988,27,33
40989,40989,28,35
40990,40990,28,56
40991,40991,28,45
40992,40992,28,39
40993,40993,29,34
40994,40994,29,39
40995,40995,29,42
40996,40996,29,33
40997,40997,30,119
40998,40998,30,42
40999,40999,30,35
41000,41000,30,52
41001,41001,31,146
41002,41002,31,50
41003,41003,31,24
41004,41004,31,74
41005,41005,32,74
41006,41006,32,48
41007,41007,32,30
41008,41008,32,73
41009,41009,33,86
41010,41010,33,97
41011,41011,33,63
41012,41012,33,53
41013,41013,34,75
41014,41014,34,34
41015,41015,34,27
41016,41016,34,74
41017,41017,35,80
41018,41018,35,53
41019,41019,35,96
41020,41020,35,123
41021,41021,1,16
41022,41022,1,26
41023,41023,1,27
41024,41024,1,45
41025,41025,2,58
41026,41026,2,29
41027,41027,2,20
41028,41028,2,53
41029,41029,3,43
41030,41030,3,18
41031,41031,3,15
41032,41032,3,24
41033,41033,4,26
41034,41034,4,25
41035,41035,4,23
41036,41036,4,28
41037,41037,5,62
41038,41038,5,28
41039,41039,5,13
41040,41040,5,30
41041,41041,6,46
41042,41042,6,15
41043,41043,6,18
41044,41044,6,27
41045,41045,7,29
41046,41046,7,18
41047,41047,7,15
41048,41048,7,48
41049,41049,8,68
41050,41050,8,25
41051,41051,8,19
41052,41052,8,32
41053,41053,9,39
41054,41054,9,37
41055,41055,9,29
41056,41056,9,37
41057,41057,10,38
41058,41058,10,29
41059,41059,10,33
41060,41060,10,37
41061,41061,11,36
41062,41062,11,27
41063,41063,11,14
41064,41064,11,40
41065,41065,12,42
41066,41066,12,33
41067,41067,12,44
41068,41068,12,45
41069,41069,13,68
41070,41070,13,26
41071,41071,13,13
41072,41072,13,36
41073,41073,14,45
41074,41074,14,30
41075,41075,14,26
41076,41076,14,22
41077,41077,15,38
41078,41078,15,35
41079,41079,15,36
41080,41080,15,33
41081,41081,16,38
41082,41082,16,26
41083,41083,16,24
41084,41084,16,48
41085,41085,17,60
41086,41086,17,13
41087,41087,17,36
41088,41088,17,41
41089,41089,18,36
41090,41090,18,21
41091,41091,18,32
41092,41092,18,18
41093,41093,19,42
41094,41094,19,16
41095,41095,19,12
41096,41096,19,57
41097,41097,20,19
41098,41098,20,33
41099,41099,20,18
41100,41100,20,76
41101,41101,21,36
41102,41102,21,25
41103,41103,21,27
41104,41104,21,20
41105,41105,22,40
41106,41106,22,26
41107,41107,22,21
41108,41108,22,31
41109,41109,23,26
41110,41110,23,25
41111,41111,23,24
41112,41112,23,41
41113,41113,24,39
41114,41114,24,26
41115,41115,24,27
41116,41116,24,62
41117,41117,25,39
41118,41118,25,32
41119,41119,25,21
41120,41120,25,41
41121,41121,26,52
41122,41122,26,15
41123,41123,26,35
41124,41124,26,21
41125,41125,27,23
41126,41126,27,33
41127,41127,27,31
41128,41128,27,30
41129,41129,28,48
41130,41130,28,57
41131,41131,28,22
41132,41132,28,30
41133,41133,29,21
41134,41134,29,32
41135,41135,29,20
41136,41136,29,22
41137,41137,30,65
41138,41138,30,23
41139,41139,30,42
41140,41140,30,23
41141,41141,31,33
41142,41142,31,21
41143,41143,31,38
41144,41144,31,31
41145,41145,32,30
41146,41146,32,12
41147,41147,32,25
41148,41148,32,41
41149,41149,33,53
41150,41150,33,43
41151,41151,33,35
41152,41152,33,30
41153,41153,34,40
41154,41154,34,26
41155,41155,34,35
41156,41156,34,30
41157,41157,35,65
41158,41158,35,21
41159,41159,35,30
41160,41160,35,31
41161,41161,1,18
41162,41162,1,21
41163,41163,1,16
41164,41164,1,62
41165,41165,2,44
41166,41166,2,18
41167,41167,2,15
41168,41168,2,33
41169,41169,3,39
41170,41170,3,22
41171,41171,3,31
41172,41172,3,27
41173,41173,4,49
41174,41174,4,13
41175,41175,4,32
41176,41176,4,49
41177,41177,5,34
41178,41178,5,28
41179,41179,5,24
41180,41180,5,24
41181,41181,6,34
41182,41182,6,16
41183,41183,6,21
41184,41184,6,27
41185,41185,7,55
41186,41186,7,52
41187,41187,7,21
41188,41188,7,26
41189,41189,8,57
41190,41190,8,11
41191,41191,8,25
41192,41192,8,21
41193,41193,9,46
41194,41194,9,13
41195,41195,9,13
41196,41196,9,27
41197,41197,10,55
41198,41198,10,37
41199,41199,10,9
41200,41200,10,15
41201,41201,11,19
41202,41202,11,22
41203,41203,11,26
41204,41204,11,29
41205,41205,12,23
41206,41206,12,32
41207,41207,12,26
41208,41208,12,50
41209,41209,13,42
41210,41210,13,42
41211,41211,13,29
41212,41212,13,16
41213,41213,14,45
41214,41214,14,28
41215,41215,14,27
41216,41216,14,53
41217,41217,15,45
41218,41218,15,23
41219,41219,15,11
41220,41220,15,20
41221,41221,16,44
41222,41222,16,16
41223,41223,16,32
41224,41224,16,42
41225,41225,17,22
41226,41226,17,19
41227,41227,17,17
41228,41228,17,43
41229,41229,18,24
41230,41230,18,16
41231,41231,18,17
41232,41232,18,33
41233,41233,19,49
41234,41234,19,45
41235,41235,19,17
41236,41236,19,24
41237,41237,20,26
41238,41238,20,28
41239,41239,20,17
41240,41240,20,36
41241,41241,21,73
41242,41242,21,42
41243,41243,21,15
41244,41244,21,46
41245,41245,22,60
41246,41246,22,7
41247,41247,22,35
41248,41248,22,23
41249,41249,23,28
41250,41250,23,18
41251,41251,23,24
41252,41252,23,30
41253,41253,24,48
41254,41254,24,20
41255,41255,24,43
41256,41256,24,65
41257,41257,25,58
41258,41258,25,29
41259,41259,25,11
41260,41260,25,17
41261,41261,26,48
41262,41262,26,27
41263,41263,26,19
41264,41264,26,31
41265,41265,27,45
41266,41266,27,11
41267,41267,27,16
41268,41268,27,19
41269,41269,28,48
41270,41270,28,29
41271,41271,28,31
41272,41272,28,56
41273,41273,29,33
41274,41274,29,12
41275,41275,29,20
41276,41276,29,21
41277,41277,30,26
41278,41278,30,31
41279,41279,30,15
41280,41280,30,22
41281,41281,31,29
41282,41282,31,19
41283,41283,31,23
41284,41284,31,65
41285,41285,32,44
41286,41286,32,15
41287,41287,32,21
41288,41288,32,37
41289,41289,33,47
41290,41290,33,42
41291,41291,33,21
41292,41292,33,30
41293,41293,34,40
41294,41294,34,17
41295,41295,34,9
41296,41296,34,33
41297,41297,35,45
41298,41298,35,18
41299,41299,35,31
41300,41300,35,47
41301,41301,1,42
41302,41302,1,26
41303,41303,1,13
41304,41304,1,47
41305,41305,2,60
41306,41306,2,30
41307,41307,2,37
41308,41308,2,50
41309,41309,3,45
41310,41310,3,34
41311,41311,3,19
41312,41312,3,20
41313,41313,4,57
41314,41314,4,40
41315,41315,4,21
41316,41316,4,43
41317,41317,5,47
41318,41318,5,13
41319,41319,5,36
41320,41320,5,34
41321,41321,6,35
41322,41322,6,25
41323,41323,6,15
41324,41324,6,36
41325,41325,7,33
41326,41326,7,36
41327,41327,7,37
41328,41328,7,47
41329,41329,8,30
41330,41330,8,48
41331,41331,8,19
41332,41332,8,49
41333,41333,9,71
41334,41334,9,36
41335,41335,9,23
41336,41336,9,29
41337,41337,10,47
41338,41338,10,37
41339,41339,10,10
41340,41340,10,17
41341,41341,11,61
41342,41342,11,24
41343,41343,11,31
41344,41344,11,36
41345,41345,12,28
41346,41346,12,26
41347,41347,12,29
41348,41348,12,39
41349,41349,13,33
41350,41350,13,27
41351,41351,13,21
41352,41352,13,43
41353,41353,14,28
41354,41354,14,53
41355,41355,14,31
41356,41356,14,29
41357,41357,15,57
41358,41358,15,38
41359,41359,15,22
41360,41360,15,40
41361,41361,16,40
41362,41362,16,25
41363,41363,16,18
41364,41364,16,23
41365,41365,17,32
41366,41366,17,28
41367,41367,17,18
41368,41368,17,22
41369,41369,18,86
41370,41370,18,27
41371,41371,18,22
41372,41372,18,63
41373,41373,19,68
41374,41374,19,44
41375,41375,19,28
41376,41376,19,40
41377,41377,20,33
41378,41378,20,34
41379,41379,20,31
41380,41380,20,45
41381,41381,21,78
41382,41382,21,38
41383,41383,21,34
41384,41384,21,33
41385,41385,22,70
41386,41386,22,37
41387,41387,22,12
41388,41388,22,36
41389,41389,23,53
41390,41390,23,36
41391,41391,23,21
41392,41392,23,29
41393,41393,24,32
41394,41394,24,45
41395,41395,24,25
41396,41396,24,41
41397,41397,25,67
41398,41398,25,26
41399,41399,25,21
41400,41400,25,33
41401,41401,26,78
41402,41402,26,28
41403,41403,26,17
41404,41404,26,67
41405,41405,27,58
41406,41406,27,35
41407,41407,27,13
41408,41408,27,43
41409,41409,28,78
41410,41410,28,21
41411,41411,28,37
41412,41412,28,72
41413,41413,29,27
41414,41414,29,32
41415,41415,29,28
41416,41416,29,45
41417,41417,30,39
41418,41418,30,42
41419,41419,30,20
41420,41420,30,53
41421,41421,31,41
41422,41422,31,34
41423,41423,31,18
41424,41424,31,34
41425,41425,32,52
41426,41426,32,25
41427,41427,32,19
41428,41428,32,53
41429,41429,33,42
41430,41430,33,26
41431,41431,33,27
41432,41432,33,51
41433,41433,34,25
41434,41434,34,25
41435,41435,34,22
41436,41436,34,14
41437,41437,35,60
41438,41438,35,19
41439,41439,35,22
41440,41440,35,64
41441,41441,1,54
41442,41442,1,43
41443,41443,1,58
41444,41444,1,44
41445,41445,2,32
41446,41446,2,41
41447,41447,2,34
41448,41448,2,6
41449,41449,3,29
41450,41450,3,41
41451,41451,3,20
41452,41452,3,39
41453,41453,4,35
41454,41454,4,36
41455,41455,4,28
41456,41456,4,44
41457,41457,5,49
41458,41458,5,27
41459,41459,5,56
41460,41460,5,61
41461,41461,6,55
41462,41462,6,26
41463,41463,6,37
41464,41464,6,32
41465,41465,7,54
41466,41466,7,42
41467,41467,7,17
41468,41468,7,52
41469,41469,8,37
41470,41470,8,38
41471,41471,8,33
41472,41472,8,35
41473,41473,9,65
41474,41474,9,26
41475,41475,9,20
41476,41476,9,71
41477,41477,10,67
41478,41478,10,37
41479,41479,10,62
41480,41480,10,26
41481,41481,11,58
41482,41482,11,13
41483,41483,11,26
41484,41484,11,39
41485,41485,12,39
41486,41486,12,33
41487,41487,12,20
41488,41488,12,22
41489,41489,13,71
41490,41490,13,66
41491,41491,13,30
41492,41492,13,24
41493,41493,14,45
41494,41494,14,82
41495,41495,14,20
41496,41496,14,35
41497,41497,15,57
41498,41498,15,41
41499,41499,15,23
41500,41500,15,51
41501,41501,16,61
41502,41502,16,59
41503,41503,16,33
41504,41504,16,37
41505,41505,17,53
41506,41506,17,47
41507,41507,17,26
41508,41508,17,51
41509,41509,18,27
41510,41510,18,29
41511,41511,18,30
41512,41512,18,50
41513,41513,19,37
41514,41514,19,34
41515,41515,19,39
41516,41516,19,52
41517,41517,20,39
41518,41518,20,38
41519,41519,20,29
41520,41520,20,43
41521,41521,21,56
41522,41522,21,44
41523,41523,21,26
41524,41524,21,17
41525,41525,22,63
41526,41526,22,61
41527,41527,22,30
41528,41528,22,50
41529,41529,23,54
41530,41530,23,55
41531,41531,23,14
41532,41532,23,37
41533,41533,24,37
41534,41534,24,36
41535,41535,24,47
41536,41536,24,21
41537,41537,25,73
41538,41538,25,34
41539,41539,25,16
41540,41540,25,48
41541,41541,26,64
41542,41542,26,47
41543,41543,26,54
41544,41544,26,61
41545,41545,27,32
41546,41546,27,45
41547,41547,27,24
41548,41548,27,38
41549,41549,28,33
41550,41550,28,33
41551,41551,28,27
41552,41552,28,47
41553,41553,29,54
41554,41554,29,25
41555,41555,29,26
41556,41556,29,72
41557,41557,30,38
41558,41558,30,37
41559,41559,30,51
41560,41560,30,52
41561,41561,31,106
41562,41562,31,32
41563,41563,31,34
41564,41564,31,25
41565,41565,32,62
41566,41566,32,14
41567,41567,32,15
41568,41568,32,30
41569,41569,33,78
41570,41570,33,25
41571,41571,33,29
41572,41572,33,50
41573,41573,34,64
41574,41574,34,61
41575,41575,34,49
41576,41576,34,41
41577,41577,35,54
41578,41578,35,42
41579,41579,35,19
41580,41580,35,60
41581,41581,1,87
41582,41582,1,68
41583,41583,1,37
41584,41584,1,44
41585,41585,2,59
41586,41586,2,28
41587,41587,2,21
41588,41588,2,35
41589,41589,3,63
41590,41590,3,37
41591,41591,3,46
41592,41592,3,70
41593,41593,4,71
41594,41594,4,54
41595,41595,4,23
41596,41596,4,40
41597,41597,5,49
41598,41598,5,33
41599,41599,5,18
41600,41600,5,65
41601,41601,6,35
41602,41602,6,54
41603,41603,6,26
41604,41604,6,27
41605,41605,7,30
41606,41606,7,48
41607,41607,7,36
41608,41608,7,72
41609,41609,8,56
41610,41610,8,58
41611,41611,8,28
41612,41612,8,48
41613,41613,9,98
41614,41614,9,67
41615,41615,9,21
41616,41616,9,33
41617,41617,10,84
41618,41618,10,31
41619,41619,10,43
41620,41620,10,45
41621,41621,11,58
41622,41622,11,75
41623,41623,11,34
41624,41624,11,64
41625,41625,12,58
41626,41626,12,23
41627,41627,12,56
41628,41628,12,76
41629,41629,13,40
41630,41630,13,61
41631,41631,13,29
41632,41632,13,43
41633,41633,14,80
41634,41634,14,35
41635,41635,14,40
41636,41636,14,40
41637,41637,15,31
41638,41638,15,37
41639,41639,15,25
41640,41640,15,44
41641,41641,16,80
41642,41642,16,24
41643,41643,16,12
41644,41644,16,87
41645,41645,17,57
41646,41646,17,32
41647,41647,17,36
41648,41648,17,38
41649,41649,18,62
41650,41650,18,54
41651,41651,18,44
41652,41652,18,33
41653,41653,19,57
41654,41654,19,57
41655,41655,19,40
41656,41656,19,57
41657,41657,20,127
41658,41658,20,45
41659,41659,20,58
41660,41660,20,54
41661,41661,21,129
41662,41662,21,48
41663,41663,21,27
41664,41664,21,81
41665,41665,22,42
41666,41666,22,33
41667,41667,22,80
41668,41668,22,27
41669,41669,23,77
41670,41670,23,50
41671,41671,23,48
41672,41672,23,28
41673,41673,24,31
41674,41674,24,29
41675,41675,24,42
41676,41676,24,87
41677,41677,25,48
41678,41678,25,26
41679,41679,25,44
41680,41680,25,54
41681,41681,26,61
41682,41682,26,57
41683,41683,26,55
41684,41684,26,45
41685,41685,27,75
41686,41686,27,51
41687,41687,27,41
41688,41688,27,92
41689,41689,28,58
41690,41690,28,57
41691,41691,28,68
41692,41692,28,96
41693,41693,29,80
41694,41694,29,38
41695,41695,29,34
41696,41696,29,111
41697,41697,30,37
41698,41698,30,71
41699,41699,30,62
41700,41700,30,41
41701,41701,31,71
41702,41702,31,14
41703,41703,31,20
41704,41704,31,34
41705,41705,32,45
41706,41706,32,15
41707,41707,32,28
41708,41708,32,59
41709,41709,33,43
41710,41710,33,40
41711,41711,33,26
41712,41712,33,59
41713,41713,34,78
41714,41714,34,86
41715,41715,34,25
41716,41716,34,35
41717,41717,35,114
41718,41718,35,21
41719,41719,35,77
41720,41720,35,30
41721,41721,1,72
41722,41722,1,56
41723,41723,1,65
41724,41724,1,62
41725,41725,2,82
41726,41726,2,53
41727,41727,2,55
41728,41728,2,18
41729,41729,3,57
41730,41730,3,40
41731,41731,3,103
41732,41732,3,84
41733,41733,4,79
41734,41734,4,59
41735,41735,4,61
41736,41736,4,79
41737,41737,5,105
41738,41738,5,70
41739,41739,5,60
41740,41740,5,50
41741,41741,6,76
41742,41742,6,70
41743,41743,6,27
41744,41744,6,43
41745,41745,7,56
41746,41746,7,65
41747,41747,7,36
41748,41748,7,59
41749,41749,8,66
41750,41750,8,52
41751,41751,8,60
41752,41752,8,97
41753,41753,9,69
41754,41754,9,65
41755,41755,9,48
41756,41756,9,96
41757,41757,10,56
41758,41758,10,37
41759,41759,10,22
41760,41760,10,46
41761,41761,11,89
41762,41762,11,31
41763,41763,11,65
41764,41764,11,49
41765,41765,12,123
41766,41766,12,58
41767,41767,12,71
41768,41768,12,52
41769,41769,13,73
41770,41770,13,108
41771,41771,13,59
41772,41772,13,56
41773,41773,14,63
41774,41774,14,39
41775,41775,14,27
41776,41776,14,37
41777,41777,15,62
41778,41778,15,55
41779,41779,15,90
41780,41780,15,119
41781,41781,16,81
41782,41782,16,55
41783,41783,16,58
41784,41784,16,69
41785,41785,17,143
41786,41786,17,45
41787,41787,17,97
41788,41788,17,28
41789,41789,18,59
41790,41790,18,142
41791,41791,18,35
41792,41792,18,88
41793,41793,19,42
41794,41794,19,85
41795,41795,19,30
41796,41796,19,76
41797,41797,20,42
41798,41798,20,63
41799,41799,20,33
41800,41800,20,51
41801,41801,21,54
41802,41802,21,61
41803,41803,21,41
41804,41804,21,120
41805,41805,22,117
41806,41806,22,72
41807,41807,22,22
41808,41808,22,117
41809,41809,23,65
41810,41810,23,78
41811,41811,23,53
41812,41812,23,106
41813,41813,24,51
41814,41814,24,49
41815,41815,24,39
41816,41816,24,52
41817,41817,25,57
41818,41818,25,35
41819,41819,25,40
41820,41820,25,90
41821,41821,26,104
41822,41822,26,80
41823,41823,26,53
41824,41824,26,72
41825,41825,27,75
41826,41826,27,41
41827,41827,27,26
41828,41828,27,58
41829,41829,28,106
41830,41830,28,70
41831,41831,28,70
41832,41832,28,64
41833,41833,29,56
41834,41834,29,40
41835,41835,29,63
41836,41836,29,30
41837,41837,30,83
41838,41838,30,68
41839,41839,30,42
41840,41840,30,79
41841,41841,31,53
41842,41842,31,46
41843,41843,31,27
41844,41844,31,70
41845,41845,32,60
41846,41846,32,69
41847,41847,32,55
41848,41848,32,55
41849,41849,33,68
41850,41850,33,51
41851,41851,33,32
41852,41852,33,39
41853,41853,34,55
41854,41854,34,30
41855,41855,34,21
41856,41856,34,71
41857,41857,35,69
41858,41858,35,48
41859,41859,35,23
41860,41860,35,58
41861,41861,1,77
41862,41862,1,49
41863,41863,1,35
41864,41864,1,39
41865,41865,2,99
41866,41866,2,32
41867,41867,2,44
41868,41868,2,45
41869,41869,3,55
41870,41870,3,51
41871,41871,3,22
41872,41872,3,63
41873,41873,4,117
41874,41874,4,31
41875,41875,4,39
41876,41876,4,30
41877,41877,5,34
41878,41878,5,40
41879,41879,5,32
41880,41880,5,78
41881,41881,6,68
41882,41882,6,106
41883,41883,6,15
41884,41884,6,42
41885,41885,7,40
41886,41886,7,37
41887,41887,7,53
41888,41888,7,39
41889,41889,8,84
41890,41890,8,62
41891,41891,8,50
41892,41892,8,47
41893,41893,9,66
41894,41894,9,31
41895,41895,9,34
41896,41896,9,109
41897,41897,10,49
41898,41898,10,45
41899,41899,10,63
41900,41900,10,76
41901,41901,11,68
41902,41902,11,97
41903,41903,11,37
41904,41904,11,84
41905,41905,12,67
41906,41906,12,38
41907,41907,12,27
41908,41908,12,47
41909,41909,13,59
41910,41910,13,75
41911,41911,13,51
41912,41912,13,63
41913,41913,14,61
41914,41914,14,37
41915,41915,14,16
41916,41916,14,68
41917,41917,15,91
41918,41918,15,60
41919,41919,15,56
41920,41920,15,31
41921,41921,16,90
41922,41922,16,34
41923,41923,16,37
41924,41924,16,72
41925,41925,17,123
41926,41926,17,56
41927,41927,17,24
41928,41928,17,45
41929,41929,18,62
41930,41930,18,32
41931,41931,18,92
41932,41932,18,17
41933,41933,19,51
41934,41934,19,47
41935,41935,19,88
41936,41936,19,66
41937,41937,20,61
41938,41938,20,56
41939,41939,20,27
41940,41940,20,54
41941,41941,21,49
41942,41942,21,65
41943,41943,21,33
41944,41944,21,28
41945,41945,22,79
41946,41946,22,55
41947,41947,22,46
41948,41948,22,32
41949,41949,23,99
41950,41950,23,34
41951,41951,23,35
41952,41952,23,52
41953,41953,24,88
41954,41954,24,55
41955,41955,24,52
41956,41956,24,51
41957,41957,25,88
41958,41958,25,70
41959,41959,25,45
41960,41960,25,20
41961,41961,26,47
41962,41962,26,57
41963,41963,26,62
41964,41964,26,79
41965,41965,27,95
41966,41966,27,83
41967,41967,27,98
41968,41968,27,60
41969,41969,28,52
41970,41970,28,67
41971,41971,28,49
41972,41972,28,99
41973,41973,29,103
41974,41974,29,72
41975,41975,29,87
41976,41976,29,52
41977,41977,30,47
41978,41978,30,42
41979,41979,30,29
41980,41980,30,65
41981,41981,31,96
41982,41982,31,51
41983,41983,31,94
41984,41984,31,102
41985,41985,32,59
41986,41986,32,84
41987,41987,32,91
41988,41988,32,34
41989,41989,33,85
41990,41990,33,33
41991,41991,33,51
41992,41992,33,51
41993,41993,34,94
41994,41994,34,38
41995,41995,34,32
41996,41996,34,46
41997,41997,35,114
41998,41998,35,47
41999,41999,35,26
42000,42000,35,90
42001,42001,1,11
42002,42002,1,27
42003,42003,1,29
42004,42004,1,30
42005,42005,2,44
42006,42006,2,40
42007,42007,2,29
42008,42008,2,23
42009,42009,3,47
42010,42010,3,27
42011,42011,3,11
42012,42012,3,35
42013,42013,4,40
42014,42014,4,43
42015,42015,4,27
42016,42016,4,23
42017,42017,5,48
42018,42018,5,23
42019,42019,5,14
42020,42020,5,29
42021,42021,6,22
42022,42022,6,17
42023,42023,6,8
42024,42024,6,52
42025,42025,7,23
42026,42026,7,23
42027,42027,7,23
42028,42028,7,29
42029,42029,8,39
42030,42030,8,49
42031,42031,8,15
42032,42032,8,32
42033,42033,9,25
42034,42034,9,32
42035,42035,9,43
42036,42036,9,26
42037,42037,10,46
42038,42038,10,21
42039,42039,10,35
42040,42040,10,39
42041,42041,11,51
42042,42042,11,25
42043,42043,11,16
42044,42044,11,24
42045,42045,12,45
42046,42046,12,33
42047,42047,12,21
42048,42048,12,14
42049,42049,13,47
42050,42050,13,16
42051,42051,13,22
42052,42052,13,36
42053,42053,14,24
42054,42054,14,21
42055,42055,14,17
42056,42056,14,15
42057,42057,15,53
42058,42058,15,22
42059,42059,15,7
42060,42060,15,43
42061,42061,16,48
42062,42062,16,26
42063,42063,16,9
42064,42064,16,53
42065,42065,17,79
42066,42066,17,16
42067,42067,17,48
42068,42068,17,28
42069,42069,18,18
42070,42070,18,20
42071,42071,18,34
42072,42072,18,37
42073,42073,19,46
42074,42074,19,26
42075,42075,19,32
42076,42076,19,36
42077,42077,20,35
42078,42078,20,35
42079,42079,20,18
42080,42080,20,55
42081,42081,21,56
42082,42082,21,30
42083,42083,21,27
42084,42084,21,49
42085,42085,22,53
42086,42086,22,19
42087,42087,22,15
42088,42088,22,23
42089,42089,23,21
42090,42090,23,14
42091,42091,23,20
42092,42092,23,24
42093,42093,24,25
42094,42094,24,34
42095,42095,24,12
42096,42096,24,45
42097,42097,25,38
42098,42098,25,25
42099,42099,25,21
42100,42100,25,46
42101,42101,26,50
42102,42102,26,25
42103,42103,26,32
42104,42104,26,62
42105,42105,27,13
42106,42106,27,28
42107,42107,27,25
42108,42108,27,34
42109,42109,28,31
42110,42110,28,30
42111,42111,28,18
42112,42112,28,56
42113,42113,29,32
42114,42114,29,23
42115,42115,29,33
42116,42116,29,45
42117,42117,30,57
42118,42118,30,16
42119,42119,30,32
42120,42120,30,28
42121,42121,31,43
42122,42122,31,25
42123,42123,31,28
42124,42124,31,40
42125,42125,32,31
42126,42126,32,18
42127,42127,32,14
42128,42128,32,45
42129,42129,33,56
42130,42130,33,37
42131,42131,33,20
42132,42132,33,36
42133,42133,34,37
42134,42134,34,20
42135,42135,34,29
42136,42136,34,33
42137,42137,35,30
42138,42138,35,37
42139,42139,35,10
42140,42140,35,47
42141,42141,1,28
42142,42142,1,29
42143,42143,1,9
42144,42144,1,31
42145,42145,2,24
42146,42146,2,12
42147,42147,2,25
42148,42148,2,28
42149,42149,3,74
42150,42150,3,41
42151,42151,3,13
42152,42152,3,38
42153,42153,4,27
42154,42154,4,18
42155,42155,4,36
42156,42156,4,62
42157,42157,5,24
42158,42158,5,32
42159,42159,5,22
42160,42160,5,23
42161,42161,6,45
42162,42162,6,36
42163,42163,6,13
42164,42164,6,30
42165,42165,7,34
42166,42166,7,31
42167,42167,7,33
42168,42168,7,49
42169,42169,8,50
42170,42170,8,45
42171,42171,8,25
42172,42172,8,23
42173,42173,9,29
42174,42174,9,14
42175,42175,9,24
42176,42176,9,49
42177,42177,10,20
42178,42178,10,25
42179,42179,10,61
42180,42180,10,34
42181,42181,11,31
42182,42182,11,22
42183,42183,11,33
42184,42184,11,31
42185,42185,12,33
42186,42186,12,23
42187,42187,12,21
42188,42188,12,66
42189,42189,13,51
42190,42190,13,35
42191,42191,13,15
42192,42192,13,50
42193,42193,14,61
42194,42194,14,50
42195,42195,14,39
42196,42196,14,15
42197,42197,15,44
42198,42198,15,23
42199,42199,15,19
42200,42200,15,24
42201,42201,16,38
42202,42202,16,18
42203,42203,16,34
42204,42204,16,42
42205,42205,17,37
42206,42206,17,20
42207,42207,17,22
42208,42208,17,25
42209,42209,18,34
42210,42210,18,14
42211,42211,18,13
42212,42212,18,38
42213,42213,19,64
42214,42214,19,26
42215,42215,19,28
42216,42216,19,52
42217,42217,20,24
42218,42218,20,32
42219,42219,20,37
42220,42220,20,26
42221,42221,21,26
42222,42222,21,36
42223,42223,21,30
42224,42224,21,43
42225,42225,22,44
42226,42226,22,33
42227,42227,22,28
42228,42228,22,59
42229,42229,23,45
42230,42230,23,45
42231,42231,23,20
42232,42232,23,48
42233,42233,24,44
42234,42234,24,47
42235,42235,24,12
42236,42236,24,26
42237,42237,25,28
42238,42238,25,40
42239,42239,25,6
42240,42240,25,15
42241,42241,26,39
42242,42242,26,29
42243,42243,26,30
42244,42244,26,41
42245,42245,27,64
42246,42246,27,19
42247,42247,27,36
42248,42248,27,41
42249,42249,28,91
42250,42250,28,40
42251,42251,28,15
42252,42252,28,17
42253,42253,29,60
42254,42254,29,24
42255,42255,29,30
42256,42256,29,24
42257,42257,30,57
42258,42258,30,25
42259,42259,30,31
42260,42260,30,36
42261,42261,31,26
42262,42262,31,28
42263,42263,31,23
42264,42264,31,44
42265,42265,32,22
42266,42266,32,23
42267,42267,32,38
42268,42268,32,37
42269,42269,33,31
42270,42270,33,43
42271,42271,33,21
42272,42272,33,43
42273,42273,34,61
42274,42274,34,43
42275,42275,34,24
42276,42276,34,18
42277,42277,35,26
42278,42278,35,37
42279,42279,35,20
42280,42280,35,30
42281,42281,1,28
42282,42282,1,40
42283,42283,1,38
42284,42284,1,60
42285,42285,2,48
42286,42286,2,27
42287,42287,2,31
42288,42288,2,48
42289,42289,3,41
42290,42290,3,62
42291,42291,3,18
42292,42292,3,73
42293,42293,4,43
42294,42294,4,16
42295,42295,4,44
42296,42296,4,41
42297,42297,5,33
42298,42298,5,34
42299,42299,5,19
42300,42300,5,48
42301,42301,6,41
42302,42302,6,19
42303,42303,6,19
42304,42304,6,24
42305,42305,7,58
42306,42306,7,20
42307,42307,7,16
42308,42308,7,70
42309,42309,8,39
42310,42310,8,41
42311,42311,8,18
42312,42312,8,53
42313,42313,9,41
42314,42314,9,38
42315,42315,9,22
42316,42316,9,44
42317,42317,10,49
42318,42318,10,42
42319,42319,10,23
42320,42320,10,29
42321,42321,11,33
42322,42322,11,33
42323,42323,11,23
42324,42324,11,33
42325,42325,12,33
42326,42326,12,41
42327,42327,12,27
42328,42328,12,35
42329,42329,13,67
42330,42330,13,46
42331,42331,13,49
42332,42332,13,26
42333,42333,14,55
42334,42334,14,36
42335,42335,14,23
42336,42336,14,34
42337,42337,15,37
42338,42338,15,42
42339,42339,15,18
42340,42340,15,49
42341,42341,16,52
42342,42342,16,14
42343,42343,16,16
42344,42344,16,31
42345,42345,17,36
42346,42346,17,38
42347,42347,17,25
42348,42348,17,75
42349,42349,18,45
42350,42350,18,46
42351,42351,18,42
42352,42352,18,58
42353,42353,19,64
42354,42354,19,29
42355,42355,19,12
42356,42356,19,22
42357,42357,20,33
42358,42358,20,27
42359,42359,20,16
42360,42360,20,45
42361,42361,21,65
42362,42362,21,38
42363,42363,21,43
42364,42364,21,46
42365,42365,22,29
42366,42366,22,26
42367,42367,22,12
42368,42368,22,28
42369,42369,23,46
42370,42370,23,50
42371,42371,23,22
42372,42372,23,27
42373,42373,24,89
42374,42374,24,27
42375,42375,24,23
42376,42376,24,47
42377,42377,25,53
42378,42378,25,29
42379,42379,25,19
42380,42380,25,10
42381,42381,26,51
42382,42382,26,9
42383,42383,26,31
42384,42384,26,21
42385,42385,27,32
42386,42386,27,33
42387,42387,27,17
42388,42388,27,42
42389,42389,28,76
42390,42390,28,54
42391,42391,28,18
42392,42392,28,48
42393,42393,29,48
42394,42394,29,36
42395,42395,29,14
42396,42396,29,24
42397,42397,30,29
42398,42398,30,32
42399,42399,30,25
42400,42400,30,33
42401,42401,31,59
42402,42402,31,71
42403,42403,31,37
42404,42404,31,38
42405,42405,32,29
42406,42406,32,67
42407,42407,32,38
42408,42408,32,42
42409,42409,33,61
42410,42410,33,30
42411,42411,33,17
42412,42412,33,35
42413,42413,34,66
42414,42414,34,47
42415,42415,34,28
42416,42416,34,42
42417,42417,35,44
42418,42418,35,24
42419,42419,35,38
42420,42420,35,51
42421,42421,1,32
42422,42422,1,31
42423,42423,1,49
42424,42424,1,25
42425,42425,2,50
42426,42426,2,60
42427,42427,2,33
42428,42428,2,27
42429,42429,3,60
42430,42430,3,17
42431,42431,3,16
42432,42432,3,29
42433,42433,4,62
42434,42434,4,24
42435,42435,4,34
42436,42436,4,44
42437,42437,5,45
42438,42438,5,21
42439,42439,5,15
42440,42440,5,35
42441,42441,6,43
42442,42442,6,53
42443,42443,6,37
42444,42444,6,28
42445,42445,7,47
42446,42446,7,31
42447,42447,7,22
42448,42448,7,33
42449,42449,8,61
42450,42450,8,29
42451,42451,8,58
42452,42452,8,38
42453,42453,9,50
42454,42454,9,43
42455,42455,9,34
42456,42456,9,40
42457,42457,10,53
42458,42458,10,40
42459,42459,10,35
42460,42460,10,54
42461,42461,11,69
42462,42462,11,33
42463,42463,11,30
42464,42464,11,39
42465,42465,12,76
42466,42466,12,34
42467,42467,12,44
42468,42468,12,38
42469,42469,13,40
42470,42470,13,18
42471,42471,13,30
42472,42472,13,46
42473,42473,14,88
42474,42474,14,50
42475,42475,14,15
42476,42476,14,34
42477,42477,15,79
42478,42478,15,44
42479,42479,15,16
42480,42480,15,113
42481,42481,16,32
42482,42482,16,40
42483,42483,16,52
42484,42484,16,46
42485,42485,17,39
42486,42486,17,39
42487,42487,17,38
42488,42488,17,43
42489,42489,18,53
42490,42490,18,34
42491,42491,18,20
42492,42492,18,48
42493,42493,19,79
42494,42494,19,50
42495,42495,19,15
42496,42496,19,22
42497,42497,20,46
42498,42498,20,17
42499,42499,20,32
42500,42500,20,28
42501,42501,21,61
42502,42502,21,25
42503,42503,21,25
42504,42504,21,53
42505,42505,22,43
42506,42506,22,22
42507,42507,22,36
42508,42508,22,37
42509,42509,23,47
42510,42510,23,36
42511,42511,23,35
42512,42512,23,58
42513,42513,24,40
42514,42514,24,48
42515,42515,24,13
42516,42516,24,29
42517,42517,25,51
42518,42518,25,19
42519,42519,25,10
42520,42520,25,45
42521,42521,26,52
42522,42522,26,28
42523,42523,26,25
42524,42524,26,15
42525,42525,27,45
42526,42526,27,42
42527,42527,27,11
42528,42528,27,50
42529,42529,28,50
42530,42530,28,39
42531,42531,28,54
42532,42532,28,51
42533,42533,29,89
42534,42534,29,69
42535,42535,29,22
42536,42536,29,64
42537,42537,30,62
42538,42538,30,21
42539,42539,30,21
42540,42540,30,68
42541,42541,31,52
42542,42542,31,26
42543,42543,31,8
42544,42544,31,42
42545,42545,32,41
42546,42546,32,43
42547,42547,32,31
42548,42548,32,59
42549,42549,33,51
42550,42550,33,43
42551,42551,33,31
42552,42552,33,36
42553,42553,34,106
42554,42554,34,58
42555,42555,34,40
42556,42556,34,32
42557,42557,35,61
42558,42558,35,38
42559,42559,35,38
42560,42560,35,34
42561,42561,1,46
42562,42562,1,36
42563,42563,1,26
42564,42564,1,54
42565,42565,2,112
42566,42566,2,60
42567,42567,2,33
42568,42568,2,82
42569,42569,3,90
42570,42570,3,45
42571,42571,3,40
42572,42572,3,34
42573,42573,4,57
42574,42574,4,52
42575,42575,4,28
42576,42576,4,104
42577,42577,5,54
42578,42578,5,61
42579,42579,5,27
42580,42580,5,52
42581,42581,6,75
42582,42582,6,62
42583,42583,6,38
42584,42584,6,36
42585,42585,7,84
42586,42586,7,60
42587,42587,7,46
42588,42588,7,36
42589,42589,8,85
42590,42590,8,37
42591,42591,8,23
42592,42592,8,84
42593,42593,9,91
42594,42594,9,47
42595,42595,9,38
42596,42596,9,54
42597,42597,10,91
42598,42598,10,71
42599,42599,10,42
42600,42600,10,63
42601,42601,11,51
42602,42602,11,52
42603,42603,11,55
42604,42604,11,103
42605,42605,12,35
42606,42606,12,49
42607,42607,12,50
42608,42608,12,50
42609,42609,13,89
42610,42610,13,22
42611,42611,13,42
42612,42612,13,28
42613,42613,14,78
42614,42614,14,41
42615,42615,14,22
42616,42616,14,45
42617,42617,15,68
42618,42618,15,28
42619,42619,15,13
42620,42620,15,78
42621,42621,16,39
42622,42622,16,53
42623,42623,16,31
42624,42624,16,36
42625,42625,17,83
42626,42626,17,31
42627,42627,17,42
42628,42628,17,50
42629,42629,18,85
42630,42630,18,38
42631,42631,18,22
42632,42632,18,60
42633,42633,19,96
42634,42634,19,64
42635,42635,19,23
42636,42636,19,56
42637,42637,20,85
42638,42638,20,27
42639,42639,20,56
42640,42640,20,36
42641,42641,21,48
42642,42642,21,58
42643,42643,21,23
42644,42644,21,67
42645,42645,22,69
42646,42646,22,38
42647,42647,22,28
42648,42648,22,41
42649,42649,23,45
42650,42650,23,42
42651,42651,23,35
42652,42652,23,31
42653,42653,24,58
42654,42654,24,45
42655,42655,24,24
42656,42656,24,31
42657,42657,25,89
42658,42658,25,63
42659,42659,25,22
42660,42660,25,39
42661,42661,26,65
42662,42662,26,73
42663,42663,26,16
42664,42664,26,32
42665,42665,27,45
42666,42666,27,55
42667,42667,27,30
42668,42668,27,45
42669,42669,28,106
42670,42670,28,45
42671,42671,28,41
42672,42672,28,52
42673,42673,29,38
42674,42674,29,67
42675,42675,29,28
42676,42676,29,55
42677,42677,30,19
42678,42678,30,58
42679,42679,30,14
42680,42680,30,60
42681,42681,31,74
42682,42682,31,33
42683,42683,31,40
42684,42684,31,44
42685,42685,32,45
42686,42686,32,96
42687,42687,32,20
42688,42688,32,81
42689,42689,33,51
42690,42690,33,36
42691,42691,33,45
42692,42692,33,71
42693,42693,34,32
42694,42694,34,41
42695,42695,34,53
42696,42696,34,26
42697,42697,35,60
42698,42698,35,10
42699,42699,35,58
42700,42700,35,56
42701,42701,1,75
42702,42702,1,69
42703,42703,1,61
42704,42704,1,46
42705,42705,2,64
42706,42706,2,82
42707,42707,2,70
42708,42708,2,90
42709,42709,3,80
42710,42710,3,41
42711,42711,3,58
42712,42712,3,66
42713,42713,4,89
42714,42714,4,92
42715,42715,4,48
42716,42716,4,48
42717,42717,5,66
42718,42718,5,62
42719,42719,5,60
42720,42720,5,53
42721,42721,6,52
42722,42722,6,39
42723,42723,6,35
42724,42724,6,84
42725,42725,7,88
42726,42726,7,20
42727,42727,7,98
42728,42728,7,88
42729,42729,8,58
42730,42730,8,61
42731,42731,8,62
42732,42732,8,53
42733,42733,9,75
42734,42734,9,41
42735,42735,9,58
42736,42736,9,87
42737,42737,10,47
42738,42738,10,77
42739,42739,10,46
42740,42740,10,43
42741,42741,11,41
42742,42742,11,136
42743,42743,11,44
42744,42744,11,46
42745,42745,12,83
42746,42746,12,71
42747,42747,12,51
42748,42748,12,57
42749,42749,13,62
42750,42750,13,79
42751,42751,13,70
42752,42752,13,49
42753,42753,14,49
42754,42754,14,68
42755,42755,14,56
42756,42756,14,80
42757,42757,15,74
42758,42758,15,33
42759,42759,15,53
42760,42760,15,98
42761,42761,16,29
42762,42762,16,53
42763,42763,16,72
42764,42764,16,95
42765,42765,17,55
42766,42766,17,36
42767,42767,17,63
42768,42768,17,73
42769,42769,18,124
42770,42770,18,33
42771,42771,18,27
42772,42772,18,80
42773,42773,19,100
42774,42774,19,44
42775,42775,19,68
42776,42776,19,42
42777,42777,20,63
42778,42778,20,33
42779,42779,20,28
42780,42780,20,33
42781,42781,21,75
42782,42782,21,50
42783,42783,21,61
42784,42784,21,59
42785,42785,22,45
42786,42786,22,31
42787,42787,22,46
42788,42788,22,49
42789,42789,23,104
42790,42790,23,65
42791,42791,23,49
42792,42792,23,55
42793,42793,24,81
42794,42794,24,55
42795,42795,24,45
42796,42796,24,63
42797,42797,25,78
42798,42798,25,35
42799,42799,25,35
42800,42800,25,41
42801,42801,26,70
42802,42802,26,51
42803,42803,26,76
42804,42804,26,37
42805,42805,27,54
42806,42806,27,41
42807,42807,27,48
42808,42808,27,96
42809,42809,28,72
42810,42810,28,36
42811,42811,28,63
42812,42812,28,87
42813,42813,29,87
42814,42814,29,69
42815,42815,29,71
42816,42816,29,63
42817,42817,30,105
42818,42818,30,63
42819,42819,30,34
42820,42820,30,23
42821,42821,31,85
42822,42822,31,58
42823,42823,31,32
42824,42824,31,53
42825,42825,32,87
42826,42826,32,79
42827,42827,32,66
42828,42828,32,36
42829,42829,33,73
42830,42830,33,38
42831,42831,33,33
42832,42832,33,46
42833,42833,34,86
42834,42834,34,39
42835,42835,34,56
42836,42836,34,60
42837,42837,35,60
42838,42838,35,27
42839,42839,35,77
42840,42840,35,56
42841,42841,1,130
42842,42842,1,65
42843,42843,1,49
42844,42844,1,57
42845,42845,2,98
42846,42846,2,59
42847,42847,2,30
42848,42848,2,27
42849,42849,3,67
42850,42850,3,33
42851,42851,3,20
42852,42852,3,70
42853,42853,4,87
42854,42854,4,117
42855,42855,4,68
42856,42856,4,60
42857,42857,5,107
42858,42858,5,32
42859,42859,5,24
42860,42860,5,60
42861,42861,6,87
42862,42862,6,63
42863,42863,6,41
42864,42864,6,57
42865,42865,7,162
42866,42866,7,39
42867,42867,7,32
42868,42868,7,57
42869,42869,8,126
42870,42870,8,49
42871,42871,8,27
42872,42872,8,72
42873,42873,9,80
42874,42874,9,38
42875,42875,9,59
42876,42876,9,56
42877,42877,10,50
42878,42878,10,39
42879,42879,10,40
42880,42880,10,73
42881,42881,11,115
42882,42882,11,51
42883,42883,11,28
42884,42884,11,20
42885,42885,12,79
42886,42886,12,63
42887,42887,12,29
42888,42888,12,132
42889,42889,13,48
42890,42890,13,74
42891,42891,13,38
42892,42892,13,73
42893,42893,14,58
42894,42894,14,38
42895,42895,14,39
42896,42896,14,34
42897,42897,15,38
42898,42898,15,39
42899,42899,15,38
42900,42900,15,36
42901,42901,16,100
42902,42902,16,55
42903,42903,16,69
42904,42904,16,59
42905,42905,17,62
42906,42906,17,65
42907,42907,17,25
42908,42908,17,50
42909,42909,18,47
42910,42910,18,50
42911,42911,18,61
42912,42912,18,77
42913,42913,19,53
42914,42914,19,54
42915,42915,19,79
42916,42916,19,112
42917,42917,20,72
42918,42918,20,38
42919,42919,20,31
42920,42920,20,137
42921,42921,21,73
42922,42922,21,58
42923,42923,21,67
42924,42924,21,24
42925,42925,22,79
42926,42926,22,63
42927,42927,22,42
42928,42928,22,77
42929,42929,23,52
42930,42930,23,37
42931,42931,23,68
42932,42932,23,123
42933,42933,24,80
42934,42934,24,46
42935,42935,24,31
42936,42936,24,38
42937,42937,25,83
42938,42938,25,51
42939,42939,25,69
42940,42940,25,40
42941,42941,26,72
42942,42942,26,57
42943,42943,26,34
42944,42944,26,28
42945,42945,27,82
42946,42946,27,39
42947,42947,27,28
42948,42948,27,34
42949,42949,28,73
42950,42950,28,58
42951,42951,28,31
42952,42952,28,31
42953,42953,29,105
42954,42954,29,23
42955,42955,29,33
42956,42956,29,135
42957,42957,30,94
42958,42958,30,28
42959,42959,30,30
42960,42960,30,30
42961,42961,31,113
42962,42962,31,88
42963,42963,31,37
42964,42964,31,40
42965,42965,32,67
42966,42966,32,62
42967,42967,32,69
42968,42968,32,55
42969,42969,33,104
42970,42970,33,34
42971,42971,33,48
42972,42972,33,42
42973,42973,34,108
42974,42974,34,59
42975,42975,34,56
42976,42976,34,48
42977,42977,35,112
42978,42978,35,58
42979,42979,35,28
42980,42980,35,62
42981,42981,1,27
42982,42982,1,39
42983,42983,1,19
42984,42984,1,48
42985,42985,2,76
42986,42986,2,25
42987,42987,2,41
42988,42988,2,21
42989,42989,3,41
42990,42990,3,34
42991,42991,3,35
42992,42992,3,23
42993,42993,4,68
42994,42994,4,28
42995,42995,4,10
42996,42996,4,35
42997,42997,5,21
42998,42998,5,22
42999,42999,5,15
43000,43000,5,32
43001,43001,6,36
43002,43002,6,25
43003,43003,6,8
43004,43004,6,25
43005,43005,7,35
43006,43006,7,22
43007,43007,7,32
43008,43008,7,21
43009,43009,8,32
43010,43010,8,12
43011,43011,8,44
43012,43012,8,47
43013,43013,9,28
43014,43014,9,24
43015,43015,9,28
43016,43016,9,27
43017,43017,10,50
43018,43018,10,29
43019,43019,10,8
43020,43020,10,58
43021,43021,11,49
43022,43022,11,40
43023,43023,11,24
43024,43024,11,36
43025,43025,12,42
43026,43026,12,42
43027,43027,12,14
43028,43028,12,27
43029,43029,13,38
43030,43030,13,34
43031,43031,13,29
43032,43032,13,32
43033,43033,14,31
43034,43034,14,24
43035,43035,14,27
43036,43036,14,17
43037,43037,15,25
43038,43038,15,43
43039,43039,15,25
43040,43040,15,41
43041,43041,16,21
43042,43042,16,38
43043,43043,16,14
43044,43044,16,17
43045,43045,17,34
43046,43046,17,21
43047,43047,17,29
43048,43048,17,23
43049,43049,18,38
43050,43050,18,31
43051,43051,18,16
43052,43052,18,27
43053,43053,19,47
43054,43054,19,17
43055,43055,19,15
43056,43056,19,39
43057,43057,20,23
43058,43058,20,21
43059,43059,20,24
43060,43060,20,41
43061,43061,21,54
43062,43062,21,19
43063,43063,21,16
43064,43064,21,14
43065,43065,22,42
43066,43066,22,40
43067,43067,22,24
43068,43068,22,38
43069,43069,23,36
43070,43070,23,29
43071,43071,23,36
43072,43072,23,44
43073,43073,24,29
43074,43074,24,19
43075,43075,24,15
43076,43076,24,39
43077,43077,25,61
43078,43078,25,30
43079,43079,25,18
43080,43080,25,19
43081,43081,26,34
43082,43082,26,19
43083,43083,26,42
43084,43084,26,36
43085,43085,27,39
43086,43086,27,35
43087,43087,27,9
43088,43088,27,39
43089,43089,28,37
43090,43090,28,54
43091,43091,28,36
43092,43092,28,41
43093,43093,29,17
43094,43094,29,17
43095,43095,29,36
43096,43096,29,32
43097,43097,30,32
43098,43098,30,31
43099,43099,30,13
43100,43100,30,21
43101,43101,31,34
43102,43102,31,18
43103,43103,31,34
43104,43104,31,43
43105,43105,32,42
43106,43106,32,28
43107,43107,32,34
43108,43108,32,55
43109,43109,33,61
43110,43110,33,39
43111,43111,33,17
43112,43112,33,39
43113,43113,34,59
43114,43114,34,12
43115,43115,34,26
43116,43116,34,49
43117,43117,35,38
43118,43118,35,40
43119,43119,35,25
43120,43120,35,49
43121,43121,1,28
43122,43122,1,41
43123,43123,1,19
43124,43124,1,30
43125,43125,2,59
43126,43126,2,52
43127,43127,2,16
43128,43128,2,35
43129,43129,3,79
43130,43130,3,18
43131,43131,3,25
43132,43132,3,28
43133,43133,4,41
43134,43134,4,29
43135,43135,4,39
43136,43136,4,40
43137,43137,5,37
43138,43138,5,40
43139,43139,5,20
43140,43140,5,24
43141,43141,6,28
43142,43142,6,24
43143,43143,6,15
43144,43144,6,34
43145,43145,7,47
43146,43146,7,36
43147,43147,7,17
43148,43148,7,34
43149,43149,8,58
43150,43150,8,31
43151,43151,8,21
43152,43152,8,47
43153,43153,9,36
43154,43154,9,42
43155,43155,9,28
43156,43156,9,26
43157,43157,10,31
43158,43158,10,36
43159,43159,10,53
43160,43160,10,20
43161,43161,11,18
43162,43162,11,30
43163,43163,11,30
43164,43164,11,45
43165,43165,12,34
43166,43166,12,31
43167,43167,12,26
43168,43168,12,45
43169,43169,13,49
43170,43170,13,33
43171,43171,13,17
43172,43172,13,51
43173,43173,14,43
43174,43174,14,20
43175,43175,14,40
43176,43176,14,44
43177,43177,15,45
43178,43178,15,55
43179,43179,15,15
43180,43180,15,41
43181,43181,16,36
43182,43182,16,29
43183,43183,16,24
43184,43184,16,23
43185,43185,17,36
43186,43186,17,30
43187,43187,17,22
43188,43188,17,49
43189,43189,18,30
43190,43190,18,15
43191,43191,18,16
43192,43192,18,41
43193,43193,19,75
43194,43194,19,19
43195,43195,19,21
43196,43196,19,11
43197,43197,20,37
43198,43198,20,26
43199,43199,20,18
43200,43200,20,34
43201,43201,21,59
43202,43202,21,32
43203,43203,21,15
43204,43204,21,34
43205,43205,22,59
43206,43206,22,37
43207,43207,22,27
43208,43208,22,40
43209,43209,23,40
43210,43210,23,16
43211,43211,23,21
43212,43212,23,29
43213,43213,24,43
43214,43214,24,24
43215,43215,24,18
43216,43216,24,45
43217,43217,25,45
43218,43218,25,10
43219,43219,25,17
43220,43220,25,48
43221,43221,26,51
43222,43222,26,21
43223,43223,26,22
43224,43224,26,60
43225,43225,27,32
43226,43226,27,22
43227,43227,27,27
43228,43228,27,24
43229,43229,28,32
43230,43230,28,30
43231,43231,28,30
43232,43232,28,22
43233,43233,29,44
43234,43234,29,52
43235,43235,29,51
43236,43236,29,22
43237,43237,30,25
43238,43238,30,24
43239,43239,30,51
43240,43240,30,24
43241,43241,31,51
43242,43242,31,20
43243,43243,31,17
43244,43244,31,58
43245,43245,32,36
43246,43246,32,52
43247,43247,32,12
43248,43248,32,50
43249,43249,33,21
43250,43250,33,25
43251,43251,33,50
43252,43252,33,60
43253,43253,34,18
43254,43254,34,28
43255,43255,34,14
43256,43256,34,21
43257,43257,35,87
43258,43258,35,46
43259,43259,35,28
43260,43260,35,27
43261,43261,1,23
43262,43262,1,42
43263,43263,1,24
43264,43264,1,36
43265,43265,2,33
43266,43266,2,32
43267,43267,2,16
43268,43268,2,51
43269,43269,3,28
43270,43270,3,31
43271,43271,3,36
43272,43272,3,34
43273,43273,4,29
43274,43274,4,38
43275,43275,4,17
43276,43276,4,38
43277,43277,5,41
43278,43278,5,33
43279,43279,5,37
43280,43280,5,22
43281,43281,6,56
43282,43282,6,26
43283,43283,6,24
43284,43284,6,53
43285,43285,7,22
43286,43286,7,40
43287,43287,7,18
43288,43288,7,53
43289,43289,8,71
43290,43290,8,45
43291,43291,8,21
43292,43292,8,74
43293,43293,9,36
43294,43294,9,37
43295,43295,9,14
43296,43296,9,33
43297,43297,10,34
43298,43298,10,27
43299,43299,10,29
43300,43300,10,24
43301,43301,11,60
43302,43302,11,39
43303,43303,11,51
43304,43304,11,15
43305,43305,12,65
43306,43306,12,48
43307,43307,12,37
43308,43308,12,19
43309,43309,13,56
43310,43310,13,35
43311,43311,13,16
43312,43312,13,56
43313,43313,14,78
43314,43314,14,28
43315,43315,14,29
43316,43316,14,57
43317,43317,15,42
43318,43318,15,54
43319,43319,15,27
43320,43320,15,50
43321,43321,16,36
43322,43322,16,41
43323,43323,16,33
43324,43324,16,24
43325,43325,17,60
43326,43326,17,8
43327,43327,17,20
43328,43328,17,43
43329,43329,18,79
43330,43330,18,48
43331,43331,18,34
43332,43332,18,68
43333,43333,19,55
43334,43334,19,16
43335,43335,19,16
43336,43336,19,21
43337,43337,20,70
43338,43338,20,58
43339,43339,20,64
43340,43340,20,36
43341,43341,21,70
43342,43342,21,27
43343,43343,21,49
43344,43344,21,31
43345,43345,22,39
43346,43346,22,34
43347,43347,22,20
43348,43348,22,65
43349,43349,23,54
43350,43350,23,21
43351,43351,23,34
43352,43352,23,46
43353,43353,24,22
43354,43354,24,36
43355,43355,24,17
43356,43356,24,49
43357,43357,25,41
43358,43358,25,26
43359,43359,25,15
43360,43360,25,58
43361,43361,26,47
43362,43362,26,30
43363,43363,26,26
43364,43364,26,17
43365,43365,27,118
43366,43366,27,8
43367,43367,27,22
43368,43368,27,15
43369,43369,28,34
43370,43370,28,24
43371,43371,28,26
43372,43372,28,28
43373,43373,29,73
43374,43374,29,45
43375,43375,29,36
43376,43376,29,58
43377,43377,30,67
43378,43378,30,27
43379,43379,30,22
43380,43380,30,69
43381,43381,31,51
43382,43382,31,56
43383,43383,31,27
43384,43384,31,26
43385,43385,32,53
43386,43386,32,39
43387,43387,32,20
43388,43388,32,26
43389,43389,33,74
43390,43390,33,50
43391,43391,33,12
43392,43392,33,32
43393,43393,34,86
43394,43394,34,21
43395,43395,34,39
43396,43396,34,48
43397,43397,35,45
43398,43398,35,12
43399,43399,35,23
43400,43400,35,48
43401,43401,1,37
43402,43402,1,35
43403,43403,1,21
43404,43404,1,36
43405,43405,2,58
43406,43406,2,57
43407,43407,2,46
43408,43408,2,35
43409,43409,3,32
43410,43410,3,29
43411,43411,3,19
43412,43412,3,44
43413,43413,4,44
43414,43414,4,53
43415,43415,4,39
43416,43416,4,41
43417,43417,5,99
43418,43418,5,45
43419,43419,5,52
43420,43420,5,66
43421,43421,6,69
43422,43422,6,40
43423,43423,6,40
43424,43424,6,76
43425,43425,7,36
43426,43426,7,42
43427,43427,7,24
43428,43428,7,43
43429,43429,8,48
43430,43430,8,50
43431,43431,8,9
43432,43432,8,27
43433,43433,9,62
43434,43434,9,32
43435,43435,9,22
43436,43436,9,30
43437,43437,10,29
43438,43438,10,27
43439,43439,10,28
43440,43440,10,46
43441,43441,11,79
43442,43442,11,32
43443,43443,11,59
43444,43444,11,51
43445,43445,12,36
43446,43446,12,22
43447,43447,12,23
43448,43448,12,60
43449,43449,13,43
43450,43450,13,34
43451,43451,13,34
43452,43452,13,52
43453,43453,14,92
43454,43454,14,54
43455,43455,14,16
43456,43456,14,51
43457,43457,15,29
43458,43458,15,49
43459,43459,15,48
43460,43460,15,46
43461,43461,16,49
43462,43462,16,65
43463,43463,16,41
43464,43464,16,98
43465,43465,17,70
43466,43466,17,32
43467,43467,17,48
43468,43468,17,50
43469,43469,18,79
43470,43470,18,40
43471,43471,18,20
43472,43472,18,32
43473,43473,19,42
43474,43474,19,31
43475,43475,19,36
43476,43476,19,23
43477,43477,20,35
43478,43478,20,36
43479,43479,20,36
43480,43480,20,43
43481,43481,21,95
43482,43482,21,48
43483,43483,21,29
43484,43484,21,15
43485,43485,22,90
43486,43486,22,39
43487,43487,22,30
43488,43488,22,33
43489,43489,23,50
43490,43490,23,31
43491,43491,23,37
43492,43492,23,30
43493,43493,24,70
43494,43494,24,32
43495,43495,24,27
43496,43496,24,32
43497,43497,25,65
43498,43498,25,31
43499,43499,25,38
43500,43500,25,36
43501,43501,26,41
43502,43502,26,24
43503,43503,26,25
43504,43504,26,38
43505,43505,27,33
43506,43506,27,67
43507,43507,27,35
43508,43508,27,50
43509,43509,28,24
43510,43510,28,46
43511,43511,28,12
43512,43512,28,42
43513,43513,29,51
43514,43514,29,35
43515,43515,29,27
43516,43516,29,66
43517,43517,30,67
43518,43518,30,17
43519,43519,30,37
43520,43520,30,38
43521,43521,31,37
43522,43522,31,17
43523,43523,31,37
43524,43524,31,37
43525,43525,32,57
43526,43526,32,37
43527,43527,32,21
43528,43528,32,29
43529,43529,33,73
43530,43530,33,34
43531,43531,33,63
43532,43532,33,39
43533,43533,34,66
43534,43534,34,35
43535,43535,34,20
43536,43536,34,69
43537,43537,35,26
43538,43538,35,45
43539,43539,35,51
43540,43540,35,62
43541,43541,1,66
43542,43542,1,43
43543,43543,1,28
43544,43544,1,50
43545,43545,2,44
43546,43546,2,96
43547,43547,2,48
43548,43548,2,63
43549,43549,3,76
43550,43550,3,28
43551,43551,3,34
43552,43552,3,68
43553,43553,4,82
43554,43554,4,46
43555,43555,4,26
43556,43556,4,58
43557,43557,5,45
43558,43558,5,36
43559,43559,5,28
43560,43560,5,57
43561,43561,6,61
43562,43562,6,37
43563,43563,6,41
43564,43564,6,58
43565,43565,7,65
43566,43566,7,25
43567,43567,7,32
43568,43568,7,32
43569,43569,8,62
43570,43570,8,47
43571,43571,8,29
43572,43572,8,39
43573,43573,9,59
43574,43574,9,52
43575,43575,9,14
43576,43576,9,45
43577,43577,10,57
43578,43578,10,53
43579,43579,10,48
43580,43580,10,34
43581,43581,11,43
43582,43582,11,63
43583,43583,11,17
43584,43584,11,47
43585,43585,12,58
43586,43586,12,24
43587,43587,12,62
43588,43588,12,40
43589,43589,13,94
43590,43590,13,39
43591,43591,13,27
43592,43592,13,68
43593,43593,14,41
43594,43594,14,44
43595,43595,14,34
43596,43596,14,76
43597,43597,15,69
43598,43598,15,35
43599,43599,15,65
43600,43600,15,52
43601,43601,16,65
43602,43602,16,15
43603,43603,16,40
43604,43604,16,35
43605,43605,17,68
43606,43606,17,24
43607,43607,17,39
43608,43608,17,53
43609,43609,18,74
43610,43610,18,33
43611,43611,18,23
43612,43612,18,37
43613,43613,19,91
43614,43614,19,42
43615,43615,19,30
43616,43616,19,22
43617,43617,20,62
43618,43618,20,35
43619,43619,20,34
43620,43620,20,38
43621,43621,21,68
43622,43622,21,35
43623,43623,21,73
43624,43624,21,55
43625,43625,22,63
43626,43626,22,24
43627,43627,22,22
43628,43628,22,66
43629,43629,23,83
43630,43630,23,78
43631,43631,23,26
43632,43632,23,33
43633,43633,24,31
43634,43634,24,38
43635,43635,24,57
43636,43636,24,58
43637,43637,25,37
43638,43638,25,44
43639,43639,25,37
43640,43640,25,37
43641,43641,26,69
43642,43642,26,31
43643,43643,26,53
43644,43644,26,37
43645,43645,27,73
43646,43646,27,34
43647,43647,27,49
43648,43648,27,51
43649,43649,28,50
43650,43650,28,51
43651,43651,28,63
43652,43652,28,49
43653,43653,29,84
43654,43654,29,29
43655,43655,29,30
43656,43656,29,56
43657,43657,30,59
43658,43658,30,38
43659,43659,30,33
43660,43660,30,41
43661,43661,31,52
43662,43662,31,66
43663,43663,31,51
43664,43664,31,94
43665,43665,32,84
43666,43666,32,37
43667,43667,32,28
43668,43668,32,26
43669,43669,33,144
43670,43670,33,68
43671,43671,33,55
43672,43672,33,64
43673,43673,34,81
43674,43674,34,28
43675,43675,34,65
43676,43676,34,47
43677,43677,35,50
43678,43678,35,45
43679,43679,35,39
43680,43680,35,76
43681,43681,1,63
43682,43682,1,53
43683,43683,1,29
43684,43684,1,85
43685,43685,2,129
43686,43686,2,60
43687,43687,2,28
43688,43688,2,52
43689,43689,3,54
43690,43690,3,50
43691,43691,3,49
43692,43692,3,70
43693,43693,4,118
43694,43694,4,25
43695,43695,4,55
43696,43696,4,67
43697,43697,5,106
43698,43698,5,28
43699,43699,5,64
43700,43700,5,59
43701,43701,6,48
43702,43702,6,60
43703,43703,6,31
43704,43704,6,56
43705,43705,7,76
43706,43706,7,63
43707,43707,7,40
43708,43708,7,50
43709,43709,8,103
43710,43710,8,34
43711,43711,8,49
43712,43712,8,62
43713,43713,9,93
43714,43714,9,36
43715,43715,9,47
43716,43716,9,98
43717,43717,10,164
43718,43718,10,35
43719,43719,10,38
43720,43720,10,70
43721,43721,11,112
43722,43722,11,72
43723,43723,11,62
43724,43724,11,101
43725,43725,12,74
43726,43726,12,31
43727,43727,12,59
43728,43728,12,36
43729,43729,13,92
43730,43730,13,51
43731,43731,13,29
43732,43732,13,41
43733,43733,14,70
43734,43734,14,116
43735,43735,14,56
43736,43736,14,41
43737,43737,15,88
43738,43738,15,103
43739,43739,15,51
43740,43740,15,68
43741,43741,16,61
43742,43742,16,59
43743,43743,16,60
43744,43744,16,16
43745,43745,17,147
43746,43746,17,43
43747,43747,17,75
43748,43748,17,96
43749,43749,18,72
43750,43750,18,50
43751,43751,18,35
43752,43752,18,104
43753,43753,19,43
43754,43754,19,29
43755,43755,19,32
43756,43756,19,50
43757,43757,20,50
43758,43758,20,56
43759,43759,20,81
43760,43760,20,71
43761,43761,21,54
43762,43762,21,35
43763,43763,21,64
43764,43764,21,76
43765,43765,22,67
43766,43766,22,71
43767,43767,22,57
43768,43768,22,31
43769,43769,23,161
43770,43770,23,65
43771,43771,23,60
43772,43772,23,88
43773,43773,24,105
43774,43774,24,60
43775,43775,24,27
43776,43776,24,103
43777,43777,25,46
43778,43778,25,35
43779,43779,25,30
43780,43780,25,52
43781,43781,26,89
43782,43782,26,39
43783,43783,26,28
43784,43784,26,46
43785,43785,27,79
43786,43786,27,38
43787,43787,27,39
43788,43788,27,94
43789,43789,28,107
43790,43790,28,43
43791,43791,28,27
43792,43792,28,114
43793,43793,29,93
43794,43794,29,58
43795,43795,29,49
43796,43796,29,65
43797,43797,30,70
43798,43798,30,95
43799,43799,30,78
43800,43800,30,76
43801,43801,31,133
43802,43802,31,35
43803,43803,31,60
43804,43804,31,52
43805,43805,32,66
43806,43806,32,101
43807,43807,32,70
43808,43808,32,63
43809,43809,33,152
43810,43810,33,107
43811,43811,33,27
43812,43812,33,33
43813,43813,34,69
43814,43814,34,36
43815,43815,34,25
43816,43816,34,65
43817,43817,35,80
43818,43818,35,39
43819,43819,35,52
43820,43820,35,43
43821,43821,1,23
43822,43822,1,51
43823,43823,1,30
43824,43824,1,94
43825,43825,2,131
43826,43826,2,35
43827,43827,2,52
43828,43828,2,100
43829,43829,3,118
43830,43830,3,76
43831,43831,3,24
43832,43832,3,64
43833,43833,4,147
43834,43834,4,28
43835,43835,4,49
43836,43836,4,41
43837,43837,5,71
43838,43838,5,76
43839,43839,5,37
43840,43840,5,90
43841,43841,6,97
43842,43842,6,43
43843,43843,6,32
43844,43844,6,60
43845,43845,7,82
43846,43846,7,102
43847,43847,7,28
43848,43848,7,92
43849,43849,8,81
43850,43850,8,73
43851,43851,8,66
43852,43852,8,45
43853,43853,9,43
43854,43854,9,36
43855,43855,9,78
43856,43856,9,40
43857,43857,10,53
43858,43858,10,20
43859,43859,10,57
43860,43860,10,44
43861,43861,11,45
43862,43862,11,61
43863,43863,11,47
43864,43864,11,90
43865,43865,12,92
43866,43866,12,90
43867,43867,12,29
43868,43868,12,45
43869,43869,13,38
43870,43870,13,43
43871,43871,13,59
43872,43872,13,69
43873,43873,14,107
43874,43874,14,81
43875,43875,14,81
43876,43876,14,55
43877,43877,15,63
43878,43878,15,71
43879,43879,15,29
43880,43880,15,82
43881,43881,16,32
43882,43882,16,53
43883,43883,16,39
43884,43884,16,67
43885,43885,17,80
43886,43886,17,49
43887,43887,17,41
43888,43888,17,96
43889,43889,18,85
43890,43890,18,31
43891,43891,18,42
43892,43892,18,54
43893,43893,19,98
43894,43894,19,40
43895,43895,19,23
43896,43896,19,80
43897,43897,20,76
43898,43898,20,59
43899,43899,20,25
43900,43900,20,83
43901,43901,21,104
43902,43902,21,41
43903,43903,21,46
43904,43904,21,44
43905,43905,22,112
43906,43906,22,61
43907,43907,22,90
43908,43908,22,90
43909,43909,23,47
43910,43910,23,38
43911,43911,23,63
43912,43912,23,58
43913,43913,24,35
43914,43914,24,49
43915,43915,24,60
43916,43916,24,60
43917,43917,25,81
43918,43918,25,43
43919,43919,25,36
43920,43920,25,75
43921,43921,26,80
43922,43922,26,23
43923,43923,26,38
43924,43924,26,38
43925,43925,27,68
43926,43926,27,26
43927,43927,27,33
43928,43928,27,63
43929,43929,28,58
43930,43930,28,31
43931,43931,28,23
43932,43932,28,60
43933,43933,29,80
43934,43934,29,37
43935,43935,29,46
43936,43936,29,42
43937,43937,30,64
43938,43938,30,49
43939,43939,30,41
43940,43940,30,87
43941,43941,31,88
43942,43942,31,35
43943,43943,31,24
43944,43944,31,41
43945,43945,32,76
43946,43946,32,31
43947,43947,32,84
43948,43948,32,64
43949,43949,33,47
43950,43950,33,35
43951,43951,33,26
43952,43952,33,40
43953,43953,34,72
43954,43954,34,32
43955,43955,34,61
43956,43956,34,55
43957,43957,35,115
43958,43958,35,45
43959,43959,35,28
43960,43960,35,67
43961,43961,1,54
43962,43962,1,17
43963,43963,1,20
43964,43964,1,22
43965,43965,2,65
43966,43966,2,20
43967,43967,2,38
43968,43968,2,27
43969,43969,3,27
43970,43970,3,53
43971,43971,3,18
43972,43972,3,54
43973,43973,4,23
43974,43974,4,36
43975,43975,4,24
43976,43976,4,33
43977,43977,5,17
43978,43978,5,51
43979,43979,5,34
43980,43980,5,52
43981,43981,6,20
43982,43982,6,41
43983,43983,6,14
43984,43984,6,21
43985,43985,7,48
43986,43986,7,33
43987,43987,7,18
43988,43988,7,19
43989,43989,8,61
43990,43990,8,38
43991,43991,8,34
43992,43992,8,17
43993,43993,9,16
43994,43994,9,12
43995,43995,9,40
43996,43996,9,29
43997,43997,10,45
43998,43998,10,26
43999,43999,10,42
44000,44000,10,44
44001,44001,11,41
44002,44002,11,28
44003,44003,11,39
44004,44004,11,41
44005,44005,12,49
44006,44006,12,38
44007,44007,12,33
44008,44008,12,25
44009,44009,13,32
44010,44010,13,18
44011,44011,13,15
44012,44012,13,43
44013,44013,14,58
44014,44014,14,18
44015,44015,14,15
44016,44016,14,33
44017,44017,15,36
44018,44018,15,45
44019,44019,15,21
44020,44020,15,42
44021,44021,16,52
44022,44022,16,31
44023,44023,16,48
44024,44024,16,40
44025,44025,17,48
44026,44026,17,19
44027,44027,17,19
44028,44028,17,21
44029,44029,18,15
44030,44030,18,13
44031,44031,18,38
44032,44032,18,25
44033,44033,19,47
44034,44034,19,40
44035,44035,19,35
44036,44036,19,54
44037,44037,20,55
44038,44038,20,24
44039,44039,20,17
44040,44040,20,49
44041,44041,21,45
44042,44042,21,24
44043,44043,21,33
44044,44044,21,45
44045,44045,22,28
44046,44046,22,15
44047,44047,22,25
44048,44048,22,42
44049,44049,23,87
44050,44050,23,42
44051,44051,23,44
44052,44052,23,30
44053,44053,24,38
44054,44054,24,25
44055,44055,24,34
44056,44056,24,47
44057,44057,25,43
44058,44058,25,32
44059,44059,25,28
44060,44060,25,51
44061,44061,26,33
44062,44062,26,27
44063,44063,26,20
44064,44064,26,34
44065,44065,27,36
44066,44066,27,24
44067,44067,27,10
44068,44068,27,30
44069,44069,28,42
44070,44070,28,31
44071,44071,28,32
44072,44072,28,16
44073,44073,29,33
44074,44074,29,18
44075,44075,29,35
44076,44076,29,52
44077,44077,30,28
44078,44078,30,22
44079,44079,30,11
44080,44080,30,22
44081,44081,31,58
44082,44082,31,34
44083,44083,31,23
44084,44084,31,44
44085,44085,32,24
44086,44086,32,49
44087,44087,32,29
44088,44088,32,62
44089,44089,33,47
44090,44090,33,25
44091,44091,33,29
44092,44092,33,15
44093,44093,34,54
44094,44094,34,23
44095,44095,34,27
44096,44096,34,47
44097,44097,35,23
44098,44098,35,41
44099,44099,35,36
44100,44100,35,32
44101,44101,1,14
44102,44102,1,26
44103,44103,1,9
44104,44104,1,45
44105,44105,2,50
44106,44106,2,28
44107,44107,2,16
44108,44108,2,42
44109,44109,3,41
44110,44110,3,10
44111,44111,3,38
44112,44112,3,17
44113,44113,4,28
44114,44114,4,35
44115,44115,4,32
44116,44116,4,34
44117,44117,5,70
44118,44118,5,25
44119,44119,5,30
44120,44120,5,19
44121,44121,6,45
44122,44122,6,13
44123,44123,6,26
44124,44124,6,41
44125,44125,7,30
44126,44126,7,17
44127,44127,7,41
44128,44128,7,20
44129,44129,8,53
44130,44130,8,15
44131,44131,8,44
44132,44132,8,29
44133,44133,9,27
44134,44134,9,45
44135,44135,9,13
44136,44136,9,23
44137,44137,10,74
44138,44138,10,10
44139,44139,10,47
44140,44140,10,36
44141,44141,11,40
44142,44142,11,29
44143,44143,11,22
44144,44144,11,17
44145,44145,12,25
44146,44146,12,20
44147,44147,12,14
44148,44148,12,63
44149,44149,13,48
44150,44150,13,34
44151,44151,13,21
44152,44152,13,26
44153,44153,14,34
44154,44154,14,43
44155,44155,14,36
44156,44156,14,43
44157,44157,15,25
44158,44158,15,11
44159,44159,15,13
44160,44160,15,20
44161,44161,16,40
44162,44162,16,46
44163,44163,16,50
44164,44164,16,73
44165,44165,17,66
44166,44166,17,45
44167,44167,17,21
44168,44168,17,28
44169,44169,18,35
44170,44170,18,50
44171,44171,18,19
44172,44172,18,18
44173,44173,19,30
44174,44174,19,17
44175,44175,19,26
44176,44176,19,32
44177,44177,20,53
44178,44178,20,44
44179,44179,20,15
44180,44180,20,35
44181,44181,21,17
44182,44182,21,33
44183,44183,21,15
44184,44184,21,33
44185,44185,22,81
44186,44186,22,15
44187,44187,22,31
44188,44188,22,38
44189,44189,23,15
44190,44190,23,30
44191,44191,23,24
44192,44192,23,36
44193,44193,24,35
44194,44194,24,26
44195,44195,24,25
44196,44196,24,33
44197,44197,25,56
44198,44198,25,31
44199,44199,25,15
44200,44200,25,31
44201,44201,26,30
44202,44202,26,45
44203,44203,26,27
44204,44204,26,21
44205,44205,27,16
44206,44206,27,40
44207,44207,27,18
44208,44208,27,20
44209,44209,28,30
44210,44210,28,48
44211,44211,28,18
44212,44212,28,32
44213,44213,29,51
44214,44214,29,27
44215,44215,29,34
44216,44216,29,19
44217,44217,30,31
44218,44218,30,32
44219,44219,30,13
44220,44220,30,32
44221,44221,31,21
44222,44222,31,45
44223,44223,31,25
44224,44224,31,24
44225,44225,32,36
44226,44226,32,37
44227,44227,32,27
44228,44228,32,22
44229,44229,33,39
44230,44230,33,38
44231,44231,33,28
44232,44232,33,36
44233,44233,34,34
44234,44234,34,34
44235,44235,34,13
44236,44236,34,44
44237,44237,35,33
44238,44238,35,14
44239,44239,35,27
44240,44240,35,40
44241,44241,1,40
44242,44242,1,30
44243,44243,1,21
44244,44244,1,35
44245,44245,2,69
44246,44246,2,24
44247,44247,2,18
44248,44248,2,29
44249,44249,3,38
44250,44250,3,43
44251,44251,3,43
44252,44252,3,27
44253,44253,4,41
44254,44254,4,23
44255,44255,4,14
44256,44256,4,28
44257,44257,5,21
44258,44258,5,18
44259,44259,5,17
44260,44260,5,26
44261,44261,6,55
44262,44262,6,48
44263,44263,6,12
44264,44264,6,35
44265,44265,7,77
44266,44266,7,46
44267,44267,7,13
44268,44268,7,46
44269,44269,8,40
44270,44270,8,18
44271,44271,8,17
44272,44272,8,35
44273,44273,9,57
44274,44274,9,19
44275,44275,9,22
44276,44276,9,49
44277,44277,10,32
44278,44278,10,28
44279,44279,10,25
44280,44280,10,42
44281,44281,11,27
44282,44282,11,27
44283,44283,11,29
44284,44284,11,47
44285,44285,12,57
44286,44286,12,30
44287,44287,12,22
44288,44288,12,16
44289,44289,13,47
44290,44290,13,20
44291,44291,13,27
44292,44292,13,32
44293,44293,14,65
44294,44294,14,19
44295,44295,14,36
44296,44296,14,25
44297,44297,15,22
44298,44298,15,56
44299,44299,15,21
44300,44300,15,58
44301,44301,16,46
44302,44302,16,53
44303,44303,16,32
44304,44304,16,31
44305,44305,17,81
44306,44306,17,37
44307,44307,17,36
44308,44308,17,30
44309,44309,18,59
44310,44310,18,34
44311,44311,18,15
44312,44312,18,43
44313,44313,19,43
44314,44314,19,12
44315,44315,19,24
44316,44316,19,24
44317,44317,20,25
44318,44318,20,35
44319,44319,20,47
44320,44320,20,41
44321,44321,21,43
44322,44322,21,25
44323,44323,21,45
44324,44324,21,26
44325,44325,22,30
44326,44326,22,30
44327,44327,22,39
44328,44328,22,15
44329,44329,23,73
44330,44330,23,15
44331,44331,23,16
44332,44332,23,65
44333,44333,24,100
44334,44334,24,40
44335,44335,24,50
44336,44336,24,38
44337,44337,25,33
44338,44338,25,27
44339,44339,25,18
44340,44340,25,35
44341,44341,26,22
44342,44342,26,23
44343,44343,26,17
44344,44344,26,28
44345,44345,27,22
44346,44346,27,13
44347,44347,27,40
44348,44348,27,25
44349,44349,28,30
44350,44350,28,47
44351,44351,28,49
44352,44352,28,32
44353,44353,29,67
44354,44354,29,38
44355,44355,29,35
44356,44356,29,36
44357,44357,30,62
44358,44358,30,23
44359,44359,30,17
44360,44360,30,54
44361,44361,31,25
44362,44362,31,34
44363,44363,31,44
44364,44364,31,24
44365,44365,32,92
44366,44366,32,37
44367,44367,32,12
44368,44368,32,41
44369,44369,33,46
44370,44370,33,25
44371,44371,33,16
44372,44372,33,27
44373,44373,34,34
44374,44374,34,21
44375,44375,34,12
44376,44376,34,16
44377,44377,35,34
44378,44378,35,11
44379,44379,35,25
44380,44380,35,50
44381,44381,1,85
44382,44382,1,13
44383,44383,1,40
44384,44384,1,31
44385,44385,2,62
44386,44386,2,30
44387,44387,2,32
44388,44388,2,54
44389,44389,3,33
44390,44390,3,39
44391,44391,3,21
44392,44392,3,59
44393,44393,4,46
44394,44394,4,22
44395,44395,4,12
44396,44396,4,87
44397,44397,5,55
44398,44398,5,22
44399,44399,5,29
44400,44400,5,55
44401,44401,6,61
44402,44402,6,53
44403,44403,6,17
44404,44404,6,19
44405,44405,7,87
44406,44406,7,33
44407,44407,7,33
44408,44408,7,18
44409,44409,8,88
44410,44410,8,15
44411,44411,8,43
44412,44412,8,71
44413,44413,9,50
44414,44414,9,41
44415,44415,9,23
44416,44416,9,30
44417,44417,10,63
44418,44418,10,24
44419,44419,10,19
44420,44420,10,62
44421,44421,11,37
44422,44422,11,55
44423,44423,11,25
44424,44424,11,43
44425,44425,12,45
44426,44426,12,58
44427,44427,12,27
44428,44428,12,74
44429,44429,13,45
44430,44430,13,31
44431,44431,13,17
44432,44432,13,38
44433,44433,14,30
44434,44434,14,24
44435,44435,14,12
44436,44436,14,42
44437,44437,15,45
44438,44438,15,38
44439,44439,15,42
44440,44440,15,50
44441,44441,16,24
44442,44442,16,40
44443,44443,16,44
44444,44444,16,29
44445,44445,17,35
44446,44446,17,60
44447,44447,17,34
44448,44448,17,42
44449,44449,18,56
44450,44450,18,49
44451,44451,18,18
44452,44452,18,63
44453,44453,19,45
44454,44454,19,47
44455,44455,19,21
44456,44456,19,55
44457,44457,20,56
44458,44458,20,49
44459,44459,20,34
44460,44460,20,64
44461,44461,21,19
44462,44462,21,66
44463,44463,21,28
44464,44464,21,39
44465,44465,22,40
44466,44466,22,33
44467,44467,22,16
44468,44468,22,55
44469,44469,23,20
44470,44470,23,40
44471,44471,23,41
44472,44472,23,42
44473,44473,24,41
44474,44474,24,42
44475,44475,24,17
44476,44476,24,27
44477,44477,25,39
44478,44478,25,35
44479,44479,25,39
44480,44480,25,28
44481,44481,26,95
44482,44482,26,23
44483,44483,26,52
44484,44484,26,53
44485,44485,27,59
44486,44486,27,41
44487,44487,27,34
44488,44488,27,65
44489,44489,28,65
44490,44490,28,52
44491,44491,28,48
44492,44492,28,57
44493,44493,29,89
44494,44494,29,30
44495,44495,29,15
44496,44496,29,55
44497,44497,30,39
44498,44498,30,45
44499,44499,30,25
44500,44500,30,48
44501,44501,31,29
44502,44502,31,42
44503,44503,31,17
44504,44504,31,43
44505,44505,32,26
44506,44506,32,27
44507,44507,32,46
44508,44508,32,51
44509,44509,33,29
44510,44510,33,49
44511,44511,33,27
44512,44512,33,38
44513,44513,34,61
44514,44514,34,29
44515,44515,34,53
44516,44516,34,29
44517,44517,35,62
44518,44518,35,32
44519,44519,35,20
44520,44520,35,9
44521,44521,1,71
44522,44522,1,30
44523,44523,1,42
44524,44524,1,76
44525,44525,2,95
44526,44526,2,19
44527,44527,2,51
44528,44528,2,62
44529,44529,3,68
44530,44530,3,21
44531,44531,3,26
44532,44532,3,99
44533,44533,4,102
44534,44534,4,39
44535,44535,4,27
44536,44536,4,76
44537,44537,5,36
44538,44538,5,23
44539,44539,5,24
44540,44540,5,44
44541,44541,6,30
44542,44542,6,39
44543,44543,6,54
44544,44544,6,46
44545,44545,7,82
44546,44546,7,31
44547,44547,7,28
44548,44548,7,70
44549,44549,8,68
44550,44550,8,76
44551,44551,8,22
44552,44552,8,44
44553,44553,9,81
44554,44554,9,43
44555,44555,9,26
44556,44556,9,61
44557,44557,10,137
44558,44558,10,42
44559,44559,10,34
44560,44560,10,52
44561,44561,11,39
44562,44562,11,53
44563,44563,11,42
44564,44564,11,76
44565,44565,12,43
44566,44566,12,19
44567,44567,12,66
44568,44568,12,31
44569,44569,13,53
44570,44570,13,39
44571,44571,13,41
44572,44572,13,57
44573,44573,14,106
44574,44574,14,45
44575,44575,14,43
44576,44576,14,59
44577,44577,15,77
44578,44578,15,40
44579,44579,15,23
44580,44580,15,31
44581,44581,16,68
44582,44582,16,36
44583,44583,16,49
44584,44584,16,45
44585,44585,17,53
44586,44586,17,61
44587,44587,17,39
44588,44588,17,49
44589,44589,18,88
44590,44590,18,78
44591,44591,18,33
44592,44592,18,25
44593,44593,19,74
44594,44594,19,19
44595,44595,19,15
44596,44596,19,46
44597,44597,20,97
44598,44598,20,24
44599,44599,20,19
44600,44600,20,26
44601,44601,21,19
44602,44602,21,21
44603,44603,21,23
44604,44604,21,92
44605,44605,22,25
44606,44606,22,35
44607,44607,22,35
44608,44608,22,59
44609,44609,23,73
44610,44610,23,43
44611,44611,23,31
44612,44612,23,37
44613,44613,24,90
44614,44614,24,42
44615,44615,24,36
44616,44616,24,79
44617,44617,25,72
44618,44618,25,25
44619,44619,25,43
44620,44620,25,40
44621,44621,26,65
44622,44622,26,96
44623,44623,26,41
44624,44624,26,38
44625,44625,27,104
44626,44626,27,60
44627,44627,27,36
44628,44628,27,33
44629,44629,28,80
44630,44630,28,29
44631,44631,28,46
44632,44632,28,85
44633,44633,29,118
44634,44634,29,45
44635,44635,29,45
44636,44636,29,30
44637,44637,30,74
44638,44638,30,31
44639,44639,30,25
44640,44640,30,68
44641,44641,31,79
44642,44642,31,43
44643,44643,31,31
44644,44644,31,63
44645,44645,32,57
44646,44646,32,76
44647,44647,32,53
44648,44648,32,29
44649,44649,33,80
44650,44650,33,50
44651,44651,33,20
44652,44652,33,61
44653,44653,34,66
44654,44654,34,32
44655,44655,34,16
44656,44656,34,52
44657,44657,35,59
44658,44658,35,59
44659,44659,35,38
44660,44660,35,39
44661,44661,1,72
44662,44662,1,75
44663,44663,1,47
44664,44664,1,60
44665,44665,2,98
44666,44666,2,35
44667,44667,2,43
44668,44668,2,60
44669,44669,3,108
44670,44670,3,22
44671,44671,3,70
44672,44672,3,105
44673,44673,4,58
44674,44674,4,97
44675,44675,4,67
44676,44676,4,51
44677,44677,5,12
44678,44678,5,77
44679,44679,5,58
44680,44680,5,88
44681,44681,6,63
44682,44682,6,53
44683,44683,6,19
44684,44684,6,80
44685,44685,7,79
44686,44686,7,48
44687,44687,7,48
44688,44688,7,74
44689,44689,8,151
44690,44690,8,87
44691,44691,8,52
44692,44692,8,99
44693,44693,9,58
44694,44694,9,76
44695,44695,9,44
44696,44696,9,138
44697,44697,10,44
44698,44698,10,70
44699,44699,10,49
44700,44700,10,83
44701,44701,11,67
44702,44702,11,64
44703,44703,11,50
44704,44704,11,87
44705,44705,12,60
44706,44706,12,51
44707,44707,12,28
44708,44708,12,55
44709,44709,13,54
44710,44710,13,64
44711,44711,13,33
44712,44712,13,52
44713,44713,14,47
44714,44714,14,29
44715,44715,14,23
44716,44716,14,63
44717,44717,15,81
44718,44718,15,94
44719,44719,15,27
44720,44720,15,27
44721,44721,16,71
44722,44722,16,61
44723,44723,16,53
44724,44724,16,60
44725,44725,17,71
44726,44726,17,75
44727,44727,17,25
44728,44728,17,62
44729,44729,18,81
44730,44730,18,32
44731,44731,18,70
44732,44732,18,22
44733,44733,19,85
44734,44734,19,60
44735,44735,19,79
44736,44736,19,75
44737,44737,20,116
44738,44738,20,80
44739,44739,20,39
44740,44740,20,48
44741,44741,21,85
44742,44742,21,51
44743,44743,21,55
44744,44744,21,46
44745,44745,22,51
44746,44746,22,57
44747,44747,22,75
44748,44748,22,45
44749,44749,23,55
44750,44750,23,24
44751,44751,23,73
44752,44752,23,106
44753,44753,24,38
44754,44754,24,68
44755,44755,24,25
44756,44756,24,105
44757,44757,25,127
44758,44758,25,63
44759,44759,25,19
44760,44760,25,69
44761,44761,26,70
44762,44762,26,36
44763,44763,26,22
44764,44764,26,98
44765,44765,27,104
44766,44766,27,58
44767,44767,27,62
44768,44768,27,45
44769,44769,28,76
44770,44770,28,60
44771,44771,28,39
44772,44772,28,106
44773,44773,29,83
44774,44774,29,51
44775,44775,29,50
44776,44776,29,43
44777,44777,30,64
44778,44778,30,31
44779,44779,30,43
44780,44780,30,66
44781,44781,31,118
44782,44782,31,21
44783,44783,31,55
44784,44784,31,133
44785,44785,32,29
44786,44786,32,51
44787,44787,32,72
44788,44788,32,29
44789,44789,33,93
44790,44790,33,64
44791,44791,33,38
44792,44792,33,69
44793,44793,34,59
44794,44794,34,41
44795,44795,34,49
44796,44796,34,45
44797,44797,35,65
44798,44798,35,70
44799,44799,35,47
44800,44800,35,54
44801,44801,1,56
44802,44802,1,88
44803,44803,1,30
44804,44804,1,40
44805,44805,2,77
44806,44806,2,89
44807,44807,2,46
44808,44808,2,49
44809,44809,3,58
44810,44810,3,49
44811,44811,3,32
44812,44812,3,122
44813,44813,4,72
44814,44814,4,46
44815,44815,4,46
44816,44816,4,32
44817,44817,5,105
44818,44818,5,96
44819,44819,5,67
44820,44820,5,92
44821,44821,6,62
44822,44822,6,93
44823,44823,6,42
44824,44824,6,92
44825,44825,7,82
44826,44826,7,53
44827,44827,7,20
44828,44828,7,68
44829,44829,8,94
44830,44830,8,40
44831,44831,8,58
44832,44832,8,50
44833,44833,9,75
44834,44834,9,27
44835,44835,9,61
44836,44836,9,56
44837,44837,10,72
44838,44838,10,37
44839,44839,10,63
44840,44840,10,55
44841,44841,11,60
44842,44842,11,28
44843,44843,11,32
44844,44844,11,45
44845,44845,12,57
44846,44846,12,43
44847,44847,12,49
44848,44848,12,70
44849,44849,13,92
44850,44850,13,49
44851,44851,13,62
44852,44852,13,50
44853,44853,14,80
44854,44854,14,59
44855,44855,14,47
44856,44856,14,46
44857,44857,15,45
44858,44858,15,86
44859,44859,15,28
44860,44860,15,55
44861,44861,16,80
44862,44862,16,60
44863,44863,16,65
44864,44864,16,57
44865,44865,17,99
44866,44866,17,91
44867,44867,17,23
44868,44868,17,28
44869,44869,18,80
44870,44870,18,84
44871,44871,18,20
44872,44872,18,55
44873,44873,19,71
44874,44874,19,26
44875,44875,19,57
44876,44876,19,19
44877,44877,20,46
44878,44878,20,54
44879,44879,20,33
44880,44880,20,42
44881,44881,21,59
44882,44882,21,33
44883,44883,21,53
44884,44884,21,93
44885,44885,22,82
44886,44886,22,54
44887,44887,22,76
44888,44888,22,72
44889,44889,23,89
44890,44890,23,29
44891,44891,23,21
44892,44892,23,69
44893,44893,24,34
44894,44894,24,49
44895,44895,24,28
44896,44896,24,116
44897,44897,25,69
44898,44898,25,35
44899,44899,25,39
44900,44900,25,89
44901,44901,26,105
44902,44902,26,62
44903,44903,26,62
44904,44904,26,34
44905,44905,27,96
44906,44906,27,73
44907,44907,27,36
44908,44908,27,45
44909,44909,28,27
44910,44910,28,35
44911,44911,28,24
44912,44912,28,41
44913,44913,29,53
44914,44914,29,42
44915,44915,29,23
44916,44916,29,53
44917,44917,30,62
44918,44918,30,60
44919,44919,30,25
44920,44920,30,33
44921,44921,31,42
44922,44922,31,41
44923,44923,31,60
44924,44924,31,70
44925,44925,32,98
44926,44926,32,40
44927,44927,32,24
44928,44928,32,29
44929,44929,33,50
44930,44930,33,43
44931,44931,33,57
44932,44932,33,46
44933,44933,34,131
44934,44934,34,36
44935,44935,34,29
44936,44936,34,78
44937,44937,35,137
44938,44938,35,61
44939,44939,35,39
44940,44940,35,56
44941,44941,1,54
44942,44942,1,27
44943,44943,1,20
44944,44944,1,18
44945,44945,2,33
44946,44946,2,34
44947,44947,2,22
44948,44948,2,41
44949,44949,3,39
44950,44950,3,27
44951,44951,3,20
44952,44952,3,20
44953,44953,4,21
44954,44954,4,27
44955,44955,4,18
44956,44956,4,32
44957,44957,5,55
44958,44958,5,9
44959,44959,5,24
44960,44960,5,11
44961,44961,6,46
44962,44962,6,22
44963,44963,6,14
44964,44964,6,50
44965,44965,7,47
44966,44966,7,20
44967,44967,7,17
44968,44968,7,41
44969,44969,8,24
44970,44970,8,32
44971,44971,8,39
44972,44972,8,24
44973,44973,9,74
44974,44974,9,12
44975,44975,9,15
44976,44976,9,38
44977,44977,10,45
44978,44978,10,29
44979,44979,10,41
44980,44980,10,43
44981,44981,11,49
44982,44982,11,28
44983,44983,11,17
44984,44984,11,22
44985,44985,12,36
44986,44986,12,27
44987,44987,12,11
44988,44988,12,28
44989,44989,13,55
44990,44990,13,20
44991,44991,13,44
44992,44992,13,15
44993,44993,14,36
44994,44994,14,16
44995,44995,14,18
44996,44996,14,21
44997,44997,15,54
44998,44998,15,23
44999,44999,15,25
45000,45000,15,34
45001,45001,16,44
45002,45002,16,22
45003,45003,16,14
45004,45004,16,40
45005,45005,17,34
45006,45006,17,28
45007,45007,17,31
45008,45008,17,45
45009,45009,18,42
45010,45010,18,48
45011,45011,18,17
45012,45012,18,34
45013,45013,19,32
45014,45014,19,23
45015,45015,19,26
45016,45016,19,31
45017,45017,20,25
45018,45018,20,28
45019,45019,20,20
45020,45020,20,32
45021,45021,21,75
45022,45022,21,19
45023,45023,21,29
45024,45024,21,28
45025,45025,22,60
45026,45026,22,13
45027,45027,22,21
45028,45028,22,21
45029,45029,23,51
45030,45030,23,33
45031,45031,23,15
45032,45032,23,44
45033,45033,24,41
45034,45034,24,43
45035,45035,24,33
45036,45036,24,22
45037,45037,25,45
45038,45038,25,18
45039,45039,25,34
45040,45040,25,20
45041,45041,26,44
45042,45042,26,27
45043,45043,26,34
45044,45044,26,25
45045,45045,27,33
45046,45046,27,20
45047,45047,27,22
45048,45048,27,40
45049,45049,28,21
45050,45050,28,14
45051,45051,28,21
45052,45052,28,43
45053,45053,29,52
45054,45054,29,19
45055,45055,29,24
45056,45056,29,44
45057,45057,30,53
45058,45058,30,25
45059,45059,30,14
45060,45060,30,52
45061,45061,31,61
45062,45062,31,35
45063,45063,31,16
45064,45064,31,51
45065,45065,32,27
45066,45066,32,45
45067,45067,32,15
45068,45068,32,21
45069,45069,33,33
45070,45070,33,22
45071,45071,33,20
45072,45072,33,24
45073,45073,34,14
45074,45074,34,29
45075,45075,34,25
45076,45076,34,20
45077,45077,35,29
45078,45078,35,19
45079,45079,35,28
45080,45080,35,33
45081,45081,1,47
45082,45082,1,22
45083,45083,1,27
45084,45084,1,52
45085,45085,2,30
45086,45086,2,18
45087,45087,2,20
45088,45088,2,49
45089,45089,3,51
45090,45090,3,31
45091,45091,3,16
45092,45092,3,40
45093,45093,4,23
45094,45094,4,24
45095,45095,4,31
45096,45096,4,35
45097,45097,5,38
45098,45098,5,12
45099,45099,5,11
45100,45100,5,16
45101,45101,6,24
45102,45102,6,29
45103,45103,6,46
45104,45104,6,68
45105,45105,7,42
45106,45106,7,14
45107,45107,7,30
45108,45108,7,26
45109,45109,8,35
45110,45110,8,22
45111,45111,8,21
45112,45112,8,76
45113,45113,9,62
45114,45114,9,28
45115,45115,9,12
45116,45116,9,13
45117,45117,10,69
45118,45118,10,22
45119,45119,10,8
45120,45120,10,54
45121,45121,11,36
45122,45122,11,25
45123,45123,11,17
45124,45124,11,48
45125,45125,12,35
45126,45126,12,57
45127,45127,12,22
45128,45128,12,36
45129,45129,13,60
45130,45130,13,15
45131,45131,13,16
45132,45132,13,43
45133,45133,14,31
45134,45134,14,21
45135,45135,14,31
45136,45136,14,41
45137,45137,15,56
45138,45138,15,37
45139,45139,15,17
45140,45140,15,60
45141,45141,16,42
45142,45142,16,54
45143,45143,16,18
45144,45144,16,51
45145,45145,17,43
45146,45146,17,53
45147,45147,17,18
45148,45148,17,22
45149,45149,18,32
45150,45150,18,40
45151,45151,18,26
45152,45152,18,27
45153,45153,19,37
45154,45154,19,31
45155,45155,19,15
45156,45156,19,30
45157,45157,20,60
45158,45158,20,32
45159,45159,20,10
45160,45160,20,35
45161,45161,21,49
45162,45162,21,33
45163,45163,21,14
45164,45164,21,37
45165,45165,22,27
45166,45166,22,42
45167,45167,22,15
45168,45168,22,13
45169,45169,23,73
45170,45170,23,38
45171,45171,23,24
45172,45172,23,55
45173,45173,24,51
45174,45174,24,26
45175,45175,24,21
45176,45176,24,24
45177,45177,25,64
45178,45178,25,18
45179,45179,25,18
45180,45180,25,47
45181,45181,26,25
45182,45182,26,47
45183,45183,26,18
45184,45184,26,28
45185,45185,27,66
45186,45186,27,25
45187,45187,27,15
45188,45188,27,44
45189,45189,28,39
45190,45190,28,33
45191,45191,28,17
45192,45192,28,22
45193,45193,29,53
45194,45194,29,27
45195,45195,29,31
45196,45196,29,24
45197,45197,30,77
45198,45198,30,22
45199,45199,30,38
45200,45200,30,50
45201,45201,31,40
45202,45202,31,25
45203,45203,31,12
45204,45204,31,39
45205,45205,32,53
45206,45206,32,48
45207,45207,32,19
45208,45208,32,41
45209,45209,33,38
45210,45210,33,10
45211,45211,33,26
45212,45212,33,14
45213,45213,34,33
45214,45214,34,29
45215,45215,34,15
45216,45216,34,28
45217,45217,35,25
45218,45218,35,31
45219,45219,35,17
45220,45220,35,69
45221,45221,1,44
45222,45222,1,31
45223,45223,1,53
45224,45224,1,18
45225,45225,2,39
45226,45226,2,28
45227,45227,2,20
45228,45228,2,35
45229,45229,3,48
45230,45230,3,25
45231,45231,3,19
45232,45232,3,41
45233,45233,4,66
45234,45234,4,52
45235,45235,4,6
45236,45236,4,21
45237,45237,5,44
45238,45238,5,34
45239,45239,5,22
45240,45240,5,30
45241,45241,6,29
45242,45242,6,26
45243,45243,6,34
45244,45244,6,54
45245,45245,7,89
45246,45246,7,35
45247,45247,7,47
45248,45248,7,50
45249,45249,8,51
45250,45250,8,11
45251,45251,8,41
45252,45252,8,81
45253,45253,9,59
45254,45254,9,23
45255,45255,9,18
45256,45256,9,48
45257,45257,10,27
45258,45258,10,30
45259,45259,10,34
45260,45260,10,25
45261,45261,11,66
45262,45262,11,59
45263,45263,11,18
45264,45264,11,45
45265,45265,12,62
45266,45266,12,30
45267,45267,12,24
45268,45268,12,45
45269,45269,13,61
45270,45270,13,37
45271,45271,13,9
45272,45272,13,47
45273,45273,14,44
45274,45274,14,35
45275,45275,14,27
45276,45276,14,51
45277,45277,15,59
45278,45278,15,26
45279,45279,15,19
45280,45280,15,58
45281,45281,16,31
45282,45282,16,34
45283,45283,16,22
45284,45284,16,66
45285,45285,17,70
45286,45286,17,23
45287,45287,17,24
45288,45288,17,24
45289,45289,18,74
45290,45290,18,32
45291,45291,18,26
45292,45292,18,54
45293,45293,19,68
45294,45294,19,46
45295,45295,19,30
45296,45296,19,37
45297,45297,20,49
45298,45298,20,26
45299,45299,20,30
45300,45300,20,24
45301,45301,21,59
45302,45302,21,16
45303,45303,21,25
45304,45304,21,43
45305,45305,22,24
45306,45306,22,20
45307,45307,22,12
45308,45308,22,27
45309,45309,23,38
45310,45310,23,29
45311,45311,23,19
45312,45312,23,34
45313,45313,24,55
45314,45314,24,22
45315,45315,24,17
45316,45316,24,37
45317,45317,25,29
45318,45318,25,28
45319,45319,25,24
45320,45320,25,22
45321,45321,26,30
45322,45322,26,10
45323,45323,26,26
45324,45324,26,49
45325,45325,27,48
45326,45326,27,25
45327,45327,27,10
45328,45328,27,63
45329,45329,28,21
45330,45330,28,34
45331,45331,28,23
45332,45332,28,22
45333,45333,29,55
45334,45334,29,27
45335,45335,29,19
45336,45336,29,30
45337,45337,30,48
45338,45338,30,27
45339,45339,30,42
45340,45340,30,42
45341,45341,31,36
45342,45342,31,31
45343,45343,31,23
45344,45344,31,39
45345,45345,32,80
45346,45346,32,41
45347,45347,32,43
45348,45348,32,46
45349,45349,33,56
45350,45350,33,19
45351,45351,33,40
45352,45352,33,58
45353,45353,34,36
45354,45354,34,35
45355,45355,34,34
45356,45356,34,53
45357,45357,35,25
45358,45358,35,55
45359,45359,35,15
45360,45360,35,32
45361,45361,1,78
45362,45362,1,29
45363,45363,1,35
45364,45364,1,43
45365,45365,2,37
45366,45366,2,9
45367,45367,2,42
45368,45368,2,61
45369,45369,3,23
45370,45370,3,11
45371,45371,3,32
45372,45372,3,66
45373,45373,4,70
45374,45374,4,22
45375,45375,4,43
45376,45376,4,65
45377,45377,5,55
45378,45378,5,21
45379,45379,5,15
45380,45380,5,48
45381,45381,6,66
45382,45382,6,41
45383,45383,6,37
45384,45384,6,24
45385,45385,7,65
45386,45386,7,37
45387,45387,7,22
45388,45388,7,60
45389,45389,8,43
45390,45390,8,53
45391,45391,8,31
45392,45392,8,65
45393,45393,9,49
45394,45394,9,24
45395,45395,9,40
45396,45396,9,29
45397,45397,10,39
45398,45398,10,32
45399,45399,10,27
45400,45400,10,67
45401,45401,11,64
45402,45402,11,21
45403,45403,11,43
45404,45404,11,34
45405,45405,12,47
45406,45406,12,20
45407,45407,12,35
45408,45408,12,27
45409,45409,13,70
45410,45410,13,44
45411,45411,13,16
45412,45412,13,64
45413,45413,14,63
45414,45414,14,46
45415,45415,14,32
45416,45416,14,45
45417,45417,15,46
45418,45418,15,40
45419,45419,15,40
45420,45420,15,68
45421,45421,16,30
45422,45422,16,28
45423,45423,16,69
45424,45424,16,62
45425,45425,17,42
45426,45426,17,29
45427,45427,17,29
45428,45428,17,26
45429,45429,18,65
45430,45430,18,31
45431,45431,18,47
45432,45432,18,48
45433,45433,19,55
45434,45434,19,50
45435,45435,19,18
45436,45436,19,19
45437,45437,20,61
45438,45438,20,22
45439,45439,20,38
45440,45440,20,55
45441,45441,21,56
45442,45442,21,25
45443,45443,21,27
45444,45444,21,44
45445,45445,22,72
45446,45446,22,25
45447,45447,22,48
45448,45448,22,41
45449,45449,23,101
45450,45450,23,26
45451,45451,23,18
45452,45452,23,66
45453,45453,24,37
45454,45454,24,11
45455,45455,24,21
45456,45456,24,31
45457,45457,25,54
45458,45458,25,19
45459,45459,25,31
45460,45460,25,36
45461,45461,26,64
45462,45462,26,55
45463,45463,26,13
45464,45464,26,74
45465,45465,27,60
45466,45466,27,28
45467,45467,27,30
45468,45468,27,42
45469,45469,28,18
45470,45470,28,48
45471,45471,28,20
45472,45472,28,35
45473,45473,29,69
45474,45474,29,39
45475,45475,29,27
45476,45476,29,106
45477,45477,30,57
45478,45478,30,29
45479,45479,30,23
45480,45480,30,62
45481,45481,31,49
45482,45482,31,63
45483,45483,31,25
45484,45484,31,33
45485,45485,32,48
45486,45486,32,19
45487,45487,32,20
45488,45488,32,63
45489,45489,33,65
45490,45490,33,22
45491,45491,33,40
45492,45492,33,29
45493,45493,34,46
45494,45494,34,42
45495,45495,34,49
45496,45496,34,78
45497,45497,35,51
45498,45498,35,44
45499,45499,35,21
45500,45500,35,55
45501,45501,1,43
45502,45502,1,33
45503,45503,1,37
45504,45504,1,60
45505,45505,2,79
45506,45506,2,73
45507,45507,2,77
45508,45508,2,53
45509,45509,3,71
45510,45510,3,48
45511,45511,3,29
45512,45512,3,25
45513,45513,4,78
45514,45514,4,42
45515,45515,4,50
45516,45516,4,72
45517,45517,5,68
45518,45518,5,37
45519,45519,5,36
45520,45520,5,36
45521,45521,6,59
45522,45522,6,64
45523,45523,6,82
45524,45524,6,99
45525,45525,7,94
45526,45526,7,66
45527,45527,7,20
45528,45528,7,61
45529,45529,8,63
45530,45530,8,63
45531,45531,8,55
45532,45532,8,105
45533,45533,9,88
45534,45534,9,25
45535,45535,9,17
45536,45536,9,43
45537,45537,10,30
45538,45538,10,34
45539,45539,10,20
45540,45540,10,47
45541,45541,11,68
45542,45542,11,90
45543,45543,11,22
45544,45544,11,94
45545,45545,12,58
45546,45546,12,33
45547,45547,12,64
45548,45548,12,81
45549,45549,13,61
45550,45550,13,43
45551,45551,13,28
45552,45552,13,17
45553,45553,14,105
45554,45554,14,25
45555,45555,14,43
45556,45556,14,33
45557,45557,15,34
45558,45558,15,56
45559,45559,15,30
45560,45560,15,30
45561,45561,16,56
45562,45562,16,24
45563,45563,16,44
45564,45564,16,41
45565,45565,17,52
45566,45566,17,29
45567,45567,17,29
45568,45568,17,47
45569,45569,18,103
45570,45570,18,81
45571,45571,18,28
45572,45572,18,35
45573,45573,19,37
45574,45574,19,41
45575,45575,19,32
45576,45576,19,29
45577,45577,20,96
45578,45578,20,30
45579,45579,20,20
45580,45580,20,59
45581,45581,21,53
45582,45582,21,40
45583,45583,21,55
45584,45584,21,37
45585,45585,22,24
45586,45586,22,59
45587,45587,22,48
45588,45588,22,38
45589,45589,23,99
45590,45590,23,61
45591,45591,23,41
45592,45592,23,36
45593,45593,24,54
45594,45594,24,44
45595,45595,24,54
45596,45596,24,107
45597,45597,25,57
45598,45598,25,44
45599,45599,25,32
45600,45600,25,50
45601,45601,26,95
45602,45602,26,39
45603,45603,26,48
45604,45604,26,22
45605,45605,27,34
45606,45606,27,48
45607,45607,27,34
45608,45608,27,37
45609,45609,28,80
45610,45610,28,37
45611,45611,28,29
45612,45612,28,55
45613,45613,29,58
45614,45614,29,63
45615,45615,29,43
45616,45616,29,41
45617,45617,30,53
45618,45618,30,50
45619,45619,30,33
45620,45620,30,29
45621,45621,31,87
45622,45622,31,43
45623,45623,31,30
45624,45624,31,73
45625,45625,32,70
45626,45626,32,43
45627,45627,32,39
45628,45628,32,82
45629,45629,33,56
45630,45630,33,46
45631,45631,33,15
45632,45632,33,21
45633,45633,34,43
45634,45634,34,52
45635,45635,34,46
45636,45636,34,74
45637,45637,35,54
45638,45638,35,28
45639,45639,35,49
45640,45640,35,54
45641,45641,1,101
45642,45642,1,91
45643,45643,1,77
45644,45644,1,48
45645,45645,2,133
45646,45646,2,70
45647,45647,2,39
45648,45648,2,115
45649,45649,3,149
45650,45650,3,59
45651,45651,3,23
45652,45652,3,74
45653,45653,4,43
45654,45654,4,42
45655,45655,4,59
45656,45656,4,83
45657,45657,5,126
45658,45658,5,55
45659,45659,5,41
45660,45660,5,79
45661,45661,6,78
45662,45662,6,36
45663,45663,6,21
45664,45664,6,61
45665,45665,7,50
45666,45666,7,54
45667,45667,7,64
45668,45668,7,62
45669,45669,8,90
45670,45670,8,46
45671,45671,8,60
45672,45672,8,33
45673,45673,9,85
45674,45674,9,81
45675,45675,9,77
45676,45676,9,55
45677,45677,10,67
45678,45678,10,89
45679,45679,10,34
45680,45680,10,73
45681,45681,11,145
45682,45682,11,92
45683,45683,11,47
45684,45684,11,89
45685,45685,12,71
45686,45686,12,38
45687,45687,12,49
45688,45688,12,107
45689,45689,13,59
45690,45690,13,42
45691,45691,13,39
45692,45692,13,89
45693,45693,14,128
45694,45694,14,36
45695,45695,14,55
45696,45696,14,60
45697,45697,15,109
45698,45698,15,25
45699,45699,15,42
45700,45700,15,59
45701,45701,16,135
45702,45702,16,25
45703,45703,16,70
45704,45704,16,56
45705,45705,17,103
45706,45706,17,51
45707,45707,17,47
45708,45708,17,110
45709,45709,18,71
45710,45710,18,92
45711,45711,18,19
45712,45712,18,41
45713,45713,19,71
45714,45714,19,84
45715,45715,19,85
45716,45716,19,92
45717,45717,20,36
45718,45718,20,45
45719,45719,20,42
45720,45720,20,70
45721,45721,21,165
45722,45722,21,56
45723,45723,21,29
45724,45724,21,45
45725,45725,22,125
45726,45726,22,74
45727,45727,22,56
45728,45728,22,102
45729,45729,23,82
45730,45730,23,54
45731,45731,23,67
45732,45732,23,62
45733,45733,24,92
45734,45734,24,35
45735,45735,24,55
45736,45736,24,41
45737,45737,25,57
45738,45738,25,48
45739,45739,25,24
45740,45740,25,88
45741,45741,26,57
45742,45742,26,46
45743,45743,26,18
45744,45744,26,41
45745,45745,27,72
45746,45746,27,29
45747,45747,27,42
45748,45748,27,76
45749,45749,28,61
45750,45750,28,55
45751,45751,28,34
45752,45752,28,107
45753,45753,29,118
45754,45754,29,67
45755,45755,29,25
45756,45756,29,115
45757,45757,30,62
45758,45758,30,45
45759,45759,30,45
45760,45760,30,42
45761,45761,31,57
45762,45762,31,64
45763,45763,31,45
45764,45764,31,56
45765,45765,32,83
45766,45766,32,70
45767,45767,32,41
45768,45768,32,41
45769,45769,33,73
45770,45770,33,51
45771,45771,33,65
45772,45772,33,58
45773,45773,34,101
45774,45774,34,71
45775,45775,34,31
45776,45776,34,62
45777,45777,35,45
45778,45778,35,31
45779,45779,35,21
45780,45780,35,32
45781,45781,1,123
45782,45782,1,40
45783,45783,1,38
45784,45784,1,46
45785,45785,2,70
45786,45786,2,51
45787,45787,2,34
45788,45788,2,84
45789,45789,3,50
45790,45790,3,36
45791,45791,3,29
45792,45792,3,39
45793,45793,4,66
45794,45794,4,78
45795,45795,4,61
45796,45796,4,93
45797,45797,5,61
45798,45798,5,69
45799,45799,5,23
45800,45800,5,48
45801,45801,6,59
45802,45802,6,95
45803,45803,6,11
45804,45804,6,73
45805,45805,7,76
45806,45806,7,62
45807,45807,7,37
45808,45808,7,66
45809,45809,8,70
45810,45810,8,57
45811,45811,8,48
45812,45812,8,42
45813,45813,9,65
45814,45814,9,48
45815,45815,9,60
45816,45816,9,67
45817,45817,10,90
45818,45818,10,44
45819,45819,10,67
45820,45820,10,45
45821,45821,11,105
45822,45822,11,41
45823,45823,11,23
45824,45824,11,67
45825,45825,12,87
45826,45826,12,22
45827,45827,12,34
45828,45828,12,40
45829,45829,13,53
45830,45830,13,67
45831,45831,13,35
45832,45832,13,37
45833,45833,14,32
45834,45834,14,71
45835,45835,14,27
45836,45836,14,87
45837,45837,15,85
45838,45838,15,66
45839,45839,15,52
45840,45840,15,76
45841,45841,16,103
45842,45842,16,53
45843,45843,16,104
45844,45844,16,61
45845,45845,17,74
45846,45846,17,27
45847,45847,17,60
45848,45848,17,85
45849,45849,18,84
45850,45850,18,51
45851,45851,18,9
45852,45852,18,82
45853,45853,19,112
45854,45854,19,79
45855,45855,19,28
45856,45856,19,25
45857,45857,20,65
45858,45858,20,55
45859,45859,20,31
45860,45860,20,67
45861,45861,21,56
45862,45862,21,34
45863,45863,21,14
45864,45864,21,41
45865,45865,22,26
45866,45866,22,33
45867,45867,22,29
45868,45868,22,48
45869,45869,23,86
45870,45870,23,33
45871,45871,23,32
45872,45872,23,54
45873,45873,24,33
45874,45874,24,55
45875,45875,24,57
45876,45876,24,103
45877,45877,25,55
45878,45878,25,35
45879,45879,25,36
45880,45880,25,118
45881,45881,26,84
45882,45882,26,38
45883,45883,26,37
45884,45884,26,41
45885,45885,27,122
45886,45886,27,66
45887,45887,27,45
45888,45888,27,33
45889,45889,28,72
45890,45890,28,34
45891,45891,28,56
45892,45892,28,36
45893,45893,29,59
45894,45894,29,26
45895,45895,29,48
45896,45896,29,32
45897,45897,30,62
45898,45898,30,21
45899,45899,30,62
45900,45900,30,100
45901,45901,31,98
45902,45902,31,31
45903,45903,31,27
45904,45904,31,74
45905,45905,32,102
45906,45906,32,76
45907,45907,32,41
45908,45908,32,18
45909,45909,33,94
45910,45910,33,93
45911,45911,33,18
45912,45912,33,119
45913,45913,34,77
45914,45914,34,43
45915,45915,34,38
45916,45916,34,93
45917,45917,35,103
45918,45918,35,27
45919,45919,35,86
45920,45920,35,60
45921,45921,1,38
45922,45922,1,36
45923,45923,1,16
45924,45924,1,32
45925,45925,2,32
45926,45926,2,32
45927,45927,2,30
45928,45928,2,30
45929,45929,3,44
45930,45930,3,32
45931,45931,3,17
45932,45932,3,25
45933,45933,4,44
45934,45934,4,37
45935,45935,4,9
45936,45936,4,23
45937,45937,5,29
45938,45938,5,21
45939,45939,5,16
45940,45940,5,19
45941,45941,6,50
45942,45942,6,41
45943,45943,6,31
45944,45944,6,49
45945,45945,7,37
45946,45946,7,36
45947,45947,7,5
45948,45948,7,32
45949,45949,8,27
45950,45950,8,48
45951,45951,8,39
45952,45952,8,33
45953,45953,9,43
45954,45954,9,25
45955,45955,9,16
45956,45956,9,30
45957,45957,10,37
45958,45958,10,19
45959,45959,10,31
45960,45960,10,38
45961,45961,11,15
45962,45962,11,29
45963,45963,11,25
45964,45964,11,16
45965,45965,12,56
45966,45966,12,12
45967,45967,12,11
45968,45968,12,15
45969,45969,13,62
45970,45970,13,9
45971,45971,13,9
45972,45972,13,24
45973,45973,14,78
45974,45974,14,15
45975,45975,14,29
45976,45976,14,22
45977,45977,15,32
45978,45978,15,33
45979,45979,15,30
45980,45980,15,44
45981,45981,16,31
45982,45982,16,43
45983,45983,16,25
45984,45984,16,38
45985,45985,17,43
45986,45986,17,29
45987,45987,17,43
45988,45988,17,58
45989,45989,18,35
45990,45990,18,42
45991,45991,18,11
45992,45992,18,39
45993,45993,19,18
45994,45994,19,35
45995,45995,19,30
45996,45996,19,37
45997,45997,20,45
45998,45998,20,31
45999,45999,20,46
46000,46000,20,20
46001,46001,21,47
46002,46002,21,52
46003,46003,21,12
46004,46004,21,30
46005,46005,22,40
46006,46006,22,21
46007,46007,22,17
46008,46008,22,50
46009,46009,23,22
46010,46010,23,24
46011,46011,23,46
46012,46012,23,46
46013,46013,24,54
46014,46014,24,19
46015,46015,24,19
46016,46016,24,29
46017,46017,25,37
46018,46018,25,26
46019,46019,25,24
46020,46020,25,26
46021,46021,26,23
46022,46022,26,36
46023,46023,26,22
46024,46024,26,41
46025,46025,27,20
46026,46026,27,20
46027,46027,27,35
46028,46028,27,30
46029,46029,28,77
46030,46030,28,19
46031,46031,28,19
46032,46032,28,41
46033,46033,29,76
46034,46034,29,38
46035,46035,29,37
46036,46036,29,42
46037,46037,30,48
46038,46038,30,18
46039,46039,30,25
46040,46040,30,39
46041,46041,31,27
46042,46042,31,54
46043,46043,31,27
46044,46044,31,41
46045,46045,32,24
46046,46046,32,27
46047,46047,32,20
46048,46048,32,44
46049,46049,33,46
46050,46050,33,19
46051,46051,33,22
46052,46052,33,37
46053,46053,34,43
46054,46054,34,27
46055,46055,34,23
46056,46056,34,22
46057,46057,35,34
46058,46058,35,13
46059,46059,35,26
46060,46060,35,51
46061,46061,1,27
46062,46062,1,37
46063,46063,1,33
46064,46064,1,23
46065,46065,2,43
46066,46066,2,54
46067,46067,2,18
46068,46068,2,43
46069,46069,3,39
46070,46070,3,10
46071,46071,3,15
46072,46072,3,20
46073,46073,4,49
46074,46074,4,18
46075,46075,4,34
46076,46076,4,36
46077,46077,5,40
46078,46078,5,24
46079,46079,5,12
46080,46080,5,37
46081,46081,6,48
46082,46082,6,29
46083,46083,6,15
46084,46084,6,21
46085,46085,7,33
46086,46086,7,20
46087,46087,7,22
46088,46088,7,26
46089,46089,8,72
46090,46090,8,17
46091,46091,8,49
46092,46092,8,27
46093,46093,9,18
46094,46094,9,39
46095,46095,9,33
46096,46096,9,18
46097,46097,10,31
46098,46098,10,20
46099,46099,10,12
46100,46100,10,20
46101,46101,11,32
46102,46102,11,31
46103,46103,11,15
46104,46104,11,44
46105,46105,12,36
46106,46106,12,28
46107,46107,12,31
46108,46108,12,26
46109,46109,13,25
46110,46110,13,38
46111,46111,13,17
46112,46112,13,25
46113,46113,14,37
46114,46114,14,32
46115,46115,14,22
46116,46116,14,43
46117,46117,15,69
46118,46118,15,42
46119,46119,15,14
46120,46120,15,36
46121,46121,16,67
46122,46122,16,34
46123,46123,16,22
46124,46124,16,34
46125,46125,17,41
46126,46126,17,25
46127,46127,17,17
46128,46128,17,32
46129,46129,18,51
46130,46130,18,16
46131,46131,18,15
46132,46132,18,33
46133,46133,19,26
46134,46134,19,11
46135,46135,19,14
46136,46136,19,37
46137,46137,20,44
46138,46138,20,44
46139,46139,20,18
46140,46140,20,25
46141,46141,21,25
46142,46142,21,16
46143,46143,21,31
46144,46144,21,11
46145,46145,22,27
46146,46146,22,21
46147,46147,22,21
46148,46148,22,66
46149,46149,23,31
46150,46150,23,33
46151,46151,23,37
46152,46152,23,37
46153,46153,24,31
46154,46154,24,25
46155,46155,24,22
46156,46156,24,43
46157,46157,25,30
46158,46158,25,17
46159,46159,25,19
46160,46160,25,31
46161,46161,26,38
46162,46162,26,37
46163,46163,26,26
46164,46164,26,47
46165,46165,27,45
46166,46166,27,26
46167,46167,27,24
46168,46168,27,38
46169,46169,28,78
46170,46170,28,34
46171,46171,28,31
46172,46172,28,22
46173,46173,29,61
46174,46174,29,23
46175,46175,29,21
46176,46176,29,66
46177,46177,30,39
46178,46178,30,30
46179,46179,30,42
46180,46180,30,46
46181,46181,31,72
46182,46182,31,29
46183,46183,31,24
46184,46184,31,34
46185,46185,32,35
46186,46186,32,32
46187,46187,32,31
46188,46188,32,37
46189,46189,33,31
46190,46190,33,39
46191,46191,33,27
46192,46192,33,47
46193,46193,34,79
46194,46194,34,35
46195,46195,34,12
46196,46196,34,41
46197,46197,35,59
46198,46198,35,12
46199,46199,35,22
46200,46200,35,38
46201,46201,1,35
46202,46202,1,44
46203,46203,1,32
46204,46204,1,32
46205,46205,2,27
46206,46206,2,35
46207,46207,2,31
46208,46208,2,37
46209,46209,3,57
46210,46210,3,34
46211,46211,3,29
46212,46212,3,31
46213,46213,4,43
46214,46214,4,41
46215,46215,4,27
46216,46216,4,14
46217,46217,5,40
46218,46218,5,34
46219,46219,5,25
46220,46220,5,46
46221,46221,6,22
46222,46222,6,15
46223,46223,6,21
46224,46224,6,38
46225,46225,7,28
46226,46226,7,22
46227,46227,7,16
46228,46228,7,46
46229,46229,8,81
46230,46230,8,26
46231,46231,8,41
46232,46232,8,44
46233,46233,9,61
46234,46234,9,52
46235,46235,9,29
46236,46236,9,69
46237,46237,10,63
46238,46238,10,17
46239,46239,10,37
46240,46240,10,43
46241,46241,11,77
46242,46242,11,22
46243,46243,11,9
46244,46244,11,43
46245,46245,12,71
46246,46246,12,29
46247,46247,12,22
46248,46248,12,26
46249,46249,13,37
46250,46250,13,33
46251,46251,13,18
46252,46252,13,51
46253,46253,14,24
46254,46254,14,22
46255,46255,14,26
46256,46256,14,29
46257,46257,15,67
46258,46258,15,29
46259,46259,15,34
46260,46260,15,66
46261,46261,16,85
46262,46262,16,29
46263,46263,16,26
46264,46264,16,44
46265,46265,17,28
46266,46266,17,26
46267,46267,17,14
46268,46268,17,40
46269,46269,18,42
46270,46270,18,45
46271,46271,18,27
46272,46272,18,38
46273,46273,19,31
46274,46274,19,29
46275,46275,19,23
46276,46276,19,33
46277,46277,20,5
46278,46278,20,27
46279,46279,20,38
46280,46280,20,43
46281,46281,21,56
46282,46282,21,38
46283,46283,21,14
46284,46284,21,27
46285,46285,22,34
46286,46286,22,23
46287,46287,22,36
46288,46288,22,44
46289,46289,23,65
46290,46290,23,24
46291,46291,23,32
46292,46292,23,31
46293,46293,24,56
46294,46294,24,27
46295,46295,24,10
46296,46296,24,49
46297,46297,25,27
46298,46298,25,22
46299,46299,25,28
46300,46300,25,48
46301,46301,26,57
46302,46302,26,30
46303,46303,26,21
46304,46304,26,71
46305,46305,27,44
46306,46306,27,18
46307,46307,27,21
46308,46308,27,24
46309,46309,28,56
46310,46310,28,50
46311,46311,28,26
46312,46312,28,61
46313,46313,29,26
46314,46314,29,12
46315,46315,29,10
46316,46316,29,57
46317,46317,30,90
46318,46318,30,25
46319,46319,30,33
46320,46320,30,50
46321,46321,31,58
46322,46322,31,21
46323,46323,31,18
46324,46324,31,33
46325,46325,32,61
46326,46326,32,12
46327,46327,32,16
46328,46328,32,46
46329,46329,33,76
46330,46330,33,31
46331,46331,33,13
46332,46332,33,25
46333,46333,34,36
46334,46334,34,26
46335,46335,34,32
46336,46336,34,23
46337,46337,35,55
46338,46338,35,28
46339,46339,35,41
46340,46340,35,54
46341,46341,1,26
46342,46342,1,42
46343,46343,1,19
46344,46344,1,25
46345,46345,2,44
46346,46346,2,21
46347,46347,2,26
46348,46348,2,58
46349,46349,3,70
46350,46350,3,59
46351,46351,3,29
46352,46352,3,61
46353,46353,4,51
46354,46354,4,27
46355,46355,4,40
46356,46356,4,35
46357,46357,5,32
46358,46358,5,19
46359,46359,5,32
46360,46360,5,75
46361,46361,6,48
46362,46362,6,26
46363,46363,6,23
46364,46364,6,52
46365,46365,7,60
46366,46366,7,30
46367,46367,7,40
46368,46368,7,26
46369,46369,8,34
46370,46370,8,97
46371,46371,8,26
46372,46372,8,64
46373,46373,9,66
46374,46374,9,26
46375,46375,9,27
46376,46376,9,56
46377,46377,10,99
46378,46378,10,35
46379,46379,10,28
46380,46380,10,64
46381,46381,11,38
46382,46382,11,39
46383,46383,11,31
46384,46384,11,26
46385,46385,12,45
46386,46386,12,55
46387,46387,12,50
46388,46388,12,10
46389,46389,13,30
46390,46390,13,54
46391,46391,13,32
46392,46392,13,27
46393,46393,14,34
46394,46394,14,20
46395,46395,14,27
46396,46396,14,69
46397,46397,15,57
46398,46398,15,43
46399,46399,15,22
46400,46400,15,77
46401,46401,16,36
46402,46402,16,43
46403,46403,16,36
46404,46404,16,58
46405,46405,17,31
46406,46406,17,38
46407,46407,17,15
46408,46408,17,55
46409,46409,18,36
46410,46410,18,42
46411,46411,18,35
46412,46412,18,32
46413,46413,19,63
46414,46414,19,37
46415,46415,19,26
46416,46416,19,46
46417,46417,20,35
46418,46418,20,41
46419,46419,20,53
46420,46420,20,50
46421,46421,21,88
46422,46422,21,46
46423,46423,21,32
46424,46424,21,56
46425,46425,22,56
46426,46426,22,15
46427,46427,22,37
46428,46428,22,22
46429,46429,23,38
46430,46430,23,41
46431,46431,23,38
46432,46432,23,38
46433,46433,24,53
46434,46434,24,23
46435,46435,24,30
46436,46436,24,23
46437,46437,25,39
46438,46438,25,38
46439,46439,25,35
46440,46440,25,50
46441,46441,26,44
46442,46442,26,17
46443,46443,26,14
46444,46444,26,50
46445,46445,27,80
46446,46446,27,30
46447,46447,27,39
46448,46448,27,66
46449,46449,28,85
46450,46450,28,30
46451,46451,28,35
46452,46452,28,25
46453,46453,29,54
46454,46454,29,59
46455,46455,29,28
46456,46456,29,42
46457,46457,30,66
46458,46458,30,13
46459,46459,30,35
46460,46460,30,40
46461,46461,31,54
46462,46462,31,38
46463,46463,31,16
46464,46464,31,86
46465,46465,32,37
46466,46466,32,55
46467,46467,32,33
46468,46468,32,48
46469,46469,33,40
46470,46470,33,33
46471,46471,33,15
46472,46472,33,33
46473,46473,34,46
46474,46474,34,53
46475,46475,34,59
46476,46476,34,21
46477,46477,35,22
46478,46478,35,30
46479,46479,35,24
46480,46480,35,26
46481,46481,1,88
46482,46482,1,20
46483,46483,1,69
46484,46484,1,68
46485,46485,2,80
46486,46486,2,66
46487,46487,2,34
46488,46488,2,55
46489,46489,3,109
46490,46490,3,56
46491,46491,3,32
46492,46492,3,86
46493,46493,4,83
46494,46494,4,39
46495,46495,4,18
46496,46496,4,29
46497,46497,5,88
46498,46498,5,56
46499,46499,5,20
46500,46500,5,52
46501,46501,6,59
46502,46502,6,29
46503,46503,6,47
46504,46504,6,54
46505,46505,7,71
46506,46506,7,58
46507,46507,7,31
46508,46508,7,40
46509,46509,8,61
46510,46510,8,26
46511,46511,8,21
46512,46512,8,29
46513,46513,9,45
46514,46514,9,26
46515,46515,9,46
46516,46516,9,33
46517,46517,10,46
46518,46518,10,43
46519,46519,10,27
46520,46520,10,40
46521,46521,11,89
46522,46522,11,59
46523,46523,11,31
46524,46524,11,67
46525,46525,12,52
46526,46526,12,64
46527,46527,12,18
46528,46528,12,53
46529,46529,13,50
46530,46530,13,38
46531,46531,13,23
46532,46532,13,41
46533,46533,14,87
46534,46534,14,49
46535,46535,14,33
46536,46536,14,75
46537,46537,15,69
46538,46538,15,62
46539,46539,15,49
46540,46540,15,45
46541,46541,16,139
46542,46542,16,26
46543,46543,16,29
46544,46544,16,35
46545,46545,17,97
46546,46546,17,50
46547,46547,17,55
46548,46548,17,65
46549,46549,18,81
46550,46550,18,49
46551,46551,18,36
46552,46552,18,35
46553,46553,19,74
46554,46554,19,51
46555,46555,19,33
46556,46556,19,70
46557,46557,20,91
46558,46558,20,40
46559,46559,20,37
46560,46560,20,130
46561,46561,21,90
46562,46562,21,32
46563,46563,21,15
46564,46564,21,48
46565,46565,22,93
46566,46566,22,74
46567,46567,22,63
46568,46568,22,43
46569,46569,23,52
46570,46570,23,60
46571,46571,23,39
46572,46572,23,48
46573,46573,24,65
46574,46574,24,30
46575,46575,24,41
46576,46576,24,36
46577,46577,25,68
46578,46578,25,38
46579,46579,25,32
46580,46580,25,77
46581,46581,26,99
46582,46582,26,70
46583,46583,26,49
46584,46584,26,42
46585,46585,27,44
46586,46586,27,72
46587,46587,27,52
46588,46588,27,25
46589,46589,28,79
46590,46590,28,30
46591,46591,28,22
46592,46592,28,39
46593,46593,29,38
46594,46594,29,57
46595,46595,29,45
46596,46596,29,75
46597,46597,30,83
46598,46598,30,31
46599,46599,30,28
46600,46600,30,47
46601,46601,31,56
46602,46602,31,40
46603,46603,31,34
46604,46604,31,92
46605,46605,32,97
46606,46606,32,58
46607,46607,32,59
46608,46608,32,35
46609,46609,33,37
46610,46610,33,29
46611,46611,33,49
46612,46612,33,66
46613,46613,34,27
46614,46614,34,54
46615,46615,34,47
46616,46616,34,47
46617,46617,35,47
46618,46618,35,80
46619,46619,35,57
46620,46620,35,103
46621,46621,1,106
46622,46622,1,52
46623,46623,1,60
46624,46624,1,69
46625,46625,2,115
46626,46626,2,51
46627,46627,2,55
46628,46628,2,53
46629,46629,3,97
46630,46630,3,32
46631,46631,3,47
46632,46632,3,58
46633,46633,4,60
46634,46634,4,74
46635,46635,4,50
46636,46636,4,92
46637,46637,5,76
46638,46638,5,87
46639,46639,5,40
46640,46640,5,140
46641,46641,6,53
46642,46642,6,30
46643,46643,6,78
46644,46644,6,50
46645,46645,7,66
46646,46646,7,57
46647,46647,7,81
46648,46648,7,52
46649,46649,8,94
46650,46650,8,45
46651,46651,8,46
46652,46652,8,76
46653,46653,9,45
46654,46654,9,58
46655,46655,9,69
46656,46656,9,52
46657,46657,10,62
46658,46658,10,51
46659,46659,10,23
46660,46660,10,64
46661,46661,11,98
46662,46662,11,30
46663,46663,11,52
46664,46664,11,106
46665,46665,12,103
46666,46666,12,56
46667,46667,12,47
46668,46668,12,82
46669,46669,13,53
46670,46670,13,54
46671,46671,13,70
46672,46672,13,66
46673,46673,14,79
46674,46674,14,40
46675,46675,14,82
46676,46676,14,38
46677,46677,15,78
46678,46678,15,48
46679,46679,15,33
46680,46680,15,45
46681,46681,16,62
46682,46682,16,37
46683,46683,16,27
46684,46684,16,24
46685,46685,17,143
46686,46686,17,47
46687,46687,17,31
46688,46688,17,96
46689,46689,18,98
46690,46690,18,95
46691,46691,18,64
46692,46692,18,136
46693,46693,19,39
46694,46694,19,32
46695,46695,19,29
46696,46696,19,60
46697,46697,20,79
46698,46698,20,49
46699,46699,20,42
46700,46700,20,45
46701,46701,21,142
46702,46702,21,49
46703,46703,21,57
46704,46704,21,94
46705,46705,22,109
46706,46706,22,44
46707,46707,22,41
46708,46708,22,36
46709,46709,23,130
46710,46710,23,42
46711,46711,23,23
46712,46712,23,94
46713,46713,24,54
46714,46714,24,58
46715,46715,24,24
46716,46716,24,32
46717,46717,25,87
46718,46718,25,61
46719,46719,25,35
46720,46720,25,92
46721,46721,26,43
46722,46722,26,53
46723,46723,26,26
46724,46724,26,73
46725,46725,27,71
46726,46726,27,29
46727,46727,27,59
46728,46728,27,99
46729,46729,28,38
46730,46730,28,47
46731,46731,28,42
46732,46732,28,21
46733,46733,29,77
46734,46734,29,51
46735,46735,29,32
46736,46736,29,101
46737,46737,30,84
46738,46738,30,72
46739,46739,30,38
46740,46740,30,73
46741,46741,31,88
46742,46742,31,80
46743,46743,31,34
46744,46744,31,72
46745,46745,32,90
46746,46746,32,70
46747,46747,32,52
46748,46748,32,72
46749,46749,33,50
46750,46750,33,38
46751,46751,33,95
46752,46752,33,83
46753,46753,34,64
46754,46754,34,83
46755,46755,34,44
46756,46756,34,56
46757,46757,35,95
46758,46758,35,102
46759,46759,35,16
46760,46760,35,51
46761,46761,1,61
46762,46762,1,21
46763,46763,1,39
46764,46764,1,72
46765,46765,2,59
46766,46766,2,45
46767,46767,2,45
46768,46768,2,68
46769,46769,3,94
46770,46770,3,69
46771,46771,3,19
46772,46772,3,132
46773,46773,4,41
46774,46774,4,20
46775,46775,4,26
46776,46776,4,25
46777,46777,5,63
46778,46778,5,35
46779,46779,5,94
46780,46780,5,42
46781,46781,6,91
46782,46782,6,52
46783,46783,6,38
46784,46784,6,55
46785,46785,7,74
46786,46786,7,19
46787,46787,7,27
46788,46788,7,88
46789,46789,8,35
46790,46790,8,75
46791,46791,8,18
46792,46792,8,49
46793,46793,9,64
46794,46794,9,54
46795,46795,9,37
46796,46796,9,36
46797,46797,10,59
46798,46798,10,103
46799,46799,10,50
46800,46800,10,112
46801,46801,11,85
46802,46802,11,107
46803,46803,11,23
46804,46804,11,42
46805,46805,12,65
46806,46806,12,32
46807,46807,12,29
46808,46808,12,80
46809,46809,13,102
46810,46810,13,38
46811,46811,13,51
46812,46812,13,87
46813,46813,14,91
46814,46814,14,35
46815,46815,14,28
46816,46816,14,81
46817,46817,15,84
46818,46818,15,67
46819,46819,15,54
46820,46820,15,124
46821,46821,16,117
46822,46822,16,52
46823,46823,16,58
46824,46824,16,66
46825,46825,17,86
46826,46826,17,67
46827,46827,17,33
46828,46828,17,51
46829,46829,18,56
46830,46830,18,110
46831,46831,18,52
46832,46832,18,86
46833,46833,19,89
46834,46834,19,83
46835,46835,19,61
46836,46836,19,74
46837,46837,20,98
46838,46838,20,32
46839,46839,20,44
46840,46840,20,37
46841,46841,21,97
46842,46842,21,54
46843,46843,21,27
46844,46844,21,75
46845,46845,22,70
46846,46846,22,45
46847,46847,22,100
46848,46848,22,41
46849,46849,23,53
46850,46850,23,53
46851,46851,23,30
46852,46852,23,106
46853,46853,24,82
46854,46854,24,40
46855,46855,24,27
46856,46856,24,43
46857,46857,25,54
46858,46858,25,39
46859,46859,25,36
46860,46860,25,48
46861,46861,26,73
46862,46862,26,92
46863,46863,26,40
46864,46864,26,56
46865,46865,27,65
46866,46866,27,39
46867,46867,27,58
46868,46868,27,36
46869,46869,28,91
46870,46870,28,33
46871,46871,28,28
46872,46872,28,53
46873,46873,29,51
46874,46874,29,53
46875,46875,29,68
46876,46876,29,92
46877,46877,30,80
46878,46878,30,64
46879,46879,30,58
46880,46880,30,61
46881,46881,31,67
46882,46882,31,48
46883,46883,31,32
46884,46884,31,65
46885,46885,32,144
46886,46886,32,55
46887,46887,32,68
46888,46888,32,69
46889,46889,33,74
46890,46890,33,32
46891,46891,33,71
46892,46892,33,107
46893,46893,34,151
46894,46894,34,37
46895,46895,34,36
46896,46896,34,59
46897,46897,35,72
46898,46898,35,40
46899,46899,35,47
46900,46900,35,97
46901,46901,1,21
46902,46902,1,48
46903,46903,1,30
46904,46904,1,49
46905,46905,2,44
46906,46906,2,38
46907,46907,2,30
46908,46908,2,28
46909,46909,3,45
46910,46910,3,40
46911,46911,3,25
46912,46912,3,31
46913,46913,4,10
46914,46914,4,13
46915,46915,4,26
46916,46916,4,29
46917,46917,5,42
46918,46918,5,21
46919,46919,5,13
46920,46920,5,30
46921,46921,6,33
46922,46922,6,34
46923,46923,6,34
46924,46924,6,34
46925,46925,7,19
46926,46926,7,60
46927,46927,7,30
46928,46928,7,29
46929,46929,8,16
46930,46930,8,23
46931,46931,8,30
46932,46932,8,41
46933,46933,9,39
46934,46934,9,37
46935,46935,9,17
46936,46936,9,18
46937,46937,10,48
46938,46938,10,33
46939,46939,10,16
46940,46940,10,38
46941,46941,11,16
46942,46942,11,26
46943,46943,11,15
46944,46944,11,29
46945,46945,12,27
46946,46946,12,42
46947,46947,12,14
46948,46948,12,34
46949,46949,13,41
46950,46950,13,31
46951,46951,13,17
46952,46952,13,40
46953,46953,14,29
46954,46954,14,33
46955,46955,14,23
46956,46956,14,56
46957,46957,15,49
46958,46958,15,39
46959,46959,15,41
46960,46960,15,41
46961,46961,16,41
46962,46962,16,18
46963,46963,16,30
46964,46964,16,20
46965,46965,17,26
46966,46966,17,36
46967,46967,17,15
46968,46968,17,29
46969,46969,18,57
46970,46970,18,19
46971,46971,18,13
46972,46972,18,32
46973,46973,19,22
46974,46974,19,14
46975,46975,19,28
46976,46976,19,53
46977,46977,20,28
46978,46978,20,24
46979,46979,20,17
46980,46980,20,45
46981,46981,21,22
46982,46982,21,12
46983,46983,21,23
46984,46984,21,27
46985,46985,22,29
46986,46986,22,12
46987,46987,22,18
46988,46988,22,35
46989,46989,23,16
46990,46990,23,21
46991,46991,23,14
46992,46992,23,29
46993,46993,24,45
46994,46994,24,24
46995,46995,24,23
46996,46996,24,24
46997,46997,25,29
46998,46998,25,42
46999,46999,25,10
47000,47000,25,26
47001,47001,26,73
47002,47002,26,16
47003,47003,26,16
47004,47004,26,35
47005,47005,27,46
47006,47006,27,30
47007,47007,27,23
47008,47008,27,24
47009,47009,28,40
47010,47010,28,22
47011,47011,28,33
47012,47012,28,41
47013,47013,29,52
47014,47014,29,13
47015,47015,29,13
47016,47016,29,44
47017,47017,30,47
47018,47018,30,23
47019,47019,30,24
47020,47020,30,58
47021,47021,31,18
47022,47022,31,37
47023,47023,31,30
47024,47024,31,23
47025,47025,32,42
47026,47026,32,17
47027,47027,32,25
47028,47028,32,39
47029,47029,33,39
47030,47030,33,24
47031,47031,33,28
47032,47032,33,18
47033,47033,34,31
47034,47034,34,38
47035,47035,34,17
47036,47036,34,43
47037,47037,35,33
47038,47038,35,21
47039,47039,35,15
47040,47040,35,26
47041,47041,1,46
47042,47042,1,23
47043,47043,1,23
47044,47044,1,24
47045,47045,2,23
47046,47046,2,35
47047,47047,2,16
47048,47048,2,39
47049,47049,3,40
47050,47050,3,59
47051,47051,3,21
47052,47052,3,39
47053,47053,4,50
47054,47054,4,22
47055,47055,4,22
47056,47056,4,70
47057,47057,5,48
47058,47058,5,15
47059,47059,5,26
47060,47060,5,32
47061,47061,6,29
47062,47062,6,32
47063,47063,6,32
47064,47064,6,18
47065,47065,7,17
47066,47066,7,44
47067,47067,7,24
47068,47068,7,34
47069,47069,8,40
47070,47070,8,9
47071,47071,8,18
47072,47072,8,27
47073,47073,9,29
47074,47074,9,25
47075,47075,9,29
47076,47076,9,33
47077,47077,10,50
47078,47078,10,18
47079,47079,10,22
47080,47080,10,17
47081,47081,11,28
47082,47082,11,25
47083,47083,11,38
47084,47084,11,26
47085,47085,12,31
47086,47086,12,24
47087,47087,12,6
47088,47088,12,27
47089,47089,13,83
47090,47090,13,28
47091,47091,13,14
47092,47092,13,31
47093,47093,14,36
47094,47094,14,66
47095,47095,14,11
47096,47096,14,16
47097,47097,15,59
47098,47098,15,49
47099,47099,15,26
47100,47100,15,19
47101,47101,16,21
47102,47102,16,11
47103,47103,16,33
47104,47104,16,27
47105,47105,17,46
47106,47106,17,26
47107,47107,17,29
47108,47108,17,12
47109,47109,18,71
47110,47110,18,13
47111,47111,18,26
47112,47112,18,48
47113,47113,19,29
47114,47114,19,38
47115,47115,19,28
47116,47116,19,18
47117,47117,20,34
47118,47118,20,33
47119,47119,20,24
47120,47120,20,27
47121,47121,21,56
47122,47122,21,48
47123,47123,21,19
47124,47124,21,58
47125,47125,22,35
47126,47126,22,16
47127,47127,22,21
47128,47128,22,18
47129,47129,23,31
47130,47130,23,29
47131,47131,23,19
47132,47132,23,29
47133,47133,24,39
47134,47134,24,20
47135,47135,24,18
47136,47136,24,34
47137,47137,25,24
47138,47138,25,23
47139,47139,25,14
47140,47140,25,47
47141,47141,26,22
47142,47142,26,25
47143,47143,26,19
47144,47144,26,38
47145,47145,27,23
47146,47146,27,29
47147,47147,27,36
47148,47148,27,55
47149,47149,28,27
47150,47150,28,33
47151,47151,28,30
47152,47152,28,41
47153,47153,29,37
47154,47154,29,43
47155,47155,29,40
47156,47156,29,25
47157,47157,30,59
47158,47158,30,27
47159,47159,30,16
47160,47160,30,24
47161,47161,31,46
47162,47162,31,19
47163,47163,31,17
47164,47164,31,54
47165,47165,32,35
47166,47166,32,51
47167,47167,32,39
47168,47168,32,37
47169,47169,33,26
47170,47170,33,23
47171,47171,33,19
47172,47172,33,10
47173,47173,34,37
47174,47174,34,32
47175,47175,34,25
47176,47176,34,55
47177,47177,35,45
47178,47178,35,18
47179,47179,35,20
47180,47180,35,28
47181,47181,1,65
47182,47182,1,24
47183,47183,1,30
47184,47184,1,47
47185,47185,2,92
47186,47186,2,20
47187,47187,2,22
47188,47188,2,49
47189,47189,3,53
47190,47190,3,38
47191,47191,3,19
47192,47192,3,52
47193,47193,4,65
47194,47194,4,27
47195,47195,4,41
47196,47196,4,56
47197,47197,5,84
47198,47198,5,29
47199,47199,5,16
47200,47200,5,71
47201,47201,6,68
47202,47202,6,22
47203,47203,6,17
47204,47204,6,48
47205,47205,7,30
47206,47206,7,26
47207,47207,7,11
47208,47208,7,41
47209,47209,8,48
47210,47210,8,47
47211,47211,8,46
47212,47212,8,48
47213,47213,9,41
47214,47214,9,38
47215,47215,9,18
47216,47216,9,29
47217,47217,10,20
47218,47218,10,54
47219,47219,10,17
47220,47220,10,32
47221,47221,11,73
47222,47222,11,57
47223,47223,11,31
47224,47224,11,28
47225,47225,12,63
47226,47226,12,33
47227,47227,12,31
47228,47228,12,43
47229,47229,13,82
47230,47230,13,31
47231,47231,13,45
47232,47232,13,62
47233,47233,14,42
47234,47234,14,44
47235,47235,14,25
47236,47236,14,40
47237,47237,15,64
47238,47238,15,37
47239,47239,15,42
47240,47240,15,34
47241,47241,16,42
47242,47242,16,48
47243,47243,16,30
47244,47244,16,34
47245,47245,17,37
47246,47246,17,19
47247,47247,17,22
47248,47248,17,38
47249,47249,18,37
47250,47250,18,36
47251,47251,18,16
47252,47252,18,25
47253,47253,19,46
47254,47254,19,51
47255,47255,19,28
47256,47256,19,35
47257,47257,20,38
47258,47258,20,43
47259,47259,20,28
47260,47260,20,63
47261,47261,21,34
47262,47262,21,30
47263,47263,21,20
47264,47264,21,54
47265,47265,22,72
47266,47266,22,22
47267,47267,22,28
47268,47268,22,51
47269,47269,23,38
47270,47270,23,25
47271,47271,23,36
47272,47272,23,43
47273,47273,24,58
47274,47274,24,42
47275,47275,24,22
47276,47276,24,50
47277,47277,25,58
47278,47278,25,26
47279,47279,25,32
47280,47280,25,30
47281,47281,26,31
47282,47282,26,19
47283,47283,26,28
47284,47284,26,54
47285,47285,27,48
47286,47286,27,40
47287,47287,27,31
47288,47288,27,76
47289,47289,28,54
47290,47290,28,32
47291,47291,28,15
47292,47292,28,43
47293,47293,29,58
47294,47294,29,18
47295,47295,29,20
47296,47296,29,62
47297,47297,30,62
47298,47298,30,38
47299,47299,30,16
47300,47300,30,56
47301,47301,31,28
47302,47302,31,35
47303,47303,31,16
47304,47304,31,40
47305,47305,32,24
47306,47306,32,56
47307,47307,32,35
47308,47308,32,33
47309,47309,33,51
47310,47310,33,37
47311,47311,33,9
47312,47312,33,57
47313,47313,34,76
47314,47314,34,43
47315,47315,34,29
47316,47316,34,40
47317,47317,35,75
47318,47318,35,27
47319,47319,35,24
47320,47320,35,38
47321,47321,1,56
47322,47322,1,18
47323,47323,1,37
47324,47324,1,35
47325,47325,2,104
47326,47326,2,31
47327,47327,2,16
47328,47328,2,31
47329,47329,3,55
47330,47330,3,60
47331,47331,3,31
47332,47332,3,37
47333,47333,4,61
47334,47334,4,79
47335,47335,4,32
47336,47336,4,38
47337,47337,5,44
47338,47338,5,42
47339,47339,5,26
47340,47340,5,61
47341,47341,6,52
47342,47342,6,26
47343,47343,6,27
47344,47344,6,17
47345,47345,7,95
47346,47346,7,42
47347,47347,7,22
47348,47348,7,34
47349,47349,8,68
47350,47350,8,29
47351,47351,8,37
47352,47352,8,56
47353,47353,9,44
47354,47354,9,30
47355,47355,9,28
47356,47356,9,63
47357,47357,10,33
47358,47358,10,41
47359,47359,10,20
47360,47360,10,45
47361,47361,11,70
47362,47362,11,41
47363,47363,11,31
47364,47364,11,51
47365,47365,12,48
47366,47366,12,32
47367,47367,12,34
47368,47368,12,45
47369,47369,13,51
47370,47370,13,67
47371,47371,13,25
47372,47372,13,53
47373,47373,14,42
47374,47374,14,51
47375,47375,14,27
47376,47376,14,68
47377,47377,15,34
47378,47378,15,32
47379,47379,15,32
47380,47380,15,62
47381,47381,16,60
47382,47382,16,29
47383,47383,16,39
47384,47384,16,38
47385,47385,17,66
47386,47386,17,22
47387,47387,17,60
47388,47388,17,46
47389,47389,18,69
47390,47390,18,47
47391,47391,18,17
47392,47392,18,47
47393,47393,19,76
47394,47394,19,55
47395,47395,19,33
47396,47396,19,26
47397,47397,20,127
47398,47398,20,35
47399,47399,20,28
47400,47400,20,46
47401,47401,21,46
47402,47402,21,38
47403,47403,21,24
47404,47404,21,68
47405,47405,22,27
47406,47406,22,46
47407,47407,22,18
47408,47408,22,46
47409,47409,23,36
47410,47410,23,22
47411,47411,23,39
47412,47412,23,36
47413,47413,24,64
47414,47414,24,57
47415,47415,24,30
47416,47416,24,36
47417,47417,25,103
47418,47418,25,19
47419,47419,25,49
47420,47420,25,31
47421,47421,26,32
47422,47422,26,37
47423,47423,26,46
47424,47424,26,33
47425,47425,27,87
47426,47426,27,32
47427,47427,27,42
47428,47428,27,34
47429,47429,28,35
47430,47430,28,33
47431,47431,28,23
47432,47432,28,31
47433,47433,29,46
47434,47434,29,34
47435,47435,29,39
47436,47436,29,34
47437,47437,30,47
47438,47438,30,36
47439,47439,30,35
47440,47440,30,36
47441,47441,31,59
47442,47442,31,39
47443,47443,31,16
47444,47444,31,32
47445,47445,32,27
47446,47446,32,13
47447,47447,32,46
47448,47448,32,45
47449,47449,33,67
47450,47450,33,53
47451,47451,33,16
47452,47452,33,46
47453,47453,34,23
47454,47454,34,23
47455,47455,34,8
47456,47456,34,28
47457,47457,35,45
47458,47458,35,33
47459,47459,35,24
47460,47460,35,43
47461,47461,1,37
47462,47462,1,61
47463,47463,1,30
47464,47464,1,42
47465,47465,2,101
47466,47466,2,76
47467,47467,2,38
47468,47468,2,93
47469,47469,3,49
47470,47470,3,68
47471,47471,3,21
47472,47472,3,37
47473,47473,4,70
47474,47474,4,44
47475,47475,4,19
47476,47476,4,44
47477,47477,5,67
47478,47478,5,44
47479,47479,5,42
47480,47480,5,37
47481,47481,6,70
47482,47482,6,70
47483,47483,6,49
47484,47484,6,76
47485,47485,7,58
47486,47486,7,18
47487,47487,7,26
47488,47488,7,37
47489,47489,8,59
47490,47490,8,47
47491,47491,8,47
47492,47492,8,66
47493,47493,9,65
47494,47494,9,31
47495,47495,9,25
47496,47496,9,85
47497,47497,10,48
47498,47498,10,58
47499,47499,10,21
47500,47500,10,88
47501,47501,11,69
47502,47502,11,33
47503,47503,11,24
47504,47504,11,55
47505,47505,12,47
47506,47506,12,73
47507,47507,12,36
47508,47508,12,50
47509,47509,13,39
47510,47510,13,88
47511,47511,13,38
47512,47512,13,45
47513,47513,14,51
47514,47514,14,41
47515,47515,14,36
47516,47516,14,51
47517,47517,15,54
47518,47518,15,34
47519,47519,15,22
47520,47520,15,49
47521,47521,16,58
47522,47522,16,46
47523,47523,16,69
47524,47524,16,32
47525,47525,17,54
47526,47526,17,40
47527,47527,17,53
47528,47528,17,39
47529,47529,18,52
47530,47530,18,16
47531,47531,18,24
47532,47532,18,57
47533,47533,19,95
47534,47534,19,43
47535,47535,19,45
47536,47536,19,94
47537,47537,20,92
47538,47538,20,83
47539,47539,20,36
47540,47540,20,86
47541,47541,21,35
47542,47542,21,24
47543,47543,21,64
47544,47544,21,53
47545,47545,22,80
47546,47546,22,37
47547,47547,22,34
47548,47548,22,55
47549,47549,23,38
47550,47550,23,66
47551,47551,23,35
47552,47552,23,95
47553,47553,24,49
47554,47554,24,23
47555,47555,24,30
47556,47556,24,40
47557,47557,25,138
47558,47558,25,26
47559,47559,25,29
47560,47560,25,83
47561,47561,26,59
47562,47562,26,71
47563,47563,26,80
47564,47564,26,47
47565,47565,27,70
47566,47566,27,49
47567,47567,27,41
47568,47568,27,47
47569,47569,28,90
47570,47570,28,55
47571,47571,28,37
47572,47572,28,41
47573,47573,29,120
47574,47574,29,60
47575,47575,29,38
47576,47576,29,24
47577,47577,30,74
47578,47578,30,77
47579,47579,30,30
47580,47580,30,52
47581,47581,31,54
47582,47582,31,25
47583,47583,31,47
47584,47584,31,47
47585,47585,32,51
47586,47586,32,38
47587,47587,32,38
47588,47588,32,26
47589,47589,33,89
47590,47590,33,50
47591,47591,33,18
47592,47592,33,38
47593,47593,34,90
47594,47594,34,44
47595,47595,34,20
47596,47596,34,49
47597,47597,35,45
47598,47598,35,37
47599,47599,35,44
47600,47600,35,50
47601,47601,1,119
47602,47602,1,62
47603,47603,1,43
47604,47604,1,43
47605,47605,2,67
47606,47606,2,63
47607,47607,2,17
47608,47608,2,37
47609,47609,3,74
47610,47610,3,72
47611,47611,3,55
47612,47612,3,28
47613,47613,4,100
47614,47614,4,71
47615,47615,4,32
47616,47616,4,107
47617,47617,5,76
47618,47618,5,92
47619,47619,5,39
47620,47620,5,30
47621,47621,6,91
47622,47622,6,62
47623,47623,6,35
47624,47624,6,58
47625,47625,7,56
47626,47626,7,68
47627,47627,7,53
47628,47628,7,64
47629,47629,8,80
47630,47630,8,69
47631,47631,8,46
47632,47632,8,45
47633,47633,9,112
47634,47634,9,100
47635,47635,9,42
47636,47636,9,74
47637,47637,10,73
47638,47638,10,59
47639,47639,10,47
47640,47640,10,95
47641,47641,11,143
47642,47642,11,86
47643,47643,11,59
47644,47644,11,43
47645,47645,12,82
47646,47646,12,65
47647,47647,12,41
47648,47648,12,68
47649,47649,13,72
47650,47650,13,63
47651,47651,13,67
47652,47652,13,108
47653,47653,14,66
47654,47654,14,58
47655,47655,14,32
47656,47656,14,116
47657,47657,15,143
47658,47658,15,79
47659,47659,15,54
47660,47660,15,89
47661,47661,16,44
47662,47662,16,46
47663,47663,16,57
47664,47664,16,35
47665,47665,17,93
47666,47666,17,52
47667,47667,17,47
47668,47668,17,98
47669,47669,18,112
47670,47670,18,49
47671,47671,18,52
47672,47672,18,32
47673,47673,19,63
47674,47674,19,68
47675,47675,19,38
47676,47676,19,84
47677,47677,20,72
47678,47678,20,57
47679,47679,20,34
47680,47680,20,81
47681,47681,21,79
47682,47682,21,40
47683,47683,21,30
47684,47684,21,89
47685,47685,22,84
47686,47686,22,65
47687,47687,22,78
47688,47688,22,51
47689,47689,23,93
47690,47690,23,84
47691,47691,23,37
47692,47692,23,90
47693,47693,24,97
47694,47694,24,52
47695,47695,24,41
47696,47696,24,77
47697,47697,25,95
47698,47698,25,56
47699,47699,25,37
47700,47700,25,113
47701,47701,26,111
47702,47702,26,64
47703,47703,26,47
47704,47704,26,49
47705,47705,27,82
47706,47706,27,42
47707,47707,27,41
47708,47708,27,57
47709,47709,28,105
47710,47710,28,47
47711,47711,28,54
47712,47712,28,48
47713,47713,29,78
47714,47714,29,76
47715,47715,29,35
47716,47716,29,54
47717,47717,30,67
47718,47718,30,55
47719,47719,30,39
47720,47720,30,42
47721,47721,31,75
47722,47722,31,73
47723,47723,31,44
47724,47724,31,52
47725,47725,32,63
47726,47726,32,50
47727,47727,32,73
47728,47728,32,30
47729,47729,33,94
47730,47730,33,40
47731,47731,33,90
47732,47732,33,69
47733,47733,34,33
47734,47734,34,18
47735,47735,34,44
47736,47736,34,63
47737,47737,35,89
47738,47738,35,50
47739,47739,35,54
47740,47740,35,51
47741,47741,1,61
47742,47742,1,63
47743,47743,1,31
47744,47744,1,51
47745,47745,2,135
47746,47746,2,43
47747,47747,2,32
47748,47748,2,76
47749,47749,3,71
47750,47750,3,53
47751,47751,3,47
47752,47752,3,110
47753,47753,4,72
47754,47754,4,73
47755,47755,4,62
47756,47756,4,36
47757,47757,5,121
47758,47758,5,50
47759,47759,5,69
47760,47760,5,67
47761,47761,6,46
47762,47762,6,49
47763,47763,6,65
47764,47764,6,93
47765,47765,7,89
47766,47766,7,15
47767,47767,7,3
47768,47768,7,31
47769,47769,8,30
47770,47770,8,26
47771,47771,8,56
47772,47772,8,51
47773,47773,9,90
47774,47774,9,33
47775,47775,9,37
47776,47776,9,73
47777,47777,10,81
47778,47778,10,42
47779,47779,10,24
47780,47780,10,66
47781,47781,11,83
47782,47782,11,27
47783,47783,11,26
47784,47784,11,68
47785,47785,12,73
47786,47786,12,77
47787,47787,12,31
47788,47788,12,61
47789,47789,13,66
47790,47790,13,49
47791,47791,13,52
47792,47792,13,111
47793,47793,14,69
47794,47794,14,54
47795,47795,14,77
47796,47796,14,63
47797,47797,15,47
47798,47798,15,70
47799,47799,15,42
47800,47800,15,21
47801,47801,16,57
47802,47802,16,75
47803,47803,16,35
47804,47804,16,83
47805,47805,17,46
47806,47806,17,64
47807,47807,17,27
47808,47808,17,81
47809,47809,18,94
47810,47810,18,58
47811,47811,18,51
47812,47812,18,34
47813,47813,19,25
47814,47814,19,28
47815,47815,19,38
47816,47816,19,41
47817,47817,20,90
47818,47818,20,40
47819,47819,20,27
47820,47820,20,113
47821,47821,21,38
47822,47822,21,65
47823,47823,21,42
47824,47824,21,44
47825,47825,22,85
47826,47826,22,72
47827,47827,22,39
47828,47828,22,61
47829,47829,23,38
47830,47830,23,78
47831,47831,23,83
47832,47832,23,35
47833,47833,24,71
47834,47834,24,63
47835,47835,24,15
47836,47836,24,40
47837,47837,25,67
47838,47838,25,29
47839,47839,25,43
47840,47840,25,71
47841,47841,26,59
47842,47842,26,37
47843,47843,26,75
47844,47844,26,36
47845,47845,27,141
47846,47846,27,72
47847,47847,27,27
47848,47848,27,42
47849,47849,28,126
47850,47850,28,39
47851,47851,28,38
47852,47852,28,12
47853,47853,29,92
47854,47854,29,72
47855,47855,29,35
47856,47856,29,66
47857,47857,30,94
47858,47858,30,54
47859,47859,30,36
47860,47860,30,123
47861,47861,31,85
47862,47862,31,89
47863,47863,31,32
47864,47864,31,62
47865,47865,32,58
47866,47866,32,73
47867,47867,32,46
47868,47868,32,61
47869,47869,33,78
47870,47870,33,84
47871,47871,33,58
47872,47872,33,20
47873,47873,34,85
47874,47874,34,22
47875,47875,34,18
47876,47876,34,125
47877,47877,35,46
47878,47878,35,36
47879,47879,35,63
47880,47880,35,46
47881,47881,1,30
47882,47882,1,35
47883,47883,1,22
47884,47884,1,30
47885,47885,2,29
47886,47886,2,14
47887,47887,2,17
47888,47888,2,28
47889,47889,3,47
47890,47890,3,47
47891,47891,3,10
47892,47892,3,25
47893,47893,4,28
47894,47894,4,37
47895,47895,4,30
47896,47896,4,20
47897,47897,5,68
47898,47898,5,60
47899,47899,5,19
47900,47900,5,18
47901,47901,6,81
47902,47902,6,10
47903,47903,6,24
47904,47904,6,17
47905,47905,7,64
47906,47906,7,22
47907,47907,7,16
47908,47908,7,29
47909,47909,8,42
47910,47910,8,20
47911,47911,8,42
47912,47912,8,52
47913,47913,9,34
47914,47914,9,13
47915,47915,9,19
47916,47916,9,33
47917,47917,10,24
47918,47918,10,23
47919,47919,10,42
47920,47920,10,30
47921,47921,11,44
47922,47922,11,29
47923,47923,11,29
47924,47924,11,34
47925,47925,12,37
47926,47926,12,22
47927,47927,12,13
47928,47928,12,24
47929,47929,13,24
47930,47930,13,23
47931,47931,13,26
47932,47932,13,21
47933,47933,14,48
47934,47934,14,25
47935,47935,14,16
47936,47936,14,27
47937,47937,15,48
47938,47938,15,18
47939,47939,15,28
47940,47940,15,14
47941,47941,16,21
47942,47942,16,17
47943,47943,16,37
47944,47944,16,80
47945,47945,17,26
47946,47946,17,22
47947,47947,17,16
47948,47948,17,26
47949,47949,18,25
47950,47950,18,37
47951,47951,18,30
47952,47952,18,40
47953,47953,19,45
47954,47954,19,17
47955,47955,19,17
47956,47956,19,24
47957,47957,20,31
47958,47958,20,23
47959,47959,20,32
47960,47960,20,43
47961,47961,21,38
47962,47962,21,30
47963,47963,21,13
47964,47964,21,54
47965,47965,22,36
47966,47966,22,48
47967,47967,22,20
47968,47968,22,18
47969,47969,23,75
47970,47970,23,27
47971,47971,23,20
47972,47972,23,31
47973,47973,24,32
47974,47974,24,27
47975,47975,24,14
47976,47976,24,34
47977,47977,25,34
47978,47978,25,26
47979,47979,25,45
47980,47980,25,41
47981,47981,26,39
47982,47982,26,18
47983,47983,26,16
47984,47984,26,11
47985,47985,27,33
47986,47986,27,13
47987,47987,27,18
47988,47988,27,28
47989,47989,28,42
47990,47990,28,27
47991,47991,28,33
47992,47992,28,17
47993,47993,29,47
47994,47994,29,24
47995,47995,29,29
47996,47996,29,40
47997,47997,30,21
47998,47998,30,28
47999,47999,30,47
48000,48000,30,29
48001,48001,31,36
48002,48002,31,25
48003,48003,31,30
48004,48004,31,46
48005,48005,32,31
48006,48006,32,55
48007,48007,32,45
48008,48008,32,31
48009,48009,33,26
48010,48010,33,21
48011,48011,33,21
48012,48012,33,34
48013,48013,34,61
48014,48014,34,39
48015,48015,34,18
48016,48016,34,50
48017,48017,35,19
48018,48018,35,24
48019,48019,35,22
48020,48020,35,47
48021,48021,1,58
48022,48022,1,24
48023,48023,1,12
48024,48024,1,39
48025,48025,2,66
48026,48026,2,37
48027,48027,2,19
48028,48028,2,33
48029,48029,3,58
48030,48030,3,23
48031,48031,3,16
48032,48032,3,47
48033,48033,4,94
48034,48034,4,17
48035,48035,4,19
48036,48036,4,58
48037,48037,5,36
48038,48038,5,27
48039,48039,5,24
48040,48040,5,51
48041,48041,6,41
48042,48042,6,32
48043,48043,6,24
48044,48044,6,30
48045,48045,7,64
48046,48046,7,54
48047,48047,7,33
48048,48048,7,22
48049,48049,8,82
48050,48050,8,19
48051,48051,8,11
48052,48052,8,24
48053,48053,9,30
48054,48054,9,42
48055,48055,9,17
48056,48056,9,58
48057,48057,10,17
48058,48058,10,41
48059,48059,10,25
48060,48060,10,46
48061,48061,11,37
48062,48062,11,31
48063,48063,11,15
48064,48064,11,45
48065,48065,12,57
48066,48066,12,37
48067,48067,12,27
48068,48068,12,25
48069,48069,13,38
48070,48070,13,22
48071,48071,13,51
48072,48072,13,36
48073,48073,14,40
48074,48074,14,19
48075,48075,14,24
48076,48076,14,43
48077,48077,15,54
48078,48078,15,36
48079,48079,15,21
48080,48080,15,52
48081,48081,16,53
48082,48082,16,48
48083,48083,16,21
48084,48084,16,36
48085,48085,17,50
48086,48086,17,24
48087,48087,17,9
48088,48088,17,20
48089,48089,18,46
48090,48090,18,21
48091,48091,18,11
48092,48092,18,54
48093,48093,19,30
48094,48094,19,35
48095,48095,19,19
48096,48096,19,28
48097,48097,20,26
48098,48098,20,39
48099,48099,20,17
48100,48100,20,27
48101,48101,21,38
48102,48102,21,33
48103,48103,21,19
48104,48104,21,30
48105,48105,22,47
48106,48106,22,30
48107,48107,22,22
48108,48108,22,33
48109,48109,23,24
48110,48110,23,56
48111,48111,23,13
48112,48112,23,22
48113,48113,24,32
48114,48114,24,19
48115,48115,24,27
48116,48116,24,38
48117,48117,25,67
48118,48118,25,54
48119,48119,25,26
48120,48120,25,61
48121,48121,26,27
48122,48122,26,54
48123,48123,26,16
48124,48124,26,30
48125,48125,27,26
48126,48126,27,18
48127,48127,27,36
48128,48128,27,22
48129,48129,28,42
48130,48130,28,47
48131,48131,28,13
48132,48132,28,53
48133,48133,29,48
48134,48134,29,34
48135,48135,29,31
48136,48136,29,44
48137,48137,30,48
48138,48138,30,44
48139,48139,30,21
48140,48140,30,43
48141,48141,31,31
48142,48142,31,28
48143,48143,31,28
48144,48144,31,22
48145,48145,32,41
48146,48146,32,18
48147,48147,32,22
48148,48148,32,28
48149,48149,33,56
48150,48150,33,17
48151,48151,33,24
48152,48152,33,22
48153,48153,34,33
48154,48154,34,22
48155,48155,34,33
48156,48156,34,26
48157,48157,35,40
48158,48158,35,18
48159,48159,35,27
48160,48160,35,59
48161,48161,1,82
48162,48162,1,32
48163,48163,1,40
48164,48164,1,41
48165,48165,2,48
48166,48166,2,20
48167,48167,2,24
48168,48168,2,51
48169,48169,3,45
48170,48170,3,20
48171,48171,3,30
48172,48172,3,52
48173,48173,4,35
48174,48174,4,45
48175,48175,4,15
48176,48176,4,43
48177,48177,5,31
48178,48178,5,62
48179,48179,5,32
48180,48180,5,31
48181,48181,6,32
48182,48182,6,22
48183,48183,6,27
48184,48184,6,77
48185,48185,7,60
48186,48186,7,20
48187,48187,7,23
48188,48188,7,25
48189,48189,8,24
48190,48190,8,32
48191,48191,8,50
48192,48192,8,65
48193,48193,9,48
48194,48194,9,46
48195,48195,9,35
48196,48196,9,24
48197,48197,10,38
48198,48198,10,57
48199,48199,10,39
48200,48200,10,38
48201,48201,11,32
48202,48202,11,21
48203,48203,11,15
48204,48204,11,27
48205,48205,12,54
48206,48206,12,30
48207,48207,12,34
48208,48208,12,39
48209,48209,13,35
48210,48210,13,34
48211,48211,13,22
48212,48212,13,22
48213,48213,14,45
48214,48214,14,43
48215,48215,14,32
48216,48216,14,25
48217,48217,15,32
48218,48218,15,27
48219,48219,15,16
48220,48220,15,28
48221,48221,16,40
48222,48222,16,26
48223,48223,16,37
48224,48224,16,16
48225,48225,17,44
48226,48226,17,23
48227,48227,17,51
48228,48228,17,32
48229,48229,18,27
48230,48230,18,17
48231,48231,18,11
48232,48232,18,19
48233,48233,19,24
48234,48234,19,41
48235,48235,19,42
48236,48236,19,28
48237,48237,20,38
48238,48238,20,20
48239,48239,20,28
48240,48240,20,46
48241,48241,21,39
48242,48242,21,36
48243,48243,21,36
48244,48244,21,34
48245,48245,22,44
48246,48246,22,40
48247,48247,22,27
48248,48248,22,47
48249,48249,23,88
48250,48250,23,30
48251,48251,23,32
48252,48252,23,46
48253,48253,24,44
48254,48254,24,87
48255,48255,24,29
48256,48256,24,57
48257,48257,25,50
48258,48258,25,24
48259,48259,25,35
48260,48260,25,61
48261,48261,26,28
48262,48262,26,37
48263,48263,26,18
48264,48264,26,44
48265,48265,27,23
48266,48266,27,25
48267,48267,27,18
48268,48268,27,50
48269,48269,28,37
48270,48270,28,45
48271,48271,28,40
48272,48272,28,36
48273,48273,29,43
48274,48274,29,49
48275,48275,29,25
48276,48276,29,35
48277,48277,30,35
48278,48278,30,34
48279,48279,30,21
48280,48280,30,47
48281,48281,31,45
48282,48282,31,49
48283,48283,31,19
48284,48284,31,19
48285,48285,32,52
48286,48286,32,45
48287,48287,32,37
48288,48288,32,48
48289,48289,33,46
48290,48290,33,42
48291,48291,33,24
48292,48292,33,18
48293,48293,34,23
48294,48294,34,42
48295,48295,34,31
48296,48296,34,49
48297,48297,35,53
48298,48298,35,46
48299,48299,35,34
48300,48300,35,54
48301,48301,1,12
48302,48302,1,48
48303,48303,1,29
48304,48304,1,43
48305,48305,2,45
48306,48306,2,42
48307,48307,2,10
48308,48308,2,63
48309,48309,3,32
48310,48310,3,32
48311,48311,3,49
48312,48312,3,68
48313,48313,4,59
48314,48314,4,25
48315,48315,4,46
48316,48316,4,35
48317,48317,5,31
48318,48318,5,54
48319,48319,5,24
48320,48320,5,39
48321,48321,6,29
48322,48322,6,52
48323,48323,6,49
48324,48324,6,78
48325,48325,7,50
48326,48326,7,23
48327,48327,7,33
48328,48328,7,45
48329,48329,8,51
48330,48330,8,33
48331,48331,8,22
48332,48332,8,62
48333,48333,9,91
48334,48334,9,47
48335,48335,9,13
48336,48336,9,31
48337,48337,10,107
48338,48338,10,51
48339,48339,10,8
48340,48340,10,48
48341,48341,11,49
48342,48342,11,47
48343,48343,11,34
48344,48344,11,47
48345,48345,12,38
48346,48346,12,17
48347,48347,12,44
48348,48348,12,38
48349,48349,13,57
48350,48350,13,63
48351,48351,13,27
48352,48352,13,70
48353,48353,14,94
48354,48354,14,30
48355,48355,14,47
48356,48356,14,38
48357,48357,15,102
48358,48358,15,37
48359,48359,15,40
48360,48360,15,16
48361,48361,16,62
48362,48362,16,22
48363,48363,16,35
48364,48364,16,75
48365,48365,17,22
48366,48366,17,23
48367,48367,17,13
48368,48368,17,20
48369,48369,18,79
48370,48370,18,45
48371,48371,18,39
48372,48372,18,24
48373,48373,19,57
48374,48374,19,37
48375,48375,19,31
48376,48376,19,43
48377,48377,20,45
48378,48378,20,22
48379,48379,20,29
48380,48380,20,42
48381,48381,21,55
48382,48382,21,47
48383,48383,21,34
48384,48384,21,61
48385,48385,22,22
48386,48386,22,46
48387,48387,22,19
48388,48388,22,48
48389,48389,23,31
48390,48390,23,60
48391,48391,23,35
48392,48392,23,59
48393,48393,24,64
48394,48394,24,28
48395,48395,24,21
48396,48396,24,32
48397,48397,25,41
48398,48398,25,28
48399,48399,25,39
48400,48400,25,52
48401,48401,26,83
48402,48402,26,42
48403,48403,26,20
48404,48404,26,64
48405,48405,27,45
48406,48406,27,46
48407,48407,27,16
48408,48408,27,63
48409,48409,28,61
48410,48410,28,37
48411,48411,28,36
48412,48412,28,53
48413,48413,29,83
48414,48414,29,41
48415,48415,29,16
48416,48416,29,40
48417,48417,30,33
48418,48418,30,35
48419,48419,30,30
48420,48420,30,47
48421,48421,31,45
48422,48422,31,26
48423,48423,31,18
48424,48424,31,25
48425,48425,32,28
48426,48426,32,47
48427,48427,32,51
48428,48428,32,72
48429,48429,33,63
48430,48430,33,38
48431,48431,33,24
48432,48432,33,38
48433,48433,34,63
48434,48434,34,40
48435,48435,34,40
48436,48436,34,73
48437,48437,35,81
48438,48438,35,30
48439,48439,35,20
48440,48440,35,72
48441,48441,1,54
48442,48442,1,43
48443,48443,1,20
48444,48444,1,92
48445,48445,2,59
48446,48446,2,37
48447,48447,2,33
48448,48448,2,93
48449,48449,3,80
48450,48450,3,15
48451,48451,3,32
48452,48452,3,55
48453,48453,4,57
48454,48454,4,52
48455,48455,4,43
48456,48456,4,84
48457,48457,5,17
48458,48458,5,55
48459,48459,5,43
48460,48460,5,59
48461,48461,6,59
48462,48462,6,78
48463,48463,6,19
48464,48464,6,41
48465,48465,7,50
48466,48466,7,56
48467,48467,7,50
48468,48468,7,55
48469,48469,8,89
48470,48470,8,55
48471,48471,8,24
48472,48472,8,98
48473,48473,9,63
48474,48474,9,63
48475,48475,9,42
48476,48476,9,60
48477,48477,10,59
48478,48478,10,53
48479,48479,10,27
48480,48480,10,55
48481,48481,11,40
48482,48482,11,47
48483,48483,11,41
48484,48484,11,33
48485,48485,12,69
48486,48486,12,41
48487,48487,12,30
48488,48488,12,78
48489,48489,13,47
48490,48490,13,47
48491,48491,13,69
48492,48492,13,48
48493,48493,14,104
48494,48494,14,87
48495,48495,14,33
48496,48496,14,45
48497,48497,15,85
48498,48498,15,67
48499,48499,15,69
48500,48500,15,77
48501,48501,16,64
48502,48502,16,74
48503,48503,16,16
48504,48504,16,38
48505,48505,17,49
48506,48506,17,48
48507,48507,17,37
48508,48508,17,61
48509,48509,18,54
48510,48510,18,36
48511,48511,18,32
48512,48512,18,41
48513,48513,19,80
48514,48514,19,36
48515,48515,19,35
48516,48516,19,36
48517,48517,20,42
48518,48518,20,22
48519,48519,20,48
48520,48520,20,36
48521,48521,21,32
48522,48522,21,52
48523,48523,21,54
48524,48524,21,65
48525,48525,22,71
48526,48526,22,40
48527,48527,22,75
48528,48528,22,37
48529,48529,23,31
48530,48530,23,48
48531,48531,23,28
48532,48532,23,45
48533,48533,24,76
48534,48534,24,31
48535,48535,24,20
48536,48536,24,46
48537,48537,25,57
48538,48538,25,42
48539,48539,25,21
48540,48540,25,70
48541,48541,26,90
48542,48542,26,58
48543,48543,26,40
48544,48544,26,28
48545,48545,27,57
48546,48546,27,74
48547,48547,27,42
48548,48548,27,42
48549,48549,28,48
48550,48550,28,46
48551,48551,28,19
48552,48552,28,64
48553,48553,29,58
48554,48554,29,61
48555,48555,29,20
48556,48556,29,41
48557,48557,30,57
48558,48558,30,76
48559,48559,30,45
48560,48560,30,42
48561,48561,31,44
48562,48562,31,51
48563,48563,31,55
48564,48564,31,52
48565,48565,32,78
48566,48566,32,59
48567,48567,32,51
48568,48568,32,50
48569,48569,33,47
48570,48570,33,30
48571,48571,33,41
48572,48572,33,66
48573,48573,34,45
48574,48574,34,42
48575,48575,34,30
48576,48576,34,66
48577,48577,35,63
48578,48578,35,61
48579,48579,35,30
48580,48580,35,101
48581,48581,1,111
48582,48582,1,86
48583,48583,1,47
48584,48584,1,26
48585,48585,2,81
48586,48586,2,53
48587,48587,2,32
48588,48588,2,70
48589,48589,3,67
48590,48590,3,52
48591,48591,3,71
48592,48592,3,32
48593,48593,4,44
48594,48594,4,56
48595,48595,4,51
48596,48596,4,107
48597,48597,5,136
48598,48598,5,83
48599,48599,5,76
48600,48600,5,28
48601,48601,6,48
48602,48602,6,83
48603,48603,6,47
48604,48604,6,42
48605,48605,7,68
48606,48606,7,46
48607,48607,7,42
48608,48608,7,69
48609,48609,8,63
48610,48610,8,43
48611,48611,8,43
48612,48612,8,72
48613,48613,9,47
48614,48614,9,52
48615,48615,9,56
48616,48616,9,41
48617,48617,10,113
48618,48618,10,97
48619,48619,10,69
48620,48620,10,78
48621,48621,11,52
48622,48622,11,53
48623,48623,11,34
48624,48624,11,58
48625,48625,12,133
48626,48626,12,80
48627,48627,12,24
48628,48628,12,43
48629,48629,13,55
48630,48630,13,50
48631,48631,13,38
48632,48632,13,107
48633,48633,14,69
48634,48634,14,70
48635,48635,14,45
48636,48636,14,114
48637,48637,15,110
48638,48638,15,31
48639,48639,15,14
48640,48640,15,44
48641,48641,16,48
48642,48642,16,81
48643,48643,16,61
48644,48644,16,95
48645,48645,17,68
48646,48646,17,63
48647,48647,17,54
48648,48648,17,85
48649,48649,18,104
48650,48650,18,43
48651,48651,18,48
48652,48652,18,25
48653,48653,19,94
48654,48654,19,43
48655,48655,19,56
48656,48656,19,70
48657,48657,20,72
48658,48658,20,61
48659,48659,20,8
48660,48660,20,42
48661,48661,21,91
48662,48662,21,102
48663,48663,21,84
48664,48664,21,114
48665,48665,22,122
48666,48666,22,50
48667,48667,22,75
48668,48668,22,66
48669,48669,23,81
48670,48670,23,108
48671,48671,23,44
48672,48672,23,78
48673,48673,24,63
48674,48674,24,70
48675,48675,24,43
48676,48676,24,102
48677,48677,25,93
48678,48678,25,39
48679,48679,25,22
48680,48680,25,89
48681,48681,26,90
48682,48682,26,99
48683,48683,26,36
48684,48684,26,47
48685,48685,27,45
48686,48686,27,41
48687,48687,27,31
48688,48688,27,65
48689,48689,28,100
48690,48690,28,80
48691,48691,28,51
48692,48692,28,53
48693,48693,29,96
48694,48694,29,54
48695,48695,29,69
48696,48696,29,91
48697,48697,30,84
48698,48698,30,85
48699,48699,30,76
48700,48700,30,64
48701,48701,31,59
48702,48702,31,55
48703,48703,31,37
48704,48704,31,87
48705,48705,32,84
48706,48706,32,60
48707,48707,32,52
48708,48708,32,90
48709,48709,33,94
48710,48710,33,95
48711,48711,33,55
48712,48712,33,92
48713,48713,34,113
48714,48714,34,36
48715,48715,34,47
48716,48716,34,88
48717,48717,35,91
48718,48718,35,48
48719,48719,35,42
48720,48720,35,89
48721,48721,1,63
48722,48722,1,60
48723,48723,1,33
48724,48724,1,62
48725,48725,2,114
48726,48726,2,92
48727,48727,2,34
48728,48728,2,69
48729,48729,3,83
48730,48730,3,74
48731,48731,3,61
48732,48732,3,39
48733,48733,4,69
48734,48734,4,101
48735,48735,4,29
48736,48736,4,101
48737,48737,5,51
48738,48738,5,72
48739,48739,5,42
48740,48740,5,37
48741,48741,6,143
48742,48742,6,58
48743,48743,6,32
48744,48744,6,21
48745,48745,7,71
48746,48746,7,59
48747,48747,7,43
48748,48748,7,59
48749,48749,8,86
48750,48750,8,32
48751,48751,8,46
48752,48752,8,27
48753,48753,9,72
48754,48754,9,59
48755,48755,9,20
48756,48756,9,53
48757,48757,10,160
48758,48758,10,69
48759,48759,10,35
48760,48760,10,71
48761,48761,11,79
48762,48762,11,57
48763,48763,11,51
48764,48764,11,40
48765,48765,12,69
48766,48766,12,59
48767,48767,12,13
48768,48768,12,62
48769,48769,13,65
48770,48770,13,35
48771,48771,13,42
48772,48772,13,58
48773,48773,14,41
48774,48774,14,37
48775,48775,14,22
48776,48776,14,82
48777,48777,15,88
48778,48778,15,28
48779,48779,15,66
48780,48780,15,43
48781,48781,16,109
48782,48782,16,41
48783,48783,16,7
48784,48784,16,73
48785,48785,17,111
48786,48786,17,69
48787,48787,17,27
48788,48788,17,67
48789,48789,18,76
48790,48790,18,61
48791,48791,18,46
48792,48792,18,61
48793,48793,19,89
48794,48794,19,46
48795,48795,19,43
48796,48796,19,80
48797,48797,20,77
48798,48798,20,43
48799,48799,20,52
48800,48800,20,73
48801,48801,21,92
48802,48802,21,24
48803,48803,21,44
48804,48804,21,13
48805,48805,22,79
48806,48806,22,57
48807,48807,22,25
48808,48808,22,61
48809,48809,23,84
48810,48810,23,64
48811,48811,23,49
48812,48812,23,54
48813,48813,24,72
48814,48814,24,33
48815,48815,24,32
48816,48816,24,64
48817,48817,25,86
48818,48818,25,27
48819,48819,25,26
48820,48820,25,64
48821,48821,26,74
48822,48822,26,35
48823,48823,26,28
48824,48824,26,38
48825,48825,27,65
48826,48826,27,92
48827,48827,27,49
48828,48828,27,59
48829,48829,28,91
48830,48830,28,40
48831,48831,28,38
48832,48832,28,61
48833,48833,29,81
48834,48834,29,75
48835,48835,29,33
48836,48836,29,86
48837,48837,30,35
48838,48838,30,68
48839,48839,30,40
48840,48840,30,84
48841,48841,31,51
48842,48842,31,25
48843,48843,31,52
48844,48844,31,52
48845,48845,32,126
48846,48846,32,12
48847,48847,32,42
48848,48848,32,66
48849,48849,33,130
48850,48850,33,36
48851,48851,33,50
48852,48852,33,51
48853,48853,34,37
48854,48854,34,46
48855,48855,34,20
48856,48856,34,49
48857,48857,35,71
48858,48858,35,63
48859,48859,35,69
48860,48860,35,46
48861,48861,1,65
48862,48862,1,11
48863,48863,1,42
48864,48864,1,26
48865,48865,2,27
48866,48866,2,45
48867,48867,2,19
48868,48868,2,46
48869,48869,3,37
48870,48870,3,29
48871,48871,3,22
48872,48872,3,40
48873,48873,4,38
48874,48874,4,26
48875,48875,4,38
48876,48876,4,41
48877,48877,5,33
48878,48878,5,29
48879,48879,5,20
48880,48880,5,39
48881,48881,6,40
48882,48882,6,13
48883,48883,6,36
48884,48884,6,40
48885,48885,7,38
48886,48886,7,27
48887,48887,7,27
48888,48888,7,53
48889,48889,8,21
48890,48890,8,44
48891,48891,8,34
48892,48892,8,11
48893,48893,9,38
48894,48894,9,23
48895,48895,9,27
48896,48896,9,24
48897,48897,10,57
48898,48898,10,35
48899,48899,10,15
48900,48900,10,33
48901,48901,11,68
48902,48902,11,25
48903,48903,11,17
48904,48904,11,27
48905,48905,12,55
48906,48906,12,19
48907,48907,12,33
48908,48908,12,21
48909,48909,13,60
48910,48910,13,40
48911,48911,13,25
48912,48912,13,45
48913,48913,14,42
48914,48914,14,21
48915,48915,14,30
48916,48916,14,27
48917,48917,15,49
48918,48918,15,18
48919,48919,15,20
48920,48920,15,35
48921,48921,16,46
48922,48922,16,38
48923,48923,16,11
48924,48924,16,31
48925,48925,17,45
48926,48926,17,15
48927,48927,17,17
48928,48928,17,24
48929,48929,18,96
48930,48930,18,37
48931,48931,18,14
48932,48932,18,63
48933,48933,19,22
48934,48934,19,28
48935,48935,19,11
48936,48936,19,20
48937,48937,20,33
48938,48938,20,20
48939,48939,20,31
48940,48940,20,53
48941,48941,21,25
48942,48942,21,28
48943,48943,21,22
48944,48944,21,25
48945,48945,22,53
48946,48946,22,29
48947,48947,22,63
48948,48948,22,32
48949,48949,23,68
48950,48950,23,27
48951,48951,23,20
48952,48952,23,26
48953,48953,24,32
48954,48954,24,16
48955,48955,24,8
48956,48956,24,30
48957,48957,25,36
48958,48958,25,10
48959,48959,25,33
48960,48960,25,33
48961,48961,26,27
48962,48962,26,24
48963,48963,26,31
48964,48964,26,52
48965,48965,27,41
48966,48966,27,12
48967,48967,27,26
48968,48968,27,34
48969,48969,28,47
48970,48970,28,32
48971,48971,28,16
48972,48972,28,20
48973,48973,29,29
48974,48974,29,42
48975,48975,29,25
48976,48976,29,37
48977,48977,30,41
48978,48978,30,41
48979,48979,30,37
48980,48980,30,22
48981,48981,31,57
48982,48982,31,22
48983,48983,31,25
48984,48984,31,16
48985,48985,32,42
48986,48986,32,46
48987,48987,32,38
48988,48988,32,61
48989,48989,33,36
48990,48990,33,53
48991,48991,33,34
48992,48992,33,38
48993,48993,34,33
48994,48994,34,30
48995,48995,34,12
48996,48996,34,34
48997,48997,35,40
48998,48998,35,26
48999,48999,35,24
49000,49000,35,32
49001,49001,1,41
49002,49002,1,43
49003,49003,1,18
49004,49004,1,40
49005,49005,2,50
49006,49006,2,19
49007,49007,2,15
49008,49008,2,42
49009,49009,3,40
49010,49010,3,39
49011,49011,3,25
49012,49012,3,35
49013,49013,4,37
49014,49014,4,29
49015,49015,4,15
49016,49016,4,48
49017,49017,5,47
49018,49018,5,12
49019,49019,5,32
49020,49020,5,44
49021,49021,6,52
49022,49022,6,27
49023,49023,6,17
49024,49024,6,65
49025,49025,7,31
49026,49026,7,23
49027,49027,7,29
49028,49028,7,32
49029,49029,8,65
49030,49030,8,54
49031,49031,8,34
49032,49032,8,29
49033,49033,9,65
49034,49034,9,20
49035,49035,9,32
49036,49036,9,42
49037,49037,10,46
49038,49038,10,46
49039,49039,10,13
49040,49040,10,55
49041,49041,11,50
49042,49042,11,18
49043,49043,11,26
49044,49044,11,39
49045,49045,12,27
49046,49046,12,30
49047,49047,12,11
49048,49048,12,21
49049,49049,13,21
49050,49050,13,18
49051,49051,13,15
49052,49052,13,27
49053,49053,14,34
49054,49054,14,26
49055,49055,14,18
49056,49056,14,32
49057,49057,15,45
49058,49058,15,27
49059,49059,15,15
49060,49060,15,20
49061,49061,16,55
49062,49062,16,42
49063,49063,16,40
49064,49064,16,33
49065,49065,17,33
49066,49066,17,47
49067,49067,17,19
49068,49068,17,48
49069,49069,18,38
49070,49070,18,28
49071,49071,18,19
49072,49072,18,28
49073,49073,19,36
49074,49074,19,20
49075,49075,19,15
49076,49076,19,30
49077,49077,20,48
49078,49078,20,20
49079,49079,20,19
49080,49080,20,56
49081,49081,21,28
49082,49082,21,26
49083,49083,21,27
49084,49084,21,35
49085,49085,22,37
49086,49086,22,22
49087,49087,22,19
49088,49088,22,41
49089,49089,23,62
49090,49090,23,19
49091,49091,23,31
49092,49092,23,32
49093,49093,24,55
49094,49094,24,40
49095,49095,24,40
49096,49096,24,33
49097,49097,25,37
49098,49098,25,26
49099,49099,25,11
49100,49100,25,57
49101,49101,26,41
49102,49102,26,20
49103,49103,26,24
49104,49104,26,56
49105,49105,27,52
49106,49106,27,21
49107,49107,27,38
49108,49108,27,28
49109,49109,28,78
49110,49110,28,26
49111,49111,28,11
49112,49112,28,38
49113,49113,29,58
49114,49114,29,16
49115,49115,29,10
49116,49116,29,25
49117,49117,30,19
49118,49118,30,13
49119,49119,30,22
49120,49120,30,31
49121,49121,31,81
49122,49122,31,32
49123,49123,31,13
49124,49124,31,28
49125,49125,32,40
49126,49126,32,57
49127,49127,32,27
49128,49128,32,24
49129,49129,33,42
49130,49130,33,11
49131,49131,33,34
49132,49132,33,43
49133,49133,34,25
49134,49134,34,21
49135,49135,34,44
49136,49136,34,60
49137,49137,35,39
49138,49138,35,36
49139,49139,35,25
49140,49140,35,52
49141,49141,1,59
49142,49142,1,45
49143,49143,1,22
49144,49144,1,37
49145,49145,2,37
49146,49146,2,20
49147,49147,2,30
49148,49148,2,47
49149,49149,3,16
49150,49150,3,59
49151,49151,3,32
49152,49152,3,25
49153,49153,4,73
49154,49154,4,40
49155,49155,4,16
49156,49156,4,22
49157,49157,5,34
49158,49158,5,21
49159,49159,5,37
49160,49160,5,16
49161,49161,6,85
49162,49162,6,41
49163,49163,6,22
49164,49164,6,37
49165,49165,7,21
49166,49166,7,24
49167,49167,7,27
49168,49168,7,42
49169,49169,8,88
49170,49170,8,36
49171,49171,8,33
49172,49172,8,46
49173,49173,9,26
49174,49174,9,17
49175,49175,9,23
49176,49176,9,29
49177,49177,10,77
49178,49178,10,51
49179,49179,10,18
49180,49180,10,49
49181,49181,11,60
49182,49182,11,46
49183,49183,11,24
49184,49184,11,25
49185,49185,12,82
49186,49186,12,47
49187,49187,12,34
49188,49188,12,61
49189,49189,13,52
49190,49190,13,21
49191,49191,13,32
49192,49192,13,47
49193,49193,14,56
49194,49194,14,26
49195,49195,14,14
49196,49196,14,20
49197,49197,15,58
49198,49198,15,25
49199,49199,15,25
49200,49200,15,30
49201,49201,16,56
49202,49202,16,25
49203,49203,16,39
49204,49204,16,35
49205,49205,17,52
49206,49206,17,30
49207,49207,17,28
49208,49208,17,71
49209,49209,18,39
49210,49210,18,30
49211,49211,18,22
49212,49212,18,36
49213,49213,19,42
49214,49214,19,20
49215,49215,19,25
49216,49216,19,37
49217,49217,20,46
49218,49218,20,23
49219,49219,20,58
49220,49220,20,58
49221,49221,21,91
49222,49222,21,29
49223,49223,21,24
49224,49224,21,32
49225,49225,22,54
49226,49226,22,29
49227,49227,22,18
49228,49228,22,17
49229,49229,23,84
49230,49230,23,12
49231,49231,23,33
49232,49232,23,33
49233,49233,24,19
49234,49234,24,55
49235,49235,24,16
49236,49236,24,22
49237,49237,25,59
49238,49238,25,43
49239,49239,25,11
49240,49240,25,31
49241,49241,26,36
49242,49242,26,41
49243,49243,26,17
49244,49244,26,26
49245,49245,27,63
49246,49246,27,48
49247,49247,27,7
49248,49248,27,37
49249,49249,28,52
49250,49250,28,43
49251,49251,28,20
49252,49252,28,69
49253,49253,29,55
49254,49254,29,31
49255,49255,29,15
49256,49256,29,31
49257,49257,30,33
49258,49258,30,35
49259,49259,30,53
49260,49260,30,30
49261,49261,31,44
49262,49262,31,68
49263,49263,31,46
49264,49264,31,36
49265,49265,32,17
49266,49266,32,19
49267,49267,32,33
49268,49268,32,30
49269,49269,33,70
49270,49270,33,25
49271,49271,33,37
49272,49272,33,18
49273,49273,34,57
49274,49274,34,30
49275,49275,34,27
49276,49276,34,14
49277,49277,35,36
49278,49278,35,48
49279,49279,35,26
49280,49280,35,17
49281,49281,1,37
49282,49282,1,42
49283,49283,1,15
49284,49284,1,40
49285,49285,2,94
49286,49286,2,36
49287,49287,2,45
49288,49288,2,34
49289,49289,3,71
49290,49290,3,12
49291,49291,3,43
49292,49292,3,36
49293,49293,4,62
49294,49294,4,12
49295,49295,4,35
49296,49296,4,34
49297,49297,5,36
49298,49298,5,50
49299,49299,5,25
49300,49300,5,34
49301,49301,6,58
49302,49302,6,54
49303,49303,6,49
49304,49304,6,73
49305,49305,7,50
49306,49306,7,54
49307,49307,7,34
49308,49308,7,31
49309,49309,8,38
49310,49310,8,29
49311,49311,8,39
49312,49312,8,41
49313,49313,9,41
49314,49314,9,51
49315,49315,9,48
49316,49316,9,80
49317,49317,10,60
49318,49318,10,39
49319,49319,10,61
49320,49320,10,65
49321,49321,11,32
49322,49322,11,28
49323,49323,11,36
49324,49324,11,56
49325,49325,12,19
49326,49326,12,30
49327,49327,12,18
49328,49328,12,58
49329,49329,13,48
49330,49330,13,34
49331,49331,13,36
49332,49332,13,36
49333,49333,14,85
49334,49334,14,55
49335,49335,14,45
49336,49336,14,47
49337,49337,15,42
49338,49338,15,38
49339,49339,15,62
49340,49340,15,29
49341,49341,16,40
49342,49342,16,39
49343,49343,16,39
49344,49344,16,34
49345,49345,17,83
49346,49346,17,65
49347,49347,17,9
49348,49348,17,31
49349,49349,18,88
49350,49350,18,53
49351,49351,18,22
49352,49352,18,63
49353,49353,19,65
49354,49354,19,33
49355,49355,19,25
49356,49356,19,41
49357,49357,20,60
49358,49358,20,22
49359,49359,20,35
49360,49360,20,41
49361,49361,21,37
49362,49362,21,24
49363,49363,21,36
49364,49364,21,39
49365,49365,22,41
49366,49366,22,34
49367,49367,22,20
49368,49368,22,54
49369,49369,23,54
49370,49370,23,34
49371,49371,23,63
49372,49372,23,43
49373,49373,24,54
49374,49374,24,14
49375,49375,24,23
49376,49376,24,48
49377,49377,25,46
49378,49378,25,37
49379,49379,25,36
49380,49380,25,26
49381,49381,26,27
49382,49382,26,45
49383,49383,26,30
49384,49384,26,41
49385,49385,27,105
49386,49386,27,54
49387,49387,27,28
49388,49388,27,34
49389,49389,28,31
49390,49390,28,50
49391,49391,28,41
49392,49392,28,33
49393,49393,29,58
49394,49394,29,66
49395,49395,29,39
49396,49396,29,44
49397,49397,30,55
49398,49398,30,31
49399,49399,30,5
49400,49400,30,17
49401,49401,31,30
49402,49402,31,49
49403,49403,31,17
49404,49404,31,46
49405,49405,32,54
49406,49406,32,31
49407,49407,32,27
49408,49408,32,27
49409,49409,33,84
49410,49410,33,46
49411,49411,33,45
49412,49412,33,63
49413,49413,34,33
49414,49414,34,59
49415,49415,34,30
49416,49416,34,45
49417,49417,35,48
49418,49418,35,48
49419,49419,35,36
49420,49420,35,59
49421,49421,1,41
49422,49422,1,36
49423,49423,1,48
49424,49424,1,80
49425,49425,2,49
49426,49426,2,53
49427,49427,2,29
49428,49428,2,52
49429,49429,3,63
49430,49430,3,16
49431,49431,3,30
49432,49432,3,80
49433,49433,4,64
49434,49434,4,46
49435,49435,4,23
49436,49436,4,66
49437,49437,5,146
49438,49438,5,30
49439,49439,5,53
49440,49440,5,35
49441,49441,6,52
49442,49442,6,46
49443,49443,6,48
49444,49444,6,55
49445,49445,7,84
49446,49446,7,100
49447,49447,7,74
49448,49448,7,27
49449,49449,8,61
49450,49450,8,76
49451,49451,8,35
49452,49452,8,69
49453,49453,9,52
49454,49454,9,65
49455,49455,9,31
49456,49456,9,63
49457,49457,10,68
49458,49458,10,53
49459,49459,10,40
49460,49460,10,46
49461,49461,11,123
49462,49462,11,38
49463,49463,11,55
49464,49464,11,47
49465,49465,12,45
49466,49466,12,53
49467,49467,12,26
49468,49468,12,42
49469,49469,13,49
49470,49470,13,69
49471,49471,13,27
49472,49472,13,59
49473,49473,14,46
49474,49474,14,25
49475,49475,14,24
49476,49476,14,30
49477,49477,15,81
49478,49478,15,77
49479,49479,15,46
49480,49480,15,59
49481,49481,16,104
49482,49482,16,27
49483,49483,16,65
49484,49484,16,51
49485,49485,17,55
49486,49486,17,47
49487,49487,17,32
49488,49488,17,41
49489,49489,18,66
49490,49490,18,69
49491,49491,18,27
49492,49492,18,51
49493,49493,19,66
49494,49494,19,35
49495,49495,19,36
49496,49496,19,57
49497,49497,20,68
49498,49498,20,38
49499,49499,20,34
49500,49500,20,64
49501,49501,21,92
49502,49502,21,32
49503,49503,21,62
49504,49504,21,54
49505,49505,22,100
49506,49506,22,34
49507,49507,22,42
49508,49508,22,40
49509,49509,23,54
49510,49510,23,38
49511,49511,23,27
49512,49512,23,33
49513,49513,24,83
49514,49514,24,46
49515,49515,24,44
49516,49516,24,25
49517,49517,25,99
49518,49518,25,37
49519,49519,25,27
49520,49520,25,50
49521,49521,26,37
49522,49522,26,62
49523,49523,26,55
49524,49524,26,32
49525,49525,27,60
49526,49526,27,30
49527,49527,27,33
49528,49528,27,90
49529,49529,28,64
49530,49530,28,20
49531,49531,28,49
49532,49532,28,37
49533,49533,29,61
49534,49534,29,41
49535,49535,29,21
49536,49536,29,92
49537,49537,30,84
49538,49538,30,33
49539,49539,30,71
49540,49540,30,35
49541,49541,31,68
49542,49542,31,49
49543,49543,31,35
49544,49544,31,36
49545,49545,32,75
49546,49546,32,48
49547,49547,32,46
49548,49548,32,69
49549,49549,33,48
49550,49550,33,30
49551,49551,33,43
49552,49552,33,63
49553,49553,34,78
49554,49554,34,42
49555,49555,34,56
49556,49556,34,74
49557,49557,35,27
49558,49558,35,61
49559,49559,35,47
49560,49560,35,23
49561,49561,1,59
49562,49562,1,97
49563,49563,1,31
49564,49564,1,57
49565,49565,2,63
49566,49566,2,67
49567,49567,2,79
49568,49568,2,81
49569,49569,3,70
49570,49570,3,28
49571,49571,3,48
49572,49572,3,96
49573,49573,4,56
49574,49574,4,33
49575,49575,4,59
49576,49576,4,54
49577,49577,5,46
49578,49578,5,27
49579,49579,5,17
49580,49580,5,60
49581,49581,6,72
49582,49582,6,72
49583,49583,6,59
49584,49584,6,108
49585,49585,7,75
49586,49586,7,89
49587,49587,7,34
49588,49588,7,124
49589,49589,8,108
49590,49590,8,87
49591,49591,8,26
49592,49592,8,94
49593,49593,9,117
49594,49594,9,76
49595,49595,9,65
49596,49596,9,85
49597,49597,10,183
49598,49598,10,46
49599,49599,10,28
49600,49600,10,65
49601,49601,11,105
49602,49602,11,49
49603,49603,11,54
49604,49604,11,32
49605,49605,12,42
49606,49606,12,54
49607,49607,12,21
49608,49608,12,62
49609,49609,13,65
49610,49610,13,83
49611,49611,13,28
49612,49612,13,32
49613,49613,14,59
49614,49614,14,67
49615,49615,14,37
49616,49616,14,49
49617,49617,15,94
49618,49618,15,33
49619,49619,15,54
49620,49620,15,50
49621,49621,16,90
49622,49622,16,40
49623,49623,16,52
49624,49624,16,61
49625,49625,17,74
49626,49626,17,41
49627,49627,17,75
49628,49628,17,53
49629,49629,18,59
49630,49630,18,74
49631,49631,18,73
49632,49632,18,37
49633,49633,19,43
49634,49634,19,43
49635,49635,19,71
49636,49636,19,106
49637,49637,20,119
49638,49638,20,37
49639,49639,20,79
49640,49640,20,123
49641,49641,21,66
49642,49642,21,44
49643,49643,21,25
49644,49644,21,56
49645,49645,22,35
49646,49646,22,31
49647,49647,22,54
49648,49648,22,93
49649,49649,23,112
49650,49650,23,44
49651,49651,23,29
49652,49652,23,52
49653,49653,24,89
49654,49654,24,82
49655,49655,24,18
49656,49656,24,72
49657,49657,25,126
49658,49658,25,60
49659,49659,25,34
49660,49660,25,51
49661,49661,26,108
49662,49662,26,99
49663,49663,26,40
49664,49664,26,57
49665,49665,27,109
49666,49666,27,81
49667,49667,27,27
49668,49668,27,69
49669,49669,28,91
49670,49670,28,36
49671,49671,28,42
49672,49672,28,70
49673,49673,29,63
49674,49674,29,117
49675,49675,29,50
49676,49676,29,89
49677,49677,30,112
49678,49678,30,40
49679,49679,30,78
49680,49680,30,39
49681,49681,31,45
49682,49682,31,39
49683,49683,31,52
49684,49684,31,92
49685,49685,32,72
49686,49686,32,34
49687,49687,32,47
49688,49688,32,78
49689,49689,33,84
49690,49690,33,93
49691,49691,33,46
49692,49692,33,48
49693,49693,34,79
49694,49694,34,79
49695,49695,34,40
49696,49696,34,28
49697,49697,35,69
49698,49698,35,80
49699,49699,35,38
49700,49700,35,105
49701,49701,1,48
49702,49702,1,89
49703,49703,1,25
49704,49704,1,44
49705,49705,2,62
49706,49706,2,40
49707,49707,2,44
49708,49708,2,57
49709,49709,3,114
49710,49710,3,26
49711,49711,3,50
49712,49712,3,35
49713,49713,4,94
49714,49714,4,38
49715,49715,4,43
49716,49716,4,22
49717,49717,5,85
49718,49718,5,67
49719,49719,5,29
49720,49720,5,47
49721,49721,6,39
49722,49722,6,56
49723,49723,6,67
49724,49724,6,76
49725,49725,7,72
49726,49726,7,51
49727,49727,7,19
49728,49728,7,54
49729,49729,8,86
49730,49730,8,30
49731,49731,8,38
49732,49732,8,53
49733,49733,9,119
49734,49734,9,62
49735,49735,9,45
49736,49736,9,48
49737,49737,10,68
49738,49738,10,46
49739,49739,10,58
49740,49740,10,43
49741,49741,11,99
49742,49742,11,39
49743,49743,11,71
49744,49744,11,82
49745,49745,12,73
49746,49746,12,40
49747,49747,12,83
49748,49748,12,46
49749,49749,13,64
49750,49750,13,32
49751,49751,13,63
49752,49752,13,28
49753,49753,14,61
49754,49754,14,62
49755,49755,14,27
49756,49756,14,83
49757,49757,15,53
49758,49758,15,51
49759,49759,15,59
49760,49760,15,77
49761,49761,16,66
49762,49762,16,82
49763,49763,16,82
49764,49764,16,64
49765,49765,17,118
49766,49766,17,61
49767,49767,17,40
49768,49768,17,45
49769,49769,18,79
49770,49770,18,33
49771,49771,18,31
49772,49772,18,63
49773,49773,19,126
49774,49774,19,28
49775,49775,19,49
49776,49776,19,73
49777,49777,20,96
49778,49778,20,26
49779,49779,20,35
49780,49780,20,41
49781,49781,21,52
49782,49782,21,54
49783,49783,21,64
49784,49784,21,79
49785,49785,22,99
49786,49786,22,29
49787,49787,22,79
49788,49788,22,41
49789,49789,23,92
49790,49790,23,33
49791,49791,23,33
49792,49792,23,40
49793,49793,24,74
49794,49794,24,64
49795,49795,24,35
49796,49796,24,47
49797,49797,25,109
49798,49798,25,66
49799,49799,25,79
49800,49800,25,71
49801,49801,26,52
49802,49802,26,26
49803,49803,26,53
49804,49804,26,76
49805,49805,27,106
49806,49806,27,87
49807,49807,27,48
49808,49808,27,26
49809,49809,28,27
49810,49810,28,63
49811,49811,28,52
49812,49812,28,35
49813,49813,29,111
49814,49814,29,39
49815,49815,29,58
49816,49816,29,60
49817,49817,30,66
49818,49818,30,78
49819,49819,30,50
49820,49820,30,53
49821,49821,31,37
49822,49822,31,40
49823,49823,31,16
49824,49824,31,65
49825,49825,32,38
49826,49826,32,92
49827,49827,32,28
49828,49828,32,83
49829,49829,33,64
49830,49830,33,34
49831,49831,33,59
49832,49832,33,93
49833,49833,34,79
49834,49834,34,65
49835,49835,34,55
49836,49836,34,59
49837,49837,35,33
49838,49838,35,55
49839,49839,35,34
49840,49840,35,64
49841,49841,1,31
49842,49842,1,37
49843,49843,1,29
49844,49844,1,26
49845,49845,2,64
49846,49846,2,27
49847,49847,2,26
49848,49848,2,26
49849,49849,3,43
49850,49850,3,15
49851,49851,3,17
49852,49852,3,35
49853,49853,4,28
49854,49854,4,35
49855,49855,4,15
49856,49856,4,27
49857,49857,5,34
49858,49858,5,37
49859,49859,5,9
49860,49860,5,45
49861,49861,6,37
49862,49862,6,30
49863,49863,6,8
49864,49864,6,31
49865,49865,7,32
49866,49866,7,21
49867,49867,7,11
49868,49868,7,26
49869,49869,8,34
49870,49870,8,23
49871,49871,8,14
49872,49872,8,58
49873,49873,9,25
49874,49874,9,26
49875,49875,9,23
49876,49876,9,32
49877,49877,10,38
49878,49878,10,15
49879,49879,10,32
49880,49880,10,29
49881,49881,11,69
49882,49882,11,20
49883,49883,11,26
49884,49884,11,35
49885,49885,12,50
49886,49886,12,14
49887,49887,12,22
49888,49888,12,46
49889,49889,13,19
49890,49890,13,33
49891,49891,13,38
49892,49892,13,58
49893,49893,14,34
49894,49894,14,16
49895,49895,14,24
49896,49896,14,30
49897,49897,15,60
49898,49898,15,20
49899,49899,15,12
49900,49900,15,24
49901,49901,16,53
49902,49902,16,19
49903,49903,16,17
49904,49904,16,8
49905,49905,17,54
49906,49906,17,33
49907,49907,17,54
49908,49908,17,55
49909,49909,18,43
49910,49910,18,17
49911,49911,18,27
49912,49912,18,37
49913,49913,19,13
49914,49914,19,34
49915,49915,19,38
49916,49916,19,39
49917,49917,20,28
49918,49918,20,41
49919,49919,20,19
49920,49920,20,39
49921,49921,21,25
49922,49922,21,30
49923,49923,21,13
49924,49924,21,25
49925,49925,22,30
49926,49926,22,21
49927,49927,22,20
49928,49928,22,19
49929,49929,23,54
49930,49930,23,18
49931,49931,23,12
49932,49932,23,26
49933,49933,24,40
49934,49934,24,40
49935,49935,24,16
49936,49936,24,54
49937,49937,25,46
49938,49938,25,12
49939,49939,25,23
49940,49940,25,22
49941,49941,26,41
49942,49942,26,36
49943,49943,26,16
49944,49944,26,27
49945,49945,27,26
49946,49946,27,36
49947,49947,27,22
49948,49948,27,18
49949,49949,28,38
49950,49950,28,31
49951,49951,28,24
49952,49952,28,20
49953,49953,29,23
49954,49954,29,10
49955,49955,29,14
49956,49956,29,23
49957,49957,30,21
49958,49958,30,26
49959,49959,30,22
49960,49960,30,28
49961,49961,31,31
49962,49962,31,23
49963,49963,31,20
49964,49964,31,46
49965,49965,32,48
49966,49966,32,28
49967,49967,32,34
49968,49968,32,31
49969,49969,33,40
49970,49970,33,22
49971,49971,33,21
49972,49972,33,29
49973,49973,34,37
49974,49974,34,25
49975,49975,34,18
49976,49976,34,54
49977,49977,35,57
49978,49978,35,15
49979,49979,35,29
49980,49980,35,38
49981,49981,1,28
49982,49982,1,30
49983,49983,1,21
49984,49984,1,47
49985,49985,2,41
49986,49986,2,49
49987,49987,2,25
49988,49988,2,30
49989,49989,3,45
49990,49990,3,15
49991,49991,3,25
49992,49992,3,23
49993,49993,4,65
49994,49994,4,33
49995,49995,4,29
49996,49996,4,35
49997,49997,5,35
49998,49998,5,33
49999,49999,5,29
50000,50000,5,17
50001,50001,6,53
50002,50002,6,25
50003,50003,6,61
50004,50004,6,28
50005,50005,7,39
50006,50006,7,19
50007,50007,7,30
50008,50008,7,74
50009,50009,8,30
50010,50010,8,16
50011,50011,8,33
50012,50012,8,27
50013,50013,9,34
50014,50014,9,20
50015,50015,9,33
50016,50016,9,22
50017,50017,10,19
50018,50018,10,17
50019,50019,10,14
50020,50020,10,32
50021,50021,11,37
50022,50022,11,35
50023,50023,11,28
50024,50024,11,36
50025,50025,12,66
50026,50026,12,39
50027,50027,12,25
50028,50028,12,28
50029,50029,13,32
50030,50030,13,33
50031,50031,13,21
50032,50032,13,28
50033,50033,14,22
50034,50034,14,19
50035,50035,14,16
50036,50036,14,24
50037,50037,15,43
50038,50038,15,45
50039,50039,15,33
50040,50040,15,33
50041,50041,16,52
50042,50042,16,15
50043,50043,16,23
50044,50044,16,18
50045,50045,17,53
50046,50046,17,20
50047,50047,17,25
50048,50048,17,25
50049,50049,18,51
50050,50050,18,25
50051,50051,18,22
50052,50052,18,43
50053,50053,19,20
50054,50054,19,8
50055,50055,19,18
50056,50056,19,32
50057,50057,20,34
50058,50058,20,21
50059,50059,20,39
50060,50060,20,31
50061,50061,21,24
50062,50062,21,42
50063,50063,21,23
50064,50064,21,19
50065,50065,22,22
50066,50066,22,21
50067,50067,22,28
50068,50068,22,38
50069,50069,23,43
50070,50070,23,36
50071,50071,23,19
50072,50072,23,45
50073,50073,24,68
50074,50074,24,16
50075,50075,24,22
50076,50076,24,41
50077,50077,25,34
50078,50078,25,19
50079,50079,25,37
50080,50080,25,44
50081,50081,26,40
50082,50082,26,28
50083,50083,26,38
50084,50084,26,16
50085,50085,27,36
50086,50086,27,38
50087,50087,27,39
50088,50088,27,28
50089,50089,28,54
50090,50090,28,27
50091,50091,28,19
50092,50092,28,18
50093,50093,29,18
50094,50094,29,31
50095,50095,29,13
50096,50096,29,24
50097,50097,30,65
50098,50098,30,20
50099,50099,30,32
50100,50100,30,25
50101,50101,31,24
50102,50102,31,32
50103,50103,31,14
50104,50104,31,12
50105,50105,32,32
50106,50106,32,19
50107,50107,32,25
50108,50108,32,43
50109,50109,33,26
50110,50110,33,38
50111,50111,33,30
50112,50112,33,35
50113,50113,34,52
50114,50114,34,15
50115,50115,34,27
50116,50116,34,77
50117,50117,35,39
50118,50118,35,23
50119,50119,35,17
50120,50120,35,18
50121,50121,1,45
50122,50122,1,10
50123,50123,1,36
50124,50124,1,34
50125,50125,2,39
50126,50126,2,34
50127,50127,2,29
50128,50128,2,88
50129,50129,3,26
50130,50130,3,55
50131,50131,3,22
50132,50132,3,31
50133,50133,4,48
50134,50134,4,14
50135,50135,4,15
50136,50136,4,35
50137,50137,5,25
50138,50138,5,33
50139,50139,5,23
50140,50140,5,66
50141,50141,6,36
50142,50142,6,25
50143,50143,6,15
50144,50144,6,50
50145,50145,7,56
50146,50146,7,30
50147,50147,7,27
50148,50148,7,45
50149,50149,8,24
50150,50150,8,34
50151,50151,8,17
50152,50152,8,26
50153,50153,9,54
50154,50154,9,34
50155,50155,9,31
50156,50156,9,55
50157,50157,10,47
50158,50158,10,31
50159,50159,10,49
50160,50160,10,69
50161,50161,11,52
50162,50162,11,37
50163,50163,11,32
50164,50164,11,18
50165,50165,12,38
50166,50166,12,17
50167,50167,12,18
50168,50168,12,7
50169,50169,13,48
50170,50170,13,32
50171,50171,13,14
50172,50172,13,41
50173,50173,14,63
50174,50174,14,21
50175,50175,14,29
50176,50176,14,30
50177,50177,15,71
50178,50178,15,19
50179,50179,15,52
50180,50180,15,32
50181,50181,16,35
50182,50182,16,62
50183,50183,16,22
50184,50184,16,23
50185,50185,17,33
50186,50186,17,31
50187,50187,17,13
50188,50188,17,41
50189,50189,18,57
50190,50190,18,52
50191,50191,18,12
50192,50192,18,69
50193,50193,19,53
50194,50194,19,28
50195,50195,19,38
50196,50196,19,39
50197,50197,20,37
50198,50198,20,24
50199,50199,20,16
50200,50200,20,48
50201,50201,21,42
50202,50202,21,22
50203,50203,21,26
50204,50204,21,15
50205,50205,22,41
50206,50206,22,39
50207,50207,22,27
50208,50208,22,51
50209,50209,23,42
50210,50210,23,35
50211,50211,23,21
50212,50212,23,28
50213,50213,24,26
50214,50214,24,24
50215,50215,24,27
50216,50216,24,75
50217,50217,25,58
50218,50218,25,23
50219,50219,25,21
50220,50220,25,38
50221,50221,26,47
50222,50222,26,34
50223,50223,26,26
50224,50224,26,19
50225,50225,27,33
50226,50226,27,24
50227,50227,27,32
50228,50228,27,21
50229,50229,28,45
50230,50230,28,12
50231,50231,28,23
50232,50232,28,18
50233,50233,29,53
50234,50234,29,26
50235,50235,29,48
50236,50236,29,57
50237,50237,30,61
50238,50238,30,47
50239,50239,30,29
50240,50240,30,31
50241,50241,31,46
50242,50242,31,35
50243,50243,31,28
50244,50244,31,25
50245,50245,32,52
50246,50246,32,48
50247,50247,32,25
50248,50248,32,41
50249,50249,33,68
50250,50250,33,44
50251,50251,33,27
50252,50252,33,21
50253,50253,34,50
50254,50254,34,28
50255,50255,34,45
50256,50256,34,51
50257,50257,35,73
50258,50258,35,30
50259,50259,35,41
50260,50260,35,68
50261,50261,1,48
50262,50262,1,35
50263,50263,1,42
50264,50264,1,70
50265,50265,2,74
50266,50266,2,41
50267,50267,2,29
50268,50268,2,26
50269,50269,3,54
50270,50270,3,19
50271,50271,3,52
50272,50272,3,43
50273,50273,4,33
50274,50274,4,61
50275,50275,4,55
50276,50276,4,34
50277,50277,5,71
50278,50278,5,42
50279,50279,5,18
50280,50280,5,36
50281,50281,6,48
50282,50282,6,59
50283,50283,6,11
50284,50284,6,26
50285,50285,7,29
50286,50286,7,61
50287,50287,7,29
50288,50288,7,40
50289,50289,8,85
50290,50290,8,55
50291,50291,8,57
50292,50292,8,62
50293,50293,9,51
50294,50294,9,24
50295,50295,9,21
50296,50296,9,41
50297,50297,10,93
50298,50298,10,58
50299,50299,10,35
50300,50300,10,53
50301,50301,11,33
50302,50302,11,47
50303,50303,11,22
50304,50304,11,31
50305,50305,12,62
50306,50306,12,24
50307,50307,12,33
50308,50308,12,70
50309,50309,13,55
50310,50310,13,24
50311,50311,13,13
50312,50312,13,25
50313,50313,14,27
50314,50314,14,58
50315,50315,14,33
50316,50316,14,59
50317,50317,15,31
50318,50318,15,36
50319,50319,15,33
50320,50320,15,62
50321,50321,16,51
50322,50322,16,50
50323,50323,16,53
50324,50324,16,45
50325,50325,17,40
50326,50326,17,10
50327,50327,17,21
50328,50328,17,17
50329,50329,18,48
50330,50330,18,25
50331,50331,18,16
50332,50332,18,39
50333,50333,19,68
50334,50334,19,58
50335,50335,19,28
50336,50336,19,70
50337,50337,20,65
50338,50338,20,24
50339,50339,20,17
50340,50340,20,22
50341,50341,21,48
50342,50342,21,50
50343,50343,21,22
50344,50344,21,31
50345,50345,22,78
50346,50346,22,38
50347,50347,22,23
50348,50348,22,41
50349,50349,23,19
50350,50350,23,28
50351,50351,23,47
50352,50352,23,36
50353,50353,24,50
50354,50354,24,32
50355,50355,24,25
50356,50356,24,91
50357,50357,25,44
50358,50358,25,34
50359,50359,25,34
50360,50360,25,31
50361,50361,26,27
50362,50362,26,37
50363,50363,26,8
50364,50364,26,62
50365,50365,27,38
50366,50366,27,20
50367,50367,27,23
50368,50368,27,66
50369,50369,28,54
50370,50370,28,34
50371,50371,28,21
50372,50372,28,47
50373,50373,29,33
50374,50374,29,43
50375,50375,29,30
50376,50376,29,33
50377,50377,30,98
50378,50378,30,50
50379,50379,30,42
50380,50380,30,12
50381,50381,31,55
50382,50382,31,51
50383,50383,31,39
50384,50384,31,33
50385,50385,32,22
50386,50386,32,50
50387,50387,32,38
50388,50388,32,24
50389,50389,33,57
50390,50390,33,29
50391,50391,33,38
50392,50392,33,48
50393,50393,34,38
50394,50394,34,44
50395,50395,34,17
50396,50396,34,27
50397,50397,35,64
50398,50398,35,68
50399,50399,35,25
50400,50400,35,62
50401,50401,1,52
50402,50402,1,40
50403,50403,1,31
50404,50404,1,21
50405,50405,2,71
50406,50406,2,48
50407,50407,2,24
50408,50408,2,45
50409,50409,3,52
50410,50410,3,44
50411,50411,3,25
50412,50412,3,20
50413,50413,4,60
50414,50414,4,56
50415,50415,4,33
50416,50416,4,56
50417,50417,5,51
50418,50418,5,45
50419,50419,5,51
50420,50420,5,45
50421,50421,6,80
50422,50422,6,109
50423,50423,6,53
50424,50424,6,37
50425,50425,7,71
50426,50426,7,91
50427,50427,7,32
50428,50428,7,55
50429,50429,8,65
50430,50430,8,50
50431,50431,8,40
50432,50432,8,83
50433,50433,9,54
50434,50434,9,81
50435,50435,9,22
50436,50436,9,30
50437,50437,10,62
50438,50438,10,48
50439,50439,10,32
50440,50440,10,61
50441,50441,11,60
50442,50442,11,61
50443,50443,11,54
50444,50444,11,46
50445,50445,12,33
50446,50446,12,32
50447,50447,12,65
50448,50448,12,49
50449,50449,13,63
50450,50450,13,27
50451,50451,13,52
50452,50452,13,64
50453,50453,14,48
50454,50454,14,49
50455,50455,14,51
50456,50456,14,96
50457,50457,15,108
50458,50458,15,33
50459,50459,15,49
50460,50460,15,55
50461,50461,16,95
50462,50462,16,34
50463,50463,16,34
50464,50464,16,35
50465,50465,17,100
50466,50466,17,21
50467,50467,17,49
50468,50468,17,73
50469,50469,18,73
50470,50470,18,39
50471,50471,18,30
50472,50472,18,86
50473,50473,19,57
50474,50474,19,20
50475,50475,19,24
50476,50476,19,23
50477,50477,20,62
50478,50478,20,51
50479,50479,20,46
50480,50480,20,69
50481,50481,21,67
50482,50482,21,34
50483,50483,21,44
50484,50484,21,76
50485,50485,22,62
50486,50486,22,39
50487,50487,22,37
50488,50488,22,40
50489,50489,23,79
50490,50490,23,46
50491,50491,23,47
50492,50492,23,31
50493,50493,24,73
50494,50494,24,30
50495,50495,24,36
50496,50496,24,54
50497,50497,25,75
50498,50498,25,53
50499,50499,25,37
50500,50500,25,30
50501,50501,26,10
50502,50502,26,19
50503,50503,26,59
50504,50504,26,56
50505,50505,27,107
50506,50506,27,62
50507,50507,27,58
50508,50508,27,54
50509,50509,28,85
50510,50510,28,37
50511,50511,28,28
50512,50512,28,66
50513,50513,29,45
50514,50514,29,28
50515,50515,29,17
50516,50516,29,64
50517,50517,30,63
50518,50518,30,38
50519,50519,30,33
50520,50520,30,25
50521,50521,31,57
50522,50522,31,73
50523,50523,31,22
50524,50524,31,51
50525,50525,32,100
50526,50526,32,29
50527,50527,32,19
50528,50528,32,49
50529,50529,33,63
50530,50530,33,82
50531,50531,33,56
50532,50532,33,85
50533,50533,34,51
50534,50534,34,38
50535,50535,34,29
50536,50536,34,68
50537,50537,35,20
50538,50538,35,39
50539,50539,35,18
50540,50540,35,30
50541,50541,1,46
50542,50542,1,63
50543,50543,1,61
50544,50544,1,99
50545,50545,2,57
50546,50546,2,39
50547,50547,2,51
50548,50548,2,89
50549,50549,3,62
50550,50550,3,59
50551,50551,3,48
50552,50552,3,51
50553,50553,4,78
50554,50554,4,55
50555,50555,4,30
50556,50556,4,116
50557,50557,5,115
50558,50558,5,40
50559,50559,5,88
50560,50560,5,59
50561,50561,6,78
50562,50562,6,68
50563,50563,6,32
50564,50564,6,55
50565,50565,7,85
50566,50566,7,81
50567,50567,7,32
50568,50568,7,55
50569,50569,8,63
50570,50570,8,57
50571,50571,8,28
50572,50572,8,75
50573,50573,9,93
50574,50574,9,89
50575,50575,9,47
50576,50576,9,67
50577,50577,10,72
50578,50578,10,46
50579,50579,10,35
50580,50580,10,103
50581,50581,11,84
50582,50582,11,60
50583,50583,11,92
50584,50584,11,92
50585,50585,12,94
50586,50586,12,68
50587,50587,12,52
50588,50588,12,78
50589,50589,13,51
50590,50590,13,89
50591,50591,13,47
50592,50592,13,43
50593,50593,14,69
50594,50594,14,91
50595,50595,14,47
50596,50596,14,61
50597,50597,15,91
50598,50598,15,81
50599,50599,15,82
50600,50600,15,24
50601,50601,16,70
50602,50602,16,35
50603,50603,16,36
50604,50604,16,75
50605,50605,17,64
50606,50606,17,35
50607,50607,17,36
50608,50608,17,72
50609,50609,18,64
50610,50610,18,24
50611,50611,18,66
50612,50612,18,25
50613,50613,19,82
50614,50614,19,85
50615,50615,19,28
50616,50616,19,63
50617,50617,20,85
50618,50618,20,60
50619,50619,20,28
50620,50620,20,103
50621,50621,21,57
50622,50622,21,63
50623,50623,21,37
50624,50624,21,49
50625,50625,22,88
50626,50626,22,59
50627,50627,22,34
50628,50628,22,65
50629,50629,23,103
50630,50630,23,28
50631,50631,23,49
50632,50632,23,125
50633,50633,24,90
50634,50634,24,57
50635,50635,24,76
50636,50636,24,102
50637,50637,25,81
50638,50638,25,38
50639,50639,25,58
50640,50640,25,98
50641,50641,26,107
50642,50642,26,72
50643,50643,26,52
50644,50644,26,121
50645,50645,27,46
50646,50646,27,61
50647,50647,27,62
50648,50648,27,49
50649,50649,28,42
50650,50650,28,84
50651,50651,28,54
50652,50652,28,90
50653,50653,29,60
50654,50654,29,35
50655,50655,29,58
50656,50656,29,47
50657,50657,30,79
50658,50658,30,65
50659,50659,30,61
50660,50660,30,79
50661,50661,31,92
50662,50662,31,38
50663,50663,31,22
50664,50664,31,49
50665,50665,32,97
50666,50666,32,60
50667,50667,32,26
50668,50668,32,121
50669,50669,33,88
50670,50670,33,84
50671,50671,33,19
50672,50672,33,37
50673,50673,34,93
50674,50674,34,66
50675,50675,34,64
50676,50676,34,98
50677,50677,35,101
50678,50678,35,30
50679,50679,35,29
50680,50680,35,71
50681,50681,1,80
50682,50682,1,58
50683,50683,1,38
50684,50684,1,66
50685,50685,2,78
50686,50686,2,50
50687,50687,2,31
50688,50688,2,90
50689,50689,3,69
50690,50690,3,32
50691,50691,3,43
50692,50692,3,38
50693,50693,4,58
50694,50694,4,120
50695,50695,4,71
50696,50696,4,55
50697,50697,5,73
50698,50698,5,110
50699,50699,5,30
50700,50700,5,53
50701,50701,6,45
50702,50702,6,60
50703,50703,6,37
50704,50704,6,39
50705,50705,7,89
50706,50706,7,63
50707,50707,7,42
50708,50708,7,76
50709,50709,8,64
50710,50710,8,66
50711,50711,8,66
50712,50712,8,44
50713,50713,9,180
50714,50714,9,29
50715,50715,9,24
50716,50716,9,98
50717,50717,10,100
50718,50718,10,84
50719,50719,10,49
50720,50720,10,71
50721,50721,11,54
50722,50722,11,47
50723,50723,11,37
50724,50724,11,91
50725,50725,12,139
50726,50726,12,45
50727,50727,12,69
50728,50728,12,45
50729,50729,13,67
50730,50730,13,56
50731,50731,13,53
50732,50732,13,53
50733,50733,14,62
50734,50734,14,67
50735,50735,14,47
50736,50736,14,51
50737,50737,15,72
50738,50738,15,46
50739,50739,15,70
50740,50740,15,33
50741,50741,16,51
50742,50742,16,30
50743,50743,16,36
50744,50744,16,88
50745,50745,17,97
50746,50746,17,103
50747,50747,17,61
50748,50748,17,74
50749,50749,18,102
50750,50750,18,39
50751,50751,18,17
50752,50752,18,37
50753,50753,19,58
50754,50754,19,96
50755,50755,19,27
50756,50756,19,94
50757,50757,20,44
50758,50758,20,54
50759,50759,20,69
50760,50760,20,61
50761,50761,21,70
50762,50762,21,76
50763,50763,21,34
50764,50764,21,131
50765,50765,22,59
50766,50766,22,57
50767,50767,22,46
50768,50768,22,72
50769,50769,23,124
50770,50770,23,51
50771,50771,23,31
50772,50772,23,54
50773,50773,24,85
50774,50774,24,61
50775,50775,24,39
50776,50776,24,52
50777,50777,25,70
50778,50778,25,35
50779,50779,25,33
50780,50780,25,51
50781,50781,26,104
50782,50782,26,78
50783,50783,26,27
50784,50784,26,48
50785,50785,27,141
50786,50786,27,46
50787,50787,27,34
50788,50788,27,61
50789,50789,28,44
50790,50790,28,65
50791,50791,28,25
50792,50792,28,46
50793,50793,29,59
50794,50794,29,68
50795,50795,29,49
50796,50796,29,70
50797,50797,30,70
50798,50798,30,35
50799,50799,30,37
50800,50800,30,74
50801,50801,31,53
50802,50802,31,30
50803,50803,31,31
50804,50804,31,53
50805,50805,32,55
50806,50806,32,108
50807,50807,32,24
50808,50808,32,57
50809,50809,33,147
50810,50810,33,46
50811,50811,33,30
50812,50812,33,32
50813,50813,34,103
50814,50814,34,53
50815,50815,34,47
50816,50816,34,65
50817,50817,35,77
50818,50818,35,75
50819,50819,35,60
50820,50820,35,59
50821,50821,1,25
50822,50822,1,45
50823,50823,1,24
50824,50824,1,37
50825,50825,2,51
50826,50826,2,18
50827,50827,2,20
50828,50828,2,21
50829,50829,3,28
50830,50830,3,36
50831,50831,3,12
50832,50832,3,29
50833,50833,4,77
50834,50834,4,35
50835,50835,4,31
50836,50836,4,32
50837,50837,5,21
50838,50838,5,20
50839,50839,5,16
50840,50840,5,14
50841,50841,6,64
50842,50842,6,40
50843,50843,6,17
50844,50844,6,40
50845,50845,7,19
50846,50846,7,39
50847,50847,7,15
50848,50848,7,14
50849,50849,8,35
50850,50850,8,35
50851,50851,8,28
50852,50852,8,25
50853,50853,9,29
50854,50854,9,22
50855,50855,9,14
50856,50856,9,22
50857,50857,10,25
50858,50858,10,14
50859,50859,10,42
50860,50860,10,36
50861,50861,11,32
50862,50862,11,33
50863,50863,11,9
50864,50864,11,17
50865,50865,12,52
50866,50866,12,25
50867,50867,12,41
50868,50868,12,39
50869,50869,13,24
50870,50870,13,16
50871,50871,13,34
50872,50872,13,40
50873,50873,14,33
50874,50874,14,21
50875,50875,14,20
50876,50876,14,37
50877,50877,15,73
50878,50878,15,29
50879,50879,15,25
50880,50880,15,47
50881,50881,16,37
50882,50882,16,53
50883,50883,16,28
50884,50884,16,28
50885,50885,17,60
50886,50886,17,22
50887,50887,17,15
50888,50888,17,48
50889,50889,18,64
50890,50890,18,35
50891,50891,18,51
50892,50892,18,38
50893,50893,19,27
50894,50894,19,23
50895,50895,19,14
50896,50896,19,34
50897,50897,20,41
50898,50898,20,23
50899,50899,20,24
50900,50900,20,22
50901,50901,21,79
50902,50902,21,47
50903,50903,21,11
50904,50904,21,28
50905,50905,22,36
50906,50906,22,29
50907,50907,22,19
50908,50908,22,50
50909,50909,23,52
50910,50910,23,29
50911,50911,23,13
50912,50912,23,21
50913,50913,24,27
50914,50914,24,36
50915,50915,24,15
50916,50916,24,31
50917,50917,25,57
50918,50918,25,30
50919,50919,25,13
50920,50920,25,37
50921,50921,26,35
50922,50922,26,16
50923,50923,26,30
50924,50924,26,42
50925,50925,27,38
50926,50926,27,19
50927,50927,27,32
50928,50928,27,29
50929,50929,28,19
50930,50930,28,26
50931,50931,28,22
50932,50932,28,35
50933,50933,29,27
50934,50934,29,31
50935,50935,29,6
50936,50936,29,25
50937,50937,30,45
50938,50938,30,33
50939,50939,30,14
50940,50940,30,24
50941,50941,31,17
50942,50942,31,18
50943,50943,31,24
50944,50944,31,33
50945,50945,32,33
50946,50946,32,34
50947,50947,32,16
50948,50948,32,34
50949,50949,33,29
50950,50950,33,34
50951,50951,33,22
50952,50952,33,27
50953,50953,34,63
50954,50954,34,41
50955,50955,34,27
50956,50956,34,33
50957,50957,35,47
50958,50958,35,21
50959,50959,35,9
50960,50960,35,24
50961,50961,1,66
50962,50962,1,26
50963,50963,1,39
50964,50964,1,24
50965,50965,2,41
50966,50966,2,47
50967,50967,2,12
50968,50968,2,42
50969,50969,3,50
50970,50970,3,22
50971,50971,3,18
50972,50972,3,19
50973,50973,4,33
50974,50974,4,33
50975,50975,4,10
50976,50976,4,36
50977,50977,5,34
50978,50978,5,25
50979,50979,5,13
50980,50980,5,47
50981,50981,6,35
50982,50982,6,47
50983,50983,6,8
50984,50984,6,19
50985,50985,7,64
50986,50986,7,41
50987,50987,7,41
50988,50988,7,35
50989,50989,8,32
50990,50990,8,37
50991,50991,8,12
50992,50992,8,36
50993,50993,9,30
50994,50994,9,19
50995,50995,9,22
50996,50996,9,35
50997,50997,10,47
50998,50998,10,33
50999,50999,10,23
51000,51000,10,48
51001,51001,11,26
51002,51002,11,35
51003,51003,11,35
51004,51004,11,57
51005,51005,12,40
51006,51006,12,30
51007,51007,12,18
51008,51008,12,46
51009,51009,13,29
51010,51010,13,26
51011,51011,13,23
51012,51012,13,32
51013,51013,14,30
51014,51014,14,8
51015,51015,14,7
51016,51016,14,28
51017,51017,15,56
51018,51018,15,22
51019,51019,15,22
51020,51020,15,47
51021,51021,16,60
51022,51022,16,34
51023,51023,16,7
51024,51024,16,18
51025,51025,17,48
51026,51026,17,24
51027,51027,17,20
51028,51028,17,24
51029,51029,18,53
51030,51030,18,37
51031,51031,18,24
51032,51032,18,28
51033,51033,19,36
51034,51034,19,13
51035,51035,19,16
51036,51036,19,44
51037,51037,20,27
51038,51038,20,9
51039,51039,20,35
51040,51040,20,25
51041,51041,21,36
51042,51042,21,31
51043,51043,21,25
51044,51044,21,59
51045,51045,22,50
51046,51046,22,27
51047,51047,22,10
51048,51048,22,22
51049,51049,23,65
51050,51050,23,50
51051,51051,23,16
51052,51052,23,39
51053,51053,24,72
51054,51054,24,14
51055,51055,24,12
51056,51056,24,26
51057,51057,25,24
51058,51058,25,12
51059,51059,25,8
51060,51060,25,36
51061,51061,26,33
51062,51062,26,23
51063,51063,26,34
51064,51064,26,37
51065,51065,27,49
51066,51066,27,44
51067,51067,27,39
51068,51068,27,24
51069,51069,28,21
51070,51070,28,12
51071,51071,28,23
51072,51072,28,19
51073,51073,29,38
51074,51074,29,48
51075,51075,29,24
51076,51076,29,37
51077,51077,30,37
51078,51078,30,42
51079,51079,30,27
51080,51080,30,24
51081,51081,31,55
51082,51082,31,9
51083,51083,31,26
51084,51084,31,47
51085,51085,32,11
51086,51086,32,7
51087,51087,32,24
51088,51088,32,23
51089,51089,33,25
51090,51090,33,19
51091,51091,33,20
51092,51092,33,48
51093,51093,34,32
51094,51094,34,24
51095,51095,34,17
51096,51096,34,86
51097,51097,35,30
51098,51098,35,47
51099,51099,35,26
51100,51100,35,19
51101,51101,1,53
51102,51102,1,33
51103,51103,1,28
51104,51104,1,55
51105,51105,2,70
51106,51106,2,13
51107,51107,2,27
51108,51108,2,83
51109,51109,3,56
51110,51110,3,18
51111,51111,3,19
51112,51112,3,23
51113,51113,4,37
51114,51114,4,49
51115,51115,4,25
51116,51116,4,44
51117,51117,5,23
51118,51118,5,26
51119,51119,5,17
51120,51120,5,31
51121,51121,6,25
51122,51122,6,35
51123,51123,6,32
51124,51124,6,11
51125,51125,7,46
51126,51126,7,17
51127,51127,7,37
51128,51128,7,23
51129,51129,8,42
51130,51130,8,39
51131,51131,8,14
51132,51132,8,36
51133,51133,9,88
51134,51134,9,29
51135,51135,9,39
51136,51136,9,41
51137,51137,10,67
51138,51138,10,48
51139,51139,10,29
51140,51140,10,41
51141,51141,11,52
51142,51142,11,22
51143,51143,11,16
51144,51144,11,37
51145,51145,12,30
51146,51146,12,50
51147,51147,12,15
51148,51148,12,21
51149,51149,13,68
51150,51150,13,30
51151,51151,13,29
51152,51152,13,44
51153,51153,14,73
51154,51154,14,44
51155,51155,14,28
51156,51156,14,27
51157,51157,15,41
51158,51158,15,21
51159,51159,15,57
51160,51160,15,39
51161,51161,16,74
51162,51162,16,32
51163,51163,16,19
51164,51164,16,45
51165,51165,17,29
51166,51166,17,37
51167,51167,17,37
51168,51168,17,27
51169,51169,18,61
51170,51170,18,28
51171,51171,18,12
51172,51172,18,28
51173,51173,19,15
51174,51174,19,20
51175,51175,19,22
51176,51176,19,31
51177,51177,20,53
51178,51178,20,34
51179,51179,20,26
51180,51180,20,24
51181,51181,21,28
51182,51182,21,50
51183,51183,21,24
51184,51184,21,33
51185,51185,22,26
51186,51186,22,21
51187,51187,22,39
51188,51188,22,36
51189,51189,23,28
51190,51190,23,27
51191,51191,23,28
51192,51192,23,37
51193,51193,24,55
51194,51194,24,15
51195,51195,24,25
51196,51196,24,30
51197,51197,25,42
51198,51198,25,20
51199,51199,25,33
51200,51200,25,39
51201,51201,26,70
51202,51202,26,41
51203,51203,26,16
51204,51204,26,13
51205,51205,27,19
51206,51206,27,25
51207,51207,27,18
51208,51208,27,35
51209,51209,28,49
51210,51210,28,43
51211,51211,28,26
51212,51212,28,29
51213,51213,29,53
51214,51214,29,8
51215,51215,29,34
51216,51216,29,46
51217,51217,30,28
51218,51218,30,17
51219,51219,30,38
51220,51220,30,26
51221,51221,31,20
51222,51222,31,11
51223,51223,31,23
51224,51224,31,51
51225,51225,32,54
51226,51226,32,30
51227,51227,32,16
51228,51228,32,61
51229,51229,33,53
51230,51230,33,28
51231,51231,33,11
51232,51232,33,41
51233,51233,34,28
51234,51234,34,16
51235,51235,34,21
51236,51236,34,52
51237,51237,35,59
51238,51238,35,15
51239,51239,35,25
51240,51240,35,26
51241,51241,1,30
51242,51242,1,34
51243,51243,1,25
51244,51244,1,43
51245,51245,2,23
51246,51246,2,33
51247,51247,2,25
51248,51248,2,28
51249,51249,3,62
51250,51250,3,52
51251,51251,3,42
51252,51252,3,25
51253,51253,4,55
51254,51254,4,55
51255,51255,4,65
51256,51256,4,65
51257,51257,5,70
51258,51258,5,38
51259,51259,5,18
51260,51260,5,63
51261,51261,6,99
51262,51262,6,44
51263,51263,6,39
51264,51264,6,50
51265,51265,7,67
51266,51266,7,47
51267,51267,7,33
51268,51268,7,27
51269,51269,8,37
51270,51270,8,44
51271,51271,8,16
51272,51272,8,29
51273,51273,9,32
51274,51274,9,21
51275,51275,9,29
51276,51276,9,31
51277,51277,10,44
51278,51278,10,52
51279,51279,10,26
51280,51280,10,33
51281,51281,11,86
51282,51282,11,36
51283,51283,11,28
51284,51284,11,45
51285,51285,12,60
51286,51286,12,41
51287,51287,12,38
51288,51288,12,50
51289,51289,13,58
51290,51290,13,39
51291,51291,13,36
51292,51292,13,54
51293,51293,14,33
51294,51294,14,49
51295,51295,14,17
51296,51296,14,23
51297,51297,15,42
51298,51298,15,26
51299,51299,15,17
51300,51300,15,58
51301,51301,16,40
51302,51302,16,22
51303,51303,16,36
51304,51304,16,50
51305,51305,17,33
51306,51306,17,45
51307,51307,17,32
51308,51308,17,50
51309,51309,18,47
51310,51310,18,63
51311,51311,18,18
51312,51312,18,88
51313,51313,19,22
51314,51314,19,42
51315,51315,19,37
51316,51316,19,42
51317,51317,20,27
51318,51318,20,60
51319,51319,20,17
51320,51320,20,40
51321,51321,21,40
51322,51322,21,58
51323,51323,21,51
51324,51324,21,37
51325,51325,22,73
51326,51326,22,58
51327,51327,22,55
51328,51328,22,24
51329,51329,23,59
51330,51330,23,21
51331,51331,23,24
51332,51332,23,52
51333,51333,24,90
51334,51334,24,61
51335,51335,24,54
51336,51336,24,34
51337,51337,25,85
51338,51338,25,23
51339,51339,25,17
51340,51340,25,24
51341,51341,26,53
51342,51342,26,33
51343,51343,26,35
51344,51344,26,49
51345,51345,27,58
51346,51346,27,40
51347,51347,27,29
51348,51348,27,23
51349,51349,28,24
51350,51350,28,25
51351,51351,28,13
51352,51352,28,68
51353,51353,29,58
51354,51354,29,35
51355,51355,29,23
51356,51356,29,43
51357,51357,30,85
51358,51358,30,58
51359,51359,30,40
51360,51360,30,37
51361,51361,31,38
51362,51362,31,56
51363,51363,31,18
51364,51364,31,62
51365,51365,32,50
51366,51366,32,29
51367,51367,32,39
51368,51368,32,26
51369,51369,33,48
51370,51370,33,25
51371,51371,33,44
51372,51372,33,58
51373,51373,34,67
51374,51374,34,56
51375,51375,34,16
51376,51376,34,25
51377,51377,35,30
51378,51378,35,28
51379,51379,35,29
51380,51380,35,61
51381,51381,1,51
51382,51382,1,51
51383,51383,1,33
51384,51384,1,69
51385,51385,2,56
51386,51386,2,16
51387,51387,2,22
51388,51388,2,41
51389,51389,3,55
51390,51390,3,38
51391,51391,3,48
51392,51392,3,57
51393,51393,4,108
51394,51394,4,40
51395,51395,4,27
51396,51396,4,29
51397,51397,5,20
51398,51398,5,53
51399,51399,5,31
51400,51400,5,42
51401,51401,6,42
51402,51402,6,31
51403,51403,6,18
51404,51404,6,76
51405,51405,7,55
51406,51406,7,60
51407,51407,7,20
51408,51408,7,49
51409,51409,8,70
51410,51410,8,53
51411,51411,8,30
51412,51412,8,22
51413,51413,9,85
51414,51414,9,43
51415,51415,9,31
51416,51416,9,33
51417,51417,10,45
51418,51418,10,55
51419,51419,10,53
51420,51420,10,92
51421,51421,11,24
51422,51422,11,47
51423,51423,11,40
51424,51424,11,76
51425,51425,12,54
51426,51426,12,56
51427,51427,12,40
51428,51428,12,81
51429,51429,13,91
51430,51430,13,56
51431,51431,13,20
51432,51432,13,74
51433,51433,14,57
51434,51434,14,52
51435,51435,14,61
51436,51436,14,66
51437,51437,15,46
51438,51438,15,33
51439,51439,15,19
51440,51440,15,84
51441,51441,16,42
51442,51442,16,40
51443,51443,16,23
51444,51444,16,50
51445,51445,17,71
51446,51446,17,24
51447,51447,17,31
51448,51448,17,39
51449,51449,18,60
51450,51450,18,49
51451,51451,18,21
51452,51452,18,76
51453,51453,19,54
51454,51454,19,37
51455,51455,19,29
51456,51456,19,36
51457,51457,20,32
51458,51458,20,51
51459,51459,20,27
51460,51460,20,28
51461,51461,21,59
51462,51462,21,47
51463,51463,21,25
51464,51464,21,62
51465,51465,22,95
51466,51466,22,38
51467,51467,22,4
51468,51468,22,71
51469,51469,23,41
51470,51470,23,50
51471,51471,23,50
51472,51472,23,25
51473,51473,24,79
51474,51474,24,65
51475,51475,24,27
51476,51476,24,54
51477,51477,25,40
51478,51478,25,30
51479,51479,25,20
51480,51480,25,37
51481,51481,26,74
51482,51482,26,30
51483,51483,26,42
51484,51484,26,35
51485,51485,27,53
51486,51486,27,36
51487,51487,27,23
51488,51488,27,27
51489,51489,28,61
51490,51490,28,56
51491,51491,28,50
51492,51492,28,57
51493,51493,29,66
51494,51494,29,68
51495,51495,29,33
51496,51496,29,25
51497,51497,30,66
51498,51498,30,81
51499,51499,30,20
51500,51500,30,34
51501,51501,31,99
51502,51502,31,35
51503,51503,31,34
51504,51504,31,52
51505,51505,32,53
51506,51506,32,52
51507,51507,32,36
51508,51508,32,47
51509,51509,33,67
51510,51510,33,20
51511,51511,33,60
51512,51512,33,50
51513,51513,34,64
51514,51514,34,73
51515,51515,34,30
51516,51516,34,60
51517,51517,35,57
51518,51518,35,32
51519,51519,35,49
51520,51520,35,48
51521,51521,1,70
51522,51522,1,40
51523,51523,1,71
51524,51524,1,78
51525,51525,2,78
51526,51526,2,63
51527,51527,2,85
51528,51528,2,32
51529,51529,3,90
51530,51530,3,25
51531,51531,3,37
51532,51532,3,63
51533,51533,4,90
51534,51534,4,24
51535,51535,4,33
51536,51536,4,51
51537,51537,5,85
51538,51538,5,98
51539,51539,5,26
51540,51540,5,61
51541,51541,6,143
51542,51542,6,87
51543,51543,6,42
51544,51544,6,66
51545,51545,7,82
51546,51546,7,25
51547,51547,7,64
51548,51548,7,117
51549,51549,8,86
51550,51550,8,65
51551,51551,8,40
51552,51552,8,66
51553,51553,9,73
51554,51554,9,50
51555,51555,9,29
51556,51556,9,107
51557,51557,10,91
51558,51558,10,43
51559,51559,10,74
51560,51560,10,83
51561,51561,11,86
51562,51562,11,83
51563,51563,11,41
51564,51564,11,78
51565,51565,12,66
51566,51566,12,45
51567,51567,12,24
51568,51568,12,60
51569,51569,13,102
51570,51570,13,42
51571,51571,13,74
51572,51572,13,41
51573,51573,14,67
51574,51574,14,39
51575,51575,14,27
51576,51576,14,68
51577,51577,15,47
51578,51578,15,48
51579,51579,15,29
51580,51580,15,49
51581,51581,16,37
51582,51582,16,42
51583,51583,16,53
51584,51584,16,65
51585,51585,17,83
51586,51586,17,31
51587,51587,17,74
51588,51588,17,40
51589,51589,18,83
51590,51590,18,73
51591,51591,18,42
51592,51592,18,100
51593,51593,19,95
51594,51594,19,86
51595,51595,19,45
51596,51596,19,66
51597,51597,20,108
51598,51598,20,54
51599,51599,20,82
51600,51600,20,80
51601,51601,21,95
51602,51602,21,29
51603,51603,21,32
51604,51604,21,98
51605,51605,22,27
51606,51606,22,92
51607,51607,22,20
51608,51608,22,33
51609,51609,23,94
51610,51610,23,56
51611,51611,23,61
51612,51612,23,77
51613,51613,24,44
51614,51614,24,78
51615,51615,24,66
51616,51616,24,55
51617,51617,25,57
51618,51618,25,55
51619,51619,25,49
51620,51620,25,114
51621,51621,26,60
51622,51622,26,82
51623,51623,26,33
51624,51624,26,59
51625,51625,27,82
51626,51626,27,47
51627,51627,27,106
51628,51628,27,64
51629,51629,28,41
51630,51630,28,47
51631,51631,28,47
51632,51632,28,25
51633,51633,29,105
51634,51634,29,25
51635,51635,29,30
51636,51636,29,60
51637,51637,30,96
51638,51638,30,71
51639,51639,30,58
51640,51640,30,81
51641,51641,31,60
51642,51642,31,88
51643,51643,31,24
51644,51644,31,126
51645,51645,32,61
51646,51646,32,39
51647,51647,32,95
51648,51648,32,101
51649,51649,33,110
51650,51650,33,46
51651,51651,33,61
51652,51652,33,113
51653,51653,34,96
51654,51654,34,48
51655,51655,34,66
51656,51656,34,45
51657,51657,35,89
51658,51658,35,56
51659,51659,35,22
51660,51660,35,59
51661,51661,1,52
51662,51662,1,24
51663,51663,1,62
51664,51664,1,74
51665,51665,2,50
51666,51666,2,47
51667,51667,2,41
51668,51668,2,66
51669,51669,3,62
51670,51670,3,49
51671,51671,3,53
51672,51672,3,68
51673,51673,4,98
51674,51674,4,38
51675,51675,4,41
51676,51676,4,36
51677,51677,5,78
51678,51678,5,31
51679,51679,5,30
51680,51680,5,41
51681,51681,6,54
51682,51682,6,34
51683,51683,6,15
51684,51684,6,82
51685,51685,7,101
51686,51686,7,35
51687,51687,7,54
51688,51688,7,45
51689,51689,8,52
51690,51690,8,92
51691,51691,8,35
51692,51692,8,48
51693,51693,9,46
51694,51694,9,52
51695,51695,9,95
51696,51696,9,86
51697,51697,10,103
51698,51698,10,37
51699,51699,10,28
51700,51700,10,74
51701,51701,11,66
51702,51702,11,71
51703,51703,11,55
51704,51704,11,84
51705,51705,12,107
51706,51706,12,55
51707,51707,12,60
51708,51708,12,92
51709,51709,13,117
51710,51710,13,45
51711,51711,13,71
51712,51712,13,59
51713,51713,14,74
51714,51714,14,33
51715,51715,14,62
51716,51716,14,53
51717,51717,15,90
51718,51718,15,42
51719,51719,15,83
51720,51720,15,19
51721,51721,16,118
51722,51722,16,80
51723,51723,16,36
51724,51724,16,68
51725,51725,17,103
51726,51726,17,46
51727,51727,17,42
51728,51728,17,122
51729,51729,18,129
51730,51730,18,62
51731,51731,18,68
51732,51732,18,76
51733,51733,19,82
51734,51734,19,66
51735,51735,19,23
51736,51736,19,72
51737,51737,20,78
51738,51738,20,65
51739,51739,20,55
51740,51740,20,36
51741,51741,21,69
51742,51742,21,44
51743,51743,21,40
51744,51744,21,67
51745,51745,22,43
51746,51746,22,41
51747,51747,22,41
51748,51748,22,62
51749,51749,23,59
51750,51750,23,27
51751,51751,23,37
51752,51752,23,69
51753,51753,24,79
51754,51754,24,77
51755,51755,24,65
51756,51756,24,37
51757,51757,25,61
51758,51758,25,60
51759,51759,25,30
51760,51760,25,33
51761,51761,26,64
51762,51762,26,56
51763,51763,26,48
51764,51764,26,65
51765,51765,27,115
51766,51766,27,47
51767,51767,27,51
51768,51768,27,97
51769,51769,28,69
51770,51770,28,40
51771,51771,28,39
51772,51772,28,24
51773,51773,29,41
51774,51774,29,41
51775,51775,29,52
51776,51776,29,92
51777,51777,30,55
51778,51778,30,32
51779,51779,30,33
51780,51780,30,36
51781,51781,31,81
51782,51782,31,36
51783,51783,31,20
51784,51784,31,41
51785,51785,32,98
51786,51786,32,121
51787,51787,32,75
51788,51788,32,92
51789,51789,33,102
51790,51790,33,60
51791,51791,33,52
51792,51792,33,37
51793,51793,34,49
51794,51794,34,67
51795,51795,34,27
51796,51796,34,69
51797,51797,35,56
51798,51798,35,41
51799,51799,35,44
51800,51800,35,63
51801,51801,1,31
51802,51802,1,40
51803,51803,1,11
51804,51804,1,20
51805,51805,2,52
51806,51806,2,15
51807,51807,2,39
51808,51808,2,25
51809,51809,3,45
51810,51810,3,30
51811,51811,3,39
51812,51812,3,11
51813,51813,4,53
51814,51814,4,34
51815,51815,4,12
51816,51816,4,41
51817,51817,5,30
51818,51818,5,35
51819,51819,5,27
51820,51820,5,47
51821,51821,6,31
51822,51822,6,22
51823,51823,6,17
51824,51824,6,42
51825,51825,7,58
51826,51826,7,22
51827,51827,7,19
51828,51828,7,51
51829,51829,8,37
51830,51830,8,33
51831,51831,8,9
51832,51832,8,51
51833,51833,9,65
51834,51834,9,11
51835,51835,9,43
51836,51836,9,19
51837,51837,10,46
51838,51838,10,28
51839,51839,10,30
51840,51840,10,44
51841,51841,11,27
51842,51842,11,57
51843,51843,11,28
51844,51844,11,13
51845,51845,12,65
51846,51846,12,15
51847,51847,12,23
51848,51848,12,47
51849,51849,13,38
51850,51850,13,42
51851,51851,13,31
51852,51852,13,34
51853,51853,14,32
51854,51854,14,17
51855,51855,14,41
51856,51856,14,37
51857,51857,15,48
51858,51858,15,18
51859,51859,15,25
51860,51860,15,13
51861,51861,16,26
51862,51862,16,27
51863,51863,16,47
51864,51864,16,27
51865,51865,17,54
51866,51866,17,20
51867,51867,17,20
51868,51868,17,18
51869,51869,18,27
51870,51870,18,19
51871,51871,18,12
51872,51872,18,29
51873,51873,19,35
51874,51874,19,25
51875,51875,19,19
51876,51876,19,37
51877,51877,20,44
51878,51878,20,23
51879,51879,20,20
51880,51880,20,33
51881,51881,21,43
51882,51882,21,61
51883,51883,21,13
51884,51884,21,24
51885,51885,22,40
51886,51886,22,9
51887,51887,22,24
51888,51888,22,33
51889,51889,23,46
51890,51890,23,35
51891,51891,23,11
51892,51892,23,23
51893,51893,24,34
51894,51894,24,26
51895,51895,24,31
51896,51896,24,42
51897,51897,25,46
51898,51898,25,39
51899,51899,25,14
51900,51900,25,46
51901,51901,26,31
51902,51902,26,23
51903,51903,26,29
51904,51904,26,19
51905,51905,27,43
51906,51906,27,41
51907,51907,27,22
51908,51908,27,50
51909,51909,28,31
51910,51910,28,27
51911,51911,28,40
51912,51912,28,25
51913,51913,29,42
51914,51914,29,9
51915,51915,29,14
51916,51916,29,23
51917,51917,30,45
51918,51918,30,34
51919,51919,30,10
51920,51920,30,14
51921,51921,31,32
51922,51922,31,13
51923,51923,31,22
51924,51924,31,44
51925,51925,32,40
51926,51926,32,41
51927,51927,32,20
51928,51928,32,18
51929,51929,33,16
51930,51930,33,33
51931,51931,33,37
51932,51932,33,35
51933,51933,34,43
51934,51934,34,22
51935,51935,34,23
51936,51936,34,61
51937,51937,35,31
51938,51938,35,25
51939,51939,35,55
51940,51940,35,44
51941,51941,1,49
51942,51942,1,24
51943,51943,1,11
51944,51944,1,60
51945,51945,2,41
51946,51946,2,11
51947,51947,2,23
51948,51948,2,25
51949,51949,3,30
51950,51950,3,31
51951,51951,3,20
51952,51952,3,37
51953,51953,4,32
51954,51954,4,22
51955,51955,4,27
51956,51956,4,43
51957,51957,5,34
51958,51958,5,43
51959,51959,5,20
51960,51960,5,27
51961,51961,6,81
51962,51962,6,18
51963,51963,6,13
51964,51964,6,44
51965,51965,7,20
51966,51966,7,19
51967,51967,7,25
51968,51968,7,38
51969,51969,8,61
51970,51970,8,24
51971,51971,8,24
51972,51972,8,55
51973,51973,9,23
51974,51974,9,34
51975,51975,9,39
51976,51976,9,47
51977,51977,10,54
51978,51978,10,18
51979,51979,10,19
51980,51980,10,82
51981,51981,11,34
51982,51982,11,19
51983,51983,11,25
51984,51984,11,30
51985,51985,12,36
51986,51986,12,25
51987,51987,12,48
51988,51988,12,54
51989,51989,13,13
51990,51990,13,24
51991,51991,13,25
51992,51992,13,20
51993,51993,14,52
51994,51994,14,26
51995,51995,14,54
51996,51996,14,16
51997,51997,15,27
51998,51998,15,30
51999,51999,15,13
52000,52000,15,32
52001,52001,16,24
52002,52002,16,28
52003,52003,16,22
52004,52004,16,28
52005,52005,17,28
52006,52006,17,28
52007,52007,17,18
52008,52008,17,39
52009,52009,18,24
52010,52010,18,22
52011,52011,18,32
52012,52012,18,46
52013,52013,19,42
52014,52014,19,28
52015,52015,19,24
52016,52016,19,32
52017,52017,20,23
52018,52018,20,32
52019,52019,20,26
52020,52020,20,16
52021,52021,21,47
52022,52022,21,21
52023,52023,21,30
52024,52024,21,21
52025,52025,22,59
52026,52026,22,49
52027,52027,22,47
52028,52028,22,25
52029,52029,23,22
52030,52030,23,28
52031,52031,23,8
52032,52032,23,18
52033,52033,24,32
52034,52034,24,27
52035,52035,24,16
52036,52036,24,43
52037,52037,25,29
52038,52038,25,32
52039,52039,25,6
52040,52040,25,43
52041,52041,26,48
52042,52042,26,43
52043,52043,26,9
52044,52044,26,28
52045,52045,27,43
52046,52046,27,33
52047,52047,27,23
52048,52048,27,19
52049,52049,28,33
52050,52050,28,42
52051,52051,28,16
52052,52052,28,35
52053,52053,29,38
52054,52054,29,13
52055,52055,29,16
52056,52056,29,36
52057,52057,30,56
52058,52058,30,28
52059,52059,30,34
52060,52060,30,22
52061,52061,31,37
52062,52062,31,22
52063,52063,31,28
52064,52064,31,31
52065,52065,32,24
52066,52066,32,41
52067,52067,32,26
52068,52068,32,40
52069,52069,33,21
52070,52070,33,25
52071,52071,33,31
52072,52072,33,44
52073,52073,34,43
52074,52074,34,57
52075,52075,34,51
52076,52076,34,59
52077,52077,35,43
52078,52078,35,26
52079,52079,35,31
52080,52080,35,52
52081,52081,1,68
52082,52082,1,60
52083,52083,1,39
52084,52084,1,43
52085,52085,2,77
52086,52086,2,36
52087,52087,2,25
52088,52088,2,36
52089,52089,3,55
52090,52090,3,18
52091,52091,3,15
52092,52092,3,32
52093,52093,4,71
52094,52094,4,19
52095,52095,4,42
52096,52096,4,40
52097,52097,5,35
52098,52098,5,20
52099,52099,5,21
52100,52100,5,47
52101,52101,6,55
52102,52102,6,47
52103,52103,6,33
52104,52104,6,64
52105,52105,7,53
52106,52106,7,35
52107,52107,7,23
52108,52108,7,51
52109,52109,8,55
52110,52110,8,30
52111,52111,8,20
52112,52112,8,50
52113,52113,9,47
52114,52114,9,20
52115,52115,9,51
52116,52116,9,51
52117,52117,10,36
52118,52118,10,20
52119,52119,10,23
52120,52120,10,47
52121,52121,11,42
52122,52122,11,44
52123,52123,11,16
52124,52124,11,35
52125,52125,12,54
52126,52126,12,20
52127,52127,12,29
52128,52128,12,31
52129,52129,13,51
52130,52130,13,26
52131,52131,13,16
52132,52132,13,41
52133,52133,14,37
52134,52134,14,42
52135,52135,14,11
52136,52136,14,46
52137,52137,15,53
52138,52138,15,25
52139,52139,15,17
52140,52140,15,54
52141,52141,16,35
52142,52142,16,31
52143,52143,16,18
52144,52144,16,21
52145,52145,17,55
52146,52146,17,29
52147,52147,17,51
52148,52148,17,39
52149,52149,18,50
52150,52150,18,41
52151,52151,18,20
52152,52152,18,19
52153,52153,19,42
52154,52154,19,54
52155,52155,19,13
52156,52156,19,25
52157,52157,20,74
52158,52158,20,23
52159,52159,20,24
52160,52160,20,27
52161,52161,21,38
52162,52162,21,39
52163,52163,21,42
52164,52164,21,49
52165,52165,22,33
52166,52166,22,37
52167,52167,22,42
52168,52168,22,56
52169,52169,23,23
52170,52170,23,53
52171,52171,23,11
52172,52172,23,24
52173,52173,24,40
52174,52174,24,17
52175,52175,24,18
52176,52176,24,39
52177,52177,25,67
52178,52178,25,38
52179,52179,25,36
52180,52180,25,57
52181,52181,26,44
52182,52182,26,30
52183,52183,26,36
52184,52184,26,39
52185,52185,27,28
52186,52186,27,36
52187,52187,27,16
52188,52188,27,63
52189,52189,28,23
52190,52190,28,74
52191,52191,28,30
52192,52192,28,18
52193,52193,29,32
52194,52194,29,46
52195,52195,29,29
52196,52196,29,46
52197,52197,30,43
52198,52198,30,23
52199,52199,30,12
52200,52200,30,28
52201,52201,31,37
52202,52202,31,36
52203,52203,31,25
52204,52204,31,37
52205,52205,32,58
52206,52206,32,45
52207,52207,32,21
52208,52208,32,53
52209,52209,33,60
52210,52210,33,17
52211,52211,33,14
52212,52212,33,24
52213,52213,34,47
52214,52214,34,30
52215,52215,34,59
52216,52216,34,72
52217,52217,35,61
52218,52218,35,43
52219,52219,35,41
52220,52220,35,30
52221,52221,1,63
52222,52222,1,53
52223,52223,1,21
52224,52224,1,32
52225,52225,2,32
52226,52226,2,20
52227,52227,2,42
52228,52228,2,34
52229,52229,3,34
52230,52230,3,41
52231,52231,3,24
52232,52232,3,38
52233,52233,4,32
52234,52234,4,37
52235,52235,4,30
52236,52236,4,43
52237,52237,5,24
52238,52238,5,14
52239,52239,5,28
52240,52240,5,53
52241,52241,6,65
52242,52242,6,52
52243,52243,6,20
52244,52244,6,17
52245,52245,7,57
52246,52246,7,35
52247,52247,7,15
52248,52248,7,26
52249,52249,8,31
52250,52250,8,22
52251,52251,8,64
52252,52252,8,27
52253,52253,9,35
52254,52254,9,41
52255,52255,9,38
52256,52256,9,33
52257,52257,10,43
52258,52258,10,26
52259,52259,10,28
52260,52260,10,45
52261,52261,11,52
52262,52262,11,44
52263,52263,11,42
52264,52264,11,53
52265,52265,12,31
52266,52266,12,40
52267,52267,12,40
52268,52268,12,46
52269,52269,13,44
52270,52270,13,49
52271,52271,13,30
52272,52272,13,63
52273,52273,14,52
52274,52274,14,22
52275,52275,14,18
52276,52276,14,72
52277,52277,15,50
52278,52278,15,29
52279,52279,15,37
52280,52280,15,42
52281,52281,16,55
52282,52282,16,37
52283,52283,16,28
52284,52284,16,63
52285,52285,17,33
52286,52286,17,22
52287,52287,17,21
52288,52288,17,19
52289,52289,18,57
52290,52290,18,41
52291,52291,18,22
52292,52292,18,42
52293,52293,19,43
52294,52294,19,47
52295,52295,19,21
52296,52296,19,40
52297,52297,20,53
52298,52298,20,22
52299,52299,20,69
52300,52300,20,31
52301,52301,21,74
52302,52302,21,36
52303,52303,21,19
52304,52304,21,42
52305,52305,22,84
52306,52306,22,30
52307,52307,22,29
52308,52308,22,45
52309,52309,23,50
52310,52310,23,29
52311,52311,23,14
52312,52312,23,32
52313,52313,24,66
52314,52314,24,33
52315,52315,24,9
52316,52316,24,28
52317,52317,25,62
52318,52318,25,40
52319,52319,25,36
52320,52320,25,48
52321,52321,26,61
52322,52322,26,24
52323,52323,26,44
52324,52324,26,45
52325,52325,27,31
52326,52326,27,31
52327,52327,27,28
52328,52328,27,33
52329,52329,28,49
52330,52330,28,15
52331,52331,28,15
52332,52332,28,27
52333,52333,29,28
52334,52334,29,22
52335,52335,29,25
52336,52336,29,32
52337,52337,30,77
52338,52338,30,39
52339,52339,30,25
52340,52340,30,29
52341,52341,31,55
52342,52342,31,38
52343,52343,31,33
52344,52344,31,43
52345,52345,32,64
52346,52346,32,29
52347,52347,32,30
52348,52348,32,67
52349,52349,33,34
52350,52350,33,44
52351,52351,33,35
52352,52352,33,49
52353,52353,34,51
52354,52354,34,28
52355,52355,34,58
52356,52356,34,31
52357,52357,35,34
52358,52358,35,25
52359,52359,35,14
52360,52360,35,34
52361,52361,1,33
52362,52362,1,51
52363,52363,1,39
52364,52364,1,46
52365,52365,2,58
52366,52366,2,38
52367,52367,2,25
52368,52368,2,47
52369,52369,3,59
52370,52370,3,50
52371,52371,3,40
52372,52372,3,47
52373,52373,4,72
52374,52374,4,78
52375,52375,4,42
52376,52376,4,92
52377,52377,5,84
52378,52378,5,39
52379,52379,5,12
52380,52380,5,64
52381,52381,6,101
52382,52382,6,31
52383,52383,6,22
52384,52384,6,43
52385,52385,7,40
52386,52386,7,46
52387,52387,7,40
52388,52388,7,20
52389,52389,8,79
52390,52390,8,57
52391,52391,8,51
52392,52392,8,76
52393,52393,9,89
52394,52394,9,14
52395,52395,9,36
52396,52396,9,70
52397,52397,10,50
52398,52398,10,59
52399,52399,10,23
52400,52400,10,35
52401,52401,11,72
52402,52402,11,48
52403,52403,11,27
52404,52404,11,57
52405,52405,12,49
52406,52406,12,42
52407,52407,12,82
52408,52408,12,58
52409,52409,13,88
52410,52410,13,48
52411,52411,13,45
52412,52412,13,40
52413,52413,14,41
52414,52414,14,48
52415,52415,14,46
52416,52416,14,32
52417,52417,15,101
52418,52418,15,32
52419,52419,15,24
52420,52420,15,68
52421,52421,16,76
52422,52422,16,44
52423,52423,16,29
52424,52424,16,46
52425,52425,17,46
52426,52426,17,38
52427,52427,17,68
52428,52428,17,78
52429,52429,18,28
52430,52430,18,74
52431,52431,18,44
52432,52432,18,60
52433,52433,19,70
52434,52434,19,45
52435,52435,19,35
52436,52436,19,53
52437,52437,20,47
52438,52438,20,71
52439,52439,20,50
52440,52440,20,81
52441,52441,21,66
52442,52442,21,46
52443,52443,21,44
52444,52444,21,53
52445,52445,22,26
52446,52446,22,51
52447,52447,22,31
52448,52448,22,67
52449,52449,23,68
52450,52450,23,28
52451,52451,23,39
52452,52452,23,22
52453,52453,24,64
52454,52454,24,56
52455,52455,24,38
52456,52456,24,27
52457,52457,25,71
52458,52458,25,26
52459,52459,25,58
52460,52460,25,62
52461,52461,26,53
52462,52462,26,43
52463,52463,26,37
52464,52464,26,61
52465,52465,27,60
52466,52466,27,29
52467,52467,27,17
52468,52468,27,62
52469,52469,28,67
52470,52470,28,36
52471,52471,28,38
52472,52472,28,59
52473,52473,29,74
52474,52474,29,31
52475,52475,29,45
52476,52476,29,82
52477,52477,30,27
52478,52478,30,50
52479,52479,30,52
52480,52480,30,55
52481,52481,31,57
52482,52482,31,44
52483,52483,31,35
52484,52484,31,48
52485,52485,32,86
52486,52486,32,84
52487,52487,32,34
52488,52488,32,31
52489,52489,33,99
52490,52490,33,58
52491,52491,33,13
52492,52492,33,39
52493,52493,34,63
52494,52494,34,32
52495,52495,34,21
52496,52496,34,77
52497,52497,35,54
52498,52498,35,40
52499,52499,35,24
52500,52500,35,49
52501,52501,1,98
52502,52502,1,34
52503,52503,1,23
52504,52504,1,49
52505,52505,2,89
52506,52506,2,74
52507,52507,2,28
52508,52508,2,62
52509,52509,3,124
52510,52510,3,61
52511,52511,3,54
52512,52512,3,40
52513,52513,4,98
52514,52514,4,69
52515,52515,4,50
52516,52516,4,68
52517,52517,5,79
52518,52518,5,44
52519,52519,5,46
52520,52520,5,104
52521,52521,6,43
52522,52522,6,62
52523,52523,6,40
52524,52524,6,63
52525,52525,7,99
52526,52526,7,57
52527,52527,7,61
52528,52528,7,55
52529,52529,8,75
52530,52530,8,50
52531,52531,8,49
52532,52532,8,39
52533,52533,9,45
52534,52534,9,65
52535,52535,9,64
52536,52536,9,146
52537,52537,10,91
52538,52538,10,83
52539,52539,10,31
52540,52540,10,55
52541,52541,11,71
52542,52542,11,80
52543,52543,11,68
52544,52544,11,37
52545,52545,12,53
52546,52546,12,34
52547,52547,12,45
52548,52548,12,31
52549,52549,13,71
52550,52550,13,42
52551,52551,13,53
52552,52552,13,73
52553,52553,14,77
52554,52554,14,83
52555,52555,14,61
52556,52556,14,40
52557,52557,15,90
52558,52558,15,46
52559,52559,15,47
52560,52560,15,48
52561,52561,16,142
52562,52562,16,41
52563,52563,16,50
52564,52564,16,89
52565,52565,17,75
52566,52566,17,91
52567,52567,17,49
52568,52568,17,91
52569,52569,18,54
52570,52570,18,88
52571,52571,18,47
52572,52572,18,76
52573,52573,19,53
52574,52574,19,94
52575,52575,19,35
52576,52576,19,53
52577,52577,20,66
52578,52578,20,51
52579,52579,20,43
52580,52580,20,52
52581,52581,21,86
52582,52582,21,64
52583,52583,21,51
52584,52584,21,83
52585,52585,22,101
52586,52586,22,107
52587,52587,22,95
52588,52588,22,67
52589,52589,23,72
52590,52590,23,60
52591,52591,23,64
52592,52592,23,104
52593,52593,24,118
52594,52594,24,63
52595,52595,24,57
52596,52596,24,44
52597,52597,25,68
52598,52598,25,36
52599,52599,25,25
52600,52600,25,82
52601,52601,26,53
52602,52602,26,37
52603,52603,26,62
52604,52604,26,116
52605,52605,27,96
52606,52606,27,66
52607,52607,27,53
52608,52608,27,93
52609,52609,28,56
52610,52610,28,82
52611,52611,28,28
52612,52612,28,44
52613,52613,29,94
52614,52614,29,87
52615,52615,29,60
52616,52616,29,37
52617,52617,30,73
52618,52618,30,111
52619,52619,30,48
52620,52620,30,112
52621,52621,31,41
52622,52622,31,86
52623,52623,31,68
52624,52624,31,69
52625,52625,32,48
52626,52626,32,70
52627,52627,32,36
52628,52628,32,90
52629,52629,33,70
52630,52630,33,42
52631,52631,33,78
52632,52632,33,38
52633,52633,34,35
52634,52634,34,49
52635,52635,34,62
52636,52636,34,53
52637,52637,35,44
52638,52638,35,51
52639,52639,35,47
52640,52640,35,34
52641,52641,1,124
52642,52642,1,49
52643,52643,1,51
52644,52644,1,94
52645,52645,2,82
52646,52646,2,51
52647,52647,2,37
52648,52648,2,81
52649,52649,3,130
52650,52650,3,36
52651,52651,3,90
52652,52652,3,52
52653,52653,4,81
52654,52654,4,42
52655,52655,4,73
52656,52656,4,57
52657,52657,5,94
52658,52658,5,34
52659,52659,5,17
52660,52660,5,54
52661,52661,6,164
52662,52662,6,48
52663,52663,6,82
52664,52664,6,60
52665,52665,7,86
52666,52666,7,32
52667,52667,7,37
52668,52668,7,124
52669,52669,8,100
52670,52670,8,48
52671,52671,8,28
52672,52672,8,69
52673,52673,9,104
52674,52674,9,53
52675,52675,9,78
52676,52676,9,113
52677,52677,10,85
52678,52678,10,73
52679,52679,10,51
52680,52680,10,71
52681,52681,11,77
52682,52682,11,97
52683,52683,11,69
52684,52684,11,53
52685,52685,12,67
52686,52686,12,51
52687,52687,12,42
52688,52688,12,105
52689,52689,13,95
52690,52690,13,49
52691,52691,13,33
52692,52692,13,93
52693,52693,14,55
52694,52694,14,117
52695,52695,14,96
52696,52696,14,127
52697,52697,15,136
52698,52698,15,55
52699,52699,15,35
52700,52700,15,103
52701,52701,16,93
52702,52702,16,65
52703,52703,16,32
52704,52704,16,50
52705,52705,17,80
52706,52706,17,43
52707,52707,17,30
52708,52708,17,45
52709,52709,18,126
52710,52710,18,71
52711,52711,18,32
52712,52712,18,136
52713,52713,19,107
52714,52714,19,125
52715,52715,19,36
52716,52716,19,113
52717,52717,20,92
52718,52718,20,70
52719,52719,20,55
52720,52720,20,94
52721,52721,21,72
52722,52722,21,44
52723,52723,21,41
52724,52724,21,86
52725,52725,22,84
52726,52726,22,51
52727,52727,22,39
52728,52728,22,75
52729,52729,23,90
52730,52730,23,95
52731,52731,23,56
52732,52732,23,82
52733,52733,24,52
52734,52734,24,90
52735,52735,24,40
52736,52736,24,141
52737,52737,25,62
52738,52738,25,87
52739,52739,25,53
52740,52740,25,52
52741,52741,26,79
52742,52742,26,60
52743,52743,26,52
52744,52744,26,60
52745,52745,27,71
52746,52746,27,84
52747,52747,27,69
52748,52748,27,57
52749,52749,28,73
52750,52750,28,17
52751,52751,28,41
52752,52752,28,40
52753,52753,29,108
52754,52754,29,43
52755,52755,29,31
52756,52756,29,155
52757,52757,30,95
52758,52758,30,62
52759,52759,30,61
52760,52760,30,34
52761,52761,31,99
52762,52762,31,58
52763,52763,31,65
52764,52764,31,54
52765,52765,32,59
52766,52766,32,45
52767,52767,32,43
52768,52768,32,76
52769,52769,33,104
52770,52770,33,23
52771,52771,33,41
52772,52772,33,87
52773,52773,34,78
52774,52774,34,85
52775,52775,34,69
52776,52776,34,38
52777,52777,35,86
52778,52778,35,50
52779,52779,35,56
52780,52780,35,62
52781,52781,1,67
52782,52782,1,30
52783,52783,1,43
52784,52784,1,47
52785,52785,2,45
52786,52786,2,26
52787,52787,2,18
52788,52788,2,49
52789,52789,3,77
52790,52790,3,24
52791,52791,3,20
52792,52792,3,47
52793,52793,4,48
52794,52794,4,42
52795,52795,4,9
52796,52796,4,28
52797,52797,5,59
52798,52798,5,22
52799,52799,5,18
52800,52800,5,32
52801,52801,6,61
52802,52802,6,31
52803,52803,6,29
52804,52804,6,32
52805,52805,7,66
52806,52806,7,27
52807,52807,7,19
52808,52808,7,30
52809,52809,8,47
52810,52810,8,17
52811,52811,8,27
52812,52812,8,74
52813,52813,9,48
52814,52814,9,22
52815,52815,9,36
52816,52816,9,31
52817,52817,10,35
52818,52818,10,20
52819,52819,10,14
52820,52820,10,67
52821,52821,11,58
52822,52822,11,53
52823,52823,11,30
52824,52824,11,46
52825,52825,12,43
52826,52826,12,27
52827,52827,12,8
52828,52828,12,20
52829,52829,13,29
52830,52830,13,31
52831,52831,13,34
52832,52832,13,43
52833,52833,14,45
52834,52834,14,26
52835,52835,14,28
52836,52836,14,46
52837,52837,15,89
52838,52838,15,29
52839,52839,15,55
52840,52840,15,40
52841,52841,16,63
52842,52842,16,18
52843,52843,16,38
52844,52844,16,46
52845,52845,17,39
52846,52846,17,30
52847,52847,17,29
52848,52848,17,53
52849,52849,18,39
52850,52850,18,63
52851,52851,18,27
52852,52852,18,48
52853,52853,19,36
52854,52854,19,22
52855,52855,19,46
52856,52856,19,57
52857,52857,20,43
52858,52858,20,21
52859,52859,20,31
52860,52860,20,47
52861,52861,21,36
52862,52862,21,3
52863,52863,21,43
52864,52864,21,27
52865,52865,22,64
52866,52866,22,58
52867,52867,22,48
52868,52868,22,12
52869,52869,23,54
52870,52870,23,39
52871,52871,23,10
52872,52872,23,53
52873,52873,24,76
52874,52874,24,30
52875,52875,24,20
52876,52876,24,36
52877,52877,25,86
52878,52878,25,34
52879,52879,25,27
52880,52880,25,33
52881,52881,26,60
52882,52882,26,15
52883,52883,26,22
52884,52884,26,43
52885,52885,27,67
52886,52886,27,74
52887,52887,27,28
52888,52888,27,57
52889,52889,28,53
52890,52890,28,46
52891,52891,28,26
52892,52892,28,23
52893,52893,29,91
52894,52894,29,42
52895,52895,29,23
52896,52896,29,41
52897,52897,30,47
52898,52898,30,21
52899,52899,30,20
52900,52900,30,91
52901,52901,31,46
52902,52902,31,40
52903,52903,31,18
52904,52904,31,53
52905,52905,32,44
52906,52906,32,45
52907,52907,32,31
52908,52908,32,43
52909,52909,33,55
52910,52910,33,31
52911,52911,33,56
52912,52912,33,36
52913,52913,34,41
52914,52914,34,32
52915,52915,34,30
52916,52916,34,40
52917,52917,35,54
52918,52918,35,26
52919,52919,35,21
52920,52920,35,23
52921,52921,1,36
52922,52922,1,35
52923,52923,1,11
52924,52924,1,48
52925,52925,2,44
52926,52926,2,48
52927,52927,2,27
52928,52928,2,32
52929,52929,3,60
52930,52930,3,66
52931,52931,3,36
52932,52932,3,68
52933,52933,4,57
52934,52934,4,17
52935,52935,4,29
52936,52936,4,70
52937,52937,5,46
52938,52938,5,34
52939,52939,5,13
52940,52940,5,32
52941,52941,6,60
52942,52942,6,33
52943,52943,6,24
52944,52944,6,42
52945,52945,7,41
52946,52946,7,32
52947,52947,7,35
52948,52948,7,37
52949,52949,8,62
52950,52950,8,17
52951,52951,8,26
52952,52952,8,51
52953,52953,9,50
52954,52954,9,52
52955,52955,9,28
52956,52956,9,32
52957,52957,10,35
52958,52958,10,48
52959,52959,10,26
52960,52960,10,37
52961,52961,11,33
52962,52962,11,32
52963,52963,11,20
52964,52964,11,32
52965,52965,12,67
52966,52966,12,45
52967,52967,12,34
52968,52968,12,29
52969,52969,13,29
52970,52970,13,27
52971,52971,13,30
52972,52972,13,50
52973,52973,14,24
52974,52974,14,25
52975,52975,14,15
52976,52976,14,29
52977,52977,15,60
52978,52978,15,28
52979,52979,15,28
52980,52980,15,73
52981,52981,16,30
52982,52982,16,43
52983,52983,16,30
52984,52984,16,54
52985,52985,17,45
52986,52986,17,41
52987,52987,17,20
52988,52988,17,47
52989,52989,18,37
52990,52990,18,34
52991,52991,18,29
52992,52992,18,33
52993,52993,19,82
52994,52994,19,35
52995,52995,19,23
52996,52996,19,20
52997,52997,20,64
52998,52998,20,38
52999,52999,20,17
53000,53000,20,32
53001,53001,21,44
53002,53002,21,58
53003,53003,21,25
53004,53004,21,64
53005,53005,22,30
53006,53006,22,22
53007,53007,22,56
53008,53008,22,22
53009,53009,23,45
53010,53010,23,22
53011,53011,23,35
53012,53012,23,55
53013,53013,24,55
53014,53014,24,31
53015,53015,24,32
53016,53016,24,41
53017,53017,25,31
53018,53018,25,33
53019,53019,25,12
53020,53020,25,24
53021,53021,26,37
53022,53022,26,26
53023,53023,26,27
53024,53024,26,34
53025,53025,27,32
53026,53026,27,42
53027,53027,27,17
53028,53028,27,37
53029,53029,28,37
53030,53030,28,43
53031,53031,28,8
53032,53032,28,30
53033,53033,29,43
53034,53034,29,57
53035,53035,29,51
53036,53036,29,29
53037,53037,30,49
53038,53038,30,45
53039,53039,30,66
53040,53040,30,34
53041,53041,31,34
53042,53042,31,24
53043,53043,31,29
53044,53044,31,26
53045,53045,32,50
53046,53046,32,34
53047,53047,32,27
53048,53048,32,64
53049,53049,33,57
53050,53050,33,38
53051,53051,33,20
53052,53052,33,17
53053,53053,34,38
53054,53054,34,56
53055,53055,34,42
53056,53056,34,31
53057,53057,35,58
53058,53058,35,26
53059,53059,35,30
53060,53060,35,83
53061,53061,1,96
53062,53062,1,88
53063,53063,1,19
53064,53064,1,83
53065,53065,2,92
53066,53066,2,105
53067,53067,2,29
53068,53068,2,47
53069,53069,3,60
53070,53070,3,49
53071,53071,3,25
53072,53072,3,34
53073,53073,4,73
53074,53074,4,69
53075,53075,4,55
53076,53076,4,85
53077,53077,5,62
53078,53078,5,46
53079,53079,5,45
53080,53080,5,42
53081,53081,6,45
53082,53082,6,59
53083,53083,6,54
53084,53084,6,44
53085,53085,7,51
53086,53086,7,58
53087,53087,7,50
53088,53088,7,59
53089,53089,8,41
53090,53090,8,72
53091,53091,8,29
53092,53092,8,30
53093,53093,9,101
53094,53094,9,39
53095,53095,9,42
53096,53096,9,39
53097,53097,10,82
53098,53098,10,60
53099,53099,10,32
53100,53100,10,44
53101,53101,11,120
53102,53102,11,66
53103,53103,11,42
53104,53104,11,40
53105,53105,12,76
53106,53106,12,66
53107,53107,12,37
53108,53108,12,54
53109,53109,13,54
53110,53110,13,60
53111,53111,13,61
53112,53112,13,46
53113,53113,14,126
53114,53114,14,58
53115,53115,14,84
53116,53116,14,71
53117,53117,15,110
53118,53118,15,84
53119,53119,15,23
53120,53120,15,60
53121,53121,16,55
53122,53122,16,57
53123,53123,16,37
53124,53124,16,34
53125,53125,17,76
53126,53126,17,59
53127,53127,17,87
53128,53128,17,45
53129,53129,18,75
53130,53130,18,27
53131,53131,18,61
53132,53132,18,51
53133,53133,19,36
53134,53134,19,31
53135,53135,19,50
53136,53136,19,30
53137,53137,20,53
53138,53138,20,87
53139,53139,20,56
53140,53140,20,89
53141,53141,21,46
53142,53142,21,75
53143,53143,21,28
53144,53144,21,84
53145,53145,22,33
53146,53146,22,28
53147,53147,22,37
53148,53148,22,29
53149,53149,23,58
53150,53150,23,38
53151,53151,23,37
53152,53152,23,38
53153,53153,24,95
53154,53154,24,83
53155,53155,24,21
53156,53156,24,55
53157,53157,25,68
53158,53158,25,38
53159,53159,25,62
53160,53160,25,41
53161,53161,26,90
53162,53162,26,75
53163,53163,26,17
53164,53164,26,87
53165,53165,27,98
53166,53166,27,61
53167,53167,27,65
53168,53168,27,55
53169,53169,28,81
53170,53170,28,54
53171,53171,28,47
53172,53172,28,65
53173,53173,29,43
53174,53174,29,39
53175,53175,29,42
53176,53176,29,63
53177,53177,30,81
53178,53178,30,50
53179,53179,30,23
53180,53180,30,51
53181,53181,31,58
53182,53182,31,39
53183,53183,31,48
53184,53184,31,76
53185,53185,32,62
53186,53186,32,68
53187,53187,32,9
53188,53188,32,115
53189,53189,33,57
53190,53190,33,95
53191,53191,33,23
53192,53192,33,47
53193,53193,34,38
53194,53194,34,52
53195,53195,34,44
53196,53196,34,70
53197,53197,35,96
53198,53198,35,54
53199,53199,35,72
53200,53200,35,85
