id,branchId,flowerId,sourceOrderId,quantity,shippedAt
1,1,1,1,18,2025-07-29
2,2,1,2,24,2025-07-29
3,3,1,3,21,2025-07-29
4,4,1,4,13,2025-07-29
5,1,2,5,28,2025-07-29
6,2,2,6,26,2025-07-29
7,3,2,7,9,2025-07-29
8,4,2,8,35,2025-07-29
9,1,3,9,17,2025-07-29
10,2,3,10,21,2025-07-29
11,3,3,11,13,2025-07-29
12,4,3,12,42,2025-07-29
13,1,4,13,55,2025-07-29
14,2,4,14,18,2025-07-29
15,3,4,15,31,2025-07-29
16,4,4,16,22,2025-07-29
17,1,5,17,25,2025-07-29
18,2,5,18,20,2025-07-29
19,3,5,19,29,2025-07-29
20,4,5,20,41,2025-07-29
21,1,6,21,27,2025-07-29
22,2,6,22,31,2025-07-29
23,3,6,23,20,2025-07-29
24,4,6,24,15,2025-07-29
25,1,7,25,21,2025-07-29
26,2,7,26,29,2025-07-29
27,3,7,27,13,2025-07-29
28,4,7,28,39,2025-07-29
29,1,8,29,17,2025-07-29
30,2,8,30,21,2025-07-29
31,3,8,31,7,2025-07-29
32,4,8,32,38,2025-07-29
33,1,9,33,20,2025-07-29
34,2,9,34,19,2025-07-29
35,3,9,35,15,2025-07-29
36,4,9,36,27,2025-07-29
37,1,10,37,33,2025-07-29
38,2,10,38,10,2025-07-29
39,3,10,39,10,2025-07-29
40,4,10,40,18,2025-07-29
41,1,11,41,23,2025-07-29
42,2,11,42,24,2025-07-29
43,3,11,43,15,2025-07-29
44,4,11,44,24,2025-07-29
45,1,12,45,42,2025-07-29
46,2,12,46,14,2025-07-29
47,3,12,47,8,2025-07-29
48,4,12,48,15,2025-07-29
49,1,13,49,28,2025-07-29
50,2,13,50,17,2025-07-29
51,3,13,51,12,2025-07-29
52,4,13,52,26,2025-07-29
53,1,14,53,26,2025-07-29
54,2,14,54,17,2025-07-29
55,3,14,55,17,2025-07-29
56,4,14,56,45,2025-07-29
57,1,15,57,34,2025-07-29
58,2,15,58,13,2025-07-29
59,3,15,59,8,2025-07-29
60,4,15,60,33,2025-07-29
61,1,16,61,31,2025-07-29
62,2,16,62,20,2025-07-29
63,3,16,63,17,2025-07-29
64,4,16,64,32,2025-07-29
65,1,17,65,28,2025-07-29
66,2,17,66,13,2025-07-29
67,3,17,67,13,2025-07-29
68,4,17,68,33,2025-07-29
69,1,18,69,36,2025-07-29
70,2,18,70,22,2025-07-29
71,3,18,71,21,2025-07-29
72,4,18,72,28,2025-07-29
73,1,19,73,28,2025-07-29
74,2,19,74,9,2025-07-29
75,3,19,75,15,2025-07-29
76,4,19,76,49,2025-07-29
77,1,20,77,37,2025-07-29
78,2,20,78,22,2025-07-29
79,3,20,79,11,2025-07-29
80,4,20,80,19,2025-07-29
81,1,21,81,18,2025-07-29
82,2,21,82,18,2025-07-29
83,3,21,83,26,2025-07-29
84,4,21,84,43,2025-07-29
85,1,22,85,23,2025-07-29
86,2,22,86,22,2025-07-29
87,3,22,87,10,2025-07-29
88,4,22,88,29,2025-07-29
89,1,23,89,34,2025-07-29
90,2,23,90,16,2025-07-29
91,3,23,91,8,2025-07-29
92,4,23,92,39,2025-07-29
93,1,24,93,28,2025-07-29
94,2,24,94,29,2025-07-29
95,3,24,95,8,2025-07-29
96,4,24,96,17,2025-07-29
97,1,25,97,25,2025-07-29
98,2,25,98,14,2025-07-29
99,3,25,99,19,2025-07-29
100,4,25,100,35,2025-07-29
101,1,26,101,21,2025-07-29
102,2,26,102,30,2025-07-29
103,3,26,103,28,2025-07-29
104,4,26,104,31,2025-07-29
105,1,27,105,49,2025-07-29
106,2,27,106,27,2025-07-29
107,3,27,107,9,2025-07-29
108,4,27,108,27,2025-07-29
109,1,28,109,27,2025-07-29
110,2,28,110,30,2025-07-29
111,3,28,111,21,2025-07-29
112,4,28,112,17,2025-07-29
113,1,29,113,21,2025-07-29
114,2,29,114,25,2025-07-29
115,3,29,115,23,2025-07-29
116,4,29,116,31,2025-07-29
117,1,30,117,30,2025-07-29
118,2,30,118,33,2025-07-29
119,3,30,119,18,2025-07-29
120,4,30,120,27,2025-07-29
121,1,31,121,22,2025-07-29
122,2,31,122,13,2025-07-29
123,3,31,123,25,2025-07-29
124,4,31,124,25,2025-07-29
125,1,32,125,21,2025-07-29
126,2,32,126,35,2025-07-29
127,3,32,127,15,2025-07-29
128,4,32,128,38,2025-07-29
129,1,33,129,15,2025-07-29
130,2,33,130,39,2025-07-29
131,3,33,131,22,2025-07-29
132,4,33,132,27,2025-07-29
133,1,34,133,21,2025-07-29
134,2,34,134,33,2025-07-29
135,3,34,135,18,2025-07-29
136,4,34,136,12,2025-07-29
137,1,35,137,29,2025-07-29
138,2,35,138,20,2025-07-29
139,3,35,139,21,2025-07-29
140,4,35,140,14,2025-07-29
141,1,1,141,16,2025-07-30
142,2,1,142,23,2025-07-30
143,3,1,143,30,2025-07-30
144,4,1,144,28,2025-07-30
145,1,2,145,14,2025-07-30
146,2,2,146,33,2025-07-30
147,3,2,147,23,2025-07-30
148,4,2,148,26,2025-07-30
149,1,3,149,18,2025-07-30
150,2,3,150,25,2025-07-30
151,3,3,151,40,2025-07-30
152,4,3,152,22,2025-07-30
153,1,4,153,35,2025-07-30
154,2,4,154,17,2025-07-30
155,3,4,155,19,2025-07-30
156,4,4,156,23,2025-07-30
157,1,5,157,29,2025-07-30
158,2,5,158,21,2025-07-30
159,3,5,159,21,2025-07-30
160,4,5,160,26,2025-07-30
161,1,6,161,23,2025-07-30
162,2,6,162,16,2025-07-30
163,3,6,163,17,2025-07-30
164,4,6,164,31,2025-07-30
165,1,7,165,42,2025-07-30
166,2,7,166,21,2025-07-30
167,3,7,167,46,2025-07-30
168,4,7,168,22,2025-07-30
169,1,8,169,39,2025-07-30
170,2,8,170,35,2025-07-30
171,3,8,171,22,2025-07-30
172,4,8,172,16,2025-07-30
173,1,9,173,36,2025-07-30
174,2,9,174,15,2025-07-30
175,3,9,175,19,2025-07-30
176,4,9,176,33,2025-07-30
177,1,10,177,31,2025-07-30
178,2,10,178,8,2025-07-30
179,3,10,179,21,2025-07-30
180,4,10,180,19,2025-07-30
181,1,11,181,15,2025-07-30
182,2,11,182,22,2025-07-30
183,3,11,183,13,2025-07-30
184,4,11,184,49,2025-07-30
185,1,12,185,42,2025-07-30
186,2,12,186,17,2025-07-30
187,3,12,187,33,2025-07-30
188,4,12,188,35,2025-07-30
189,1,13,189,23,2025-07-30
190,2,13,190,28,2025-07-30
191,3,13,191,19,2025-07-30
192,4,13,192,32,2025-07-30
193,1,14,193,32,2025-07-30
194,2,14,194,20,2025-07-30
195,3,14,195,18,2025-07-30
196,4,14,196,27,2025-07-30
197,1,15,197,26,2025-07-30
198,2,15,198,18,2025-07-30
199,3,15,199,14,2025-07-30
200,4,15,200,48,2025-07-30
201,1,16,201,37,2025-07-30
202,2,16,202,22,2025-07-30
203,3,16,203,28,2025-07-30
204,4,16,204,40,2025-07-30
205,1,17,205,39,2025-07-30
206,2,17,206,14,2025-07-30
207,3,17,207,28,2025-07-30
208,4,17,208,33,2025-07-30
209,1,18,209,26,2025-07-30
210,2,18,210,18,2025-07-30
211,3,18,211,19,2025-07-30
212,4,18,212,29,2025-07-30
213,1,19,213,39,2025-07-30
214,2,19,214,15,2025-07-30
215,3,19,215,13,2025-07-30
216,4,19,216,17,2025-07-30
217,1,20,217,39,2025-07-30
218,2,20,218,17,2025-07-30
219,3,20,219,14,2025-07-30
220,4,20,220,24,2025-07-30
221,1,21,221,40,2025-07-30
222,2,21,222,25,2025-07-30
223,3,21,223,22,2025-07-30
224,4,21,224,19,2025-07-30
225,1,22,225,54,2025-07-30
226,2,22,226,18,2025-07-30
227,3,22,227,18,2025-07-30
228,4,22,228,22,2025-07-30
229,1,23,229,38,2025-07-30
230,2,23,230,19,2025-07-30
231,3,23,231,13,2025-07-30
232,4,23,232,28,2025-07-30
233,1,24,233,53,2025-07-30
234,2,24,234,22,2025-07-30
235,3,24,235,8,2025-07-30
236,4,24,236,27,2025-07-30
237,1,25,237,48,2025-07-30
238,2,25,238,21,2025-07-30
239,3,25,239,18,2025-07-30
240,4,25,240,25,2025-07-30
241,1,26,241,43,2025-07-30
242,2,26,242,25,2025-07-30
243,3,26,243,24,2025-07-30
244,4,26,244,23,2025-07-30
245,1,27,245,37,2025-07-30
246,2,27,246,31,2025-07-30
247,3,27,247,16,2025-07-30
248,4,27,248,27,2025-07-30
249,1,28,249,38,2025-07-30
250,2,28,250,36,2025-07-30
251,3,28,251,9,2025-07-30
252,4,28,252,18,2025-07-30
253,1,29,253,35,2025-07-30
254,2,29,254,40,2025-07-30
255,3,29,255,21,2025-07-30
256,4,29,256,21,2025-07-30
257,1,30,257,30,2025-07-30
258,2,30,258,37,2025-07-30
259,3,30,259,29,2025-07-30
260,4,30,260,28,2025-07-30
261,1,31,261,49,2025-07-30
262,2,31,262,10,2025-07-30
263,3,31,263,17,2025-07-30
264,4,31,264,24,2025-07-30
265,1,32,265,61,2025-07-30
266,2,32,266,19,2025-07-30
267,3,32,267,17,2025-07-30
268,4,32,268,39,2025-07-30
269,1,33,269,30,2025-07-30
270,2,33,270,12,2025-07-30
271,3,33,271,18,2025-07-30
272,4,33,272,22,2025-07-30
273,1,34,273,48,2025-07-30
274,2,34,274,19,2025-07-30
275,3,34,275,14,2025-07-30
276,4,34,276,19,2025-07-30
277,1,35,277,22,2025-07-30
278,2,35,278,29,2025-07-30
279,3,35,279,9,2025-07-30
280,4,35,280,27,2025-07-30
281,1,1,281,35,2025-07-31
282,2,1,282,18,2025-07-31
283,3,1,283,10,2025-07-31
284,4,1,284,24,2025-07-31
285,1,2,285,43,2025-07-31
286,2,2,286,32,2025-07-31
287,3,2,287,24,2025-07-31
288,4,2,288,22,2025-07-31
289,1,3,289,49,2025-07-31
290,2,3,290,15,2025-07-31
291,3,3,291,36,2025-07-31
292,4,3,292,22,2025-07-31
293,1,4,293,28,2025-07-31
294,2,4,294,30,2025-07-31
295,3,4,295,17,2025-07-31
296,4,4,296,22,2025-07-31
297,1,5,297,21,2025-07-31
298,2,5,298,27,2025-07-31
299,3,5,299,16,2025-07-31
300,4,5,300,31,2025-07-31
301,1,6,301,50,2025-07-31
302,2,6,302,23,2025-07-31
303,3,6,303,14,2025-07-31
304,4,6,304,28,2025-07-31
305,1,7,305,48,2025-07-31
306,2,7,306,24,2025-07-31
307,3,7,307,17,2025-07-31
308,4,7,308,35,2025-07-31
309,1,8,309,23,2025-07-31
310,2,8,310,19,2025-07-31
311,3,8,311,20,2025-07-31
312,4,8,312,20,2025-07-31
313,1,9,313,40,2025-07-31
314,2,9,314,26,2025-07-31
315,3,9,315,27,2025-07-31
316,4,9,316,14,2025-07-31
317,1,10,317,22,2025-07-31
318,2,10,318,31,2025-07-31
319,3,10,319,21,2025-07-31
320,4,10,320,28,2025-07-31
321,1,11,321,54,2025-07-31
322,2,11,322,25,2025-07-31
323,3,11,323,31,2025-07-31
324,4,11,324,30,2025-07-31
325,1,12,325,65,2025-07-31
326,2,12,326,19,2025-07-31
327,3,12,327,22,2025-07-31
328,4,12,328,25,2025-07-31
329,1,13,329,31,2025-07-31
330,2,13,330,20,2025-07-31
331,3,13,331,18,2025-07-31
332,4,13,332,31,2025-07-31
333,1,14,333,22,2025-07-31
334,2,14,334,13,2025-07-31
335,3,14,335,16,2025-07-31
336,4,14,336,34,2025-07-31
337,1,15,337,38,2025-07-31
338,2,15,338,38,2025-07-31
339,3,15,339,14,2025-07-31
340,4,15,340,12,2025-07-31
341,1,16,341,46,2025-07-31
342,2,16,342,22,2025-07-31
343,3,16,343,16,2025-07-31
344,4,16,344,16,2025-07-31
345,1,17,345,32,2025-07-31
346,2,17,346,16,2025-07-31
347,3,17,347,24,2025-07-31
348,4,17,348,30,2025-07-31
349,1,18,349,18,2025-07-31
350,2,18,350,26,2025-07-31
351,3,18,351,19,2025-07-31
352,4,18,352,16,2025-07-31
353,1,19,353,45,2025-07-31
354,2,19,354,16,2025-07-31
355,3,19,355,7,2025-07-31
356,4,19,356,17,2025-07-31
357,1,20,357,37,2025-07-31
358,2,20,358,27,2025-07-31
359,3,20,359,10,2025-07-31
360,4,20,360,49,2025-07-31
361,1,21,361,15,2025-07-31
362,2,21,362,38,2025-07-31
363,3,21,363,27,2025-07-31
364,4,21,364,27,2025-07-31
365,1,22,365,35,2025-07-31
366,2,22,366,23,2025-07-31
367,3,22,367,23,2025-07-31
368,4,22,368,26,2025-07-31
369,1,23,369,35,2025-07-31
370,2,23,370,24,2025-07-31
371,3,23,371,23,2025-07-31
372,4,23,372,38,2025-07-31
373,1,24,373,40,2025-07-31
374,2,24,374,26,2025-07-31
375,3,24,375,16,2025-07-31
376,4,24,376,29,2025-07-31
377,1,25,377,51,2025-07-31
378,2,25,378,16,2025-07-31
379,3,25,379,18,2025-07-31
380,4,25,380,26,2025-07-31
381,1,26,381,29,2025-07-31
382,2,26,382,39,2025-07-31
383,3,26,383,19,2025-07-31
384,4,26,384,29,2025-07-31
385,1,27,385,29,2025-07-31
386,2,27,386,20,2025-07-31
387,3,27,387,9,2025-07-31
388,4,27,388,35,2025-07-31
389,1,28,389,50,2025-07-31
390,2,28,390,13,2025-07-31
391,3,28,391,29,2025-07-31
392,4,28,392,26,2025-07-31
393,1,29,393,48,2025-07-31
394,2,29,394,15,2025-07-31
395,3,29,395,36,2025-07-31
396,4,29,396,13,2025-07-31
397,1,30,397,51,2025-07-31
398,2,30,398,23,2025-07-31
399,3,30,399,21,2025-07-31
400,4,30,400,10,2025-07-31
401,1,31,401,40,2025-07-31
402,2,31,402,29,2025-07-31
403,3,31,403,9,2025-07-31
404,4,31,404,29,2025-07-31
405,1,32,405,35,2025-07-31
406,2,32,406,24,2025-07-31
407,3,32,407,27,2025-07-31
408,4,32,408,23,2025-07-31
409,1,33,409,36,2025-07-31
410,2,33,410,17,2025-07-31
411,3,33,411,8,2025-07-31
412,4,33,412,22,2025-07-31
413,1,34,413,46,2025-07-31
414,2,34,414,11,2025-07-31
415,3,34,415,26,2025-07-31
416,4,34,416,42,2025-07-31
417,1,35,417,22,2025-07-31
418,2,35,418,18,2025-07-31
419,3,35,419,15,2025-07-31
420,4,35,420,51,2025-07-31
422,2,1,422,2,2025-08-01
423,3,1,423,17,2025-08-01
428,4,2,428,15,2025-08-01
430,2,3,430,13,2025-08-01
432,4,3,432,4,2025-08-01
433,1,4,433,1,2025-08-01
434,2,4,434,6,2025-08-01
435,3,4,435,2,2025-08-01
438,2,5,438,9,2025-08-01
439,3,5,439,2,2025-08-01
443,3,6,443,2,2025-08-01
444,4,6,444,2,2025-08-01
446,2,7,446,4,2025-08-01
448,4,7,448,3,2025-08-01
450,2,8,450,14,2025-08-01
451,3,8,451,8,2025-08-01
455,3,9,455,6,2025-08-01
456,4,9,456,1,2025-08-01
458,2,10,458,20,2025-08-01
461,1,11,461,12,2025-08-01
462,2,11,462,1,2025-08-01
464,4,11,464,11,2025-08-01
466,2,12,466,7,2025-08-01
467,3,12,467,4,2025-08-01
468,4,12,468,16,2025-08-01
470,2,13,470,4,2025-08-01
472,4,13,472,21,2025-08-01
473,1,14,473,8,2025-08-01
474,2,14,474,16,2025-08-01
477,1,15,477,10,2025-08-01
478,2,15,478,21,2025-08-01
479,3,15,479,17,2025-08-01
481,1,16,481,4,2025-08-01
483,3,16,483,6,2025-08-01
485,1,17,485,12,2025-08-01
489,1,18,489,7,2025-08-01
490,2,18,490,9,2025-08-01
491,3,18,491,3,2025-08-01
492,4,18,492,14,2025-08-01
493,1,19,493,3,2025-08-01
494,2,19,494,9,2025-08-01
495,3,19,495,12,2025-08-01
498,2,20,498,20,2025-08-01
499,3,20,499,4,2025-08-01
502,2,21,502,10,2025-08-01
504,4,21,504,18,2025-08-01
505,1,22,505,8,2025-08-01
509,1,23,509,15,2025-08-01
512,4,23,512,27,2025-08-01
513,1,24,513,7,2025-08-01
516,4,24,516,9,2025-08-01
518,2,25,518,25,2025-08-01
524,4,26,524,15,2025-08-01
526,2,27,526,1,2025-08-01
527,3,27,527,19,2025-08-01
528,4,27,528,35,2025-08-01
529,1,28,529,3,2025-08-01
530,2,28,530,8,2025-08-01
531,3,28,531,6,2025-08-01
532,4,28,532,24,2025-08-01
534,2,29,534,5,2025-08-01
536,4,29,536,1,2025-08-01
537,1,30,537,23,2025-08-01
540,4,30,540,4,2025-08-01
541,1,31,541,1,2025-08-01
544,4,31,544,8,2025-08-01
548,4,32,548,7,2025-08-01
550,2,33,550,2,2025-08-01
552,4,33,552,38,2025-08-01
553,1,34,553,22,2025-08-01
554,2,34,554,9,2025-08-01
558,2,35,558,15,2025-08-01
560,4,35,560,11,2025-08-01
561,1,1,561,10,2025-08-02
572,4,3,572,10,2025-08-02
575,3,4,575,11,2025-08-02
579,3,5,579,3,2025-08-02
584,4,6,584,2,2025-08-02
589,1,8,589,7,2025-08-02
591,3,8,591,7,2025-08-02
594,2,9,594,2,2025-08-02
606,2,12,606,7,2025-08-02
607,3,12,607,11,2025-08-02
608,4,12,608,17,2025-08-02
618,2,15,618,4,2025-08-02
619,3,15,619,11,2025-08-02
620,4,15,620,3,2025-08-02
621,1,16,621,13,2025-08-02
623,3,16,623,12,2025-08-02
629,1,18,629,20,2025-08-02
632,4,18,632,4,2025-08-02
634,2,19,634,1,2025-08-02
635,3,19,635,17,2025-08-02
639,3,20,639,6,2025-08-02
640,4,20,640,5,2025-08-02
642,2,21,642,7,2025-08-02
646,2,22,646,5,2025-08-02
648,4,22,648,4,2025-08-02
651,3,23,651,8,2025-08-02
655,3,24,655,6,2025-08-02
656,4,24,656,5,2025-08-02
657,1,25,657,1,2025-08-02
658,2,25,658,2,2025-08-02
664,4,26,664,5,2025-08-02
670,2,28,670,7,2025-08-02
674,2,29,674,18,2025-08-02
678,2,30,678,24,2025-08-02
679,3,30,679,1,2025-08-02
688,4,32,688,7,2025-08-02
691,3,33,691,2,2025-08-02
692,4,33,692,9,2025-08-02
694,2,34,694,1,2025-08-02
697,1,35,697,2,2025-08-02
698,2,35,698,1,2025-08-02
700,4,35,700,7,2025-08-02
701,1,1,701,1,2025-08-03
711,3,3,711,7,2025-08-03
715,3,4,715,2,2025-08-03
731,3,8,731,7,2025-08-03
734,2,9,734,12,2025-08-03
738,2,10,738,6,2025-08-03
739,3,10,739,1,2025-08-03
742,2,11,742,3,2025-08-03
748,4,12,748,9,2025-08-03
758,2,15,758,12,2025-08-03
759,3,15,759,2,2025-08-03
765,1,17,765,12,2025-08-03
769,1,18,769,4,2025-08-03
784,4,21,784,7,2025-08-03
788,4,22,788,7,2025-08-03
792,4,23,792,3,2025-08-03
796,4,24,796,9,2025-08-03
807,3,27,807,4,2025-08-03
810,2,28,810,4,2025-08-03
819,3,30,819,5,2025-08-03
832,4,33,832,11,2025-08-03
833,1,34,833,1,2025-08-03
835,3,34,835,3,2025-08-03
878,2,10,878,13,2025-08-04
887,3,12,887,1,2025-08-04
905,1,17,905,20,2025-08-04
932,4,23,932,2,2025-08-04
947,3,27,947,3,2025-08-04
950,2,28,950,14,2025-08-04
970,2,33,970,5,2025-08-04
990,2,3,990,2,2025-08-05
991,3,3,991,10,2025-08-05
1027,3,12,1027,12,2025-08-05
1028,4,12,1028,1,2025-08-05
1064,4,21,1064,7,2025-08-05
1072,4,23,1072,3,2025-08-05
1090,2,28,1090,3,2025-08-05
1130,2,3,1130,5,2025-08-06
1147,3,7,1147,5,2025-08-06
1162,2,11,1162,4,2025-08-06
1167,3,12,1167,11,2025-08-06
1178,2,15,1178,2,2025-08-06
1266,2,2,1266,7,2025-08-07
1270,2,3,1270,5,2025-08-07
1275,3,4,1275,21,2025-08-07
1287,3,7,1287,24,2025-08-07
1302,2,11,1302,22,2025-08-07
1322,2,16,1322,10,2025-08-07
1327,3,17,1327,7,2025-08-07
1331,3,18,1331,5,2025-08-07
1346,2,22,1346,18,2025-08-07
1364,4,26,1364,5,2025-08-07
1370,2,28,1370,1,2025-08-07
1379,3,30,1379,1,2025-08-07
1406,2,2,1406,23,2025-08-08
1410,2,3,1410,14,2025-08-08
1456,4,14,1456,1,2025-08-08
1460,4,15,1460,6,2025-08-08
1463,3,16,1463,10,2025-08-08
1471,3,18,1471,8,2025-08-08
1497,1,25,1497,14,2025-08-08
1504,4,26,1504,3,2025-08-08
1510,2,28,1510,11,2025-08-08
1531,3,33,1531,3,2025-08-08
1538,2,35,1538,2,2025-08-08
1587,3,12,1587,2,2025-08-09
1588,4,12,1588,9,2025-08-09
1603,3,16,1603,13,2025-08-09
1626,2,22,1626,5,2025-08-09
1644,4,26,1644,18,2025-08-09
1690,2,3,1690,19,2025-08-10
1695,3,4,1695,5,2025-08-10
1714,2,9,1714,19,2025-08-10
1727,3,12,1727,3,2025-08-10
1728,4,12,1728,7,2025-08-10
1740,4,15,1740,10,2025-08-10
1784,4,26,1784,4,2025-08-10
1818,2,35,1818,6,2025-08-10
1830,2,3,1830,11,2025-08-11
1875,3,14,1875,3,2025-08-11
1917,1,25,1917,13,2025-08-11
1939,3,30,1939,5,2025-08-11
1955,3,34,1955,12,2025-08-11
1970,2,3,1970,6,2025-08-12
1990,2,8,1990,17,2025-08-12
2007,3,12,2007,1,2025-08-12
2019,3,15,2019,10,2025-08-12
2020,4,15,2020,8,2025-08-12
2024,4,16,2024,11,2025-08-12
2031,3,18,2031,23,2025-08-12
2033,1,19,2033,19,2025-08-12
2070,2,28,2070,9,2025-08-12
2079,3,30,2079,16,2025-08-12
2094,2,34,2094,14,2025-08-12
2095,3,34,2095,4,2025-08-12
2098,2,35,2098,1,2025-08-12
2102,2,1,2102,5,2025-08-13
2104,4,1,2104,2,2025-08-13
2110,2,3,2110,1,2025-08-13
2115,3,4,2115,44,2025-08-13
2130,2,8,2130,11,2025-08-13
2140,4,10,2140,12,2025-08-13
2148,4,12,2148,8,2025-08-13
2160,4,15,2160,10,2025-08-13
2162,2,16,2162,3,2025-08-13
2165,1,17,2165,8,2025-08-13
2169,1,18,2169,26,2025-08-13
2171,3,18,2171,3,2025-08-13
2177,1,20,2177,28,2025-08-13
2204,4,26,2204,9,2025-08-13
2209,1,28,2209,4,2025-08-13
2210,2,28,2210,5,2025-08-13
2218,2,30,2218,23,2025-08-13
2219,3,30,2219,16,2025-08-13
2227,3,32,2227,1,2025-08-13
2230,2,33,2230,16,2025-08-13
2234,2,34,2234,25,2025-08-13
2235,3,34,2235,2,2025-08-13
2238,2,35,2238,14,2025-08-13
2241,1,1,2241,13,2025-08-14
2242,2,1,2242,45,2025-08-14
2244,4,1,2244,4,2025-08-14
2250,2,3,2250,32,2025-08-14
2255,3,4,2255,14,2025-08-14
2265,1,7,2265,8,2025-08-14
2267,3,7,2267,1,2025-08-14
2270,2,8,2270,17,2025-08-14
2276,4,9,2276,6,2025-08-14
2280,4,10,2280,22,2025-08-14
2288,4,12,2288,29,2025-08-14
2300,4,15,2300,14,2025-08-14
2302,2,16,2302,3,2025-08-14
2304,4,16,2304,25,2025-08-14
2305,1,17,2305,29,2025-08-14
2309,1,18,2309,25,2025-08-14
2311,3,18,2311,22,2025-08-14
2313,1,19,2313,26,2025-08-14
2314,2,19,2314,37,2025-08-14
2317,1,20,2317,32,2025-08-14
2326,2,22,2326,15,2025-08-14
2337,1,25,2337,35,2025-08-14
2344,4,26,2344,44,2025-08-14
2349,1,28,2349,22,2025-08-14
2350,2,28,2350,10,2025-08-14
2355,3,29,2355,7,2025-08-14
2357,1,30,2357,11,2025-08-14
2358,2,30,2358,3,2025-08-14
2359,3,30,2359,23,2025-08-14
2363,3,31,2363,6,2025-08-14
2367,3,32,2367,20,2025-08-14
2370,2,33,2370,30,2025-08-14
2374,2,34,2374,15,2025-08-14
2375,3,34,2375,35,2025-08-14
2378,2,35,2378,29,2025-08-14
2379,3,35,2379,9,2025-08-14
2381,1,1,2381,29,2025-08-15
2382,2,1,2382,3,2025-08-15
2384,4,1,2384,35,2025-08-15
2386,2,2,2386,3,2025-08-15
2392,4,3,2392,2,2025-08-15
2400,4,5,2400,6,2025-08-15
2405,1,7,2405,21,2025-08-15
2407,3,7,2407,17,2025-08-15
2409,1,8,2409,26,2025-08-15
2416,4,9,2416,23,2025-08-15
2420,4,10,2420,36,2025-08-15
2427,3,12,2427,5,2025-08-15
2428,4,12,2428,10,2025-08-15
2438,2,15,2438,19,2025-08-15
2440,4,15,2440,11,2025-08-15
2442,2,16,2442,5,2025-08-15
2444,4,16,2444,7,2025-08-15
2445,1,17,2445,6,2025-08-15
2449,1,18,2449,12,2025-08-15
2451,3,18,2451,29,2025-08-15
2453,1,19,2453,21,2025-08-15
2454,2,19,2454,15,2025-08-15
2457,1,20,2457,16,2025-08-15
2466,2,22,2466,23,2025-08-15
2468,4,22,2468,18,2025-08-15
2477,1,25,2477,10,2025-08-15
2484,4,26,2484,7,2025-08-15
2489,1,28,2489,15,2025-08-15
2490,2,28,2490,6,2025-08-15
2495,3,29,2495,6,2025-08-15
2496,4,29,2496,1,2025-08-15
2497,1,30,2497,2,2025-08-15
2498,2,30,2498,7,2025-08-15
2499,3,30,2499,6,2025-08-15
2503,3,31,2503,17,2025-08-15
2507,3,32,2507,9,2025-08-15
2510,2,33,2510,9,2025-08-15
2514,2,34,2514,17,2025-08-15
2515,3,34,2515,28,2025-08-15
2518,2,35,2518,7,2025-08-15
2519,3,35,2519,5,2025-08-15
2521,1,1,2521,11,2025-08-16
2522,2,1,2522,3,2025-08-16
2526,2,2,2526,13,2025-08-16
2530,2,3,2530,12,2025-08-16
2531,3,3,2531,8,2025-08-16
2532,4,3,2532,25,2025-08-16
2540,4,5,2540,22,2025-08-16
2545,1,7,2545,9,2025-08-16
2547,3,7,2547,12,2025-08-16
2556,4,9,2556,5,2025-08-16
2560,4,10,2560,15,2025-08-16
2562,2,11,2562,1,2025-08-16
2567,3,12,2567,19,2025-08-16
2568,4,12,2568,14,2025-08-16
2578,2,15,2578,2,2025-08-16
2580,4,15,2580,2,2025-08-16
2582,2,16,2582,24,2025-08-16
2584,4,16,2584,31,2025-08-16
2585,1,17,2585,14,2025-08-16
2593,1,19,2593,1,2025-08-16
2606,2,22,2606,5,2025-08-16
2608,4,22,2608,2,2025-08-16
2616,4,24,2616,16,2025-08-16
2617,1,25,2617,34,2025-08-16
2624,4,26,2624,15,2025-08-16
2629,1,28,2629,11,2025-08-16
2630,2,28,2630,20,2025-08-16
2632,4,28,2632,3,2025-08-16
2635,3,29,2635,32,2025-08-16
2636,4,29,2636,7,2025-08-16
2638,2,30,2638,11,2025-08-16
2647,3,32,2647,18,2025-08-16
2650,2,33,2650,3,2025-08-16
2654,2,34,2654,4,2025-08-16
2655,3,34,2655,2,2025-08-16
2659,3,35,2659,15,2025-08-16
2660,4,35,2660,6,2025-08-16
2661,1,1,2661,19,2025-08-17
2666,2,2,2666,10,2025-08-17
2671,3,3,2671,4,2025-08-17
2675,3,4,2675,3,2025-08-17
2676,4,4,2676,1,2025-08-17
2680,4,5,2680,8,2025-08-17
2687,3,7,2687,8,2025-08-17
2693,1,9,2693,9,2025-08-17
2702,2,11,2702,3,2025-08-17
2720,4,15,2720,2,2025-08-17
2729,1,18,2729,7,2025-08-17
2733,1,19,2733,6,2025-08-17
2737,1,20,2737,5,2025-08-17
2747,3,22,2747,4,2025-08-17
2750,2,23,2750,1,2025-08-17
2756,4,24,2756,29,2025-08-17
2757,1,25,2757,19,2025-08-17
2764,4,26,2764,8,2025-08-17
2769,1,28,2769,23,2025-08-17
2778,2,30,2778,5,2025-08-17
2787,3,32,2787,15,2025-08-17
2790,2,33,2790,3,2025-08-17
2791,3,33,2791,8,2025-08-17
2794,2,34,2794,6,2025-08-17
2795,3,34,2795,18,2025-08-17
2799,3,35,2799,5,2025-08-17
2801,1,1,2801,20,2025-08-18
2802,2,1,2802,2,2025-08-18
2806,2,2,2806,6,2025-08-18
2807,3,2,2807,17,2025-08-18
2809,1,3,2809,2,2025-08-18
2811,3,3,2811,24,2025-08-18
2816,4,4,2816,22,2025-08-18
2817,1,5,2817,9,2025-08-18
2820,4,5,2820,8,2025-08-18
2836,4,9,2836,23,2025-08-18
2840,4,10,2840,13,2025-08-18
2842,2,11,2842,17,2025-08-18
2860,4,15,2860,7,2025-08-18
2862,2,16,2862,2,2025-08-18
2863,3,16,2863,2,2025-08-18
2873,1,19,2873,3,2025-08-18
2888,4,22,2888,1,2025-08-18
2907,3,27,2907,4,2025-08-18
2908,4,27,2908,18,2025-08-18
2909,1,28,2909,12,2025-08-18
2911,3,28,2911,3,2025-08-18
2912,4,28,2912,31,2025-08-18
2917,1,30,2917,11,2025-08-18
2927,3,32,2927,4,2025-08-18
2930,2,33,2930,16,2025-08-18
2933,1,34,2933,15,2025-08-18
2935,3,34,2935,6,2025-08-18
2939,3,35,2939,6,2025-08-18
2940,4,35,2940,1,2025-08-18
2944,4,1,2944,11,2025-08-19
2946,2,2,2946,31,2025-08-19
2960,4,5,2960,20,2025-08-19
2965,1,7,2965,3,2025-08-19
2972,4,8,2972,4,2025-08-19
2973,1,9,2973,26,2025-08-19
2982,2,11,2982,21,2025-08-19
2987,3,12,2987,5,2025-08-19
2998,2,15,2998,10,2025-08-19
3002,2,16,3002,5,2025-08-19
3003,3,16,3003,2,2025-08-19
3013,1,19,3013,1,2025-08-19
3036,4,24,3036,11,2025-08-19
3047,3,27,3047,7,2025-08-19
3057,1,30,3057,29,2025-08-19
3061,1,31,3061,26,2025-08-19
3067,3,32,3067,7,2025-08-19
3070,2,33,3070,13,2025-08-19
3074,2,34,3074,10,2025-08-19
3079,3,35,3079,19,2025-08-19
3080,4,35,3080,12,2025-08-19
3084,4,1,3084,23,2025-08-20
3086,2,2,3086,1,2025-08-20
3092,4,3,3092,3,2025-08-20
3095,3,4,3095,16,2025-08-20
3105,1,7,3105,10,2025-08-20
3112,4,8,3112,8,2025-08-20
3116,4,9,3116,12,2025-08-20
3122,2,11,3122,3,2025-08-20
3129,1,13,3129,2,2025-08-20
3132,4,13,3132,4,2025-08-20
3142,2,16,3142,16,2025-08-20
3143,3,16,3143,8,2025-08-20
3154,2,19,3154,18,2025-08-20
3155,3,19,3155,11,2025-08-20
3157,1,20,3157,18,2025-08-20
3168,4,22,3168,3,2025-08-20
3170,2,23,3170,11,2025-08-20
3176,4,24,3176,16,2025-08-20
3184,4,26,3184,8,2025-08-20
3189,1,28,3189,7,2025-08-20
3191,3,28,3191,4,2025-08-20
3197,1,30,3197,20,2025-08-20
3204,4,31,3204,4,2025-08-20
3209,1,33,3209,9,2025-08-20
3210,2,33,3210,6,2025-08-20
3213,1,34,3213,18,2025-08-20
3214,2,34,3214,2,2025-08-20
3218,2,35,3218,20,2025-08-20
3219,3,35,3219,19,2025-08-20
3220,4,35,3220,1,2025-08-20
3224,4,1,3224,18,2025-08-21
3232,4,3,3232,33,2025-08-21
3235,3,4,3235,34,2025-08-21
3236,4,4,3236,1,2025-08-21
3245,1,7,3245,22,2025-08-21
3256,4,9,3256,25,2025-08-21
3257,1,10,3257,27,2025-08-21
3262,2,11,3262,8,2025-08-21
3267,3,12,3267,14,2025-08-21
3269,1,13,3269,13,2025-08-21
3272,4,13,3272,28,2025-08-21
3282,2,16,3282,6,2025-08-21
3283,3,16,3283,18,2025-08-21
3284,4,16,3284,17,2025-08-21
3291,3,18,3291,4,2025-08-21
3295,3,19,3295,6,2025-08-21
3306,2,22,3306,8,2025-08-21
3307,3,22,3307,8,2025-08-21
3308,4,22,3308,13,2025-08-21
3310,2,23,3310,21,2025-08-21
3316,4,24,3316,22,2025-08-21
3320,4,25,3320,2,2025-08-21
3324,4,26,3324,31,2025-08-21
3329,1,28,3329,12,2025-08-21
3331,3,28,3331,23,2025-08-21
3341,1,31,3341,4,2025-08-21
3349,1,33,3349,19,2025-08-21
3350,2,33,3350,19,2025-08-21
3354,2,34,3354,18,2025-08-21
3359,3,35,3359,7,2025-08-21
3361,1,1,3361,12,2025-08-22
3364,4,1,3364,6,2025-08-22
3372,4,3,3372,22,2025-08-22
3374,2,4,3374,2,2025-08-22
3376,4,4,3376,16,2025-08-22
3380,4,5,3380,12,2025-08-22
3396,4,9,3396,1,2025-08-22
3402,2,11,3402,6,2025-08-22
3409,1,13,3409,5,2025-08-22
3422,2,16,3422,14,2025-08-22
3423,3,16,3423,3,2025-08-22
3431,3,18,3431,8,2025-08-22
3438,2,20,3438,1,2025-08-22
3440,4,20,3440,3,2025-08-22
3447,3,22,3447,12,2025-08-22
3450,2,23,3450,5,2025-08-22
3456,4,24,3456,24,2025-08-22
3463,3,26,3463,3,2025-08-22
3464,4,26,3464,16,2025-08-22
3469,1,28,3469,10,2025-08-22
3471,3,28,3471,20,2025-08-22
3484,4,31,3484,2,2025-08-22
3489,1,33,3489,20,2025-08-22
3490,2,33,3490,15,2025-08-22
3493,1,34,3493,9,2025-08-22
3498,2,35,3498,5,2025-08-22
3501,1,1,3501,15,2025-08-23
3509,1,3,3509,12,2025-08-23
3515,3,4,3515,9,2025-08-23
3520,4,5,3520,7,2025-08-23
3549,1,13,3549,6,2025-08-23
3554,2,14,3554,3,2025-08-23
3555,3,14,3555,1,2025-08-23
3562,2,16,3562,13,2025-08-23
3571,3,18,3571,2,2025-08-23
3573,1,19,3573,12,2025-08-23
3577,1,20,3577,17,2025-08-23
3587,3,22,3587,3,2025-08-23
3588,4,22,3588,10,2025-08-23
3590,2,23,3590,1,2025-08-23
3600,4,25,3600,15,2025-08-23
3604,4,26,3604,34,2025-08-23
3609,1,28,3609,20,2025-08-23
3627,3,32,3627,3,2025-08-23
3629,1,33,3629,11,2025-08-23
3634,2,34,3634,5,2025-08-23
3638,2,35,3638,8,2025-08-23
3646,2,2,3646,2,2025-08-24
3648,4,2,3648,1,2025-08-24
3654,2,4,3654,7,2025-08-24
3660,4,5,3660,6,2025-08-24
3672,4,8,3672,6,2025-08-24
3689,1,13,3689,8,2025-08-24
3694,2,14,3694,3,2025-08-24
3702,2,16,3702,2,2025-08-24
3713,1,19,3713,3,2025-08-24
3714,2,19,3714,8,2025-08-24
3717,1,20,3717,19,2025-08-24
3726,2,22,3726,1,2025-08-24
3727,3,22,3727,9,2025-08-24
3730,2,23,3730,1,2025-08-24
3735,3,24,3735,1,2025-08-24
3740,4,25,3740,9,2025-08-24
3744,4,26,3744,7,2025-08-24
3749,1,28,3749,17,2025-08-24
3751,3,28,3751,4,2025-08-24
3754,2,29,3754,1,2025-08-24
3774,2,34,3774,1,2025-08-24
3780,4,35,3780,1,2025-08-24
3781,1,1,3781,10,2025-08-25
3784,4,1,3784,9,2025-08-25
3786,2,2,3786,6,2025-08-25
3788,4,2,3788,3,2025-08-25
3800,4,5,3800,3,2025-08-25
3812,4,8,3812,4,2025-08-25
3817,1,10,3817,22,2025-08-25
3829,1,13,3829,14,2025-08-25
3834,2,14,3834,20,2025-08-25
3843,3,16,3843,2,2025-08-25
3853,1,19,3853,1,2025-08-25
3857,1,20,3857,3,2025-08-25
3867,3,22,3867,17,2025-08-25
3880,4,25,3880,5,2025-08-25
3883,3,26,3883,1,2025-08-25
3884,4,26,3884,4,2025-08-25
3889,1,28,3889,11,2025-08-25
3894,2,29,3894,8,2025-08-25
3904,4,31,3904,1,2025-08-25
3912,4,33,3912,7,2025-08-25
3914,2,34,3914,10,2025-08-25
3924,4,1,3924,12,2025-08-26
3926,2,2,3926,4,2025-08-26
3980,4,15,3980,5,2025-08-26
3983,3,16,3983,11,2025-08-26
3985,1,17,3985,8,2025-08-26
3987,3,17,3987,12,2025-08-26
3993,1,19,3993,6,2025-08-26
3998,2,20,3998,1,2025-08-26
4005,1,22,4005,9,2025-08-26
4023,3,26,4023,3,2025-08-26
4034,2,29,4034,14,2025-08-26
4041,1,31,4041,6,2025-08-26
4044,4,31,4044,11,2025-08-26
4051,3,33,4051,3,2025-08-26
4053,1,34,4053,10,2025-08-26
4060,4,35,4060,2,2025-08-26
4064,4,1,4064,33,2025-08-27
4068,4,2,4068,3,2025-08-27
4077,1,5,4077,10,2025-08-27
4080,4,5,4080,5,2025-08-27
4092,4,8,4092,15,2025-08-27
4109,1,13,4109,24,2025-08-27
4117,1,15,4117,2,2025-08-27
4123,3,16,4123,2,2025-08-27
4133,1,19,4133,14,2025-08-27
4137,1,20,4137,2,2025-08-27
4145,1,22,4145,10,2025-08-27
4148,4,22,4148,4,2025-08-27
4163,3,26,4163,3,2025-08-27
4174,2,29,4174,17,2025-08-27
4204,4,1,4204,24,2025-08-28
4209,1,3,4209,2,2025-08-28
4211,3,3,4211,7,2025-08-28
4216,4,4,4216,18,2025-08-28
4217,1,5,4217,52,2025-08-28
4220,4,5,4220,6,2025-08-28
4225,1,7,4225,2,2025-08-28
4226,2,7,4226,11,2025-08-28
4229,1,8,4229,16,2025-08-28
4241,1,11,4241,19,2025-08-28
4249,1,13,4249,9,2025-08-28
4252,4,13,4252,19,2025-08-28
4257,1,15,4257,13,2025-08-28
4260,4,15,4260,20,2025-08-28
4264,4,16,4264,2,2025-08-28
4267,3,17,4267,7,2025-08-28
4270,2,18,4270,10,2025-08-28
4278,2,20,4278,5,2025-08-28
4282,2,21,4282,15,2025-08-28
4285,1,22,4285,15,2025-08-28
4287,3,22,4287,1,2025-08-28
4288,4,22,4288,34,2025-08-28
4290,2,23,4290,2,2025-08-28
4300,4,25,4300,23,2025-08-28
4303,3,26,4303,16,2025-08-28
4304,4,26,4304,2,2025-08-28
4314,2,29,4314,5,2025-08-28
4320,4,30,4320,1,2025-08-28
4332,4,33,4332,1,2025-08-28
4334,2,34,4334,19,2025-08-28
4336,4,34,4336,3,2025-08-28
4339,3,35,4339,2,2025-08-28
4343,3,1,4343,4,2025-08-29
4344,4,1,4344,4,2025-08-29
4346,2,2,4346,5,2025-08-29
4347,3,2,4347,1,2025-08-29
4349,1,3,4349,12,2025-08-29
4351,3,3,4351,1,2025-08-29
4356,4,4,4356,9,2025-08-29
4360,4,5,4360,20,2025-08-29
4366,2,7,4366,1,2025-08-29
4369,1,8,4369,17,2025-08-29
4381,1,11,4381,12,2025-08-29
4389,1,13,4389,18,2025-08-29
4391,3,13,4391,5,2025-08-29
4392,4,13,4392,21,2025-08-29
4395,3,14,4395,4,2025-08-29
4404,4,16,4404,11,2025-08-29
4418,2,20,4418,16,2025-08-29
4425,1,22,4425,30,2025-08-29
4427,3,22,4427,1,2025-08-29
4428,4,22,4428,15,2025-08-29
4430,2,23,4430,9,2025-08-29
4440,4,25,4440,22,2025-08-29
4441,1,26,4441,5,2025-08-29
4444,4,26,4444,19,2025-08-29
4454,2,29,4454,5,2025-08-29
4460,4,30,4460,8,2025-08-29
4461,1,31,4461,6,2025-08-29
4462,2,31,4462,19,2025-08-29
4472,4,33,4472,4,2025-08-29
4473,1,34,4473,11,2025-08-29
4474,2,34,4474,4,2025-08-29
4476,4,34,4476,3,2025-08-29
4479,3,35,4479,15,2025-08-29
4480,4,35,4480,16,2025-08-29
4486,2,2,4486,12,2025-08-30
4491,3,3,4491,5,2025-08-30
4500,4,5,4500,5,2025-08-30
4507,3,7,4507,2,2025-08-30
4509,1,8,4509,3,2025-08-30
4532,4,13,4532,7,2025-08-30
4543,3,16,4543,3,2025-08-30
4544,4,16,4544,13,2025-08-30
4550,2,18,4550,8,2025-08-30
4553,1,19,4553,18,2025-08-30
4567,3,22,4567,11,2025-08-30
4580,4,25,4580,20,2025-08-30
4588,4,27,4588,3,2025-08-30
4600,4,30,4600,3,2025-08-30
4601,1,31,4601,1,2025-08-30
4612,4,33,4612,2,2025-08-30
4614,2,34,4614,8,2025-08-30
4616,4,34,4616,4,2025-08-30
4620,4,35,4620,4,2025-08-30
4628,4,2,4628,12,2025-08-31
4646,2,7,4646,10,2025-08-31
4647,3,7,4647,20,2025-08-31
4649,1,8,4649,5,2025-08-31
4677,1,15,4677,3,2025-08-31
4683,3,16,4683,9,2025-08-31
4684,4,16,4684,3,2025-08-31
4691,3,18,4691,1,2025-08-31
4693,1,19,4693,6,2025-08-31
4694,2,19,4694,5,2025-08-31
4705,1,22,4705,3,2025-08-31
4710,2,23,4710,3,2025-08-31
4741,1,31,4741,5,2025-08-31
4752,4,33,4752,1,2025-08-31
4760,4,35,4760,5,2025-08-31
4762,2,1,4762,3,2025-09-01
4771,3,3,4771,22,2025-09-01
4776,4,4,4776,7,2025-09-01
4786,2,7,4786,1,2025-09-01
4811,3,13,4811,8,2025-09-01
4817,1,15,4817,8,2025-09-01
4823,3,16,4823,6,2025-09-01
4824,4,16,4824,27,2025-09-01
4831,3,18,4831,13,2025-09-01
4833,1,19,4833,6,2025-09-01
4848,4,22,4848,3,2025-09-01
4850,2,23,4850,11,2025-09-01
4855,3,24,4855,7,2025-09-01
4892,4,33,4892,4,2025-09-01
4902,2,1,4902,1,2025-09-02
4911,3,3,4911,8,2025-09-02
4926,2,7,4926,10,2025-09-02
4943,3,11,4943,13,2025-09-02
4963,3,16,4963,9,2025-09-02
4971,3,18,4971,14,2025-09-02
4972,4,18,4972,20,2025-09-02
4988,4,22,4988,8,2025-09-02
5033,1,34,5033,19,2025-09-02
5042,2,1,5042,13,2025-09-03
5049,1,3,5049,9,2025-09-03
5083,3,11,5083,14,2025-09-03
5091,3,13,5091,3,2025-09-03
5097,1,15,5097,19,2025-09-03
5103,3,16,5103,2,2025-09-03
5111,3,18,5111,7,2025-09-03
5114,2,19,5114,4,2025-09-03
5116,4,19,5116,8,2025-09-03
5122,2,21,5122,6,2025-09-03
5128,4,22,5128,23,2025-09-03
5135,3,24,5135,3,2025-09-03
5142,2,26,5142,10,2025-09-03
5155,3,29,5155,2,2025-09-03
5160,4,30,5160,1,2025-09-03
5161,1,31,5161,4,2025-09-03
5172,4,33,5172,19,2025-09-03
5173,1,34,5173,5,2025-09-03
5180,4,35,5180,1,2025-09-03
5182,2,1,5182,23,2025-09-04
5183,3,1,5183,4,2025-09-04
5196,4,4,5196,21,2025-09-04
5197,1,5,5197,12,2025-09-04
5216,4,9,5216,6,2025-09-04
5223,3,11,5223,3,2025-09-04
5231,3,13,5231,15,2025-09-04
5232,4,13,5232,9,2025-09-04
5237,1,15,5237,23,2025-09-04
5243,3,16,5243,23,2025-09-04
5250,2,18,5250,4,2025-09-04
5252,4,18,5252,2,2025-09-04
5254,2,19,5254,6,2025-09-04
5256,4,19,5256,6,2025-09-04
5262,2,21,5262,16,2025-09-04
5265,1,22,5265,1,2025-09-04
5275,3,24,5275,5,2025-09-04
5280,4,25,5280,2,2025-09-04
5282,2,26,5282,16,2025-09-04
5285,1,27,5285,13,2025-09-04
5295,3,29,5295,8,2025-09-04
5300,4,30,5300,15,2025-09-04
5301,1,31,5301,2,2025-09-04
5311,3,33,5311,12,2025-09-04
5313,1,34,5313,14,2025-09-04
5317,1,35,5317,19,2025-09-04
5320,4,35,5320,15,2025-09-04
5322,2,1,5322,1,2025-09-05
5328,4,2,5328,24,2025-09-05
5331,3,3,5331,1,2025-09-05
5336,4,4,5336,2,2025-09-05
5337,1,5,5337,6,2025-09-05
5341,1,6,5341,25,2025-09-05
5356,4,9,5356,4,2025-09-05
5358,2,10,5358,4,2025-09-05
5361,1,11,5361,13,2025-09-05
5363,3,11,5363,18,2025-09-05
5372,4,13,5372,7,2025-09-05
5377,1,15,5377,17,2025-09-05
5382,2,16,5382,3,2025-09-05
5390,2,18,5390,10,2025-09-05
5391,3,18,5391,3,2025-09-05
5392,4,18,5392,16,2025-09-05
5394,2,19,5394,16,2025-09-05
5402,2,21,5402,13,2025-09-05
5405,1,22,5405,14,2025-09-05
5407,3,22,5407,14,2025-09-05
5414,2,24,5414,10,2025-09-05
5420,4,25,5420,15,2025-09-05
5422,2,26,5422,18,2025-09-05
5425,1,27,5425,15,2025-09-05
5431,3,28,5431,2,2025-09-05
5434,2,29,5434,14,2025-09-05
5435,3,29,5435,17,2025-09-05
5438,2,30,5438,16,2025-09-05
5440,4,30,5440,2,2025-09-05
5441,1,31,5441,12,2025-09-05
5447,3,32,5447,2,2025-09-05
5453,1,34,5453,12,2025-09-05
5454,2,34,5454,4,2025-09-05
5456,4,34,5456,24,2025-09-05
5459,3,35,5459,5,2025-09-05
5460,4,35,5460,5,2025-09-05
5464,4,1,5464,8,2025-09-06
5468,4,2,5468,15,2025-09-06
5476,4,4,5476,5,2025-09-06
5481,1,6,5481,4,2025-09-06
5487,3,7,5487,2,2025-09-06
5496,4,9,5496,2,2025-09-06
5498,2,10,5498,8,2025-09-06
5499,3,10,5499,3,2025-09-06
5501,1,11,5501,13,2025-09-06
5517,1,15,5517,6,2025-09-06
5522,2,16,5522,1,2025-09-06
5530,2,18,5530,13,2025-09-06
5531,3,18,5531,14,2025-09-06
5536,4,19,5536,25,2025-09-06
5554,2,24,5554,6,2025-09-06
5555,3,24,5555,1,2025-09-06
5562,2,26,5562,1,2025-09-06
5571,3,28,5571,11,2025-09-06
5575,3,29,5575,8,2025-09-06
5580,4,30,5580,1,2025-09-06
5581,1,31,5581,3,2025-09-06
5592,4,33,5592,8,2025-09-06
5599,3,35,5599,11,2025-09-06
5600,4,35,5600,18,2025-09-06
5635,3,9,5635,14,2025-09-07
5639,3,10,5639,10,2025-09-07
5674,2,19,5674,2,2025-09-07
5687,3,22,5687,6,2025-09-07
5692,4,23,5692,7,2025-09-07
5700,4,25,5700,1,2025-09-07
5715,3,29,5715,7,2025-09-07
5720,4,30,5720,3,2025-09-07
5736,4,34,5736,11,2025-09-07
5739,3,35,5739,4,2025-09-07
5776,4,9,5776,14,2025-09-08
5797,1,15,5797,3,2025-09-08
5802,2,16,5802,8,2025-09-08
5816,4,19,5816,2,2025-09-08
5827,3,22,5827,5,2025-09-08
5834,2,24,5834,3,2025-09-08
5840,4,25,5840,9,2025-09-08
5850,2,28,5850,6,2025-09-08
5851,3,28,5851,14,2025-09-08
5855,3,29,5855,16,2025-09-08
5858,2,30,5858,6,2025-09-08
5860,4,30,5860,14,2025-09-08
5876,4,34,5876,6,2025-09-08
5879,3,35,5879,6,2025-09-08
5880,4,35,5880,1,2025-09-08
5889,1,3,5889,2,2025-09-09
5896,4,4,5896,9,2025-09-09
5901,1,6,5901,1,2025-09-09
5915,3,9,5915,2,2025-09-09
5916,4,9,5916,11,2025-09-09
5919,3,10,5919,7,2025-09-09
5923,3,11,5923,9,2025-09-09
5937,1,15,5937,22,2025-09-09
5952,4,18,5952,2,2025-09-09
5956,4,19,5956,4,2025-09-09
5958,2,20,5958,2,2025-09-09
5982,2,26,5982,2,2025-09-09
6013,1,34,6013,3,2025-09-09
6016,4,34,6016,6,2025-09-09
6020,4,35,6020,12,2025-09-09
6022,2,1,6022,5,2025-09-10
6036,4,4,6036,12,2025-09-10
6056,4,9,6056,4,2025-09-10
6058,2,10,6058,2,2025-09-10
6059,3,10,6059,9,2025-09-10
6063,3,11,6063,1,2025-09-10
6071,3,13,6071,8,2025-09-10
6077,1,15,6077,9,2025-09-10
6082,2,16,6082,23,2025-09-10
6092,4,18,6092,11,2025-09-10
6096,4,19,6096,4,2025-09-10
6098,2,20,6098,2,2025-09-10
6107,3,22,6107,2,2025-09-10
6122,2,26,6122,17,2025-09-10
6130,2,28,6130,5,2025-09-10
6152,4,33,6152,13,2025-09-10
6161,1,1,6161,15,2025-09-11
6162,2,1,6162,1,2025-09-11
6164,4,1,6164,9,2025-09-11
6166,2,2,6166,8,2025-09-11
6176,4,4,6176,12,2025-09-11
6181,1,6,6181,16,2025-09-11
6196,4,9,6196,14,2025-09-11
6203,3,11,6203,24,2025-09-11
6217,1,15,6217,7,2025-09-11
6218,2,15,6218,3,2025-09-11
6232,4,18,6232,14,2025-09-11
6235,3,19,6235,4,2025-09-11
6236,4,19,6236,16,2025-09-11
6238,2,20,6238,16,2025-09-11
6247,3,22,6247,22,2025-09-11
6262,2,26,6262,11,2025-09-11
6265,1,27,6265,3,2025-09-11
6270,2,28,6270,8,2025-09-11
6271,3,28,6271,18,2025-09-11
6275,3,29,6275,3,2025-09-11
6279,3,30,6279,19,2025-09-11
6283,3,31,6283,13,2025-09-11
6292,4,33,6292,24,2025-09-11
6299,3,35,6299,13,2025-09-11
6301,1,1,6301,5,2025-09-12
6302,2,1,6302,21,2025-09-12
6304,4,1,6304,7,2025-09-12
6306,2,2,6306,2,2025-09-12
6316,4,4,6316,13,2025-09-12
6320,4,5,6320,2,2025-09-12
6321,1,6,6321,13,2025-09-12
6331,3,8,6331,6,2025-09-12
6338,2,10,6338,14,2025-09-12
6343,3,11,6343,12,2025-09-12
6356,4,14,6356,8,2025-09-12
6357,1,15,6357,17,2025-09-12
6358,2,15,6358,2,2025-09-12
6362,2,16,6362,11,2025-09-12
6371,3,18,6371,12,2025-09-12
6372,4,18,6372,29,2025-09-12
6375,3,19,6375,6,2025-09-12
6378,2,20,6378,13,2025-09-12
6394,2,24,6394,13,2025-09-12
6402,2,26,6402,12,2025-09-12
6410,2,28,6410,4,2025-09-12
6411,3,28,6411,8,2025-09-12
6419,3,30,6419,7,2025-09-12
6423,3,31,6423,10,2025-09-12
6430,2,33,6430,14,2025-09-12
6433,1,34,6433,3,2025-09-12
6439,3,35,6439,6,2025-09-12
6444,4,1,6444,10,2025-09-13
6446,2,2,6446,17,2025-09-13
6449,1,3,6449,6,2025-09-13
6457,1,5,6457,6,2025-09-13
6460,4,5,6460,1,2025-09-13
6461,1,6,6461,26,2025-09-13
6471,3,8,6471,3,2025-09-13
6478,2,10,6478,6,2025-09-13
6482,2,11,6482,8,2025-09-13
6483,3,11,6483,7,2025-09-13
6497,1,15,6497,6,2025-09-13
6498,2,15,6498,18,2025-09-13
6502,2,16,6502,1,2025-09-13
6511,3,18,6511,8,2025-09-13
6512,4,18,6512,6,2025-09-13
6516,4,19,6516,17,2025-09-13
6517,1,20,6517,10,2025-09-13
6542,2,26,6542,2,2025-09-13
6550,2,28,6550,2,2025-09-13
6551,3,28,6551,6,2025-09-13
6555,3,29,6555,2,2025-09-13
6563,3,31,6563,8,2025-09-13
6570,2,33,6570,8,2025-09-13
6577,1,35,6577,3,2025-09-13
6587,3,2,6587,12,2025-09-14
6616,4,9,6616,3,2025-09-14
6618,2,10,6618,2,2025-09-14
6622,2,11,6622,8,2025-09-14
6657,1,20,6657,9,2025-09-14
6691,3,28,6691,4,2025-09-14
6695,3,29,6695,11,2025-09-14
6703,3,31,6703,11,2025-09-14
6710,2,33,6710,4,2025-09-14
6740,4,5,6740,4,2025-09-15
6751,3,8,6751,2,2025-09-15
6758,2,10,6758,2,2025-09-15
6759,3,10,6759,11,2025-09-15
6762,2,11,6762,21,2025-09-15
6768,4,12,6768,23,2025-09-15
6769,1,13,6769,1,2025-09-15
6775,3,14,6775,3,2025-09-15
6777,1,15,6777,5,2025-09-15
6789,1,18,6789,2,2025-09-15
6822,2,26,6822,16,2025-09-15
6835,3,29,6835,7,2025-09-15
6838,2,30,6838,2,2025-09-15
6839,3,30,6839,1,2025-09-15
6850,2,33,6850,8,2025-09-15
6876,4,4,6876,1,2025-09-16
6880,4,5,6880,3,2025-09-16
6891,3,8,6891,3,2025-09-16
6898,2,10,6898,5,2025-09-16
6908,4,12,6908,33,2025-09-16
6911,3,13,6911,6,2025-09-16
6915,3,14,6915,12,2025-09-16
6917,1,15,6917,24,2025-09-16
6952,4,23,6952,8,2025-09-16
6960,4,25,6960,7,2025-09-16
6980,4,30,6980,14,2025-09-16
6983,3,31,6983,6,2025-09-16
6990,2,33,6990,9,2025-09-16
7007,3,2,7007,4,2025-09-17
7008,4,2,7008,12,2025-09-17
7009,1,3,7009,18,2025-09-17
7020,4,5,7020,17,2025-09-17
7031,3,8,7031,14,2025-09-17
7036,4,9,7036,16,2025-09-17
7070,2,18,7070,6,2025-09-17
7100,4,25,7100,32,2025-09-17
7102,2,26,7102,3,2025-09-17
7111,3,28,7111,3,2025-09-17
7115,3,29,7115,14,2025-09-17
7120,4,30,7120,3,2025-09-17
7123,3,31,7123,4,2025-09-17
7131,3,33,7131,2,2025-09-17
7148,4,2,7148,18,2025-09-18
7149,1,3,7149,7,2025-09-18
7154,2,4,7154,11,2025-09-18
7160,4,5,7160,7,2025-09-18
7171,3,8,7171,19,2025-09-18
7176,4,9,7176,11,2025-09-18
7178,2,10,7178,2,2025-09-18
7189,1,13,7189,1,2025-09-18
7191,3,13,7191,15,2025-09-18
7192,4,13,7192,4,2025-09-18
7195,3,14,7195,1,2025-09-18
7210,2,18,7210,6,2025-09-18
7212,4,18,7212,18,2025-09-18
7242,2,26,7242,26,2025-09-18
7251,3,28,7251,4,2025-09-18
7260,4,30,7260,4,2025-09-18
7263,3,31,7263,34,2025-09-18
7270,2,33,7270,24,2025-09-18
7271,3,33,7271,7,2025-09-18
7288,4,2,7288,5,2025-09-19
7289,1,3,7289,13,2025-09-19
7293,1,4,7293,11,2025-09-19
7294,2,4,7294,9,2025-09-19
7300,4,5,7300,2,2025-09-19
7311,3,8,7311,25,2025-09-19
7318,2,10,7318,3,2025-09-19
7322,2,11,7322,1,2025-09-19
7329,1,13,7329,11,2025-09-19
7331,3,13,7331,19,2025-09-19
7335,3,14,7335,8,2025-09-19
7350,2,18,7350,12,2025-09-19
7352,4,18,7352,25,2025-09-19
7357,1,20,7357,2,2025-09-19
7366,2,22,7366,6,2025-09-19
7372,4,23,7372,12,2025-09-19
7380,4,25,7380,16,2025-09-19
7382,2,26,7382,14,2025-09-19
7395,3,29,7395,2,2025-09-19
7398,2,30,7398,2,2025-09-19
7399,3,30,7399,12,2025-09-19
7400,4,30,7400,19,2025-09-19
7411,3,33,7411,10,2025-09-19
7419,3,35,7419,1,2025-09-19
7442,2,6,7442,5,2025-09-20
7451,3,8,7451,1,2025-09-20
7471,3,13,7471,8,2025-09-20
7475,3,14,7475,1,2025-09-20
7480,4,15,7480,3,2025-09-20
7492,4,18,7492,8,2025-09-20
7520,4,25,7520,7,2025-09-20
7522,2,26,7522,5,2025-09-20
7535,3,29,7535,6,2025-09-20
7538,2,30,7538,1,2025-09-20
7540,4,30,7540,1,2025-09-20
7551,3,33,7551,14,2025-09-20
7562,2,1,7562,4,2025-09-21
7573,1,4,7573,7,2025-09-21
7581,1,6,7581,6,2025-09-21
7582,2,6,7582,10,2025-09-21
7596,4,9,7596,13,2025-09-21
7617,1,15,7617,9,2025-09-21
7620,4,15,7620,12,2025-09-21
7634,2,19,7634,25,2025-09-21
7637,1,20,7637,4,2025-09-21
7660,4,25,7660,24,2025-09-21
7671,3,28,7671,2,2025-09-21
7679,3,30,7679,13,2025-09-21
7680,4,30,7680,8,2025-09-21
7681,1,31,7681,7,2025-09-21
7702,2,1,7702,6,2025-09-22
7713,1,4,7713,6,2025-09-22
7718,2,5,7718,19,2025-09-22
7722,2,6,7722,12,2025-09-22
7751,3,13,7751,9,2025-09-22
7760,4,15,7760,2,2025-09-22
7774,2,19,7774,9,2025-09-22
7787,3,22,7787,9,2025-09-22
7800,4,25,7800,10,2025-09-22
7809,1,28,7809,7,2025-09-22
7818,2,30,7818,3,2025-09-22
7843,3,1,7843,8,2025-09-23
7849,1,3,7849,1,2025-09-23
7853,1,4,7853,12,2025-09-23
7861,1,6,7861,6,2025-09-23
7862,2,6,7862,17,2025-09-23
7876,4,9,7876,7,2025-09-23
7895,3,14,7895,6,2025-09-23
7897,1,15,7897,1,2025-09-23
7943,3,26,7943,2,2025-09-23
7949,1,28,7949,15,2025-09-23
7982,2,1,7982,17,2025-09-24
7988,4,2,7988,6,2025-09-24
7997,1,5,7997,7,2025-09-24
8000,4,5,8000,2,2025-09-24
8001,1,6,8001,18,2025-09-24
8016,4,9,8016,12,2025-09-24
8035,3,14,8035,21,2025-09-24
8037,1,15,8037,15,2025-09-24
8047,3,17,8047,4,2025-09-24
8048,4,17,8048,9,2025-09-24
8080,4,25,8080,15,2025-09-24
8083,3,26,8083,11,2025-09-24
8089,1,28,8089,14,2025-09-24
8097,1,30,8097,5,2025-09-24
8098,2,30,8098,4,2025-09-24
8101,1,31,8101,10,2025-09-24
8114,2,34,8114,2,2025-09-24
8122,2,1,8122,1,2025-09-25
8123,3,1,8123,20,2025-09-25
8128,4,2,8128,21,2025-09-25
8137,1,5,8137,5,2025-09-25
8140,4,5,8140,22,2025-09-25
8141,1,6,8141,15,2025-09-25
8159,3,10,8159,16,2025-09-25
8171,3,13,8171,7,2025-09-25
8175,3,14,8175,11,2025-09-25
8177,1,15,8177,38,2025-09-25
8187,3,17,8187,18,2025-09-25
8188,4,17,8188,29,2025-09-25
8190,2,18,8190,13,2025-09-25
8229,1,28,8229,4,2025-09-25
8232,4,28,8232,2,2025-09-25
8237,1,30,8237,13,2025-09-25
8241,1,31,8241,7,2025-09-25
8254,2,34,8254,10,2025-09-25
8259,3,35,8259,11,2025-09-25
8262,2,1,8262,1,2025-09-26
8263,3,1,8263,7,2025-09-26
8268,4,2,8268,16,2025-09-26
8277,1,5,8277,10,2025-09-26
8280,4,5,8280,10,2025-09-26
8296,4,9,8296,8,2025-09-26
8327,3,17,8327,16,2025-09-26
8328,4,17,8328,24,2025-09-26
8330,2,18,8330,5,2025-09-26
8342,2,21,8342,13,2025-09-26
8355,3,24,8355,5,2025-09-26
8371,3,28,8371,12,2025-09-26
8372,4,28,8372,32,2025-09-26
8377,1,30,8377,15,2025-09-26
8381,1,31,8381,27,2025-09-26
8394,2,34,8394,4,2025-09-26
8402,2,1,8402,8,2025-09-27
8403,3,1,8403,2,2025-09-27
8408,4,2,8408,14,2025-09-27
8413,1,4,8413,7,2025-09-27
8417,1,5,8417,7,2025-09-27
8436,4,9,8436,1,2025-09-27
8439,3,10,8439,10,2025-09-27
8451,3,13,8451,3,2025-09-27
8455,3,14,8455,3,2025-09-27
8457,1,15,8457,18,2025-09-27
8470,2,18,8470,10,2025-09-27
8477,1,20,8477,9,2025-09-27
8495,3,24,8495,7,2025-09-27
8496,4,24,8496,9,2025-09-27
8511,3,28,8511,13,2025-09-27
8518,2,30,8518,7,2025-09-27
8520,4,30,8520,4,2025-09-27
8534,2,34,8534,7,2025-09-27
8553,1,4,8553,8,2025-09-28
8562,2,6,8562,2,2025-09-28
8570,2,8,8570,16,2025-09-28
8591,3,13,8591,2,2025-09-28
8617,1,20,8617,25,2025-09-28
8622,2,21,8622,15,2025-09-28
8635,3,24,8635,10,2025-09-28
8682,2,1,8682,2,2025-09-29
8688,4,2,8688,9,2025-09-29
8693,1,4,8693,8,2025-09-29
8722,2,11,8722,13,2025-09-29
8738,2,15,8738,2,2025-09-29
8748,4,17,8748,6,2025-09-29
8767,3,22,8767,2,2025-09-29
8795,3,29,8795,10,2025-09-29
8798,2,30,8798,4,2025-09-29
8799,3,30,8799,10,2025-09-29
8800,4,30,8800,12,2025-09-29
8814,2,34,8814,3,2025-09-29
8833,1,4,8833,25,2025-09-30
8856,4,9,8856,9,2025-09-30
8871,3,13,8871,12,2025-09-30
8877,1,15,8877,1,2025-09-30
8878,2,15,8878,3,2025-09-30
8888,4,17,8888,18,2025-09-30
8902,2,21,8902,13,2025-09-30
8916,4,24,8916,4,2025-09-30
8940,4,30,8940,12,2025-09-30
8984,4,6,8984,1,2025-10-01
8990,2,8,8990,10,2025-10-01
8996,4,9,8996,5,2025-10-01
9056,4,24,9056,13,2025-10-01
9080,4,30,9080,34,2025-10-01
9081,1,31,9081,17,2025-10-01
9102,2,1,9102,6,2025-10-02
9117,1,5,9117,14,2025-10-02
9124,4,6,9124,2,2025-10-02
9130,2,8,9130,21,2025-10-02
9132,4,8,9132,1,2025-10-02
9136,4,9,9136,17,2025-10-02
9143,3,11,9143,10,2025-10-02
9157,1,15,9157,18,2025-10-02
9158,2,15,9158,11,2025-10-02
9168,4,17,9168,9,2025-10-02
9169,1,18,9169,1,2025-10-02
9177,1,20,9177,6,2025-10-02
9187,3,22,9187,13,2025-10-02
9220,4,30,9220,39,2025-10-02
9242,2,1,9242,6,2025-10-03
9244,4,1,9244,9,2025-10-03
9253,1,4,9253,12,2025-10-03
9257,1,5,9257,10,2025-10-03
9270,2,8,9270,2,2025-10-03
9274,2,9,9274,1,2025-10-03
9282,2,11,9282,1,2025-10-03
9297,1,15,9297,6,2025-10-03
9300,4,15,9300,10,2025-10-03
9308,4,17,9308,11,2025-10-03
9309,1,18,9309,9,2025-10-03
9317,1,20,9317,4,2025-10-03
9360,4,30,9360,7,2025-10-03
9361,1,31,9361,8,2025-10-03
9382,2,1,9382,4,2025-10-04
9384,4,1,9384,9,2025-10-04
9386,2,2,9386,4,2025-10-04
9393,1,4,9393,5,2025-10-04
9397,1,5,9397,4,2025-10-04
9398,2,5,9398,15,2025-10-04
9400,4,5,9400,2,2025-10-04
9408,4,7,9408,2,2025-10-04
9410,2,8,9410,11,2025-10-04
9420,4,10,9420,11,2025-10-04
9431,3,13,9431,3,2025-10-04
9437,1,15,9437,7,2025-10-04
9448,4,17,9448,6,2025-10-04
9449,1,18,9449,1,2025-10-04
9457,1,20,9457,5,2025-10-04
9467,3,22,9467,6,2025-10-04
9472,4,23,9472,2,2025-10-04
9500,4,30,9500,3,2025-10-04
9522,2,1,9522,9,2025-10-05
9528,4,2,9528,4,2025-10-05
9548,4,7,9548,9,2025-10-05
9550,2,8,9550,4,2025-10-05
9559,3,10,9559,13,2025-10-05
9560,4,10,9560,7,2025-10-05
9562,2,11,9562,4,2025-10-05
9563,3,11,9563,7,2025-10-05
9571,3,13,9571,12,2025-10-05
9577,1,15,9577,9,2025-10-05
9580,4,15,9580,2,2025-10-05
9588,4,17,9588,3,2025-10-05
9607,3,22,9607,6,2025-10-05
9640,4,30,9640,10,2025-10-05
9650,2,33,9650,2,2025-10-05
9662,2,1,9662,5,2025-10-06
9668,4,2,9668,16,2025-10-06
9673,1,4,9673,13,2025-10-06
9690,2,8,9690,1,2025-10-06
9698,2,10,9698,5,2025-10-06
9699,3,10,9699,9,2025-10-06
9709,1,13,9709,13,2025-10-06
9711,3,13,9711,11,2025-10-06
9715,3,14,9715,7,2025-10-06
9717,1,15,9717,5,2025-10-06
9720,4,15,9720,8,2025-10-06
9723,3,16,9723,3,2025-10-06
9728,4,17,9728,2,2025-10-06
9747,3,22,9747,4,2025-10-06
9752,4,23,9752,4,2025-10-06
9808,4,2,9808,3,2025-10-07
9812,4,3,9812,2,2025-10-07
9820,4,5,9820,4,2025-10-07
9836,4,9,9836,11,2025-10-07
9868,4,17,9868,3,2025-10-07
9892,4,23,9892,5,2025-10-07
9948,4,2,9948,13,2025-10-08
10060,4,30,10060,12,2025-10-08
10093,1,4,10093,3,2025-10-09
10100,4,5,10100,14,2025-10-09
10116,4,9,10116,14,2025-10-09
10150,2,18,10150,1,2025-10-09
10183,3,26,10183,16,2025-10-09
10228,4,2,10228,4,2025-10-10
10240,4,5,10240,27,2025-10-10
10243,3,6,10243,10,2025-10-10
10244,4,6,10244,4,2025-10-10
10256,4,9,10256,3,2025-10-10
10271,3,13,10271,1,2025-10-10
10290,2,18,10290,10,2025-10-10
10340,4,30,10340,12,2025-10-10
10383,3,6,10383,8,2025-10-11
10405,1,12,10405,3,2025-10-11
10411,3,13,10411,5,2025-10-11
10456,4,24,10456,14,2025-10-11
10480,4,30,10480,18,2025-10-11
10570,2,18,10570,6,2025-10-12
10697,1,15,10697,4,2025-10-13
10736,4,24,10736,1,2025-10-13
10850,2,18,10850,9,2025-10-14
10883,3,26,10883,5,2025-10-14
10943,3,6,10943,9,2025-10-15
11023,3,26,11023,32,2025-10-15
11083,3,6,11083,30,2025-10-16
11099,3,10,11099,33,2025-10-16
11102,2,11,11102,15,2025-10-16
11130,2,18,11130,20,2025-10-16
11156,4,24,11156,31,2025-10-16
11159,3,25,11159,9,2025-10-16
11163,3,26,11163,2,2025-10-16
11223,3,6,11223,13,2025-10-17
11239,3,10,11239,17,2025-10-17
11242,2,11,11242,5,2025-10-17
11270,2,18,11270,11,2025-10-17
11271,3,18,11271,14,2025-10-17
11296,4,24,11296,9,2025-10-17
11299,3,25,11299,2,2025-10-17
11308,4,27,11308,26,2025-10-17
11379,3,10,11379,3,2025-10-18
11439,3,25,11439,4,2025-10-18
11446,2,27,11446,11,2025-10-18
11486,2,2,11486,5,2025-10-19
11579,3,25,11579,10,2025-10-19
11586,2,27,11586,6,2025-10-19
11626,2,2,11626,1,2025-10-20
11692,4,18,11692,18,2025-10-20
11712,4,23,11712,5,2025-10-20
11716,4,24,11716,1,2025-10-20
11796,4,9,11796,3,2025-10-21
11852,4,23,11852,13,2025-10-21
11909,1,3,11909,12,2025-10-22
11916,4,4,11916,14,2025-10-22
11949,1,13,11949,4,2025-10-22
11972,4,18,11972,8,2025-10-22
11998,2,25,11998,1,2025-10-22
11999,3,25,11999,7,2025-10-22
12030,2,33,12030,17,2025-10-22
12046,2,2,12046,12,2025-10-23
12049,1,3,12049,9,2025-10-23
12056,4,4,12056,23,2025-10-23
12076,4,9,12076,16,2025-10-23
12085,1,12,12085,6,2025-10-23
12098,2,15,12098,4,2025-10-23
12132,4,23,12132,12,2025-10-23
12136,4,24,12136,12,2025-10-23
12138,2,25,12138,20,2025-10-23
12139,3,25,12139,8,2025-10-23
12143,3,26,12143,5,2025-10-23
12170,2,33,12170,21,2025-10-23
12186,2,2,12186,19,2025-10-24
12196,4,4,12196,7,2025-10-24
12203,3,6,12203,4,2025-10-24
12210,2,8,12210,26,2025-10-24
12216,4,9,12216,23,2025-10-24
12225,1,12,12225,6,2025-10-24
12238,2,15,12238,5,2025-10-24
12252,4,18,12252,5,2025-10-24
12254,2,19,12254,20,2025-10-24
12272,4,23,12272,4,2025-10-24
12278,2,25,12278,14,2025-10-24
12283,3,26,12283,10,2025-10-24
12286,2,27,12286,4,2025-10-24
12336,4,4,12336,20,2025-10-25
12350,2,8,12350,12,2025-10-25
12380,4,15,12380,7,2025-10-25
12418,2,25,12418,9,2025-10-25
12426,2,27,12426,4,2025-10-25
12476,4,4,12476,7,2025-10-26
12490,2,8,12490,2,2025-10-26
12509,1,13,12509,18,2025-10-26
12640,4,10,12640,17,2025-10-27
12645,1,12,12645,2,2025-10-27
12649,1,13,12649,14,2025-10-27
12660,4,15,12660,1,2025-10-27
12749,1,3,12749,1,2025-10-28
12763,3,6,12763,1,2025-10-28
12780,4,10,12780,10,2025-10-28
12782,2,11,12782,26,2025-10-28
12785,1,12,12785,22,2025-10-28
12789,1,13,12789,5,2025-10-28
12800,4,15,12800,5,2025-10-28
12814,2,19,12814,7,2025-10-28
12843,3,26,12843,3,2025-10-28
12892,4,3,12892,2,2025-10-29
12903,3,6,12903,21,2025-10-29
12919,3,10,12919,6,2025-10-29
12920,4,10,12920,12,2025-10-29
12922,2,11,12922,4,2025-10-29
12929,1,13,12929,30,2025-10-29
12979,3,25,12979,17,2025-10-29
13022,2,1,13022,3,2025-10-30
13032,4,3,13032,10,2025-10-30
13043,3,6,13043,31,2025-10-30
13060,4,10,13060,23,2025-10-30
13065,1,12,13065,5,2025-10-30
13069,1,13,13069,12,2025-10-30
13084,4,16,13084,1,2025-10-30
13089,1,18,13089,5,2025-10-30
13091,3,18,13091,2,2025-10-30
13092,4,18,13092,27,2025-10-30
13118,2,25,13118,7,2025-10-30
13119,3,25,13119,2,2025-10-30
13162,2,1,13162,7,2025-10-31
13172,4,3,13172,8,2025-10-31
13199,3,10,13199,8,2025-10-31
13209,1,13,13209,9,2025-10-31
13229,1,18,13229,16,2025-10-31
13231,3,18,13231,16,2025-10-31
13233,1,19,13233,2,2025-10-31
13258,2,25,13258,10,2025-10-31
13259,3,25,13259,10,2025-10-31
13264,4,26,13264,16,2025-10-31
13302,2,1,13302,1,2025-11-01
13308,4,2,13308,16,2025-11-01
13339,3,10,13339,6,2025-11-01
13349,1,13,13349,7,2025-11-01
13360,4,15,13360,9,2025-11-01
13398,2,25,13398,27,2025-11-01
13403,3,26,13403,3,2025-11-01
13442,2,1,13442,8,2025-11-02
13448,4,2,13448,8,2025-11-02
13452,4,3,13452,6,2025-11-02
13462,2,6,13462,3,2025-11-02
13463,3,6,13463,3,2025-11-02
13479,3,10,13479,17,2025-11-02
13500,4,15,13500,8,2025-11-02
13538,2,25,13538,4,2025-11-02
13543,3,26,13543,11,2025-11-02
13603,3,6,13603,22,2025-11-03
13619,3,10,13619,11,2025-11-03
13620,4,10,13620,2,2025-11-03
13640,4,15,13640,13,2025-11-03
13649,1,18,13649,11,2025-11-03
13650,2,18,13650,9,2025-11-03
13654,2,19,13654,11,2025-11-03
13679,3,25,13679,4,2025-11-03
13683,3,26,13683,2,2025-11-03
13709,1,33,13709,4,2025-11-03
13732,4,3,13732,11,2025-11-04
13740,4,5,13740,5,2025-11-04
13742,2,6,13742,5,2025-11-04
13743,3,6,13743,5,2025-11-04
13760,4,10,13760,8,2025-11-04
13769,1,13,13769,8,2025-11-04
13780,4,15,13780,9,2025-11-04
13784,4,16,13784,1,2025-11-04
13789,1,18,13789,16,2025-11-04
13812,4,23,13812,6,2025-11-04
13819,3,25,13819,1,2025-11-04
13823,3,26,13823,9,2025-11-04
13849,1,33,13849,2,2025-11-04
13880,4,5,13880,16,2025-11-05
13882,2,6,13882,19,2025-11-05
13883,3,6,13883,8,2025-11-05
13900,4,10,13900,11,2025-11-05
13909,1,13,13909,21,2025-11-05
13917,1,15,13917,39,2025-11-05
13920,4,15,13920,3,2025-11-05
13924,4,16,13924,9,2025-11-05
13929,1,18,13929,1,2025-11-05
13934,2,19,13934,10,2025-11-05
13950,2,23,13950,21,2025-11-05
13952,4,23,13952,6,2025-11-05
13963,3,26,13963,6,2025-11-05
13964,4,26,13964,23,2025-11-05
13989,1,33,13989,1,2025-11-05
14020,4,5,14020,3,2025-11-06
14022,2,6,14022,4,2025-11-06
14023,3,6,14023,3,2025-11-06
14049,1,13,14049,4,2025-11-06
14057,1,15,14057,31,2025-11-06
14060,4,15,14060,22,2025-11-06
14064,4,16,14064,46,2025-11-06
14069,1,18,14069,5,2025-11-06
14070,2,18,14070,9,2025-11-06
14074,2,19,14074,3,2025-11-06
14090,2,23,14090,18,2025-11-06
14092,4,23,14092,14,2025-11-06
14098,2,25,14098,2,2025-11-06
14099,3,25,14099,5,2025-11-06
14103,3,26,14103,7,2025-11-06
14104,4,26,14104,37,2025-11-06
14106,2,27,14106,8,2025-11-06
14129,1,33,14129,4,2025-11-06
14139,3,35,14139,2,2025-11-06
14144,4,1,14144,12,2025-11-07
14148,4,2,14148,6,2025-11-07
14162,2,6,14162,8,2025-11-07
14180,4,10,14180,16,2025-11-07
14181,1,11,14181,3,2025-11-07
14200,4,15,14200,27,2025-11-07
14203,3,16,14203,14,2025-11-07
14204,4,16,14204,15,2025-11-07
14209,1,18,14209,17,2025-11-07
14210,2,18,14210,16,2025-11-07
14211,3,18,14211,2,2025-11-07
14214,2,19,14214,17,2025-11-07
14225,1,22,14225,20,2025-11-07
14232,4,23,14232,21,2025-11-07
14239,3,25,14239,23,2025-11-07
14243,3,26,14243,1,2025-11-07
14244,4,26,14244,23,2025-11-07
14246,2,27,14246,18,2025-11-07
14269,1,33,14269,9,2025-11-07
14284,4,1,14284,1,2025-11-08
14288,4,2,14288,6,2025-11-08
14292,4,3,14292,7,2025-11-08
14300,4,5,14300,31,2025-11-08
14303,3,6,14303,5,2025-11-08
14308,4,7,14308,4,2025-11-08
14320,4,10,14320,5,2025-11-08
14321,1,11,14321,55,2025-11-08
14322,2,11,14322,3,2025-11-08
14329,1,13,14329,3,2025-11-08
14337,1,15,14337,16,2025-11-08
14340,4,15,14340,4,2025-11-08
14344,4,16,14344,17,2025-11-08
14350,2,18,14350,6,2025-11-08
14351,3,18,14351,3,2025-11-08
14354,2,19,14354,2,2025-11-08
14365,1,22,14365,10,2025-11-08
14370,2,23,14370,13,2025-11-08
14372,4,23,14372,1,2025-11-08
14379,3,25,14379,15,2025-11-08
14384,4,26,14384,12,2025-11-08
14386,2,27,14386,2,2025-11-08
14422,2,1,14422,17,2025-11-09
14424,4,1,14424,17,2025-11-09
14432,4,3,14432,1,2025-11-09
14445,1,7,14445,2,2025-11-09
14450,2,8,14450,8,2025-11-09
14460,4,10,14460,10,2025-11-09
14476,4,14,14476,12,2025-11-09
14484,4,16,14484,2,2025-11-09
14490,2,18,14490,11,2025-11-09
14491,3,18,14491,10,2025-11-09
14494,2,19,14494,5,2025-11-09
14510,2,23,14510,3,2025-11-09
14519,3,25,14519,4,2025-11-09
14547,3,32,14547,2,2025-11-09
14549,1,33,14549,11,2025-11-09
14559,3,35,14559,6,2025-11-09
14562,2,1,14562,26,2025-11-10
14569,1,3,14569,12,2025-11-10
14572,4,3,14572,30,2025-11-10
14601,1,11,14601,2,2025-11-10
14602,2,11,14602,13,2025-11-10
14624,4,16,14624,9,2025-11-10
14629,1,18,14629,1,2025-11-10
14630,2,18,14630,21,2025-11-10
14631,3,18,14631,4,2025-11-10
14633,1,19,14633,8,2025-11-10
14650,2,23,14650,31,2025-11-10
14664,4,26,14664,1,2025-11-10
14677,1,30,14677,1,2025-11-10
14687,3,32,14687,16,2025-11-10
14690,2,33,14690,3,2025-11-10
14699,3,35,14699,5,2025-11-10
14702,2,1,14702,6,2025-11-11
14704,4,1,14704,16,2025-11-11
14709,1,3,14709,1,2025-11-11
14741,1,11,14741,7,2025-11-11
14758,2,15,14758,2,2025-11-11
14769,1,18,14769,7,2025-11-11
14771,3,18,14771,3,2025-11-11
14773,1,19,14773,12,2025-11-11
14785,1,22,14785,15,2025-11-11
14792,4,23,14792,34,2025-11-11
14804,4,26,14804,8,2025-11-11
14817,1,30,14817,3,2025-11-11
14827,3,32,14827,14,2025-11-11
14839,3,35,14839,4,2025-11-11
14842,2,1,14842,3,2025-11-12
14844,4,1,14844,18,2025-11-12
14849,1,3,14849,19,2025-11-12
14868,4,7,14868,7,2025-11-12
14896,4,14,14896,7,2025-11-12
14909,1,18,14909,9,2025-11-12
14911,3,18,14911,18,2025-11-12
14913,1,19,14913,16,2025-11-12
14931,3,23,14931,11,2025-11-12
14932,4,23,14932,23,2025-11-12
14939,3,25,14939,1,2025-11-12
14957,1,30,14957,4,2025-11-12
14959,3,30,14959,3,2025-11-12
14967,3,32,14967,2,2025-11-12
14972,4,33,14972,17,2025-11-12
14982,2,1,14982,7,2025-11-13
14983,3,1,14983,2,2025-11-13
14992,4,3,14992,6,2025-11-13
15001,1,6,15001,2,2025-11-13
15005,1,7,15005,3,2025-11-13
15008,4,7,15008,15,2025-11-13
15010,2,8,15010,11,2025-11-13
15022,2,11,15022,4,2025-11-13
15027,3,12,15027,11,2025-11-13
15036,4,14,15036,15,2025-11-13
15038,2,15,15038,14,2025-11-13
15044,4,16,15044,22,2025-11-13
15049,1,18,15049,5,2025-11-13
15050,2,18,15050,22,2025-11-13
15053,1,19,15053,11,2025-11-13
15054,2,19,15054,6,2025-11-13
15070,2,23,15070,33,2025-11-13
15071,3,23,15071,16,2025-11-13
15079,3,25,15079,24,2025-11-13
15084,4,26,15084,12,2025-11-13
15086,2,27,15086,11,2025-11-13
15090,2,28,15090,14,2025-11-13
15097,1,30,15097,3,2025-11-13
15099,3,30,15099,16,2025-11-13
15107,3,32,15107,7,2025-11-13
15110,2,33,15110,2,2025-11-13
15112,4,33,15112,24,2025-11-13
15132,4,3,15132,18,2025-11-14
15145,1,7,15145,6,2025-11-14
15148,4,7,15148,2,2025-11-14
15150,2,8,15150,3,2025-11-14
15160,4,10,15160,4,2025-11-14
15161,1,11,15161,2,2025-11-14
15162,2,11,15162,30,2025-11-14
15170,2,13,15170,4,2025-11-14
15178,2,15,15178,25,2025-11-14
15184,4,16,15184,19,2025-11-14
15189,1,18,15189,20,2025-11-14
15190,2,18,15190,15,2025-11-14
15193,1,19,15193,6,2025-11-14
15194,2,19,15194,8,2025-11-14
15205,1,22,15205,9,2025-11-14
15211,3,23,15211,1,2025-11-14
15212,4,23,15212,12,2025-11-14
15219,3,25,15219,4,2025-11-14
15221,1,26,15221,21,2025-11-14
15226,2,27,15226,6,2025-11-14
15230,2,28,15230,8,2025-11-14
15237,1,30,15237,19,2025-11-14
15239,3,30,15239,5,2025-11-14
15247,3,32,15247,15,2025-11-14
15249,1,33,15249,10,2025-11-14
15250,2,33,15250,10,2025-11-14
15252,4,33,15252,1,2025-11-14
15259,3,35,15259,2,2025-11-14
15272,4,3,15272,5,2025-11-15
15282,2,6,15282,2,2025-11-15
15288,4,7,15288,1,2025-11-15
15300,4,10,15300,13,2025-11-15
15301,1,11,15301,2,2025-11-15
15302,2,11,15302,23,2025-11-15
15334,2,19,15334,7,2025-11-15
15350,2,23,15350,4,2025-11-15
15352,4,23,15352,6,2025-11-15
15359,3,25,15359,5,2025-11-15
15361,1,26,15361,4,2025-11-15
15366,2,27,15366,11,2025-11-15
15379,3,30,15379,15,2025-11-15
15387,3,32,15387,6,2025-11-15
15389,1,33,15389,7,2025-11-15
15392,4,33,15392,11,2025-11-15
15399,3,35,15399,10,2025-11-15
15412,4,3,15412,13,2025-11-16
15428,4,7,15428,9,2025-11-16
15440,4,10,15440,5,2025-11-16
15441,1,11,15441,11,2025-11-16
15458,2,15,15458,3,2025-11-16
15499,3,25,15499,10,2025-11-16
15501,1,26,15501,5,2025-11-16
15506,2,27,15506,12,2025-11-16
15523,3,31,15523,2,2025-11-16
15527,3,32,15527,8,2025-11-16
15539,3,35,15539,6,2025-11-16
15542,2,1,15542,6,2025-11-17
15543,3,1,15543,3,2025-11-17
15598,2,15,15598,9,2025-11-17
15639,3,25,15639,6,2025-11-17
15641,1,26,15641,18,2025-11-17
15646,2,27,15646,5,2025-11-17
15679,3,35,15679,8,2025-11-17
15683,3,1,15683,13,2025-11-18
15753,1,19,15753,9,2025-11-18
15836,4,4,15836,11,2025-11-19
15852,4,8,15852,9,2025-11-19
15861,1,11,15861,4,2025-11-19
15921,1,26,15921,3,2025-11-19
15937,1,30,15937,2,2025-11-19
15964,4,1,15964,9,2025-11-20
15966,2,2,15966,1,2025-11-20
15976,4,4,15976,17,2025-11-20
15992,4,8,15992,13,2025-11-20
16001,1,11,16001,6,2025-11-20
16002,2,11,16002,31,2025-11-20
16017,1,15,16017,17,2025-11-20
16024,4,16,16024,19,2025-11-20
16033,1,19,16033,9,2025-11-20
16034,2,19,16034,4,2025-11-20
16055,3,24,16055,3,2025-11-20
16061,1,26,16061,11,2025-11-20
16062,2,26,16062,8,2025-11-20
16077,1,30,16077,7,2025-11-20
16079,3,30,16079,9,2025-11-20
16087,3,32,16087,8,2025-11-20
16099,3,35,16099,4,2025-11-20
16104,4,1,16104,4,2025-11-21
16116,4,4,16116,16,2025-11-21
16130,2,8,16130,5,2025-11-21
16139,3,10,16139,2,2025-11-21
16141,1,11,16141,11,2025-11-21
16142,2,11,16142,5,2025-11-21
16157,1,15,16157,15,2025-11-21
16160,4,15,16160,3,2025-11-21
16164,4,16,16164,12,2025-11-21
16173,1,19,16173,4,2025-11-21
16174,2,19,16174,26,2025-11-21
16185,1,22,16185,23,2025-11-21
16195,3,24,16195,6,2025-11-21
16199,3,25,16199,4,2025-11-21
16201,1,26,16201,16,2025-11-21
16202,2,26,16202,10,2025-11-21
16206,2,27,16206,7,2025-11-21
16210,2,28,16210,4,2025-11-21
16217,1,30,16217,9,2025-11-21
16230,2,33,16230,2,2025-11-21
16232,4,33,16232,10,2025-11-21
16246,2,2,16246,5,2025-11-22
16252,4,3,16252,2,2025-11-22
16256,4,4,16256,3,2025-11-22
16261,1,6,16261,5,2025-11-22
16268,4,7,16268,4,2025-11-22
16270,2,8,16270,16,2025-11-22
16279,3,10,16279,6,2025-11-22
16282,2,11,16282,2,2025-11-22
16287,3,12,16287,2,2025-11-22
16300,4,15,16300,9,2025-11-22
16314,2,19,16314,8,2025-11-22
16339,3,25,16339,12,2025-11-22
16341,1,26,16341,6,2025-11-22
16359,3,30,16359,1,2025-11-22
16370,2,33,16370,3,2025-11-22
16372,4,33,16372,15,2025-11-22
16410,2,8,16410,18,2025-11-23
16427,3,12,16427,16,2025-11-23
16440,4,15,16440,9,2025-11-23
16486,2,27,16486,11,2025-11-23
16489,1,28,16489,15,2025-11-23
16499,3,30,16499,3,2025-11-23
16519,3,35,16519,14,2025-11-23
16550,2,8,16550,16,2025-11-24
16559,3,10,16559,2,2025-11-24
16561,1,11,16561,1,2025-11-24
16580,4,15,16580,5,2025-11-24
16584,4,16,16584,11,2025-11-24
16594,2,19,16594,10,2025-11-24
16629,1,28,16629,4,2025-11-24
16676,4,4,16676,19,2025-11-25
16690,2,8,16690,21,2025-11-25
16701,1,11,16701,17,2025-11-25
16724,4,16,16724,2,2025-11-25
16730,2,18,16730,3,2025-11-25
16745,1,22,16745,13,2025-11-25
16761,1,26,16761,2,2025-11-25
16768,4,27,16768,4,2025-11-25
16806,2,2,16806,2,2025-11-26
16816,4,4,16816,5,2025-11-26
16839,3,10,16839,10,2025-11-26
16857,1,15,16857,10,2025-11-26
16864,4,16,16864,7,2025-11-26
16870,2,18,16870,12,2025-11-26
16885,1,22,16885,11,2025-11-26
16901,1,26,16901,5,2025-11-26
16904,4,26,16904,3,2025-11-26
16908,4,27,16908,20,2025-11-26
16921,1,31,16921,2,2025-11-26
16946,2,2,16946,15,2025-11-27
16951,3,3,16951,7,2025-11-27
16956,4,4,16956,2,2025-11-27
16960,4,5,16960,30,2025-11-27
16979,3,10,16979,5,2025-11-27
16990,2,13,16990,6,2025-11-27
16997,1,15,16997,16,2025-11-27
17004,4,16,17004,1,2025-11-27
17011,3,18,17011,2,2025-11-27
17013,1,19,17013,11,2025-11-27
17038,2,25,17038,4,2025-11-27
17041,1,26,17041,12,2025-11-27
17044,4,26,17044,26,2025-11-27
17046,2,27,17046,3,2025-11-27
17048,4,27,17048,12,2025-11-27
17050,2,28,17050,2,2025-11-27
17061,1,31,17061,28,2025-11-27
17075,3,34,17075,1,2025-11-27
17079,3,35,17079,9,2025-11-27
17084,4,1,17084,7,2025-11-28
17086,2,2,17086,4,2025-11-28
17091,3,3,17091,3,2025-11-28
17094,2,4,17094,9,2025-11-28
17096,4,4,17096,3,2025-11-28
17121,1,11,17121,31,2025-11-28
17130,2,13,17130,5,2025-11-28
17140,4,15,17140,11,2025-11-28
17153,1,19,17153,11,2025-11-28
17165,1,22,17165,1,2025-11-28
17178,2,25,17178,11,2025-11-28
17181,1,26,17181,18,2025-11-28
17186,2,27,17186,8,2025-11-28
17190,2,28,17190,4,2025-11-28
17199,3,30,17199,13,2025-11-28
17201,1,31,17201,12,2025-11-28
17215,3,34,17215,6,2025-11-28
17219,3,35,17219,2,2025-11-28
17226,2,2,17226,4,2025-11-29
17234,2,4,17234,29,2025-11-29
17236,4,4,17236,11,2025-11-29
17261,1,11,17261,8,2025-11-29
17290,2,18,17290,5,2025-11-29
17293,1,19,17293,7,2025-11-29
17326,2,27,17326,1,2025-11-29
17341,1,31,17341,16,2025-11-29
17359,3,35,17359,17,2025-11-29
17364,4,1,17364,2,2025-11-30
17366,2,2,17366,4,2025-11-30
17374,2,4,17374,3,2025-11-30
17420,4,15,17420,10,2025-11-30
17430,2,18,17430,23,2025-11-30
17433,1,19,17433,24,2025-11-30
17445,1,22,17445,5,2025-11-30
17465,1,27,17465,15,2025-11-30
17466,2,27,17466,8,2025-11-30
17469,1,28,17469,15,2025-11-30
17481,1,31,17481,18,2025-11-30
17499,3,35,17499,6,2025-11-30
17506,2,2,17506,6,2025-12-01
17560,4,15,17560,6,2025-12-01
17568,4,17,17568,5,2025-12-01
17570,2,18,17570,3,2025-12-01
17606,2,27,17606,1,2025-12-01
17609,1,28,17609,7,2025-12-01
17621,1,31,17621,2,2025-12-01
17639,3,35,17639,17,2025-12-01
17646,2,2,17646,3,2025-12-02
17648,4,2,17648,14,2025-12-02
17650,2,3,17650,3,2025-12-02
17700,4,15,17700,1,2025-12-02
17708,4,17,17708,17,2025-12-02
17738,2,25,17738,5,2025-12-02
17748,4,27,17748,12,2025-12-02
17749,1,28,17749,8,2025-12-02
17751,3,28,17751,11,2025-12-02
17761,1,31,17761,1,2025-12-02
17779,3,35,17779,6,2025-12-02
17790,2,3,17790,17,2025-12-03
17800,4,5,17800,3,2025-12-03
17836,4,14,17836,16,2025-12-03
17837,1,15,17837,7,2025-12-03
17840,4,15,17840,11,2025-12-03
17842,2,16,17842,8,2025-12-03
17850,2,18,17850,14,2025-12-03
17888,4,27,17888,23,2025-12-03
17891,3,28,17891,5,2025-12-03
17907,3,32,17907,13,2025-12-03
17924,4,1,17924,2,2025-12-04
17926,2,2,17926,17,2025-12-04
17934,2,4,17934,1,2025-12-04
17940,4,5,17940,10,2025-12-04
17955,3,9,17955,3,2025-12-04
17977,1,15,17977,17,2025-12-04
17980,4,15,17980,13,2025-12-04
17982,2,16,17982,19,2025-12-04
17988,4,17,17988,16,2025-12-04
17990,2,18,17990,28,2025-12-04
17991,3,18,17991,9,2025-12-04
18012,4,23,18012,3,2025-12-04
18015,3,24,18015,5,2025-12-04
18023,3,26,18023,8,2025-12-04
18028,4,27,18028,21,2025-12-04
18029,1,28,18029,31,2025-12-04
18031,3,28,18031,10,2025-12-04
18047,3,32,18047,1,2025-12-04
18059,3,35,18059,9,2025-12-04
18066,2,2,18066,10,2025-12-05
18074,2,4,18074,2,2025-12-05
18080,4,5,18080,17,2025-12-05
18092,4,8,18092,30,2025-12-05
18095,3,9,18095,5,2025-12-05
18122,2,16,18122,10,2025-12-05
18130,2,18,18130,15,2025-12-05
18131,3,18,18131,8,2025-12-05
18133,1,19,18133,21,2025-12-05
18152,4,23,18152,14,2025-12-05
18155,3,24,18155,4,2025-12-05
18158,2,25,18158,10,2025-12-05
18168,4,27,18168,9,2025-12-05
18169,1,28,18169,22,2025-12-05
18171,3,28,18171,8,2025-12-05
18179,3,30,18179,12,2025-12-05
18187,3,32,18187,5,2025-12-05
18199,3,35,18199,23,2025-12-05
18214,2,4,18214,7,2025-12-06
18260,4,15,18260,5,2025-12-06
18311,3,28,18311,8,2025-12-06
18319,3,30,18319,10,2025-12-06
18327,3,32,18327,4,2025-12-06
18360,4,5,18360,1,2025-12-07
18372,4,8,18372,4,2025-12-07
18375,3,9,18375,7,2025-12-07
18400,4,15,18400,22,2025-12-07
18409,1,18,18409,8,2025-12-07
18435,3,24,18435,17,2025-12-07
18575,3,24,18575,2,2025-12-08
18739,3,30,18739,14,2025-12-09
18741,1,31,18741,5,2025-12-09
18747,3,32,18747,18,2025-12-09
18780,4,5,18780,24,2025-12-10
18887,3,32,18887,15,2025-12-10
18920,4,5,18920,24,2025-12-11
18942,2,11,18942,2,2025-12-11
18958,2,15,18958,1,2025-12-11
18998,2,25,18998,7,2025-12-11
19008,4,27,19008,45,2025-12-11
19027,3,32,19027,14,2025-12-11
19039,3,35,19039,2,2025-12-11
19054,2,4,19054,15,2025-12-12
19098,2,15,19098,3,2025-12-12
19100,4,15,19100,13,2025-12-12
19148,4,27,19148,11,2025-12-12
19161,1,31,19161,13,2025-12-12
19167,3,32,19167,12,2025-12-12
19179,3,35,19179,4,2025-12-12
19194,2,4,19194,9,2025-12-13
19210,2,8,19210,6,2025-12-13
19288,4,27,19288,4,2025-12-13
19334,2,4,19334,16,2025-12-14
19350,2,8,19350,21,2025-12-14
19428,4,27,19428,20,2025-12-14
19502,2,11,19502,9,2025-12-15
19599,3,35,19599,3,2025-12-15
19642,2,11,19642,2,2025-12-16
19708,4,27,19708,1,2025-12-16
19972,4,23,19972,15,2025-12-18
19988,4,27,19988,11,2025-12-18
20007,3,32,20007,12,2025-12-18
20048,4,7,20048,15,2025-12-19
20089,1,18,20089,6,2025-12-19
20112,4,23,20112,30,2025-12-19
20147,3,32,20147,5,2025-12-19
20188,4,7,20188,18,2025-12-20
20211,3,13,20211,9,2025-12-20
20229,1,18,20229,7,2025-12-20
20235,3,19,20235,4,2025-12-20
20351,3,13,20351,19,2025-12-21
20373,1,19,20373,4,2025-12-21
20375,3,19,20375,8,2025-12-21
20391,3,23,20391,16,2025-12-21
20392,4,23,20392,11,2025-12-21
20400,4,25,20400,3,2025-12-21
20427,3,32,20427,1,2025-12-21
20448,4,2,20448,14,2025-12-22
20491,3,13,20491,3,2025-12-22
20513,1,19,20513,9,2025-12-22
20515,3,19,20515,19,2025-12-22
20567,3,32,20567,4,2025-12-22
20707,3,32,20707,12,2025-12-23
20771,3,13,20771,1,2025-12-24
20776,4,14,20776,12,2025-12-24
20790,2,18,20790,3,2025-12-24
20811,3,23,20811,2,2025-12-24
20812,4,23,20812,8,2025-12-24
20820,4,25,20820,27,2025-12-24
20828,4,27,20828,35,2025-12-24
20830,2,28,20830,3,2025-12-24
20888,4,7,20888,23,2025-12-25
20911,3,13,20911,2,2025-12-25
20916,4,14,20916,15,2025-12-25
20929,1,18,20929,7,2025-12-25
20930,2,18,20930,12,2025-12-25
20935,3,19,20935,7,2025-12-25
20951,3,23,20951,16,2025-12-25
20952,4,23,20952,4,2025-12-25
20960,4,25,20960,19,2025-12-25
20963,3,26,20963,17,2025-12-25
20968,4,27,20968,25,2025-12-25
20983,3,31,20983,4,2025-12-25
21011,3,3,21011,10,2025-12-26
21019,3,5,21019,12,2025-12-26
21051,3,13,21051,5,2025-12-26
21056,4,14,21056,7,2025-12-26
21067,3,17,21067,14,2025-12-26
21070,2,18,21070,2,2025-12-26
21071,3,18,21071,11,2025-12-26
21075,3,19,21075,11,2025-12-26
21091,3,23,21091,3,2025-12-26
21092,4,23,21092,43,2025-12-26
21095,3,24,21095,4,2025-12-26
21100,4,25,21100,2,2025-12-26
21103,3,26,21103,9,2025-12-26
21108,4,27,21108,9,2025-12-26
21110,2,28,21110,1,2025-12-26
21134,2,34,21134,17,2025-12-26
21150,2,3,21150,5,2025-12-27
21151,3,3,21151,3,2025-12-27
21168,4,7,21168,13,2025-12-27
21179,3,10,21179,13,2025-12-27
21182,2,11,21182,8,2025-12-27
21198,2,15,21198,15,2025-12-27
21207,3,17,21207,4,2025-12-27
21209,1,18,21209,7,2025-12-27
21210,2,18,21210,1,2025-12-27
21211,3,18,21211,5,2025-12-27
21215,3,19,21215,15,2025-12-27
21232,4,23,21232,13,2025-12-27
21240,4,25,21240,2,2025-12-27
21241,1,26,21241,1,2025-12-27
21243,3,26,21243,6,2025-12-27
21259,3,30,21259,1,2025-12-27
21267,3,32,21267,15,2025-12-27
21299,3,5,21299,9,2025-12-28
21308,4,7,21308,19,2025-12-28
21336,4,14,21336,22,2025-12-28
21337,1,15,21337,6,2025-12-28
21347,3,17,21347,7,2025-12-28
21381,1,26,21381,21,2025-12-28
21387,3,27,21387,9,2025-12-28
21399,3,30,21399,15,2025-12-28
21418,2,35,21418,3,2025-12-28
21423,3,1,21423,25,2025-12-29
21430,2,3,21430,12,2025-12-29
21448,4,7,21448,7,2025-12-29
21477,1,15,21477,20,2025-12-29
21489,1,18,21489,9,2025-12-29
21490,2,18,21490,5,2025-12-29
21496,4,19,21496,8,2025-12-29
21520,4,25,21520,4,2025-12-29
21527,3,27,21527,3,2025-12-29
21539,3,30,21539,1,2025-12-29
21554,2,34,21554,13,2025-12-29
21558,2,35,21558,4,2025-12-29
21563,3,1,21563,6,2025-12-30
21588,4,7,21588,4,2025-12-30
21617,1,15,21617,14,2025-12-30
21618,2,15,21618,1,2025-12-30
21629,1,18,21629,14,2025-12-30
21660,4,25,21660,3,2025-12-30
21667,3,27,21667,5,2025-12-30
21670,2,28,21670,17,2025-12-30
21694,2,34,21694,12,2025-12-30
21698,2,35,21698,24,2025-12-30
21702,2,1,21702,8,2025-12-31
21709,1,3,21709,2,2025-12-31
21756,4,14,21756,13,2025-12-31
21757,1,15,21757,6,2025-12-31
21758,2,15,21758,1,2025-12-31
21764,4,16,21764,17,2025-12-31
21770,2,18,21770,1,2025-12-31
21776,4,19,21776,12,2025-12-31
21795,3,24,21795,4,2025-12-31
21800,4,25,21800,7,2025-12-31
21807,3,27,21807,4,2025-12-31
21834,2,34,21834,18,2025-12-31
21842,2,1,21842,15,2026-01-01
21849,1,3,21849,11,2026-01-01
21868,4,7,21868,2,2026-01-01
21878,2,10,21878,2,2026-01-01
21897,1,15,21897,1,2026-01-01
21898,2,15,21898,3,2026-01-01
21904,4,16,21904,15,2026-01-01
21907,3,17,21907,7,2026-01-01
21909,1,18,21909,24,2026-01-01
21916,4,19,21916,22,2026-01-01
21935,3,24,21935,22,2026-01-01
21947,3,27,21947,16,2026-01-01
21950,2,28,21950,5,2026-01-01
21959,3,30,21959,2,2026-01-01
21970,2,33,21970,2,2026-01-01
21974,2,34,21974,10,2026-01-01
21982,2,1,21982,9,2026-01-02
21989,1,3,21989,15,2026-01-02
22018,2,10,22018,12,2026-01-02
22025,1,12,22025,5,2026-01-02
22036,4,14,22036,6,2026-01-02
22038,2,15,22038,8,2026-01-02
22044,4,16,22044,3,2026-01-02
22047,3,17,22047,4,2026-01-02
22050,2,18,22050,5,2026-01-02
22072,4,23,22072,1,2026-01-02
22075,3,24,22075,12,2026-01-02
22090,2,28,22090,1,2026-01-02
22103,3,31,22103,10,2026-01-02
22107,3,32,22107,1,2026-01-02
22110,2,33,22110,9,2026-01-02
22111,3,33,22111,1,2026-01-02
22114,2,34,22114,9,2026-01-02
22122,2,1,22122,20,2026-01-03
22129,1,3,22129,12,2026-01-03
22158,2,10,22158,2,2026-01-03
22159,3,10,22159,13,2026-01-03
22176,4,14,22176,10,2026-01-03
22180,4,15,22180,3,2026-01-03
22189,1,18,22189,18,2026-01-03
22249,1,33,22249,12,2026-01-03
22250,2,33,22250,6,2026-01-03
22254,2,34,22254,4,2026-01-03
22263,3,1,22263,3,2026-01-04
22269,1,3,22269,10,2026-01-04
22288,4,7,22288,1,2026-01-04
22298,2,10,22298,2,2026-01-04
22299,3,10,22299,12,2026-01-04
22316,4,14,22316,9,2026-01-04
22317,1,15,22317,12,2026-01-04
22327,3,17,22327,7,2026-01-04
22329,1,18,22329,1,2026-01-04
22360,4,25,22360,2,2026-01-04
22365,1,27,22365,7,2026-01-04
22389,1,33,22389,9,2026-01-04
22390,2,33,22390,1,2026-01-04
22403,3,1,22403,7,2026-01-05
22432,4,8,22432,7,2026-01-05
22438,2,10,22438,12,2026-01-05
22439,3,10,22439,13,2026-01-05
22456,4,14,22456,16,2026-01-05
22464,4,16,22464,3,2026-01-05
22492,4,23,22492,2,2026-01-05
22500,4,25,22500,13,2026-01-05
22501,1,26,22501,4,2026-01-05
22505,1,27,22505,7,2026-01-05
22517,1,30,22517,14,2026-01-05
22529,1,33,22529,10,2026-01-05
22530,2,33,22530,4,2026-01-05
22543,3,1,22543,15,2026-01-06
22568,4,7,22568,2,2026-01-06
22572,4,8,22572,12,2026-01-06
22578,2,10,22578,16,2026-01-06
22591,3,13,22591,4,2026-01-06
22596,4,14,22596,18,2026-01-06
22635,3,24,22635,1,2026-01-06
22657,1,30,22657,17,2026-01-06
22718,2,10,22718,6,2026-01-07
22719,3,10,22719,10,2026-01-07
22720,4,10,22720,3,2026-01-07
22772,4,23,22772,4,2026-01-07
22781,1,26,22781,5,2026-01-07
22815,3,34,22815,5,2026-01-07
22818,2,35,22818,2,2026-01-07
22848,4,7,22848,11,2026-01-08
22858,2,10,22858,30,2026-01-08
22859,3,10,22859,33,2026-01-08
22860,4,10,22860,4,2026-01-08
22863,3,11,22863,4,2026-01-08
22871,3,13,22871,7,2026-01-08
22876,4,14,22876,12,2026-01-08
22877,1,15,22877,8,2026-01-08
22912,4,23,22912,18,2026-01-08
22932,4,28,22932,1,2026-01-08
22937,1,30,22937,10,2026-01-08
22938,2,30,22938,10,2026-01-08
22955,3,34,22955,11,2026-01-08
22958,2,35,22958,6,2026-01-08
22988,4,7,22988,16,2026-01-09
22992,4,8,22992,1,2026-01-09
22998,2,10,22998,14,2026-01-09
22999,3,10,22999,12,2026-01-09
23000,4,10,23000,8,2026-01-09
23003,3,11,23003,11,2026-01-09
23004,4,11,23004,5,2026-01-09
23016,4,14,23016,1,2026-01-09
23017,1,15,23017,15,2026-01-09
23033,1,19,23033,1,2026-01-09
23052,4,23,23052,12,2026-01-09
23055,3,24,23055,15,2026-01-09
23078,2,30,23078,11,2026-01-09
23095,3,34,23095,6,2026-01-09
23128,4,7,23128,9,2026-01-10
23132,4,8,23132,13,2026-01-10
23133,1,9,23133,5,2026-01-10
23138,2,10,23138,6,2026-01-10
23139,3,10,23139,7,2026-01-10
23143,3,11,23143,1,2026-01-10
23173,1,19,23173,4,2026-01-10
23192,4,23,23192,7,2026-01-10
23195,3,24,23195,11,2026-01-10
23202,2,26,23202,3,2026-01-10
23218,2,30,23218,3,2026-01-10
23223,3,31,23223,4,2026-01-10
23235,3,34,23235,15,2026-01-10
23242,2,1,23242,5,2026-01-11
23268,4,7,23268,15,2026-01-11
23273,1,9,23273,10,2026-01-11
23278,2,10,23278,5,2026-01-11
23291,3,13,23291,4,2026-01-11
23313,1,19,23313,4,2026-01-11
23335,3,24,23335,3,2026-01-11
23341,1,26,23341,1,2026-01-11
23363,3,31,23363,13,2026-01-11
23370,2,33,23370,5,2026-01-11
23375,3,34,23375,8,2026-01-11
23382,2,1,23382,8,2026-01-12
23383,3,1,23383,1,2026-01-12
23412,4,8,23412,15,2026-01-12
23418,2,10,23418,3,2026-01-12
23419,3,10,23419,12,2026-01-12
23449,1,18,23449,18,2026-01-12
23453,1,19,23453,3,2026-01-12
23523,3,1,23523,7,2026-01-13
23552,4,8,23552,4,2026-01-13
23559,3,10,23559,19,2026-01-13
23589,1,18,23589,19,2026-01-13
23615,3,24,23615,6,2026-01-13
23622,2,26,23622,25,2026-01-13
23626,2,27,23626,8,2026-01-13
23630,2,28,23630,1,2026-01-13
23692,4,8,23692,22,2026-01-14
23725,1,17,23725,11,2026-01-14
23729,1,18,23729,15,2026-01-14
23743,3,21,23743,10,2026-01-14
23760,4,25,23760,28,2026-01-14
23766,2,27,23766,6,2026-01-14
23795,3,34,23795,3,2026-01-14
23803,3,1,23803,23,2026-01-15
23839,3,10,23839,4,2026-01-15
23851,3,13,23851,6,2026-01-15
23864,4,16,23864,2,2026-01-15
23865,1,17,23865,3,2026-01-15
23868,4,17,23868,7,2026-01-15
23869,1,18,23869,23,2026-01-15
23883,3,21,23883,12,2026-01-15
23900,4,25,23900,26,2026-01-15
23901,1,26,23901,2,2026-01-15
23906,2,27,23906,4,2026-01-15
23918,2,30,23918,20,2026-01-15
23935,3,34,23935,11,2026-01-15
23968,4,7,23968,1,2026-01-16
23973,1,9,23973,9,2026-01-16
23984,4,11,23984,3,2026-01-16
23991,3,13,23991,6,2026-01-16
23996,4,14,23996,2,2026-01-16
24004,4,16,24004,8,2026-01-16
24008,4,17,24008,10,2026-01-16
24009,1,18,24009,4,2026-01-16
24035,3,24,24035,8,2026-01-16
24059,3,30,24059,14,2026-01-16
24075,3,34,24075,12,2026-01-16
24083,3,1,24083,6,2026-01-17
24096,4,4,24096,4,2026-01-17
24131,3,13,24131,2,2026-01-17
24172,4,23,24172,6,2026-01-17
24175,3,24,24175,5,2026-01-17
24186,2,27,24186,5,2026-01-17
24188,4,27,24188,1,2026-01-17
24192,4,28,24192,12,2026-01-17
24198,2,30,24198,9,2026-01-17
24199,3,30,24199,7,2026-01-17
24223,3,1,24223,4,2026-01-18
24253,1,9,24253,3,2026-01-18
24285,1,17,24285,17,2026-01-18
24312,4,23,24312,2,2026-01-18
24315,3,24,24315,3,2026-01-18
24320,4,25,24320,3,2026-01-18
24327,3,27,24327,6,2026-01-18
24328,4,27,24328,8,2026-01-18
24332,4,28,24332,1,2026-01-18
24339,3,30,24339,6,2026-01-18
24393,1,9,24393,4,2026-01-19
24425,1,17,24425,4,2026-01-19
24466,2,27,24466,6,2026-01-19
24467,3,27,24467,5,2026-01-19
24479,3,30,24479,3,2026-01-19
24494,2,34,24494,6,2026-01-19
24553,1,14,24553,3,2026-01-20
24562,2,16,24562,6,2026-01-20
24601,1,26,24601,24,2026-01-20
24606,2,27,24606,8,2026-01-20
24634,2,34,24634,3,2026-01-20
24648,4,2,24648,9,2026-01-21
24702,2,16,24702,19,2026-01-21
24704,4,16,24704,16,2026-01-21
24723,3,21,24723,6,2026-01-21
24747,3,27,24747,4,2026-01-21
24759,3,30,24759,8,2026-01-21
24774,2,34,24774,3,2026-01-21
24815,3,9,24815,7,2026-01-22
24825,1,12,24825,4,2026-01-22
24842,2,16,24842,3,2026-01-22
24844,4,16,24844,26,2026-01-22
24845,1,17,24845,24,2026-01-22
24851,3,18,24851,14,2026-01-22
24855,3,19,24855,1,2026-01-22
24863,3,21,24863,7,2026-01-22
24882,2,26,24882,10,2026-01-22
24886,2,27,24886,4,2026-01-22
24887,3,27,24887,8,2026-01-22
24888,4,27,24888,24,2026-01-22
24892,4,28,24892,11,2026-01-22
24899,3,30,24899,9,2026-01-22
24914,2,34,24914,14,2026-01-22
24928,4,2,24928,1,2026-01-23
24931,3,3,24931,2,2026-01-23
24937,1,5,24937,14,2026-01-23
24946,2,7,24946,9,2026-01-23
24952,4,8,24952,9,2026-01-23
24955,3,9,24955,5,2026-01-23
24965,1,12,24965,2,2026-01-23
24982,2,16,24982,2,2026-01-23
24985,1,17,24985,16,2026-01-23
24991,3,18,24991,9,2026-01-23
25003,3,21,25003,6,2026-01-23
25012,4,23,25012,5,2026-01-23
25022,2,26,25022,12,2026-01-23
25027,3,27,25027,3,2026-01-23
25028,4,27,25028,17,2026-01-23
25032,4,28,25032,23,2026-01-23
25039,3,30,25039,26,2026-01-23
25041,1,31,25041,16,2026-01-23
25047,3,32,25047,8,2026-01-23
25071,3,3,25071,11,2026-01-24
25105,1,12,25105,11,2026-01-24
25124,4,16,25124,5,2026-01-24
25125,1,17,25125,18,2026-01-24
25131,3,18,25131,2,2026-01-24
25135,3,19,25135,6,2026-01-24
25171,3,28,25171,7,2026-01-24
25211,3,3,25211,9,2026-01-25
25226,2,7,25226,6,2026-01-25
25245,1,12,25245,11,2026-01-25
25264,4,16,25264,2,2026-01-25
25271,3,18,25271,9,2026-01-25
25275,3,19,25275,1,2026-01-25
25306,2,27,25306,13,2026-01-25
25319,3,30,25319,9,2026-01-25
25321,1,31,25321,16,2026-01-25
25351,3,3,25351,2,2026-01-26
25366,2,7,25366,11,2026-01-26
25385,1,12,25385,25,2026-01-26
25411,3,18,25411,9,2026-01-26
25442,2,26,25442,2,2026-01-26
25448,4,27,25448,2,2026-01-26
25461,1,31,25461,3,2026-01-26
25488,4,2,25488,7,2026-01-27
25542,2,16,25542,2,2026-01-27
25582,2,26,25582,6,2026-01-27
25586,2,27,25586,9,2026-01-27
25588,4,27,25588,9,2026-01-27
25590,2,28,25590,13,2026-01-27
25631,3,3,25631,6,2026-01-28
25640,4,5,25640,24,2026-01-28
25642,2,6,25642,18,2026-01-28
25728,4,27,25728,16,2026-01-28
25743,3,31,25743,7,2026-01-28
25768,4,2,25768,13,2026-01-29
25782,2,6,25782,10,2026-01-29
25795,3,9,25795,2,2026-01-29
25798,2,10,25798,11,2026-01-29
25805,1,12,25805,20,2026-01-29
25813,1,14,25813,14,2026-01-29
25822,2,16,25822,6,2026-01-29
25825,1,17,25825,23,2026-01-29
25860,4,25,25860,26,2026-01-29
25862,2,26,25862,1,2026-01-29
25866,2,27,25866,13,2026-01-29
25868,4,27,25868,18,2026-01-29
25874,2,29,25874,2,2026-01-29
25883,3,31,25883,30,2026-01-29
25902,2,1,25902,9,2026-01-30
25908,4,2,25908,5,2026-01-30
25911,3,3,25911,10,2026-01-30
25916,4,4,25916,12,2026-01-30
25922,2,6,25922,10,2026-01-30
25935,3,9,25935,9,2026-01-30
25953,1,14,25953,25,2026-01-30
25962,2,16,25962,5,2026-01-30
25965,1,17,25965,24,2026-01-30
25992,4,23,25992,14,2026-01-30
26002,2,26,26002,20,2026-01-30
26006,2,27,26006,1,2026-01-30
26008,4,27,26008,12,2026-01-30
26014,2,29,26014,6,2026-01-30
26075,3,9,26075,12,2026-01-31
26085,1,12,26085,13,2026-01-31
26132,4,23,26132,13,2026-01-31
26154,2,29,26154,20,2026-01-31
27520,4,20,27520,1,2026-02-10
27542,2,26,27542,6,2026-02-10
27625,1,12,27625,6,2026-02-11
27635,3,14,27635,9,2026-02-11
27674,2,24,27674,10,2026-02-11
27681,1,26,27681,12,2026-02-11
27699,3,30,27699,18,2026-02-11
27746,2,7,27746,11,2026-02-12
27748,4,7,27748,3,2026-02-12
27751,3,8,27751,1,2026-02-12
27755,3,9,27755,4,2026-02-12
27759,3,10,27759,4,2026-02-12
27765,1,12,27765,24,2026-02-12
27771,3,13,27771,15,2026-02-12
27775,3,14,27775,18,2026-02-12
27800,4,20,27800,29,2026-02-12
27806,2,22,27806,5,2026-02-12
27814,2,24,27814,35,2026-02-12
27821,1,26,27821,24,2026-02-12
27822,2,26,27822,15,2026-02-12
27839,3,30,27839,13,2026-02-12
27841,1,31,27841,6,2026-02-12
27847,3,32,27847,2,2026-02-12
27872,4,3,27872,14,2026-02-13
27886,2,7,27886,3,2026-02-13
27888,4,7,27888,26,2026-02-13
27891,3,8,27891,29,2026-02-13
27895,3,9,27895,15,2026-02-13
27899,3,10,27899,21,2026-02-13
27904,4,11,27904,26,2026-02-13
27905,1,12,27905,3,2026-02-13
27911,3,13,27911,28,2026-02-13
27915,3,14,27915,27,2026-02-13
27917,1,15,27917,21,2026-02-13
27922,2,16,27922,6,2026-02-13
27940,4,20,27940,23,2026-02-13
27946,2,22,27946,45,2026-02-13
27954,2,24,27954,1,2026-02-13
27961,1,26,27961,5,2026-02-13
27962,2,26,27962,28,2026-02-13
27981,1,31,27981,29,2026-02-13
27987,3,32,27987,17,2026-02-13
27995,3,34,27995,28,2026-02-13
27997,1,35,27997,6,2026-02-13
28012,4,3,28012,21,2026-02-14
28023,3,6,28023,6,2026-02-14
28026,2,7,28026,11,2026-02-14
28031,3,8,28031,3,2026-02-14
28039,3,10,28039,3,2026-02-14
28044,4,11,28044,31,2026-02-14
28045,1,12,28045,36,2026-02-14
28049,1,13,28049,6,2026-02-14
28053,1,14,28053,9,2026-02-14
28055,3,14,28055,6,2026-02-14
28057,1,15,28057,39,2026-02-14
28062,2,16,28062,2,2026-02-14
28080,4,20,28080,6,2026-02-14
28086,2,22,28086,8,2026-02-14
28100,4,25,28100,9,2026-02-14
28101,1,26,28101,35,2026-02-14
28102,2,26,28102,20,2026-02-14
28117,1,30,28117,1,2026-02-14
28119,3,30,28119,16,2026-02-14
28121,1,31,28121,9,2026-02-14
28142,2,1,28142,5,2026-02-15
28152,4,3,28152,9,2026-02-15
28154,2,4,28154,21,2026-02-15
28168,4,7,28168,4,2026-02-15
28175,3,9,28175,17,2026-02-15
28179,3,10,28179,3,2026-02-15
28184,4,11,28184,11,2026-02-15
28191,3,13,28191,1,2026-02-15
28195,3,14,28195,8,2026-02-15
28197,1,15,28197,7,2026-02-15
28226,2,22,28226,6,2026-02-15
28234,2,24,28234,3,2026-02-15
28241,1,26,28241,4,2026-02-15
28253,1,29,28253,4,2026-02-15
28257,1,30,28257,11,2026-02-15
28259,3,30,28259,6,2026-02-15
28261,1,31,28261,27,2026-02-15
28267,3,32,28267,5,2026-02-15
28277,1,35,28277,38,2026-02-15
28292,4,3,28292,8,2026-02-16
28306,2,7,28306,14,2026-02-16
28308,4,7,28308,4,2026-02-16
28324,4,11,28324,4,2026-02-16
28331,3,13,28331,2,2026-02-16
28333,1,14,28333,20,2026-02-16
28335,3,14,28335,10,2026-02-16
28337,1,15,28337,17,2026-02-16
28366,2,22,28366,13,2026-02-16
28388,4,27,28388,11,2026-02-16
28393,1,29,28393,17,2026-02-16
28397,1,30,28397,15,2026-02-16
28399,3,30,28399,8,2026-02-16
28401,1,31,28401,11,2026-02-16
28407,3,32,28407,4,2026-02-16
28432,4,3,28432,13,2026-02-17
28435,3,4,28435,6,2026-02-17
28451,3,8,28451,8,2026-02-17
28464,4,11,28464,1,2026-02-17
28477,1,15,28477,5,2026-02-17
28488,4,17,28488,4,2026-02-17
28521,1,26,28521,14,2026-02-17
28537,1,30,28537,21,2026-02-17
28539,3,30,28539,22,2026-02-17
28541,1,31,28541,1,2026-02-17
28547,3,32,28547,10,2026-02-17
28562,2,1,28562,1,2026-02-18
28572,4,3,28572,10,2026-02-18
28574,2,4,28574,7,2026-02-18
28575,3,4,28575,12,2026-02-18
28582,2,6,28582,14,2026-02-18
28588,4,7,28588,18,2026-02-18
28591,3,8,28591,3,2026-02-18
28605,1,12,28605,26,2026-02-18
28614,2,14,28614,14,2026-02-18
28660,4,25,28660,2,2026-02-18
28661,1,26,28661,18,2026-02-18
28677,1,30,28677,9,2026-02-18
28679,3,30,28679,5,2026-02-18
28681,1,31,28681,18,2026-02-18
28702,2,1,28702,5,2026-02-19
28712,4,3,28712,25,2026-02-19
28714,2,4,28714,13,2026-02-19
28715,3,4,28715,28,2026-02-19
28722,2,6,28722,5,2026-02-19
28726,2,7,28726,6,2026-02-19
28731,3,8,28731,10,2026-02-19
28739,3,10,28739,3,2026-02-19
28745,1,12,28745,28,2026-02-19
28749,1,13,28749,4,2026-02-19
28754,2,14,28754,13,2026-02-19
28757,1,15,28757,34,2026-02-19
28788,4,22,28788,2,2026-02-19
28819,3,30,28819,8,2026-02-19
28828,4,32,28828,5,2026-02-19
28837,1,35,28837,12,2026-02-19
28842,2,1,28842,6,2026-02-20
28854,2,4,28854,8,2026-02-20
28855,3,4,28855,6,2026-02-20
28856,4,4,28856,2,2026-02-20
28866,2,7,28866,3,2026-02-20
28868,4,7,28868,2,2026-02-20
28875,3,9,28875,4,2026-02-20
28885,1,12,28885,20,2026-02-20
28897,1,15,28897,17,2026-02-20
28941,1,26,28941,1,2026-02-20
28948,4,27,28948,8,2026-02-20
28961,1,31,28961,5,2026-02-20
28971,3,33,28971,3,2026-02-20
28975,3,34,28975,10,2026-02-20
28977,1,35,28977,13,2026-02-20
28992,4,3,28992,8,2026-02-21
28994,2,4,28994,4,2026-02-21
29003,3,6,29003,3,2026-02-21
29008,4,7,29008,7,2026-02-21
29025,1,12,29025,1,2026-02-21
29029,1,13,29029,2,2026-02-21
29037,1,15,29037,7,2026-02-21
29088,4,27,29088,5,2026-02-21
29101,1,31,29101,12,2026-02-21
29143,3,6,29143,4,2026-02-22
29148,4,7,29148,14,2026-02-22
29151,3,8,29151,1,2026-02-22
29155,3,9,29155,4,2026-02-22
29165,1,12,29165,9,2026-02-22
29169,1,13,29169,5,2026-02-22
29221,1,26,29221,4,2026-02-22
29272,4,3,29272,5,2026-02-23
29274,2,4,29274,4,2026-02-23
29275,3,4,29275,4,2026-02-23
29291,3,8,29291,16,2026-02-23
29293,1,9,29293,8,2026-02-23
29305,1,12,29305,13,2026-02-23
29309,1,13,29309,3,2026-02-23
29348,4,22,29348,16,2026-02-23
29414,2,4,29414,14,2026-02-24
29415,3,4,29415,11,2026-02-24
29433,1,9,29433,8,2026-02-24
29445,1,12,29445,10,2026-02-24
29447,3,12,29447,6,2026-02-24
29457,1,15,29457,15,2026-02-24
29552,4,3,29552,20,2026-02-25
29580,4,10,29580,10,2026-02-25
29585,1,12,29585,45,2026-02-25
29597,1,15,29597,13,2026-02-25
29604,4,16,29604,8,2026-02-25
29691,3,3,29691,7,2026-02-26
29705,1,7,29705,4,2026-02-26
29720,4,10,29720,12,2026-02-26
29725,1,12,29725,19,2026-02-26
29735,3,14,29735,10,2026-02-26
29737,1,15,29737,15,2026-02-26
29748,4,17,29748,34,2026-02-26
29799,3,30,29799,21,2026-02-26
29817,1,35,29817,27,2026-02-26
29831,3,3,29831,9,2026-02-27
29843,3,6,29843,14,2026-02-27
29845,1,7,29845,24,2026-02-27
29846,2,7,29846,12,2026-02-27
29848,4,7,29848,8,2026-02-27
29860,4,10,29860,5,2026-02-27
29862,2,11,29862,14,2026-02-27
29873,1,14,29873,3,2026-02-27
29877,1,15,29877,18,2026-02-27
29884,4,16,29884,7,2026-02-27
29888,4,17,29888,9,2026-02-27
29908,4,22,29908,1,2026-02-27
29939,3,30,29939,11,2026-02-27
29957,1,35,29957,16,2026-02-27
29960,4,35,29960,6,2026-02-27
29963,3,1,29963,17,2026-02-28
29983,3,6,29983,8,2026-02-28
29985,1,7,29985,34,2026-02-28
30000,4,10,30000,6,2026-02-28
30007,3,12,30007,6,2026-02-28
30017,1,15,30017,13,2026-02-28
30028,4,17,30028,20,2026-02-28
30048,4,22,30048,2,2026-02-28
30071,3,28,30071,8,2026-02-28
30079,3,30,30079,1,2026-02-28
30103,3,1,30103,12,2026-03-01
30118,2,5,30118,2,2026-03-01
30120,4,5,30120,10,2026-03-01
30126,2,7,30126,1,2026-03-01
30133,1,9,30133,1,2026-03-01
30147,3,12,30147,1,2026-03-01
30157,1,15,30157,7,2026-03-01
30211,3,28,30211,13,2026-03-01
30258,2,5,30258,10,2026-03-02
30302,2,16,30302,1,2026-03-02
30382,2,1,30382,3,2026-03-03
30394,2,4,30394,9,2026-03-03
30400,4,5,30400,6,2026-03-03
30415,3,9,30415,6,2026-03-03
30420,4,10,30420,1,2026-03-03
30442,2,16,30442,31,2026-03-03
30452,4,18,30452,6,2026-03-03
30520,4,35,30520,1,2026-03-03
30532,4,3,30532,1,2026-03-04
30534,2,4,30534,20,2026-03-04
30538,2,5,30538,25,2026-03-04
30555,3,9,30555,7,2026-03-04
30582,2,16,30582,1,2026-03-04
30627,3,27,30627,7,2026-03-04
30648,4,32,30648,9,2026-03-04
30672,4,3,30672,15,2026-03-05
30674,2,4,30674,10,2026-03-05
30678,2,5,30678,35,2026-03-05
30683,3,6,30683,7,2026-03-05
30687,3,7,30687,24,2026-03-05
30693,1,9,30693,11,2026-03-05
30695,3,9,30695,8,2026-03-05
30699,3,10,30699,1,2026-03-05
30702,2,11,30702,4,2026-03-05
30722,2,16,30722,6,2026-03-05
30724,4,16,30724,17,2026-03-05
30738,2,20,30738,11,2026-03-05
30766,2,27,30766,5,2026-03-05
30767,3,27,30767,2,2026-03-05
30771,3,28,30771,13,2026-03-05
30779,3,30,30779,4,2026-03-05
30795,3,34,30795,5,2026-03-05
30811,3,3,30811,6,2026-03-06
30818,2,5,30818,8,2026-03-06
30823,3,6,30823,8,2026-03-06
30827,3,7,30827,8,2026-03-06
30833,1,9,30833,2,2026-03-06
30835,3,9,30835,13,2026-03-06
30839,3,10,30839,15,2026-03-06
30840,4,10,30840,4,2026-03-06
30842,2,11,30842,5,2026-03-06
30847,3,12,30847,1,2026-03-06
30849,1,13,30849,2,2026-03-06
30864,4,16,30864,10,2026-03-06
30878,2,20,30878,8,2026-03-06
30906,2,27,30906,8,2026-03-06
30907,3,27,30907,2,2026-03-06
30911,3,28,30911,2,2026-03-06
30919,3,30,30919,1,2026-03-06
30921,1,31,30921,3,2026-03-06
30935,3,34,30935,14,2026-03-06
30937,1,35,30937,10,2026-03-06
30940,4,35,30940,2,2026-03-06
30956,4,4,30956,4,2026-03-07
30982,2,11,30982,1,2026-03-07
30987,3,12,30987,20,2026-03-07
30989,1,13,30989,5,2026-03-07
30998,2,15,30998,4,2026-03-07
31002,2,16,31002,8,2026-03-07
31004,4,16,31004,7,2026-03-07
31018,2,20,31018,2,2026-03-07
31046,2,27,31046,15,2026-03-07
31047,3,27,31047,8,2026-03-07
31051,3,28,31051,3,2026-03-07
31059,3,30,31059,12,2026-03-07
31061,1,31,31061,2,2026-03-07
31098,2,5,31098,12,2026-03-08
31113,1,9,31113,9,2026-03-08
31114,2,9,31114,3,2026-03-08
31122,2,11,31122,3,2026-03-08
31152,4,18,31152,4,2026-03-08
31160,4,20,31160,1,2026-03-08
31168,4,22,31168,2,2026-03-08
31187,3,27,31187,11,2026-03-08
31194,2,29,31194,17,2026-03-08
31199,3,30,31199,4,2026-03-08
31220,4,35,31220,12,2026-03-08
31222,2,1,31222,17,2026-03-09
31236,4,4,31236,3,2026-03-09
31253,1,9,31253,4,2026-03-09
31282,2,16,31282,3,2026-03-09
31300,4,20,31300,8,2026-03-09
31308,4,22,31308,13,2026-03-09
31349,1,33,31349,22,2026-03-09
31357,1,35,31357,1,2026-03-09
31376,4,4,31376,3,2026-03-10
31378,2,5,31378,3,2026-03-10
31440,4,20,31440,10,2026-03-10
31448,4,22,31448,5,2026-03-10
31479,3,30,31479,9,2026-03-10
31489,1,33,31489,1,2026-03-10
31516,4,4,31516,23,2026-03-11
31532,4,8,31532,2,2026-03-11
31540,4,10,31540,12,2026-03-11
31580,4,20,31580,14,2026-03-11
31619,3,30,31619,11,2026-03-11
31629,1,33,31629,6,2026-03-11
31642,2,1,31642,1,2026-03-12
31647,3,2,31647,7,2026-03-12
31658,2,5,31658,14,2026-03-12
31680,4,10,31680,9,2026-03-12
31687,3,12,31687,8,2026-03-12
31689,1,13,31689,9,2026-03-12
31720,4,20,31720,7,2026-03-12
31728,4,22,31728,7,2026-03-12
31747,3,27,31747,23,2026-03-12
31750,2,28,31750,12,2026-03-12
31759,3,30,31759,17,2026-03-12
31820,4,10,31820,11,2026-03-13
31860,4,20,31860,36,2026-03-13
31887,3,27,31887,3,2026-03-13
31890,2,28,31890,6,2026-03-13
31899,3,30,31899,8,2026-03-13
31908,4,32,31908,3,2026-03-13
31917,1,35,31917,3,2026-03-13
32057,1,35,32057,8,2026-03-14
32080,4,5,32080,8,2026-03-15
32100,4,10,32100,16,2026-03-15
32220,4,5,32220,12,2026-03-16
32240,4,10,32240,3,2026-03-16
32641,1,6,32641,19,2026-03-19
32781,1,6,32781,18,2026-03-20
32907,3,2,32907,7,2026-03-21
33047,3,2,33047,6,2026-03-22
33061,1,6,33061,13,2026-03-22
33481,1,6,33481,25,2026-03-25
33616,4,4,33616,12,2026-03-26
33620,4,5,33620,1,2026-03-26
33621,1,6,33621,8,2026-03-26
33623,3,6,33623,1,2026-03-26
33627,3,7,33627,13,2026-03-26
33747,3,2,33747,6,2026-03-27
33756,4,4,33756,10,2026-03-27
33760,4,5,33760,23,2026-03-27
33761,1,6,33761,4,2026-03-27
33762,2,6,33762,6,2026-03-27
33763,3,6,33763,12,2026-03-27
33767,3,7,33767,6,2026-03-27
33779,3,10,33779,10,2026-03-27
33784,4,11,33784,12,2026-03-27
33841,1,26,33841,6,2026-03-27
33847,3,27,33847,21,2026-03-27
33883,3,1,33883,5,2026-03-28
33887,3,2,33887,1,2026-03-28
33900,4,5,33900,24,2026-03-28
33902,2,6,33902,4,2026-03-28
33903,3,6,33903,1,2026-03-28
33907,3,7,33907,4,2026-03-28
33919,3,10,33919,16,2026-03-28
33981,1,26,33981,8,2026-03-28
33987,3,27,33987,2,2026-03-28
33991,3,28,33991,1,2026-03-28
34023,3,1,34023,9,2026-03-29
34027,3,2,34027,2,2026-03-29
34036,4,4,34036,8,2026-03-29
34042,2,6,34042,17,2026-03-29
34043,3,6,34043,5,2026-03-29
34047,3,7,34047,8,2026-03-29
34059,3,10,34059,20,2026-03-29
34064,4,11,34064,21,2026-03-29
34067,3,12,34067,32,2026-03-29
34127,3,27,34127,8,2026-03-29
34167,3,2,34167,16,2026-03-30
34176,4,4,34176,6,2026-03-30
34180,4,5,34180,12,2026-03-30
34182,2,6,34182,7,2026-03-30
34183,3,6,34183,1,2026-03-30
34199,3,10,34199,17,2026-03-30
34204,4,11,34204,12,2026-03-30
34207,3,12,34207,8,2026-03-30
34261,1,26,34261,10,2026-03-30
34303,3,1,34303,12,2026-03-31
34316,4,4,34316,10,2026-03-31
34320,4,5,34320,3,2026-03-31
34323,3,6,34323,4,2026-03-31
34327,3,7,34327,13,2026-03-31
34328,4,7,34328,16,2026-03-31
34342,2,11,34342,11,2026-03-31
34412,4,28,34412,47,2026-03-31
34429,1,33,34429,11,2026-03-31
34442,2,1,34442,12,2026-04-01
34443,3,1,34443,9,2026-04-01
34447,3,2,34447,8,2026-04-01
34460,4,5,34460,36,2026-04-01
34463,3,6,34463,18,2026-04-01
34467,3,7,34467,16,2026-04-01
34468,4,7,34468,14,2026-04-01
34484,4,11,34484,38,2026-04-01
34487,3,12,34487,4,2026-04-01
34502,2,16,34502,3,2026-04-01
34504,4,16,34504,9,2026-04-01
34541,1,26,34541,7,2026-04-01
34551,3,28,34551,6,2026-04-01
34553,1,29,34553,39,2026-04-01
34554,2,29,34554,15,2026-04-01
34569,1,33,34569,22,2026-04-01
34582,2,1,34582,15,2026-04-02
34583,3,1,34583,35,2026-04-02
34587,3,2,34587,16,2026-04-02
34600,4,5,34600,15,2026-04-02
34601,1,6,34601,2,2026-04-02
34603,3,6,34603,7,2026-04-02
34607,3,7,34607,42,2026-04-02
34608,4,7,34608,8,2026-04-02
34611,3,8,34611,3,2026-04-02
34614,2,9,34614,9,2026-04-02
34619,3,10,34619,14,2026-04-02
34620,4,10,34620,28,2026-04-02
34624,4,11,34624,13,2026-04-02
34642,2,16,34642,3,2026-04-02
34644,4,16,34644,16,2026-04-02
34647,3,17,34647,5,2026-04-02
34681,1,26,34681,52,2026-04-02
34691,3,28,34691,21,2026-04-02
34692,4,28,34692,25,2026-04-02
34693,1,29,34693,7,2026-04-02
34694,2,29,34694,16,2026-04-02
34698,2,30,34698,2,2026-04-02
34709,1,33,34709,12,2026-04-02
34717,1,35,34717,3,2026-04-02
34722,2,1,34722,10,2026-04-03
34723,3,1,34723,5,2026-04-03
34727,3,2,34727,10,2026-04-03
34743,3,6,34743,3,2026-04-03
34747,3,7,34747,17,2026-04-03
34748,4,7,34748,7,2026-04-03
34751,3,8,34751,5,2026-04-03
34753,1,9,34753,5,2026-04-03
34754,2,9,34754,10,2026-04-03
34759,3,10,34759,1,2026-04-03
34765,1,12,34765,1,2026-04-03
34782,2,16,34782,16,2026-04-03
34787,3,17,34787,10,2026-04-03
34821,1,26,34821,25,2026-04-03
34831,3,28,34831,1,2026-04-03
34832,4,28,34832,9,2026-04-03
34833,1,29,34833,34,2026-04-03
34834,2,29,34834,7,2026-04-03
34838,2,30,34838,1,2026-04-03
34849,1,33,34849,10,2026-04-03
34867,3,2,34867,2,2026-04-04
34881,1,6,34881,1,2026-04-04
34887,3,7,34887,5,2026-04-04
34888,4,7,34888,12,2026-04-04
34899,3,10,34899,11,2026-04-04
34904,4,11,34904,8,2026-04-04
34915,3,14,34915,3,2026-04-04
34927,3,17,34927,9,2026-04-04
34971,3,28,34971,12,2026-04-04
34974,2,29,34974,12,2026-04-04
34978,2,30,34978,18,2026-04-04
35007,3,2,35007,2,2026-04-05
35023,3,6,35023,12,2026-04-05
35028,4,7,35028,14,2026-04-05
35033,1,9,35033,18,2026-04-05
35044,4,11,35044,21,2026-04-05
35047,3,12,35047,11,2026-04-05
35055,3,14,35055,6,2026-04-05
35112,4,28,35112,7,2026-04-05
35114,2,29,35114,6,2026-04-05
35118,2,30,35118,9,2026-04-05
35121,1,31,35121,1,2026-04-05
35129,1,33,35129,12,2026-04-05
35137,1,35,35137,5,2026-04-05
35161,1,6,35161,1,2026-04-06
35168,4,7,35168,13,2026-04-06
35187,3,12,35187,12,2026-04-06
35251,3,28,35251,7,2026-04-06
35269,1,33,35269,10,2026-04-06
35300,4,5,35300,1,2026-04-07
35311,3,8,35311,1,2026-04-07
35453,1,9,35453,17,2026-04-08
35538,2,30,35538,26,2026-04-08
35557,1,35,35557,11,2026-04-08
35591,3,8,35591,5,2026-04-09
35605,1,12,35605,5,2026-04-09
35678,2,30,35678,3,2026-04-09
35691,3,33,35691,5,2026-04-09
35731,3,8,35731,6,2026-04-10
35795,3,24,35795,6,2026-04-10
35829,1,33,35829,7,2026-04-10
35837,1,35,35837,17,2026-04-10
35971,3,33,35971,4,2026-04-11
35977,1,35,35977,13,2026-04-11
36013,1,9,36013,6,2026-04-12
36153,1,9,36153,3,2026-04-13
36251,3,33,36251,5,2026-04-13
36370,2,28,36370,5,2026-04-14
36420,4,5,36420,8,2026-04-15
36510,2,28,36510,10,2026-04-15
36560,4,5,36560,20,2026-04-16
36573,1,9,36573,14,2026-04-16
36650,2,28,36650,23,2026-04-16
36722,2,11,36722,5,2026-04-17
36762,2,21,36762,1,2026-04-17
36790,2,28,36790,14,2026-04-17
36794,2,29,36794,17,2026-04-17
36930,2,28,36930,11,2026-04-18
37002,2,11,37002,4,2026-04-19
37070,2,28,37070,19,2026-04-19
37210,2,28,37210,5,2026-04-20
37298,2,15,37298,8,2026-04-21
37322,2,21,37322,15,2026-04-21
37377,1,35,37377,4,2026-04-21
37462,2,21,37462,28,2026-04-22
37490,2,28,37490,1,2026-04-22
37517,1,35,37517,12,2026-04-22
37526,2,2,37526,1,2026-04-23
37602,2,21,37602,15,2026-04-23
37630,2,28,37630,9,2026-04-23
37666,2,2,37666,7,2026-04-24
37680,4,5,37680,11,2026-04-24
37715,3,14,37715,2,2026-04-24
37742,2,21,37742,9,2026-04-24
37779,3,30,37779,4,2026-04-24
37797,1,35,37797,24,2026-04-24
37801,1,1,37801,4,2026-04-25
37820,4,5,37820,26,2026-04-25
37833,1,9,37833,16,2026-04-25
37855,3,14,37855,5,2026-04-25
37882,2,21,37882,6,2026-04-25
37886,2,22,37886,2,2026-04-25
37914,2,29,37914,8,2026-04-25
37960,4,5,37960,6,2026-04-26
38026,2,22,38026,4,2026-04-26
38162,2,21,38162,6,2026-04-27
38166,2,22,38166,29,2026-04-27
38302,2,21,38302,3,2026-04-28
38306,2,22,38306,11,2026-04-28
38394,2,9,38394,7,2026-04-29
38473,1,29,38473,18,2026-04-29
38520,4,5,38520,7,2026-04-30
38550,2,13,38550,18,2026-04-30
38625,1,32,38625,5,2026-04-30
38660,4,5,38660,11,2026-05-01
38671,3,8,38671,4,2026-05-01
38687,3,12,38687,13,2026-05-01
38690,2,13,38690,19,2026-05-01
38722,2,21,38722,11,2026-05-01
38747,3,27,38747,11,2026-05-01
38753,1,29,38753,49,2026-05-01
38827,3,12,38827,9,2026-05-02
38866,2,22,38866,10,2026-05-02
38954,2,9,38954,5,2026-05-03
38981,1,16,38981,1,2026-05-03
39006,2,22,39006,2,2026-05-03
39027,3,27,39027,5,2026-05-03
39031,3,28,39031,15,2026-05-03
39045,1,32,39045,6,2026-05-03
39066,2,2,39066,6,2026-05-04
39121,1,16,39121,15,2026-05-04
39122,2,16,39122,16,2026-05-04
39171,3,28,39171,4,2026-05-04
39185,1,32,39185,8,2026-05-04
39201,1,1,39201,4,2026-05-05
39206,2,2,39206,36,2026-05-05
39262,2,16,39262,19,2026-05-05
39286,2,22,39286,13,2026-05-05
39307,3,27,39307,4,2026-05-05
39325,1,32,39325,7,2026-05-05
39341,1,1,39341,46,2026-05-06
39390,2,13,39390,16,2026-05-06
39402,2,16,39402,9,2026-05-06
39454,2,29,39454,6,2026-05-06
39458,2,30,39458,4,2026-05-06
39459,3,30,39459,2,2026-05-06
39465,1,32,39465,15,2026-05-06
39481,1,1,39481,50,2026-05-07
39486,2,2,39486,22,2026-05-07
39506,2,7,39506,19,2026-05-07
39509,1,8,39509,12,2026-05-07
39511,3,8,39511,2,2026-05-07
39513,1,9,39513,10,2026-05-07
39522,2,11,39522,16,2026-05-07
39530,2,13,39530,31,2026-05-07
39541,1,16,39541,8,2026-05-07
39542,2,16,39542,33,2026-05-07
39566,2,22,39566,23,2026-05-07
39593,1,29,39593,5,2026-05-07
39594,2,29,39594,14,2026-05-07
39598,2,30,39598,41,2026-05-07
39599,3,30,39599,27,2026-05-07
39604,4,31,39604,7,2026-05-07
39605,1,32,39605,47,2026-05-07
39609,1,33,39609,5,2026-05-07
39621,1,1,39621,19,2026-05-08
39626,2,2,39626,5,2026-05-08
39636,4,4,39636,10,2026-05-08
39646,2,7,39646,17,2026-05-08
39649,1,8,39649,7,2026-05-08
39651,3,8,39651,15,2026-05-08
39653,1,9,39653,8,2026-05-08
39667,3,12,39667,9,2026-05-08
39674,2,14,39674,17,2026-05-08
39682,2,16,39682,19,2026-05-08
39706,2,22,39706,7,2026-05-08
39730,2,28,39730,11,2026-05-08
39733,1,29,39733,8,2026-05-08
39734,2,29,39734,29,2026-05-08
39739,3,30,39739,8,2026-05-08
39742,2,31,39742,4,2026-05-08
39744,4,31,39744,11,2026-05-08
39751,3,33,39751,15,2026-05-08
39766,2,2,39766,11,2026-05-09
39786,2,7,39786,1,2026-05-09
39789,1,8,39789,17,2026-05-09
39791,3,8,39791,23,2026-05-09
39792,4,8,39792,6,2026-05-09
39794,2,9,39794,14,2026-05-09
39814,2,14,39814,1,2026-05-09
39822,2,16,39822,9,2026-05-09
39846,2,22,39846,17,2026-05-09
39867,3,27,39867,9,2026-05-09
39870,2,28,39870,29,2026-05-09
39871,3,28,39871,8,2026-05-09
39874,2,29,39874,12,2026-05-09
39875,3,29,39875,17,2026-05-09
39879,3,30,39879,6,2026-05-09
39882,2,31,39882,16,2026-05-09
39884,4,31,39884,7,2026-05-09
39891,3,33,39891,6,2026-05-09
39901,1,1,39901,10,2026-05-10
39906,2,2,39906,1,2026-05-10
39920,4,5,39920,9,2026-05-10
39932,4,8,39932,3,2026-05-10
39933,1,9,39933,2,2026-05-10
39935,3,9,39935,1,2026-05-10
39947,3,12,39947,12,2026-05-10
39954,2,14,39954,19,2026-05-10
39986,2,22,39986,6,2026-05-10
40010,2,28,40010,23,2026-05-10
40011,3,28,40011,9,2026-05-10
40014,2,29,40014,11,2026-05-10
40015,3,29,40015,14,2026-05-10
40018,2,30,40018,8,2026-05-10
40019,3,30,40019,12,2026-05-10
40021,1,31,40021,25,2026-05-10
40022,2,31,40022,6,2026-05-10
40024,4,31,40024,21,2026-05-10
40041,1,1,40041,18,2026-05-11
40046,2,2,40046,12,2026-05-11
40056,4,4,40056,19,2026-05-11
40071,3,8,40071,9,2026-05-11
40072,4,8,40072,6,2026-05-11
40075,3,9,40075,11,2026-05-11
40087,3,12,40087,5,2026-05-11
40094,2,14,40094,11,2026-05-11
40147,3,27,40147,9,2026-05-11
40151,3,28,40151,1,2026-05-11
40154,2,29,40154,10,2026-05-11
40158,2,30,40158,11,2026-05-11
40162,2,31,40162,23,2026-05-11
40181,1,1,40181,6,2026-05-12
40186,2,2,40186,2,2026-05-12
40187,3,2,40187,19,2026-05-12
40212,4,8,40212,15,2026-05-12
40213,1,9,40213,1,2026-05-12
40215,3,9,40215,14,2026-05-12
40229,1,13,40229,25,2026-05-12
40230,2,13,40230,22,2026-05-12
40234,2,14,40234,11,2026-05-12
40266,2,22,40266,4,2026-05-12
40287,3,27,40287,33,2026-05-12
40294,2,29,40294,8,2026-05-12
40298,2,30,40298,9,2026-05-12
40335,3,4,40335,21,2026-05-13
40336,4,4,40336,7,2026-05-13
40340,4,5,40340,14,2026-05-13
40352,4,8,40352,10,2026-05-13
40353,1,9,40353,18,2026-05-13
40355,3,9,40355,28,2026-05-13
40369,1,13,40369,26,2026-05-13
40370,2,13,40370,16,2026-05-13
40374,2,14,40374,18,2026-05-13
40382,2,16,40382,37,2026-05-13
40406,2,22,40406,16,2026-05-13
40427,3,27,40427,17,2026-05-13
40434,2,29,40434,10,2026-05-13
40461,1,1,40461,5,2026-05-14
40466,2,2,40466,21,2026-05-14
40469,1,3,40469,4,2026-05-14
40480,4,5,40480,14,2026-05-14
40486,2,7,40486,15,2026-05-14
40491,3,8,40491,17,2026-05-14
40493,1,9,40493,44,2026-05-14
40509,1,13,40509,5,2026-05-14
40510,2,13,40510,14,2026-05-14
40514,2,14,40514,8,2026-05-14
40522,2,16,40522,19,2026-05-14
40565,1,27,40565,33,2026-05-14
40567,3,27,40567,6,2026-05-14
40573,1,29,40573,2,2026-05-14
40578,2,30,40578,6,2026-05-14
40585,1,32,40585,11,2026-05-14
40592,4,33,40592,3,2026-05-14
40603,3,1,40603,15,2026-05-15
40606,2,2,40606,16,2026-05-15
40607,3,2,40607,2,2026-05-15
40615,3,4,40615,7,2026-05-15
40620,4,5,40620,5,2026-05-15
40626,2,7,40626,2,2026-05-15
40631,3,8,40631,12,2026-05-15
40633,1,9,40633,37,2026-05-15
40642,2,11,40642,5,2026-05-15
40647,3,12,40647,4,2026-05-15
40650,2,13,40650,8,2026-05-15
40654,2,14,40654,18,2026-05-15
40662,2,16,40662,3,2026-05-15
40705,1,27,40705,2,2026-05-15
40707,3,27,40707,11,2026-05-15
40711,3,28,40711,5,2026-05-15
40713,1,29,40713,5,2026-05-15
40714,2,29,40714,5,2026-05-15
40715,3,29,40715,8,2026-05-15
40721,1,31,40721,2,2026-05-15
40737,1,35,40737,2,2026-05-15
40741,1,1,40741,3,2026-05-16
40747,3,2,40747,7,2026-05-16
40760,4,5,40760,12,2026-05-16
40773,1,9,40773,11,2026-05-16
40775,3,9,40775,2,2026-05-16
40782,2,11,40782,7,2026-05-16
40787,3,12,40787,6,2026-05-16
40790,2,13,40790,11,2026-05-16
40847,3,27,40847,3,2026-05-16
40851,3,28,40851,20,2026-05-16
40854,2,29,40854,4,2026-05-16
40855,3,29,40855,1,2026-05-16
40881,1,1,40881,2,2026-05-17
40886,2,2,40886,6,2026-05-17
40891,3,3,40891,11,2026-05-17
40900,4,5,40900,11,2026-05-17
40922,2,11,40922,1,2026-05-17
40960,4,20,40960,2,2026-05-17
40966,2,22,40966,7,2026-05-17
40987,3,27,40987,10,2026-05-17
40994,2,29,40994,8,2026-05-17
40995,3,29,40995,2,2026-05-17
41005,1,32,41005,5,2026-05-17
41026,2,2,41026,6,2026-05-18
41053,1,9,41053,4,2026-05-18
41062,2,11,41062,10,2026-05-18
41100,4,20,41100,5,2026-05-18
41106,2,22,41106,8,2026-05-18
41138,2,30,41138,14,2026-05-18
41171,3,3,41171,17,2026-05-19
41175,3,4,41175,2,2026-05-19
41193,1,9,41193,5,2026-05-19
41194,2,9,41194,10,2026-05-19
41202,2,11,41202,4,2026-05-19
41265,1,27,41265,2,2026-05-19
41267,3,27,41267,5,2026-05-19
41271,3,28,41271,5,2026-05-19
41274,2,29,41274,10,2026-05-19
41291,3,33,41291,1,2026-05-19
41311,3,3,41311,5,2026-05-20
41333,1,9,41333,25,2026-05-20
41334,2,9,41334,7,2026-05-20
41380,4,20,41380,5,2026-05-20
41407,3,27,41407,18,2026-05-20
41410,2,28,41410,4,2026-05-20
41431,3,33,41431,12,2026-05-20
41468,4,7,41468,6,2026-05-21
41474,2,9,41474,19,2026-05-21
41489,1,13,41489,3,2026-05-21
41495,3,14,41495,5,2026-05-21
41520,4,20,41520,5,2026-05-21
41547,3,27,41547,5,2026-05-21
41550,2,28,41550,16,2026-05-21
41551,3,28,41551,24,2026-05-21
41554,2,29,41554,12,2026-05-21
41571,3,33,41571,9,2026-05-21
41577,1,35,41577,14,2026-05-21
41591,3,3,41591,3,2026-05-22
41608,4,7,41608,2,2026-05-22
41609,1,8,41609,7,2026-05-22
41614,2,9,41614,16,2026-05-22
41618,2,10,41618,9,2026-05-22
41629,1,13,41629,19,2026-05-22
41635,3,14,41635,2,2026-05-22
41644,4,16,41644,4,2026-05-22
41662,2,21,41662,4,2026-05-22
41666,2,22,41666,9,2026-05-22
41685,1,27,41685,2,2026-05-22
41687,3,27,41687,6,2026-05-22
41690,2,28,41690,7,2026-05-22
41694,2,29,41694,3,2026-05-22
41698,2,30,41698,5,2026-05-22
41708,4,32,41708,4,2026-05-22
41711,3,33,41711,3,2026-05-22
41717,1,35,41717,15,2026-05-22
41731,3,3,41731,3,2026-05-23
41749,1,8,41749,12,2026-05-23
41750,2,8,41750,3,2026-05-23
41751,3,8,41751,5,2026-05-23
41758,2,10,41758,4,2026-05-23
41769,1,13,41769,12,2026-05-23
41781,1,16,41781,22,2026-05-23
41784,4,16,41784,1,2026-05-23
41806,2,22,41806,10,2026-05-23
41815,3,24,41815,1,2026-05-23
41834,2,29,41834,11,2026-05-23
41857,1,35,41857,9,2026-05-23
41861,1,1,41861,1,2026-05-24
41871,3,3,41871,6,2026-05-24
41883,3,6,41883,8,2026-05-24
41890,2,8,41890,7,2026-05-24
41891,3,8,41891,1,2026-05-24
41898,2,10,41898,25,2026-05-24
41915,3,14,41915,2,2026-05-24
41940,4,20,41940,12,2026-05-24
41942,2,21,41942,8,2026-05-24
41946,2,22,41946,1,2026-05-24
41955,3,24,41955,8,2026-05-24
41970,2,28,41970,2,2026-05-24
41971,3,28,41971,1,2026-05-24
41974,2,29,41974,9,2026-05-24
41978,2,30,41978,6,2026-05-24
41985,1,32,41985,23,2026-05-24
41988,4,32,41988,6,2026-05-24
42001,1,1,42001,11,2026-05-25
42009,1,3,42009,3,2026-05-25
42011,3,3,42011,14,2026-05-25
42028,4,7,42028,15,2026-05-25
42030,2,8,42030,1,2026-05-25
42031,3,8,42031,4,2026-05-25
42080,4,20,42080,12,2026-05-25
42082,2,21,42082,1,2026-05-25
42110,2,28,42110,12,2026-05-25
42114,2,29,42114,2,2026-05-25
42149,1,3,42149,11,2026-05-26
42151,3,3,42151,12,2026-05-26
42170,2,8,42170,15,2026-05-26
42171,3,8,42171,12,2026-05-26
42182,2,11,42182,23,2026-05-26
42189,1,13,42189,1,2026-05-26
42222,2,21,42222,11,2026-05-26
42296,4,4,42296,16,2026-05-27
42308,4,7,42308,2,2026-05-27
42311,3,8,42311,4,2026-05-27
42322,2,11,42322,8,2026-05-27
42329,1,13,42329,41,2026-05-27
42394,2,29,42394,9,2026-05-27
42421,1,1,42421,7,2026-05-28
42431,3,3,42431,24,2026-05-28
42436,4,4,42436,13,2026-05-28
42448,4,7,42448,17,2026-05-28
42451,3,8,42451,20,2026-05-28
42458,2,10,42458,4,2026-05-28
42462,2,11,42462,3,2026-05-28
42469,1,13,42469,1,2026-05-28
42498,2,20,42498,18,2026-05-28
42500,4,20,42500,26,2026-05-28
42506,2,22,42506,5,2026-05-28
42534,2,29,42534,20,2026-05-28
42538,2,30,42538,2,2026-05-28
42545,1,32,42545,1,2026-05-28
42548,4,32,42548,21,2026-05-28
42561,1,1,42561,8,2026-05-29
42571,3,3,42571,17,2026-05-29
42602,2,11,42602,2,2026-05-29
42610,2,13,42610,10,2026-05-29
42618,2,15,42618,3,2026-05-29
42638,2,20,42638,1,2026-05-29
42640,4,20,42640,18,2026-05-29
42642,2,21,42642,7,2026-05-29
42671,3,28,42671,4,2026-05-29
42674,2,29,42674,12,2026-05-29
42678,2,30,42678,6,2026-05-29
42701,1,1,42701,3,2026-05-30
42742,2,11,42742,1,2026-05-30
42758,2,15,42758,13,2026-05-30
42776,4,19,42776,3,2026-05-30
42795,3,24,42795,5,2026-05-30
42811,3,28,42811,1,2026-05-30
42814,2,29,42814,14,2026-05-30
42824,4,31,42824,1,2026-05-30
42841,1,1,42841,8,2026-05-31
42849,1,3,42849,7,2026-05-31
42895,3,14,42895,4,2026-05-31
42918,2,20,42918,1,2026-05-31
42945,1,27,42945,1,2026-05-31
42951,3,28,42951,6,2026-05-31
42981,1,1,42981,5,2026-06-01
42989,1,3,42989,21,2026-06-01
43013,1,9,43013,4,2026-06-01
43037,1,15,43037,10,2026-06-01
43038,2,15,43038,1,2026-06-01
43060,4,20,43060,11,2026-06-01
43075,3,24,43075,4,2026-06-01
43091,3,28,43091,2,2026-06-01
43121,1,1,43121,11,2026-06-02
43153,1,9,43153,5,2026-06-02
43154,2,9,43154,6,2026-06-02
43162,2,11,43162,4,2026-06-02
43177,1,15,43177,1,2026-06-02
43200,4,20,43200,5,2026-06-02
43215,3,24,43215,12,2026-06-02
43225,1,27,43225,15,2026-06-02
43231,3,28,43231,12,2026-06-02
43261,1,1,43261,16,2026-06-03
43293,1,9,43293,19,2026-06-03
43302,2,11,43302,1,2026-06-03
43317,1,15,43317,14,2026-06-03
43340,4,20,43340,9,2026-06-03
43365,1,27,43365,9,2026-06-03
43401,1,1,43401,13,2026-06-04
43409,1,3,43409,2,2026-06-04
43433,1,9,43433,17,2026-06-04
43442,2,11,43442,5,2026-06-04
43454,2,14,43454,1,2026-06-04
43457,1,15,43457,10,2026-06-04
43461,1,16,43461,1,2026-06-04
43499,3,25,43499,7,2026-06-04
43511,3,28,43511,8,2026-06-04
43514,2,29,43514,3,2026-06-04
43524,4,31,43524,2,2026-06-04
43549,1,3,43549,18,2026-06-05
43571,3,8,43571,3,2026-06-05
43594,2,14,43594,9,2026-06-05
43597,1,15,43597,29,2026-06-05
43601,1,16,43601,10,2026-06-05
43622,2,21,43622,2,2026-06-05
43645,1,27,43645,3,2026-06-05
43651,3,28,43651,20,2026-06-05
43654,2,29,43654,21,2026-06-05
43671,3,33,43671,14,2026-06-05
43677,1,35,43677,13,2026-06-05
43714,2,9,43714,10,2026-06-06
43734,2,14,43734,1,2026-06-06
43737,1,15,43737,10,2026-06-06
43817,1,35,43817,20,2026-06-06
43829,1,3,43829,5,2026-06-07
43854,2,9,43854,6,2026-06-07
43869,1,13,43869,5,2026-06-07
43881,1,16,43881,11,2026-06-07
43900,4,20,43900,8,2026-06-07
43944,4,31,43944,10,2026-06-07
43965,1,2,43965,2,2026-06-08
43988,4,7,43988,8,2026-06-08
43994,2,9,43994,3,2026-06-08
44002,2,11,44002,3,2026-06-08
44009,1,13,44009,4,2026-06-08
44040,4,20,44040,7,2026-06-08
44178,2,20,44178,5,2026-06-09
44180,4,20,44180,4,2026-06-09
44215,3,29,44215,3,2026-06-09
44225,1,32,44225,13,2026-06-09
44322,2,21,44322,16,2026-06-10
44355,3,29,44355,1,2026-06-10
44363,3,31,44363,12,2026-06-10
44364,4,31,44364,10,2026-06-10
44371,3,33,44371,3,2026-06-10
44377,1,35,44377,16,2026-06-10
44389,1,3,44389,5,2026-06-11
44412,4,8,44412,3,2026-06-11
44422,2,11,44422,17,2026-06-11
44429,1,13,44429,1,2026-06-11
44434,2,14,44434,2,2026-06-11
44460,4,20,44460,25,2026-06-11
44462,2,21,44462,10,2026-06-11
44494,2,29,44494,4,2026-06-11
44495,3,29,44495,20,2026-06-11
44503,3,31,44503,16,2026-06-11
44504,4,31,44504,12,2026-06-11
44505,1,32,44505,9,2026-06-11
44511,3,33,44511,11,2026-06-11
44529,1,3,44529,3,2026-06-12
44531,3,3,44531,9,2026-06-12
44551,3,8,44551,23,2026-06-12
44552,4,8,44552,5,2026-06-12
44562,2,11,44562,9,2026-06-12
44565,1,12,44565,9,2026-06-12
44569,1,13,44569,1,2026-06-12
44574,2,14,44574,8,2026-06-12
44596,4,19,44596,4,2026-06-12
44602,2,21,44602,14,2026-06-12
44619,3,25,44619,16,2026-06-12
44634,2,29,44634,4,2026-06-12
44643,3,31,44643,2,2026-06-12
44644,4,31,44644,18,2026-06-12
44645,1,32,44645,24,2026-06-12
44665,1,2,44665,2,2026-06-13
44671,3,3,44671,2,2026-06-13
44692,4,8,44692,5,2026-06-13
44709,1,13,44709,3,2026-06-13
44714,2,14,44714,2,2026-06-13
44736,4,19,44736,2,2026-06-13
44740,4,20,44740,23,2026-06-13
44748,4,22,44748,6,2026-06-13
44783,3,31,44783,5,2026-06-13
44791,3,33,44791,11,2026-06-13
44832,4,8,44832,17,2026-06-14
44838,2,10,44838,4,2026-06-14
44855,3,14,44855,3,2026-06-14
44888,4,22,44888,4,2026-06-14
44906,2,27,44906,1,2026-06-14
44914,2,29,44914,4,2026-06-14
44925,1,32,44925,3,2026-06-14
44931,3,33,44931,13,2026-06-14
44937,1,35,44937,12,2026-06-14
44948,4,2,44948,6,2026-06-15
44985,1,12,44985,25,2026-06-15
44991,3,13,44991,7,2026-06-15
45016,4,19,45016,17,2026-06-15
45046,2,27,45046,9,2026-06-15
45067,3,32,45067,2,2026-06-15
45077,1,35,45077,16,2026-06-15
45085,1,2,45085,10,2026-06-16
45088,4,2,45088,5,2026-06-16
45099,3,5,45099,5,2026-06-16
45156,4,19,45156,33,2026-06-16
45177,1,25,45177,1,2026-06-16
45207,3,32,45207,4,2026-06-16
45211,3,33,45211,30,2026-06-16
45217,1,35,45217,12,2026-06-16
45228,4,2,45228,11,2026-06-17
45317,1,25,45317,18,2026-06-17
45335,3,29,45335,2,2026-06-17
45347,3,32,45347,3,2026-06-17
45357,1,35,45357,19,2026-06-17
45375,3,4,45375,2,2026-06-18
45376,4,4,45376,4,2026-06-18
45379,3,5,45379,3,2026-06-18
45402,2,11,45402,10,2026-06-18
45405,1,12,45405,9,2026-06-18
45411,3,13,45411,13,2026-06-18
45438,2,20,45438,9,2026-06-18
45457,1,25,45457,14,2026-06-18
45475,3,29,45475,16,2026-06-18
45497,1,35,45497,19,2026-06-18
45508,4,2,45508,4,2026-06-19
45516,4,4,45516,13,2026-06-19
45519,3,5,45519,3,2026-06-19
45545,1,12,45545,14,2026-06-19
45551,3,13,45551,12,2026-06-19
45567,3,17,45567,7,2026-06-19
45576,4,19,45576,1,2026-06-19
45578,2,20,45578,8,2026-06-19
45582,2,21,45582,11,2026-06-19
45607,3,27,45607,23,2026-06-19
45615,3,29,45615,3,2026-06-19
45627,3,32,45627,9,2026-06-19
45632,4,33,45632,11,2026-06-19
45637,1,35,45637,22,2026-06-19
45656,4,4,45656,3,2026-06-20
45685,1,12,45685,5,2026-06-20
45691,3,13,45691,27,2026-06-20
45707,3,17,45707,10,2026-06-20
45716,4,19,45716,17,2026-06-20
45718,2,20,45718,4,2026-06-20
45722,2,21,45722,2,2026-06-20
45755,3,29,45755,2,2026-06-20
45767,3,32,45767,10,2026-06-20
45772,4,33,45772,16,2026-06-20
45791,3,3,45791,7,2026-06-21
45825,1,12,45825,3,2026-06-21
45831,3,13,45831,7,2026-06-21
45858,2,20,45858,2,2026-06-21
45862,2,21,45862,1,2026-06-21
45892,4,28,45892,4,2026-06-21
45895,3,29,45895,1,2026-06-21
45911,3,33,45911,10,2026-06-21
45931,3,3,45931,2,2026-06-22
45936,4,4,45936,4,2026-06-22
45939,3,5,45939,4,2026-06-22
45965,1,12,45965,3,2026-06-22
45996,4,19,45996,15,2026-06-22
45998,2,20,45998,5,2026-06-22
46002,2,21,46002,14,2026-06-22
46035,3,29,46035,3,2026-06-22
46051,3,33,46051,8,2026-06-22
46079,3,5,46079,4,2026-06-23
46138,2,20,46138,19,2026-06-23
46142,2,21,46142,23,2026-06-23
46175,3,29,46175,4,2026-06-23
46188,4,32,46188,9,2026-06-23
46197,1,35,46197,1,2026-06-23
46219,3,5,46219,7,2026-06-24
46278,2,20,46278,48,2026-06-24
46337,1,35,46337,2,2026-06-24
46356,4,4,46356,5,2026-06-25
46359,3,5,46359,3,2026-06-25
46372,4,8,46372,13,2026-06-25
46382,2,11,46382,19,2026-06-25
46467,3,32,46467,6,2026-06-25
46471,3,33,46471,13,2026-06-25
46477,1,35,46477,14,2026-06-25
46488,4,2,46488,9,2026-06-26
46496,4,4,46496,10,2026-06-26
46503,3,6,46503,3,2026-06-26
46522,2,11,46522,9,2026-06-26
46525,1,12,46525,5,2026-06-26
46529,1,13,46529,1,2026-06-26
46558,2,20,46558,5,2026-06-26
46595,3,29,46595,11,2026-06-26
46611,3,33,46611,19,2026-06-26
46612,4,33,46612,6,2026-06-26
46617,1,35,46617,3,2026-06-26
46628,4,2,46628,14,2026-06-27
46636,4,4,46636,10,2026-06-27
46643,3,6,46643,2,2026-06-27
46652,4,8,46652,19,2026-06-27
46665,1,12,46665,5,2026-06-27
46682,2,16,46682,1,2026-06-27
46698,2,20,46698,4,2026-06-27
46751,3,33,46751,1,2026-06-27
46768,4,2,46768,12,2026-06-28
46783,3,6,46783,5,2026-06-28
46792,4,8,46792,1,2026-06-28
46802,2,11,46802,1,2026-06-28
46883,3,31,46883,6,2026-06-28
46885,1,32,46885,7,2026-06-28
46888,4,32,46888,5,2026-06-28
46923,3,6,46923,6,2026-06-29
46932,4,8,46932,4,2026-06-29
46962,2,16,46962,15,2026-06-29
46978,2,20,46978,8,2026-06-29
47023,3,31,47023,7,2026-06-29
47027,3,32,47027,8,2026-06-29
47032,4,33,47032,4,2026-06-29
47048,4,2,47048,11,2026-06-30
47099,3,15,47099,7,2026-06-30
47114,2,19,47114,4,2026-06-30
47118,2,20,47118,6,2026-06-30
47167,3,32,47167,6,2026-06-30
47262,2,21,47262,9,2026-07-01
47275,3,24,47275,10,2026-07-01
47307,3,32,47307,2,2026-07-01
47308,4,32,47308,11,2026-07-01
47330,2,3,47330,2,2026-07-02
47398,2,20,47398,21,2026-07-02
47400,4,20,47400,9,2026-07-02
47402,2,21,47402,5,2026-07-02
47412,4,23,47412,3,2026-07-02
47415,3,24,47415,3,2026-07-02
47431,3,28,47431,11,2026-07-02
47448,4,32,47448,11,2026-07-02
47454,2,34,47454,12,2026-07-02
47511,3,13,47511,6,2026-07-03
47527,3,17,47527,5,2026-07-03
47538,2,20,47538,20,2026-07-03
47540,4,20,47540,11,2026-07-03
47550,2,23,47550,5,2026-07-03
47552,4,23,47552,25,2026-07-03
47555,3,24,47555,11,2026-07-03
47571,3,28,47571,12,2026-07-03
47587,3,32,47587,9,2026-07-03
47608,4,2,47608,21,2026-07-04
47611,3,3,47611,4,2026-07-04
47632,4,8,47632,5,2026-07-04
47651,3,13,47651,19,2026-07-04
47662,2,16,47662,6,2026-07-04
47695,3,24,47695,12,2026-07-04
47727,3,32,47727,8,2026-07-04
47734,2,34,47734,17,2026-07-04
47750,2,3,47750,3,2026-07-05
47751,3,3,47751,10,2026-07-05
47772,4,8,47772,17,2026-07-05
47789,1,13,47789,4,2026-07-05
47802,2,16,47802,16,2026-07-05
47814,2,19,47814,16,2026-07-05
47818,2,20,47818,5,2026-07-05
47832,4,23,47832,5,2026-07-05
47867,3,32,47867,3,2026-07-05
47872,4,33,47872,1,2026-07-05
47874,2,34,47874,21,2026-07-05
47891,3,3,47891,9,2026-07-06
47929,1,13,47929,3,2026-07-06
47954,2,19,47954,2,2026-07-06
47991,3,28,47991,7,2026-07-06
48003,3,31,48003,7,2026-07-06
48007,3,32,48007,5,2026-07-06
48012,4,33,48012,9,2026-07-06
48028,4,2,48028,2,2026-07-07
48031,3,3,48031,6,2026-07-07
48094,2,19,48094,5,2026-07-07
48110,2,23,48110,13,2026-07-07
48171,3,3,48171,2,2026-07-08
48192,4,8,48192,7,2026-07-08
48222,2,16,48222,26,2026-07-08
48255,3,24,48255,4,2026-07-08
48311,3,3,48311,31,2026-07-09
48323,3,6,48323,1,2026-07-09
48330,2,8,48330,2,2026-07-09
48332,4,8,48332,7,2026-07-09
48345,1,12,48345,2,2026-07-09
48351,3,13,48351,1,2026-07-09
48362,2,16,48362,14,2026-07-09
48374,2,19,48374,22,2026-07-09
48376,4,19,48376,12,2026-07-09
48390,2,23,48390,11,2026-07-09
48392,4,23,48392,11,2026-07-09
48427,3,32,48427,8,2026-07-09
48432,4,33,48432,2,2026-07-09
48434,2,34,48434,5,2026-07-09
48439,3,35,48439,7,2026-07-09
48447,3,2,48447,9,2026-07-10
48451,3,3,48451,8,2026-07-10
48456,4,4,48456,4,2026-07-10
48463,3,6,48463,10,2026-07-10
48470,2,8,48470,26,2026-07-10
48472,4,8,48472,8,2026-07-10
48485,1,12,48485,25,2026-07-10
48516,4,19,48516,24,2026-07-10
48518,2,20,48518,1,2026-07-10
48530,2,23,48530,2,2026-07-10
48532,4,23,48532,7,2026-07-10
48535,3,24,48535,3,2026-07-10
48565,1,32,48565,3,2026-07-10
48567,3,32,48567,3,2026-07-10
48572,4,33,48572,21,2026-07-10
48587,3,2,48587,8,2026-07-11
48596,4,4,48596,12,2026-07-11
48603,3,6,48603,1,2026-07-11
48610,2,8,48610,12,2026-07-11
48647,3,17,48647,2,2026-07-11
48656,4,19,48656,7,2026-07-11
48670,2,23,48670,1,2026-07-11
48714,2,34,48714,1,2026-07-11
48719,3,35,48719,13,2026-07-11
48727,3,2,48727,1,2026-07-12
48736,4,4,48736,11,2026-07-12
48750,2,8,48750,6,2026-07-12
48794,2,19,48794,8,2026-07-12
48798,2,20,48798,8,2026-07-12
48815,3,24,48815,11,2026-07-12
48835,3,29,48835,3,2026-07-12
48854,2,34,48854,1,2026-07-12
48867,3,2,48867,14,2026-07-13
48876,4,4,48876,8,2026-07-13
48886,2,7,48886,9,2026-07-13
48899,3,10,48899,7,2026-07-13
48934,2,19,48934,7,2026-07-13
48936,4,19,48936,17,2026-07-13
48938,2,20,48938,13,2026-07-13
48955,3,24,48955,10,2026-07-13
48994,2,34,48994,3,2026-07-13
49002,2,1,49002,4,2026-07-14
49007,3,2,49007,7,2026-07-14
49011,3,3,49011,15,2026-07-14
49026,2,7,49026,6,2026-07-14
49078,2,20,49078,16,2026-07-14
49134,2,34,49134,8,2026-07-14
49151,3,3,49151,2,2026-07-15
49166,2,7,49166,4,2026-07-15
49179,3,10,49179,4,2026-07-15
49190,2,13,49190,7,2026-07-15
49218,2,20,49218,1,2026-07-15
49231,3,23,49231,7,2026-07-15
49232,4,23,49232,3,2026-07-15
49235,3,24,49235,11,2026-07-15
49267,3,32,49267,12,2026-07-15
49282,2,1,49282,7,2026-07-16
49291,3,3,49291,6,2026-07-16
49296,4,4,49296,12,2026-07-16
49319,3,10,49319,4,2026-07-16
49330,2,13,49330,3,2026-07-16
49354,2,19,49354,5,2026-07-16
49356,4,19,49356,6,2026-07-16
49358,2,20,49358,18,2026-07-16
49371,3,23,49371,5,2026-07-16
49372,4,23,49372,4,2026-07-16
49375,3,24,49375,13,2026-07-16
49379,3,25,49379,1,2026-07-16
49407,3,32,49407,29,2026-07-16
49412,4,33,49412,13,2026-07-16
49422,2,1,49422,24,2026-07-17
49436,4,4,49436,3,2026-07-17
49439,3,5,49439,4,2026-07-17
49463,3,11,49463,6,2026-07-17
49496,4,19,49496,10,2026-07-17
49500,4,20,49500,6,2026-07-17
49510,2,23,49510,6,2026-07-17
49512,4,23,49512,1,2026-07-17
49515,3,24,49515,2,2026-07-17
49519,3,25,49519,37,2026-07-17
49557,1,35,49557,1,2026-07-17
49562,2,1,49562,4,2026-07-18
49610,2,13,49610,4,2026-07-18
49640,4,20,49640,14,2026-07-18
49650,2,23,49650,14,2026-07-18
49655,3,24,49655,3,2026-07-18
49666,2,27,49666,9,2026-07-18
49692,4,33,49692,3,2026-07-18
49702,2,1,49702,10,2026-07-19
49716,4,4,49716,4,2026-07-19
49726,2,7,49726,8,2026-07-19
49735,3,9,49735,6,2026-07-19
49757,1,15,49757,3,2026-07-19
49776,4,19,49776,10,2026-07-19
49806,2,27,49806,31,2026-07-19
49837,1,35,49837,1,2026-07-19
49866,2,7,49866,8,2026-07-20
49890,2,13,49890,11,2026-07-20
49891,3,13,49891,6,2026-07-20
49930,2,23,49930,1,2026-07-20
49932,4,23,49932,14,2026-07-20
49939,3,25,49939,7,2026-07-20
49946,2,27,49946,8,2026-07-20
49952,4,28,49952,20,2026-07-20
49974,2,34,49974,3,2026-07-20
49977,1,35,49977,12,2026-07-20
49996,4,4,49996,9,2026-07-21
50029,1,13,50029,14,2026-07-21
50030,2,13,50030,13,2026-07-21
50047,3,17,50047,5,2026-07-21
50070,2,23,50070,13,2026-07-21
50079,3,25,50079,21,2026-07-21
50086,2,27,50086,4,2026-07-21
50112,4,33,50112,5,2026-07-21
50114,2,34,50114,6,2026-07-21
50139,3,5,50139,24,2026-07-22
50146,2,7,50146,15,2026-07-22
50168,4,12,50168,12,2026-07-22
50169,1,13,50169,19,2026-07-22
50170,2,13,50170,11,2026-07-22
50178,2,15,50178,5,2026-07-22
50196,4,19,50196,3,2026-07-22
50215,3,24,50215,15,2026-07-22
50219,3,25,50219,6,2026-07-22
50232,4,28,50232,6,2026-07-22
50276,4,4,50276,5,2026-07-23
50279,3,5,50279,8,2026-07-23
50286,2,7,50286,4,2026-07-23
50295,3,9,50295,1,2026-07-23
50308,4,12,50308,25,2026-07-23
50309,1,13,50309,22,2026-07-23
50311,3,13,50311,13,2026-07-23
50350,2,23,50350,8,2026-07-23
50351,3,23,50351,5,2026-07-23
50355,3,24,50355,20,2026-07-23
50359,3,25,50359,3,2026-07-23
50366,2,27,50366,1,2026-07-23
50367,3,27,50367,10,2026-07-23
50372,4,28,50372,9,2026-07-23
50385,1,32,50385,8,2026-07-23
50387,3,32,50387,2,2026-07-23
50397,1,35,50397,9,2026-07-23
50416,4,4,50416,3,2026-07-24
50419,3,5,50419,14,2026-07-24
50426,2,7,50426,3,2026-07-24
50439,3,10,50439,1,2026-07-24
50448,4,12,50448,11,2026-07-24
50449,1,13,50449,17,2026-07-24
50458,2,15,50458,3,2026-07-24
50467,3,17,50467,13,2026-07-24
50490,2,23,50490,10,2026-07-24
50491,3,23,50491,9,2026-07-24
50495,3,24,50495,2,2026-07-24
50499,3,25,50499,1,2026-07-24
50506,2,27,50506,14,2026-07-24
50507,3,27,50507,14,2026-07-24
50512,4,28,50512,2,2026-07-24
50524,4,31,50524,3,2026-07-24
50525,1,32,50525,3,2026-07-24
50527,3,32,50527,7,2026-07-24
50532,4,33,50532,10,2026-07-24
50537,1,35,50537,24,2026-07-24
50575,3,9,50575,7,2026-07-25
50579,3,10,50579,5,2026-07-25
50588,4,12,50588,2,2026-07-25
50589,1,13,50589,20,2026-07-25
50590,2,13,50590,1,2026-07-25
50607,3,17,50607,16,2026-07-25
50616,4,19,50616,2,2026-07-25
50620,4,20,50620,11,2026-07-25
50630,2,23,50630,4,2026-07-25
50631,3,23,50631,9,2026-07-25
50635,3,24,50635,7,2026-07-25
50646,2,27,50646,7,2026-07-25
50652,4,28,50652,1,2026-07-25
50677,1,35,50677,10,2026-07-25
50706,2,7,50706,2,2026-07-26
50719,3,10,50719,4,2026-07-26
50738,2,15,50738,3,2026-07-26
50756,4,19,50756,9,2026-07-26
50760,4,20,50760,11,2026-07-26
50771,3,23,50771,4,2026-07-26
50817,1,35,50817,10,2026-07-26
50870,2,13,50870,3,2026-07-27
50896,4,19,50896,5,2026-07-27
50910,2,23,50910,4,2026-07-27
50911,3,23,50911,2,2026-07-27
50926,2,27,50926,8,2026-07-27
50932,4,28,50932,28,2026-07-27
50976,4,4,50976,5,2026-07-28
51010,2,13,51010,3,2026-07-28
51018,2,15,51018,2,2026-07-28
51036,4,19,51036,10,2026-07-28
51050,2,23,51050,7,2026-07-28
51072,4,28,51072,2,2026-07-28
51084,4,31,51084,5,2026-07-28
51148,4,12,51148,11,2026-07-29
51150,2,13,51150,14,2026-07-29
51178,2,20,51178,13,2026-07-29
51180,4,20,51180,15,2026-07-29
51212,4,28,51212,4,2026-07-29
51224,4,31,51224,4,2026-07-29
51232,4,33,51232,24,2026-07-29
51249,1,3,51249,1,2026-07-30
51279,3,10,51279,7,2026-07-30
51288,4,12,51288,1,2026-07-30
51290,2,13,51290,13,2026-07-30
51298,2,15,51298,6,2026-07-30
51318,2,20,51318,9,2026-07-30
51320,4,20,51320,14,2026-07-30
51339,3,25,51339,5,2026-07-30
51352,4,28,51352,8,2026-07-30
51361,1,31,51361,22,2026-07-30
51364,4,31,51364,4,2026-07-30
51372,4,33,51372,14,2026-07-30
51389,1,3,51389,26,2026-07-31
51419,3,10,51419,8,2026-07-31
51454,2,19,51454,8,2026-07-31
51456,4,19,51456,4,2026-07-31
51458,2,20,51458,6,2026-07-31
51460,4,20,51460,2,2026-07-31
51470,2,23,51470,17,2026-07-31
51479,3,25,51479,10,2026-07-31
51512,4,33,51512,1,2026-07-31
51559,3,10,51559,1,2026-08-01
51568,4,12,51568,5,2026-08-01
51570,2,13,51570,7,2026-08-01
51600,4,20,51600,4,2026-08-01
51643,3,31,51643,5,2026-08-01
51662,2,1,51662,7,2026-08-02
51664,4,1,51664,5,2026-08-02
51667,3,2,51667,15,2026-08-02
51671,3,3,51671,8,2026-08-02
51676,4,4,51676,4,2026-08-02
51678,2,5,51678,13,2026-08-02
51694,2,9,51694,1,2026-08-02
51699,3,10,51699,13,2026-08-02
51708,4,12,51708,22,2026-08-02
51710,2,13,51710,26,2026-08-02
51717,1,15,51717,32,2026-08-02
51718,2,15,51718,12,2026-08-02
51734,2,19,51734,1,2026-08-02
51736,4,19,51736,4,2026-08-02
51740,4,20,51740,23,2026-08-02
51750,2,23,51750,10,2026-08-02
51751,3,23,51751,6,2026-08-02
51766,2,27,51766,32,2026-08-02
51770,2,28,51770,1,2026-08-02
51783,3,31,51783,12,2026-08-02
51784,4,31,51784,15,2026-08-02
51792,4,33,51792,3,2026-08-02
51798,2,35,51798,5,2026-08-02
51799,3,35,51799,33,2026-08-02
51802,2,1,51802,6,2026-08-03
51803,3,1,51803,16,2026-08-03
51804,4,1,51804,29,2026-08-03
51805,1,2,51805,6,2026-08-03
51807,3,2,51807,10,2026-08-03
51809,1,3,51809,29,2026-08-03
51811,3,3,51811,14,2026-08-03
51814,2,4,51814,10,2026-08-03
51816,4,4,51816,31,2026-08-03
51818,2,5,51818,27,2026-08-03
51819,3,5,51819,27,2026-08-03
51825,1,7,51825,14,2026-08-03
51827,3,7,51827,8,2026-08-03
51829,1,8,51829,18,2026-08-03
51834,2,9,51834,21,2026-08-03
51835,3,9,51835,2,2026-08-03
51839,3,10,51839,11,2026-08-03
51842,2,11,51842,8,2026-08-03
51845,1,12,51845,17,2026-08-03
51847,3,12,51847,4,2026-08-03
51848,4,12,51848,22,2026-08-03
51850,2,13,51850,18,2026-08-03
51851,3,13,51851,5,2026-08-03
51856,4,14,51856,18,2026-08-03
51857,1,15,51857,20,2026-08-03
51858,2,15,51858,20,2026-08-03
51862,2,16,51862,11,2026-08-03
51867,3,17,51867,1,2026-08-03
51874,2,19,51874,25,2026-08-03
51876,4,19,51876,38,2026-08-03
51878,2,20,51878,14,2026-08-03
51880,4,20,51880,12,2026-08-03
51890,2,23,51890,15,2026-08-03
51891,3,23,51891,11,2026-08-03
51895,3,24,51895,20,2026-08-03
51899,3,25,51899,11,2026-08-03
51906,2,27,51906,20,2026-08-03
51910,2,28,51910,11,2026-08-03
51912,4,28,51912,9,2026-08-03
51915,3,29,51915,7,2026-08-03
51921,1,31,51921,17,2026-08-03
51923,3,31,51923,20,2026-08-03
51924,4,31,51924,24,2026-08-03
51925,1,32,51925,13,2026-08-03
51927,3,32,51927,13,2026-08-03
51928,4,32,51928,11,2026-08-03
51932,4,33,51932,14,2026-08-03
51937,1,35,51937,47,2026-08-03
51938,2,35,51938,18,2026-08-03
51939,3,35,51939,25,2026-08-03
51942,2,1,51942,29,2026-08-04
51943,3,1,51943,19,2026-08-04
51944,4,1,51944,23,2026-08-04
51945,1,2,51945,21,2026-08-04
51947,3,2,51947,26,2026-08-04
51949,1,3,51949,47,2026-08-04
51950,2,3,51950,12,2026-08-04
51951,3,3,51951,10,2026-08-04
51952,4,3,51952,17,2026-08-04
51954,2,4,51954,17,2026-08-04
51956,4,4,51956,30,2026-08-04
51958,2,5,51958,42,2026-08-04
51959,3,5,51959,16,2026-08-04
51965,1,7,51965,21,2026-08-04
51966,2,7,51966,15,2026-08-04
51967,3,7,51967,16,2026-08-04
51969,1,8,51969,34,2026-08-04
51970,2,8,51970,33,2026-08-04
51974,2,9,51974,31,2026-08-04
51975,3,9,51975,35,2026-08-04
51979,3,10,51979,22,2026-08-04
51982,2,11,51982,21,2026-08-04
51985,1,12,51985,37,2026-08-04
51987,3,12,51987,18,2026-08-04
51988,4,12,51988,15,2026-08-04
51990,2,13,51990,27,2026-08-04
51991,3,13,51991,22,2026-08-04
51994,2,14,51994,14,2026-08-04
51996,4,14,51996,22,2026-08-04
51997,1,15,51997,24,2026-08-04
51998,2,15,51998,29,2026-08-04
51999,3,15,51999,17,2026-08-04
52002,2,16,52002,24,2026-08-04
52007,3,17,52007,20,2026-08-04
52014,2,19,52014,43,2026-08-04
52016,4,19,52016,17,2026-08-04
52018,2,20,52018,29,2026-08-04
52020,4,20,52020,25,2026-08-04
52022,2,21,52022,6,2026-08-04
52023,3,21,52023,11,2026-08-04
52026,2,22,52026,11,2026-08-04
52030,2,23,52030,11,2026-08-04
52031,3,23,52031,21,2026-08-04
52035,3,24,52035,16,2026-08-04
52039,3,25,52039,13,2026-08-04
52046,2,27,52046,21,2026-08-04
52047,3,27,52047,7,2026-08-04
52050,2,28,52050,28,2026-08-04
52051,3,28,52051,20,2026-08-04
52052,4,28,52052,23,2026-08-04
52055,3,29,52055,21,2026-08-04
52061,1,31,52061,22,2026-08-04
52063,3,31,52063,9,2026-08-04
52064,4,31,52064,23,2026-08-04
52065,1,32,52065,44,2026-08-04
52067,3,32,52067,12,2026-08-04
52068,4,32,52068,44,2026-08-04
52072,4,33,52072,20,2026-08-04
52077,1,35,52077,30,2026-08-04
52078,2,35,52078,38,2026-08-04
52079,3,35,52079,26,2026-08-04
52081,1,1,52081,7,2026-08-05
52082,2,1,52082,33,2026-08-05
52083,3,1,52083,31,2026-08-05
52084,4,1,52084,18,2026-08-05
52085,1,2,52085,36,2026-08-05
52087,3,2,52087,19,2026-08-05
52089,1,3,52089,32,2026-08-05
52090,2,3,52090,28,2026-08-05
52091,3,3,52091,23,2026-08-05
52092,4,3,52092,20,2026-08-05
52094,2,4,52094,22,2026-08-05
52096,4,4,52096,22,2026-08-05
52098,2,5,52098,36,2026-08-05
52099,3,5,52099,14,2026-08-05
52104,4,6,52104,4,2026-08-05
52105,1,7,52105,23,2026-08-05
52106,2,7,52106,39,2026-08-05
52107,3,7,52107,11,2026-08-05
52109,1,8,52109,18,2026-08-05
52110,2,8,52110,49,2026-08-05
52114,2,9,52114,23,2026-08-05
52115,3,9,52115,30,2026-08-05
52119,3,10,52119,10,2026-08-05
52122,2,11,52122,29,2026-08-05
52125,1,12,52125,40,2026-08-05
52127,3,12,52127,4,2026-08-05
52128,4,12,52128,36,2026-08-05
52129,1,13,52129,14,2026-08-05
52130,2,13,52130,33,2026-08-05
52131,3,13,52131,16,2026-08-05
52134,2,14,52134,20,2026-08-05
52135,3,14,52135,25,2026-08-05
52136,4,14,52136,20,2026-08-05
52137,1,15,52137,25,2026-08-05
52138,2,15,52138,31,2026-08-05
52139,3,15,52139,19,2026-08-05
52142,2,16,52142,14,2026-08-05
52144,4,16,52144,10,2026-08-05
52146,2,17,52146,5,2026-08-05
52147,3,17,52147,15,2026-08-05
52153,1,19,52153,29,2026-08-05
52154,2,19,52154,21,2026-08-05
52156,4,19,52156,34,2026-08-05
52158,2,20,52158,24,2026-08-05
52160,4,20,52160,32,2026-08-05
52162,2,21,52162,14,2026-08-05
52163,3,21,52163,8,2026-08-05
52166,2,22,52166,10,2026-08-05
52170,2,23,52170,32,2026-08-05
52171,3,23,52171,23,2026-08-05
52172,4,23,52172,7,2026-08-05
52174,2,24,52174,17,2026-08-05
52175,3,24,52175,5,2026-08-05
52179,3,25,52179,34,2026-08-05
52180,4,25,52180,10,2026-08-05
52182,2,26,52182,10,2026-08-05
52186,2,27,52186,18,2026-08-05
52187,3,27,52187,25,2026-08-05
52190,2,28,52190,27,2026-08-05
52191,3,28,52191,34,2026-08-05
52192,4,28,52192,22,2026-08-05
52194,2,29,52194,9,2026-08-05
52195,3,29,52195,18,2026-08-05
52199,3,30,52199,11,2026-08-05
52201,1,31,52201,31,2026-08-05
52203,3,31,52203,16,2026-08-05
52204,4,31,52204,19,2026-08-05
52205,1,32,52205,23,2026-08-05
52207,3,32,52207,8,2026-08-05
52208,4,32,52208,34,2026-08-05
52212,4,33,52212,21,2026-08-05
52213,1,34,52213,19,2026-08-05
52214,2,34,52214,19,2026-08-05
52217,1,35,52217,29,2026-08-05
52218,2,35,52218,13,2026-08-05
52219,3,35,52219,32,2026-08-05
52221,1,1,52221,53,2026-08-06
52222,2,1,52222,30,2026-08-06
52223,3,1,52223,12,2026-08-06
52224,4,1,52224,26,2026-08-06
52225,1,2,52225,22,2026-08-06
52226,2,2,52226,18,2026-08-06
52227,3,2,52227,15,2026-08-06
52229,1,3,52229,32,2026-08-06
52230,2,3,52230,40,2026-08-06
52231,3,3,52231,13,2026-08-06
52232,4,3,52232,26,2026-08-06
52234,2,4,52234,41,2026-08-06
52236,4,4,52236,27,2026-08-06
52238,2,5,52238,28,2026-08-06
52239,3,5,52239,21,2026-08-06
52240,4,5,52240,7,2026-08-06
52243,3,6,52243,3,2026-08-06
52244,4,6,52244,37,2026-08-06
52245,1,7,52245,19,2026-08-06
52246,2,7,52246,29,2026-08-06
52247,3,7,52247,8,2026-08-06
52248,4,7,52248,16,2026-08-06
52249,1,8,52249,33,2026-08-06
52250,2,8,52250,17,2026-08-06
52251,3,8,52251,3,2026-08-06
52252,4,8,52252,11,2026-08-06
52254,2,9,52254,24,2026-08-06
52255,3,9,52255,18,2026-08-06
52256,4,9,52256,9,2026-08-06
52259,3,10,52259,11,2026-08-06
52262,2,11,52262,26,2026-08-06
52263,3,11,52263,27,2026-08-06
52265,1,12,52265,38,2026-08-06
52267,3,12,52267,15,2026-08-06
52268,4,12,52268,46,2026-08-06
52269,1,13,52269,28,2026-08-06
52270,2,13,52270,18,2026-08-06
52271,3,13,52271,26,2026-08-06
52272,4,13,52272,28,2026-08-06
52274,2,14,52274,24,2026-08-06
52275,3,14,52275,9,2026-08-06
52276,4,14,52276,36,2026-08-06
52277,1,15,52277,32,2026-08-06
52278,2,15,52278,26,2026-08-06
52279,3,15,52279,32,2026-08-06
52282,2,16,52282,22,2026-08-06
52284,4,16,52284,41,2026-08-06
52286,2,17,52286,19,2026-08-06
52287,3,17,52287,32,2026-08-06
52293,1,19,52293,29,2026-08-06
52294,2,19,52294,21,2026-08-06
52295,3,19,52295,19,2026-08-06
52296,4,19,52296,26,2026-08-06
52298,2,20,52298,20,2026-08-06
52300,4,20,52300,8,2026-08-06
52302,2,21,52302,16,2026-08-06
52303,3,21,52303,35,2026-08-06
52306,2,22,52306,28,2026-08-06
52307,3,22,52307,1,2026-08-06
52309,1,23,52309,2,2026-08-06
52310,2,23,52310,19,2026-08-06
52311,3,23,52311,11,2026-08-06
52312,4,23,52312,46,2026-08-06
52314,2,24,52314,27,2026-08-06
52315,3,24,52315,22,2026-08-06
52319,3,25,52319,32,2026-08-06
52320,4,25,52320,30,2026-08-06
52321,1,26,52321,36,2026-08-06
52322,2,26,52322,32,2026-08-06
52326,2,27,52326,35,2026-08-06
52327,3,27,52327,23,2026-08-06
52330,2,28,52330,25,2026-08-06
52331,3,28,52331,16,2026-08-06
52332,4,28,52332,40,2026-08-06
52334,2,29,52334,16,2026-08-06
52335,3,29,52335,15,2026-08-06
52339,3,30,52339,23,2026-08-06
52341,1,31,52341,21,2026-08-06
52343,3,31,52343,24,2026-08-06
52344,4,31,52344,20,2026-08-06
52345,1,32,52345,24,2026-08-06
52347,3,32,52347,20,2026-08-06
52348,4,32,52348,21,2026-08-06
52349,1,33,52349,24,2026-08-06
52351,3,33,52351,22,2026-08-06
52352,4,33,52352,15,2026-08-06
52353,1,34,52353,25,2026-08-06
52354,2,34,52354,25,2026-08-06
52357,1,35,52357,43,2026-08-06
52358,2,35,52358,19,2026-08-06
52359,3,35,52359,13,2026-08-06
52361,1,1,52361,26,2026-08-07
52362,2,1,52362,33,2026-08-07
52363,3,1,52363,17,2026-08-07
52364,4,1,52364,23,2026-08-07
52365,1,2,52365,44,2026-08-07
52366,2,2,52366,15,2026-08-07
52367,3,2,52367,23,2026-08-07
52368,4,2,52368,22,2026-08-07
52369,1,3,52369,51,2026-08-07
52370,2,3,52370,9,2026-08-07
52371,3,3,52371,9,2026-08-07
52372,4,3,52372,22,2026-08-07
52374,2,4,52374,12,2026-08-07
52375,3,4,52375,11,2026-08-07
52376,4,4,52376,45,2026-08-07
52377,1,5,52377,21,2026-08-07
52378,2,5,52378,19,2026-08-07
52379,3,5,52379,18,2026-08-07
52380,4,5,52380,42,2026-08-07
52383,3,6,52383,17,2026-08-07
52384,4,6,52384,18,2026-08-07
52385,1,7,52385,21,2026-08-07
52386,2,7,52386,24,2026-08-07
52387,3,7,52387,25,2026-08-07
52388,4,7,52388,36,2026-08-07
52389,1,8,52389,30,2026-08-07
52390,2,8,52390,22,2026-08-07
52391,3,8,52391,19,2026-08-07
52392,4,8,52392,24,2026-08-07
52393,1,9,52393,12,2026-08-07
52394,2,9,52394,17,2026-08-07
52395,3,9,52395,26,2026-08-07
52396,4,9,52396,25,2026-08-07
52397,1,10,52397,2,2026-08-07
52399,3,10,52399,16,2026-08-07
52402,2,11,52402,15,2026-08-07
52403,3,11,52403,22,2026-08-07
52405,1,12,52405,24,2026-08-07
52407,3,12,52407,23,2026-08-07
52408,4,12,52408,21,2026-08-07
52409,1,13,52409,42,2026-08-07
52410,2,13,52410,27,2026-08-07
52411,3,13,52411,15,2026-08-07
52412,4,13,52412,12,2026-08-07
52414,2,14,52414,21,2026-08-07
52415,3,14,52415,22,2026-08-07
52416,4,14,52416,20,2026-08-07
52417,1,15,52417,27,2026-08-07
52418,2,15,52418,33,2026-08-07
52419,3,15,52419,18,2026-08-07
52422,2,16,52422,22,2026-08-07
52424,4,16,52424,22,2026-08-07
52426,2,17,52426,15,2026-08-07
52427,3,17,52427,33,2026-08-07
52433,1,19,52433,29,2026-08-07
52434,2,19,52434,23,2026-08-07
52435,3,19,52435,26,2026-08-07
52436,4,19,52436,47,2026-08-07
52438,2,20,52438,16,2026-08-07
52440,4,20,52440,49,2026-08-07
52441,1,21,52441,25,2026-08-07
52442,2,21,52442,8,2026-08-07
52443,3,21,52443,14,2026-08-07
52446,2,22,52446,30,2026-08-07
52447,3,22,52447,26,2026-08-07
52449,1,23,52449,44,2026-08-07
52450,2,23,52450,11,2026-08-07
52451,3,23,52451,20,2026-08-07
52452,4,23,52452,24,2026-08-07
52454,2,24,52454,10,2026-08-07
52455,3,24,52455,22,2026-08-07
52459,3,25,52459,10,2026-08-07
52460,4,25,52460,23,2026-08-07
52461,1,26,52461,42,2026-08-07
52462,2,26,52462,31,2026-08-07
52466,2,27,52466,20,2026-08-07
52467,3,27,52467,20,2026-08-07
52470,2,28,52470,31,2026-08-07
52471,3,28,52471,20,2026-08-07
52472,4,28,52472,33,2026-08-07
52474,2,29,52474,17,2026-08-07
52475,3,29,52475,17,2026-08-07
52479,3,30,52479,20,2026-08-07
52481,1,31,52481,50,2026-08-07
52482,2,31,52482,27,2026-08-07
52483,3,31,52483,33,2026-08-07
52484,4,31,52484,28,2026-08-07
52485,1,32,52485,36,2026-08-07
52487,3,32,52487,16,2026-08-07
52488,4,32,52488,45,2026-08-07
52489,1,33,52489,46,2026-08-07
52491,3,33,52491,11,2026-08-07
52492,4,33,52492,30,2026-08-07
52493,1,34,52493,26,2026-08-07
52494,2,34,52494,15,2026-08-07
52495,3,34,52495,18,2026-08-07
52497,1,35,52497,42,2026-08-07
52498,2,35,52498,20,2026-08-07
52499,3,35,52499,5,2026-08-07
52501,1,1,52501,32,2026-08-08
52502,2,1,52502,12,2026-08-08
52503,3,1,52503,19,2026-08-08
52504,4,1,52504,22,2026-08-08
52505,1,2,52505,26,2026-08-08
52506,2,2,52506,22,2026-08-08
52507,3,2,52507,15,2026-08-08
52508,4,2,52508,22,2026-08-08
52509,1,3,52509,29,2026-08-08
52510,2,3,52510,19,2026-08-08
52511,3,3,52511,16,2026-08-08
52512,4,3,52512,16,2026-08-08
52514,2,4,52514,7,2026-08-08
52515,3,4,52515,16,2026-08-08
52516,4,4,52516,15,2026-08-08
52517,1,5,52517,32,2026-08-08
52518,2,5,52518,13,2026-08-08
52519,3,5,52519,6,2026-08-08
52520,4,5,52520,16,2026-08-08
52523,3,6,52523,11,2026-08-08
52524,4,6,52524,39,2026-08-08
52525,1,7,52525,40,2026-08-08
52526,2,7,52526,20,2026-08-08
52527,3,7,52527,15,2026-08-08
52528,4,7,52528,23,2026-08-08
52529,1,8,52529,32,2026-08-08
52530,2,8,52530,12,2026-08-08
52531,3,8,52531,10,2026-08-08
52532,4,8,52532,33,2026-08-08
52533,1,9,52533,24,2026-08-08
52534,2,9,52534,29,2026-08-08
52535,3,9,52535,8,2026-08-08
52536,4,9,52536,35,2026-08-08
52537,1,10,52537,27,2026-08-08
52539,3,10,52539,16,2026-08-08
52542,2,11,52542,19,2026-08-08
52543,3,11,52543,12,2026-08-08
52545,1,12,52545,25,2026-08-08
52546,2,12,52546,10,2026-08-08
52547,3,12,52547,16,2026-08-08
52548,4,12,52548,19,2026-08-08
52549,1,13,52549,20,2026-08-08
52550,2,13,52550,13,2026-08-08
52551,3,13,52551,10,2026-08-08
52552,4,13,52552,23,2026-08-08
52554,2,14,52554,20,2026-08-08
52555,3,14,52555,20,2026-08-08
52556,4,14,52556,32,2026-08-08
52557,1,15,52557,35,2026-08-08
52558,2,15,52558,12,2026-08-08
52559,3,15,52559,11,2026-08-08
52562,2,16,52562,17,2026-08-08
52564,4,16,52564,23,2026-08-08
52566,2,17,52566,18,2026-08-08
52567,3,17,52567,16,2026-08-08
52572,4,18,52572,25,2026-08-08
52573,1,19,52573,19,2026-08-08
52574,2,19,52574,38,2026-08-08
52575,3,19,52575,27,2026-08-08
52576,4,19,52576,13,2026-08-08
52578,2,20,52578,16,2026-08-08
52579,3,20,52579,17,2026-08-08
52580,4,20,52580,17,2026-08-08
52581,1,21,52581,28,2026-08-08
52582,2,21,52582,18,2026-08-08
52583,3,21,52583,9,2026-08-08
52586,2,22,52586,18,2026-08-08
52587,3,22,52587,20,2026-08-08
52589,1,23,52589,26,2026-08-08
52590,2,23,52590,22,2026-08-08
52591,3,23,52591,30,2026-08-08
52592,4,23,52592,19,2026-08-08
52594,2,24,52594,20,2026-08-08
52595,3,24,52595,10,2026-08-08
52598,2,25,52598,3,2026-08-08
52599,3,25,52599,8,2026-08-08
52600,4,25,52600,18,2026-08-08
52601,1,26,52601,18,2026-08-08
52602,2,26,52602,13,2026-08-08
52603,3,26,52603,21,2026-08-08
52606,2,27,52606,7,2026-08-08
52607,3,27,52607,17,2026-08-08
52610,2,28,52610,14,2026-08-08
52611,3,28,52611,18,2026-08-08
52612,4,28,52612,21,2026-08-08
52613,1,29,52613,4,2026-08-08
52614,2,29,52614,16,2026-08-08
52615,3,29,52615,16,2026-08-08
52618,2,30,52618,21,2026-08-08
52619,3,30,52619,15,2026-08-08
52621,1,31,52621,23,2026-08-08
52622,2,31,52622,19,2026-08-08
52623,3,31,52623,17,2026-08-08
52624,4,31,52624,15,2026-08-08
52625,1,32,52625,28,2026-08-08
52627,3,32,52627,11,2026-08-08
52628,4,32,52628,19,2026-08-08
52629,1,33,52629,31,2026-08-08
52631,3,33,52631,14,2026-08-08
52632,4,33,52632,17,2026-08-08
52633,1,34,52633,41,2026-08-08
52634,2,34,52634,17,2026-08-08
52635,3,34,52635,7,2026-08-08
52637,1,35,52637,29,2026-08-08
52638,2,35,52638,18,2026-08-08
52639,3,35,52639,7,2026-08-08
52641,1,1,52641,25,2026-08-09
52642,2,1,52642,19,2026-08-09
52643,3,1,52643,17,2026-08-09
52644,4,1,52644,23,2026-08-09
52645,1,2,52645,25,2026-08-09
52646,2,2,52646,29,2026-08-09
52647,3,2,52647,13,2026-08-09
52648,4,2,52648,23,2026-08-09
52649,1,3,52649,37,2026-08-09
52650,2,3,52650,16,2026-08-09
52651,3,3,52651,18,2026-08-09
52652,4,3,52652,19,2026-08-09
52654,2,4,52654,26,2026-08-09
52655,3,4,52655,23,2026-08-09
52656,4,4,52656,25,2026-08-09
52657,1,5,52657,25,2026-08-09
52658,2,5,52658,24,2026-08-09
52659,3,5,52659,20,2026-08-09
52660,4,5,52660,18,2026-08-09
52662,2,6,52662,19,2026-08-09
52663,3,6,52663,30,2026-08-09
52664,4,6,52664,13,2026-08-09
52665,1,7,52665,17,2026-08-09
52666,2,7,52666,41,2026-08-09
52667,3,7,52667,16,2026-08-09
52668,4,7,52668,26,2026-08-09
52669,1,8,52669,22,2026-08-09
52670,2,8,52670,8,2026-08-09
52671,3,8,52671,27,2026-08-09
52672,4,8,52672,24,2026-08-09
52673,1,9,52673,30,2026-08-09
52674,2,9,52674,24,2026-08-09
52675,3,9,52675,8,2026-08-09
52676,4,9,52676,15,2026-08-09
52677,1,10,52677,31,2026-08-09
52678,2,10,52678,15,2026-08-09
52679,3,10,52679,8,2026-08-09
52680,4,10,52680,9,2026-08-09
52682,2,11,52682,18,2026-08-09
52683,3,11,52683,26,2026-08-09
52685,1,12,52685,13,2026-08-09
52686,2,12,52686,20,2026-08-09
52687,3,12,52687,14,2026-08-09
52688,4,12,52688,20,2026-08-09
52689,1,13,52689,25,2026-08-09
52690,2,13,52690,14,2026-08-09
52691,3,13,52691,19,2026-08-09
52692,4,13,52692,19,2026-08-09
52694,2,14,52694,9,2026-08-09
52695,3,14,52695,25,2026-08-09
52696,4,14,52696,26,2026-08-09
52697,1,15,52697,23,2026-08-09
52698,2,15,52698,23,2026-08-09
52699,3,15,52699,15,2026-08-09
52702,2,16,52702,19,2026-08-09
52704,4,16,52704,27,2026-08-09
52706,2,17,52706,24,2026-08-09
52707,3,17,52707,12,2026-08-09
52710,2,18,52710,25,2026-08-09
52712,4,18,52712,21,2026-08-09
52713,1,19,52713,20,2026-08-09
52714,2,19,52714,23,2026-08-09
52715,3,19,52715,32,2026-08-09
52716,4,19,52716,27,2026-08-09
52717,1,20,52717,11,2026-08-09
52718,2,20,52718,14,2026-08-09
52719,3,20,52719,15,2026-08-09
52720,4,20,52720,22,2026-08-09
52721,1,21,52721,31,2026-08-09
52722,2,21,52722,12,2026-08-09
52723,3,21,52723,12,2026-08-09
52726,2,22,52726,10,2026-08-09
52727,3,22,52727,35,2026-08-09
52729,1,23,52729,18,2026-08-09
52730,2,23,52730,31,2026-08-09
52731,3,23,52731,18,2026-08-09
52732,4,23,52732,31,2026-08-09
52733,1,24,52733,22,2026-08-09
52734,2,24,52734,18,2026-08-09
52735,3,24,52735,19,2026-08-09
52737,1,25,52737,25,2026-08-09
52738,2,25,52738,26,2026-08-09
52739,3,25,52739,11,2026-08-09
52740,4,25,52740,26,2026-08-09
52741,1,26,52741,17,2026-08-09
52742,2,26,52742,15,2026-08-09
52743,3,26,52743,26,2026-08-09
52746,2,27,52746,14,2026-08-09
52747,3,27,52747,20,2026-08-09
52748,4,27,52748,10,2026-08-09
52750,2,28,52750,14,2026-08-09
52751,3,28,52751,10,2026-08-09
52752,4,28,52752,19,2026-08-09
52753,1,29,52753,36,2026-08-09
52754,2,29,52754,11,2026-08-09
52755,3,29,52755,11,2026-08-09
52758,2,30,52758,11,2026-08-09
52759,3,30,52759,15,2026-08-09
52761,1,31,52761,32,2026-08-09
52762,2,31,52762,11,2026-08-09
52763,3,31,52763,24,2026-08-09
52764,4,31,52764,41,2026-08-09
52765,1,32,52765,27,2026-08-09
52767,3,32,52767,20,2026-08-09
52768,4,32,52768,32,2026-08-09
52769,1,33,52769,27,2026-08-09
52771,3,33,52771,18,2026-08-09
52772,4,33,52772,29,2026-08-09
52773,1,34,52773,23,2026-08-09
52774,2,34,52774,19,2026-08-09
52775,3,34,52775,27,2026-08-09
52777,1,35,52777,38,2026-08-09
52778,2,35,52778,16,2026-08-09
52779,3,35,52779,18,2026-08-09
52781,1,1,52781,33,2026-08-10
52782,2,1,52782,22,2026-08-10
52783,3,1,52783,27,2026-08-10
52784,4,1,52784,23,2026-08-10
52785,1,2,52785,37,2026-08-10
52786,2,2,52786,19,2026-08-10
52787,3,2,52787,14,2026-08-10
52788,4,2,52788,40,2026-08-10
52789,1,3,52789,44,2026-08-10
52790,2,3,52790,17,2026-08-10
52791,3,3,52791,16,2026-08-10
52792,4,3,52792,26,2026-08-10
52794,2,4,52794,21,2026-08-10
52795,3,4,52795,27,2026-08-10
52796,4,4,52796,31,2026-08-10
52797,1,5,52797,52,2026-08-10
52798,2,5,52798,13,2026-08-10
52799,3,5,52799,13,2026-08-10
52800,4,5,52800,44,2026-08-10
52802,2,6,52802,18,2026-08-10
52803,3,6,52803,35,2026-08-10
52804,4,6,52804,25,2026-08-10
52805,1,7,52805,20,2026-08-10
52806,2,7,52806,12,2026-08-10
52807,3,7,52807,20,2026-08-10
52808,4,7,52808,29,2026-08-10
52809,1,8,52809,18,2026-08-10
52810,2,8,52810,30,2026-08-10
52811,3,8,52811,32,2026-08-10
52812,4,8,52812,41,2026-08-10
52813,1,9,52813,30,2026-08-10
52814,2,9,52814,43,2026-08-10
52815,3,9,52815,9,2026-08-10
52816,4,9,52816,11,2026-08-10
52817,1,10,52817,28,2026-08-10
52818,2,10,52818,39,2026-08-10
52819,3,10,52819,33,2026-08-10
52820,4,10,52820,32,2026-08-10
52821,1,11,52821,12,2026-08-10
52822,2,11,52822,16,2026-08-10
52823,3,11,52823,15,2026-08-10
52825,1,12,52825,27,2026-08-10
52826,2,12,52826,31,2026-08-10
52827,3,12,52827,32,2026-08-10
52828,4,12,52828,20,2026-08-10
52829,1,13,52829,46,2026-08-10
52830,2,13,52830,47,2026-08-10
52831,3,13,52831,21,2026-08-10
52832,4,13,52832,18,2026-08-10
52834,2,14,52834,31,2026-08-10
52835,3,14,52835,20,2026-08-10
52836,4,14,52836,37,2026-08-10
52837,1,15,52837,28,2026-08-10
52838,2,15,52838,33,2026-08-10
52839,3,15,52839,26,2026-08-10
52840,4,15,52840,22,2026-08-10
52841,1,16,52841,14,2026-08-10
52842,2,16,52842,19,2026-08-10
52844,4,16,52844,17,2026-08-10
52845,1,17,52845,20,2026-08-10
52846,2,17,52846,22,2026-08-10
52847,3,17,52847,21,2026-08-10
52848,4,17,52848,24,2026-08-10
52850,2,18,52850,22,2026-08-10
52851,3,18,52851,9,2026-08-10
52852,4,18,52852,20,2026-08-10
52853,1,19,52853,27,2026-08-10
52854,2,19,52854,23,2026-08-10
52855,3,19,52855,24,2026-08-10
52856,4,19,52856,20,2026-08-10
52857,1,20,52857,27,2026-08-10
52858,2,20,52858,10,2026-08-10
52859,3,20,52859,31,2026-08-10
52860,4,20,52860,15,2026-08-10
52861,1,21,52861,62,2026-08-10
52862,2,21,52862,18,2026-08-10
52863,3,21,52863,13,2026-08-10
52866,2,22,52866,16,2026-08-10
52867,3,22,52867,17,2026-08-10
52869,1,23,52869,23,2026-08-10
52870,2,23,52870,18,2026-08-10
52871,3,23,52871,27,2026-08-10
52872,4,23,52872,21,2026-08-10
52873,1,24,52873,46,2026-08-10
52874,2,24,52874,20,2026-08-10
52875,3,24,52875,21,2026-08-10
52877,1,25,52877,32,2026-08-10
52878,2,25,52878,38,2026-08-10
52879,3,25,52879,17,2026-08-10
52880,4,25,52880,23,2026-08-10
52881,1,26,52881,40,2026-08-10
52882,2,26,52882,21,2026-08-10
52883,3,26,52883,17,2026-08-10
52885,1,27,52885,24,2026-08-10
52886,2,27,52886,18,2026-08-10
52887,3,27,52887,14,2026-08-10
52888,4,27,52888,29,2026-08-10
52889,1,28,52889,19,2026-08-10
52890,2,28,52890,10,2026-08-10
52891,3,28,52891,25,2026-08-10
52892,4,28,52892,32,2026-08-10
52893,1,29,52893,38,2026-08-10
52894,2,29,52894,25,2026-08-10
52895,3,29,52895,12,2026-08-10
52897,1,30,52897,18,2026-08-10
52898,2,30,52898,17,2026-08-10
52899,3,30,52899,15,2026-08-10
52900,4,30,52900,28,2026-08-10
52901,1,31,52901,51,2026-08-10
52902,2,31,52902,25,2026-08-10
52903,3,31,52903,26,2026-08-10
52904,4,31,52904,37,2026-08-10
52905,1,32,52905,17,2026-08-10
52906,2,32,52906,26,2026-08-10
52907,3,32,52907,14,2026-08-10
52908,4,32,52908,33,2026-08-10
52909,1,33,52909,38,2026-08-10
52911,3,33,52911,11,2026-08-10
52912,4,33,52912,20,2026-08-10
52913,1,34,52913,37,2026-08-10
52914,2,34,52914,27,2026-08-10
52915,3,34,52915,19,2026-08-10
52916,4,34,52916,12,2026-08-10
52917,1,35,52917,45,2026-08-10
52918,2,35,52918,43,2026-08-10
52919,3,35,52919,19,2026-08-10
52921,1,1,52921,21,2026-08-11
52922,2,1,52922,38,2026-08-11
52923,3,1,52923,23,2026-08-11
52924,4,1,52924,20,2026-08-11
52925,1,2,52925,31,2026-08-11
52926,2,2,52926,19,2026-08-11
52927,3,2,52927,13,2026-08-11
52928,4,2,52928,36,2026-08-11
52929,1,3,52929,44,2026-08-11
52930,2,3,52930,9,2026-08-11
52931,3,3,52931,23,2026-08-11
52932,4,3,52932,37,2026-08-11
52934,2,4,52934,29,2026-08-11
52935,3,4,52935,17,2026-08-11
52936,4,4,52936,46,2026-08-11
52937,1,5,52937,54,2026-08-11
52938,2,5,52938,17,2026-08-11
52939,3,5,52939,18,2026-08-11
52940,4,5,52940,29,2026-08-11
52941,1,6,52941,30,2026-08-11
52942,2,6,52942,31,2026-08-11
52943,3,6,52943,36,2026-08-11
52944,4,6,52944,30,2026-08-11
52945,1,7,52945,23,2026-08-11
52946,2,7,52946,21,2026-08-11
52947,3,7,52947,31,2026-08-11
52948,4,7,52948,19,2026-08-11
52949,1,8,52949,31,2026-08-11
52950,2,8,52950,21,2026-08-11
52951,3,8,52951,12,2026-08-11
52952,4,8,52952,35,2026-08-11
52953,1,9,52953,42,2026-08-11
52954,2,9,52954,26,2026-08-11
52955,3,9,52955,36,2026-08-11
52956,4,9,52956,34,2026-08-11
52957,1,10,52957,32,2026-08-11
52958,2,10,52958,21,2026-08-11
52959,3,10,52959,11,2026-08-11
52960,4,10,52960,51,2026-08-11
52961,1,11,52961,42,2026-08-11
52962,2,11,52962,27,2026-08-11
52963,3,11,52963,25,2026-08-11
52964,4,11,52964,27,2026-08-11
52965,1,12,52965,28,2026-08-11
52966,2,12,52966,41,2026-08-11
52967,3,12,52967,30,2026-08-11
52968,4,12,52968,34,2026-08-11
52969,1,13,52969,22,2026-08-11
52970,2,13,52970,28,2026-08-11
52971,3,13,52971,22,2026-08-11
52972,4,13,52972,42,2026-08-11
52974,2,14,52974,18,2026-08-11
52975,3,14,52975,33,2026-08-11
52976,4,14,52976,17,2026-08-11
52977,1,15,52977,24,2026-08-11
52978,2,15,52978,23,2026-08-11
52979,3,15,52979,10,2026-08-11
52980,4,15,52980,49,2026-08-11
52981,1,16,52981,55,2026-08-11
52982,2,16,52982,30,2026-08-11
52984,4,16,52984,17,2026-08-11
52985,1,17,52985,29,2026-08-11
52986,2,17,52986,28,2026-08-11
52987,3,17,52987,27,2026-08-11
52988,4,17,52988,27,2026-08-11
52989,1,18,52989,3,2026-08-11
52990,2,18,52990,30,2026-08-11
52991,3,18,52991,19,2026-08-11
52992,4,18,52992,37,2026-08-11
52993,1,19,52993,42,2026-08-11
52994,2,19,52994,23,2026-08-11
52995,3,19,52995,31,2026-08-11
52996,4,19,52996,31,2026-08-11
52997,1,20,52997,33,2026-08-11
52998,2,20,52998,38,2026-08-11
52999,3,20,52999,22,2026-08-11
53000,4,20,53000,35,2026-08-11
53001,1,21,53001,38,2026-08-11
53002,2,21,53002,16,2026-08-11
53003,3,21,53003,34,2026-08-11
53005,1,22,53005,6,2026-08-11
53006,2,22,53006,16,2026-08-11
53007,3,22,53007,25,2026-08-11
53008,4,22,53008,39,2026-08-11
53009,1,23,53009,36,2026-08-11
53010,2,23,53010,35,2026-08-11
53011,3,23,53011,24,2026-08-11
53012,4,23,53012,27,2026-08-11
53013,1,24,53013,43,2026-08-11
53014,2,24,53014,13,2026-08-11
53015,3,24,53015,38,2026-08-11
53016,4,24,53016,14,2026-08-11
53017,1,25,53017,38,2026-08-11
53018,2,25,53018,13,2026-08-11
53019,3,25,53019,22,2026-08-11
53020,4,25,53020,21,2026-08-11
53021,1,26,53021,29,2026-08-11
53022,2,26,53022,26,2026-08-11
53023,3,26,53023,12,2026-08-11
53024,4,26,53024,11,2026-08-11
53025,1,27,53025,28,2026-08-11
53026,2,27,53026,15,2026-08-11
53027,3,27,53027,39,2026-08-11
53028,4,27,53028,25,2026-08-11
53029,1,28,53029,41,2026-08-11
53030,2,28,53030,38,2026-08-11
53031,3,28,53031,16,2026-08-11
53032,4,28,53032,41,2026-08-11
53033,1,29,53033,31,2026-08-11
53034,2,29,53034,21,2026-08-11
53035,3,29,53035,11,2026-08-11
53036,4,29,53036,39,2026-08-11
53037,1,30,53037,42,2026-08-11
53038,2,30,53038,28,2026-08-11
53039,3,30,53039,18,2026-08-11
53040,4,30,53040,22,2026-08-11
53041,1,31,53041,28,2026-08-11
53042,2,31,53042,31,2026-08-11
53043,3,31,53043,15,2026-08-11
53044,4,31,53044,25,2026-08-11
53045,1,32,53045,36,2026-08-11
53046,2,32,53046,37,2026-08-11
53047,3,32,53047,14,2026-08-11
53048,4,32,53048,26,2026-08-11
53049,1,33,53049,49,2026-08-11
53051,3,33,53051,20,2026-08-11
53052,4,33,53052,28,2026-08-11
53053,1,34,53053,31,2026-08-11
53054,2,34,53054,25,2026-08-11
53055,3,34,53055,7,2026-08-11
53056,4,34,53056,33,2026-08-11
53057,1,35,53057,46,2026-08-11
53058,2,35,53058,18,2026-08-11
53059,3,35,53059,22,2026-08-11
53061,1,1,53061,35,2026-08-12
53062,2,1,53062,22,2026-08-12
53063,3,1,53063,36,2026-08-12
53064,4,1,53064,30,2026-08-12
53065,1,2,53065,39,2026-08-12
53066,2,2,53066,34,2026-08-12
53067,3,2,53067,13,2026-08-12
53068,4,2,53068,24,2026-08-12
53069,1,3,53069,27,2026-08-12
53070,2,3,53070,17,2026-08-12
53071,3,3,53071,32,2026-08-12
53072,4,3,53072,68,2026-08-12
53073,1,4,53073,31,2026-08-12
53074,2,4,53074,23,2026-08-12
53075,3,4,53075,40,2026-08-12
53076,4,4,53076,32,2026-08-12
53077,1,5,53077,32,2026-08-12
53078,2,5,53078,25,2026-08-12
53079,3,5,53079,32,2026-08-12
53080,4,5,53080,37,2026-08-12
53081,1,6,53081,51,2026-08-12
53082,2,6,53082,27,2026-08-12
53083,3,6,53083,36,2026-08-12
53084,4,6,53084,32,2026-08-12
53085,1,7,53085,47,2026-08-12
53086,2,7,53086,15,2026-08-12
53087,3,7,53087,17,2026-08-12
53088,4,7,53088,48,2026-08-12
53089,1,8,53089,23,2026-08-12
53090,2,8,53090,26,2026-08-12
53091,3,8,53091,23,2026-08-12
53092,4,8,53092,45,2026-08-12
53093,1,9,53093,49,2026-08-12
53094,2,9,53094,14,2026-08-12
53095,3,9,53095,33,2026-08-12
53096,4,9,53096,18,2026-08-12
53097,1,10,53097,27,2026-08-12
53098,2,10,53098,41,2026-08-12
53099,3,10,53099,31,2026-08-12
53100,4,10,53100,37,2026-08-12
53101,1,11,53101,19,2026-08-12
53102,2,11,53102,17,2026-08-12
53103,3,11,53103,21,2026-08-12
53104,4,11,53104,41,2026-08-12
53105,1,12,53105,44,2026-08-12
53106,2,12,53106,28,2026-08-12
53107,3,12,53107,25,2026-08-12
53108,4,12,53108,22,2026-08-12
53109,1,13,53109,26,2026-08-12
53110,2,13,53110,31,2026-08-12
53111,3,13,53111,19,2026-08-12
53112,4,13,53112,41,2026-08-12
53113,1,14,53113,16,2026-08-12
53114,2,14,53114,56,2026-08-12
53115,3,14,53115,20,2026-08-12
53116,4,14,53116,40,2026-08-12
53117,1,15,53117,66,2026-08-12
53118,2,15,53118,49,2026-08-12
53119,3,15,53119,17,2026-08-12
53120,4,15,53120,26,2026-08-12
53121,1,16,53121,54,2026-08-12
53122,2,16,53122,8,2026-08-12
53123,3,16,53123,11,2026-08-12
53124,4,16,53124,36,2026-08-12
53125,1,17,53125,41,2026-08-12
53126,2,17,53126,31,2026-08-12
53127,3,17,53127,22,2026-08-12
53128,4,17,53128,38,2026-08-12
53129,1,18,53129,61,2026-08-12
53130,2,18,53130,34,2026-08-12
53131,3,18,53131,34,2026-08-12
53132,4,18,53132,26,2026-08-12
53133,1,19,53133,39,2026-08-12
53134,2,19,53134,35,2026-08-12
53135,3,19,53135,45,2026-08-12
53136,4,19,53136,38,2026-08-12
53137,1,20,53137,36,2026-08-12
53138,2,20,53138,15,2026-08-12
53139,3,20,53139,7,2026-08-12
53140,4,20,53140,25,2026-08-12
53141,1,21,53141,42,2026-08-12
53142,2,21,53142,23,2026-08-12
53143,3,21,53143,13,2026-08-12
53145,1,22,53145,66,2026-08-12
53146,2,22,53146,30,2026-08-12
53147,3,22,53147,18,2026-08-12
53148,4,22,53148,25,2026-08-12
53149,1,23,53149,35,2026-08-12
53150,2,23,53150,39,2026-08-12
53151,3,23,53151,42,2026-08-12
53152,4,23,53152,40,2026-08-12
53153,1,24,53153,16,2026-08-12
53154,2,24,53154,29,2026-08-12
53155,3,24,53155,21,2026-08-12
53156,4,24,53156,50,2026-08-12
53157,1,25,53157,50,2026-08-12
53158,2,25,53158,26,2026-08-12
53159,3,25,53159,20,2026-08-12
53160,4,25,53160,22,2026-08-12
53161,1,26,53161,29,2026-08-12
53162,2,26,53162,39,2026-08-12
53163,3,26,53163,26,2026-08-12
53164,4,26,53164,28,2026-08-12
53165,1,27,53165,39,2026-08-12
53166,2,27,53166,44,2026-08-12
53167,3,27,53167,14,2026-08-12
53168,4,27,53168,69,2026-08-12
53169,1,28,53169,33,2026-08-12
53170,2,28,53170,21,2026-08-12
53171,3,28,53171,21,2026-08-12
53172,4,28,53172,29,2026-08-12
53173,1,29,53173,42,2026-08-12
53174,2,29,53174,21,2026-08-12
53175,3,29,53175,31,2026-08-12
53176,4,29,53176,20,2026-08-12
53177,1,30,53177,36,2026-08-12
53178,2,30,53178,15,2026-08-12
53179,3,30,53179,38,2026-08-12
53180,4,30,53180,32,2026-08-12
53181,1,31,53181,62,2026-08-12
53182,2,31,53182,21,2026-08-12
53183,3,31,53183,7,2026-08-12
53184,4,31,53184,48,2026-08-12
53185,1,32,53185,36,2026-08-12
53186,2,32,53186,39,2026-08-12
53187,3,32,53187,24,2026-08-12
53188,4,32,53188,50,2026-08-12
53189,1,33,53189,30,2026-08-12
53190,2,33,53190,23,2026-08-12
53191,3,33,53191,23,2026-08-12
53192,4,33,53192,34,2026-08-12
53193,1,34,53193,65,2026-08-12
53194,2,34,53194,19,2026-08-12
53195,3,34,53195,27,2026-08-12
53196,4,34,53196,30,2026-08-12
53197,1,35,53197,20,2026-08-12
53198,2,35,53198,32,2026-08-12
53199,3,35,53199,20,2026-08-12
53200,4,35,53200,8,2026-08-12
