id,dailySaleId,flowerId,soldQuantity,damagedQuantity
1,1,1,26,0
2,1,2,53,2
3,1,3,23,1
4,1,4,28,1
5,1,5,19,1
6,1,6,34,1
7,1,7,41,2
8,1,8,24,1
9,1,9,34,0
10,1,10,73,1
11,1,11,17,1
12,1,12,39,1
13,1,13,80,4
14,1,14,13,1
15,1,15,16,0
16,1,16,23,1
17,1,17,29,0
18,1,18,17,0
19,1,19,25,1
20,1,20,37,1
21,1,21,48,1
22,1,22,12,0
23,1,23,14,0
24,1,24,20,0
25,1,25,37,1
26,1,26,44,1
27,1,27,39,2
28,1,28,16,0
29,1,29,32,1
30,1,30,21,0
31,1,31,26,1
32,1,32,26,1
33,1,33,40,1
34,1,34,15,1
35,1,35,29,1
36,2,1,5,0
37,2,2,38,2
38,2,3,13,0
39,2,4,11,0
40,2,5,16,1
41,2,6,33,1
42,2,7,19,0
43,2,8,12,0
44,2,9,12,0
45,2,10,14,0
46,2,11,15,0
47,2,12,15,0
48,2,13,13,1
49,2,14,21,0
50,2,15,7,0
51,2,16,36,0
52,2,17,28,1
53,2,18,11,0
54,2,19,13,1
55,2,20,6,0
56,2,21,20,0
57,2,22,20,0
58,2,23,19,1
59,2,24,33,1
60,2,25,19,0
61,2,26,26,1
62,2,27,12,1
63,2,28,21,1
64,2,29,26,1
65,2,30,17,0
66,2,31,31,1
67,2,32,15,0
68,2,33,15,0
69,2,34,10,0
70,2,35,9,0
71,3,1,14,1
72,3,2,13,1
73,3,3,16,0
74,3,4,17,0
75,3,5,10,0
76,3,6,6,0
77,3,7,14,1
78,3,8,19,0
79,3,9,14,1
80,3,10,14,0
81,3,11,23,0
82,3,12,14,0
83,3,13,23,1
84,3,14,27,2
85,3,15,5,0
86,3,16,16,1
87,3,17,12,1
88,3,18,7,0
89,3,19,9,1
90,3,20,14,1
91,3,21,22,1
92,3,22,28,1
93,3,23,16,0
94,3,24,16,1
95,3,25,26,1
96,3,26,31,2
97,3,27,10,0
98,3,28,9,0
99,3,29,28,1
100,3,30,17,0
101,3,31,15,1
102,3,32,22,1
103,3,33,13,1
104,3,34,19,1
105,3,35,13,0
106,4,1,27,0
107,4,2,15,0
108,4,3,20,1
109,4,4,30,0
110,4,5,38,2
111,4,6,27,1
112,4,7,20,1
113,4,8,35,2
114,4,9,26,1
115,4,10,43,2
116,4,11,6,0
117,4,12,6,0
118,4,13,9,0
119,4,14,38,2
120,4,15,29,1
121,4,16,25,1
122,4,17,23,0
123,4,18,6,0
124,4,19,47,3
125,4,20,30,1
126,4,21,11,0
127,4,22,36,1
128,4,23,10,0
129,4,24,12,1
130,4,25,19,1
131,4,26,19,0
132,4,27,7,0
133,4,28,10,0
134,4,29,25,1
135,4,30,21,0
136,4,31,19,0
137,4,32,23,0
138,4,33,4,0
139,4,34,26,1
140,4,35,14,1
141,5,1,12,1
142,5,2,35,1
143,5,3,42,2
144,5,4,40,1
145,5,5,31,1
146,5,6,21,1
147,5,7,18,0
148,5,8,15,0
149,5,9,23,0
150,5,10,19,0
151,5,11,31,0
152,5,12,8,0
153,5,13,29,1
154,5,14,24,1
155,5,15,29,1
156,5,16,7,0
157,5,17,31,0
158,5,18,10,0
159,5,19,33,2
160,5,20,15,0
161,5,21,26,1
162,5,22,48,2
163,5,23,47,1
164,5,24,33,0
165,5,25,18,1
166,5,26,30,1
167,5,27,43,2
168,5,28,20,1
169,5,29,36,0
170,5,30,25,0
171,5,31,62,2
172,5,32,24,1
173,5,33,46,1
174,5,34,34,2
175,5,35,25,1
176,6,1,14,1
177,6,2,18,1
178,6,3,16,1
179,6,4,17,1
180,6,5,20,1
181,6,6,19,1
182,6,7,29,1
183,6,8,18,1
184,6,9,17,1
185,6,10,23,1
186,6,11,25,1
187,6,12,8,0
188,6,13,16,0
189,6,14,32,2
190,6,15,10,1
191,6,16,8,0
192,6,17,9,0
193,6,18,29,0
194,6,19,18,0
195,6,20,26,0
196,6,21,24,0
197,6,22,10,0
198,6,23,29,1
199,6,24,30,1
200,6,25,14,0
201,6,26,21,1
202,6,27,22,0
203,6,28,12,0
204,6,29,10,0
205,6,30,9,0
206,6,31,28,1
207,6,32,17,0
208,6,33,16,1
209,6,34,15,0
210,6,35,21,0
211,7,1,19,1
212,7,2,19,1
213,7,3,21,0
214,7,4,6,0
215,7,5,13,1
216,7,6,32,0
217,7,7,15,1
218,7,8,8,0
219,7,9,19,1
220,7,10,15,0
221,7,11,21,0
222,7,12,24,1
223,7,13,14,1
224,7,14,23,1
225,7,15,9,0
226,7,16,13,0
227,7,17,17,0
228,7,18,24,1
229,7,19,8,0
230,7,20,4,0
231,7,21,28,1
232,7,22,31,1
233,7,23,10,1
234,7,24,9,0
235,7,25,9,0
236,7,26,22,1
237,7,27,15,0
238,7,28,14,1
239,7,29,13,1
240,7,30,16,0
241,7,31,24,1
242,7,32,20,1
243,7,33,7,0
244,7,34,9,0
245,7,35,22,1
246,8,1,35,1
247,8,2,36,1
248,8,3,17,0
249,8,4,45,1
250,8,5,19,1
251,8,6,27,1
252,8,7,28,1
253,8,8,66,2
254,8,9,20,1
255,8,10,23,1
256,8,11,18,1
257,8,12,22,0
258,8,13,38,2
259,8,14,39,0
260,8,15,10,0
261,8,16,42,2
262,8,17,29,1
263,8,18,13,1
264,8,19,32,2
265,8,20,12,0
266,8,21,17,1
267,8,22,16,0
268,8,23,25,1
269,8,24,13,0
270,8,25,19,1
271,8,26,18,0
272,8,27,23,1
273,8,28,24,0
274,8,29,22,1
275,8,30,49,1
276,8,31,28,1
277,8,32,17,1
278,8,33,20,1
279,8,34,37,1
280,8,35,20,0
281,9,1,11,0
282,9,2,40,1
283,9,3,22,1
284,9,4,48,2
285,9,5,39,2
286,9,6,56,2
287,9,7,7,0
288,9,8,38,1
289,9,9,29,1
290,9,10,38,1
291,9,11,24,0
292,9,12,22,1
293,9,13,26,1
294,9,14,30,1
295,9,15,48,3
296,9,16,53,3
297,9,17,1,0
298,9,18,19,0
299,9,19,16,1
300,9,20,35,1
301,9,21,27,0
302,9,22,23,1
303,9,23,37,2
304,9,24,37,0
305,9,25,32,1
306,9,26,40,2
307,9,27,52,2
308,9,28,60,1
309,9,29,22,1
310,9,30,51,2
311,9,31,26,1
312,9,32,22,1
313,9,33,12,1
314,9,34,13,0
315,9,35,66,1
316,10,1,34,1
317,10,2,17,0
318,10,3,12,1
319,10,4,15,0
320,10,5,39,2
321,10,6,44,2
322,10,7,22,1
323,10,8,23,1
324,10,9,16,1
325,10,10,3,0
326,10,11,9,0
327,10,12,18,1
328,10,13,28,1
329,10,14,19,1
330,10,15,16,1
331,10,16,22,0
332,10,17,16,1
333,10,18,32,1
334,10,19,25,1
335,10,20,13,1
336,10,21,36,2
337,10,22,19,0
338,10,23,16,0
339,10,24,13,0
340,10,25,23,1
341,10,26,15,1
342,10,27,8,0
343,10,28,12,0
344,10,29,29,2
345,10,30,15,1
346,10,31,40,2
347,10,32,47,1
348,10,33,17,1
349,10,34,17,0
350,10,35,30,2
351,11,1,20,1
352,11,2,15,1
353,11,3,17,0
354,11,4,14,1
355,11,5,28,1
356,11,6,37,1
357,11,7,33,1
358,11,8,12,0
359,11,9,12,1
360,11,10,14,0
361,11,11,23,0
362,11,12,23,1
363,11,13,26,0
364,11,14,28,1
365,11,15,10,0
366,11,16,9,0
367,11,17,36,1
368,11,18,16,0
369,11,19,48,1
370,11,20,55,2
371,11,21,21,1
372,11,22,6,0
373,11,23,23,1
374,11,24,41,2
375,11,25,22,1
376,11,26,20,0
377,11,27,10,0
378,11,28,27,1
379,11,29,22,1
380,11,30,20,0
381,11,31,8,0
382,11,32,35,1
383,11,33,15,0
384,11,34,11,1
385,11,35,35,1
386,12,1,16,1
387,12,2,21,0
388,12,3,21,1
389,12,4,32,1
390,12,5,13,0
391,12,6,37,2
392,12,7,20,0
393,12,8,16,1
394,12,9,18,0
395,12,10,24,1
396,12,11,31,1
397,12,12,19,0
398,12,13,42,1
399,12,14,12,0
400,12,15,20,0
401,12,16,32,1
402,12,17,24,0
403,12,18,47,1
404,12,19,20,1
405,12,20,63,2
406,12,21,13,0
407,12,22,12,0
408,12,23,15,1
409,12,24,12,1
410,12,25,17,0
411,12,26,40,2
412,12,27,38,1
413,12,28,36,1
414,12,29,22,1
415,12,30,9,0
416,12,31,28,0
417,12,32,26,1
418,12,33,9,0
419,12,34,40,2
420,12,35,28,1
421,13,1,33,1
422,13,2,21,1
423,13,3,22,1
424,13,4,18,1
425,13,5,48,2
426,13,6,55,1
427,13,7,59,2
428,13,8,44,2
429,13,9,45,1
430,13,10,60,1
431,13,11,52,1
432,13,12,62,2
433,13,13,43,2
434,13,14,31,1
435,13,15,38,2
436,13,16,33,1
437,13,17,20,0
438,13,18,36,1
439,13,19,27,1
440,13,20,40,1
441,13,21,23,0
442,13,22,29,1
443,13,23,38,2
444,13,24,57,3
445,13,25,42,2
446,13,26,14,0
447,13,27,18,1
448,13,28,38,0
449,13,29,17,1
450,13,30,22,1
451,13,31,33,2
452,13,32,43,1
453,13,33,58,3
454,13,34,59,1
455,13,35,17,0
456,14,1,16,0
457,14,2,27,1
458,14,3,43,2
459,14,4,19,0
460,14,5,42,1
461,14,6,26,1
462,14,7,26,2
463,14,8,22,0
464,14,9,41,1
465,14,10,27,1
466,14,11,38,2
467,14,12,16,1
468,14,13,18,1
469,14,14,40,1
470,14,15,28,1
471,14,16,13,0
472,14,17,38,1
473,14,18,29,2
474,14,19,18,1
475,14,20,36,2
476,14,21,53,3
477,14,22,25,1
478,14,23,25,1
479,14,24,44,2
480,14,25,28,1
481,14,26,27,1
482,14,27,37,1
483,14,28,24,1
484,14,29,44,2
485,14,30,22,0
486,14,31,21,1
487,14,32,12,1
488,14,33,6,0
489,14,34,33,2
490,14,35,18,1
491,15,1,21,1
492,15,2,24,1
493,15,3,11,1
494,15,4,25,1
495,15,5,18,1
496,15,6,13,0
497,15,7,9,0
498,15,8,46,3
499,15,9,12,0
500,15,10,10,1
501,15,11,20,0
502,15,12,12,0
503,15,13,11,0
504,15,14,12,1
505,15,15,20,0
506,15,16,25,0
507,15,17,16,1
508,15,18,32,2
509,15,19,21,1
510,15,20,36,2
511,15,21,38,1
512,15,22,11,0
513,15,23,39,1
514,15,24,28,1
515,15,25,23,0
516,15,26,10,0
517,15,27,20,1
518,15,28,23,1
519,15,29,19,1
520,15,30,17,1
521,15,31,36,1
522,15,32,23,1
523,15,33,9,0
524,15,34,31,1
525,15,35,23,1
526,16,1,28,1
527,16,2,50,3
528,16,3,71,4
529,16,4,31,1
530,16,5,46,2
531,16,6,26,1
532,16,7,28,1
533,16,8,33,0
534,16,9,59,1
535,16,10,40,1
536,16,11,45,2
537,16,12,41,0
538,16,13,46,2
539,16,14,23,1
540,16,15,27,1
541,16,16,34,2
542,16,17,48,2
543,16,18,32,2
544,16,19,23,0
545,16,20,24,1
546,16,21,39,2
547,16,22,68,2
548,16,23,19,1
549,16,24,28,2
550,16,25,48,1
551,16,26,32,2
552,16,27,77,1
553,16,28,36,2
554,16,29,25,1
555,16,30,11,1
556,16,31,52,1
557,16,32,53,3
558,16,33,27,1
559,16,34,31,0
560,16,35,42,2
561,17,1,46,2
562,17,2,11,1
563,17,3,34,2
564,17,4,26,1
565,17,5,53,3
566,17,6,10,0
567,17,7,43,1
568,17,8,28,1
569,17,9,35,1
570,17,10,45,3
571,17,11,22,1
572,17,12,45,2
573,17,13,37,2
574,17,14,33,2
575,17,15,17,1
576,17,16,88,3
577,17,17,68,1
578,17,18,53,2
579,17,19,45,1
580,17,20,33,1
581,17,21,49,1
582,17,22,32,1
583,17,23,52,3
584,17,24,41,1
585,17,25,22,1
586,17,26,23,1
587,17,27,68,4
588,17,28,32,1
589,17,29,45,2
590,17,30,45,1
591,17,31,49,2
592,17,32,23,1
593,17,33,40,0
594,17,34,31,2
595,17,35,117,6
596,18,1,27,1
597,18,2,7,0
598,18,3,9,0
599,18,4,35,2
600,18,5,33,1
601,18,6,56,1
602,18,7,28,0
603,18,8,18,1
604,18,9,18,1
605,18,10,54,2
606,18,11,22,1
607,18,12,23,1
608,18,13,20,1
609,18,14,14,0
610,18,15,14,0
611,18,16,32,1
612,18,17,42,3
613,18,18,16,0
614,18,19,46,2
615,18,20,26,1
616,18,21,21,1
617,18,22,8,0
618,18,23,19,1
619,18,24,25,1
620,18,25,33,1
621,18,26,10,1
622,18,27,31,1
623,18,28,22,0
624,18,29,53,2
625,18,30,31,0
626,18,31,38,2
627,18,32,38,2
628,18,33,20,0
629,18,34,19,0
630,18,35,21,1
631,19,1,29,1
632,19,2,20,0
633,19,3,9,0
634,19,4,30,0
635,19,5,14,0
636,19,6,45,2
637,19,7,11,0
638,19,8,3,0
639,19,9,24,0
640,19,10,41,2
641,19,11,30,2
642,19,12,6,0
643,19,13,24,0
644,19,14,13,0
645,19,15,10,0
646,19,16,13,1
647,19,17,11,0
648,19,18,15,1
649,19,19,34,2
650,19,20,32,2
651,19,21,42,1
652,19,22,43,1
653,19,23,16,1
654,19,24,20,0
655,19,25,15,0
656,19,26,17,1
657,19,27,41,1
658,19,28,31,0
659,19,29,18,0
660,19,30,27,1
661,19,31,42,1
662,19,32,33,0
663,19,33,29,1
664,19,34,41,2
665,19,35,15,0
666,20,1,30,1
667,20,2,37,1
668,20,3,24,1
669,20,4,37,0
670,20,5,18,1
671,20,6,34,1
672,20,7,24,0
673,20,8,20,1
674,20,9,27,0
675,20,10,49,1
676,20,11,48,1
677,20,12,27,1
678,20,13,57,2
679,20,14,27,1
680,20,15,24,1
681,20,16,27,0
682,20,17,48,2
683,20,18,47,1
684,20,19,50,1
685,20,20,65,1
686,20,21,15,0
687,20,22,34,1
688,20,23,35,1
689,20,24,71,2
690,20,25,33,2
691,20,26,23,1
692,20,27,48,2
693,20,28,38,1
694,20,29,38,1
695,20,30,26,1
696,20,31,41,2
697,20,32,17,0
698,20,33,36,1
699,20,34,32,0
700,20,35,20,0
701,21,1,45,2
702,21,2,65,1
703,21,3,30,1
704,21,4,28,0
705,21,5,18,1
706,21,6,58,1
707,21,7,61,3
708,21,8,77,4
709,21,9,56,1
710,21,10,41,1
711,21,11,33,1
712,21,12,63,3
713,21,13,34,0
714,21,14,24,1
715,21,15,47,2
716,21,16,26,1
717,21,17,15,0
718,21,18,36,1
719,21,19,25,1
720,21,20,50,2
721,21,21,37,2
722,21,22,28,1
723,21,23,51,1
724,21,24,34,2
725,21,25,32,1
726,21,26,56,3
727,21,27,39,1
728,21,28,18,1
729,21,29,17,0
730,21,30,34,1
731,21,31,30,1
732,21,32,48,1
733,21,33,28,1
734,21,34,45,2
735,21,35,40,0
736,22,1,27,0
737,22,2,13,1
738,22,3,14,0
739,22,4,22,1
740,22,5,24,1
741,22,6,8,0
742,22,7,47,1
743,22,8,27,1
744,22,9,24,1
745,22,10,14,0
746,22,11,12,0
747,22,12,39,2
748,22,13,27,1
749,22,14,31,1
750,22,15,27,1
751,22,16,26,1
752,22,17,20,1
753,22,18,32,1
754,22,19,18,0
755,22,20,33,1
756,22,21,40,1
757,22,22,20,0
758,22,23,47,1
759,22,24,30,1
760,22,25,37,1
761,22,26,11,0
762,22,27,20,1
763,22,28,34,1
764,22,29,42,2
765,22,30,41,2
766,22,31,56,1
767,22,32,45,1
768,22,33,33,2
769,22,34,11,0
770,22,35,8,0
771,23,1,37,1
772,23,2,27,1
773,23,3,21,1
774,23,4,12,1
775,23,5,27,1
776,23,6,27,1
777,23,7,15,0
778,23,8,46,3
779,23,9,40,2
780,23,10,13,1
781,23,11,38,2
782,23,12,24,0
783,23,13,20,1
784,23,14,38,1
785,23,15,45,2
786,23,16,28,2
787,23,17,18,0
788,23,18,14,0
789,23,19,30,1
790,23,20,33,2
791,23,21,30,1
792,23,22,31,1
793,23,23,56,1
794,23,24,34,1
795,23,25,43,0
796,23,26,28,1
797,23,27,17,1
798,23,28,22,1
799,23,29,29,2
800,23,30,12,1
801,23,31,11,0
802,23,32,28,1
803,23,33,11,0
804,23,34,16,0
805,23,35,8,0
806,24,1,46,3
807,24,2,19,1
808,24,3,20,1
809,24,4,10,1
810,24,5,34,1
811,24,6,55,3
812,24,7,40,2
813,24,8,40,1
814,24,9,30,1
815,24,10,19,1
816,24,11,21,0
817,24,12,36,2
818,24,13,22,1
819,24,14,53,2
820,24,15,29,2
821,24,16,41,1
822,24,17,53,1
823,24,18,21,1
824,24,19,27,1
825,24,20,43,2
826,24,21,43,2
827,24,22,51,1
828,24,23,63,2
829,24,24,39,2
830,24,25,46,2
831,24,26,28,1
832,24,27,46,1
833,24,28,19,1
834,24,29,45,2
835,24,30,27,1
836,24,31,24,1
837,24,32,55,1
838,24,33,44,2
839,24,34,16,1
840,24,35,34,1
841,25,1,28,1
842,25,2,59,3
843,25,3,22,1
844,25,4,47,2
845,25,5,28,0
846,25,6,28,1
847,25,7,38,1
848,25,8,12,0
849,25,9,22,1
850,25,10,30,1
851,25,11,29,0
852,25,12,28,1
853,25,13,21,1
854,25,14,26,1
855,25,15,28,1
856,25,16,21,1
857,25,17,31,2
858,25,18,30,2
859,25,19,25,1
860,25,20,33,1
861,25,21,12,0
862,25,22,40,0
863,25,23,41,1
864,25,24,24,0
865,25,25,28,0
866,25,26,23,1
867,25,27,31,1
868,25,28,20,1
869,25,29,59,3
870,25,30,44,2
871,25,31,46,2
872,25,32,23,1
873,25,33,22,1
874,25,34,30,1
875,25,35,19,0
876,26,1,9,0
877,26,2,26,0
878,26,3,25,1
879,26,4,25,0
880,26,5,24,1
881,26,6,14,0
882,26,7,17,1
883,26,8,15,1
884,26,9,8,0
885,26,10,17,1
886,26,11,20,1
887,26,12,19,0
888,26,13,17,1
889,26,14,13,0
890,26,15,32,1
891,26,16,12,1
892,26,17,13,0
893,26,18,12,0
894,26,19,32,0
895,26,20,38,1
896,26,21,16,1
897,26,22,19,0
898,26,23,26,2
899,26,24,11,1
900,26,25,27,0
901,26,26,22,1
902,26,27,24,1
903,26,28,17,0
904,26,29,16,1
905,26,30,18,0
906,26,31,8,0
907,26,32,20,1
908,26,33,42,2
909,26,34,40,2
910,26,35,17,0
911,27,1,26,1
912,27,2,33,2
913,27,3,26,1
914,27,4,9,0
915,27,5,14,1
916,27,6,8,0
917,27,7,11,0
918,27,8,23,1
919,27,9,15,0
920,27,10,16,1
921,27,11,17,1
922,27,12,21,1
923,27,13,8,0
924,27,14,10,0
925,27,15,18,1
926,27,16,23,1
927,27,17,14,1
928,27,18,11,0
929,27,19,15,1
930,27,20,11,0
931,27,21,16,1
932,27,22,10,0
933,27,23,19,0
934,27,24,11,1
935,27,25,14,0
936,27,26,18,1
937,27,27,29,1
938,27,28,30,1
939,27,29,26,0
940,27,30,17,1
941,27,31,11,0
942,27,32,14,0
943,27,33,19,1
944,27,34,17,1
945,27,35,13,1
946,28,1,15,1
947,28,2,18,1
948,28,3,17,0
949,28,4,25,1
950,28,5,27,1
951,28,6,25,1
952,28,7,44,1
953,28,8,24,1
954,28,9,16,0
955,28,10,16,1
956,28,11,30,1
957,28,12,20,1
958,28,13,23,1
959,28,14,20,0
960,28,15,13,1
961,28,16,25,1
962,28,17,24,1
963,28,18,22,1
964,28,19,19,1
965,28,20,9,0
966,28,21,41,1
967,28,22,42,2
968,28,23,46,3
969,28,24,22,1
970,28,25,25,1
971,28,26,23,1
972,28,27,37,2
973,28,28,12,0
974,28,29,18,0
975,28,30,9,0
976,28,31,22,1
977,28,32,10,0
978,28,33,30,0
979,28,34,23,1
980,28,35,25,1
981,29,1,39,2
982,29,2,33,2
983,29,3,35,0
984,29,4,52,2
985,29,5,33,1
986,29,6,30,0
987,29,7,21,0
988,29,8,17,0
989,29,9,14,0
990,29,10,26,1
991,29,11,28,1
992,29,12,22,1
993,29,13,10,0
994,29,14,45,1
995,29,15,44,1
996,29,16,59,3
997,29,17,45,2
998,29,18,20,0
999,29,19,31,1
1000,29,20,15,0
1001,29,21,30,0
1002,29,22,19,1
1003,29,23,17,1
1004,29,24,26,1
1005,29,25,5,0
1006,29,26,33,1
1007,29,27,29,1
1008,29,28,18,1
1009,29,29,19,1
1010,29,30,37,2
1011,29,31,42,2
1012,29,32,25,1
1013,29,33,19,0
1014,29,34,21,1
1015,29,35,19,0
1016,30,1,14,0
1017,30,2,17,0
1018,30,3,6,0
1019,30,4,38,2
1020,30,5,20,1
1021,30,6,13,1
1022,30,7,22,1
1023,30,8,9,0
1024,30,9,9,0
1025,30,10,32,1
1026,30,11,45,1
1027,30,12,37,2
1028,30,13,19,1
1029,30,14,11,1
1030,30,15,17,1
1031,30,16,17,1
1032,30,17,44,1
1033,30,18,31,1
1034,30,19,14,0
1035,30,20,26,2
1036,30,21,9,0
1037,30,22,38,2
1038,30,23,14,0
1039,30,24,8,0
1040,30,25,8,0
1041,30,26,29,1
1042,30,27,14,1
1043,30,28,8,0
1044,30,29,17,0
1045,30,30,15,1
1046,30,31,32,1
1047,30,32,30,1
1048,30,33,29,1
1049,30,34,26,1
1050,30,35,11,0
1051,31,1,11,0
1052,31,2,13,1
1053,31,3,13,1
1054,31,4,16,0
1055,31,5,11,0
1056,31,6,10,0
1057,31,7,17,1
1058,31,8,15,0
1059,31,9,18,1
1060,31,10,20,1
1061,31,11,15,0
1062,31,12,18,1
1063,31,13,17,1
1064,31,14,18,1
1065,31,15,7,0
1066,31,16,6,0
1067,31,17,26,1
1068,31,18,18,0
1069,31,19,17,1
1070,31,20,13,0
1071,31,21,25,1
1072,31,22,32,0
1073,31,23,8,0
1074,31,24,11,1
1075,31,25,23,1
1076,31,26,12,0
1077,31,27,9,0
1078,31,28,11,0
1079,31,29,24,1
1080,31,30,30,2
1081,31,31,7,0
1082,31,32,15,1
1083,31,33,7,0
1084,31,34,10,0
1085,31,35,4,0
1086,32,1,25,1
1087,32,2,9,0
1088,32,3,46,2
1089,32,4,27,1
1090,32,5,25,1
1091,32,6,22,1
1092,32,7,28,2
1093,32,8,49,1
1094,32,9,33,1
1095,32,10,13,0
1096,32,11,47,3
1097,32,12,19,1
1098,32,13,22,1
1099,32,14,19,0
1100,32,15,24,1
1101,32,16,16,1
1102,32,17,24,0
1103,32,18,17,1
1104,32,19,20,1
1105,32,20,33,1
1106,32,21,29,1
1107,32,22,11,0
1108,32,23,40,2
1109,32,24,35,2
1110,32,25,47,2
1111,32,26,16,0
1112,32,27,34,1
1113,32,28,36,1
1114,32,29,36,1
1115,32,30,23,1
1116,32,31,19,1
1117,32,32,15,1
1118,32,33,48,2
1119,32,34,31,1
1120,32,35,25,1
1121,33,1,39,1
1122,33,2,22,0
1123,33,3,44,0
1124,33,4,38,2
1125,33,5,33,2
1126,33,6,33,1
1127,33,7,45,2
1128,33,8,36,1
1129,33,9,38,2
1130,33,10,15,1
1131,33,11,39,2
1132,33,12,32,1
1133,33,13,34,2
1134,33,14,34,2
1135,33,15,26,1
1136,33,16,55,1
1137,33,17,48,1
1138,33,18,38,1
1139,33,19,22,0
1140,33,20,11,1
1141,33,21,45,1
1142,33,22,38,1
1143,33,23,50,2
1144,33,24,22,0
1145,33,25,31,1
1146,33,26,29,1
1147,33,27,30,1
1148,33,28,28,1
1149,33,29,15,0
1150,33,30,25,1
1151,33,31,39,2
1152,33,32,15,0
1153,33,33,11,0
1154,33,34,15,1
1155,33,35,17,0
1156,34,1,16,1
1157,34,2,17,1
1158,34,3,15,0
1159,34,4,26,1
1160,34,5,25,1
1161,34,6,16,1
1162,34,7,20,1
1163,34,8,16,1
1164,34,9,16,1
1165,34,10,15,0
1166,34,11,18,1
1167,34,12,28,2
1168,34,13,8,0
1169,34,14,51,1
1170,34,15,20,0
1171,34,16,31,0
1172,34,17,24,1
1173,34,18,9,0
1174,34,19,31,0
1175,34,20,20,1
1176,34,21,32,2
1177,34,22,9,0
1178,34,23,26,1
1179,34,24,28,0
1180,34,25,23,1
1181,34,26,16,0
1182,34,27,21,1
1183,34,28,34,1
1184,34,29,30,1
1185,34,30,19,1
1186,34,31,19,0
1187,34,32,28,0
1188,34,33,13,0
1189,34,34,13,1
1190,34,35,14,1
1191,35,1,10,0
1192,35,2,23,1
1193,35,3,12,0
1194,35,4,14,1
1195,35,5,35,2
1196,35,6,29,1
1197,35,7,29,2
1198,35,8,16,1
1199,35,9,15,1
1200,35,10,19,1
1201,35,11,30,1
1202,35,12,8,0
1203,35,13,17,1
1204,35,14,19,0
1205,35,15,23,1
1206,35,16,7,0
1207,35,17,21,1
1208,35,18,23,0
1209,35,19,13,0
1210,35,20,31,1
1211,35,21,19,0
1212,35,22,22,1
1213,35,23,17,1
1214,35,24,10,0
1215,35,25,29,1
1216,35,26,18,0
1217,35,27,28,1
1218,35,28,12,0
1219,35,29,17,0
1220,35,30,28,1
1221,35,31,14,1
1222,35,32,22,1
1223,35,33,17,0
1224,35,34,20,0
1225,35,35,22,1
1226,36,1,19,1
1227,36,2,18,1
1228,36,3,37,1
1229,36,4,23,0
1230,36,5,30,1
1231,36,6,21,1
1232,36,7,45,1
1233,36,8,27,1
1234,36,9,14,0
1235,36,10,15,0
1236,36,11,26,1
1237,36,12,12,1
1238,36,13,26,1
1239,36,14,44,2
1240,36,15,18,1
1241,36,16,22,1
1242,36,17,26,1
1243,36,18,33,0
1244,36,19,29,1
1245,36,20,15,1
1246,36,21,37,1
1247,36,22,34,2
1248,36,23,62,3
1249,36,24,23,1
1250,36,25,12,0
1251,36,26,15,1
1252,36,27,24,1
1253,36,28,37,2
1254,36,29,13,0
1255,36,30,33,1
1256,36,31,16,0
1257,36,32,33,2
1258,36,33,27,1
1259,36,34,29,1
1260,36,35,28,0
1261,37,1,52,1
1262,37,2,44,1
1263,37,3,40,2
1264,37,4,47,3
1265,37,5,34,1
1266,37,6,8,0
1267,37,7,32,2
1268,37,8,26,1
1269,37,9,36,2
1270,37,10,37,2
1271,37,11,47,1
1272,37,12,20,0
1273,37,13,14,1
1274,37,14,27,1
1275,37,15,48,2
1276,37,16,15,1
1277,37,17,31,2
1278,37,18,35,1
1279,37,19,37,1
1280,37,20,26,1
1281,37,21,37,2
1282,37,22,27,1
1283,37,23,47,2
1284,37,24,30,2
1285,37,25,16,1
1286,37,26,75,1
1287,37,27,6,0
1288,37,28,38,1
1289,37,29,58,1
1290,37,30,24,1
1291,37,31,12,1
1292,37,32,25,1
1293,37,33,14,0
1294,37,34,24,1
1295,37,35,22,0
1296,38,1,21,1
1297,38,2,24,0
1298,38,3,6,0
1299,38,4,43,1
1300,38,5,19,1
1301,38,6,7,0
1302,38,7,11,0
1303,38,8,19,0
1304,38,9,14,0
1305,38,10,22,1
1306,38,11,51,2
1307,38,12,17,1
1308,38,13,41,0
1309,38,14,22,0
1310,38,15,37,2
1311,38,16,36,1
1312,38,17,27,0
1313,38,18,15,0
1314,38,19,31,2
1315,38,20,28,2
1316,38,21,43,1
1317,38,22,43,1
1318,38,23,31,1
1319,38,24,27,1
1320,38,25,42,1
1321,38,26,41,1
1322,38,27,30,1
1323,38,28,10,0
1324,38,29,28,1
1325,38,30,13,0
1326,38,31,30,1
1327,38,32,25,1
1328,38,33,23,0
1329,38,34,13,0
1330,38,35,7,0
1331,39,1,8,0
1332,39,2,15,1
1333,39,3,16,1
1334,39,4,14,1
1335,39,5,18,1
1336,39,6,36,2
1337,39,7,35,2
1338,39,8,39,2
1339,39,9,23,1
1340,39,10,33,0
1341,39,11,15,1
1342,39,12,18,0
1343,39,13,24,1
1344,39,14,8,0
1345,39,15,12,1
1346,39,16,23,1
1347,39,17,16,1
1348,39,18,17,0
1349,39,19,25,1
1350,39,20,16,1
1351,39,21,23,1
1352,39,22,23,1
1353,39,23,29,1
1354,39,24,13,1
1355,39,25,18,0
1356,39,26,18,1
1357,39,27,10,0
1358,39,28,22,1
1359,39,29,10,1
1360,39,31,26,1
1361,39,32,33,2
1362,39,33,24,1
1363,39,34,8,0
1364,39,35,7,0
1365,40,1,27,1
1366,40,2,26,2
1367,40,3,42,0
1368,40,4,42,2
1369,40,5,48,2
1370,40,6,15,0
1371,40,7,31,2
1372,40,8,33,2
1373,40,9,15,0
1374,40,10,12,0
1375,40,11,40,2
1376,40,12,24,1
1377,40,13,17,0
1378,40,14,38,2
1379,40,15,21,1
1380,40,16,11,0
1381,40,17,22,1
1382,40,18,54,2
1383,40,19,24,1
1384,40,20,39,2
1385,40,21,53,1
1386,40,22,39,1
1387,40,23,20,1
1388,40,24,22,1
1389,40,25,30,1
1390,40,26,23,0
1391,40,27,26,1
1392,40,28,19,0
1393,40,29,31,1
1394,40,30,24,1
1395,40,31,29,2
1396,40,32,27,1
1397,40,33,25,1
1398,40,34,16,0
1399,40,35,36,1
1400,41,1,29,1
1401,41,2,57,1
1402,41,3,32,1
1403,41,4,35,2
1404,41,5,52,3
1405,41,6,9,0
1406,41,7,25,0
1407,41,8,26,1
1408,41,9,58,2
1409,41,10,21,0
1410,41,11,46,3
1411,41,12,47,2
1412,41,13,52,1
1413,41,14,22,0
1414,41,15,31,0
1415,41,16,38,1
1416,41,17,38,1
1417,41,18,31,1
1418,41,19,19,0
1419,41,20,27,1
1420,41,21,82,3
1421,41,22,47,1
1422,41,23,34,1
1423,41,24,42,2
1424,41,25,10,0
1425,41,26,56,1
1426,41,27,44,1
1427,41,28,67,2
1428,41,29,56,2
1429,41,30,34,0
1430,41,31,39,1
1431,41,32,32,1
1432,41,33,41,1
1433,41,34,41,1
1434,41,35,42,1
1435,42,1,23,1
1436,42,2,16,1
1437,42,3,12,0
1438,42,4,12,1
1439,42,5,28,2
1440,42,6,78,2
1441,42,7,24,1
1442,42,8,26,1
1443,42,9,48,1
1444,42,10,37,1
1445,42,11,19,1
1446,42,12,40,1
1447,42,13,30,1
1448,42,14,18,1
1449,42,15,10,0
1450,42,16,14,0
1451,42,17,38,2
1452,42,18,18,1
1453,42,19,9,0
1454,42,20,22,1
1455,42,21,19,1
1456,42,22,37,1
1457,42,23,18,1
1458,42,24,36,1
1459,42,25,26,1
1460,42,26,27,1
1461,42,27,41,1
1462,42,28,29,2
1463,42,29,18,1
1464,42,30,15,1
1465,42,31,8,0
1466,42,32,55,3
1467,42,33,20,1
1468,42,34,7,0
1469,42,35,20,1
1470,43,1,17,1
1471,43,2,11,0
1472,43,3,16,0
1473,43,4,22,1
1474,43,5,29,1
1475,43,6,44,3
1476,43,7,14,0
1477,43,8,27,0
1478,43,9,18,1
1479,43,10,50,3
1480,43,11,17,0
1481,43,12,17,1
1482,43,13,22,1
1483,43,14,14,0
1484,43,15,35,2
1485,43,16,18,1
1486,43,17,32,1
1487,43,18,14,1
1488,43,19,11,1
1489,43,20,7,0
1490,43,21,48,3
1491,43,22,9,0
1492,43,23,18,1
1493,43,24,9,0
1494,43,25,28,1
1495,43,26,22,1
1496,43,27,20,1
1497,43,28,23,1
1498,43,29,23,1
1499,43,30,11,1
1500,43,31,11,1
1501,43,32,13,1
1502,43,33,23,1
1503,43,34,12,0
1504,43,35,29,1
1505,44,1,33,2
1506,44,2,28,1
1507,44,3,19,1
1508,44,4,39,2
1509,44,5,18,1
1510,44,6,59,1
1511,44,7,75,4
1512,44,8,21,0
1513,44,9,38,1
1514,44,10,36,1
1515,44,11,38,1
1516,44,12,42,1
1517,44,13,21,1
1518,44,14,14,0
1519,44,15,23,1
1520,44,16,34,2
1521,44,17,52,1
1522,44,18,41,2
1523,44,19,31,1
1524,44,20,38,1
1525,44,21,43,1
1526,44,22,16,1
1527,44,23,24,1
1528,44,24,39,1
1529,44,25,54,2
1530,44,26,30,1
1531,44,27,19,1
1532,44,28,34,2
1533,44,29,40,1
1534,44,30,57,2
1535,44,31,61,2
1536,44,32,52,3
1537,44,33,32,1
1538,44,34,58,3
1539,44,35,16,0
1540,45,1,18,1
1541,45,2,25,1
1542,45,3,33,0
1543,45,4,30,1
1544,45,5,22,1
1545,45,6,37,1
1546,45,7,28,2
1547,45,8,40,1
1548,45,9,23,0
1549,45,10,29,1
1550,45,11,22,1
1551,45,12,29,1
1552,45,13,40,2
1553,45,14,73,1
1554,45,15,33,1
1555,45,16,31,1
1556,45,17,11,0
1557,45,18,30,1
1558,45,19,17,0
1559,45,20,27,1
1560,45,21,37,1
1561,45,22,39,1
1562,45,23,9,0
1563,45,24,54,1
1564,45,25,31,0
1565,45,26,10,0
1566,45,27,40,2
1567,45,28,11,0
1568,45,29,62,2
1569,45,30,32,1
1570,45,31,18,0
1571,45,32,55,1
1572,45,33,32,1
1573,45,34,23,1
1574,45,35,29,1
1575,46,1,9,0
1576,46,2,19,1
1577,46,3,17,0
1578,46,4,19,1
1579,46,5,11,0
1580,46,6,32,0
1581,46,7,23,1
1582,46,8,18,0
1583,46,9,23,0
1584,46,10,51,3
1585,46,11,19,0
1586,46,12,23,1
1587,46,13,16,0
1588,46,14,27,1
1589,46,15,18,1
1590,46,16,14,1
1591,46,17,33,1
1592,46,18,11,0
1593,46,19,8,0
1594,46,20,15,1
1595,46,21,5,0
1596,46,22,12,1
1597,46,23,14,1
1598,46,24,30,1
1599,46,25,30,1
1600,46,26,35,1
1601,46,27,13,1
1602,46,28,12,0
1603,46,29,34,1
1604,46,30,32,2
1605,46,31,69,2
1606,46,32,20,0
1607,46,33,20,0
1608,46,34,14,1
1609,46,35,17,0
1610,47,1,11,0
1611,47,2,8,0
1612,47,3,8,0
1613,47,4,13,0
1614,47,5,8,0
1615,47,6,15,0
1616,47,7,22,1
1617,47,8,15,0
1618,47,9,19,1
1619,47,10,19,1
1620,47,11,27,1
1621,47,12,26,1
1622,47,13,49,2
1623,47,14,50,3
1624,47,15,20,1
1625,47,16,30,2
1626,47,17,22,1
1627,47,18,14,0
1628,47,19,16,1
1629,47,20,32,2
1630,47,21,41,1
1631,47,22,30,2
1632,47,23,12,0
1633,47,24,13,1
1634,47,25,16,1
1635,47,26,27,1
1636,47,27,13,0
1637,47,28,13,0
1638,47,29,20,0
1639,47,30,11,0
1640,47,31,10,0
1641,47,32,15,0
1642,47,33,9,0
1643,47,34,15,0
1644,47,35,22,1
1645,48,1,31,1
1646,48,2,19,1
1647,48,3,9,0
1648,48,4,29,1
1649,48,5,13,1
1650,48,6,38,1
1651,48,7,31,2
1652,48,8,19,1
1653,48,9,37,1
1654,48,10,47,2
1655,48,11,25,1
1656,48,12,28,1
1657,48,13,32,2
1658,48,14,21,1
1659,48,15,15,1
1660,48,16,15,1
1661,48,17,46,2
1662,48,18,24,1
1663,48,19,22,0
1664,48,20,27,1
1665,48,21,28,1
1666,48,22,32,1
1667,48,23,26,1
1668,48,24,33,0
1669,48,25,25,1
1670,48,26,25,1
1671,48,27,25,0
1672,48,28,52,2
1673,48,29,27,2
1674,48,30,32,2
1675,48,31,30,1
1676,48,32,34,1
1677,48,33,31,1
1678,48,34,18,0
1679,48,35,42,2
1680,49,1,29,1
1681,49,2,28,1
1682,49,3,30,1
1683,49,4,48,1
1684,49,5,56,2
1685,49,6,37,1
1686,49,7,13,0
1687,49,8,21,1
1688,49,9,15,1
1689,49,10,38,2
1690,49,11,28,0
1691,49,12,36,2
1692,49,13,17,1
1693,49,14,65,3
1694,49,15,54,2
1695,49,16,25,1
1696,49,17,24,1
1697,49,18,14,1
1698,49,19,33,0
1699,49,20,23,0
1700,49,21,14,0
1701,49,22,25,1
1702,49,23,13,0
1703,49,24,31,2
1704,49,25,37,2
1705,49,26,30,1
1706,49,27,6,0
1707,49,28,14,0
1708,49,29,30,1
1709,49,30,25,1
1710,49,31,27,0
1711,49,32,25,1
1712,49,33,42,2
1713,49,34,56,1
1714,49,35,50,2
1715,50,1,7,0
1716,50,2,41,2
1717,50,3,23,1
1718,50,4,12,0
1719,50,5,19,1
1720,50,6,26,0
1721,50,7,16,1
1722,50,8,25,1
1723,50,9,32,2
1724,50,10,25,1
1725,50,11,17,1
1726,50,12,33,1
1727,50,13,30,0
1728,50,14,17,1
1729,50,15,31,1
1730,50,16,18,1
1731,50,17,14,0
1732,50,18,20,0
1733,50,19,13,0
1734,50,20,18,1
1735,50,21,31,1
1736,50,22,26,1
1737,50,23,13,0
1738,50,24,42,2
1739,50,25,13,1
1740,50,26,14,1
1741,50,27,16,1
1742,50,28,18,1
1743,50,29,19,1
1744,50,30,14,1
1745,50,31,17,0
1746,50,32,26,1
1747,50,33,26,1
1748,50,34,20,1
1749,50,35,8,0
1750,51,1,56,2
1751,51,2,17,1
1752,51,3,15,0
1753,51,4,5,0
1754,51,5,31,2
1755,51,6,21,1
1756,51,7,8,0
1757,51,8,31,1
1758,51,9,18,1
1759,51,10,40,1
1760,51,11,19,0
1761,51,12,21,1
1762,51,13,8,0
1763,51,14,39,2
1764,51,15,14,1
1765,51,16,18,1
1766,51,17,53,1
1767,51,18,34,1
1768,51,19,19,1
1769,51,20,22,1
1770,51,21,13,1
1771,51,22,19,0
1772,51,23,40,0
1773,51,24,17,1
1774,51,25,15,1
1775,51,26,16,1
1776,51,27,14,1
1777,51,28,13,1
1778,51,29,10,0
1779,51,30,12,0
1780,51,31,7,0
1781,51,32,25,1
1782,51,33,18,1
1783,51,34,22,1
1784,51,35,15,1
1785,52,1,11,0
1786,52,2,30,1
1787,52,3,17,1
1788,52,4,13,1
1789,52,5,25,0
1790,52,6,60,3
1791,52,7,19,1
1792,52,8,34,1
1793,52,9,28,1
1794,52,10,23,1
1795,52,11,35,1
1796,52,12,17,1
1797,52,13,71,3
1798,52,14,37,1
1799,52,15,25,1
1800,52,16,22,1
1801,52,17,40,1
1802,52,18,34,2
1803,52,19,26,1
1804,52,20,32,1
1805,52,21,20,1
1806,52,22,32,2
1807,52,23,20,0
1808,52,24,10,0
1809,52,25,31,1
1810,52,26,23,1
1811,52,27,20,1
1812,52,28,17,0
1813,52,29,16,1
1814,52,30,16,0
1815,52,31,12,0
1816,52,32,37,2
1817,52,33,20,1
1818,52,34,22,1
1819,52,35,34,1
1820,53,1,12,0
1821,53,2,29,2
1822,53,3,24,0
1823,53,4,13,0
1824,53,5,20,1
1825,53,6,44,1
1826,53,7,19,1
1827,53,8,12,1
1828,53,9,26,1
1829,53,10,21,0
1830,53,11,19,1
1831,53,12,11,0
1832,53,13,19,0
1833,53,14,30,1
1834,53,15,29,1
1835,53,16,15,0
1836,53,17,14,1
1837,53,18,15,0
1838,53,19,11,0
1839,53,20,19,0
1840,53,21,24,1
1841,53,22,19,1
1842,53,23,14,0
1843,53,24,17,0
1844,53,25,4,0
1845,53,26,20,1
1846,53,27,49,1
1847,53,28,17,0
1848,53,29,32,0
1849,53,30,7,0
1850,53,31,18,1
1851,53,32,16,1
1852,53,33,34,1
1853,53,34,13,1
1854,53,35,31,1
1855,54,1,9,0
1856,54,2,22,0
1857,54,3,17,0
1858,54,4,5,0
1859,54,5,33,1
1860,54,6,31,1
1861,54,7,10,0
1862,54,8,12,1
1863,54,9,18,1
1864,54,10,22,1
1865,54,11,22,1
1866,54,12,11,1
1867,54,13,21,1
1868,54,14,11,0
1869,54,15,14,1
1870,54,16,13,0
1871,54,17,13,0
1872,54,18,10,0
1873,54,19,9,0
1874,54,20,10,0
1875,54,21,16,1
1876,54,22,2,0
1877,54,23,23,1
1878,54,24,17,0
1879,54,25,21,1
1880,54,26,7,0
1881,54,27,9,0
1882,54,28,13,0
1883,54,29,11,0
1884,54,30,13,0
1885,54,31,13,0
1886,54,32,13,0
1887,54,33,13,1
1888,54,34,11,0
1889,54,35,8,0
1890,55,1,9,0
1891,55,2,29,1
1892,55,3,24,1
1893,55,4,12,1
1894,55,5,10,0
1895,55,6,13,1
1896,55,7,11,0
1897,55,8,10,0
1898,55,9,13,1
1899,55,10,15,1
1900,55,11,13,0
1901,55,12,21,1
1902,55,13,8,0
1903,55,14,4,0
1904,55,15,18,0
1905,55,16,10,1
1906,55,17,17,0
1907,55,18,16,1
1908,55,19,18,1
1909,55,20,7,0
1910,55,21,13,0
1911,55,22,13,1
1912,55,23,22,1
1913,55,24,12,1
1914,55,25,14,0
1915,55,26,11,0
1916,55,27,15,1
1917,55,28,14,1
1918,55,29,9,0
1919,55,30,17,0
1920,55,31,6,0
1921,55,32,12,1
1922,55,33,14,0
1923,55,34,18,0
1924,55,35,9,0
1925,56,1,26,0
1926,56,2,27,2
1927,56,3,19,0
1928,56,4,10,0
1929,56,5,26,1
1930,56,6,29,1
1931,56,7,11,0
1932,56,8,19,1
1933,56,9,13,1
1934,56,10,14,0
1935,56,11,7,0
1936,56,12,21,1
1937,56,13,11,1
1938,56,14,27,1
1939,56,15,28,1
1940,56,16,16,0
1941,56,17,14,1
1942,56,18,31,2
1943,56,19,21,1
1944,56,20,34,2
1945,56,21,15,0
1946,56,22,16,1
1947,56,23,17,1
1948,56,24,14,0
1949,56,25,14,1
1950,56,26,21,1
1951,56,27,26,0
1952,56,28,10,1
1953,56,29,29,0
1954,56,30,27,1
1955,56,31,22,1
1956,56,32,20,1
1957,56,33,9,0
1958,56,34,22,1
1959,56,35,10,0
1960,57,1,28,1
1961,57,2,28,0
1962,57,3,10,0
1963,57,4,36,0
1964,57,5,52,1
1965,57,6,21,0
1966,57,7,16,1
1967,57,8,12,0
1968,57,9,14,1
1969,57,10,28,1
1970,57,11,15,0
1971,57,12,17,1
1972,57,13,21,0
1973,57,14,11,0
1974,57,15,16,1
1975,57,16,17,0
1976,57,17,30,1
1977,57,18,29,1
1978,57,19,17,0
1979,57,20,14,1
1980,57,21,46,1
1981,57,22,30,1
1982,57,23,10,0
1983,57,24,30,1
1984,57,25,26,1
1985,57,26,23,1
1986,57,27,22,1
1987,57,28,19,0
1988,57,29,13,0
1989,57,30,12,1
1990,57,31,19,1
1991,57,32,55,1
1992,57,33,18,0
1993,57,34,18,1
1994,57,35,34,1
1995,58,1,9,0
1996,58,2,12,1
1997,58,3,20,1
1998,58,4,15,1
1999,58,5,7,0
2000,58,6,16,1
2001,58,7,5,0
2002,58,8,13,0
2003,58,9,19,0
2004,58,10,29,1
2005,58,11,11,1
2006,58,12,58,3
2007,58,13,40,1
2008,58,14,29,1
2009,58,15,5,0
2010,58,16,17,1
2011,58,17,16,1
2012,58,18,13,1
2013,58,19,15,1
2014,58,20,11,1
2015,58,21,14,0
2016,58,22,12,0
2017,58,23,8,0
2018,58,24,6,0
2019,58,25,17,1
2020,58,26,18,1
2021,58,27,12,0
2022,58,28,12,0
2023,58,29,20,1
2024,58,30,9,0
2025,58,31,10,0
2026,58,32,13,0
2027,58,33,14,1
2028,58,34,10,0
2029,58,35,11,0
2030,59,1,18,1
2031,59,2,21,0
2032,59,3,10,0
2033,59,4,22,1
2034,59,5,21,0
2035,59,6,4,0
2036,59,7,4,0
2037,59,8,17,0
2038,59,9,16,0
2039,59,10,15,1
2040,59,11,17,0
2041,59,12,6,0
2042,59,13,12,1
2043,59,14,9,0
2044,59,15,35,1
2045,59,16,6,0
2046,59,17,5,0
2047,59,18,6,0
2048,59,19,6,0
2049,59,20,7,0
2050,59,21,15,1
2051,59,22,9,0
2052,59,23,8,0
2053,59,24,14,1
2054,59,25,9,0
2055,59,26,12,0
2056,59,27,12,1
2057,59,28,15,0
2058,59,29,18,0
2059,59,30,11,0
2060,59,31,9,0
2061,59,32,11,0
2062,59,33,8,0
2063,59,34,5,0
2064,59,35,12,1
2065,60,1,16,1
2066,60,2,21,0
2067,60,3,14,1
2068,60,4,15,1
2069,60,5,13,0
2070,60,6,8,0
2071,60,7,18,1
2072,60,8,22,1
2073,60,9,12,0
2074,60,10,10,0
2075,60,11,19,1
2076,60,12,11,0
2077,60,13,12,0
2078,60,14,21,1
2079,60,15,21,1
2080,60,16,17,1
2081,60,17,10,0
2082,60,18,12,1
2083,60,19,15,1
2084,60,20,11,0
2085,60,21,11,0
2086,60,22,9,0
2087,60,23,10,0
2088,60,24,31,1
2089,60,25,14,1
2090,60,26,20,1
2091,60,27,8,0
2092,60,28,12,0
2093,60,29,17,1
2094,60,30,26,1
2095,60,31,32,1
2096,60,32,53,2
2097,60,33,33,1
2098,60,34,26,1
2099,60,35,6,0
2100,61,1,19,1
2101,61,2,29,0
2102,61,3,14,1
2103,61,4,16,0
2104,61,5,4,0
2105,61,6,12,1
2106,61,7,16,1
2107,61,8,51,2
2108,61,9,16,1
2109,61,10,18,1
2110,61,11,28,1
2111,61,12,28,1
2112,61,13,19,1
2113,61,14,24,1
2114,61,15,32,1
2115,61,16,28,2
2116,61,17,20,0
2117,61,18,37,0
2118,61,19,20,1
2119,61,20,35,1
2120,61,21,32,1
2121,61,22,13,1
2122,61,23,32,1
2123,61,24,17,1
2124,61,25,11,0
2125,61,26,29,2
2126,61,27,31,2
2127,61,28,21,1
2128,61,29,31,1
2129,61,30,23,0
2130,61,31,21,1
2131,61,32,29,1
2132,61,33,10,0
2133,61,34,36,2
2134,61,35,23,1
2135,62,1,11,1
2136,62,2,13,0
2137,62,3,6,0
2138,62,4,22,1
2139,62,5,23,0
2140,62,6,14,0
2141,62,7,41,1
2142,62,8,11,0
2143,62,9,15,1
2144,62,10,18,0
2145,62,11,16,1
2146,62,12,6,0
2147,62,13,26,1
2148,62,14,10,0
2149,62,15,16,0
2150,62,16,14,0
2151,62,17,15,1
2152,62,18,14,0
2153,62,19,17,1
2154,62,20,16,1
2155,62,21,20,1
2156,62,22,16,1
2157,62,23,5,0
2158,62,24,16,1
2159,62,25,9,0
2160,62,26,19,0
2161,62,27,8,0
2162,62,28,6,0
2163,62,29,19,1
2164,62,30,8,0
2165,62,31,9,0
2166,62,32,10,0
2167,62,33,6,0
2168,62,34,26,0
2169,62,35,22,1
2170,63,1,13,0
2171,63,2,15,1
2172,63,3,12,0
2173,63,4,15,1
2174,63,5,10,1
2175,63,6,7,0
2176,63,7,19,1
2177,63,8,9,0
2178,63,9,14,0
2179,63,10,13,1
2180,63,11,16,1
2181,63,12,3,0
2182,63,13,22,0
2183,63,14,15,0
2184,63,15,25,1
2185,63,16,5,0
2186,63,17,7,0
2187,63,18,17,0
2188,63,19,5,0
2189,63,20,8,0
2190,63,21,11,0
2191,63,22,22,1
2192,63,23,8,0
2193,63,24,6,0
2194,63,25,22,0
2195,63,26,18,0
2196,63,27,9,0
2197,63,28,15,1
2198,63,29,5,0
2199,63,30,11,0
2200,63,31,48,1
2201,63,32,9,0
2202,63,33,20,1
2203,63,34,5,0
2204,63,35,14,0
2205,64,1,22,1
2206,64,2,24,0
2207,64,3,10,1
2208,64,4,26,1
2209,64,5,22,1
2210,64,6,28,1
2211,64,7,22,1
2212,64,8,15,1
2213,64,9,17,0
2214,64,10,19,1
2215,64,11,17,1
2216,64,12,18,0
2217,64,13,27,1
2218,64,14,9,1
2219,64,15,20,1
2220,64,16,22,1
2221,64,17,55,2
2222,64,18,33,1
2223,64,19,37,2
2224,64,20,15,1
2225,64,21,14,1
2226,64,22,22,0
2227,64,23,25,1
2228,64,24,13,1
2229,64,25,16,0
2230,64,26,10,0
2231,64,27,30,0
2232,64,28,11,0
2233,64,29,15,1
2234,64,30,29,1
2235,64,31,21,1
2236,64,32,36,2
2237,64,33,33,1
2238,64,34,17,0
2239,64,35,10,0
2240,65,1,19,1
2241,65,2,37,2
2242,65,3,32,2
2243,65,4,7,0
2244,65,5,22,1
2245,65,6,9,0
2246,65,7,25,0
2247,65,8,28,1
2248,65,9,24,1
2249,65,10,7,0
2250,65,11,23,1
2251,65,12,31,1
2252,65,13,17,1
2253,65,14,20,1
2254,65,15,26,0
2255,65,16,20,1
2256,65,17,37,1
2257,65,18,23,1
2258,65,19,27,1
2259,65,20,29,2
2260,65,21,49,1
2261,65,22,13,0
2262,65,23,43,2
2263,65,24,17,1
2264,65,25,21,1
2265,65,26,55,1
2266,65,27,29,1
2267,65,28,20,1
2268,65,29,22,0
2269,65,30,27,1
2270,65,31,36,1
2271,65,32,23,1
2272,65,33,10,0
2273,65,34,8,0
2274,65,35,12,0
2275,66,1,19,0
2276,66,2,7,0
2277,66,3,31,1
2278,66,4,9,1
2279,66,5,17,1
2280,66,6,23,1
2281,66,7,26,1
2282,66,8,43,1
2283,66,9,22,1
2284,66,10,29,1
2285,66,11,26,1
2286,66,12,15,1
2287,66,13,34,2
2288,66,14,44,2
2289,66,15,18,1
2290,66,16,24,1
2291,66,17,30,2
2292,66,18,15,1
2293,66,19,25,1
2294,66,20,20,1
2295,66,21,15,1
2296,66,22,35,2
2297,66,23,22,1
2298,66,24,21,0
2299,66,25,26,1
2300,66,26,22,0
2301,66,27,36,2
2302,66,28,39,1
2303,66,29,12,1
2304,66,30,14,0
2305,66,31,17,1
2306,66,32,9,0
2307,66,33,4,0
2308,66,34,8,0
2309,66,35,17,1
2310,67,1,14,1
2311,67,2,10,0
2312,67,3,9,0
2313,67,4,18,0
2314,67,5,8,0
2315,67,6,32,0
2316,67,7,20,1
2317,67,8,12,1
2318,67,9,15,1
2319,67,10,15,1
2320,67,11,5,0
2321,67,12,16,1
2322,67,13,5,0
2323,67,14,14,1
2324,67,15,12,0
2325,67,16,14,1
2326,67,17,5,0
2327,67,18,10,0
2328,67,19,19,1
2329,67,20,21,1
2330,67,21,9,0
2331,67,22,13,1
2332,67,23,14,0
2333,67,24,24,1
2334,67,25,12,1
2335,67,26,29,1
2336,67,27,19,1
2337,67,28,8,0
2338,67,29,15,1
2339,67,30,23,1
2340,67,31,20,1
2341,67,32,13,1
2342,67,33,8,0
2343,67,34,3,0
2344,67,35,23,0
2345,68,1,20,0
2346,68,2,7,0
2347,68,3,27,1
2348,68,4,16,1
2349,68,5,12,0
2350,68,6,20,1
2351,68,7,12,0
2352,68,8,26,1
2353,68,9,22,1
2354,68,10,27,2
2355,68,11,28,1
2356,68,12,57,2
2357,68,13,19,1
2358,68,14,17,0
2359,68,15,26,1
2360,68,16,21,1
2361,68,17,7,0
2362,68,18,7,0
2363,68,19,15,0
2364,68,20,22,0
2365,68,21,17,1
2366,68,22,30,2
2367,68,23,21,1
2368,68,24,7,0
2369,68,25,12,1
2370,68,26,21,1
2371,68,27,11,1
2372,68,28,26,0
2373,68,29,14,0
2374,68,30,28,1
2375,68,31,46,1
2376,68,32,36,0
2377,68,33,15,1
2378,68,34,38,1
2379,68,35,25,1
2380,69,1,27,1
2381,69,2,20,1
2382,69,3,21,1
2383,69,4,19,1
2384,69,5,20,1
2385,69,6,46,1
2386,69,7,25,1
2387,69,8,61,1
2388,69,9,27,0
2389,69,10,19,1
2390,69,11,28,1
2391,69,12,61,3
2392,69,13,16,0
2393,69,14,45,1
2394,69,15,45,1
2395,69,16,30,1
2396,69,17,39,0
2397,69,18,41,2
2398,69,19,29,1
2399,69,20,38,2
2400,69,21,27,1
2401,69,22,28,1
2402,69,23,41,1
2403,69,24,35,1
2404,69,25,76,3
2405,69,26,33,0
2406,69,27,28,1
2407,69,28,27,0
2408,69,29,45,2
2409,69,30,22,1
2410,69,31,6,0
2411,69,32,41,2
2412,69,33,26,1
2413,69,34,22,0
2414,69,35,22,1
2415,70,1,16,1
2416,70,2,12,1
2417,70,3,16,0
2418,70,4,23,0
2419,70,5,19,0
2420,70,6,16,1
2421,70,7,10,0
2422,70,8,24,1
2423,70,9,33,1
2424,70,10,26,1
2425,70,11,16,1
2426,70,12,13,0
2427,70,13,8,0
2428,70,14,22,0
2429,70,15,23,1
2430,70,16,33,2
2431,70,17,36,0
2432,70,18,27,0
2433,70,19,27,1
2434,70,20,13,1
2435,70,21,12,0
2436,70,22,22,1
2437,70,23,31,2
2438,70,24,13,1
2439,70,25,12,0
2440,70,26,26,0
2441,70,27,30,2
2442,70,28,30,1
2443,70,29,32,1
2444,70,30,42,1
2445,70,31,42,2
2446,70,32,29,2
2447,70,33,5,0
2448,70,34,27,1
2449,70,35,16,0
2450,71,1,29,1
2451,71,2,8,0
2452,71,4,18,1
2453,71,5,17,0
2454,71,6,23,1
2455,71,7,13,1
2456,71,8,44,2
2457,71,9,20,1
2458,71,10,13,0
2459,71,11,26,1
2460,71,12,32,2
2461,71,13,30,1
2462,71,14,13,0
2463,71,15,17,0
2464,71,16,4,0
2465,71,17,27,1
2466,71,18,24,1
2467,71,19,24,1
2468,71,20,15,1
2469,71,21,23,1
2470,71,22,30,0
2471,71,23,18,0
2472,71,24,20,1
2473,71,25,19,0
2474,71,26,14,1
2475,71,27,10,0
2476,71,28,11,0
2477,71,29,20,1
2478,71,30,22,1
2479,71,31,12,1
2480,71,32,7,0
2481,71,33,16,1
2482,71,34,19,1
2483,71,35,13,0
2484,72,1,31,2
2485,72,2,57,1
2486,72,3,33,2
2487,72,4,25,0
2488,72,5,16,1
2489,72,6,10,0
2490,72,7,36,2
2491,72,8,36,2
2492,72,9,26,1
2493,72,10,16,0
2494,72,11,15,1
2495,72,12,32,2
2496,72,13,30,2
2497,72,14,41,2
2498,72,15,22,1
2499,72,16,18,1
2500,72,17,23,0
2501,72,18,20,0
2502,72,19,42,1
2503,72,20,19,1
2504,72,21,20,1
2505,72,22,14,1
2506,72,23,11,0
2507,72,24,21,1
2508,72,25,39,1
2509,72,26,44,3
2510,72,27,7,0
2511,72,28,5,0
2512,72,29,38,2
2513,72,30,17,1
2514,72,31,9,0
2515,72,32,18,1
2516,72,33,32,1
2517,72,34,40,1
2518,72,35,32,1
2519,73,1,36,2
2520,73,2,19,1
2521,73,3,53,1
2522,73,4,16,1
2523,73,5,46,1
2524,73,6,54,2
2525,73,7,26,1
2526,73,8,30,2
2527,73,9,13,1
2528,73,10,46,1
2529,73,11,56,3
2530,73,12,38,1
2531,73,13,29,1
2532,73,14,18,0
2533,73,15,59,2
2534,73,16,26,1
2535,73,17,24,1
2536,73,18,35,1
2537,73,19,24,1
2538,73,20,19,1
2539,73,21,38,1
2540,73,22,38,1
2541,73,23,26,1
2542,73,24,24,1
2543,73,25,25,1
2544,73,26,42,2
2545,73,27,30,1
2546,73,28,43,2
2547,73,29,26,1
2548,73,30,22,1
2549,73,31,22,0
2550,73,32,38,1
2551,73,33,23,1
2552,73,34,34,0
2553,73,35,32,2
2554,74,1,33,1
2555,74,2,15,1
2556,74,3,37,1
2557,74,4,31,2
2558,74,5,18,1
2559,74,6,15,0
2560,74,7,42,1
2561,74,8,11,0
2562,74,9,29,1
2563,74,10,15,0
2564,74,11,38,1
2565,74,12,26,0
2566,74,13,32,1
2567,74,14,14,0
2568,74,15,17,0
2569,74,16,16,1
2570,74,17,35,1
2571,74,18,27,1
2572,74,19,12,0
2573,74,20,27,2
2574,74,21,20,1
2575,74,22,13,0
2576,74,23,25,1
2577,74,24,31,1
2578,74,25,16,1
2579,74,26,43,2
2580,74,27,12,0
2581,74,28,32,2
2582,74,29,26,1
2583,74,30,21,1
2584,74,31,9,0
2585,74,32,28,2
2586,74,33,12,1
2587,74,34,23,0
2588,74,35,13,0
2589,75,1,13,1
2590,75,2,16,1
2591,75,3,45,1
2592,75,4,19,1
2593,75,5,7,0
2594,75,6,7,0
2595,75,7,37,1
2596,75,8,21,0
2597,75,9,19,1
2598,75,10,12,0
2599,75,11,31,0
2600,75,12,9,0
2601,75,13,10,1
2602,75,14,19,1
2603,75,15,10,0
2604,75,16,14,0
2605,75,17,27,1
2606,75,18,27,1
2607,75,19,21,1
2608,75,20,11,0
2609,75,21,8,0
2610,75,22,14,0
2611,75,23,20,0
2612,75,24,12,0
2613,75,25,35,1
2614,75,26,17,1
2615,75,27,14,0
2616,75,28,34,1
2617,75,29,39,1
2618,75,30,9,0
2619,75,31,14,0
2620,75,32,15,1
2621,75,33,26,1
2622,75,34,50,1
2623,75,35,9,0
2624,76,1,22,1
2625,76,2,17,1
2626,76,3,36,1
2627,76,4,27,1
2628,76,5,7,0
2629,76,6,69,4
2630,76,7,18,1
2631,76,8,17,1
2632,76,9,25,1
2633,76,10,23,1
2634,76,11,31,2
2635,76,12,15,1
2636,76,13,12,1
2637,76,14,15,0
2638,76,15,52,1
2639,76,16,33,2
2640,76,17,17,1
2641,76,18,24,0
2642,76,19,29,1
2643,76,20,20,1
2644,76,21,14,0
2645,76,22,27,1
2646,76,23,41,1
2647,76,24,13,0
2648,76,25,18,1
2649,76,26,37,2
2650,76,27,36,1
2651,76,28,52,3
2652,76,29,32,1
2653,76,30,36,2
2654,76,31,39,1
2655,76,32,23,1
2656,76,33,32,1
2657,76,34,19,1
2658,76,35,20,0
2659,77,1,28,2
2660,77,2,15,1
2661,77,3,64,4
2662,77,4,28,1
2663,77,5,33,1
2664,77,6,26,1
2665,77,7,35,1
2666,77,8,23,1
2667,77,9,60,1
2668,77,10,37,1
2669,77,11,32,1
2670,77,12,40,1
2671,77,13,46,2
2672,77,14,54,3
2673,77,15,20,1
2674,77,16,31,1
2675,77,17,29,1
2676,77,18,42,1
2677,77,19,40,1
2678,77,20,24,1
2679,77,21,41,2
2680,77,22,34,1
2681,77,23,14,1
2682,77,24,80,2
2683,77,25,42,2
2684,77,26,17,0
2685,77,27,28,2
2686,77,28,20,0
2687,77,29,28,2
2688,77,30,14,1
2689,77,31,56,3
2690,77,32,39,2
2691,77,33,31,1
2692,77,34,4,0
2693,77,35,13,0
2694,78,1,26,2
2695,78,2,41,1
2696,78,3,26,0
2697,78,4,8,0
2698,78,5,13,0
2699,78,6,25,0
2700,78,7,35,2
2701,78,8,16,0
2702,78,9,14,1
2703,78,10,23,1
2704,78,11,12,0
2705,78,12,20,0
2706,78,13,19,1
2707,78,14,9,0
2708,78,15,19,1
2709,78,16,21,1
2710,78,17,48,1
2711,78,18,23,1
2712,78,19,16,1
2713,78,20,14,1
2714,78,21,30,1
2715,78,22,24,0
2716,78,23,31,1
2717,78,24,27,1
2718,78,25,27,1
2719,78,26,30,1
2720,78,27,10,0
2721,78,28,26,1
2722,78,29,21,1
2723,78,30,39,2
2724,78,31,23,0
2725,78,32,19,0
2726,78,33,18,0
2727,78,34,27,1
2728,78,35,9,0
2729,79,1,46,2
2730,79,2,12,1
2731,79,3,22,1
2732,79,4,15,0
2733,79,5,18,1
2734,79,6,9,0
2735,79,7,12,0
2736,79,8,9,0
2737,79,9,14,0
2738,79,10,11,0
2739,79,11,34,2
2740,79,12,15,1
2741,79,13,9,0
2742,79,14,9,0
2743,79,15,26,1
2744,79,16,22,1
2745,79,17,15,1
2746,79,18,14,0
2747,79,19,6,0
2748,79,20,24,0
2749,79,21,9,0
2750,79,22,17,1
2751,79,23,15,0
2752,79,24,35,1
2753,79,25,21,1
2754,79,26,9,0
2755,79,27,45,2
2756,79,28,3,0
2757,79,29,17,0
2758,79,30,23,0
2759,79,31,48,2
2760,79,32,34,1
2761,79,33,30,1
2762,79,34,16,0
2763,79,35,15,1
2764,80,1,25,1
2765,80,2,17,1
2766,80,3,14,0
2767,80,4,21,0
2768,80,5,32,1
2769,80,6,24,1
2770,80,7,36,1
2771,80,8,22,1
2772,80,9,23,1
2773,80,10,35,1
2774,80,11,23,1
2775,80,12,54,1
2776,80,13,29,1
2777,80,14,73,3
2778,80,15,17,0
2779,80,16,29,1
2780,80,17,30,1
2781,80,18,25,1
2782,80,19,21,1
2783,80,20,41,1
2784,80,21,15,1
2785,80,22,19,1
2786,80,23,48,2
2787,80,24,26,1
2788,80,25,7,0
2789,80,26,7,0
2790,80,27,22,1
2791,80,28,34,1
2792,80,29,20,0
2793,80,30,37,1
2794,80,31,8,0
2795,80,32,20,1
2796,80,33,28,1
2797,80,34,25,1
2798,80,35,30,1
2799,81,1,23,1
2800,81,2,15,1
2801,81,3,21,1
2802,81,4,22,1
2803,81,5,29,2
2804,81,6,25,1
2805,81,7,16,1
2806,81,8,19,1
2807,81,9,21,1
2808,81,10,10,0
2809,81,11,25,1
2810,81,12,19,1
2811,81,13,18,1
2812,81,14,27,1
2813,81,15,35,2
2814,81,16,7,0
2815,81,17,34,1
2816,81,18,23,1
2817,81,19,51,2
2818,81,20,32,1
2819,81,21,23,0
2820,81,22,19,1
2821,81,23,30,1
2822,81,24,24,0
2823,81,25,51,1
2824,81,26,21,0
2825,81,27,12,0
2826,81,28,19,1
2827,81,29,13,0
2828,81,30,34,2
2829,81,31,14,1
2830,81,32,21,0
2831,81,33,8,0
2832,81,34,37,1
2833,81,35,12,1
2834,82,1,12,0
2835,82,2,15,0
2836,82,3,10,0
2837,82,4,13,1
2838,82,5,14,0
2839,82,6,27,1
2840,82,7,18,1
2841,82,8,11,1
2842,82,9,18,1
2843,82,10,16,1
2844,82,11,7,0
2845,82,12,19,0
2846,82,13,7,0
2847,82,14,13,0
2848,82,15,14,0
2849,82,16,13,0
2850,82,17,15,0
2851,82,18,21,0
2852,82,19,23,1
2853,82,20,21,1
2854,82,21,24,1
2855,82,22,18,1
2856,82,23,7,0
2857,82,24,2,0
2858,82,25,15,0
2859,82,26,27,0
2860,82,27,12,0
2861,82,28,13,0
2862,82,29,10,0
2863,82,30,22,0
2864,82,31,14,0
2865,82,32,4,0
2866,82,33,5,0
2867,82,34,8,0
2868,82,35,20,1
2869,83,1,11,1
2870,83,2,7,0
2871,83,3,15,1
2872,83,4,2,0
2873,83,5,30,1
2874,83,6,8,0
2875,83,7,9,0
2876,83,8,9,0
2877,83,9,8,0
2878,83,10,12,1
2879,83,11,9,0
2880,83,12,13,0
2881,83,13,14,1
2882,83,14,9,0
2883,83,15,7,0
2884,83,16,18,1
2885,83,17,5,0
2886,83,18,13,0
2887,83,19,15,1
2888,83,20,10,0
2889,83,21,12,1
2890,83,22,5,0
2891,83,23,8,0
2892,83,24,18,1
2893,83,25,13,0
2894,83,26,12,0
2895,83,27,12,1
2896,83,28,4,0
2897,83,29,11,1
2898,83,30,12,1
2899,83,31,13,1
2900,83,32,16,1
2901,83,33,6,0
2902,83,34,13,0
2903,83,35,16,1
2904,84,1,11,0
2905,84,2,28,1
2906,84,3,13,1
2907,84,4,13,0
2908,84,5,32,1
2909,84,6,12,1
2910,84,7,16,1
2911,84,8,26,1
2912,84,9,18,1
2913,84,10,12,0
2914,84,11,18,1
2915,84,12,15,1
2916,84,13,10,0
2917,84,14,21,1
2918,84,15,26,1
2919,84,16,8,0
2920,84,17,19,1
2921,84,18,18,1
2922,84,19,27,1
2923,84,20,19,1
2924,84,21,32,1
2925,84,22,21,0
2926,84,23,12,0
2927,84,24,33,1
2928,84,25,14,1
2929,84,26,14,1
2930,84,27,36,1
2931,84,28,24,0
2932,84,29,22,1
2933,84,30,28,0
2934,84,31,23,1
2935,84,32,25,1
2936,84,33,13,1
2937,84,34,19,0
2938,84,35,34,1
2939,85,1,11,1
2940,85,2,48,2
2941,85,3,8,0
2942,85,4,13,0
2943,85,5,29,2
2944,85,6,11,1
2945,85,7,30,2
2946,85,8,29,1
2947,85,9,20,1
2948,85,10,32,1
2949,85,11,19,1
2950,85,12,18,1
2951,85,13,32,2
2952,85,14,23,0
2953,85,15,27,1
2954,85,16,13,0
2955,85,17,9,0
2956,85,18,36,1
2957,85,19,24,1
2958,85,20,29,1
2959,85,21,15,0
2960,85,22,33,1
2961,85,23,8,0
2962,85,24,27,1
2963,85,25,25,1
2964,85,26,7,0
2965,85,27,29,1
2966,85,28,27,0
2967,85,29,21,1
2968,85,30,41,2
2969,85,31,30,2
2970,85,32,26,1
2971,85,33,24,1
2972,85,34,37,2
2973,85,35,25,1
2974,86,1,4,0
2975,86,2,25,1
2976,86,3,16,0
2977,86,4,14,0
2978,86,5,16,0
2979,86,6,9,0
2980,86,7,13,0
2981,86,8,20,1
2982,86,9,27,1
2983,86,10,25,1
2984,86,11,5,0
2985,86,12,35,1
2986,86,13,15,1
2987,86,14,9,0
2988,86,15,13,1
2989,86,16,15,0
2990,86,17,11,0
2991,86,18,6,0
2992,86,19,32,2
2993,86,20,10,0
2994,86,21,25,0
2995,86,22,24,1
2996,86,23,9,0
2997,86,24,14,0
2998,86,25,11,0
2999,86,26,14,0
3000,86,27,24,0
3001,86,28,25,1
3002,86,29,7,0
3003,86,30,17,1
3004,86,31,4,0
3005,86,32,18,0
3006,86,33,13,0
3007,86,34,36,1
3008,86,35,9,1
3009,87,1,5,0
3010,87,2,21,1
3011,87,3,19,1
3012,87,4,9,0
3013,87,5,18,1
3014,87,6,14,0
3015,87,7,14,0
3016,87,8,7,0
3017,87,9,21,1
3018,87,10,6,0
3019,87,11,19,0
3020,87,12,14,0
3021,87,13,19,1
3022,87,14,16,0
3023,87,15,14,0
3024,87,16,11,0
3025,87,17,4,0
3026,87,18,9,0
3027,87,19,28,1
3028,87,20,10,1
3029,87,21,5,0
3030,87,22,5,0
3031,87,23,10,0
3032,87,24,8,0
3033,87,25,7,0
3034,87,26,4,0
3035,87,27,8,0
3036,87,28,10,0
3037,87,29,13,0
3038,87,30,15,0
3039,87,31,5,0
3040,87,32,8,0
3041,87,33,7,0
3042,87,34,9,0
3043,87,35,25,1
3044,88,1,25,1
3045,88,2,17,0
3046,88,3,19,0
3047,88,4,6,0
3048,88,5,9,0
3049,88,6,16,1
3050,88,7,8,0
3051,88,8,22,0
3052,88,9,21,1
3053,88,10,16,0
3054,88,11,16,0
3055,88,12,18,1
3056,88,13,27,0
3057,88,14,20,0
3058,88,15,19,0
3059,88,16,47,1
3060,88,17,15,1
3061,88,18,10,1
3062,88,19,34,1
3063,88,20,12,0
3064,88,21,45,2
3065,88,22,19,1
3066,88,23,32,1
3067,88,24,15,0
3068,88,25,20,0
3069,88,26,8,0
3070,88,27,20,1
3071,88,28,25,1
3072,88,29,13,1
3073,88,30,24,1
3074,88,31,7,0
3075,88,32,17,1
3076,88,33,4,0
3077,88,34,16,1
3078,88,35,28,1
3079,89,1,23,1
3080,89,2,28,1
3081,89,3,11,0
3082,89,4,47,3
3083,89,5,20,0
3084,89,6,28,2
3085,89,7,37,1
3086,89,8,52,3
3087,89,9,15,1
3088,89,10,35,1
3089,89,11,22,1
3090,89,12,20,0
3091,89,13,17,0
3092,89,14,16,0
3093,89,15,33,2
3094,89,16,23,1
3095,89,17,28,1
3096,89,18,23,0
3097,89,19,11,0
3098,89,20,8,0
3099,89,21,11,0
3100,89,22,9,1
3101,89,23,9,1
3102,89,24,29,1
3103,89,25,10,1
3104,89,26,28,1
3105,89,27,25,1
3106,89,28,19,1
3107,89,29,25,0
3108,89,30,9,0
3109,89,31,23,1
3110,89,32,34,2
3111,89,33,13,0
3112,89,34,21,1
3113,89,35,10,1
3114,90,1,13,1
3115,90,2,18,0
3116,90,3,31,1
3117,90,4,13,0
3118,90,5,29,1
3119,90,6,8,0
3120,90,7,8,0
3121,90,8,21,1
3122,90,9,23,0
3123,90,10,36,1
3124,90,11,18,0
3125,90,12,22,1
3126,90,13,18,0
3127,90,14,14,1
3128,90,15,32,1
3129,90,16,3,0
3130,90,17,17,0
3131,90,18,37,1
3132,90,19,19,0
3133,90,20,22,0
3134,90,21,8,0
3135,90,22,11,1
3136,90,23,15,1
3137,90,24,19,1
3138,90,25,11,1
3139,90,26,24,1
3140,90,27,33,1
3141,90,28,20,1
3142,90,29,14,0
3143,90,30,16,1
3144,90,31,17,0
3145,90,32,13,1
3146,90,33,22,1
3147,90,34,15,0
3148,90,35,6,0
3149,91,1,15,1
3150,91,2,12,1
3151,91,3,13,1
3152,91,4,5,0
3153,91,5,33,1
3154,91,6,17,1
3155,91,7,21,1
3156,91,8,13,0
3157,91,9,13,0
3158,91,10,25,1
3159,91,11,11,0
3160,91,12,23,1
3161,91,13,18,0
3162,91,14,7,0
3163,91,15,12,0
3164,91,16,18,1
3165,91,17,15,1
3166,91,18,12,1
3167,91,19,22,1
3168,91,20,13,0
3169,91,21,7,0
3170,91,22,10,1
3171,91,23,16,0
3172,91,24,14,1
3173,91,25,14,1
3174,91,26,20,0
3175,91,27,10,0
3176,91,28,8,0
3177,91,29,28,2
3178,91,30,20,1
3179,91,31,13,1
3180,91,32,11,0
3181,91,33,28,1
3182,91,34,15,0
3183,91,35,20,1
3184,92,1,14,0
3185,92,2,22,1
3186,92,3,23,1
3187,92,4,26,1
3188,92,5,11,1
3189,92,6,36,1
3190,92,7,11,0
3191,92,8,3,0
3192,92,9,28,1
3193,92,10,17,1
3194,92,11,14,1
3195,92,12,13,1
3196,92,13,29,0
3197,92,14,32,1
3198,92,15,14,0
3199,92,16,22,1
3200,92,17,20,1
3201,92,18,21,0
3202,92,19,34,2
3203,92,20,39,0
3204,92,21,41,1
3205,92,22,11,1
3206,92,23,36,1
3207,92,24,41,1
3208,92,25,6,0
3209,92,26,4,0
3210,92,27,21,0
3211,92,28,13,0
3212,92,29,53,3
3213,92,30,15,0
3214,92,31,22,0
3215,92,32,16,1
3216,92,33,23,1
3217,92,34,23,1
3218,92,35,16,1
3219,93,1,38,1
3220,93,2,39,2
3221,93,3,29,1
3222,93,4,26,1
3223,93,5,18,1
3224,93,6,23,1
3225,93,7,19,1
3226,93,8,28,2
3227,93,9,26,1
3228,93,10,17,1
3229,93,11,17,1
3230,93,12,21,1
3231,93,13,11,0
3232,93,14,16,1
3233,93,15,8,0
3234,93,16,60,2
3235,93,17,42,2
3236,93,18,44,2
3237,93,19,14,1
3238,93,20,22,1
3239,93,21,32,1
3240,93,22,30,1
3241,93,23,26,0
3242,93,24,39,1
3243,93,25,16,1
3244,93,26,26,2
3245,93,27,30,1
3246,93,28,14,1
3247,93,29,19,0
3248,93,30,34,2
3249,93,31,27,1
3250,93,32,38,2
3251,93,33,30,1
3252,93,34,24,1
3253,93,35,29,1
3254,94,1,24,1
3255,94,2,19,1
3256,94,3,18,1
3257,94,4,13,1
3258,94,5,3,0
3259,94,6,21,1
3260,94,7,21,0
3261,94,8,40,2
3262,94,9,12,1
3263,94,10,17,1
3264,94,11,16,0
3265,94,12,19,1
3266,94,13,13,0
3267,94,14,13,0
3268,94,15,21,0
3269,94,16,30,1
3270,94,17,18,0
3271,94,18,16,1
3272,94,19,5,0
3273,94,20,22,1
3274,94,21,28,1
3275,94,22,9,0
3276,94,23,10,0
3277,94,24,27,1
3278,94,25,10,1
3279,94,26,12,1
3280,94,27,15,0
3281,94,28,23,0
3282,94,29,14,0
3283,94,30,18,1
3284,94,31,11,0
3285,94,32,9,0
3286,94,33,18,1
3287,94,34,14,1
3288,94,35,43,2
3289,95,1,7,0
3290,95,2,13,0
3291,95,3,21,1
3292,95,4,27,0
3293,95,5,31,1
3294,95,6,31,2
3295,95,7,9,0
3296,95,8,15,0
3297,95,9,9,0
3298,95,10,8,0
3299,95,11,22,1
3300,95,12,29,1
3301,95,13,9,1
3302,95,14,12,0
3303,95,15,11,0
3304,95,16,12,1
3305,95,17,21,0
3306,95,18,19,0
3307,95,19,16,0
3308,95,20,8,0
3309,95,21,13,1
3310,95,22,12,0
3311,95,23,6,0
3312,95,24,16,1
3313,95,25,4,0
3314,95,26,14,1
3315,95,27,9,0
3316,95,28,9,0
3317,95,29,19,0
3318,95,30,16,1
3319,95,31,14,1
3320,95,32,28,1
3321,95,33,15,1
3322,95,34,13,0
3323,95,35,18,0
3324,96,1,17,1
3325,96,2,20,1
3326,96,3,22,1
3327,96,4,23,0
3328,96,5,18,1
3329,96,6,18,1
3330,96,7,23,0
3331,96,8,18,0
3332,96,9,26,1
3333,96,10,13,1
3334,96,11,8,0
3335,96,12,13,1
3336,96,13,29,1
3337,96,14,16,0
3338,96,15,28,1
3339,96,16,39,2
3340,96,17,15,0
3341,96,18,19,1
3342,96,19,30,0
3343,96,20,22,1
3344,96,21,25,1
3345,96,22,23,1
3346,96,23,17,0
3347,96,24,30,2
3348,96,25,22,1
3349,96,26,6,0
3350,96,27,26,1
3351,96,28,28,0
3352,96,29,29,1
3353,96,30,18,1
3354,96,31,24,1
3355,96,32,20,1
3356,96,33,16,1
3357,96,34,14,0
3358,96,35,31,1
3359,97,1,12,0
3360,97,2,17,1
3361,97,3,51,2
3362,97,4,33,1
3363,97,5,50,2
3364,97,6,27,1
3365,97,7,28,1
3366,97,8,5,0
3367,97,9,31,1
3368,97,10,13,0
3369,97,11,19,1
3370,97,12,12,1
3371,97,13,11,1
3372,97,14,33,1
3373,97,15,6,0
3374,97,16,24,0
3375,97,17,7,0
3376,97,18,20,1
3377,97,19,15,1
3378,97,20,24,1
3379,97,21,77,2
3380,97,22,15,1
3381,97,23,41,1
3382,97,24,14,0
3383,97,25,36,0
3384,97,26,16,0
3385,97,27,29,1
3386,97,28,25,1
3387,97,29,30,1
3388,97,30,57,1
3389,97,31,19,1
3390,97,32,40,1
3391,97,33,25,1
3392,97,34,14,0
3393,97,35,39,2
3394,98,1,22,1
3395,98,2,15,1
3396,98,3,34,1
3397,98,4,35,1
3398,98,5,12,0
3399,98,6,13,0
3400,98,7,9,1
3401,98,8,13,0
3402,98,9,15,0
3403,98,10,17,1
3404,98,11,26,0
3405,98,12,25,0
3406,98,13,24,0
3407,98,14,9,0
3408,98,15,28,1
3409,98,16,18,0
3410,98,17,14,0
3411,98,18,5,0
3412,98,19,18,0
3413,98,20,10,0
3414,98,21,10,0
3415,98,22,17,1
3416,98,23,29,0
3417,98,24,26,1
3418,98,25,23,1
3419,98,26,19,1
3420,98,27,21,1
3421,98,28,14,1
3422,98,29,19,1
3423,98,30,10,1
3424,98,31,16,0
3425,98,32,18,1
3426,98,33,29,1
3427,98,34,12,0
3428,98,35,29,0
3429,99,1,11,1
3430,99,2,13,1
3431,99,3,7,0
3432,99,4,12,1
3433,99,5,18,0
3434,99,6,18,1
3435,99,7,11,1
3436,99,8,11,0
3437,99,9,27,1
3438,99,10,23,1
3439,99,11,23,0
3440,99,12,27,1
3441,99,13,25,0
3442,99,14,17,0
3443,99,15,10,0
3444,99,16,8,0
3445,99,17,4,0
3446,99,18,26,1
3447,99,19,17,0
3448,99,20,16,0
3449,99,21,30,2
3450,99,22,6,0
3451,99,23,16,0
3452,99,24,28,1
3453,99,25,24,1
3454,99,26,10,0
3455,99,27,18,1
3456,99,28,19,1
3457,99,29,28,1
3458,99,30,14,0
3459,99,31,21,1
3460,99,32,21,0
3461,99,33,5,0
3462,99,34,30,1
3463,99,35,13,1
3464,100,1,31,1
3465,100,2,18,1
3466,100,3,26,1
3467,100,4,22,0
3468,100,5,19,1
3469,100,6,23,1
3470,100,7,21,1
3471,100,8,19,0
3472,100,9,28,1
3473,100,10,73,1
3474,100,11,20,1
3475,100,12,22,0
3476,100,13,11,1
3477,100,14,22,0
3478,100,15,23,0
3479,100,16,6,0
3480,100,17,33,1
3481,100,18,21,0
3482,100,19,10,1
3483,100,20,43,0
3484,100,21,52,1
3485,100,22,19,1
3486,100,23,42,2
3487,100,24,22,1
3488,100,25,19,1
3489,100,26,34,1
3490,100,27,15,0
3491,100,28,44,1
3492,100,29,51,1
3493,100,30,6,0
3494,100,31,16,0
3495,100,32,40,1
3496,100,33,7,0
3497,100,34,37,1
3498,100,35,26,1
3499,101,1,43,2
3500,101,2,26,1
3501,101,3,10,0
3502,101,4,32,0
3503,101,5,22,1
3504,101,6,56,3
3505,101,7,24,0
3506,101,8,29,1
3507,101,9,57,1
3508,101,10,56,2
3509,101,11,32,0
3510,101,12,32,1
3511,101,13,28,1
3512,101,14,12,1
3513,101,15,33,1
3514,101,16,30,1
3515,101,17,19,1
3516,101,18,17,0
3517,101,19,31,1
3518,101,20,58,3
3519,101,21,46,3
3520,101,22,9,0
3521,101,23,47,1
3522,101,24,46,2
3523,101,25,47,2
3524,101,26,13,0
3525,101,27,7,0
3526,101,28,85,3
3527,101,29,34,1
3528,101,30,26,1
3529,101,31,27,0
3530,101,32,49,1
3531,101,33,23,1
3532,101,34,28,1
3533,101,35,42,1
3534,102,1,48,1
3535,102,2,19,1
3536,102,3,21,1
3537,102,4,29,0
3538,102,5,22,1
3539,102,6,25,1
3540,102,7,13,0
3541,102,8,15,1
3542,102,9,20,1
3543,102,10,20,1
3544,102,11,32,1
3545,102,12,34,1
3546,102,13,13,0
3547,102,14,26,2
3548,102,15,39,1
3549,102,16,42,1
3550,102,17,11,0
3551,102,18,20,0
3552,102,19,28,1
3553,102,20,7,0
3554,102,21,26,1
3555,102,22,36,1
3556,102,23,14,0
3557,102,24,21,0
3558,102,25,17,1
3559,102,26,18,1
3560,102,27,43,2
3561,102,28,13,0
3562,102,29,7,0
3563,102,30,19,0
3564,102,31,12,0
3565,102,32,14,1
3566,102,33,15,1
3567,102,34,21,1
3568,102,35,55,1
3569,103,1,14,0
3570,103,2,18,1
3571,103,3,13,1
3572,103,4,21,1
3573,103,5,6,0
3574,103,6,10,0
3575,103,7,23,1
3576,103,8,24,1
3577,103,9,9,0
3578,103,10,15,1
3579,103,11,27,1
3580,103,12,13,1
3581,103,13,14,1
3582,103,14,39,2
3583,103,15,13,0
3584,103,16,9,0
3585,103,17,16,1
3586,103,18,28,1
3587,103,19,26,1
3588,103,20,28,0
3589,103,21,19,1
3590,103,22,12,1
3591,103,23,31,0
3592,103,24,22,1
3593,103,25,11,0
3594,103,26,16,1
3595,103,27,35,2
3596,103,28,28,2
3597,103,29,13,0
3598,103,30,22,1
3599,103,31,46,1
3600,103,32,27,1
3601,103,33,16,0
3602,103,34,25,1
3603,103,35,21,1
3604,104,1,28,0
3605,104,2,17,1
3606,104,3,24,1
3607,104,4,41,1
3608,104,5,27,1
3609,104,6,41,1
3610,104,7,14,0
3611,104,8,24,1
3612,104,9,46,2
3613,104,10,41,2
3614,104,11,20,1
3615,104,12,36,2
3616,104,13,14,0
3617,104,14,33,2
3618,104,15,20,1
3619,104,16,15,0
3620,104,18,35,1
3621,104,19,17,1
3622,104,20,61,3
3623,104,21,9,0
3624,104,22,18,1
3625,104,23,20,1
3626,104,24,43,2
3627,104,25,36,0
3628,104,26,22,1
3629,104,27,48,2
3630,104,28,23,1
3631,104,29,13,1
3632,104,30,26,1
3633,104,31,9,0
3634,104,32,8,0
3635,104,33,30,1
3636,104,34,12,0
3637,104,35,21,0
3638,105,1,42,2
3639,105,2,39,1
3640,105,3,34,2
3641,105,4,44,1
3642,105,5,20,0
3643,105,6,68,4
3644,105,7,31,1
3645,105,8,26,1
3646,105,9,35,2
3647,105,10,19,1
3648,105,11,32,1
3649,105,12,39,1
3650,105,13,15,0
3651,105,14,25,1
3652,105,15,16,1
3653,105,16,40,1
3654,105,17,41,1
3655,105,18,59,3
3656,105,19,35,2
3657,105,20,24,0
3658,105,21,28,1
3659,105,22,26,1
3660,105,23,27,1
3661,105,24,48,1
3662,105,25,30,1
3663,105,26,34,1
3664,105,27,43,0
3665,105,28,42,1
3666,105,29,55,3
3667,105,30,25,1
3668,105,31,44,2
3669,105,32,72,4
3670,105,33,40,1
3671,105,34,27,1
3672,105,35,21,1
3673,106,1,19,1
3674,106,2,27,1
3675,106,3,24,1
3676,106,4,40,2
3677,106,5,17,0
3678,106,6,15,0
3679,106,7,18,1
3680,106,8,9,0
3681,106,9,17,0
3682,106,10,19,1
3683,106,11,17,0
3684,106,12,48,1
3685,106,13,38,2
3686,106,14,34,1
3687,106,15,35,1
3688,106,16,17,1
3689,106,17,25,1
3690,106,18,19,0
3691,106,19,24,1
3692,106,20,18,1
3693,106,21,11,1
3694,106,22,23,0
3695,106,23,8,0
3696,106,24,17,0
3697,106,25,38,1
3698,106,26,28,1
3699,106,27,17,0
3700,106,28,20,1
3701,106,29,14,1
3702,106,30,31,2
3703,106,31,29,1
3704,106,32,18,1
3705,106,33,21,0
3706,106,34,34,1
3707,106,35,42,2
3708,107,1,15,0
3709,107,2,11,1
3710,107,3,16,1
3711,107,4,33,1
3712,107,5,36,1
3713,107,6,15,0
3714,107,7,12,0
3715,107,8,8,0
3716,107,9,17,1
3717,107,10,3,0
3718,107,11,9,0
3719,107,12,11,0
3720,107,13,17,0
3721,107,14,6,0
3722,107,15,20,1
3723,107,16,14,1
3724,107,17,30,1
3725,107,18,21,1
3726,107,19,17,1
3727,107,20,21,1
3728,107,21,27,1
3729,107,22,31,1
3730,107,23,22,1
3731,107,24,16,0
3732,107,25,32,1
3733,107,26,11,0
3734,107,27,17,1
3735,107,28,25,1
3736,107,29,16,0
3737,107,30,30,2
3738,107,31,9,0
3739,107,32,18,0
3740,107,33,35,2
3741,107,34,37,2
3742,107,35,16,1
3743,108,1,15,1
3744,108,2,20,1
3745,108,3,27,1
3746,108,4,22,1
3747,108,5,15,1
3748,108,6,28,1
3749,108,7,50,2
3750,108,8,21,1
3751,108,9,46,2
3752,108,10,45,2
3753,108,11,22,1
3754,108,12,25,1
3755,108,13,29,1
3756,108,14,21,1
3757,108,15,18,1
3758,108,16,20,0
3759,108,17,25,0
3760,108,18,22,1
3761,108,19,21,1
3762,108,20,12,0
3763,108,21,61,3
3764,108,22,17,1
3765,108,23,29,1
3766,108,24,16,1
3767,108,25,20,1
3768,108,26,23,1
3769,108,27,59,1
3770,108,28,39,2
3771,108,29,24,1
3772,108,30,10,1
3773,108,31,42,2
3774,108,32,28,2
3775,108,33,37,2
3776,108,34,13,0
3777,108,35,34,2
3778,109,1,28,2
3779,109,2,16,0
3780,109,3,5,0
3781,109,4,27,1
3782,109,5,11,0
3783,109,6,7,0
3784,109,7,14,0
3785,109,8,13,1
3786,109,9,23,1
3787,109,10,33,1
3788,109,11,18,1
3789,109,12,30,0
3790,109,13,16,0
3791,109,14,8,0
3792,109,15,21,1
3793,109,16,17,1
3794,109,17,22,1
3795,109,18,12,0
3796,109,19,52,2
3797,109,20,36,1
3798,109,21,40,2
3799,109,22,10,0
3800,109,23,45,2
3801,109,24,17,1
3802,109,25,17,1
3803,109,26,30,0
3804,109,27,30,1
3805,109,28,9,0
3806,109,29,14,0
3807,109,30,18,0
3808,109,31,17,1
3809,109,32,18,0
3810,109,33,26,1
3811,109,34,41,1
3812,109,35,25,0
3813,110,1,13,0
3814,110,2,16,1
3815,110,3,15,1
3816,110,4,28,1
3817,110,5,15,0
3818,110,6,15,0
3819,110,7,7,0
3820,110,8,10,0
3821,110,9,30,0
3822,110,10,4,0
3823,110,11,15,0
3824,110,12,22,1
3825,110,13,20,1
3826,110,14,13,1
3827,110,15,16,1
3828,110,16,5,0
3829,110,17,16,0
3830,110,18,11,0
3831,110,19,15,1
3832,110,20,12,1
3833,110,21,13,0
3834,110,22,24,1
3835,110,23,13,1
3836,110,24,10,0
3837,110,25,14,0
3838,110,26,16,0
3839,110,27,29,0
3840,110,28,16,0
3841,110,29,12,1
3842,110,30,35,1
3843,110,31,11,0
3844,110,32,25,1
3845,110,33,15,0
3846,110,34,6,0
3847,110,35,17,1
3848,111,1,10,0
3849,111,2,11,1
3850,111,3,6,0
3851,111,4,28,0
3852,111,5,8,0
3853,111,6,12,0
3854,111,7,20,0
3855,111,8,7,0
3856,111,9,7,0
3857,111,10,17,1
3858,111,11,14,0
3859,111,12,18,1
3860,111,13,6,0
3861,111,14,11,1
3862,111,15,21,1
3863,111,16,12,0
3864,111,17,7,0
3865,111,18,15,0
3866,111,19,18,0
3867,111,20,9,0
3868,111,21,10,0
3869,111,22,8,0
3870,111,23,9,0
3871,111,24,7,0
3872,111,25,8,0
3873,111,26,8,0
3874,111,27,33,1
3875,111,28,22,0
3876,111,29,6,0
3877,111,30,21,1
3878,111,31,9,0
3879,111,32,14,1
3880,111,33,7,0
3881,111,34,19,1
3882,111,35,17,0
3883,112,1,16,1
3884,112,2,56,1
3885,112,3,31,1
3886,112,4,11,0
3887,112,5,4,0
3888,112,6,9,0
3889,112,7,31,2
3890,112,8,31,1
3891,112,9,14,0
3892,112,10,19,0
3893,112,11,19,0
3894,112,12,22,1
3895,112,13,9,0
3896,112,14,28,1
3897,112,15,18,0
3898,112,16,14,1
3899,112,17,12,1
3900,112,18,16,1
3901,112,19,14,1
3902,112,20,22,1
3903,112,21,27,1
3904,112,22,11,0
3905,112,23,16,1
3906,112,24,37,2
3907,112,25,27,1
3908,112,26,19,1
3909,112,27,3,0
3910,112,28,14,0
3911,112,29,32,2
3912,112,30,23,1
3913,112,31,8,0
3914,112,32,33,1
3915,112,33,10,0
3916,112,34,30,1
3917,112,35,11,0
3918,113,1,9,0
3919,113,2,21,1
3920,113,3,17,1
3921,113,4,15,0
3922,113,5,27,1
3923,113,6,27,1
3924,113,7,22,1
3925,113,8,9,0
3926,113,9,18,1
3927,113,10,14,1
3928,113,11,16,1
3929,113,12,27,1
3930,113,13,8,0
3931,113,14,19,1
3932,113,15,27,1
3933,113,16,9,0
3934,113,17,44,1
3935,113,18,15,1
3936,113,19,28,2
3937,113,20,31,1
3938,113,21,11,0
3939,113,22,5,0
3940,113,23,16,0
3941,113,24,32,1
3942,113,25,28,0
3943,113,26,8,0
3944,113,27,10,0
3945,113,28,21,1
3946,113,29,26,1
3947,113,30,21,1
3948,113,31,22,1
3949,113,32,47,1
3950,113,33,31,1
3951,113,34,11,0
3952,113,35,14,1
3953,114,1,12,0
3954,114,2,11,1
3955,114,3,22,0
3956,114,4,19,1
3957,114,5,24,1
3958,114,6,16,1
3959,114,7,23,1
3960,114,8,19,1
3961,114,9,19,1
3962,114,10,7,0
3963,114,11,4,0
3964,114,12,16,1
3965,114,13,9,0
3966,114,14,11,0
3967,114,15,10,0
3968,114,16,5,0
3969,114,17,11,1
3970,114,18,17,1
3971,114,19,24,1
3972,114,20,13,0
3973,114,21,11,1
3974,114,22,13,1
3975,114,23,18,0
3976,114,24,18,0
3977,114,25,12,0
3978,114,26,13,0
3979,114,27,22,1
3980,114,28,7,0
3981,114,29,9,0
3982,114,30,11,0
3983,114,31,13,0
3984,114,32,18,1
3985,114,33,17,1
3986,114,34,10,1
3987,114,35,3,0
3988,115,1,14,0
3989,115,2,10,0
3990,115,3,12,0
3991,115,4,10,0
3992,115,5,10,0
3993,115,6,11,0
3994,115,7,19,0
3995,115,8,18,1
3996,115,9,4,0
3997,115,10,13,0
3998,115,11,15,1
3999,115,12,12,0
4000,115,13,6,0
4001,115,14,7,0
4002,115,15,22,1
4003,115,16,11,0
4004,115,17,20,0
4005,115,18,15,1
4006,115,19,14,1
4007,115,20,11,0
4008,115,21,15,1
4009,115,22,14,0
4010,115,23,11,0
4011,115,24,14,1
4012,115,25,27,1
4013,115,26,16,1
4014,115,27,20,1
4015,115,28,15,0
4016,115,29,14,1
4017,115,30,13,1
4018,115,31,9,0
4019,115,32,8,0
4020,115,33,9,0
4021,115,34,22,0
4022,115,35,11,0
4023,116,1,22,0
4024,116,2,19,1
4025,116,3,24,1
4026,116,4,12,1
4027,116,5,9,0
4028,116,6,10,0
4029,116,7,16,0
4030,116,8,21,0
4031,116,9,12,0
4032,116,10,34,1
4033,116,11,27,1
4034,116,12,32,2
4035,116,13,8,0
4036,116,14,24,1
4037,116,15,19,1
4038,116,16,14,0
4039,116,17,21,1
4040,116,18,5,0
4041,116,19,24,1
4042,116,20,14,0
4043,116,21,32,1
4044,116,22,8,0
4045,116,23,37,1
4046,116,24,23,1
4047,116,25,13,1
4048,116,26,20,1
4049,116,27,17,1
4050,116,28,17,0
4051,116,29,10,0
4052,116,30,29,1
4053,116,31,30,1
4054,116,32,12,0
4055,116,33,20,1
4056,116,34,14,0
4057,116,35,8,0
4058,117,1,16,0
4059,117,2,28,0
4060,117,3,40,2
4061,117,4,25,1
4062,117,5,21,1
4063,117,6,18,0
4064,117,7,36,1
4065,117,8,16,0
4066,117,9,37,1
4067,117,10,42,1
4068,117,11,45,2
4069,117,12,16,1
4070,117,13,25,1
4071,117,14,28,0
4072,117,15,16,1
4073,117,16,17,0
4074,117,17,28,1
4075,117,18,21,0
4076,117,19,10,0
4077,117,20,23,0
4078,117,21,26,1
4079,117,22,42,1
4080,117,23,27,1
4081,117,24,16,1
4082,117,25,36,0
4083,117,26,27,2
4084,117,27,10,1
4085,117,28,24,0
4086,117,29,17,1
4087,117,30,27,1
4088,117,31,33,1
4089,117,32,27,1
4090,117,33,39,1
4091,117,34,22,1
4092,117,35,16,1
4093,118,1,16,0
4094,118,2,17,1
4095,118,3,26,1
4096,118,4,26,1
4097,118,5,23,1
4098,118,6,7,0
4099,118,7,21,1
4100,118,8,10,0
4101,118,9,19,1
4102,118,10,10,1
4103,118,11,25,1
4104,118,12,20,1
4105,118,13,25,1
4106,118,14,21,0
4107,118,15,5,0
4108,118,16,14,0
4109,118,17,13,1
4110,118,18,8,0
4111,118,19,22,1
4112,118,20,32,1
4113,118,21,15,0
4114,118,22,21,0
4115,118,23,15,1
4116,118,24,15,1
4117,118,25,13,0
4118,118,26,12,1
4119,118,27,14,0
4120,118,28,27,1
4121,118,29,28,1
4122,118,30,17,1
4123,118,31,18,0
4124,118,32,28,0
4125,118,33,14,1
4126,118,34,11,0
4127,118,35,11,0
4128,119,1,23,1
4129,119,2,13,0
4130,119,3,10,0
4131,119,4,30,2
4132,119,5,18,1
4133,119,6,4,0
4134,119,7,14,0
4135,119,8,21,1
4136,119,9,23,1
4137,119,10,14,1
4138,119,11,19,1
4139,119,12,11,0
4140,119,13,6,0
4141,119,14,15,0
4142,119,15,5,0
4143,119,16,8,0
4144,119,17,12,0
4145,119,18,4,0
4146,119,19,9,0
4147,119,20,17,0
4148,119,21,11,0
4149,119,22,11,1
4150,119,23,18,1
4151,119,24,17,1
4152,119,25,11,0
4153,119,26,17,1
4154,119,27,4,0
4155,119,28,5,0
4156,119,29,5,0
4157,119,30,11,1
4158,119,31,15,0
4159,119,32,13,1
4160,119,33,17,1
4161,119,34,19,1
4162,119,35,21,0
4163,120,1,35,1
4164,120,2,19,1
4165,120,3,22,1
4166,120,4,30,2
4167,120,5,11,0
4168,120,6,47,3
4169,120,7,57,1
4170,120,8,46,2
4171,120,9,28,1
4172,120,10,20,1
4173,120,11,20,0
4174,120,12,19,1
4175,120,13,16,0
4176,120,14,20,1
4177,120,15,42,1
4178,120,16,13,0
4179,120,17,15,0
4180,120,18,5,0
4181,120,19,10,0
4182,120,20,7,0
4183,120,21,44,2
4184,120,22,28,1
4185,120,23,9,0
4186,120,24,12,1
4187,120,25,10,1
4188,120,26,32,1
4189,120,27,6,0
4190,120,28,10,0
4191,120,29,11,0
4192,120,30,22,1
4193,120,31,28,1
4194,120,32,36,2
4195,120,33,20,1
4196,120,34,13,0
4197,120,35,21,1
4198,121,1,12,1
4199,121,2,20,0
4200,121,3,13,1
4201,121,4,17,0
4202,121,5,50,3
4203,121,6,12,1
4204,121,7,25,0
4205,121,8,22,1
4206,121,9,20,1
4207,121,10,26,1
4208,121,11,30,1
4209,121,12,25,1
4210,121,13,41,1
4211,121,14,45,1
4212,121,15,15,1
4213,121,16,40,1
4214,121,17,23,0
4215,121,18,20,0
4216,121,19,23,0
4217,121,20,38,1
4218,121,21,40,2
4219,121,22,15,1
4220,121,23,37,2
4221,121,24,25,1
4222,121,25,17,1
4223,121,26,40,1
4224,121,27,29,1
4225,121,28,32,1
4226,121,29,13,1
4227,121,30,33,2
4228,121,31,20,0
4229,121,32,14,0
4230,121,33,17,0
4231,121,34,29,2
4232,121,35,21,1
4233,122,1,4,0
4234,122,2,37,2
4235,122,3,11,1
4236,122,4,19,1
4237,122,5,12,1
4238,122,6,11,1
4239,122,7,18,0
4240,122,8,9,0
4241,122,9,11,0
4242,122,10,19,0
4243,122,11,16,0
4244,122,12,17,1
4245,122,13,14,0
4246,122,14,21,0
4247,122,15,18,1
4248,122,16,18,0
4249,122,17,15,1
4250,122,18,17,0
4251,122,19,12,0
4252,122,20,37,1
4253,122,21,14,1
4254,122,22,35,1
4255,122,23,14,1
4256,122,24,34,1
4257,122,25,14,1
4258,122,26,27,1
4259,122,27,18,1
4260,122,28,19,0
4261,122,29,8,0
4262,122,30,15,1
4263,122,31,27,1
4264,122,32,39,0
4265,122,33,15,1
4266,122,34,32,1
4267,122,35,24,1
4268,123,1,6,0
4269,123,2,14,1
4270,123,3,35,2
4271,123,4,10,0
4272,123,5,6,0
4273,123,6,28,0
4274,123,7,7,0
4275,123,8,19,0
4276,123,9,23,1
4277,123,10,22,1
4278,123,11,19,0
4279,123,12,8,0
4280,123,13,8,0
4281,123,14,32,1
4282,123,15,13,0
4283,123,16,5,0
4284,123,17,25,1
4285,123,18,12,1
4286,123,19,9,0
4287,123,20,18,1
4288,123,21,16,1
4289,123,22,22,1
4290,123,23,14,0
4291,123,24,15,0
4292,123,25,12,1
4293,123,26,9,0
4294,123,27,12,1
4295,123,28,8,0
4296,123,29,15,0
4297,123,30,15,0
4298,123,31,26,0
4299,123,32,16,0
4300,123,33,14,0
4301,123,34,13,1
4302,123,35,27,1
4303,124,1,16,1
4304,124,2,12,0
4305,124,3,27,0
4306,124,4,19,0
4307,124,5,28,1
4308,124,6,18,0
4309,124,7,7,0
4310,124,8,32,1
4311,124,9,26,1
4312,124,10,14,0
4313,124,11,60,1
4314,124,12,8,0
4315,124,13,38,2
4316,124,14,20,0
4317,124,15,20,1
4318,124,16,10,1
4319,124,17,27,1
4320,124,18,23,1
4321,124,19,9,1
4322,124,20,38,1
4323,124,21,37,1
4324,124,22,21,1
4325,124,23,16,1
4326,124,24,26,1
4327,124,25,33,1
4328,124,26,22,1
4329,124,27,22,1
4330,124,28,21,1
4331,124,29,24,1
4332,124,30,19,0
4333,124,31,32,1
4334,124,32,37,1
4335,124,33,10,1
4336,124,34,30,0
4337,124,35,22,1
4338,125,1,58,1
4339,125,2,31,1
4340,125,3,20,0
4341,125,4,24,0
4342,125,5,23,1
4343,125,6,21,1
4344,125,7,45,1
4345,125,8,23,1
4346,125,9,25,0
4347,125,10,40,1
4348,125,11,39,0
4349,125,12,26,1
4350,125,13,52,2
4351,125,14,49,1
4352,125,15,35,1
4353,125,16,33,0
4354,125,17,26,1
4355,125,18,30,2
4356,125,19,12,1
4357,125,20,26,1
4358,125,21,31,0
4359,125,22,37,1
4360,125,23,40,1
4361,125,24,32,1
4362,125,25,39,1
4363,125,26,39,1
4364,125,27,24,1
4365,125,28,7,0
4366,125,29,22,1
4367,125,30,18,0
4368,125,31,25,1
4369,125,32,19,1
4370,125,33,43,1
4371,125,34,22,1
4372,125,35,39,2
4373,126,1,7,0
4374,126,2,32,1
4375,126,3,14,1
4376,126,4,20,1
4377,126,5,18,1
4378,126,6,22,1
4379,126,7,15,1
4380,126,8,38,2
4381,126,9,31,1
4382,126,10,25,0
4383,126,11,32,2
4384,126,12,9,0
4385,126,13,28,0
4386,126,14,18,1
4387,126,15,11,0
4388,126,16,15,1
4389,126,17,10,0
4390,126,18,26,1
4391,126,19,25,1
4392,126,20,23,1
4393,126,21,10,0
4394,126,22,32,2
4395,126,23,8,0
4396,126,24,17,1
4397,126,25,14,1
4398,126,26,13,1
4399,126,27,38,2
4400,126,28,24,1
4401,126,29,12,1
4402,126,30,18,1
4403,126,31,19,1
4404,126,32,12,1
4405,126,33,20,1
4406,126,34,33,0
4407,126,35,28,1
4408,127,1,14,1
4409,127,2,26,1
4410,127,3,1,0
4411,127,4,16,1
4412,127,5,35,2
4413,127,6,13,0
4414,127,7,15,0
4415,127,8,12,0
4416,127,9,21,1
4417,127,10,13,0
4418,127,11,10,1
4419,127,12,14,0
4420,127,13,7,0
4421,127,14,9,0
4422,127,15,17,1
4423,127,16,9,0
4424,127,17,11,1
4425,127,18,5,0
4426,127,19,15,1
4427,127,20,6,0
4428,127,21,30,1
4429,127,22,26,1
4430,127,23,16,0
4431,127,24,13,1
4432,127,25,4,0
4433,127,26,21,1
4434,127,27,32,2
4435,127,28,9,0
4436,127,29,15,1
4437,127,30,16,0
4438,127,31,57,3
4439,127,32,13,0
4440,127,33,9,0
4441,127,34,7,0
4442,127,35,17,1
4443,128,1,35,1
4444,128,2,13,0
4445,128,3,44,1
4446,128,4,5,0
4447,128,5,7,0
4448,128,6,12,0
4449,128,7,31,2
4450,128,8,11,0
4451,128,9,16,1
4452,128,10,15,1
4453,128,11,29,2
4454,128,12,19,0
4455,128,13,23,0
4456,128,14,37,0
4457,128,15,25,0
4458,128,16,12,1
4459,128,17,14,0
4460,128,18,12,0
4461,128,19,26,1
4462,128,20,61,2
4463,128,21,6,0
4464,128,22,20,1
4465,128,23,17,1
4466,128,24,20,1
4467,128,25,31,2
4468,128,26,17,0
4469,128,27,38,2
4470,128,28,12,0
4471,128,29,45,2
4472,128,30,19,0
4473,128,31,31,2
4474,128,32,32,1
4475,128,33,20,0
4476,128,34,14,1
4477,128,35,15,1
4478,129,1,23,1
4479,129,2,19,1
4480,129,3,22,1
4481,129,4,36,1
4482,129,5,18,1
4483,129,6,42,1
4484,129,7,54,1
4485,129,8,18,1
4486,129,9,24,1
4487,129,10,24,1
4488,129,11,43,2
4489,129,12,51,1
4490,129,13,23,1
4491,129,14,17,0
4492,129,15,42,2
4493,129,16,57,3
4494,129,17,16,1
4495,129,18,37,0
4496,129,19,63,3
4497,129,20,26,1
4498,129,21,31,2
4499,129,22,18,1
4500,129,23,41,1
4501,129,24,43,2
4502,129,25,44,2
4503,129,26,24,1
4504,129,27,26,1
4505,129,28,58,3
4506,129,29,22,1
4507,129,30,14,0
4508,129,31,36,1
4509,129,32,39,1
4510,129,33,29,1
4511,129,34,18,0
4512,129,35,26,1
4513,130,1,26,1
4514,130,2,19,1
4515,130,3,9,0
4516,130,4,34,2
4517,130,5,40,2
4518,130,6,21,1
4519,130,7,17,1
4520,130,8,24,0
4521,130,9,15,1
4522,130,10,17,1
4523,130,11,30,2
4524,130,12,23,1
4525,130,13,33,0
4526,130,14,18,1
4527,130,15,16,1
4528,130,16,16,0
4529,130,17,40,1
4530,130,18,36,2
4531,130,19,14,0
4532,130,20,10,0
4533,130,21,23,1
4534,130,22,29,0
4535,130,23,27,1
4536,130,24,26,1
4537,130,25,38,2
4538,130,26,15,1
4539,130,27,15,1
4540,130,28,24,1
4541,130,29,29,1
4542,130,30,4,0
4543,130,31,27,1
4544,130,32,20,0
4545,130,33,13,0
4546,130,34,14,1
4547,130,35,37,2
4548,131,1,24,1
4549,131,2,19,1
4550,131,3,8,0
4551,131,4,36,1
4552,131,5,16,1
4553,131,6,23,0
4554,131,7,10,1
4555,131,8,6,0
4556,131,9,14,0
4557,131,10,20,0
4558,131,11,13,0
4559,131,12,17,0
4560,131,13,30,2
4561,131,14,12,0
4562,131,15,9,0
4563,131,16,13,0
4564,131,17,19,0
4565,131,18,11,0
4566,131,19,17,1
4567,131,20,15,1
4568,131,21,16,0
4569,131,22,24,0
4570,131,23,16,1
4571,131,24,18,0
4572,131,25,22,1
4573,131,26,23,1
4574,131,27,17,0
4575,131,28,10,0
4576,131,29,12,0
4577,131,30,21,1
4578,131,31,11,0
4579,131,32,27,1
4580,131,33,17,0
4581,131,34,28,1
4582,131,35,16,0
4583,132,1,37,1
4584,132,2,40,2
4585,132,3,25,1
4586,132,4,36,1
4587,132,5,52,3
4588,132,6,17,0
4589,132,7,33,0
4590,132,8,30,1
4591,132,9,27,2
4592,132,10,34,1
4593,132,11,31,1
4594,132,12,29,1
4595,132,13,13,0
4596,132,14,45,1
4597,132,15,20,1
4598,132,16,28,1
4599,132,17,39,2
4600,132,18,5,0
4601,132,19,23,1
4602,132,20,13,1
4603,132,21,29,1
4604,132,22,36,1
4605,132,23,27,0
4606,132,24,33,2
4607,132,25,21,1
4608,132,26,12,0
4609,132,27,14,0
4610,132,28,53,2
4611,132,29,33,2
4612,132,30,19,0
4613,132,31,25,0
4614,132,32,22,1
4615,132,33,30,1
4616,132,34,33,1
4617,132,35,23,1
4618,133,1,10,0
4619,133,2,23,1
4620,133,3,18,1
4621,133,4,21,1
4622,133,5,36,1
4623,133,6,27,1
4624,133,7,20,1
4625,133,8,35,2
4626,133,9,30,1
4627,133,10,27,1
4628,133,11,23,1
4629,133,12,43,1
4630,133,13,17,1
4631,133,14,42,1
4632,133,15,3,0
4633,133,16,25,0
4634,133,17,52,1
4635,133,18,50,2
4636,133,19,21,0
4637,133,20,23,1
4638,133,21,33,1
4639,133,22,39,1
4640,133,23,23,1
4641,133,24,26,1
4642,133,25,30,1
4643,133,26,26,1
4644,133,27,16,1
4645,133,28,36,2
4646,133,29,25,1
4647,133,30,7,0
4648,133,31,12,1
4649,133,32,31,1
4650,133,33,33,1
4651,133,34,22,1
4652,133,35,26,0
4653,134,1,20,1
4654,134,2,12,0
4655,134,3,17,0
4656,134,4,20,1
4657,134,5,23,1
4658,134,6,17,0
4659,134,7,23,1
4660,134,8,17,1
4661,134,9,19,0
4662,134,10,18,0
4663,134,11,37,1
4664,134,12,22,1
4665,134,13,25,1
4666,134,14,14,0
4667,134,15,32,1
4668,134,16,19,1
4669,134,17,31,1
4670,134,18,9,0
4671,134,19,10,0
4672,134,20,21,1
4673,134,21,11,0
4674,134,22,20,1
4675,134,23,25,0
4676,134,24,19,1
4677,134,25,33,2
4678,134,26,7,0
4679,134,27,21,1
4680,134,28,40,1
4681,134,29,13,0
4682,134,30,20,1
4683,134,31,13,1
4684,134,32,34,2
4685,134,33,44,2
4686,134,34,11,0
4687,134,35,29,1
4688,135,1,10,0
4689,135,2,32,1
4690,135,3,16,0
4691,135,4,22,1
4692,135,5,34,2
4693,135,6,16,0
4694,135,7,27,1
4695,135,8,35,2
4696,135,9,21,1
4697,135,10,17,1
4698,135,11,9,0
4699,135,12,25,0
4700,135,13,5,0
4701,135,14,29,1
4702,135,15,6,0
4703,135,16,19,1
4704,135,17,13,0
4705,135,18,7,0
4706,135,19,13,0
4707,135,20,25,1
4708,135,21,13,0
4709,135,22,10,0
4710,135,23,11,1
4711,135,24,11,0
4712,135,25,16,0
4713,135,26,18,0
4714,135,27,27,1
4715,135,28,24,0
4716,135,29,20,0
4717,135,30,21,1
4718,135,31,9,0
4719,135,32,7,0
4720,135,33,31,1
4721,135,34,26,1
4722,135,35,16,1
4723,136,1,29,2
4724,136,2,22,0
4725,136,3,24,1
4726,136,4,23,1
4727,136,5,24,1
4728,136,6,23,1
4729,136,7,31,1
4730,136,8,32,2
4731,136,9,20,1
4732,136,10,13,0
4733,136,11,36,2
4734,136,12,25,0
4735,136,13,25,1
4736,136,14,23,1
4737,136,15,24,1
4738,136,16,59,2
4739,136,17,9,0
4740,136,18,30,1
4741,136,19,22,1
4742,136,20,18,0
4743,136,21,22,1
4744,136,22,8,0
4745,136,23,30,1
4746,136,24,11,1
4747,136,25,28,1
4748,136,26,36,1
4749,136,27,22,1
4750,136,28,34,1
4751,136,29,21,1
4752,136,30,20,1
4753,136,31,64,2
4754,136,32,24,0
4755,136,33,16,1
4756,136,34,25,1
4757,136,35,14,1
4758,137,1,25,1
4759,137,2,16,1
4760,137,3,40,2
4761,137,4,24,1
4762,137,5,17,1
4763,137,6,29,1
4764,137,7,4,0
4765,137,8,25,0
4766,137,9,33,1
4767,137,10,20,1
4768,137,11,21,0
4769,137,12,51,2
4770,137,13,25,0
4771,137,14,16,0
4772,137,15,21,1
4773,137,16,16,0
4774,137,17,33,1
4775,137,18,12,1
4776,137,19,12,0
4777,137,20,39,1
4778,137,21,27,1
4779,137,22,11,0
4780,137,23,21,1
4781,137,24,19,0
4782,137,25,11,0
4783,137,26,34,1
4784,137,27,8,0
4785,137,28,28,1
4786,137,29,18,1
4787,137,30,34,2
4788,137,31,35,1
4789,137,32,32,1
4790,137,33,23,1
4791,137,34,15,1
4792,137,35,24,1
4793,138,1,4,0
4794,138,2,34,2
4795,138,3,4,0
4796,138,4,14,1
4797,138,5,22,0
4798,138,6,6,0
4799,138,7,31,1
4800,138,8,25,0
4801,138,9,15,1
4802,138,10,12,0
4803,138,11,7,0
4804,138,12,16,0
4805,138,13,27,1
4806,138,14,22,1
4807,138,15,14,1
4808,138,16,20,1
4809,138,17,6,0
4810,138,18,25,1
4811,138,19,8,0
4812,138,20,29,0
4813,138,21,9,0
4814,138,22,16,0
4815,138,23,27,0
4816,138,24,9,0
4817,138,25,9,0
4818,138,26,17,1
4819,138,27,8,0
4820,138,28,16,0
4821,138,29,10,0
4822,138,30,8,0
4823,138,31,37,2
4824,138,32,5,0
4825,138,33,14,0
4826,138,34,8,0
4827,138,35,20,1
4828,139,1,8,0
4829,139,2,11,0
4830,139,3,21,1
4831,139,4,22,1
4832,139,5,13,0
4833,139,6,13,1
4834,139,7,15,1
4835,139,8,21,0
4836,139,9,13,0
4837,139,10,11,1
4838,139,11,16,0
4839,139,12,6,0
4840,139,13,12,1
4841,139,14,25,1
4842,139,15,12,0
4843,139,16,3,0
4844,139,17,15,1
4845,139,18,8,0
4846,139,19,25,1
4847,139,20,4,0
4848,139,21,11,0
4849,139,22,12,0
4850,139,23,27,1
4851,139,24,10,0
4852,139,25,9,0
4853,139,26,22,1
4854,139,27,10,0
4855,139,28,23,0
4856,139,29,7,0
4857,139,30,17,0
4858,139,31,18,1
4859,139,32,8,0
4860,139,33,6,0
4861,139,34,11,0
4862,139,35,11,0
4863,140,1,19,1
4864,140,2,13,1
4865,140,3,17,0
4866,140,4,5,0
4867,140,5,15,0
4868,140,6,14,0
4869,140,7,15,1
4870,140,8,22,1
4871,140,9,15,1
4872,140,10,9,0
4873,140,11,13,1
4874,140,12,40,1
4875,140,13,13,1
4876,140,14,8,0
4877,140,15,27,1
4878,140,16,11,0
4879,140,17,11,0
4880,140,18,25,1
4881,140,19,18,0
4882,140,20,15,0
4883,140,21,21,0
4884,140,22,46,1
4885,140,23,9,0
4886,140,24,18,1
4887,140,25,14,0
4888,140,26,18,1
4889,140,27,17,1
4890,140,28,20,1
4891,140,29,20,0
4892,140,30,22,0
4893,140,31,16,1
4894,140,32,6,0
4895,140,33,29,0
4896,140,34,23,0
4897,140,35,9,0
4898,141,1,26,1
4899,141,2,13,0
4900,141,3,8,0
4901,141,4,5,0
4902,141,5,35,1
4903,141,6,14,0
4904,141,7,13,1
4905,141,8,17,1
4906,141,9,28,1
4907,141,10,47,1
4908,141,11,7,0
4909,141,12,36,1
4910,141,13,19,1
4911,141,14,18,1
4912,141,15,13,0
4913,141,16,27,0
4914,141,17,19,1
4915,141,18,14,1
4916,141,19,24,1
4917,141,20,9,0
4918,141,21,22,1
4919,141,22,14,1
4920,141,23,12,1
4921,141,24,12,1
4922,141,25,24,1
4923,141,26,37,2
4924,141,27,24,1
4925,141,28,10,0
4926,141,29,9,0
4927,141,30,11,0
4928,141,31,14,1
4929,141,32,13,0
4930,141,33,16,1
4931,141,34,13,1
4932,141,35,20,1
4933,142,1,16,1
4934,142,2,24,0
4935,142,3,15,0
4936,142,4,10,1
4937,142,5,21,1
4938,142,6,42,1
4939,142,7,12,0
4940,142,8,20,1
4941,142,9,18,1
4942,142,10,13,1
4943,142,11,18,1
4944,142,12,12,0
4945,142,13,5,0
4946,142,14,16,1
4947,142,15,9,0
4948,142,16,8,0
4949,142,17,15,0
4950,142,18,6,0
4951,142,19,14,1
4952,142,20,20,1
4953,142,21,7,0
4954,142,22,6,0
4955,142,23,15,1
4956,142,24,14,0
4957,142,25,23,0
4958,142,26,2,0
4959,142,27,21,1
4960,142,28,22,1
4961,142,29,7,0
4962,142,30,6,0
4963,142,31,11,0
4964,142,32,24,1
4965,142,33,31,1
4966,142,34,12,0
4967,142,35,18,1
4968,143,1,27,1
4969,143,2,11,0
4970,143,3,6,0
4971,143,4,14,0
4972,143,5,10,0
4973,143,6,28,1
4974,143,7,10,0
4975,143,8,9,1
4976,143,9,7,0
4977,143,10,22,1
4978,143,11,7,0
4979,143,12,16,0
4980,143,13,28,2
4981,143,14,7,0
4982,143,15,6,0
4983,143,16,18,1
4984,143,17,14,1
4985,143,18,4,0
4986,143,19,12,0
4987,143,20,21,0
4988,143,21,15,0
4989,143,22,7,0
4990,143,23,7,0
4991,143,24,20,1
4992,143,25,9,1
4993,143,26,3,0
4994,143,27,9,0
4995,143,28,9,0
4996,143,29,8,0
4997,143,30,9,0
4998,143,31,5,0
4999,143,32,9,0
5000,143,33,20,0
5001,143,34,13,0
5002,143,35,14,1
5003,144,1,37,1
5004,144,2,10,0
5005,144,3,14,0
5006,144,4,19,1
5007,144,5,24,1
5008,144,6,19,1
5009,144,7,9,0
5010,144,8,23,1
5011,144,9,24,0
5012,144,10,11,1
5013,144,11,28,0
5014,144,12,27,1
5015,144,13,12,1
5016,144,14,28,1
5017,144,15,18,0
5018,144,16,4,0
5019,144,17,14,0
5020,144,18,14,1
5021,144,19,21,0
5022,144,20,23,1
5023,144,21,14,0
5024,144,22,51,2
5025,144,23,19,0
5026,144,24,22,1
5027,144,25,9,0
5028,144,26,13,1
5029,144,27,19,0
5030,144,28,10,0
5031,144,29,8,0
5032,144,30,26,1
5033,144,31,39,1
5034,144,32,14,1
5035,144,33,27,1
5036,144,34,19,1
5037,144,35,20,1
5038,145,1,29,1
5039,145,2,43,3
5040,145,3,10,0
5041,145,4,14,0
5042,145,5,33,2
5043,145,6,32,1
5044,145,7,11,0
5045,145,8,8,0
5046,145,9,49,1
5047,145,10,18,0
5048,145,11,19,0
5049,145,12,28,1
5050,145,13,31,0
5051,145,14,21,0
5052,145,15,13,1
5053,145,16,26,1
5054,145,17,19,0
5055,145,18,9,1
5056,145,19,12,0
5057,145,20,9,0
5058,145,21,23,1
5059,145,22,34,1
5060,145,23,44,2
5061,145,24,35,2
5062,145,25,22,0
5063,145,26,34,1
5064,145,27,34,2
5065,145,28,8,0
5066,145,29,26,1
5067,145,30,19,1
5068,145,31,26,1
5069,145,32,41,1
5070,145,33,36,1
5071,145,34,17,1
5072,145,35,22,1
5073,146,1,14,1
5074,146,2,4,0
5075,146,3,21,1
5076,146,4,7,0
5077,146,5,19,1
5078,146,6,8,0
5079,146,7,16,0
5080,146,8,6,0
5081,146,9,18,1
5082,146,10,10,1
5083,146,11,9,0
5084,146,12,11,1
5085,146,13,14,1
5086,146,14,20,1
5087,146,15,46,2
5088,146,16,20,1
5089,146,17,18,0
5090,146,18,19,1
5091,146,19,26,2
5092,146,20,22,1
5093,146,21,26,1
5094,146,22,28,1
5095,146,23,25,1
5096,146,24,6,0
5097,146,25,20,1
5098,146,26,13,1
5099,146,27,15,1
5100,146,28,17,0
5101,146,29,18,1
5102,146,30,21,0
5103,146,31,22,1
5104,146,32,9,0
5105,146,33,15,1
5106,146,34,21,0
5107,146,35,7,0
5108,147,1,13,1
5109,147,2,26,1
5110,147,3,23,1
5111,147,4,10,1
5112,147,5,8,0
5113,147,6,12,1
5114,147,7,12,0
5115,147,8,9,0
5116,147,9,8,0
5117,147,10,4,0
5118,147,11,9,0
5119,147,12,13,1
5120,147,13,15,0
5121,147,14,8,0
5122,147,15,18,0
5123,147,16,20,1
5124,147,17,20,1
5125,147,18,4,0
5126,147,19,9,0
5127,147,20,10,1
5128,147,21,12,1
5129,147,22,26,1
5130,147,23,8,0
5131,147,24,6,0
5132,147,25,11,1
5133,147,26,4,0
5134,147,27,22,0
5135,147,28,5,0
5136,147,29,6,0
5137,147,30,25,1
5138,147,31,6,0
5139,147,32,25,1
5140,147,33,29,1
5141,147,34,6,0
5142,147,35,6,0
5143,148,1,8,0
5144,148,2,6,0
5145,148,3,33,1
5146,148,4,10,1
5147,148,5,18,0
5148,148,6,5,0
5149,148,7,13,0
5150,148,8,8,0
5151,148,9,24,1
5152,148,10,9,0
5153,148,11,23,1
5154,148,12,45,1
5155,148,13,27,1
5156,148,14,19,0
5157,148,15,21,0
5158,148,16,32,1
5159,148,17,12,1
5160,148,18,43,2
5161,148,19,12,0
5162,148,20,27,1
5163,148,21,11,0
5164,148,22,12,1
5165,148,23,7,0
5166,148,24,19,1
5167,148,25,19,1
5168,148,26,23,1
5169,148,27,11,0
5170,148,28,9,0
5171,148,29,29,0
5172,148,30,11,0
5173,148,31,7,0
5174,148,32,27,1
5175,148,33,19,1
5176,148,34,36,1
5177,148,35,8,0
5178,149,1,31,1
5179,149,2,26,0
5180,149,3,15,1
5181,149,4,15,1
5182,149,5,38,2
5183,149,6,47,1
5184,149,7,28,1
5185,149,8,54,2
5186,149,9,38,1
5187,149,10,34,2
5188,149,11,31,1
5189,149,12,19,0
5190,149,13,26,1
5191,149,14,12,0
5192,149,15,26,2
5193,149,16,54,3
5194,149,17,25,1
5195,149,18,8,0
5196,149,19,37,2
5197,149,20,24,1
5198,149,21,28,1
5199,149,22,32,1
5200,149,23,28,1
5201,149,24,13,1
5202,149,25,27,0
5203,149,26,30,1
5204,149,27,18,1
5205,149,28,27,1
5206,149,29,11,0
5207,149,30,45,1
5208,149,31,31,1
5209,149,32,21,0
5210,149,33,27,0
5211,149,34,24,1
5212,149,35,29,1
5213,150,1,15,0
5214,150,2,19,1
5215,150,3,8,0
5216,150,4,8,0
5217,150,5,20,1
5218,150,6,3,0
5219,150,7,26,0
5220,150,8,13,0
5221,150,9,25,1
5222,150,10,14,0
5223,150,11,17,1
5224,150,12,5,0
5225,150,13,20,1
5226,150,14,29,1
5227,150,15,20,1
5228,150,16,23,0
5229,150,17,32,2
5230,150,18,35,1
5231,150,19,15,0
5232,150,20,13,0
5233,150,21,15,1
5234,150,22,31,0
5235,150,23,13,0
5236,150,24,16,1
5237,150,25,23,0
5238,150,26,19,0
5239,150,27,31,1
5240,150,28,8,0
5241,150,29,14,0
5242,150,30,17,0
5243,150,31,21,1
5244,150,32,21,0
5245,150,33,20,1
5246,150,34,32,1
5247,150,35,19,1
5248,151,1,14,1
5249,151,2,16,0
5250,151,3,15,1
5251,151,4,29,1
5252,151,5,33,1
5253,151,6,19,1
5254,151,7,20,1
5255,151,8,14,0
5256,151,9,7,0
5257,151,10,8,0
5258,151,11,6,0
5259,151,12,14,0
5260,151,13,10,0
5261,151,14,11,0
5262,151,15,7,0
5263,151,16,16,0
5264,151,17,10,0
5265,151,18,14,1
5266,151,19,15,0
5267,151,20,26,1
5268,151,21,17,1
5269,151,22,15,0
5270,151,23,11,0
5271,151,24,10,0
5272,151,25,27,1
5273,151,26,13,1
5274,151,27,21,0
5275,151,28,13,0
5276,151,29,9,0
5277,151,30,4,0
5278,151,31,16,1
5279,151,32,12,1
5280,151,33,11,0
5281,151,34,18,0
5282,151,35,10,0
5283,152,1,29,1
5284,152,2,39,1
5285,152,3,14,1
5286,152,4,34,0
5287,152,5,24,1
5288,152,6,39,2
5289,152,7,12,0
5290,152,8,19,0
5291,152,9,21,1
5292,152,10,40,1
5293,152,11,29,1
5294,152,12,19,0
5295,152,13,22,0
5296,152,14,17,1
5297,152,15,38,1
5298,152,16,29,2
5299,152,17,6,0
5300,152,18,32,1
5301,152,19,24,1
5302,152,20,15,0
5303,152,21,14,1
5304,152,22,28,0
5305,152,23,8,0
5306,152,24,4,0
5307,152,25,26,1
5308,152,26,13,0
5309,152,27,10,0
5310,152,28,28,1
5311,152,29,31,1
5312,152,30,14,0
5313,152,31,22,1
5314,152,32,10,0
5315,152,33,23,1
5316,152,34,10,1
5317,152,35,35,1
5318,153,1,11,1
5319,153,2,18,1
5320,153,3,33,0
5321,153,4,22,1
5322,153,5,65,3
5323,153,6,9,0
5324,153,7,10,0
5325,153,8,53,2
5326,153,9,41,2
5327,153,10,40,2
5328,153,11,33,1
5329,153,12,49,3
5330,153,13,24,1
5331,153,14,31,1
5332,153,15,10,1
5333,153,16,17,0
5334,153,17,59,3
5335,153,18,30,1
5336,153,19,36,1
5337,153,20,27,1
5338,153,21,7,0
5339,153,22,51,1
5340,153,23,51,3
5341,153,24,15,1
5342,153,25,17,1
5343,153,26,16,0
5344,153,27,30,2
5345,153,28,69,3
5346,153,29,36,2
5347,153,30,16,1
5348,153,31,41,2
5349,153,32,50,1
5350,153,33,16,0
5351,153,34,18,1
5352,153,35,43,2
5353,154,1,26,2
5354,154,2,8,0
5355,154,3,18,0
5356,154,4,35,1
5357,154,5,27,1
5358,154,6,30,1
5359,154,7,39,1
5360,154,8,20,0
5361,154,9,17,1
5362,154,10,38,2
5363,154,11,5,0
5364,154,12,23,1
5365,154,13,24,0
5366,154,14,35,1
5367,154,15,20,1
5368,154,16,14,0
5369,154,17,21,1
5370,154,18,24,1
5371,154,19,26,1
5372,154,20,12,0
5373,154,21,19,1
5374,154,22,15,0
5375,154,23,2,0
5376,154,24,11,0
5377,154,25,14,0
5378,154,26,11,0
5379,154,27,13,1
5380,154,28,15,0
5381,154,29,23,1
5382,154,30,14,0
5383,154,31,27,1
5384,154,32,25,1
5385,154,33,6,0
5386,154,34,9,0
5387,154,35,18,1
5388,155,1,17,1
5389,155,2,19,0
5390,155,3,6,0
5391,155,4,8,0
5392,155,5,31,1
5393,155,6,8,0
5394,155,7,13,0
5395,155,8,13,1
5396,155,9,14,0
5397,155,10,19,1
5398,155,11,20,1
5399,155,12,31,2
5400,155,13,10,0
5401,155,14,23,1
5402,155,15,14,1
5403,155,16,32,1
5404,155,17,12,0
5405,155,18,28,2
5406,155,19,37,1
5407,155,20,11,1
5408,155,21,15,0
5409,155,22,21,1
5410,155,23,12,1
5411,155,24,13,0
5412,155,25,15,0
5413,155,26,22,1
5414,155,27,45,2
5415,155,28,5,0
5416,155,29,14,0
5417,155,30,8,0
5418,155,31,8,0
5419,155,32,25,1
5420,155,33,18,1
5421,155,34,17,1
5422,155,35,11,0
5423,156,1,38,1
5424,156,2,19,1
5425,156,3,21,1
5426,156,4,41,1
5427,156,5,10,1
5428,156,6,10,1
5429,156,7,16,0
5430,156,8,30,1
5431,156,9,13,0
5432,156,10,28,1
5433,156,11,13,0
5434,156,12,33,0
5435,156,13,26,1
5436,156,14,29,2
5437,156,15,13,1
5438,156,16,39,2
5439,156,17,22,0
5440,156,18,24,0
5441,156,19,36,0
5442,156,20,19,0
5443,156,21,45,2
5444,156,22,13,1
5445,156,23,32,1
5446,156,24,30,1
5447,156,25,18,1
5448,156,26,19,1
5449,156,27,25,1
5450,156,28,17,1
5451,156,29,18,0
5452,156,30,12,0
5453,156,31,22,1
5454,156,32,11,0
5455,156,33,51,2
5456,156,34,22,1
5457,156,35,7,0
5458,157,1,26,0
5459,157,2,17,0
5460,157,3,31,0
5461,157,4,23,1
5462,157,5,19,0
5463,157,6,9,0
5464,157,7,63,1
5465,157,8,52,1
5466,157,9,30,1
5467,157,10,37,2
5468,157,11,34,0
5469,157,12,22,0
5470,157,13,24,1
5471,157,14,16,1
5472,157,15,17,1
5473,157,16,17,0
5474,157,17,27,0
5475,157,18,23,1
5476,157,19,38,1
5477,157,20,53,3
5478,157,21,15,1
5479,157,22,36,2
5480,157,23,20,1
5481,157,24,43,2
5482,157,25,29,1
5483,157,26,30,1
5484,157,27,27,1
5485,157,28,37,2
5486,157,29,20,1
5487,157,30,49,2
5488,157,31,35,2
5489,157,32,18,0
5490,157,33,37,2
5491,157,34,30,1
5492,157,35,36,1
5493,158,1,14,1
5494,158,2,33,1
5495,158,3,35,2
5496,158,4,12,0
5497,158,5,12,1
5498,158,6,27,1
5499,158,7,32,1
5500,158,8,17,1
5501,158,9,12,0
5502,158,10,10,0
5503,158,11,16,0
5504,158,12,18,0
5505,158,13,20,0
5506,158,14,56,2
5507,158,15,22,1
5508,158,16,16,0
5509,158,17,57,1
5510,158,18,14,1
5511,158,19,38,1
5512,158,20,11,1
5513,158,21,33,2
5514,158,22,20,0
5515,158,23,12,0
5516,158,24,25,1
5517,158,25,15,0
5518,158,26,18,1
5519,158,27,28,0
5520,158,28,25,0
5521,158,29,20,1
5522,158,30,31,0
5523,158,31,22,1
5524,158,32,26,1
5525,158,33,29,2
5526,158,34,41,2
5527,158,35,16,0
5528,159,1,29,1
5529,159,2,12,1
5530,159,3,19,1
5531,159,4,26,1
5532,159,5,26,1
5533,159,6,3,0
5534,159,7,32,1
5535,159,8,15,1
5536,159,9,19,1
5537,159,10,4,0
5538,159,11,6,0
5539,159,12,21,1
5540,159,13,21,1
5541,159,14,22,1
5542,159,15,21,1
5543,159,16,24,1
5544,159,17,14,1
5545,159,18,12,0
5546,159,19,16,1
5547,159,20,6,0
5548,159,21,18,0
5549,159,22,14,1
5550,159,23,9,0
5551,159,24,22,1
5552,159,25,8,0
5553,159,26,29,1
5554,159,27,31,2
5555,159,28,25,1
5556,159,29,22,1
5557,159,30,32,1
5558,159,31,20,1
5559,159,32,18,0
5560,159,33,30,1
5561,159,34,37,2
5562,159,35,20,1
5563,160,1,36,1
5564,160,2,22,1
5565,160,3,40,2
5566,160,4,14,1
5567,160,5,25,1
5568,160,6,18,1
5569,160,7,67,3
5570,160,8,18,1
5571,160,9,14,1
5572,160,10,17,1
5573,160,11,15,0
5574,160,12,22,1
5575,160,13,44,2
5576,160,14,20,0
5577,160,15,64,3
5578,160,16,18,1
5579,160,17,29,1
5580,160,18,14,0
5581,160,19,24,1
5582,160,20,20,1
5583,160,21,37,1
5584,160,22,21,1
5585,160,23,37,2
5586,160,24,44,2
5587,160,25,32,2
5588,160,26,32,1
5589,160,27,32,2
5590,160,28,25,1
5591,160,29,33,2
5592,160,30,27,1
5593,160,31,49,2
5594,160,32,22,1
5595,160,33,21,1
5596,160,34,15,1
5597,160,35,18,1
5598,161,1,13,0
5599,161,2,59,1
5600,161,3,39,1
5601,161,4,51,1
5602,161,5,36,1
5603,161,6,40,1
5604,161,7,45,1
5605,161,8,19,1
5606,161,9,18,0
5607,161,10,35,1
5608,161,11,48,1
5609,161,12,18,1
5610,161,13,14,0
5611,161,14,20,1
5612,161,15,11,0
5613,161,16,31,1
5614,161,17,10,0
5615,161,18,17,0
5616,161,19,48,2
5617,161,20,28,1
5618,161,21,42,1
5619,161,22,51,3
5620,161,23,47,0
5621,161,24,51,1
5622,161,25,15,1
5623,161,26,19,0
5624,161,27,37,1
5625,161,28,15,1
5626,161,29,10,0
5627,161,30,8,0
5628,161,31,20,1
5629,161,32,20,1
5630,161,33,30,1
5631,161,34,35,2
5632,161,35,33,1
5633,162,1,18,1
5634,162,2,25,1
5635,162,3,18,0
5636,162,4,23,1
5637,162,5,36,2
5638,162,6,18,1
5639,162,7,24,1
5640,162,8,28,0
5641,162,9,56,3
5642,162,10,10,0
5643,162,11,21,1
5644,162,12,15,0
5645,162,13,13,0
5646,162,14,17,1
5647,162,15,14,0
5648,162,16,9,1
5649,162,17,17,1
5650,162,18,19,1
5651,162,19,20,1
5652,162,20,24,0
5653,162,21,35,2
5654,162,22,13,1
5655,162,23,27,1
5656,162,24,26,0
5657,162,25,25,1
5658,162,26,22,1
5659,162,27,16,0
5660,162,28,9,0
5661,162,29,18,1
5662,162,30,34,2
5663,162,31,27,1
5664,162,32,9,0
5665,162,33,13,0
5666,162,34,9,0
5667,162,35,19,0
5668,163,1,18,0
5669,163,2,9,0
5670,163,3,18,0
5671,163,4,31,2
5672,163,5,21,1
5673,163,6,7,0
5674,163,7,20,0
5675,163,8,19,0
5676,163,9,18,1
5677,163,10,7,0
5678,163,11,14,1
5679,163,12,16,0
5680,163,13,8,0
5681,163,14,8,0
5682,163,15,12,0
5683,163,16,25,1
5684,163,17,8,0
5685,163,18,15,1
5686,163,19,11,0
5687,163,20,14,1
5688,163,21,19,1
5689,163,22,9,0
5690,163,23,14,0
5691,163,24,34,1
5692,163,25,14,0
5693,163,26,9,0
5694,163,27,33,0
5695,163,28,11,0
5696,163,29,11,0
5697,163,30,8,0
5698,163,31,17,0
5699,163,32,22,1
5700,163,33,36,1
5701,163,34,26,1
5702,163,35,11,1
5703,164,1,11,0
5704,164,2,12,0
5705,164,3,35,1
5706,164,4,41,2
5707,164,5,21,1
5708,164,6,36,1
5709,164,7,9,0
5710,164,8,29,2
5711,164,9,18,1
5712,164,10,16,0
5713,164,11,28,1
5714,164,12,26,2
5715,164,13,64,2
5716,164,14,38,1
5717,164,15,19,1
5718,164,16,28,1
5719,164,17,31,1
5720,164,18,15,0
5721,164,19,21,0
5722,164,20,19,0
5723,164,21,17,1
5724,164,22,9,0
5725,164,23,25,1
5726,164,24,34,1
5727,164,25,23,1
5728,164,26,28,1
5729,164,27,18,0
5730,164,28,34,2
5731,164,29,38,1
5732,164,30,26,0
5733,164,31,23,0
5734,164,32,28,1
5735,164,33,22,1
5736,164,34,23,1
5737,164,35,46,2
5738,165,1,28,1
5739,165,2,12,0
5740,165,3,20,1
5741,165,4,19,0
5742,165,5,18,0
5743,165,6,15,1
5744,165,7,27,1
5745,165,8,35,1
5746,165,9,17,0
5747,165,10,17,0
5748,165,11,14,1
5749,165,12,10,0
5750,165,13,24,1
5751,165,14,9,0
5752,165,15,32,1
5753,165,16,15,0
5754,165,17,16,1
5755,165,18,16,0
5756,165,19,30,1
5757,165,20,11,1
5758,165,21,24,1
5759,165,22,26,0
5760,165,23,20,1
5761,165,24,24,1
5762,165,25,23,0
5763,165,26,23,1
5764,165,27,25,1
5765,165,28,28,1
5766,165,29,12,0
5767,165,30,46,2
5768,165,31,10,1
5769,165,32,14,0
5770,165,33,28,1
5771,165,34,39,1
5772,165,35,15,1
5773,166,1,15,1
5774,166,2,14,0
5775,166,3,34,1
5776,166,4,24,1
5777,166,5,3,0
5778,166,6,14,1
5779,166,7,11,0
5780,166,8,5,0
5781,166,9,4,0
5782,166,10,28,1
5783,166,11,7,0
5784,166,12,29,2
5785,166,13,26,1
5786,166,14,19,1
5787,166,15,16,0
5788,166,16,36,2
5789,166,17,7,0
5790,166,18,15,1
5791,166,19,19,1
5792,166,20,5,0
5793,166,21,18,1
5794,166,22,14,0
5795,166,23,32,1
5796,166,24,12,0
5797,166,25,14,1
5798,166,26,10,0
5799,166,27,9,0
5800,166,28,11,0
5801,166,29,22,0
5802,166,30,5,0
5803,166,31,28,1
5804,166,32,15,1
5805,166,33,13,1
5806,166,34,25,1
5807,166,35,35,2
5808,167,1,14,0
5809,167,2,11,0
5810,167,3,7,0
5811,167,4,10,1
5812,167,5,12,1
5813,167,6,23,1
5814,167,7,12,1
5815,167,8,7,0
5816,167,9,21,0
5817,167,10,23,1
5818,167,11,10,1
5819,167,12,20,1
5820,167,13,15,1
5821,167,14,11,1
5822,167,15,15,1
5823,167,16,19,0
5824,167,17,12,0
5825,167,18,13,0
5826,167,19,13,0
5827,167,20,20,1
5828,167,21,24,1
5829,167,22,7,0
5830,167,23,10,0
5831,167,24,18,0
5832,167,25,11,0
5833,167,26,14,0
5834,167,27,18,1
5835,167,28,9,0
5836,167,29,18,1
5837,167,30,16,0
5838,167,31,8,0
5839,167,32,21,1
5840,167,33,13,0
5841,167,34,16,0
5842,167,35,17,0
5843,168,1,10,0
5844,168,2,20,0
5845,168,3,15,0
5846,168,4,20,1
5847,168,5,30,1
5848,168,6,24,1
5849,168,7,25,1
5850,168,8,50,1
5851,168,9,10,1
5852,168,10,30,1
5853,168,11,8,0
5854,168,12,11,0
5855,168,13,3,0
5856,168,14,21,1
5857,168,15,24,0
5858,168,16,38,1
5859,168,17,4,0
5860,168,18,18,1
5861,168,19,7,0
5862,168,20,21,1
5863,168,21,9,0
5864,168,22,10,0
5865,168,23,32,1
5866,168,24,10,0
5867,168,25,26,1
5868,168,26,23,1
5869,168,27,14,1
5870,168,28,19,1
5871,168,29,15,0
5872,168,30,16,1
5873,168,31,16,1
5874,168,32,10,0
5875,168,33,13,1
5876,168,34,41,1
5877,168,35,27,0
5878,169,1,26,1
5879,169,2,9,0
5880,169,3,28,1
5881,169,4,23,1
5882,169,5,12,0
5883,169,6,14,1
5884,169,7,37,2
5885,169,8,20,1
5886,169,9,30,2
5887,169,10,16,1
5888,169,11,23,1
5889,169,12,26,1
5890,169,13,39,2
5891,169,14,31,1
5892,169,15,15,1
5893,169,16,32,2
5894,169,17,49,3
5895,169,18,20,0
5896,169,19,9,0
5897,169,20,22,1
5898,169,21,14,1
5899,169,22,8,0
5900,169,23,30,1
5901,169,24,15,0
5902,169,25,21,0
5903,169,26,23,1
5904,169,27,45,3
5905,169,28,16,0
5906,169,29,51,1
5907,169,30,24,0
5908,169,31,31,0
5909,169,32,12,0
5910,169,33,32,1
5911,169,34,18,1
5912,169,35,21,0
5913,170,1,3,0
5914,170,2,10,0
5915,170,3,23,0
5916,170,4,7,0
5917,170,5,7,0
5918,170,6,5,0
5919,170,7,8,0
5920,170,8,4,0
5921,170,9,20,0
5922,170,10,6,0
5923,170,11,20,1
5924,170,12,7,0
5925,170,13,23,1
5926,170,14,17,1
5927,170,15,11,0
5928,170,16,6,0
5929,170,17,12,0
5930,170,18,9,0
5931,170,19,8,0
5932,170,20,7,0
5933,170,21,26,1
5934,170,22,20,1
5935,170,23,11,0
5936,170,24,4,0
5937,170,25,22,1
5938,170,26,9,0
5939,170,27,14,1
5940,170,28,19,0
5941,170,29,23,1
5942,170,30,6,0
5943,170,31,12,1
5944,170,32,23,1
5945,170,33,10,0
5946,170,34,17,1
5947,170,35,41,2
5948,171,1,12,1
5949,171,2,21,1
5950,171,3,8,0
5951,171,4,19,1
5952,171,5,14,1
5953,171,6,9,1
5954,171,7,9,0
5955,171,8,11,0
5956,171,9,13,1
5957,171,10,19,1
5958,171,11,7,0
5959,171,12,13,1
5960,171,13,20,0
5961,171,14,6,0
5962,171,15,17,1
5963,171,16,15,1
5964,171,17,28,1
5965,171,18,5,0
5966,171,19,17,0
5967,171,20,11,0
5968,171,21,3,0
5969,171,22,19,1
5970,171,23,20,0
5971,171,24,10,0
5972,171,25,15,0
5973,171,26,17,1
5974,171,27,16,0
5975,171,28,2,0
5976,171,29,19,0
5977,171,30,11,0
5978,171,31,12,1
5979,171,32,17,1
5980,171,33,17,1
5981,171,34,12,0
5982,171,35,11,0
5983,172,1,12,0
5984,172,2,13,0
5985,172,3,11,0
5986,172,4,18,1
5987,172,5,15,0
5988,172,6,36,1
5989,172,7,22,1
5990,172,8,24,1
5991,172,9,33,1
5992,172,10,27,1
5993,172,11,22,1
5994,172,12,14,1
5995,172,13,6,0
5996,172,14,4,0
5997,172,15,16,1
5998,172,16,12,1
5999,172,17,20,1
6000,172,18,5,0
6001,172,19,16,1
6002,172,20,15,1
6003,172,21,38,2
6004,172,22,15,1
6005,172,23,10,0
6006,172,24,12,1
6007,172,25,21,1
6008,172,26,23,1
6009,172,27,15,0
6010,172,28,10,0
6011,172,29,15,0
6012,172,30,41,2
6013,172,31,7,0
6014,172,32,39,1
6015,172,33,22,1
6016,172,34,16,0
6017,172,35,20,1
6018,173,1,32,1
6019,173,2,16,1
6020,173,3,7,0
6021,173,4,20,1
6022,173,5,13,0
6023,173,6,15,0
6024,173,7,52,1
6025,173,8,28,1
6026,173,9,15,0
6027,173,10,11,0
6028,173,11,25,1
6029,173,12,28,0
6030,173,13,16,1
6031,173,14,21,1
6032,173,15,22,1
6033,173,16,13,1
6034,173,17,55,2
6035,173,18,16,0
6036,173,19,24,1
6037,173,20,19,0
6038,173,21,21,1
6039,173,22,11,0
6040,173,23,22,1
6041,173,24,51,1
6042,173,25,32,2
6043,173,26,28,1
6044,173,27,30,1
6045,173,28,17,1
6046,173,29,13,0
6047,173,30,12,1
6048,173,31,14,1
6049,173,32,11,0
6050,173,33,47,2
6051,173,34,38,1
6052,173,35,12,1
6053,174,1,13,0
6054,174,2,12,0
6055,174,3,16,1
6056,174,4,16,0
6057,174,5,33,1
6058,174,6,19,0
6059,174,7,22,1
6060,174,8,9,0
6061,174,9,29,1
6062,174,10,17,0
6063,174,11,12,0
6064,174,12,14,0
6065,174,13,23,1
6066,174,14,11,1
6067,174,15,5,0
6068,174,16,9,0
6069,174,17,27,1
6070,174,18,12,0
6071,174,19,11,0
6072,174,20,23,1
6073,174,21,15,1
6074,174,22,13,0
6075,174,23,9,0
6076,174,24,23,1
6077,174,25,10,0
6078,174,26,11,0
6079,174,27,20,1
6080,174,28,12,0
6081,174,29,31,2
6082,174,30,20,1
6083,174,31,22,1
6084,174,32,7,0
6085,174,33,21,1
6086,174,34,17,0
6087,174,35,29,1
6088,175,1,7,0
6089,175,2,11,0
6090,175,3,20,0
6091,175,4,13,0
6092,175,5,3,0
6093,175,6,16,0
6094,175,7,15,0
6095,175,8,7,0
6096,175,9,9,0
6097,175,10,15,0
6098,175,11,8,0
6099,175,12,21,1
6100,175,13,11,0
6101,175,14,28,2
6102,175,15,16,0
6103,175,16,7,0
6104,175,17,9,0
6105,175,18,13,0
6106,175,19,31,1
6107,175,20,20,1
6108,175,21,10,0
6109,175,22,14,0
6110,175,23,8,0
6111,175,24,6,0
6112,175,25,15,1
6113,175,26,21,1
6114,175,27,19,0
6115,175,28,8,0
6116,175,29,11,1
6117,175,30,29,0
6118,175,31,11,0
6119,175,32,19,1
6120,175,33,15,1
6121,175,34,13,1
6122,175,35,24,0
6123,176,1,12,1
6124,176,2,23,0
6125,176,3,20,1
6126,176,4,43,0
6127,176,5,33,1
6128,176,6,21,1
6129,176,7,20,1
6130,176,8,21,0
6131,176,9,21,1
6132,176,10,18,1
6133,176,11,33,2
6134,176,12,7,0
6135,176,13,21,1
6136,176,14,27,2
6137,176,15,45,1
6138,176,16,38,2
6139,176,17,10,0
6140,176,18,14,0
6141,176,19,11,1
6142,176,20,22,0
6143,176,21,25,1
6144,176,22,13,1
6145,176,23,12,0
6146,176,24,19,1
6147,176,25,20,1
6148,176,26,19,0
6149,176,27,22,1
6150,176,28,20,0
6151,176,29,25,1
6152,176,30,20,1
6153,176,31,30,0
6154,176,32,11,0
6155,176,33,30,1
6156,176,34,46,3
6157,176,35,17,1
6158,177,1,29,1
6159,177,2,28,0
6160,177,3,27,2
6161,177,4,28,1
6162,177,5,24,1
6163,177,6,40,2
6164,177,7,34,2
6165,177,8,16,1
6166,177,9,33,1
6167,177,10,8,0
6168,177,11,14,1
6169,177,12,22,1
6170,177,13,19,1
6171,177,14,28,1
6172,177,15,27,1
6173,177,16,16,1
6174,177,17,11,0
6175,177,18,30,1
6176,177,19,14,1
6177,177,20,17,1
6178,177,21,37,1
6179,177,22,2,0
6180,177,23,25,1
6181,177,24,16,1
6182,177,25,19,0
6183,177,26,33,1
6184,177,27,39,1
6185,177,28,27,1
6186,177,29,21,0
6187,177,30,30,2
6188,177,31,28,1
6189,177,32,15,0
6190,177,33,21,1
6191,177,34,16,0
6192,177,35,39,1
6193,178,1,20,0
6194,178,2,18,0
6195,178,3,25,1
6196,178,4,8,0
6197,178,5,23,1
6198,178,6,11,0
6199,178,7,9,0
6200,178,8,9,0
6201,178,9,32,1
6202,178,10,11,1
6203,178,11,8,0
6204,178,12,14,0
6205,178,13,14,0
6206,178,14,18,1
6207,178,15,33,1
6208,178,16,31,2
6209,178,17,12,1
6210,178,18,15,1
6211,178,19,38,1
6212,178,20,23,1
6213,178,21,10,1
6214,178,22,12,0
6215,178,23,15,0
6216,178,24,19,1
6217,178,25,16,0
6218,178,26,23,0
6219,178,27,19,0
6220,178,28,30,1
6221,178,29,19,1
6222,178,30,15,0
6223,178,31,13,0
6224,178,32,25,1
6225,178,33,13,0
6226,178,34,10,0
6227,178,35,12,0
6228,179,1,7,0
6229,179,2,5,0
6230,179,3,23,1
6231,179,4,27,2
6232,179,5,15,1
6233,179,6,17,0
6234,179,7,17,1
6235,179,8,14,1
6236,179,9,17,1
6237,179,10,15,1
6238,179,11,15,1
6239,179,12,20,1
6240,179,13,25,1
6241,179,14,4,0
6242,179,15,18,0
6243,179,16,8,0
6244,179,17,12,1
6245,179,18,9,0
6246,179,19,23,1
6247,179,20,15,1
6248,179,21,15,1
6249,179,22,21,1
6250,179,23,14,1
6251,179,24,23,1
6252,179,25,11,0
6253,179,26,26,1
6254,179,27,8,0
6255,179,28,14,0
6256,179,29,21,0
6257,179,30,14,0
6258,179,31,15,0
6259,179,32,14,0
6260,179,33,26,1
6261,179,34,8,0
6262,179,35,16,1
6263,180,1,26,1
6264,180,2,14,0
6265,180,3,53,3
6266,180,4,22,0
6267,180,5,24,1
6268,180,6,9,0
6269,180,7,15,1
6270,180,8,37,2
6271,180,9,20,1
6272,180,10,22,1
6273,180,11,8,0
6274,180,12,13,0
6275,180,13,28,1
6276,180,14,35,1
6277,180,15,10,0
6278,180,16,13,0
6279,180,17,20,0
6280,180,18,17,1
6281,180,19,19,1
6282,180,20,16,0
6283,180,21,21,1
6284,180,22,10,1
6285,180,23,13,1
6286,180,24,25,1
6287,180,25,23,0
6288,180,26,41,1
6289,180,27,27,1
6290,180,28,18,1
6291,180,29,20,1
6292,180,30,9,0
6293,180,31,16,1
6294,180,32,10,0
6295,180,33,16,1
6296,180,34,5,0
6297,180,35,31,1
6298,181,1,25,1
6299,181,2,23,1
6300,181,3,49,2
6301,181,4,68,1
6302,181,5,48,1
6303,181,6,27,1
6304,181,7,17,1
6305,181,8,40,2
6306,181,9,6,0
6307,181,10,44,2
6308,181,11,23,1
6309,181,12,26,1
6310,181,13,15,0
6311,181,14,18,0
6312,181,15,26,1
6313,181,16,14,0
6314,181,17,32,1
6315,181,18,16,1
6316,181,19,47,1
6317,181,20,43,1
6318,181,21,17,0
6319,181,22,23,1
6320,181,23,31,1
6321,181,24,19,0
6322,181,25,30,1
6323,181,26,43,1
6324,181,27,44,1
6325,181,28,14,0
6326,181,29,33,0
6327,181,30,21,1
6328,181,31,17,1
6329,181,32,32,2
6330,181,33,27,1
6331,181,34,36,2
6332,181,35,33,1
6333,182,1,26,0
6334,182,2,29,1
6335,182,3,36,2
6336,182,4,11,1
6337,182,5,13,1
6338,182,6,25,1
6339,182,7,26,1
6340,182,8,31,1
6341,182,9,7,0
6342,182,10,15,1
6343,182,11,6,0
6344,182,12,27,1
6345,182,13,6,0
6346,182,14,46,1
6347,182,15,18,0
6348,182,16,16,0
6349,182,17,16,0
6350,182,18,43,1
6351,182,19,13,1
6352,182,20,23,0
6353,182,21,15,0
6354,182,22,20,1
6355,182,23,17,1
6356,182,24,38,1
6357,182,25,33,1
6358,182,26,7,0
6359,182,27,13,1
6360,182,28,46,3
6361,182,29,23,1
6362,182,30,12,0
6363,182,31,15,1
6364,182,32,15,0
6365,182,33,12,0
6366,182,34,6,0
6367,182,35,18,0
6368,183,1,13,0
6369,183,2,13,0
6370,183,3,30,1
6371,183,4,9,1
6372,183,5,17,1
6373,183,6,4,0
6374,183,7,12,1
6375,183,8,8,0
6376,183,9,51,2
6377,183,10,9,0
6378,183,11,22,1
6379,183,12,22,0
6380,183,13,8,0
6381,183,14,5,0
6382,183,15,18,1
6383,183,16,13,1
6384,183,17,35,1
6385,183,18,13,0
6386,183,19,31,1
6387,183,20,18,1
6388,183,21,6,0
6389,183,22,14,1
6390,183,23,11,0
6391,183,24,22,1
6392,183,25,8,0
6393,183,26,10,0
6394,183,27,18,0
6395,183,28,28,1
6396,183,29,16,1
6397,183,30,4,0
6398,183,31,20,1
6399,183,32,18,0
6400,183,33,9,0
6401,183,34,11,0
6402,183,35,14,1
6403,184,1,16,0
6404,184,2,12,0
6405,184,3,19,1
6406,184,4,21,1
6407,184,5,8,0
6408,184,6,12,1
6409,184,7,42,1
6410,184,8,17,1
6411,184,9,25,1
6412,184,10,52,3
6413,184,11,22,1
6414,184,12,8,0
6415,184,13,37,2
6416,184,14,25,1
6417,184,15,12,1
6418,184,16,37,2
6419,184,17,41,1
6420,184,18,32,1
6421,184,19,27,0
6422,184,20,26,0
6423,184,21,19,0
6424,184,22,25,0
6425,184,23,13,1
6426,184,24,37,1
6427,184,25,33,0
6428,184,26,11,0
6429,184,27,10,0
6430,184,28,27,1
6431,184,29,46,2
6432,184,30,14,0
6433,184,31,19,1
6434,184,32,38,0
6435,184,33,48,1
6436,184,34,29,2
6437,184,35,45,1
6438,185,1,71,1
6439,185,2,49,1
6440,185,3,33,0
6441,185,4,19,1
6442,185,5,63,3
6443,185,6,29,1
6444,185,7,25,1
6445,185,8,25,1
6446,185,9,24,1
6447,185,10,44,2
6448,185,11,28,1
6449,185,12,22,1
6450,185,13,45,2
6451,185,14,12,0
6452,185,15,15,0
6453,185,16,40,2
6454,185,17,29,1
6455,185,18,63,3
6456,185,19,26,1
6457,185,20,17,1
6458,185,21,26,1
6459,185,22,36,2
6460,185,23,29,1
6461,185,24,20,1
6462,185,25,33,0
6463,185,26,39,1
6464,185,27,45,1
6465,185,28,22,1
6466,185,29,58,2
6467,185,30,45,2
6468,185,31,32,1
6469,185,32,44,1
6470,185,33,38,1
6471,185,34,44,2
6472,185,35,35,2
6473,186,1,30,1
6474,186,2,10,1
6475,186,3,8,0
6476,186,4,15,0
6477,186,5,9,0
6478,186,6,21,1
6479,186,7,24,0
6480,186,8,35,2
6481,186,9,6,0
6482,186,10,27,1
6483,186,11,33,2
6484,186,12,36,2
6485,186,13,24,1
6486,186,14,28,1
6487,186,15,32,1
6488,186,16,38,2
6489,186,17,15,1
6490,186,18,18,1
6491,186,19,18,1
6492,186,20,35,2
6493,186,21,30,1
6494,186,22,43,1
6495,186,23,14,1
6496,186,24,29,0
6497,186,25,25,1
6498,186,26,17,0
6499,186,27,28,1
6500,186,28,46,2
6501,186,29,27,1
6502,186,30,18,1
6503,186,31,13,0
6504,186,32,23,1
6505,186,33,13,1
6506,186,34,12,1
6507,186,35,10,0
6508,187,1,10,0
6509,187,2,17,0
6510,187,3,25,1
6511,187,4,16,1
6512,187,5,27,1
6513,187,6,22,1
6514,187,7,19,1
6515,187,8,11,1
6516,187,9,31,0
6517,187,10,14,0
6518,187,11,11,1
6519,187,12,19,1
6520,187,13,7,0
6521,187,14,7,0
6522,187,15,36,2
6523,187,16,13,1
6524,187,17,24,1
6525,187,18,13,0
6526,187,19,19,1
6527,187,20,15,0
6528,187,21,15,1
6529,187,22,24,1
6530,187,23,21,1
6531,187,24,42,2
6532,187,25,20,1
6533,187,26,15,1
6534,187,27,7,0
6535,187,28,23,1
6536,187,29,12,1
6537,187,30,24,1
6538,187,31,10,0
6539,187,32,14,1
6540,187,33,7,0
6541,187,34,15,1
6542,187,35,16,1
6543,188,1,65,4
6544,188,2,31,2
6545,188,3,22,1
6546,188,4,12,0
6547,188,5,26,1
6548,188,6,18,0
6549,188,7,15,1
6550,188,8,35,2
6551,188,9,20,1
6552,188,10,41,2
6553,188,11,10,0
6554,188,12,10,0
6555,188,13,25,1
6556,188,14,42,1
6557,188,15,27,2
6558,188,16,15,1
6559,188,17,41,1
6560,188,18,20,0
6561,188,19,76,3
6562,188,20,61,4
6563,188,21,22,0
6564,188,22,18,0
6565,188,23,15,1
6566,188,24,16,1
6567,188,25,10,0
6568,188,26,26,1
6569,188,27,26,1
6570,188,28,33,2
6571,188,29,23,1
6572,188,30,24,1
6573,188,31,46,1
6574,188,32,31,1
6575,188,33,45,1
6576,188,34,30,1
6577,188,35,21,1
6578,189,1,35,1
6579,189,2,27,1
6580,189,3,8,0
6581,189,4,19,0
6582,189,5,51,1
6583,189,6,22,1
6584,189,7,21,0
6585,189,8,33,1
6586,189,9,50,2
6587,189,10,32,1
6588,189,11,42,1
6589,189,12,25,0
6590,189,13,35,1
6591,189,14,51,2
6592,189,15,31,1
6593,189,16,55,1
6594,189,17,22,1
6595,189,18,31,1
6596,189,19,20,1
6597,189,20,58,2
6598,189,21,27,1
6599,189,22,46,1
6600,189,23,49,1
6601,189,24,16,0
6602,189,25,16,1
6603,189,26,25,1
6604,189,27,59,2
6605,189,28,20,1
6606,189,29,22,1
6607,189,30,19,1
6608,189,31,40,0
6609,189,32,22,1
6610,189,33,59,2
6611,189,34,37,2
6612,189,35,23,0
6613,190,1,11,0
6614,190,2,36,1
6615,190,3,23,1
6616,190,4,14,1
6617,190,5,19,1
6618,190,6,14,0
6619,190,7,27,1
6620,190,8,5,0
6621,190,9,17,1
6622,190,10,11,0
6623,190,11,28,0
6624,190,12,40,2
6625,190,13,31,1
6626,190,14,50,1
6627,190,15,61,1
6628,190,16,32,1
6629,190,17,12,1
6630,190,18,15,0
6631,190,19,22,1
6632,190,20,14,0
6633,190,21,8,0
6634,190,22,4,0
6635,190,23,28,1
6636,190,24,18,1
6637,190,25,29,1
6638,190,26,14,1
6639,190,27,6,0
6640,190,28,23,0
6641,190,29,29,2
6642,190,30,18,0
6643,190,31,14,1
6644,190,32,16,1
6645,190,33,35,2
6646,190,34,24,1
6647,190,35,29,1
6648,191,1,15,0
6649,191,2,15,1
6650,191,3,14,0
6651,191,4,13,0
6652,191,5,8,0
6653,191,6,21,1
6654,191,7,30,1
6655,191,8,21,1
6656,191,9,11,1
6657,191,10,11,0
6658,191,11,32,1
6659,191,12,24,1
6660,191,13,17,0
6661,191,14,15,1
6662,191,15,40,1
6663,191,16,23,0
6664,191,17,15,0
6665,191,18,44,2
6666,191,19,16,0
6667,191,20,42,1
6668,191,21,19,1
6669,191,22,14,0
6670,191,23,13,1
6671,191,24,31,1
6672,191,25,8,0
6673,191,26,20,1
6674,191,27,7,0
6675,191,28,8,0
6676,191,29,15,1
6677,191,30,11,0
6678,191,31,9,0
6679,191,32,18,0
6680,191,33,8,0
6681,191,34,45,0
6682,191,35,12,1
6683,192,1,20,1
6684,192,2,14,0
6685,192,3,10,0
6686,192,4,35,2
6687,192,5,16,0
6688,192,6,44,2
6689,192,7,11,0
6690,192,8,25,0
6691,192,9,6,0
6692,192,10,26,1
6693,192,11,32,1
6694,192,12,29,1
6695,192,13,28,1
6696,192,14,22,1
6697,192,15,5,0
6698,192,16,60,2
6699,192,17,31,0
6700,192,18,18,1
6701,192,19,18,0
6702,192,20,31,2
6703,192,21,29,1
6704,192,22,38,1
6705,192,23,25,1
6706,192,24,14,1
6707,192,25,15,0
6708,192,26,21,1
6709,192,27,44,1
6710,192,28,10,0
6711,192,29,15,1
6712,192,30,20,1
6713,192,31,11,0
6714,192,32,24,1
6715,192,33,17,1
6716,192,34,21,1
6717,192,35,23,1
6718,193,1,36,2
6719,193,2,25,1
6720,193,3,28,1
6721,193,4,18,0
6722,193,5,25,1
6723,193,6,7,0
6724,193,7,15,1
6725,193,8,23,0
6726,193,9,41,1
6727,193,10,27,1
6728,193,11,23,0
6729,193,12,15,1
6730,193,13,8,0
6731,193,14,10,0
6732,193,15,26,1
6733,193,16,29,0
6734,193,17,17,1
6735,193,18,22,1
6736,193,19,36,1
6737,193,20,27,1
6738,193,21,19,0
6739,193,22,23,1
6740,193,23,26,0
6741,193,24,46,1
6742,193,25,18,0
6743,193,26,7,0
6744,193,27,11,0
6745,193,28,20,0
6746,193,29,26,1
6747,193,30,33,1
6748,193,31,20,0
6749,193,32,25,1
6750,193,33,31,1
6751,193,34,37,1
6752,193,35,27,1
6753,194,1,11,0
6754,194,2,21,0
6755,194,3,15,0
6756,194,4,16,0
6757,194,5,13,1
6758,194,6,8,0
6759,194,7,10,0
6760,194,8,11,0
6761,194,9,9,0
6762,194,10,24,1
6763,194,11,18,1
6764,194,12,4,0
6765,194,13,6,0
6766,194,14,32,1
6767,194,15,9,0
6768,194,16,16,1
6769,194,17,7,0
6770,194,18,14,1
6771,194,19,19,1
6772,194,20,10,0
6773,194,21,19,0
6774,194,22,22,1
6775,194,23,31,1
6776,194,24,27,1
6777,194,25,12,0
6778,194,26,19,1
6779,194,27,9,0
6780,194,28,16,1
6781,194,29,9,0
6782,194,30,15,0
6783,194,31,21,0
6784,194,32,3,0
6785,194,33,8,0
6786,194,34,10,0
6787,194,35,18,0
6788,195,1,21,0
6789,195,2,33,1
6790,195,3,16,0
6791,195,4,18,1
6792,195,5,9,0
6793,195,6,17,1
6794,195,7,14,1
6795,195,8,13,0
6796,195,9,13,0
6797,195,10,22,1
6798,195,11,8,0
6799,195,12,10,1
6800,195,13,4,0
6801,195,14,6,0
6802,195,15,13,0
6803,195,16,20,0
6804,195,17,9,1
6805,195,18,14,0
6806,195,19,25,1
6807,195,20,13,1
6808,195,21,16,0
6809,195,22,19,1
6810,195,23,21,0
6811,195,24,10,0
6812,195,25,7,0
6813,195,26,4,0
6814,195,27,15,0
6815,195,28,16,1
6816,195,29,14,1
6817,195,30,13,0
6818,195,31,9,0
6819,195,32,14,0
6820,195,33,17,1
6821,195,34,10,1
6822,195,35,14,1
6823,196,1,21,1
6824,196,2,16,0
6825,196,3,12,1
6826,196,4,13,1
6827,196,5,11,0
6828,196,6,20,0
6829,196,7,17,1
6830,196,8,27,0
6831,196,9,8,0
6832,196,10,21,1
6833,196,11,6,0
6834,196,12,26,1
6835,196,13,15,1
6836,196,14,15,0
6837,196,15,15,0
6838,196,16,52,3
6839,196,17,11,0
6840,196,18,10,0
6841,196,19,13,0
6842,196,20,13,0
6843,196,21,19,1
6844,196,22,4,0
6845,196,23,33,1
6846,196,24,26,1
6847,196,25,28,2
6848,196,26,28,0
6849,196,27,24,1
6850,196,28,33,1
6851,196,29,15,1
6852,196,30,12,0
6853,196,31,10,0
6854,196,32,27,1
6855,196,33,22,0
6856,196,34,17,1
6857,196,35,14,1
6858,197,1,11,0
6859,197,2,18,0
6860,197,3,29,1
6861,197,4,16,0
6862,197,5,20,1
6863,197,6,11,1
6864,197,7,26,1
6865,197,8,23,1
6866,197,9,16,1
6867,197,10,33,1
6868,197,11,17,1
6869,197,12,32,1
6870,197,13,14,1
6871,197,14,27,1
6872,197,15,29,1
6873,197,16,21,0
6874,197,17,20,1
6875,197,18,24,1
6876,197,19,16,1
6877,197,20,10,1
6878,197,21,15,0
6879,197,22,23,1
6880,197,23,11,0
6881,197,24,43,1
6882,197,25,32,1
6883,197,26,10,0
6884,197,27,44,2
6885,197,28,13,0
6886,197,29,16,1
6887,197,30,12,0
6888,197,31,34,0
6889,197,32,38,2
6890,197,33,15,0
6891,197,34,20,1
6892,197,35,29,1
6893,198,1,15,0
6894,198,2,10,0
6895,198,3,21,0
6896,198,4,10,1
6897,198,5,12,0
6898,198,6,14,0
6899,198,7,32,1
6900,198,8,14,1
6901,198,9,3,0
6902,198,10,22,1
6903,198,11,8,0
6904,198,12,12,0
6905,198,13,19,1
6906,198,14,32,2
6907,198,15,15,1
6908,198,16,13,1
6909,198,17,12,0
6910,198,18,10,0
6911,198,19,4,0
6912,198,20,16,1
6913,198,21,21,1
6914,198,22,11,0
6915,198,23,15,1
6916,198,24,30,1
6917,198,25,34,2
6918,198,26,8,0
6919,198,27,22,0
6920,198,28,16,1
6921,198,29,13,1
6922,198,30,14,0
6923,198,31,12,0
6924,198,32,22,1
6925,198,33,16,1
6926,198,34,10,0
6927,198,35,7,0
6928,199,1,7,0
6929,199,2,10,0
6930,199,3,4,0
6931,199,4,15,1
6932,199,5,5,0
6933,199,6,8,0
6934,199,7,10,0
6935,199,8,4,0
6936,199,9,11,1
6937,199,10,15,1
6938,199,11,24,1
6939,199,12,10,0
6940,199,13,10,0
6941,199,14,5,0
6942,199,15,3,0
6943,199,16,10,0
6944,199,17,21,1
6945,199,18,4,0
6946,199,19,14,0
6947,199,20,15,0
6948,199,21,21,1
6949,199,22,5,0
6950,199,23,22,0
6951,199,24,13,1
6952,199,25,18,1
6953,199,26,9,0
6954,199,27,3,0
6955,199,28,17,1
6956,199,29,15,1
6957,199,30,8,0
6958,199,31,14,0
6959,199,32,19,0
6960,199,33,15,0
6961,199,34,34,2
6962,199,35,15,0
6963,200,1,36,1
6964,200,2,16,0
6965,200,3,11,0
6966,200,4,34,2
6967,200,5,17,0
6968,200,6,37,2
6969,200,7,5,0
6970,200,8,23,1
6971,200,9,17,1
6972,200,10,23,1
6973,200,11,23,1
6974,200,12,26,0
6975,200,13,32,1
6976,200,14,15,1
6977,200,15,5,0
6978,200,16,7,0
6979,200,17,16,1
6980,200,18,13,1
6981,200,19,19,1
6982,200,20,26,0
6983,200,21,14,0
6984,200,22,28,0
6985,200,23,18,1
6986,200,24,18,1
6987,200,25,8,0
6988,200,26,12,0
6989,200,27,11,0
6990,200,28,20,0
6991,200,29,29,0
6992,200,30,12,0
6993,200,31,30,1
6994,200,32,13,1
6995,200,33,24,1
6996,200,34,16,1
6997,200,35,13,0
6998,201,1,27,1
6999,201,2,29,2
7000,201,3,40,2
7001,201,4,20,1
7002,201,5,17,1
7003,201,6,24,0
7004,201,7,35,1
7005,201,8,3,0
7006,201,9,28,1
7007,201,10,34,2
7008,201,11,19,1
7009,201,12,42,1
7010,201,13,37,1
7011,201,14,33,1
7012,201,15,10,0
7013,201,16,34,1
7014,201,17,27,2
7015,201,18,29,2
7016,201,19,14,0
7017,201,20,41,1
7018,201,21,32,2
7019,201,22,28,1
7020,201,23,9,0
7021,201,24,12,0
7022,201,25,20,1
7023,201,26,24,1
7024,201,27,30,2
7025,201,28,11,0
7026,201,29,23,0
7027,201,30,19,0
7028,201,31,18,1
7029,201,32,19,1
7030,201,33,24,1
7031,201,34,18,0
7032,201,35,40,1
7033,202,1,21,0
7034,202,2,11,0
7035,202,3,17,0
7036,202,4,32,1
7037,202,5,16,1
7038,202,6,3,0
7039,202,7,17,1
7040,202,8,14,0
7041,202,9,16,0
7042,202,10,40,1
7043,202,11,16,1
7044,202,12,28,1
7045,202,13,23,1
7046,202,14,19,0
7047,202,15,29,1
7048,202,16,9,0
7049,202,17,27,0
7050,202,18,24,1
7051,202,19,15,0
7052,202,20,10,0
7053,202,21,16,0
7054,202,22,21,1
7055,202,23,24,1
7056,202,24,24,1
7057,202,25,26,1
7058,202,26,11,1
7059,202,27,17,0
7060,202,28,9,0
7061,202,29,16,0
7062,202,30,12,0
7063,202,31,26,0
7064,202,32,13,0
7065,202,33,16,1
7066,202,34,12,0
7067,202,35,19,1
7068,203,1,4,0
7069,203,2,36,2
7070,203,3,18,1
7071,203,4,16,1
7072,203,5,13,1
7073,203,6,6,0
7074,203,7,15,0
7075,203,8,9,0
7076,203,9,10,0
7077,203,10,25,1
7078,203,11,9,0
7079,203,12,9,0
7080,203,13,8,0
7081,203,14,9,0
7082,203,15,17,0
7083,203,16,20,0
7084,203,17,19,1
7085,203,18,8,0
7086,203,19,13,0
7087,203,20,12,0
7088,203,21,9,0
7089,203,22,16,0
7090,203,23,12,1
7091,203,24,11,0
7092,203,25,17,0
7093,203,26,24,1
7094,203,27,12,0
7095,203,28,15,1
7096,203,29,6,0
7097,203,30,15,1
7098,203,31,14,1
7099,203,32,20,1
7100,203,33,8,0
7101,203,34,6,0
7102,203,35,25,1
7103,204,1,4,0
7104,204,2,32,1
7105,204,3,7,0
7106,204,4,7,0
7107,204,5,20,1
7108,204,6,23,0
7109,204,7,27,1
7110,204,8,14,1
7111,204,9,17,0
7112,204,10,10,0
7113,204,11,17,0
7114,204,12,8,0
7115,204,13,16,1
7116,204,14,51,2
7117,204,15,12,0
7118,204,16,13,1
7119,204,17,27,1
7120,204,18,20,1
7121,204,19,16,1
7122,204,20,22,0
7123,204,21,7,0
7124,204,22,8,0
7125,204,23,14,1
7126,204,24,11,0
7127,204,25,22,1
7128,204,26,21,1
7129,204,27,20,1
7130,204,28,6,0
7131,204,29,36,1
7132,204,30,21,0
7133,204,31,68,2
7134,204,32,33,2
7135,204,33,11,0
7136,204,34,34,0
7137,204,35,23,1
7138,205,1,35,2
7139,205,2,25,1
7140,205,3,17,1
7141,205,4,18,1
7142,205,5,9,0
7143,205,6,11,0
7144,205,7,30,0
7145,205,8,36,0
7146,205,9,25,1
7147,205,10,12,1
7148,205,11,40,2
7149,205,12,27,1
7150,205,13,26,1
7151,205,14,11,0
7152,205,15,10,1
7153,205,16,41,2
7154,205,17,23,1
7155,205,18,35,1
7156,205,19,35,1
7157,205,20,18,1
7158,205,21,8,0
7159,205,22,20,1
7160,205,23,14,1
7161,205,24,37,1
7162,205,25,18,1
7163,205,26,11,0
7164,205,27,67,3
7165,205,28,26,1
7166,205,29,16,0
7167,205,30,9,0
7168,205,31,24,1
7169,205,32,49,2
7170,205,33,15,0
7171,205,34,26,1
7172,205,35,67,2
7173,206,1,10,1
7174,206,2,14,1
7175,206,3,13,0
7176,206,4,23,1
7177,206,5,17,1
7178,206,6,17,1
7179,206,7,8,0
7180,206,8,23,1
7181,206,9,19,1
7182,206,10,24,1
7183,206,11,19,1
7184,206,12,20,1
7185,206,13,16,1
7186,206,14,32,1
7187,206,15,11,0
7188,206,16,21,1
7189,206,17,9,0
7190,206,18,14,1
7191,206,19,12,0
7192,206,20,18,1
7193,206,21,3,0
7194,206,22,37,2
7195,206,23,15,0
7196,206,24,7,0
7197,206,25,18,1
7198,206,26,26,1
7199,206,27,8,0
7200,206,28,34,2
7201,206,29,33,1
7202,206,30,15,1
7203,206,31,25,1
7204,206,32,19,0
7205,206,33,25,1
7206,206,34,26,1
7207,206,35,26,1
7208,207,1,17,0
7209,207,2,21,0
7210,207,3,29,1
7211,207,4,10,0
7212,207,5,6,0
7213,207,6,10,0
7214,207,7,7,0
7215,207,8,13,1
7216,207,9,16,0
7217,207,10,14,1
7218,207,11,27,1
7219,207,12,13,0
7220,207,13,15,1
7221,207,14,16,1
7222,207,15,4,0
7223,207,16,23,1
7224,207,17,21,1
7225,207,18,9,1
7226,207,19,12,0
7227,207,20,14,0
7228,207,21,25,1
7229,207,22,10,1
7230,207,23,24,0
7231,207,24,7,0
7232,207,25,7,0
7233,207,26,18,0
7234,207,27,11,0
7235,207,28,8,0
7236,207,29,30,2
7237,207,30,7,0
7238,207,31,11,0
7239,207,32,12,1
7240,207,33,10,1
7241,207,34,5,0
7242,207,35,13,1
7243,208,1,15,1
7244,208,2,34,2
7245,208,3,25,1
7246,208,4,25,1
7247,208,5,34,2
7248,208,6,24,0
7249,208,7,28,0
7250,208,8,20,1
7251,208,9,16,1
7252,208,10,12,1
7253,208,11,17,0
7254,208,12,27,1
7255,208,13,7,0
7256,208,14,26,1
7257,208,15,17,0
7258,208,16,20,1
7259,208,17,34,1
7260,208,18,31,1
7261,208,19,37,1
7262,208,20,23,1
7263,208,21,18,1
7264,208,22,7,0
7265,208,23,35,1
7266,208,24,24,0
7267,208,25,9,0
7268,208,26,27,1
7269,208,27,26,1
7270,208,28,10,0
7271,208,29,32,1
7272,208,30,16,1
7273,208,31,9,0
7274,208,32,47,2
7275,208,33,14,0
7276,208,34,37,1
7277,208,35,26,2
7278,209,1,22,1
7279,209,2,30,1
7280,209,3,38,1
7281,209,4,20,1
7282,209,5,14,0
7283,209,6,18,1
7284,209,7,59,3
7285,209,8,16,1
7286,209,9,40,2
7287,209,10,31,1
7288,209,11,34,1
7289,209,12,27,1
7290,209,13,33,1
7291,209,14,30,0
7292,209,15,28,1
7293,209,16,20,1
7294,209,17,73,3
7295,209,18,40,2
7296,209,19,14,1
7297,209,20,40,2
7298,209,21,16,1
7299,209,22,37,1
7300,209,23,22,1
7301,209,24,38,2
7302,209,25,20,1
7303,209,26,18,1
7304,209,27,5,0
7305,209,28,16,1
7306,209,29,17,0
7307,209,30,17,0
7308,209,31,42,0
7309,209,32,30,1
7310,209,33,21,1
7311,209,34,23,1
7312,209,35,23,1
7313,210,1,14,0
7314,210,2,14,0
7315,210,3,40,1
7316,210,4,34,1
7317,210,5,2,0
7318,210,6,14,1
7319,210,7,38,2
7320,210,8,17,0
7321,210,9,3,0
7322,210,10,30,1
7323,210,11,28,2
7324,210,12,14,1
7325,210,13,8,0
7326,210,14,32,1
7327,210,15,17,1
7328,210,16,28,1
7329,210,17,14,0
7330,210,18,14,1
7331,210,19,10,0
7332,210,20,27,1
7333,210,21,17,1
7334,210,22,27,0
7335,210,23,11,1
7336,210,24,12,0
7337,210,25,20,1
7338,210,26,23,1
7339,210,27,10,0
7340,210,28,16,1
7341,210,29,10,0
7342,210,30,15,0
7343,210,31,16,0
7344,210,32,22,1
7345,210,33,37,1
7346,210,34,15,0
7347,210,35,35,0
7348,211,1,12,0
7349,211,2,21,1
7350,211,3,5,0
7351,211,4,18,1
7352,211,5,11,0
7353,211,6,10,0
7354,211,7,15,0
7355,211,8,24,0
7356,211,9,16,0
7357,211,10,7,0
7358,211,11,23,0
7359,211,12,24,1
7360,211,13,14,1
7361,211,14,8,0
7362,211,15,11,0
7363,211,16,30,1
7364,211,17,16,1
7365,211,18,10,0
7366,211,19,15,0
7367,211,20,18,0
7368,211,21,10,0
7369,211,22,9,0
7370,211,23,12,1
7371,211,24,9,0
7372,211,25,27,1
7373,211,26,10,0
7374,211,27,32,1
7375,211,28,9,0
7376,211,29,25,0
7377,211,30,37,2
7378,211,31,17,1
7379,211,32,21,0
7380,211,33,16,0
7381,211,34,30,1
7382,211,35,18,1
7383,212,1,33,1
7384,212,2,27,0
7385,212,3,36,1
7386,212,4,21,1
7387,212,5,18,1
7388,212,6,36,1
7389,212,7,15,1
7390,212,8,33,1
7391,212,9,33,0
7392,212,10,21,0
7393,212,11,7,0
7394,212,12,15,1
7395,212,13,30,1
7396,212,14,43,2
7397,212,15,23,1
7398,212,16,12,0
7399,212,17,23,1
7400,212,18,24,1
7401,212,19,34,1
7402,212,20,59,1
7403,212,21,10,0
7404,212,22,33,1
7405,212,23,15,1
7406,212,24,14,1
7407,212,25,27,1
7408,212,26,15,0
7409,212,27,20,0
7410,212,28,29,1
7411,212,29,51,1
7412,212,30,25,1
7413,212,31,13,1
7414,212,32,28,2
7415,212,33,31,1
7416,212,34,26,1
7417,212,35,50,2
7418,213,1,17,1
7419,213,2,27,2
7420,213,3,34,2
7421,213,4,23,1
7422,213,5,7,0
7423,213,6,18,1
7424,213,7,40,2
7425,213,8,39,2
7426,213,9,45,3
7427,213,10,34,1
7428,213,11,24,0
7429,213,12,23,0
7430,213,13,35,1
7431,213,14,26,1
7432,213,15,17,1
7433,213,16,24,1
7434,213,17,29,0
7435,213,18,43,1
7436,213,19,48,1
7437,213,20,21,1
7438,213,21,24,1
7439,213,22,35,2
7440,213,23,47,3
7441,213,24,27,0
7442,213,25,17,1
7443,213,26,32,2
7444,213,27,29,1
7445,213,28,17,1
7446,213,29,28,0
7447,213,30,33,1
7448,213,31,37,2
7449,213,32,28,1
7450,213,33,37,1
7451,213,34,31,1
7452,213,35,44,2
7453,214,1,24,1
7454,214,2,28,1
7455,214,3,11,0
7456,214,4,28,1
7457,214,5,43,2
7458,214,6,17,0
7459,214,7,32,1
7460,214,8,16,1
7461,214,9,9,1
7462,214,10,18,1
7463,214,11,46,1
7464,214,12,9,0
7465,214,13,19,1
7466,214,14,30,1
7467,214,15,25,0
7468,214,16,24,1
7469,214,17,17,0
7470,214,18,36,2
7471,214,19,25,0
7472,214,20,5,0
7473,214,21,40,2
7474,214,22,19,0
7475,214,23,45,1
7476,214,24,10,0
7477,214,25,14,1
7478,214,26,18,0
7479,214,27,16,0
7480,214,28,23,1
7481,214,29,42,1
7482,214,30,25,1
7483,214,31,20,1
7484,214,32,34,1
7485,214,33,15,1
7486,214,34,26,1
7487,214,35,14,0
7488,215,1,16,0
7489,215,2,16,1
7490,215,3,15,1
7491,215,4,8,0
7492,215,5,12,1
7493,215,6,24,0
7494,215,7,24,0
7495,215,8,32,2
7496,215,9,26,1
7497,215,10,10,0
7498,215,11,31,1
7499,215,12,10,0
7500,215,13,34,2
7501,215,14,18,1
7502,215,15,20,1
7503,215,16,19,1
7504,215,17,8,0
7505,215,18,40,1
7506,215,19,18,1
7507,215,20,9,0
7508,215,21,23,0
7509,215,22,36,2
7510,215,23,6,0
7511,215,24,39,2
7512,215,25,18,1
7513,215,26,14,1
7514,215,27,14,0
7515,215,28,18,1
7516,215,29,12,1
7517,215,30,14,0
7518,215,31,25,1
7519,215,32,12,0
7520,215,33,55,2
7521,215,34,43,1
7522,215,35,25,1
7523,216,1,25,1
7524,216,2,11,0
7525,216,3,35,1
7526,216,4,27,1
7527,216,5,17,0
7528,216,6,25,1
7529,216,7,31,2
7530,216,8,31,1
7531,216,9,12,1
7532,216,10,32,2
7533,216,11,29,1
7534,216,12,47,1
7535,216,13,18,1
7536,216,14,42,1
7537,216,15,28,2
7538,216,16,25,1
7539,216,17,8,0
7540,216,18,37,1
7541,216,19,21,1
7542,216,20,18,0
7543,216,21,17,0
7544,216,22,38,1
7545,216,23,36,1
7546,216,24,43,2
7547,216,25,28,1
7548,216,26,23,1
7549,216,27,31,2
7550,216,28,19,0
7551,216,29,39,2
7552,216,30,13,0
7553,216,31,45,2
7554,216,32,22,1
7555,216,33,41,1
7556,216,34,30,1
7557,216,35,21,1
7558,217,1,30,2
7559,217,2,34,2
7560,217,3,87,1
7561,217,4,63,1
7562,217,5,20,0
7563,217,6,22,0
7564,217,7,23,1
7565,217,8,52,1
7566,217,9,37,1
7567,217,10,32,1
7568,217,11,26,1
7569,217,12,18,0
7570,217,13,34,2
7571,217,14,54,3
7572,217,15,25,1
7573,217,16,26,1
7574,217,17,38,1
7575,217,18,46,3
7576,217,19,19,0
7577,217,20,28,1
7578,217,21,28,1
7579,217,22,35,1
7580,217,23,27,1
7581,217,24,23,1
7582,217,25,37,1
7583,217,26,21,0
7584,217,27,19,1
7585,217,28,12,1
7586,217,29,26,1
7587,217,30,22,1
7588,217,31,21,1
7589,217,32,71,1
7590,217,33,24,1
7591,217,34,20,0
7592,217,35,28,1
7593,218,1,8,0
7594,218,2,27,1
7595,218,3,13,0
7596,218,4,21,1
7597,218,5,27,1
7598,218,6,18,0
7599,218,7,17,1
7600,218,8,13,0
7601,218,9,16,1
7602,218,10,18,0
7603,218,11,14,1
7604,218,12,24,1
7605,218,13,8,0
7606,218,14,7,0
7607,218,15,17,1
7608,218,16,27,1
7609,218,17,28,1
7610,218,18,16,1
7611,218,19,18,1
7612,218,20,17,0
7613,218,21,15,1
7614,218,22,29,0
7615,218,23,16,1
7616,218,24,24,1
7617,218,25,41,2
7618,218,26,15,0
7619,218,27,40,0
7620,218,28,33,1
7621,218,29,15,1
7622,218,30,17,1
7623,218,31,26,0
7624,218,32,32,2
7625,218,33,18,1
7626,218,34,16,0
7627,218,35,19,1
7628,219,1,20,1
7629,219,2,26,1
7630,219,3,7,0
7631,219,4,10,0
7632,219,5,11,0
7633,219,6,20,0
7634,219,7,37,2
7635,219,8,15,0
7636,219,9,4,0
7637,219,10,16,1
7638,219,11,9,0
7639,219,12,26,0
7640,219,13,17,1
7641,219,14,6,0
7642,219,15,12,0
7643,219,16,7,0
7644,219,17,6,0
7645,219,18,12,1
7646,219,19,16,1
7647,219,20,18,1
7648,219,21,19,1
7649,219,22,8,0
7650,219,23,34,1
7651,219,24,9,0
7652,219,25,38,1
7653,219,26,12,0
7654,219,27,26,0
7655,219,28,18,0
7656,219,29,16,0
7657,219,30,16,1
7658,219,31,18,1
7659,219,32,25,1
7660,219,33,18,1
7661,219,34,23,1
7662,219,35,12,0
7663,220,1,43,1
7664,220,2,28,1
7665,220,3,59,1
7666,220,4,25,0
7667,220,5,13,1
7668,220,6,15,1
7669,220,7,14,0
7670,220,8,17,0
7671,220,9,15,1
7672,220,10,46,2
7673,220,11,25,1
7674,220,12,12,0
7675,220,13,22,1
7676,220,14,38,2
7677,220,15,37,1
7678,220,16,15,1
7679,220,17,1,0
7680,220,18,27,1
7681,220,19,43,1
7682,220,20,25,1
7683,220,21,16,1
7684,220,22,21,1
7685,220,23,50,1
7686,220,24,15,0
7687,220,25,12,1
7688,220,26,31,2
7689,220,27,40,2
7690,220,28,9,0
7691,220,29,57,0
7692,220,30,48,2
7693,220,31,38,1
7694,220,32,26,1
7695,220,33,15,1
7696,220,34,17,0
7697,220,35,9,0
7698,221,1,19,1
7699,221,2,28,1
7700,221,3,23,1
7701,221,4,15,0
7702,221,5,19,1
7703,221,6,29,1
7704,221,7,9,1
7705,221,8,46,2
7706,221,9,20,1
7707,221,10,13,0
7708,221,11,43,1
7709,221,12,27,2
7710,221,13,27,0
7711,221,14,40,1
7712,221,15,12,0
7713,221,16,1,0
7714,221,17,17,0
7715,221,18,18,1
7716,221,19,8,0
7717,221,20,20,0
7718,221,21,28,1
7719,221,22,17,0
7720,221,23,51,3
7721,221,24,1,0
7722,221,25,13,0
7723,221,26,37,1
7724,221,27,26,1
7725,221,28,15,0
7726,221,29,16,1
7727,221,30,39,1
7728,221,31,19,1
7729,221,32,25,0
7730,221,33,36,2
7731,221,34,15,0
7732,221,35,18,0
7733,222,1,17,1
7734,222,2,13,0
7735,222,3,24,1
7736,222,4,13,1
7737,222,5,19,1
7738,222,6,21,1
7739,222,7,7,0
7740,222,8,19,0
7741,222,9,23,0
7742,222,10,24,0
7743,222,11,27,1
7744,222,12,24,1
7745,222,13,17,1
7746,222,14,28,0
7747,222,15,9,0
7748,222,16,26,1
7749,222,17,16,1
7750,222,18,11,0
7751,222,19,42,1
7752,222,20,16,1
7753,222,21,12,1
7754,222,22,36,1
7755,222,23,21,1
7756,222,24,14,1
7757,222,25,16,0
7758,222,26,24,1
7759,222,27,4,0
7760,222,28,13,0
7761,222,29,17,1
7762,222,30,13,1
7763,222,31,24,1
7764,222,32,6,0
7765,222,33,20,1
7766,222,34,11,0
7767,222,35,7,0
7768,223,1,12,0
7769,223,2,13,1
7770,223,3,13,1
7771,223,4,17,0
7772,223,5,15,0
7773,223,6,15,0
7774,223,7,10,1
7775,223,8,19,1
7776,223,9,10,0
7777,223,10,6,0
7778,223,11,14,1
7779,223,12,8,0
7780,223,13,6,0
7781,223,14,9,0
7782,223,15,19,0
7783,223,16,25,0
7784,223,17,16,0
7785,223,18,7,0
7786,223,19,6,0
7787,223,20,20,1
7788,223,21,17,0
7789,223,22,9,0
7790,223,23,26,1
7791,223,24,11,0
7792,223,25,12,0
7793,223,26,29,2
7794,223,27,15,1
7795,223,28,10,0
7796,223,29,16,0
7797,223,30,10,0
7798,223,31,15,1
7799,223,32,9,0
7800,223,33,15,1
7801,223,34,12,1
7802,223,35,3,0
7803,224,1,26,1
7804,224,2,13,0
7805,224,3,20,1
7806,224,4,15,0
7807,224,5,8,0
7808,224,6,9,0
7809,224,7,5,0
7810,224,8,28,2
7811,224,9,29,1
7812,224,10,12,0
7813,224,11,29,1
7814,224,12,19,1
7815,224,13,24,0
7816,224,14,24,1
7817,224,15,18,1
7818,224,16,30,1
7819,224,17,10,0
7820,224,18,22,1
7821,224,19,19,1
7822,224,20,41,1
7823,224,21,40,1
7824,224,22,13,1
7825,224,23,12,0
7826,224,24,19,1
7827,224,25,28,2
7828,224,26,21,1
7829,224,27,12,1
7830,224,28,20,1
7831,224,29,8,0
7832,224,30,6,0
7833,224,31,35,2
7834,224,32,32,1
7835,224,33,8,0
7836,224,34,15,1
7837,224,35,10,0
7838,225,1,10,0
7839,225,2,11,0
7840,225,3,7,0
7841,225,4,24,1
7842,225,5,20,1
7843,225,6,33,1
7844,225,7,50,1
7845,225,8,16,0
7846,225,9,26,0
7847,225,10,18,1
7848,225,11,15,0
7849,225,12,26,1
7850,225,13,16,1
7851,225,14,18,1
7852,225,15,36,1
7853,225,16,18,1
7854,225,17,21,1
7855,225,18,15,1
7856,225,19,16,0
7857,225,20,33,2
7858,225,21,34,2
7859,225,22,12,0
7860,225,23,2,0
7861,225,24,16,1
7862,225,25,12,0
7863,225,26,18,1
7864,225,27,20,1
7865,225,28,30,1
7866,225,29,29,1
7867,225,30,11,0
7868,225,31,15,0
7869,225,32,29,0
7870,225,33,23,1
7871,225,34,12,1
7872,225,35,24,1
7873,226,1,20,1
7874,226,2,14,0
7875,226,3,4,0
7876,226,4,26,1
7877,226,5,23,0
7878,226,6,14,0
7879,226,7,29,2
7880,226,8,16,0
7881,226,9,30,1
7882,226,10,17,1
7883,226,11,6,0
7884,226,12,15,1
7885,226,13,12,0
7886,226,14,13,1
7887,226,15,17,1
7888,226,16,6,0
7889,226,17,1,0
7890,226,18,13,1
7891,226,19,17,1
7892,226,20,14,1
7893,226,21,11,0
7894,226,22,20,1
7895,226,23,10,1
7896,226,24,8,0
7897,226,25,18,1
7898,226,26,22,1
7899,226,27,11,0
7900,226,28,14,1
7901,226,29,20,1
7902,226,30,15,0
7903,226,31,18,1
7904,226,32,17,0
7905,226,33,8,0
7906,226,34,15,1
7907,226,35,9,0
7908,227,1,13,0
7909,227,2,10,0
7910,227,3,19,1
7911,227,4,12,0
7912,227,5,15,1
7913,227,6,24,1
7914,227,7,19,0
7915,227,8,14,1
7916,227,9,9,0
7917,227,10,15,0
7918,227,11,4,0
7919,227,12,9,0
7920,227,13,25,1
7921,227,14,11,1
7922,227,15,34,2
7923,227,16,12,1
7924,227,17,3,0
7925,227,18,22,1
7926,227,19,17,0
7927,227,20,13,0
7928,227,21,3,0
7929,227,22,15,1
7930,227,23,10,0
7931,227,24,14,1
7932,227,25,14,1
7933,227,26,21,1
7934,227,27,17,0
7935,227,28,8,0
7936,227,29,9,0
7937,227,30,11,0
7938,227,31,13,1
7939,227,32,17,0
7940,227,33,13,1
7941,227,34,2,0
7942,227,35,8,0
7943,228,1,12,0
7944,228,2,19,0
7945,228,3,21,1
7946,228,4,22,1
7947,228,5,19,1
7948,228,6,14,0
7949,228,7,12,0
7950,228,8,8,0
7951,228,9,21,1
7952,228,10,18,1
7953,228,11,37,1
7954,228,12,28,0
7955,228,13,11,0
7956,228,14,29,1
7957,228,15,29,1
7958,228,16,18,0
7959,228,17,12,0
7960,228,18,20,1
7961,228,19,23,1
7962,228,20,11,0
7963,228,21,30,0
7964,228,22,21,1
7965,228,23,18,1
7966,228,24,7,0
7967,228,25,26,0
7968,228,26,14,1
7969,228,27,24,1
7970,228,28,13,0
7971,228,29,22,0
7972,228,30,34,1
7973,228,31,22,1
7974,228,32,16,1
7975,228,33,15,0
7976,228,34,13,1
7977,228,35,14,0
7978,229,1,17,0
7979,229,2,17,1
7980,229,3,17,0
7981,229,4,12,0
7982,229,5,21,0
7983,229,6,28,2
7984,229,7,21,1
7985,229,8,25,1
7986,229,9,9,0
7987,229,10,17,1
7988,229,11,13,1
7989,229,12,19,1
7990,229,13,43,2
7991,229,14,25,1
7992,229,15,4,0
7993,229,16,40,1
7994,229,17,24,1
7995,229,18,19,1
7996,229,19,23,1
7997,229,20,22,1
7998,229,21,10,0
7999,229,22,32,2
8000,229,23,6,0
8001,229,24,26,0
8002,229,25,12,1
8003,229,26,13,0
8004,229,27,21,1
8005,229,28,34,1
8006,229,29,17,0
8007,229,30,36,2
8008,229,31,19,0
8009,229,32,35,1
8010,229,33,33,1
8011,229,34,8,0
8012,229,35,29,1
8013,230,1,5,0
8014,230,2,35,1
8015,230,3,15,0
8016,230,4,24,1
8017,230,5,22,1
8018,230,6,22,1
8019,230,7,29,1
8020,230,8,19,0
8021,230,9,20,0
8022,230,10,23,0
8023,230,11,14,1
8024,230,12,14,1
8025,230,13,49,1
8026,230,14,28,1
8027,230,15,5,0
8028,230,16,19,0
8029,230,17,17,1
8030,230,18,15,0
8031,230,19,15,0
8032,230,20,10,0
8033,230,21,10,0
8034,230,22,1,0
8035,230,23,21,1
8036,230,24,31,1
8037,230,25,5,0
8038,230,26,16,1
8039,230,27,13,1
8040,230,28,11,0
8041,230,29,22,1
8042,230,30,12,0
8043,230,31,23,1
8044,230,32,11,0
8045,230,33,9,0
8046,230,34,10,0
8047,230,35,19,1
8048,231,1,11,1
8049,231,2,9,0
8050,231,3,15,1
8051,231,4,20,1
8052,231,5,15,1
8053,231,6,27,1
8054,231,7,16,1
8055,231,8,5,0
8056,231,9,13,0
8057,231,10,3,0
8058,231,11,21,1
8059,231,12,12,0
8060,231,13,12,0
8061,231,14,9,0
8062,231,15,14,0
8063,231,16,9,1
8064,231,17,24,1
8065,231,18,8,0
8066,231,19,14,0
8067,231,20,18,1
8068,231,21,7,0
8069,231,22,13,0
8070,231,23,7,0
8071,231,24,8,0
8072,231,25,16,1
8073,231,26,14,1
8074,231,27,17,1
8075,231,28,11,0
8076,231,29,16,0
8077,231,30,2,0
8078,231,31,7,0
8079,231,32,9,0
8080,231,33,18,0
8081,231,34,13,1
8082,231,35,8,0
8083,232,1,17,0
8084,232,2,12,1
8085,232,3,28,1
8086,232,4,9,0
8087,232,5,28,1
8088,232,6,13,0
8089,232,7,19,0
8090,232,8,10,0
8091,232,9,15,0
8092,232,10,22,1
8093,232,11,34,2
8094,232,12,24,1
8095,232,13,6,0
8096,232,14,20,1
8097,232,15,20,1
8098,232,16,18,1
8099,232,17,16,1
8100,232,18,32,2
8101,232,19,13,0
8102,232,20,12,0
8103,232,21,17,0
8104,232,22,14,1
8105,232,23,14,1
8106,232,24,11,1
8107,232,25,27,1
8108,232,26,22,1
8109,232,27,23,1
8110,232,28,45,1
8111,232,29,19,0
8112,232,30,11,0
8113,232,31,31,1
8114,232,32,19,1
8115,232,33,16,1
8116,232,34,12,0
8117,232,35,8,0
8118,233,1,40,2
8119,233,2,16,1
8120,233,3,33,1
8121,233,4,18,1
8122,233,5,23,1
8123,233,6,31,1
8124,233,7,17,1
8125,233,8,10,0
8126,233,9,25,1
8127,233,10,25,1
8128,233,11,19,1
8129,233,12,24,1
8130,233,13,10,0
8131,233,14,33,1
8132,233,15,23,0
8133,233,16,20,1
8134,233,17,42,1
8135,233,18,22,1
8136,233,19,41,2
8137,233,20,16,0
8138,233,21,15,1
8139,233,22,33,1
8140,233,23,15,1
8141,233,24,13,0
8142,233,25,30,1
8143,233,26,3,0
8144,233,27,26,1
8145,233,28,38,1
8146,233,29,31,2
8147,233,30,33,2
8148,233,31,27,1
8149,233,32,15,0
8150,233,33,22,1
8151,233,34,37,0
8152,233,35,15,0
8153,234,1,21,1
8154,234,2,6,0
8155,234,3,15,0
8156,234,4,28,1
8157,234,5,23,0
8158,234,6,8,0
8159,234,7,11,1
8160,234,8,10,0
8161,234,9,13,1
8162,234,10,8,0
8163,234,11,10,0
8164,234,12,14,1
8165,234,13,7,0
8166,234,14,7,0
8167,234,15,20,1
8168,234,16,24,1
8169,234,17,28,0
8170,234,18,21,1
8171,234,19,26,2
8172,234,20,14,1
8173,234,21,19,0
8174,234,22,19,1
8175,234,23,21,1
8176,234,24,15,0
8177,234,25,26,1
8178,234,26,12,0
8179,234,27,21,1
8180,234,28,13,1
8181,234,29,25,1
8182,234,30,22,0
8183,234,31,12,0
8184,234,32,5,0
8185,234,33,28,1
8186,234,34,20,0
8187,234,35,22,1
8188,235,1,16,1
8189,235,2,19,0
8190,235,3,11,0
8191,235,4,10,0
8192,235,5,9,0
8193,235,6,17,0
8194,235,7,32,1
8195,235,8,13,0
8196,235,9,18,0
8197,235,10,27,1
8198,235,11,9,0
8199,235,12,10,1
8200,235,13,6,0
8201,235,14,13,1
8202,235,15,31,1
8203,235,16,14,1
8204,235,17,10,1
8205,235,18,19,1
8206,235,19,24,1
8207,235,20,14,1
8208,235,21,11,0
8209,235,22,5,0
8210,235,23,8,0
8211,235,24,8,0
8212,235,25,26,2
8213,235,26,23,1
8214,235,27,16,0
8215,235,28,28,1
8216,235,29,8,0
8217,235,30,7,0
8218,235,31,6,0
8219,235,32,24,1
8220,235,33,11,0
8221,235,34,30,0
8222,235,35,15,1
8223,236,1,17,1
8224,236,2,21,1
8225,236,3,35,1
8226,236,4,34,1
8227,236,5,9,1
8228,236,6,36,1
8229,236,7,36,1
8230,236,8,19,1
8231,236,9,28,0
8232,236,10,14,0
8233,236,11,23,0
8234,236,12,23,1
8235,236,13,35,1
8236,236,14,23,1
8237,236,15,28,1
8238,236,16,9,0
8239,236,17,18,0
8240,236,18,31,1
8241,236,19,16,1
8242,236,20,10,1
8243,236,21,11,1
8244,236,22,11,0
8245,236,23,26,1
8246,236,24,20,0
8247,236,25,20,1
8248,236,26,28,1
8249,236,27,19,1
8250,236,28,13,0
8251,236,29,4,0
8252,236,30,33,1
8253,236,31,15,1
8254,236,32,15,1
8255,236,33,21,1
8256,236,34,20,1
8257,236,35,38,1
8258,237,1,23,1
8259,237,2,46,2
8260,237,3,36,1
8261,237,4,21,1
8262,237,5,19,1
8263,237,6,18,1
8264,237,7,30,1
8265,237,8,32,2
8266,237,9,19,0
8267,237,10,30,0
8268,237,11,43,1
8269,237,12,30,1
8270,237,13,22,1
8271,237,14,52,1
8272,237,15,16,0
8273,237,16,30,1
8274,237,17,22,1
8275,237,18,16,1
8276,237,19,69,2
8277,237,20,28,1
8278,237,21,20,1
8279,237,22,18,0
8280,237,23,55,1
8281,237,24,21,0
8282,237,25,19,1
8283,237,26,39,1
8284,237,27,37,1
8285,237,28,17,0
8286,237,29,38,1
8287,237,30,27,1
8288,237,31,20,0
8289,237,32,17,0
8290,237,33,22,1
8291,237,34,30,0
8292,237,35,22,1
8293,238,1,15,0
8294,238,2,11,0
8295,238,3,10,0
8296,238,4,37,2
8297,238,5,10,0
8298,238,6,30,1
8299,238,7,33,1
8300,238,8,23,1
8301,238,9,7,0
8302,238,10,12,1
8303,238,11,8,0
8304,238,12,24,1
8305,238,13,25,1
8306,238,14,25,1
8307,238,15,18,1
8308,238,16,17,1
8309,238,17,12,0
8310,238,18,22,1
8311,238,19,16,1
8312,238,20,33,1
8313,238,21,31,1
8314,238,22,15,0
8315,238,23,7,0
8316,238,24,28,0
8317,238,25,12,1
8318,238,26,17,1
8319,238,27,15,1
8320,238,28,19,1
8321,238,29,12,0
8322,238,30,9,0
8323,238,31,26,1
8324,238,32,20,1
8325,238,33,9,0
8326,238,34,8,0
8327,238,35,13,1
8328,239,1,21,1
8329,239,2,8,0
8330,239,3,11,0
8331,239,4,46,2
8332,239,5,8,0
8333,239,6,19,0
8334,239,7,26,0
8335,239,8,11,1
8336,239,9,11,1
8337,239,10,28,1
8338,239,11,15,1
8339,239,12,22,1
8340,239,13,20,1
8341,239,14,8,0
8342,239,15,19,0
8343,239,16,28,0
8344,239,17,16,1
8345,239,18,7,0
8346,239,19,5,0
8347,239,20,24,1
8348,239,21,18,1
8349,239,22,13,0
8350,239,23,25,1
8351,239,24,28,1
8352,239,25,8,0
8353,239,26,11,0
8354,239,27,32,1
8355,239,28,30,2
8356,239,29,4,0
8357,239,30,6,0
8358,239,31,35,2
8359,239,32,11,0
8360,239,33,45,2
8361,239,34,16,0
8362,239,35,17,0
8363,240,1,9,0
8364,240,2,27,1
8365,240,3,34,1
8366,240,4,18,1
8367,240,5,13,1
8368,240,6,31,2
8369,240,7,20,1
8370,240,8,22,0
8371,240,9,7,0
8372,240,10,13,0
8373,240,11,27,1
8374,240,12,20,1
8375,240,13,33,2
8376,240,14,12,0
8377,240,15,28,1
8378,240,16,8,0
8379,240,17,9,0
8380,240,18,30,1
8381,240,19,27,0
8382,240,20,56,2
8383,240,21,11,0
8384,240,22,41,2
8385,240,23,20,1
8386,240,24,10,0
8387,240,25,13,0
8388,240,26,31,1
8389,240,27,13,0
8390,240,28,31,1
8391,240,29,16,1
8392,240,30,19,1
8393,240,31,33,1
8394,240,32,23,0
8395,240,33,32,2
8396,240,34,15,1
8397,240,35,25,1
8398,241,1,38,2
8399,241,2,35,2
8400,241,3,34,2
8401,241,4,18,0
8402,241,5,63,2
8403,241,6,30,0
8404,241,7,35,0
8405,241,8,61,2
8406,241,9,47,1
8407,241,10,37,2
8408,241,11,27,1
8409,241,12,46,1
8410,241,13,39,2
8411,241,14,49,3
8412,241,15,23,1
8413,241,16,26,1
8414,241,17,58,3
8415,241,18,20,0
8416,241,19,34,2
8417,241,20,18,1
8418,241,21,51,2
8419,241,22,28,1
8420,241,23,31,1
8421,241,24,34,2
8422,241,25,47,2
8423,241,26,47,2
8424,241,27,28,2
8425,241,28,65,1
8426,241,29,43,2
8427,241,30,58,3
8428,241,31,22,1
8429,241,32,18,1
8430,241,33,17,1
8431,241,34,55,2
8432,241,35,55,2
8433,242,1,38,2
8434,242,2,15,0
8435,242,3,17,1
8436,242,4,16,1
8437,242,5,21,0
8438,242,6,40,2
8439,242,7,9,0
8440,242,8,24,1
8441,242,9,20,1
8442,242,10,7,0
8443,242,11,15,1
8444,242,12,10,0
8445,242,13,41,2
8446,242,14,18,1
8447,242,15,10,0
8448,242,16,16,0
8449,242,17,12,0
8450,242,18,26,1
8451,242,19,43,1
8452,242,20,52,3
8453,242,21,14,1
8454,242,22,26,1
8455,242,23,22,1
8456,242,24,30,2
8457,242,25,24,0
8458,242,26,37,0
8459,242,27,20,0
8460,242,28,39,1
8461,242,29,26,1
8462,242,30,41,2
8463,242,31,20,1
8464,242,32,24,1
8465,242,33,24,1
8466,242,34,25,1
8467,242,35,20,1
8468,243,1,29,1
8469,243,2,10,1
8470,243,3,15,1
8471,243,4,23,1
8472,243,5,30,1
8473,243,6,27,0
8474,243,7,7,0
8475,243,8,26,1
8476,243,9,34,2
8477,243,10,11,0
8478,243,11,18,0
8479,243,12,9,0
8480,243,13,11,0
8481,243,14,13,0
8482,243,15,15,0
8483,243,16,24,1
8484,243,17,14,1
8485,243,18,27,1
8486,243,19,13,0
8487,243,20,11,0
8488,243,21,12,0
8489,243,22,14,0
8490,243,23,16,1
8491,243,24,35,1
8492,243,25,11,0
8493,243,26,27,1
8494,243,27,28,0
8495,243,28,10,0
8496,243,29,44,2
8497,243,30,38,2
8498,243,31,39,1
8499,243,32,20,1
8500,243,33,7,0
8501,243,34,26,1
8502,243,35,13,0
8503,244,1,29,1
8504,244,2,48,3
8505,244,3,42,2
8506,244,4,19,1
8507,244,5,27,0
8508,244,6,25,1
8509,244,7,24,1
8510,244,8,14,0
8511,244,9,19,0
8512,244,10,25,1
8513,244,11,22,1
8514,244,12,32,1
8515,244,13,8,0
8516,244,14,25,0
8517,244,15,29,1
8518,244,16,68,4
8519,244,17,18,1
8520,244,18,41,0
8521,244,19,28,1
8522,244,20,24,1
8523,244,21,30,2
8524,244,22,25,1
8525,244,23,43,1
8526,244,24,16,0
8527,244,25,55,2
8528,244,26,30,0
8529,244,27,58,3
8530,244,28,27,1
8531,244,29,20,1
8532,244,30,14,0
8533,244,31,22,1
8534,244,32,20,1
8535,244,33,61,4
8536,244,34,18,0
8537,244,35,53,3
8538,245,1,26,1
8539,245,2,31,1
8540,245,3,32,2
8541,245,4,29,1
8542,245,5,22,0
8543,245,6,34,1
8544,245,7,30,1
8545,245,8,13,0
8546,245,9,35,1
8547,245,10,25,1
8548,245,11,30,1
8549,245,12,44,2
8550,245,13,45,2
8551,245,14,17,1
8552,245,15,22,0
8553,245,16,17,1
8554,245,17,29,1
8555,245,18,26,0
8556,245,19,56,1
8557,245,20,34,1
8558,245,21,12,0
8559,245,22,20,1
8560,245,23,7,0
8561,245,24,22,0
8562,245,25,22,1
8563,245,26,35,1
8564,245,27,26,1
8565,245,28,24,1
8566,245,29,21,0
8567,245,30,35,1
8568,245,31,21,1
8569,245,32,29,1
8570,245,33,29,1
8571,245,34,25,1
8572,245,35,33,2
8573,246,1,17,0
8574,246,2,21,0
8575,246,3,14,1
8576,246,4,30,1
8577,246,5,19,1
8578,246,6,6,0
8579,246,7,21,1
8580,246,8,10,0
8581,246,9,28,1
8582,246,10,26,1
8583,246,11,16,1
8584,246,12,49,1
8585,246,13,28,0
8586,246,14,24,1
8587,246,15,19,0
8588,246,16,22,1
8589,246,17,26,1
8590,246,18,30,0
8591,246,19,33,0
8592,246,20,11,0
8593,246,21,30,2
8594,246,22,22,1
8595,246,23,16,0
8596,246,24,19,1
8597,246,25,26,1
8598,246,26,14,0
8599,246,27,25,0
8600,246,28,24,0
8601,246,29,24,1
8602,246,30,39,1
8603,246,31,21,0
8604,246,32,33,1
8605,246,33,31,1
8606,246,34,28,2
8607,246,35,32,2
8608,247,1,13,1
8609,247,2,10,0
8610,247,3,10,0
8611,247,4,17,0
8612,247,5,10,0
8613,247,6,19,0
8614,247,7,14,0
8615,247,8,20,1
8616,247,9,30,1
8617,247,10,8,0
8618,247,11,16,1
8619,247,12,12,1
8620,247,13,44,2
8621,247,14,21,1
8622,247,15,39,0
8623,247,16,12,1
8624,247,17,32,1
8625,247,18,10,0
8626,247,19,13,1
8627,247,20,46,1
8628,247,21,27,1
8629,247,22,23,1
8630,247,23,29,1
8631,247,24,36,1
8632,247,25,10,0
8633,247,26,18,1
8634,247,27,3,0
8635,247,28,11,0
8636,247,29,26,1
8637,247,30,9,0
8638,247,31,35,1
8639,247,32,19,0
8640,247,33,33,1
8641,247,34,5,0
8642,247,35,10,0
8643,248,1,44,1
8644,248,2,27,1
8645,248,3,23,1
8646,248,4,28,1
8647,248,5,21,0
8648,248,6,7,0
8649,248,7,29,1
8650,248,8,23,1
8651,248,9,15,0
8652,248,10,14,1
8653,248,11,40,0
8654,248,12,26,1
8655,248,13,14,1
8656,248,14,18,0
8657,248,15,14,0
8658,248,16,39,2
8659,248,17,30,1
8660,248,18,12,1
8661,248,19,24,1
8662,248,20,15,0
8663,248,21,37,2
8664,248,22,10,0
8665,248,23,20,1
8666,248,24,28,1
8667,248,25,16,0
8668,248,26,21,1
8669,248,27,16,0
8670,248,28,31,0
8671,248,29,38,0
8672,248,30,8,0
8673,248,31,49,1
8674,248,32,13,0
8675,248,33,27,1
8676,248,34,26,1
8677,248,35,50,1
8678,249,1,29,2
8679,249,2,15,1
8680,249,3,31,1
8681,249,4,34,1
8682,249,5,9,0
8683,249,6,9,0
8684,249,7,26,1
8685,249,8,11,0
8686,249,9,20,1
8687,249,10,12,1
8688,249,11,27,0
8689,249,12,15,1
8690,249,13,25,0
8691,249,14,29,1
8692,249,15,30,2
8693,249,16,32,2
8694,249,17,12,1
8695,249,18,16,1
8696,249,19,11,1
8697,249,20,19,1
8698,249,21,19,1
8699,249,22,14,1
8700,249,23,14,1
8701,249,24,30,0
8702,249,25,12,0
8703,249,26,32,2
8704,249,27,5,0
8705,249,28,17,1
8706,249,29,37,1
8707,249,30,32,1
8708,249,31,30,1
8709,249,32,15,1
8710,249,33,29,2
8711,249,34,12,0
8712,249,35,17,0
8713,250,1,7,0
8714,250,2,10,0
8715,250,3,5,0
8716,250,4,17,1
8717,250,5,12,0
8718,250,6,31,2
8719,250,7,28,1
8720,250,8,13,0
8721,250,9,7,0
8722,250,10,12,0
8723,250,11,12,1
8724,250,12,20,1
8725,250,13,11,1
8726,250,14,9,0
8727,250,15,14,1
8728,250,16,18,1
8729,250,17,21,1
8730,250,18,7,0
8731,250,19,7,0
8732,250,20,21,0
8733,250,21,16,1
8734,250,22,23,1
8735,250,23,21,1
8736,250,24,5,0
8737,250,25,17,1
8738,250,26,10,0
8739,250,27,14,0
8740,250,28,26,0
8741,250,29,23,1
8742,250,30,26,2
8743,250,31,10,0
8744,250,32,13,0
8745,250,33,11,0
8746,250,34,29,1
8747,250,35,26,1
8748,251,1,13,1
8749,251,2,17,1
8750,251,3,11,0
8751,251,4,11,0
8752,251,5,17,0
8753,251,6,16,1
8754,251,7,21,1
8755,251,8,17,0
8756,251,9,12,1
8757,251,10,13,1
8758,251,11,5,0
8759,251,12,5,0
8760,251,13,5,0
8761,251,14,22,1
8762,251,15,12,0
8763,251,16,28,0
8764,251,17,19,1
8765,251,18,9,0
8766,251,19,6,0
8767,251,20,25,1
8768,251,21,18,0
8769,251,22,16,0
8770,251,23,10,1
8771,251,24,16,1
8772,251,25,23,1
8773,251,26,10,0
8774,251,27,3,0
8775,251,28,6,0
8776,251,29,7,0
8777,251,30,10,0
8778,251,31,10,0
8779,251,32,11,0
8780,251,33,8,0
8781,251,34,9,0
8782,251,35,20,1
8783,252,1,9,0
8784,252,2,20,1
8785,252,3,12,0
8786,252,4,14,0
8787,252,5,17,1
8788,252,6,25,1
8789,252,7,21,1
8790,252,8,10,0
8791,252,9,12,0
8792,252,10,14,1
8793,252,11,19,0
8794,252,12,37,0
8795,252,13,46,2
8796,252,14,18,1
8797,252,15,8,0
8798,252,16,23,0
8799,252,17,21,0
8800,252,18,19,1
8801,252,19,24,1
8802,252,20,17,1
8803,252,21,14,0
8804,252,22,24,1
8805,252,23,12,0
8806,252,24,24,1
8807,252,25,8,0
8808,252,26,12,0
8809,252,27,13,0
8810,252,28,12,0
8811,252,29,15,1
8812,252,30,10,0
8813,252,31,32,1
8814,252,32,6,0
8815,252,33,14,1
8816,252,34,12,0
8817,252,35,15,0
8818,253,1,27,1
8819,253,2,13,0
8820,253,3,11,1
8821,253,4,19,0
8822,253,5,14,1
8823,253,6,36,1
8824,253,7,30,1
8825,253,8,15,0
8826,253,9,15,1
8827,253,10,10,0
8828,253,11,19,0
8829,253,12,29,1
8830,253,13,19,1
8831,253,14,16,1
8832,253,15,16,1
8833,253,16,26,1
8834,253,17,11,0
8835,253,18,21,1
8836,253,19,53,3
8837,253,20,17,0
8838,253,21,22,1
8839,253,22,11,0
8840,253,23,16,0
8841,253,24,11,0
8842,253,25,32,1
8843,253,26,29,1
8844,253,27,10,0
8845,253,28,8,0
8846,253,29,17,1
8847,253,30,13,1
8848,253,31,13,0
8849,253,32,35,1
8850,253,33,29,0
8851,253,34,17,0
8852,253,35,23,1
8853,254,1,11,0
8854,254,2,9,0
8855,254,3,18,1
8856,254,4,13,1
8857,254,5,11,0
8858,254,6,10,0
8859,254,7,25,1
8860,254,8,21,1
8861,254,9,10,0
8862,254,10,22,1
8863,254,11,7,0
8864,254,12,15,0
8865,254,13,16,1
8866,254,14,19,0
8867,254,15,23,1
8868,254,16,17,0
8869,254,17,19,1
8870,254,18,8,0
8871,254,19,5,0
8872,254,20,16,1
8873,254,21,19,0
8874,254,22,6,0
8875,254,23,6,0
8876,254,24,18,1
8877,254,25,12,0
8878,254,26,10,0
8879,254,27,16,0
8880,254,28,22,1
8881,254,29,9,0
8882,254,30,10,0
8883,254,31,17,0
8884,254,32,15,0
8885,254,33,18,1
8886,254,34,11,0
8887,254,35,25,1
8888,255,1,5,0
8889,255,2,15,0
8890,255,3,6,0
8891,255,4,21,1
8892,255,5,7,0
8893,255,6,11,1
8894,255,7,16,0
8895,255,8,12,1
8896,255,9,12,1
8897,255,10,14,0
8898,255,11,14,0
8899,255,12,18,1
8900,255,13,15,1
8901,255,14,12,1
8902,255,15,9,0
8903,255,16,7,0
8904,255,17,20,0
8905,255,18,15,0
8906,255,19,9,0
8907,255,20,14,0
8908,255,21,11,0
8909,255,22,25,1
8910,255,23,9,0
8911,255,24,7,0
8912,255,25,23,1
8913,255,26,10,1
8914,255,27,28,1
8915,255,28,19,1
8916,255,29,9,0
8917,255,30,16,1
8918,255,31,6,0
8919,255,32,18,0
8920,255,33,22,1
8921,255,34,4,0
8922,255,35,4,0
8923,256,1,9,0
8924,256,2,25,0
8925,256,3,13,0
8926,256,4,22,1
8927,256,5,10,0
8928,256,6,24,1
8929,256,7,25,1
8930,256,8,36,1
8931,256,9,20,1
8932,256,10,25,1
8933,256,11,15,1
8934,256,12,19,1
8935,256,13,4,0
8936,256,14,11,1
8937,256,15,7,0
8938,256,16,20,1
8939,256,17,8,0
8940,256,18,27,1
8941,256,19,23,1
8942,256,20,15,1
8943,256,21,14,0
8944,256,22,39,1
8945,256,23,14,1
8946,256,24,18,0
8947,256,25,17,0
8948,256,26,14,0
8949,256,27,4,0
8950,256,28,26,1
8951,256,29,15,0
8952,256,30,12,0
8953,256,31,10,0
8954,256,32,16,0
8955,256,33,19,0
8956,256,34,16,0
8957,256,35,45,2
8958,257,1,9,0
8959,257,2,31,2
8960,257,3,26,1
8961,257,4,38,2
8962,257,5,20,1
8963,257,6,40,1
8964,257,7,22,1
8965,257,8,29,2
8966,257,9,14,1
8967,257,10,28,1
8968,257,11,15,1
8969,257,12,11,0
8970,257,13,20,1
8971,257,14,44,1
8972,257,15,26,0
8973,257,16,15,0
8974,257,17,35,2
8975,257,18,24,1
8976,257,19,46,2
8977,257,20,12,1
8978,257,21,24,1
8979,257,22,32,1
8980,257,23,15,0
8981,257,24,30,2
8982,257,25,32,1
8983,257,26,16,1
8984,257,27,25,1
8985,257,28,33,1
8986,257,29,27,1
8987,257,30,52,1
8988,257,31,21,1
8989,257,32,16,1
8990,257,33,40,1
8991,257,34,21,0
8992,257,35,8,0
8993,258,1,9,0
8994,258,2,4,0
8995,258,3,22,1
8996,258,4,10,0
8997,258,5,7,0
8998,258,6,16,1
8999,258,7,32,2
9000,258,8,9,0
9001,258,9,22,0
9002,258,10,15,1
9003,258,11,23,1
9004,258,12,5,0
9005,258,13,29,0
9006,258,14,17,1
9007,258,15,15,1
9008,258,16,3,0
9009,258,17,19,1
9010,258,18,20,0
9011,258,19,15,1
9012,258,20,25,1
9013,258,21,12,0
9014,258,22,17,1
9015,258,23,20,1
9016,258,24,8,0
9017,258,25,13,1
9018,258,26,17,1
9019,258,27,18,0
9020,258,28,10,0
9021,258,29,11,1
9022,258,30,15,0
9023,258,31,22,0
9024,258,32,9,0
9025,258,33,15,0
9026,258,34,9,0
9027,258,35,25,1
9028,259,1,12,0
9029,259,2,18,0
9030,259,3,3,0
9031,259,4,16,1
9032,259,5,16,0
9033,259,6,7,0
9034,259,7,16,1
9035,259,8,20,1
9036,259,9,16,0
9037,259,10,9,0
9038,259,11,19,0
9039,259,12,20,1
9040,259,13,9,0
9041,259,14,10,0
9042,259,15,11,0
9043,259,16,10,0
9044,259,17,13,0
9045,259,18,13,1
9046,259,19,33,1
9047,259,20,9,0
9048,259,21,6,0
9049,259,22,7,0
9050,259,23,29,0
9051,259,24,11,1
9052,259,25,9,0
9053,259,26,7,0
9054,259,27,13,0
9055,259,28,16,0
9056,259,29,7,0
9057,259,30,10,0
9058,259,31,16,0
9059,259,32,4,0
9060,259,33,18,0
9061,259,34,16,0
9062,259,35,11,0
9063,260,1,14,0
9064,260,2,27,1
9065,260,3,15,0
9066,260,4,34,2
9067,260,5,11,0
9068,260,6,40,1
9069,260,7,8,0
9070,260,8,16,0
9071,260,9,28,1
9072,260,10,5,0
9073,260,11,25,1
9074,260,12,25,1
9075,260,13,31,1
9076,260,14,16,0
9077,260,15,23,1
9078,260,16,7,0
9079,260,17,7,0
9080,260,18,38,2
9081,260,19,14,1
9082,260,20,16,1
9083,260,21,8,0
9084,260,22,15,1
9085,260,23,18,0
9086,260,24,16,1
9087,260,25,27,1
9088,260,26,25,0
9089,260,27,33,2
9090,260,28,6,0
9091,260,29,12,1
9092,260,30,19,0
9093,260,31,6,0
9094,260,32,13,0
9095,260,33,31,2
9096,260,34,14,1
9097,260,35,14,0
9098,261,1,23,1
9099,261,2,38,1
9100,261,3,31,1
9101,261,4,24,0
9102,261,5,46,2
9103,261,6,17,0
9104,261,7,26,1
9105,261,8,46,2
9106,261,9,29,1
9107,261,10,20,1
9108,261,11,16,1
9109,261,12,16,0
9110,261,13,14,0
9111,261,14,19,1
9112,261,15,9,0
9113,261,16,13,0
9114,261,17,21,1
9115,261,18,21,1
9116,261,19,23,1
9117,261,20,45,2
9118,261,21,45,3
9119,261,22,23,0
9120,261,23,35,1
9121,261,24,38,1
9122,261,25,33,2
9123,261,26,13,1
9124,261,27,53,1
9125,261,28,52,2
9126,261,29,32,1
9127,261,30,11,0
9128,261,31,22,1
9129,261,32,20,1
9130,261,33,20,0
9131,261,34,41,1
9132,261,35,23,1
9133,262,1,10,1
9134,262,2,17,1
9135,262,3,11,1
9136,262,4,6,0
9137,262,5,21,0
9138,262,6,9,0
9139,262,7,19,1
9140,262,8,15,1
9141,262,9,24,1
9142,262,10,18,0
9143,262,11,16,0
9144,262,12,36,1
9145,262,13,15,0
9146,262,14,14,1
9147,262,15,13,0
9148,262,16,16,1
9149,262,17,15,0
9150,262,18,14,0
9151,262,19,19,1
9152,262,20,17,1
9153,262,21,21,1
9154,262,22,33,1
9155,262,23,11,1
9156,262,24,19,1
9157,262,25,26,1
9158,262,26,22,1
9159,262,27,15,0
9160,262,28,33,2
9161,262,29,10,0
9162,262,30,23,1
9163,262,31,8,0
9164,262,32,11,0
9165,262,33,10,0
9166,262,34,17,1
9167,262,35,19,1
9168,263,1,19,0
9169,263,2,6,0
9170,263,3,21,0
9171,263,4,22,1
9172,263,5,18,0
9173,263,6,11,1
9174,263,7,10,1
9175,263,8,33,1
9176,263,9,24,1
9177,263,10,11,0
9178,263,11,16,1
9179,263,12,24,1
9180,263,13,6,0
9181,263,14,14,1
9182,263,15,7,0
9183,263,16,12,0
9184,263,17,28,1
9185,263,18,9,0
9186,263,19,30,1
9187,263,20,5,0
9188,263,21,9,0
9189,263,22,6,0
9190,263,23,16,1
9191,263,24,11,0
9192,263,25,15,1
9193,263,26,26,1
9194,263,27,16,0
9195,263,28,18,1
9196,263,29,17,0
9197,263,30,24,1
9198,263,31,17,0
9199,263,32,22,1
9200,263,33,14,0
9201,263,34,27,1
9202,263,35,14,1
9203,264,1,19,1
9204,264,2,16,0
9205,264,3,12,0
9206,264,4,28,1
9207,264,5,22,1
9208,264,6,27,1
9209,264,7,12,1
9210,264,8,39,2
9211,264,9,39,1
9212,264,10,27,0
9213,264,11,16,1
9214,264,12,21,0
9215,264,13,16,1
9216,264,14,38,1
9217,264,15,22,0
9218,264,16,17,1
9219,264,17,9,0
9220,264,18,24,1
9221,264,19,22,1
9222,264,20,5,0
9223,264,21,14,1
9224,264,22,22,1
9225,264,23,15,1
9226,264,24,44,1
9227,264,25,22,1
9228,264,26,53,1
9229,264,27,13,0
9230,264,28,16,1
9231,264,29,31,2
9232,264,30,12,1
9233,264,31,35,2
9234,264,32,21,0
9235,264,33,17,1
9236,264,34,15,1
9237,264,35,28,1
9238,265,1,13,1
9239,265,2,26,1
9240,265,3,50,1
9241,265,4,14,1
9242,265,5,14,0
9243,265,6,16,1
9244,265,7,44,2
9245,265,8,56,1
9246,265,9,42,2
9247,265,10,37,2
9248,265,11,10,0
9249,265,12,20,0
9250,265,13,15,1
9251,265,14,18,0
9252,265,15,19,1
9253,265,16,57,2
9254,265,17,30,1
9255,265,18,43,1
9256,265,19,19,1
9257,265,20,65,3
9258,265,21,27,2
9259,265,22,46,1
9260,265,23,33,2
9261,265,24,30,1
9262,265,25,15,0
9263,265,26,18,0
9264,265,27,25,1
9265,265,28,14,1
9266,265,29,50,2
9267,265,30,23,1
9268,265,31,67,1
9269,265,32,38,2
9270,265,33,15,1
9271,265,34,29,1
9272,265,35,27,1
9273,266,1,9,0
9274,266,2,15,1
9275,266,3,4,0
9276,266,4,19,1
9277,266,5,31,2
9278,266,6,37,1
9279,266,7,27,1
9280,266,8,14,1
9281,266,9,14,1
9282,266,10,18,0
9283,266,11,33,0
9284,266,12,20,1
9285,266,13,34,2
9286,266,14,20,0
9287,266,15,32,1
9288,266,16,14,1
9289,266,17,27,1
9290,266,18,12,1
9291,266,19,13,0
9292,266,20,23,1
9293,266,21,22,0
9294,266,22,18,0
9295,266,23,8,0
9296,266,24,20,1
9297,266,25,27,1
9298,266,26,49,2
9299,266,27,13,0
9300,266,28,11,0
9301,266,29,18,0
9302,266,30,16,0
9303,266,31,23,1
9304,266,32,16,1
9305,266,33,40,2
9306,266,34,28,1
9307,266,35,23,1
9308,267,1,20,0
9309,267,2,17,1
9310,267,3,20,0
9311,267,4,26,1
9312,267,5,15,1
9313,267,6,14,0
9314,267,7,22,1
9315,267,8,10,0
9316,267,9,14,0
9317,267,10,13,0
9318,267,11,19,1
9319,267,12,27,1
9320,267,13,12,0
9321,267,14,10,0
9322,267,15,21,0
9323,267,16,6,0
9324,267,17,5,0
9325,267,18,16,1
9326,267,19,11,0
9327,267,20,21,1
9328,267,21,15,0
9329,267,22,6,0
9330,267,23,21,1
9331,267,24,13,1
9332,267,25,18,1
9333,267,26,18,1
9334,267,27,25,1
9335,267,28,5,0
9336,267,29,39,2
9337,267,30,36,1
9338,267,31,13,1
9339,267,32,12,0
9340,267,33,19,1
9341,267,34,7,0
9342,267,35,11,0
9343,268,1,34,1
9344,268,2,15,1
9345,268,3,17,0
9346,268,4,26,1
9347,268,5,23,0
9348,268,6,9,0
9349,268,7,31,0
9350,268,8,63,2
9351,268,9,30,2
9352,268,10,44,2
9353,268,11,18,1
9354,268,12,29,1
9355,268,13,41,2
9356,268,14,34,1
9357,268,15,23,0
9358,268,16,28,1
9359,268,17,12,1
9360,268,18,13,0
9361,268,19,20,1
9362,268,20,19,1
9363,268,21,21,1
9364,268,22,18,1
9365,268,23,24,1
9366,268,24,19,1
9367,268,25,43,1
9368,268,26,13,0
9369,268,27,7,0
9370,268,28,26,1
9371,268,29,11,0
9372,268,30,27,1
9373,268,31,31,1
9374,268,32,42,1
9375,268,33,18,1
9376,268,34,27,1
9377,268,35,32,2
9378,269,1,38,2
9379,269,2,30,1
9380,269,3,25,1
9381,269,4,53,1
9382,269,5,37,2
9383,269,6,60,2
9384,269,7,39,1
9385,269,8,77,2
9386,269,9,24,1
9387,269,10,78,4
9388,269,11,33,1
9389,269,12,31,1
9390,269,13,69,3
9391,269,14,56,1
9392,269,15,38,1
9393,269,16,83,1
9394,269,17,43,1
9395,269,18,57,3
9396,269,19,24,1
9397,269,20,30,0
9398,269,21,36,1
9399,269,22,30,2
9400,269,23,59,1
9401,269,24,46,2
9402,269,25,14,1
9403,269,26,23,0
9404,269,27,43,0
9405,269,28,29,1
9406,269,29,43,2
9407,269,30,44,1
9408,269,31,23,0
9409,269,32,88,3
9410,269,33,44,3
9411,269,34,64,3
9412,269,35,35,2
9413,270,1,26,0
9414,270,2,23,1
9415,270,3,15,0
9416,270,4,61,1
9417,270,5,24,1
9418,270,6,40,1
9419,270,7,13,0
9420,270,8,40,1
9421,270,9,40,2
9422,270,10,33,1
9423,270,11,27,1
9424,270,12,21,1
9425,270,13,24,1
9426,270,14,36,2
9427,270,15,23,1
9428,270,16,27,1
9429,270,17,42,1
9430,270,18,17,1
9431,270,19,24,1
9432,270,20,39,1
9433,270,21,25,0
9434,270,22,23,0
9435,270,23,36,2
9436,270,24,14,1
9437,270,25,19,0
9438,270,26,40,2
9439,270,27,17,1
9440,270,28,29,2
9441,270,29,38,2
9442,270,30,29,2
9443,270,31,49,1
9444,270,32,42,2
9445,270,33,29,1
9446,270,34,34,2
9447,270,35,15,1
9448,271,1,36,2
9449,271,2,23,1
9450,271,3,42,1
9451,271,4,14,0
9452,271,5,52,1
9453,271,6,19,0
9454,271,7,10,0
9455,271,8,18,0
9456,271,9,15,0
9457,271,10,16,0
9458,271,11,35,2
9459,271,12,23,1
9460,271,13,24,1
9461,271,14,21,0
9462,271,15,10,0
9463,271,16,37,1
9464,271,17,27,2
9465,271,18,4,0
9466,271,19,47,2
9467,271,20,17,1
9468,271,21,31,1
9469,271,22,7,0
9470,271,23,36,1
9471,271,24,25,1
9472,271,25,16,0
9473,271,26,30,1
9474,271,27,20,0
9475,271,28,29,1
9476,271,29,32,1
9477,271,30,13,1
9478,271,31,22,1
9479,271,32,28,2
9480,271,33,19,1
9481,271,34,12,0
9482,271,35,47,1
9483,272,1,32,1
9484,272,2,31,2
9485,272,3,8,0
9486,272,4,12,0
9487,272,5,17,1
9488,272,6,24,0
9489,272,7,22,1
9490,272,8,10,1
9491,272,9,28,1
9492,272,10,40,2
9493,272,11,44,2
9494,272,12,17,1
9495,272,13,60,1
9496,272,14,23,1
9497,272,15,62,1
9498,272,16,24,1
9499,272,17,30,1
9500,272,18,34,2
9501,272,19,30,1
9502,272,20,80,3
9503,272,21,34,2
9504,272,22,33,1
9505,272,23,21,1
9506,272,24,23,1
9507,272,25,42,2
9508,272,26,34,2
9509,272,27,30,1
9510,272,28,24,1
9511,272,29,36,1
9512,272,30,28,1
9513,272,31,40,1
9514,272,32,30,0
9515,272,33,21,0
9516,272,34,50,3
9517,272,35,69,2
9518,273,1,27,1
9519,273,2,14,0
9520,273,3,64,2
9521,273,4,24,1
9522,273,5,38,1
9523,273,6,60,1
9524,273,7,56,2
9525,273,8,30,1
9526,273,9,15,0
9527,273,10,78,3
9528,273,11,46,2
9529,273,12,24,1
9530,273,13,25,1
9531,273,14,36,2
9532,273,15,67,3
9533,273,16,30,1
9534,273,17,22,0
9535,273,18,28,1
9536,273,19,36,2
9537,273,20,28,1
9538,273,21,46,2
9539,273,22,22,0
9540,273,23,49,1
9541,273,24,69,3
9542,273,25,55,3
9543,273,26,33,2
9544,273,27,32,1
9545,273,28,10,0
9546,273,29,72,2
9547,273,30,90,4
9548,273,31,58,2
9549,273,32,52,1
9550,273,33,54,2
9551,273,34,62,2
9552,273,35,33,1
9553,274,1,30,2
9554,274,2,21,0
9555,274,3,33,2
9556,274,4,29,2
9557,274,5,84,2
9558,274,6,38,1
9559,274,7,29,1
9560,274,8,35,2
9561,274,9,11,1
9562,274,10,38,1
9563,274,11,33,1
9564,274,12,25,1
9565,274,13,28,1
9566,274,14,40,1
9567,274,15,24,1
9568,274,16,17,0
9569,274,17,32,2
9570,274,18,19,1
9571,274,19,12,0
9572,274,20,22,0
9573,274,21,37,2
9574,274,22,28,1
9575,274,23,18,1
9576,274,24,47,1
9577,274,25,18,0
9578,274,26,19,1
9579,274,27,15,0
9580,274,28,11,0
9581,274,29,15,0
9582,274,30,15,1
9583,274,31,27,0
9584,274,32,15,1
9585,274,33,28,2
9586,274,34,31,2
9587,274,35,33,2
9588,275,1,9,0
9589,275,2,18,0
9590,275,3,16,1
9591,275,4,20,0
9592,275,5,13,0
9593,275,6,32,1
9594,275,7,35,1
9595,275,8,45,0
9596,275,9,33,1
9597,275,10,33,0
9598,275,11,37,1
9599,275,12,26,1
9600,275,13,19,1
9601,275,14,29,0
9602,275,15,33,1
9603,275,16,46,2
9604,275,17,15,0
9605,275,18,28,1
9606,275,19,20,1
9607,275,20,54,2
9608,275,21,28,1
9609,275,22,53,1
9610,275,23,22,1
9611,275,24,32,1
9612,275,25,11,0
9613,275,26,21,1
9614,275,27,13,0
9615,275,28,24,0
9616,275,29,13,0
9617,275,30,22,1
9618,275,31,21,0
9619,275,32,16,1
9620,275,33,15,0
9621,275,34,34,1
9622,275,35,33,0
9623,276,1,22,0
9624,276,2,10,0
9625,276,3,26,0
9626,276,4,69,3
9627,276,5,35,1
9628,276,6,43,2
9629,276,7,58,1
9630,276,8,41,1
9631,276,9,25,1
9632,276,10,32,1
9633,276,11,13,0
9634,276,12,43,1
9635,276,13,38,2
9636,276,14,49,1
9637,276,15,20,1
9638,276,16,16,1
9639,276,17,43,2
9640,276,18,53,1
9641,276,19,81,2
9642,276,20,33,2
9643,276,21,32,1
9644,276,22,27,0
9645,276,23,69,4
9646,276,24,22,1
9647,276,25,23,1
9648,276,26,67,4
9649,276,27,12,0
9650,276,28,75,4
9651,276,29,22,1
9652,276,30,14,0
9653,276,31,17,0
9654,276,32,34,1
9655,276,33,57,1
9656,276,34,32,2
9657,276,35,48,2
9658,277,1,21,0
9659,277,2,24,1
9660,277,3,12,0
9661,277,4,20,1
9662,277,5,17,0
9663,277,6,39,2
9664,277,7,37,2
9665,277,8,30,1
9666,277,9,18,1
9667,277,10,39,2
9668,277,11,14,1
9669,277,12,20,0
9670,277,13,16,1
9671,277,14,11,1
9672,277,15,32,2
9673,277,16,20,1
9674,277,17,43,1
9675,277,18,30,1
9676,277,19,15,1
9677,277,20,36,2
9678,277,21,21,1
9679,277,22,27,0
9680,277,23,47,1
9681,277,24,26,1
9682,277,25,37,1
9683,277,26,42,1
9684,277,27,35,1
9685,277,28,56,3
9686,277,29,24,1
9687,277,30,7,0
9688,277,31,21,1
9689,277,32,17,0
9690,277,33,42,2
9691,277,34,31,1
9692,277,35,21,0
9693,278,1,31,1
9694,278,2,57,1
9695,278,3,11,0
9696,278,4,25,0
9697,278,5,34,1
9698,278,6,10,0
9699,278,7,16,0
9700,278,8,19,0
9701,278,9,25,1
9702,278,10,12,0
9703,278,11,12,1
9704,278,12,11,0
9705,278,13,45,1
9706,278,14,19,1
9707,278,15,14,0
9708,278,16,40,2
9709,278,17,37,2
9710,278,18,6,0
9711,278,19,23,1
9712,278,20,9,0
9713,278,21,16,1
9714,278,22,52,3
9715,278,23,9,0
9716,278,24,30,0
9717,278,25,25,1
9718,278,26,12,0
9719,278,27,19,0
9720,278,28,22,1
9721,278,29,19,1
9722,278,30,17,1
9723,278,31,30,1
9724,278,32,18,0
9725,278,33,16,1
9726,278,34,17,1
9727,278,35,21,0
9728,279,1,24,1
9729,279,2,16,0
9730,279,3,10,1
9731,279,4,38,1
9732,279,5,24,1
9733,279,6,13,0
9734,279,7,12,0
9735,279,8,14,0
9736,279,9,23,1
9737,279,10,20,0
9738,279,11,11,1
9739,279,12,16,1
9740,279,13,16,1
9741,279,14,34,1
9742,279,15,23,0
9743,279,16,23,1
9744,279,17,10,1
9745,279,18,21,0
9746,279,19,9,0
9747,279,20,9,0
9748,279,21,22,1
9749,279,22,24,1
9750,279,23,15,1
9751,279,24,22,1
9752,279,25,26,1
9753,279,26,10,1
9754,279,27,11,1
9755,279,28,22,1
9756,279,29,26,1
9757,279,30,30,1
9758,279,31,13,0
9759,279,32,14,0
9760,279,33,27,1
9761,279,34,18,1
9762,279,35,7,0
9763,280,1,11,0
9764,280,2,23,1
9765,280,3,17,1
9766,280,4,46,3
9767,280,5,17,0
9768,280,6,17,0
9769,280,7,38,2
9770,280,8,15,1
9771,280,9,13,1
9772,280,10,15,1
9773,280,11,11,0
9774,280,12,22,1
9775,280,13,21,0
9776,280,14,39,1
9777,280,15,31,1
9778,280,16,24,1
9779,280,17,29,1
9780,280,18,21,1
9781,280,19,14,0
9782,280,20,12,0
9783,280,21,20,1
9784,280,22,44,2
9785,280,23,17,1
9786,280,24,21,0
9787,280,25,19,0
9788,280,26,30,1
9789,280,27,21,0
9790,280,28,38,1
9791,280,29,12,0
9792,280,30,23,1
9793,280,31,24,1
9794,280,32,31,1
9795,280,33,15,0
9796,280,34,29,1
9797,280,35,30,1
9798,281,1,36,1
9799,281,2,19,0
9800,281,3,11,0
9801,281,4,43,2
9802,281,5,27,1
9803,281,6,25,0
9804,281,7,24,1
9805,281,8,20,1
9806,281,9,35,2
9807,281,10,12,1
9808,281,11,45,2
9809,281,12,10,0
9810,281,13,32,2
9811,281,14,20,1
9812,281,15,17,1
9813,281,16,26,1
9814,281,17,26,1
9815,281,18,52,2
9816,281,19,19,1
9817,281,20,29,0
9818,281,21,35,2
9819,281,22,33,0
9820,281,23,40,2
9821,281,24,22,0
9822,281,25,37,1
9823,281,26,33,1
9824,281,27,8,0
9825,281,28,23,1
9826,281,29,27,1
9827,281,30,26,1
9828,281,31,35,1
9829,281,32,7,0
9830,281,33,39,1
9831,281,34,34,2
9832,281,35,19,1
9833,282,1,29,1
9834,282,2,20,0
9835,282,3,46,1
9836,282,4,30,0
9837,282,5,16,0
9838,282,6,22,0
9839,282,7,16,1
9840,282,8,8,0
9841,282,9,25,0
9842,282,10,18,0
9843,282,11,9,0
9844,282,12,8,0
9845,282,13,20,1
9846,282,14,25,1
9847,282,15,16,1
9848,282,16,17,1
9849,282,17,15,0
9850,282,18,18,0
9851,282,19,20,1
9852,282,20,27,1
9853,282,21,11,1
9854,282,22,19,0
9855,282,23,23,1
9856,282,24,24,1
9857,282,25,10,1
9858,282,26,14,1
9859,282,27,22,1
9860,282,28,14,1
9861,282,29,17,1
9862,282,30,37,1
9863,282,31,17,0
9864,282,32,14,1
9865,282,33,33,2
9866,282,34,20,0
9867,282,35,15,0
9868,283,1,27,1
9869,283,2,8,0
9870,283,3,15,1
9871,283,4,19,0
9872,283,5,17,0
9873,283,6,12,0
9874,283,7,24,1
9875,283,8,16,0
9876,283,9,17,1
9877,283,10,24,0
9878,283,11,7,0
9879,283,12,21,1
9880,283,13,9,0
9881,283,14,25,1
9882,283,15,21,1
9883,283,16,18,1
9884,283,17,16,0
9885,283,18,22,1
9886,283,19,15,0
9887,283,20,22,1
9888,283,21,21,1
9889,283,22,25,1
9890,283,23,32,2
9891,283,24,13,0
9892,283,25,13,0
9893,283,26,25,1
9894,283,27,18,1
9895,283,28,8,0
9896,283,29,25,1
9897,283,30,19,0
9898,283,31,22,0
9899,283,32,8,0
9900,283,33,16,0
9901,283,34,17,0
9902,283,35,11,1
9903,284,1,21,1
9904,284,2,10,1
9905,284,3,26,1
9906,284,4,27,1
9907,284,5,25,1
9908,284,6,19,1
9909,284,7,30,1
9910,284,8,30,2
9911,284,9,18,1
9912,284,10,21,0
9913,284,11,18,0
9914,284,12,25,1
9915,284,13,43,1
9916,284,14,16,0
9917,284,15,29,1
9918,284,16,34,1
9919,284,17,19,0
9920,284,18,17,0
9921,284,19,14,0
9922,284,20,36,2
9923,284,21,31,2
9924,284,22,23,1
9925,284,23,34,2
9926,284,24,6,0
9927,284,25,18,1
9928,284,26,8,0
9929,284,27,26,1
9930,284,28,42,1
9931,284,29,21,1
9932,284,30,9,0
9933,284,31,38,2
9934,284,32,28,1
9935,284,33,21,1
9936,284,34,43,3
9937,284,35,15,0
9938,285,1,46,1
9939,285,2,22,1
9940,285,3,28,1
9941,285,4,18,0
9942,285,5,40,2
9943,285,6,30,2
9944,285,7,18,1
9945,285,8,42,2
9946,285,9,21,1
9947,285,10,73,1
9948,285,11,32,2
9949,285,12,12,0
9950,285,13,15,1
9951,285,14,38,1
9952,285,15,19,1
9953,285,16,27,1
9954,285,17,10,0
9955,285,18,26,1
9956,285,19,14,0
9957,285,20,25,0
9958,285,21,25,1
9959,285,22,23,1
9960,285,23,34,1
9961,285,24,41,1
9962,285,25,48,1
9963,285,26,25,1
9964,285,27,41,0
9965,285,28,21,1
9966,285,29,29,2
9967,285,30,40,2
9968,285,31,31,0
9969,285,32,38,2
9970,285,33,16,0
9971,285,34,50,3
9972,285,35,24,1
9973,286,1,22,1
9974,286,2,11,0
9975,286,3,25,0
9976,286,4,23,0
9977,286,5,12,0
9978,286,6,8,0
9979,286,7,25,1
9980,286,8,13,1
9981,286,9,17,1
9982,286,10,31,1
9983,286,11,16,0
9984,286,12,29,1
9985,286,13,15,0
9986,286,14,9,0
9987,286,15,7,0
9988,286,16,8,0
9989,286,17,39,1
9990,286,18,15,0
9991,286,19,22,1
9992,286,20,31,1
9993,286,21,19,1
9994,286,22,20,1
9995,286,23,17,1
9996,286,24,23,1
9997,286,25,13,0
9998,286,26,19,1
9999,286,27,15,1
10000,286,28,12,1
10001,286,29,19,0
10002,286,30,17,0
10003,286,31,15,1
10004,286,32,20,1
10005,286,33,10,0
10006,286,34,22,1
10007,286,35,15,0
10008,287,1,16,1
10009,287,2,25,1
10010,287,3,16,0
10011,287,4,5,0
10012,287,5,14,0
10013,287,6,10,0
10014,287,7,23,1
10015,287,8,9,0
10016,287,9,25,1
10017,287,10,17,1
10018,287,11,14,0
10019,287,12,25,1
10020,287,13,15,1
10021,287,14,21,0
10022,287,15,28,1
10023,287,16,5,0
10024,287,17,10,0
10025,287,18,17,1
10026,287,19,24,1
10027,287,20,16,1
10028,287,21,17,1
10029,287,22,19,1
10030,287,23,7,0
10031,287,24,14,0
10032,287,25,13,0
10033,287,26,15,1
10034,287,27,10,0
10035,287,28,13,1
10036,287,29,21,0
10037,287,30,11,0
10038,287,31,28,1
10039,287,32,21,1
10040,287,33,24,1
10041,287,34,25,1
10042,287,35,14,1
10043,288,1,35,2
10044,288,2,36,1
10045,288,3,36,2
10046,288,4,16,1
10047,288,5,22,0
10048,288,6,21,1
10049,288,7,18,0
10050,288,8,25,0
10051,288,9,32,1
10052,288,10,29,2
10053,288,11,22,0
10054,288,12,14,0
10055,288,13,27,1
10056,288,14,4,0
10057,288,15,32,0
10058,288,16,32,2
10059,288,17,42,2
10060,288,18,16,0
10061,288,19,53,1
10062,288,20,38,2
10063,288,21,31,1
10064,288,22,31,2
10065,288,23,17,1
10066,288,24,14,0
10067,288,25,16,1
10068,288,26,32,2
10069,288,27,22,1
10070,288,28,9,0
10071,288,29,42,2
10072,288,30,4,0
10073,288,31,36,0
10074,288,32,28,1
10075,288,33,24,0
10076,288,34,25,1
10077,288,35,12,0
10078,289,1,34,2
10079,289,2,20,1
10080,289,3,16,0
10081,289,4,31,1
10082,289,5,65,2
10083,289,6,34,1
10084,289,7,32,1
10085,289,8,56,2
10086,289,9,25,1
10087,289,10,22,1
10088,289,11,32,2
10089,289,12,40,2
10090,289,13,29,0
10091,289,14,11,0
10092,289,15,29,1
10093,289,16,48,1
10094,289,17,23,0
10095,289,18,18,1
10096,289,19,26,1
10097,289,20,24,1
10098,289,21,15,1
10099,289,22,47,2
10100,289,23,27,1
10101,289,24,34,2
10102,289,25,34,1
10103,289,26,44,2
10104,289,27,9,0
10105,289,28,35,1
10106,289,29,39,1
10107,289,30,15,1
10108,289,31,54,2
10109,289,32,21,0
10110,289,33,28,1
10111,289,34,25,1
10112,289,35,32,1
10113,290,1,18,1
10114,290,2,22,0
10115,290,3,20,1
10116,290,4,8,0
10117,290,5,17,0
10118,290,6,16,1
10119,290,7,17,1
10120,290,8,23,1
10121,290,9,19,1
10122,290,10,17,1
10123,290,11,12,0
10124,290,12,25,1
10125,290,13,20,0
10126,290,14,36,1
10127,290,15,40,1
10128,290,16,19,1
10129,290,17,20,1
10130,290,18,13,1
10131,290,19,22,1
10132,290,20,18,1
10133,290,21,13,0
10134,290,22,36,2
10135,290,23,19,0
10136,290,24,39,2
10137,290,25,34,2
10138,290,26,28,1
10139,290,27,28,2
10140,290,28,15,1
10141,290,29,23,1
10142,290,30,77,3
10143,290,31,49,3
10144,290,32,10,0
10145,290,33,27,2
10146,290,34,20,1
10147,290,35,18,1
10148,291,1,26,1
10149,291,2,13,1
10150,291,3,11,0
10151,291,4,9,0
10152,291,5,22,1
10153,291,6,26,1
10154,291,7,11,0
10155,291,8,12,0
10156,291,9,33,1
10157,291,10,12,1
10158,291,11,12,0
10159,291,12,27,1
10160,291,13,40,1
10161,291,14,8,0
10162,291,15,16,0
10163,291,16,19,1
10164,291,17,31,1
10165,291,18,12,0
10166,291,19,11,0
10167,291,20,26,1
10168,291,21,37,1
10169,291,22,17,1
10170,291,23,13,0
10171,291,24,16,1
10172,291,25,22,1
10173,291,26,21,1
10174,291,27,13,0
10175,291,28,31,2
10176,291,29,21,1
10177,291,30,9,0
10178,291,31,19,0
10179,291,32,16,1
10180,291,33,9,0
10181,291,34,22,1
10182,291,35,10,1
10183,292,1,13,1
10184,292,2,24,1
10185,292,3,29,1
10186,292,4,16,0
10187,292,5,47,1
10188,292,6,35,1
10189,292,7,15,0
10190,292,8,12,1
10191,292,9,26,1
10192,292,10,20,1
10193,292,11,25,1
10194,292,12,42,1
10195,292,13,20,1
10196,292,14,24,0
10197,292,15,32,2
10198,292,16,18,0
10199,292,17,24,1
10200,292,18,19,0
10201,292,19,50,2
10202,292,20,26,0
10203,292,21,38,1
10204,292,22,27,0
10205,292,23,27,1
10206,292,24,18,1
10207,292,25,40,2
10208,292,26,23,1
10209,292,27,28,0
10210,292,28,32,1
10211,292,29,19,0
10212,292,30,32,1
10213,292,31,40,1
10214,292,32,25,1
10215,292,33,31,0
10216,292,34,19,1
10217,292,35,45,1
10218,293,1,32,1
10219,293,2,37,2
10220,293,3,53,3
10221,293,4,23,1
10222,293,5,18,1
10223,293,6,21,1
10224,293,7,57,2
10225,293,8,27,1
10226,293,9,37,1
10227,293,10,36,1
10228,293,11,36,1
10229,293,12,29,1
10230,293,13,45,2
10231,293,14,42,1
10232,293,15,4,0
10233,293,16,29,1
10234,293,17,46,1
10235,293,18,21,1
10236,293,19,23,0
10237,293,20,38,2
10238,293,21,51,1
10239,293,22,43,2
10240,293,23,60,1
10241,293,24,40,2
10242,293,25,17,1
10243,293,26,34,0
10244,293,27,22,1
10245,293,28,18,1
10246,293,29,43,1
10247,293,30,20,1
10248,293,31,34,2
10249,293,32,32,1
10250,293,33,26,1
10251,293,34,22,1
10252,293,35,29,1
10253,294,1,20,1
10254,294,2,40,1
10255,294,3,49,2
10256,294,4,27,1
10257,294,5,26,0
10258,294,6,19,1
10259,294,7,33,1
10260,294,8,29,0
10261,294,9,18,1
10262,294,10,35,2
10263,294,11,37,1
10264,294,12,38,1
10265,294,13,10,0
10266,294,14,30,1
10267,294,15,28,2
10268,294,16,23,0
10269,294,17,37,2
10270,294,18,41,2
10271,294,19,20,1
10272,294,20,22,1
10273,294,21,22,0
10274,294,22,34,1
10275,294,23,11,0
10276,294,24,15,1
10277,294,25,26,1
10278,294,26,36,1
10279,294,27,34,1
10280,294,28,35,2
10281,294,29,31,1
10282,294,30,18,0
10283,294,31,22,1
10284,294,32,27,1
10285,294,33,16,1
10286,294,34,25,1
10287,294,35,21,0
10288,295,1,21,1
10289,295,2,15,1
10290,295,3,50,2
10291,295,4,15,1
10292,295,5,13,1
10293,295,6,15,0
10294,295,7,35,1
10295,295,8,18,1
10296,295,9,27,0
10297,295,10,16,0
10298,295,11,8,0
10299,295,12,15,0
10300,295,13,24,1
10301,295,14,26,1
10302,295,15,30,1
10303,295,16,15,0
10304,295,17,17,0
10305,295,18,11,1
10306,295,19,19,1
10307,295,20,12,1
10308,295,21,9,0
10309,295,22,25,0
10310,295,23,17,1
10311,295,24,46,2
10312,295,25,9,0
10313,295,26,12,0
10314,295,27,29,0
10315,295,28,21,1
10316,295,29,30,1
10317,295,30,34,1
10318,295,31,21,0
10319,295,32,32,1
10320,295,33,24,1
10321,295,34,32,1
10322,295,35,9,0
10323,296,1,22,1
10324,296,2,30,1
10325,296,3,15,0
10326,296,4,13,0
10327,296,5,59,3
10328,296,6,35,1
10329,296,7,53,1
10330,296,8,41,2
10331,296,9,43,2
10332,296,10,45,1
10333,296,11,36,1
10334,296,12,48,2
10335,296,13,26,1
10336,296,14,28,1
10337,296,15,29,1
10338,296,16,39,1
10339,296,17,32,1
10340,296,18,38,2
10341,296,19,37,1
10342,296,20,40,1
10343,296,21,34,1
10344,296,22,48,2
10345,296,23,27,0
10346,296,24,15,0
10347,296,25,16,1
10348,296,26,42,1
10349,296,27,18,1
10350,296,28,79,2
10351,296,29,34,1
10352,296,30,53,2
10353,296,31,44,2
10354,296,32,9,0
10355,296,33,15,1
10356,296,34,52,2
10357,296,35,41,2
10358,297,1,42,2
10359,297,2,24,1
10360,297,3,54,1
10361,297,4,68,1
10362,297,5,36,1
10363,297,6,30,1
10364,297,7,13,1
10365,297,8,89,4
10366,297,9,40,1
10367,297,10,52,3
10368,297,11,70,4
10369,297,12,38,2
10370,297,13,54,1
10371,297,14,44,2
10372,297,15,24,1
10373,297,16,33,2
10374,297,17,39,2
10375,297,18,20,1
10376,297,19,32,2
10377,297,20,39,2
10378,297,21,17,0
10379,297,22,58,1
10380,297,23,50,3
10381,297,24,18,0
10382,297,25,14,1
10383,297,26,8,0
10384,297,27,29,1
10385,297,28,52,3
10386,297,29,17,1
10387,297,30,37,2
10388,297,31,50,2
10389,297,32,47,2
10390,297,33,44,3
10391,297,34,104,1
10392,297,35,49,3
10393,298,1,27,1
10394,298,2,19,1
10395,298,3,13,0
10396,298,4,40,2
10397,298,5,15,0
10398,298,6,19,1
10399,298,7,21,1
10400,298,8,15,0
10401,298,9,35,0
10402,298,10,12,1
10403,298,11,29,1
10404,298,12,18,1
10405,298,13,17,1
10406,298,14,42,2
10407,298,15,17,1
10408,298,16,40,2
10409,298,17,13,1
10410,298,18,7,0
10411,298,19,15,0
10412,298,20,14,1
10413,298,21,23,1
10414,298,22,25,1
10415,298,23,10,0
10416,298,24,31,1
10417,298,25,7,0
10418,298,26,27,0
10419,298,27,20,1
10420,298,28,24,0
10421,298,29,18,0
10422,298,30,24,1
10423,298,31,21,1
10424,298,32,26,0
10425,298,33,17,1
10426,298,34,26,1
10427,298,35,43,0
10428,299,1,17,1
10429,299,2,15,1
10430,299,3,42,2
10431,299,4,20,1
10432,299,5,45,1
10433,299,6,9,0
10434,299,7,23,1
10435,299,8,18,1
10436,299,9,24,1
10437,299,10,22,1
10438,299,11,21,0
10439,299,12,34,1
10440,299,13,20,1
10441,299,14,13,0
10442,299,15,17,0
10443,299,16,35,2
10444,299,17,31,1
10445,299,18,26,1
10446,299,19,17,1
10447,299,20,20,1
10448,299,21,19,0
10449,299,22,12,1
10450,299,23,19,1
10451,299,24,9,0
10452,299,25,29,1
10453,299,26,15,0
10454,299,27,30,1
10455,299,28,12,0
10456,299,29,8,0
10457,299,30,26,1
10458,299,31,22,1
10459,299,32,18,0
10460,299,33,10,0
10461,299,34,15,1
10462,299,35,36,2
10463,300,1,70,2
10464,300,2,27,1
10465,300,3,44,1
10466,300,4,32,1
10467,300,5,50,3
10468,300,6,63,2
10469,300,7,43,2
10470,300,8,35,0
10471,300,9,19,1
10472,300,10,53,1
10473,300,11,26,1
10474,300,12,40,2
10475,300,13,38,2
10476,300,14,42,2
10477,300,15,34,2
10478,300,16,26,2
10479,300,17,85,2
10480,300,18,25,1
10481,300,19,22,1
10482,300,20,39,1
10483,300,21,33,0
10484,300,22,77,2
10485,300,23,37,2
10486,300,24,34,2
10487,300,25,20,0
10488,300,26,33,1
10489,300,27,48,2
10490,300,28,44,1
10491,300,29,18,1
10492,300,30,39,1
10493,300,31,23,0
10494,300,32,45,2
10495,300,33,32,1
10496,300,34,45,1
10497,300,35,34,2
10498,301,1,33,2
10499,301,2,43,2
10500,301,3,31,1
10501,301,4,43,1
10502,301,5,50,1
10503,301,6,26,1
10504,301,7,23,1
10505,301,8,53,1
10506,301,9,34,0
10507,301,10,25,1
10508,301,11,40,1
10509,301,12,33,1
10510,301,13,48,2
10511,301,14,37,2
10512,301,15,49,2
10513,301,16,26,1
10514,301,17,31,2
10515,301,18,23,1
10516,301,19,37,2
10517,301,20,29,1
10518,301,21,50,2
10519,301,22,73,3
10520,301,23,52,2
10521,301,24,22,0
10522,301,25,40,2
10523,301,26,62,2
10524,301,27,28,1
10525,301,28,27,0
10526,301,29,18,0
10527,301,30,40,2
10528,301,31,26,2
10529,301,32,47,1
10530,301,33,22,1
10531,301,34,46,2
10532,301,35,31,1
10533,302,1,26,1
10534,302,2,3,0
10535,302,3,24,0
10536,302,4,19,1
10537,302,5,31,2
10538,302,6,26,1
10539,302,7,37,2
10540,302,8,25,1
10541,302,9,22,0
10542,302,10,36,2
10543,302,11,10,0
10544,302,12,31,1
10545,302,13,19,1
10546,302,14,20,1
10547,302,15,13,1
10548,302,16,22,0
10549,302,17,37,2
10550,302,18,32,1
10551,302,19,10,1
10552,302,20,21,1
10553,302,21,27,1
10554,302,22,44,2
10555,302,23,3,0
10556,302,24,24,1
10557,302,25,28,1
10558,302,26,25,0
10559,302,27,26,1
10560,302,28,25,1
10561,302,29,27,1
10562,302,30,19,1
10563,302,31,39,1
10564,302,32,20,1
10565,302,33,19,1
10566,302,34,55,2
10567,302,35,10,0
10568,303,1,39,1
10569,303,2,7,0
10570,303,3,27,2
10571,303,4,12,1
10572,303,5,17,0
10573,303,6,13,0
10574,303,7,31,1
10575,303,8,23,1
10576,303,9,33,2
10577,303,10,20,1
10578,303,11,43,2
10579,303,12,26,2
10580,303,13,38,2
10581,303,14,21,0
10582,303,15,34,1
10583,303,16,18,1
10584,303,17,21,1
10585,303,18,22,0
10586,303,19,9,0
10587,303,20,38,0
10588,303,21,28,0
10589,303,22,20,0
10590,303,23,9,1
10591,303,24,10,0
10592,303,25,15,0
10593,303,26,14,0
10594,303,27,18,1
10595,303,28,41,2
10596,303,29,25,0
10597,303,30,31,1
10598,303,31,24,1
10599,303,32,15,1
10600,303,33,33,1
10601,303,34,38,1
10602,303,35,9,0
10603,304,1,26,0
10604,304,2,21,1
10605,304,3,6,0
10606,304,4,31,1
10607,304,5,21,0
10608,304,6,22,1
10609,304,7,28,1
10610,304,8,51,1
10611,304,9,52,3
10612,304,10,39,2
10613,304,11,29,0
10614,304,12,52,3
10615,304,13,35,2
10616,304,14,26,1
10617,304,15,29,1
10618,304,16,36,2
10619,304,17,17,1
10620,304,18,17,1
10621,304,19,36,2
10622,304,20,30,1
10623,304,21,45,1
10624,304,22,38,2
10625,304,23,38,2
10626,304,24,21,1
10627,304,25,42,2
10628,304,26,27,1
10629,304,27,16,0
10630,304,28,23,1
10631,304,29,15,1
10632,304,30,55,2
10633,304,31,43,0
10634,304,32,36,1
10635,304,33,44,1
10636,304,34,26,1
10637,304,35,32,1
10638,305,1,28,1
10639,305,2,51,1
10640,305,3,10,1
10641,305,4,9,0
10642,305,5,15,0
10643,305,6,44,2
10644,305,7,29,1
10645,305,8,13,0
10646,305,9,21,0
10647,305,10,44,2
10648,305,11,38,2
10649,305,12,52,3
10650,305,13,30,1
10651,305,14,18,1
10652,305,15,40,2
10653,305,16,14,1
10654,305,17,18,0
10655,305,18,29,1
10656,305,19,30,2
10657,305,20,39,2
10658,305,21,26,2
10659,305,22,38,1
10660,305,23,31,1
10661,305,24,20,0
10662,305,25,60,3
10663,305,26,58,2
10664,305,27,25,1
10665,305,28,23,1
10666,305,29,45,1
10667,305,30,30,2
10668,305,31,15,0
10669,305,32,13,1
10670,305,33,38,1
10671,305,34,29,1
10672,305,35,32,2
10673,306,1,32,1
10674,306,2,6,0
10675,306,3,22,1
10676,306,4,10,0
10677,306,5,31,2
10678,306,6,22,1
10679,306,7,24,1
10680,306,8,24,1
10681,306,9,29,1
10682,306,10,15,1
10683,306,11,12,0
10684,306,12,26,1
10685,306,13,12,0
10686,306,14,4,0
10687,306,15,24,1
10688,306,16,14,1
10689,306,17,9,0
10690,306,18,6,0
10691,306,19,37,2
10692,306,20,18,0
10693,306,21,12,1
10694,306,22,29,1
10695,306,23,33,2
10696,306,24,14,0
10697,306,25,15,0
10698,306,26,22,1
10699,306,27,8,0
10700,306,28,30,1
10701,306,29,20,1
10702,306,30,17,1
10703,306,31,26,1
10704,306,32,28,2
10705,306,33,13,1
10706,306,34,21,1
10707,306,35,7,0
10708,307,1,7,0
10709,307,2,26,1
10710,307,3,18,1
10711,307,4,11,0
10712,307,5,15,1
10713,307,6,7,0
10714,307,7,8,0
10715,307,8,22,1
10716,307,9,11,0
10717,307,10,5,0
10718,307,11,7,0
10719,307,12,16,0
10720,307,13,24,1
10721,307,14,17,1
10722,307,15,23,0
10723,307,16,8,0
10724,307,17,15,1
10725,307,18,17,0
10726,307,19,6,0
10727,307,20,9,0
10728,307,21,6,0
10729,307,22,25,1
10730,307,23,24,1
10731,307,24,32,2
10732,307,25,19,1
10733,307,26,15,1
10734,307,27,21,0
10735,307,28,8,0
10736,307,29,22,1
10737,307,30,9,0
10738,307,31,8,0
10739,307,32,22,0
10740,307,33,26,2
10741,307,34,10,0
10742,307,35,34,1
10743,308,1,26,1
10744,308,2,13,1
10745,308,3,26,0
10746,308,4,34,1
10747,308,5,12,1
10748,308,6,34,1
10749,308,7,35,1
10750,308,8,37,2
10751,308,9,24,1
10752,308,10,45,1
10753,308,11,30,1
10754,308,12,38,1
10755,308,13,21,1
10756,308,14,8,0
10757,308,15,29,2
10758,308,16,13,0
10759,308,17,25,1
10760,308,18,16,1
10761,308,19,38,1
10762,308,20,8,0
10763,308,21,23,0
10764,308,22,17,0
10765,308,23,26,1
10766,308,24,15,0
10767,308,25,20,0
10768,308,26,19,0
10769,308,27,15,1
10770,308,28,32,1
10771,308,29,16,1
10772,308,30,11,0
10773,308,31,21,0
10774,308,32,21,0
10775,308,33,32,1
10776,308,34,8,0
10777,308,35,15,1
10778,309,1,41,1
10779,309,2,31,1
10780,309,3,28,0
10781,309,4,27,1
10782,309,5,59,1
10783,309,6,18,1
10784,309,7,9,0
10785,309,8,46,2
10786,309,9,28,2
10787,309,10,30,2
10788,309,11,19,0
10789,309,12,21,1
10790,309,13,25,1
10791,309,14,31,1
10792,309,15,28,1
10793,309,16,27,1
10794,309,17,54,3
10795,309,18,24,1
10796,309,19,32,1
10797,309,20,35,1
10798,309,21,45,3
10799,309,22,24,1
10800,309,23,16,0
10801,309,24,30,2
10802,309,25,22,0
10803,309,26,37,2
10804,309,27,30,2
10805,309,28,38,1
10806,309,29,28,1
10807,309,30,50,1
10808,309,31,24,1
10809,309,32,12,0
10810,309,33,42,2
10811,309,34,35,1
10812,309,35,9,0
10813,310,1,42,2
10814,310,2,17,0
10815,310,3,19,0
10816,310,4,23,1
10817,310,5,35,0
10818,310,6,10,1
10819,310,7,21,1
10820,310,8,10,0
10821,310,9,25,1
10822,310,10,18,1
10823,310,11,18,0
10824,310,12,13,0
10825,310,13,11,0
10826,310,14,28,1
10827,310,15,42,2
10828,310,16,17,0
10829,310,17,17,0
10830,310,18,15,0
10831,310,19,12,0
10832,310,20,28,1
10833,310,21,13,0
10834,310,22,23,0
10835,310,23,27,1
10836,310,24,5,0
10837,310,25,34,2
10838,310,26,29,1
10839,310,27,16,1
10840,310,28,24,1
10841,310,29,29,1
10842,310,30,13,1
10843,310,31,11,1
10844,310,32,16,0
10845,310,33,11,0
10846,310,34,21,1
10847,310,35,26,1
10848,311,1,9,0
10849,311,2,20,1
10850,311,3,19,1
10851,311,4,19,1
10852,311,5,33,1
10853,311,6,30,2
10854,311,7,23,1
10855,311,8,14,0
10856,311,9,24,1
10857,311,10,14,1
10858,311,11,7,0
10859,311,12,15,0
10860,311,13,8,0
10861,311,14,12,0
10862,311,15,9,0
10863,311,16,10,0
10864,311,17,20,0
10865,311,18,5,0
10866,311,19,18,1
10867,311,20,18,1
10868,311,21,10,0
10869,311,22,10,0
10870,311,23,11,1
10871,311,24,12,0
10872,311,25,15,0
10873,311,26,19,0
10874,311,27,9,0
10875,311,28,24,1
10876,311,29,14,1
10877,311,30,6,0
10878,311,31,8,0
10879,311,32,24,1
10880,311,33,18,1
10881,311,34,24,1
10882,311,35,14,0
10883,312,1,18,1
10884,312,2,11,0
10885,312,3,30,1
10886,312,4,41,0
10887,312,5,14,1
10888,312,6,9,0
10889,312,7,13,0
10890,312,8,36,0
10891,312,9,14,1
10892,312,10,27,1
10893,312,11,48,3
10894,312,12,20,1
10895,312,13,20,1
10896,312,14,24,1
10897,312,15,13,1
10898,312,16,36,1
10899,312,17,25,0
10900,312,18,17,0
10901,312,19,18,1
10902,312,20,20,1
10903,312,21,25,1
10904,312,22,31,1
10905,312,23,20,1
10906,312,24,21,1
10907,312,25,13,1
10908,312,26,22,0
10909,312,27,13,0
10910,312,28,8,0
10911,312,29,44,1
10912,312,30,13,0
10913,312,31,16,1
10914,312,32,22,1
10915,312,33,31,1
10916,312,34,12,0
10917,312,35,19,0
10918,313,1,43,1
10919,313,2,29,0
10920,313,3,38,1
10921,313,4,76,3
10922,313,5,28,0
10923,313,6,55,2
10924,313,7,22,1
10925,313,8,39,2
10926,313,9,59,2
10927,313,10,31,1
10928,313,11,18,1
10929,313,12,32,1
10930,313,13,16,1
10931,313,14,48,3
10932,313,15,34,2
10933,313,16,18,1
10934,313,17,58,2
10935,313,18,34,1
10936,313,19,31,0
10937,313,20,45,2
10938,313,21,28,1
10939,313,22,30,0
10940,313,23,28,1
10941,313,24,16,1
10942,313,25,14,0
10943,313,26,31,2
10944,313,27,50,1
10945,313,28,39,1
10946,313,29,49,2
10947,313,30,22,1
10948,313,31,25,0
10949,313,32,69,3
10950,313,33,17,1
10951,313,34,51,2
10952,313,35,25,1
10953,314,1,18,1
10954,314,2,14,0
10955,314,3,9,0
10956,314,4,19,0
10957,314,5,30,2
10958,314,6,17,0
10959,314,7,21,1
10960,314,8,13,1
10961,314,9,8,0
10962,314,10,26,2
10963,314,11,45,2
10964,314,12,22,0
10965,314,13,25,0
10966,314,14,6,0
10967,314,15,21,1
10968,314,16,10,0
10969,314,17,24,1
10970,314,18,21,0
10971,314,19,20,1
10972,314,20,67,4
10973,314,21,23,1
10974,314,22,34,1
10975,314,23,9,0
10976,314,24,22,0
10977,314,25,11,0
10978,314,26,18,1
10979,314,27,15,1
10980,314,28,23,0
10981,314,29,35,1
10982,314,30,18,0
10983,314,31,17,0
10984,314,32,13,0
10985,314,33,14,1
10986,314,34,22,1
10987,314,35,13,0
10988,315,1,14,1
10989,315,2,26,0
10990,315,3,16,1
10991,315,4,17,1
10992,315,5,13,1
10993,315,6,22,1
10994,315,7,7,0
10995,315,8,25,1
10996,315,9,10,1
10997,315,10,20,1
10998,315,11,20,1
10999,315,12,14,0
11000,315,13,18,1
11001,315,14,20,1
11002,315,15,40,2
11003,315,16,24,1
11004,315,17,25,1
11005,315,18,22,0
11006,315,19,12,0
11007,315,20,23,0
11008,315,21,21,1
11009,315,22,7,0
11010,315,23,22,1
11011,315,24,27,1
11012,315,25,13,1
11013,315,26,15,0
11014,315,27,20,1
11015,315,28,19,1
11016,315,29,15,1
11017,315,30,23,1
11018,315,31,21,1
11019,315,32,11,1
11020,315,33,17,1
11021,315,34,11,1
11022,315,35,11,1
11023,316,1,19,1
11024,316,2,28,0
11025,316,3,32,1
11026,316,4,27,1
11027,316,5,18,1
11028,316,6,9,0
11029,316,7,20,1
11030,316,8,21,0
11031,316,9,33,1
11032,316,10,15,1
11033,316,11,26,0
11034,316,12,45,2
11035,316,13,16,1
11036,316,14,12,0
11037,316,15,29,2
11038,316,16,29,0
11039,316,17,29,1
11040,316,18,11,0
11041,316,19,53,2
11042,316,20,39,2
11043,316,21,57,1
11044,316,22,24,1
11045,316,23,20,1
11046,316,24,41,1
11047,316,25,17,1
11048,316,26,8,0
11049,316,27,30,1
11050,316,28,27,1
11051,316,29,35,1
11052,316,30,39,1
11053,316,31,23,1
11054,316,32,21,1
11055,316,33,21,1
11056,316,34,33,2
11057,316,35,43,1
11058,317,1,42,1
11059,317,2,32,0
11060,317,3,20,1
11061,317,4,56,2
11062,317,5,36,2
11063,317,6,26,0
11064,317,7,18,0
11065,317,8,47,2
11066,317,9,41,1
11067,317,10,41,1
11068,317,11,26,1
11069,317,12,27,1
11070,317,13,21,1
11071,317,14,43,1
11072,317,15,60,2
11073,317,16,51,2
11074,317,17,17,1
11075,317,18,29,0
11076,317,19,44,2
11077,317,20,44,2
11078,317,21,42,2
11079,317,22,35,2
11080,317,23,24,1
11081,317,24,51,2
11082,317,25,18,0
11083,317,26,32,2
11084,317,27,15,0
11085,317,28,11,0
11086,317,29,30,0
11087,317,30,28,1
11088,317,31,30,1
11089,317,32,19,1
11090,317,33,17,1
11091,317,34,27,1
11092,317,35,19,1
11093,318,1,11,0
11094,318,2,14,1
11095,318,3,31,1
11096,318,4,22,1
11097,318,5,42,2
11098,318,6,26,0
11099,318,7,18,0
11100,318,8,32,2
11101,318,9,28,2
11102,318,10,22,1
11103,318,11,36,1
11104,318,12,14,1
11105,318,13,28,1
11106,318,14,20,1
11107,318,15,12,1
11108,318,16,10,0
11109,318,17,30,1
11110,318,18,28,1
11111,318,19,14,0
11112,318,20,25,1
11113,318,21,29,2
11114,318,22,39,2
11115,318,23,22,1
11116,318,24,44,1
11117,318,25,7,0
11118,318,26,19,0
11119,318,27,14,1
11120,318,28,2,0
11121,318,29,22,0
11122,318,30,21,0
11123,318,31,33,2
11124,318,32,27,0
11125,318,33,40,2
11126,318,34,19,1
11127,318,35,11,0
11128,319,1,25,1
11129,319,2,22,1
11130,319,3,4,0
11131,319,4,20,1
11132,319,5,21,0
11133,319,6,38,1
11134,319,7,15,1
11135,319,8,21,1
11136,319,9,31,1
11137,319,10,38,2
11138,319,11,15,0
11139,319,12,18,1
11140,319,13,27,1
11141,319,14,23,1
11142,319,15,18,1
11143,319,16,33,2
11144,319,17,14,1
11145,319,18,17,1
11146,319,19,41,2
11147,319,20,13,0
11148,319,21,13,1
11149,319,22,5,0
11150,319,23,28,1
11151,319,24,23,1
11152,319,25,8,0
11153,319,26,8,0
11154,319,27,8,0
11155,319,28,24,0
11156,319,29,11,0
11157,319,30,11,0
11158,319,31,5,0
11159,319,32,23,0
11160,319,33,8,0
11161,319,34,10,0
11162,319,35,13,0
11163,320,1,25,1
11164,320,2,32,2
11165,320,3,22,0
11166,320,4,20,1
11167,320,5,27,1
11168,320,6,64,3
11169,320,7,49,3
11170,320,8,35,0
11171,320,9,31,2
11172,320,10,25,1
11173,320,11,10,1
11174,320,12,17,1
11175,320,13,34,2
11176,320,14,26,1
11177,320,15,35,1
11178,320,16,17,1
11179,320,17,42,1
11180,320,18,8,0
11181,320,19,15,0
11182,320,20,27,1
11183,320,21,18,1
11184,320,22,65,2
11185,320,23,18,0
11186,320,24,18,1
11187,320,25,36,2
11188,320,26,34,2
11189,320,27,41,2
11190,320,28,13,1
11191,320,29,23,0
11192,320,30,48,2
11193,320,31,24,1
11194,320,32,22,1
11195,320,33,18,1
11196,320,34,48,1
11197,320,35,19,1
11198,321,1,49,1
11199,321,2,32,1
11200,321,3,22,0
11201,321,4,20,0
11202,321,5,39,1
11203,321,6,13,0
11204,321,7,15,1
11205,321,8,29,2
11206,321,9,16,1
11207,321,10,34,1
11208,321,11,16,1
11209,321,12,31,2
11210,321,13,51,3
11211,321,14,40,2
11212,321,15,20,1
11213,321,16,33,1
11214,321,17,26,0
11215,321,18,22,1
11216,321,19,6,0
11217,321,20,44,1
11218,321,21,15,0
11219,321,22,11,0
11220,321,23,45,3
11221,321,24,19,1
11222,321,25,69,2
11223,321,26,52,2
11224,321,27,26,0
11225,321,28,29,1
11226,321,29,30,0
11227,321,30,51,2
11228,321,31,60,2
11229,321,32,23,1
11230,321,33,20,1
11231,321,34,29,1
11232,321,35,13,1
11233,322,1,11,0
11234,322,2,25,1
11235,322,3,38,2
11236,322,4,15,0
11237,322,5,10,0
11238,322,6,37,1
11239,322,7,30,0
11240,322,8,26,1
11241,322,9,44,2
11242,322,10,13,1
11243,322,11,7,0
11244,322,12,40,2
11245,322,13,15,0
11246,322,14,32,1
11247,322,15,19,1
11248,322,16,36,1
11249,322,17,28,1
11250,322,18,35,1
11251,322,19,14,1
11252,322,20,18,0
11253,322,21,35,1
11254,322,22,44,1
11255,322,23,23,1
11256,322,24,38,1
11257,322,25,28,1
11258,322,26,35,1
11259,322,27,22,0
11260,322,28,13,0
11261,322,29,13,0
11262,322,30,16,1
11263,322,31,16,0
11264,322,32,54,3
11265,322,33,32,1
11266,322,34,57,1
11267,322,35,18,1
11268,323,1,22,1
11269,323,2,13,0
11270,323,3,23,1
11271,323,4,13,1
11272,323,5,15,1
11273,323,6,23,1
11274,323,7,23,1
11275,323,8,37,1
11276,323,9,19,0
11277,323,10,23,1
11278,323,11,44,1
11279,323,12,9,1
11280,323,13,22,0
11281,323,14,24,0
11282,323,15,8,0
11283,323,16,17,0
11284,323,17,24,1
11285,323,18,12,0
11286,323,19,16,1
11287,323,20,21,1
11288,323,21,19,1
11289,323,22,12,1
11290,323,23,32,1
11291,323,24,17,1
11292,323,25,35,1
11293,323,26,18,1
11294,323,27,11,0
11295,323,28,31,1
11296,323,29,33,1
11297,323,30,21,1
11298,323,31,27,2
11299,323,32,9,0
11300,323,33,14,0
11301,323,34,20,1
11302,323,35,15,0
11303,324,1,9,0
11304,324,2,37,1
11305,324,3,28,0
11306,324,4,8,0
11307,324,5,38,1
11308,324,6,17,1
11309,324,7,31,1
11310,324,8,22,0
11311,324,9,21,1
11312,324,10,17,1
11313,324,11,37,2
11314,324,12,37,1
11315,324,13,23,1
11316,324,14,37,1
11317,324,15,18,1
11318,324,16,19,1
11319,324,17,75,3
11320,324,18,13,0
11321,324,19,29,1
11322,324,20,24,1
11323,324,21,47,2
11324,324,22,30,1
11325,324,23,13,1
11326,324,24,33,1
11327,324,25,10,0
11328,324,26,27,1
11329,324,27,41,2
11330,324,28,29,1
11331,324,29,31,2
11332,324,30,16,0
11333,324,31,26,1
11334,324,32,17,0
11335,324,33,26,1
11336,324,34,56,1
11337,324,35,21,0
11338,325,1,21,0
11339,325,2,29,1
11340,325,3,27,1
11341,325,4,50,2
11342,325,5,65,3
11343,325,6,22,1
11344,325,7,29,1
11345,325,8,67,0
11346,325,9,38,1
11347,325,10,42,2
11348,325,11,22,1
11349,325,12,54,2
11350,325,13,55,2
11351,325,14,28,1
11352,325,15,25,1
11353,325,16,35,2
11354,325,17,54,2
11355,325,18,22,1
11356,325,19,31,1
11357,325,20,22,1
11358,325,21,69,3
11359,325,22,37,2
11360,325,23,46,2
11361,325,24,51,3
11362,325,25,46,2
11363,325,26,51,2
11364,325,27,43,1
11365,325,28,33,2
11366,325,29,58,2
11367,325,30,26,1
11368,325,31,25,1
11369,325,32,44,1
11370,325,33,29,1
11371,325,34,42,2
11372,325,35,40,2
11373,326,1,8,0
11374,326,2,6,0
11375,326,3,11,1
11376,326,4,24,1
11377,326,5,27,1
11378,326,6,38,1
11379,326,7,15,0
11380,326,8,41,1
11381,326,9,58,2
11382,326,10,12,0
11383,326,11,31,1
11384,326,12,46,1
11385,326,13,25,1
11386,326,14,28,1
11387,326,15,43,1
11388,326,16,34,2
11389,326,17,54,3
11390,326,18,26,1
11391,326,19,10,0
11392,326,20,44,1
11393,326,21,34,1
11394,326,22,39,0
11395,326,23,43,1
11396,326,24,15,0
11397,326,25,11,0
11398,326,26,24,1
11399,326,27,31,1
11400,326,28,21,1
11401,326,29,32,1
11402,326,30,35,0
11403,326,31,31,1
11404,326,32,12,1
11405,326,33,16,0
11406,326,34,35,0
11407,326,35,23,1
11408,327,1,19,1
11409,327,2,35,1
11410,327,3,19,0
11411,327,4,31,1
11412,327,5,26,1
11413,327,6,48,1
11414,327,7,8,0
11415,327,8,22,1
11416,327,9,24,1
11417,327,10,35,1
11418,327,11,15,0
11419,327,12,25,1
11420,327,13,7,0
11421,327,14,35,1
11422,327,15,39,1
11423,327,16,39,1
11424,327,17,15,0
11425,327,18,24,1
11426,327,19,36,1
11427,327,20,27,1
11428,327,21,14,1
11429,327,22,23,1
11430,327,23,8,0
11431,327,24,17,1
11432,327,25,39,1
11433,327,26,13,1
11434,327,27,34,1
11435,327,28,23,0
11436,327,29,47,3
11437,327,30,33,1
11438,327,31,27,1
11439,327,32,32,0
11440,327,33,24,1
11441,327,34,19,1
11442,327,35,39,2
11443,328,1,15,0
11444,328,2,49,1
11445,328,3,33,1
11446,328,4,36,1
11447,328,5,19,1
11448,328,6,44,2
11449,328,7,8,0
11450,328,8,60,2
11451,328,9,32,1
11452,328,10,19,1
11453,328,11,67,4
11454,328,12,101,4
11455,328,13,43,2
11456,328,14,33,1
11457,328,15,53,2
11458,328,16,20,1
11459,328,17,23,1
11460,328,18,30,2
11461,328,19,42,1
11462,328,20,26,1
11463,328,21,61,3
11464,328,22,26,2
11465,328,23,30,1
11466,328,24,44,1
11467,328,25,49,1
11468,328,26,32,2
11469,328,27,44,1
11470,328,28,56,1
11471,328,29,35,0
11472,328,30,36,1
11473,328,31,41,1
11474,328,32,16,1
11475,328,33,25,1
11476,328,34,62,1
11477,328,35,49,2
11478,329,1,27,1
11479,329,2,19,1
11480,329,3,23,0
11481,329,4,84,3
11482,329,5,51,3
11483,329,6,44,2
11484,329,7,34,1
11485,329,8,36,0
11486,329,9,13,0
11487,329,10,18,1
11488,329,11,41,1
11489,329,12,36,1
11490,329,13,23,1
11491,329,14,42,1
11492,329,15,38,1
11493,329,16,46,2
11494,329,17,38,1
11495,329,18,42,1
11496,329,19,33,2
11497,329,20,25,1
11498,329,21,29,1
11499,329,22,31,1
11500,329,23,36,1
11501,329,24,40,1
11502,329,25,48,1
11503,329,26,30,0
11504,329,27,42,1
11505,329,28,64,2
11506,329,29,43,1
11507,329,30,22,1
11508,329,31,55,3
11509,329,32,38,2
11510,329,33,19,0
11511,329,34,64,2
11512,329,35,31,1
11513,330,1,31,1
11514,330,2,24,1
11515,330,3,26,1
11516,330,4,21,1
11517,330,5,29,1
11518,330,6,40,1
11519,330,7,24,1
11520,330,8,16,1
11521,330,9,16,1
11522,330,10,41,2
11523,330,11,20,1
11524,330,12,32,0
11525,330,13,43,2
11526,330,14,51,2
11527,330,15,20,1
11528,330,16,35,2
11529,330,17,27,1
11530,330,18,32,1
11531,330,19,64,1
11532,330,20,22,1
11533,330,21,45,1
11534,330,22,8,0
11535,330,23,15,1
11536,330,24,22,1
11537,330,25,11,0
11538,330,26,36,1
11539,330,27,41,1
11540,330,28,40,2
11541,330,29,20,1
11542,330,30,21,1
11543,330,31,14,0
11544,330,32,38,1
11545,330,33,15,1
11546,330,34,6,0
11547,330,35,33,2
11548,331,1,18,1
11549,331,2,27,0
11550,331,3,36,1
11551,331,4,36,2
11552,331,5,36,1
11553,331,6,4,0
11554,331,7,28,1
11555,331,8,41,1
11556,331,9,31,1
11557,331,10,24,1
11558,331,11,12,1
11559,331,12,56,1
11560,331,13,26,1
11561,331,14,17,1
11562,331,15,18,1
11563,331,16,18,1
11564,331,17,25,1
11565,331,18,42,1
11566,331,19,14,0
11567,331,20,14,0
11568,331,21,46,1
11569,331,22,40,2
11570,331,23,15,0
11571,331,24,17,0
11572,331,25,23,1
11573,331,26,25,1
11574,331,27,2,0
11575,331,28,74,3
11576,331,29,16,1
11577,331,30,25,0
11578,331,31,9,0
11579,331,32,9,0
11580,331,33,14,1
11581,331,34,19,1
11582,331,35,19,1
11583,332,1,17,0
11584,332,2,37,2
11585,332,3,29,0
11586,332,4,40,1
11587,332,5,12,1
11588,332,6,37,1
11589,332,7,29,1
11590,332,8,27,1
11591,332,9,46,2
11592,332,10,19,1
11593,332,11,41,2
11594,332,12,45,3
11595,332,13,36,1
11596,332,14,44,2
11597,332,15,31,1
11598,332,16,31,1
11599,332,17,31,1
11600,332,18,46,2
11601,332,19,47,1
11602,332,20,30,1
11603,332,21,29,1
11604,332,22,52,2
11605,332,23,53,3
11606,332,24,14,0
11607,332,25,18,1
11608,332,26,17,1
11609,332,27,36,1
11610,332,28,47,2
11611,332,29,37,0
11612,332,30,45,1
11613,332,31,34,1
11614,332,32,21,0
11615,332,33,38,2
11616,332,34,45,2
11617,332,35,70,4
11618,333,1,38,1
11619,333,2,18,1
11620,333,3,43,1
11621,333,4,33,0
11622,333,5,25,0
11623,333,6,22,1
11624,333,7,17,0
11625,333,8,22,1
11626,333,9,28,1
11627,333,10,27,0
11628,333,11,33,1
11629,333,12,10,0
11630,333,13,29,1
11631,333,14,41,1
11632,333,15,33,1
11633,333,16,24,0
11634,333,17,26,1
11635,333,18,38,2
11636,333,19,19,0
11637,333,20,15,1
11638,333,21,62,3
11639,333,22,10,0
11640,333,23,20,1
11641,333,24,17,1
11642,333,25,31,1
11643,333,26,37,2
11644,333,27,30,2
11645,333,28,30,1
11646,333,29,12,0
11647,333,30,17,1
11648,333,31,16,0
11649,333,32,29,1
11650,333,33,25,1
11651,333,34,23,1
11652,333,35,59,3
11653,334,1,11,0
11654,334,2,17,1
11655,334,3,28,1
11656,334,4,26,1
11657,334,5,17,1
11658,334,6,22,1
11659,334,7,20,0
11660,334,8,9,0
11661,334,9,7,0
11662,334,10,11,0
11663,334,11,20,0
11664,334,12,26,0
11665,334,13,15,1
11666,334,14,13,0
11667,334,15,18,1
11668,334,16,12,0
11669,334,17,24,1
11670,334,18,13,0
11671,334,19,14,0
11672,334,20,20,1
11673,334,21,33,1
11674,334,22,8,0
11675,334,23,24,1
11676,334,24,21,1
11677,334,25,12,0
11678,334,26,8,0
11679,334,27,14,1
11680,334,28,7,0
11681,334,29,50,2
11682,334,30,17,1
11683,334,31,15,1
11684,334,32,43,2
11685,334,33,11,0
11686,334,34,23,1
11687,334,35,11,0
11688,335,1,12,0
11689,335,2,20,1
11690,335,3,23,0
11691,335,4,14,1
11692,335,5,14,1
11693,335,6,16,1
11694,335,7,16,1
11695,335,8,12,0
11696,335,9,18,0
11697,335,10,22,1
11698,335,11,13,1
11699,335,12,18,1
11700,335,13,23,1
11701,335,14,1,0
11702,335,15,13,0
11703,335,16,18,1
11704,335,17,20,0
11705,335,18,15,1
11706,335,19,5,0
11707,335,20,24,1
11708,335,21,9,0
11709,335,22,9,0
11710,335,23,43,1
11711,335,24,4,0
11712,335,25,9,0
11713,335,26,15,1
11714,335,27,11,1
11715,335,28,3,0
11716,335,29,11,1
11717,335,30,22,1
11718,335,31,12,1
11719,335,32,20,1
11720,335,33,28,1
11721,335,34,19,1
11722,335,35,29,1
11723,336,1,40,1
11724,336,2,7,0
11725,336,3,8,0
11726,336,4,11,1
11727,336,5,41,1
11728,336,6,14,1
11729,336,7,11,0
11730,336,8,16,1
11731,336,9,19,0
11732,336,10,37,2
11733,336,11,33,1
11734,336,12,21,0
11735,336,13,5,0
11736,336,14,4,0
11737,336,15,32,1
11738,336,16,23,1
11739,336,17,21,1
11740,336,18,17,0
11741,336,19,15,1
11742,336,20,18,0
11743,336,21,10,0
11744,336,22,32,1
11745,336,23,12,1
11746,336,24,19,1
11747,336,25,16,1
11748,336,26,28,1
11749,336,27,30,2
11750,336,28,7,0
11751,336,29,14,1
11752,336,30,11,0
11753,336,31,18,0
11754,336,32,22,1
11755,336,33,14,1
11756,336,34,24,0
11757,336,35,33,1
11758,337,1,55,1
11759,337,2,18,1
11760,337,3,38,2
11761,337,4,19,1
11762,337,5,46,1
11763,337,6,28,1
11764,337,7,25,1
11765,337,8,18,1
11766,337,9,21,1
11767,337,10,14,0
11768,337,11,38,0
11769,337,12,20,1
11770,337,13,44,2
11771,337,14,28,0
11772,337,15,11,0
11773,337,16,16,0
11774,337,17,10,0
11775,337,18,18,1
11776,337,19,29,1
11777,337,20,43,2
11778,337,21,18,0
11779,337,22,26,1
11780,337,23,17,0
11781,337,24,46,1
11782,337,25,19,1
11783,337,26,9,0
11784,337,27,13,0
11785,337,28,36,1
11786,337,29,19,0
11787,337,30,38,2
11788,337,31,19,1
11789,337,32,52,2
11790,337,33,11,0
11791,337,34,23,0
11792,337,35,63,2
11793,338,1,11,1
11794,338,2,19,0
11795,338,3,17,1
11796,338,4,21,1
11797,338,5,12,0
11798,338,6,28,1
11799,338,7,24,0
11800,338,8,23,1
11801,338,9,29,1
11802,338,10,15,0
11803,338,11,26,1
11804,338,12,11,0
11805,338,13,20,1
11806,338,14,18,1
11807,338,15,9,0
11808,338,16,16,1
11809,338,17,23,1
11810,338,18,25,0
11811,338,19,12,1
11812,338,20,9,0
11813,338,21,18,1
11814,338,22,10,1
11815,338,23,22,1
11816,338,24,27,1
11817,338,25,12,1
11818,338,26,14,0
11819,338,27,7,0
11820,338,28,5,0
11821,338,29,11,1
11822,338,30,30,1
11823,338,31,21,1
11824,338,32,14,0
11825,338,33,15,1
11826,338,34,9,0
11827,338,35,26,1
11828,339,1,22,1
11829,339,2,27,1
11830,339,3,18,0
11831,339,4,11,0
11832,339,5,22,1
11833,339,6,12,1
11834,339,7,7,0
11835,339,8,18,1
11836,339,9,30,1
11837,339,10,3,0
11838,339,11,11,0
11839,339,12,8,0
11840,339,13,11,1
11841,339,14,16,0
11842,339,15,33,2
11843,339,16,10,1
11844,339,17,28,1
11845,339,18,14,0
11846,339,19,14,1
11847,339,20,20,1
11848,339,21,23,1
11849,339,22,22,1
11850,339,23,9,0
11851,339,24,5,0
11852,339,25,37,2
11853,339,26,10,0
11854,339,27,18,1
11855,339,28,21,1
11856,339,29,11,0
11857,339,30,15,0
11858,339,31,15,0
11859,339,32,10,0
11860,339,33,17,1
11861,339,34,23,0
11862,339,35,14,0
11863,340,1,20,1
11864,340,2,30,2
11865,340,3,21,1
11866,340,4,27,1
11867,340,5,31,1
11868,340,6,21,1
11869,340,7,10,0
11870,340,8,11,1
11871,340,9,10,0
11872,340,10,27,1
11873,340,11,21,1
11874,340,12,33,0
11875,340,13,16,1
11876,340,14,18,1
11877,340,15,20,1
11878,340,16,6,0
11879,340,17,15,0
11880,340,18,17,0
11881,340,19,24,1
11882,340,20,25,1
11883,340,21,22,1
11884,340,22,37,2
11885,340,23,22,0
11886,340,24,50,1
11887,340,25,46,2
11888,340,26,7,0
11889,340,27,52,1
11890,340,28,22,1
11891,340,29,33,1
11892,340,30,35,1
11893,340,31,26,1
11894,340,32,28,1
11895,340,33,23,0
11896,340,34,13,0
11897,340,35,32,0
11898,341,1,29,1
11899,341,2,59,1
11900,341,3,16,0
11901,341,4,32,1
11902,341,5,47,3
11903,341,6,23,1
11904,341,7,36,0
11905,341,8,33,1
11906,341,9,15,1
11907,341,10,41,1
11908,341,11,34,2
11909,341,12,29,0
11910,341,13,15,1
11911,341,14,32,2
11912,341,15,26,1
11913,341,16,14,1
11914,341,17,24,1
11915,341,18,28,1
11916,341,19,25,1
11917,341,20,39,2
11918,341,21,22,1
11919,341,22,17,1
11920,341,23,20,1
11921,341,24,21,0
11922,341,25,55,1
11923,341,26,36,1
11924,341,27,47,3
11925,341,28,18,1
11926,341,29,45,1
11927,341,30,54,1
11928,341,31,73,4
11929,341,32,19,1
11930,341,33,38,2
11931,341,34,35,1
11932,341,35,57,2
11933,342,1,43,2
11934,342,2,29,1
11935,342,3,10,0
11936,342,4,15,0
11937,342,5,34,2
11938,342,6,35,0
11939,342,7,23,1
11940,342,8,9,0
11941,342,9,10,0
11942,342,10,36,1
11943,342,11,31,2
11944,342,12,22,0
11945,342,13,24,0
11946,342,14,23,0
11947,342,15,15,0
11948,342,16,25,1
11949,342,17,17,1
11950,342,18,13,0
11951,342,19,25,1
11952,342,20,9,0
11953,342,21,15,1
11954,342,22,29,2
11955,342,23,14,0
11956,342,24,27,0
11957,342,25,13,0
11958,342,26,15,1
11959,342,27,23,0
11960,342,28,8,0
11961,342,29,16,1
11962,342,30,12,0
11963,342,31,28,1
11964,342,32,35,1
11965,342,33,27,1
11966,342,34,30,1
11967,342,35,17,1
11968,343,1,34,1
11969,343,2,24,0
11970,343,3,11,0
11971,343,4,7,0
11972,343,5,15,0
11973,343,6,29,1
11974,343,7,15,0
11975,343,8,16,1
11976,343,9,30,2
11977,343,10,6,0
11978,343,11,17,1
11979,343,12,17,0
11980,343,13,13,0
11981,343,14,17,1
11982,343,15,21,0
11983,343,16,17,1
11984,343,17,7,0
11985,343,18,31,1
11986,343,19,30,1
11987,343,20,9,0
11988,343,21,19,1
11989,343,22,19,1
11990,343,23,14,0
11991,343,24,13,0
11992,343,25,18,1
11993,343,26,17,0
11994,343,27,18,1
11995,343,28,19,1
11996,343,29,28,1
11997,343,30,8,0
11998,343,31,12,1
11999,343,32,11,1
12000,343,33,24,1
12001,343,34,11,1
12002,343,35,12,0
12003,344,1,27,1
12004,344,2,48,2
12005,344,3,55,3
12006,344,4,10,1
12007,344,5,37,2
12008,344,6,13,0
12009,344,7,24,1
12010,344,8,13,1
12011,344,9,42,1
12012,344,10,18,0
12013,344,11,12,0
12014,344,12,8,0
12015,344,13,41,2
12016,344,14,36,1
12017,344,15,9,0
12018,344,16,48,1
12019,344,17,13,1
12020,344,18,32,1
12021,344,19,12,1
12022,344,20,29,2
12023,344,21,23,1
12024,344,22,30,0
12025,344,23,24,0
12026,344,24,27,1
12027,344,25,25,1
12028,344,26,10,1
12029,344,27,26,0
12030,344,28,29,1
12031,344,29,20,1
12032,344,30,33,1
12033,344,31,32,2
12034,344,32,12,0
12035,344,33,35,1
12036,344,34,17,1
12037,344,35,18,1
12038,345,1,27,1
12039,345,2,60,3
12040,345,3,31,1
12041,345,4,23,0
12042,345,5,34,0
12043,345,6,20,0
12044,345,7,15,1
12045,345,8,28,1
12046,345,9,41,1
12047,345,10,29,1
12048,345,11,23,1
12049,345,12,43,2
12050,345,13,26,0
12051,345,14,26,1
12052,345,15,14,1
12053,345,16,8,0
12054,345,17,34,2
12055,345,18,28,1
12056,345,19,24,1
12057,345,20,52,1
12058,345,21,30,1
12059,345,22,22,1
12060,345,23,26,1
12061,345,24,24,1
12062,345,25,65,3
12063,345,26,12,1
12064,345,27,29,1
12065,345,28,19,1
12066,345,29,29,1
12067,345,30,25,1
12068,345,31,46,1
12069,345,32,14,1
12070,345,33,21,0
12071,345,34,47,1
12072,345,35,17,0
12073,346,1,62,1
12074,346,2,41,1
12075,346,3,22,1
12076,346,4,13,0
12077,346,5,6,0
12078,346,6,17,0
12079,346,7,13,1
12080,346,8,9,0
12081,346,9,10,0
12082,346,10,25,1
12083,346,11,27,1
12084,346,12,24,0
12085,346,13,30,1
12086,346,14,24,1
12087,346,15,13,1
12088,346,16,14,1
12089,346,17,18,0
12090,346,18,52,2
12091,346,19,33,1
12092,346,20,29,1
12093,346,21,32,1
12094,346,22,21,0
12095,346,23,19,1
12096,346,24,19,0
12097,346,25,40,2
12098,346,26,38,2
12099,346,27,23,1
12100,346,28,19,0
12101,346,29,15,0
12102,346,30,23,0
12103,346,31,15,0
12104,346,32,13,0
12105,346,33,30,0
12106,346,34,13,1
12107,346,35,19,1
12108,347,1,15,1
12109,347,2,19,1
12110,347,3,31,1
12111,347,4,11,0
12112,347,5,20,1
12113,347,6,19,1
12114,347,7,13,1
12115,347,8,11,1
12116,347,9,18,1
12117,347,10,9,0
12118,347,11,8,0
12119,347,12,28,1
12120,347,13,16,0
12121,347,14,16,1
12122,347,15,13,0
12123,347,16,36,1
12124,347,17,34,0
12125,347,18,23,1
12126,347,19,22,1
12127,347,20,19,1
12128,347,21,24,1
12129,347,22,21,1
12130,347,23,11,0
12131,347,24,8,0
12132,347,25,5,0
12133,347,26,19,1
12134,347,27,20,1
12135,347,28,22,1
12136,347,29,16,1
12137,347,30,17,1
12138,347,31,10,0
12139,347,32,20,1
12140,347,33,17,0
12141,347,34,46,1
12142,347,35,10,1
12143,348,1,41,1
12144,348,2,24,1
12145,348,3,17,1
12146,348,4,18,0
12147,348,5,25,1
12148,348,6,20,1
12149,348,7,14,0
12150,348,8,37,2
12151,348,9,26,0
12152,348,10,19,1
12153,348,11,28,0
12154,348,12,15,0
12155,348,13,40,1
12156,348,14,33,0
12157,348,15,39,2
12158,348,16,17,1
12159,348,17,23,0
12160,348,18,43,2
12161,348,19,14,0
12162,348,20,34,1
12163,348,21,39,2
12164,348,22,18,1
12165,348,23,48,2
12166,348,24,27,1
12167,348,25,50,1
12168,348,26,41,2
12169,348,27,33,2
12170,348,28,18,1
12171,348,29,20,1
12172,348,30,30,1
12173,348,31,21,1
12174,348,32,47,0
12175,348,33,21,1
12176,348,34,20,0
12177,348,35,47,1
12178,349,1,42,2
12179,349,2,30,1
12180,349,3,24,1
12181,349,4,34,1
12182,349,5,39,2
12183,349,6,41,1
12184,349,7,61,2
12185,349,8,11,1
12186,349,9,47,2
12187,349,10,40,1
12188,349,11,28,2
12189,349,12,41,2
12190,349,13,17,1
12191,349,14,21,1
12192,349,15,28,0
12193,349,16,56,3
12194,349,17,43,2
12195,349,18,47,3
12196,349,19,53,1
12197,349,20,17,0
12198,349,21,48,2
12199,349,22,36,2
12200,349,23,58,1
12201,349,24,34,1
12202,349,25,6,0
12203,349,26,43,2
12204,349,27,96,2
12205,349,28,30,1
12206,349,29,21,1
12207,349,30,82,3
12208,349,31,65,2
12209,349,32,17,0
12210,349,33,11,0
12211,349,34,23,1
12212,349,35,36,1
12213,350,1,30,2
12214,350,2,40,1
12215,350,3,37,1
12216,350,4,26,1
12217,350,5,35,1
12218,350,6,23,0
12219,350,7,35,2
12220,350,8,21,1
12221,350,9,19,1
12222,350,10,31,1
12223,350,11,16,1
12224,350,12,16,0
12225,350,13,22,0
12226,350,14,14,0
12227,350,15,37,2
12228,350,16,47,2
12229,350,17,15,0
12230,350,18,14,1
12231,350,19,18,1
12232,350,20,40,1
12233,350,21,19,0
12234,350,22,61,1
12235,350,23,33,2
12236,350,24,24,0
12237,350,25,24,1
12238,350,26,24,1
12239,350,27,22,1
12240,350,28,24,1
12241,350,29,21,1
12242,350,30,83,4
12243,350,31,27,1
12244,350,32,42,1
12245,350,33,33,1
12246,350,34,28,1
12247,350,35,61,4
12248,351,1,17,1
12249,351,2,24,0
12250,351,3,20,0
12251,351,4,24,1
12252,351,5,22,1
12253,351,6,14,0
12254,351,7,16,0
12255,351,8,24,0
12256,351,9,15,0
12257,351,10,26,1
12258,351,11,28,1
12259,351,12,32,1
12260,351,13,17,0
12261,351,14,14,0
12262,351,15,7,0
12263,351,16,22,0
12264,351,17,15,0
12265,351,18,10,0
12266,351,19,23,1
12267,351,20,12,0
12268,351,21,17,0
12269,351,22,26,1
12270,351,23,3,0
12271,351,24,26,1
12272,351,25,23,1
12273,351,26,21,1
12274,351,27,12,0
12275,351,28,28,1
12276,351,29,14,0
12277,351,30,28,1
12278,351,31,14,0
12279,351,32,5,0
12280,351,33,20,0
12281,351,34,38,2
12282,351,35,17,0
12283,352,1,22,0
12284,352,2,23,1
12285,352,3,24,0
12286,352,4,37,1
12287,352,5,4,0
12288,352,6,28,1
12289,352,7,17,1
12290,352,8,64,1
12291,352,9,35,1
12292,352,10,16,0
12293,352,11,18,0
12294,352,12,16,0
12295,352,13,44,1
12296,352,14,33,1
12297,352,15,15,0
12298,352,16,54,1
12299,352,17,46,2
12300,352,18,23,0
12301,352,19,40,1
12302,352,20,49,1
12303,352,21,43,2
12304,352,22,27,1
12305,352,23,29,2
12306,352,24,71,3
12307,352,25,21,1
12308,352,26,35,0
12309,352,27,44,2
12310,352,28,32,0
12311,352,29,13,0
12312,352,30,55,2
12313,352,31,41,1
12314,352,32,18,1
12315,352,33,23,1
12316,352,34,25,0
12317,352,35,34,2
12318,353,1,49,2
12319,353,2,63,2
12320,353,3,45,3
12321,353,4,13,0
12322,353,5,17,1
12323,353,6,29,1
12324,353,7,20,0
12325,353,8,47,2
12326,353,9,11,1
12327,353,10,25,1
12328,353,11,42,1
12329,353,12,27,1
12330,353,13,9,1
12331,353,14,26,1
12332,353,15,28,1
12333,353,16,42,1
12334,353,17,16,1
12335,353,18,33,1
12336,353,19,23,1
12337,353,20,24,1
12338,353,21,46,2
12339,353,22,34,1
12340,353,23,24,1
12341,353,24,63,1
12342,353,25,49,2
12343,353,26,44,2
12344,353,27,58,2
12345,353,28,49,2
12346,353,29,52,1
12347,353,30,28,0
12348,353,31,10,0
12349,353,32,20,1
12350,353,33,19,1
12351,353,34,64,2
12352,353,35,41,1
12353,354,1,12,1
12354,354,2,14,1
12355,354,3,16,0
12356,354,4,28,0
12357,354,5,17,1
12358,354,6,21,1
12359,354,7,24,1
12360,354,8,55,2
12361,354,9,27,1
12362,354,10,42,2
12363,354,11,19,1
12364,354,12,31,0
12365,354,13,31,1
12366,354,14,16,0
12367,354,15,40,2
12368,354,16,23,1
12369,354,17,58,3
12370,354,18,15,1
12371,354,19,23,1
12372,354,20,25,1
12373,354,21,4,0
12374,354,22,16,1
12375,354,23,29,1
12376,354,24,16,1
12377,354,25,18,1
12378,354,26,36,2
12379,354,27,36,1
12380,354,28,23,0
12381,354,29,31,1
12382,354,30,18,1
12383,354,31,9,0
12384,354,32,52,1
12385,354,33,37,1
12386,354,34,28,1
12387,354,35,19,1
12388,355,1,16,0
12389,355,2,10,0
12390,355,3,20,0
12391,355,4,14,1
12392,355,5,22,0
12393,355,6,28,2
12394,355,7,32,1
12395,355,8,35,1
12396,355,9,19,0
12397,355,10,22,0
12398,355,11,44,1
12399,355,12,16,1
12400,355,13,26,1
12401,355,14,31,1
12402,355,15,15,1
12403,355,16,14,1
12404,355,17,20,1
12405,355,18,25,1
12406,355,19,29,2
12407,355,20,10,0
12408,355,21,31,1
12409,355,22,25,0
12410,355,23,15,1
12411,355,24,37,1
12412,355,25,19,1
12413,355,26,14,0
12414,355,27,38,1
12415,355,28,40,1
12416,355,29,24,0
12417,355,30,11,1
12418,355,31,27,1
12419,355,32,46,2
12420,355,33,29,1
12421,355,34,18,1
12422,355,35,14,0
12423,356,1,47,2
12424,356,2,22,1
12425,356,3,19,1
12426,356,4,29,1
12427,356,5,54,3
12428,356,6,44,2
12429,356,7,23,1
12430,356,8,33,0
12431,356,9,75,1
12432,356,10,28,1
12433,356,11,11,0
12434,356,12,30,1
12435,356,13,36,1
12436,356,14,33,1
12437,356,15,34,1
12438,356,16,20,0
12439,356,17,40,0
12440,356,18,34,2
12441,356,19,18,0
12442,356,20,31,2
12443,356,21,56,2
12444,356,22,29,1
12445,356,23,39,0
12446,356,24,34,2
12447,356,25,15,0
12448,356,26,22,1
12449,356,27,25,1
12450,356,28,27,1
12451,356,29,36,0
12452,356,30,35,1
12453,356,31,37,2
12454,356,32,27,1
12455,356,33,32,1
12456,356,34,18,0
12457,356,35,33,2
12458,357,1,28,1
12459,357,2,27,1
12460,357,3,71,4
12461,357,4,34,2
12462,357,5,10,0
12463,357,6,65,1
12464,357,7,112,6
12465,357,8,32,0
12466,357,9,18,0
12467,357,10,44,0
12468,357,11,15,1
12469,357,12,67,3
12470,357,13,19,1
12471,357,14,23,1
12472,357,15,32,1
12473,357,16,43,2
12474,357,17,44,1
12475,357,18,33,1
12476,357,19,33,1
12477,357,20,24,1
12478,357,21,59,1
12479,357,22,40,2
12480,357,23,38,2
12481,357,24,62,4
12482,357,25,40,2
12483,357,26,23,0
12484,357,27,20,1
12485,357,28,43,2
12486,357,29,41,1
12487,357,30,46,2
12488,357,31,36,2
12489,357,32,56,1
12490,357,33,36,2
12491,357,34,96,3
12492,357,35,65,2
12493,358,1,21,1
12494,358,2,20,0
12495,358,3,24,1
12496,358,4,30,2
12497,358,5,25,1
12498,358,6,53,2
12499,358,7,32,2
12500,358,8,36,2
12501,358,9,17,0
12502,358,10,28,1
12503,358,11,17,0
12504,358,12,24,1
12505,358,13,34,1
12506,358,14,21,1
12507,358,15,34,2
12508,358,16,38,1
12509,358,17,14,0
12510,358,18,39,2
12511,358,19,28,1
12512,358,20,44,2
12513,358,21,33,1
12514,358,22,19,1
12515,358,23,14,0
12516,358,24,27,1
12517,358,25,16,0
12518,358,26,26,2
12519,358,27,24,0
12520,358,28,26,2
12521,358,29,24,0
12522,358,30,6,0
12523,358,31,59,2
12524,358,32,9,0
12525,358,33,34,1
12526,358,34,17,1
12527,358,35,22,1
12528,359,1,17,0
12529,359,2,41,1
12530,359,3,38,2
12531,359,4,28,1
12532,359,5,18,0
12533,359,6,6,0
12534,359,7,27,1
12535,359,8,48,3
12536,359,9,15,1
12537,359,10,22,1
12538,359,11,15,1
12539,359,12,27,0
12540,359,13,21,1
12541,359,14,14,0
12542,359,15,9,0
12543,359,16,39,2
12544,359,17,35,2
12545,359,18,19,0
12546,359,19,26,0
12547,359,20,16,1
12548,359,21,18,1
12549,359,22,28,2
12550,359,23,35,1
12551,359,24,7,0
12552,359,25,17,1
12553,359,26,43,1
12554,359,27,21,1
12555,359,28,19,0
12556,359,29,28,1
12557,359,30,34,2
12558,359,31,39,1
12559,359,32,19,1
12560,359,33,28,1
12561,359,34,29,1
12562,359,35,12,0
12563,360,1,43,1
12564,360,2,11,0
12565,360,3,19,0
12566,360,4,45,2
12567,360,5,19,0
12568,360,6,38,2
12569,360,7,26,1
12570,360,8,39,2
12571,360,9,48,1
12572,360,10,27,1
12573,360,11,16,1
12574,360,12,21,0
12575,360,13,55,3
12576,360,14,23,1
12577,360,15,60,2
12578,360,16,24,1
12579,360,17,19,1
12580,360,18,23,1
12581,360,19,24,1
12582,360,20,34,2
12583,360,21,15,1
12584,360,22,47,1
12585,360,23,27,1
12586,360,24,36,2
12587,360,25,31,2
12588,360,26,39,2
12589,360,27,21,1
12590,360,28,26,0
12591,360,29,32,2
12592,360,30,36,1
12593,360,31,24,1
12594,360,32,20,0
12595,360,33,28,1
12596,360,34,28,1
12597,360,35,30,0
12598,361,1,20,1
12599,361,2,13,1
12600,361,3,49,2
12601,361,4,25,1
12602,361,5,18,0
12603,361,6,31,0
12604,361,7,23,0
12605,361,8,23,1
12606,361,9,45,2
12607,361,10,33,1
12608,361,11,26,1
12609,361,12,24,0
12610,361,13,12,1
12611,361,14,76,2
12612,361,15,44,1
12613,361,16,12,1
12614,361,17,26,1
12615,361,18,10,0
12616,361,19,11,0
12617,361,20,31,1
12618,361,21,18,0
12619,361,22,64,2
12620,361,23,11,0
12621,361,24,30,0
12622,361,25,47,3
12623,361,26,50,2
12624,361,27,20,0
12625,361,28,20,0
12626,361,29,25,0
12627,361,30,21,1
12628,361,31,26,1
12629,361,32,28,2
12630,361,33,12,0
12631,361,34,21,1
12632,361,35,16,1
12633,362,1,11,0
12634,362,2,24,0
12635,362,3,16,1
12636,362,4,13,1
12637,362,5,36,1
12638,362,6,12,1
12639,362,7,28,0
12640,362,8,24,1
12641,362,9,27,0
12642,362,10,28,1
12643,362,11,33,1
12644,362,12,19,0
12645,362,13,24,1
12646,362,14,22,1
12647,362,15,16,1
12648,362,16,9,0
12649,362,17,14,0
12650,362,18,31,1
12651,362,19,18,1
12652,362,20,33,0
12653,362,21,14,1
12654,362,22,9,1
12655,362,23,22,0
12656,362,24,43,2
12657,362,25,12,0
12658,362,26,14,0
12659,362,27,17,0
12660,362,28,19,1
12661,362,29,10,0
12662,362,30,12,0
12663,362,31,20,1
12664,362,32,12,0
12665,362,33,7,0
12666,362,34,20,1
12667,362,35,11,0
12668,363,1,13,0
12669,363,2,29,1
12670,363,3,5,0
12671,363,4,18,1
12672,363,5,6,0
12673,363,6,17,0
12674,363,7,27,0
12675,363,8,8,0
12676,363,9,12,0
12677,363,10,18,0
12678,363,11,14,0
12679,363,12,23,1
12680,363,13,17,1
12681,363,14,17,0
12682,363,15,9,0
12683,363,16,23,1
12684,363,17,7,0
12685,363,18,8,0
12686,363,19,21,1
12687,363,20,21,0
12688,363,21,9,0
12689,363,22,4,0
12690,363,23,27,1
12691,363,24,19,1
12692,363,25,13,0
12693,363,26,17,1
12694,363,27,16,1
12695,363,28,5,0
12696,363,29,5,0
12697,363,30,10,0
12698,363,31,15,1
12699,363,32,12,1
12700,363,33,9,0
12701,363,34,17,1
12702,363,35,19,1
12703,364,1,15,0
12704,364,2,28,1
12705,364,3,20,1
12706,364,4,14,0
12707,364,5,23,0
12708,364,6,21,1
12709,364,7,22,1
12710,364,8,17,0
12711,364,9,33,1
12712,364,10,13,0
12713,364,11,8,0
12714,364,12,20,0
12715,364,13,29,1
12716,364,14,31,1
12717,364,15,31,1
12718,364,16,15,1
12719,364,17,35,2
12720,364,18,13,0
12721,364,19,23,1
12722,364,20,20,1
12723,364,21,10,0
12724,364,22,24,1
12725,364,23,15,0
12726,364,24,31,0
12727,364,25,31,1
12728,364,26,21,1
12729,364,27,41,2
12730,364,28,27,0
12731,364,29,22,1
12732,364,30,14,0
12733,364,31,42,1
12734,364,32,30,2
12735,364,33,20,0
12736,364,34,20,1
12737,364,35,5,0
12738,365,1,34,1
12739,365,2,18,1
12740,365,3,15,0
12741,365,4,71,2
12742,365,5,19,1
12743,365,6,16,1
12744,365,7,30,1
12745,365,8,5,0
12746,365,9,31,2
12747,365,10,30,1
12748,365,11,44,2
12749,365,12,77,2
12750,365,13,24,1
12751,365,14,45,1
12752,365,15,38,2
12753,365,16,26,1
12754,365,17,9,0
12755,365,18,14,0
12756,365,19,18,1
12757,365,20,23,0
12758,365,21,27,1
12759,365,22,27,1
12760,365,23,31,1
12761,365,24,34,1
12762,365,25,36,1
12763,365,26,25,1
12764,365,27,9,0
12765,365,28,37,0
12766,365,29,33,2
12767,365,30,45,2
12768,365,31,46,1
12769,365,32,21,0
12770,365,33,35,1
12771,365,34,14,0
12772,365,35,24,1
12773,366,1,13,1
12774,366,2,15,0
12775,366,3,30,1
12776,366,4,13,0
12777,366,5,12,0
12778,366,6,18,1
12779,366,7,35,2
12780,366,8,8,0
12781,366,9,20,1
12782,366,10,24,1
12783,366,11,16,1
12784,366,12,20,1
12785,366,13,6,0
12786,366,14,20,0
12787,366,15,16,1
12788,366,16,15,1
12789,366,17,26,0
12790,366,18,16,0
12791,366,19,23,1
12792,366,20,24,0
12793,366,21,14,0
12794,366,22,13,0
12795,366,23,20,1
12796,366,24,36,1
12797,366,25,18,1
12798,366,26,19,1
12799,366,27,28,1
12800,366,28,21,1
12801,366,29,26,1
12802,366,30,13,1
12803,366,31,16,1
12804,366,32,15,1
12805,366,33,16,0
12806,366,34,18,0
12807,366,35,18,1
12808,367,1,13,0
12809,367,2,20,1
12810,367,3,22,1
12811,367,4,12,0
12812,367,5,19,0
12813,367,6,34,1
12814,367,7,12,0
12815,367,8,21,1
12816,367,9,11,1
12817,367,10,9,0
12818,367,11,32,1
12819,367,12,21,0
12820,367,13,17,0
12821,367,14,31,1
12822,367,15,15,1
12823,367,16,6,0
12824,367,17,8,0
12825,367,18,19,1
12826,367,19,22,0
12827,367,20,21,1
12828,367,21,22,1
12829,367,22,10,0
12830,367,23,14,0
12831,367,24,20,1
12832,367,25,15,1
12833,367,26,11,0
12834,367,27,20,1
12835,367,28,26,0
12836,367,29,20,0
12837,367,30,17,1
12838,367,31,32,0
12839,367,32,29,1
12840,367,33,9,0
12841,367,34,17,0
12842,367,35,16,0
12843,368,1,21,1
12844,368,2,25,1
12845,368,3,26,1
12846,368,4,26,0
12847,368,5,24,1
12848,368,6,45,2
12849,368,7,36,2
12850,368,8,60,3
12851,368,9,14,0
12852,368,10,37,2
12853,368,11,13,1
12854,368,12,21,1
12855,368,13,23,1
12856,368,14,15,1
12857,368,15,12,0
12858,368,16,17,0
12859,368,17,32,1
12860,368,18,25,1
12861,368,19,21,0
12862,368,20,18,1
12863,368,21,66,2
12864,368,22,25,1
12865,368,23,24,1
12866,368,24,26,1
12867,368,25,52,3
12868,368,26,9,0
12869,368,27,12,0
12870,368,28,19,1
12871,368,29,21,1
12872,368,30,20,1
12873,368,31,43,2
12874,368,32,24,1
12875,368,33,16,1
12876,368,34,29,1
12877,368,35,16,0
12878,369,1,17,1
12879,369,2,20,1
12880,369,3,34,2
12881,369,4,43,1
12882,369,5,39,2
12883,369,6,17,1
12884,369,7,29,1
12885,369,8,32,1
12886,369,9,53,2
12887,369,10,14,1
12888,369,11,4,0
12889,369,12,22,1
12890,369,13,26,1
12891,369,14,20,0
12892,369,15,32,0
12893,369,16,28,1
12894,369,17,21,0
12895,369,18,31,1
12896,369,19,42,2
12897,369,20,47,2
12898,369,21,30,0
12899,369,22,63,2
12900,369,23,48,0
12901,369,24,14,0
12902,369,25,39,1
12903,369,26,35,2
12904,369,27,31,1
12905,369,28,17,1
12906,369,29,41,2
12907,369,30,22,1
12908,369,31,12,0
12909,369,32,40,2
12910,369,33,28,1
12911,369,35,27,1
12912,370,1,12,0
12913,370,2,8,0
12914,370,3,19,1
12915,370,4,20,1
12916,370,5,25,1
12917,370,6,15,0
12918,370,7,26,0
12919,370,8,32,2
12920,370,9,18,1
12921,370,10,19,0
12922,370,11,31,2
12923,370,12,17,0
12924,370,13,31,1
12925,370,14,32,0
12926,370,15,47,2
12927,370,16,20,1
12928,370,17,42,2
12929,370,18,11,0
12930,370,19,11,0
12931,370,20,19,0
12932,370,21,37,1
12933,370,22,16,1
12934,370,23,35,1
12935,370,24,13,0
12936,370,25,5,0
12937,370,26,14,0
12938,370,27,19,0
12939,370,28,16,1
12940,370,29,8,0
12941,370,30,27,2
12942,370,31,9,1
12943,370,32,19,0
12944,370,33,29,1
12945,370,34,33,2
12946,370,35,30,1
12947,371,1,13,0
12948,371,2,22,0
12949,371,3,30,0
12950,371,4,30,1
12951,371,5,9,1
12952,371,6,8,0
12953,371,7,4,0
12954,371,8,14,1
12955,371,9,6,0
12956,371,10,14,0
12957,371,11,21,0
12958,371,12,13,1
12959,371,13,14,0
12960,371,14,35,2
12961,371,15,22,1
12962,371,16,5,0
12963,371,17,14,1
12964,371,18,12,1
12965,371,19,29,2
12966,371,20,10,0
12967,371,21,3,0
12968,371,22,21,0
12969,371,23,16,1
12970,371,24,42,3
12971,371,25,20,0
12972,371,26,9,0
12973,371,27,27,1
12974,371,28,13,0
12975,371,29,19,1
12976,371,30,14,1
12977,371,31,25,1
12978,371,32,11,0
12979,371,33,39,2
12980,371,34,12,1
12981,371,35,14,0
12982,372,1,25,1
12983,372,2,14,0
12984,372,3,22,1
12985,372,4,27,0
12986,372,5,27,1
12987,372,6,38,1
12988,372,7,26,1
12989,372,8,26,1
12990,372,9,12,0
12991,372,10,14,0
12992,372,11,13,1
12993,372,12,33,2
12994,372,13,16,0
12995,372,14,21,1
12996,372,15,18,1
12997,372,16,26,1
12998,372,17,14,0
12999,372,18,25,0
13000,372,19,26,1
13001,372,20,22,1
13002,372,21,30,1
13003,372,22,27,1
13004,372,23,27,0
13005,372,24,20,0
13006,372,25,60,4
13007,372,26,32,1
13008,372,27,19,1
13009,372,28,43,1
13010,372,29,29,1
13011,372,30,24,1
13012,372,31,36,1
13013,372,32,12,1
13014,372,33,11,0
13015,372,34,19,0
13016,372,35,27,1
13017,373,1,28,1
13018,373,2,25,1
13019,373,3,14,1
13020,373,4,19,1
13021,373,5,24,0
13022,373,6,24,1
13023,373,7,15,1
13024,373,8,25,1
13025,373,9,18,1
13026,373,10,28,1
13027,373,11,24,0
13028,373,12,45,1
13029,373,13,66,2
13030,373,14,68,1
13031,373,15,21,1
13032,373,16,40,1
13033,373,17,45,1
13034,373,18,27,1
13035,373,19,49,2
13036,373,20,42,2
13037,373,21,16,1
13038,373,22,24,1
13039,373,23,39,2
13040,373,24,25,1
13041,373,25,36,0
13042,373,26,25,1
13043,373,27,30,1
13044,373,28,58,3
13045,373,29,35,1
13046,373,30,61,2
13047,373,31,48,2
13048,373,32,31,1
13049,373,33,25,1
13050,373,34,16,0
13051,373,35,33,1
13052,374,1,17,1
13053,374,2,35,2
13054,374,3,24,1
13055,374,4,17,0
13056,374,5,8,0
13057,374,6,8,0
13058,374,7,38,1
13059,374,8,16,1
13060,374,9,31,1
13061,374,10,26,1
13062,374,11,41,0
13063,374,12,11,0
13064,374,13,22,0
13065,374,14,33,1
13066,374,15,32,1
13067,374,16,18,1
13068,374,17,12,0
13069,374,18,30,1
13070,374,19,23,1
13071,374,20,44,3
13072,374,21,34,1
13073,374,22,21,1
13074,374,23,30,1
13075,374,24,17,0
13076,374,25,11,0
13077,374,26,18,1
13078,374,27,19,0
13079,374,28,15,1
13080,374,29,14,1
13081,374,30,14,1
13082,374,31,15,1
13083,374,32,18,1
13084,374,33,31,2
13085,374,34,8,0
13086,374,35,27,1
13087,375,1,9,0
13088,375,2,8,0
13089,375,3,18,0
13090,375,4,22,1
13091,375,5,11,0
13092,375,6,5,0
13093,375,7,25,1
13094,375,8,13,0
13095,375,9,16,0
13096,375,10,18,0
13097,375,11,16,1
13098,375,12,20,1
13099,375,13,15,0
13100,375,14,7,0
13101,375,15,15,1
13102,375,16,24,1
13103,375,17,20,1
13104,375,18,20,1
13105,375,19,23,1
13106,375,20,28,2
13107,375,21,9,0
13108,375,22,17,0
13109,375,23,35,1
13110,375,24,21,1
13111,375,25,7,0
13112,375,26,5,0
13113,375,27,5,0
13114,375,28,20,1
13115,375,29,40,2
13116,375,30,5,0
13117,375,31,32,1
13118,375,32,13,1
13119,375,33,19,0
13120,375,34,17,0
13121,375,35,12,0
13122,376,1,20,1
13123,376,2,30,2
13124,376,3,11,0
13125,376,4,44,2
13126,376,5,28,1
13127,376,6,19,0
13128,376,7,20,1
13129,376,8,34,2
13130,376,9,34,1
13131,376,10,9,0
13132,376,11,19,0
13133,376,12,47,2
13134,376,13,26,1
13135,376,14,21,0
13136,376,15,20,1
13137,376,16,39,1
13138,376,17,20,1
13139,376,18,25,1
13140,376,19,33,1
13141,376,20,11,0
13142,376,21,12,1
13143,376,22,29,1
13144,376,23,35,1
13145,376,24,31,2
13146,376,25,49,2
13147,376,26,33,2
13148,376,27,31,0
13149,376,28,15,1
13150,376,29,22,1
13151,376,30,25,1
13152,376,31,16,0
13153,376,32,24,1
13154,376,33,33,0
13155,376,34,31,2
13156,376,35,21,1
13157,377,1,59,1
13158,377,2,20,1
13159,377,3,22,1
13160,377,4,27,1
13161,377,5,27,1
13162,377,6,40,1
13163,377,7,17,1
13164,377,8,76,5
13165,377,9,14,1
13166,377,10,30,1
13167,377,11,25,1
13168,377,12,36,1
13169,377,13,33,1
13170,377,14,32,1
13171,377,15,4,0
13172,377,16,30,2
13173,377,17,27,1
13174,377,18,27,1
13175,377,19,52,2
13176,377,20,25,1
13177,377,21,30,1
13178,377,22,33,1
13179,377,23,30,0
13180,377,24,59,3
13181,377,25,29,1
13182,377,26,22,1
13183,377,27,28,2
13184,377,28,67,1
13185,377,29,22,1
13186,377,30,19,0
13187,377,31,29,2
13188,377,32,22,1
13189,377,33,32,2
13190,377,34,14,0
13191,377,35,19,1
13192,378,1,48,2
13193,378,2,24,1
13194,378,3,19,1
13195,378,4,17,0
13196,378,5,43,1
13197,378,6,24,1
13198,378,7,18,0
13199,378,8,15,1
13200,378,9,19,0
13201,378,10,20,1
13202,378,11,30,1
13203,378,12,36,1
13204,378,13,25,1
13205,378,14,5,0
13206,378,15,18,0
13207,378,16,22,0
13208,378,17,21,1
13209,378,18,10,0
13210,378,19,22,1
13211,378,20,19,0
13212,378,21,10,0
13213,378,22,16,1
13214,378,23,31,1
13215,378,24,18,1
13216,378,25,18,0
13217,378,26,22,0
13218,378,27,17,1
13219,378,28,37,1
13220,378,29,28,1
13221,378,30,39,1
13222,378,31,16,0
13223,378,32,45,1
13224,378,33,18,1
13225,378,34,14,1
13226,378,35,22,1
13227,379,1,23,0
13228,379,2,26,0
13229,379,3,17,1
13230,379,4,17,1
13231,379,5,34,2
13232,379,6,4,0
13233,379,7,38,2
13234,379,8,22,1
13235,379,9,8,0
13236,379,10,12,0
13237,379,11,20,1
13238,379,12,28,0
13239,379,13,52,1
13240,379,14,7,0
13241,379,15,16,1
13242,379,16,24,1
13243,379,17,24,1
13244,379,18,15,1
13245,379,19,23,0
13246,379,20,31,1
13247,379,21,16,0
13248,379,22,14,1
13249,379,23,13,1
13250,379,24,34,1
13251,379,25,18,1
13252,379,26,16,1
13253,379,27,28,1
13254,379,28,13,0
13255,379,29,38,2
13256,379,30,10,0
13257,379,31,23,0
13258,379,32,29,2
13259,379,33,36,1
13260,379,34,8,0
13261,379,35,17,1
13262,380,1,30,0
13263,380,2,37,2
13264,380,3,32,1
13265,380,4,25,0
13266,380,5,34,1
13267,380,6,42,2
13268,380,7,33,1
13269,380,8,42,2
13270,380,9,39,2
13271,380,10,23,1
13272,380,11,24,1
13273,380,12,10,0
13274,380,13,67,2
13275,380,14,19,0
13276,380,15,18,1
13277,380,16,17,0
13278,380,17,60,2
13279,380,18,34,2
13280,380,19,20,0
13281,380,20,60,3
13282,380,21,34,2
13283,380,22,28,1
13284,380,23,19,0
13285,380,24,19,1
13286,380,25,17,1
13287,380,26,29,2
13288,380,27,29,2
13289,380,28,27,1
13290,380,29,53,1
13291,380,30,16,0
13292,380,31,15,1
13293,380,32,32,1
13294,380,33,54,1
13295,380,34,39,2
13296,380,35,22,1
13297,381,1,48,1
13298,381,2,41,1
13299,381,3,50,2
13300,381,4,34,2
13301,381,5,33,1
13302,381,6,26,1
13303,381,7,19,1
13304,381,8,42,1
13305,381,9,75,2
13306,381,10,25,1
13307,381,11,63,1
13308,381,12,60,1
13309,381,13,21,1
13310,381,14,35,1
13311,381,15,28,2
13312,381,16,44,1
13313,381,17,17,1
13314,381,18,24,0
13315,381,19,33,1
13316,381,20,51,3
13317,381,21,58,3
13318,381,22,28,1
13319,381,23,35,1
13320,381,24,50,2
13321,381,25,33,1
13322,381,26,50,3
13323,381,27,35,1
13324,381,28,77,1
13325,381,29,15,0
13326,381,30,46,1
13327,381,31,46,1
13328,381,32,41,2
13329,381,33,25,1
13330,381,34,55,2
13331,381,35,37,2
13332,382,1,22,1
13333,382,2,18,1
13334,382,3,44,1
13335,382,4,16,0
13336,382,5,30,1
13337,382,6,15,0
13338,382,7,17,0
13339,382,8,25,1
13340,382,9,16,0
13341,382,10,42,2
13342,382,11,31,2
13343,382,12,10,0
13344,382,13,14,1
13345,382,14,22,1
13346,382,15,45,1
13347,382,16,19,1
13348,382,17,87,4
13349,382,18,24,1
13350,382,19,33,1
13351,382,20,10,0
13352,382,21,40,1
13353,382,22,17,0
13354,382,23,23,1
13355,382,24,36,2
13356,382,25,16,1
13357,382,26,17,1
13358,382,27,49,3
13359,382,28,21,1
13360,382,29,23,1
13361,382,30,36,1
13362,382,31,12,1
13363,382,32,40,1
13364,382,33,48,1
13365,382,34,13,0
13366,382,35,46,2
13367,383,1,17,0
13368,383,2,21,1
13369,383,3,12,0
13370,383,4,19,1
13371,383,5,17,1
13372,383,6,13,0
13373,383,7,9,0
13374,383,8,10,0
13375,383,9,6,0
13376,383,10,39,1
13377,383,11,29,2
13378,383,12,16,1
13379,383,13,40,1
13380,383,14,19,1
13381,383,15,70,0
13382,383,16,23,1
13383,383,17,42,2
13384,383,18,28,1
13385,383,19,36,1
13386,383,20,42,1
13387,383,21,26,1
13388,383,22,12,1
13389,383,23,15,0
13390,383,24,30,1
13391,383,25,15,0
13392,383,26,25,1
13393,383,27,40,0
13394,383,28,18,1
13395,383,29,19,0
13396,383,30,22,1
13397,383,31,20,1
13398,383,32,16,1
13399,383,33,25,1
13400,383,34,48,2
13401,383,35,31,2
13402,384,1,31,1
13403,384,2,38,0
13404,384,3,21,1
13405,384,4,56,2
13406,384,5,12,0
13407,384,6,49,2
13408,384,7,31,1
13409,384,8,24,1
13410,384,9,32,1
13411,384,10,31,1
13412,384,11,49,2
13413,384,12,17,0
13414,384,13,56,3
13415,384,14,15,1
13416,384,15,20,1
13417,384,16,24,1
13418,384,17,25,1
13419,384,18,29,1
13420,384,19,30,0
13421,384,20,38,2
13422,384,21,50,3
13423,384,22,26,1
13424,384,23,18,0
13425,384,24,20,1
13426,384,25,7,0
13427,384,26,35,2
13428,384,27,21,1
13429,384,28,18,1
13430,384,29,31,0
13431,384,30,26,1
13432,384,31,33,0
13433,384,32,26,1
13434,384,33,27,1
13435,384,34,24,1
13436,384,35,15,1
13437,385,1,19,1
13438,385,2,30,1
13439,385,3,56,2
13440,385,4,49,3
13441,385,5,44,3
13442,385,6,43,0
13443,385,7,38,1
13444,385,8,28,1
13445,385,9,59,3
13446,385,10,22,1
13447,385,11,18,1
13448,385,12,45,1
13449,385,13,15,1
13450,385,14,12,0
13451,385,15,13,0
13452,385,16,30,2
13453,385,17,42,1
13454,385,18,29,2
13455,385,19,21,1
13456,385,20,32,1
13457,385,21,74,2
13458,385,22,31,1
13459,385,23,46,2
13460,385,24,57,2
13461,385,25,20,1
13462,385,26,24,1
13463,385,27,16,0
13464,385,28,26,2
13465,385,29,19,1
13466,385,30,26,1
13467,385,31,38,1
13468,385,32,31,1
13469,385,33,38,1
13470,385,34,29,1
13471,385,35,20,1
13472,386,1,16,1
13473,386,2,40,1
13474,386,3,37,2
13475,386,4,20,1
13476,386,5,32,1
13477,386,6,7,0
13478,386,7,42,2
13479,386,8,20,1
13480,386,9,23,0
13481,386,10,21,1
13482,386,11,11,1
13483,386,12,25,1
13484,386,13,35,1
13485,386,14,39,2
13486,386,15,30,1
13487,386,16,20,1
13488,386,17,13,0
13489,386,18,15,0
13490,386,19,18,0
13491,386,20,9,0
13492,386,21,21,1
13493,386,22,8,0
13494,386,23,15,0
13495,386,24,24,0
13496,386,25,15,0
13497,386,26,23,1
13498,386,27,8,0
13499,386,28,24,1
13500,386,29,29,0
13501,386,30,22,1
13502,386,31,20,1
13503,386,32,21,0
13504,386,33,25,1
13505,386,34,41,1
13506,386,35,10,0
13507,387,1,12,1
13508,387,2,15,1
13509,387,3,17,1
13510,387,4,25,1
13511,387,5,15,0
13512,387,6,26,1
13513,387,7,38,2
13514,387,8,16,0
13515,387,9,13,0
13516,387,10,13,0
13517,387,11,13,1
13518,387,12,31,1
13519,387,13,12,0
13520,387,14,27,1
13521,387,15,11,0
13522,387,16,10,1
13523,387,17,47,2
13524,387,18,7,0
13525,387,19,33,2
13526,387,20,15,1
13527,387,21,19,0
13528,387,22,10,0
13529,387,23,8,0
13530,387,24,32,0
13531,387,25,25,1
13532,387,26,13,0
13533,387,27,14,0
13534,387,28,25,0
13535,387,29,43,2
13536,387,30,14,0
13537,387,31,13,1
13538,387,32,6,0
13539,387,33,14,1
13540,387,34,10,0
13541,387,35,19,1
13542,388,1,37,1
13543,388,2,23,1
13544,388,3,47,1
13545,388,4,25,1
13546,388,5,32,2
13547,388,6,39,2
13548,388,7,23,0
13549,388,8,10,1
13550,388,9,15,1
13551,388,10,23,0
13552,388,11,28,1
13553,388,12,16,0
13554,388,13,47,1
13555,388,14,34,1
13556,388,15,31,1
13557,388,16,29,1
13558,388,17,17,0
13559,388,18,89,3
13560,388,19,17,0
13561,388,20,25,1
13562,388,21,31,1
13563,388,22,23,1
13564,388,23,23,1
13565,388,24,69,4
13566,388,25,35,1
13567,388,26,20,1
13568,388,27,30,1
13569,388,28,28,1
13570,388,29,21,0
13571,388,30,15,1
13572,388,31,23,0
13573,388,32,36,1
13574,388,33,37,1
13575,388,34,21,0
13576,388,35,38,0
13577,389,1,15,1
13578,389,2,30,1
13579,389,3,43,0
13580,389,4,11,0
13581,389,5,17,1
13582,389,6,21,0
13583,389,7,20,1
13584,389,8,35,1
13585,389,9,8,0
13586,389,10,29,1
13587,389,11,33,1
13588,389,12,15,1
13589,389,13,22,1
13590,389,14,14,1
13591,389,15,14,0
13592,389,16,36,1
13593,389,17,21,1
13594,389,18,25,0
13595,389,19,26,1
13596,389,20,31,2
13597,389,21,24,1
13598,389,22,13,0
13599,389,23,19,1
13600,389,24,51,1
13601,389,25,27,1
13602,389,26,18,1
13603,389,27,11,1
13604,389,28,17,0
13605,389,29,21,0
13606,389,30,26,1
13607,389,31,7,0
13608,389,32,17,1
13609,389,33,26,1
13610,389,34,27,0
13611,389,35,11,1
13612,390,1,13,1
13613,390,2,24,1
13614,390,3,6,0
13615,390,4,25,1
13616,390,5,10,1
13617,390,6,13,1
13618,390,7,6,0
13619,390,8,20,1
13620,390,9,15,0
13621,390,10,26,0
13622,390,11,13,1
13623,390,12,10,0
13624,390,13,9,0
13625,390,14,6,0
13626,390,15,16,0
13627,390,16,9,0
13628,390,17,20,1
13629,390,18,19,1
13630,390,19,20,1
13631,390,20,10,0
13632,390,21,16,0
13633,390,22,29,2
13634,390,23,19,1
13635,390,24,11,1
13636,390,25,20,1
13637,390,26,12,0
13638,390,27,15,1
13639,390,28,25,0
13640,390,29,17,1
13641,390,30,35,0
13642,390,31,13,1
13643,390,32,12,0
13644,390,33,9,0
13645,390,34,4,0
13646,390,35,14,1
13647,391,1,6,0
13648,391,2,10,0
13649,391,3,6,0
13650,391,4,8,0
13651,391,5,21,1
13652,391,6,20,1
13653,391,7,12,0
13654,391,8,11,1
13655,391,9,14,0
13656,391,10,18,0
13657,391,11,21,1
13658,391,12,12,1
13659,391,13,11,0
13660,391,14,12,1
13661,391,15,8,0
13662,391,16,10,1
13663,391,17,18,1
13664,391,18,14,1
13665,391,19,13,0
13666,391,20,10,0
13667,391,21,3,0
13668,391,22,10,1
13669,391,23,8,0
13670,391,24,10,1
13671,391,25,8,0
13672,391,26,24,0
13673,391,27,8,0
13674,391,28,10,0
13675,391,29,4,0
13676,391,30,12,0
13677,391,31,14,1
13678,391,32,10,0
13679,391,33,11,0
13680,391,34,14,1
13681,391,35,6,0
13682,392,1,36,1
13683,392,2,29,0
13684,392,3,29,0
13685,392,4,27,1
13686,392,5,16,1
13687,392,6,27,1
13688,392,7,14,1
13689,392,8,17,1
13690,392,9,22,1
13691,392,10,21,1
13692,392,11,32,1
13693,392,12,14,0
13694,392,13,14,1
13695,392,14,17,1
13696,392,15,13,0
13697,392,16,8,0
13698,392,17,14,0
13699,392,18,22,0
13700,392,19,20,1
13701,392,20,23,0
13702,392,21,20,1
13703,392,22,16,1
13704,392,23,16,1
13705,392,24,24,0
13706,392,25,28,1
13707,392,26,22,0
13708,392,27,17,0
13709,392,28,10,1
13710,392,29,19,0
13711,392,30,36,1
13712,392,31,13,1
13713,392,32,24,1
13714,392,33,30,1
13715,392,34,21,1
13716,392,35,24,1
13717,393,1,10,0
13718,393,2,23,1
13719,393,3,24,1
13720,393,4,11,0
13721,393,5,32,1
13722,393,6,16,1
13723,393,7,14,0
13724,393,8,20,0
13725,393,9,33,1
13726,393,10,15,1
13727,393,11,16,1
13728,393,12,35,2
13729,393,13,29,2
13730,393,14,19,1
13731,393,15,22,0
13732,393,16,14,0
13733,393,17,39,1
13734,393,18,16,1
13735,393,19,16,0
13736,393,20,12,0
13737,393,21,19,1
13738,393,22,16,1
13739,393,23,19,1
13740,393,24,24,1
13741,393,25,22,1
13742,393,26,7,0
13743,393,27,41,2
13744,393,28,30,0
13745,393,29,21,1
13746,393,30,18,0
13747,393,31,19,1
13748,393,32,35,1
13749,393,33,21,0
13750,393,34,22,1
13751,393,35,35,0
13752,394,1,18,1
13753,394,2,30,1
13754,394,3,8,0
13755,394,4,26,0
13756,394,5,10,0
13757,394,6,21,1
13758,394,7,18,1
13759,394,8,10,0
13760,394,9,9,0
13761,394,10,23,1
13762,394,11,8,0
13763,394,12,10,0
13764,394,13,19,0
13765,394,14,20,1
13766,394,15,8,0
13767,394,16,23,1
13768,394,17,18,0
13769,394,18,16,0
13770,394,19,14,1
13771,394,20,10,0
13772,394,21,14,0
13773,394,22,32,1
13774,394,23,36,2
13775,394,24,14,1
13776,394,25,28,2
13777,394,26,16,1
13778,394,27,7,0
13779,394,28,36,2
13780,394,29,28,1
13781,394,30,31,2
13782,394,31,12,1
13783,394,32,11,1
13784,394,33,14,1
13785,394,34,9,0
13786,394,35,12,0
13787,395,1,4,0
13788,395,2,5,0
13789,395,3,6,0
13790,395,4,5,0
13791,395,5,6,0
13792,395,6,15,0
13793,395,7,17,1
13794,395,8,18,1
13795,395,9,13,1
13796,395,10,32,1
13797,395,11,18,0
13798,395,12,8,0
13799,395,13,15,1
13800,395,14,23,0
13801,395,15,11,0
13802,395,16,7,0
13803,395,17,18,0
13804,395,18,22,1
13805,395,19,9,1
13806,395,20,4,0
13807,395,21,9,0
13808,395,22,19,0
13809,395,23,16,0
13810,395,24,7,0
13811,395,25,11,0
13812,395,26,11,0
13813,395,27,7,0
13814,395,28,4,0
13815,395,29,9,0
13816,395,30,7,0
13817,395,31,17,1
13818,395,32,21,1
13819,395,33,25,1
13820,395,34,21,1
13821,395,35,13,0
13822,396,1,15,1
13823,396,2,21,1
13824,396,3,16,1
13825,396,4,23,1
13826,396,5,23,1
13827,396,6,16,1
13828,396,7,22,0
13829,396,8,12,1
13830,396,9,17,0
13831,396,10,15,0
13832,396,11,17,1
13833,396,12,11,0
13834,396,13,28,2
13835,396,14,22,1
13836,396,15,11,0
13837,396,16,24,1
13838,396,17,28,2
13839,396,18,21,1
13840,396,19,7,0
13841,396,20,20,1
13842,396,21,11,0
13843,396,22,19,1
13844,396,23,16,1
13845,396,24,21,1
13846,396,25,21,1
13847,396,26,6,0
13848,396,27,51,2
13849,396,28,11,0
13850,396,29,9,0
13851,396,30,22,0
13852,396,31,27,0
13853,396,32,28,2
13854,396,33,11,0
13855,396,34,39,2
13856,396,35,18,0
13857,397,1,18,1
13858,397,2,13,0
13859,397,3,9,0
13860,397,4,25,0
13861,397,5,30,1
13862,397,6,14,0
13863,397,7,10,1
13864,397,8,16,1
13865,397,9,20,1
13866,397,10,22,1
13867,397,11,7,0
13868,397,12,34,2
13869,397,13,26,1
13870,397,14,22,1
13871,397,15,18,1
13872,397,16,27,1
13873,397,17,29,1
13874,397,18,42,1
13875,397,19,29,1
13876,397,20,16,0
13877,397,21,28,1
13878,397,22,18,1
13879,397,23,39,1
13880,397,24,30,2
13881,397,25,32,1
13882,397,26,14,1
13883,397,27,19,1
13884,397,28,20,1
13885,397,29,44,1
13886,397,30,11,0
13887,397,31,36,1
13888,397,32,16,0
13889,397,33,34,2
13890,397,34,32,0
13891,397,35,18,0
13892,398,1,22,0
13893,398,2,10,0
13894,398,3,28,0
13895,398,4,7,0
13896,398,5,24,1
13897,398,6,27,1
13898,398,7,10,1
13899,398,8,18,1
13900,398,9,21,0
13901,398,10,17,0
13902,398,11,11,0
13903,398,12,15,1
13904,398,13,8,0
13905,398,14,27,1
13906,398,15,17,1
13907,398,16,22,0
13908,398,17,31,1
13909,398,18,15,0
13910,398,19,16,1
13911,398,20,20,1
13912,398,21,8,0
13913,398,22,23,1
13914,398,23,7,0
13915,398,24,18,1
13916,398,25,28,0
13917,398,26,33,1
13918,398,27,19,1
13919,398,28,14,1
13920,398,29,9,0
13921,398,30,14,1
13922,398,31,10,0
13923,398,32,20,1
13924,398,33,10,0
13925,398,34,25,1
13926,398,35,18,1
13927,399,1,8,0
13928,399,2,8,0
13929,399,3,10,0
13930,399,4,19,0
13931,399,5,12,0
13932,399,6,6,0
13933,399,7,18,1
13934,399,8,9,0
13935,399,9,28,1
13936,399,10,21,1
13937,399,11,5,0
13938,399,12,7,0
13939,399,13,19,1
13940,399,14,12,1
13941,399,15,9,0
13942,399,16,19,0
13943,399,17,7,0
13944,399,18,10,0
13945,399,19,15,1
13946,399,20,6,0
13947,399,21,25,0
13948,399,22,26,1
13949,399,23,7,0
13950,399,24,19,1
13951,399,25,7,0
13952,399,26,29,1
13953,399,27,13,0
13954,399,28,14,0
13955,399,29,13,0
13956,399,30,10,0
13957,399,31,15,1
13958,399,32,11,1
13959,399,33,6,0
13960,399,34,9,0
13961,399,35,15,1
13962,400,1,21,1
13963,400,2,30,1
13964,400,3,11,0
13965,400,4,21,1
13966,400,5,6,0
13967,400,6,18,0
13968,400,7,18,0
13969,400,8,4,0
13970,400,9,13,1
13971,400,10,33,2
13972,400,11,17,0
13973,400,12,27,1
13974,400,13,23,1
13975,400,14,12,1
13976,400,15,13,0
13977,400,16,8,0
13978,400,17,11,0
13979,400,18,17,0
13980,400,19,16,0
13981,400,20,17,1
13982,400,21,14,0
13983,400,22,28,1
13984,400,23,32,2
13985,400,24,11,1
13986,400,25,15,0
13987,400,26,10,0
13988,400,27,19,1
13989,400,28,15,0
13990,400,29,30,1
13991,400,30,42,2
13992,400,31,33,1
13993,400,32,19,1
13994,400,33,23,1
13995,400,34,12,1
13996,400,35,18,0
13997,401,1,22,1
13998,401,2,24,1
13999,401,3,13,0
14000,401,4,24,1
14001,401,5,13,0
14002,401,6,26,1
14003,401,7,30,1
14004,401,8,30,1
14005,401,9,10,1
14006,401,10,18,1
14007,401,11,30,1
14008,401,12,36,1
14009,401,13,46,1
14010,401,14,38,2
14011,401,15,71,1
14012,401,16,21,1
14013,401,17,31,1
14014,401,18,38,1
14015,401,19,30,2
14016,401,20,46,1
14017,401,21,25,1
14018,401,22,36,2
14019,401,23,11,0
14020,401,24,39,2
14021,401,25,20,1
14022,401,26,20,1
14023,401,27,22,0
14024,401,28,21,1
14025,401,29,59,2
14026,401,30,47,2
14027,401,31,10,0
14028,401,32,17,1
14029,401,33,7,0
14030,401,34,46,2
14031,401,35,13,0
14032,402,1,14,1
14033,402,2,18,1
14034,402,3,8,0
14035,402,4,25,1
14036,402,5,19,1
14037,402,6,18,1
14038,402,7,15,1
14039,402,8,9,0
14040,402,9,11,1
14041,402,10,10,1
14042,402,11,27,1
14043,402,12,20,1
14044,402,13,21,1
14045,402,14,22,1
14046,402,15,13,1
14047,402,16,7,0
14048,402,17,17,0
14049,402,18,11,1
14050,402,19,8,0
14051,402,20,27,0
14052,402,21,16,1
14053,402,22,13,0
14054,402,23,32,2
14055,402,24,13,1
14056,402,25,18,1
14057,402,26,18,1
14058,402,27,22,0
14059,402,28,12,0
14060,402,29,13,0
14061,402,30,33,2
14062,402,31,27,1
14063,402,32,31,2
14064,402,33,21,0
14065,402,34,17,1
14066,402,35,26,1
14067,403,1,18,0
14068,403,2,11,0
14069,403,3,16,1
14070,403,4,22,1
14071,403,5,28,1
14072,403,6,35,2
14073,403,7,9,0
14074,403,8,28,1
14075,403,9,14,1
14076,403,10,20,1
14077,403,11,11,1
14078,403,12,28,1
14079,403,13,7,0
14080,403,14,15,0
14081,403,15,23,1
14082,403,16,20,0
14083,403,17,8,0
14084,403,18,4,0
14085,403,19,5,0
14086,403,20,29,0
14087,403,21,14,0
14088,403,22,5,0
14089,403,23,15,1
14090,403,24,13,0
14091,403,25,12,0
14092,403,26,14,1
14093,403,27,27,1
14094,403,28,5,0
14095,403,29,27,1
14096,403,30,7,0
14097,403,31,4,0
14098,403,32,17,0
14099,403,33,16,1
14100,403,34,34,2
14101,403,35,19,0
14102,404,1,10,0
14103,404,2,26,0
14104,404,3,13,1
14105,404,4,31,1
14106,404,5,21,1
14107,404,6,26,1
14108,404,7,22,1
14109,404,8,18,1
14110,404,9,15,1
14111,404,10,19,1
14112,404,11,20,0
14113,404,12,22,0
14114,404,13,21,1
14115,404,14,21,1
14116,404,15,27,1
14117,404,16,21,1
14118,404,17,16,1
14119,404,18,25,1
14120,404,19,15,0
14121,404,20,22,0
14122,404,21,8,0
14123,404,22,21,1
14124,404,23,36,1
14125,404,24,10,0
14126,404,25,25,1
14127,404,26,35,1
14128,404,27,31,1
14129,404,28,18,1
14130,404,29,24,1
14131,404,30,32,2
14132,404,31,14,0
14133,404,32,28,1
14134,404,33,12,0
14135,404,34,46,1
14136,404,35,19,1
14137,405,1,24,1
14138,405,2,27,0
14139,405,3,15,0
14140,405,4,30,1
14141,405,5,16,1
14142,405,6,38,1
14143,405,7,37,2
14144,405,8,61,2
14145,405,9,26,1
14146,405,10,34,2
14147,405,11,31,2
14148,405,12,26,1
14149,405,13,61,3
14150,405,14,13,0
14151,405,15,43,1
14152,405,16,22,0
14153,405,17,52,3
14154,405,18,26,1
14155,405,19,12,0
14156,405,20,21,1
14157,405,21,33,1
14158,405,22,15,0
14159,405,23,25,1
14160,405,24,50,1
14161,405,25,28,2
14162,405,26,33,2
14163,405,27,29,1
14164,405,28,24,1
14165,405,29,31,1
14166,405,30,21,0
14167,405,31,21,1
14168,405,32,17,0
14169,405,33,34,2
14170,405,34,39,2
14171,405,35,34,1
14172,406,1,10,0
14173,406,2,17,1
14174,406,3,8,0
14175,406,4,18,1
14176,406,5,20,1
14177,406,6,50,3
14178,406,7,22,1
14179,406,8,36,1
14180,406,9,26,1
14181,406,10,11,0
14182,406,11,14,1
14183,406,12,22,1
14184,406,13,25,1
14185,406,14,28,1
14186,406,15,13,0
14187,406,16,20,1
14188,406,17,18,1
14189,406,18,16,1
14190,406,19,13,1
14191,406,20,16,0
14192,406,21,18,0
14193,406,22,24,1
14194,406,23,8,0
14195,406,24,12,0
14196,406,25,28,1
14197,406,26,8,0
14198,406,27,32,1
14199,406,28,20,1
14200,406,29,28,1
14201,406,30,27,1
14202,406,31,29,1
14203,406,32,31,1
14204,406,33,22,1
14205,406,34,52,2
14206,406,35,12,1
14207,407,1,7,0
14208,407,2,14,1
14209,407,3,16,0
14210,407,4,19,1
14211,407,5,7,0
14212,407,6,26,1
14213,407,7,21,1
14214,407,8,39,1
14215,407,9,10,0
14216,407,10,17,0
14217,407,11,7,0
14218,407,12,6,0
14219,407,13,17,0
14220,407,14,13,0
14221,407,15,10,0
14222,407,16,18,1
14223,407,17,13,1
14224,407,18,7,0
14225,407,19,19,1
14226,407,20,14,1
14227,407,21,21,1
14228,407,22,10,0
14229,407,23,15,0
14230,407,24,20,0
14231,407,25,30,2
14232,407,26,16,1
14233,407,27,13,0
14234,407,28,16,0
14235,407,29,27,1
14236,407,30,17,1
14237,407,31,16,1
14238,407,32,9,0
14239,407,33,14,0
14240,407,34,13,0
14241,407,35,10,0
14242,408,1,30,1
14243,408,2,43,3
14244,408,3,13,0
14245,408,4,39,0
14246,408,5,57,1
14247,408,6,46,1
14248,408,7,50,3
14249,408,8,6,0
14250,408,9,32,1
14251,408,10,34,1
14252,408,11,17,1
14253,408,12,32,1
14254,408,13,31,1
14255,408,14,32,1
14256,408,15,36,1
14257,408,16,27,0
14258,408,17,25,1
14259,408,18,25,0
14260,408,19,18,1
14261,408,20,38,1
14262,408,21,35,2
14263,408,22,27,1
14264,408,23,30,1
14265,408,24,27,1
14266,408,25,26,0
14267,408,26,19,1
14268,408,27,28,1
14269,408,28,18,1
14270,408,29,27,1
14271,408,30,34,1
14272,408,31,10,0
14273,408,32,20,1
14274,408,33,25,0
14275,408,34,19,1
14276,408,35,16,1
14277,409,1,31,1
14278,409,2,31,1
14279,409,3,38,1
14280,409,4,21,1
14281,409,5,37,1
14282,409,6,23,0
14283,409,7,40,1
14284,409,8,37,2
14285,409,9,22,1
14286,409,10,43,2
14287,409,11,35,2
14288,409,12,22,1
14289,409,13,36,2
14290,409,14,29,1
14291,409,15,21,1
14292,409,16,54,2
14293,409,17,46,2
14294,409,18,41,1
14295,409,19,25,1
14296,409,20,28,1
14297,409,21,4,0
14298,409,22,12,0
14299,409,23,43,2
14300,409,24,39,1
14301,409,25,30,2
14302,409,26,10,0
14303,409,27,56,3
14304,409,28,34,2
14305,409,29,57,1
14306,409,30,41,2
14307,409,31,57,2
14308,409,32,18,1
14309,409,33,41,2
14310,409,34,25,1
14311,409,35,14,0
14312,410,1,9,0
14313,410,2,26,1
14314,410,3,30,1
14315,410,4,30,1
14316,410,5,35,1
14317,410,6,16,1
14318,410,7,6,0
14319,410,8,14,1
14320,410,9,26,1
14321,410,10,16,1
14322,410,11,20,1
14323,410,12,33,2
14324,410,13,25,0
14325,410,14,20,0
14326,410,15,19,0
14327,410,16,40,2
14328,410,17,17,1
14329,410,18,50,3
14330,410,19,32,1
14331,410,20,16,0
14332,410,21,18,0
14333,410,22,15,0
14334,410,23,35,1
14335,410,24,49,1
14336,410,25,10,0
14337,410,26,29,0
14338,410,27,32,1
14339,410,28,20,1
14340,410,29,12,1
14341,410,30,23,0
14342,410,31,24,1
14343,410,32,31,2
14344,410,33,37,2
14345,410,34,17,0
14346,410,35,8,0
14347,411,1,36,2
14348,411,2,20,1
14349,411,3,16,0
14350,411,4,21,1
14351,411,5,11,0
14352,411,6,9,1
14353,411,7,8,0
14354,411,8,25,1
14355,411,9,8,0
14356,411,10,25,0
14357,411,11,7,0
14358,411,12,19,0
14359,411,13,8,0
14360,411,14,46,3
14361,411,15,18,1
14362,411,16,30,0
14363,411,17,13,1
14364,411,18,10,0
14365,411,19,20,1
14366,411,20,31,1
14367,411,21,29,0
14368,411,22,19,1
14369,411,23,24,1
14370,411,24,31,2
14371,411,25,17,1
14372,411,26,46,2
14373,411,27,19,1
14374,411,28,17,0
14375,411,29,19,1
14376,411,30,23,1
14377,411,31,20,1
14378,411,32,7,0
14379,411,33,23,1
14380,411,34,25,1
14381,411,35,11,0
14382,412,1,20,1
14383,412,2,30,2
14384,412,3,46,2
14385,412,4,19,0
14386,412,5,26,1
14387,412,6,62,4
14388,412,7,27,1
14389,412,8,16,0
14390,412,9,23,1
14391,412,10,61,2
14392,412,11,49,3
14393,412,12,18,1
14394,412,13,43,1
14395,412,14,21,0
14396,412,15,34,2
14397,412,16,35,1
14398,412,17,20,1
14399,412,18,20,1
14400,412,19,17,1
14401,412,20,34,1
14402,412,21,19,0
14403,412,22,49,2
14404,412,23,19,1
14405,412,24,36,2
14406,412,25,40,2
14407,412,26,34,2
14408,412,27,32,1
14409,412,28,24,0
14410,412,29,31,1
14411,412,30,25,0
14412,412,31,25,0
14413,412,32,14,1
14414,412,33,12,0
14415,412,34,27,2
14416,412,35,26,0
14417,413,1,37,2
14418,413,2,40,2
14419,413,3,42,1
14420,413,4,15,0
14421,413,5,30,1
14422,413,6,15,0
14423,413,7,38,2
14424,413,8,30,2
14425,413,9,6,0
14426,413,10,43,0
14427,413,11,41,2
14428,413,12,13,0
14429,413,13,35,1
14430,413,14,29,1
14431,413,15,26,1
14432,413,16,22,1
14433,413,17,20,1
14434,413,18,28,2
14435,413,19,32,1
14436,413,20,13,1
14437,413,21,49,1
14438,413,22,56,1
14439,413,23,41,2
14440,413,24,18,0
14441,413,25,25,1
14442,413,26,36,2
14443,413,27,44,2
14444,413,28,19,0
14445,413,29,37,2
14446,413,30,31,2
14447,413,31,24,1
14448,413,32,27,1
14449,413,33,27,1
14450,413,34,2,0
14451,413,35,26,0
14452,414,1,13,0
14453,414,2,15,0
14454,414,3,19,1
14455,414,4,9,0
14456,414,5,40,1
14457,414,6,18,0
14458,414,7,13,0
14459,414,8,43,2
14460,414,9,25,1
14461,414,10,18,1
14462,414,11,33,2
14463,414,12,20,0
14464,414,13,10,0
14465,414,14,23,1
14466,414,15,21,1
14467,414,16,28,1
14468,414,17,15,1
14469,414,18,19,1
14470,414,19,24,1
14471,414,20,10,0
14472,414,21,24,1
14473,414,22,21,1
14474,414,23,18,1
14475,414,24,22,0
14476,414,25,13,0
14477,414,26,22,1
14478,414,27,23,1
14479,414,28,21,1
14480,414,29,21,1
14481,414,30,29,1
14482,414,31,15,1
14483,414,32,28,1
14484,414,33,15,0
14485,414,34,20,1
14486,414,35,11,0
14487,415,1,9,0
14488,415,2,37,2
14489,415,3,19,1
14490,415,4,21,1
14491,415,5,26,0
14492,415,6,35,0
14493,415,7,14,0
14494,415,8,7,0
14495,415,9,17,0
14496,415,10,26,1
14497,415,11,29,0
14498,415,12,10,1
14499,415,13,13,1
14500,415,14,15,0
14501,415,15,19,1
14502,415,16,21,0
14503,415,17,17,1
14504,415,18,8,0
14505,415,19,19,1
14506,415,20,9,0
14507,415,21,18,1
14508,415,22,13,0
14509,415,23,5,0
14510,415,24,13,0
14511,415,25,10,1
14512,415,26,18,1
14513,415,27,30,1
14514,415,28,9,0
14515,415,29,16,1
14516,415,30,23,1
14517,415,31,12,0
14518,415,32,24,1
14519,415,33,31,1
14520,415,34,12,1
14521,415,35,26,1
14522,416,1,27,1
14523,416,2,31,2
14524,416,3,31,2
14525,416,4,47,1
14526,416,5,16,1
14527,416,6,16,1
14528,416,7,20,0
14529,416,8,38,2
14530,416,9,25,1
14531,416,10,19,1
14532,416,11,33,0
14533,416,12,31,1
14534,416,13,22,0
14535,416,14,27,1
14536,416,15,25,1
14537,416,16,21,1
14538,416,17,33,2
14539,416,18,40,1
14540,416,19,35,2
14541,416,20,48,2
14542,416,21,32,1
14543,416,22,26,0
14544,416,23,26,1
14545,416,24,17,1
14546,416,25,28,1
14547,416,26,26,0
14548,416,27,7,0
14549,416,28,39,0
14550,416,29,25,1
14551,416,30,32,2
14552,416,31,27,2
14553,416,32,55,1
14554,416,33,35,1
14555,416,34,17,1
14556,416,35,26,1
14557,417,1,17,1
14558,417,2,13,0
14559,417,3,29,0
14560,417,4,39,2
14561,417,5,23,1
14562,417,6,9,0
14563,417,7,18,1
14564,417,8,47,2
14565,417,9,11,0
14566,417,10,26,1
14567,417,11,25,1
14568,417,12,20,1
14569,417,13,29,0
14570,417,14,18,0
14571,417,15,13,1
14572,417,16,23,1
14573,417,17,11,0
14574,417,18,23,1
14575,417,19,19,0
14576,417,20,31,0
14577,417,21,10,0
14578,417,22,16,0
14579,417,23,31,0
14580,417,24,41,2
14581,417,25,19,1
14582,417,26,9,0
14583,417,27,23,1
14584,417,28,21,1
14585,417,29,16,0
14586,417,30,29,1
14587,417,31,33,2
14588,417,32,32,1
14589,417,33,19,0
14590,417,34,8,0
14591,417,35,19,1
14592,418,1,14,0
14593,418,2,16,1
14594,418,3,7,0
14595,418,4,9,0
14596,418,5,16,0
14597,418,6,4,0
14598,418,7,4,0
14599,418,8,12,0
14600,418,9,21,1
14601,418,10,9,0
14602,418,11,5,0
14603,418,12,26,1
14604,418,13,17,1
14605,418,14,10,0
14606,418,15,20,1
14607,418,16,24,0
14608,418,17,9,0
14609,418,18,5,0
14610,418,19,9,0
14611,418,20,14,0
14612,418,21,14,1
14613,418,22,23,1
14614,418,23,6,0
14615,418,24,7,0
14616,418,25,37,1
14617,418,26,17,0
14618,418,27,12,0
14619,418,28,19,0
14620,418,29,11,0
14621,418,30,13,1
14622,418,31,14,0
14623,418,32,10,1
14624,418,33,6,0
14625,418,34,21,0
14626,418,35,4,0
14627,419,1,10,0
14628,419,2,11,0
14629,419,3,38,2
14630,419,4,14,0
14631,419,5,19,0
14632,419,6,23,1
14633,419,7,33,2
14634,419,8,22,1
14635,419,9,16,0
14636,419,10,12,1
14637,419,11,17,0
14638,419,12,7,0
14639,419,13,7,0
14640,419,14,6,0
14641,419,15,11,0
14642,419,16,14,0
14643,419,17,10,0
14644,419,18,26,0
14645,419,19,17,0
14646,419,20,19,1
14647,419,21,4,0
14648,419,22,37,1
14649,419,23,10,0
14650,419,24,25,0
14651,419,25,9,0
14652,419,26,16,0
14653,419,27,9,0
14654,419,28,6,0
14655,419,29,9,0
14656,419,30,8,0
14657,419,31,24,0
14658,419,32,9,0
14659,419,33,14,0
14660,419,34,7,0
14661,419,35,20,1
14662,420,1,13,1
14663,420,2,35,0
14664,420,3,19,1
14665,420,4,15,0
14666,420,5,42,2
14667,420,6,33,2
14668,420,7,19,1
14669,420,8,15,1
14670,420,9,36,1
14671,420,10,9,0
14672,420,11,30,1
14673,420,12,18,1
14674,420,13,7,0
14675,420,14,16,1
14676,420,15,19,1
14677,420,16,15,0
14678,420,17,17,0
14679,420,18,20,0
14680,420,19,11,0
14681,420,20,21,1
14682,420,21,24,0
14683,420,22,26,1
14684,420,23,22,1
14685,420,24,22,0
14686,420,25,13,1
14687,420,26,14,0
14688,420,27,30,1
14689,420,28,35,1
14690,420,29,22,0
14691,420,30,11,0
14692,420,31,22,1
14693,420,32,12,1
14694,420,33,7,0
14695,420,34,22,0
14696,420,35,14,1
14697,421,1,25,1
14698,421,2,13,1
14699,421,3,33,1
14700,421,4,24,1
14701,421,5,34,1
14702,421,6,31,1
14703,421,7,18,0
14704,421,8,8,0
14705,421,9,14,1
14706,421,10,20,0
14707,421,11,10,0
14708,421,12,20,1
14709,421,13,31,2
14710,421,14,32,1
14711,421,15,31,1
14712,421,16,28,0
14713,421,17,32,1
14714,421,18,13,1
14715,421,19,19,1
14716,421,20,31,1
14717,421,21,20,1
14718,421,22,8,0
14719,421,23,10,1
14720,421,24,14,0
14721,421,25,33,1
14722,421,26,18,1
14723,421,27,33,2
14724,421,28,21,1
14725,421,29,8,0
14726,421,30,11,0
14727,421,31,21,1
14728,421,32,19,1
14729,421,33,11,0
14730,421,34,18,1
14731,421,35,26,1
14732,422,1,22,1
14733,422,2,15,0
14734,422,3,33,1
14735,422,4,11,0
14736,422,5,25,0
14737,422,6,17,1
14738,422,7,14,1
14739,422,8,18,0
14740,422,9,17,0
14741,422,10,7,0
14742,422,11,3,0
14743,422,12,18,0
14744,422,13,12,0
14745,422,14,17,0
14746,422,15,9,0
14747,422,16,21,1
14748,422,17,19,1
14749,422,18,8,0
14750,422,19,13,0
14751,422,20,2,0
14752,422,21,19,1
14753,422,22,8,0
14754,422,23,29,1
14755,422,24,16,1
14756,422,25,15,0
14757,422,26,8,0
14758,422,27,17,1
14759,422,28,12,0
14760,422,29,28,0
14761,422,30,23,1
14762,422,31,14,0
14763,422,32,20,0
14764,422,33,6,0
14765,422,34,12,1
14766,422,35,27,1
14767,423,1,15,1
14768,423,2,20,1
14769,423,3,7,0
14770,423,4,18,1
14771,423,5,10,0
14772,423,6,18,1
14773,423,7,11,0
14774,423,8,19,1
14775,423,9,17,0
14776,423,10,25,1
14777,423,11,7,0
14778,423,12,19,1
14779,423,13,15,1
14780,423,14,14,1
14781,423,15,8,0
14782,423,16,18,1
14783,423,17,19,1
14784,423,18,23,0
14785,423,19,5,0
14786,423,20,24,1
14787,423,21,9,0
14788,423,22,27,1
14789,423,23,11,1
14790,423,24,7,0
14791,423,25,14,1
14792,423,26,7,0
14793,423,27,14,0
14794,423,28,8,0
14795,423,29,7,0
14796,423,30,11,0
14797,423,31,28,2
14798,423,32,3,0
14799,423,33,23,1
14800,423,34,22,0
14801,423,35,6,0
14802,424,1,29,1
14803,424,2,17,0
14804,424,3,12,0
14805,424,4,18,1
14806,424,5,20,1
14807,424,6,12,0
14808,424,7,17,0
14809,424,8,6,0
14810,424,9,17,1
14811,424,10,18,0
14812,424,11,25,1
14813,424,12,8,0
14814,424,13,25,0
14815,424,14,25,1
14816,424,15,25,1
14817,424,16,15,0
14818,424,17,21,0
14819,424,18,25,1
14820,424,19,20,0
14821,424,20,16,0
14822,424,21,23,1
14823,424,22,9,0
14824,424,23,9,0
14825,424,24,19,0
14826,424,25,17,0
14827,424,26,16,1
14828,424,27,34,1
14829,424,28,19,0
14830,424,29,14,0
14831,424,30,10,0
14832,424,31,8,0
14833,424,32,14,0
14834,424,33,24,1
14835,424,34,20,1
14836,424,35,13,0
14837,425,1,39,2
14838,425,2,17,1
14839,425,3,20,0
14840,425,4,23,1
14841,425,5,16,0
14842,425,6,24,0
14843,425,7,46,1
14844,425,8,28,0
14845,425,9,16,1
14846,425,10,40,2
14847,425,11,19,1
14848,425,12,49,1
14849,425,13,46,3
14850,425,14,47,2
14851,425,15,21,0
14852,425,16,9,0
14853,425,17,10,1
14854,425,18,33,1
14855,425,19,15,1
14856,425,20,33,1
14857,425,21,32,1
14858,425,22,26,0
14859,425,23,37,1
14860,425,24,26,0
14861,425,25,18,0
14862,425,26,27,0
14863,425,27,41,1
14864,425,28,30,2
14865,425,29,16,1
14866,425,30,17,0
14867,425,31,7,0
14868,425,32,23,1
14869,425,33,16,0
14870,425,34,27,0
14871,425,35,33,1
14872,426,1,21,1
14873,426,2,26,1
14874,426,3,10,0
14875,426,4,9,0
14876,426,5,11,0
14877,426,6,7,0
14878,426,7,14,0
14879,426,8,20,1
14880,426,9,15,1
14881,426,10,29,1
14882,426,11,5,0
14883,426,12,13,1
14884,426,13,32,0
14885,426,14,19,1
14886,426,15,21,0
14887,426,16,22,0
14888,426,17,15,1
14889,426,18,21,1
14890,426,19,15,1
14891,426,20,24,1
14892,426,21,24,1
14893,426,22,12,0
14894,426,23,12,0
14895,426,24,24,0
14896,426,25,9,0
14897,426,26,15,0
14898,426,27,11,0
14899,426,28,19,0
14900,426,29,17,1
14901,426,30,28,1
14902,426,31,12,1
14903,426,32,11,0
14904,426,33,22,1
14905,426,34,13,1
14906,426,35,11,0
14907,427,1,12,0
14908,427,2,17,1
14909,427,3,17,1
14910,427,4,18,0
14911,427,5,5,0
14912,427,6,5,0
14913,427,7,29,1
14914,427,8,21,1
14915,427,9,12,0
14916,427,10,10,0
14917,427,11,11,1
14918,427,12,12,0
14919,427,13,18,1
14920,427,14,23,1
14921,427,15,13,1
14922,427,16,23,1
14923,427,17,14,1
14924,427,18,4,0
14925,427,19,12,0
14926,427,20,9,0
14927,427,21,6,0
14928,427,22,5,0
14929,427,23,7,0
14930,427,24,16,0
14931,427,25,7,0
14932,427,26,15,0
14933,427,27,14,0
14934,427,28,17,1
14935,427,29,11,1
14936,427,30,6,0
14937,427,31,13,0
14938,427,32,21,1
14939,427,33,19,1
14940,427,34,5,0
14941,427,35,16,1
14942,428,1,27,1
14943,428,2,24,1
14944,428,3,18,1
14945,428,4,34,1
14946,428,5,10,0
14947,428,6,11,0
14948,428,7,22,1
14949,428,8,25,1
14950,428,9,32,2
14951,428,10,13,0
14952,428,11,29,1
14953,428,12,23,1
14954,428,13,22,1
14955,428,14,38,2
14956,428,15,16,0
14957,428,16,36,1
14958,428,17,20,1
14959,428,18,8,0
14960,428,19,40,2
14961,428,20,8,0
14962,428,21,19,1
14963,428,22,9,0
14964,428,23,9,0
14965,428,24,33,2
14966,428,25,25,1
14967,428,26,23,1
14968,428,27,27,1
14969,428,28,36,1
14970,428,29,30,1
14971,428,30,13,0
14972,428,31,18,1
14973,428,32,20,1
14974,428,33,14,1
14975,428,34,14,0
14976,428,35,25,1
14977,429,1,26,1
14978,429,2,73,2
14979,429,3,12,0
14980,429,4,28,1
14981,429,5,34,0
14982,429,6,20,0
14983,429,7,39,1
14984,429,8,42,2
14985,429,9,12,0
14986,429,10,16,0
14987,429,11,12,1
14988,429,12,22,0
14989,429,13,17,0
14990,429,14,20,1
14991,429,15,24,0
14992,429,16,22,1
14993,429,17,11,0
14994,429,18,49,3
14995,429,19,26,2
14996,429,20,24,0
14997,429,21,37,1
14998,429,22,23,0
14999,429,23,11,1
15000,429,24,6,0
15001,429,25,30,2
15002,429,26,13,0
15003,429,27,7,0
15004,429,28,21,0
15005,429,29,19,1
15006,429,30,33,2
15007,429,31,29,1
15008,429,32,49,1
15009,429,33,70,2
15010,429,34,23,1
15011,429,35,7,0
15012,430,1,18,0
15013,430,2,14,1
15014,430,3,19,1
15015,430,4,33,1
15016,430,5,11,0
15017,430,6,40,2
15018,430,7,6,0
15019,430,8,14,0
15020,430,9,20,1
15021,430,10,19,1
15022,430,11,12,0
15023,430,12,18,0
15024,430,13,44,1
15025,430,14,18,0
15026,430,15,12,0
15027,430,16,20,1
15028,430,17,10,0
15029,430,18,24,1
15030,430,19,32,1
15031,430,20,11,0
15032,430,21,10,0
15033,430,22,32,1
15034,430,23,19,1
15035,430,24,24,1
15036,430,25,13,1
15037,430,26,16,1
15038,430,27,14,0
15039,430,28,25,1
15040,430,29,29,1
15041,430,30,17,1
15042,430,31,12,0
15043,430,32,22,1
15044,430,33,26,1
15045,430,34,11,0
15046,430,35,11,0
15047,431,1,14,0
15048,431,2,15,0
15049,431,3,12,0
15050,431,4,18,1
15051,431,5,12,1
15052,431,6,34,0
15053,431,7,14,0
15054,431,8,22,1
15055,431,9,8,0
15056,431,10,12,0
15057,431,11,24,1
15058,431,12,10,0
15059,431,13,12,0
15060,431,14,19,1
15061,431,15,12,1
15062,431,16,12,1
15063,431,17,17,1
15064,431,18,11,0
15065,431,19,22,0
15066,431,20,18,0
15067,431,21,18,1
15068,431,22,31,1
15069,431,23,25,0
15070,431,24,9,0
15071,431,25,7,0
15072,431,26,10,1
15073,431,27,36,2
15074,431,28,8,0
15075,431,29,8,0
15076,431,30,23,1
15077,431,31,1,0
15078,431,32,10,0
15079,431,33,17,1
15080,431,34,16,0
15081,431,35,9,0
15082,432,1,13,0
15083,432,2,19,1
15084,432,3,12,0
15085,432,4,11,0
15086,432,5,20,1
15087,432,6,34,2
15088,432,7,9,0
15089,432,8,48,1
15090,432,9,44,1
15091,432,10,11,1
15092,432,11,21,1
15093,432,12,19,0
15094,432,13,16,1
15095,432,14,16,1
15096,432,15,16,1
15097,432,16,16,0
15098,432,17,10,0
15099,432,18,18,0
15100,432,19,10,0
15101,432,20,11,1
15102,432,21,21,0
15103,432,22,21,1
15104,432,23,39,0
15105,432,24,56,2
15106,432,25,31,1
15107,432,26,41,0
15108,432,27,54,3
15109,432,28,34,2
15110,432,29,23,1
15111,432,30,18,1
15112,432,31,26,0
15113,432,32,25,1
15114,432,33,14,1
15115,432,34,29,1
15116,432,35,22,1
15117,433,1,35,2
15118,433,2,21,1
15119,433,3,20,1
15120,433,4,32,1
15121,433,5,24,1
15122,433,6,31,1
15123,433,7,61,2
15124,433,8,26,1
15125,433,9,59,3
15126,433,10,15,0
15127,433,11,26,2
15128,433,12,31,2
15129,433,13,45,2
15130,433,14,10,1
15131,433,15,22,1
15132,433,16,29,1
15133,433,17,29,1
15134,433,18,35,0
15135,433,19,23,1
15136,433,20,26,1
15137,433,21,26,1
15138,433,22,36,1
15139,433,23,32,1
15140,433,24,69,1
15141,433,25,33,1
15142,433,26,14,0
15143,433,27,24,1
15144,433,28,25,0
15145,433,29,30,1
15146,433,30,25,1
15147,433,31,34,0
15148,433,32,20,1
15149,433,33,34,2
15150,433,34,52,1
15151,433,35,56,1
15152,434,1,8,0
15153,434,2,6,0
15154,434,3,30,1
15155,434,4,11,0
15156,434,5,22,1
15157,434,6,20,1
15158,434,7,33,1
15159,434,8,29,1
15160,434,9,21,0
15161,434,10,23,1
15162,434,11,25,1
15163,434,12,13,0
15164,434,13,22,0
15165,434,14,28,0
15166,434,15,11,1
15167,434,16,16,0
15168,434,17,19,0
15169,434,18,24,1
15170,434,19,25,1
15171,434,20,9,0
15172,434,21,22,1
15173,434,22,8,0
15174,434,23,31,1
15175,434,24,15,1
15176,434,25,21,1
15177,434,26,20,0
15178,434,27,17,1
15179,434,28,26,1
15180,434,29,22,1
15181,434,30,18,1
15182,434,31,42,1
15183,434,32,22,1
15184,434,33,14,0
15185,434,34,20,1
15186,434,35,12,1
15187,435,1,9,0
15188,435,2,16,1
15189,435,3,17,1
15190,435,4,27,1
15191,435,5,10,1
15192,435,6,28,1
15193,435,7,33,1
15194,435,8,10,0
15195,435,9,18,1
15196,435,10,10,1
15197,435,11,14,1
15198,435,12,31,0
15199,435,13,33,2
15200,435,14,13,1
15201,435,15,20,1
15202,435,16,17,0
15203,435,17,34,1
15204,435,18,38,1
15205,435,19,11,0
15206,435,20,19,1
15207,435,21,39,2
15208,435,22,5,0
15209,435,23,28,1
15210,435,24,15,0
15211,435,25,16,1
15212,435,26,5,0
15213,435,27,17,1
15214,435,28,7,0
15215,435,29,18,1
15216,435,30,21,1
15217,435,31,27,1
15218,435,32,12,0
15219,435,33,7,0
15220,435,34,20,1
15221,435,35,6,0
15222,436,1,16,0
15223,436,2,40,2
15224,436,3,41,2
15225,436,4,14,0
15226,436,5,10,1
15227,436,6,26,1
15228,436,7,37,1
15229,436,8,8,0
15230,436,9,32,1
15231,436,10,17,0
15232,436,11,45,2
15233,436,12,18,1
15234,436,13,24,1
15235,436,14,10,1
15236,436,15,12,1
15237,436,16,37,1
15238,436,17,26,0
15239,436,18,13,0
15240,436,19,32,1
15241,436,20,21,1
15242,436,21,28,1
15243,436,22,36,2
15244,436,23,40,2
15245,436,24,17,1
15246,436,25,19,0
15247,436,26,31,1
15248,436,27,17,1
15249,436,28,14,1
15250,436,29,25,1
15251,436,30,44,2
15252,436,31,39,2
15253,436,32,23,1
15254,436,33,17,0
15255,436,34,26,0
15256,436,35,22,1
15257,437,1,49,3
15258,437,2,17,1
15259,437,3,34,1
15260,437,4,14,0
15261,437,5,55,3
15262,437,6,60,3
15263,437,7,16,1
15264,437,8,22,1
15265,437,9,11,0
15266,437,10,28,1
15267,437,11,39,2
15268,437,12,33,0
15269,437,13,42,1
15270,437,14,22,1
15271,437,15,22,1
15272,437,16,7,0
15273,437,17,28,0
15274,437,18,36,1
15275,437,19,17,1
15276,437,20,22,1
15277,437,21,42,2
15278,437,22,25,0
15279,437,23,41,2
15280,437,24,30,1
15281,437,25,51,2
15282,437,26,46,1
15283,437,27,25,0
15284,437,28,24,1
15285,437,29,31,1
15286,437,30,20,1
15287,437,31,21,1
15288,437,32,22,0
15289,437,33,34,1
15290,437,34,77,4
15291,437,35,26,1
15292,438,1,40,1
15293,438,2,17,1
15294,438,3,44,1
15295,438,4,23,1
15296,438,5,26,1
15297,438,6,14,1
15298,438,7,24,1
15299,438,8,19,1
15300,438,9,37,0
15301,438,10,14,1
15302,438,11,24,1
15303,438,12,25,1
15304,438,13,13,0
15305,438,14,18,1
15306,438,15,42,1
15307,438,16,22,1
15308,438,17,29,1
15309,438,18,13,1
15310,438,19,12,0
15311,438,20,33,1
15312,438,21,25,1
15313,438,22,32,1
15314,438,23,21,1
15315,438,24,27,1
15316,438,25,19,0
15317,438,26,22,1
15318,438,27,32,1
15319,438,28,11,0
15320,438,29,14,0
15321,438,30,24,0
15322,438,31,17,1
15323,438,32,32,2
15324,438,33,6,0
15325,438,34,34,2
15326,438,35,13,0
15327,439,1,4,0
15328,439,2,23,1
15329,439,3,7,0
15330,439,4,7,0
15331,439,5,37,2
15332,439,6,28,1
15333,439,7,34,2
15334,439,8,31,1
15335,439,9,22,1
15336,439,10,27,1
15337,439,11,42,2
15338,439,12,15,1
15339,439,13,13,0
15340,439,14,11,0
15341,439,15,31,0
15342,439,16,17,1
15343,439,17,26,1
15344,439,18,12,0
15345,439,19,27,1
15346,439,20,21,0
15347,439,21,12,0
15348,439,22,26,1
15349,439,23,26,1
15350,439,24,27,1
15351,439,25,18,0
15352,439,26,19,1
15353,439,27,15,0
15354,439,28,11,0
15355,439,29,16,1
15356,439,30,41,0
15357,439,31,26,1
15358,439,32,19,0
15359,439,33,14,1
15360,439,34,23,1
15361,439,35,19,1
15362,440,1,43,2
15363,440,2,30,1
15364,440,3,10,0
15365,440,4,22,1
15366,440,5,20,1
15367,440,6,46,2
15368,440,7,20,1
15369,440,8,20,0
15370,440,9,36,1
15371,440,10,23,1
15372,440,11,46,1
15373,440,12,20,1
15374,440,13,45,1
15375,440,14,42,3
15376,440,15,6,0
15377,440,16,19,1
15378,440,17,33,1
15379,440,18,28,1
15380,440,19,24,0
15381,440,20,15,0
15382,440,21,46,2
15383,440,22,42,1
15384,440,23,15,0
15385,440,24,17,1
15386,440,25,16,0
15387,440,26,22,0
15388,440,27,41,2
15389,440,28,25,1
15390,440,29,24,0
15391,440,30,17,1
15392,440,31,40,2
15393,440,32,18,1
15394,440,33,28,1
15395,440,34,15,0
15396,440,35,26,1
15397,441,1,40,2
15398,441,2,15,1
15399,441,3,50,2
15400,441,4,18,1
15401,441,5,41,2
15402,441,6,20,1
15403,441,7,27,0
15404,441,8,31,0
15405,441,9,29,2
15406,441,10,18,0
15407,441,11,16,0
15408,441,12,36,2
15409,441,13,27,0
15410,441,14,59,2
15411,441,15,34,2
15412,441,16,27,1
15413,441,17,21,1
15414,441,18,17,1
15415,441,19,25,1
15416,441,20,73,4
15417,441,21,41,2
15418,441,22,37,1
15419,441,23,34,1
15420,441,24,19,0
15421,441,25,44,1
15422,441,26,21,0
15423,441,27,26,1
15424,441,28,19,1
15425,441,29,18,1
15426,441,30,8,0
15427,441,31,16,0
15428,441,32,32,2
15429,441,33,16,1
15430,441,34,25,1
15431,441,35,43,2
15432,442,1,23,0
15433,442,2,23,0
15434,442,3,5,0
15435,442,4,11,0
15436,442,5,29,1
15437,442,6,29,1
15438,442,7,12,0
15439,442,8,14,1
15440,442,9,40,1
15441,442,10,17,0
15442,442,11,26,1
15443,442,12,35,0
15444,442,13,15,0
15445,442,14,6,0
15446,442,15,37,2
15447,442,16,19,0
15448,442,17,11,0
15449,442,18,33,1
15450,442,19,14,0
15451,442,20,12,1
15452,442,21,26,1
15453,442,22,28,0
15454,442,23,31,2
15455,442,24,9,0
15456,442,25,25,1
15457,442,26,11,0
15458,442,27,26,1
15459,442,28,16,1
15460,442,29,42,1
15461,442,30,24,1
15462,442,31,23,1
15463,442,32,18,1
15464,442,33,42,2
15465,442,34,22,1
15466,442,35,6,0
15467,443,1,39,2
15468,443,2,18,1
15469,443,3,6,0
15470,443,4,20,0
15471,443,5,14,0
15472,443,6,15,0
15473,443,7,29,1
15474,443,8,30,1
15475,443,9,20,1
15476,443,10,14,0
15477,443,11,14,0
15478,443,12,12,0
15479,443,13,28,1
15480,443,14,30,1
15481,443,15,20,1
15482,443,16,29,2
15483,443,17,8,0
15484,443,18,11,0
15485,443,19,11,1
15486,443,20,34,1
15487,443,21,22,0
15488,443,22,21,0
15489,443,23,12,0
15490,443,24,18,0
15491,443,25,35,2
15492,443,26,23,1
15493,443,27,15,0
15494,443,28,19,0
15495,443,29,22,1
15496,443,30,15,0
15497,443,31,13,0
15498,443,32,20,0
15499,443,33,32,1
15500,443,34,19,0
15501,443,35,10,0
15502,444,1,26,1
15503,444,2,15,0
15504,444,3,19,0
15505,444,4,15,0
15506,444,5,27,1
15507,444,6,20,1
15508,444,7,23,1
15509,444,8,16,0
15510,444,9,24,1
15511,444,10,42,2
15512,444,11,36,2
15513,444,12,12,1
15514,444,13,22,0
15515,444,14,33,1
15516,444,15,28,1
15517,444,16,21,0
15518,444,17,36,1
15519,444,18,12,0
15520,444,19,43,2
15521,444,20,43,1
15522,444,21,6,0
15523,444,22,17,0
15524,444,23,38,2
15525,444,24,40,1
15526,444,25,15,0
15527,444,26,22,1
15528,444,27,7,0
15529,444,28,14,1
15530,444,29,14,0
15531,444,30,17,0
15532,444,31,44,3
15533,444,32,5,0
15534,444,33,31,1
15535,444,34,18,1
15536,444,35,24,1
15537,445,1,9,0
15538,445,2,20,1
15539,445,3,15,1
15540,445,4,18,1
15541,445,5,42,2
15542,445,6,25,1
15543,445,7,19,1
15544,445,8,14,1
15545,445,9,39,2
15546,445,10,37,1
15547,445,11,20,1
15548,445,12,10,0
15549,445,13,24,0
15550,445,14,11,0
15551,445,15,31,2
15552,445,16,19,0
15553,445,17,26,1
15554,445,18,13,0
15555,445,19,21,1
15556,445,20,19,1
15557,445,21,29,1
15558,445,22,22,1
15559,445,23,22,1
15560,445,24,28,1
15561,445,25,31,1
15562,445,26,20,1
15563,445,27,13,1
15564,445,28,21,1
15565,445,29,19,0
15566,445,30,20,1
15567,445,31,16,0
15568,445,32,45,2
15569,445,33,13,1
15570,445,34,18,1
15571,445,35,22,1
15572,446,1,20,1
15573,446,2,13,0
15574,446,3,16,0
15575,446,4,14,0
15576,446,5,16,0
15577,446,6,13,0
15578,446,7,7,0
15579,446,8,17,0
15580,446,9,9,0
15581,446,10,26,1
15582,446,11,6,0
15583,446,12,19,0
15584,446,13,7,0
15585,446,14,19,1
15586,446,15,9,1
15587,446,16,20,1
15588,446,17,16,1
15589,446,18,11,0
15590,446,19,8,0
15591,446,20,11,1
15592,446,21,12,1
15593,446,22,20,1
15594,446,23,11,0
15595,446,24,33,2
15596,446,25,12,1
15597,446,26,5,0
15598,446,27,6,0
15599,446,28,19,1
15600,446,29,7,0
15601,446,30,17,0
15602,446,31,8,0
15603,446,32,14,0
15604,446,33,17,0
15605,446,34,17,1
15606,446,35,13,0
15607,447,1,18,1
15608,447,2,8,0
15609,447,3,9,0
15610,447,4,13,1
15611,447,5,20,1
15612,447,6,13,0
15613,447,7,17,0
15614,447,8,7,0
15615,447,9,13,0
15616,447,10,9,0
15617,447,11,16,0
15618,447,12,23,1
15619,447,13,32,0
15620,447,14,31,1
15621,447,15,8,0
15622,447,16,17,1
15623,447,17,5,0
15624,447,18,13,0
15625,447,19,13,1
15626,447,20,22,0
15627,447,21,12,0
15628,447,22,10,1
15629,447,23,11,1
15630,447,24,11,0
15631,447,25,10,0
15632,447,26,5,0
15633,447,27,21,1
15634,447,28,14,0
15635,447,29,9,0
15636,447,30,6,0
15637,447,31,6,0
15638,447,32,6,0
15639,447,33,14,0
15640,447,34,9,0
15641,447,35,7,0
15642,448,1,13,0
15643,448,2,15,1
15644,448,3,32,1
15645,448,4,12,1
15646,448,5,20,1
15647,448,6,58,1
15648,448,7,32,1
15649,448,8,22,1
15650,448,9,8,0
15651,448,10,21,1
15652,448,11,18,1
15653,448,12,9,0
15654,448,13,5,0
15655,448,14,34,1
15656,448,15,16,1
15657,448,16,21,1
15658,448,17,17,1
15659,448,18,12,0
15660,448,19,23,0
15661,448,20,7,0
15662,448,21,7,0
15663,448,22,16,0
15664,448,23,14,0
15665,448,24,20,1
15666,448,25,23,0
15667,448,26,31,1
15668,448,27,19,0
15669,448,28,34,1
15670,448,29,22,1
15671,448,30,40,1
15672,448,31,22,0
15673,448,32,33,1
15674,448,33,19,1
15675,448,34,15,0
15676,448,35,15,0
15677,449,1,11,0
15678,449,2,10,0
15679,449,3,15,1
15680,449,4,20,1
15681,449,5,20,1
15682,449,6,11,0
15683,449,7,13,1
15684,449,8,26,1
15685,449,9,17,1
15686,449,10,30,1
15687,449,11,11,0
15688,449,12,34,2
15689,449,13,37,1
15690,449,14,27,0
15691,449,15,19,0
15692,449,16,15,0
15693,449,17,21,1
15694,449,18,19,1
15695,449,19,13,1
15696,449,20,34,1
15697,449,21,19,1
15698,449,22,10,1
15699,449,23,15,0
15700,449,24,17,0
15701,449,25,42,2
15702,449,26,14,0
15703,449,27,40,2
15704,449,28,23,1
15705,449,29,22,1
15706,449,30,10,0
15707,449,31,10,0
15708,449,32,21,1
15709,449,33,46,1
15710,449,34,7,0
15711,449,35,14,0
15712,450,1,25,0
15713,450,2,21,1
15714,450,3,26,1
15715,450,4,16,1
15716,450,5,14,1
15717,450,6,11,0
15718,450,7,7,0
15719,450,8,16,1
15720,450,9,11,0
15721,450,10,8,0
15722,450,11,9,0
15723,450,12,23,0
15724,450,13,17,1
15725,450,14,24,1
15726,450,15,30,1
15727,450,16,16,1
15728,450,17,7,0
15729,450,18,20,0
15730,450,19,8,0
15731,450,20,9,0
15732,450,21,15,1
15733,450,22,13,0
15734,450,23,34,1
15735,450,24,14,0
15736,450,25,23,1
15737,450,26,11,0
15738,450,27,12,0
15739,450,28,13,1
15740,450,29,19,0
15741,450,30,4,0
15742,450,31,14,0
15743,450,32,28,1
15744,450,33,7,0
15745,450,34,6,0
15746,450,35,12,0
15747,451,1,14,0
15748,451,2,10,1
15749,451,3,12,1
15750,451,4,16,1
15751,451,5,17,0
15752,451,6,10,0
15753,451,7,11,0
15754,451,8,24,1
15755,451,9,9,0
15756,451,10,1,0
15757,451,11,16,1
15758,451,12,23,1
15759,451,13,3,0
15760,451,14,6,0
15761,451,15,11,0
15762,451,16,11,0
15763,451,17,14,1
15764,451,18,14,0
15765,451,19,9,0
15766,451,20,11,1
15767,451,21,14,1
15768,451,22,7,0
15769,451,23,22,1
15770,451,24,16,1
15771,451,25,3,0
15772,451,26,10,1
15773,451,27,17,1
15774,451,28,12,1
15775,451,29,10,0
15776,451,30,14,0
15777,451,31,15,1
15778,451,32,29,1
15779,451,33,10,0
15780,451,34,8,0
15781,451,35,16,1
15782,452,1,19,1
15783,452,2,9,0
15784,452,3,15,1
15785,452,4,13,1
15786,452,5,29,1
15787,452,6,6,0
15788,452,7,22,1
15789,452,8,37,1
15790,452,9,29,1
15791,452,10,24,1
15792,452,11,13,1
15793,452,12,20,1
15794,452,13,30,0
15795,452,14,12,0
15796,452,15,8,0
15797,452,16,11,1
15798,452,17,18,1
15799,452,18,29,0
15800,452,19,22,0
15801,452,20,20,1
15802,452,21,26,1
15803,452,22,20,0
15804,452,23,9,1
15805,452,24,24,1
15806,452,25,8,0
15807,452,26,26,0
15808,452,27,20,1
15809,452,28,20,1
15810,452,29,13,0
15811,452,30,12,1
15812,452,31,10,1
15813,452,32,22,1
15814,452,33,14,0
15815,452,34,20,1
15816,452,35,16,1
15817,453,1,15,1
15818,453,2,54,2
15819,453,3,29,1
15820,453,4,33,1
15821,453,5,34,1
15822,453,6,28,1
15823,453,7,28,0
15824,453,8,28,1
15825,453,9,17,1
15826,453,10,15,1
15827,453,11,38,0
15828,453,12,22,0
15829,453,13,18,1
15830,453,14,18,0
15831,453,15,39,2
15832,453,16,28,2
15833,453,17,21,1
15834,453,18,18,0
15835,453,19,33,1
15836,453,20,19,1
15837,453,21,6,0
15838,453,22,26,0
15839,453,23,21,0
15840,453,24,33,2
15841,453,25,25,0
15842,453,26,19,1
15843,453,27,16,0
15844,453,28,26,1
15845,453,29,35,1
15846,453,30,16,1
15847,453,31,19,0
15848,453,32,13,0
15849,453,33,29,0
15850,453,34,18,1
15851,453,35,16,0
15852,454,1,16,1
15853,454,2,7,0
15854,454,3,28,0
15855,454,4,20,0
15856,454,5,25,0
15857,454,6,12,0
15858,454,7,14,0
15859,454,8,7,0
15860,454,9,12,1
15861,454,10,10,0
15862,454,11,17,1
15863,454,12,24,1
15864,454,13,15,1
15865,454,14,22,1
15866,454,15,19,1
15867,454,16,13,0
15868,454,17,13,0
15869,454,18,17,1
15870,454,19,7,0
15871,454,20,18,1
15872,454,21,16,0
15873,454,22,5,0
15874,454,23,19,0
15875,454,24,10,0
15876,454,25,13,0
15877,454,26,17,1
15878,454,27,14,0
15879,454,28,11,1
15880,454,29,14,1
15881,454,30,22,1
15882,454,31,17,1
15883,454,32,10,1
15884,454,33,15,1
15885,454,34,12,0
15886,454,35,6,0
15887,455,1,6,0
15888,455,2,23,0
15889,455,3,15,0
15890,455,4,8,0
15891,455,5,30,1
15892,455,6,15,0
15893,455,7,19,0
15894,455,8,14,1
15895,455,9,18,1
15896,455,10,8,0
15897,455,11,8,0
15898,455,12,11,0
15899,455,13,12,0
15900,455,14,10,0
15901,455,15,13,1
15902,455,16,10,0
15903,455,17,22,1
15904,455,18,14,0
15905,455,19,11,1
15906,455,20,17,0
15907,455,21,22,1
15908,455,22,18,1
15909,455,23,16,0
15910,455,24,11,1
15911,455,25,11,1
15912,455,26,9,0
15913,455,27,22,1
15914,455,28,16,0
15915,455,29,11,0
15916,455,30,9,0
15917,455,31,15,0
15918,455,32,22,0
15919,455,33,15,0
15920,455,34,8,0
15921,455,35,8,0
15922,456,1,18,1
15923,456,2,27,1
15924,456,3,18,0
15925,456,4,11,0
15926,456,5,11,0
15927,456,6,28,1
15928,456,7,15,0
15929,456,8,24,1
15930,456,9,19,1
15931,456,10,15,1
15932,456,11,10,1
15933,456,12,25,0
15934,456,13,16,0
15935,456,14,21,0
15936,456,15,21,1
15937,456,16,19,1
15938,456,17,25,0
15939,456,18,36,1
15940,456,19,11,0
15941,456,20,8,0
15942,456,21,28,1
15943,456,22,13,1
15944,456,23,13,0
15945,456,24,16,1
15946,456,25,8,0
15947,456,26,26,1
15948,456,27,8,0
15949,456,28,11,1
15950,456,29,16,0
15951,456,30,12,1
15952,456,31,20,1
15953,456,32,24,1
15954,456,33,10,0
15955,456,34,13,0
15956,456,35,11,0
15957,457,1,50,2
15958,457,2,13,1
15959,457,3,29,0
15960,457,4,40,2
15961,457,5,19,1
15962,457,6,20,0
15963,457,7,59,3
15964,457,8,25,0
15965,457,9,52,3
15966,457,10,44,3
15967,457,11,30,2
15968,457,12,24,1
15969,457,13,35,1
15970,457,14,9,0
15971,457,15,10,0
15972,457,16,29,1
15973,457,17,17,0
15974,457,18,35,1
15975,457,19,15,0
15976,457,20,12,0
15977,457,21,36,2
15978,457,22,18,0
15979,457,23,13,1
15980,457,24,20,0
15981,457,25,28,1
15982,457,26,26,1
15983,457,27,20,1
15984,457,28,4,0
15985,457,29,33,1
15986,457,30,18,1
15987,457,31,38,1
15988,457,32,28,1
15989,457,33,21,1
15990,457,34,31,1
15991,457,35,24,1
15992,458,1,9,1
15993,458,2,28,1
15994,458,3,14,0
15995,458,4,17,0
15996,458,5,22,1
15997,458,6,34,2
15998,458,7,7,0
15999,458,8,4,0
16000,458,9,27,2
16001,458,10,24,0
16002,458,11,26,1
16003,458,12,13,0
16004,458,13,9,0
16005,458,14,19,1
16006,458,15,19,1
16007,458,16,17,1
16008,458,17,20,1
16009,458,18,24,0
16010,458,19,21,1
16011,458,20,12,0
16012,458,21,21,1
16013,458,22,28,1
16014,458,23,14,1
16015,458,24,22,0
16016,458,25,21,1
16017,458,26,17,0
16018,458,27,6,0
16019,458,28,15,0
16020,458,29,13,1
16021,458,30,13,1
16022,458,31,21,1
16023,458,32,26,0
16024,458,33,34,2
16025,458,34,21,1
16026,458,35,3,0
16027,459,1,21,0
16028,459,2,4,0
16029,459,3,16,1
16030,459,4,10,0
16031,459,5,17,1
16032,459,6,10,1
16033,459,7,20,0
16034,459,8,18,1
16035,459,9,7,0
16036,459,10,11,0
16037,459,11,8,0
16038,459,12,11,0
16039,459,13,13,1
16040,459,14,5,0
16041,459,15,16,1
16042,459,16,9,0
16043,459,17,21,1
16044,459,18,11,0
16045,459,19,8,0
16046,459,20,6,0
16047,459,21,19,1
16048,459,22,4,0
16049,459,23,27,1
16050,459,24,22,0
16051,459,25,14,1
16052,459,26,5,0
16053,459,27,10,0
16054,459,28,5,0
16055,459,29,22,1
16056,459,30,20,0
16057,459,31,21,0
16058,459,32,18,1
16059,459,33,4,0
16060,459,34,13,0
16061,459,35,11,0
16062,460,1,17,0
16063,460,2,14,0
16064,460,3,23,1
16065,460,4,28,1
16066,460,5,16,0
16067,460,6,28,1
16068,460,7,19,1
16069,460,8,29,1
16070,460,9,21,0
16071,460,10,16,0
16072,460,11,14,0
16073,460,12,20,1
16074,460,13,24,1
16075,460,14,24,1
16076,460,15,15,0
16077,460,16,14,0
16078,460,17,20,1
16079,460,18,15,1
16080,460,19,34,2
16081,460,20,44,1
16082,460,21,16,0
16083,460,22,23,1
16084,460,23,22,1
16085,460,24,33,1
16086,460,25,14,0
16087,460,26,18,1
16088,460,27,10,0
16089,460,28,27,2
16090,460,29,10,0
16091,460,30,3,0
16092,460,31,65,3
16093,460,32,11,0
16094,460,33,37,0
16095,460,34,38,2
16096,460,35,13,0
16097,461,1,26,1
16098,461,2,19,1
16099,461,3,44,1
16100,461,4,39,1
16101,461,5,18,0
16102,461,6,55,2
16103,461,7,27,1
16104,461,8,22,1
16105,461,9,14,0
16106,461,10,40,1
16107,461,11,12,1
16108,461,12,15,1
16109,461,13,42,2
16110,461,14,41,1
16111,461,15,23,0
16112,461,16,22,1
16113,461,17,18,1
16114,461,18,19,1
16115,461,19,56,3
16116,461,20,20,1
16117,461,21,27,1
16118,461,22,26,1
16119,461,23,32,2
16120,461,24,21,1
16121,461,25,25,1
16122,461,26,30,1
16123,461,27,33,1
16124,461,28,19,1
16125,461,29,35,2
16126,461,30,35,1
16127,461,31,35,1
16128,461,32,19,1
16129,461,33,20,1
16130,461,34,86,1
16131,461,35,28,1
16132,462,1,12,1
16133,462,2,25,1
16134,462,3,21,1
16135,462,4,21,1
16136,462,5,26,1
16137,462,6,17,1
16138,462,7,24,1
16139,462,8,15,1
16140,462,9,14,1
16141,462,10,22,1
16142,462,11,14,1
16143,462,12,14,0
16144,462,13,16,0
16145,462,14,12,0
16146,462,15,22,1
16147,462,16,31,1
16148,462,17,15,1
16149,462,18,15,0
16150,462,19,20,1
16151,462,20,27,1
16152,462,21,14,0
16153,462,22,12,0
16154,462,23,25,1
16155,462,24,11,1
16156,462,25,13,0
16157,462,26,32,1
16158,462,27,16,1
16159,462,28,12,0
16160,462,29,35,2
16161,462,30,34,1
16162,462,31,17,1
16163,462,32,28,1
16164,462,33,23,1
16165,462,34,21,1
16166,462,35,9,0
16167,463,1,10,0
16168,463,2,22,1
16169,463,3,7,0
16170,463,4,25,0
16171,463,5,14,0
16172,463,6,15,1
16173,463,7,22,1
16174,463,8,19,1
16175,463,9,18,1
16176,463,10,12,1
16177,463,11,23,1
16178,463,12,29,1
16179,463,13,19,1
16180,463,14,26,1
16181,463,15,9,0
16182,463,16,22,1
16183,463,17,12,0
16184,463,18,22,1
16185,463,19,21,1
16186,463,20,27,2
16187,463,21,20,1
16188,463,22,22,1
16189,463,23,20,1
16190,463,24,17,0
16191,463,25,31,1
16192,463,26,12,0
16193,463,27,12,1
16194,463,28,13,0
16195,463,29,25,1
16196,463,30,46,3
16197,463,31,28,1
16198,463,32,22,0
16199,463,33,26,1
16200,463,34,13,1
16201,463,35,30,0
16202,464,1,25,1
16203,464,2,15,0
16204,464,3,26,1
16205,464,4,10,0
16206,464,5,34,2
16207,464,6,24,1
16208,464,7,24,1
16209,464,8,13,1
16210,464,9,58,3
16211,464,10,30,2
16212,464,11,28,2
16213,464,12,36,2
16214,464,13,38,1
16215,464,14,31,1
16216,464,15,12,0
16217,464,16,16,1
16218,464,17,14,0
16219,464,18,62,1
16220,464,19,8,0
16221,464,20,22,1
16222,464,21,17,0
16223,464,22,19,0
16224,464,23,46,1
16225,464,24,30,2
16226,464,25,29,1
16227,464,26,28,2
16228,464,27,17,1
16229,464,28,21,0
16230,464,29,22,1
16231,464,30,11,0
16232,464,31,16,1
16233,464,32,54,1
16234,464,33,37,1
16235,464,34,40,2
16236,464,35,36,2
16237,465,1,35,1
16238,465,2,24,1
16239,465,3,30,1
16240,465,4,41,2
16241,465,5,35,1
16242,465,6,31,1
16243,465,7,36,1
16244,465,8,14,0
16245,465,9,38,2
16246,465,10,12,0
16247,465,11,17,1
16248,465,12,23,1
16249,465,13,41,1
16250,465,14,43,1
16251,465,15,30,0
16252,465,16,78,1
16253,465,17,28,1
16254,465,18,42,1
16255,465,19,17,1
16256,465,20,34,1
16257,465,21,7,0
16258,465,22,33,0
16259,465,23,26,1
16260,465,24,58,2
16261,465,25,37,2
16262,465,26,16,0
16263,465,27,22,1
16264,465,28,48,1
16265,465,29,20,0
16266,465,30,33,1
16267,465,31,18,1
16268,465,32,16,0
16269,465,33,82,4
16270,465,34,35,2
16271,465,35,40,1
16272,466,1,21,0
16273,466,2,37,1
16274,466,3,21,1
16275,466,4,8,0
16276,466,5,16,1
16277,466,6,14,0
16278,466,7,39,1
16279,466,8,15,1
16280,466,9,19,1
16281,466,10,16,0
16282,466,11,42,2
16283,466,12,17,0
16284,466,13,18,1
16285,466,14,8,0
16286,466,15,20,1
16287,466,16,21,1
16288,466,17,39,2
16289,466,18,23,0
16290,466,19,22,1
16291,466,20,48,1
16292,466,21,10,0
16293,466,22,26,0
16294,466,23,13,1
16295,466,24,18,1
16296,466,25,16,1
16297,466,26,31,2
16298,466,27,22,0
16299,466,28,19,0
16300,466,29,22,1
16301,466,30,22,1
16302,466,31,8,0
16303,466,32,34,1
16304,466,33,25,1
16305,466,34,9,0
16306,466,35,18,0
16307,467,1,31,2
16308,467,2,24,1
16309,467,3,20,1
16310,467,4,12,0
16311,467,5,21,1
16312,467,6,11,0
16313,467,7,11,1
16314,467,8,17,0
16315,467,9,23,0
16316,467,10,15,0
16317,467,11,18,1
16318,467,12,18,1
16319,467,13,33,1
16320,467,14,23,1
16321,467,15,11,0
16322,467,16,22,0
16323,467,17,31,1
16324,467,18,18,1
16325,467,19,16,0
16326,467,20,17,1
16327,467,21,32,2
16328,467,22,28,1
16329,467,23,12,0
16330,467,24,27,1
16331,467,25,26,1
16332,467,26,25,0
16333,467,27,12,0
16334,467,28,12,0
16335,467,29,47,2
16336,467,30,21,1
16337,467,31,38,2
16338,467,32,9,0
16339,467,33,19,0
16340,467,34,12,0
16341,467,35,8,0
16342,468,1,34,2
16343,468,2,8,0
16344,468,3,19,1
16345,468,4,14,0
16346,468,5,15,0
16347,468,6,36,1
16348,468,7,35,1
16349,468,8,16,1
16350,468,9,35,2
16351,468,10,16,0
16352,468,11,33,2
16353,468,12,20,0
16354,468,13,45,1
16355,468,14,37,1
16356,468,15,25,1
16357,468,16,14,1
16358,468,17,15,0
16359,468,18,25,1
16360,468,19,40,1
16361,468,20,23,1
16362,468,21,24,1
16363,468,22,12,1
16364,468,23,13,0
16365,468,24,37,1
16366,468,25,29,1
16367,468,26,25,1
16368,468,27,4,0
16369,468,28,26,1
16370,468,29,29,0
16371,468,30,25,0
16372,468,31,18,1
16373,468,32,39,1
16374,468,33,30,1
16375,468,34,17,1
16376,468,35,35,2
16377,469,1,34,1
16378,469,2,42,2
16379,469,3,21,1
16380,469,4,16,0
16381,469,5,15,0
16382,469,6,19,1
16383,469,7,27,1
16384,469,8,26,1
16385,469,9,24,1
16386,469,10,15,1
16387,469,11,26,1
16388,469,12,32,1
16389,469,13,38,2
16390,469,14,60,1
16391,469,15,13,1
16392,469,16,26,1
16393,469,17,39,0
16394,469,18,50,2
16395,469,19,18,1
16396,469,20,26,1
16397,469,21,55,1
16398,469,22,32,1
16399,469,23,34,1
16400,469,24,28,2
16401,469,25,10,0
16402,469,26,29,1
16403,469,27,28,1
16404,469,28,18,0
16405,469,29,17,0
16406,469,30,31,1
16407,469,31,11,1
16408,469,32,32,2
16409,469,33,39,1
16410,469,34,23,0
16411,469,35,16,1
16412,470,1,29,2
16413,470,2,15,0
16414,470,3,10,0
16415,470,4,24,1
16416,470,5,9,0
16417,470,6,18,1
16418,470,7,24,1
16419,470,8,39,1
16420,470,9,13,0
16421,470,10,10,0
16422,470,11,20,1
16423,470,12,10,1
16424,470,13,30,1
16425,470,14,31,0
16426,470,15,12,1
16427,470,16,20,1
16428,470,17,10,0
16429,470,18,18,0
16430,470,19,29,1
16431,470,20,7,0
16432,470,21,23,1
16433,470,22,16,1
16434,470,23,32,1
16435,470,24,10,0
16436,470,25,20,1
16437,470,26,38,1
16438,470,27,27,0
16439,470,28,42,1
16440,470,29,16,0
16441,470,30,29,2
16442,470,31,19,1
16443,470,32,23,0
16444,470,33,17,0
16445,470,34,17,1
16446,470,35,25,1
16447,471,1,8,0
16448,471,2,13,1
16449,471,3,18,0
16450,471,4,9,0
16451,471,5,11,0
16452,471,6,14,1
16453,471,7,22,1
16454,471,8,14,0
16455,471,9,25,1
16456,471,10,8,0
16457,471,11,17,0
16458,471,12,21,1
16459,471,13,15,1
16460,471,14,13,0
16461,471,15,13,0
16462,471,16,19,0
16463,471,17,12,0
16464,471,18,11,1
16465,471,19,15,0
16466,471,20,4,0
16467,471,21,15,1
16468,471,22,23,0
16469,471,23,15,1
16470,471,24,14,1
16471,471,25,21,1
16472,471,26,21,0
16473,471,27,26,1
16474,471,28,20,1
16475,471,29,27,1
16476,471,30,22,0
16477,471,31,28,1
16478,471,32,19,1
16479,471,33,21,1
16480,471,34,8,0
16481,471,35,13,1
16482,472,1,31,1
16483,472,2,43,1
16484,472,3,45,1
16485,472,4,22,1
16486,472,5,27,0
16487,472,6,19,1
16488,472,7,27,1
16489,472,8,19,1
16490,472,9,18,1
16491,472,10,26,1
16492,472,11,10,1
16493,472,12,10,1
16494,472,13,28,1
16495,472,14,17,1
16496,472,15,29,1
16497,472,16,23,1
16498,472,17,32,1
16499,472,18,24,1
16500,472,19,43,2
16501,472,20,5,0
16502,472,21,25,0
16503,472,22,21,1
16504,472,23,55,3
16505,472,24,28,1
16506,472,25,13,1
16507,472,26,11,1
16508,472,27,19,1
16509,472,28,22,1
16510,472,29,27,1
16511,472,30,21,1
16512,472,31,22,0
16513,472,32,19,1
16514,472,33,33,2
16515,472,34,22,1
16516,472,35,48,1
16517,473,1,37,2
16518,473,2,27,0
16519,473,3,9,0
16520,473,4,52,1
16521,473,5,14,1
16522,473,6,43,0
16523,473,7,30,2
16524,473,8,13,1
16525,473,9,17,0
16526,473,10,18,0
16527,473,11,22,1
16528,473,12,25,1
16529,473,13,18,1
16530,473,14,23,1
16531,473,15,21,1
16532,473,16,23,1
16533,473,17,32,1
16534,473,18,14,0
16535,473,19,17,1
16536,473,20,16,0
16537,473,21,18,1
16538,473,22,45,3
16539,473,23,26,1
16540,473,24,13,0
16541,473,25,33,1
16542,473,26,18,0
16543,473,27,11,1
16544,473,28,27,1
16545,473,29,22,1
16546,473,30,18,1
16547,473,31,5,0
16548,473,32,12,0
16549,473,33,9,0
16550,473,34,21,1
16551,473,35,13,1
16552,474,1,34,1
16553,474,2,6,0
16554,474,3,2,0
16555,474,4,4,0
16556,474,5,15,0
16557,474,6,6,0
16558,474,7,11,1
16559,474,8,7,0
16560,474,9,10,0
16561,474,10,32,1
16562,474,11,20,0
16563,474,12,25,1
16564,474,13,17,0
16565,474,14,16,1
16566,474,15,22,1
16567,474,16,15,1
16568,474,17,13,1
16569,474,18,30,1
16570,474,19,29,1
16571,474,20,40,1
16572,474,21,10,0
16573,474,22,17,1
16574,474,23,10,1
16575,474,24,13,0
16576,474,25,14,0
16577,474,26,19,1
16578,474,27,18,1
16579,474,28,21,1
16580,474,29,12,1
16581,474,30,3,0
16582,474,31,19,0
16583,474,32,21,1
16584,474,33,19,0
16585,474,34,21,1
16586,474,35,12,0
16587,475,1,15,1
16588,475,2,16,1
16589,475,3,7,0
16590,475,4,9,1
16591,475,5,25,1
16592,475,6,12,0
16593,475,7,5,0
16594,475,8,7,0
16595,475,9,12,0
16596,475,10,9,0
16597,475,11,19,1
16598,475,12,17,1
16599,475,13,13,0
16600,475,14,14,1
16601,475,15,24,1
16602,475,16,8,0
16603,475,17,9,0
16604,475,18,8,0
16605,475,19,18,0
16606,475,20,12,1
16607,475,21,17,1
16608,475,22,15,0
16609,475,23,12,0
16610,475,24,15,1
16611,475,25,21,1
16612,475,26,16,0
16613,475,27,6,0
16614,475,28,17,1
16615,475,29,26,0
16616,475,30,5,0
16617,475,31,12,0
16618,475,32,16,1
16619,475,33,9,0
16620,475,34,15,1
16621,475,35,8,0
16622,476,1,9,0
16623,476,2,35,1
16624,476,3,39,2
16625,476,4,21,1
16626,476,5,16,1
16627,476,6,23,1
16628,476,7,31,1
16629,476,8,57,1
16630,476,9,14,1
16631,476,10,16,0
16632,476,11,14,0
16633,476,12,30,0
16634,476,13,47,1
16635,476,14,17,0
16636,476,15,19,1
16637,476,16,13,1
16638,476,17,12,1
16639,476,18,18,1
16640,476,19,5,0
16641,476,20,7,0
16642,476,21,29,1
16643,476,22,26,1
16644,476,23,14,1
16645,476,24,9,0
16646,476,25,11,0
16647,476,26,19,0
16648,476,27,18,0
16649,476,28,19,1
16650,476,29,12,1
16651,476,30,12,0
16652,476,31,38,0
16653,476,32,15,0
16654,476,33,33,1
16655,476,34,17,1
16656,476,35,21,1
16657,477,1,9,0
16658,477,2,43,2
16659,477,3,17,0
16660,477,4,22,1
16661,477,5,14,0
16662,477,6,22,1
16663,477,7,18,0
16664,477,8,28,1
16665,477,9,7,0
16666,477,10,25,1
16667,477,11,5,0
16668,477,12,47,1
16669,477,13,17,1
16670,477,14,64,3
16671,477,15,43,1
16672,477,16,26,0
16673,477,17,19,1
16674,477,18,18,0
16675,477,19,21,1
16676,477,20,39,1
16677,477,21,10,0
16678,477,22,28,1
16679,477,23,25,0
16680,477,24,12,0
16681,477,25,25,1
16682,477,26,8,0
16683,477,27,6,0
16684,477,28,9,0
16685,477,29,16,1
16686,477,30,16,1
16687,477,31,23,0
16688,477,32,31,0
16689,477,33,19,1
16690,477,34,27,1
16691,477,35,28,1
16692,478,1,19,1
16693,478,2,13,1
16694,478,3,15,1
16695,478,4,9,0
16696,478,5,10,0
16697,478,6,9,0
16698,478,7,14,1
16699,478,8,15,1
16700,478,9,12,1
16701,478,10,13,0
16702,478,11,21,1
16703,478,12,18,0
16704,478,13,13,1
16705,478,14,19,1
16706,478,15,9,0
16707,478,16,26,1
16708,478,17,25,1
16709,478,18,7,0
16710,478,19,13,1
16711,478,20,7,0
16712,478,21,15,0
16713,478,22,11,1
16714,478,23,15,1
16715,478,24,8,0
16716,478,25,14,0
16717,478,26,22,1
16718,478,27,20,0
16719,478,28,13,0
16720,478,29,23,0
16721,478,30,12,0
16722,478,31,21,1
16723,478,32,16,0
16724,478,33,16,0
16725,478,34,13,0
16726,478,35,25,1
16727,479,1,21,0
16728,479,2,14,0
16729,479,3,7,0
16730,479,4,19,1
16731,479,5,7,0
16732,479,6,11,0
16733,479,7,9,0
16734,479,8,9,0
16735,479,9,21,1
16736,479,10,14,1
16737,479,11,6,0
16738,479,12,31,1
16739,479,13,10,0
16740,479,14,17,0
16741,479,15,9,0
16742,479,16,6,0
16743,479,17,15,0
16744,479,18,19,0
16745,479,19,12,1
16746,479,20,12,1
16747,479,21,12,0
16748,479,22,11,0
16749,479,23,8,0
16750,479,24,9,0
16751,479,25,15,1
16752,479,26,25,1
16753,479,27,23,1
16754,479,28,7,0
16755,479,29,15,1
16756,479,30,4,0
16757,479,31,15,0
16758,479,32,12,0
16759,479,33,9,0
16760,479,34,14,0
16761,479,35,10,0
16762,480,1,17,1
16763,480,2,16,1
16764,480,3,24,0
16765,480,4,24,0
16766,480,5,32,1
16767,480,6,19,1
16768,480,7,37,2
16769,480,8,12,1
16770,480,9,20,1
16771,480,10,23,1
16772,480,11,15,1
16773,480,12,13,0
16774,480,13,34,0
16775,480,14,21,1
16776,480,15,16,1
16777,480,16,21,0
16778,480,17,12,1
16779,480,18,7,0
16780,480,19,19,1
16781,480,20,11,1
16782,480,21,44,1
16783,480,22,50,2
16784,480,23,14,1
16785,480,24,28,1
16786,480,25,17,0
16787,480,26,20,0
16788,480,27,29,2
16789,480,28,21,1
16790,480,29,11,0
16791,480,30,47,2
16792,480,31,16,0
16793,480,32,16,0
16794,480,33,11,0
16795,480,34,13,0
16796,480,35,18,0
16797,481,1,14,0
16798,481,2,18,0
16799,481,3,24,1
16800,481,4,15,1
16801,481,5,26,1
16802,481,6,12,0
16803,481,7,39,1
16804,481,8,16,1
16805,481,9,38,1
16806,481,10,28,0
16807,481,11,11,0
16808,481,12,33,0
16809,481,13,22,1
16810,481,14,12,0
16811,481,15,12,1
16812,481,16,21,0
16813,481,17,14,0
16814,481,18,21,1
16815,481,19,25,1
16816,481,20,25,0
16817,481,21,40,1
16818,481,22,21,0
16819,481,23,9,0
16820,481,24,31,1
16821,481,25,29,2
16822,481,26,29,1
16823,481,27,26,1
16824,481,28,34,1
16825,481,29,38,1
16826,481,30,14,0
16827,481,31,11,0
16828,481,32,21,1
16829,481,33,44,1
16830,481,34,23,1
16831,481,35,14,0
16832,482,1,29,1
16833,482,2,28,1
16834,482,3,8,0
16835,482,4,8,0
16836,482,5,17,1
16837,482,6,11,0
16838,482,7,15,0
16839,482,8,15,1
16840,482,9,24,1
16841,482,10,13,1
16842,482,11,12,0
16843,482,12,7,0
16844,482,13,32,2
16845,482,14,25,1
16846,482,15,9,0
16847,482,16,7,0
16848,482,17,20,1
16849,482,18,10,0
16850,482,19,14,1
16851,482,20,18,1
16852,482,21,18,1
16853,482,22,30,0
16854,482,23,13,0
16855,482,24,17,0
16856,482,25,22,1
16857,482,26,11,0
16858,482,27,11,1
16859,482,28,20,1
16860,482,29,19,1
16861,482,30,19,0
16862,482,31,8,0
16863,482,32,20,0
16864,482,33,26,1
16865,482,34,22,1
16866,482,35,9,0
16867,483,1,9,0
16868,483,2,8,0
16869,483,3,20,1
16870,483,4,31,1
16871,483,5,15,1
16872,483,6,9,0
16873,483,7,13,0
16874,483,8,14,0
16875,483,9,18,0
16876,483,10,21,1
16877,483,11,12,0
16878,483,12,13,1
16879,483,13,13,1
16880,483,14,6,0
16881,483,15,5,0
16882,483,16,4,0
16883,483,17,11,1
16884,483,18,20,1
16885,483,19,15,1
16886,483,20,27,0
16887,483,21,11,0
16888,483,22,11,1
16889,483,23,5,0
16890,483,24,15,0
16891,483,25,7,0
16892,483,26,18,0
16893,483,27,13,0
16894,483,28,14,1
16895,483,29,10,0
16896,483,30,22,1
16897,483,31,12,0
16898,483,32,13,0
16899,483,33,9,0
16900,483,34,25,1
16901,483,35,4,0
16902,484,1,18,0
16903,484,2,27,1
16904,484,3,18,1
16905,484,4,17,0
16906,484,5,21,1
16907,484,6,20,1
16908,484,7,13,0
16909,484,8,20,1
16910,484,9,17,1
16911,484,10,20,1
16912,484,11,9,0
16913,484,12,22,1
16914,484,13,28,1
16915,484,14,25,1
16916,484,15,19,1
16917,484,16,26,1
16918,484,17,13,0
16919,484,18,38,2
16920,484,19,22,1
16921,484,20,20,1
16922,484,21,9,0
16923,484,22,16,0
16924,484,23,21,0
16925,484,24,10,0
16926,484,25,24,1
16927,484,26,25,1
16928,484,27,11,0
16929,484,28,19,1
16930,484,29,32,2
16931,484,30,30,1
16932,484,31,15,0
16933,484,32,34,1
16934,484,33,22,1
16935,484,34,19,1
16936,484,35,42,1
16937,485,1,22,1
16938,485,2,22,1
16939,485,3,14,1
16940,485,4,37,1
16941,485,5,21,0
16942,485,6,28,1
16943,485,7,33,1
16944,485,8,33,1
16945,485,9,13,0
16946,485,10,17,1
16947,485,11,40,1
16948,485,12,15,0
16949,485,13,41,1
16950,485,14,12,0
16951,485,15,37,1
16952,485,16,32,1
16953,485,17,26,1
16954,485,18,29,1
16955,485,19,14,1
16956,485,20,16,1
16957,485,21,19,1
16958,485,22,20,1
16959,485,23,32,2
16960,485,24,15,1
16961,485,25,26,1
16962,485,26,21,0
16963,485,27,14,1
16964,485,28,16,1
16965,485,29,18,1
16966,485,30,30,1
16967,485,31,11,1
16968,485,32,14,0
16969,485,33,20,0
16970,485,34,12,0
16971,485,35,21,1
16972,486,1,12,1
16973,486,2,16,0
16974,486,3,21,1
16975,486,4,18,1
16976,486,5,18,1
16977,486,6,9,0
16978,486,7,18,1
16979,486,8,15,0
16980,486,9,9,0
16981,486,10,19,1
16982,486,11,18,0
16983,486,12,3,0
16984,486,13,27,0
16985,486,14,14,1
16986,486,15,20,1
16987,486,16,19,1
16988,486,17,36,2
16989,486,18,16,1
16990,486,19,12,0
16991,486,20,37,2
16992,486,21,8,0
16993,486,22,18,1
16994,486,23,13,0
16995,486,24,24,1
16996,486,25,31,2
16997,486,26,9,0
16998,486,27,8,0
16999,486,28,6,0
17000,486,29,13,1
17001,486,30,18,1
17002,486,31,7,0
17003,486,32,18,1
17004,486,33,14,1
17005,486,34,12,0
17006,486,35,37,2
17007,487,1,25,1
17008,487,2,26,1
17009,487,3,15,0
17010,487,4,18,1
17011,487,5,21,1
17012,487,6,5,0
17013,487,7,7,0
17014,487,8,12,1
17015,487,9,13,0
17016,487,10,11,0
17017,487,11,15,1
17018,487,12,17,1
17019,487,13,10,0
17020,487,14,10,0
17021,487,15,7,0
17022,487,16,36,2
17023,487,17,5,0
17024,487,18,22,0
17025,487,19,11,1
17026,487,20,21,1
17027,487,21,5,0
17028,487,22,18,1
17029,487,23,22,1
17030,487,24,17,0
17031,487,25,14,1
17032,487,26,11,0
17033,487,27,29,1
17034,487,28,7,0
17035,487,29,15,1
17036,487,30,8,0
17037,487,31,21,1
17038,487,32,13,1
17039,487,33,21,0
17040,487,34,9,0
17041,487,35,4,0
17042,488,1,15,1
17043,488,2,23,1
17044,488,3,20,1
17045,488,4,28,1
17046,488,5,22,1
17047,488,6,22,0
17048,488,7,33,1
17049,488,8,15,0
17050,488,9,21,1
17051,488,10,32,1
17052,488,11,30,2
17053,488,12,24,0
17054,488,13,23,1
17055,488,14,18,0
17056,488,15,22,1
17057,488,16,14,1
17058,488,17,8,0
17059,488,18,21,1
17060,488,19,16,0
17061,488,20,11,0
17062,488,21,25,1
17063,488,22,11,0
17064,488,23,28,1
17065,488,24,17,0
17066,488,25,14,1
17067,488,26,31,1
17068,488,27,26,1
17069,488,28,29,0
17070,488,29,29,2
17071,488,30,29,1
17072,488,31,10,0
17073,488,32,26,0
17074,488,33,30,1
17075,488,34,19,1
17076,488,35,16,0
17077,489,1,18,1
17078,489,2,32,1
17079,489,3,48,3
17080,489,4,56,2
17081,489,5,40,2
17082,489,6,51,3
17083,489,7,25,1
17084,489,8,18,1
17085,489,9,39,2
17086,489,10,24,1
17087,489,11,32,1
17088,489,12,23,1
17089,489,13,32,2
17090,489,14,27,1
17091,489,15,21,0
17092,489,16,28,1
17093,489,17,31,1
17094,489,18,29,1
17095,489,19,54,2
17096,489,20,33,1
17097,489,21,48,1
17098,489,22,46,2
17099,489,23,16,0
17100,489,24,45,2
17101,489,25,60,1
17102,489,26,38,2
17103,489,27,33,1
17104,489,28,22,1
17105,489,29,43,0
17106,489,30,19,0
17107,489,31,22,1
17108,489,32,12,0
17109,489,33,42,1
17110,489,34,25,1
17111,489,35,45,2
17112,490,1,32,1
17113,490,2,17,0
17114,490,3,17,0
17115,490,4,11,0
17116,490,5,12,1
17117,490,6,36,2
17118,490,7,14,1
17119,490,8,25,1
17120,490,9,31,1
17121,490,10,33,1
17122,490,11,16,1
17123,490,12,13,1
17124,490,13,6,0
17125,490,14,28,1
17126,490,15,8,0
17127,490,16,13,0
17128,490,17,16,0
17129,490,18,12,0
17130,490,19,19,0
17131,490,20,18,0
17132,490,21,11,1
17133,490,22,19,0
17134,490,23,34,1
17135,490,24,8,0
17136,490,25,15,0
17137,490,26,17,1
17138,490,27,20,1
17139,490,28,17,0
17140,490,29,19,0
17141,490,30,18,1
17142,490,31,33,0
17143,490,32,16,1
17144,490,33,25,1
17145,490,34,11,0
17146,490,35,22,1
17147,491,1,23,1
17148,491,2,10,0
17149,491,3,23,1
17150,491,4,18,1
17151,491,5,11,1
17152,491,6,19,1
17153,491,7,37,1
17154,491,8,20,1
17155,491,9,11,0
17156,491,10,29,1
17157,491,11,9,0
17158,491,12,20,1
17159,491,13,8,0
17160,491,14,16,0
17161,491,15,29,0
17162,491,16,21,1
17163,491,17,7,0
17164,491,18,8,0
17165,491,19,7,0
17166,491,20,12,0
17167,491,21,17,1
17168,491,22,20,1
17169,491,23,16,1
17170,491,24,21,0
17171,491,25,35,1
17172,491,26,10,0
17173,491,27,8,0
17174,491,28,12,0
17175,491,29,18,1
17176,491,30,17,1
17177,491,31,18,1
17178,491,32,11,0
17179,491,33,28,1
17180,491,34,13,0
17181,491,35,7,0
17182,492,1,37,1
17183,492,2,27,1
17184,492,3,18,1
17185,492,4,54,3
17186,492,5,27,1
17187,492,6,23,1
17188,492,7,29,1
17189,492,8,22,0
17190,492,9,26,1
17191,492,10,15,1
17192,492,11,19,0
17193,492,12,56,1
17194,492,13,23,1
17195,492,14,25,1
17196,492,15,10,0
17197,492,16,14,0
17198,492,17,15,1
17199,492,18,32,1
17200,492,19,19,1
17201,492,20,44,2
17202,492,21,14,1
17203,492,22,40,1
17204,492,23,14,0
17205,492,24,44,3
17206,492,25,31,0
17207,492,26,21,1
17208,492,27,22,1
17209,492,28,34,1
17210,492,29,28,1
17211,492,30,16,1
17212,492,31,12,0
17213,492,32,20,0
17214,492,33,35,2
17215,492,34,20,0
17216,492,35,19,1
17217,493,1,26,1
17218,493,2,51,2
17219,493,3,14,1
17220,493,4,27,1
17221,493,5,39,1
17222,493,6,30,1
17223,493,7,52,2
17224,493,8,35,2
17225,493,9,28,1
17226,493,10,42,2
17227,493,11,51,1
17228,493,12,17,0
17229,493,13,13,0
17230,493,14,10,1
17231,493,15,26,1
17232,493,16,53,1
17233,493,17,79,2
17234,493,18,44,2
17235,493,19,15,1
17236,493,20,26,1
17237,493,21,17,1
17238,493,22,64,1
17239,493,23,23,1
17240,493,24,13,1
17241,493,25,40,1
17242,493,26,74,2
17243,493,27,61,3
17244,493,28,25,1
17245,493,29,31,0
17246,493,30,35,1
17247,493,31,16,1
17248,493,32,25,1
17249,493,33,31,1
17250,493,34,33,1
17251,493,35,15,1
17252,494,1,21,1
17253,494,2,11,0
17254,494,3,20,1
17255,494,4,28,0
17256,494,5,15,0
17257,494,6,21,1
17258,494,7,13,0
17259,494,8,19,1
17260,494,9,48,1
17261,494,10,20,1
17262,494,11,37,2
17263,494,12,38,2
17264,494,13,18,0
17265,494,14,16,1
17266,494,15,17,0
17267,494,16,15,0
17268,494,17,29,1
17269,494,18,29,1
17270,494,19,31,1
17271,494,20,10,0
17272,494,21,19,0
17273,494,22,11,0
17274,494,23,46,2
17275,494,24,25,0
17276,494,25,20,0
17277,494,26,18,1
17278,494,27,22,1
17279,494,28,36,1
17280,494,29,44,1
17281,494,30,34,0
17282,494,31,19,0
17283,494,32,10,0
17284,494,33,9,1
17285,494,34,27,0
17286,494,35,17,1
17287,495,1,27,2
17288,495,2,3,0
17289,495,3,34,2
17290,495,4,23,1
17291,495,5,23,1
17292,495,6,12,0
17293,495,7,35,2
17294,495,8,21,1
17295,495,9,12,1
17296,495,10,18,0
17297,495,11,27,1
17298,495,12,18,1
17299,495,13,25,1
17300,495,14,38,0
17301,495,15,23,1
17302,495,16,33,1
17303,495,17,13,0
17304,495,18,2,0
17305,495,19,24,1
17306,495,20,16,0
17307,495,21,12,0
17308,495,22,32,2
17309,495,23,30,1
17310,495,24,13,0
17311,495,25,38,2
17312,495,26,15,1
17313,495,27,10,0
17314,495,28,13,1
17315,495,29,8,0
17316,495,30,28,1
17317,495,31,16,0
17318,495,32,20,0
17319,495,33,11,0
17320,495,34,22,0
17321,495,35,20,1
17322,496,1,28,1
17323,496,2,8,0
17324,496,3,18,1
17325,496,4,41,1
17326,496,5,33,1
17327,496,6,14,1
17328,496,7,13,1
17329,496,8,30,1
17330,496,9,17,0
17331,496,10,47,1
17332,496,11,31,0
17333,496,12,45,1
17334,496,13,31,2
17335,496,14,21,1
17336,496,15,22,0
17337,496,16,45,2
17338,496,17,18,1
17339,496,18,35,1
17340,496,19,37,2
17341,496,20,32,0
17342,496,21,13,1
17343,496,22,46,2
17344,496,23,42,1
17345,496,24,25,0
17346,496,25,23,1
17347,496,26,37,1
17348,496,27,16,1
17349,496,28,32,1
17350,496,29,26,1
17351,496,30,15,1
17352,496,31,14,1
17353,496,32,19,0
17354,496,33,15,1
17355,496,34,25,0
17356,496,35,38,2
17357,497,1,44,2
17358,497,2,27,1
17359,497,3,78,1
17360,497,4,11,0
17361,497,5,28,1
17362,497,6,27,2
17363,497,7,24,1
17364,497,8,10,0
17365,497,9,67,3
17366,497,10,27,1
17367,497,11,55,3
17368,497,12,6,0
17369,497,13,35,2
17370,497,14,30,1
17371,497,15,21,0
17372,497,16,40,0
17373,497,17,27,1
17374,497,18,20,1
17375,497,19,33,1
17376,497,20,18,0
17377,497,21,42,2
17378,497,22,31,2
17379,497,23,26,2
17380,497,24,50,1
17381,497,25,25,1
17382,497,26,16,0
17383,497,27,29,0
17384,497,28,22,1
17385,497,29,46,2
17386,497,30,21,1
17387,497,31,37,1
17388,497,32,20,1
17389,497,33,21,1
17390,497,34,28,1
17391,497,35,90,4
17392,498,1,36,1
17393,498,2,30,1
17394,498,3,8,0
17395,498,4,32,1
17396,498,5,22,1
17397,498,6,9,0
17398,498,7,35,1
17399,498,8,14,1
17400,498,9,19,1
17401,498,10,30,1
17402,498,11,19,0
17403,498,12,15,1
17404,498,13,24,1
17405,498,14,14,1
17406,498,15,16,1
17407,498,16,17,1
17408,498,17,42,1
17409,498,18,8,0
17410,498,19,17,0
17411,498,20,20,0
17412,498,21,23,1
17413,498,22,18,1
17414,498,23,26,1
17415,498,24,18,1
17416,498,25,44,2
17417,498,26,30,1
17418,498,27,17,0
17419,498,28,11,1
17420,498,29,22,0
17421,498,30,5,0
17422,498,31,15,0
17423,498,32,42,0
17424,498,33,6,0
17425,498,34,28,1
17426,498,35,31,1
17427,499,1,16,1
17428,499,2,36,1
17429,499,3,18,0
17430,499,4,16,0
17431,499,5,12,1
17432,499,6,17,0
17433,499,7,19,0
17434,499,8,11,1
17435,499,9,29,1
17436,499,10,21,1
17437,499,11,31,0
17438,499,12,8,0
17439,499,13,21,1
17440,499,14,17,1
17441,499,15,10,0
17442,499,16,11,1
17443,499,17,31,1
17444,499,18,20,1
17445,499,19,35,2
17446,499,20,19,0
17447,499,21,20,1
17448,499,22,10,0
17449,499,23,12,1
17450,499,24,11,0
17451,499,25,13,0
17452,499,26,20,0
17453,499,27,15,1
17454,499,28,12,1
17455,499,29,10,0
17456,499,30,21,1
17457,499,31,16,1
17458,499,32,8,0
17459,499,33,17,0
17460,499,34,35,1
17461,499,35,16,1
17462,500,1,25,1
17463,500,2,34,2
17464,500,3,21,0
17465,500,4,20,1
17466,500,5,8,0
17467,500,6,10,0
17468,500,7,45,1
17469,500,8,26,0
17470,500,9,15,0
17471,500,10,48,2
17472,500,11,21,1
17473,500,12,36,1
17474,500,13,26,0
17475,500,14,25,1
17476,500,15,18,1
17477,500,16,36,1
17478,500,17,32,1
17479,500,18,41,2
17480,500,19,27,1
17481,500,20,18,1
17482,500,21,7,0
17483,500,22,24,1
17484,500,23,9,0
17485,500,24,32,1
17486,500,25,30,1
17487,500,26,26,1
17488,500,27,18,1
17489,500,28,40,1
17490,500,29,55,1
17491,500,30,36,2
17492,500,31,34,2
17493,500,32,27,0
17494,500,33,51,1
17495,500,34,33,1
17496,500,35,32,1
17497,501,1,23,1
17498,501,2,23,1
17499,501,3,29,1
17500,501,4,28,1
17501,501,5,18,1
17502,501,6,25,1
17503,501,7,12,0
17504,501,8,22,1
17505,501,9,29,0
17506,501,10,44,2
17507,501,11,31,1
17508,501,12,9,0
17509,501,13,17,0
17510,501,14,16,0
17511,501,15,14,1
17512,501,16,16,1
17513,501,17,22,1
17514,501,18,17,1
17515,501,19,13,1
17516,501,20,19,0
17517,501,21,46,1
17518,501,22,18,0
17519,501,23,19,0
17520,501,24,19,1
17521,501,25,29,1
17522,501,26,12,0
17523,501,27,11,1
17524,501,28,14,1
17525,501,29,26,1
17526,501,30,34,2
17527,501,31,19,0
17528,501,32,13,0
17529,501,33,19,1
17530,501,34,17,0
17531,501,35,13,0
17532,502,1,28,1
17533,502,2,6,0
17534,502,3,29,1
17535,502,4,14,1
17536,502,5,18,1
17537,502,6,26,0
17538,502,7,20,0
17539,502,8,6,0
17540,502,9,7,0
17541,502,10,14,0
17542,502,11,22,1
17543,502,12,13,0
17544,502,13,20,1
17545,502,14,15,0
17546,502,15,10,1
17547,502,16,14,0
17548,502,17,11,1
17549,502,18,5,0
17550,502,19,24,1
17551,502,20,8,0
17552,502,21,19,1
17553,502,22,13,0
17554,502,23,8,0
17555,502,24,14,0
17556,502,25,6,0
17557,502,26,29,1
17558,502,27,19,1
17559,502,28,26,0
17560,502,29,4,0
17561,502,30,10,0
17562,502,31,11,1
17563,502,32,14,1
17564,502,33,12,1
17565,502,34,27,0
17566,502,35,3,0
17567,503,1,10,0
17568,503,2,23,1
17569,503,3,10,0
17570,503,4,14,0
17571,503,5,17,1
17572,503,6,8,0
17573,503,7,14,0
17574,503,8,21,1
17575,503,9,18,0
17576,503,10,11,0
17577,503,11,10,0
17578,503,12,21,1
17579,503,13,6,0
17580,503,14,8,0
17581,503,15,5,0
17582,503,16,8,0
17583,503,17,19,0
17584,503,18,9,0
17585,503,19,7,0
17586,503,20,5,0
17587,503,21,19,0
17588,503,22,9,0
17589,503,23,6,0
17590,503,24,21,1
17591,503,25,8,0
17592,503,26,5,0
17593,503,27,10,0
17594,503,28,14,0
17595,503,29,14,0
17596,503,30,9,0
17597,503,31,9,0
17598,503,32,13,0
17599,503,33,31,0
17600,503,34,6,0
17601,503,35,9,0
17602,504,1,18,0
17603,504,2,18,0
17604,504,3,11,1
17605,504,4,24,0
17606,504,5,18,1
17607,504,6,29,1
17608,504,7,25,1
17609,504,8,11,0
17610,504,9,21,0
17611,504,10,18,0
17612,504,11,10,0
17613,504,12,20,1
17614,504,13,18,0
17615,504,14,45,2
17616,504,15,22,1
17617,504,16,27,1
17618,504,17,18,0
17619,504,18,29,1
17620,504,19,16,1
17621,504,20,17,1
17622,504,21,35,1
17623,504,22,38,1
17624,504,23,7,0
17625,504,24,18,0
17626,504,25,40,2
17627,504,26,18,0
17628,504,27,16,1
17629,504,28,15,1
17630,504,29,17,1
17631,504,30,6,0
17632,504,31,13,0
17633,504,32,25,1
17634,504,33,21,0
17635,504,34,7,0
17636,504,35,24,1
17637,505,1,18,0
17638,505,2,45,2
17639,505,3,3,0
17640,505,4,17,1
17641,505,5,29,1
17642,505,6,28,1
17643,505,7,23,1
17644,505,8,13,0
17645,505,9,27,1
17646,505,10,22,1
17647,505,11,15,0
17648,505,12,19,1
17649,505,13,27,1
17650,505,14,16,0
17651,505,15,38,2
17652,505,16,12,1
17653,505,17,37,1
17654,505,18,16,0
17655,505,19,19,1
17656,505,20,30,2
17657,505,21,30,1
17658,505,22,25,1
17659,505,23,16,1
17660,505,24,28,1
17661,505,25,13,1
17662,505,26,22,1
17663,505,27,22,1
17664,505,28,10,0
17665,505,29,17,1
17666,505,30,13,0
17667,505,31,28,1
17668,505,32,24,1
17669,505,33,14,1
17670,505,34,13,0
17671,505,35,46,2
17672,506,1,13,1
17673,506,2,8,0
17674,506,3,28,1
17675,506,4,8,0
17676,506,5,23,1
17677,506,6,10,0
17678,506,7,7,0
17679,506,8,25,1
17680,506,9,23,1
17681,506,10,8,0
17682,506,11,15,1
17683,506,12,9,0
17684,506,13,14,0
17685,506,14,25,1
17686,506,15,21,1
17687,506,16,20,0
17688,506,17,30,0
17689,506,18,20,0
17690,506,19,19,0
17691,506,20,11,0
17692,506,21,46,1
17693,506,22,17,1
17694,506,23,18,1
17695,506,24,10,1
17696,506,25,1,0
17697,506,26,18,0
17698,506,27,9,0
17699,506,28,6,0
17700,506,29,23,1
17701,506,30,11,0
17702,506,31,17,0
17703,506,32,16,0
17704,506,33,28,1
17705,506,34,20,1
17706,506,35,33,1
17707,507,1,11,1
17708,507,2,17,0
17709,507,3,12,0
17710,507,4,13,0
17711,507,5,4,0
17712,507,6,22,1
17713,507,7,14,0
17714,507,8,3,0
17715,507,9,8,0
17716,507,10,17,1
17717,507,11,13,1
17718,507,12,4,0
17719,507,13,25,1
17720,507,14,9,0
17721,507,15,19,1
17722,507,16,9,0
17723,507,17,13,0
17724,507,18,4,0
17725,507,19,12,1
17726,507,20,19,0
17727,507,21,10,0
17728,507,22,10,0
17729,507,23,16,1
17730,507,24,14,0
17731,507,25,24,1
17732,507,26,13,1
17733,507,27,9,0
17734,507,28,12,0
17735,507,29,12,0
17736,507,30,15,1
17737,507,31,11,0
17738,507,32,8,0
17739,507,33,16,1
17740,507,34,21,0
17741,507,35,9,0
17742,508,1,14,1
17743,508,2,35,1
17744,508,3,24,0
17745,508,4,14,1
17746,508,5,20,0
17747,508,6,23,1
17748,508,7,8,0
17749,508,8,19,1
17750,508,9,54,2
17751,508,10,25,1
17752,508,11,14,0
17753,508,12,18,1
17754,508,13,9,0
17755,508,14,18,0
17756,508,15,22,1
17757,508,16,33,2
17758,508,17,23,0
17759,508,18,32,2
17760,508,19,8,0
17761,508,20,23,0
17762,508,21,15,1
17763,508,22,17,1
17764,508,23,12,1
17765,508,24,13,0
17766,508,25,10,0
17767,508,26,15,1
17768,508,27,20,0
17769,508,28,20,1
17770,508,29,24,0
17771,508,30,25,1
17772,508,31,26,0
17773,508,32,8,0
17774,508,33,16,0
17775,508,34,16,1
17776,508,35,13,0
17777,509,1,23,1
17778,509,2,37,1
17779,509,3,24,1
17780,509,4,38,2
17781,509,5,25,1
17782,509,6,34,0
17783,509,7,50,3
17784,509,8,30,1
17785,509,9,50,2
17786,509,10,15,1
17787,509,11,31,2
17788,509,12,40,1
17789,509,13,17,0
17790,509,14,33,2
17791,509,15,79,4
17792,509,16,43,1
17793,509,17,20,1
17794,509,18,20,0
17795,509,19,31,1
17796,509,20,23,1
17797,509,21,28,1
17798,509,22,37,1
17799,509,23,26,1
17800,509,24,44,2
17801,509,25,54,3
17802,509,26,28,1
17803,509,27,36,1
17804,509,28,24,1
17805,509,29,37,1
17806,509,30,24,1
17807,509,31,18,1
17808,509,32,11,0
17809,509,33,34,2
17810,509,34,22,1
17811,509,35,26,1
17812,510,1,6,0
17813,510,2,33,1
17814,510,3,18,1
17815,510,4,19,1
17816,510,5,23,1
17817,510,6,37,1
17818,510,7,12,1
17819,510,8,22,1
17820,510,9,11,0
17821,510,10,11,0
17822,510,11,4,0
17823,510,12,24,1
17824,510,13,30,1
17825,510,14,27,1
17826,510,15,21,1
17827,510,16,51,3
17828,510,17,30,0
17829,510,18,35,1
17830,510,19,47,2
17831,510,20,22,0
17832,510,21,33,1
17833,510,22,15,1
17834,510,23,14,1
17835,510,24,23,1
17836,510,25,20,1
17837,510,26,10,0
17838,510,27,15,0
17839,510,28,25,1
17840,510,29,10,1
17841,510,30,24,0
17842,510,31,37,1
17843,510,32,11,1
17844,510,33,14,0
17845,510,34,23,0
17846,510,35,10,0
17847,511,1,17,0
17848,511,2,7,0
17849,511,3,11,0
17850,511,4,25,0
17851,511,5,4,0
17852,511,6,10,1
17853,511,7,38,1
17854,511,8,18,0
17855,511,9,22,1
17856,511,10,14,0
17857,511,11,11,0
17858,511,12,20,0
17859,511,13,16,0
17860,511,14,7,0
17861,511,15,13,0
17862,511,16,14,1
17863,511,17,15,1
17864,511,18,15,1
17865,511,19,18,1
17866,511,20,12,0
17867,511,21,30,0
17868,511,22,25,1
17869,511,23,15,1
17870,511,24,12,1
17871,511,25,14,0
17872,511,26,21,1
17873,511,27,17,0
17874,511,28,9,0
17875,511,29,10,0
17876,511,30,12,0
17877,511,31,18,1
17878,511,32,8,0
17879,511,33,15,0
17880,511,34,17,0
17881,511,35,19,1
17882,512,1,28,1
17883,512,2,20,1
17884,512,3,54,1
17885,512,4,13,1
17886,512,5,11,0
17887,512,6,25,1
17888,512,7,9,0
17889,512,8,19,1
17890,512,9,18,1
17891,512,10,62,2
17892,512,11,13,0
17893,512,12,14,0
17894,512,13,18,1
17895,512,14,40,1
17896,512,15,11,0
17897,512,16,14,0
17898,512,17,21,1
17899,512,18,21,1
17900,512,19,17,1
17901,512,20,41,1
17902,512,21,14,0
17903,512,22,25,1
17904,512,23,46,1
17905,512,24,39,2
17906,512,25,23,1
17907,512,26,18,1
17908,512,27,26,0
17909,512,28,49,2
17910,512,29,10,0
17911,512,30,39,1
17912,512,31,18,1
17913,512,32,9,0
17914,512,33,13,0
17915,512,34,30,1
17916,512,35,9,0
17917,513,1,90,1
17918,513,2,29,1
17919,513,3,21,1
17920,513,4,51,1
17921,513,5,43,2
17922,513,6,41,2
17923,513,7,50,1
17924,513,8,41,1
17925,513,9,46,1
17926,513,10,23,1
17927,513,11,12,0
17928,513,12,10,0
17929,513,13,46,2
17930,513,14,34,1
17931,513,15,35,0
17932,513,16,17,1
17933,513,17,22,0
17934,513,18,9,1
17935,513,19,51,1
17936,513,20,37,1
17937,513,21,22,1
17938,513,22,28,0
17939,513,23,40,0
17940,513,24,8,0
17941,513,25,52,1
17942,513,26,67,3
17943,513,27,18,1
17944,513,28,20,1
17945,513,29,25,1
17946,513,30,41,2
17947,513,31,26,0
17948,513,32,37,2
17949,513,33,25,1
17950,513,34,28,1
17951,513,35,60,1
17952,514,1,19,1
17953,514,2,19,1
17954,514,3,31,1
17955,514,4,13,1
17956,514,5,21,1
17957,514,6,39,1
17958,514,7,43,2
17959,514,8,13,0
17960,514,9,23,1
17961,514,10,10,0
17962,514,11,24,0
17963,514,12,17,0
17964,514,13,31,2
17965,514,14,7,0
17966,514,15,13,1
17967,514,16,25,1
17968,514,17,25,1
17969,514,18,20,0
17970,514,19,11,0
17971,514,20,31,1
17972,514,21,19,1
17973,514,22,28,1
17974,514,23,19,1
17975,514,24,19,1
17976,514,25,33,1
17977,514,26,18,0
17978,514,27,34,2
17979,514,28,17,1
17980,514,29,42,1
17981,514,30,16,1
17982,514,31,27,1
17983,514,32,15,1
17984,514,33,51,3
17985,514,34,21,1
17986,514,35,19,1
17987,515,1,12,1
17988,515,2,17,0
17989,515,3,9,0
17990,515,4,28,2
17991,515,5,19,0
17992,515,6,14,0
17993,515,7,18,1
17994,515,8,17,1
17995,515,9,5,0
17996,515,10,13,0
17997,515,11,10,0
17998,515,12,30,0
17999,515,13,18,1
18000,515,14,12,0
18001,515,15,13,0
18002,515,16,30,1
18003,515,17,24,1
18004,515,18,29,1
18005,515,19,15,0
18006,515,20,13,1
18007,515,21,6,0
18008,515,22,8,0
18009,515,23,24,1
18010,515,24,4,0
18011,515,25,20,1
18012,515,26,22,1
18013,515,27,10,0
18014,515,28,15,0
18015,515,29,23,0
18016,515,30,17,1
18017,515,31,18,1
18018,515,32,15,1
18019,515,33,21,1
18020,515,34,13,1
18021,515,35,21,1
18022,516,1,37,1
18023,516,2,59,3
18024,516,3,14,1
18025,516,4,12,0
18026,516,5,15,1
18027,516,6,35,2
18028,516,7,6,0
18029,516,8,19,1
18030,516,9,36,0
18031,516,10,11,0
18032,516,11,33,1
18033,516,12,46,2
18034,516,13,24,1
18035,516,14,26,1
18036,516,15,11,0
18037,516,16,30,1
18038,516,17,23,1
18039,516,18,39,2
18040,516,19,18,0
18041,516,20,13,0
18042,516,21,34,1
18043,516,22,38,1
18044,516,23,31,1
18045,516,24,44,1
18046,516,25,11,1
18047,516,26,37,1
18048,516,27,18,1
18049,516,28,30,1
18050,516,29,17,1
18051,516,30,27,1
18052,516,31,29,2
18053,516,32,27,1
18054,516,33,21,1
18055,516,34,34,1
18056,516,35,39,1
18057,517,1,30,1
18058,517,2,20,1
18059,517,3,41,2
18060,517,4,43,1
18061,517,5,26,1
18062,517,6,26,1
18063,517,7,15,0
18064,517,8,23,1
18065,517,9,58,2
18066,517,10,30,1
18067,517,11,27,1
18068,517,12,15,1
18069,517,13,31,1
18070,517,14,21,1
18071,517,15,58,1
18072,517,16,77,3
18073,517,17,18,1
18074,517,18,24,1
18075,517,19,52,2
18076,517,20,46,1
18077,517,21,27,1
18078,517,22,20,1
18079,517,23,50,1
18080,517,24,31,1
18081,517,25,16,0
18082,517,26,11,0
18083,517,27,47,3
18084,517,28,26,1
18085,517,29,37,1
18086,517,30,15,0
18087,517,31,27,2
18088,517,32,49,2
18089,517,33,26,0
18090,517,34,49,1
18091,517,35,33,1
18092,518,1,40,1
18093,518,2,47,2
18094,518,3,14,0
18095,518,4,36,2
18096,518,5,15,0
18097,518,6,17,0
18098,518,7,34,2
18099,518,8,14,1
18100,518,9,19,1
18101,518,10,18,1
18102,518,11,22,0
18103,518,12,30,2
18104,518,13,78,3
18105,518,14,14,1
18106,518,15,24,1
18107,518,16,35,1
18108,518,17,19,1
18109,518,18,30,2
18110,518,19,24,1
18111,518,20,9,0
18112,518,21,6,0
18113,518,22,43,1
18114,518,23,31,2
18115,518,24,41,2
18116,518,25,8,0
18117,518,26,36,2
18118,518,27,21,1
18119,518,28,33,1
18120,518,29,17,1
18121,518,30,35,1
18122,518,31,34,1
18123,518,32,53,0
18124,518,33,29,0
18125,518,34,22,0
18126,518,35,17,0
18127,519,1,10,0
18128,519,2,52,2
18129,519,3,20,1
18130,519,4,26,1
18131,519,5,33,1
18132,519,6,11,0
18133,519,7,37,1
18134,519,8,44,2
18135,519,9,23,0
18136,519,10,25,1
18137,519,11,25,1
18138,519,12,19,1
18139,519,13,8,0
18140,519,14,17,0
18141,519,15,13,0
18142,519,16,25,1
18143,519,17,9,0
18144,519,18,16,0
18145,519,19,12,1
18146,519,20,22,0
18147,519,21,11,1
18148,519,22,14,1
18149,519,23,2,0
18150,519,24,14,0
18151,519,25,11,1
18152,519,26,13,0
18153,519,27,23,1
18154,519,28,22,1
18155,519,29,28,1
18156,519,30,20,1
18157,519,31,20,0
18158,519,32,21,0
18159,519,33,5,0
18160,519,34,22,1
18161,519,35,17,1
18162,520,1,40,2
18163,520,2,54,3
18164,520,3,81,2
18165,520,4,24,1
18166,520,5,24,1
18167,520,6,20,1
18168,520,7,12,0
18169,520,8,55,2
18170,520,9,34,0
18171,520,10,19,0
18172,520,11,21,1
18173,520,12,37,1
18174,520,13,18,0
18175,520,14,13,0
18176,520,15,28,1
18177,520,16,9,0
18178,520,17,35,1
18179,520,18,45,1
18180,520,19,23,1
18181,520,20,24,1
18182,520,21,26,1
18183,520,22,26,0
18184,520,23,11,0
18185,520,24,27,0
18186,520,25,33,1
18187,520,26,25,1
18188,520,27,23,0
18189,520,28,40,2
18190,520,29,32,1
18191,520,30,29,2
18192,520,31,14,1
18193,520,32,36,2
18194,520,33,38,2
18195,520,34,33,1
18196,520,35,61,1
18197,521,1,16,0
18198,521,2,57,2
18199,521,3,49,1
18200,521,4,47,1
18201,521,5,35,1
18202,521,6,67,1
18203,521,7,49,2
18204,521,8,71,4
18205,521,9,21,0
18206,521,10,32,1
18207,521,11,45,2
18208,521,12,17,0
18209,521,13,20,1
18210,521,14,26,1
18211,521,15,31,2
18212,521,16,76,4
18213,521,17,22,1
18214,521,18,42,1
18215,521,19,48,1
18216,521,20,54,3
18217,521,21,37,2
18218,521,22,43,2
18219,521,23,31,1
18220,521,24,73,4
18221,521,25,28,1
18222,521,26,70,2
18223,521,27,57,1
18224,521,28,18,1
18225,521,29,12,1
18226,521,30,50,3
18227,521,31,34,1
18228,521,32,37,2
18229,521,33,33,1
18230,521,34,24,1
18231,521,35,42,2
18232,522,1,28,1
18233,522,2,20,1
18234,522,3,31,1
18235,522,4,17,0
18236,522,5,32,2
18237,522,6,31,0
18238,522,7,33,0
18239,522,8,20,0
18240,522,9,14,1
18241,522,10,16,1
18242,522,11,13,0
18243,522,12,25,0
18244,522,13,22,1
18245,522,14,54,2
18246,522,15,25,0
18247,522,16,23,1
18248,522,17,12,1
18249,522,18,44,2
18250,522,19,58,2
18251,522,20,8,0
18252,522,21,54,2
18253,522,22,21,0
18254,522,23,11,0
18255,522,24,14,1
18256,522,25,18,0
18257,522,26,33,1
18258,522,27,44,1
18259,522,28,14,1
18260,522,29,11,0
18261,522,30,18,0
18262,522,31,38,1
18263,522,32,11,1
18264,522,33,22,1
18265,522,34,18,1
18266,522,35,14,1
18267,523,1,35,1
18268,523,2,7,0
18269,523,3,18,0
18270,523,4,16,0
18271,523,5,22,1
18272,523,6,63,2
18273,523,7,21,1
18274,523,8,14,0
18275,523,9,15,0
18276,523,10,37,1
18277,523,11,27,1
18278,523,12,44,1
18279,523,13,21,1
18280,523,14,29,0
18281,523,15,11,1
18282,523,16,47,2
18283,523,17,35,2
18284,523,18,37,1
18285,523,19,28,2
18286,523,20,19,1
18287,523,21,45,2
18288,523,22,18,0
18289,523,23,25,1
18290,523,24,26,1
18291,523,25,24,1
18292,523,26,19,1
18293,523,27,15,1
18294,523,28,22,1
18295,523,29,14,1
18296,523,30,10,0
18297,523,31,12,1
18298,523,32,12,1
18299,523,33,31,1
18300,523,34,12,1
18301,523,35,17,0
18302,524,1,20,0
18303,524,2,31,1
18304,524,3,17,1
18305,524,4,40,1
18306,524,5,37,1
18307,524,6,28,1
18308,524,7,47,2
18309,524,8,26,1
18310,524,9,36,1
18311,524,10,31,1
18312,524,11,68,3
18313,524,12,29,1
18314,524,13,16,1
18315,524,14,31,1
18316,524,15,35,2
18317,524,16,65,3
18318,524,17,67,4
18319,524,18,35,1
18320,524,19,26,0
18321,524,20,17,0
18322,524,21,42,1
18323,524,22,21,1
18324,524,23,25,1
18325,524,24,72,1
18326,524,25,38,2
18327,524,26,36,1
18328,524,27,17,0
18329,524,28,42,2
18330,524,29,52,1
18331,524,30,50,1
18332,524,31,18,0
18333,524,32,35,1
18334,524,33,43,1
18335,524,34,18,0
18336,524,35,46,2
18337,525,1,30,1
18338,525,2,51,1
18339,525,3,25,1
18340,525,4,52,1
18341,525,5,23,1
18342,525,6,25,1
18343,525,7,36,2
18344,525,8,30,2
18345,525,9,37,2
18346,525,10,25,0
18347,525,11,39,2
18348,525,12,38,1
18349,525,13,35,1
18350,525,14,32,1
18351,525,15,39,2
18352,525,16,21,0
18353,525,17,33,1
18354,525,18,36,0
18355,525,19,26,1
18356,525,20,46,2
18357,525,21,30,1
18358,525,22,28,2
18359,525,23,21,1
18360,525,24,65,2
18361,525,25,20,1
18362,525,26,14,0
18363,525,27,25,1
18364,525,28,65,4
18365,525,29,51,2
18366,525,30,20,1
18367,525,31,33,1
18368,525,32,31,1
18369,525,33,41,1
18370,525,34,33,2
18371,525,35,34,1
18372,526,1,36,1
18373,526,2,39,1
18374,526,3,45,2
18375,526,4,26,1
18376,526,5,19,1
18377,526,6,14,0
18378,526,7,32,1
18379,526,8,22,0
18380,526,9,16,0
18381,526,10,26,1
18382,526,11,17,0
18383,526,12,32,0
18384,526,13,15,0
18385,526,14,28,0
18386,526,15,6,0
18387,526,16,26,0
18388,526,17,27,0
18389,526,18,23,1
18390,526,19,58,1
18391,526,20,32,1
18392,526,21,28,1
18393,526,22,16,1
18394,526,23,37,0
18395,526,24,18,0
18396,526,25,9,0
18397,526,26,32,2
18398,526,27,17,1
18399,526,28,38,0
18400,526,29,9,0
18401,526,30,63,2
18402,526,31,18,1
18403,526,32,14,0
18404,526,33,21,0
18405,526,34,25,1
18406,526,35,19,1
18407,527,1,18,1
18408,527,2,39,1
18409,527,3,45,1
18410,527,4,10,0
18411,527,5,25,1
18412,527,6,24,1
18413,527,7,21,1
18414,527,8,14,0
18415,527,9,42,2
18416,527,10,13,0
18417,527,11,22,1
18418,527,12,28,1
18419,527,13,11,0
18420,527,14,23,0
18421,527,15,42,2
18422,527,16,20,1
18423,527,17,39,1
18424,527,18,29,0
18425,527,19,26,1
18426,527,20,37,2
18427,527,21,30,2
18428,527,22,21,1
18429,527,23,30,1
18430,527,24,26,0
18431,527,25,17,0
18432,527,26,30,2
18433,527,27,18,0
18434,527,28,37,2
18435,527,29,23,1
18436,527,30,39,2
18437,527,31,23,1
18438,527,32,12,0
18439,527,33,8,0
18440,527,34,31,1
18441,527,35,15,0
18442,528,1,29,1
18443,528,2,9,1
18444,528,3,34,2
18445,528,4,41,2
18446,528,5,10,0
18447,528,6,28,0
18448,528,7,46,1
18449,528,8,32,2
18450,528,9,37,2
18451,528,10,33,1
18452,528,11,40,1
18453,528,12,21,1
18454,528,13,19,1
18455,528,14,38,2
18456,528,15,39,1
18457,528,16,41,2
18458,528,17,13,0
18459,528,18,49,2
18460,528,19,26,1
18461,528,20,10,0
18462,528,21,40,1
18463,528,22,26,1
18464,528,23,77,3
18465,528,24,24,1
18466,528,25,16,0
18467,528,26,28,1
18468,528,27,13,1
18469,528,28,46,1
18470,528,29,41,2
18471,528,30,33,2
18472,528,31,61,1
18473,528,32,23,1
18474,528,33,46,2
18475,528,34,32,2
18476,528,35,28,1
18477,529,1,26,1
18478,529,2,25,1
18479,529,3,23,1
18480,529,4,25,1
18481,529,5,36,0
18482,529,6,25,1
18483,529,7,29,0
18484,529,8,37,1
18485,529,9,25,1
18486,529,10,29,2
18487,529,11,20,1
18488,529,12,22,1
18489,529,13,37,2
18490,529,14,23,0
18491,529,15,21,1
18492,529,16,26,2
18493,529,17,21,1
18494,529,18,56,3
18495,529,19,23,0
18496,529,20,26,0
18497,529,21,39,2
18498,529,22,29,1
18499,529,23,11,0
18500,529,24,60,2
18501,529,25,45,2
18502,529,26,39,2
18503,529,27,15,1
18504,529,28,23,1
18505,529,29,29,1
18506,529,30,33,1
18507,529,31,14,1
18508,529,32,31,0
18509,529,33,26,1
18510,529,34,23,0
18511,529,35,26,1
18512,530,1,27,2
18513,530,2,16,0
18514,530,3,26,1
18515,530,4,14,0
18516,530,5,3,0
18517,530,6,27,1
18518,530,7,7,0
18519,530,8,26,1
18520,530,9,17,1
18521,530,10,18,0
18522,530,11,28,1
18523,530,12,11,0
18524,530,13,10,0
18525,530,14,9,0
18526,530,15,17,1
18527,530,16,20,1
18528,530,17,13,0
18529,530,18,16,1
18530,530,19,10,0
18531,530,20,8,0
18532,530,21,23,1
18533,530,22,20,1
18534,530,23,12,1
18535,530,24,34,2
18536,530,25,7,0
18537,530,26,20,1
18538,530,27,17,0
18539,530,28,14,0
18540,530,29,17,0
18541,530,30,34,0
18542,530,31,15,1
18543,530,32,26,1
18544,530,33,12,0
18545,530,34,9,0
18546,530,35,12,0
18547,531,1,13,0
18548,531,2,16,0
18549,531,3,23,1
18550,531,4,6,0
18551,531,5,18,1
18552,531,6,17,1
18553,531,7,36,1
18554,531,8,14,0
18555,531,9,29,1
18556,531,10,23,1
18557,531,11,14,0
18558,531,12,10,0
18559,531,13,14,1
18560,531,14,17,0
18561,531,15,7,0
18562,531,16,14,0
18563,531,17,13,1
18564,531,18,28,2
18565,531,19,16,1
18566,531,20,14,1
18567,531,21,17,1
18568,531,22,8,0
18569,531,23,6,0
18570,531,24,18,0
18571,531,25,7,0
18572,531,26,30,1
18573,531,27,17,0
18574,531,28,12,0
18575,531,29,10,1
18576,531,30,22,1
18577,531,31,15,0
18578,531,32,14,0
18579,531,33,9,0
18580,531,34,5,0
18581,531,35,11,0
18582,532,1,18,1
18583,532,2,21,1
18584,532,3,23,1
18585,532,4,33,2
18586,532,5,11,0
18587,532,6,26,1
18588,532,7,22,1
18589,532,8,47,3
18590,532,9,32,1
18591,532,10,11,0
18592,532,11,27,1
18593,532,12,38,1
18594,532,13,21,1
18595,532,14,19,0
18596,532,15,25,1
18597,532,16,17,0
18598,532,17,20,1
18599,532,18,20,1
18600,532,19,27,0
18601,532,20,22,0
18602,532,21,21,0
18603,532,22,43,1
18604,532,23,25,1
18605,532,24,18,1
18606,532,25,21,1
18607,532,26,29,1
18608,532,27,13,0
18609,532,28,25,1
18610,532,29,12,0
18611,532,30,22,1
18612,532,31,11,0
18613,532,32,16,0
18614,532,33,18,1
18615,532,34,47,3
18616,532,35,10,0
18617,533,1,33,2
18618,533,2,42,2
18619,533,3,33,1
18620,533,4,24,1
18621,533,5,38,1
18622,533,6,30,0
18623,533,7,29,0
18624,533,8,14,1
18625,533,9,43,2
18626,533,10,35,0
18627,533,11,24,1
18628,533,12,32,2
18629,533,13,24,0
18630,533,14,20,1
18631,533,15,24,0
18632,533,16,29,0
18633,533,17,28,1
18634,533,18,27,1
18635,533,19,27,1
18636,533,20,36,1
18637,533,21,19,0
18638,533,22,20,1
18639,533,23,34,1
18640,533,24,26,0
18641,533,25,32,2
18642,533,26,18,0
18643,533,27,20,1
18644,533,28,22,1
18645,533,29,36,0
18646,533,30,49,2
18647,533,31,20,0
18648,533,32,47,3
18649,533,33,20,1
18650,533,34,17,1
18651,533,35,36,1
18652,534,1,15,0
18653,534,2,16,0
18654,534,3,5,0
18655,534,4,21,0
18656,534,6,12,0
18657,534,7,8,0
18658,534,8,16,0
18659,534,9,12,1
18660,534,10,25,1
18661,534,11,38,2
18662,534,12,8,0
18663,534,13,15,1
18664,534,14,15,1
18665,534,15,19,1
18666,534,16,2,0
18667,534,17,16,1
18668,534,18,14,0
18669,534,19,10,0
18670,534,20,15,1
18671,534,21,9,0
18672,534,22,7,0
18673,534,23,16,0
18674,534,24,17,0
18675,534,25,22,1
18676,534,26,25,1
18677,534,27,11,1
18678,534,28,28,1
18679,534,29,10,0
18680,534,30,15,1
18681,534,31,8,0
18682,534,32,25,0
18683,534,33,10,1
18684,534,34,16,1
18685,534,35,13,1
18686,535,1,44,2
18687,535,2,12,0
18688,535,3,11,1
18689,535,4,25,0
18690,535,5,19,1
18691,535,6,9,0
18692,535,7,9,0
18693,535,8,23,1
18694,535,9,11,1
18695,535,10,36,1
18696,535,11,16,1
18697,535,12,10,0
18698,535,13,15,0
18699,535,14,17,1
18700,535,15,21,0
18701,535,16,12,0
18702,535,17,15,1
18703,535,18,9,0
18704,535,19,8,0
18705,535,20,32,0
18706,535,21,21,1
18707,535,22,13,0
18708,535,23,8,0
18709,535,24,5,0
18710,535,25,6,0
18711,535,26,14,1
18712,535,27,12,1
18713,535,28,27,1
18714,535,29,16,1
18715,535,30,25,0
18716,535,31,17,0
18717,535,32,11,0
18718,535,33,15,1
18719,535,34,19,1
18720,535,35,16,1
18721,536,1,23,1
18722,536,2,19,1
18723,536,3,13,0
18724,536,4,27,1
18725,536,5,39,1
18726,536,6,47,1
18727,536,7,18,1
18728,536,8,28,1
18729,536,9,20,1
18730,536,10,27,1
18731,536,11,17,0
18732,536,12,24,1
18733,536,13,34,1
18734,536,14,19,0
18735,536,15,14,0
18736,536,16,22,1
18737,536,17,27,1
18738,536,18,16,1
18739,536,19,25,0
18740,536,20,49,3
18741,536,21,32,2
18742,536,22,25,1
18743,536,23,15,1
18744,536,24,12,0
18745,536,25,7,0
18746,536,26,27,1
18747,536,27,11,1
18748,536,28,20,0
18749,536,29,11,0
18750,536,30,36,2
18751,536,31,14,0
18752,536,32,12,1
18753,536,33,37,1
18754,536,34,30,1
18755,536,35,16,1
18756,537,1,34,1
18757,537,2,15,1
18758,537,3,33,1
18759,537,4,29,1
18760,537,5,18,0
18761,537,6,21,1
18762,537,7,44,2
18763,537,8,45,3
18764,537,9,41,2
18765,537,10,23,1
18766,537,11,30,1
18767,537,12,19,1
18768,537,13,28,1
18769,537,14,20,0
18770,537,15,25,1
18771,537,16,23,1
18772,537,17,43,1
18773,537,18,24,1
18774,537,19,30,1
18775,537,20,33,2
18776,537,21,21,0
18777,537,22,41,2
18778,537,23,33,2
18779,537,24,8,0
18780,537,25,18,1
18781,537,26,25,1
18782,537,27,27,1
18783,537,28,31,1
18784,537,29,22,1
18785,537,30,24,0
18786,537,31,20,1
18787,537,32,21,0
18788,537,33,38,1
18789,537,34,21,0
18790,537,35,38,1
18791,538,1,18,1
18792,538,2,14,0
18793,538,3,12,0
18794,538,4,8,0
18795,538,5,26,1
18796,538,6,20,1
18797,538,7,27,1
18798,538,8,8,0
18799,538,9,10,0
18800,538,10,36,1
18801,538,11,15,0
18802,538,12,33,1
18803,538,13,22,1
18804,538,14,24,1
18805,538,15,23,1
18806,538,16,22,1
18807,538,17,22,0
18808,538,18,11,0
18809,538,19,43,1
18810,538,20,12,1
18811,538,21,6,0
18812,538,22,23,0
18813,538,23,35,2
18814,538,24,17,1
18815,538,25,28,1
18816,538,26,31,1
18817,538,27,29,1
18818,538,28,18,0
18819,538,29,19,0
18820,538,30,14,1
18821,538,31,17,1
18822,538,32,5,0
18823,538,33,15,1
18824,538,34,13,1
18825,538,35,15,0
18826,539,1,11,0
18827,539,2,12,1
18828,539,3,21,1
18829,539,4,4,0
18830,539,5,23,1
18831,539,6,12,0
18832,539,7,9,0
18833,539,8,24,1
18834,539,9,35,1
18835,539,10,21,1
18836,539,11,9,0
18837,539,12,21,0
18838,539,13,19,1
18839,539,14,14,0
18840,539,15,32,2
18841,539,16,18,0
18842,539,17,32,1
18843,539,18,21,1
18844,539,19,21,1
18845,539,20,38,0
18846,539,21,16,1
18847,539,22,10,0
18848,539,23,11,1
18849,539,24,23,1
18850,539,25,9,0
18851,539,26,23,1
18852,539,27,11,0
18853,539,28,20,1
18854,539,29,11,1
18855,539,30,22,1
18856,539,31,25,1
18857,539,32,24,1
18858,539,33,13,0
18859,539,34,10,1
18860,539,35,21,1
18861,540,1,47,2
18862,540,2,20,1
18863,540,3,21,1
18864,540,4,24,1
18865,540,5,30,1
18866,540,6,14,0
18867,540,7,36,2
18868,540,8,15,0
18869,540,9,42,0
18870,540,10,44,1
18871,540,11,25,1
18872,540,12,30,1
18873,540,13,22,0
18874,540,14,24,1
18875,540,15,23,1
18876,540,16,38,1
18877,540,17,23,1
18878,540,18,19,1
18879,540,19,32,1
18880,540,20,30,1
18881,540,21,19,1
18882,540,22,45,2
18883,540,23,14,0
18884,540,24,19,0
18885,540,25,28,1
18886,540,26,32,1
18887,540,27,13,1
18888,540,28,26,1
18889,540,29,19,1
18890,540,30,44,1
18891,540,31,25,1
18892,540,32,16,1
18893,540,33,23,1
18894,540,34,24,1
18895,540,35,35,2
18896,541,1,29,1
18897,541,2,21,1
18898,541,3,13,1
18899,541,4,45,2
18900,541,5,24,1
18901,541,6,21,1
18902,541,7,36,1
18903,541,8,24,1
18904,541,9,19,1
18905,541,10,26,1
18906,541,11,60,1
18907,541,12,36,0
18908,541,13,26,1
18909,541,14,29,1
18910,541,15,25,1
18911,541,16,17,0
18912,541,17,28,1
18913,541,18,29,0
18914,541,19,40,1
18915,541,20,65,2
18916,541,21,57,1
18917,541,22,19,0
18918,541,23,32,2
18919,541,24,46,2
18920,541,25,70,2
18921,541,26,16,1
18922,541,27,40,1
18923,541,28,46,1
18924,541,29,28,1
18925,541,30,33,1
18926,541,31,37,1
18927,541,32,15,1
18928,541,33,27,1
18929,541,34,29,1
18930,541,35,11,0
18931,542,1,8,0
18932,542,2,27,1
18933,542,3,21,1
18934,542,4,14,0
18935,542,5,34,1
18936,542,6,36,1
18937,542,7,25,1
18938,542,8,5,0
18939,542,9,20,1
18940,542,10,32,1
18941,542,11,10,0
18942,542,12,21,1
18943,542,13,8,0
18944,542,14,8,0
18945,542,15,19,0
18946,542,16,9,0
18947,542,17,17,0
18948,542,18,22,1
18949,542,19,42,1
18950,542,20,14,1
18951,542,21,26,1
18952,542,22,27,1
18953,542,23,36,1
18954,542,24,21,1
18955,542,25,24,1
18956,542,26,25,1
18957,542,27,24,1
18958,542,28,33,1
18959,542,29,53,2
18960,542,30,8,0
18961,542,31,13,0
18962,542,32,8,0
18963,542,33,16,1
18964,542,34,7,0
18965,542,35,18,1
18966,543,1,16,1
18967,543,2,22,0
18968,543,3,14,0
18969,543,4,17,1
18970,543,5,17,1
18971,543,6,18,1
18972,543,7,25,1
18973,543,8,9,0
18974,543,9,13,1
18975,543,10,29,1
18976,543,11,20,0
18977,543,12,13,0
18978,543,13,13,1
18979,543,14,38,1
18980,543,15,14,0
18981,543,16,22,1
18982,543,17,13,0
18983,543,18,17,0
18984,543,19,25,1
18985,543,20,12,0
18986,543,21,18,1
18987,543,22,23,0
18988,543,23,17,1
18989,543,24,25,1
18990,543,25,20,1
18991,543,26,19,0
18992,543,27,12,0
18993,543,28,13,0
18994,543,29,24,1
18995,543,30,32,1
18996,543,31,18,0
18997,543,32,10,1
18998,543,33,21,1
18999,543,34,37,0
19000,543,35,14,1
19001,544,1,34,2
19002,544,2,27,1
19003,544,3,20,1
19004,544,4,26,1
19005,544,5,57,3
19006,544,6,20,1
19007,544,7,14,1
19008,544,8,10,0
19009,544,9,33,2
19010,544,10,11,0
19011,544,11,17,1
19012,544,12,17,1
19013,544,13,10,0
19014,544,14,36,1
19015,544,15,31,1
19016,544,16,21,1
19017,544,17,54,1
19018,544,18,40,0
19019,544,19,25,1
19020,544,20,16,0
19021,544,21,26,1
19022,544,22,23,1
19023,544,23,27,0
19024,544,24,48,3
19025,544,25,25,1
19026,544,26,38,1
19027,544,27,9,0
19028,544,28,46,2
19029,544,29,28,1
19030,544,30,37,1
19031,544,31,21,1
19032,544,32,29,0
19033,544,33,30,2
19034,544,34,57,3
19035,544,35,43,1
19036,545,1,36,1
19037,545,2,47,1
19038,545,3,23,1
19039,545,4,41,2
19040,545,5,37,1
19041,545,6,62,3
19042,545,7,17,1
19043,545,8,38,2
19044,545,9,20,1
19045,545,10,21,0
19046,545,11,27,1
19047,545,12,30,2
19048,545,13,27,1
19049,545,14,22,1
19050,545,15,68,4
19051,545,16,42,1
19052,545,17,31,1
19053,545,18,34,2
19054,545,19,38,1
19055,545,20,53,1
19056,545,21,7,0
19057,545,22,28,1
19058,545,23,10,0
19059,545,24,32,1
19060,545,25,51,2
19061,545,26,22,1
19062,545,27,52,2
19063,545,28,55,3
19064,545,29,107,2
19065,545,30,21,1
19066,545,31,66,2
19067,545,32,62,2
19068,545,33,21,1
19069,545,34,27,1
19070,545,35,16,1
19071,546,1,14,0
19072,546,2,21,0
19073,546,3,22,1
19074,546,4,31,1
19075,546,5,49,3
19076,546,6,10,1
19077,546,7,39,1
19078,546,8,53,2
19079,546,9,15,1
19080,546,10,15,0
19081,546,11,20,1
19082,546,12,16,1
19083,546,13,29,0
19084,546,14,26,1
19085,546,15,35,2
19086,546,16,24,1
19087,546,17,15,0
19088,546,18,6,0
19089,546,19,30,0
19090,546,20,20,1
19091,546,21,12,0
19092,546,22,28,2
19093,546,23,18,1
19094,546,24,16,0
19095,546,25,18,1
19096,546,26,17,1
19097,546,27,32,2
19098,546,28,37,2
19099,546,29,22,1
19100,546,30,16,1
19101,546,31,28,1
19102,546,32,39,1
19103,546,33,21,0
19104,546,34,17,1
19105,546,35,18,1
19106,547,1,34,0
19107,547,2,23,1
19108,547,3,16,1
19109,547,4,15,0
19110,547,5,34,1
19111,547,6,7,0
19112,547,7,21,0
19113,547,8,14,0
19114,547,9,36,1
19115,547,10,8,0
19116,547,11,16,0
19117,547,12,10,0
19118,547,13,28,2
19119,547,14,13,0
19120,547,15,14,1
19121,547,16,22,1
19122,547,17,12,0
19123,547,18,11,0
19124,547,19,16,0
19125,547,20,12,1
19126,547,21,25,1
19127,547,22,17,1
19128,547,23,29,1
19129,547,24,6,0
19130,547,25,7,0
19131,547,26,11,0
19132,547,27,21,1
19133,547,28,23,1
19134,547,29,36,1
19135,547,30,34,0
19136,547,31,15,1
19137,547,32,27,1
19138,547,33,16,1
19139,547,34,14,1
19140,547,35,11,1
19141,548,1,36,0
19142,548,2,49,3
19143,548,3,15,0
19144,548,4,33,1
19145,548,5,37,1
19146,548,6,25,1
19147,548,7,27,1
19148,548,8,18,1
19149,548,9,13,0
19150,548,10,19,0
19151,548,11,30,1
19152,548,12,30,1
19153,548,13,45,1
19154,548,14,32,2
19155,548,15,44,2
19156,548,16,25,1
19157,548,17,28,1
19158,548,18,22,1
19159,548,19,41,2
19160,548,20,19,1
19161,548,21,33,1
19162,548,22,10,1
19163,548,23,16,0
19164,548,24,31,0
19165,548,25,25,1
19166,548,26,13,0
19167,548,27,38,2
19168,548,28,40,1
19169,548,29,25,1
19170,548,30,55,1
19171,548,31,39,0
19172,548,32,15,1
19173,548,33,29,1
19174,548,34,40,2
19175,548,35,22,1
19176,549,1,67,4
19177,549,2,27,1
19178,549,3,41,0
19179,549,4,45,0
19180,549,5,40,2
19181,549,6,39,2
19182,549,7,31,2
19183,549,8,61,2
19184,549,9,15,0
19185,549,10,41,0
19186,549,11,18,0
19187,549,12,25,0
19188,549,13,44,2
19189,549,14,33,1
19190,549,15,26,1
19191,549,16,13,0
19192,549,17,30,0
19193,549,18,29,0
19194,549,19,41,1
19195,549,20,46,2
19196,549,21,24,1
19197,549,22,48,3
19198,549,23,37,1
19199,549,24,35,1
19200,549,25,31,1
19201,549,26,18,0
19202,549,27,46,1
19203,549,28,59,1
19204,549,29,35,1
19205,549,30,44,1
19206,549,31,63,4
19207,549,32,31,1
19208,549,33,19,1
19209,549,34,69,2
19210,549,35,21,1
19211,550,1,23,1
19212,550,2,31,2
19213,550,3,21,0
19214,550,4,54,1
19215,550,5,39,0
19216,550,6,34,0
19217,550,7,11,0
19218,550,8,24,0
19219,550,9,18,0
19220,550,10,11,0
19221,550,11,17,1
19222,550,12,28,1
19223,550,13,39,2
19224,550,14,40,1
19225,550,15,30,1
19226,550,16,18,0
19227,550,17,15,0
19228,550,18,18,1
19229,550,19,50,3
19230,550,20,16,1
19231,550,21,45,2
19232,550,22,55,1
19233,550,23,27,1
19234,550,24,31,1
19235,550,25,21,1
19236,550,26,16,1
19237,550,27,22,0
19238,550,28,18,0
19239,550,29,21,1
19240,550,30,57,2
19241,550,31,55,2
19242,550,32,32,0
19243,550,33,22,0
19244,550,34,16,0
19245,550,35,34,2
19246,551,1,13,0
19247,551,2,36,0
19248,551,3,45,1
19249,551,4,39,1
19250,551,5,28,0
19251,551,6,28,1
19252,551,7,36,1
19253,551,8,16,0
19254,551,9,32,1
19255,551,10,12,0
19256,551,11,14,0
19257,551,12,18,1
19258,551,13,18,1
19259,551,14,8,0
19260,551,15,21,1
19261,551,16,26,1
19262,551,17,11,0
19263,551,18,52,1
19264,551,19,22,0
19265,551,20,15,0
19266,551,21,10,0
19267,551,22,23,1
19268,551,23,15,0
19269,551,24,36,2
19270,551,25,22,0
19271,551,26,14,1
19272,551,27,22,1
19273,551,28,28,2
19274,551,29,28,1
19275,551,30,10,0
19276,551,31,27,1
19277,551,32,15,1
19278,551,33,18,1
19279,551,34,35,2
19280,551,35,12,1
19281,552,1,60,3
19282,552,2,25,1
19283,552,3,61,3
19284,552,4,37,1
19285,552,5,44,1
19286,552,6,52,3
19287,552,7,24,1
19288,552,8,42,1
19289,552,9,36,2
19290,552,10,40,1
19291,552,11,18,0
19292,552,12,33,1
19293,552,13,62,2
19294,552,14,30,2
19295,552,15,38,1
19296,552,16,43,2
19297,552,17,32,1
19298,552,18,29,1
19299,552,19,49,3
19300,552,20,15,0
19301,552,21,41,1
19302,552,22,19,1
19303,552,23,26,2
19304,552,24,20,1
19305,552,25,79,4
19306,552,26,75,3
19307,552,27,26,1
19308,552,28,33,1
19309,552,29,63,3
19310,552,30,47,2
19311,552,31,15,0
19312,552,32,29,1
19313,552,33,26,1
19314,552,34,21,1
19315,552,35,27,1
19316,553,1,37,2
19317,553,2,20,1
19318,553,3,24,1
19319,553,4,15,0
19320,553,5,27,1
19321,553,6,38,2
19322,553,7,42,2
19323,553,8,39,2
19324,553,9,31,1
19325,553,10,55,3
19326,553,11,10,0
19327,553,12,38,1
19328,553,13,28,1
19329,553,14,49,2
19330,553,15,47,1
19331,553,16,25,0
19332,553,17,29,1
19333,553,18,25,1
19334,553,19,18,1
19335,553,20,21,1
19336,553,21,50,2
19337,553,22,30,1
19338,553,23,50,1
19339,553,24,52,0
19340,553,25,32,2
19341,553,26,46,1
19342,553,27,21,1
19343,553,28,40,2
19344,553,29,32,1
19345,553,30,21,1
19346,553,31,34,1
19347,553,32,54,2
19348,553,33,55,2
19349,553,34,52,1
19350,553,35,79,2
19351,554,1,32,1
19352,554,2,20,1
19353,554,3,21,0
19354,554,4,34,1
19355,554,5,9,0
19356,554,6,51,2
19357,554,7,31,2
19358,554,8,18,1
19359,554,9,31,1
19360,554,10,13,1
19361,554,11,34,0
19362,554,12,23,1
19363,554,13,36,2
19364,554,14,17,0
19365,554,15,31,0
19366,554,16,33,2
19367,554,17,19,0
19368,554,18,16,1
19369,554,19,22,0
19370,554,20,17,0
19371,554,21,57,3
19372,554,22,17,0
19373,554,23,20,0
19374,554,24,14,1
19375,554,25,39,1
19376,554,26,14,0
19377,554,27,35,2
19378,554,28,35,1
19379,554,29,39,2
19380,554,30,20,1
19381,554,31,21,1
19382,554,32,25,0
19383,554,33,6,0
19384,554,34,40,2
19385,554,35,29,1
19386,555,1,43,1
19387,555,2,16,0
19388,555,3,28,0
19389,555,4,40,1
19390,555,5,23,0
19391,555,6,6,0
19392,555,7,17,1
19393,555,8,10,0
19394,555,9,25,1
19395,555,10,27,1
19396,555,11,30,2
19397,555,12,11,1
19398,555,13,23,1
19399,555,14,9,0
19400,555,15,25,1
19401,555,16,21,1
19402,555,17,20,1
19403,555,18,25,1
19404,555,19,14,1
19405,555,20,25,1
19406,555,21,12,0
19407,555,22,12,0
19408,555,23,24,1
19409,555,24,6,0
19410,555,25,7,0
19411,555,26,15,1
19412,555,27,21,1
19413,555,28,34,1
19414,555,29,27,0
19415,555,30,24,1
19416,555,31,12,1
19417,555,32,16,1
19418,555,33,45,2
19419,555,34,27,1
19420,555,35,46,1
19421,556,1,33,1
19422,556,2,32,1
19423,556,3,32,1
19424,556,4,27,1
19425,556,5,37,1
19426,556,6,26,1
19427,556,7,31,1
19428,556,8,21,1
19429,556,9,42,1
19430,556,10,30,2
19431,556,11,8,0
19432,556,12,30,0
19433,556,13,14,1
19434,556,14,8,0
19435,556,15,41,1
19436,556,16,17,1
19437,556,17,68,1
19438,556,18,16,0
19439,556,19,22,1
19440,556,20,32,2
19441,556,21,41,1
19442,556,22,88,4
19443,556,23,28,1
19444,556,24,42,1
19445,556,25,36,1
19446,556,26,30,2
19447,556,27,50,1
19448,556,28,25,1
19449,556,29,27,1
19450,556,30,46,2
19451,556,31,21,0
19452,556,32,22,1
19453,556,33,38,1
19454,556,34,15,1
19455,556,35,49,1
19456,557,1,20,1
19457,557,2,36,1
19458,557,3,36,1
19459,557,4,21,1
19460,557,5,17,1
19461,557,6,22,1
19462,557,7,18,1
19463,557,8,33,0
19464,557,9,16,1
19465,557,10,46,1
19466,557,11,18,0
19467,557,12,18,0
19468,557,13,49,1
19469,557,14,38,1
19470,557,15,19,0
19471,557,16,11,0
19472,557,17,30,1
19473,557,18,43,1
19474,557,19,25,1
19475,557,20,28,1
19476,557,21,56,2
19477,557,22,25,1
19478,557,23,27,1
19479,557,24,15,0
19480,557,25,31,1
19481,557,26,14,0
19482,557,27,33,1
19483,557,28,54,2
19484,557,29,27,1
19485,557,30,23,1
19486,557,31,46,1
19487,557,32,23,0
19488,557,33,19,0
19489,557,34,41,2
19490,557,35,15,0
19491,558,1,22,0
19492,558,2,20,1
19493,558,3,23,1
19494,558,4,17,0
19495,558,5,17,0
19496,558,6,26,0
19497,558,7,8,0
19498,558,8,15,0
19499,558,9,11,0
19500,558,10,11,0
19501,558,11,14,1
19502,558,12,8,0
19503,558,13,14,0
19504,558,14,9,0
19505,558,15,17,1
19506,558,16,11,1
19507,558,17,23,1
19508,558,18,17,1
19509,558,19,8,0
19510,558,20,21,1
19511,558,21,8,0
19512,558,22,18,1
19513,558,23,19,1
19514,558,24,11,1
19515,558,25,10,0
19516,558,26,25,1
19517,558,27,20,1
19518,558,28,20,0
19519,558,29,37,1
19520,558,30,21,0
19521,558,31,34,1
19522,558,32,10,0
19523,558,33,18,1
19524,558,34,16,0
19525,558,35,34,2
19526,559,1,14,0
19527,559,2,9,0
19528,559,3,21,1
19529,559,4,16,0
19530,559,5,5,0
19531,559,6,29,1
19532,559,7,24,1
19533,559,8,15,0
19534,559,9,11,1
19535,559,10,10,0
19536,559,11,21,0
19537,559,12,11,0
19538,559,13,7,0
19539,559,14,18,0
19540,559,15,14,1
19541,559,16,12,0
19542,559,17,8,0
19543,559,18,9,0
19544,559,19,15,0
19545,559,20,10,0
19546,559,21,21,1
19547,559,22,17,1
19548,559,23,15,0
19549,559,24,21,1
19550,559,25,32,1
19551,559,26,14,1
19552,559,27,9,1
19553,559,28,8,0
19554,559,29,10,0
19555,559,30,15,1
19556,559,31,15,1
19557,559,32,17,1
19558,559,33,17,1
19559,559,34,19,1
19560,559,35,11,0
19561,560,1,13,1
19562,560,2,13,0
19563,560,3,13,0
19564,560,4,8,0
19565,560,5,46,2
19566,560,6,15,0
19567,560,7,12,0
19568,560,8,26,1
19569,560,9,30,0
19570,560,10,11,0
19571,560,11,13,1
19572,560,12,13,1
19573,560,13,29,2
19574,560,14,43,2
19575,560,15,27,1
19576,560,16,21,1
19577,560,17,11,1
19578,560,18,36,2
19579,560,19,19,1
19580,560,20,45,1
19581,560,21,24,1
19582,560,22,27,1
19583,560,23,19,0
19584,560,24,18,0
19585,560,25,23,1
19586,560,26,22,1
19587,560,27,9,1
19588,560,28,22,1
19589,560,29,18,1
19590,560,30,19,1
19591,560,31,22,0
19592,560,32,25,1
19593,560,33,19,1
19594,560,34,14,1
19595,560,35,36,1
19596,561,1,32,1
19597,561,2,26,1
19598,561,3,7,0
19599,561,4,25,1
19600,561,5,56,2
19601,561,6,18,1
19602,561,7,48,1
19603,561,8,31,0
19604,561,9,20,1
19605,561,10,38,1
19606,561,11,39,2
19607,561,12,22,0
19608,561,13,27,2
19609,561,14,27,1
19610,561,15,28,1
19611,561,16,40,1
19612,561,17,11,0
19613,561,18,23,1
19614,561,19,28,1
19615,561,20,17,1
19616,561,21,21,1
19617,561,22,26,1
19618,561,23,15,1
19619,561,24,17,0
19620,561,25,17,1
19621,561,26,14,0
19622,561,27,31,2
19623,561,28,14,0
19624,561,29,24,0
19625,561,30,13,0
19626,561,31,14,1
19627,561,32,24,1
19628,561,33,63,4
19629,561,34,26,0
19630,561,35,23,1
19631,562,1,20,1
19632,562,2,18,0
19633,562,3,8,0
19634,562,4,14,0
19635,562,5,8,0
19636,562,6,26,1
19637,562,7,12,1
19638,562,8,28,1
19639,562,9,24,1
19640,562,10,10,0
19641,562,11,40,2
19642,562,12,23,0
19643,562,13,5,0
19644,562,14,30,0
19645,562,15,17,0
19646,562,16,43,2
19647,562,17,22,0
19648,562,18,12,0
19649,562,19,21,1
19650,562,20,26,1
19651,562,21,10,0
19652,562,22,16,1
19653,562,23,24,1
19654,562,24,12,0
19655,562,25,33,1
19656,562,26,19,0
19657,562,27,22,1
19658,562,28,7,0
19659,562,29,29,1
19660,562,30,38,1
19661,562,31,32,1
19662,562,32,24,1
19663,562,33,30,1
19664,562,34,30,1
19665,562,35,28,0
19666,563,1,17,1
19667,563,2,8,0
19668,563,3,9,0
19669,563,4,26,0
19670,563,5,19,1
19671,563,6,9,0
19672,563,7,9,0
19673,563,8,19,1
19674,563,9,10,0
19675,563,10,11,0
19676,563,11,16,0
19677,563,12,15,0
19678,563,13,14,0
19679,563,14,13,0
19680,563,15,13,0
19681,563,16,18,1
19682,563,17,8,0
19683,563,18,17,0
19684,563,19,14,0
19685,563,20,19,0
19686,563,21,11,0
19687,563,22,7,0
19688,563,23,23,1
19689,563,24,31,2
19690,563,25,8,0
19691,563,26,17,1
19692,563,27,19,0
19693,563,28,11,0
19694,563,29,13,0
19695,563,30,16,0
19696,563,31,11,0
19697,563,32,15,1
19698,563,33,13,0
19699,563,34,8,0
19700,563,35,12,0
19701,564,1,23,1
19702,564,2,10,1
19703,564,3,36,2
19704,564,4,20,1
19705,564,5,30,1
19706,564,6,25,1
19707,564,7,16,1
19708,564,8,35,1
19709,564,9,21,1
19710,564,10,31,1
19711,564,11,46,1
19712,564,12,27,1
19713,564,13,30,2
19714,564,14,15,1
19715,564,15,18,1
19716,564,16,21,1
19717,564,17,17,1
19718,564,18,28,1
19719,564,19,29,1
19720,564,20,36,1
19721,564,21,33,2
19722,564,22,25,1
19723,564,23,20,1
19724,564,24,21,1
19725,564,25,21,1
19726,564,26,12,0
19727,564,27,46,2
19728,564,28,9,0
19729,564,29,22,1
19730,564,30,34,0
19731,564,31,22,0
19732,564,32,28,1
19733,564,33,14,0
19734,564,34,16,0
19735,564,35,20,1
19736,565,1,17,1
19737,565,2,19,1
19738,565,3,36,1
19739,565,4,28,0
19740,565,5,31,1
19741,565,6,18,1
19742,565,7,19,1
19743,565,8,37,1
19744,565,9,21,1
19745,565,10,24,1
19746,565,11,21,0
19747,565,12,23,1
19748,565,13,12,1
19749,565,14,38,1
19750,565,15,31,1
19751,565,16,21,1
19752,565,17,18,1
19753,565,18,18,0
19754,565,19,26,1
19755,565,20,19,0
19756,565,21,10,0
19757,565,22,19,1
19758,565,23,10,0
19759,565,24,21,1
19760,565,25,7,0
19761,565,26,24,1
19762,565,27,40,2
19763,565,28,14,1
19764,565,29,54,3
19765,565,30,17,1
19766,565,31,21,1
19767,565,32,55,1
19768,565,33,10,0
19769,565,34,13,0
19770,565,35,5,0
19771,566,1,3,0
19772,566,2,16,1
19773,566,3,8,0
19774,566,4,28,1
19775,566,5,12,0
19776,566,6,16,0
19777,566,7,14,0
19778,566,8,8,0
19779,566,9,27,1
19780,566,10,9,1
19781,566,11,32,1
19782,566,12,12,0
19783,566,13,20,1
19784,566,14,4,0
19785,566,15,10,0
19786,566,16,21,0
19787,566,17,10,0
19788,566,18,16,1
19789,566,19,21,1
19790,566,20,13,0
19791,566,21,13,0
19792,566,22,25,1
19793,566,23,20,0
19794,566,24,23,1
19795,566,25,14,0
19796,566,26,12,0
19797,566,27,7,0
19798,566,28,15,0
19799,566,29,21,0
19800,566,30,19,1
19801,566,31,15,0
19802,566,32,9,0
19803,566,33,8,0
19804,566,34,15,1
19805,566,35,10,0
19806,567,1,29,1
19807,567,2,15,0
19808,567,3,10,0
19809,567,4,15,1
19810,567,5,7,0
19811,567,6,10,0
19812,567,7,7,0
19813,567,8,12,0
19814,567,9,13,1
19815,567,10,12,0
19816,567,11,12,1
19817,567,12,9,0
19818,567,13,9,0
19819,567,14,13,0
19820,567,15,28,0
19821,567,16,11,0
19822,567,17,7,0
19823,567,18,24,1
19824,567,19,15,1
19825,567,20,6,0
19826,567,21,13,0
19827,567,22,20,1
19828,567,23,9,0
19829,567,24,14,1
19830,567,25,23,1
19831,567,26,21,0
19832,567,27,18,1
19833,567,28,11,0
19834,567,29,7,0
19835,567,30,12,0
19836,567,31,11,0
19837,567,32,18,1
19838,567,33,22,1
19839,567,34,22,1
19840,567,35,25,1
19841,568,1,27,1
19842,568,2,17,1
19843,568,3,25,1
19844,568,4,18,0
19845,568,5,2,0
19846,568,6,17,0
19847,568,7,15,1
19848,568,8,18,0
19849,568,9,28,1
19850,568,10,8,0
19851,568,11,36,1
19852,568,12,31,1
19853,568,13,19,1
19854,568,14,26,1
19855,568,15,39,1
19856,568,16,27,0
19857,568,17,18,1
19858,568,18,7,0
19859,568,19,38,1
19860,568,20,14,1
19861,568,21,29,1
19862,568,22,19,0
19863,568,23,11,0
19864,568,24,7,0
19865,568,25,23,1
19866,568,26,10,1
19867,568,27,18,0
19868,568,28,32,1
19869,568,29,14,1
19870,568,30,38,2
19871,568,31,24,0
19872,568,32,19,1
19873,568,33,17,0
19874,568,34,26,0
19875,568,35,25,1
19876,569,1,28,0
19877,569,2,26,1
19878,569,3,41,1
19879,569,4,27,1
19880,569,5,13,1
19881,569,6,24,1
19882,569,7,19,1
19883,569,8,27,1
19884,569,9,20,1
19885,569,10,26,1
19886,569,11,51,1
19887,569,12,29,1
19888,569,13,16,0
19889,569,14,30,1
19890,569,15,23,1
19891,569,16,5,0
19892,569,17,21,1
19893,569,18,30,1
19894,569,19,20,0
19895,569,20,13,0
19896,569,21,15,0
19897,569,22,52,3
19898,569,23,37,2
19899,569,24,21,1
19900,569,25,26,0
19901,569,26,31,1
19902,569,27,11,0
19903,569,28,37,2
19904,569,29,14,0
19905,569,30,14,0
19906,569,31,18,1
19907,569,32,50,3
19908,569,33,21,1
19909,569,34,36,1
19910,569,35,17,1
19911,570,1,10,0
19912,570,2,12,0
19913,570,3,11,0
19914,570,4,19,0
19915,570,5,10,0
19916,570,6,29,2
19917,570,7,14,1
19918,570,8,15,1
19919,570,9,44,1
19920,570,10,12,1
19921,570,11,15,1
19922,570,12,17,1
19923,570,13,39,2
19924,570,14,18,1
19925,570,15,16,0
19926,570,16,20,1
19927,570,17,11,0
19928,570,18,17,1
19929,570,19,17,1
19930,570,20,18,1
19931,570,21,13,1
19932,570,22,20,0
19933,570,23,15,0
19934,570,24,27,0
19935,570,25,31,1
19936,570,26,11,0
19937,570,27,22,1
19938,570,28,30,2
19939,570,29,13,1
19940,570,30,15,0
19941,570,31,11,0
19942,570,32,24,1
19943,570,33,22,1
19944,570,34,15,0
19945,570,35,14,1
19946,571,1,19,0
19947,571,2,14,1
19948,571,3,16,1
19949,571,4,8,0
19950,571,5,16,0
19951,571,6,5,0
19952,571,7,21,1
19953,571,8,19,0
19954,571,9,19,1
19955,571,10,8,0
19956,571,11,36,1
19957,571,12,20,1
19958,571,13,3,0
19959,571,14,21,1
19960,571,15,11,0
19961,571,16,28,1
19962,571,17,12,0
19963,571,18,5,0
19964,571,19,12,1
19965,571,20,16,1
19966,571,21,21,1
19967,571,22,16,1
19968,571,23,14,0
19969,571,24,9,0
19970,571,25,14,0
19971,571,26,12,1
19972,571,27,9,0
19973,571,28,6,0
19974,571,29,28,0
19975,571,30,14,1
19976,571,31,14,1
19977,571,32,12,0
19978,571,33,22,1
19979,571,34,8,0
19980,571,35,25,1
19981,572,1,31,1
19982,572,2,28,1
19983,572,3,16,0
19984,572,4,29,1
19985,572,5,12,0
19986,572,6,14,1
19987,572,7,29,2
19988,572,8,23,1
19989,572,9,17,1
19990,572,10,35,1
19991,572,11,24,1
19992,572,12,43,2
19993,572,13,40,2
19994,572,14,17,0
19995,572,15,19,1
19996,572,16,46,2
19997,572,17,28,1
19998,572,18,8,0
19999,572,19,25,1
20000,572,20,8,0
20001,572,21,15,0
20002,572,22,22,1
20003,572,23,13,0
20004,572,24,31,1
20005,572,25,12,1
20006,572,26,11,0
20007,572,27,35,2
20008,572,28,24,1
20009,572,29,32,1
20010,572,30,28,1
20011,572,31,17,1
20012,572,32,16,1
20013,572,33,41,1
20014,572,34,21,1
20015,572,35,19,1
20016,573,1,21,0
20017,573,2,20,1
20018,573,3,20,1
20019,573,4,22,1
20020,573,5,23,1
20021,573,6,49,2
20022,573,7,39,2
20023,573,8,26,1
20024,573,9,22,1
20025,573,10,51,1
20026,573,11,30,2
20027,573,12,28,1
20028,573,13,33,1
20029,573,14,34,2
20030,573,15,17,1
20031,573,16,23,1
20032,573,17,20,0
20033,573,18,26,2
20034,573,19,35,2
20035,573,20,35,2
20036,573,21,43,1
20037,573,22,31,1
20038,573,23,29,1
20039,573,24,16,0
20040,573,25,28,1
20041,573,26,24,0
20042,573,27,36,1
20043,573,28,20,0
20044,573,29,45,1
20045,573,30,23,0
20046,573,31,31,1
20047,573,32,42,1
20048,573,33,26,1
20049,573,34,17,0
20050,573,35,23,1
20051,574,1,16,0
20052,574,2,28,1
20053,574,3,30,0
20054,574,4,24,1
20055,574,5,9,1
20056,574,6,26,1
20057,574,7,17,0
20058,574,8,19,1
20059,574,9,18,0
20060,574,10,26,1
20061,574,11,18,0
20062,574,12,18,1
20063,574,13,15,0
20064,574,14,29,1
20065,574,15,11,0
20066,574,16,21,0
20067,574,17,16,0
20068,574,18,23,1
20069,574,19,20,1
20070,574,20,18,1
20071,574,21,22,1
20072,574,22,33,1
20073,574,23,23,1
20074,574,24,11,0
20075,574,25,18,1
20076,574,26,19,1
20077,574,27,17,1
20078,574,28,6,0
20079,574,29,21,0
20080,574,30,9,0
20081,574,31,31,1
20082,574,32,28,0
20083,574,33,10,0
20084,574,34,8,0
20085,574,35,18,1
20086,575,1,11,1
20087,575,2,22,0
20088,575,3,16,0
20089,575,4,23,1
20090,575,5,32,0
20091,575,6,26,1
20092,575,7,7,0
20093,575,8,12,1
20094,575,9,10,0
20095,575,10,7,0
20096,575,11,15,0
20097,575,12,38,2
20098,575,13,11,0
20099,575,14,32,1
20100,575,15,13,1
20101,575,16,14,0
20102,575,17,11,0
20103,575,18,19,0
20104,575,19,8,0
20105,575,20,24,0
20106,575,21,13,0
20107,575,22,18,1
20108,575,23,27,1
20109,575,24,15,0
20110,575,25,15,1
20111,575,26,30,2
20112,575,27,15,0
20113,575,28,29,2
20114,575,29,9,0
20115,575,30,16,0
20116,575,31,40,2
20117,575,32,10,0
20118,575,33,11,0
20119,575,34,16,1
20120,575,35,17,1
20121,576,1,7,0
20122,576,2,20,1
20123,576,3,17,1
20124,576,4,26,1
20125,576,5,59,3
20126,576,6,16,0
20127,576,7,13,1
20128,576,8,18,1
20129,576,9,13,0
20130,576,10,20,1
20131,576,11,17,0
20132,576,12,44,2
20133,576,13,5,0
20134,576,14,11,0
20135,576,15,16,1
20136,576,16,27,1
20137,576,17,16,1
20138,576,18,29,1
20139,576,19,10,0
20140,576,20,24,1
20141,576,21,52,2
20142,576,22,36,1
20143,576,23,40,2
20144,576,24,24,0
20145,576,25,21,1
20146,576,26,32,1
20147,576,27,24,0
20148,576,28,17,0
20149,576,29,18,0
20150,576,30,33,2
20151,576,31,18,1
20152,576,32,33,1
20153,576,33,20,0
20154,576,34,9,0
20155,576,35,20,1
20156,577,1,33,2
20157,577,2,15,0
20158,577,3,24,1
20159,577,4,27,1
20160,577,5,11,1
20161,577,6,11,0
20162,577,7,34,0
20163,577,8,43,1
20164,577,9,48,2
20165,577,10,28,0
20166,577,11,38,1
20167,577,12,29,1
20168,577,13,35,2
20169,577,14,4,0
20170,577,15,42,2
20171,577,16,21,0
20172,577,17,30,2
20173,577,18,21,0
20174,577,19,28,1
20175,577,20,22,1
20176,577,21,44,2
20177,577,22,29,2
20178,577,23,40,2
20179,577,24,19,0
20180,577,25,48,3
20181,577,26,19,1
20182,577,27,18,1
20183,577,28,76,4
20184,577,29,21,1
20185,577,30,53,2
20186,577,31,48,1
20187,577,32,28,1
20188,577,33,49,1
20189,577,34,42,2
20190,577,35,19,1
20191,578,1,11,0
20192,578,2,12,0
20193,578,3,11,0
20194,578,4,18,0
20195,578,5,27,0
20196,578,6,16,1
20197,578,7,17,0
20198,578,8,26,0
20199,578,9,46,1
20200,578,10,33,1
20201,578,11,14,0
20202,578,12,21,1
20203,578,13,26,1
20204,578,14,16,0
20205,578,15,17,1
20206,578,16,52,1
20207,578,17,33,0
20208,578,18,17,1
20209,578,19,22,0
20210,578,20,13,0
20211,578,21,11,1
20212,578,22,11,0
20213,578,23,49,2
20214,578,24,32,1
20215,578,25,16,1
20216,578,26,23,1
20217,578,27,4,0
20218,578,28,23,0
20219,578,29,51,3
20220,578,30,17,1
20221,578,31,16,0
20222,578,32,17,0
20223,578,33,22,1
20224,578,34,11,0
20225,578,35,16,1
20226,579,1,17,0
20227,579,2,14,0
20228,579,3,20,1
20229,579,4,9,0
20230,579,5,19,0
20231,579,6,27,0
20232,579,7,28,1
20233,579,8,16,0
20234,579,9,39,1
20235,579,10,31,1
20236,579,11,36,1
20237,579,12,5,0
20238,579,13,18,1
20239,579,14,13,1
20240,579,15,30,0
20241,579,16,34,0
20242,579,17,11,1
20243,579,18,8,0
20244,579,19,23,1
20245,579,20,3,0
20246,579,21,13,1
20247,579,22,24,1
20248,579,23,25,1
20249,579,24,17,0
20250,579,25,8,0
20251,579,26,16,1
20252,579,27,24,1
20253,579,28,18,1
20254,579,29,12,0
20255,579,30,10,0
20256,579,31,21,1
20257,579,32,20,1
20258,579,33,14,0
20259,579,34,18,0
20260,579,35,22,1
20261,580,1,32,1
20262,580,2,21,1
20263,580,3,23,1
20264,580,4,55,2
20265,580,5,29,1
20266,580,6,24,1
20267,580,7,39,1
20268,580,8,28,1
20269,580,9,31,1
20270,580,10,12,1
20271,580,11,43,1
20272,580,12,24,0
20273,580,13,21,1
20274,580,14,57,2
20275,580,15,28,1
20276,580,16,10,0
20277,580,17,21,1
20278,580,18,36,1
20279,580,19,19,1
20280,580,20,32,1
20281,580,21,25,1
20282,580,22,20,1
20283,580,23,20,0
20284,580,24,39,2
20285,580,25,22,1
20286,580,26,24,1
20287,580,27,13,1
20288,580,28,10,0
20289,580,29,21,1
20290,580,30,64,3
20291,580,31,14,0
20292,580,32,20,1
20293,580,33,13,0
20294,580,34,17,1
20295,580,35,12,1
20296,581,1,24,1
20297,581,2,60,2
20298,581,3,32,1
20299,581,4,42,0
20300,581,5,16,1
20301,581,6,37,2
20302,581,7,46,2
20303,581,8,24,0
20304,581,9,30,0
20305,581,10,47,1
20306,581,11,22,1
20307,581,12,33,2
20308,581,13,42,2
20309,581,14,34,2
20310,581,15,21,1
20311,581,16,27,1
20312,581,17,36,1
20313,581,18,45,2
20314,581,19,45,2
20315,581,20,21,1
20316,581,21,36,2
20317,581,22,26,1
20318,581,23,38,1
20319,581,24,23,0
20320,581,25,20,1
20321,581,26,31,2
20322,581,27,29,0
20323,581,28,38,2
20324,581,29,70,2
20325,581,30,34,1
20326,581,31,36,0
20327,581,32,37,1
20328,581,33,46,2
20329,581,34,31,1
20330,581,35,23,1
20331,582,1,23,0
20332,582,2,9,0
20333,582,3,28,1
20334,582,4,26,1
20335,582,5,29,2
20336,582,6,19,1
20337,582,7,17,0
20338,582,8,26,0
20339,582,9,40,1
20340,582,10,17,1
20341,582,11,29,0
20342,582,12,17,1
20343,582,13,34,1
20344,582,14,17,0
20345,582,15,33,2
20346,582,16,22,0
20347,582,17,16,0
20348,582,18,23,1
20349,582,19,31,1
20350,582,20,42,1
20351,582,21,36,2
20352,582,22,20,0
20353,582,23,16,0
20354,582,24,36,1
20355,582,25,15,0
20356,582,26,28,2
20357,582,27,17,1
20358,582,28,19,0
20359,582,29,20,0
20360,582,30,33,2
20361,582,31,48,1
20362,582,32,11,1
20363,582,33,19,1
20364,582,34,8,0
20365,582,35,16,0
20366,583,1,14,1
20367,583,2,10,1
20368,583,3,30,1
20369,583,4,31,2
20370,583,5,24,1
20371,583,6,18,0
20372,583,7,29,2
20373,583,8,33,1
20374,583,9,21,1
20375,583,10,13,0
20376,583,11,16,1
20377,583,12,18,1
20378,583,13,19,1
20379,583,14,15,1
20380,583,15,10,1
20381,583,16,28,0
20382,583,17,15,0
20383,583,18,11,1
20384,583,19,9,0
20385,583,20,18,0
20386,583,21,20,1
20387,583,22,7,0
20388,583,23,7,0
20389,583,24,10,0
20390,583,25,19,0
20391,583,26,14,0
20392,583,27,26,1
20393,583,28,14,1
20394,583,29,8,0
20395,583,30,23,1
20396,583,31,12,0
20397,583,32,30,0
20398,583,33,16,1
20399,583,34,4,0
20400,583,35,21,0
20401,584,1,33,2
20402,584,2,70,4
20403,584,3,43,1
20404,584,4,35,1
20405,584,5,53,3
20406,584,6,30,1
20407,584,7,40,2
20408,584,8,21,1
20409,584,9,22,0
20410,584,10,31,1
20411,584,11,17,1
20412,584,12,40,2
20413,584,13,32,2
20414,584,14,13,0
20415,584,15,36,1
20416,584,16,22,0
20417,584,17,23,1
20418,584,18,20,1
20419,584,19,25,1
20420,584,20,45,1
20421,584,21,16,1
20422,584,22,13,1
20423,584,23,7,0
20424,584,24,38,1
20425,584,25,19,1
20426,584,26,29,1
20427,584,27,16,0
20428,584,28,21,1
20429,584,29,31,1
20430,584,30,8,0
20431,584,31,22,0
20432,584,32,25,1
20433,584,33,20,1
20434,584,34,23,1
20435,584,35,13,0
20436,585,1,24,1
20437,585,2,13,0
20438,585,3,20,1
20439,585,4,30,1
20440,585,5,17,1
20441,585,6,15,1
20442,585,7,24,0
20443,585,8,26,1
20444,585,9,11,1
20445,585,10,14,0
20446,585,11,38,1
20447,585,12,9,0
20448,585,13,15,0
20449,585,14,33,2
20450,585,15,11,0
20451,585,16,53,1
20452,585,17,18,1
20453,585,18,13,0
20454,585,19,52,2
20455,585,20,5,0
20456,585,21,7,0
20457,585,22,38,1
20458,585,23,24,1
20459,585,24,17,0
20460,585,25,19,0
20461,585,26,18,0
20462,585,27,19,1
20463,585,28,12,1
20464,585,29,17,1
20465,585,30,28,1
20466,585,31,16,0
20467,585,32,41,1
20468,585,33,19,1
20469,585,34,41,2
20470,585,35,29,1
20471,586,1,6,0
20472,586,2,11,0
20473,586,3,15,1
20474,586,4,17,0
20475,586,5,19,1
20476,586,6,18,0
20477,586,7,19,1
20478,586,8,15,1
20479,586,9,29,0
20480,586,10,34,1
20481,586,11,2,0
20482,586,12,10,0
20483,586,13,14,1
20484,586,14,6,0
20485,586,15,15,1
20486,586,16,13,1
20487,586,17,11,0
20488,586,18,15,1
20489,586,19,23,1
20490,586,20,15,0
20491,586,21,14,1
20492,586,22,7,0
20493,586,23,18,1
20494,586,24,8,0
20495,586,25,16,1
20496,586,26,11,1
20497,586,27,14,1
20498,586,28,16,0
20499,586,29,20,1
20500,586,30,4,0
20501,586,31,19,1
20502,586,32,12,1
20503,586,33,12,0
20504,586,34,17,1
20505,586,35,9,1
20506,587,1,9,0
20507,587,2,14,1
20508,587,3,8,0
20509,587,4,18,0
20510,587,5,19,1
20511,587,6,15,1
20512,587,7,24,1
20513,587,8,11,0
20514,587,9,2,0
20515,587,10,8,0
20516,587,11,8,0
20517,587,12,15,1
20518,587,13,16,1
20519,587,14,10,0
20520,587,15,16,0
20521,587,16,13,0
20522,587,17,13,0
20523,587,18,10,0
20524,587,19,5,0
20525,587,20,13,0
20526,587,21,12,0
20527,587,22,12,0
20528,587,23,8,0
20529,587,24,17,0
20530,587,25,14,0
20531,587,26,10,0
20532,587,27,12,1
20533,587,28,7,0
20534,587,29,10,0
20535,587,30,11,0
20536,587,31,6,0
20537,587,32,13,0
20538,587,33,6,0
20539,587,34,20,0
20540,587,35,7,0
20541,588,1,23,1
20542,588,2,34,0
20543,588,3,21,0
20544,588,4,18,1
20545,588,5,34,1
20546,588,6,20,1
20547,588,7,14,1
20548,588,8,23,1
20549,588,9,25,1
20550,588,10,17,1
20551,588,11,9,0
20552,588,12,22,1
20553,588,13,24,1
20554,588,14,13,0
20555,588,15,22,1
20556,588,16,26,1
20557,588,17,35,1
20558,588,18,20,1
20559,588,19,12,0
20560,588,20,21,1
20561,588,21,20,1
20562,588,22,11,0
20563,588,23,18,0
20564,588,24,18,0
20565,588,25,12,0
20566,588,26,34,1
20567,588,27,16,1
20568,588,28,30,2
20569,588,29,18,1
20570,588,30,19,0
20571,588,31,18,0
20572,588,32,19,1
20573,588,33,22,0
20574,588,34,22,1
20575,588,35,21,1
20576,589,1,27,1
20577,589,2,16,1
20578,589,3,14,0
20579,589,4,27,1
20580,589,5,15,0
20581,589,6,23,1
20582,589,7,32,1
20583,589,8,10,1
20584,589,9,16,1
20585,589,10,12,1
20586,589,11,27,1
20587,589,12,13,0
20588,589,13,7,0
20589,589,14,25,1
20590,589,15,17,1
20591,589,16,36,2
20592,589,17,11,0
20593,589,18,32,1
20594,589,19,25,0
20595,589,20,40,1
20596,589,21,14,0
20597,589,22,11,0
20598,589,23,14,1
20599,589,24,15,0
20600,589,25,14,1
20601,589,26,28,1
20602,589,27,17,1
20603,589,28,16,1
20604,589,29,19,1
20605,589,30,26,0
20606,589,31,36,2
20607,589,32,29,1
20608,589,33,16,1
20609,589,34,21,1
20610,589,35,43,1
20611,590,1,17,0
20612,590,2,12,1
20613,590,3,22,1
20614,590,4,18,1
20615,590,5,18,1
20616,590,6,11,0
20617,590,7,15,1
20618,590,8,17,1
20619,590,9,19,1
20620,590,10,8,0
20621,590,11,6,0
20622,590,12,15,0
20623,590,13,17,1
20624,590,14,26,0
20625,590,15,14,1
20626,590,16,11,0
20627,590,17,21,1
20628,590,18,14,0
20629,590,19,21,1
20630,590,20,19,1
20631,590,21,17,1
20632,590,22,10,0
20633,590,23,21,1
20634,590,24,17,0
20635,590,25,10,1
20636,590,26,16,1
20637,590,27,11,0
20638,590,28,15,0
20639,590,29,5,0
20640,590,30,28,0
20641,590,31,10,0
20642,590,32,13,1
20643,590,33,14,1
20644,590,34,21,1
20645,590,35,17,1
20646,591,1,34,0
20647,591,2,10,0
20648,591,3,8,0
20649,591,4,7,0
20650,591,5,5,0
20651,591,6,8,0
20652,591,7,11,0
20653,591,8,13,0
20654,591,9,14,0
20655,591,10,8,0
20656,591,11,6,0
20657,591,12,11,1
20658,591,13,8,0
20659,591,14,17,1
20660,591,15,17,1
20661,591,16,18,1
20662,591,17,13,0
20663,591,18,8,0
20664,591,19,3,0
20665,591,20,17,1
20666,591,21,15,1
20667,591,22,16,1
20668,591,23,11,0
20669,591,24,4,0
20670,591,25,5,0
20671,591,26,6,0
20672,591,27,6,0
20673,591,28,5,0
20674,591,29,11,0
20675,591,30,16,1
20676,591,31,18,1
20677,591,32,23,1
20678,591,33,8,0
20679,591,34,11,0
20680,591,35,12,1
20681,592,1,14,1
20682,592,2,29,0
20683,592,3,16,0
20684,592,4,9,0
20685,592,5,15,1
20686,592,6,18,1
20687,592,7,13,1
20688,592,8,25,1
20689,592,9,8,0
20690,592,10,14,0
20691,592,11,28,1
20692,592,12,37,1
20693,592,13,9,0
20694,592,14,25,1
20695,592,15,6,0
20696,592,16,44,2
20697,592,17,16,1
20698,592,18,11,1
20699,592,19,8,0
20700,592,20,9,0
20701,592,21,14,1
20702,592,22,13,0
20703,592,23,12,0
20704,592,24,14,1
20705,592,25,16,1
20706,592,26,17,0
20707,592,27,18,1
20708,592,28,20,0
20709,592,29,16,1
20710,592,30,11,0
20711,592,31,11,1
20712,592,32,38,2
20713,592,33,8,0
20714,592,34,9,0
20715,592,35,12,1
20716,593,1,13,0
20717,593,2,7,0
20718,593,3,28,1
20719,593,4,17,0
20720,593,5,34,1
20721,593,6,20,1
20722,593,7,21,1
20723,593,8,15,1
20724,593,9,15,1
20725,593,10,31,2
20726,593,11,19,1
20727,593,12,15,0
20728,593,13,23,1
20729,593,14,26,1
20730,593,15,49,1
20731,593,16,13,0
20732,593,17,37,2
20733,593,18,24,1
20734,593,19,36,1
20735,593,20,21,0
20736,593,21,31,1
20737,593,22,56,3
20738,593,23,16,0
20739,593,24,15,0
20740,593,25,18,0
20741,593,26,15,1
20742,593,27,10,0
20743,593,28,38,2
20744,593,29,22,1
20745,593,30,14,0
20746,593,31,36,1
20747,593,32,12,0
20748,593,33,14,0
20749,593,34,34,2
20750,593,35,17,1
20751,594,1,17,1
20752,594,2,38,1
20753,594,3,5,0
20754,594,4,12,0
20755,594,5,24,1
20756,594,6,18,1
20757,594,7,11,0
20758,594,8,15,1
20759,594,9,17,1
20760,594,10,15,0
20761,594,11,15,1
20762,594,12,25,1
20763,594,13,6,0
20764,594,14,11,1
20765,594,15,13,1
20766,594,16,15,0
20767,594,17,10,0
20768,594,18,13,0
20769,594,19,14,1
20770,594,20,12,0
20771,594,21,12,0
20772,594,22,19,0
20773,594,23,32,1
20774,594,24,24,0
20775,594,25,14,0
20776,594,26,26,1
20777,594,27,17,0
20778,594,28,16,0
20779,594,29,10,0
20780,594,30,7,0
20781,594,31,13,0
20782,594,32,21,0
20783,594,33,18,1
20784,594,34,25,1
20785,594,35,16,1
20786,595,1,8,0
20787,595,2,13,1
20788,595,3,9,0
20789,595,4,10,0
20790,595,5,16,1
20791,595,6,23,0
20792,595,7,11,0
20793,595,8,11,1
20794,595,9,9,0
20795,595,10,11,0
20796,595,11,8,0
20797,595,12,8,0
20798,595,13,24,1
20799,595,14,13,0
20800,595,15,36,0
20801,595,16,16,1
20802,595,17,10,0
20803,595,18,8,0
20804,595,19,13,1
20805,595,20,18,1
20806,595,21,13,0
20807,595,22,4,0
20808,595,23,14,1
20809,595,24,13,1
20810,595,25,10,0
20811,595,26,11,1
20812,595,27,7,0
20813,595,28,14,0
20814,595,29,18,0
20815,595,30,8,0
20816,595,31,9,0
20817,595,32,4,0
20818,595,33,6,0
20819,595,34,7,0
20820,595,35,11,0
20821,596,1,31,2
20822,596,2,26,1
20823,596,3,24,1
20824,596,4,17,1
20825,596,5,29,1
20826,596,6,25,1
20827,596,7,8,0
20828,596,8,13,0
20829,596,9,16,0
20830,596,10,14,0
20831,596,11,17,1
20832,596,12,17,1
20833,596,13,17,0
20834,596,14,24,1
20835,596,15,37,2
20836,596,16,33,2
20837,596,17,16,1
20838,596,18,15,1
20839,596,19,39,2
20840,596,20,9,1
20841,596,21,19,1
20842,596,22,14,0
20843,596,23,9,0
20844,596,24,35,1
20845,596,25,15,0
20846,596,26,27,1
20847,596,27,44,1
20848,596,28,28,1
20849,596,29,21,1
20850,596,30,10,0
20851,596,31,12,0
20852,596,32,9,0
20853,596,33,17,1
20854,596,34,25,0
20855,596,35,21,1
20856,597,1,26,0
20857,597,2,19,1
20858,597,3,35,1
20859,597,4,32,0
20860,597,5,21,1
20861,597,6,36,0
20862,597,7,40,1
20863,597,8,26,1
20864,597,9,26,1
20865,597,10,8,0
20866,597,11,21,1
20867,597,12,24,0
20868,597,13,27,1
20869,597,14,24,0
20870,597,15,13,0
20871,597,16,16,0
20872,597,17,17,0
20873,597,18,40,1
20874,597,19,32,0
20875,597,20,28,1
20876,597,21,32,2
20877,597,22,31,1
20878,597,23,42,1
20879,597,24,25,1
20880,597,25,25,0
20881,597,26,19,1
20882,597,27,34,1
20883,597,28,10,0
20884,597,29,30,2
20885,597,30,26,2
20886,597,31,23,1
20887,597,32,56,2
20888,597,33,27,1
20889,597,34,38,1
20890,597,35,29,1
20891,598,1,24,1
20892,598,2,23,1
20893,598,3,13,1
20894,598,4,23,1
20895,598,5,32,2
20896,598,6,9,0
20897,598,7,8,0
20898,598,8,25,1
20899,598,9,19,1
20900,598,10,22,0
20901,598,11,44,1
20902,598,12,19,1
20903,598,13,4,0
20904,598,14,20,0
20905,598,15,31,0
20906,598,16,18,0
20907,598,17,34,2
20908,598,18,17,1
20909,598,19,16,1
20910,598,20,5,0
20911,598,21,17,1
20912,598,22,11,0
20913,598,23,9,0
20914,598,24,15,0
20915,598,25,27,1
20916,598,26,22,1
20917,598,27,13,1
20918,598,28,11,0
20919,598,29,12,1
20920,598,30,20,1
20921,598,31,18,0
20922,598,32,8,0
20923,598,33,22,1
20924,598,34,19,0
20925,598,35,14,0
20926,599,1,9,0
20927,599,2,16,0
20928,599,3,38,1
20929,599,4,24,1
20930,599,5,7,0
20931,599,6,8,0
20932,599,7,19,0
20933,599,8,5,0
20934,599,9,11,0
20935,599,10,16,1
20936,599,11,24,1
20937,599,12,34,0
20938,599,13,7,0
20939,599,14,9,0
20940,599,15,11,0
20941,599,16,16,1
20942,599,17,6,0
20943,599,18,30,1
20944,599,19,28,1
20945,599,20,8,0
20946,599,21,11,0
20947,599,22,43,2
20948,599,23,22,1
20949,599,24,21,0
20950,599,25,13,1
20951,599,26,22,1
20952,599,27,15,0
20953,599,28,18,1
20954,599,29,7,0
20955,599,30,13,1
20956,599,31,17,1
20957,599,32,12,0
20958,599,33,26,1
20959,599,34,7,0
20960,599,35,13,1
20961,600,1,18,0
20962,600,2,8,0
20963,600,3,26,1
20964,600,4,17,0
20965,600,5,22,1
20966,600,6,17,1
20967,600,7,10,0
20968,600,8,48,3
20969,600,9,20,1
20970,600,10,34,0
20971,600,11,24,1
20972,600,12,22,0
20973,600,13,33,0
20974,600,14,7,0
20975,600,15,19,1
20976,600,16,11,1
20977,600,17,9,0
20978,600,18,14,0
20979,600,19,18,0
20980,600,20,19,1
20981,600,21,30,0
20982,600,22,36,1
20983,600,23,31,1
20984,600,24,16,1
20985,600,25,25,1
20986,600,26,39,1
20987,600,27,25,1
20988,600,28,20,1
20989,600,29,21,1
20990,600,30,26,2
20991,600,31,9,0
20992,600,32,36,1
20993,600,33,40,2
20994,600,34,17,1
20995,600,35,28,2
20996,601,1,35,1
20997,601,2,3,0
20998,601,3,25,1
20999,601,4,34,1
21000,601,5,13,0
21001,601,6,18,1
21002,601,7,36,2
21003,601,8,46,1
21004,601,9,38,1
21005,601,10,33,1
21006,601,11,28,1
21007,601,12,13,1
21008,601,13,39,2
21009,601,14,15,0
21010,601,15,8,0
21011,601,16,35,2
21012,601,17,32,1
21013,601,18,11,1
21014,601,19,27,0
21015,601,20,36,2
21016,601,21,23,1
21017,601,22,14,1
21018,601,23,30,1
21019,601,24,23,1
21020,601,25,15,0
21021,601,26,36,1
21022,601,27,19,0
21023,601,28,45,1
21024,601,29,25,0
21025,601,30,22,1
21026,601,31,17,0
21027,601,32,15,0
21028,601,33,32,1
21029,601,34,20,1
21030,601,35,59,1
21031,602,1,15,1
21032,602,2,44,2
21033,602,3,16,0
21034,602,4,15,1
21035,602,5,18,1
21036,602,6,12,1
21037,602,7,19,1
21038,602,8,20,1
21039,602,9,28,1
21040,602,10,12,1
21041,602,11,42,2
21042,602,12,19,0
21043,602,13,30,1
21044,602,14,13,1
21045,602,15,6,0
21046,602,16,12,1
21047,602,17,25,0
21048,602,18,17,0
21049,602,19,26,1
21050,602,20,27,1
21051,602,21,30,1
21052,602,22,17,1
21053,602,23,35,1
21054,602,24,13,1
21055,602,25,18,1
21056,602,26,15,0
21057,602,27,24,1
21058,602,28,16,0
21059,602,29,17,1
21060,602,30,15,1
21061,602,31,31,0
21062,602,32,17,1
21063,602,33,27,1
21064,602,34,7,0
21065,602,35,10,0
21066,603,1,8,0
21067,603,2,30,0
21068,603,3,39,1
21069,603,4,20,1
21070,603,5,37,1
21071,603,6,15,1
21072,603,7,14,1
21073,603,8,13,0
21074,603,9,6,0
21075,603,10,9,1
21076,603,11,32,1
21077,603,12,5,0
21078,603,13,3,0
21079,603,14,14,1
21080,603,15,13,0
21081,603,16,15,1
21082,603,17,25,1
21083,603,18,17,0
21084,603,19,28,1
21085,603,20,13,0
21086,603,21,16,0
21087,603,22,10,0
21088,603,23,25,1
21089,603,24,11,0
21090,603,25,32,1
21091,603,26,17,1
21092,603,27,10,0
21093,603,28,12,0
21094,603,29,16,1
21095,603,30,13,0
21096,603,31,35,2
21097,603,32,33,2
21098,603,33,13,0
21099,603,34,17,0
21100,603,35,21,1
21101,604,1,51,2
21102,604,2,43,1
21103,604,3,16,0
21104,604,4,26,1
21105,604,5,18,1
21106,604,6,20,1
21107,604,7,23,1
21108,604,8,20,1
21109,604,9,8,0
21110,604,10,37,1
21111,604,11,20,1
21112,604,12,38,2
21113,604,13,24,1
21114,604,14,25,1
21115,604,15,33,1
21116,604,16,9,0
21117,604,17,14,1
21118,604,18,20,1
21119,604,19,10,0
21120,604,20,9,0
21121,604,21,40,1
21122,604,22,21,1
21123,604,23,28,0
21124,604,24,25,1
21125,604,25,19,1
21126,604,26,35,1
21127,604,27,32,1
21128,604,28,13,0
21129,604,29,10,1
21130,604,30,15,1
21131,604,31,32,2
21132,604,32,17,0
21133,604,33,12,1
21134,604,34,34,2
21135,604,35,13,0
21136,605,1,25,1
21137,605,2,23,1
21138,605,3,21,0
21139,605,4,49,3
21140,605,5,21,1
21141,605,6,20,1
21142,605,7,32,2
21143,605,8,21,0
21144,605,9,28,1
21145,605,10,16,1
21146,605,11,29,0
21147,605,12,41,2
21148,605,13,23,0
21149,605,14,40,2
21150,605,15,15,0
21151,605,16,20,1
21152,605,17,19,1
21153,605,18,14,0
21154,605,19,24,1
21155,605,20,42,2
21156,605,21,36,2
21157,605,22,32,1
21158,605,23,20,0
21159,605,24,32,1
21160,605,25,19,1
21161,605,26,41,2
21162,605,27,23,0
21163,605,28,24,0
21164,605,29,7,0
21165,605,30,30,2
21166,605,31,33,1
21167,605,32,39,2
21168,605,33,26,0
21169,605,34,32,0
21170,605,35,30,1
21171,606,1,13,1
21172,606,2,33,2
21173,606,3,53,1
21174,606,4,27,1
21175,606,5,18,1
21176,606,6,47,2
21177,606,7,27,0
21178,606,8,13,0
21179,606,9,25,0
21180,606,10,37,2
21181,606,11,18,1
21182,606,12,12,1
21183,606,13,21,1
21184,606,14,36,0
21185,606,15,14,1
21186,606,16,20,0
21187,606,17,18,0
21188,606,18,21,1
21189,606,19,15,1
21190,606,20,10,0
21191,606,21,31,1
21192,606,22,14,0
21193,606,23,30,1
21194,606,24,14,1
21195,606,25,41,2
21196,606,26,16,1
21197,606,27,8,0
21198,606,28,7,0
21199,606,29,17,0
21200,606,30,31,1
21201,606,31,20,1
21202,606,32,14,1
21203,606,33,29,0
21204,606,34,15,0
21205,606,35,5,0
21206,607,1,14,1
21207,607,2,21,0
21208,607,3,14,0
21209,607,4,20,1
21210,607,5,16,1
21211,607,6,33,1
21212,607,7,10,0
21213,607,8,6,0
21214,607,9,10,1
21215,607,10,22,1
21216,607,11,16,1
21217,607,12,13,0
21218,607,13,36,1
21219,607,14,33,1
21220,607,15,5,0
21221,607,16,6,0
21222,607,17,22,0
21223,607,18,22,1
21224,607,19,16,0
21225,607,20,27,1
21226,607,21,19,1
21227,607,22,16,1
21228,607,23,27,2
21229,607,24,22,1
21230,607,25,24,1
21231,607,26,28,1
21232,607,27,18,1
21233,607,28,16,1
21234,607,29,19,1
21235,607,30,20,1
21236,607,31,14,1
21237,607,32,14,0
21238,607,33,14,1
21239,607,34,24,1
21240,607,35,22,0
21241,608,1,47,1
21242,608,2,51,2
21243,608,3,41,0
21244,608,4,38,1
21245,608,5,14,0
21246,608,6,9,0
21247,608,7,23,1
21248,608,8,30,1
21249,608,9,32,2
21250,608,10,27,1
21251,608,11,32,2
21252,608,12,14,0
21253,608,13,20,1
21254,608,14,20,0
21255,608,15,11,0
21256,608,16,16,1
21257,608,17,28,1
21258,608,18,28,2
21259,608,19,15,1
21260,608,20,14,0
21261,608,21,51,1
21262,608,22,59,3
21263,608,23,22,1
21264,608,24,29,2
21265,608,25,17,0
21266,608,26,57,3
21267,608,27,27,1
21268,608,28,35,2
21269,608,29,3,0
21270,608,30,33,2
21271,608,31,52,3
21272,608,32,25,0
21273,608,33,15,1
21274,608,34,5,0
21275,608,35,26,1
21276,609,1,30,2
21277,609,2,32,1
21278,609,3,28,1
21279,609,4,24,1
21280,609,5,43,2
21281,609,6,35,1
21282,609,7,32,2
21283,609,8,28,1
21284,609,9,21,1
21285,609,10,49,3
21286,609,11,66,1
21287,609,12,37,1
21288,609,13,33,2
21289,609,14,11,0
21290,609,15,17,1
21291,609,16,21,0
21292,609,17,48,2
21293,609,18,28,1
21294,609,19,18,0
21295,609,20,34,2
21296,609,21,43,2
21297,609,22,19,1
21298,609,23,22,1
21299,609,24,26,1
21300,609,25,16,0
21301,609,26,30,2
21302,609,27,25,1
21303,609,28,38,2
21304,609,29,34,1
21305,609,30,32,1
21306,609,31,41,2
21307,609,32,16,1
21308,609,33,20,0
21309,609,34,24,1
21310,609,35,14,1
21311,610,1,15,0
21312,610,2,21,1
21313,610,3,19,1
21314,610,4,30,1
21315,610,5,18,1
21316,610,6,19,1
21317,610,7,31,1
21318,610,8,26,1
21319,610,9,22,0
21320,610,10,13,1
21321,610,11,40,2
21322,610,12,19,1
21323,610,13,10,0
21324,610,14,17,0
21325,610,15,26,1
21326,610,16,21,0
21327,610,17,15,0
21328,610,18,24,1
21329,610,19,21,1
21330,610,20,18,1
21331,610,21,52,3
21332,610,22,21,1
21333,610,23,17,1
21334,610,24,44,3
21335,610,25,14,0
21336,610,26,17,1
21337,610,27,32,2
21338,610,28,13,0
21339,610,29,11,0
21340,610,30,18,1
21341,610,31,18,1
21342,610,32,27,1
21343,610,33,40,0
21344,610,34,15,0
21345,610,35,31,2
21346,611,1,30,2
21347,611,2,9,1
21348,611,3,10,1
21349,611,4,16,1
21350,611,5,32,1
21351,611,6,18,0
21352,611,7,7,0
21353,611,8,13,0
21354,611,9,8,0
21355,611,10,11,0
21356,611,11,18,0
21357,611,12,12,1
21358,611,13,25,0
21359,611,14,12,1
21360,611,15,24,1
21361,611,16,18,0
21362,611,17,7,0
21363,611,18,7,0
21364,611,19,9,0
21365,611,20,42,0
21366,611,21,7,0
21367,611,22,20,1
21368,611,23,20,1
21369,611,24,7,0
21370,611,25,8,0
21371,611,26,25,1
21372,611,27,10,0
21373,611,28,22,1
21374,611,29,13,0
21375,611,30,26,1
21376,611,31,14,0
21377,611,32,17,1
21378,611,33,7,0
21379,611,34,30,0
21380,611,35,17,0
21381,612,1,14,0
21382,612,2,15,1
21383,612,3,29,1
21384,612,4,19,1
21385,612,5,30,2
21386,612,6,22,1
21387,612,7,34,2
21388,612,8,13,1
21389,612,9,35,2
21390,612,10,40,2
21391,612,11,29,1
21392,612,12,13,1
21393,612,13,21,1
21394,612,14,18,1
21395,612,15,34,1
21396,612,16,19,1
21397,612,17,44,2
21398,612,18,39,2
21399,612,19,20,1
21400,612,20,57,1
21401,612,21,13,0
21402,612,22,7,0
21403,612,23,32,1
21404,612,24,38,1
21405,612,25,30,1
21406,612,26,19,1
21407,612,27,40,2
21408,612,28,20,0
21409,612,29,25,1
21410,612,30,28,1
21411,612,31,25,0
21412,612,32,24,1
21413,612,33,45,1
21414,612,34,20,1
21415,612,35,20,0
21416,613,1,23,1
21417,613,2,13,0
21418,613,3,26,0
21419,613,4,13,0
21420,613,5,12,0
21421,613,6,26,1
21422,613,7,11,0
21423,613,8,22,1
21424,613,9,19,0
21425,613,10,17,1
21426,613,11,25,1
21427,613,12,7,0
21428,613,13,18,1
21429,613,14,29,1
21430,613,15,30,2
21431,613,16,31,1
21432,613,17,45,1
21433,613,18,6,0
21434,613,19,29,1
21435,613,20,6,0
21436,613,21,16,1
21437,613,22,11,0
21438,613,23,36,1
21439,613,24,35,2
21440,613,25,19,0
21441,613,26,18,1
21442,613,27,14,0
21443,613,28,18,1
21444,613,29,25,0
21445,613,30,17,0
21446,613,31,29,1
21447,613,32,22,1
21448,613,33,19,1
21449,613,34,45,3
21450,613,35,25,1
21451,614,1,11,0
21452,614,2,10,0
21453,614,3,27,2
21454,614,4,7,0
21455,614,5,15,0
21456,614,6,25,1
21457,614,7,20,0
21458,614,8,17,1
21459,614,9,13,1
21460,614,10,24,1
21461,614,11,25,1
21462,614,12,24,1
21463,614,13,17,0
21464,614,14,18,1
21465,614,15,16,1
21466,614,16,22,1
21467,614,17,12,0
21468,614,18,25,1
21469,614,19,10,0
21470,614,20,13,1
21471,614,21,16,1
21472,614,22,10,0
21473,614,23,1,0
21474,614,24,32,1
21475,614,25,19,1
21476,614,26,4,0
21477,614,27,5,0
21478,614,28,19,1
21479,614,29,18,1
21480,614,30,10,0
21481,614,31,13,0
21482,614,32,3,0
21483,614,33,8,0
21484,614,34,8,0
21485,614,35,17,0
21486,615,1,21,0
21487,615,2,17,0
21488,615,3,13,1
21489,615,4,10,0
21490,615,5,13,0
21491,615,6,15,0
21492,615,7,18,1
21493,615,8,19,1
21494,615,9,17,0
21495,615,10,17,0
21496,615,11,7,0
21497,615,12,14,1
21498,615,13,6,0
21499,615,14,12,0
21500,615,15,6,0
21501,615,16,8,0
21502,615,17,8,0
21503,615,18,15,1
21504,615,19,8,0
21505,615,20,13,0
21506,615,21,9,1
21507,615,22,10,0
21508,615,23,17,1
21509,615,24,5,0
21510,615,25,26,1
21511,615,26,16,0
21512,615,27,6,0
21513,615,28,28,1
21514,615,29,25,1
21515,615,30,6,0
21516,615,31,11,1
21517,615,32,6,0
21518,615,33,10,1
21519,615,34,20,0
21520,615,35,15,1
21521,616,1,7,0
21522,616,2,24,1
21523,616,3,13,0
21524,616,4,8,0
21525,616,5,12,0
21526,616,6,19,1
21527,616,7,26,1
21528,616,8,29,1
21529,616,9,18,1
21530,616,10,9,0
21531,616,11,19,1
21532,616,12,12,0
21533,616,13,17,0
21534,616,14,40,0
21535,616,15,13,0
21536,616,16,15,1
21537,616,17,9,0
21538,616,18,22,1
21539,616,19,10,0
21540,616,20,27,0
21541,616,21,44,2
21542,616,22,31,1
21543,616,23,11,0
21544,616,24,20,1
21545,616,25,30,2
21546,616,26,14,0
21547,616,27,11,0
21548,616,28,16,1
21549,616,29,12,0
21550,616,30,23,0
21551,616,31,19,0
21552,616,32,15,1
21553,616,33,8,0
21554,616,34,19,0
21555,616,35,24,1
21556,617,1,45,2
21557,617,2,24,0
21558,617,3,15,1
21559,617,4,23,1
21560,617,5,18,0
21561,617,6,25,1
21562,617,7,17,0
21563,617,8,20,1
21564,617,9,17,1
21565,617,10,25,1
21566,617,11,25,1
21567,617,12,32,2
21568,617,13,12,0
21569,617,14,35,2
21570,617,15,15,0
21571,617,16,17,1
21572,617,17,10,0
21573,617,18,25,1
21574,617,19,44,2
21575,617,20,17,1
21576,617,21,9,0
21577,617,22,14,1
21578,617,23,21,0
21579,617,24,20,1
21580,617,25,6,0
21581,617,26,30,1
21582,617,27,16,0
21583,617,28,18,0
21584,617,29,15,0
21585,617,30,21,1
21586,617,31,18,1
21587,617,32,57,1
21588,617,33,14,0
21589,617,34,28,1
21590,617,35,24,0
21591,618,1,15,1
21592,618,2,6,0
21593,618,3,9,0
21594,618,4,14,0
21595,618,5,38,2
21596,618,6,9,0
21597,618,7,7,0
21598,618,8,33,2
21599,618,9,18,1
21600,618,10,11,0
21601,618,11,6,0
21602,618,12,22,1
21603,618,13,19,1
21604,618,14,4,0
21605,618,15,9,0
21606,618,16,22,1
21607,618,17,19,0
21608,618,18,16,1
21609,618,19,27,1
21610,618,20,4,0
21611,618,21,16,0
21612,618,22,9,0
21613,618,23,11,1
21614,618,24,15,1
21615,618,25,11,0
21616,618,26,26,1
21617,618,27,15,1
21618,618,28,25,1
21619,618,29,17,0
21620,618,30,19,0
21621,618,31,18,0
21622,618,32,10,1
21623,618,33,14,1
21624,618,34,17,1
21625,618,35,19,0
21626,619,1,9,0
21627,619,2,10,0
21628,619,3,11,0
21629,619,4,11,0
21630,619,5,8,0
21631,619,6,4,0
21632,619,7,29,0
21633,619,8,19,0
21634,619,9,19,0
21635,619,10,21,1
21636,619,11,19,0
21637,619,12,29,1
21638,619,13,15,1
21639,619,14,21,0
21640,619,15,12,1
21641,619,16,8,0
21642,619,17,7,0
21643,619,18,20,1
21644,619,19,22,0
21645,619,20,12,1
21646,619,21,4,0
21647,619,22,9,0
21648,619,23,6,0
21649,619,24,15,0
21650,619,25,11,1
21651,619,26,33,1
21652,619,27,22,1
21653,619,28,7,0
21654,619,29,14,0
21655,619,30,23,1
21656,619,31,8,0
21657,619,32,15,0
21658,619,33,7,0
21659,619,34,24,0
21660,619,35,23,0
21661,620,1,32,1
21662,620,2,15,0
21663,620,3,23,1
21664,620,4,24,1
21665,620,5,23,1
21666,620,6,9,0
21667,620,7,19,1
21668,620,8,10,0
21669,620,9,48,1
21670,620,10,13,0
21671,620,11,27,1
21672,620,12,22,1
21673,620,13,11,0
21674,620,14,20,0
21675,620,15,18,0
21676,620,16,17,1
21677,620,17,30,1
21678,620,18,14,1
21679,620,19,29,1
21680,620,20,9,0
21681,620,21,7,0
21682,620,22,17,0
21683,620,23,21,1
21684,620,24,18,0
21685,620,25,41,1
21686,620,26,18,0
21687,620,27,24,1
21688,620,28,26,1
21689,620,29,19,1
21690,620,30,12,0
21691,620,31,11,0
21692,620,32,24,1
21693,620,33,47,2
21694,620,34,39,2
21695,620,35,17,0
21696,621,1,36,2
21697,621,2,33,1
21698,621,3,10,0
21699,621,4,27,1
21700,621,5,32,1
21701,621,6,9,0
21702,621,7,6,0
21703,621,8,18,0
21704,621,9,21,1
21705,621,10,25,1
21706,621,11,16,1
21707,621,12,48,1
21708,621,13,25,1
21709,621,14,20,0
21710,621,15,30,0
21711,621,16,22,1
21712,621,17,24,1
21713,621,18,18,1
21714,621,19,9,0
21715,621,20,26,0
21716,621,21,43,2
21717,621,22,30,2
21718,621,23,39,1
21719,621,24,9,0
21720,621,25,10,0
21721,621,26,6,0
21722,621,27,19,0
21723,621,28,21,1
21724,621,29,10,0
21725,621,30,15,1
21726,621,31,23,1
21727,621,32,10,0
21728,621,33,7,0
21729,621,34,18,1
21730,621,35,10,0
21731,622,1,9,0
21732,622,2,15,1
21733,622,3,22,1
21734,622,4,14,1
21735,622,5,9,0
21736,622,6,27,0
21737,622,7,8,0
21738,622,8,19,0
21739,622,9,12,0
21740,622,10,17,1
21741,622,11,21,0
21742,622,12,23,1
21743,622,13,24,0
21744,622,14,24,1
21745,622,15,28,1
21746,622,16,29,1
21747,622,17,35,1
21748,622,18,43,1
21749,622,19,28,1
21750,622,20,19,0
21751,622,21,9,0
21752,622,22,26,1
21753,622,23,11,0
21754,622,24,10,1
21755,622,25,39,1
21756,622,26,3,0
21757,622,27,11,0
21758,622,28,24,1
21759,622,29,14,0
21760,622,30,24,1
21761,622,31,20,1
21762,622,32,9,0
21763,622,33,9,0
21764,622,34,10,0
21765,622,35,7,0
21766,623,1,8,0
21767,623,2,18,0
21768,623,3,25,1
21769,623,4,10,0
21770,623,5,11,1
21771,623,6,20,1
21772,623,7,7,0
21773,623,8,36,1
21774,623,9,32,1
21775,623,10,4,0
21776,623,11,15,0
21777,623,12,17,1
21778,623,13,4,0
21779,623,14,13,1
21780,623,15,24,1
21781,623,16,17,0
21782,623,17,24,0
21783,623,18,8,0
21784,623,19,6,0
21785,623,20,22,1
21786,623,21,5,0
21787,623,22,19,1
21788,623,23,15,0
21789,623,24,32,1
21790,623,25,19,1
21791,623,26,26,1
21792,623,27,12,0
21793,623,28,12,0
21794,623,29,2,0
21795,623,30,18,1
21796,623,31,29,1
21797,623,32,30,1
21798,623,33,29,1
21799,623,34,16,0
21800,623,35,12,1
21801,624,1,10,0
21802,624,2,13,0
21803,624,3,18,1
21804,624,4,27,1
21805,624,5,17,0
21806,624,6,29,2
21807,624,7,17,1
21808,624,8,14,1
21809,624,9,23,1
21810,624,10,9,1
21811,624,11,9,0
21812,624,12,32,1
21813,624,13,15,1
21814,624,14,15,0
21815,624,15,27,1
21816,624,16,26,1
21817,624,17,14,0
21818,624,18,32,2
21819,624,19,47,3
21820,624,20,9,0
21821,624,21,18,1
21822,624,22,26,1
21823,624,23,22,0
21824,624,24,44,0
21825,624,25,13,1
21826,624,26,17,1
21827,624,27,16,0
21828,624,28,17,1
21829,624,29,29,1
21830,624,30,29,1
21831,624,31,23,1
21832,624,32,4,0
21833,624,33,26,1
21834,624,34,23,1
21835,624,35,19,1
21836,625,1,24,0
21837,625,2,20,1
21838,625,3,13,0
21839,625,4,19,0
21840,625,5,18,1
21841,625,6,30,1
21842,625,7,10,0
21843,625,8,20,1
21844,625,9,40,1
21845,625,10,35,1
21846,625,11,33,1
21847,625,12,21,1
21848,625,13,25,1
21849,625,14,10,0
21850,625,15,7,0
21851,625,16,48,1
21852,625,17,20,1
21853,625,18,20,0
21854,625,19,14,0
21855,625,20,29,1
21856,625,21,31,1
21857,625,22,13,0
21858,625,23,40,1
21859,625,24,21,1
21860,625,25,40,2
21861,625,26,11,0
21862,625,27,35,1
21863,625,28,34,1
21864,625,29,5,0
21865,625,30,6,0
21866,625,31,38,0
21867,625,32,27,0
21868,625,33,24,0
21869,625,34,22,1
21870,625,35,18,0
21871,626,1,27,1
21872,626,2,12,0
21873,626,3,24,1
21874,626,4,23,1
21875,626,5,22,0
21876,626,6,18,1
21877,626,7,33,2
21878,626,8,11,1
21879,626,9,20,0
21880,626,10,13,1
21881,626,11,22,1
21882,626,12,11,0
21883,626,13,31,1
21884,626,14,19,1
21885,626,15,21,0
21886,626,16,17,0
21887,626,17,21,1
21888,626,18,7,0
21889,626,19,20,0
21890,626,20,19,1
21891,626,21,24,1
21892,626,22,17,1
21893,626,23,7,0
21894,626,24,20,0
21895,626,25,13,0
21896,626,26,22,1
21897,626,27,6,0
21898,626,28,11,0
21899,626,29,25,0
21900,626,30,9,0
21901,626,31,17,0
21902,626,32,19,1
21903,626,33,15,0
21904,626,34,19,0
21905,626,35,4,0
21906,627,1,4,0
21907,627,2,11,0
21908,627,3,7,0
21909,627,4,15,1
21910,627,5,21,1
21911,627,6,23,1
21912,627,7,15,0
21913,627,8,6,0
21914,627,9,14,0
21915,627,11,8,0
21916,627,12,13,0
21917,627,13,21,1
21918,627,14,5,0
21919,627,15,29,1
21920,627,16,22,1
21921,627,17,7,0
21922,627,18,10,0
21923,627,19,25,0
21924,627,20,19,1
21925,627,21,7,0
21926,627,22,20,0
21927,627,23,8,0
21928,627,24,10,0
21929,627,25,14,0
21930,627,26,10,0
21931,627,27,16,1
21932,627,28,22,1
21933,627,29,4,0
21934,627,30,20,1
21935,627,31,15,0
21936,627,32,18,1
21937,627,33,13,0
21938,627,34,8,0
21939,627,35,18,1
21940,628,1,21,1
21941,628,2,34,2
21942,628,3,29,0
21943,628,4,21,1
21944,628,5,16,1
21945,628,6,41,2
21946,628,7,22,0
21947,628,8,24,1
21948,628,9,24,0
21949,628,10,11,0
21950,628,11,17,1
21951,628,12,27,1
21952,628,13,46,1
21953,628,14,11,0
21954,628,15,25,1
21955,628,16,22,1
21956,628,17,20,0
21957,628,18,19,0
21958,628,19,22,1
21959,628,20,20,1
21960,628,21,40,1
21961,628,22,7,0
21962,628,23,24,1
21963,628,24,36,1
21964,628,25,11,1
21965,628,26,18,1
21966,628,27,26,1
21967,628,28,40,2
21968,628,29,29,1
21969,628,30,14,1
21970,628,31,9,0
21971,628,32,11,0
21972,628,33,19,1
21973,628,34,20,1
21974,628,35,35,2
21975,629,1,20,1
21976,629,2,38,2
21977,629,3,26,1
21978,629,4,14,1
21979,629,5,26,1
21980,629,6,53,1
21981,629,7,14,1
21982,629,8,31,0
21983,629,9,12,1
21984,629,10,26,1
21985,629,11,23,1
21986,629,12,64,3
21987,629,13,41,2
21988,629,14,34,1
21989,629,15,26,1
21990,629,16,41,2
21991,629,17,20,1
21992,629,18,31,1
21993,629,19,34,0
21994,629,20,40,1
21995,629,21,62,3
21996,629,22,26,2
21997,629,23,31,1
21998,629,24,37,2
21999,629,25,28,1
22000,629,26,19,1
22001,629,27,25,1
22002,629,28,41,1
22003,629,29,27,0
22004,629,30,11,1
22005,629,31,15,1
22006,629,32,31,2
22007,629,33,17,0
22008,629,34,28,1
22009,629,35,19,1
22010,630,1,9,0
22011,630,2,49,2
22012,630,3,21,1
22013,630,4,17,1
22014,630,5,23,1
22015,630,6,36,2
22016,630,7,8,0
22017,630,8,14,0
22018,630,9,21,0
22019,630,10,11,1
22020,630,11,30,0
22021,630,12,24,1
22022,630,13,17,1
22023,630,14,22,0
22024,630,15,25,1
22025,630,16,25,1
22026,630,17,7,0
22027,630,18,30,1
22028,630,19,13,0
22029,630,20,20,1
22030,630,21,27,1
22031,630,22,13,0
22032,630,23,3,0
22033,630,24,23,1
22034,630,25,15,1
22035,630,26,17,0
22036,630,27,36,1
22037,630,28,17,1
22038,630,29,33,0
22039,630,30,12,0
22040,630,31,16,1
22041,630,32,11,0
22042,630,33,13,0
22043,630,34,32,1
22044,630,35,17,1
22045,631,1,6,0
22046,631,2,15,1
22047,631,3,11,0
22048,631,4,23,1
22049,631,5,18,1
22050,631,6,8,0
22051,631,7,4,0
22052,631,8,13,0
22053,631,9,16,0
22054,631,10,10,0
22055,631,11,14,0
22056,631,12,20,1
22057,631,13,11,0
22058,631,14,13,1
22059,631,15,25,0
22060,631,16,18,1
22061,631,17,29,1
22062,631,18,30,1
22063,631,19,19,1
22064,631,20,19,0
22065,631,21,14,0
22066,631,22,28,2
22067,631,23,19,0
22068,631,24,14,0
22069,631,25,13,1
22070,631,26,12,0
22071,631,27,8,0
22072,631,28,20,1
22073,631,29,41,2
22074,631,30,9,1
22075,631,31,22,0
22076,631,32,11,0
22077,631,33,14,1
22078,631,34,15,0
22079,631,35,35,1
22080,632,1,33,1
22081,632,2,26,1
22082,632,3,14,0
22083,632,4,17,1
22084,632,5,12,1
22085,632,6,14,1
22086,632,7,15,0
22087,632,8,14,1
22088,632,9,25,0
22089,632,10,14,1
22090,632,11,48,2
22091,632,12,15,1
22092,632,13,22,1
22093,632,14,10,0
22094,632,15,30,1
22095,632,16,13,1
22096,632,17,20,0
22097,632,18,34,1
22098,632,19,31,2
22099,632,20,34,1
22100,632,21,38,0
22101,632,22,33,1
22102,632,23,21,0
22103,632,24,14,0
22104,632,25,13,1
22105,632,26,26,1
22106,632,27,28,0
22107,632,28,16,1
22108,632,29,15,0
22109,632,30,26,1
22110,632,31,22,1
22111,632,32,32,2
22112,632,33,4,0
22113,632,34,28,1
22114,632,35,36,1
22115,633,1,48,1
22116,633,2,54,2
22117,633,3,20,1
22118,633,4,41,2
22119,633,5,50,2
22120,633,6,45,1
22121,633,7,32,1
22122,633,8,21,1
22123,633,9,25,1
22124,633,10,43,1
22125,633,11,25,1
22126,633,12,35,2
22127,633,13,36,1
22128,633,14,25,1
22129,633,15,22,1
22130,633,16,44,1
22131,633,17,48,1
22132,633,18,53,1
22133,633,19,37,2
22134,633,20,42,2
22135,633,21,39,1
22136,633,22,68,2
22137,633,23,17,1
22138,633,24,36,2
22139,633,25,16,0
22140,633,26,28,1
22141,633,27,55,1
22142,633,28,49,1
22143,633,29,15,0
22144,633,30,10,0
22145,633,31,21,1
22146,633,32,49,1
22147,633,33,44,2
22148,633,34,34,0
22149,633,35,34,2
22150,634,1,36,2
22151,634,2,13,1
22152,634,3,13,0
22153,634,4,12,0
22154,634,5,22,0
22155,634,6,34,1
22156,634,7,21,0
22157,634,8,25,1
22158,634,9,15,1
22159,634,10,8,0
22160,634,11,24,1
22161,634,12,15,1
22162,634,13,28,1
22163,634,14,22,0
22164,634,15,31,2
22165,634,16,7,0
22166,634,17,26,1
22167,634,18,17,1
22168,634,19,14,0
22169,634,20,30,1
22170,634,21,34,1
22171,634,22,7,0
22172,634,23,51,3
22173,634,24,19,1
22174,634,25,48,1
22175,634,26,19,0
22176,634,27,16,0
22177,634,28,44,1
22178,634,29,16,0
22179,634,30,25,1
22180,634,31,3,0
22181,634,32,25,1
22182,634,33,32,2
22183,634,34,47,1
22184,634,35,32,1
22185,635,1,22,1
22186,635,2,16,1
22187,635,3,17,1
22188,635,4,17,1
22189,635,5,24,1
22190,635,6,6,0
22191,635,7,12,0
22192,635,8,12,0
22193,635,9,20,1
22194,635,10,16,0
22195,635,11,22,1
22196,635,12,33,1
22197,635,13,14,1
22198,635,14,14,1
22199,635,15,13,0
22200,635,16,14,0
22201,635,17,30,2
22202,635,18,16,1
22203,635,19,22,1
22204,635,20,13,0
22205,635,21,20,0
22206,635,22,22,1
22207,635,23,20,1
22208,635,24,11,1
22209,635,25,23,1
22210,635,26,29,1
22211,635,27,32,0
22212,635,28,25,1
22213,635,29,21,0
22214,635,30,26,1
22215,635,31,34,0
22216,635,32,25,1
22217,635,33,20,1
22218,635,34,14,0
22219,635,35,21,1
22220,636,1,32,1
22221,636,2,42,2
22222,636,3,23,0
22223,636,4,12,0
22224,636,5,29,2
22225,636,6,38,1
22226,636,7,25,1
22227,636,8,10,0
22228,636,9,13,1
22229,636,10,47,1
22230,636,11,16,0
22231,636,12,32,2
22232,636,13,13,0
22233,636,14,7,0
22234,636,15,58,2
22235,636,16,39,2
22236,636,17,29,1
22237,636,18,32,1
22238,636,19,29,1
22239,636,20,37,2
22240,636,21,23,0
22241,636,22,33,2
22242,636,23,36,0
22243,636,24,27,2
22244,636,25,18,1
22245,636,26,36,2
22246,636,27,32,1
22247,636,28,9,0
22248,636,29,33,1
22249,636,30,26,2
22250,636,31,31,1
22251,636,32,17,1
22252,636,33,12,1
22253,636,34,32,1
22254,636,35,12,1
22255,637,1,19,1
22256,637,2,18,1
22257,637,3,29,2
22258,637,4,37,2
22259,637,5,37,2
22260,637,6,52,1
22261,637,7,37,2
22262,637,8,21,1
22263,637,9,36,1
22264,637,10,42,2
22265,637,11,21,1
22266,637,12,12,0
22267,637,13,28,1
22268,637,14,64,3
22269,637,15,38,1
22270,637,16,27,1
22271,637,17,48,2
22272,637,18,38,1
22273,637,19,19,0
22274,637,20,27,1
22275,637,21,24,1
22276,637,22,7,0
22277,637,23,14,0
22278,637,24,12,0
22279,637,25,35,2
22280,637,26,18,1
22281,637,27,51,2
22282,637,28,24,0
22283,637,29,63,2
22284,637,30,29,0
22285,637,31,17,1
22286,637,32,35,1
22287,637,33,55,3
22288,637,34,46,0
22289,637,35,47,3
22290,638,1,18,1
22291,638,2,16,0
22292,638,3,9,0
22293,638,4,8,0
22294,638,5,14,0
22295,638,6,10,0
22296,638,7,34,2
22297,638,8,19,1
22298,638,9,34,1
22299,638,10,16,1
22300,638,11,20,1
22301,638,12,17,1
22302,638,13,49,1
22303,638,14,17,1
22304,638,15,38,1
22305,638,16,27,1
22306,638,17,19,0
22307,638,18,41,2
22308,638,19,8,0
22309,638,20,20,0
22310,638,21,4,0
22311,638,22,26,0
22312,638,23,28,1
22313,638,24,24,0
22314,638,25,30,2
22315,638,26,3,0
22316,638,27,23,1
22317,638,28,20,0
22318,638,29,7,0
22319,638,30,24,1
22320,638,31,27,2
22321,638,32,9,0
22322,638,33,27,1
22323,638,34,28,1
22324,638,35,16,0
22325,639,1,27,1
22326,639,2,15,0
22327,639,3,7,0
22328,639,4,21,1
22329,639,5,22,1
22330,639,6,25,1
22331,639,7,15,1
22332,639,8,16,1
22333,639,9,25,1
22334,639,10,6,0
22335,639,11,5,0
22336,639,12,14,1
22337,639,13,20,0
22338,639,14,22,1
22339,639,15,14,1
22340,639,16,24,0
22341,639,17,8,0
22342,639,18,6,0
22343,639,19,22,0
22344,639,20,20,1
22345,639,21,21,1
22346,639,22,28,2
22347,639,23,8,0
22348,639,24,28,1
22349,639,25,19,0
22350,639,26,9,0
22351,639,27,19,0
22352,639,28,17,0
22353,639,29,5,0
22354,639,30,12,0
22355,639,31,42,1
22356,639,32,9,0
22357,639,33,29,1
22358,639,34,12,0
22359,639,35,34,1
22360,640,1,13,1
22361,640,2,27,0
22362,640,3,36,1
22363,640,4,22,1
22364,640,5,20,1
22365,640,6,40,1
22366,640,7,28,2
22367,640,8,29,1
22368,640,9,35,2
22369,640,10,10,0
22370,640,11,5,0
22371,640,12,15,0
22372,640,13,27,1
22373,640,14,17,0
22374,640,15,30,2
22375,640,16,53,2
22376,640,17,14,1
22377,640,18,17,0
22378,640,19,32,0
22379,640,20,35,1
22380,640,21,27,0
22381,640,22,3,0
22382,640,23,23,1
22383,640,24,14,0
22384,640,25,28,1
22385,640,26,12,1
22386,640,27,20,1
22387,640,28,20,1
22388,640,29,37,1
22389,640,30,20,0
22390,640,31,24,0
22391,640,32,23,1
22392,640,33,20,1
22393,640,34,11,0
22394,640,35,34,1
22395,641,1,45,1
22396,641,2,28,1
22397,641,3,19,0
22398,641,4,18,0
22399,641,5,20,0
22400,641,6,18,0
22401,641,7,26,1
22402,641,8,11,0
22403,641,9,11,0
22404,641,10,27,1
22405,641,11,22,0
22406,641,12,31,1
22407,641,13,13,1
22408,641,14,26,1
22409,641,15,16,1
22410,641,16,32,0
22411,641,17,10,0
22412,641,18,17,1
22413,641,19,20,1
22414,641,20,29,1
22415,641,21,15,1
22416,641,22,17,1
22417,641,23,16,1
22418,641,24,17,1
22419,641,25,24,1
22420,641,26,21,0
22421,641,27,28,1
22422,641,28,29,1
22423,641,29,11,0
22424,641,30,19,1
22425,641,31,38,1
22426,641,32,12,0
22427,641,33,21,0
22428,641,34,22,1
22429,641,35,13,1
22430,642,1,22,0
22431,642,2,16,0
22432,642,3,17,1
22433,642,4,10,0
22434,642,5,18,1
22435,642,6,18,1
22436,642,7,15,1
22437,642,8,15,0
22438,642,9,17,0
22439,642,10,13,1
22440,642,11,23,1
22441,642,12,26,1
22442,642,13,8,0
22443,642,14,7,0
22444,642,15,9,0
22445,642,16,13,0
22446,642,17,13,0
22447,642,18,17,1
22448,642,19,14,1
22449,642,20,17,1
22450,642,21,15,0
22451,642,22,41,2
22452,642,23,24,1
22453,642,24,7,0
22454,642,25,8,0
22455,642,26,16,0
22456,642,27,5,0
22457,642,28,6,0
22458,642,29,14,1
22459,642,30,14,0
22460,642,31,14,1
22461,642,32,18,1
22462,642,33,19,1
22463,642,34,18,1
22464,642,35,18,0
22465,643,1,10,0
22466,643,2,8,0
22467,643,3,6,0
22468,643,4,15,0
22469,643,5,10,1
22470,643,6,11,0
22471,643,7,6,0
22472,643,8,21,1
22473,643,9,12,0
22474,643,10,5,0
22475,643,11,6,0
22476,643,12,18,1
22477,643,13,12,0
22478,643,14,24,1
22479,643,15,6,0
22480,643,16,7,0
22481,643,17,17,0
22482,643,18,12,0
22483,643,19,5,0
22484,643,20,12,0
22485,643,21,6,0
22486,643,22,29,0
22487,643,23,14,1
22488,643,24,16,0
22489,643,25,24,1
22490,643,26,32,1
22491,643,27,12,1
22492,643,28,8,0
22493,643,29,16,1
22494,643,30,11,0
22495,643,31,7,0
22496,643,32,20,1
22497,643,33,10,0
22498,643,34,12,0
22499,643,35,13,0
22500,644,1,9,0
22501,644,2,9,0
22502,644,3,18,1
22503,644,4,18,1
22504,644,5,13,1
22505,644,6,14,1
22506,644,7,12,0
22507,644,8,23,1
22508,644,9,31,2
22509,644,10,16,0
22510,644,11,9,0
22511,644,12,11,0
22512,644,13,14,1
22513,644,14,20,1
22514,644,15,16,0
22515,644,16,15,0
22516,644,17,17,1
22517,644,18,12,0
22518,644,19,9,0
22519,644,20,17,1
22520,644,21,16,0
22521,644,22,22,1
22522,644,23,20,1
22523,644,24,15,1
22524,644,25,20,1
22525,644,26,10,1
22526,644,27,10,1
22527,644,28,13,1
22528,644,29,21,1
22529,644,30,24,0
22530,644,31,24,0
22531,644,32,24,1
22532,644,33,14,1
22533,644,34,39,1
22534,644,35,27,1
22535,645,1,20,1
22536,645,2,13,0
22537,645,3,38,2
22538,645,4,17,1
22539,645,5,34,2
22540,645,6,20,0
22541,645,7,36,1
22542,645,8,15,1
22543,645,9,29,0
22544,645,10,58,3
22545,645,11,18,1
22546,645,12,31,2
22547,645,13,21,1
22548,645,14,9,0
22549,645,15,9,0
22550,645,16,41,2
22551,645,17,17,1
22552,645,18,44,1
22553,645,19,20,0
22554,645,20,39,2
22555,645,21,16,0
22556,645,22,20,1
22557,645,23,27,0
22558,645,24,30,2
22559,645,25,21,0
22560,645,26,20,1
22561,645,27,14,0
22562,645,28,33,1
22563,645,29,23,0
22564,645,30,38,1
22565,645,31,29,1
22566,645,32,16,0
22567,645,33,21,1
22568,645,34,26,0
22569,645,35,20,0
22570,646,1,11,0
22571,646,2,4,0
22572,646,3,10,0
22573,646,4,14,1
22574,646,5,19,1
22575,646,6,16,0
22576,646,7,14,1
22577,646,8,9,0
22578,646,9,9,1
22579,646,10,14,0
22580,646,11,12,0
22581,646,12,11,0
22582,646,13,22,0
22583,646,14,13,0
22584,646,15,6,0
22585,646,16,10,1
22586,646,17,10,0
22587,646,18,17,1
22588,646,19,18,1
22589,646,20,22,1
22590,646,21,25,1
22591,646,22,14,1
22592,646,23,22,1
22593,646,24,13,1
22594,646,25,20,1
22595,646,26,22,1
22596,646,27,1,0
22597,646,28,13,1
22598,646,29,13,1
22599,646,30,8,0
22600,646,31,14,0
22601,646,32,18,1
22602,646,33,11,0
22603,646,34,10,0
22604,646,35,33,0
22605,647,1,8,0
22606,647,2,13,0
22607,647,3,19,1
22608,647,4,14,1
22609,647,5,12,0
22610,647,6,17,1
22611,647,7,12,1
22612,647,8,23,0
22613,647,9,17,0
22614,647,10,2,0
22615,647,11,4,0
22616,647,12,17,1
22617,647,13,11,0
22618,647,14,12,1
22619,647,15,7,0
22620,647,16,8,0
22621,647,17,16,0
22622,647,18,3,0
22623,647,19,26,1
22624,647,20,10,0
22625,647,21,16,0
22626,647,22,14,0
22627,647,23,21,1
22628,647,24,3,0
22629,647,25,6,0
22630,647,26,8,0
22631,647,27,21,0
22632,647,28,13,1
22633,647,29,11,0
22634,647,30,14,1
22635,647,31,6,0
22636,647,32,7,0
22637,647,33,22,1
22638,647,34,24,0
22639,647,35,7,0
22640,648,1,33,0
22641,648,2,13,0
22642,648,3,14,0
22643,648,4,5,0
22644,648,5,31,2
22645,648,6,39,2
22646,648,7,9,0
22647,648,8,26,1
22648,648,9,24,1
22649,648,10,20,1
22650,648,11,12,1
22651,648,12,19,1
22652,648,13,32,1
22653,648,14,36,1
22654,648,15,13,1
22655,648,16,6,0
22656,648,17,26,1
22657,648,18,10,0
22658,648,19,27,2
22659,648,20,8,0
22660,648,21,14,0
22661,648,22,22,0
22662,648,23,12,0
22663,648,24,12,0
22664,648,25,30,2
22665,648,26,15,1
22666,648,27,18,1
22667,648,28,12,0
22668,648,29,22,1
22669,648,30,18,1
22670,648,31,20,0
22671,648,32,27,0
22672,648,33,50,1
22673,648,34,14,0
22674,648,35,10,0
22675,649,1,25,1
22676,649,2,44,2
22677,649,3,5,0
22678,649,4,10,0
22679,649,5,11,1
22680,649,6,17,1
22681,649,7,15,0
22682,649,8,26,1
22683,649,9,13,0
22684,649,10,27,1
22685,649,11,17,1
22686,649,12,32,1
22687,649,13,7,0
22688,649,14,12,0
22689,649,15,47,3
22690,649,16,25,1
22691,649,17,20,0
22692,649,18,18,1
22693,649,19,15,1
22694,649,20,22,1
22695,649,21,27,2
22696,649,22,15,1
22697,649,23,37,1
22698,649,24,7,0
22699,649,25,16,1
22700,649,26,22,1
22701,649,27,35,1
22702,649,28,29,1
22703,649,29,22,0
22704,649,30,23,1
22705,649,31,11,0
22706,649,32,30,1
22707,649,33,27,1
22708,649,34,21,1
22709,649,35,17,0
22710,650,1,20,1
22711,650,2,13,0
22712,650,3,11,0
22713,650,4,8,0
22714,650,5,13,0
22715,650,6,7,0
22716,650,7,13,1
22717,650,8,28,1
22718,650,9,12,1
22719,650,10,6,0
22720,650,11,16,0
22721,650,12,7,0
22722,650,13,19,1
22723,650,14,11,0
22724,650,15,11,1
22725,650,16,13,1
22726,650,17,38,1
22727,650,18,22,0
22728,650,19,6,0
22729,650,20,6,0
22730,650,21,12,0
22731,650,22,16,1
22732,650,23,16,1
22733,650,24,21,1
22734,650,25,26,0
22735,650,26,8,0
22736,650,27,22,1
22737,650,28,5,0
22738,650,29,18,1
22739,650,30,8,0
22740,650,31,6,0
22741,650,32,25,1
22742,650,33,11,0
22743,650,34,19,0
22744,650,35,11,1
22745,651,1,7,0
22746,651,2,6,0
22747,651,3,24,1
22748,651,4,15,1
22749,651,5,9,1
22750,651,6,6,0
22751,651,7,21,0
22752,651,8,30,1
22753,651,9,10,0
22754,651,10,15,1
22755,651,11,11,0
22756,651,12,8,0
22757,651,13,11,0
22758,651,14,14,1
22759,651,15,17,0
22760,651,16,11,1
22761,651,17,19,1
22762,651,18,13,0
22763,651,19,17,1
22764,651,20,9,0
22765,651,21,10,0
22766,651,22,22,0
22767,651,23,23,1
22768,651,24,6,0
22769,651,25,35,1
22770,651,26,17,0
22771,651,27,6,0
22772,651,28,5,0
22773,651,29,8,0
22774,651,30,21,1
22775,651,31,9,0
22776,651,32,9,0
22777,651,33,21,1
22778,651,34,8,0
22779,651,35,15,1
22780,652,1,25,1
22781,652,2,7,0
22782,652,3,21,0
22783,652,4,9,0
22784,652,5,24,1
22785,652,6,28,1
22786,652,7,16,1
22787,652,8,9,0
22788,652,9,15,1
22789,652,10,38,1
22790,652,11,18,1
22791,652,12,26,1
22792,652,13,14,0
22793,652,14,51,2
22794,652,15,32,1
22795,652,16,12,0
22796,652,17,28,1
22797,652,18,12,0
22798,652,19,16,1
22799,652,20,14,0
22800,652,21,12,0
22801,652,22,16,0
22802,652,23,22,1
22803,652,24,17,0
22804,652,25,11,0
22805,652,26,27,1
22806,652,27,25,1
22807,652,28,23,0
22808,652,29,12,0
22809,652,30,39,1
22810,652,31,9,1
22811,652,32,11,0
22812,652,33,11,0
22813,652,34,30,1
22814,652,35,30,1
22815,653,1,44,1
22816,653,2,31,1
22817,653,3,33,0
22818,653,4,36,2
22819,653,5,31,1
22820,653,6,6,0
22821,653,7,22,1
22822,653,8,16,1
22823,653,9,17,1
22824,653,10,34,1
22825,653,11,13,1
22826,653,12,18,1
22827,653,13,39,2
22828,653,14,17,1
22829,653,15,34,1
22830,653,16,39,1
22831,653,17,32,1
22832,653,18,19,0
22833,653,19,25,1
22834,653,20,43,1
22835,653,21,21,0
22836,653,22,46,2
22837,653,23,16,1
22838,653,24,41,2
22839,653,25,23,0
22840,653,26,21,0
22841,653,27,26,1
22842,653,28,22,1
22843,653,29,35,1
22844,653,30,36,1
22845,653,31,30,0
22846,653,32,27,1
22847,653,33,25,1
22848,653,34,20,1
22849,653,35,18,1
22850,654,1,7,0
22851,654,2,6,0
22852,654,3,27,1
22853,654,4,8,0
22854,654,5,11,0
22855,654,6,15,0
22856,654,7,23,1
22857,654,8,13,0
22858,654,9,19,1
22859,654,10,17,1
22860,654,11,32,1
22861,654,12,34,1
22862,654,13,10,1
22863,654,14,19,1
22864,654,15,14,1
22865,654,16,8,0
22866,654,17,33,1
22867,654,18,24,1
22868,654,19,21,1
22869,654,20,11,0
22870,654,21,9,0
22871,654,22,27,1
22872,654,23,23,1
22873,654,24,15,1
22874,654,25,16,0
22875,654,26,26,1
22876,654,27,13,0
22877,654,28,11,0
22878,654,29,10,0
22879,654,30,25,1
22880,654,31,10,0
22881,654,32,25,1
22882,654,33,14,0
22883,654,34,19,0
22884,654,35,24,1
22885,655,1,23,1
22886,655,2,12,0
22887,655,3,12,0
22888,655,4,9,0
22889,655,5,7,0
22890,655,6,10,0
22891,655,7,6,0
22892,655,8,13,0
22893,655,9,12,0
22894,655,10,19,1
22895,655,11,14,1
22896,655,12,16,1
22897,655,13,19,1
22898,655,14,19,0
22899,655,15,20,1
22900,655,16,7,0
22901,655,17,20,1
22902,655,18,27,1
22903,655,19,25,1
22904,655,20,8,0
22905,655,21,21,0
22906,655,22,6,0
22907,655,23,27,1
22908,655,24,10,0
22909,655,25,23,1
22910,655,26,27,1
22911,655,27,15,0
22912,655,28,5,0
22913,655,29,21,1
22914,655,30,22,1
22915,655,31,5,0
22916,655,32,17,0
22917,655,33,11,0
22918,655,34,5,0
22919,655,35,2,0
22920,656,1,24,1
22921,656,2,26,1
22922,656,3,25,1
22923,656,4,12,0
22924,656,5,24,1
22925,656,6,13,0
22926,656,7,17,1
22927,656,8,21,1
22928,656,9,74,3
22929,656,10,31,1
22930,656,11,32,1
22931,656,12,13,0
22932,656,13,23,0
22933,656,14,22,1
22934,656,15,32,1
22935,656,16,33,1
22936,656,17,18,1
22937,656,18,18,1
22938,656,19,15,1
22939,656,20,39,2
22940,656,21,12,1
22941,656,22,15,1
22942,656,23,30,1
22943,656,24,16,1
22944,656,25,14,1
22945,656,26,43,0
22946,656,27,36,1
22947,656,28,42,1
22948,656,29,44,2
22949,656,30,16,0
22950,656,31,24,0
22951,656,32,40,1
22952,656,33,9,0
22953,656,34,19,1
22954,656,35,25,1
22955,657,1,35,2
22956,657,2,27,1
22957,657,3,37,2
22958,657,4,28,1
22959,657,5,13,0
22960,657,6,32,1
22961,657,7,51,1
22962,657,8,22,0
22963,657,9,39,2
22964,657,10,11,0
22965,657,11,11,0
22966,657,12,19,1
22967,657,13,41,2
22968,657,14,35,0
22969,657,15,69,3
22970,657,16,19,1
22971,657,17,22,1
22972,657,18,11,0
22973,657,19,20,1
22974,657,20,13,0
22975,657,21,13,0
22976,657,22,48,2
22977,657,23,29,1
22978,657,24,26,0
22979,657,25,36,2
22980,657,26,18,1
22981,657,27,17,1
22982,657,28,11,0
22983,657,29,27,1
22984,657,30,31,1
22985,657,31,23,1
22986,657,32,26,1
22987,657,33,18,0
22988,657,34,29,1
22989,657,35,19,1
22990,658,1,15,1
22991,658,2,12,0
22992,658,3,25,1
22993,658,4,32,2
22994,658,5,19,1
22995,658,6,32,0
22996,658,7,14,1
22997,658,8,17,1
22998,658,9,40,1
22999,658,10,19,1
23000,658,11,17,0
23001,658,12,21,1
23002,658,13,15,0
23003,658,14,33,1
23004,658,15,12,1
23005,658,16,3,0
23006,658,17,11,1
23007,658,18,13,1
23008,658,19,16,0
23009,658,20,31,1
23010,658,21,16,1
23011,658,22,25,1
23012,658,23,14,0
23013,658,24,22,1
23014,658,25,17,1
23015,658,26,19,0
23016,658,27,8,0
23017,658,28,11,1
23018,658,29,34,2
23019,658,30,19,0
23020,658,31,6,0
23021,658,32,15,0
23022,658,33,21,1
23023,658,34,20,1
23024,658,35,18,0
23025,659,1,15,1
23026,659,2,29,2
23027,659,3,29,1
23028,659,4,10,1
23029,659,5,17,1
23030,659,6,8,0
23031,659,7,26,0
23032,659,8,10,0
23033,659,9,12,1
23034,659,10,10,0
23035,659,11,21,1
23036,659,12,23,1
23037,659,13,23,1
23038,659,14,7,0
23039,659,15,17,0
23040,659,16,5,0
23041,659,17,19,1
23042,659,18,6,0
23043,659,19,14,0
23044,659,20,10,0
23045,659,21,13,1
23046,659,22,8,0
23047,659,23,18,1
23048,659,24,8,0
23049,659,25,20,1
23050,659,26,16,1
23051,659,27,31,0
23052,659,28,15,1
23053,659,29,16,1
23054,659,30,16,0
23055,659,31,22,1
23056,659,32,10,1
23057,659,33,21,0
23058,659,34,32,1
23059,659,35,10,0
23060,660,1,14,1
23061,660,2,25,1
23062,660,3,20,1
23063,660,4,25,1
23064,660,5,26,1
23065,660,6,32,1
23066,660,7,10,0
23067,660,8,6,0
23068,660,9,54,1
23069,660,10,20,1
23070,660,11,43,2
23071,660,12,17,0
23072,660,13,10,1
23073,660,14,22,1
23074,660,15,43,2
23075,660,16,13,0
23076,660,17,14,1
23077,660,18,11,1
23078,660,19,15,1
23079,660,20,15,0
23080,660,21,23,1
23081,660,22,29,0
23082,660,23,18,1
23083,660,24,12,1
23084,660,25,28,1
23085,660,26,42,1
23086,660,27,26,1
23087,660,28,31,1
23088,660,29,49,1
23089,660,30,26,1
23090,660,31,22,1
23091,660,32,21,1
23092,660,33,35,1
23093,660,34,19,0
23094,660,35,31,0
23095,661,1,15,0
23096,661,2,19,1
23097,661,3,19,0
23098,661,4,19,1
23099,661,5,28,2
23100,661,6,19,0
23101,661,7,27,0
23102,661,8,17,1
23103,661,9,20,1
23104,661,10,29,1
23105,661,11,34,2
23106,661,12,40,1
23107,661,13,19,1
23108,661,14,24,1
23109,661,15,67,1
23110,661,16,11,0
23111,661,17,11,0
23112,661,18,12,0
23113,661,19,51,2
23114,661,20,41,2
23115,661,21,19,0
23116,661,22,34,1
23117,661,23,30,1
23118,661,24,20,0
23119,661,25,55,1
23120,661,26,33,1
23121,661,27,26,1
23122,661,28,57,3
23123,661,29,27,2
23124,661,30,49,1
23125,661,31,67,2
23126,661,32,23,1
23127,661,33,60,2
23128,661,34,30,1
23129,661,35,52,3
23130,662,1,35,2
23131,662,2,23,1
23132,662,3,15,1
23133,662,4,25,1
23134,662,5,21,1
23135,662,6,17,1
23136,662,7,32,1
23137,662,8,33,1
23138,662,9,17,1
23139,662,10,40,1
23140,662,11,19,0
23141,662,12,27,1
23142,662,13,25,0
23143,662,14,35,2
23144,662,15,10,1
23145,662,16,11,0
23146,662,17,17,1
23147,662,18,13,1
23148,662,19,25,1
23149,662,20,10,0
23150,662,21,43,2
23151,662,22,36,1
23152,662,23,23,0
23153,662,24,24,1
23154,662,25,30,1
23155,662,26,20,1
23156,662,27,10,0
23157,662,28,15,1
23158,662,29,39,1
23159,662,30,35,1
23160,662,31,19,1
23161,662,32,27,1
23162,662,33,23,1
23163,662,34,18,0
23164,662,35,13,0
23165,663,1,17,0
23166,663,2,13,1
23167,663,3,20,1
23168,663,4,44,1
23169,663,5,17,0
23170,663,6,22,1
23171,663,7,35,1
23172,663,8,18,1
23173,663,9,9,0
23174,663,10,15,0
23175,663,11,45,1
23176,663,12,13,0
23177,663,13,10,0
23178,663,14,8,0
23179,663,15,20,0
23180,663,16,19,0
23181,663,17,38,1
23182,663,18,22,1
23183,663,19,25,1
23184,663,20,14,0
23185,663,21,12,1
23186,663,22,19,0
23187,663,23,9,0
23188,663,24,12,0
23189,663,25,19,1
23190,663,26,32,1
23191,663,27,27,0
23192,663,28,24,1
23193,663,29,13,1
23194,663,30,18,1
23195,663,31,31,1
23196,663,32,15,1
23197,663,33,19,0
23198,663,34,6,0
23199,663,35,14,0
23200,664,1,18,1
23201,664,2,27,1
23202,664,3,10,0
23203,664,4,36,2
23204,664,5,23,1
23205,664,6,25,1
23206,664,7,40,2
23207,664,8,23,1
23208,664,9,19,1
23209,664,10,21,0
23210,664,11,21,1
23211,664,12,25,1
23212,664,13,14,0
23213,664,14,27,2
23214,664,15,12,1
23215,664,16,41,1
23216,664,17,15,1
23217,664,18,37,2
23218,664,19,32,1
23219,664,20,26,0
23220,664,21,19,1
23221,664,22,14,1
23222,664,23,36,2
23223,664,24,31,1
23224,664,25,17,1
23225,664,26,63,3
23226,664,27,17,1
23227,664,28,32,1
23228,664,29,27,1
23229,664,30,24,0
23230,664,31,20,0
23231,664,32,21,1
23232,664,33,40,1
23233,664,34,30,0
23234,664,35,42,1
23235,665,1,37,1
23236,665,2,38,2
23237,665,3,48,2
23238,665,4,16,0
23239,665,5,55,1
23240,665,6,46,3
23241,665,7,37,1
23242,665,8,25,1
23243,665,9,25,1
23244,665,10,23,1
23245,665,11,27,1
23246,665,12,36,1
23247,665,13,24,0
23248,665,14,16,1
23249,665,15,28,1
23250,665,16,26,1
23251,665,17,28,0
23252,665,18,28,1
23253,665,19,40,1
23254,665,20,27,1
23255,665,21,80,1
23256,665,22,27,1
23257,665,23,41,2
23258,665,24,39,1
23259,665,25,48,1
23260,665,26,24,1
23261,665,27,49,2
23262,665,28,20,0
23263,665,29,32,2
23264,665,30,34,2
23265,665,31,25,1
23266,665,32,26,0
23267,665,33,54,3
23268,665,34,19,0
23269,665,35,44,2
23270,666,1,13,1
23271,666,2,16,1
23272,666,3,22,1
23273,666,4,58,2
23274,666,5,48,3
23275,666,6,33,0
23276,666,7,7,0
23277,666,8,24,1
23278,666,9,26,1
23279,666,10,23,1
23280,666,11,27,1
23281,666,12,21,1
23282,666,13,12,1
23283,666,14,15,1
23284,666,15,19,0
23285,666,16,27,1
23286,666,17,16,0
23287,666,18,34,2
23288,666,19,10,0
23289,666,20,22,1
23290,666,21,34,1
23291,666,22,34,1
23292,666,23,23,1
23293,666,24,16,1
23294,666,25,24,0
23295,666,26,17,1
23296,666,27,27,0
23297,666,28,39,2
23298,666,29,9,0
23299,666,30,14,1
23300,666,31,20,0
23301,666,32,22,1
23302,666,33,14,0
23303,666,34,22,1
23304,666,35,11,0
23305,667,1,19,1
23306,667,2,30,0
23307,667,3,13,1
23308,667,4,10,0
23309,667,5,8,0
23310,667,6,31,1
23311,667,7,22,1
23312,667,8,42,2
23313,667,9,16,0
23314,667,10,22,0
23315,667,11,21,1
23316,667,12,32,1
23317,667,13,31,1
23318,667,14,38,1
23319,667,15,13,0
23320,667,16,21,1
23321,667,17,14,1
23322,667,18,15,1
23323,667,19,41,2
23324,667,20,16,1
23325,667,21,6,0
23326,667,22,20,0
23327,667,23,31,2
23328,667,24,13,0
23329,667,25,43,3
23330,667,26,26,1
23331,667,27,13,1
23332,667,28,45,1
23333,667,29,12,0
23334,667,30,17,0
23335,667,31,9,0
23336,667,32,12,0
23337,667,33,8,0
23338,667,34,6,0
23339,667,35,7,0
23340,668,1,28,0
23341,668,2,22,1
23342,668,3,47,1
23343,668,4,29,1
23344,668,5,20,0
23345,668,6,34,2
23346,668,7,28,1
23347,668,8,25,0
23348,668,9,16,1
23349,668,10,24,1
23350,668,11,35,1
23351,668,12,39,2
23352,668,13,29,1
23353,668,14,3,0
23354,668,15,28,0
23355,668,16,11,0
23356,668,17,24,1
23357,668,18,29,2
23358,668,19,34,1
23359,668,20,18,1
23360,668,21,27,1
23361,668,22,24,1
23362,668,23,18,1
23363,668,24,57,2
23364,668,25,5,0
23365,668,26,15,1
23366,668,27,20,0
23367,668,28,12,0
23368,668,29,17,0
23369,668,30,42,1
23370,668,31,36,1
23371,668,32,39,1
23372,668,33,41,1
23373,668,34,43,2
23374,668,35,24,1
23375,669,1,5,0
23376,669,2,30,1
23377,669,3,21,0
23378,669,4,26,1
23379,669,5,12,0
23380,669,6,17,0
23381,669,7,20,1
23382,669,8,18,1
23383,669,9,38,1
23384,669,10,37,0
23385,669,11,20,0
23386,669,12,19,0
23387,669,13,19,1
23388,669,14,23,1
23389,669,15,12,0
23390,669,16,13,0
23391,669,17,27,0
23392,669,18,21,0
23393,669,19,24,1
23394,669,20,33,1
23395,669,21,14,0
23396,669,22,19,1
23397,669,23,13,0
23398,669,24,37,1
23399,669,25,31,1
23400,669,26,17,1
23401,669,27,13,1
23402,669,28,23,1
23403,669,29,14,1
23404,669,30,26,1
23405,669,31,12,1
23406,669,32,23,1
23407,669,33,17,1
23408,669,34,21,0
23409,669,35,28,1
23410,670,1,23,1
23411,670,2,11,1
23412,670,3,38,2
23413,670,4,21,0
23414,670,5,15,0
23415,670,6,22,1
23416,670,7,19,1
23417,670,8,26,1
23418,670,9,12,1
23419,670,10,15,0
23420,670,11,17,0
23421,670,12,21,0
23422,670,13,13,0
23423,670,14,28,1
23424,670,15,22,1
23425,670,16,16,1
23426,670,17,10,0
23427,670,18,10,0
23428,670,19,16,1
23429,670,20,25,0
23430,670,21,25,0
23431,670,22,17,0
23432,670,23,17,0
23433,670,24,9,1
23434,670,25,9,0
23435,670,26,26,1
23436,670,27,22,1
23437,670,28,12,1
23438,670,29,14,0
23439,670,30,15,0
23440,670,31,20,0
23441,670,32,15,1
23442,670,33,26,1
23443,670,34,13,0
23444,670,35,22,0
23445,671,1,5,0
23446,671,2,10,0
23447,671,3,15,0
23448,671,4,11,1
23449,671,5,11,0
23450,671,6,8,0
23451,671,7,18,1
23452,671,8,8,0
23453,671,9,11,0
23454,671,10,8,0
23455,671,11,21,1
23456,671,12,16,0
23457,671,13,6,0
23458,671,14,13,1
23459,671,15,16,0
23460,671,16,10,0
23461,671,17,16,1
23462,671,18,14,0
23463,671,19,13,0
23464,671,20,9,0
23465,671,21,11,0
23466,671,22,8,0
23467,671,23,8,0
23468,671,24,12,0
23469,671,25,30,2
23470,671,26,16,0
23471,671,27,11,1
23472,671,28,10,0
23473,671,29,9,0
23474,671,30,8,0
23475,671,31,15,1
23476,671,32,11,1
23477,671,33,12,0
23478,671,34,27,1
23479,671,35,27,1
23480,672,1,13,0
23481,672,2,19,0
23482,672,3,8,0
23483,672,4,15,0
23484,672,5,21,0
23485,672,6,8,0
23486,672,7,15,1
23487,672,8,27,1
23488,672,9,17,1
23489,672,10,22,1
23490,672,11,25,1
23491,672,12,12,0
23492,672,13,12,0
23493,672,14,13,0
23494,672,15,23,1
23495,672,16,7,0
23496,672,17,14,0
23497,672,18,14,0
23498,672,19,19,1
23499,672,20,20,0
23500,672,21,31,1
23501,672,22,23,1
23502,672,23,14,1
23503,672,24,16,0
23504,672,25,18,0
23505,672,26,9,0
23506,672,27,7,0
23507,672,28,26,1
23508,672,29,28,1
23509,672,30,10,0
23510,672,31,27,1
23511,672,32,25,0
23512,672,33,11,0
23513,672,34,10,0
23514,672,35,13,1
23515,673,1,17,0
23516,673,2,21,1
23517,673,3,20,1
23518,673,4,18,1
23519,673,5,14,0
23520,673,6,54,3
23521,673,7,30,1
23522,673,8,23,1
23523,673,9,7,0
23524,673,10,16,1
23525,673,11,27,0
23526,673,12,26,1
23527,673,13,25,1
23528,673,14,11,1
23529,673,15,13,0
23530,673,16,13,0
23531,673,17,24,1
23532,673,18,35,1
23533,673,19,30,1
23534,673,20,20,1
23535,673,21,16,1
23536,673,22,26,1
23537,673,23,16,0
23538,673,24,8,0
23539,673,25,14,0
23540,673,26,27,0
23541,673,27,44,1
23542,673,28,16,1
23543,673,29,18,0
23544,673,30,34,1
23545,673,31,23,0
23546,673,32,34,2
23547,673,33,21,1
23548,673,34,15,1
23549,673,35,7,0
23550,674,1,23,1
23551,674,2,25,1
23552,674,3,18,1
23553,674,4,11,0
23554,674,5,9,0
23555,674,6,12,0
23556,674,7,20,1
23557,674,8,2,0
23558,674,9,17,0
23559,674,10,7,0
23560,674,11,8,0
23561,674,12,21,0
23562,674,13,13,1
23563,674,14,34,0
23564,674,15,16,1
23565,674,16,15,1
23566,674,17,27,1
23567,674,18,16,1
23568,674,19,8,0
23569,674,20,29,1
23570,674,21,11,1
23571,674,22,8,0
23572,674,23,15,0
23573,674,24,39,0
23574,674,25,13,0
23575,674,26,13,1
23576,674,27,13,0
23577,674,28,16,0
23578,674,29,8,0
23579,674,30,20,0
23580,674,31,7,0
23581,674,32,22,1
23582,674,33,21,1
23583,674,34,25,0
23584,674,35,15,1
23585,675,1,14,1
23586,675,2,17,1
23587,675,3,2,0
23588,675,4,20,0
23589,675,5,14,1
23590,675,6,12,1
23591,675,7,17,0
23592,675,8,12,1
23593,675,9,13,0
23594,675,10,21,1
23595,675,11,8,0
23596,675,12,8,0
23597,675,13,9,0
23598,675,14,13,0
23599,675,15,14,1
23600,675,16,16,1
23601,675,17,19,1
23602,675,18,13,1
23603,675,19,9,0
23604,675,20,13,0
23605,675,21,24,0
23606,675,22,8,0
23607,675,23,20,0
23608,675,24,9,0
23609,675,25,6,0
23610,675,26,29,1
23611,675,27,13,0
23612,675,28,11,0
23613,675,29,18,1
23614,675,30,3,0
23615,675,31,5,0
23616,675,32,5,0
23617,675,33,9,0
23618,675,34,8,0
23619,675,35,21,1
23620,676,1,8,0
23621,676,2,14,0
23622,676,3,36,0
23623,676,4,12,0
23624,676,5,5,0
23625,676,6,14,1
23626,676,7,14,0
23627,676,8,34,1
23628,676,9,12,0
23629,676,10,25,0
23630,676,11,11,0
23631,676,12,16,1
23632,676,13,26,1
23633,676,14,20,0
23634,676,15,8,0
23635,676,16,9,0
23636,676,17,23,1
23637,676,18,28,2
23638,676,19,6,0
23639,676,20,17,0
23640,676,21,15,0
23641,676,22,24,1
23642,676,23,13,1
23643,676,24,9,0
23644,676,25,19,1
23645,676,26,36,1
23646,676,27,17,1
23647,676,28,24,1
23648,676,29,10,1
23649,676,30,26,0
23650,676,31,15,0
23651,676,32,12,0
23652,676,33,11,0
23653,676,34,25,1
23654,676,35,26,0
23655,677,1,18,1
23656,677,2,23,1
23657,677,3,20,1
23658,677,4,16,0
23659,677,5,23,0
23660,677,6,9,0
23661,677,7,35,1
23662,677,8,25,1
23663,677,9,33,1
23664,677,10,13,0
23665,677,11,8,0
23666,677,12,10,0
23667,677,13,19,0
23668,677,14,14,1
23669,677,15,56,3
23670,677,16,33,2
23671,677,17,20,1
23672,677,18,24,1
23673,677,19,34,2
23674,677,20,19,1
23675,677,21,23,0
23676,677,22,15,0
23677,677,23,7,0
23678,677,24,28,1
23679,677,25,20,1
23680,677,26,26,1
23681,677,27,20,0
23682,677,28,16,0
23683,677,29,12,0
23684,677,30,16,1
23685,677,31,38,1
23686,677,32,31,0
23687,677,33,20,1
23688,677,34,25,1
23689,677,35,30,2
23690,678,1,11,0
23691,678,2,31,1
23692,678,3,16,1
23693,678,4,15,0
23694,678,5,28,2
23695,678,6,34,2
23696,678,7,39,1
23697,678,8,14,0
23698,678,9,30,2
23699,678,10,15,0
23700,678,11,24,1
23701,678,12,13,1
23702,678,13,14,0
23703,678,14,16,1
23704,678,15,18,0
23705,678,16,10,1
23706,678,17,20,0
23707,678,18,22,1
23708,678,19,15,1
23709,678,20,10,1
23710,678,21,12,0
23711,678,22,12,0
23712,678,23,22,0
23713,678,24,16,1
23714,678,25,20,0
23715,678,26,7,0
23716,678,27,7,0
23717,678,28,20,0
23718,678,29,8,0
23719,678,30,14,1
23720,678,31,44,3
23721,678,32,9,0
23722,678,33,35,2
23723,678,34,10,0
23724,678,35,13,0
23725,679,1,8,0
23726,679,2,9,0
23727,679,3,18,0
23728,679,4,13,0
23729,679,5,20,1
23730,679,6,12,0
23731,679,7,16,0
23732,679,8,14,0
23733,679,9,30,0
23734,679,10,19,1
23735,679,11,10,1
23736,679,12,22,1
23737,679,13,24,1
23738,679,14,10,0
23739,679,15,19,0
23740,679,16,11,1
23741,679,17,44,2
23742,679,18,13,0
23743,679,19,15,1
23744,679,20,13,0
23745,679,21,9,0
23746,679,22,14,1
23747,679,23,13,0
23748,679,24,9,0
23749,679,25,21,1
23750,679,26,25,1
23751,679,27,11,0
23752,679,28,11,1
23753,679,29,11,1
23754,679,30,9,0
23755,679,31,9,0
23756,679,32,7,0
23757,679,33,18,1
23758,679,34,18,0
23759,679,35,7,0
23760,680,1,11,0
23761,680,2,23,0
23762,680,3,45,3
23763,680,4,8,0
23764,680,5,14,0
23765,680,6,12,1
23766,680,7,17,1
23767,680,8,23,0
23768,680,9,11,0
23769,680,10,25,1
23770,680,11,17,1
23771,680,12,28,1
23772,680,13,16,1
23773,680,14,23,1
23774,680,15,14,0
23775,680,16,14,1
23776,680,17,24,1
23777,680,18,21,1
23778,680,19,21,1
23779,680,20,14,0
23780,680,21,14,1
23781,680,22,21,0
23782,680,23,5,0
23783,680,24,18,1
23784,680,25,27,1
23785,680,26,14,1
23786,680,27,8,0
23787,680,28,11,0
23788,680,29,25,1
23789,680,30,18,1
23790,680,31,20,0
23791,680,32,18,1
23792,680,33,20,1
23793,680,34,30,1
23794,680,35,9,0
23795,681,1,30,1
23796,681,2,20,1
23797,681,3,32,2
23798,681,4,45,1
23799,681,5,9,0
23800,681,6,44,2
23801,681,7,25,0
23802,681,8,16,0
23803,681,9,12,0
23804,681,10,22,1
23805,681,11,34,0
23806,681,12,31,0
23807,681,13,21,1
23808,681,14,33,1
23809,681,15,27,1
23810,681,16,40,2
23811,681,17,16,0
23812,681,18,18,0
23813,681,19,46,1
23814,681,20,23,1
23815,681,21,21,1
23816,681,22,9,0
23817,681,23,16,1
23818,681,24,28,0
23819,681,25,40,2
23820,681,26,27,2
23821,681,27,41,1
23822,681,28,19,1
23823,681,29,21,1
23824,681,30,35,1
23825,681,31,26,1
23826,681,32,39,1
23827,681,33,43,0
23828,681,34,26,1
23829,681,35,36,1
23830,682,1,15,1
23831,682,2,25,1
23832,682,3,17,1
23833,682,4,27,1
23834,682,5,12,0
23835,682,6,23,1
23836,682,7,8,0
23837,682,8,19,1
23838,682,9,10,1
23839,682,10,16,0
23840,682,11,14,0
23841,682,12,20,0
23842,682,13,30,0
23843,682,14,16,1
23844,682,15,24,1
23845,682,16,20,0
23846,682,17,25,1
23847,682,18,20,1
23848,682,19,24,1
23849,682,20,16,1
23850,682,21,9,0
23851,682,22,7,0
23852,682,23,15,0
23853,682,24,12,0
23854,682,25,16,0
23855,682,26,17,0
23856,682,27,14,1
23857,682,28,18,1
23858,682,29,17,1
23859,682,30,24,1
23860,682,31,12,1
23861,682,32,15,0
23862,682,33,19,0
23863,682,34,18,1
23864,682,35,16,1
23865,683,1,8,0
23866,683,2,6,0
23867,683,3,23,1
23868,683,4,24,1
23869,683,5,12,1
23870,683,6,22,0
23871,683,7,10,0
23872,683,8,22,1
23873,683,9,7,0
23874,683,10,19,1
23875,683,11,15,0
23876,683,12,14,1
23877,683,13,23,1
23878,683,14,34,1
23879,683,15,26,1
23880,683,16,14,0
23881,683,17,12,0
23882,683,18,31,1
23883,683,19,12,0
23884,683,20,24,0
23885,683,21,21,0
23886,683,22,20,1
23887,683,23,13,0
23888,683,24,15,1
23889,683,25,34,1
23890,683,26,12,1
23891,683,27,17,1
23892,683,28,8,0
23893,683,29,12,0
23894,683,30,5,0
23895,683,31,12,0
23896,683,32,11,0
23897,683,33,14,1
23898,683,34,22,1
23899,683,35,17,0
23900,684,1,7,0
23901,684,2,28,1
23902,684,3,13,1
23903,684,4,41,1
23904,684,5,24,1
23905,684,6,32,2
23906,684,7,25,1
23907,684,8,31,2
23908,684,9,16,0
23909,684,10,37,1
23910,684,11,26,1
23911,684,12,49,1
23912,684,13,29,1
23913,684,14,33,1
23914,684,15,17,0
23915,684,16,22,1
23916,684,17,18,1
23917,684,18,20,1
23918,684,19,23,0
23919,684,20,32,1
23920,684,21,36,2
23921,684,22,32,1
23922,684,23,17,0
23923,684,24,20,1
23924,684,25,26,0
23925,684,26,24,1
23926,684,27,21,1
23927,684,28,13,1
23928,684,29,27,2
23929,684,30,23,1
23930,684,31,22,1
23931,684,32,18,1
23932,684,33,27,0
23933,684,34,19,0
23934,684,35,11,0
23935,685,1,30,1
23936,685,2,52,1
23937,685,3,50,1
23938,685,4,26,1
23939,685,5,24,0
23940,685,6,33,0
23941,685,7,32,2
23942,685,8,48,1
23943,685,9,12,0
23944,685,10,23,1
23945,685,11,22,1
23946,685,12,26,1
23947,685,13,40,1
23948,685,14,10,0
23949,685,15,26,1
23950,685,16,28,0
23951,685,17,16,1
23952,685,18,28,2
23953,685,19,46,2
23954,685,20,26,0
23955,685,21,26,1
23956,685,22,23,1
23957,685,23,16,0
23958,685,24,17,0
23959,685,25,22,0
23960,685,26,19,1
23961,685,27,33,1
23962,685,28,18,0
23963,685,29,37,2
23964,685,30,44,1
23965,685,31,14,1
23966,685,32,29,1
23967,685,33,12,0
23968,685,34,9,0
23969,685,35,28,0
23970,686,1,40,2
23971,686,2,28,1
23972,686,3,29,1
23973,686,4,17,1
23974,686,5,14,1
23975,686,6,26,1
23976,686,7,20,1
23977,686,8,19,1
23978,686,9,33,1
23979,686,10,23,0
23980,686,11,30,2
23981,686,12,26,0
23982,686,13,16,0
23983,686,14,11,0
23984,686,15,32,1
23985,686,16,9,0
23986,686,17,24,0
23987,686,18,20,0
23988,686,19,9,1
23989,686,20,20,1
23990,686,21,13,1
23991,686,22,23,1
23992,686,23,12,0
23993,686,24,22,1
23994,686,25,22,0
23995,686,26,29,1
23996,686,27,11,1
23997,686,28,11,1
23998,686,29,31,2
23999,686,30,26,1
24000,686,31,36,2
24001,686,32,32,1
24002,686,33,41,2
24003,686,34,20,1
24004,686,35,43,1
24005,687,1,34,1
24006,687,2,10,1
24007,687,3,15,0
24008,687,4,32,2
24009,687,5,29,1
24010,687,6,17,1
24011,687,7,29,0
24012,687,8,32,1
24013,687,9,9,0
24014,687,10,10,0
24015,687,11,6,0
24016,687,12,14,0
24017,687,13,37,2
24018,687,14,15,1
24019,687,15,17,0
24020,687,16,17,0
24021,687,17,23,1
24022,687,18,12,1
24023,687,19,23,1
24024,687,20,15,0
24025,687,21,17,1
24026,687,22,10,0
24027,687,23,11,1
24028,687,24,24,0
24029,687,25,22,0
24030,687,26,7,0
24031,687,27,12,0
24032,687,28,15,0
24033,687,29,18,1
24034,687,30,13,1
24035,687,31,10,0
24036,687,32,19,1
24037,687,33,10,0
24038,687,34,20,1
24039,687,35,8,0
24040,688,1,14,0
24041,688,2,28,1
24042,688,3,4,0
24043,688,4,38,1
24044,688,5,24,1
24045,688,6,39,1
24046,688,7,19,1
24047,688,8,20,0
24048,688,9,13,0
24049,688,10,17,0
24050,688,11,10,0
24051,688,12,16,1
24052,688,13,25,1
24053,688,14,20,0
24054,688,15,50,2
24055,688,16,20,1
24056,688,17,21,0
24057,688,18,20,1
24058,688,19,13,0
24059,688,20,9,0
24060,688,21,45,1
24061,688,22,51,3
24062,688,23,19,0
24063,688,24,31,0
24064,688,25,43,1
24065,688,26,17,1
24066,688,27,25,1
24067,688,28,18,0
24068,688,29,23,0
24069,688,30,37,0
24070,688,31,20,0
24071,688,32,10,0
24072,688,33,22,1
24073,688,34,29,1
24074,688,35,18,1
24075,689,1,80,3
24076,689,2,24,1
24077,689,3,13,1
24078,689,4,36,2
24079,689,5,19,1
24080,689,6,19,0
24081,689,7,31,1
24082,689,8,20,1
24083,689,9,73,3
24084,689,10,35,1
24085,689,11,94,2
24086,689,12,28,2
24087,689,13,9,0
24088,689,14,19,0
24089,689,15,19,1
24090,689,16,26,1
24091,689,17,57,2
24092,689,18,50,2
24093,689,19,23,1
24094,689,20,37,0
24095,689,21,24,0
24096,689,22,32,0
24097,689,23,26,1
24098,689,24,43,2
24099,689,25,56,3
24100,689,26,24,1
24101,689,27,8,0
24102,689,28,52,1
24103,689,29,20,1
24104,689,30,24,1
24105,689,31,25,0
24106,689,32,44,1
24107,689,33,31,2
24108,689,34,26,1
24109,689,35,25,1
24110,690,1,12,0
24111,690,2,28,1
24112,690,3,30,1
24113,690,4,30,2
24114,690,5,5,0
24115,690,6,26,0
24116,690,7,21,1
24117,690,8,53,1
24118,690,9,24,1
24119,690,10,6,0
24120,690,11,12,0
24121,690,12,24,0
24122,690,13,16,0
24123,690,14,18,0
24124,690,15,12,0
24125,690,16,11,0
24126,690,17,12,1
24127,690,18,54,1
24128,690,19,44,2
24129,690,20,21,1
24130,690,21,24,0
24131,690,22,16,1
24132,690,23,15,1
24133,690,24,23,0
24134,690,25,18,0
24135,690,26,5,0
24136,690,27,12,0
24137,690,28,41,0
24138,690,29,14,1
24139,690,30,23,1
24140,690,31,23,1
24141,690,32,16,1
24142,690,33,47,1
24143,690,34,12,1
24144,690,35,46,2
24145,691,1,15,0
24146,691,2,25,1
24147,691,3,30,1
24148,691,4,12,1
24149,691,5,14,0
24150,691,6,18,0
24151,691,7,13,1
24152,691,8,12,0
24153,691,9,21,0
24154,691,10,42,2
24155,691,11,30,1
24156,691,12,28,0
24157,691,13,14,0
24158,691,14,36,1
24159,691,15,15,1
24160,691,16,18,1
24161,691,17,25,1
24162,691,18,10,1
24163,691,19,10,1
24164,691,20,22,1
24165,691,21,21,1
24166,691,22,43,2
24167,691,23,14,1
24168,691,24,66,1
24169,691,25,16,0
24170,691,26,16,1
24171,691,27,15,1
24172,691,28,17,0
24173,691,29,9,0
24174,691,30,24,0
24175,691,31,19,1
24176,691,32,13,1
24177,691,33,40,2
24178,691,34,12,0
24179,691,35,14,1
24180,692,1,24,1
24181,692,2,15,1
24182,692,3,21,1
24183,692,4,31,1
24184,692,5,24,1
24185,692,6,21,1
24186,692,7,50,1
24187,692,8,15,1
24188,692,9,30,1
24189,692,10,31,1
24190,692,11,17,1
24191,692,12,18,0
24192,692,13,44,2
24193,692,14,61,1
24194,692,15,20,0
24195,692,16,17,1
24196,692,17,41,1
24197,692,18,37,1
24198,692,19,21,1
24199,692,20,46,2
24200,692,21,57,2
24201,692,22,25,1
24202,692,23,27,0
24203,692,24,28,1
24204,692,25,21,1
24205,692,26,29,1
24206,692,27,23,1
24207,692,28,19,1
24208,692,29,32,1
24209,692,30,18,0
24210,692,31,27,1
24211,692,32,10,0
24212,692,33,29,1
24213,692,34,19,1
24214,692,35,21,1
24215,693,1,67,2
24216,693,2,39,2
24217,693,3,20,0
24218,693,4,28,1
24219,693,5,31,1
24220,693,6,39,1
24221,693,7,55,3
24222,693,8,51,1
24223,693,9,36,2
24224,693,10,26,1
24225,693,11,40,2
24226,693,12,15,1
24227,693,13,33,1
24228,693,14,35,1
24229,693,15,24,1
24230,693,16,33,1
24231,693,17,16,1
24232,693,18,31,1
24233,693,19,52,2
24234,693,20,52,3
24235,693,21,21,1
24236,693,22,16,1
24237,693,23,38,1
24238,693,24,21,0
24239,693,25,34,1
24240,693,26,29,1
24241,693,27,29,1
24242,693,28,56,2
24243,693,29,49,3
24244,693,30,19,0
24245,693,31,26,1
24246,693,32,30,1
24247,693,33,17,0
24248,693,34,18,1
24249,693,35,14,1
24250,694,1,14,0
24251,694,2,58,3
24252,694,3,12,0
24253,694,4,37,2
24254,694,5,17,1
24255,694,6,17,0
24256,694,7,11,1
24257,694,8,17,1
24258,694,9,17,0
24259,694,10,38,1
24260,694,11,16,0
24261,694,12,16,0
24262,694,13,26,1
24263,694,14,29,0
24264,694,15,20,1
24265,694,16,16,1
24266,694,17,41,2
24267,694,18,30,1
24268,694,19,11,0
24269,694,20,19,1
24270,694,21,18,1
24271,694,22,46,2
24272,694,23,39,2
24273,694,24,29,1
24274,694,25,18,0
24275,694,26,22,0
24276,694,27,20,1
24277,694,28,16,1
24278,694,29,11,0
24279,694,30,13,0
24280,694,31,13,0
24281,694,32,34,1
24282,694,33,34,0
24283,694,34,24,0
24284,694,35,25,1
24285,695,1,22,1
24286,695,2,25,1
24287,695,3,3,0
24288,695,4,22,0
24289,695,5,11,0
24290,695,6,19,0
24291,695,7,12,0
24292,695,8,15,1
24293,695,9,8,0
24294,695,10,18,1
24295,695,11,22,0
24296,695,12,12,0
24297,695,13,31,2
24298,695,14,11,1
24299,695,15,20,0
24300,695,16,11,0
24301,695,17,13,0
24302,695,18,21,1
24303,695,19,18,1
24304,695,20,10,0
24305,695,21,10,0
24306,695,22,23,0
24307,695,23,15,0
24308,695,24,7,0
24309,695,25,25,1
24310,695,26,9,0
24311,695,27,11,0
24312,695,28,17,1
24313,695,29,18,0
24314,695,30,9,0
24315,695,31,38,1
24316,695,32,6,0
24317,695,33,21,1
24318,695,34,16,0
24319,695,35,25,1
24320,696,1,27,1
24321,696,2,16,0
24322,696,3,19,0
24323,696,4,46,2
24324,696,5,12,0
24325,696,6,17,1
24326,696,7,27,1
24327,696,8,14,0
24328,696,9,29,1
24329,696,10,18,1
24330,696,11,27,2
24331,696,12,44,2
24332,696,13,29,1
24333,696,14,21,1
24334,696,15,14,1
24335,696,16,25,1
24336,696,17,33,1
24337,696,18,23,1
24338,696,19,12,0
24339,696,20,11,0
24340,696,21,25,0
24341,696,22,39,1
24342,696,23,38,1
24343,696,24,21,1
24344,696,25,47,2
24345,696,26,26,1
24346,696,27,20,1
24347,696,28,48,2
24348,696,29,64,2
24349,696,30,14,0
24350,696,31,36,0
24351,696,32,30,1
24352,696,33,56,2
24353,696,34,25,1
24354,696,35,38,1
24355,697,1,40,2
24356,697,2,27,1
24357,697,3,30,1
24358,697,4,36,2
24359,697,5,11,1
24360,697,6,19,1
24361,697,7,32,2
24362,697,8,20,0
24363,697,9,6,0
24364,697,10,13,1
24365,697,11,19,0
24366,697,12,19,1
24367,697,13,29,1
24368,697,14,12,1
24369,697,15,9,0
24370,697,16,12,1
24371,697,17,12,1
24372,697,18,34,0
24373,697,19,36,2
24374,697,20,17,1
24375,697,21,30,1
24376,697,22,33,1
24377,697,23,12,0
24378,697,24,11,0
24379,697,25,26,0
24380,697,26,16,1
24381,697,27,27,1
24382,697,28,11,0
24383,697,29,24,1
24384,697,30,10,1
24385,697,31,17,0
24386,697,32,8,0
24387,697,33,20,1
24388,697,34,23,0
24389,697,35,27,1
24390,698,1,6,0
24391,698,2,14,0
24392,698,3,9,0
24393,698,4,5,0
24394,698,5,16,0
24395,698,6,10,0
24396,698,7,5,0
24397,698,8,17,1
24398,698,9,5,0
24399,698,10,31,1
24400,698,11,23,1
24401,698,12,16,0
24402,698,13,16,1
24403,698,14,7,0
24404,698,15,18,1
24405,698,16,20,1
24406,698,17,20,1
24407,698,18,12,1
24408,698,19,11,0
24409,698,20,14,1
24410,698,21,18,0
24411,698,22,7,0
24412,698,23,11,0
24413,698,24,7,0
24414,698,25,11,0
24415,698,26,5,0
24416,698,27,15,1
24417,698,28,11,0
24418,698,29,24,0
24419,698,30,24,0
24420,698,31,8,0
24421,698,32,6,0
24422,698,33,14,1
24423,698,34,7,0
24424,698,35,7,0
24425,699,1,14,0
24426,699,2,7,0
24427,699,3,9,0
24428,699,4,13,1
24429,699,5,8,0
24430,699,6,7,0
24431,699,7,4,0
24432,699,8,22,1
24433,699,9,2,0
24434,699,10,9,0
24435,699,11,18,0
24436,699,12,7,0
24437,699,13,17,1
24438,699,14,8,0
24439,699,15,6,0
24440,699,16,8,0
24441,699,17,10,0
24442,699,18,9,0
24443,699,19,12,1
24444,699,20,10,1
24445,699,21,17,1
24446,699,22,7,0
24447,699,23,4,0
24448,699,24,14,1
24449,699,25,20,1
24450,699,26,11,0
24451,699,27,3,0
24452,699,28,14,0
24453,699,29,4,0
24454,699,30,12,1
24455,699,31,9,0
24456,699,32,7,0
24457,699,33,13,0
24458,699,34,24,1
24459,699,35,14,1
24460,700,1,33,1
24461,700,2,29,1
24462,700,3,21,1
24463,700,4,24,1
24464,700,5,17,1
24465,700,6,19,0
24466,700,7,20,0
24467,700,8,10,0
24468,700,9,16,1
24469,700,10,6,0
24470,700,11,31,1
24471,700,12,10,0
24472,700,13,28,1
24473,700,14,35,2
24474,700,15,13,0
24475,700,16,12,0
24476,700,17,8,0
24477,700,18,29,1
24478,700,19,19,0
24479,700,20,22,1
24480,700,21,22,1
24481,700,22,17,1
24482,700,23,35,1
24483,700,24,13,0
24484,700,25,19,1
24485,700,26,17,0
24486,700,27,14,0
24487,700,28,17,1
24488,700,29,23,1
24489,700,30,11,1
24490,700,31,14,1
24491,700,32,6,0
24492,700,33,20,1
24493,700,34,38,1
24494,700,35,15,0
24495,701,1,34,2
24496,701,2,20,1
24497,701,3,22,0
24498,701,4,30,1
24499,701,5,13,0
24500,701,6,12,1
24501,701,7,25,1
24502,701,8,26,1
24503,701,9,14,1
24504,701,10,29,1
24505,701,11,36,2
24506,701,12,17,0
24507,701,13,40,2
24508,701,14,11,0
24509,701,15,29,1
24510,701,16,24,0
24511,701,17,20,1
24512,701,18,25,1
24513,701,19,30,1
24514,701,20,12,1
24515,701,21,37,1
24516,701,22,24,1
24517,701,23,27,1
24518,701,24,10,0
24519,701,25,22,1
24520,701,26,36,1
24521,701,27,30,2
24522,701,28,46,1
24523,701,29,9,0
24524,701,30,29,1
24525,701,31,32,1
24526,701,32,15,1
24527,701,33,19,1
24528,701,34,27,1
24529,701,35,23,1
24530,702,1,21,1
24531,702,2,21,1
24532,702,3,13,0
24533,702,4,14,1
24534,702,5,10,0
24535,702,6,29,1
24536,702,7,16,1
24537,702,8,10,1
24538,702,9,22,1
24539,702,10,15,1
24540,702,11,19,1
24541,702,12,15,1
24542,702,13,22,1
24543,702,14,11,0
24544,702,15,21,1
24545,702,16,13,0
24546,702,17,21,0
24547,702,18,15,1
24548,702,19,7,0
24549,702,20,10,0
24550,702,21,18,0
24551,702,22,12,1
24552,702,23,9,0
24553,702,24,21,0
24554,702,25,24,1
24555,702,26,14,0
24556,702,27,16,1
24557,702,28,12,0
24558,702,29,17,1
24559,702,30,19,1
24560,702,31,13,0
24561,702,32,10,0
24562,702,33,15,1
24563,702,34,22,1
24564,702,35,23,1
24565,703,1,3,0
24566,703,2,18,1
24567,703,3,8,0
24568,703,4,15,0
24569,703,5,11,0
24570,703,6,13,0
24571,703,7,12,0
24572,703,8,15,1
24573,703,9,12,0
24574,703,10,26,1
24575,703,11,14,0
24576,703,12,5,0
24577,703,13,12,1
24578,703,14,18,0
24579,703,15,18,1
24580,703,16,11,1
24581,703,17,7,0
24582,703,18,5,0
24583,703,19,23,1
24584,703,20,19,1
24585,703,21,10,0
24586,703,22,20,1
24587,703,23,15,0
24588,703,24,8,0
24589,703,25,15,1
24590,703,26,10,0
24591,703,27,9,0
24592,703,28,3,0
24593,703,29,9,0
24594,703,30,7,0
24595,703,31,23,0
24596,703,32,11,1
24597,703,33,33,1
24598,703,34,20,1
24599,703,35,21,1
24600,704,1,2,0
24601,704,2,20,0
24602,704,3,14,0
24603,704,4,4,0
24604,704,5,32,1
24605,704,6,21,0
24606,704,7,18,0
24607,704,8,3,0
24608,704,9,17,1
24609,704,10,10,1
24610,704,11,28,1
24611,704,12,28,1
24612,704,13,31,1
24613,704,14,26,0
24614,704,15,21,1
24615,704,16,37,1
24616,704,17,10,0
24617,704,18,8,0
24618,704,19,35,2
24619,704,20,16,0
24620,704,21,22,1
24621,704,22,26,1
24622,704,23,9,0
24623,704,24,30,2
24624,704,25,11,0
24625,704,26,12,0
24626,704,27,13,1
24627,704,28,15,1
24628,704,29,7,0
24629,704,30,27,2
24630,704,31,12,0
24631,704,32,9,0
24632,704,33,26,1
24633,704,34,14,1
24634,704,35,11,0
24635,705,1,23,0
24636,705,2,21,1
24637,705,3,16,1
24638,705,4,27,0
24639,705,5,27,0
24640,705,6,22,1
24641,705,7,19,0
24642,705,8,43,1
24643,705,9,36,2
24644,705,10,22,1
24645,705,11,28,0
24646,705,12,16,0
24647,705,13,41,1
24648,705,14,17,0
24649,705,15,40,1
24650,705,16,28,1
24651,705,17,11,0
24652,705,18,19,0
24653,705,19,40,2
24654,705,20,15,1
24655,705,21,16,0
24656,705,22,8,0
24657,705,23,31,1
24658,705,24,19,1
24659,705,25,52,3
24660,705,26,24,0
24661,705,27,14,1
24662,705,28,20,1
24663,705,29,8,0
24664,705,30,10,0
24665,705,31,22,1
24666,705,32,26,1
24667,705,33,28,1
24668,705,34,32,1
24669,705,35,56,2
24670,706,1,14,1
24671,706,2,22,1
24672,706,3,17,1
24673,706,4,27,1
24674,706,5,15,0
24675,706,6,8,0
24676,706,7,10,0
24677,706,8,12,1
24678,706,9,24,1
24679,706,10,9,0
24680,706,11,21,1
24681,706,12,20,1
24682,706,13,15,1
24683,706,14,9,0
24684,706,15,6,0
24685,706,16,17,0
24686,706,17,5,0
24687,706,18,13,1
24688,706,19,11,0
24689,706,20,13,1
24690,706,21,24,1
24691,706,22,6,0
24692,706,23,24,1
24693,706,24,17,0
24694,706,25,11,0
24695,706,26,26,0
24696,706,27,12,1
24697,706,28,10,0
24698,706,29,9,0
24699,706,30,13,1
24700,706,31,28,2
24701,706,32,41,1
24702,706,33,12,0
24703,706,34,36,1
24704,706,35,12,0
24705,707,1,27,0
24706,707,2,13,1
24707,707,3,7,0
24708,707,4,13,1
24709,707,5,24,1
24710,707,6,6,0
24711,707,7,33,1
24712,707,8,8,0
24713,707,9,15,1
24714,707,10,6,0
24715,707,11,5,0
24716,707,12,6,0
24717,707,13,14,0
24718,707,14,32,1
24719,707,15,31,0
24720,707,16,16,1
24721,707,17,18,1
24722,707,18,16,1
24723,707,19,10,0
24724,707,20,15,1
24725,707,21,15,1
24726,707,22,11,1
24727,707,23,9,0
24728,707,24,5,0
24729,707,25,17,1
24730,707,26,16,1
24731,707,27,27,1
24732,707,28,14,0
24733,707,29,13,0
24734,707,30,14,0
24735,707,31,9,1
24736,707,32,23,1
24737,707,33,7,0
24738,707,34,16,0
24739,707,35,14,1
24740,708,1,19,0
24741,708,2,32,1
24742,708,3,44,2
24743,708,4,31,1
24744,708,5,18,1
24745,708,6,11,0
24746,708,7,41,2
24747,708,8,37,2
24748,708,9,38,1
24749,708,10,16,0
24750,708,11,25,1
24751,708,12,25,1
24752,708,13,8,0
24753,708,14,17,0
24754,708,15,31,1
24755,708,16,12,1
24756,708,17,15,0
24757,708,18,17,1
24758,708,19,25,0
24759,708,20,23,1
24760,708,21,19,0
24761,708,22,9,1
24762,708,23,18,1
24763,708,24,31,2
24764,708,25,26,1
24765,708,26,19,1
24766,708,27,26,1
24767,708,28,23,1
24768,708,29,22,0
24769,708,30,8,0
24770,708,31,19,0
24771,708,32,10,0
24772,708,33,4,0
24773,708,34,16,1
24774,708,35,19,1
24775,709,1,29,0
24776,709,2,19,0
24777,709,3,17,0
24778,709,4,37,2
24779,709,5,32,2
24780,709,6,47,1
24781,709,7,26,0
24782,709,8,33,1
24783,709,9,30,1
24784,709,10,18,1
24785,709,11,22,1
24786,709,12,19,1
24787,709,13,32,2
24788,709,14,30,0
24789,709,15,56,3
24790,709,16,17,1
24791,709,17,36,0
24792,709,18,47,1
24793,709,19,45,1
24794,709,20,33,2
24795,709,21,28,1
24796,709,22,30,1
24797,709,23,27,1
24798,709,24,45,1
24799,709,25,28,1
24800,709,26,17,0
24801,709,27,21,0
24802,709,28,10,0
24803,709,29,40,1
24804,709,30,22,1
24805,709,31,11,0
24806,709,32,21,1
24807,709,33,28,2
24808,709,34,46,1
24809,709,35,21,1
24810,710,1,33,1
24811,710,2,19,0
24812,710,3,6,0
24813,710,4,28,0
24814,710,5,24,1
24815,710,6,15,1
24816,710,7,9,0
24817,710,8,19,1
24818,710,9,30,2
24819,710,10,14,1
24820,710,11,1,0
24821,710,12,17,1
24822,710,13,20,0
24823,710,14,24,0
24824,710,15,22,1
24825,710,16,13,0
24826,710,17,10,0
24827,710,18,26,1
24828,710,19,22,1
24829,710,20,8,0
24830,710,21,6,0
24831,710,22,20,1
24832,710,23,14,0
24833,710,24,32,0
24834,710,25,35,2
24835,710,26,19,0
24836,710,27,10,0
24837,710,28,18,1
24838,710,29,9,0
24839,710,30,23,1
24840,710,31,20,1
24841,710,32,9,0
24842,710,33,6,0
24843,710,34,9,0
24844,710,35,11,0
24845,711,1,27,1
24846,711,2,30,2
24847,711,3,3,0
24848,711,4,4,0
24849,711,5,16,0
24850,711,6,12,0
24851,711,7,5,0
24852,711,8,9,0
24853,711,9,11,0
24854,711,10,11,1
24855,711,11,19,0
24856,711,12,10,0
24857,711,13,11,0
24858,711,14,9,1
24859,711,15,31,2
24860,711,16,12,0
24861,711,17,9,0
24862,711,18,10,0
24863,711,19,4,0
24864,711,20,20,1
24865,711,21,13,0
24866,711,22,12,0
24867,711,23,29,1
24868,711,24,23,1
24869,711,25,20,0
24870,711,26,23,1
24871,711,27,16,1
24872,711,28,29,2
24873,711,29,6,0
24874,711,30,7,0
24875,711,31,21,0
24876,711,32,13,0
24877,711,33,15,0
24878,711,34,23,1
24879,711,35,7,0
24880,712,1,19,0
24881,712,2,28,1
24882,712,3,13,0
24883,712,4,21,1
24884,712,5,31,1
24885,712,6,27,0
24886,712,7,8,0
24887,712,8,13,1
24888,712,9,30,1
24889,712,10,40,0
24890,712,11,15,0
24891,712,12,23,0
24892,712,13,11,1
24893,712,14,34,1
24894,712,15,13,0
24895,712,16,15,0
24896,712,17,23,1
24897,712,18,16,0
24898,712,19,34,2
24899,712,20,15,1
24900,712,21,20,0
24901,712,22,27,1
24902,712,23,30,1
24903,712,24,62,3
24904,712,25,26,2
24905,712,26,33,1
24906,712,27,27,0
24907,712,28,37,1
24908,712,29,26,1
24909,712,30,23,0
24910,712,31,32,0
24911,712,32,17,1
24912,712,33,19,1
24913,712,34,11,0
24914,712,35,17,1
24915,713,1,23,1
24916,713,2,10,0
24917,713,3,24,1
24918,713,4,29,2
24919,713,5,55,2
24920,713,6,14,0
24921,713,7,38,1
24922,713,8,23,1
24923,713,9,21,1
24924,713,10,49,2
24925,713,11,42,2
24926,713,12,18,1
24927,713,13,8,0
24928,713,14,35,1
24929,713,15,41,1
24930,713,16,18,1
24931,713,17,51,2
24932,713,18,32,1
24933,713,19,12,0
24934,713,20,27,1
24935,713,21,38,1
24936,713,22,25,1
24937,713,23,14,1
24938,713,24,29,1
24939,713,25,28,1
24940,713,26,26,1
24941,713,27,19,1
24942,713,28,25,1
24943,713,29,38,2
24944,713,30,24,1
24945,713,31,32,1
24946,713,32,41,2
24947,713,33,39,2
24948,713,34,17,1
24949,713,35,36,2
24950,714,1,15,0
24951,714,2,25,0
24952,714,3,14,1
24953,714,4,19,0
24954,714,5,23,1
24955,714,6,7,0
24956,714,7,18,1
24957,714,8,31,1
24958,714,9,13,0
24959,714,10,12,0
24960,714,11,47,2
24961,714,12,16,1
24962,714,13,20,1
24963,714,14,29,2
24964,714,15,28,2
24965,714,16,9,0
24966,714,17,9,0
24967,714,18,18,1
24968,714,19,32,1
24969,714,20,38,1
24970,714,21,6,0
24971,714,22,21,0
24972,714,23,44,3
24973,714,24,22,1
24974,714,25,12,0
24975,714,26,6,0
24976,714,27,12,1
24977,714,28,19,1
24978,714,29,26,0
24979,714,30,22,0
24980,714,31,14,1
24981,714,32,10,0
24982,714,33,8,0
24983,714,34,16,0
24984,714,35,12,0
24985,715,1,15,1
24986,715,2,12,0
24987,715,3,11,1
24988,715,4,34,2
24989,715,5,21,1
24990,715,6,12,0
24991,715,7,7,0
24992,715,8,30,0
24993,715,9,18,0
24994,715,10,15,1
24995,715,11,12,1
24996,715,12,14,1
24997,715,13,28,2
24998,715,14,14,0
24999,715,15,38,1
25000,715,16,31,1
25001,715,17,19,0
25002,715,18,11,0
25003,715,19,13,0
25004,715,20,15,1
25005,715,21,22,1
25006,715,22,21,1
25007,715,23,39,1
25008,715,24,26,1
25009,715,25,22,1
25010,715,26,20,1
25011,715,27,37,1
25012,715,28,33,1
25013,715,29,14,0
25014,715,30,37,1
25015,715,31,24,1
25016,715,32,10,0
25017,715,33,14,0
25018,715,34,16,0
25019,715,35,21,1
25020,716,1,42,2
25021,716,2,15,0
25022,716,3,32,1
25023,716,4,8,0
25024,716,5,9,0
25025,716,6,14,0
25026,716,7,42,1
25027,716,8,36,0
25028,716,9,30,1
25029,716,10,13,1
25030,716,11,30,1
25031,716,12,25,1
25032,716,13,35,2
25033,716,14,48,3
25034,716,15,39,1
25035,716,16,52,1
25036,716,17,17,0
25037,716,18,40,2
25038,716,19,32,2
25039,716,20,46,1
25040,716,21,18,0
25041,716,22,24,1
25042,716,23,10,0
25043,716,24,16,1
25044,716,25,15,1
25045,716,26,24,1
25046,716,27,22,1
25047,716,28,15,1
25048,716,29,10,0
25049,716,30,23,1
25050,716,31,15,1
25051,716,32,15,1
25052,716,33,24,1
25053,716,34,35,1
25054,716,35,43,2
25055,717,1,21,0
25056,717,2,42,1
25057,717,3,25,1
25058,717,4,24,1
25059,717,5,42,1
25060,717,6,31,2
25061,717,7,16,0
25062,717,8,32,1
25063,717,9,29,0
25064,717,10,64,4
25065,717,11,44,1
25066,717,12,27,1
25067,717,13,24,1
25068,717,14,23,0
25069,717,15,26,1
25070,717,16,37,2
25071,717,17,28,0
25072,717,18,51,2
25073,717,19,16,0
25074,717,20,34,2
25075,717,21,38,2
25076,717,22,49,1
25077,717,23,33,1
25078,717,24,33,1
25079,717,25,38,0
25080,717,26,28,1
25081,717,27,59,3
25082,717,28,33,2
25083,717,29,19,1
25084,717,30,22,0
25085,717,31,50,1
25086,717,32,31,1
25087,717,33,22,1
25088,717,34,50,2
25089,717,35,17,0
25090,718,1,24,1
25091,718,2,17,1
25092,718,3,22,1
25093,718,4,33,2
25094,718,5,50,2
25095,718,6,17,1
25096,718,7,26,1
25097,718,8,42,2
25098,718,9,24,1
25099,718,10,20,1
25100,718,11,27,1
25101,718,12,24,0
25102,718,13,25,1
25103,718,14,22,0
25104,718,15,31,2
25105,718,16,34,2
25106,718,17,28,1
25107,718,18,26,1
25108,718,19,19,1
25109,718,20,30,2
25110,718,21,46,3
25111,718,22,46,2
25112,718,23,37,1
25113,718,24,16,0
25114,718,25,16,1
25115,718,26,25,1
25116,718,27,12,1
25117,718,28,7,0
25118,718,29,14,0
25119,718,30,7,0
25120,718,31,29,1
25121,718,32,14,1
25122,718,33,36,1
25123,718,34,40,2
25124,718,35,40,1
25125,719,1,10,1
25126,719,2,12,0
25127,719,3,29,1
25128,719,4,16,0
25129,719,5,34,1
25130,719,6,13,0
25131,719,7,21,1
25132,719,8,20,1
25133,719,9,11,0
25134,719,10,20,0
25135,719,11,14,1
25136,719,12,29,1
25137,719,13,10,1
25138,719,14,11,1
25139,719,15,22,1
25140,719,16,19,0
25141,719,17,33,2
25142,719,18,28,1
25143,719,19,24,0
25144,719,20,24,0
25145,719,21,20,0
25146,719,22,18,0
25147,719,23,17,1
25148,719,24,16,0
25149,719,25,11,1
25150,719,26,19,1
25151,719,27,11,0
25152,719,28,16,1
25153,719,29,13,0
25154,719,30,20,1
25155,719,31,15,1
25156,719,32,46,3
25157,719,33,11,0
25158,719,34,17,1
25159,719,35,16,1
25160,720,1,24,1
25161,720,2,19,1
25162,720,3,16,1
25163,720,4,61,1
25164,720,5,12,0
25165,720,6,21,1
25166,720,7,24,1
25167,720,8,9,0
25168,720,9,36,1
25169,720,10,55,1
25170,720,11,38,1
25171,720,12,19,0
25172,720,13,25,1
25173,720,14,56,2
25174,720,15,26,1
25175,720,16,62,3
25176,720,17,30,1
25177,720,18,45,2
25178,720,19,31,1
25179,720,20,25,1
25180,720,21,11,1
25181,720,22,24,1
25182,720,23,48,2
25183,720,24,29,1
25184,720,25,15,1
25185,720,26,19,0
25186,720,27,19,1
25187,720,28,19,1
25188,720,29,35,2
25189,720,30,12,1
25190,720,31,16,0
25191,720,32,6,0
25192,720,33,23,1
25193,720,34,12,0
25194,720,35,49,1
25195,721,1,46,1
25196,721,2,25,0
25197,721,3,33,1
25198,721,4,25,1
25199,721,5,33,1
25200,721,6,43,2
25201,721,7,29,1
25202,721,8,40,2
25203,721,9,16,1
25204,721,10,25,0
25205,721,11,53,2
25206,721,12,25,0
25207,721,13,22,1
25208,721,14,30,2
25209,721,15,30,0
25210,721,16,19,1
25211,721,17,15,0
25212,721,18,14,0
25213,721,19,28,1
25214,721,20,37,2
25215,721,21,48,2
25216,721,22,32,2
25217,721,23,24,1
25218,721,24,26,0
25219,721,25,19,0
25220,721,26,33,0
25221,721,27,32,2
25222,721,28,32,1
25223,721,29,31,1
25224,721,30,45,1
25225,721,31,38,1
25226,721,32,44,2
25227,721,33,34,2
25228,721,34,48,1
25229,721,35,27,1
25230,722,1,19,0
25231,722,2,38,2
25232,722,3,40,2
25233,722,4,2,0
25234,722,5,17,0
25235,722,6,12,0
25236,722,7,18,1
25237,722,8,15,0
25238,722,9,32,2
25239,722,10,9,0
25240,722,11,10,0
25241,722,12,16,1
25242,722,13,26,1
25243,722,14,22,1
25244,722,15,17,0
25245,722,16,23,1
25246,722,17,21,0
25247,722,18,29,2
25248,722,19,16,0
25249,722,20,33,1
25250,722,21,21,0
25251,722,22,18,0
25252,722,23,52,1
25253,722,24,29,1
25254,722,25,21,1
25255,722,26,33,1
25256,722,27,24,1
25257,722,28,35,1
25258,722,29,23,1
25259,722,30,11,0
25260,722,31,47,1
25261,722,32,29,2
25262,722,33,26,1
25263,722,34,23,1
25264,722,35,25,1
25265,723,1,17,1
25266,723,2,10,1
25267,723,3,4,0
25268,723,4,7,0
25269,723,5,13,1
25270,723,6,6,0
25271,723,7,30,0
25272,723,8,7,0
25273,723,9,16,0
25274,723,10,12,0
25275,723,11,8,0
25276,723,12,23,1
25277,723,13,3,0
25278,723,14,9,0
25279,723,15,33,1
25280,723,16,10,0
25281,723,17,13,0
25282,723,18,22,1
25283,723,19,18,1
25284,723,20,22,1
25285,723,21,19,1
25286,723,22,10,0
25287,723,23,12,0
25288,723,24,33,1
25289,723,25,13,1
25290,723,26,17,1
25291,723,27,12,1
25292,723,28,17,1
25293,723,29,8,0
25294,723,30,26,1
25295,723,31,12,0
25296,723,32,9,0
25297,723,33,33,0
25298,723,34,12,0
25299,723,35,13,0
25300,724,1,19,1
25301,724,2,32,1
25302,724,3,24,1
25303,724,4,19,1
25304,724,5,16,0
25305,724,6,20,1
25306,724,7,28,1
25307,724,8,28,1
25308,724,9,23,0
25309,724,10,58,3
25310,724,11,27,2
25311,724,12,23,0
25312,724,13,21,1
25313,724,14,29,1
25314,724,15,27,1
25315,724,16,62,4
25316,724,17,29,1
25317,724,18,23,1
25318,724,19,73,4
25319,724,20,23,1
25320,724,21,26,1
25321,724,22,4,0
25322,724,23,18,0
25323,724,24,18,0
25324,724,25,22,1
25325,724,26,24,1
25326,724,27,26,1
25327,724,28,77,2
25328,724,29,17,1
25329,724,30,24,0
25330,724,31,26,1
25331,724,32,48,2
25332,724,33,11,0
25333,724,34,51,2
25334,724,35,35,2
25335,725,1,20,1
25336,725,2,34,0
25337,725,3,20,1
25338,725,4,16,0
25339,725,5,14,1
25340,725,6,19,1
25341,725,7,28,1
25342,725,8,15,0
25343,725,9,24,1
25344,725,10,18,1
25345,725,11,21,1
25346,725,12,19,0
25347,725,13,17,1
25348,725,14,12,0
25349,725,15,12,0
25350,725,16,14,1
25351,725,17,22,1
25352,725,18,37,1
25353,725,19,21,1
25354,725,20,35,2
25355,725,21,25,1
25356,725,22,8,0
25357,725,23,16,1
25358,725,24,18,0
25359,725,25,26,1
25360,725,26,24,0
25361,725,27,18,1
25362,725,28,24,1
25363,725,29,22,1
25364,725,30,35,1
25365,725,31,20,1
25366,725,32,32,1
25367,725,33,15,0
25368,725,34,14,1
25369,725,35,10,1
25370,726,1,5,0
25371,726,2,18,1
25372,726,3,13,1
25373,726,4,5,0
25374,726,5,2,0
25375,726,6,11,1
25376,726,7,16,0
25377,726,8,18,0
25378,726,9,11,0
25379,726,10,11,0
25380,726,11,17,0
25381,726,12,21,1
25382,726,13,18,1
25383,726,14,22,1
25384,726,15,12,0
25385,726,16,21,1
25386,726,17,16,0
25387,726,18,8,0
25388,726,19,4,0
25389,726,20,18,1
25390,726,21,17,0
25391,726,22,10,0
25392,726,23,17,0
25393,726,24,6,0
25394,726,25,18,0
25395,726,26,11,0
25396,726,27,4,0
25397,726,28,16,0
25398,726,29,23,1
25399,726,30,17,0
25400,726,31,9,0
25401,726,32,13,0
25402,726,33,9,0
25403,726,34,18,1
25404,726,35,24,1
25405,727,1,14,1
25406,727,2,10,0
25407,727,3,23,1
25408,727,4,16,0
25409,727,5,20,1
25410,727,6,17,0
25411,727,7,12,0
25412,727,8,15,1
25413,727,9,13,0
25414,727,10,12,0
25415,727,11,9,0
25416,727,12,17,0
25417,727,13,8,0
25418,727,14,7,0
25419,727,15,15,1
25420,727,16,18,0
25421,727,17,12,1
25422,727,18,10,0
25423,727,19,17,0
25424,727,20,22,0
25425,727,21,18,1
25426,727,22,10,0
25427,727,23,8,0
25428,727,24,12,0
25429,727,25,12,1
25430,727,26,9,0
25431,727,27,13,0
25432,727,28,14,0
25433,727,29,12,0
25434,727,30,13,0
25435,727,31,4,0
25436,727,32,33,2
25437,727,33,20,1
25438,727,34,9,0
25439,727,35,20,0
25440,728,1,16,1
25441,728,2,23,1
25442,728,3,12,0
25443,728,4,20,1
25444,728,5,42,1
25445,728,6,25,1
25446,728,7,16,0
25447,728,8,25,1
25448,728,9,17,0
25449,728,10,19,1
25450,728,11,11,0
25451,728,12,24,1
25452,728,13,27,1
25453,728,14,16,1
25454,728,15,13,0
25455,728,16,37,1
25456,728,17,60,3
25457,728,18,14,0
25458,728,19,15,1
25459,728,20,27,1
25460,728,21,12,0
25461,728,22,13,0
25462,728,23,9,0
25463,728,24,18,1
25464,728,25,9,0
25465,728,26,18,0
25466,728,27,5,0
25467,728,28,10,0
25468,728,29,25,0
25469,728,30,12,1
25470,728,31,12,0
25471,728,32,20,1
25472,728,33,9,0
25473,728,34,20,1
25474,728,35,17,0
25475,729,1,14,0
25476,729,2,16,1
25477,729,3,20,0
25478,729,4,17,0
25479,729,5,21,1
25480,729,6,19,0
25481,729,7,12,1
25482,729,8,20,0
25483,729,9,29,2
25484,729,10,11,0
25485,729,11,23,0
25486,729,12,25,1
25487,729,13,13,0
25488,729,14,15,0
25489,729,15,20,1
25490,729,16,29,1
25491,729,17,14,1
25492,729,18,36,2
25493,729,19,21,0
25494,729,20,25,0
25495,729,21,16,1
25496,729,22,10,0
25497,729,23,14,1
25498,729,24,19,1
25499,729,25,15,1
25500,729,26,17,0
25501,729,27,33,1
25502,729,28,24,1
25503,729,29,37,2
25504,729,30,11,0
25505,729,31,24,1
25506,729,32,20,0
25507,729,33,30,0
25508,729,34,14,0
25509,729,35,29,1
25510,730,1,8,0
25511,730,2,30,1
25512,730,3,20,1
25513,730,4,10,0
25514,730,5,10,0
25515,730,6,13,1
25516,730,7,26,1
25517,730,8,18,1
25518,730,9,7,0
25519,730,10,23,1
25520,730,11,14,0
25521,730,12,19,1
25522,730,13,9,1
25523,730,14,5,0
25524,730,15,14,1
25525,730,16,23,1
25526,730,17,10,0
25527,730,18,16,0
25528,730,19,10,1
25529,730,20,28,1
25530,730,21,8,0
25531,730,22,8,0
25532,730,23,21,1
25533,730,24,7,0
25534,730,25,12,1
25535,730,26,11,0
25536,730,27,15,0
25537,730,28,21,0
25538,730,29,23,0
25539,730,30,14,1
25540,730,31,11,0
25541,730,32,8,0
25542,730,33,14,1
25543,730,34,11,0
25544,730,35,12,0
25545,731,1,7,0
25546,731,2,10,0
25547,731,3,7,0
25548,731,4,22,1
25549,731,5,12,1
25550,731,6,5,0
25551,731,7,12,0
25552,731,8,12,1
25553,731,9,5,0
25554,731,10,8,0
25555,731,11,24,1
25556,731,12,4,0
25557,731,13,12,1
25558,731,14,5,0
25559,731,15,10,0
25560,731,16,18,1
25561,731,17,4,0
25562,731,18,7,0
25563,731,19,26,1
25564,731,20,4,0
25565,731,21,14,1
25566,731,22,8,0
25567,731,23,13,1
25568,731,24,8,0
25569,731,25,14,0
25570,731,26,13,0
25571,731,27,6,0
25572,731,28,13,0
25573,731,29,36,2
25574,731,30,8,0
25575,731,31,22,0
25576,731,32,11,0
25577,731,33,16,1
25578,731,34,17,1
25579,731,35,5,0
25580,732,1,7,0
25581,732,2,19,1
25582,732,3,20,0
25583,732,4,11,0
25584,732,5,19,0
25585,732,6,18,1
25586,732,7,25,1
25587,732,8,13,1
25588,732,9,15,1
25589,732,10,13,0
25590,732,11,30,1
25591,732,12,13,1
25592,732,13,9,0
25593,732,14,37,2
25594,732,15,25,1
25595,732,16,21,1
25596,732,17,8,0
25597,732,18,20,0
25598,732,19,17,1
25599,732,20,16,0
25600,732,21,22,1
25601,732,22,9,0
25602,732,23,15,0
25603,732,24,15,1
25604,732,25,20,1
25605,732,26,16,1
25606,732,27,17,0
25607,732,28,40,1
25608,732,29,23,1
25609,732,30,28,0
25610,732,31,12,0
25611,732,32,8,0
25612,732,33,10,0
25613,732,34,21,1
25614,732,35,9,1
25615,733,1,26,1
25616,733,2,29,0
25617,733,3,36,2
25618,733,4,30,2
25619,733,5,29,1
25620,733,6,88,1
25621,733,7,30,1
25622,733,8,25,1
25623,733,9,24,1
25624,733,10,19,1
25625,733,11,26,1
25626,733,12,25,1
25627,733,13,41,1
25628,733,14,39,1
25629,733,15,42,2
25630,733,16,66,4
25631,733,17,41,2
25632,733,18,30,0
25633,733,19,38,2
25634,733,20,20,1
25635,733,21,34,1
25636,733,22,35,1
25637,733,23,20,1
25638,733,24,59,1
25639,733,25,51,2
25640,733,26,32,1
25641,733,27,43,2
25642,733,28,13,1
25643,733,29,52,1
25644,733,30,41,2
25645,733,31,36,0
25646,733,32,27,1
25647,733,33,30,2
25648,733,34,33,2
25649,733,35,32,1
25650,734,1,43,1
25651,734,2,11,1
25652,734,3,33,1
25653,734,4,19,1
25654,734,5,34,2
25655,734,6,24,1
25656,734,7,46,3
25657,734,8,19,1
25658,734,9,46,2
25659,734,10,26,1
25660,734,11,15,0
25661,734,12,44,0
25662,734,13,34,1
25663,734,14,14,1
25664,734,15,17,0
25665,734,16,32,1
25666,734,17,34,1
25667,734,18,22,1
25668,734,19,50,3
25669,734,20,41,2
25670,734,21,23,1
25671,734,22,34,1
25672,734,23,31,1
25673,734,24,26,1
25674,734,25,38,1
25675,734,26,26,1
25676,734,27,45,2
25677,734,28,30,1
25678,734,29,5,0
25679,734,30,38,2
25680,734,31,31,2
25681,734,32,38,1
25682,734,33,25,1
25683,734,34,17,0
25684,734,35,20,1
25685,735,1,38,1
25686,735,2,11,0
25687,735,3,28,2
25688,735,4,19,1
25689,735,5,16,1
25690,735,6,23,1
25691,735,7,12,0
25692,735,8,12,0
25693,735,9,13,0
25694,735,10,9,0
25695,735,11,20,1
25696,735,12,23,1
25697,735,13,15,0
25698,735,14,8,0
25699,735,15,18,0
25700,735,16,25,1
25701,735,17,38,2
25702,735,18,32,1
25703,735,19,35,2
25704,735,20,8,0
25705,735,21,44,1
25706,735,22,33,1
25707,735,23,15,1
25708,735,24,14,0
25709,735,25,28,0
25710,735,26,25,1
25711,735,27,48,1
25712,735,28,19,1
25713,735,29,11,0
25714,735,30,18,1
25715,735,31,29,1
25716,735,32,11,0
25717,735,33,9,0
25718,735,34,12,0
25719,735,35,35,1
25720,736,1,49,1
25721,736,2,53,1
25722,736,3,57,1
25723,736,4,31,1
25724,736,5,21,1
25725,736,6,27,1
25726,736,7,17,1
25727,736,8,37,2
25728,736,9,25,1
25729,736,10,40,1
25730,736,11,23,0
25731,736,12,15,1
25732,736,13,11,0
25733,736,14,21,1
25734,736,15,18,1
25735,736,16,16,1
25736,736,17,25,1
25737,736,18,17,1
25738,736,19,62,3
25739,736,20,59,2
25740,736,21,29,1
25741,736,22,27,1
25742,736,23,11,0
25743,736,24,31,2
25744,736,25,49,2
25745,736,26,14,0
25746,736,27,42,1
25747,736,28,53,3
25748,736,29,25,0
25749,736,30,28,0
25750,736,31,53,1
25751,736,32,45,1
25752,736,33,21,0
25753,736,34,31,1
25754,736,35,39,2
25755,737,1,35,2
25756,737,2,31,1
25757,737,3,51,1
25758,737,4,18,1
25759,737,5,47,3
25760,737,6,19,1
25761,737,7,17,0
25762,737,8,55,3
25763,737,9,20,1
25764,737,10,35,1
25765,737,11,21,0
25766,737,12,40,1
25767,737,13,99,5
25768,737,14,46,1
25769,737,15,53,2
25770,737,16,45,2
25771,737,17,26,1
25772,737,18,67,3
25773,737,19,85,1
25774,737,20,15,1
25775,737,21,33,0
25776,737,22,28,1
25777,737,23,82,3
25778,737,24,17,1
25779,737,25,44,1
25780,737,26,28,1
25781,737,27,46,2
25782,737,28,44,1
25783,737,29,32,0
25784,737,30,27,0
25785,737,31,33,1
25786,737,32,27,1
25787,737,33,49,1
25788,737,34,6,0
25789,737,35,45,1
25790,738,1,69,1
25791,738,2,19,1
25792,738,3,49,1
25793,738,4,33,1
25794,738,5,30,1
25795,738,6,58,1
25796,738,7,32,2
25797,738,8,17,1
25798,738,9,54,2
25799,738,10,28,2
25800,738,11,30,1
25801,738,12,14,1
25802,738,13,45,1
25803,738,14,23,0
25804,738,15,53,2
25805,738,16,10,0
25806,738,17,31,1
25807,738,18,71,3
25808,738,19,31,2
25809,738,20,21,1
25810,738,21,38,2
25811,738,22,44,3
25812,738,23,15,1
25813,738,24,18,1
25814,738,25,32,1
25815,738,26,24,1
25816,738,27,33,1
25817,738,28,58,1
25818,738,29,36,1
25819,738,30,20,0
25820,738,31,38,2
25821,738,32,9,0
25822,738,33,66,2
25823,738,34,32,1
25824,738,35,37,1
25825,739,1,51,1
25826,739,2,12,0
25827,739,3,31,1
25828,739,4,10,0
25829,739,5,72,3
25830,739,6,23,1
25831,739,7,7,0
25832,739,8,42,1
25833,739,9,13,0
25834,739,10,22,0
25835,739,11,33,1
25836,739,12,15,0
25837,739,13,45,2
25838,739,14,24,1
25839,739,15,17,1
25840,739,16,15,1
25841,739,17,13,0
25842,739,18,26,1
25843,739,19,9,0
25844,739,20,17,1
25845,739,21,12,0
25846,739,22,49,3
25847,739,23,46,1
25848,739,24,49,1
25849,739,25,40,2
25850,739,26,14,0
25851,739,27,25,1
25852,739,28,37,2
25853,739,29,29,1
25854,739,30,9,0
25855,739,31,44,2
25856,739,32,25,1
25857,739,33,33,1
25858,739,34,8,0
25859,739,35,21,1
25860,740,1,18,1
25861,740,2,49,1
25862,740,3,9,0
25863,740,4,20,0
25864,740,5,15,1
25865,740,6,35,1
25866,740,7,30,1
25867,740,8,61,2
25868,740,9,35,2
25869,740,10,47,2
25870,740,11,18,0
25871,740,12,63,2
25872,740,13,26,1
25873,740,14,31,2
25874,740,15,42,2
25875,740,16,22,1
25876,740,17,69,1
25877,740,18,32,1
25878,740,19,29,1
25879,740,20,9,0
25880,740,21,46,1
25881,740,22,23,1
25882,740,23,63,4
25883,740,24,37,2
25884,740,25,34,2
25885,740,26,33,2
25886,740,27,30,2
25887,740,28,23,1
25888,740,29,35,1
25889,740,30,48,1
25890,740,31,21,1
25891,740,32,31,1
25892,740,33,29,0
25893,740,34,53,1
25894,740,35,37,2
25895,741,1,39,1
25896,741,2,84,4
25897,741,3,87,1
25898,741,4,39,2
25899,741,5,50,1
25900,741,6,30,1
25901,741,7,53,1
25902,741,8,15,1
25903,741,9,8,0
25904,741,10,50,2
25905,741,11,63,4
25906,741,12,28,1
25907,741,13,15,0
25908,741,14,35,1
25909,741,15,13,0
25910,741,16,77,2
25911,741,17,43,0
25912,741,18,23,0
25913,741,19,47,1
25914,741,20,36,2
25915,741,21,90,3
25916,741,22,86,4
25917,741,23,67,3
25918,741,24,56,2
25919,741,25,15,1
25920,741,26,81,4
25921,741,27,30,0
25922,741,28,35,2
25923,741,29,26,1
25924,741,30,54,2
25925,741,31,53,1
25926,741,32,61,3
25927,741,33,63,3
25928,741,34,84,1
25929,741,35,73,1
25930,742,1,36,2
25931,742,2,14,0
25932,742,3,51,1
25933,742,4,44,1
25934,742,5,23,1
25935,742,6,30,1
25936,742,7,14,1
25937,742,8,31,2
25938,742,9,27,0
25939,742,10,23,0
25940,742,11,31,0
25941,742,12,22,0
25942,742,13,30,0
25943,742,14,29,1
25944,742,15,15,0
25945,742,16,44,2
25946,742,17,56,2
25947,742,18,30,1
25948,742,19,69,3
25949,742,20,24,1
25950,742,21,51,1
25951,742,22,11,0
25952,742,23,47,1
25953,742,24,39,1
25954,742,25,48,1
25955,742,26,16,1
25956,742,27,34,1
25957,742,28,33,1
25958,742,29,16,0
25959,742,30,24,1
25960,742,31,54,2
25961,742,32,15,0
25962,742,33,28,0
25963,742,34,20,1
25964,742,35,22,1
25965,743,1,38,1
25966,743,2,33,0
25967,743,3,29,1
25968,743,4,24,1
25969,743,5,28,2
25970,743,6,26,1
25971,743,7,20,1
25972,743,8,28,1
25973,743,9,17,1
25974,743,10,42,2
25975,743,11,12,0
25976,743,12,24,1
25977,743,13,28,1
25978,743,14,28,1
25979,743,15,25,1
25980,743,16,26,1
25981,743,17,52,1
25982,743,18,28,1
25983,743,19,46,1
25984,743,20,43,2
25985,743,21,17,0
25986,743,22,23,1
25987,743,23,39,1
25988,743,24,49,3
25989,743,25,19,1
25990,743,26,46,1
25991,743,27,37,1
25992,743,28,35,1
25993,743,29,38,2
25994,743,30,34,2
25995,743,31,25,1
25996,743,32,11,1
25997,743,33,6,0
25998,743,34,46,2
25999,743,35,95,6
26000,744,1,13,0
26001,744,2,39,2
26002,744,3,45,1
26003,744,4,43,1
26004,744,5,44,2
26005,744,6,33,2
26006,744,7,35,1
26007,744,8,40,1
26008,744,9,53,1
26009,744,10,46,1
26010,744,11,39,1
26011,744,12,72,2
26012,744,13,63,4
26013,744,14,51,3
26014,744,15,32,2
26015,744,16,34,2
26016,744,17,31,1
26017,744,18,23,1
26018,744,19,37,1
26019,744,20,22,1
26020,744,21,48,2
26021,744,22,30,2
26022,744,23,50,3
26023,744,24,21,0
26024,744,25,84,2
26025,744,26,49,2
26026,744,27,62,4
26027,744,28,44,2
26028,744,29,87,2
26029,744,30,33,1
26030,744,31,42,1
26031,744,32,67,2
26032,744,33,57,3
26033,744,34,44,2
26034,744,35,83,4
26035,745,1,71,3
26036,745,2,28,1
26037,745,3,39,2
26038,745,4,52,1
26039,745,5,29,1
26040,745,6,43,1
26041,745,7,67,3
26042,745,8,94,1
26043,745,9,31,1
26044,745,10,134,7
26045,745,11,56,2
26046,745,12,58,3
26047,745,13,23,0
26048,745,14,11,1
26049,745,15,40,2
26050,745,16,73,4
26051,745,17,67,3
26052,745,18,18,1
26053,745,19,32,1
26054,745,20,12,1
26055,745,21,76,2
26056,745,22,82,3
26057,745,23,16,1
26058,745,24,48,1
26059,745,25,28,1
26060,745,26,23,1
26061,745,27,56,1
26062,745,28,32,1
26063,745,29,34,1
26064,745,30,65,3
26065,745,31,31,2
26066,745,32,37,1
26067,745,33,62,4
26068,745,34,47,3
26069,745,35,110,2
26070,746,1,39,2
26071,746,2,33,1
26072,746,3,68,4
26073,746,4,33,2
26074,746,5,24,1
26075,746,6,25,1
26076,746,7,23,1
26077,746,8,27,1
26078,746,9,32,1
26079,746,10,69,4
26080,746,11,35,1
26081,746,12,39,2
26082,746,13,26,1
26083,746,14,10,1
26084,746,15,28,1
26085,746,16,33,1
26086,746,17,19,1
26087,746,18,19,1
26088,746,19,22,0
26089,746,20,20,0
26090,746,21,18,0
26091,746,22,20,0
26092,746,23,19,1
26093,746,24,28,1
26094,746,25,50,2
26095,746,26,4,0
26096,746,27,59,1
26097,746,28,35,1
26098,746,29,35,2
26099,746,30,49,1
26100,746,31,56,2
26101,746,32,47,1
26102,746,33,24,1
26103,746,34,32,1
26104,746,35,60,4
26105,747,1,21,1
26106,747,2,36,2
26107,747,3,44,1
26108,747,4,26,0
26109,747,5,19,0
26110,747,6,14,0
26111,747,7,28,2
26112,747,8,23,1
26113,747,9,24,1
26114,747,10,13,1
26115,747,11,18,0
26116,747,12,20,1
26117,747,13,23,1
26118,747,14,13,0
26119,747,15,18,1
26120,747,16,15,1
26121,747,17,19,0
26122,747,18,17,0
26123,747,19,29,1
26124,747,20,23,0
26125,747,21,26,0
26126,747,22,27,1
26127,747,23,71,1
26128,747,24,58,3
26129,747,25,65,2
26130,747,26,39,2
26131,747,27,24,1
26132,747,28,33,1
26133,747,29,32,2
26134,747,30,25,1
26135,747,31,25,0
26136,747,32,12,0
26137,747,33,30,1
26138,747,34,34,1
26139,747,35,15,1
26140,748,1,33,1
26141,748,2,31,0
26142,748,3,12,0
26143,748,4,29,1
26144,748,5,76,2
26145,748,6,44,1
26146,748,7,30,1
26147,748,8,44,2
26148,748,9,70,4
26149,748,10,66,3
26150,748,11,37,2
26151,748,12,41,2
26152,748,13,27,1
26153,748,14,64,1
26154,748,15,18,1
26155,748,16,51,1
26156,748,17,32,1
26157,748,18,52,2
26158,748,19,49,3
26159,748,20,29,2
26160,748,21,61,2
26161,748,22,25,1
26162,748,23,56,1
26163,748,24,43,2
26164,748,25,19,0
26165,748,26,97,4
26166,748,27,23,1
26167,748,28,59,3
26168,748,29,36,1
26169,748,30,47,2
26170,748,31,47,1
26171,748,32,73,3
26172,748,33,41,1
26173,748,34,64,4
26174,748,35,35,2
26175,749,1,81,3
26176,749,2,84,2
26177,749,3,46,2
26178,749,4,27,1
26179,749,5,37,1
26180,749,6,62,2
26181,749,7,62,2
26182,749,8,81,2
26183,749,9,43,1
26184,749,10,29,0
26185,749,11,32,0
26186,749,12,47,1
26187,749,13,45,1
26188,749,14,64,1
26189,749,15,59,1
26190,749,16,16,0
26191,749,17,36,1
26192,749,18,24,1
26193,749,19,72,3
26194,749,20,57,1
26195,749,21,30,2
26196,749,22,52,3
26197,749,23,55,3
26198,749,24,38,1
26199,749,25,35,0
26200,749,26,63,3
26201,749,27,34,1
26202,749,28,80,4
26203,749,29,45,1
26204,749,30,31,1
26205,749,31,21,1
26206,749,32,22,1
26207,749,33,47,1
26208,749,34,46,1
26209,749,35,55,2
26210,750,1,38,1
26211,750,2,36,0
26212,750,3,41,1
26213,750,4,19,1
26214,750,5,4,0
26215,750,6,14,1
26216,750,7,55,3
26217,750,8,43,2
26218,750,9,37,1
26219,750,10,62,2
26220,750,11,17,0
26221,750,12,49,2
26222,750,13,103,2
26223,750,14,30,2
26224,750,15,55,2
26225,750,16,48,1
26226,750,17,36,1
26227,750,18,16,1
26228,750,19,29,1
26229,750,20,43,2
26230,750,21,34,2
26231,750,22,15,0
26232,750,23,36,1
26233,750,24,26,1
26234,750,25,43,1
26235,750,26,29,1
26236,750,27,29,1
26237,750,28,51,3
26238,750,29,59,1
26239,750,30,86,3
26240,750,31,36,1
26241,750,32,72,4
26242,750,33,38,1
26243,750,34,20,1
26244,750,35,21,1
26245,751,1,11,1
26246,751,2,26,2
26247,751,3,23,0
26248,751,4,25,1
26249,751,5,24,0
26250,751,6,22,1
26251,751,7,20,0
26252,751,8,23,1
26253,751,9,29,1
26254,751,10,22,0
26255,751,11,35,1
26256,751,12,18,0
26257,751,13,23,1
26258,751,14,38,2
26259,751,15,17,1
26260,751,16,9,0
26261,751,17,23,1
26262,751,18,39,1
26263,751,19,18,1
26264,751,20,37,0
26265,751,21,61,3
26266,751,22,21,1
26267,751,23,14,0
26268,751,24,24,1
26269,751,25,72,4
26270,751,26,27,1
26271,751,27,42,1
26272,751,28,38,1
26273,751,29,77,3
26274,751,30,30,2
26275,751,31,37,1
26276,751,32,16,0
26277,751,33,58,1
26278,751,34,16,1
26279,751,35,36,1
26280,752,1,69,3
26281,752,2,40,1
26282,752,3,68,3
26283,752,4,67,1
26284,752,5,91,3
26285,752,6,49,3
26286,752,7,43,1
26287,752,8,27,0
26288,752,9,53,2
26289,752,10,12,0
26290,752,11,17,1
26291,752,12,40,1
26292,752,13,13,0
26293,752,14,18,0
26294,752,15,76,1
26295,752,16,29,1
26296,752,17,94,4
26297,752,18,36,1
26298,752,19,61,2
26299,752,20,40,1
26300,752,21,19,1
26301,752,22,57,3
26302,752,23,45,1
26303,752,24,61,1
26304,752,25,36,2
26305,752,26,51,3
26306,752,27,35,1
26307,752,28,73,2
26308,752,29,17,0
26309,752,30,95,0
26310,752,31,92,1
26311,752,32,35,2
26312,752,33,45,2
26313,752,34,17,0
26314,752,35,50,1
26315,753,1,24,0
26316,753,2,13,0
26317,753,3,50,1
26318,753,4,29,1
26319,753,5,51,1
26320,753,6,22,0
26321,753,7,54,3
26322,753,8,26,1
26323,753,9,35,1
26324,753,10,66,0
26325,753,11,56,3
26326,753,12,31,2
26327,753,13,26,0
26328,753,14,58,1
26329,753,15,32,1
26330,753,16,28,1
26331,753,17,36,2
26332,753,18,56,2
26333,753,19,10,0
26334,753,20,35,1
26335,753,21,30,2
26336,753,22,20,1
26337,753,23,27,0
26338,753,24,31,1
26339,753,25,34,2
26340,753,26,15,0
26341,753,27,60,4
26342,753,28,87,4
26343,753,29,39,1
26344,753,30,13,0
26345,753,31,21,1
26346,753,32,38,2
26347,753,33,45,2
26348,753,34,22,1
26349,753,35,28,2
26350,754,1,18,1
26351,754,2,31,1
26352,754,3,23,1
26353,754,4,28,1
26354,754,5,31,1
26355,754,6,46,2
26356,754,7,17,1
26357,754,8,38,0
26358,754,9,27,1
26359,754,10,29,0
26360,754,11,24,1
26361,754,12,49,2
26362,754,13,20,1
26363,754,14,21,1
26364,754,15,29,1
26365,754,16,22,1
26366,754,17,16,0
26367,754,18,9,0
26368,754,19,23,1
26369,754,20,7,0
26370,754,21,8,0
26371,754,22,18,0
26372,754,23,22,1
26373,754,24,15,1
26374,754,25,68,0
26375,754,26,16,1
26376,754,27,47,3
26377,754,28,51,2
26378,754,29,37,2
26379,754,30,55,2
26380,754,31,22,1
26381,754,32,37,2
26382,754,33,26,0
26383,754,34,20,1
26384,754,35,55,2
26385,755,1,21,1
26386,755,2,16,1
26387,755,3,23,1
26388,755,4,27,1
26389,755,5,56,2
26390,755,6,23,1
26391,755,7,22,1
26392,755,8,29,2
26393,755,9,16,0
26394,755,10,13,1
26395,755,11,11,1
26396,755,12,11,0
26397,755,13,9,0
26398,755,14,17,0
26399,755,15,18,1
26400,755,16,22,1
26401,755,17,11,1
26402,755,18,12,0
26403,755,19,15,1
26404,755,20,26,1
26405,755,21,16,0
26406,755,22,15,0
26407,755,23,13,1
26408,755,24,22,1
26409,755,25,6,0
26410,755,26,19,1
26411,755,27,15,0
26412,755,28,21,1
26413,755,29,18,1
26414,755,30,13,0
26415,755,31,17,0
26416,755,32,8,0
26417,755,33,24,1
26418,755,34,17,0
26419,755,35,10,0
26420,756,1,43,0
26421,756,2,42,1
26422,756,3,12,0
26423,756,4,33,2
26424,756,5,45,1
26425,756,6,36,2
26426,756,7,32,2
26427,756,8,19,1
26428,756,9,13,0
26429,756,10,37,2
26430,756,11,74,4
26431,756,12,23,1
26432,756,13,83,4
26433,756,14,22,0
26434,756,15,38,2
26435,756,16,9,0
26436,756,17,11,1
26437,756,18,17,1
26438,756,19,40,1
26439,756,20,25,1
26440,756,21,13,0
26441,756,22,9,0
26442,756,23,15,0
26443,756,24,27,1
26444,756,25,26,1
26445,756,26,25,1
26446,756,27,27,1
26447,756,28,14,0
26448,756,29,36,1
26449,756,30,33,0
26450,756,31,32,1
26451,756,32,37,1
26452,756,33,38,1
26453,756,34,9,0
26454,756,35,23,1
26455,757,1,39,2
26456,757,2,26,1
26457,757,3,15,1
26458,757,4,16,1
26459,757,5,27,1
26460,757,6,40,1
26461,757,7,25,0
26462,757,8,35,1
26463,757,9,60,2
26464,757,10,28,0
26465,757,11,35,1
26466,757,12,33,1
26467,757,13,33,0
26468,757,14,40,1
26469,757,15,26,0
26470,757,16,37,2
26471,757,17,31,0
26472,757,18,33,2
26473,757,19,38,2
26474,757,20,22,1
26475,757,21,76,1
26476,757,22,40,2
26477,757,23,46,2
26478,757,24,63,2
26479,757,25,45,1
26480,757,26,26,1
26481,757,27,17,0
26482,757,28,39,1
26483,757,29,34,2
26484,757,30,33,2
26485,757,31,35,1
26486,757,32,48,2
26487,757,33,75,4
26488,757,34,28,2
26489,757,35,39,0
26490,758,1,32,2
26491,758,2,16,1
26492,758,3,39,1
26493,758,4,14,0
26494,758,5,32,0
26495,758,6,28,2
26496,758,7,45,2
26497,758,8,31,2
26498,758,9,14,1
26499,758,10,30,1
26500,758,11,15,0
26501,758,12,25,0
26502,758,13,19,1
26503,758,14,13,1
26504,758,15,27,1
26505,758,16,23,1
26506,758,17,35,1
26507,758,18,35,1
26508,758,19,35,1
26509,758,20,32,1
26510,758,21,21,1
26511,758,22,36,1
26512,758,23,39,1
26513,758,24,32,2
26514,758,25,10,0
26515,758,26,25,1
26516,758,27,23,1
26517,758,28,17,1
26518,758,29,72,2
26519,758,30,12,0
26520,758,31,24,0
26521,758,32,14,1
26522,758,33,26,1
26523,758,34,15,0
26524,758,35,29,0
26525,759,1,14,1
26526,759,2,26,1
26527,759,3,10,0
26528,759,4,24,1
26529,759,5,26,1
26530,759,6,34,1
26531,759,7,17,1
26532,759,8,18,1
26533,759,9,25,1
26534,759,10,8,0
26535,759,11,22,0
26536,759,12,30,1
26537,759,13,11,0
26538,759,14,21,1
26539,759,15,16,1
26540,759,16,9,1
26541,759,17,36,2
26542,759,18,29,2
26543,759,19,27,1
26544,759,20,29,1
26545,759,21,25,1
26546,759,22,19,1
26547,759,23,12,0
26548,759,24,16,0
26549,759,25,26,1
26550,759,26,18,1
26551,759,27,27,0
26552,759,28,35,1
26553,759,29,33,1
26554,759,30,16,1
26555,759,31,27,1
26556,759,32,13,1
26557,759,33,22,0
26558,759,34,28,1
26559,759,35,12,1
26560,760,1,25,1
26561,760,2,13,1
26562,760,3,85,4
26563,760,4,47,1
26564,760,5,24,1
26565,760,6,21,0
26566,760,7,25,1
26567,760,8,31,1
26568,760,9,18,1
26569,760,10,19,0
26570,760,11,36,1
26571,760,12,19,0
26572,760,13,26,1
26573,760,14,22,1
26574,760,15,19,1
26575,760,16,26,1
26576,760,17,25,1
26577,760,18,14,1
26578,760,19,25,0
26579,760,20,26,1
26580,760,21,35,2
26581,760,22,18,0
26582,760,23,51,2
26583,760,24,15,1
26584,760,25,29,1
26585,760,26,19,0
26586,760,27,17,0
26587,760,28,30,0
26588,760,29,24,1
26589,760,30,19,0
26590,760,31,18,1
26591,760,32,18,0
26592,760,33,19,0
26593,760,34,33,2
26594,760,35,38,2
26595,761,1,9,0
26596,761,2,32,2
26597,761,3,9,0
26598,761,4,15,0
26599,761,5,29,2
26600,761,6,14,1
26601,761,7,23,0
26602,761,8,1,0
26603,761,9,19,1
26604,761,10,25,0
26605,761,11,12,0
26606,761,12,13,1
26607,761,13,52,1
26608,761,14,21,1
26609,761,15,21,1
26610,761,16,35,0
26611,761,17,20,1
26612,761,18,42,2
26613,761,19,21,1
26614,761,20,26,1
26615,761,21,14,1
26616,761,22,23,1
26617,761,23,22,1
26618,761,24,13,0
26619,761,25,48,2
26620,761,26,26,1
26621,761,27,35,1
26622,761,28,11,1
26623,761,29,23,1
26624,761,30,20,1
26625,761,31,30,1
26626,761,32,21,1
26627,761,33,27,1
26628,761,34,17,1
26629,761,35,27,0
26630,762,1,27,1
26631,762,2,15,1
26632,762,3,10,0
26633,762,4,11,0
26634,762,5,11,0
26635,762,6,10,0
26636,762,7,15,0
26637,762,8,17,1
26638,762,9,14,0
26639,762,10,19,1
26640,762,11,5,0
26641,762,12,19,0
26642,762,13,11,0
26643,762,14,5,0
26644,762,15,8,0
26645,762,16,17,1
26646,762,17,17,1
26647,762,18,14,1
26648,762,19,15,0
26649,762,20,27,1
26650,762,21,14,0
26651,762,22,11,0
26652,762,23,43,2
26653,762,24,19,1
26654,762,25,4,0
26655,762,26,7,0
26656,762,27,13,1
26657,762,28,7,0
26658,762,29,13,0
26659,762,30,16,1
26660,762,31,8,0
26661,762,32,24,1
26662,762,33,17,1
26663,762,34,22,1
26664,762,35,17,1
26665,763,1,15,0
26666,763,2,13,0
26667,763,3,23,1
26668,763,4,15,1
26669,763,5,10,0
26670,763,6,12,1
26671,763,7,17,0
26672,763,8,15,1
26673,763,9,20,1
26674,763,10,15,0
26675,763,11,14,0
26676,763,12,33,1
26677,763,13,18,1
26678,763,14,10,0
26679,763,15,28,1
26680,763,16,18,1
26681,763,17,22,1
26682,763,18,37,2
26683,763,19,12,0
26684,763,20,11,1
26685,763,21,6,0
26686,763,22,17,1
26687,763,23,12,0
26688,763,24,22,1
26689,763,25,6,0
26690,763,26,25,0
26691,763,27,9,0
26692,763,28,14,1
26693,763,29,16,1
26694,763,30,11,0
26695,763,31,36,2
26696,763,32,20,1
26697,763,33,10,0
26698,763,34,6,0
26699,763,35,17,1
26700,764,1,16,0
26701,764,2,20,1
26702,764,3,22,1
26703,764,4,9,0
26704,764,5,25,0
26705,764,6,24,1
26706,764,7,12,1
26707,764,8,21,1
26708,764,9,32,0
26709,764,10,17,1
26710,764,11,34,1
26711,764,12,17,1
26712,764,13,30,1
26713,764,14,22,1
26714,764,15,11,1
26715,764,16,21,0
26716,764,17,12,0
26717,764,18,11,0
26718,764,19,13,0
26719,764,20,19,1
26720,764,21,14,1
26721,764,22,31,1
26722,764,23,26,1
26723,764,24,23,1
26724,764,25,20,0
26725,764,26,22,1
26726,764,27,28,1
26727,764,28,25,1
26728,764,29,21,0
26729,764,30,25,1
26730,764,31,18,1
26731,764,32,8,0
26732,764,33,19,1
26733,764,34,22,1
26734,764,35,20,0
26735,765,1,12,1
26736,765,2,32,1
26737,765,3,44,1
26738,765,4,35,2
26739,765,5,16,0
26740,765,6,25,1
26741,765,7,13,0
26742,765,8,12,0
26743,765,9,20,1
26744,765,10,9,0
26745,765,11,39,1
26746,765,12,24,1
26747,765,13,25,0
26748,765,14,13,1
26749,765,15,15,1
26750,765,16,31,1
26751,765,17,26,1
26752,765,18,35,2
26753,765,19,14,1
26754,765,20,10,0
26755,765,21,23,1
26756,765,22,42,2
26757,765,23,38,2
26758,765,24,27,1
26759,765,25,26,1
26760,765,26,29,2
26761,765,27,19,0
26762,765,28,22,1
26763,765,29,26,0
26764,765,30,37,2
26765,765,31,38,1
26766,765,32,10,0
26767,765,33,23,1
26768,765,34,14,1
26769,765,35,7,0
26770,766,1,20,0
26771,766,2,30,0
26772,766,3,35,1
26773,766,4,7,0
26774,766,5,29,0
26775,766,6,17,1
26776,766,7,19,1
26777,766,8,3,0
26778,766,9,2,0
26779,766,10,31,1
26780,766,11,21,1
26781,766,12,10,0
26782,766,13,24,1
26783,766,14,11,0
26784,766,15,10,0
26785,766,16,14,0
26786,766,17,8,0
26787,766,18,24,1
26788,766,19,12,0
26789,766,20,24,1
26790,766,21,19,1
26791,766,22,31,0
26792,766,23,8,0
26793,766,24,37,1
26794,766,25,7,0
26795,766,26,13,1
26796,766,27,20,0
26797,766,28,22,1
26798,766,29,11,0
26799,766,30,14,0
26800,766,31,4,0
26801,766,32,7,0
26802,766,33,8,0
26803,766,34,15,0
26804,766,35,16,1
26805,767,1,33,1
26806,767,2,10,0
26807,767,3,33,1
26808,767,4,14,1
26809,767,5,12,1
26810,767,6,14,0
26811,767,7,13,0
26812,767,8,10,0
26813,767,9,27,1
26814,767,10,12,1
26815,767,11,14,0
26816,767,12,9,0
26817,767,13,17,0
26818,767,14,21,1
26819,767,15,24,1
26820,767,16,20,1
26821,767,17,23,1
26822,767,18,10,0
26823,767,19,13,1
26824,767,20,28,1
26825,767,21,11,1
26826,767,22,21,1
26827,767,23,10,1
26828,767,24,18,1
26829,767,25,12,0
26830,767,26,12,1
26831,767,27,8,0
26832,767,28,9,0
26833,767,29,10,0
26834,767,30,8,0
26835,767,31,22,0
26836,767,32,25,1
26837,767,33,22,0
26838,767,34,21,1
26839,767,35,13,1
26840,768,1,30,1
26841,768,2,24,1
26842,768,3,18,1
26843,768,4,24,1
26844,768,5,16,0
26845,768,6,33,1
26846,768,7,12,0
26847,768,8,48,3
26848,768,9,28,0
26849,768,10,14,1
26850,768,11,27,2
26851,768,12,23,0
26852,768,13,15,1
26853,768,14,33,2
26854,768,15,32,2
26855,768,16,12,1
26856,768,17,16,0
26857,768,18,22,0
26858,768,19,11,1
26859,768,20,14,1
26860,768,21,41,1
26861,768,22,52,1
26862,768,23,24,0
26863,768,24,16,0
26864,768,25,20,1
26865,768,26,11,0
26866,768,27,21,1
26867,768,28,48,1
26868,768,29,11,0
26869,768,30,9,0
26870,768,31,22,1
26871,768,32,46,2
26872,768,33,25,1
26873,768,34,24,0
26874,768,35,15,0
26875,769,1,35,1
26876,769,2,48,2
26877,769,3,19,1
26878,769,4,27,1
26879,769,5,21,0
26880,769,6,22,1
26881,769,7,30,1
26882,769,8,26,2
26883,769,9,54,1
26884,769,10,24,1
26885,769,11,25,1
26886,769,12,39,2
26887,769,13,34,0
26888,769,14,8,0
26889,769,15,41,2
26890,769,16,56,1
26891,769,17,21,1
26892,769,18,26,1
26893,769,19,26,1
26894,769,20,9,0
26895,769,21,28,1
26896,769,22,28,0
26897,769,23,19,0
26898,769,24,17,0
26899,769,25,18,1
26900,769,26,16,1
26901,769,27,19,1
26902,769,28,42,2
26903,769,29,25,1
26904,769,30,48,2
26905,769,31,22,1
26906,769,32,42,1
26907,769,33,22,0
26908,769,34,39,1
26909,769,35,26,1
26910,770,1,22,1
26911,770,2,10,0
26912,770,3,38,2
26913,770,4,36,1
26914,770,5,22,1
26915,770,6,15,1
26916,770,7,12,1
26917,770,8,11,0
26918,770,9,18,1
26919,770,10,20,1
26920,770,11,18,1
26921,770,12,5,0
26922,770,13,16,0
26923,770,14,12,0
26924,770,15,28,2
26925,770,16,22,1
26926,770,17,9,0
26927,770,18,28,1
26928,770,19,12,1
26929,770,20,11,0
26930,770,21,11,0
26931,770,22,20,1
26932,770,23,14,1
26933,770,24,17,1
26934,770,25,30,0
26935,770,26,20,1
26936,770,27,22,0
26937,770,28,15,1
26938,770,29,22,1
26939,770,30,23,1
26940,770,31,9,0
26941,770,32,9,0
26942,770,33,22,1
26943,770,34,11,0
26944,770,35,18,1
26945,771,1,23,1
26946,771,2,20,1
26947,771,3,19,1
26948,771,4,22,1
26949,771,5,30,2
26950,771,6,22,1
26951,771,7,8,0
26952,771,8,11,0
26953,771,9,20,1
26954,771,10,36,1
26955,771,11,20,0
26956,771,12,11,1
26957,771,13,17,1
26958,771,14,9,0
26959,771,15,40,1
26960,771,16,28,1
26961,771,17,28,0
26962,771,18,17,1
26963,771,19,38,2
26964,771,20,18,1
26965,771,21,20,0
26966,771,22,11,0
26967,771,23,19,1
26968,771,24,36,2
26969,771,25,19,1
26970,771,26,24,1
26971,771,27,28,1
26972,771,28,17,0
26973,771,29,29,1
26974,771,30,11,0
26975,771,31,35,1
26976,771,32,14,1
26977,771,33,29,0
26978,771,34,20,1
26979,771,35,3,0
26980,772,1,49,2
26981,772,2,21,0
26982,772,3,46,3
26983,772,4,28,2
26984,772,5,24,1
26985,772,6,51,1
26986,772,7,28,1
26987,772,8,26,1
26988,772,9,24,1
26989,772,10,18,1
26990,772,11,23,1
26991,772,12,32,1
26992,772,13,25,1
26993,772,14,19,1
26994,772,15,18,1
26995,772,16,18,0
26996,772,17,14,0
26997,772,18,16,0
26998,772,19,14,0
26999,772,20,12,1
27000,772,21,31,0
27001,772,22,35,2
27002,772,23,20,1
27003,772,24,24,1
27004,772,25,37,1
27005,772,26,18,0
27006,772,27,26,1
27007,772,28,37,2
27008,772,29,23,0
27009,772,30,17,0
27010,772,31,32,2
27011,772,32,22,1
27012,772,33,32,1
27013,772,34,12,1
27014,772,35,23,1
27015,773,1,30,2
27016,773,2,18,1
27017,773,3,35,0
27018,773,4,22,1
27019,773,5,53,2
27020,773,6,29,1
27021,773,7,27,1
27022,773,8,14,0
27023,773,9,27,1
27024,773,10,29,0
27025,773,11,50,2
27026,773,12,18,0
27027,773,13,14,1
27028,773,14,25,1
27029,773,15,37,2
27030,773,16,22,1
27031,773,17,33,1
27032,773,18,16,1
27033,773,19,34,1
27034,773,20,58,3
27035,773,21,54,2
27036,773,22,33,0
27037,773,23,5,0
27038,773,24,39,1
27039,773,25,14,1
27040,773,26,35,2
27041,773,27,32,0
27042,773,28,40,2
27043,773,29,26,0
27044,773,30,51,3
27045,773,31,60,3
27046,773,32,29,1
27047,773,33,46,2
27048,773,34,34,1
27049,773,35,28,0
27050,774,1,14,0
27051,774,2,13,0
27052,774,3,45,0
27053,774,4,8,0
27054,774,5,21,1
27055,774,6,44,1
27056,774,7,23,1
27057,774,8,14,0
27058,774,9,34,1
27059,774,10,37,1
27060,774,11,9,0
27061,774,12,38,1
27062,774,13,16,1
27063,774,14,50,2
27064,774,15,24,1
27065,774,16,28,1
27066,774,17,20,1
27067,774,18,9,0
27068,774,19,30,2
27069,774,20,31,2
27070,774,21,27,2
27071,774,22,33,1
27072,774,23,34,0
27073,774,24,22,1
27074,774,25,27,1
27075,774,26,8,0
27076,774,27,30,2
27077,774,28,20,0
27078,774,29,12,0
27079,774,30,17,0
27080,774,31,24,0
27081,774,32,34,1
27082,774,33,36,2
27083,774,34,19,1
27084,774,35,23,1
27085,775,1,13,0
27086,775,2,48,2
27087,775,3,38,2
27088,775,4,11,0
27089,775,5,13,1
27090,775,6,13,0
27091,775,7,15,1
27092,775,8,11,1
27093,775,9,21,0
27094,775,10,11,0
27095,775,11,25,1
27096,775,12,18,0
27097,775,13,20,1
27098,775,14,17,1
27099,775,15,10,1
27100,775,16,9,0
27101,775,17,14,1
27102,775,18,12,0
27103,775,19,14,1
27104,775,20,14,0
27105,775,21,30,1
27106,775,22,30,2
27107,775,23,11,0
27108,775,24,7,0
27109,775,25,22,1
27110,775,26,22,1
27111,775,27,28,1
27112,775,28,35,1
27113,775,29,20,0
27114,775,30,13,0
27115,775,31,13,0
27116,775,32,12,0
27117,775,33,28,2
27118,775,34,6,0
27119,775,35,12,1
27120,776,1,27,0
27121,776,2,23,1
27122,776,3,20,1
27123,776,4,18,1
27124,776,5,25,1
27125,776,6,19,1
27126,776,7,11,1
27127,776,8,43,1
27128,776,9,23,1
27129,776,10,29,1
27130,776,11,13,0
27131,776,12,25,0
27132,776,13,47,1
27133,776,14,18,0
27134,776,15,76,1
27135,776,16,22,0
27136,776,17,20,1
27137,776,18,23,1
27138,776,19,19,1
27139,776,20,42,2
27140,776,21,18,0
27141,776,22,18,0
27142,776,23,33,1
27143,776,24,17,0
27144,776,25,18,0
27145,776,26,34,1
27146,776,27,39,1
27147,776,28,28,0
27148,776,29,61,2
27149,776,30,33,0
27150,776,31,26,1
27151,776,32,28,1
27152,776,33,25,1
27153,776,34,53,1
27154,776,35,34,2
27155,777,1,23,1
27156,777,2,47,1
27157,777,3,16,0
27158,777,4,15,1
27159,777,5,36,2
27160,777,6,37,1
27161,777,7,25,0
27162,777,8,13,0
27163,777,9,19,0
27164,777,10,20,0
27165,777,11,31,1
27166,777,12,9,0
27167,777,13,19,1
27168,777,14,21,1
27169,777,15,12,1
27170,777,16,33,1
27171,777,17,48,1
27172,777,18,27,1
27173,777,19,35,2
27174,777,20,48,1
27175,777,21,41,2
27176,777,22,27,1
27177,777,23,31,2
27178,777,24,41,1
27179,777,25,46,1
27180,777,26,31,1
27181,777,27,39,1
27182,777,28,65,3
27183,777,29,14,0
27184,777,30,30,1
27185,777,31,14,1
27186,777,32,18,1
27187,777,33,16,0
27188,777,34,40,2
27189,777,35,16,1
27190,778,1,18,1
27191,778,2,13,0
27192,778,3,17,0
27193,778,4,20,1
27194,778,5,21,1
27195,778,6,33,0
27196,778,7,39,1
27197,778,8,42,2
27198,778,9,12,0
27199,778,10,29,1
27200,778,11,17,1
27201,778,12,26,1
27202,778,13,30,0
27203,778,14,15,0
27204,778,15,16,1
27205,778,16,12,1
27206,778,17,18,0
27207,778,18,15,1
27208,778,19,43,1
27209,778,20,17,1
27210,778,21,16,1
27211,778,22,17,0
27212,778,23,16,1
27213,778,24,10,1
27214,778,25,17,0
27215,778,26,28,1
27216,778,27,10,0
27217,778,28,23,1
27218,778,29,16,0
27219,778,30,18,0
27220,778,31,26,1
27221,778,32,34,1
27222,778,33,17,1
27223,778,34,23,1
27224,778,35,12,1
27225,779,1,13,0
27226,779,2,11,1
27227,779,3,12,0
27228,779,4,9,0
27229,779,5,20,1
27230,779,6,19,1
27231,779,7,21,1
27232,779,8,3,0
27233,779,9,29,1
27234,779,10,21,0
27235,779,11,15,0
27236,779,12,24,1
27237,779,13,32,1
27238,779,14,6,0
27239,779,15,24,1
27240,779,16,20,1
27241,779,17,22,0
27242,779,18,9,0
27243,779,19,46,2
27244,779,20,15,1
27245,779,21,27,2
27246,779,22,20,0
27247,779,23,20,0
27248,779,24,30,2
27249,779,25,10,0
27250,779,26,19,0
27251,779,27,12,1
27252,779,28,12,0
27253,779,29,13,0
27254,779,30,15,1
27255,779,31,20,1
27256,779,32,20,1
27257,779,33,37,1
27258,779,34,15,0
27259,779,35,29,1
27260,780,1,30,1
27261,780,2,15,0
27262,780,3,27,2
27263,780,4,44,2
27264,780,5,16,1
27265,780,6,29,0
27266,780,7,29,1
27267,780,8,47,1
27268,780,9,23,0
27269,780,10,31,1
27270,780,11,7,0
27271,780,12,15,0
27272,780,13,24,0
27273,780,14,20,1
27274,780,15,18,1
27275,780,16,26,1
27276,780,17,26,1
27277,780,18,32,1
27278,780,19,11,0
27279,780,20,34,1
27280,780,21,17,0
27281,780,22,80,1
27282,780,23,24,0
27283,780,24,8,0
27284,780,25,26,1
27285,780,26,27,1
27286,780,27,23,1
27287,780,28,19,0
27288,780,29,33,1
27289,780,30,10,0
27290,780,31,31,1
27291,780,32,36,1
27292,780,33,24,0
27293,780,34,25,1
27294,780,35,12,0
27295,781,1,21,1
27296,781,2,17,1
27297,781,3,28,0
27298,781,4,38,1
27299,781,5,24,0
27300,781,6,18,1
27301,781,7,5,0
27302,781,8,32,1
27303,781,9,32,1
27304,781,10,17,0
27305,781,11,7,0
27306,781,12,15,0
27307,781,13,18,0
27308,781,14,11,0
27309,781,15,3,0
27310,781,16,18,0
27311,781,17,26,1
27312,781,18,11,0
27313,781,19,17,1
27314,781,20,25,1
27315,781,21,28,1
27316,781,22,45,1
27317,781,23,34,2
27318,781,24,43,2
27319,781,25,19,1
27320,781,26,35,1
27321,781,27,20,0
27322,781,28,23,1
27323,781,29,28,1
27324,781,30,39,1
27325,781,31,19,1
27326,781,32,22,1
27327,781,33,15,1
27328,781,34,26,1
27329,781,35,8,0
27330,782,1,16,1
27331,782,2,19,0
27332,782,3,6,0
27333,782,4,28,1
27334,782,5,16,0
27335,782,6,28,0
27336,782,7,8,0
27337,782,8,9,0
27338,782,9,19,1
27339,782,10,20,1
27340,782,11,9,0
27341,782,12,8,0
27342,782,13,25,1
27343,782,14,11,0
27344,782,15,38,1
27345,782,16,11,1
27346,782,17,10,0
27347,782,18,15,0
27348,782,19,25,1
27349,782,20,24,0
27350,782,21,22,1
27351,782,22,11,1
27352,782,23,31,1
27353,782,24,11,0
27354,782,25,16,0
27355,782,26,18,0
27356,782,27,49,2
27357,782,28,4,0
27358,782,29,6,0
27359,782,30,16,0
27360,782,31,15,1
27361,782,32,21,1
27362,782,33,28,2
27363,782,34,16,1
27364,782,35,18,1
27365,783,1,14,1
27366,783,2,9,0
27367,783,3,11,0
27368,783,4,3,0
27369,783,5,21,0
27370,783,6,9,0
27371,783,7,17,1
27372,783,8,8,0
27373,783,9,6,0
27374,783,10,11,0
27375,783,11,13,0
27376,783,12,9,0
27377,783,13,7,0
27378,783,14,17,1
27379,783,15,13,0
27380,783,16,21,0
27381,783,17,7,0
27382,783,18,19,1
27383,783,19,12,0
27384,783,20,21,1
27385,783,21,12,0
27386,783,22,10,0
27387,783,23,20,0
27388,783,24,11,0
27389,783,25,10,0
27390,783,26,14,1
27391,783,27,7,0
27392,783,28,12,0
27393,783,29,7,0
27394,783,30,10,1
27395,783,31,11,1
27396,783,32,13,0
27397,783,33,21,1
27398,783,34,7,0
27399,783,35,15,0
27400,784,1,9,0
27401,784,2,17,1
27402,784,3,6,0
27403,784,4,22,1
27404,784,5,11,1
27405,784,6,30,1
27406,784,7,15,1
27407,784,8,25,1
27408,784,9,16,0
27409,784,10,17,1
27410,784,11,8,0
27411,784,12,21,0
27412,784,13,15,1
27413,784,14,36,1
27414,784,15,18,1
27415,784,16,38,2
27416,784,17,13,0
27417,784,18,25,0
27418,784,19,26,1
27419,784,20,16,0
27420,784,21,9,0
27421,784,22,9,0
27422,784,23,24,0
27423,784,24,37,2
27424,784,25,7,0
27425,784,26,44,3
27426,784,27,20,0
27427,784,28,8,0
27428,784,29,18,0
27429,784,30,17,0
27430,784,31,27,1
27431,784,32,25,0
27432,784,33,19,0
27433,784,34,19,1
27434,784,35,12,0
27435,785,1,32,1
27436,785,2,27,0
27437,785,3,13,1
27438,785,4,20,1
27439,785,5,25,1
27440,785,6,18,1
27441,785,7,27,1
27442,785,8,29,1
27443,785,9,22,1
27444,785,10,26,1
27445,785,11,29,2
27446,785,12,30,0
27447,785,13,28,1
27448,785,14,18,1
27449,785,15,17,1
27450,785,16,23,0
27451,785,17,28,0
27452,785,18,49,0
27453,785,19,19,1
27454,785,20,31,1
27455,785,21,8,0
27456,785,22,19,1
27457,785,23,25,1
27458,785,24,12,1
27459,785,25,30,2
27460,785,26,16,1
27461,785,27,21,0
27462,785,28,26,1
27463,785,29,12,0
27464,785,30,15,0
27465,785,31,24,1
27466,785,32,15,0
27467,785,33,37,1
27468,785,34,22,1
27469,785,35,21,1
27470,786,1,23,1
27471,786,2,28,1
27472,786,3,9,0
27473,786,4,11,0
27474,786,5,18,0
27475,786,6,9,0
27476,786,7,22,1
27477,786,8,28,1
27478,786,9,15,1
27479,786,10,20,1
27480,786,11,33,2
27481,786,12,28,1
27482,786,13,32,1
27483,786,14,19,0
27484,786,15,18,1
27485,786,16,11,1
27486,786,17,22,1
27487,786,18,8,0
27488,786,19,12,1
27489,786,20,19,1
27490,786,21,14,0
27491,786,22,9,0
27492,786,23,8,0
27493,786,24,18,0
27494,786,25,8,0
27495,786,26,8,0
27496,786,27,17,1
27497,786,28,9,1
27498,786,29,26,1
27499,786,30,21,0
27500,786,31,24,1
27501,786,32,14,0
27502,786,33,12,0
27503,786,34,8,0
27504,786,35,12,1
27505,787,1,9,0
27506,787,2,7,0
27507,787,3,14,0
27508,787,4,16,1
27509,787,5,16,1
27510,787,6,11,0
27511,787,7,8,0
27512,787,8,15,1
27513,787,9,14,0
27514,787,10,14,1
27515,787,11,9,0
27516,787,12,10,0
27517,787,13,3,0
27518,787,14,10,0
27519,787,15,15,0
27520,787,16,4,0
27521,787,17,14,0
27522,787,18,18,0
27523,787,19,16,0
27524,787,20,10,0
27525,787,21,6,0
27526,787,22,22,1
27527,787,23,6,0
27528,787,24,25,0
27529,787,25,9,0
27530,787,26,8,0
27531,787,27,17,0
27532,787,28,13,1
27533,787,29,11,0
27534,787,30,20,1
27535,787,31,12,1
27536,787,32,13,1
27537,787,33,10,0
27538,787,34,7,0
27539,787,35,4,0
27540,788,1,12,1
27541,788,2,16,0
27542,788,3,26,1
27543,788,4,17,0
27544,788,5,14,0
27545,788,6,27,1
27546,788,7,7,0
27547,788,8,25,0
27548,788,9,16,0
27549,788,10,17,1
27550,788,11,9,0
27551,788,12,9,1
27552,788,13,26,0
27553,788,14,30,1
27554,788,15,27,2
27555,788,16,18,1
27556,788,17,8,0
27557,788,18,18,1
27558,788,19,16,1
27559,788,20,23,1
27560,788,21,26,0
27561,788,22,25,1
27562,788,23,30,1
27563,788,24,8,0
27564,788,25,21,0
27565,788,26,16,0
27566,788,27,3,0
27567,788,28,22,1
27568,788,29,22,0
27569,788,30,17,0
27570,788,31,22,1
27571,788,32,33,1
27572,788,33,23,0
27573,788,34,15,1
27574,788,35,11,1
27575,789,1,32,1
27576,789,2,26,1
27577,789,3,20,1
27578,789,4,23,1
27579,789,5,20,1
27580,789,6,37,1
27581,789,7,22,1
27582,789,8,29,1
27583,789,9,24,1
27584,789,10,17,1
27585,789,11,15,0
27586,789,12,6,0
27587,789,13,17,0
27588,789,14,14,0
27589,789,15,21,0
27590,789,16,37,1
27591,789,17,19,1
27592,789,18,29,2
27593,789,19,19,1
27594,789,20,23,1
27595,789,21,14,0
27596,789,22,25,1
27597,789,23,33,1
27598,789,24,11,0
27599,789,25,17,1
27600,789,26,13,1
27601,789,27,46,1
27602,789,28,36,1
27603,789,29,18,0
27604,789,30,23,1
27605,789,31,18,1
27606,789,32,32,0
27607,789,33,14,0
27608,789,34,44,1
27609,789,35,24,1
27610,790,1,7,0
27611,790,2,17,1
27612,790,3,20,1
27613,790,4,14,1
27614,790,5,18,1
27615,790,6,11,0
27616,790,7,15,0
27617,790,8,13,1
27618,790,9,20,1
27619,790,10,4,0
27620,790,11,20,1
27621,790,12,9,0
27622,790,13,15,0
27623,790,14,15,0
27624,790,15,23,1
27625,790,16,27,1
27626,790,17,18,1
27627,790,18,11,1
27628,790,19,27,0
27629,790,20,18,1
27630,790,21,22,1
27631,790,22,16,1
27632,790,23,13,0
27633,790,24,26,1
27634,790,25,28,1
27635,790,26,7,0
27636,790,27,15,0
27637,790,28,19,0
27638,790,29,9,0
27639,790,30,21,0
27640,790,31,10,0
27641,790,32,14,0
27642,790,33,10,0
27643,790,34,17,1
27644,790,35,12,0
27645,791,1,7,0
27646,791,2,21,1
27647,791,3,4,0
27648,791,4,14,0
27649,791,5,19,0
27650,791,6,14,0
27651,791,7,14,0
27652,791,8,15,1
27653,791,9,12,1
27654,791,10,16,0
27655,791,11,9,0
27656,791,12,13,0
27657,791,13,16,1
27658,791,14,13,1
27659,791,15,16,1
27660,791,16,23,1
27661,791,17,25,1
27662,791,18,15,0
27663,791,19,21,0
27664,791,20,15,0
27665,791,21,16,1
27666,791,22,3,0
27667,791,23,20,1
27668,791,24,11,1
27669,791,25,12,0
27670,791,26,7,0
27671,791,27,25,1
27672,791,28,6,0
27673,791,29,23,1
27674,791,30,4,0
27675,791,31,22,1
27676,791,32,33,1
27677,791,33,26,1
27678,791,34,22,1
27679,791,35,9,0
27680,792,1,25,1
27681,792,2,18,1
27682,792,3,21,1
27683,792,4,22,1
27684,792,5,25,1
27685,792,6,18,0
27686,792,7,20,0
27687,792,8,18,1
27688,792,9,11,0
27689,792,10,16,1
27690,792,11,7,0
27691,792,12,32,1
27692,792,13,22,1
27693,792,14,30,2
27694,792,15,20,1
27695,792,16,11,0
27696,792,17,22,1
27697,792,18,19,0
27698,792,19,9,1
27699,792,20,19,0
27700,792,21,20,0
27701,792,22,20,0
27702,792,23,36,2
27703,792,24,15,0
27704,792,25,11,0
27705,792,26,18,1
27706,792,27,29,1
27707,792,28,14,1
27708,792,29,38,2
27709,792,30,21,1
27710,792,31,11,0
27711,792,32,13,0
27712,792,33,15,1
27713,792,34,32,1
27714,792,35,28,1
27715,793,1,14,1
27716,793,2,25,0
27717,793,3,13,0
27718,793,4,20,1
27719,793,5,74,2
27720,793,6,53,3
27721,793,7,11,0
27722,793,8,24,0
27723,793,9,26,1
27724,793,10,27,0
27725,793,11,18,1
27726,793,12,32,1
27727,793,13,42,1
27728,793,14,31,0
27729,793,15,32,2
27730,793,16,24,1
27731,793,17,28,1
27732,793,18,24,1
27733,793,19,10,1
27734,793,20,30,1
27735,793,21,21,1
27736,793,22,2,0
27737,793,23,46,1
27738,793,24,20,1
27739,793,25,45,2
27740,793,26,31,1
27741,793,27,23,1
27742,793,28,32,1
27743,793,29,20,1
27744,793,30,12,0
27745,793,31,19,1
27746,793,32,17,0
27747,793,33,28,1
27748,793,34,22,1
27749,793,35,20,0
27750,794,1,19,1
27751,794,2,12,1
27752,794,3,25,1
27753,794,4,16,1
27754,794,5,10,0
27755,794,6,15,1
27756,794,7,22,0
27757,794,8,20,1
27758,794,9,22,1
27759,794,10,6,0
27760,794,11,24,1
27761,794,12,17,1
27762,794,13,19,1
27763,794,14,5,0
27764,794,15,4,0
27765,794,16,34,1
27766,794,17,29,2
27767,794,18,16,1
27768,794,19,16,1
27769,794,20,15,0
27770,794,21,15,1
27771,794,22,11,0
27772,794,23,12,0
27773,794,24,20,0
27774,794,25,15,0
27775,794,26,25,0
27776,794,27,9,0
27777,794,28,46,1
27778,794,29,15,1
27779,794,30,39,1
27780,794,31,14,1
27781,794,32,13,1
27782,794,33,11,0
27783,794,34,33,0
27784,794,35,33,1
27785,795,1,19,1
27786,795,2,10,0
27787,795,3,31,1
27788,795,4,10,0
27789,795,5,24,1
27790,795,6,27,1
27791,795,7,12,0
27792,795,8,23,1
27793,795,9,3,0
27794,795,10,16,0
27795,795,11,18,1
27796,795,12,17,1
27797,795,13,9,0
27798,795,14,9,0
27799,795,15,34,1
27800,795,16,27,1
27801,795,17,6,0
27802,795,18,34,2
27803,795,19,12,1
27804,795,20,11,0
27805,795,21,7,0
27806,795,22,3,0
27807,795,23,7,0
27808,795,24,7,0
27809,795,25,15,0
27810,795,26,6,0
27811,795,27,18,1
27812,795,28,32,1
27813,795,29,20,1
27814,795,30,23,1
27815,795,31,19,1
27816,795,32,9,0
27817,795,33,17,1
27818,795,34,20,1
27819,795,35,9,0
27820,796,1,15,0
27821,796,2,22,1
27822,796,3,16,0
27823,796,4,34,1
27824,796,5,29,1
27825,796,6,26,1
27826,796,7,19,1
27827,796,8,47,1
27828,796,9,20,0
27829,796,10,11,1
27830,796,11,14,0
27831,796,12,13,0
27832,796,13,12,1
27833,796,14,11,0
27834,796,15,41,1
27835,796,16,16,1
27836,796,17,18,1
27837,796,18,7,0
27838,796,19,23,1
27839,796,20,34,1
27840,796,21,11,1
27841,796,22,11,0
27842,796,23,42,1
27843,796,24,20,1
27844,796,25,30,0
27845,796,26,40,2
27846,796,27,34,1
27847,796,28,28,1
27848,796,29,20,0
27849,796,30,31,2
27850,796,31,21,1
27851,796,32,20,1
27852,796,33,10,0
27853,796,34,23,1
27854,796,35,17,1
27855,797,1,31,2
27856,797,2,31,1
27857,797,3,26,1
27858,797,4,16,0
27859,797,5,35,1
27860,797,6,27,0
27861,797,7,46,2
27862,797,8,31,2
27863,797,9,33,2
27864,797,10,23,1
27865,797,11,23,0
27866,797,12,31,1
27867,797,13,13,1
27868,797,14,18,1
27869,797,15,23,1
27870,797,16,12,0
27871,797,17,32,1
27872,797,18,21,1
27873,797,19,23,1
27874,797,20,35,2
27875,797,21,23,1
27876,797,22,32,1
27877,797,23,32,1
27878,797,24,13,0
27879,797,25,19,1
27880,797,26,29,2
27881,797,27,21,1
27882,797,28,33,1
27883,797,29,23,0
27884,797,30,16,1
27885,797,31,23,1
27886,797,32,38,2
27887,797,33,30,1
27888,797,34,42,2
27889,797,35,44,1
27890,798,1,26,1
27891,798,2,12,0
27892,798,3,12,0
27893,798,4,30,0
27894,798,5,33,1
27895,798,6,14,1
27896,798,7,6,0
27897,798,8,24,1
27898,798,9,14,1
27899,798,10,12,0
27900,798,11,39,2
27901,798,12,34,2
27902,798,13,24,0
27903,798,14,52,1
27904,798,15,49,2
27905,798,16,18,1
27906,798,17,29,0
27907,798,18,15,1
27908,798,19,15,1
27909,798,20,25,0
27910,798,21,18,1
27911,798,22,20,0
27912,798,23,14,0
27913,798,24,39,2
27914,798,25,18,1
27915,798,26,26,1
27916,798,27,19,0
27917,798,28,29,2
27918,798,29,21,1
27919,798,30,14,1
27920,798,31,33,1
27921,798,32,22,1
27922,798,33,9,0
27923,798,34,22,1
27924,798,35,10,0
27925,799,1,5,0
27926,799,2,9,0
27927,799,3,14,0
27928,799,4,21,1
27929,799,5,14,0
27930,799,6,18,0
27931,799,7,13,0
27932,799,8,14,0
27933,799,9,20,1
27934,799,10,15,1
27935,799,11,34,1
27936,799,12,14,0
27937,799,13,5,0
27938,799,14,14,1
27939,799,15,17,1
27940,799,16,10,1
27941,799,17,27,1
27942,799,18,24,1
27943,799,19,17,0
27944,799,20,20,1
27945,799,21,22,1
27946,799,22,23,1
27947,799,23,20,1
27948,799,24,11,0
27949,799,25,19,0
27950,799,26,30,1
27951,799,27,18,0
27952,799,28,17,1
27953,799,29,8,0
27954,799,30,8,0
27955,799,31,8,0
27956,799,32,10,0
27957,799,33,16,1
27958,799,34,14,1
27959,799,35,21,1
27960,800,1,18,0
27961,800,2,34,1
27962,800,3,25,1
27963,800,4,15,1
27964,800,5,38,2
27965,800,6,29,1
27966,800,7,16,0
27967,800,8,21,0
27968,800,9,30,0
27969,800,10,46,2
27970,800,11,21,1
27971,800,12,31,1
27972,800,13,48,1
27973,800,14,15,1
27974,800,15,27,1
27975,800,16,55,2
27976,800,17,17,0
27977,800,18,29,1
27978,800,19,18,1
27979,800,20,24,0
27980,800,21,21,1
27981,800,22,28,2
27982,800,23,17,0
27983,800,24,35,1
27984,800,25,15,0
27985,800,26,29,1
27986,800,27,17,1
27987,800,28,16,1
27988,800,29,7,0
27989,800,30,17,1
27990,800,31,7,0
27991,800,32,32,1
27992,800,33,22,1
27993,800,34,20,0
27994,800,35,22,1
27995,801,1,26,0
27996,801,2,28,1
27997,801,3,26,1
27998,801,4,45,2
27999,801,5,44,2
28000,801,6,30,2
28001,801,7,16,1
28002,801,8,63,1
28003,801,9,17,1
28004,801,10,49,0
28005,801,11,23,1
28006,801,12,33,1
28007,801,13,40,1
28008,801,14,41,1
28009,801,15,29,1
28010,801,16,47,1
28011,801,17,41,2
28012,801,18,15,0
28013,801,19,26,1
28014,801,20,31,1
28015,801,21,29,2
28016,801,22,58,3
28017,801,23,11,1
28018,801,24,16,1
28019,801,25,28,1
28020,801,26,25,1
28021,801,27,67,4
28022,801,28,26,1
28023,801,29,32,1
28024,801,30,7,0
28025,801,31,30,0
28026,801,32,27,1
28027,801,33,33,2
28028,801,34,32,2
28029,801,35,31,1
28030,802,1,22,1
28031,802,2,20,1
28032,802,3,28,1
28033,802,4,22,1
28034,802,5,32,2
28035,802,6,16,1
28036,802,7,24,1
28037,802,8,16,1
28038,802,9,11,0
28039,802,10,26,2
28040,802,11,13,0
28041,802,12,38,0
28042,802,13,48,2
28043,802,14,5,0
28044,802,15,21,1
28045,802,16,16,1
28046,802,17,2,0
28047,802,18,15,0
28048,802,19,7,0
28049,802,20,10,0
28050,802,21,16,0
28051,802,22,55,2
28052,802,23,27,1
28053,802,24,19,1
28054,802,25,27,0
28055,802,26,42,1
28056,802,27,37,0
28057,802,28,19,0
28058,802,29,21,1
28059,802,30,26,1
28060,802,31,36,1
28061,802,32,19,1
28062,802,33,24,1
28063,802,34,23,1
28064,802,35,21,1
28065,803,1,13,0
28066,803,2,21,1
28067,803,3,29,1
28068,803,4,8,0
28069,803,5,14,0
28070,803,6,20,0
28071,803,7,28,1
28072,803,8,7,0
28073,803,9,34,1
28074,803,10,23,0
28075,803,11,9,0
28076,803,12,20,0
28077,803,13,41,1
28078,803,14,33,1
28079,803,15,20,0
28080,803,16,25,1
28081,803,17,29,1
28082,803,18,12,0
28083,803,19,25,1
28084,803,20,13,1
28085,803,21,10,0
28086,803,22,25,0
28087,803,23,31,2
28088,803,24,31,1
28089,803,25,19,1
28090,803,26,20,1
28091,803,27,25,1
28092,803,28,15,0
28093,803,29,21,1
28094,803,30,8,0
28095,803,31,19,0
28096,803,32,15,1
28097,803,33,14,1
28098,803,34,18,1
28099,803,35,28,2
28100,804,1,26,1
28101,804,2,17,0
28102,804,3,11,0
28103,804,4,43,1
28104,804,5,19,0
28105,804,6,26,1
28106,804,7,27,1
28107,804,8,22,1
28108,804,9,21,1
28109,804,10,31,1
28110,804,11,25,1
28111,804,12,30,0
28112,804,13,25,1
28113,804,14,14,1
28114,804,15,24,1
28115,804,16,25,1
28116,804,17,13,0
28117,804,18,17,0
28118,804,19,58,3
28119,804,20,31,1
28120,804,21,15,1
28121,804,22,11,0
28122,804,23,28,1
28123,804,24,26,0
28124,804,25,27,1
28125,804,26,13,0
28126,804,27,28,0
28127,804,28,36,1
28128,804,29,28,1
28129,804,30,27,0
28130,804,31,32,1
28131,804,32,11,1
28132,804,33,33,2
28133,804,34,18,0
28134,804,35,15,0
28135,805,1,19,1
28136,805,2,38,2
28137,805,3,23,1
28138,805,4,38,1
28139,805,5,31,1
28140,805,6,23,1
28141,805,7,18,0
28142,805,8,28,2
28143,805,9,42,2
28144,805,10,21,0
28145,805,11,40,1
28146,805,12,18,0
28147,805,13,33,2
28148,805,14,31,1
28149,805,15,27,1
28150,805,16,15,1
28151,805,17,49,1
28152,805,18,19,1
28153,805,19,18,1
28154,805,20,10,1
28155,805,21,36,2
28156,805,22,16,0
28157,805,23,26,1
28158,805,24,31,1
28159,805,25,29,1
28160,805,26,21,0
28161,805,27,69,4
28162,805,28,21,1
28163,805,29,28,1
28164,805,30,36,1
28165,805,31,20,1
28166,805,32,30,1
28167,805,33,36,2
28168,805,34,25,1
28169,805,35,30,1
28170,806,1,7,0
28171,806,2,13,0
28172,806,3,17,1
28173,806,4,11,1
28174,806,5,24,1
28175,806,6,12,0
28176,806,7,32,1
28177,806,8,24,1
28178,806,9,21,1
28179,806,10,17,1
28180,806,11,17,1
28181,806,12,15,0
28182,806,13,13,1
28183,806,14,19,1
28184,806,15,17,0
28185,806,16,31,2
28186,806,17,17,0
28187,806,18,53,3
28188,806,19,12,0
28189,806,20,12,1
28190,806,21,10,1
28191,806,22,19,1
28192,806,23,23,1
28193,806,24,15,0
28194,806,25,13,0
28195,806,26,6,0
28196,806,27,13,0
28197,806,28,33,1
28198,806,29,35,2
28199,806,30,20,1
28200,806,31,9,0
28201,806,32,13,0
28202,806,33,30,1
28203,806,34,14,0
28204,806,35,30,1
28205,807,1,23,0
28206,807,2,15,1
28207,807,3,23,1
28208,807,4,21,1
28209,807,5,26,1
28210,807,6,21,0
28211,807,7,28,1
28212,807,8,7,0
28213,807,9,18,1
28214,807,10,17,0
28215,807,11,10,1
28216,807,12,9,0
28217,807,13,26,1
28218,807,14,14,0
28219,807,15,33,0
28220,807,16,4,0
28221,807,17,15,1
28222,807,18,15,0
28223,807,19,30,1
28224,807,20,11,0
28225,807,21,21,1
28226,807,22,16,0
28227,807,23,16,1
28228,807,24,16,1
28229,807,25,13,0
28230,807,26,25,1
28231,807,27,27,1
28232,807,28,14,0
28233,807,29,31,1
28234,807,30,10,1
28235,807,31,27,1
28236,807,32,23,1
28237,807,33,18,1
28238,807,34,15,1
28239,807,35,5,0
28240,808,1,46,1
28241,808,2,21,1
28242,808,3,20,0
28243,808,4,9,0
28244,808,5,21,1
28245,808,6,26,1
28246,808,7,10,0
28247,808,8,18,1
28248,808,9,18,1
28249,808,10,32,2
28250,808,11,42,2
28251,808,12,19,1
28252,808,13,29,0
28253,808,14,31,1
28254,808,15,35,1
28255,808,16,14,1
28256,808,17,35,1
28257,808,18,29,1
28258,808,19,27,1
28259,808,20,36,1
28260,808,21,14,0
28261,808,22,32,1
28262,808,23,37,1
28263,808,24,17,0
28264,808,25,11,1
28265,808,26,35,1
28266,808,27,44,1
28267,808,28,15,1
28268,808,29,33,2
28269,808,30,24,0
28270,808,31,20,1
28271,808,32,23,0
28272,808,33,28,2
28273,808,34,18,1
28274,808,35,27,1
28275,809,1,26,0
28276,809,2,15,0
28277,809,3,17,0
28278,809,4,17,0
28279,809,5,48,2
28280,809,6,30,1
28281,809,7,25,0
28282,809,8,10,0
28283,809,9,21,0
28284,809,10,24,0
28285,809,11,27,2
28286,809,12,13,0
28287,809,13,16,0
28288,809,14,12,0
28289,809,15,12,0
28290,809,16,22,1
28291,809,17,12,0
28292,809,18,25,1
28293,809,19,18,0
28294,809,20,26,2
28295,809,21,12,0
28296,809,22,11,0
28297,809,23,12,1
28298,809,24,7,0
28299,809,25,40,1
28300,809,26,28,1
28301,809,27,16,0
28302,809,28,32,0
28303,809,29,33,2
28304,809,30,36,1
28305,809,31,25,1
28306,809,32,26,1
28307,809,33,16,0
28308,809,34,23,1
28309,809,35,12,0
28310,810,1,7,0
28311,810,2,17,0
28312,810,3,24,0
28313,810,4,6,0
28314,810,5,19,1
28315,810,6,18,1
28316,810,7,15,0
28317,810,8,10,0
28318,810,9,8,0
28319,810,10,25,1
28320,810,11,24,1
28321,810,12,13,0
28322,810,13,9,0
28323,810,14,19,1
28324,810,15,13,1
28325,810,16,11,0
28326,810,17,14,0
28327,810,18,16,0
28328,810,19,18,1
28329,810,20,23,1
28330,810,21,12,0
28331,810,22,17,1
28332,810,23,12,1
28333,810,24,16,0
28334,810,25,9,0
28335,810,26,14,0
28336,810,27,14,1
28337,810,28,9,0
28338,810,29,16,1
28339,810,30,28,0
28340,810,31,11,0
28341,810,32,26,1
28342,810,33,6,0
28343,810,34,15,1
28344,810,35,12,0
28345,811,1,22,1
28346,811,2,4,0
28347,811,3,10,0
28348,811,4,8,0
28349,811,5,19,1
28350,811,6,23,0
28351,811,7,4,0
28352,811,8,6,0
28353,811,9,19,1
28354,811,10,3,0
28355,811,11,12,1
28356,811,12,9,0
28357,811,13,28,1
28358,811,14,13,0
28359,811,15,12,0
28360,811,16,14,1
28361,811,17,11,0
28362,811,18,13,0
28363,811,19,5,0
28364,811,20,8,0
28365,811,21,11,0
28366,811,22,36,2
28367,811,23,6,0
28368,811,24,11,0
28369,811,25,17,0
28370,811,26,7,0
28371,811,27,23,1
28372,811,28,8,0
28373,811,29,13,1
28374,811,30,9,0
28375,811,31,21,1
28376,811,32,27,1
28377,811,33,10,0
28378,811,34,14,0
28379,811,35,8,0
28380,812,1,24,1
28381,812,2,19,0
28382,812,3,17,0
28383,812,4,5,0
28384,812,5,37,1
28385,812,6,32,1
28386,812,7,24,1
28387,812,8,5,0
28388,812,9,22,1
28389,812,10,18,1
28390,812,11,42,1
28391,812,12,31,0
28392,812,13,21,1
28393,812,14,14,0
28394,812,15,17,0
28395,812,16,24,0
28396,812,17,10,0
28397,812,18,37,1
28398,812,19,15,0
28399,812,20,7,0
28400,812,21,36,2
28401,812,22,22,1
28402,812,23,20,0
28403,812,24,27,0
28404,812,25,18,1
28405,812,26,37,1
28406,812,27,9,1
28407,812,28,9,0
28408,812,29,15,0
28409,812,30,15,0
28410,812,31,8,0
28411,812,32,16,1
28412,812,33,4,0
28413,812,34,7,0
28414,812,35,15,0
28415,813,1,30,1
28416,813,2,24,1
28417,813,3,32,2
28418,813,4,43,2
28419,813,5,31,1
28420,813,6,20,0
28421,813,7,24,1
28422,813,8,25,1
28423,813,9,19,1
28424,813,10,28,1
28425,813,11,17,1
28426,813,12,17,0
28427,813,13,30,1
28428,813,14,22,1
28429,813,15,11,0
28430,813,16,29,1
28431,813,17,39,2
28432,813,18,30,0
28433,813,19,8,0
28434,813,20,26,1
28435,813,21,37,2
28436,813,22,16,0
28437,813,23,17,0
28438,813,24,16,1
28439,813,25,18,1
28440,813,26,21,0
28441,813,27,21,1
28442,813,28,16,1
28443,813,29,15,0
28444,813,30,29,0
28445,813,31,22,1
28446,813,32,17,1
28447,813,33,25,1
28448,813,34,23,1
28449,813,35,11,0
28450,814,1,15,1
28451,814,2,12,0
28452,814,3,8,0
28453,814,4,10,1
28454,814,5,7,0
28455,814,6,15,1
28456,814,7,15,1
28457,814,8,22,1
28458,814,9,8,0
28459,814,10,18,0
28460,814,11,10,0
28461,814,12,5,0
28462,814,13,19,1
28463,814,14,34,2
28464,814,15,9,0
28465,814,16,15,0
28466,814,17,17,0
28467,814,18,31,1
28468,814,19,22,0
28469,814,20,22,1
28470,814,21,9,0
28471,814,22,7,0
28472,814,23,9,0
28473,814,24,8,0
28474,814,25,11,0
28475,814,26,11,0
28476,814,27,9,0
28477,814,28,7,0
28478,814,29,30,1
28479,814,30,24,1
28480,814,31,10,0
28481,814,32,12,0
28482,814,33,14,1
28483,814,34,18,1
28484,814,35,9,0
28485,815,1,5,0
28486,815,2,8,0
28487,815,3,24,1
28488,815,4,3,0
28489,815,5,3,0
28490,815,6,14,0
28491,815,7,12,0
28492,815,8,16,0
28493,815,9,5,0
28494,815,10,26,1
28495,815,11,10,0
28496,815,12,23,1
28497,815,13,7,0
28498,815,14,12,1
28499,815,15,9,0
28500,815,16,12,1
28501,815,17,13,1
28502,815,18,10,0
28503,815,19,15,0
28504,815,20,10,0
28505,815,21,17,1
28506,815,22,13,1
28507,815,23,16,0
28508,815,24,15,0
28509,815,25,12,1
28510,815,26,8,0
28511,815,27,7,0
28512,815,28,13,1
28513,815,29,18,0
28514,815,30,16,1
28515,815,31,7,0
28516,815,32,24,1
28517,815,33,4,0
28518,815,34,16,1
28519,815,35,13,0
28520,816,1,14,0
28521,816,2,31,1
28522,816,3,27,2
28523,816,4,6,0
28524,816,5,14,0
28525,816,6,11,0
28526,816,7,21,1
28527,816,8,16,1
28528,816,9,11,0
28529,816,10,20,1
28530,816,11,29,1
28531,816,12,9,0
28532,816,13,33,0
28533,816,14,34,1
28534,816,15,34,1
28535,816,16,8,0
28536,816,17,33,2
28537,816,18,16,0
28538,816,19,20,1
28539,816,20,42,2
28540,816,21,26,1
28541,816,22,32,1
28542,816,23,21,1
28543,816,24,19,1
28544,816,25,46,1
28545,816,26,23,1
28546,816,27,21,1
28547,816,28,8,0
28548,816,29,26,1
28549,816,30,17,0
28550,816,31,15,1
28551,816,32,41,1
28552,816,33,16,0
28553,816,34,43,2
28554,816,35,24,1
28555,817,1,28,1
28556,817,2,50,3
28557,817,3,18,0
28558,817,4,14,1
28559,817,5,7,0
28560,817,6,6,0
28561,817,7,11,0
28562,817,8,31,0
28563,817,9,22,1
28564,817,10,29,0
28565,817,11,9,0
28566,817,12,25,1
28567,817,13,18,1
28568,817,14,20,1
28569,817,15,10,0
28570,817,16,27,1
28571,817,17,8,0
28572,817,18,37,2
28573,817,19,28,0
28574,817,20,35,1
28575,817,21,14,1
28576,817,22,18,1
28577,817,23,19,0
28578,817,24,16,0
28579,817,25,16,1
28580,817,26,13,0
28581,817,27,18,1
28582,817,28,23,1
28583,817,29,23,1
28584,817,30,23,1
28585,817,31,10,0
28586,817,32,31,1
28587,817,33,18,0
28588,817,34,16,0
28589,817,35,24,1
28590,818,1,22,1
28591,818,2,21,1
28592,818,3,22,1
28593,818,4,16,1
28594,818,5,11,1
28595,818,6,18,1
28596,818,7,18,1
28597,818,8,11,0
28598,818,9,13,0
28599,818,10,24,1
28600,818,11,13,0
28601,818,12,22,1
28602,818,13,11,1
28603,818,14,17,1
28604,818,15,23,1
28605,818,16,18,1
28606,818,17,26,1
28607,818,18,32,1
28608,818,19,31,1
28609,818,20,10,0
28610,818,21,10,0
28611,818,22,25,1
28612,818,23,13,0
28613,818,24,8,0
28614,818,25,25,1
28615,818,26,16,1
28616,818,27,13,1
28617,818,28,26,1
28618,818,29,12,0
28619,818,30,24,1
28620,818,31,6,0
28621,818,32,16,0
28622,818,33,16,1
28623,818,34,28,1
28624,818,35,17,0
28625,819,1,17,0
28626,819,2,13,0
28627,819,3,6,0
28628,819,4,16,0
28629,819,5,17,1
28630,819,6,8,0
28631,819,7,3,0
28632,819,8,10,0
28633,819,9,13,0
28634,819,10,22,0
28635,819,11,23,1
28636,819,12,10,0
28637,819,13,16,0
28638,819,14,1,0
28639,819,15,17,1
28640,819,16,12,0
28641,819,17,13,0
28642,819,18,16,1
28643,819,19,9,0
28644,819,20,13,0
28645,819,22,12,1
28646,819,23,11,1
28647,819,24,19,1
28648,819,25,15,1
28649,819,26,18,1
28650,819,27,9,0
28651,819,28,11,0
28652,819,29,19,1
28653,819,30,39,1
28654,819,31,13,1
28655,819,32,16,1
28656,819,33,27,1
28657,819,34,23,1
28658,819,35,7,0
28659,820,1,10,0
28660,820,2,19,1
28661,820,3,18,1
28662,820,4,27,1
28663,820,5,10,1
28664,820,6,29,0
28665,820,7,11,0
28666,820,8,23,0
28667,820,9,22,0
28668,820,10,23,1
28669,820,11,1,0
28670,820,12,21,0
28671,820,13,14,0
28672,820,14,21,0
28673,820,15,12,1
28674,820,16,24,1
28675,820,17,24,0
28676,820,18,12,0
28677,820,19,20,1
28678,820,20,16,1
28679,820,21,22,1
28680,820,22,14,0
28681,820,23,43,2
28682,820,24,25,1
28683,820,25,20,0
28684,820,26,23,1
28685,820,27,10,0
28686,820,28,15,0
28687,820,29,20,1
28688,820,30,9,0
28689,820,31,15,0
28690,820,32,37,1
28691,820,33,14,1
28692,820,34,18,1
28693,820,35,8,0
28694,821,1,30,2
28695,821,2,18,0
28696,821,3,11,0
28697,821,4,24,1
28698,821,5,12,1
28699,821,6,27,1
28700,821,7,14,1
28701,821,9,15,0
28702,821,10,26,1
28703,821,11,35,2
28704,821,12,26,0
28705,821,13,17,0
28706,821,14,29,0
28707,821,15,25,1
28708,821,16,26,1
28709,821,17,26,2
28710,821,18,13,0
28711,821,19,25,1
28712,821,20,26,1
28713,821,21,9,0
28714,821,22,19,1
28715,821,23,21,1
28716,821,24,42,2
28717,821,25,11,1
28718,821,26,19,1
28719,821,27,46,1
28720,821,28,16,0
28721,821,29,26,1
28722,821,30,22,1
28723,821,31,32,2
28724,821,32,25,0
28725,821,33,26,1
28726,821,34,37,1
28727,821,35,27,0
28728,822,1,17,0
28729,822,2,33,1
28730,822,3,9,0
28731,822,4,12,0
28732,822,5,18,1
28733,822,6,36,1
28734,822,7,11,0
28735,822,8,31,1
28736,822,9,1,0
28737,822,10,19,0
28738,822,11,35,1
28739,822,12,5,0
28740,822,13,21,1
28741,822,14,14,0
28742,822,15,19,1
28743,822,16,22,0
28744,822,17,25,1
28745,822,18,18,1
28746,822,19,18,1
28747,822,20,8,0
28748,822,21,30,1
28749,822,22,24,0
28750,822,23,19,1
28751,822,24,33,2
28752,822,25,7,0
28753,822,26,32,2
28754,822,27,17,0
28755,822,28,19,0
28756,822,29,11,0
28757,822,30,6,0
28758,822,31,13,1
28759,822,32,31,1
28760,822,33,15,0
28761,822,34,19,1
28762,822,35,26,1
28763,823,1,13,0
28764,823,2,28,1
28765,823,3,19,1
28766,823,4,11,1
28767,823,5,27,1
28768,823,6,8,0
28769,823,7,11,0
28770,823,8,18,0
28771,823,9,8,0
28772,823,10,9,0
28773,823,11,16,0
28774,823,12,9,0
28775,823,13,14,1
28776,823,14,16,0
28777,823,15,5,0
28778,823,16,23,0
28779,823,17,19,0
28780,823,18,15,0
28781,823,19,15,0
28782,823,20,13,0
28783,823,21,21,1
28784,823,22,14,0
28785,823,23,6,0
28786,823,24,13,1
28787,823,25,10,0
28788,823,26,13,0
28789,823,27,13,0
28790,823,28,10,0
28791,823,29,19,1
28792,823,30,7,0
28793,823,31,15,0
28794,823,32,25,1
28795,823,33,4,0
28796,823,34,8,0
28797,823,35,15,1
28798,824,1,37,0
28799,824,2,35,2
28800,824,3,25,1
28801,824,4,14,0
28802,824,5,40,2
28803,824,6,12,0
28804,824,7,17,1
28805,824,8,34,1
28806,824,9,17,1
28807,824,10,29,1
28808,824,11,25,0
28809,824,12,16,1
28810,824,13,31,1
28811,824,14,12,1
28812,824,15,18,0
28813,824,16,34,1
28814,824,17,32,1
28815,824,18,14,1
28816,824,19,13,1
28817,824,20,41,1
28818,824,21,17,1
28819,824,22,32,2
28820,824,23,18,0
28821,824,24,23,1
28822,824,25,31,2
28823,824,26,16,0
28824,824,27,20,1
28825,824,28,12,0
28826,824,29,26,0
28827,824,30,20,1
28828,824,31,24,1
28829,824,32,23,1
28830,824,33,10,0
28831,824,34,26,1
28832,824,35,12,0
28833,825,1,33,1
28834,825,2,42,1
28835,825,3,48,3
28836,825,4,38,1
28837,825,5,44,2
28838,825,6,11,0
28839,825,7,21,1
28840,825,8,10,0
28841,825,9,25,0
28842,825,10,37,1
28843,825,11,21,0
28844,825,12,19,1
28845,825,13,19,0
28846,825,14,14,1
28847,825,15,24,1
28848,825,16,15,0
28849,825,17,34,2
28850,825,18,16,0
28851,825,19,29,1
28852,825,20,9,0
28853,825,21,24,1
28854,825,22,22,0
28855,825,23,37,2
28856,825,24,36,1
28857,825,25,28,1
28858,825,26,36,2
28859,825,27,29,2
28860,825,28,41,2
28861,825,29,21,1
28862,825,30,25,0
28863,825,31,26,1
28864,825,32,30,1
28865,825,33,58,2
28866,825,34,23,1
28867,825,35,42,1
28868,826,1,33,1
28869,826,2,10,0
28870,826,3,15,0
28871,826,4,13,1
28872,826,5,9,1
28873,826,6,35,1
28874,826,7,10,0
28875,826,8,11,1
28876,826,9,17,1
28877,826,10,6,0
28878,826,11,9,0
28879,826,12,5,0
28880,826,13,27,1
28881,826,14,23,1
28882,826,15,13,1
28883,826,16,17,1
28884,826,17,17,1
28885,826,18,27,0
28886,826,19,26,1
28887,826,20,15,1
28888,826,21,46,1
28889,826,22,33,1
28890,826,23,14,1
28891,826,24,23,1
28892,826,25,39,2
28893,826,26,38,2
28894,826,27,29,2
28895,826,28,25,0
28896,826,29,28,1
28897,826,30,22,1
28898,826,31,28,0
28899,826,32,11,0
28900,826,33,14,1
28901,826,34,39,2
28902,826,35,12,1
28903,827,1,18,0
28904,827,2,11,0
28905,827,3,20,1
28906,827,4,8,0
28907,827,5,14,1
28908,827,6,28,0
28909,827,7,11,0
28910,827,8,12,1
28911,827,9,16,0
28912,827,10,9,0
28913,827,11,19,1
28914,827,12,18,1
28915,827,13,19,0
28916,827,14,12,1
28917,827,15,16,1
28918,827,16,13,1
28919,827,17,6,0
28920,827,18,15,0
28921,827,19,30,2
28922,827,20,14,0
28923,827,21,15,0
28924,827,22,6,0
28925,827,23,38,2
28926,827,24,21,0
28927,827,25,11,0
28928,827,26,16,0
28929,827,27,15,1
28930,827,28,18,1
28931,827,29,29,1
28932,827,30,9,0
28933,827,31,14,1
28934,827,32,29,1
28935,827,33,20,1
28936,827,34,21,0
28937,827,35,12,0
28938,828,1,12,0
28939,828,2,27,1
28940,828,3,19,1
28941,828,4,52,1
28942,828,5,21,0
28943,828,6,16,1
28944,828,7,41,2
28945,828,8,26,1
28946,828,9,26,1
28947,828,10,11,1
28948,828,11,34,1
28949,828,12,20,0
28950,828,13,16,1
28951,828,14,28,1
28952,828,15,53,1
28953,828,16,11,1
28954,828,17,11,0
28955,828,18,43,2
28956,828,19,35,2
28957,828,20,5,0
28958,828,21,23,1
28959,828,22,13,0
28960,828,23,17,0
28961,828,24,20,1
28962,828,25,21,1
28963,828,26,26,0
28964,828,27,38,2
28965,828,28,21,0
28966,828,29,12,0
28967,828,30,25,1
28968,828,31,15,1
28969,828,32,38,2
28970,828,33,36,1
28971,828,34,22,1
28972,828,35,15,0
28973,829,1,27,1
28974,829,2,21,1
28975,829,3,29,0
28976,829,4,47,2
28977,829,5,32,1
28978,829,6,17,1
28979,829,7,11,0
28980,829,8,41,0
28981,829,9,18,1
28982,829,10,30,1
28983,829,11,56,1
28984,829,12,22,1
28985,829,13,53,2
28986,829,14,47,1
28987,829,15,18,1
28988,829,16,29,1
28989,829,17,28,2
28990,829,18,30,2
28991,829,19,29,1
28992,829,20,22,1
28993,829,21,39,1
28994,829,22,27,1
28995,829,23,36,1
28996,829,24,105,2
28997,829,25,37,2
28998,829,26,33,1
28999,829,27,29,1
29000,829,28,47,2
29001,829,29,39,1
29002,829,30,33,2
29003,829,31,24,1
29004,829,32,34,1
29005,829,33,23,1
29006,829,34,27,1
29007,829,35,35,2
29008,830,1,29,2
29009,830,2,26,1
29010,830,3,11,0
29011,830,4,5,0
29012,830,5,13,0
29013,830,6,21,1
29014,830,7,31,1
29015,830,8,19,1
29016,830,9,21,1
29017,830,10,6,0
29018,830,11,23,0
29019,830,12,15,0
29020,830,13,27,1
29021,830,14,30,0
29022,830,15,25,1
29023,830,16,16,1
29024,830,17,8,0
29025,830,18,24,0
29026,830,19,17,1
29027,830,20,20,1
29028,830,21,28,1
29029,830,22,37,1
29030,830,23,39,2
29031,830,24,25,1
29032,830,25,30,1
29033,830,26,44,1
29034,830,27,23,1
29035,830,28,45,2
29036,830,29,13,0
29037,830,30,18,1
29038,830,31,26,1
29039,830,32,38,2
29040,830,33,15,1
29041,830,34,20,1
29042,830,35,23,0
29043,831,1,19,1
29044,831,2,14,0
29045,831,3,22,0
29046,831,4,22,0
29047,831,5,16,1
29048,831,6,12,1
29049,831,7,15,1
29050,831,8,33,2
29051,831,9,20,1
29052,831,10,9,0
29053,831,11,7,0
29054,831,12,17,1
29055,831,13,29,1
29056,831,14,13,1
29057,831,15,17,0
29058,831,16,27,2
29059,831,17,14,0
29060,831,18,11,0
29061,831,19,25,1
29062,831,20,16,0
29063,831,21,26,1
29064,831,22,14,0
29065,831,23,11,0
29066,831,24,18,1
29067,831,25,18,0
29068,831,26,14,0
29069,831,27,26,1
29070,831,28,13,0
29071,831,29,20,1
29072,831,30,15,1
29073,831,31,8,0
29074,831,32,24,1
29075,831,33,13,0
29076,831,34,11,0
29077,831,35,22,1
29078,832,1,36,1
29079,832,2,28,1
29080,832,3,32,2
29081,832,4,37,1
29082,832,5,19,0
29083,832,6,43,1
29084,832,7,19,1
29085,832,8,58,3
29086,832,9,53,3
29087,832,10,28,1
29088,832,11,17,0
29089,832,12,35,1
29090,832,13,16,1
29091,832,14,24,1
29092,832,15,28,1
29093,832,16,31,2
29094,832,17,40,2
29095,832,18,43,2
29096,832,19,17,0
29097,832,20,9,0
29098,832,21,24,1
29099,832,22,43,0
29100,832,23,23,1
29101,832,24,5,0
29102,832,25,31,2
29103,832,26,48,2
29104,832,27,31,1
29105,832,28,22,1
29106,832,29,38,1
29107,832,30,16,1
29108,832,31,19,1
29109,832,32,16,1
29110,832,33,58,3
29111,832,34,38,1
29112,832,35,17,1
29113,833,1,45,1
29114,833,2,25,1
29115,833,3,39,2
29116,833,4,30,1
29117,833,5,22,1
29118,833,6,31,1
29119,833,7,8,0
29120,833,8,34,1
29121,833,9,58,3
29122,833,10,41,0
29123,833,11,16,0
29124,833,12,23,1
29125,833,13,25,1
29126,833,14,37,1
29127,833,15,14,0
29128,833,16,9,0
29129,833,17,53,2
29130,833,18,22,1
29131,833,19,18,1
29132,833,20,49,2
29133,833,21,42,2
29134,833,22,50,2
29135,833,23,42,2
29136,833,24,29,1
29137,833,25,41,2
29138,833,26,57,3
29139,833,27,22,1
29140,833,28,27,1
29141,833,29,52,2
29142,833,30,30,1
29143,833,31,28,1
29144,833,32,21,1
29145,833,33,42,2
29146,833,34,63,1
29147,833,35,14,1
29148,834,1,18,0
29149,834,2,16,1
29150,834,3,12,1
29151,834,4,23,0
29152,834,5,12,0
29153,834,6,27,0
29154,834,7,7,0
29155,834,8,36,1
29156,834,9,15,0
29157,834,10,26,1
29158,834,11,19,0
29159,834,12,20,0
29160,834,13,29,1
29161,834,14,30,2
29162,834,15,9,0
29163,834,16,24,1
29164,834,17,16,0
29165,834,18,2,0
29166,834,19,29,2
29167,834,20,15,1
29168,834,21,9,0
29169,834,22,10,0
29170,834,23,18,1
29171,834,24,27,0
29172,834,25,15,1
29173,834,26,22,1
29174,834,27,34,2
29175,834,28,39,1
29176,834,29,39,2
29177,834,30,9,0
29178,834,31,31,1
29179,834,32,15,0
29180,834,33,20,0
29181,834,34,42,1
29182,834,35,6,0
29183,835,1,14,1
29184,835,2,44,2
29185,835,3,10,0
29186,835,4,38,1
29187,835,5,19,1
29188,835,6,27,0
29189,835,7,33,1
29190,835,8,22,0
29191,835,9,21,0
29192,835,10,28,2
29193,835,11,20,1
29194,835,12,16,0
29195,835,13,9,0
29196,835,14,13,0
29197,835,15,12,0
29198,835,16,24,1
29199,835,17,17,1
29200,835,18,10,0
29201,835,19,3,0
29202,835,20,28,1
29203,835,21,7,0
29204,835,22,13,0
29205,835,23,16,1
29206,835,24,26,0
29207,835,25,9,0
29208,835,26,8,0
29209,835,27,12,0
29210,835,28,11,0
29211,835,29,9,0
29212,835,30,27,1
29213,835,31,30,2
29214,835,32,22,1
29215,835,33,32,1
29216,835,34,13,0
29217,835,35,8,0
29218,836,1,33,2
29219,836,2,19,1
29220,836,3,10,0
29221,836,4,22,1
29222,836,5,29,1
29223,836,6,26,2
29224,836,7,37,1
29225,836,8,27,0
29226,836,9,23,1
29227,836,10,12,0
29228,836,11,10,0
29229,836,12,21,1
29230,836,13,23,1
29231,836,14,15,1
29232,836,15,30,0
29233,836,16,11,1
29234,836,17,19,0
29235,836,18,20,1
29236,836,19,26,1
29237,836,20,36,1
29238,836,21,32,1
29239,836,22,14,0
29240,836,23,21,1
29241,836,24,27,1
29242,836,25,27,1
29243,836,26,7,0
29244,836,27,21,0
29245,836,28,37,1
29246,836,29,14,1
29247,836,30,48,1
29248,836,31,17,0
29249,836,32,23,0
29250,836,33,29,1
29251,836,34,57,1
29252,836,35,10,0
29253,837,1,22,1
29254,837,2,33,1
29255,837,3,14,1
29256,837,4,28,1
29257,837,5,16,1
29258,837,6,40,1
29259,837,7,23,1
29260,837,8,15,1
29261,837,9,38,2
29262,837,10,2,0
29263,837,11,18,1
29264,837,12,16,1
29265,837,13,16,0
29266,837,14,13,1
29267,837,15,14,0
29268,837,16,14,0
29269,837,17,16,0
29270,837,18,39,2
29271,837,19,25,0
29272,837,20,48,3
29273,837,21,18,0
29274,837,22,29,1
29275,837,23,35,2
29276,837,24,24,1
29277,837,25,12,1
29278,837,26,22,0
29279,837,27,32,0
29280,837,28,37,1
29281,837,29,47,3
29282,837,30,20,0
29283,837,31,11,0
29284,837,32,19,1
29285,837,33,5,0
29286,837,34,21,1
29287,837,35,10,0
29288,838,1,2,0
29289,838,2,15,1
29290,838,3,10,0
29291,838,4,16,1
29292,838,5,19,1
29293,838,6,20,1
29294,838,7,24,0
29295,838,8,13,1
29296,838,9,16,0
29297,838,10,10,0
29298,838,11,17,1
29299,838,12,15,1
29300,838,13,11,0
29301,838,14,11,0
29302,838,15,6,0
29303,838,16,15,1
29304,838,17,12,0
29305,838,18,7,0
29306,838,19,16,0
29307,838,20,13,1
29308,838,21,17,1
29309,838,22,15,0
29310,838,23,29,2
29311,838,24,9,0
29312,838,25,13,0
29313,838,26,9,0
29314,838,27,22,1
29315,838,28,15,0
29316,838,29,38,1
29317,838,30,22,0
29318,838,31,8,0
29319,838,32,31,2
29320,838,33,16,1
29321,838,34,8,0
29322,838,35,33,2
29323,839,1,11,1
29324,839,2,7,0
29325,839,3,8,0
29326,839,4,7,0
29327,839,5,14,1
29328,839,6,8,0
29329,839,7,5,0
29330,839,8,24,1
29331,839,9,16,0
29332,839,10,11,0
29333,839,11,29,2
29334,839,12,17,1
29335,839,13,7,0
29336,839,14,7,0
29337,839,15,11,0
29338,839,16,23,0
29339,839,17,10,0
29340,839,18,15,1
29341,839,19,8,0
29342,839,20,6,0
29343,839,21,15,0
29344,839,22,17,0
29345,839,23,21,1
29346,839,24,16,1
29347,839,25,17,1
29348,839,26,10,0
29349,839,27,3,0
29350,839,28,5,0
29351,839,29,10,0
29352,839,30,8,0
29353,839,31,11,0
29354,839,32,18,1
29355,839,33,8,0
29356,839,34,12,1
29357,839,35,18,1
29358,840,1,21,1
29359,840,2,33,2
29360,840,3,36,1
29361,840,4,22,1
29362,840,5,4,0
29363,840,6,27,1
29364,840,7,10,0
29365,840,8,12,0
29366,840,9,17,1
29367,840,10,20,1
29368,840,11,23,1
29369,840,12,10,0
29370,840,13,39,2
29371,840,14,20,1
29372,840,15,23,0
29373,840,16,35,1
29374,840,17,12,1
29375,840,18,11,1
29376,840,19,16,1
29377,840,20,6,0
29378,840,21,35,1
29379,840,22,17,0
29380,840,23,23,1
29381,840,24,21,1
29382,840,25,20,1
29383,840,26,32,1
29384,840,27,19,0
29385,840,28,13,1
29386,840,29,10,0
29387,840,30,27,0
29388,840,31,27,0
29389,840,32,17,1
29390,840,33,7,0
29391,840,34,8,0
29392,840,35,20,1
29393,841,1,20,1
29394,841,2,19,0
29395,841,3,24,0
29396,841,4,11,0
29397,841,5,23,1
29398,841,6,25,1
29399,841,7,2,0
29400,841,8,13,0
29401,841,9,8,0
29402,841,10,15,0
29403,841,11,40,2
29404,841,12,32,1
29405,841,13,27,1
29406,841,14,10,0
29407,841,15,20,1
29408,841,16,37,0
29409,841,17,15,1
29410,841,18,12,1
29411,841,19,23,1
29412,841,20,34,2
29413,841,21,15,1
29414,841,22,14,0
29415,841,23,12,0
29416,841,24,18,0
29417,841,25,39,2
29418,841,26,14,0
29419,841,27,20,1
29420,841,28,36,0
29421,841,29,13,0
29422,841,30,58,3
29423,841,31,13,1
29424,841,32,19,1
29425,841,33,16,1
29426,841,34,16,1
29427,841,35,9,0
29428,842,1,21,1
29429,842,2,17,1
29430,842,3,11,0
29431,842,4,15,1
29432,842,5,12,1
29433,842,6,18,1
29434,842,7,8,0
29435,842,8,17,1
29436,842,9,15,1
29437,842,10,22,1
29438,842,11,10,1
29439,842,12,22,1
29440,842,13,20,1
29441,842,14,20,1
29442,842,15,12,0
29443,842,16,10,0
29444,842,17,17,0
29445,842,18,17,1
29446,842,19,10,0
29447,842,20,17,1
29448,842,21,11,0
29449,842,22,21,1
29450,842,23,22,1
29451,842,24,22,1
29452,842,25,9,0
29453,842,26,6,0
29454,842,27,12,0
29455,842,28,17,1
29456,842,29,11,1
29457,842,30,12,1
29458,842,31,12,0
29459,842,32,23,1
29460,842,33,19,0
29461,842,34,23,0
29462,842,35,24,1
29463,843,1,5,0
29464,843,2,9,0
29465,843,3,9,0
29466,843,4,27,1
29467,843,5,14,1
29468,843,6,7,0
29469,843,7,13,1
29470,843,8,9,0
29471,843,9,15,1
29472,843,10,14,0
29473,843,11,6,0
29474,843,12,10,1
29475,843,13,5,0
29476,843,14,9,0
29477,843,15,8,0
29478,843,16,14,0
29479,843,17,12,1
29480,843,18,17,0
29481,843,19,8,0
29482,843,20,11,0
29483,843,21,7,0
29484,843,22,6,0
29485,843,23,7,0
29486,843,24,10,0
29487,843,25,10,0
29488,843,26,19,1
29489,843,27,10,0
29490,843,28,9,1
29491,843,29,14,0
29492,843,30,5,0
29493,843,31,17,0
29494,843,32,15,0
29495,843,33,23,1
29496,843,34,20,0
29497,843,35,12,1
29498,844,1,10,0
29499,844,2,14,1
29500,844,3,28,1
29501,844,4,39,2
29502,844,5,14,0
29503,844,6,18,1
29504,844,7,20,1
29505,844,8,12,0
29506,844,9,20,1
29507,844,10,10,0
29508,844,11,34,1
29509,844,12,21,1
29510,844,13,21,1
29511,844,14,12,0
29512,844,15,21,1
29513,844,16,12,1
29514,844,17,22,1
29515,844,18,12,0
29516,844,19,21,1
29517,844,20,13,1
29518,844,21,20,1
29519,844,22,16,1
29520,844,23,17,1
29521,844,24,15,1
29522,844,25,18,1
29523,844,26,25,1
29524,844,27,16,1
29525,844,28,22,1
29526,844,29,14,0
29527,844,30,18,1
29528,844,31,18,1
29529,844,32,18,0
29530,844,33,14,0
29531,844,34,41,2
29532,844,35,16,1
29533,845,1,24,1
29534,845,2,20,1
29535,845,3,13,1
29536,845,4,26,0
29537,845,5,24,1
29538,845,6,20,1
29539,845,7,9,0
29540,845,8,27,1
29541,845,9,8,0
29542,845,10,24,1
29543,845,11,16,1
29544,845,12,40,1
29545,845,13,18,1
29546,845,14,43,1
29547,845,15,8,0
29548,845,16,14,1
29549,845,17,43,2
29550,845,18,13,0
29551,845,19,9,1
29552,845,20,26,1
29553,845,21,26,1
29554,845,22,38,2
29555,845,23,19,0
29556,845,24,42,2
29557,845,25,17,1
29558,845,26,47,3
29559,845,27,31,2
29560,845,28,11,0
29561,845,29,10,0
29562,845,30,16,1
29563,845,31,23,1
29564,845,32,13,1
29565,845,33,29,0
29566,845,34,23,1
29567,845,35,21,1
29568,846,1,27,1
29569,846,2,20,1
29570,846,3,15,0
29571,846,4,8,0
29572,846,5,34,2
29573,846,6,18,1
29574,846,7,16,1
29575,846,8,15,1
29576,846,9,13,1
29577,846,10,29,1
29578,846,11,17,1
29579,846,12,4,0
29580,846,13,23,0
29581,846,14,21,1
29582,846,15,7,0
29583,846,16,19,1
29584,846,17,9,0
29585,846,18,7,0
29586,846,19,25,1
29587,846,20,16,0
29588,846,21,11,0
29589,846,22,9,0
29590,846,23,45,1
29591,846,24,16,1
29592,846,25,15,0
29593,846,26,17,1
29594,846,27,10,0
29595,846,28,14,1
29596,846,29,9,0
29597,846,30,18,0
29598,846,31,16,0
29599,846,32,20,1
29600,846,33,19,1
29601,846,34,10,0
29602,846,35,10,0
29603,847,1,5,0
29604,847,2,7,0
29605,847,3,12,0
29606,847,4,14,0
29607,847,5,8,0
29608,847,6,8,0
29609,847,7,14,1
29610,847,8,4,0
29611,847,9,4,0
29612,847,10,13,0
29613,847,11,17,1
29614,847,12,14,0
29615,847,13,5,0
29616,847,14,19,1
29617,847,15,9,0
29618,847,16,12,0
29619,847,17,11,0
29620,847,18,18,1
29621,847,19,10,0
29622,847,20,26,2
29623,847,21,8,0
29624,847,22,13,1
29625,847,23,30,1
29626,847,24,11,0
29627,847,25,3,0
29628,847,26,5,0
29629,847,27,19,1
29630,847,28,5,0
29631,847,29,15,1
29632,847,30,16,1
29633,847,31,27,1
29634,847,32,18,1
29635,847,33,8,0
29636,847,34,7,0
29637,847,35,16,1
29638,848,1,30,1
29639,848,2,16,1
29640,848,3,19,1
29641,848,4,9,0
29642,848,5,15,1
29643,848,6,22,1
29644,848,7,18,0
29645,848,8,17,0
29646,848,9,18,0
29647,848,10,14,0
29648,848,11,10,0
29649,848,12,44,1
29650,848,13,27,1
29651,848,14,15,1
29652,848,15,26,1
29653,848,16,17,0
29654,848,17,14,0
29655,848,18,20,1
29656,848,19,24,1
29657,848,20,34,1
29658,848,21,15,1
29659,848,22,11,0
29660,848,23,30,1
29661,848,24,13,0
29662,848,25,16,1
29663,848,26,20,1
29664,848,27,31,2
29665,848,28,25,0
29666,848,29,17,1
29667,848,30,8,0
29668,848,31,25,0
29669,848,32,20,1
29670,848,33,16,1
29671,848,34,19,0
29672,848,35,26,1
29673,849,1,9,0
29674,849,2,31,2
29675,849,3,47,2
29676,849,4,34,1
29677,849,5,11,1
29678,849,6,13,1
29679,849,7,25,1
29680,849,8,31,1
29681,849,9,21,0
29682,849,10,43,1
29683,849,11,19,0
29684,849,12,34,1
29685,849,13,28,1
29686,849,14,13,0
29687,849,15,27,1
29688,849,16,34,2
29689,849,17,27,1
29690,849,18,17,1
29691,849,19,19,1
29692,849,20,22,1
29693,849,21,13,0
29694,849,22,53,2
29695,849,23,23,0
29696,849,24,34,1
29697,849,25,37,2
29698,849,26,34,1
29699,849,27,10,0
29700,849,28,26,1
29701,849,29,37,2
29702,849,30,33,1
29703,849,31,23,1
29704,849,32,39,2
29705,849,33,38,2
29706,849,34,57,1
29707,849,35,35,1
29708,850,1,18,1
29709,850,2,18,1
29710,850,3,24,1
29711,850,4,17,1
29712,850,5,16,1
29713,850,6,28,1
29714,850,7,11,1
29715,850,8,22,1
29716,850,9,34,2
29717,850,10,5,0
29718,850,11,16,1
29719,850,12,13,0
29720,850,13,14,0
29721,850,14,9,0
29722,850,15,17,1
29723,850,16,23,0
29724,850,17,30,1
29725,850,18,22,0
29726,850,19,11,0
29727,850,20,15,0
29728,850,21,8,0
29729,850,22,25,1
29730,850,23,9,0
29731,850,24,20,0
29732,850,25,19,1
29733,850,26,14,1
29734,850,27,12,0
29735,850,28,15,1
29736,850,29,14,0
29737,850,30,36,0
29738,850,31,38,1
29739,850,32,23,1
29740,850,33,24,1
29741,850,34,13,0
29742,850,35,33,0
29743,851,1,6,0
29744,851,2,13,0
29745,851,3,15,0
29746,851,4,8,0
29747,851,5,8,0
29748,851,6,37,1
29749,851,7,26,2
29750,851,8,13,0
29751,851,9,14,1
29752,851,10,21,1
29753,851,11,9,0
29754,851,12,15,0
29755,851,13,16,0
29756,851,14,28,0
29757,851,15,37,1
29758,851,16,16,1
29759,851,17,11,0
29760,851,18,17,1
29761,851,19,13,0
29762,851,20,21,1
29763,851,21,13,1
29764,851,22,18,0
29765,851,23,25,1
29766,851,24,18,1
29767,851,25,22,1
29768,851,26,18,0
29769,851,27,12,0
29770,851,28,11,1
29771,851,29,14,1
29772,851,30,34,1
29773,851,31,16,1
29774,851,32,17,1
29775,851,33,17,1
29776,851,34,13,1
29777,851,35,5,0
29778,852,1,16,0
29779,852,2,44,2
29780,852,3,37,2
29781,852,4,31,1
29782,852,5,9,0
29783,852,6,19,1
29784,852,7,27,1
29785,852,8,20,1
29786,852,9,24,1
29787,852,10,21,1
29788,852,11,19,0
29789,852,12,22,1
29790,852,13,19,1
29791,852,14,13,1
29792,852,15,38,2
29793,852,16,39,1
29794,852,17,32,1
29795,852,18,14,0
29796,852,19,20,1
29797,852,20,21,1
29798,852,21,10,0
29799,852,22,32,1
29800,852,23,18,1
29801,852,24,20,1
29802,852,25,40,1
29803,852,26,32,1
29804,852,27,29,1
29805,852,28,35,2
29806,852,29,32,1
29807,852,30,41,1
29808,852,31,22,1
29809,852,32,10,0
29810,852,33,40,2
29811,852,34,25,1
29812,852,35,25,1
29813,853,1,18,0
29814,853,2,46,1
29815,853,3,29,1
29816,853,4,76,2
29817,853,5,28,1
29818,853,6,27,2
29819,853,7,53,2
29820,853,8,49,1
29821,853,9,23,1
29822,853,10,28,1
29823,853,11,30,1
29824,853,12,25,0
29825,853,13,61,3
29826,853,14,34,0
29827,853,15,54,2
29828,853,16,21,1
29829,853,17,26,0
29830,853,18,17,1
29831,853,19,20,1
29832,853,20,25,1
29833,853,21,29,0
29834,853,22,13,1
29835,853,23,35,1
29836,853,24,21,0
29837,853,25,15,1
29838,853,26,58,1
29839,853,27,34,1
29840,853,28,34,1
29841,853,29,28,1
29842,853,30,38,1
29843,853,31,29,1
29844,853,32,50,3
29845,853,33,23,1
29846,853,34,37,1
29847,853,35,44,2
29848,854,1,8,0
29849,854,2,21,1
29850,854,3,41,1
29851,854,4,16,1
29852,854,5,9,0
29853,854,6,18,0
29854,854,7,21,1
29855,854,8,31,1
29856,854,9,32,1
29857,854,10,17,1
29858,854,11,19,0
29859,854,12,21,1
29860,854,13,8,0
29861,854,14,20,1
29862,854,15,11,1
29863,854,16,17,0
29864,854,17,29,1
29865,854,18,12,0
29866,854,19,13,0
29867,854,20,17,0
29868,854,21,11,0
29869,854,22,18,1
29870,854,23,13,0
29871,854,24,26,0
29872,854,25,24,1
29873,854,26,32,2
29874,854,27,14,1
29875,854,28,8,0
29876,854,29,26,1
29877,854,30,16,1
29878,854,31,13,0
29879,854,32,16,0
29880,854,33,22,1
29881,854,34,44,1
29882,854,35,29,1
29883,855,1,16,1
29884,855,2,7,0
29885,855,3,21,0
29886,855,4,19,1
29887,855,5,17,0
29888,855,6,16,0
29889,855,7,23,1
29890,855,8,10,0
29891,855,9,27,2
29892,855,10,15,0
29893,855,11,9,1
29894,855,12,16,1
29895,855,13,9,0
29896,855,14,23,0
29897,855,15,28,1
29898,855,16,12,0
29899,855,17,13,0
29900,855,18,10,0
29901,855,19,8,0
29902,855,20,7,0
29903,855,21,10,0
29904,855,22,21,1
29905,855,23,26,1
29906,855,24,14,1
29907,855,25,18,1
29908,855,26,18,0
29909,855,27,9,0
29910,855,28,20,0
29911,855,29,17,0
29912,855,30,6,0
29913,855,31,17,1
29914,855,32,38,1
29915,855,33,14,1
29916,855,34,6,0
29917,855,35,20,1
29918,856,1,20,1
29919,856,2,31,1
29920,856,3,32,1
29921,856,4,21,0
29922,856,5,25,0
29923,856,6,13,1
29924,856,7,24,1
29925,856,8,25,1
29926,856,9,17,1
29927,856,10,23,0
29928,856,11,12,0
29929,856,12,40,0
29930,856,13,13,0
29931,856,14,32,1
29932,856,15,40,1
29933,856,16,24,1
29934,856,17,59,3
29935,856,18,28,0
29936,856,19,44,2
29937,856,20,10,0
29938,856,21,50,1
29939,856,22,27,1
29940,856,23,27,1
29941,856,24,23,1
29942,856,25,22,1
29943,856,26,24,1
29944,856,27,56,2
29945,856,28,35,1
29946,856,29,20,1
29947,856,30,24,1
29948,856,31,19,1
29949,856,32,23,1
29950,856,33,30,1
29951,856,34,18,1
29952,856,35,19,1
29953,857,1,46,1
29954,857,2,43,1
29955,857,3,39,1
29956,857,4,19,0
29957,857,5,47,2
29958,857,6,11,1
29959,857,7,15,0
29960,857,8,44,2
29961,857,9,40,2
29962,857,10,18,1
29963,857,11,17,1
29964,857,12,26,1
29965,857,13,47,3
29966,857,14,50,1
29967,857,15,40,1
29968,857,16,31,1
29969,857,17,23,1
29970,857,18,59,1
29971,857,19,31,2
29972,857,20,55,2
29973,857,21,51,2
29974,857,22,37,2
29975,857,23,63,1
29976,857,24,30,1
29977,857,25,70,4
29978,857,26,27,0
29979,857,27,25,0
29980,857,28,31,1
29981,857,29,50,2
29982,857,30,27,1
29983,857,31,73,2
29984,857,32,16,1
29985,857,33,23,1
29986,857,34,40,1
29987,857,35,21,1
29988,858,1,4,0
29989,858,2,18,0
29990,858,3,26,1
29991,858,4,12,0
29992,858,5,20,1
29993,858,6,14,1
29994,858,7,41,1
29995,858,8,41,2
29996,858,9,9,0
29997,858,10,16,1
29998,858,11,31,1
29999,858,12,28,0
30000,858,13,32,2
30001,858,14,13,1
30002,858,15,18,1
30003,858,16,7,0
30004,858,17,13,0
30005,858,18,54,3
30006,858,19,55,0
30007,858,20,32,1
30008,858,21,31,1
30009,858,22,33,0
30010,858,23,15,1
30011,858,24,38,1
30012,858,25,27,1
30013,858,26,11,0
30014,858,27,5,0
30015,858,28,10,1
30016,858,29,17,0
30017,858,30,30,1
30018,858,31,18,1
30019,858,32,13,0
30020,858,33,15,1
30021,858,34,25,1
30022,858,35,23,0
30023,859,1,27,1
30024,859,2,25,1
30025,859,3,15,1
30026,859,4,34,2
30027,859,5,26,1
30028,859,6,32,1
30029,859,7,10,0
30030,859,8,1,0
30031,859,9,5,0
30032,859,10,23,0
30033,859,11,8,0
30034,859,12,11,1
30035,859,13,16,0
30036,859,14,24,1
30037,859,15,25,0
30038,859,16,28,1
30039,859,17,39,1
30040,859,18,28,1
30041,859,19,55,2
30042,859,20,13,1
30043,859,21,34,1
30044,859,22,29,1
30045,859,23,20,0
30046,859,24,34,1
30047,859,25,24,1
30048,859,26,19,1
30049,859,27,16,0
30050,859,28,15,0
30051,859,29,15,1
30052,859,30,17,0
30053,859,31,28,1
30054,859,32,11,1
30055,859,33,15,1
30056,859,34,7,0
30057,859,35,13,1
30058,860,1,30,1
30059,860,2,29,1
30060,860,3,21,0
30061,860,4,25,0
30062,860,5,20,0
30063,860,6,34,2
30064,860,7,14,0
30065,860,8,36,1
30066,860,9,33,1
30067,860,10,22,1
30068,860,11,56,3
30069,860,12,20,0
30070,860,13,12,1
30071,860,14,28,1
30072,860,15,43,1
30073,860,16,12,1
30074,860,17,43,1
30075,860,18,21,1
30076,860,19,11,0
30077,860,20,49,2
30078,860,21,47,2
30079,860,22,39,1
30080,860,23,11,1
30081,860,24,38,1
30082,860,25,44,0
30083,860,26,16,0
30084,860,27,26,0
30085,860,28,26,0
30086,860,29,21,0
30087,860,30,24,1
30088,860,31,31,1
30089,860,32,14,0
30090,860,33,16,0
30091,860,34,31,2
30092,860,35,28,0
30093,861,1,20,0
30094,861,2,28,0
30095,861,3,54,3
30096,861,4,44,1
30097,861,5,33,1
30098,861,6,34,2
30099,861,7,42,1
30100,861,8,19,0
30101,861,9,40,2
30102,861,10,21,1
30103,861,11,56,2
30104,861,12,22,1
30105,861,13,30,1
30106,861,14,43,1
30107,861,15,10,0
30108,861,16,25,1
30109,861,17,29,2
30110,861,18,21,0
30111,861,19,40,2
30112,861,20,34,2
30113,861,21,35,1
30114,861,22,43,0
30115,861,23,50,2
30116,861,24,26,1
30117,861,25,39,0
30118,861,26,20,0
30119,861,27,14,1
30120,861,28,25,1
30121,861,29,28,1
30122,861,30,33,2
30123,861,31,24,1
30124,861,32,53,1
30125,861,33,51,1
30126,861,34,31,2
30127,861,35,40,0
30128,862,1,37,1
30129,862,2,14,0
30130,862,3,9,0
30131,862,4,12,0
30132,862,5,13,0
30133,862,6,16,1
30134,862,7,18,1
30135,862,8,17,1
30136,862,9,40,1
30137,862,10,16,1
30138,862,11,16,1
30139,862,12,26,1
30140,862,13,34,1
30141,862,14,26,1
30142,862,15,24,0
30143,862,16,19,1
30144,862,17,8,0
30145,862,18,16,1
30146,862,19,15,0
30147,862,20,15,1
30148,862,21,24,1
30149,862,22,9,0
30150,862,23,27,1
30151,862,24,14,1
30152,862,25,8,0
30153,862,26,21,1
30154,862,27,14,1
30155,862,28,18,1
30156,862,29,17,0
30157,862,30,20,0
30158,862,31,10,0
30159,862,32,16,0
30160,862,33,20,0
30161,862,34,22,1
30162,862,35,8,0
30163,863,1,26,1
30164,863,2,13,0
30165,863,3,9,0
30166,863,4,16,1
30167,863,5,22,1
30168,863,6,16,0
30169,863,7,3,0
30170,863,8,25,0
30171,863,9,10,0
30172,863,10,8,0
30173,863,11,18,1
30174,863,12,8,0
30175,863,13,20,1
30176,863,14,13,0
30177,863,15,10,0
30178,863,16,12,0
30179,863,17,20,0
30180,863,18,20,1
30181,863,19,6,0
30182,863,20,21,1
30183,863,21,16,1
30184,863,22,44,1
30185,863,23,17,0
30186,863,24,26,1
30187,863,25,15,1
30188,863,26,21,0
30189,863,27,9,0
30190,863,28,16,0
30191,863,29,14,0
30192,863,30,20,1
30193,863,31,19,0
30194,863,32,30,2
30195,863,33,21,1
30196,863,34,17,0
30197,863,35,13,1
30198,864,1,30,1
30199,864,2,13,1
30200,864,3,41,2
30201,864,4,11,0
30202,864,5,50,3
30203,864,6,31,1
30204,864,7,43,2
30205,864,8,16,0
30206,864,9,49,1
30207,864,10,40,1
30208,864,11,46,2
30209,864,12,23,0
30210,864,13,23,1
30211,864,14,29,1
30212,864,15,40,2
30213,864,16,29,1
30214,864,17,22,1
30215,864,18,35,1
30216,864,19,47,3
30217,864,20,42,2
30218,864,21,23,1
30219,864,22,15,0
30220,864,23,20,1
30221,864,24,28,1
30222,864,25,6,0
30223,864,26,31,2
30224,864,27,51,3
30225,864,28,30,1
30226,864,29,19,1
30227,864,30,11,0
30228,864,31,27,1
30229,864,32,28,1
30230,864,33,19,1
30231,864,34,20,0
30232,864,35,36,1
30233,865,1,29,1
30234,865,2,18,1
30235,865,3,31,1
30236,865,4,22,1
30237,865,5,25,0
30238,865,6,25,0
30239,865,7,19,1
30240,865,8,17,1
30241,865,9,18,0
30242,865,10,36,2
30243,865,11,22,1
30244,865,12,17,0
30245,865,13,18,1
30246,865,14,24,1
30247,865,15,31,1
30248,865,16,29,2
30249,865,17,8,0
30250,865,18,24,1
30251,865,19,19,0
30252,865,20,8,0
30253,865,21,27,1
30254,865,22,16,0
30255,865,23,27,0
30256,865,24,22,0
30257,865,25,26,0
30258,865,26,10,0
30259,865,27,16,0
30260,865,28,14,0
30261,865,29,25,0
30262,865,30,33,2
30263,865,31,12,1
30264,865,32,12,1
30265,865,33,14,0
30266,865,34,19,1
30267,865,35,21,1
30268,866,1,23,1
30269,866,2,12,1
30270,866,3,20,1
30271,866,4,14,1
30272,866,5,8,0
30273,866,6,9,0
30274,866,7,26,1
30275,866,8,22,1
30276,866,9,8,0
30277,866,10,30,0
30278,866,11,15,1
30279,866,12,34,1
30280,866,13,13,1
30281,866,14,9,0
30282,866,15,11,0
30283,866,16,16,0
30284,866,17,18,1
30285,866,18,14,1
30286,866,19,18,1
30287,866,20,8,0
30288,866,21,12,1
30289,866,22,7,0
30290,866,23,8,0
30291,866,24,8,0
30292,866,25,14,0
30293,866,26,24,1
30294,866,27,11,0
30295,866,28,24,1
30296,866,29,23,1
30297,866,30,10,0
30298,866,31,9,1
30299,866,32,12,1
30300,866,33,13,0
30301,866,34,15,1
30302,866,35,16,1
30303,867,1,20,1
30304,867,2,10,0
30305,867,3,9,0
30306,867,4,19,0
30307,867,5,12,0
30308,867,6,2,0
30309,867,7,12,0
30310,867,8,15,0
30311,867,9,18,0
30312,867,10,13,0
30313,867,11,7,0
30314,867,12,13,0
30315,867,13,13,1
30316,867,14,14,0
30317,867,15,8,0
30318,867,16,6,0
30319,867,17,7,0
30320,867,18,8,0
30321,867,19,16,0
30322,867,20,7,0
30323,867,21,12,0
30324,867,22,5,0
30325,867,23,7,0
30326,867,24,16,1
30327,867,25,13,0
30328,867,26,8,0
30329,867,27,14,0
30330,867,28,8,0
30331,867,29,3,0
30332,867,30,9,0
30333,867,31,10,1
30334,867,32,26,0
30335,867,33,17,1
30336,867,34,10,0
30337,867,35,8,0
30338,868,1,18,1
30339,868,2,19,0
30340,868,3,19,1
30341,868,4,13,0
30342,868,5,20,0
30343,868,6,17,0
30344,868,7,19,1
30345,868,8,14,0
30346,868,9,29,2
30347,868,10,9,1
30348,868,11,21,1
30349,868,12,20,0
30350,868,13,20,1
30351,868,14,14,1
30352,868,15,12,1
30353,868,16,5,0
30354,868,17,28,1
30355,868,18,13,0
30356,868,19,7,0
30357,868,20,15,1
30358,868,21,11,0
30359,868,22,35,0
30360,868,23,24,1
30361,868,24,22,1
30362,868,25,21,1
30363,868,26,8,0
30364,868,27,25,0
30365,868,28,43,2
30366,868,29,23,1
30367,868,30,24,0
30368,868,31,27,0
30369,868,32,15,1
30370,868,33,19,1
30371,868,34,14,0
30372,868,35,13,0
30373,869,1,22,0
30374,869,2,24,1
30375,869,3,24,1
30376,869,4,22,1
30377,869,5,21,1
30378,869,6,18,1
30379,869,7,9,0
30380,869,8,30,2
30381,869,9,22,1
30382,869,10,13,0
30383,869,11,17,1
30384,869,12,56,3
30385,869,13,26,1
30386,869,14,34,2
30387,869,15,35,2
30388,869,16,24,1
30389,869,17,32,1
30390,869,18,22,0
30391,869,19,15,0
30392,869,20,15,1
30393,869,21,9,0
30394,869,22,32,1
30395,869,23,28,1
30396,869,24,27,1
30397,869,25,25,1
30398,869,26,28,2
30399,869,27,10,0
30400,869,28,27,0
30401,869,29,10,0
30402,869,30,30,2
30403,869,31,8,0
30404,869,32,25,0
30405,869,33,28,1
30406,869,34,15,0
30407,869,35,23,0
30408,870,1,8,0
30409,870,2,18,1
30410,870,3,1,0
30411,870,4,14,1
30412,870,5,14,1
30413,870,6,11,1
30414,870,7,15,1
30415,870,8,14,1
30416,870,9,10,1
30417,870,10,12,1
30418,870,11,11,0
30419,870,12,13,1
30420,870,13,22,1
30421,870,14,15,0
30422,870,15,13,1
30423,870,16,21,0
30424,870,17,10,0
30425,870,18,15,0
30426,870,19,11,0
30427,870,20,10,1
30428,870,21,23,1
30429,870,22,6,0
30430,870,23,14,1
30431,870,24,28,1
30432,870,25,18,0
30433,870,26,20,0
30434,870,27,9,0
30435,870,28,15,1
30436,870,29,13,0
30437,870,30,11,0
30438,870,31,20,0
30439,870,32,11,0
30440,870,33,8,0
30441,870,34,5,0
30442,870,35,19,1
30443,871,1,16,1
30444,871,2,6,0
30445,871,3,11,0
30446,871,4,11,0
30447,871,5,25,0
30448,871,6,9,0
30449,871,7,11,1
30450,871,8,34,1
30451,871,9,10,0
30452,871,10,15,0
30453,871,11,1,0
30454,871,12,18,0
30455,871,13,21,1
30456,871,14,12,0
30457,871,15,16,1
30458,871,16,9,0
30459,871,17,19,1
30460,871,18,20,1
30461,871,19,13,0
30462,871,20,9,0
30463,871,21,38,1
30464,871,22,18,1
30465,871,23,7,0
30466,871,24,9,0
30467,871,25,9,0
30468,871,26,12,1
30469,871,27,8,0
30470,871,28,6,0
30471,871,29,6,0
30472,871,30,13,0
30473,871,31,11,0
30474,871,32,13,1
30475,871,33,16,0
30476,871,34,10,0
30477,871,35,11,1
30478,872,1,6,0
30479,872,2,21,1
30480,872,3,43,1
30481,872,4,16,0
30482,872,5,19,0
30483,872,6,7,0
30484,872,7,30,1
30485,872,8,10,0
30486,872,9,10,1
30487,872,10,13,1
30488,872,11,29,1
30489,872,12,27,1
30490,872,13,15,1
30491,872,14,20,1
30492,872,15,26,1
30493,872,16,18,0
30494,872,17,34,1
30495,872,18,32,1
30496,872,19,18,1
30497,872,20,1,0
30498,872,21,28,1
30499,872,22,13,1
30500,872,23,10,0
30501,872,24,26,2
30502,872,25,20,1
30503,872,26,22,0
30504,872,27,7,0
30505,872,28,14,1
30506,872,29,11,1
30507,872,30,12,0
30508,872,31,17,1
30509,872,32,25,0
30510,872,33,9,0
30511,872,34,12,0
30512,872,35,14,0
30513,873,1,33,1
30514,873,2,13,0
30515,873,3,26,1
30516,873,4,19,0
30517,873,5,22,1
30518,873,6,27,1
30519,873,7,42,1
30520,873,8,45,2
30521,873,9,33,1
30522,873,10,12,0
30523,873,11,20,1
30524,873,12,4,0
30525,873,13,11,0
30526,873,14,26,1
30527,873,15,40,1
30528,873,16,26,1
30529,873,17,17,0
30530,873,18,33,1
30531,873,19,22,0
30532,873,20,32,1
30533,873,21,6,0
30534,873,22,18,1
30535,873,23,18,1
30536,873,24,27,1
30537,873,25,26,1
30538,873,26,14,0
30539,873,27,28,1
30540,873,28,13,0
30541,873,29,9,0
30542,873,30,45,2
30543,873,31,18,0
30544,873,32,14,1
30545,873,33,18,0
30546,873,34,34,1
30547,873,35,31,1
30548,874,1,11,1
30549,874,2,9,1
30550,874,3,26,0
30551,874,4,25,0
30552,874,5,15,1
30553,874,6,18,1
30554,874,7,11,0
30555,874,8,11,1
30556,874,9,8,0
30557,874,10,22,1
30558,874,11,21,0
30559,874,12,14,1
30560,874,13,15,0
30561,874,14,17,1
30562,874,15,11,0
30563,874,16,9,0
30564,874,17,25,0
30565,874,18,14,1
30566,874,19,15,1
30567,874,20,36,2
30568,874,21,28,1
30569,874,22,28,1
30570,874,23,19,1
30571,874,24,18,1
30572,874,25,27,1
30573,874,26,19,1
30574,874,27,10,0
30575,874,28,10,0
30576,874,29,11,0
30577,874,30,27,1
30578,874,31,12,1
30579,874,32,13,0
30580,874,33,31,0
30581,874,34,10,0
30582,874,35,13,1
30583,875,1,12,1
30584,875,2,20,1
30585,875,3,13,0
30586,875,4,16,0
30587,875,5,21,1
30588,875,6,19,1
30589,875,7,9,0
30590,875,8,21,0
30591,875,9,10,1
30592,875,10,19,0
30593,875,11,10,0
30594,875,12,3,0
30595,875,13,29,1
30596,875,14,32,0
30597,875,15,13,0
30598,875,16,16,0
30599,875,17,23,0
30600,875,18,17,0
30601,875,19,6,0
30602,875,20,3,0
30603,875,21,15,0
30604,875,22,25,1
30605,875,23,19,0
30606,875,24,13,0
30607,875,25,20,1
30608,875,26,14,0
30609,875,27,9,0
30610,875,28,8,0
30611,875,29,28,0
30612,875,30,16,0
30613,875,31,3,0
30614,875,32,10,0
30615,875,33,13,1
30616,875,34,10,0
30617,875,35,26,2
30618,876,1,24,1
30619,876,2,17,0
30620,876,3,17,0
30621,876,4,21,1
30622,876,5,27,0
30623,876,6,9,0
30624,876,7,19,1
30625,876,8,23,1
30626,876,9,12,0
30627,876,10,44,1
30628,876,11,29,1
30629,876,12,9,0
30630,876,13,13,1
30631,876,14,26,1
30632,876,15,3,0
30633,876,16,14,0
30634,876,17,8,0
30635,876,18,17,1
30636,876,19,28,1
30637,876,20,23,1
30638,876,21,23,1
30639,876,22,13,0
30640,876,23,10,0
30641,876,24,11,0
30642,876,25,25,1
30643,876,26,14,0
30644,876,27,21,1
30645,876,28,7,0
30646,876,29,12,1
30647,876,30,15,1
30648,876,31,17,1
30649,876,32,31,2
30650,876,33,11,0
30651,876,34,21,1
30652,876,35,23,1
30653,877,1,13,0
30654,877,2,66,4
30655,877,3,47,3
30656,877,4,26,1
30657,877,5,37,1
30658,877,6,22,1
30659,877,7,16,1
30660,877,8,13,1
30661,877,9,19,0
30662,877,10,42,2
30663,877,11,17,0
30664,877,12,38,1
30665,877,13,45,1
30666,877,14,35,1
30667,877,15,43,0
30668,877,16,23,1
30669,877,17,18,0
30670,877,18,21,1
30671,877,19,15,1
30672,877,20,19,0
30673,877,21,22,1
30674,877,22,30,0
30675,877,23,38,1
30676,877,24,19,1
30677,877,25,32,2
30678,877,26,22,0
30679,877,27,23,0
30680,877,28,16,1
30681,877,29,37,2
30682,877,30,31,1
30683,877,31,36,2
30684,877,32,23,1
30685,877,33,23,0
30686,877,34,27,1
30687,877,35,24,1
30688,878,1,16,0
30689,878,2,10,0
30690,878,3,13,1
30691,878,4,34,1
30692,878,5,10,0
30693,878,6,7,0
30694,878,7,23,1
30695,878,8,34,1
30696,878,9,10,0
30697,878,10,20,1
30698,878,11,19,1
30699,878,12,13,1
30700,878,13,14,1
30701,878,14,28,1
30702,878,15,7,0
30703,878,16,22,1
30704,878,17,22,1
30705,878,18,6,0
30706,878,19,16,1
30707,878,20,16,0
30708,878,21,24,1
30709,878,22,17,0
30710,878,23,30,1
30711,878,24,17,1
30712,878,25,5,0
30713,878,26,9,0
30714,878,27,28,1
30715,878,28,11,0
30716,878,29,7,0
30717,878,30,14,0
30718,878,31,13,0
30719,878,32,12,1
30720,878,33,14,0
30721,878,34,10,1
30722,878,35,8,0
30723,879,1,25,0
30724,879,2,6,0
30725,879,3,17,1
30726,879,4,15,1
30727,879,5,10,1
30728,879,6,8,0
30729,879,7,26,1
30730,879,8,12,1
30731,879,9,17,1
30732,879,10,13,1
30733,879,11,19,0
30734,879,12,19,0
30735,879,13,10,0
30736,879,14,16,1
30737,879,15,23,0
30738,879,16,19,1
30739,879,17,8,0
30740,879,18,18,1
30741,879,19,8,0
30742,879,20,8,0
30743,879,21,27,2
30744,879,22,8,0
30745,879,23,26,1
30746,879,24,5,0
30747,879,25,13,0
30748,879,26,19,1
30749,879,27,9,0
30750,879,28,20,1
30751,879,29,29,1
30752,879,30,12,0
30753,879,31,6,0
30754,879,32,11,1
30755,879,33,23,0
30756,879,34,22,1
30757,879,35,23,1
30758,880,1,14,0
30759,880,2,9,0
30760,880,3,45,1
30761,880,4,24,1
30762,880,5,23,0
30763,880,6,14,1
30764,880,7,31,1
30765,880,8,18,0
30766,880,9,9,0
30767,880,10,16,1
30768,880,11,22,0
30769,880,12,16,0
30770,880,13,23,1
30771,880,14,14,0
30772,880,15,33,1
30773,880,16,38,0
30774,880,17,18,1
30775,880,18,12,0
30776,880,19,37,1
30777,880,20,11,0
30778,880,21,14,1
30779,880,22,22,1
30780,880,23,28,1
30781,880,24,6,0
30782,880,25,34,1
30783,880,26,13,0
30784,880,27,10,0
30785,880,28,40,0
30786,880,29,20,1
30787,880,30,9,0
30788,880,31,44,2
30789,880,32,27,1
30790,880,33,20,0
30791,880,34,40,1
30792,880,35,15,1
30793,881,1,59,3
30794,881,2,12,0
30795,881,3,19,1
30796,881,4,43,0
30797,881,5,23,1
30798,881,6,14,0
30799,881,7,33,1
30800,881,8,44,2
30801,881,9,27,1
30802,881,10,16,0
30803,881,11,21,1
30804,881,12,35,1
30805,881,13,20,1
30806,881,14,22,1
30807,881,15,24,0
30808,881,16,21,0
30809,881,17,32,2
30810,881,18,14,0
30811,881,19,30,2
30812,881,20,49,2
30813,881,21,40,2
30814,881,22,19,0
30815,881,23,24,0
30816,881,24,44,2
30817,881,25,16,0
30818,881,26,18,1
30819,881,27,32,1
30820,881,28,37,2
30821,881,29,70,3
30822,881,30,31,1
30823,881,31,20,0
30824,881,32,38,1
30825,881,33,7,0
30826,881,34,49,3
30827,881,35,11,0
30828,882,1,10,0
30829,882,2,16,1
30830,882,3,12,0
30831,882,4,17,1
30832,882,5,17,1
30833,882,6,23,0
30834,882,7,14,1
30835,882,8,18,0
30836,882,9,53,2
30837,882,10,12,0
30838,882,11,38,2
30839,882,12,12,0
30840,882,13,16,0
30841,882,14,17,0
30842,882,15,25,1
30843,882,16,15,1
30844,882,17,31,0
30845,882,18,28,1
30846,882,19,20,1
30847,882,20,36,1
30848,882,21,25,1
30849,882,22,28,2
30850,882,23,32,1
30851,882,24,31,1
30852,882,25,12,0
30853,882,26,32,1
30854,882,27,18,1
30855,882,28,13,0
30856,882,29,20,1
30857,882,30,20,0
30858,882,31,16,0
30859,882,32,19,1
30860,882,33,25,1
30861,882,34,16,0
30862,882,35,10,1
30863,883,1,9,0
30864,883,2,14,1
30865,883,3,22,1
30866,883,4,14,1
30867,883,5,38,2
30868,883,6,29,0
30869,883,7,17,1
30870,883,8,20,1
30871,883,9,25,1
30872,883,10,14,1
30873,883,11,19,1
30874,883,12,32,1
30875,883,13,12,0
30876,883,14,19,1
30877,883,15,28,0
30878,883,16,9,0
30879,883,17,5,0
30880,883,18,23,1
30881,883,19,21,1
30882,883,20,5,0
30883,883,21,18,1
30884,883,22,24,0
30885,883,23,33,1
30886,883,24,21,1
30887,883,25,10,0
30888,883,26,14,1
30889,883,27,19,1
30890,883,28,33,1
30891,883,29,8,0
30892,883,30,14,0
30893,883,31,20,1
30894,883,32,29,1
30895,883,33,16,1
30896,883,34,26,1
30897,883,35,32,1
30898,884,1,20,0
30899,884,2,17,0
30900,884,3,21,1
30901,884,4,12,0
30902,884,5,14,0
30903,884,6,16,1
30904,884,7,29,1
30905,884,8,10,0
30906,884,9,17,1
30907,884,10,12,0
30908,884,11,29,1
30909,884,12,22,1
30910,884,13,23,1
30911,884,14,22,0
30912,884,15,30,1
30913,884,16,60,2
30914,884,17,31,2
30915,884,18,19,1
30916,884,19,34,0
30917,884,20,21,0
30918,884,21,14,1
30919,884,22,20,1
30920,884,23,21,1
30921,884,24,26,1
30922,884,25,13,0
30923,884,26,48,3
30924,884,27,13,1
30925,884,28,10,0
30926,884,29,31,1
30927,884,30,18,1
30928,884,31,40,2
30929,884,32,55,2
30930,884,33,12,1
30931,884,34,19,1
30932,884,35,23,1
30933,885,1,33,0
30934,885,2,20,1
30935,885,3,38,2
30936,885,4,24,0
30937,885,5,24,1
30938,885,6,13,0
30939,885,7,58,2
30940,885,8,13,1
30941,885,9,60,3
30942,885,10,30,2
30943,885,11,22,1
30944,885,12,27,1
30945,885,13,22,1
30946,885,14,36,2
30947,885,15,34,2
30948,885,16,46,2
30949,885,17,32,1
30950,885,18,12,0
30951,885,19,24,0
30952,885,20,36,1
30953,885,21,46,1
30954,885,22,14,0
30955,885,23,31,0
30956,885,24,30,0
30957,885,25,15,0
30958,885,26,76,3
30959,885,27,37,1
30960,885,28,17,0
30961,885,29,23,1
30962,885,30,30,0
30963,885,31,24,1
30964,885,32,21,1
30965,885,33,33,1
30966,885,34,21,0
30967,885,35,47,2
30968,886,1,26,1
30969,886,2,19,1
30970,886,3,17,1
30971,886,4,28,1
30972,886,5,16,1
30973,886,6,23,1
30974,886,7,12,0
30975,886,8,3,0
30976,886,9,46,1
30977,886,10,31,1
30978,886,11,17,1
30979,886,12,16,1
30980,886,13,12,0
30981,886,14,39,2
30982,886,15,18,1
30983,886,16,40,1
30984,886,17,24,1
30985,886,18,37,1
30986,886,19,21,1
30987,886,20,15,1
30988,886,21,20,1
30989,886,22,21,1
30990,886,23,27,1
30991,886,24,41,2
30992,886,25,13,1
30993,886,26,19,1
30994,886,27,23,1
30995,886,28,17,1
30996,886,29,28,1
30997,886,30,24,1
30998,886,31,28,0
30999,886,32,25,1
31000,886,33,9,0
31001,886,34,31,1
31002,886,35,26,1
31003,887,1,23,1
31004,887,2,18,1
31005,887,3,21,1
31006,887,4,18,0
31007,887,5,16,1
31008,887,6,25,1
31009,887,7,13,0
31010,887,8,17,1
31011,887,9,16,1
31012,887,10,21,1
31013,887,11,23,1
31014,887,12,11,0
31015,887,13,21,1
31016,887,14,25,0
31017,887,15,9,0
31018,887,16,17,1
31019,887,17,20,1
31020,887,18,13,0
31021,887,19,13,0
31022,887,20,8,0
31023,887,21,15,0
31024,887,22,25,1
31025,887,23,25,1
31026,887,24,12,0
31027,887,25,17,1
31028,887,26,13,0
31029,887,27,7,0
31030,887,28,26,1
31031,887,29,6,0
31032,887,30,13,0
31033,887,31,40,2
31034,887,32,25,1
31035,887,33,11,0
31036,887,34,17,0
31037,887,35,19,1
31038,888,1,11,1
31039,888,2,29,0
31040,888,3,24,1
31041,888,4,27,1
31042,888,5,28,1
31043,888,6,11,0
31044,888,7,26,1
31045,888,8,42,2
31046,888,9,25,1
31047,888,10,3,0
31048,888,11,29,1
31049,888,12,35,1
31050,888,13,27,1
31051,888,14,32,1
31052,888,15,29,1
31053,888,16,10,0
31054,888,17,17,1
31055,888,18,45,2
31056,888,19,9,0
31057,888,20,19,0
31058,888,21,26,1
31059,888,22,22,0
31060,888,23,41,1
31061,888,24,24,1
31062,888,25,14,1
31063,888,26,27,0
31064,888,27,44,1
31065,888,28,42,1
31066,888,29,29,0
31067,888,30,12,1
31068,888,31,79,3
31069,888,32,9,0
31070,888,33,29,2
31071,888,34,29,2
31072,888,35,16,0
31073,889,1,28,1
31074,889,2,39,2
31075,889,3,34,0
31076,889,4,23,0
31077,889,5,31,2
31078,889,6,65,2
31079,889,7,31,1
31080,889,8,40,1
31081,889,9,17,0
31082,889,10,59,0
31083,889,11,37,1
31084,889,12,20,1
31085,889,13,33,1
31086,889,14,23,0
31087,889,15,33,1
31088,889,16,25,1
31089,889,17,22,1
31090,889,18,30,1
31091,889,19,28,1
31092,889,20,23,1
31093,889,21,43,2
31094,889,22,33,0
31095,889,23,21,1
31096,889,24,15,0
31097,889,25,18,1
31098,889,26,20,0
31099,889,27,35,2
31100,889,28,46,2
31101,889,29,26,0
31102,889,30,10,0
31103,889,31,42,2
31104,889,32,31,1
31105,889,33,28,1
31106,889,34,28,0
31107,889,35,43,2
31108,890,1,18,1
31109,890,2,20,0
31110,890,3,10,0
31111,890,4,10,0
31112,890,5,41,2
31113,890,6,35,1
31114,890,7,35,1
31115,890,8,13,0
31116,890,9,17,0
31117,890,10,21,1
31118,890,11,24,1
31119,890,12,21,1
31120,890,13,20,1
31121,890,14,26,1
31122,890,15,37,1
31123,890,16,11,1
31124,890,17,16,1
31125,890,18,14,0
31126,890,19,22,1
31127,890,20,43,1
31128,890,21,13,1
31129,890,22,12,0
31130,890,23,10,0
31131,890,24,17,0
31132,890,25,22,0
31133,890,26,19,1
31134,890,27,31,1
31135,890,28,8,0
31136,890,29,19,1
31137,890,30,24,1
31138,890,31,18,1
31139,890,32,44,0
31140,890,33,17,1
31141,890,34,17,0
31142,890,35,15,1
31143,891,1,37,1
31144,891,2,8,0
31145,891,3,22,1
31146,891,4,14,0
31147,891,5,13,1
31148,891,6,13,0
31149,891,7,33,2
31150,891,8,27,1
31151,891,9,14,1
31152,891,10,28,1
31153,891,11,23,1
31154,891,12,12,0
31155,891,13,12,0
31156,891,14,15,0
31157,891,15,13,0
31158,891,16,29,1
31159,891,17,19,1
31160,891,18,38,2
31161,891,19,8,0
31162,891,20,21,0
31163,891,21,17,0
31164,891,22,16,1
31165,891,23,28,2
31166,891,24,9,0
31167,891,25,12,1
31168,891,26,30,1
31169,891,27,16,1
31170,891,28,25,1
31171,891,29,19,0
31172,891,30,13,0
31173,891,31,10,0
31174,891,32,21,0
31175,891,33,19,1
31176,891,34,23,0
31177,891,35,13,0
31178,892,1,44,2
31179,892,2,16,1
31180,892,3,37,1
31181,892,4,23,1
31182,892,5,46,2
31183,892,6,23,1
31184,892,7,26,1
31185,892,8,22,0
31186,892,9,12,1
31187,892,10,20,0
31188,892,11,34,2
31189,892,12,53,1
31190,892,13,19,0
31191,892,14,21,1
31192,892,15,31,2
31193,892,16,47,2
31194,892,17,50,3
31195,892,18,12,1
31196,892,19,37,1
31197,892,20,34,1
31198,892,21,22,0
31199,892,22,36,1
31200,892,23,33,1
31201,892,24,20,1
31202,892,25,16,0
31203,892,26,14,0
31204,892,27,34,1
31205,892,28,44,1
31206,892,29,31,1
31207,892,30,37,1
31208,892,31,33,2
31209,892,32,11,0
31210,892,33,31,1
31211,892,34,12,1
31212,892,35,65,3
31213,893,1,12,0
31214,893,2,44,1
31215,893,3,22,0
31216,893,4,14,0
31217,893,5,23,1
31218,893,6,19,1
31219,893,7,29,1
31220,893,8,13,0
31221,893,9,38,1
31222,893,10,25,1
31223,893,11,22,1
31224,893,12,23,0
31225,893,13,18,1
31226,893,14,32,1
31227,893,15,30,1
31228,893,16,37,1
31229,893,17,14,0
31230,893,18,11,1
31231,893,19,23,1
31232,893,20,19,1
31233,893,21,9,0
31234,893,22,24,1
31235,893,23,25,1
31236,893,24,28,0
31237,893,25,21,1
31238,893,26,16,1
31239,893,27,27,0
31240,893,28,11,0
31241,893,29,34,1
31242,893,30,17,1
31243,893,31,8,0
31244,893,32,29,0
31245,893,33,41,1
31246,893,34,24,1
31247,893,35,24,1
31248,894,1,19,1
31249,894,2,25,1
31250,894,3,16,1
31251,894,4,5,0
31252,894,5,4,0
31253,894,6,10,0
31254,894,7,13,0
31255,894,8,15,0
31256,894,9,25,0
31257,894,10,23,1
31258,894,11,9,0
31259,894,12,9,0
31260,894,13,7,0
31261,894,14,24,0
31262,894,15,16,1
31263,894,16,30,0
31264,894,17,14,0
31265,894,18,12,1
31266,894,19,16,0
31267,894,20,14,1
31268,894,21,3,0
31269,894,22,21,0
31270,894,23,14,1
31271,894,24,13,1
31272,894,25,15,0
31273,894,26,24,1
31274,894,27,13,0
31275,894,28,10,0
31276,894,29,19,1
31277,894,30,19,1
31278,894,31,8,0
31279,894,32,18,0
31280,894,33,14,1
31281,894,34,14,0
31282,894,35,18,1
31283,895,1,7,0
31284,895,2,9,0
31285,895,3,10,1
31286,895,4,14,0
31287,895,5,24,1
31288,895,6,11,1
31289,895,7,7,0
31290,895,8,6,0
31291,895,9,12,0
31292,895,10,14,0
31293,895,11,9,0
31294,895,12,5,0
31295,895,13,3,0
31296,895,14,6,0
31297,895,15,8,0
31298,895,16,11,0
31299,895,17,13,1
31300,895,18,14,0
31301,895,19,13,0
31302,895,20,19,0
31303,895,21,29,0
31304,895,22,10,0
31305,895,23,16,1
31306,895,24,3,0
31307,895,25,10,0
31308,895,26,25,1
31309,895,27,11,1
31310,895,28,13,1
31311,895,29,13,0
31312,895,30,4,0
31313,895,31,14,0
31314,895,32,16,0
31315,895,33,14,0
31316,895,34,17,1
31317,895,35,11,1
31318,896,1,19,1
31319,896,2,19,1
31320,896,3,25,1
31321,896,4,30,1
31322,896,5,14,0
31323,896,6,21,0
31324,896,7,8,0
31325,896,8,21,1
31326,896,9,18,0
31327,896,10,23,1
31328,896,11,21,1
31329,896,12,15,0
31330,896,13,7,0
31331,896,14,9,0
31332,896,15,27,1
31333,896,16,7,0
31334,896,17,18,0
31335,896,18,12,1
31336,896,19,19,1
31337,896,20,25,1
31338,896,21,22,0
31339,896,22,21,1
31340,896,23,13,0
31341,896,24,14,0
31342,896,25,23,1
31343,896,26,7,0
31344,896,27,30,2
31345,896,28,17,1
31346,896,29,12,1
31347,896,30,22,0
31348,896,31,10,0
31349,896,32,36,2
31350,896,33,8,0
31351,896,34,21,0
31352,896,35,32,2
31353,897,1,10,1
31354,897,2,21,0
31355,897,3,30,2
31356,897,4,13,1
31357,897,5,16,1
31358,897,6,9,0
31359,897,7,30,1
31360,897,8,31,0
31361,897,9,28,1
31362,897,10,34,0
31363,897,11,27,1
31364,897,12,34,1
31365,897,13,24,1
31366,897,14,14,0
31367,897,15,14,0
31368,897,16,16,1
31369,897,17,30,2
31370,897,18,19,1
31371,897,19,20,0
31372,897,20,6,0
31373,897,21,22,1
31374,897,22,27,1
31375,897,23,39,1
31376,897,24,25,1
31377,897,25,8,0
31378,897,26,15,0
31379,897,27,42,2
31380,897,28,18,1
31381,897,29,36,2
31382,897,30,16,0
31383,897,31,28,1
31384,897,32,23,1
31385,897,33,18,0
31386,897,34,21,1
31387,897,35,7,0
31388,898,1,20,1
31389,898,2,10,1
31390,898,3,17,0
31391,898,4,19,1
31392,898,5,12,1
31393,898,6,16,1
31394,898,7,15,0
31395,898,8,9,0
31396,898,9,16,1
31397,898,10,19,1
31398,898,11,9,0
31399,898,12,24,1
31400,898,13,15,1
31401,898,14,6,0
31402,898,15,18,0
31403,898,16,13,1
31404,898,17,20,0
31405,898,18,44,1
31406,898,19,12,1
31407,898,20,24,1
31408,898,21,18,1
31409,898,22,6,0
31410,898,23,11,0
31411,898,24,20,1
31412,898,25,6,0
31413,898,26,17,0
31414,898,27,24,1
31415,898,28,11,0
31416,898,29,19,0
31417,898,30,9,0
31418,898,31,24,1
31419,898,32,15,1
31420,898,33,13,1
31421,898,34,10,0
31422,898,35,22,1
31423,899,1,15,0
31424,899,2,12,1
31425,899,3,6,0
31426,899,4,30,0
31427,899,5,7,0
31428,899,6,9,0
31429,899,7,22,1
31430,899,8,5,0
31431,899,9,7,0
31432,899,10,19,1
31433,899,11,25,1
31434,899,12,31,1
31435,899,13,26,0
31436,899,14,11,1
31437,899,15,16,0
31438,899,16,12,1
31439,899,17,13,0
31440,899,18,20,1
31441,899,19,20,1
31442,899,20,2,0
31443,899,21,13,0
31444,899,22,9,0
31445,899,23,4,0
31446,899,24,9,0
31447,899,25,8,0
31448,899,26,13,0
31449,899,27,11,0
31450,899,28,10,0
31451,899,29,7,0
31452,899,30,11,1
31453,899,31,11,0
31454,899,32,18,0
31455,899,33,19,1
31456,899,34,13,1
31457,899,35,21,0
31458,900,1,25,1
31459,900,2,31,1
31460,900,3,19,1
31461,900,4,43,1
31462,900,5,10,1
31463,900,6,11,0
31464,900,7,13,1
31465,900,8,31,1
31466,900,9,22,1
31467,900,10,18,0
31468,900,11,10,1
31469,900,12,16,1
31470,900,13,15,1
31471,900,14,22,0
31472,900,15,7,0
31473,900,16,21,1
31474,900,17,8,0
31475,900,18,45,1
31476,900,19,24,1
31477,900,20,14,1
31478,900,21,14,0
31479,900,22,15,1
31480,900,23,16,0
31481,900,24,7,0
31482,900,25,17,1
31483,900,26,36,1
31484,900,27,14,1
31485,900,28,15,0
31486,900,29,29,0
31487,900,30,16,0
31488,900,31,8,0
31489,900,32,17,0
31490,900,33,17,0
31491,900,34,16,1
31492,900,35,17,1
31493,901,1,48,2
31494,901,2,29,1
31495,901,3,25,1
31496,901,4,29,1
31497,901,5,19,0
31498,901,6,4,0
31499,901,7,25,1
31500,901,8,19,1
31501,901,9,79,5
31502,901,10,28,1
31503,901,11,32,1
31504,901,12,24,0
31505,901,13,38,2
31506,901,14,22,1
31507,901,15,28,2
31508,901,16,14,1
31509,901,17,31,2
31510,901,18,32,1
31511,901,19,47,3
31512,901,20,37,1
31513,901,21,48,3
31514,901,22,33,1
31515,901,23,35,1
31516,901,24,41,2
31517,901,25,21,1
31518,901,26,26,1
31519,901,27,44,1
31520,901,28,18,1
31521,901,29,38,2
31522,901,30,43,1
31523,901,31,60,1
31524,901,32,25,1
31525,901,33,44,1
31526,901,34,5,0
31527,901,35,23,1
31528,902,1,35,1
31529,902,2,16,1
31530,902,3,55,1
31531,902,4,30,1
31532,902,5,16,0
31533,902,6,14,1
31534,902,7,24,0
31535,902,8,28,1
31536,902,9,13,1
31537,902,10,18,0
31538,902,11,16,1
31539,902,12,49,0
31540,902,13,25,1
31541,902,14,18,1
31542,902,15,5,0
31543,902,16,22,1
31544,902,17,16,1
31545,902,18,31,1
31546,902,19,21,1
31547,902,20,30,1
31548,902,21,14,1
31549,902,22,36,2
31550,902,23,44,2
31551,902,24,56,3
31552,902,25,16,0
31553,902,26,24,1
31554,902,27,12,1
31555,902,28,30,2
31556,902,29,39,1
31557,902,30,10,0
31558,902,31,14,1
31559,902,32,11,1
31560,902,33,12,0
31561,902,34,26,1
31562,902,35,62,3
31563,903,1,11,0
31564,903,2,16,1
31565,903,3,9,0
31566,903,4,17,1
31567,903,5,20,1
31568,903,6,15,1
31569,903,7,26,0
31570,903,8,17,1
31571,903,9,25,1
31572,903,10,6,0
31573,903,11,28,1
31574,903,12,23,1
31575,903,13,38,2
31576,903,14,29,1
31577,903,15,29,1
31578,903,16,11,0
31579,903,17,19,0
31580,903,18,19,1
31581,903,19,23,1
31582,903,20,11,0
31583,903,21,8,0
31584,903,22,19,0
31585,903,23,13,0
31586,903,24,7,0
31587,903,25,40,1
31588,903,26,20,0
31589,903,27,24,1
31590,903,28,19,0
31591,903,29,17,0
31592,903,30,13,1
31593,903,31,14,0
31594,903,32,17,1
31595,903,33,17,0
31596,903,34,33,1
31597,903,35,32,0
31598,904,1,9,0
31599,904,2,21,1
31600,904,3,12,0
31601,904,4,24,1
31602,904,5,28,1
31603,904,6,19,1
31604,904,7,38,1
31605,904,8,19,0
31606,904,9,12,1
31607,904,10,22,0
31608,904,11,46,2
31609,904,12,33,2
31610,904,13,46,2
31611,904,14,35,1
31612,904,15,59,1
31613,904,16,56,1
31614,904,17,26,1
31615,904,18,10,0
31616,904,19,18,0
31617,904,20,35,2
31618,904,21,24,1
31619,904,22,44,1
31620,904,23,46,2
31621,904,24,42,0
31622,904,25,12,0
31623,904,26,12,1
31624,904,27,32,1
31625,904,28,48,1
31626,904,29,7,0
31627,904,30,18,1
31628,904,31,18,1
31629,904,32,43,1
31630,904,33,21,1
31631,904,34,16,1
31632,904,35,19,0
31633,905,1,35,1
31634,905,2,15,1
31635,905,3,39,1
31636,905,4,38,1
31637,905,5,45,1
31638,905,6,11,1
31639,905,7,35,2
31640,905,8,47,3
31641,905,9,35,1
31642,905,10,21,1
31643,905,11,51,3
31644,905,12,21,1
31645,905,13,34,1
31646,905,14,47,1
31647,905,15,60,2
31648,905,16,40,2
31649,905,17,55,1
31650,905,18,16,0
31651,905,19,49,1
31652,905,20,34,2
31653,905,21,29,1
31654,905,22,44,2
31655,905,23,21,1
31656,905,24,15,1
31657,905,25,17,0
31658,905,26,14,1
31659,905,27,31,1
31660,905,28,14,1
31661,905,29,31,1
31662,905,30,37,2
31663,905,31,71,1
31664,905,32,19,1
31665,905,33,35,2
31666,905,34,47,2
31667,905,35,47,2
31668,906,1,14,0
31669,906,2,12,0
31670,906,3,28,1
31671,906,4,12,0
31672,906,5,25,1
31673,906,6,33,2
31674,906,7,30,0
31675,906,8,10,0
31676,906,9,27,1
31677,906,10,40,2
31678,906,11,26,1
31679,906,12,13,1
31680,906,13,17,1
31681,906,14,25,1
31682,906,15,42,1
31683,906,16,10,1
31684,906,17,21,1
31685,906,18,38,1
31686,906,19,8,0
31687,906,20,45,2
31688,906,21,22,1
31689,906,22,35,1
31690,906,23,23,1
31691,906,24,31,2
31692,906,25,18,1
31693,906,26,45,1
31694,906,27,17,0
31695,906,28,26,0
31696,906,29,10,1
31697,906,30,15,1
31698,906,31,32,2
31699,906,32,43,2
31700,906,33,28,0
31701,906,34,41,2
31702,906,35,29,1
31703,907,1,9,0
31704,907,2,33,2
31705,907,3,20,0
31706,907,4,8,0
31707,907,5,9,0
31708,907,6,15,0
31709,907,7,14,0
31710,907,8,21,1
31711,907,9,14,1
31712,907,10,34,1
31713,907,11,26,1
31714,907,12,10,1
31715,907,13,19,1
31716,907,14,27,1
31717,907,15,26,1
31718,907,16,16,1
31719,907,17,11,0
31720,907,18,32,1
31721,907,19,28,1
31722,907,20,25,1
31723,907,21,22,0
31724,907,22,6,0
31725,907,23,20,1
31726,907,24,31,1
31727,907,25,17,1
31728,907,26,19,0
31729,907,27,13,0
31730,907,28,17,1
31731,907,29,18,1
31732,907,30,17,0
31733,907,31,37,1
31734,907,32,24,0
31735,907,33,31,1
31736,907,34,18,1
31737,907,35,8,0
31738,908,1,29,0
31739,908,2,16,1
31740,908,3,24,0
31741,908,4,54,1
31742,908,5,17,0
31743,908,6,19,1
31744,908,7,29,1
31745,908,8,28,1
31746,908,9,37,1
31747,908,10,19,1
31748,908,11,22,0
31749,908,12,43,1
31750,908,13,26,0
31751,908,14,14,0
31752,908,15,40,2
31753,908,16,39,1
31754,908,17,15,0
31755,908,18,31,1
31756,908,19,42,1
31757,908,20,38,2
31758,908,21,35,0
31759,908,22,46,2
31760,908,23,30,1
31761,908,24,53,3
31762,908,25,52,1
31763,908,26,9,0
31764,908,27,34,2
31765,908,28,52,3
31766,908,29,28,1
31767,908,30,17,1
31768,908,31,26,1
31769,908,32,36,1
31770,908,33,34,2
31771,908,34,11,0
31772,908,35,28,1
31773,909,1,29,0
31774,909,2,28,1
31775,909,3,36,0
31776,909,4,21,1
31777,909,5,82,3
31778,909,6,34,2
31779,909,7,19,0
31780,909,8,37,1
31781,909,9,26,1
31782,909,10,50,2
31783,909,11,22,1
31784,909,12,39,1
31785,909,13,54,2
31786,909,14,98,2
31787,909,15,35,2
31788,909,16,36,1
31789,909,17,54,3
31790,909,18,83,4
31791,909,19,54,1
31792,909,20,54,2
31793,909,21,49,1
31794,909,22,51,1
31795,909,23,45,1
31796,909,24,57,3
31797,909,25,67,3
31798,909,26,19,1
31799,909,27,56,1
31800,909,28,31,1
31801,909,29,67,2
31802,909,30,83,4
31803,909,31,40,1
31804,909,32,81,4
31805,909,33,38,0
31806,909,34,23,0
31807,909,35,43,2
31808,910,1,26,1
31809,910,2,16,0
31810,910,3,21,0
31811,910,4,24,1
31812,910,5,29,1
31813,910,6,15,0
31814,910,7,34,1
31815,910,8,19,1
31816,910,9,21,0
31817,910,10,23,1
31818,910,11,24,1
31819,910,12,15,0
31820,910,13,53,1
31821,910,14,16,1
31822,910,15,20,0
31823,910,16,29,1
31824,910,17,62,1
31825,910,18,24,0
31826,910,19,20,0
31827,910,20,30,1
31828,910,21,9,0
31829,910,22,17,1
31830,910,23,23,1
31831,910,24,6,0
31832,910,25,23,1
31833,910,26,27,1
31834,910,27,5,0
31835,910,28,42,2
31836,910,29,38,2
31837,910,30,18,0
31838,910,31,35,2
31839,910,32,15,1
31840,910,33,16,0
31841,910,34,30,1
31842,910,35,28,1
31843,911,1,16,1
31844,911,2,37,1
31845,911,3,21,0
31846,911,4,12,1
31847,911,5,24,1
31848,911,6,16,1
31849,911,7,46,1
31850,911,8,14,1
31851,911,9,17,1
31852,911,10,29,1
31853,911,11,10,0
31854,911,12,23,1
31855,911,13,28,0
31856,911,14,31,2
31857,911,15,28,1
31858,911,16,14,0
31859,911,17,32,1
31860,911,18,14,0
31861,911,19,21,0
31862,911,20,12,0
31863,911,21,13,0
31864,911,22,21,1
31865,911,23,10,0
31866,911,24,25,0
31867,911,25,38,2
31868,911,26,60,1
31869,911,27,21,0
31870,911,28,14,0
31871,911,29,30,1
31872,911,30,6,0
31873,911,31,31,1
31874,911,32,25,0
31875,911,33,17,0
31876,911,34,42,1
31877,911,35,11,0
31878,912,1,19,1
31879,912,2,34,1
31880,912,3,31,1
31881,912,4,21,1
31882,912,5,13,0
31883,912,6,26,1
31884,912,7,42,2
31885,912,8,64,3
31886,912,9,31,0
31887,912,10,21,1
31888,912,11,36,1
31889,912,12,77,0
31890,912,13,32,0
31891,912,14,15,0
31892,912,15,29,0
31893,912,16,40,2
31894,912,17,28,1
31895,912,18,53,2
31896,912,19,47,1
31897,912,20,44,2
31898,912,21,20,0
31899,912,22,52,1
31900,912,23,35,0
31901,912,24,12,0
31902,912,25,34,1
31903,912,26,73,3
31904,912,27,35,2
31905,912,28,29,1
31906,912,29,46,1
31907,912,30,34,2
31908,912,31,51,1
31909,912,32,18,0
31910,912,33,13,0
31911,912,34,51,1
31912,912,35,45,2
31913,913,1,19,1
31914,913,2,34,1
31915,913,3,44,1
31916,913,4,43,2
31917,913,5,80,1
31918,913,6,41,2
31919,913,7,80,2
31920,913,8,57,2
31921,913,9,56,2
31922,913,10,45,1
31923,913,11,45,1
31924,913,12,78,1
31925,913,13,17,0
31926,913,14,43,1
31927,913,15,55,1
31928,913,16,33,1
31929,913,17,11,1
31930,913,18,53,3
31931,913,19,53,2
31932,913,20,29,1
31933,913,21,75,3
31934,913,22,30,0
31935,913,23,41,2
31936,913,24,59,1
31937,913,25,47,2
31938,913,26,24,1
31939,913,27,38,2
31940,913,28,29,1
31941,913,29,37,1
31942,913,30,52,1
31943,913,31,14,1
31944,913,32,44,2
31945,913,33,16,0
31946,913,34,33,1
31947,913,35,63,2
31948,914,1,25,1
31949,914,2,23,1
31950,914,3,28,2
31951,914,4,28,1
31952,914,5,39,1
31953,914,6,22,1
31954,914,7,19,1
31955,914,8,77,3
31956,914,9,47,3
31957,914,10,78,4
31958,914,11,23,1
31959,914,12,15,1
31960,914,13,67,3
31961,914,14,49,1
31962,914,15,53,1
31963,914,16,17,0
31964,914,17,33,2
31965,914,18,9,0
31966,914,19,35,1
31967,914,20,8,0
31968,914,21,23,1
31969,914,22,22,1
31970,914,23,29,1
31971,914,24,46,1
31972,914,25,25,1
31973,914,26,16,1
31974,914,27,21,0
31975,914,28,26,1
31976,914,29,28,1
31977,914,30,32,1
31978,914,31,49,3
31979,914,32,32,1
31980,914,33,12,0
31981,914,34,21,1
31982,914,35,14,0
31983,915,1,28,0
31984,915,2,14,1
31985,915,3,35,1
31986,915,4,9,0
31987,915,5,14,0
31988,915,6,22,1
31989,915,7,41,2
31990,915,8,33,1
31991,915,9,11,0
31992,915,10,22,1
31993,915,11,11,0
31994,915,12,65,1
31995,915,13,33,1
31996,915,14,27,1
31997,915,15,12,1
31998,915,16,20,1
31999,915,17,12,1
32000,915,18,14,0
32001,915,19,42,1
32002,915,20,34,1
32003,915,21,37,1
32004,915,22,34,0
32005,915,23,46,2
32006,915,24,34,0
32007,915,25,58,3
32008,915,26,16,0
32009,915,27,21,1
32010,915,28,44,1
32011,915,29,17,1
32012,915,30,21,1
32013,915,31,23,1
32014,915,32,20,1
32015,915,33,22,1
32016,915,34,29,0
32017,915,35,31,2
32018,916,1,56,2
32019,916,2,28,2
32020,916,3,29,1
32021,916,4,20,0
32022,916,5,58,2
32023,916,6,26,2
32024,916,7,19,0
32025,916,8,23,1
32026,916,9,58,1
32027,916,10,21,0
32028,916,11,13,0
32029,916,12,26,1
32030,916,13,55,2
32031,916,14,37,1
32032,916,15,14,1
32033,916,16,34,1
32034,916,17,30,1
32035,916,18,29,1
32036,916,19,64,1
32037,916,20,84,3
32038,916,21,26,0
32039,916,22,33,2
32040,916,23,63,3
32041,916,24,78,3
32042,916,25,46,1
32043,916,26,28,1
32044,916,27,20,1
32045,916,28,28,1
32046,916,29,61,1
32047,916,30,36,0
32048,916,31,23,0
32049,916,32,41,2
32050,916,33,46,1
32051,916,34,49,3
32052,916,35,73,1
32053,917,1,11,1
32054,917,2,38,2
32055,917,3,27,0
32056,917,4,23,0
32057,917,5,38,1
32058,917,6,14,1
32059,917,7,28,0
32060,917,8,24,1
32061,917,9,18,1
32062,917,10,55,3
32063,917,11,43,1
32064,917,12,24,0
32065,917,13,27,1
32066,917,14,53,2
32067,917,15,54,1
32068,917,16,29,1
32069,917,17,62,2
32070,917,18,75,4
32071,917,19,54,1
32072,917,20,45,1
32073,917,21,31,2
32074,917,22,35,0
32075,917,23,37,1
32076,917,24,32,2
32077,917,25,44,1
32078,917,26,30,1
32079,917,27,12,0
32080,917,28,39,2
32081,917,29,29,1
32082,917,30,39,1
32083,917,31,41,2
32084,917,32,37,0
32085,917,33,27,0
32086,917,34,34,2
32087,917,35,17,0
32088,918,1,22,1
32089,918,2,33,0
32090,918,3,46,1
32091,918,4,45,0
32092,918,5,27,1
32093,918,6,43,0
32094,918,7,29,2
32095,918,8,24,1
32096,918,9,24,1
32097,918,10,33,1
32098,918,11,34,1
32099,918,12,18,1
32100,918,13,24,1
32101,918,14,45,3
32102,918,15,79,3
32103,918,16,31,1
32104,918,17,43,1
32105,918,18,39,0
32106,918,19,63,2
32107,918,20,16,0
32108,918,21,25,1
32109,918,22,26,1
32110,918,23,26,1
32111,918,24,14,1
32112,918,25,31,1
32113,918,26,36,2
32114,918,27,55,3
32115,918,28,44,1
32116,918,29,17,1
32117,918,30,40,2
32118,918,31,47,2
32119,918,32,11,0
32120,918,33,25,1
32121,918,34,51,3
32122,918,35,34,1
32123,919,1,12,0
32124,919,2,19,1
32125,919,3,23,0
32126,919,4,31,1
32127,919,5,21,0
32128,919,6,37,0
32129,919,7,26,1
32130,919,8,20,1
32131,919,9,36,1
32132,919,10,17,1
32133,919,11,28,1
32134,919,12,10,0
32135,919,13,43,2
32136,919,14,40,1
32137,919,15,19,0
32138,919,16,38,1
32139,919,17,34,2
32140,919,18,38,1
32141,919,19,17,1
32142,919,20,11,0
32143,919,21,45,1
32144,919,22,59,2
32145,919,23,9,0
32146,919,24,43,1
32147,919,25,18,0
32148,919,26,26,1
32149,919,27,36,2
32150,919,28,22,1
32151,919,29,24,1
32152,919,30,25,1
32153,919,31,40,0
32154,919,32,18,0
32155,919,33,26,0
32156,919,34,34,0
32157,919,35,35,0
32158,920,1,54,2
32159,920,2,52,1
32160,920,3,42,0
32161,920,4,28,1
32162,920,5,12,0
32163,920,6,19,0
32164,920,7,26,1
32165,920,8,39,1
32166,920,9,29,0
32167,920,10,58,2
32168,920,11,26,0
32169,920,12,31,0
32170,920,13,32,1
32171,920,14,17,1
32172,920,15,40,2
32173,920,16,42,2
32174,920,17,29,0
32175,920,18,74,1
32176,920,19,19,0
32177,920,20,54,2
32178,920,21,27,1
32179,920,22,38,1
32180,920,23,37,0
32181,920,24,30,1
32182,920,25,57,1
32183,920,26,44,1
32184,920,27,37,2
32185,920,28,34,1
32186,920,29,50,3
32187,920,30,43,2
32188,920,31,16,0
32189,920,32,30,0
32190,920,33,38,1
32191,920,34,37,2
32192,920,35,19,1
32193,921,1,21,1
32194,921,2,40,1
32195,921,3,6,0
32196,921,4,39,1
32197,921,5,36,1
32198,921,6,10,0
32199,921,7,31,1
32200,921,8,26,0
32201,921,9,24,1
32202,921,10,48,2
32203,921,11,18,0
32204,921,12,16,1
32205,921,13,54,1
32206,921,14,28,1
32207,921,15,53,1
32208,921,16,103,1
32209,921,17,38,2
32210,921,18,28,0
32211,921,19,15,1
32212,921,20,19,1
32213,921,21,41,2
32214,921,22,26,0
32215,921,23,56,3
32216,921,24,27,2
32217,921,25,25,1
32218,921,26,28,1
32219,921,27,23,1
32220,921,28,15,0
32221,921,29,34,2
32222,921,30,64,1
32223,921,31,37,2
32224,921,32,25,1
32225,921,33,18,0
32226,921,34,16,1
32227,921,35,13,1
32228,922,1,19,0
32229,922,2,15,1
32230,922,3,18,1
32231,922,4,54,3
32232,922,5,16,0
32233,922,6,36,1
32234,922,7,33,2
32235,922,8,28,2
32236,922,9,9,0
32237,922,10,18,1
32238,922,11,24,1
32239,922,12,38,2
32240,922,13,6,0
32241,922,14,18,0
32242,922,15,18,0
32243,922,16,34,1
32244,922,17,23,1
32245,922,18,16,1
32246,922,19,39,0
32247,922,20,28,1
32248,922,21,26,0
32249,922,22,15,0
32250,922,23,15,0
32251,922,24,16,0
32252,922,25,23,1
32253,922,26,30,1
32254,922,27,36,1
32255,922,28,25,1
32256,922,29,7,0
32257,922,30,17,0
32258,922,31,24,1
32259,922,32,23,1
32260,922,33,30,1
32261,922,34,7,0
32262,922,35,23,1
32263,923,1,18,1
32264,923,2,11,0
32265,923,3,17,1
32266,923,4,28,1
32267,923,5,13,0
32268,923,6,33,0
32269,923,7,8,0
32270,923,8,18,0
32271,923,9,14,0
32272,923,10,6,0
32273,923,11,37,2
32274,923,12,13,1
32275,923,13,14,0
32276,923,14,13,1
32277,923,15,22,0
32278,923,16,21,0
32279,923,17,13,0
32280,923,18,18,1
32281,923,19,16,1
32282,923,20,19,1
32283,923,21,21,1
32284,923,22,15,1
32285,923,23,27,2
32286,923,24,9,0
32287,923,25,10,0
32288,923,26,22,0
32289,923,27,4,0
32290,923,28,13,0
32291,923,29,11,0
32292,923,30,28,1
32293,923,31,18,1
32294,923,32,26,0
32295,923,33,19,1
32296,923,34,24,1
32297,923,35,16,0
32298,924,1,21,1
32299,924,2,20,1
32300,924,3,23,1
32301,924,4,17,1
32302,924,5,30,1
32303,924,6,23,0
32304,924,7,24,1
32305,924,8,27,1
32306,924,9,18,0
32307,924,10,21,1
32308,924,11,36,1
32309,924,12,19,1
32310,924,13,55,1
32311,924,14,33,1
32312,924,15,17,1
32313,924,16,16,1
32314,924,17,42,2
32315,924,18,17,0
32316,924,19,28,1
32317,924,20,21,1
32318,924,21,33,0
32319,924,22,21,1
32320,924,23,51,2
32321,924,24,13,0
32322,924,25,19,0
32323,924,26,13,1
32324,924,27,19,0
32325,924,28,22,0
32326,924,29,18,1
32327,924,30,32,1
32328,924,31,14,1
32329,924,32,33,2
32330,924,33,51,2
32331,924,34,32,1
32332,924,35,38,1
32333,925,1,26,1
32334,925,2,60,2
32335,925,3,18,1
32336,925,4,22,0
32337,925,5,18,1
32338,925,6,16,1
32339,925,7,20,1
32340,925,8,37,1
32341,925,9,18,0
32342,925,10,49,0
32343,925,11,25,1
32344,925,12,26,1
32345,925,13,17,1
32346,925,14,38,2
32347,925,15,25,1
32348,925,16,25,1
32349,925,17,31,1
32350,925,18,33,1
32351,925,19,30,1
32352,925,20,12,0
32353,925,21,40,2
32354,925,22,49,0
32355,925,23,14,0
32356,925,24,30,0
32357,925,25,33,1
32358,925,26,31,0
32359,925,27,44,1
32360,925,28,15,1
32361,925,29,10,0
32362,925,30,17,0
32363,925,31,26,1
32364,925,32,24,1
32365,925,33,54,3
32366,925,34,26,0
32367,925,35,19,1
32368,926,1,22,1
32369,926,2,8,0
32370,926,3,31,1
32371,926,4,11,0
32372,926,5,13,1
32373,926,6,20,1
32374,926,7,12,0
32375,926,8,9,0
32376,926,9,24,0
32377,926,10,24,1
32378,926,11,11,0
32379,926,12,8,0
32380,926,13,22,0
32381,926,14,11,0
32382,926,15,23,1
32383,926,16,22,1
32384,926,17,24,1
32385,926,18,31,1
32386,926,19,24,1
32387,926,20,26,0
32388,926,21,20,0
32389,926,22,18,0
32390,926,23,37,1
32391,926,24,10,1
32392,926,25,17,0
32393,926,26,19,1
32394,926,27,13,0
32395,926,28,15,1
32396,926,29,15,1
32397,926,30,17,0
32398,926,31,27,1
32399,926,32,30,1
32400,926,33,21,1
32401,926,34,28,1
32402,926,35,21,1
32403,927,1,15,1
32404,927,2,5,0
32405,927,3,8,0
32406,927,4,13,1
32407,927,5,11,0
32408,927,6,33,1
32409,927,7,17,1
32410,927,8,25,0
32411,927,9,24,1
32412,927,10,22,1
32413,927,11,33,1
32414,927,12,16,0
32415,927,13,33,1
32416,927,14,14,0
32417,927,15,24,1
32418,927,16,12,0
32419,927,17,16,1
32420,927,18,14,1
32421,927,19,6,0
32422,927,20,21,1
32423,927,21,18,1
32424,927,22,15,1
32425,927,23,16,0
32426,927,24,25,1
32427,927,25,31,1
32428,927,26,32,0
32429,927,27,20,1
32430,927,28,16,1
32431,927,29,13,1
32432,927,30,9,0
32433,927,31,26,0
32434,927,32,14,1
32435,927,33,19,1
32436,927,34,24,0
32437,927,35,17,0
32438,928,1,17,0
32439,928,2,36,1
32440,928,3,44,2
32441,928,4,41,2
32442,928,5,16,1
32443,928,6,16,1
32444,928,7,35,1
32445,928,8,41,2
32446,928,9,26,1
32447,928,10,14,1
32448,928,11,31,1
32449,928,12,11,0
32450,928,13,23,1
32451,928,14,44,2
32452,928,15,15,0
32453,928,16,30,1
32454,928,17,17,0
32455,928,18,15,1
32456,928,19,30,0
32457,928,20,21,1
32458,928,21,10,0
32459,928,22,29,1
32460,928,23,15,1
32461,928,24,25,1
32462,928,25,24,1
32463,928,26,21,0
32464,928,27,37,1
32465,928,28,29,1
32466,928,29,55,2
32467,928,30,32,2
32468,928,31,13,0
32469,928,32,37,2
32470,928,33,28,1
32471,928,34,15,0
32472,928,35,18,0
32473,929,1,25,1
32474,929,2,15,1
32475,929,3,46,1
32476,929,4,22,1
32477,929,5,30,1
32478,929,6,27,1
32479,929,7,60,2
32480,929,8,33,1
32481,929,9,55,3
32482,929,10,18,0
32483,929,11,12,1
32484,929,12,16,0
32485,929,13,9,0
32486,929,14,37,1
32487,929,15,17,0
32488,929,16,35,1
32489,929,17,12,1
32490,929,18,30,1
32491,929,19,55,2
32492,929,20,47,0
32493,929,21,52,3
32494,929,22,26,1
32495,929,23,32,1
32496,929,24,29,1
32497,929,25,14,0
32498,929,26,20,1
32499,929,27,40,1
32500,929,28,52,2
32501,929,29,29,1
32502,929,30,17,1
32503,929,31,36,2
32504,929,32,32,2
32505,929,33,41,2
32506,929,34,20,0
32507,929,35,15,0
32508,930,1,16,1
32509,930,2,26,1
32510,930,3,37,1
32511,930,4,24,1
32512,930,5,30,1
32513,930,6,17,0
32514,930,7,16,1
32515,930,8,22,0
32516,930,9,14,1
32517,930,10,15,1
32518,930,11,33,1
32519,930,12,30,1
32520,930,13,24,1
32521,930,14,48,1
32522,930,15,15,0
32523,930,16,25,0
32524,930,17,22,0
32525,930,18,52,0
32526,930,19,29,0
32527,930,20,18,1
32528,930,21,20,1
32529,930,22,8,0
32530,930,23,22,0
32531,930,24,37,1
32532,930,25,22,0
32533,930,26,20,0
32534,930,27,18,1
32535,930,28,28,1
32536,930,29,19,1
32537,930,30,34,1
32538,930,31,47,2
32539,930,32,18,0
32540,930,33,14,0
32541,930,34,11,0
32542,930,35,17,0
32543,931,1,28,1
32544,931,2,7,0
32545,931,3,21,0
32546,931,4,21,0
32547,931,5,23,1
32548,931,6,11,1
32549,931,7,25,1
32550,931,8,14,0
32551,931,9,10,1
32552,931,10,19,0
32553,931,11,7,0
32554,931,12,23,1
32555,931,13,22,0
32556,931,14,25,1
32557,931,15,24,1
32558,931,16,28,0
32559,931,17,12,0
32560,931,18,13,1
32561,931,19,15,0
32562,931,20,17,0
32563,931,21,28,1
32564,931,22,15,1
32565,931,23,19,1
32566,931,24,18,1
32567,931,25,13,1
32568,931,26,8,0
32569,931,27,17,1
32570,931,28,19,1
32571,931,29,9,0
32572,931,30,26,1
32573,931,31,13,0
32574,931,32,39,1
32575,931,33,21,0
32576,931,34,34,2
32577,931,35,8,0
32578,932,1,27,1
32579,932,2,37,2
32580,932,3,49,2
32581,932,4,45,1
32582,932,5,21,1
32583,932,6,34,0
32584,932,7,32,1
32585,932,8,38,1
32586,932,9,72,1
32587,932,10,39,2
32588,932,11,10,0
32589,932,12,22,0
32590,932,13,15,1
32591,932,14,31,1
32592,932,15,27,2
32593,932,16,24,1
32594,932,17,24,1
32595,932,18,31,2
32596,932,19,43,3
32597,932,20,33,1
32598,932,21,17,0
32599,932,22,36,1
32600,932,23,15,1
32601,932,24,62,1
32602,932,25,57,1
32603,932,26,29,1
32604,932,27,45,1
32605,932,28,35,1
32606,932,29,25,1
32607,932,30,52,1
32608,932,31,9,1
32609,932,32,69,2
32610,932,33,18,1
32611,932,34,34,2
32612,932,35,21,1
32613,933,1,40,2
32614,933,2,34,2
32615,933,3,48,2
32616,933,4,17,0
32617,933,5,42,1
32618,933,6,18,1
32619,933,7,48,3
32620,933,8,33,2
32621,933,9,28,0
32622,933,10,35,2
32623,933,11,33,1
32624,933,12,27,1
32625,933,13,39,1
32626,933,14,22,1
32627,933,15,46,0
32628,933,16,28,1
32629,933,17,45,2
32630,933,18,50,1
32631,933,19,49,1
32632,933,20,35,1
32633,933,21,17,1
32634,933,22,44,1
32635,933,23,29,1
32636,933,24,69,2
32637,933,25,14,0
32638,933,26,56,1
32639,933,27,27,2
32640,933,28,41,1
32641,933,29,12,0
32642,933,30,59,2
32643,933,31,27,1
32644,933,32,41,0
32645,933,33,43,2
32646,933,34,17,1
32647,933,35,28,0
32648,934,1,28,1
32649,934,2,16,1
32650,934,3,30,1
32651,934,4,29,1
32652,934,5,19,0
32653,934,6,26,1
32654,934,7,21,1
32655,934,8,29,2
32656,934,9,14,1
32657,934,10,32,1
32658,934,11,10,0
32659,934,12,7,0
32660,934,13,10,1
32661,934,14,12,0
32662,934,15,14,0
32663,934,16,11,0
32664,934,17,40,1
32665,934,18,13,1
32666,934,19,14,0
32667,934,20,20,1
32668,934,21,16,1
32669,934,22,30,1
32670,934,23,38,2
32671,934,24,47,2
32672,934,25,24,1
32673,934,26,61,1
32674,934,27,18,1
32675,934,28,32,1
32676,934,29,33,0
32677,934,30,14,1
32678,934,31,33,2
32679,934,32,7,0
32680,934,33,30,1
32681,934,34,23,1
32682,934,35,10,0
32683,935,1,29,1
32684,935,2,11,0
32685,935,3,22,0
32686,935,4,36,0
32687,935,5,30,1
32688,935,6,20,0
32689,935,7,14,1
32690,935,8,28,1
32691,935,9,26,1
32692,935,10,14,0
32693,935,11,15,0
32694,935,12,36,2
32695,935,13,8,0
32696,935,14,43,1
32697,935,15,29,1
32698,935,16,28,1
32699,935,17,28,2
32700,935,18,14,1
32701,935,19,26,0
32702,935,20,38,2
32703,935,21,7,0
32704,935,22,33,1
32705,935,23,10,0
32706,935,24,37,2
32707,935,25,18,1
32708,935,26,14,0
32709,935,27,16,1
32710,935,28,27,2
32711,935,29,27,1
32712,935,30,37,1
32713,935,31,38,1
32714,935,32,6,0
32715,935,33,18,0
32716,935,34,10,1
32717,935,35,22,0
32718,936,1,24,0
32719,936,2,39,1
32720,936,3,48,1
32721,936,4,22,0
32722,936,5,37,1
32723,936,6,17,1
32724,936,7,19,0
32725,936,8,32,1
32726,936,9,18,1
32727,936,10,45,1
32728,936,11,34,2
32729,936,12,39,2
32730,936,13,32,1
32731,936,14,17,1
32732,936,15,18,0
32733,936,16,21,0
32734,936,17,75,4
32735,936,18,31,1
32736,936,19,24,1
32737,936,20,39,1
32738,936,21,50,3
32739,936,22,37,1
32740,936,23,27,1
32741,936,24,13,0
32742,936,25,18,1
32743,936,26,39,0
32744,936,27,39,2
32745,936,28,26,0
32746,936,29,19,0
32747,936,30,46,1
32748,936,31,47,2
32749,936,32,37,1
32750,936,33,23,1
32751,936,34,47,2
32752,936,35,19,1
32753,937,1,12,0
32754,937,2,23,1
32755,937,3,18,1
32756,937,4,48,2
32757,937,5,38,2
32758,937,6,46,2
32759,937,7,40,1
32760,937,8,14,0
32761,937,9,32,1
32762,937,10,48,0
32763,937,11,100,5
32764,937,12,61,2
32765,937,13,52,1
32766,937,14,29,1
32767,937,15,59,2
32768,937,16,20,0
32769,937,17,47,2
32770,937,18,49,3
32771,937,19,62,1
32772,937,20,26,1
32773,937,21,20,0
32774,937,22,24,0
32775,937,23,45,2
32776,937,24,46,1
32777,937,25,66,2
32778,937,26,33,1
32779,937,27,47,1
32780,937,28,55,2
32781,937,29,32,1
32782,937,30,85,3
32783,937,31,37,1
32784,937,32,15,0
32785,937,33,31,2
32786,937,34,46,3
32787,937,35,27,1
32788,938,1,31,1
32789,938,2,42,2
32790,938,3,20,1
32791,938,4,24,1
32792,938,5,35,1
32793,938,6,12,0
32794,938,7,45,2
32795,938,8,40,2
32796,938,9,14,0
32797,938,10,21,1
32798,938,11,39,2
32799,938,12,40,0
32800,938,13,39,1
32801,938,14,32,1
32802,938,15,26,1
32803,938,16,40,0
32804,938,17,20,0
32805,938,18,27,1
32806,938,19,18,1
32807,938,20,45,0
32808,938,21,42,1
32809,938,22,40,2
32810,938,23,32,2
32811,938,24,49,3
32812,938,25,14,0
32813,938,26,32,1
32814,938,27,22,1
32815,938,28,65,3
32816,938,29,27,1
32817,938,30,16,1
32818,938,31,19,1
32819,938,32,19,1
32820,938,33,14,0
32821,938,34,53,2
32822,938,35,39,2
32823,939,1,50,2
32824,939,2,53,1
32825,939,3,32,2
32826,939,4,42,0
32827,939,5,11,0
32828,939,6,6,0
32829,939,7,29,0
32830,939,8,22,1
32831,939,9,25,0
32832,939,10,25,1
32833,939,11,21,0
32834,939,12,20,1
32835,939,13,14,1
32836,939,14,20,0
32837,939,15,33,1
32838,939,16,30,1
32839,939,17,26,0
32840,939,18,29,1
32841,939,19,30,1
32842,939,20,9,0
32843,939,21,25,1
32844,939,22,23,0
32845,939,23,45,1
32846,939,24,21,0
32847,939,25,19,1
32848,939,26,27,0
32849,939,27,28,1
32850,939,28,25,0
32851,939,29,45,2
32852,939,30,34,2
32853,939,31,19,1
32854,939,32,42,0
32855,939,33,11,0
32856,939,34,27,1
32857,939,35,34,0
32858,940,1,35,2
32859,940,2,32,1
32860,940,3,27,1
32861,940,4,16,1
32862,940,5,24,1
32863,940,6,79,2
32864,940,7,34,0
32865,940,8,28,1
32866,940,9,43,3
32867,940,10,64,2
32868,940,11,25,1
32869,940,12,56,3
32870,940,13,18,1
32871,940,14,47,1
32872,940,15,29,0
32873,940,16,40,1
32874,940,17,24,1
32875,940,18,43,2
32876,940,19,10,0
32877,940,20,29,2
32878,940,21,29,0
32879,940,22,49,3
32880,940,23,16,0
32881,940,24,30,1
32882,940,25,22,1
32883,940,26,42,1
32884,940,27,40,1
32885,940,28,35,2
32886,940,29,73,4
32887,940,30,51,1
32888,940,31,30,1
32889,940,32,22,0
32890,940,33,35,1
32891,940,34,51,3
32892,940,35,28,0
32893,941,1,49,1
32894,941,2,64,4
32895,941,3,37,2
32896,941,4,40,1
32897,941,5,40,2
32898,941,6,32,2
32899,941,7,22,0
32900,941,8,39,2
32901,941,9,47,3
32902,941,10,29,0
32903,941,11,69,2
32904,941,12,23,0
32905,941,13,41,2
32906,941,14,39,2
32907,941,15,120,7
32908,941,16,36,2
32909,941,17,68,2
32910,941,18,47,2
32911,941,19,77,4
32912,941,20,65,3
32913,941,21,63,2
32914,941,22,40,0
32915,941,23,23,1
32916,941,24,27,1
32917,941,25,46,1
32918,941,26,72,2
32919,941,27,36,2
32920,941,28,22,1
32921,941,29,21,1
32922,941,30,24,0
32923,941,31,52,2
32924,941,32,35,2
32925,941,33,32,1
32926,941,34,28,1
32927,941,35,45,1
32928,942,1,23,1
32929,942,2,26,1
32930,942,3,45,2
32931,942,4,30,2
32932,942,5,46,2
32933,942,6,25,1
32934,942,7,28,1
32935,942,8,21,0
32936,942,9,28,2
32937,942,10,13,0
32938,942,11,27,2
32939,942,12,56,2
32940,942,13,45,1
32941,942,14,18,1
32942,942,15,33,2
32943,942,16,37,0
32944,942,17,17,0
32945,942,18,29,0
32946,942,19,12,0
32947,942,20,39,1
32948,942,21,23,1
32949,942,22,14,0
32950,942,23,84,2
32951,942,24,20,1
32952,942,25,36,1
32953,942,26,35,1
32954,942,27,26,1
32955,942,28,47,2
32956,942,29,8,0
32957,942,30,21,1
32958,942,31,16,0
32959,942,32,36,1
32960,942,33,32,2
32961,942,34,47,2
32962,942,35,23,1
32963,943,1,5,0
32964,943,2,23,0
32965,943,3,39,2
32966,943,4,16,0
32967,943,5,30,1
32968,943,6,29,1
32969,943,7,14,0
32970,943,8,21,1
32971,943,9,26,1
32972,943,10,25,1
32973,943,11,21,1
32974,943,12,36,1
32975,943,13,20,1
32976,943,14,52,2
32977,943,15,14,0
32978,943,16,34,2
32979,943,17,24,1
32980,943,18,55,2
32981,943,19,26,1
32982,943,20,24,1
32983,943,21,21,0
32984,943,22,12,0
32985,943,23,38,1
32986,943,24,26,1
32987,943,25,40,1
32988,943,26,26,0
32989,943,27,7,0
32990,943,28,18,1
32991,943,29,23,1
32992,943,30,33,2
32993,943,31,18,0
32994,943,32,19,0
32995,943,33,28,1
32996,943,34,34,1
32997,943,35,16,0
32998,944,1,92,3
32999,944,2,33,1
33000,944,3,50,1
33001,944,4,20,1
33002,944,5,37,1
33003,944,6,29,1
33004,944,7,65,4
33005,944,8,27,1
33006,944,9,34,2
33007,944,10,27,1
33008,944,11,29,1
33009,944,12,33,0
33010,944,13,19,0
33011,944,14,28,1
33012,944,15,82,4
33013,944,16,43,1
33014,944,17,42,1
33015,944,18,70,2
33016,944,19,60,1
33017,944,20,30,0
33018,944,21,30,1
33019,944,22,41,0
33020,944,23,23,1
33021,944,24,25,0
33022,944,25,39,1
33023,944,26,30,2
33024,944,27,61,1
33025,944,28,35,1
33026,944,29,57,1
33027,944,30,34,1
33028,944,31,25,1
33029,944,32,33,2
33030,944,33,59,2
33031,944,34,60,4
33032,944,35,40,2
33033,945,1,17,0
33034,945,2,12,1
33035,945,3,53,1
33036,945,4,38,0
33037,945,5,55,2
33038,945,6,19,1
33039,945,7,49,3
33040,945,8,21,0
33041,945,9,26,0
33042,945,10,19,1
33043,945,11,30,1
33044,945,12,66,2
33045,945,13,37,1
33046,945,14,31,0
33047,945,15,32,1
33048,945,16,19,1
33049,945,17,45,2
33050,945,18,55,3
33051,945,19,37,1
33052,945,20,53,2
33053,945,21,6,0
33054,945,22,22,0
33055,945,23,45,1
33056,945,24,21,0
33057,945,25,33,1
33058,945,26,53,2
33059,945,27,38,2
33060,945,28,14,0
33061,945,29,32,1
33062,945,30,60,3
33063,945,31,62,2
33064,945,32,54,2
33065,945,33,25,1
33066,945,34,47,1
33067,945,35,22,1
33068,946,1,30,1
33069,946,2,42,2
33070,946,3,19,0
33071,946,4,36,2
33072,946,5,19,1
33073,946,6,23,1
33074,946,7,46,1
33075,946,8,27,1
33076,946,9,16,0
33077,946,10,47,1
33078,946,11,11,0
33079,946,12,48,1
33080,946,13,15,0
33081,946,14,25,1
33082,946,15,35,1
33083,946,16,23,1
33084,946,17,12,0
33085,946,18,11,0
33086,946,19,31,1
33087,946,20,23,1
33088,946,21,18,1
33089,946,22,19,0
33090,946,23,32,2
33091,946,24,18,1
33092,946,25,4,0
33093,946,26,25,1
33094,946,27,48,1
33095,946,28,39,1
33096,946,29,34,1
33097,946,30,17,1
33098,946,31,24,1
33099,946,32,21,1
33100,946,33,24,1
33101,946,34,22,1
33102,946,35,19,1
33103,947,1,12,1
33104,947,2,11,0
33105,947,3,20,1
33106,947,4,20,1
33107,947,5,18,1
33108,947,6,8,0
33109,947,7,15,1
33110,947,8,24,1
33111,947,9,35,1
33112,947,10,15,0
33113,947,11,15,1
33114,947,12,23,0
33115,947,13,9,0
33116,947,14,25,1
33117,947,15,16,1
33118,947,16,8,0
33119,947,17,25,1
33120,947,18,27,1
33121,947,19,16,0
33122,947,20,22,1
33123,947,21,23,1
33124,947,22,15,1
33125,947,23,14,1
33126,947,24,26,0
33127,947,25,23,1
33128,947,26,13,0
33129,947,27,11,0
33130,947,28,12,1
33131,947,29,1,0
33132,947,30,39,1
33133,947,31,10,0
33134,947,32,8,0
33135,947,33,22,1
33136,947,34,8,0
33137,947,35,13,0
33138,948,1,30,1
33139,948,2,16,1
33140,948,3,22,1
33141,948,4,46,2
33142,948,5,23,1
33143,948,6,24,1
33144,948,7,12,0
33145,948,8,7,0
33146,948,9,23,1
33147,948,10,31,1
33148,948,11,29,1
33149,948,12,19,0
33150,948,13,43,2
33151,948,14,67,3
33152,948,15,17,0
33153,948,16,11,0
33154,948,17,19,1
33155,948,18,16,0
33156,948,19,24,0
33157,948,20,43,1
33158,948,21,53,2
33159,948,22,38,2
33160,948,23,44,1
33161,948,24,20,0
33162,948,25,34,1
33163,948,26,30,1
33164,948,27,34,0
33165,948,28,28,1
33166,948,29,30,1
33167,948,30,22,1
33168,948,31,11,0
33169,948,32,25,1
33170,948,33,13,0
33171,948,34,22,0
33172,948,35,35,0
33173,949,1,11,1
33174,949,2,48,3
33175,949,3,23,0
33176,949,4,15,1
33177,949,5,22,1
33178,949,6,44,1
33179,949,7,19,1
33180,949,8,17,1
33181,949,9,27,1
33182,949,10,23,0
33183,949,11,19,1
33184,949,12,28,1
33185,949,13,14,1
33186,949,14,19,1
33187,949,15,8,0
33188,949,16,36,1
33189,949,17,7,0
33190,949,18,27,1
33191,949,19,21,0
33192,949,20,23,1
33193,949,21,20,1
33194,949,22,13,0
33195,949,23,17,1
33196,949,24,19,0
33197,949,25,17,0
33198,949,26,19,0
33199,949,27,23,1
33200,949,28,15,0
33201,949,29,15,1
33202,949,30,15,0
33203,949,31,5,0
33204,949,32,29,1
33205,949,33,34,1
33206,949,34,27,1
33207,949,35,10,1
33208,950,1,21,1
33209,950,2,9,0
33210,950,3,12,0
33211,950,4,18,0
33212,950,5,24,1
33213,950,6,18,0
33214,950,7,26,2
33215,950,8,14,1
33216,950,9,14,0
33217,950,10,12,1
33218,950,11,21,1
33219,950,12,9,0
33220,950,13,7,0
33221,950,14,22,1
33222,950,15,16,1
33223,950,16,16,0
33224,950,17,18,1
33225,950,18,20,0
33226,950,19,13,0
33227,950,20,14,1
33228,950,21,7,0
33229,950,22,14,1
33230,950,23,22,1
33231,950,24,5,0
33232,950,25,14,0
33233,950,26,14,1
33234,950,27,23,0
33235,950,28,10,0
33236,950,29,11,0
33237,950,30,25,1
33238,950,31,17,0
33239,950,32,13,1
33240,950,33,13,0
33241,950,34,10,0
33242,950,35,14,1
33243,951,1,4,0
33244,951,2,21,1
33245,951,3,21,0
33246,951,4,16,0
33247,951,5,19,1
33248,951,6,13,0
33249,951,7,17,0
33250,951,8,6,0
33251,951,9,14,1
33252,951,10,13,0
33253,951,11,22,1
33254,951,12,19,1
33255,951,13,8,0
33256,951,14,16,1
33257,951,15,12,1
33258,951,16,11,0
33259,951,17,13,1
33260,951,18,18,1
33261,951,19,3,0
33262,951,20,5,0
33263,951,21,22,1
33264,951,22,14,0
33265,951,23,17,0
33266,951,24,21,0
33267,951,25,14,1
33268,951,26,7,0
33269,951,27,8,0
33270,951,28,2,0
33271,951,29,12,0
33272,951,30,6,0
33273,951,31,17,0
33274,951,32,9,0
33275,951,33,19,1
33276,951,34,20,1
33277,951,35,12,0
33278,952,1,9,0
33279,952,2,16,0
33280,952,3,34,1
33281,952,4,3,0
33282,952,5,30,1
33283,952,6,24,1
33284,952,7,16,1
33285,952,8,19,1
33286,952,9,13,1
33287,952,10,7,0
33288,952,11,33,1
33289,952,12,13,1
33290,952,13,12,0
33291,952,14,21,1
33292,952,15,21,0
33293,952,16,9,0
33294,952,17,36,2
33295,952,18,29,2
33296,952,19,13,1
33297,952,20,4,0
33298,952,21,5,0
33299,952,22,19,1
33300,952,23,18,1
33301,952,24,13,1
33302,952,25,16,1
33303,952,26,15,1
33304,952,27,10,0
33305,952,28,9,1
33306,952,29,1,0
33307,952,30,37,0
33308,952,31,18,1
33309,952,32,16,1
33310,952,33,5,0
33311,952,34,11,0
33312,952,35,9,0
33313,953,1,39,1
33314,953,2,26,1
33315,953,3,33,1
33316,953,4,32,1
33317,953,5,11,1
33318,953,6,22,0
33319,953,7,24,1
33320,953,8,15,1
33321,953,9,13,0
33322,953,10,29,0
33323,953,11,36,1
33324,953,12,20,1
33325,953,13,24,1
33326,953,14,25,0
33327,953,15,15,0
33328,953,16,24,1
33329,953,17,30,1
33330,953,18,14,1
33331,953,19,29,2
33332,953,20,39,2
33333,953,21,19,1
33334,953,22,22,1
33335,953,23,26,1
33336,953,24,9,0
33337,953,25,6,0
33338,953,26,16,1
33339,953,27,12,1
33340,953,28,22,1
33341,953,29,19,0
33342,953,30,14,0
33343,953,31,26,1
33344,953,32,13,0
33345,953,33,20,1
33346,953,34,43,1
33347,953,35,18,0
33348,954,1,8,0
33349,954,2,14,1
33350,954,3,26,0
33351,954,4,9,0
33352,954,5,21,0
33353,954,6,4,0
33354,954,7,14,0
33355,954,8,13,0
33356,954,9,12,0
33357,954,10,15,1
33358,954,11,14,0
33359,954,12,15,1
33360,954,13,8,0
33361,954,14,22,0
33362,954,15,16,1
33363,954,16,5,0
33364,954,17,18,0
33365,954,18,9,0
33366,954,19,11,1
33367,954,20,15,1
33368,954,21,21,1
33369,954,22,10,0
33370,954,23,20,0
33371,954,24,19,1
33372,954,25,8,0
33373,954,26,13,1
33374,954,27,19,0
33375,954,28,10,0
33376,954,29,9,0
33377,954,30,20,1
33378,954,31,14,0
33379,954,32,22,1
33380,954,33,5,0
33381,954,34,19,1
33382,954,35,11,0
33383,955,1,12,0
33384,955,2,10,0
33385,955,3,14,0
33386,955,4,7,0
33387,955,5,17,1
33388,955,6,13,1
33389,955,7,18,0
33390,955,8,2,0
33391,955,9,34,1
33392,955,10,10,0
33393,955,11,6,0
33394,955,12,11,0
33395,955,13,17,1
33396,955,14,9,0
33397,955,15,9,1
33398,955,16,13,1
33399,955,17,6,0
33400,955,18,9,0
33401,955,19,6,0
33402,955,20,17,1
33403,955,21,8,0
33404,955,22,9,0
33405,955,23,14,1
33406,955,24,13,0
33407,955,25,12,0
33408,955,26,18,1
33409,955,27,6,0
33410,955,28,16,1
33411,955,29,10,0
33412,955,30,4,0
33413,955,31,12,1
33414,955,32,10,0
33415,955,33,16,0
33416,955,34,12,1
33417,955,35,15,1
33418,956,1,10,1
33419,956,2,24,0
33420,956,3,25,1
33421,956,4,16,0
33422,956,5,19,0
33423,956,6,30,1
33424,956,7,18,0
33425,956,8,10,0
33426,956,9,18,1
33427,956,10,13,0
33428,956,11,14,1
33429,956,12,10,0
33430,956,13,15,0
33431,956,14,39,2
33432,956,15,9,0
33433,956,16,17,0
33434,956,17,22,1
33435,956,18,22,1
33436,956,19,25,1
33437,956,20,20,1
33438,956,21,16,1
33439,956,22,23,1
33440,956,23,8,0
33441,956,24,16,1
33442,956,25,17,1
33443,956,26,3,0
33444,956,27,30,1
33445,956,28,11,1
33446,956,29,44,2
33447,956,30,13,0
33448,956,31,18,1
33449,956,32,15,0
33450,956,33,17,1
33451,956,34,28,1
33452,956,35,22,0
33453,957,1,29,2
33454,957,2,33,1
33455,957,3,17,0
33456,957,4,7,0
33457,957,5,32,1
33458,957,6,39,1
33459,957,7,21,0
33460,957,8,30,1
33461,957,9,28,1
33462,957,10,11,0
33463,957,11,17,0
33464,957,12,24,1
33465,957,13,26,1
33466,957,14,11,1
33467,957,15,36,1
33468,957,16,4,0
33469,957,17,27,1
33470,957,18,26,1
33471,957,19,26,1
33472,957,20,48,2
33473,957,21,14,1
33474,957,22,13,0
33475,957,23,40,0
33476,957,24,26,0
33477,957,25,23,0
33478,957,26,20,1
33479,957,27,25,0
33480,957,28,20,0
33481,957,29,28,1
33482,957,30,11,0
33483,957,31,11,0
33484,957,32,42,1
33485,957,33,52,2
33486,957,34,24,1
33487,957,35,12,0
33488,958,1,26,1
33489,958,2,24,0
33490,958,3,6,0
33491,958,4,25,1
33492,958,5,15,0
33493,958,6,23,1
33494,958,7,13,0
33495,958,8,19,1
33496,958,9,19,1
33497,958,10,17,1
33498,958,11,19,1
33499,958,12,19,1
33500,958,13,23,1
33501,958,14,4,0
33502,958,15,10,0
33503,958,16,20,0
33504,958,17,13,1
33505,958,18,15,0
33506,958,19,9,0
33507,958,20,14,0
33508,958,21,14,0
33509,958,22,8,0
33510,958,23,17,1
33511,958,24,8,0
33512,958,25,12,0
33513,958,26,14,1
33514,958,27,23,1
33515,958,28,18,1
33516,958,29,25,0
33517,958,30,21,1
33518,958,31,7,0
33519,958,32,15,0
33520,958,33,15,0
33521,958,34,24,1
33522,958,35,28,1
33523,959,1,10,0
33524,959,2,10,0
33525,959,3,22,0
33526,959,4,22,1
33527,959,5,9,0
33528,959,6,11,0
33529,959,7,12,0
33530,959,8,9,0
33531,959,9,7,0
33532,959,10,6,0
33533,959,11,17,0
33534,959,12,13,1
33535,959,13,12,0
33536,959,14,14,1
33537,959,15,16,1
33538,959,16,10,1
33539,959,17,14,0
33540,959,18,19,1
33541,959,19,7,0
33542,959,20,4,0
33543,959,21,12,0
33544,959,22,3,0
33545,959,23,25,0
33546,959,24,9,0
33547,959,25,5,0
33548,959,26,13,0
33549,959,27,13,1
33550,959,28,6,0
33551,959,29,9,0
33552,959,30,20,0
33553,959,31,7,0
33554,959,32,15,1
33555,959,33,23,0
33556,959,34,16,1
33557,959,35,9,0
33558,960,1,9,0
33559,960,2,19,1
33560,960,3,24,0
33561,960,4,17,1
33562,960,5,4,0
33563,960,6,10,0
33564,960,7,23,0
33565,960,8,8,0
33566,960,9,20,1
33567,960,10,15,1
33568,960,11,19,0
33569,960,12,18,1
33570,960,13,37,1
33571,960,14,14,1
33572,960,15,17,1
33573,960,16,17,1
33574,960,17,14,0
33575,960,18,55,3
33576,960,19,12,1
33577,960,20,56,1
33578,960,21,20,1
33579,960,22,28,1
33580,960,23,12,0
33581,960,24,26,0
33582,960,25,27,1
33583,960,26,29,2
33584,960,27,6,0
33585,960,28,14,0
33586,960,29,11,0
33587,960,30,14,1
33588,960,31,15,1
33589,960,32,5,0
33590,960,33,17,1
33591,960,34,24,1
33592,960,35,26,1
33593,961,1,43,2
33594,961,2,25,0
33595,961,3,29,1
33596,961,4,22,1
33597,961,5,31,0
33598,961,6,37,2
33599,961,7,20,0
33600,961,8,41,1
33601,961,9,15,1
33602,961,10,26,1
33603,961,11,24,1
33604,961,12,28,1
33605,961,13,33,1
33606,961,14,31,1
33607,961,15,33,2
33608,961,16,16,0
33609,961,17,35,1
33610,961,18,33,2
33611,961,19,41,1
33612,961,20,22,1
33613,961,21,47,2
33614,961,22,23,1
33615,961,23,28,1
33616,961,24,46,1
33617,961,25,36,1
33618,961,26,27,1
33619,961,27,60,2
33620,961,28,30,2
33621,961,29,17,1
33622,961,30,28,0
33623,961,31,20,1
33624,961,32,18,1
33625,961,33,11,0
33626,961,34,31,2
33627,961,35,40,2
33628,962,1,16,0
33629,962,2,19,0
33630,962,3,19,0
33631,962,4,22,1
33632,962,5,16,0
33633,962,6,8,0
33634,962,7,28,1
33635,962,8,11,0
33636,962,9,7,0
33637,962,10,17,1
33638,962,11,32,1
33639,962,12,15,0
33640,962,13,17,1
33641,962,14,16,1
33642,962,15,17,0
33643,962,16,12,1
33644,962,17,35,1
33645,962,18,16,1
33646,962,19,19,0
33647,962,20,7,0
33648,962,21,20,1
33649,962,22,29,1
33650,962,23,14,1
33651,962,24,27,1
33652,962,25,27,1
33653,962,26,20,1
33654,962,27,26,1
33655,962,28,16,0
33656,962,29,27,1
33657,962,30,14,1
33658,962,31,15,1
33659,962,32,37,1
33660,962,33,9,0
33661,962,34,16,0
33662,962,35,15,0
33663,963,1,12,0
33664,963,2,20,1
33665,963,3,16,1
33666,963,4,12,1
33667,963,5,25,1
33668,963,6,13,0
33669,963,7,6,0
33670,963,8,9,1
33671,963,9,5,0
33672,963,10,7,0
33673,963,11,14,1
33674,963,12,4,0
33675,963,13,8,0
33676,963,14,10,0
33677,963,15,12,0
33678,963,16,17,1
33679,963,17,17,1
33680,963,18,11,0
33681,963,19,15,1
33682,963,20,8,0
33683,963,21,26,0
33684,963,22,14,0
33685,963,23,10,0
33686,963,24,24,1
33687,963,25,11,0
33688,963,26,20,0
33689,963,27,9,0
33690,963,28,25,1
33691,963,29,36,1
33692,963,30,4,0
33693,963,31,19,1
33694,963,32,26,1
33695,963,33,8,0
33696,963,34,6,0
33697,963,35,19,1
33698,964,1,41,1
33699,964,2,30,1
33700,964,3,11,1
33701,964,4,12,1
33702,964,5,29,2
33703,964,6,39,1
33704,964,7,13,0
33705,964,8,11,0
33706,964,9,19,1
33707,964,10,21,1
33708,964,11,12,0
33709,964,12,14,1
33710,964,13,14,1
33711,964,14,10,0
33712,964,15,15,1
33713,964,16,9,1
33714,964,17,30,2
33715,964,18,29,1
33716,964,19,70,2
33717,964,20,21,0
33718,964,21,6,0
33719,964,22,32,1
33720,964,23,24,1
33721,964,24,22,1
33722,964,25,30,2
33723,964,26,35,1
33724,964,27,25,1
33725,964,28,16,1
33726,964,29,9,0
33727,964,30,20,1
33728,964,31,18,0
33729,964,32,10,0
33730,964,33,20,0
33731,964,34,14,0
33732,964,35,13,0
33733,965,1,15,0
33734,965,2,17,1
33735,965,3,18,1
33736,965,4,16,1
33737,965,5,32,1
33738,965,6,41,2
33739,965,7,14,1
33740,965,8,12,0
33741,965,9,16,0
33742,965,10,8,0
33743,965,11,17,1
33744,965,12,45,1
33745,965,13,43,1
33746,965,14,52,1
33747,965,15,37,2
33748,965,16,20,0
33749,965,17,49,1
33750,965,18,33,1
33751,965,19,7,0
33752,965,20,8,0
33753,965,21,29,2
33754,965,22,35,1
33755,965,23,32,1
33756,965,24,33,1
33757,965,25,34,2
33758,965,26,33,1
33759,965,27,53,1
33760,965,28,36,1
33761,965,29,34,1
33762,965,30,18,1
33763,965,31,26,1
33764,965,32,17,1
33765,965,33,19,0
33766,965,34,16,0
33767,965,35,18,0
33768,966,1,11,0
33769,966,2,8,0
33770,966,3,8,0
33771,966,4,9,0
33772,966,5,16,0
33773,966,6,14,0
33774,966,7,20,1
33775,966,8,33,1
33776,966,9,25,1
33777,966,10,18,0
33778,966,11,15,0
33779,966,12,31,1
33780,966,13,30,2
33781,966,14,4,0
33782,966,15,23,0
33783,966,16,25,1
33784,966,17,23,0
33785,966,18,9,0
33786,966,19,27,1
33787,966,20,13,0
33788,966,21,32,2
33789,966,22,38,1
33790,966,23,19,0
33791,966,24,14,1
33792,966,25,9,0
33793,966,26,51,2
33794,966,27,18,1
33795,966,28,18,1
33796,966,29,14,0
33797,966,30,17,0
33798,966,31,11,0
33799,966,32,33,2
33800,966,33,11,1
33801,966,34,48,3
33802,966,35,21,0
33803,967,1,11,0
33804,967,2,8,0
33805,967,3,14,0
33806,967,4,31,2
33807,967,5,7,0
33808,967,6,16,1
33809,967,7,24,0
33810,967,8,31,1
33811,967,9,23,1
33812,967,10,13,0
33813,967,11,19,0
33814,967,12,14,1
33815,967,13,22,1
33816,967,14,15,1
33817,967,15,10,0
33818,967,16,12,1
33819,967,17,8,0
33820,967,18,10,0
33821,967,19,20,1
33822,967,20,24,1
33823,967,21,12,0
33824,967,22,18,0
33825,967,23,24,1
33826,967,24,10,0
33827,967,25,13,0
33828,967,26,11,1
33829,967,27,34,2
33830,967,28,9,1
33831,967,29,17,1
33832,967,30,30,1
33833,967,31,8,0
33834,967,32,11,0
33835,967,33,13,0
33836,967,34,15,0
33837,967,35,6,0
33838,968,1,11,0
33839,968,2,42,2
33840,968,3,58,1
33841,968,4,40,2
33842,968,5,21,1
33843,968,6,38,2
33844,968,7,32,1
33845,968,8,13,0
33846,968,9,29,1
33847,968,10,21,1
33848,968,11,19,1
33849,968,12,24,0
33850,968,13,28,1
33851,968,14,22,1
33852,968,15,30,1
33853,968,16,15,1
33854,968,17,31,2
33855,968,18,22,0
33856,968,19,7,0
33857,968,20,17,0
33858,968,21,19,1
33859,968,22,17,1
33860,968,23,27,1
33861,968,24,34,2
33862,968,25,31,1
33863,968,26,22,1
33864,968,27,39,1
33865,968,28,19,1
33866,968,29,19,0
33867,968,30,23,1
33868,968,31,26,1
33869,968,32,60,3
33870,968,33,37,2
33871,968,34,20,1
33872,968,35,18,1
33873,969,1,33,1
33874,969,2,56,1
33875,969,3,70,2
33876,969,4,43,1
33877,969,5,34,1
33878,969,6,32,2
33879,969,7,33,2
33880,969,8,20,1
33881,969,9,22,1
33882,969,10,25,1
33883,969,11,21,1
33884,969,12,44,3
33885,969,13,63,1
33886,969,14,22,1
33887,969,15,36,1
33888,969,16,23,1
33889,969,17,28,1
33890,969,18,31,1
33891,969,19,57,2
33892,969,20,10,0
33893,969,21,29,1
33894,969,22,20,0
33895,969,23,15,1
33896,969,24,13,1
33897,969,25,14,0
33898,969,26,49,2
33899,969,27,68,3
33900,969,28,22,1
33901,969,29,10,1
33902,969,30,37,0
33903,969,31,39,1
33904,969,32,20,1
33905,969,33,29,2
33906,969,34,55,1
33907,969,35,55,2
33908,970,1,18,0
33909,970,2,38,1
33910,970,3,24,1
33911,970,4,42,1
33912,970,5,8,0
33913,970,6,18,0
33914,970,7,42,1
33915,970,8,13,1
33916,970,9,27,1
33917,970,10,31,1
33918,970,11,20,1
33919,970,12,16,1
33920,970,13,11,1
33921,970,14,12,1
33922,970,15,11,1
33923,970,16,43,2
33924,970,17,34,1
33925,970,18,38,1
33926,970,19,35,2
33927,970,20,38,2
33928,970,21,12,0
33929,970,22,6,0
33930,970,23,23,1
33931,970,24,32,2
33932,970,25,22,1
33933,970,26,38,0
33934,970,27,39,1
33935,970,28,16,1
33936,970,29,23,0
33937,970,30,18,0
33938,970,31,11,0
33939,970,32,20,1
33940,970,33,25,0
33941,970,34,27,1
33942,970,35,31,2
33943,971,1,25,1
33944,971,2,31,1
33945,971,3,23,1
33946,971,4,19,0
33947,971,5,18,0
33948,971,6,16,0
33949,971,7,8,0
33950,971,8,15,1
33951,971,9,25,1
33952,971,10,18,0
33953,971,11,26,1
33954,971,12,23,0
33955,971,13,27,1
33956,971,14,14,1
33957,971,15,7,0
33958,971,16,11,0
33959,971,17,17,1
33960,971,18,18,1
33961,971,19,9,0
33962,971,20,21,0
33963,971,21,19,1
33964,971,22,43,3
33965,971,23,37,1
33966,971,24,13,1
33967,971,25,8,0
33968,971,26,4,0
33969,971,27,15,0
33970,971,28,15,1
33971,971,29,8,0
33972,971,30,21,0
33973,971,31,7,0
33974,971,32,19,1
33975,971,33,29,1
33976,971,34,27,0
33977,971,35,13,1
33978,972,1,21,1
33979,972,2,27,1
33980,972,3,10,1
33981,972,4,15,1
33982,972,5,31,0
33983,972,6,39,1
33984,972,7,19,1
33985,972,8,17,1
33986,972,9,20,1
33987,972,10,28,1
33988,972,11,32,1
33989,972,12,16,0
33990,972,13,31,1
33991,972,14,19,1
33992,972,15,35,0
33993,972,16,30,2
33994,972,17,16,0
33995,972,18,22,1
33996,972,19,23,1
33997,972,20,35,2
33998,972,21,28,1
33999,972,22,23,1
34000,972,23,43,1
34001,972,24,20,1
34002,972,25,24,1
34003,972,26,26,1
34004,972,27,30,0
34005,972,28,10,0
34006,972,29,36,1
34007,972,30,9,0
34008,972,31,32,0
34009,972,32,30,1
34010,972,33,28,1
34011,972,34,13,0
34012,972,35,48,1
34013,973,1,51,1
34014,973,2,48,1
34015,973,3,13,0
34016,973,4,13,0
34017,973,5,24,1
34018,973,6,24,1
34019,973,7,9,1
34020,973,8,29,1
34021,973,9,36,1
34022,973,10,49,1
34023,973,11,19,1
34024,973,12,21,1
34025,973,13,51,2
34026,973,14,39,1
34027,973,15,41,1
34028,973,16,25,0
34029,973,17,32,1
34030,973,18,65,3
34031,973,19,29,1
34032,973,20,20,1
34033,973,21,39,1
34034,973,22,53,2
34035,973,23,24,1
34036,973,24,17,0
34037,973,25,24,1
34038,973,26,29,1
34039,973,27,52,1
34040,973,28,37,1
34041,973,29,17,1
34042,973,30,16,1
34043,973,31,24,1
34044,973,32,12,1
34045,973,33,19,0
34046,973,34,36,1
34047,973,35,7,0
34048,974,1,19,1
34049,974,2,21,1
34050,974,3,18,1
34051,974,4,31,1
34052,974,5,20,1
34053,974,6,50,2
34054,974,7,16,0
34055,974,8,7,0
34056,974,9,21,0
34057,974,10,10,0
34058,974,11,37,1
34059,974,12,26,0
34060,974,13,20,1
34061,974,14,42,2
34062,974,15,15,1
34063,974,16,16,0
34064,974,17,20,1
34065,974,18,27,0
34066,974,19,23,1
34067,974,20,28,1
34068,974,21,14,0
34069,974,22,44,1
34070,974,23,19,0
34071,974,24,24,0
34072,974,25,30,1
34073,974,26,22,0
34074,974,27,23,1
34075,974,28,19,1
34076,974,29,5,0
34077,974,30,8,0
34078,974,31,19,1
34079,974,32,35,2
34080,974,33,36,1
34081,974,34,23,1
34082,974,35,16,0
34083,975,1,8,0
34084,975,2,13,0
34085,975,3,13,0
34086,975,4,25,1
34087,975,5,9,0
34088,975,6,10,0
34089,975,7,10,0
34090,975,8,26,0
34091,975,9,26,1
34092,975,10,12,1
34093,975,11,13,0
34094,975,12,10,0
34095,975,13,12,0
34096,975,14,14,0
34097,975,15,8,0
34098,975,16,21,1
34099,975,17,24,0
34100,975,18,24,1
34101,975,19,36,0
34102,975,20,15,0
34103,975,21,17,1
34104,975,22,11,1
34105,975,23,24,1
34106,975,24,15,0
34107,975,25,21,0
34108,975,26,20,0
34109,975,27,35,1
34110,975,28,20,0
34111,975,29,17,1
34112,975,30,16,0
34113,975,31,12,0
34114,975,32,9,0
34115,975,33,35,2
34116,975,34,13,0
34117,975,35,22,0
34118,976,1,34,1
34119,976,2,8,0
34120,976,3,23,1
34121,976,4,41,1
34122,976,5,12,0
34123,976,6,11,0
34124,976,7,19,1
34125,976,8,58,3
34126,976,9,29,1
34127,976,10,20,1
34128,976,11,26,1
34129,976,12,30,0
34130,976,13,56,2
34131,976,14,19,1
34132,976,15,28,1
34133,976,16,23,0
34134,976,17,49,1
34135,976,18,20,1
34136,976,19,29,1
34137,976,20,43,2
34138,976,21,17,1
34139,976,22,25,1
34140,976,23,37,1
34141,976,24,18,0
34142,976,25,48,1
34143,976,26,19,0
34144,976,27,27,1
34145,976,28,37,1
34146,976,29,16,0
34147,976,30,25,1
34148,976,31,10,0
34149,976,32,31,0
34150,976,33,66,4
34151,976,34,46,1
34152,976,35,31,1
34153,977,1,14,0
34154,977,2,22,0
34155,977,3,12,0
34156,977,4,25,1
34157,977,5,25,1
34158,977,6,29,1
34159,977,7,42,1
34160,977,8,13,0
34161,977,9,18,1
34162,977,10,23,1
34163,977,11,20,0
34164,977,12,20,1
34165,977,13,30,1
34166,977,14,13,0
34167,977,15,38,1
34168,977,16,13,1
34169,977,17,19,1
34170,977,18,7,0
34171,977,19,7,0
34172,977,20,15,0
34173,977,21,18,1
34174,977,22,15,1
34175,977,23,23,1
34176,977,24,33,1
34177,977,25,28,2
34178,977,26,11,0
34179,977,27,19,1
34180,977,28,45,1
34181,977,29,38,2
34182,977,30,25,0
34183,977,31,32,1
34184,977,32,16,1
34185,977,33,19,1
34186,977,34,26,1
34187,977,35,21,1
34188,978,1,14,1
34189,978,2,15,1
34190,978,3,10,0
34191,978,4,10,1
34192,978,5,12,0
34193,978,6,11,0
34194,978,7,27,1
34195,978,8,28,2
34196,978,9,27,1
34197,978,10,5,0
34198,978,11,24,1
34199,978,12,14,1
34200,978,13,11,0
34201,978,14,6,0
34202,978,15,13,1
34203,978,16,15,1
34204,978,17,11,0
34205,978,18,17,1
34206,978,19,14,0
34207,978,20,10,0
34208,978,21,7,0
34209,978,22,19,1
34210,978,23,8,0
34211,978,24,21,0
34212,978,25,7,0
34213,978,26,20,0
34214,978,27,8,0
34215,978,28,10,0
34216,978,29,18,0
34217,978,30,16,1
34218,978,31,15,1
34219,978,32,12,1
34220,978,33,18,1
34221,978,34,22,1
34222,978,35,17,1
34223,979,1,9,0
34224,979,2,11,0
34225,979,3,13,1
34226,979,4,13,1
34227,979,5,10,0
34228,979,6,8,0
34229,979,7,7,0
34230,979,8,12,0
34231,979,9,10,0
34232,979,10,12,0
34233,979,11,15,0
34234,979,12,22,1
34235,979,13,6,0
34236,979,14,10,0
34237,979,15,8,0
34238,979,16,15,0
34239,979,17,17,0
34240,979,18,15,1
34241,979,19,8,0
34242,979,20,7,0
34243,979,21,21,1
34244,979,22,17,0
34245,979,23,13,1
34246,979,24,10,0
34247,979,25,11,1
34248,979,26,17,0
34249,979,27,9,0
34250,979,28,16,1
34251,979,29,16,1
34252,979,30,11,1
34253,979,31,13,1
34254,979,32,17,1
34255,979,33,7,0
34256,979,34,16,1
34257,979,35,22,1
34258,980,1,15,0
34259,980,2,32,1
34260,980,3,14,0
34261,980,4,21,1
34262,980,5,13,0
34263,980,6,19,1
34264,980,7,16,1
34265,980,8,25,1
34266,980,9,26,1
34267,980,10,20,1
34268,980,11,14,0
34269,980,12,18,0
34270,980,13,14,0
34271,980,14,15,1
34272,980,15,24,1
34273,980,16,16,0
34274,980,17,15,1
34275,980,18,23,1
34276,980,19,37,1
34277,980,20,17,1
34278,980,21,17,1
34279,980,22,26,1
34280,980,23,18,1
34281,980,24,21,0
34282,980,25,22,0
34283,980,26,2,0
34284,980,27,9,0
34285,980,28,7,0
34286,980,29,33,2
34287,980,30,22,1
34288,980,31,31,1
34289,980,32,42,2
34290,980,33,25,1
34291,980,34,8,0
34292,980,35,14,0
34293,981,1,27,1
34294,981,2,22,1
34295,981,3,12,1
34296,981,4,21,1
34297,981,5,45,2
34298,981,6,31,1
34299,981,7,10,0
34300,981,8,24,1
34301,981,9,12,0
34302,981,10,16,1
34303,981,11,21,1
34304,981,12,8,0
34305,981,13,25,0
34306,981,14,14,0
34307,981,15,22,1
34308,981,16,16,0
34309,981,17,25,0
34310,981,18,15,0
34311,981,19,17,0
34312,981,20,14,1
34313,981,21,37,1
34314,981,22,35,2
34315,981,23,33,1
34316,981,24,35,1
34317,981,25,25,1
34318,981,26,10,0
34319,981,27,30,1
34320,981,28,27,1
34321,981,29,15,0
34322,981,30,21,0
34323,981,31,31,2
34324,981,32,16,0
34325,981,33,12,0
34326,981,34,25,1
34327,981,35,48,2
34328,982,1,13,1
34329,982,2,13,1
34330,982,3,12,1
34331,982,4,23,1
34332,982,5,20,1
34333,982,6,16,1
34334,982,7,9,0
34335,982,8,15,0
34336,982,9,16,0
34337,982,10,8,0
34338,982,11,12,1
34339,982,12,17,0
34340,982,13,19,0
34341,982,14,15,1
34342,982,15,21,0
34343,982,16,15,0
34344,982,17,19,1
34345,982,18,21,1
34346,982,19,18,1
34347,982,20,8,0
34348,982,21,20,1
34349,982,22,10,0
34350,982,23,12,1
34351,982,24,10,0
34352,982,25,20,0
34353,982,26,12,1
34354,982,27,21,1
34355,982,28,17,0
34356,982,29,12,0
34357,982,30,12,0
34358,982,31,12,1
34359,982,32,17,0
34360,982,33,12,1
34361,982,34,14,0
34362,982,35,15,0
34363,983,1,3,0
34364,983,2,10,1
34365,983,3,14,0
34366,983,4,12,1
34367,983,5,15,0
34368,983,6,8,0
34369,983,7,4,0
34370,983,8,25,1
34371,983,9,22,0
34372,983,10,13,1
34373,983,11,9,0
34374,983,12,12,0
34375,983,13,9,0
34376,983,14,15,0
34377,983,15,14,1
34378,983,16,22,1
34379,983,17,3,0
34380,983,18,9,0
34381,983,19,10,0
34382,983,20,21,1
34383,983,21,10,1
34384,983,22,4,0
34385,983,23,16,0
34386,983,24,13,0
34387,983,25,5,0
34388,983,26,9,0
34389,983,27,4,0
34390,983,28,22,0
34391,983,29,14,1
34392,983,30,10,0
34393,983,31,10,0
34394,983,32,16,1
34395,983,33,12,1
34396,983,34,9,0
34397,983,35,5,0
34398,984,1,14,0
34399,984,2,8,0
34400,984,3,36,1
34401,984,4,27,1
34402,984,5,18,1
34403,984,6,4,0
34404,984,7,14,0
34405,984,8,25,1
34406,984,9,12,1
34407,984,10,16,0
34408,984,11,19,1
34409,984,12,21,1
34410,984,13,24,1
34411,984,14,18,1
34412,984,15,10,0
34413,984,16,24,1
34414,984,17,7,0
34415,984,18,9,0
34416,984,19,41,2
34417,984,20,17,0
34418,984,21,27,1
34419,984,22,10,0
34420,984,23,27,1
34421,984,24,11,0
34422,984,25,18,1
34423,984,26,12,1
34424,984,27,16,1
34425,984,28,11,0
34426,984,29,18,0
34427,984,30,21,1
34428,984,31,24,1
34429,984,32,15,1
34430,984,33,13,1
34431,984,34,13,1
34432,984,35,18,1
34433,985,1,34,2
34434,985,2,24,1
34435,985,3,14,0
34436,985,4,19,1
34437,985,5,46,2
34438,985,6,21,1
34439,985,7,21,1
34440,985,8,21,1
34441,985,9,32,0
34442,985,10,13,1
34443,985,11,36,1
34444,985,12,16,0
34445,985,13,33,1
34446,985,14,9,0
34447,985,15,14,1
34448,985,16,29,1
34449,985,17,9,1
34450,985,18,16,1
34451,985,19,11,0
34452,985,20,18,1
34453,985,21,30,1
34454,985,22,25,0
34455,985,23,27,1
34456,985,24,14,0
34457,985,25,22,0
34458,985,26,38,2
34459,985,27,28,1
34460,985,28,12,0
34461,985,29,59,2
34462,985,30,9,0
34463,985,31,11,0
34464,985,32,15,1
34465,985,33,35,1
34466,985,34,30,1
34467,985,35,25,1
34468,986,1,19,0
34469,986,2,13,0
34470,986,3,13,0
34471,986,4,11,1
34472,986,5,17,1
34473,986,6,12,1
34474,986,7,17,1
34475,986,8,16,1
34476,986,9,26,0
34477,986,10,23,1
34478,986,11,11,1
34479,986,12,17,1
34480,986,13,16,1
34481,986,14,11,0
34482,986,15,9,1
34483,986,16,25,1
34484,986,17,31,1
34485,986,18,17,1
34486,986,19,25,1
34487,986,20,18,1
34488,986,21,9,0
34489,986,22,13,0
34490,986,23,21,1
34491,986,24,13,0
34492,986,25,15,1
34493,986,26,8,0
34494,986,27,22,1
34495,986,28,6,0
34496,986,29,7,0
34497,986,30,13,1
34498,986,31,32,1
34499,986,32,32,0
34500,986,33,8,0
34501,986,34,8,0
34502,986,35,18,0
34503,987,1,13,0
34504,987,2,15,0
34505,987,3,6,0
34506,987,4,14,0
34507,987,5,7,0
34508,987,6,15,1
34509,987,7,12,1
34510,987,8,14,0
34511,987,9,14,0
34512,987,10,10,1
34513,987,11,9,0
34514,987,12,11,0
34515,987,13,17,0
34516,987,14,5,0
34517,987,15,21,1
34518,987,16,13,1
34519,987,17,4,0
34520,987,18,10,0
34521,987,19,16,1
34522,987,20,7,0
34523,987,21,11,1
34524,987,22,16,0
34525,987,23,16,1
34526,987,24,8,0
34527,987,25,9,0
34528,987,26,8,0
34529,987,27,26,1
34530,987,28,7,0
34531,987,29,11,1
34532,987,30,8,0
34533,987,31,29,1
34534,987,32,2,0
34535,987,33,14,1
34536,987,34,9,0
34537,987,35,7,0
34538,988,1,20,1
34539,988,2,21,1
34540,988,3,25,1
34541,988,4,22,1
34542,988,5,29,1
34543,988,6,13,1
34544,988,7,10,0
34545,988,8,22,1
34546,988,9,14,1
34547,988,10,25,0
34548,988,11,16,0
34549,988,12,33,1
34550,988,13,22,1
34551,988,14,19,1
34552,988,15,15,0
34553,988,16,21,1
34554,988,17,20,1
34555,988,18,31,1
34556,988,19,31,2
34557,988,20,6,0
34558,988,21,5,0
34559,988,22,16,0
34560,988,23,26,1
34561,988,24,27,1
34562,988,25,34,1
34563,988,26,36,2
34564,988,27,13,0
34565,988,28,12,0
34566,988,29,19,1
34567,988,30,9,0
34568,988,31,17,0
34569,988,32,13,1
34570,988,33,21,1
34571,988,34,17,0
34572,988,35,11,0
34573,989,1,13,1
34574,989,2,20,1
34575,989,3,21,0
34576,989,4,57,2
34577,989,5,17,0
34578,989,6,26,1
34579,989,7,20,1
34580,989,8,22,0
34581,989,9,12,0
34582,989,10,23,1
34583,989,11,14,0
34584,989,12,45,3
34585,989,13,13,0
34586,989,14,31,2
34587,989,15,51,2
34588,989,16,10,1
34589,989,17,17,1
34590,989,18,25,0
34591,989,19,21,1
34592,989,20,43,2
34593,989,21,28,0
34594,989,22,30,0
34595,989,23,21,0
34596,989,24,48,2
34597,989,25,16,1
34598,989,26,31,1
34599,989,27,29,1
34600,989,28,13,0
34601,989,29,22,1
34602,989,30,15,1
34603,989,31,17,1
34604,989,32,66,1
34605,989,33,11,0
34606,989,34,43,2
34607,989,35,10,0
34608,990,1,28,2
34609,990,2,17,1
34610,990,3,24,1
34611,990,4,10,0
34612,990,5,29,0
34613,990,6,40,1
34614,990,7,13,0
34615,990,8,5,0
34616,990,9,17,0
34617,990,10,31,1
34618,990,11,24,1
34619,990,12,13,0
34620,990,13,22,1
34621,990,14,22,1
34622,990,15,11,0
34623,990,16,15,1
34624,990,17,20,1
34625,990,18,17,0
34626,990,19,32,2
34627,990,20,19,1
34628,990,21,20,1
34629,990,22,27,1
34630,990,23,28,1
34631,990,24,23,1
34632,990,25,29,1
34633,990,26,28,1
34634,990,27,21,1
34635,990,28,18,1
34636,990,29,15,0
34637,990,30,7,0
34638,990,31,20,1
34639,990,32,9,0
34640,990,33,14,0
34641,990,34,9,1
34642,990,35,17,1
34643,991,1,16,1
34644,991,2,14,1
34645,991,3,13,0
34646,991,4,17,0
34647,991,5,17,1
34648,991,6,7,0
34649,991,7,16,0
34650,991,8,23,1
34651,991,9,14,0
34652,991,10,10,0
34653,991,11,7,0
34654,991,12,6,0
34655,991,13,18,1
34656,991,14,8,0
34657,991,15,11,0
34658,991,16,9,0
34659,991,17,25,1
34660,991,18,19,1
34661,991,19,18,0
34662,991,20,15,1
34663,991,21,17,0
34664,991,22,23,1
34665,991,23,20,1
34666,991,24,5,0
34667,991,25,21,0
34668,991,26,12,0
34669,991,27,7,0
34670,991,28,8,0
34671,991,29,22,1
34672,991,30,11,0
34673,991,31,33,1
34674,991,32,10,1
34675,991,33,16,0
34676,991,34,31,2
34677,991,35,16,0
34678,992,1,18,1
34679,992,2,29,1
34680,992,3,33,1
34681,992,4,33,2
34682,992,5,23,1
34683,992,6,15,0
34684,992,7,6,0
34685,992,8,24,1
34686,992,9,6,0
34687,992,10,31,1
34688,992,11,14,0
34689,992,12,15,1
34690,992,13,31,0
34691,992,14,29,2
34692,992,15,37,2
34693,992,16,32,2
34694,992,17,15,1
34695,992,18,17,1
34696,992,19,13,1
34697,992,20,10,0
34698,992,21,26,1
34699,992,22,9,0
34700,992,23,5,0
34701,992,24,14,0
34702,992,25,32,2
34703,992,26,39,2
34704,992,27,13,0
34705,992,28,9,0
34706,992,29,16,0
34707,992,30,22,0
34708,992,31,23,0
34709,992,32,16,0
34710,992,33,5,0
34711,992,34,23,1
34712,992,35,46,2
34713,993,1,30,1
34714,993,2,55,2
34715,993,3,28,1
34716,993,4,33,1
34717,993,5,59,2
34718,993,6,18,0
34719,993,7,28,1
34720,993,8,41,1
34721,993,9,32,1
34722,993,10,54,3
34723,993,11,64,1
34724,993,12,45,1
34725,993,13,45,1
34726,993,14,46,3
34727,993,15,25,1
34728,993,16,32,1
34729,993,17,30,0
34730,993,18,54,1
34731,993,19,17,1
34732,993,20,60,1
34733,993,21,24,1
34734,993,22,30,2
34735,993,23,18,1
34736,993,24,39,2
34737,993,25,52,1
34738,993,26,48,1
34739,993,27,12,0
34740,993,28,31,1
34741,993,29,11,0
34742,993,30,31,1
34743,993,31,39,2
34744,993,32,24,1
34745,993,33,22,0
34746,993,34,23,1
34747,993,35,65,3
34748,994,1,16,0
34749,994,2,70,3
34750,994,3,12,1
34751,994,4,17,0
34752,994,5,15,0
34753,994,6,20,1
34754,994,7,21,1
34755,994,8,15,1
34756,994,9,23,1
34757,994,10,12,1
34758,994,11,34,1
34759,994,12,24,1
34760,994,13,11,1
34761,994,14,31,1
34762,994,15,18,1
34763,994,16,24,0
34764,994,17,15,1
34765,994,18,8,0
34766,994,19,17,1
34767,994,20,19,1
34768,994,21,40,2
34769,994,22,34,1
34770,994,23,19,1
34771,994,24,21,1
34772,994,25,45,2
34773,994,26,21,0
34774,994,27,11,0
34775,994,28,36,1
34776,994,29,45,1
34777,994,30,35,2
34778,994,31,24,1
34779,994,32,17,1
34780,994,33,14,1
34781,994,34,38,2
34782,994,35,21,0
34783,995,1,13,0
34784,995,2,34,1
34785,995,3,12,0
34786,995,4,14,0
34787,995,5,21,1
34788,995,6,19,1
34789,995,7,24,1
34790,995,8,11,0
34791,995,9,10,0
34792,995,10,32,1
34793,995,11,13,0
34794,995,12,10,1
34795,995,13,25,1
34796,995,14,40,2
34797,995,15,16,0
34798,995,16,21,0
34799,995,17,25,1
34800,995,18,35,2
34801,995,19,11,0
34802,995,20,10,1
34803,995,21,24,1
34804,995,22,34,2
34805,995,23,36,1
34806,995,24,14,0
34807,995,25,23,1
34808,995,26,19,1
34809,995,27,9,0
34810,995,28,8,0
34811,995,29,23,1
34812,995,30,20,1
34813,995,31,36,2
34814,995,32,12,0
34815,995,33,13,1
34816,995,34,9,0
34817,995,35,34,1
34818,996,1,36,2
34819,996,2,29,1
34820,996,3,36,1
34821,996,4,49,3
34822,996,5,32,1
34823,996,6,24,1
34824,996,7,11,1
34825,996,8,45,1
34826,996,9,27,0
34827,996,10,39,2
34828,996,11,43,1
34829,996,12,29,2
34830,996,13,48,1
34831,996,14,51,1
34832,996,15,20,1
34833,996,16,35,1
34834,996,17,60,1
34835,996,18,20,0
34836,996,19,19,0
34837,996,20,24,1
34838,996,21,38,1
34839,996,22,50,1
34840,996,23,42,2
34841,996,24,59,3
34842,996,25,26,1
34843,996,26,36,2
34844,996,27,34,1
34845,996,28,33,1
34846,996,29,30,1
34847,996,30,56,3
34848,996,31,17,1
34849,996,32,27,0
34850,996,33,26,1
34851,996,34,45,2
34852,996,35,16,1
34853,997,1,25,0
34854,997,2,64,1
34855,997,3,30,2
34856,997,4,36,1
34857,997,5,43,3
34858,997,6,59,3
34859,997,7,42,2
34860,997,8,37,1
34861,997,9,41,2
34862,997,10,57,2
34863,997,11,42,2
34864,997,12,39,1
34865,997,13,60,3
34866,997,14,32,2
34867,997,15,73,2
34868,997,16,35,1
34869,997,17,22,1
34870,997,18,29,1
34871,997,19,70,1
34872,997,20,40,1
34873,997,21,38,1
34874,997,22,39,2
34875,997,23,44,0
34876,997,24,66,2
34877,997,25,22,0
34878,997,26,50,2
34879,997,27,54,2
34880,997,28,42,2
34881,997,29,58,2
34882,997,30,68,1
34883,997,31,28,2
34884,997,32,22,0
34885,997,33,18,0
34886,997,34,60,4
34887,997,35,23,1
34888,998,1,18,0
34889,998,2,48,1
34890,998,3,26,1
34891,998,4,30,1
34892,998,5,50,1
34893,998,6,17,1
34894,998,7,12,0
34895,998,8,40,2
34896,998,9,40,1
34897,998,10,52,2
34898,998,11,11,0
34899,998,12,17,1
34900,998,13,13,1
34901,998,14,57,2
34902,998,15,15,1
34903,998,16,50,1
34904,998,17,84,4
34905,998,18,48,2
34906,998,19,15,1
34907,998,20,44,1
34908,998,21,19,1
34909,998,22,19,1
34910,998,23,19,1
34911,998,24,42,0
34912,998,25,29,2
34913,998,26,18,1
34914,998,27,23,1
34915,998,28,11,0
34916,998,29,46,2
34917,998,30,24,1
34918,998,31,9,0
34919,998,32,50,1
34920,998,33,27,1
34921,998,34,27,1
34922,998,35,16,1
34923,999,1,26,1
34924,999,2,16,0
34925,999,3,40,2
34926,999,4,11,1
34927,999,5,30,1
34928,999,6,43,1
34929,999,7,53,2
34930,999,8,15,0
34931,999,9,14,0
34932,999,10,24,1
34933,999,11,29,1
34934,999,12,39,1
34935,999,13,30,1
34936,999,14,24,1
34937,999,15,23,1
34938,999,16,37,1
34939,999,17,29,0
34940,999,18,24,1
34941,999,19,21,0
34942,999,20,39,1
34943,999,21,7,0
34944,999,22,29,2
34945,999,23,19,0
34946,999,24,8,0
34947,999,25,22,1
34948,999,26,26,1
34949,999,27,24,1
34950,999,28,54,3
34951,999,29,10,0
34952,999,30,37,2
34953,999,31,19,1
34954,999,32,15,0
34955,999,33,22,1
34956,999,34,16,1
34957,999,35,30,0
34958,1000,1,37,1
34959,1000,2,34,1
34960,1000,3,16,0
34961,1000,4,46,2
34962,1000,5,37,0
34963,1000,6,13,0
34964,1000,7,36,2
34965,1000,8,35,1
34966,1000,9,21,1
34967,1000,10,27,0
34968,1000,11,37,1
34969,1000,12,43,1
34970,1000,13,5,0
34971,1000,14,36,2
34972,1000,15,63,0
34973,1000,16,31,1
34974,1000,17,29,2
34975,1000,18,11,0
34976,1000,19,59,2
34977,1000,20,75,4
34978,1000,21,72,2
34979,1000,22,99,1
34980,1000,23,48,2
34981,1000,24,41,2
34982,1000,25,91,3
34983,1000,26,60,1
34984,1000,27,19,1
34985,1000,28,39,2
34986,1000,29,37,1
34987,1000,30,59,2
34988,1000,31,95,2
34989,1000,32,44,2
34990,1000,33,21,1
34991,1000,34,31,1
34992,1000,35,40,2
34993,1001,1,49,2
34994,1001,2,14,1
34995,1001,3,24,1
34996,1001,4,58,1
34997,1001,5,41,2
34998,1001,6,44,3
34999,1001,7,53,1
35000,1001,8,64,3
35001,1001,9,24,1
35002,1001,10,33,1
35003,1001,11,98,0
35004,1001,12,37,2
35005,1001,13,35,1
35006,1001,14,62,2
35007,1001,15,45,2
35008,1001,16,45,2
35009,1001,17,73,3
35010,1001,18,61,2
35011,1001,19,31,1
35012,1001,20,50,1
35013,1001,21,48,1
35014,1001,22,25,0
35015,1001,23,49,0
35016,1001,24,27,2
35017,1001,25,39,1
35018,1001,26,43,1
35019,1001,27,50,3
35020,1001,28,42,1
35021,1001,29,32,1
35022,1001,30,31,0
35023,1001,31,54,2
35024,1001,32,23,1
35025,1001,33,29,1
35026,1001,34,34,0
35027,1001,35,9,0
35028,1002,1,33,1
35029,1002,2,27,1
35030,1002,3,15,1
35031,1002,4,12,0
35032,1002,5,60,1
35033,1002,6,38,1
35034,1002,7,9,0
35035,1002,8,20,1
35036,1002,9,30,2
35037,1002,10,19,1
35038,1002,11,36,2
35039,1002,12,46,2
35040,1002,13,44,1
35041,1002,14,40,2
35042,1002,15,17,1
35043,1002,16,19,1
35044,1002,17,11,0
35045,1002,18,26,1
35046,1002,19,53,3
35047,1002,20,36,2
35048,1002,21,44,1
35049,1002,22,32,1
35050,1002,23,21,1
35051,1002,24,24,1
35052,1002,25,24,1
35053,1002,26,52,3
35054,1002,27,29,1
35055,1002,28,19,0
35056,1002,29,10,0
35057,1002,30,17,1
35058,1002,31,37,1
35059,1002,32,26,0
35060,1002,33,40,2
35061,1002,34,31,0
35062,1002,35,27,1
35063,1003,1,19,1
35064,1003,2,15,0
35065,1003,3,36,2
35066,1003,4,5,0
35067,1003,5,29,2
35068,1003,6,15,0
35069,1003,7,16,1
35070,1003,8,19,0
35071,1003,9,33,2
35072,1003,10,15,0
35073,1003,11,35,1
35074,1003,12,26,1
35075,1003,13,32,1
35076,1003,14,18,1
35077,1003,15,20,1
35078,1003,16,55,1
35079,1003,17,25,1
35080,1003,18,26,1
35081,1003,19,32,2
35082,1003,20,25,1
35083,1003,21,16,0
35084,1003,22,35,0
35085,1003,23,38,1
35086,1003,24,14,1
35087,1003,25,21,1
35088,1003,26,44,0
35089,1003,27,15,1
35090,1003,28,22,0
35091,1003,29,42,2
35092,1003,30,25,0
35093,1003,31,17,0
35094,1003,32,12,0
35095,1003,33,7,0
35096,1003,34,37,2
35097,1003,35,14,0
35098,1004,1,23,1
35099,1004,2,19,0
35100,1004,3,36,0
35101,1004,4,55,2
35102,1004,5,19,0
35103,1004,6,56,3
35104,1004,7,31,1
35105,1004,8,53,1
35106,1004,9,22,1
35107,1004,10,18,1
35108,1004,11,34,1
35109,1004,12,19,1
35110,1004,13,24,1
35111,1004,14,25,1
35112,1004,15,14,0
35113,1004,16,35,1
35114,1004,17,25,0
35115,1004,18,24,1
35116,1004,19,55,2
35117,1004,20,27,1
35118,1004,21,22,1
35119,1004,22,60,1
35120,1004,23,28,1
35121,1004,24,25,0
35122,1004,25,17,1
35123,1004,26,18,0
35124,1004,27,30,1
35125,1004,28,13,1
35126,1004,29,18,1
35127,1004,30,22,0
35128,1004,31,19,0
35129,1004,32,44,2
35130,1004,33,50,1
35131,1004,34,41,1
35132,1004,35,21,0
35133,1005,1,24,1
35134,1005,2,33,1
35135,1005,3,25,1
35136,1005,4,13,1
35137,1005,5,29,2
35138,1005,6,47,2
35139,1005,7,5,0
35140,1005,8,5,0
35141,1005,9,46,1
35142,1005,10,23,1
35143,1005,11,19,1
35144,1005,12,19,1
35145,1005,13,16,1
35146,1005,14,7,0
35147,1005,15,35,0
35148,1005,16,25,1
35149,1005,17,22,1
35150,1005,18,38,1
35151,1005,19,60,4
35152,1005,20,9,0
35153,1005,21,56,2
35154,1005,22,26,0
35155,1005,23,20,1
35156,1005,24,27,1
35157,1005,25,43,2
35158,1005,26,24,1
35159,1005,27,27,0
35160,1005,28,21,1
35161,1005,29,24,1
35162,1005,30,25,1
35163,1005,31,55,1
35164,1005,32,35,1
35165,1005,33,25,1
35166,1005,34,27,1
35167,1005,35,49,3
35168,1006,1,11,0
35169,1006,2,17,1
35170,1006,3,7,0
35171,1006,4,17,1
35172,1006,5,11,0
35173,1006,6,14,0
35174,1006,7,21,1
35175,1006,8,10,0
35176,1006,9,11,1
35177,1006,10,12,1
35178,1006,11,12,1
35179,1006,12,23,0
35180,1006,13,3,0
35181,1006,14,39,2
35182,1006,15,27,1
35183,1006,16,34,1
35184,1006,17,32,2
35185,1006,18,14,1
35186,1006,19,17,1
35187,1006,20,13,1
35188,1006,21,13,0
35189,1006,22,14,0
35190,1006,23,32,1
35191,1006,24,23,0
35192,1006,25,20,1
35193,1006,26,23,1
35194,1006,27,15,0
35195,1006,28,26,1
35196,1006,29,27,1
35197,1006,30,30,1
35198,1006,31,21,0
35199,1006,32,39,0
35200,1006,33,24,1
35201,1006,34,11,1
35202,1006,35,49,1
35203,1007,1,19,1
35204,1007,2,25,0
35205,1007,3,10,0
35206,1007,4,15,1
35207,1007,5,15,1
35208,1007,6,19,1
35209,1007,7,11,0
35210,1007,8,13,0
35211,1007,9,12,0
35212,1007,10,18,1
35213,1007,11,8,0
35214,1007,12,12,0
35215,1007,13,10,1
35216,1007,14,9,0
35217,1007,15,24,1
35218,1007,16,30,2
35219,1007,17,21,1
35220,1007,18,9,0
35221,1007,19,9,0
35222,1007,20,10,0
35223,1007,21,11,0
35224,1007,22,23,1
35225,1007,23,8,0
35226,1007,24,9,0
35227,1007,25,11,1
35228,1007,26,13,0
35229,1007,27,8,0
35230,1007,28,17,0
35231,1007,29,10,0
35232,1007,30,28,1
35233,1007,31,33,1
35234,1007,32,16,1
35235,1007,33,11,0
35236,1007,34,20,0
35237,1007,35,25,1
35238,1008,1,11,0
35239,1008,2,23,1
35240,1008,3,24,1
35241,1008,4,31,2
35242,1008,5,37,2
35243,1008,6,17,1
35244,1008,7,32,1
35245,1008,8,21,1
35246,1008,9,23,1
35247,1008,10,14,0
35248,1008,11,23,1
35249,1008,12,26,1
35250,1008,13,14,1
35251,1008,14,30,1
35252,1008,15,34,0
35253,1008,16,32,1
35254,1008,17,24,1
35255,1008,18,41,2
35256,1008,19,10,0
35257,1008,20,23,1
35258,1008,21,34,1
35259,1008,22,40,1
35260,1008,23,27,2
35261,1008,24,19,1
35262,1008,25,18,0
35263,1008,26,17,0
35264,1008,27,15,1
35265,1008,28,10,0
35266,1008,29,22,0
35267,1008,30,17,1
35268,1008,31,33,1
35269,1008,32,28,1
35270,1008,33,11,1
35271,1008,34,7,0
35272,1008,35,34,2
35273,1009,1,27,1
35274,1009,2,32,0
35275,1009,3,24,1
35276,1009,4,20,1
35277,1009,5,32,1
35278,1009,6,48,2
35279,1009,7,50,2
35280,1009,8,36,1
35281,1009,9,41,0
35282,1009,10,32,2
35283,1009,11,25,0
35284,1009,12,55,3
35285,1009,13,30,2
35286,1009,14,18,1
35287,1009,15,11,0
35288,1009,16,41,1
35289,1009,17,22,0
35290,1009,18,23,1
35291,1009,19,12,1
35292,1009,20,41,2
35293,1009,21,29,1
35294,1009,22,44,2
35295,1009,23,16,0
35296,1009,24,49,0
35297,1009,25,27,1
35298,1009,26,30,2
35299,1009,27,41,2
35300,1009,28,24,1
35301,1009,29,8,0
35302,1009,30,23,0
35303,1009,31,48,1
35304,1009,32,10,0
35305,1009,33,13,0
35306,1009,34,21,1
35307,1009,35,16,1
35308,1010,1,15,1
35309,1010,2,6,0
35310,1010,3,8,0
35311,1010,4,5,0
35312,1010,5,29,1
35313,1010,6,17,0
35314,1010,7,25,1
35315,1010,8,13,0
35316,1010,9,40,1
35317,1010,10,29,1
35318,1010,11,29,1
35319,1010,12,28,1
35320,1010,13,11,0
35321,1010,14,18,0
35322,1010,15,11,0
35323,1010,16,23,1
35324,1010,17,11,0
35325,1010,18,4,0
35326,1010,19,22,0
35327,1010,20,19,0
35328,1010,21,21,0
35329,1010,22,9,0
35330,1010,23,12,1
35331,1010,24,28,0
35332,1010,25,30,2
35333,1010,26,10,0
35334,1010,27,29,1
35335,1010,28,11,1
35336,1010,29,17,0
35337,1010,30,41,1
35338,1010,31,26,1
35339,1010,32,19,1
35340,1010,33,21,1
35341,1010,34,7,0
35342,1010,35,32,1
35343,1011,1,26,1
35344,1011,2,17,1
35345,1011,3,13,0
35346,1011,4,17,1
35347,1011,5,10,0
35348,1011,6,23,0
35349,1011,7,35,1
35350,1011,8,12,1
35351,1011,9,38,1
35352,1011,10,11,0
35353,1011,11,17,0
35354,1011,12,15,0
35355,1011,13,24,1
35356,1011,14,14,0
35357,1011,15,14,0
35358,1011,16,34,1
35359,1011,17,13,0
35360,1011,18,11,0
35361,1011,19,33,0
35362,1011,20,10,0
35363,1011,21,31,1
35364,1011,22,29,2
35365,1011,23,8,0
35366,1011,24,17,1
35367,1011,25,11,0
35368,1011,26,11,1
35369,1011,27,15,1
35370,1011,28,13,1
35371,1011,29,10,0
35372,1011,30,11,1
35373,1011,31,19,0
35374,1011,32,7,0
35375,1011,33,10,1
35376,1011,34,13,0
35377,1011,35,12,1
35378,1012,1,17,1
35379,1012,2,25,1
35380,1012,3,14,1
35381,1012,4,38,2
35382,1012,5,34,1
35383,1012,6,26,1
35384,1012,7,11,0
35385,1012,8,45,1
35386,1012,9,18,1
35387,1012,10,22,1
35388,1012,11,9,0
35389,1012,12,28,1
35390,1012,13,30,0
35391,1012,14,18,1
35392,1012,15,28,0
35393,1012,16,13,0
35394,1012,17,41,1
35395,1012,18,25,0
35396,1012,19,12,1
35397,1012,20,16,1
35398,1012,21,18,1
35399,1012,22,24,1
35400,1012,23,35,2
35401,1012,24,12,0
35402,1012,25,16,0
35403,1012,26,26,1
35404,1012,27,51,1
35405,1012,28,30,2
35406,1012,29,36,1
35407,1012,30,34,1
35408,1012,31,49,2
35409,1012,32,23,1
35410,1012,33,29,2
35411,1012,34,11,1
35412,1012,35,9,0
35413,1013,1,47,2
35414,1013,2,23,1
35415,1013,3,37,2
35416,1013,4,41,2
35417,1013,5,56,2
35418,1013,6,38,1
35419,1013,7,30,1
35420,1013,8,38,2
35421,1013,9,17,1
35422,1013,10,14,1
35423,1013,11,44,1
35424,1013,12,21,1
35425,1013,13,30,2
35426,1013,14,46,2
35427,1013,15,9,0
35428,1013,16,13,0
35429,1013,17,54,1
35430,1013,18,54,3
35431,1013,19,36,0
35432,1013,20,17,1
35433,1013,21,20,1
35434,1013,22,32,2
35435,1013,23,33,1
35436,1013,24,26,0
35437,1013,25,40,1
35438,1013,26,11,0
35439,1013,27,54,2
35440,1013,28,12,1
35441,1013,29,25,1
35442,1013,30,21,1
35443,1013,31,29,0
35444,1013,32,35,2
35445,1013,33,26,1
35446,1013,34,72,1
35447,1013,35,11,0
35448,1014,1,18,1
35449,1014,2,26,1
35450,1014,3,10,1
35451,1014,4,13,0
35452,1014,5,15,1
35453,1014,6,7,0
35454,1014,7,24,0
35455,1014,8,20,0
35456,1014,9,6,0
35457,1014,10,26,1
35458,1014,11,16,1
35459,1014,12,10,0
35460,1014,13,13,0
35461,1014,14,18,1
35462,1014,15,30,0
35463,1014,16,21,1
35464,1014,17,6,0
35465,1014,18,8,0
35466,1014,19,20,0
35467,1014,20,19,1
35468,1014,21,11,1
35469,1014,22,14,0
35470,1014,23,7,0
35471,1014,24,23,1
35472,1014,25,23,1
35473,1014,26,25,1
35474,1014,27,32,0
35475,1014,28,17,1
35476,1014,29,11,0
35477,1014,30,13,1
35478,1014,31,33,1
35479,1014,32,15,0
35480,1014,33,30,1
35481,1014,34,40,1
35482,1014,35,34,2
35483,1015,1,31,2
35484,1015,2,13,1
35485,1015,3,14,0
35486,1015,4,32,2
35487,1015,5,10,1
35488,1015,6,14,0
35489,1015,7,26,1
35490,1015,8,22,1
35491,1015,9,10,0
35492,1015,10,13,0
35493,1015,11,7,0
35494,1015,12,17,1
35495,1015,13,14,1
35496,1015,14,24,1
35497,1015,15,10,0
35498,1015,16,12,1
35499,1015,17,7,0
35500,1015,18,11,0
35501,1015,19,14,0
35502,1015,20,13,0
35503,1015,21,31,1
35504,1015,22,37,2
35505,1015,23,19,0
35506,1015,24,21,1
35507,1015,25,36,1
35508,1015,26,9,0
35509,1015,27,28,1
35510,1015,28,10,0
35511,1015,29,23,0
35512,1015,30,21,1
35513,1015,31,14,0
35514,1015,32,9,0
35515,1015,33,10,0
35516,1015,34,32,2
35517,1015,35,6,0
35518,1016,1,28,1
35519,1016,2,22,0
35520,1016,3,18,0
35521,1016,4,16,1
35522,1016,5,32,1
35523,1016,6,34,2
35524,1016,7,14,1
35525,1016,8,18,1
35526,1016,9,28,1
35527,1016,10,55,2
35528,1016,11,24,0
35529,1016,12,26,1
35530,1016,13,29,1
35531,1016,14,35,1
35532,1016,15,21,0
35533,1016,16,22,1
35534,1016,17,26,1
35535,1016,18,23,1
35536,1016,19,26,0
35537,1016,20,21,1
35538,1016,21,10,0
35539,1016,22,38,1
35540,1016,23,38,2
35541,1016,24,13,1
35542,1016,25,22,1
35543,1016,26,21,0
35544,1016,27,27,2
35545,1016,28,47,1
35546,1016,29,40,1
35547,1016,30,39,1
35548,1016,31,18,0
35549,1016,32,24,1
35550,1016,33,28,1
35551,1016,34,31,1
35552,1016,35,25,1
35553,1017,1,39,2
35554,1017,2,6,0
35555,1017,3,32,1
35556,1017,4,23,1
35557,1017,5,31,2
35558,1017,6,27,2
35559,1017,7,22,1
35560,1017,8,11,0
35561,1017,9,23,1
35562,1017,10,47,1
35563,1017,11,33,0
35564,1017,12,23,0
35565,1017,13,26,1
35566,1017,14,37,0
35567,1017,15,35,1
35568,1017,16,59,3
35569,1017,17,26,1
35570,1017,18,19,1
35571,1017,19,28,1
35572,1017,20,28,1
35573,1017,21,15,1
35574,1017,22,31,0
35575,1017,23,14,0
35576,1017,24,25,1
35577,1017,25,24,1
35578,1017,26,40,1
35579,1017,27,56,3
35580,1017,28,48,2
35581,1017,29,33,2
35582,1017,30,21,1
35583,1017,31,74,2
35584,1017,32,21,0
35585,1017,33,24,1
35586,1017,34,35,1
35587,1017,35,58,2
35588,1018,1,39,2
35589,1018,2,11,0
35590,1018,3,11,1
35591,1018,4,18,1
35592,1018,5,41,1
35593,1018,6,8,0
35594,1018,7,38,2
35595,1018,8,16,1
35596,1018,9,20,1
35597,1018,10,17,0
35598,1018,11,8,0
35599,1018,12,22,1
35600,1018,13,24,1
35601,1018,14,13,1
35602,1018,15,10,1
35603,1018,16,35,2
35604,1018,17,38,1
35605,1018,18,19,0
35606,1018,19,8,0
35607,1018,20,22,1
35608,1018,21,11,0
35609,1018,22,15,0
35610,1018,23,7,0
35611,1018,24,14,1
35612,1018,25,2,0
35613,1018,26,26,1
35614,1018,27,16,0
35615,1018,28,11,0
35616,1018,29,19,1
35617,1018,30,21,1
35618,1018,31,17,1
35619,1018,32,11,0
35620,1018,33,11,0
35621,1018,34,17,1
35622,1018,35,31,1
35623,1019,1,27,1
35624,1019,2,22,1
35625,1019,3,14,0
35626,1019,4,11,0
35627,1019,5,36,1
35628,1019,6,15,1
35629,1019,7,18,1
35630,1019,8,13,0
35631,1019,9,10,1
35632,1019,10,20,1
35633,1019,11,15,1
35634,1019,12,17,0
35635,1019,13,18,1
35636,1019,14,19,0
35637,1019,15,30,1
35638,1019,16,14,1
35639,1019,17,23,0
35640,1019,18,31,2
35641,1019,19,8,0
35642,1019,20,20,0
35643,1019,21,10,0
35644,1019,22,25,1
35645,1019,23,35,2
35646,1019,24,22,1
35647,1019,25,13,1
35648,1019,26,18,0
35649,1019,27,32,1
35650,1019,28,18,1
35651,1019,29,38,2
35652,1019,30,26,1
35653,1019,31,15,1
35654,1019,32,19,0
35655,1019,33,28,1
35656,1019,34,19,1
35657,1019,35,21,1
35658,1020,1,43,2
35659,1020,2,36,2
35660,1020,3,31,1
35661,1020,4,6,0
35662,1020,5,17,1
35663,1020,6,47,1
35664,1020,7,22,1
35665,1020,8,35,1
35666,1020,9,16,1
35667,1020,10,53,3
35668,1020,11,28,1
35669,1020,12,22,1
35670,1020,13,25,0
35671,1020,14,29,0
35672,1020,15,36,2
35673,1020,16,5,0
35674,1020,17,32,1
35675,1020,18,54,2
35676,1020,19,40,2
35677,1020,20,8,0
35678,1020,21,54,1
35679,1020,22,27,0
35680,1020,23,18,1
35681,1020,24,17,1
35682,1020,25,28,1
35683,1020,26,35,1
35684,1020,27,23,1
35685,1020,28,47,2
35686,1020,29,27,1
35687,1020,30,27,1
35688,1020,31,6,0
35689,1020,32,21,1
35690,1020,33,13,0
35691,1020,34,43,2
35692,1020,35,43,2
35693,1021,1,22,1
35694,1021,2,40,1
35695,1021,3,46,3
35696,1021,4,7,0
35697,1021,5,28,0
35698,1021,6,24,1
35699,1021,7,43,2
35700,1021,8,20,1
35701,1021,9,27,1
35702,1021,10,42,2
35703,1021,11,62,2
35704,1021,12,31,1
35705,1021,13,67,1
35706,1021,14,62,2
35707,1021,15,35,2
35708,1021,16,26,1
35709,1021,17,50,1
35710,1021,18,34,2
35711,1021,19,13,0
35712,1021,20,32,1
35713,1021,21,50,1
35714,1021,22,15,0
35715,1021,23,30,1
35716,1021,24,30,0
35717,1021,25,38,1
35718,1021,26,24,1
35719,1021,27,52,2
35720,1021,28,22,0
35721,1021,29,4,0
35722,1021,30,46,3
35723,1021,31,16,1
35724,1021,32,58,3
35725,1021,33,49,2
35726,1021,34,25,1
35727,1021,35,45,1
35728,1022,1,17,1
35729,1022,2,15,0
35730,1022,3,51,2
35731,1022,4,17,1
35732,1022,5,11,0
35733,1022,6,28,1
35734,1022,7,44,1
35735,1022,8,31,1
35736,1022,9,4,0
35737,1022,10,29,1
35738,1022,11,19,1
35739,1022,12,44,2
35740,1022,13,19,1
35741,1022,14,23,1
35742,1022,15,26,1
35743,1022,16,36,1
35744,1022,17,28,1
35745,1022,18,26,1
35746,1022,19,51,1
35747,1022,20,20,1
35748,1022,21,23,1
35749,1022,22,8,0
35750,1022,23,33,2
35751,1022,24,25,1
35752,1022,25,10,0
35753,1022,26,21,0
35754,1022,27,21,1
35755,1022,28,4,0
35756,1022,29,36,2
35757,1022,30,24,1
35758,1022,31,21,1
35759,1022,32,49,1
35760,1022,33,47,1
35761,1022,34,35,2
35762,1022,35,27,1
35763,1023,1,18,1
35764,1023,2,45,2
35765,1023,3,20,1
35766,1023,4,14,1
35767,1023,5,11,0
35768,1023,6,15,0
35769,1023,7,25,1
35770,1023,8,13,0
35771,1023,9,13,0
35772,1023,10,23,1
35773,1023,11,6,0
35774,1023,12,25,1
35775,1023,13,4,0
35776,1023,14,12,0
35777,1023,15,22,0
35778,1023,16,20,0
35779,1023,17,35,1
35780,1023,18,16,0
35781,1023,19,10,0
35782,1023,20,10,0
35783,1023,21,21,1
35784,1023,22,54,3
35785,1023,23,67,0
35786,1023,24,26,1
35787,1023,25,9,0
35788,1023,26,26,1
35789,1023,27,19,0
35790,1023,28,17,1
35791,1023,29,7,0
35792,1023,30,27,2
35793,1023,31,7,0
35794,1023,32,12,0
35795,1023,33,18,0
35796,1023,34,6,0
35797,1023,35,22,1
35798,1024,1,17,1
35799,1024,2,43,2
35800,1024,3,15,0
35801,1024,4,35,2
35802,1024,5,23,1
35803,1024,6,21,1
35804,1024,7,49,3
35805,1024,8,47,1
35806,1024,9,67,3
35807,1024,10,24,0
35808,1024,11,22,1
35809,1024,12,62,3
35810,1024,13,18,1
35811,1024,14,47,2
35812,1024,15,31,1
35813,1024,16,33,2
35814,1024,17,38,1
35815,1024,18,53,2
35816,1024,19,53,2
35817,1024,20,39,2
35818,1024,21,23,0
35819,1024,22,24,1
35820,1024,23,24,1
35821,1024,24,29,1
35822,1024,25,45,3
35823,1024,26,17,0
35824,1024,27,15,0
35825,1024,28,39,2
35826,1024,29,57,1
35827,1024,30,45,1
35828,1024,31,26,1
35829,1024,32,16,0
35830,1024,33,32,0
35831,1024,34,39,2
35832,1024,35,24,1
35833,1025,1,25,1
35834,1025,2,46,2
35835,1025,3,32,1
35836,1025,4,48,2
35837,1025,5,43,0
35838,1025,6,30,1
35839,1025,7,24,1
35840,1025,8,33,2
35841,1025,9,61,1
35842,1025,10,35,0
35843,1025,11,27,0
35844,1025,12,50,1
35845,1025,13,47,1
35846,1025,14,66,3
35847,1025,15,47,1
35848,1025,16,15,0
35849,1025,17,34,2
35850,1025,18,58,3
35851,1025,19,60,1
35852,1025,20,61,1
35853,1025,21,20,0
35854,1025,22,40,2
35855,1025,23,44,2
35856,1025,24,15,0
35857,1025,25,47,3
35858,1025,26,25,1
35859,1025,27,26,1
35860,1025,28,31,1
35861,1025,29,49,1
35862,1025,30,51,3
35863,1025,31,29,2
35864,1025,32,31,0
35865,1025,33,48,1
35866,1025,34,43,1
35867,1025,35,25,1
35868,1026,1,15,0
35869,1026,2,19,1
35870,1026,3,18,0
35871,1026,4,21,0
35872,1026,5,69,2
35873,1026,6,45,2
35874,1026,7,9,0
35875,1026,8,12,1
35876,1026,9,38,1
35877,1026,10,27,0
35878,1026,11,25,0
35879,1026,12,11,0
35880,1026,13,26,1
35881,1026,14,12,0
35882,1026,15,4,0
35883,1026,16,58,1
35884,1026,17,32,2
35885,1026,18,30,2
35886,1026,19,44,2
35887,1026,20,12,0
35888,1026,21,23,1
35889,1026,22,12,0
35890,1026,23,12,1
35891,1026,24,45,1
35892,1026,25,33,2
35893,1026,26,23,0
35894,1026,27,11,1
35895,1026,28,27,1
35896,1026,29,19,1
35897,1026,30,55,2
35898,1026,31,32,1
35899,1026,32,35,2
35900,1026,33,21,0
35901,1026,34,26,1
35902,1026,35,46,1
35903,1027,1,26,1
35904,1027,2,18,1
35905,1027,3,19,1
35906,1027,4,19,1
35907,1027,5,7,0
35908,1027,6,13,1
35909,1027,7,23,1
35910,1027,8,35,0
35911,1027,9,4,0
35912,1027,10,23,1
35913,1027,11,33,1
35914,1027,12,28,2
35915,1027,13,23,1
35916,1027,14,13,1
35917,1027,15,29,1
35918,1027,16,25,1
35919,1027,17,33,2
35920,1027,18,11,0
35921,1027,19,42,2
35922,1027,20,21,0
35923,1027,21,11,0
35924,1027,22,41,1
35925,1027,23,10,0
35926,1027,24,42,1
35927,1027,25,18,0
35928,1027,26,17,0
35929,1027,27,9,0
35930,1027,28,24,1
35931,1027,29,20,0
35932,1027,30,9,0
35933,1027,31,27,0
35934,1027,32,40,1
35935,1027,33,30,1
35936,1027,34,27,1
35937,1027,35,39,1
35938,1028,1,32,2
35939,1028,2,31,1
35940,1028,3,34,1
35941,1028,4,53,2
35942,1028,5,27,1
35943,1028,6,51,1
35944,1028,7,29,0
35945,1028,8,53,3
35946,1028,9,33,0
35947,1028,10,43,2
35948,1028,11,54,1
35949,1028,12,32,1
35950,1028,13,24,0
35951,1028,14,35,1
35952,1028,15,46,0
35953,1028,16,34,0
35954,1028,17,48,3
35955,1028,18,34,1
35956,1028,19,29,1
35957,1028,20,30,1
35958,1028,21,15,1
35959,1028,22,19,0
35960,1028,23,45,0
35961,1028,24,33,1
35962,1028,25,13,1
35963,1028,26,25,1
35964,1028,27,45,2
35965,1028,28,43,1
35966,1028,29,54,3
35967,1028,30,26,1
35968,1028,31,30,1
35969,1028,32,17,1
35970,1028,33,28,1
35971,1028,34,70,4
35972,1028,35,52,1
35973,1029,1,41,1
35974,1029,2,43,1
35975,1029,3,29,1
35976,1029,4,46,1
35977,1029,5,24,0
35978,1029,6,60,3
35979,1029,7,33,2
35980,1029,8,12,0
35981,1029,9,36,1
35982,1029,10,25,0
35983,1029,11,45,1
35984,1029,12,43,1
35985,1029,13,38,1
35986,1029,14,78,1
35987,1029,15,45,2
35988,1029,16,28,1
35989,1029,17,29,1
35990,1029,18,61,2
35991,1029,19,26,1
35992,1029,20,26,0
35993,1029,21,23,1
35994,1029,22,17,0
35995,1029,23,41,2
35996,1029,24,40,1
35997,1029,25,24,1
35998,1029,26,29,1
35999,1029,27,36,1
36000,1029,28,38,2
36001,1029,29,22,0
36002,1029,30,32,0
36003,1029,31,31,1
36004,1029,32,36,2
36005,1029,33,57,2
36006,1029,34,45,0
36007,1029,35,21,1
36008,1030,1,31,1
36009,1030,2,18,1
36010,1030,3,16,1
36011,1030,4,37,0
36012,1030,5,47,3
36013,1030,6,12,0
36014,1030,7,29,2
36015,1030,8,22,0
36016,1030,9,55,1
36017,1030,10,16,0
36018,1030,11,10,0
36019,1030,12,22,1
36020,1030,13,21,1
36021,1030,14,20,1
36022,1030,15,37,1
36023,1030,16,26,1
36024,1030,17,15,1
36025,1030,18,15,1
36026,1030,19,15,1
36027,1030,20,17,1
36028,1030,21,12,0
36029,1030,22,26,1
36030,1030,23,24,1
36031,1030,24,10,0
36032,1030,25,27,1
36033,1030,26,7,0
36034,1030,27,15,1
36035,1030,28,17,0
36036,1030,29,15,1
36037,1030,30,25,1
36038,1030,31,27,1
36039,1030,32,20,1
36040,1030,33,12,0
36041,1030,34,14,0
36042,1030,35,24,0
36043,1031,1,37,1
36044,1031,2,26,0
36045,1031,3,32,1
36046,1031,4,34,1
36047,1031,5,36,1
36048,1031,6,41,2
36049,1031,7,25,1
36050,1031,8,26,1
36051,1031,9,52,1
36052,1031,10,30,2
36053,1031,11,37,1
36054,1031,12,41,1
36055,1031,13,13,1
36056,1031,14,24,1
36057,1031,15,19,0
36058,1031,16,21,1
36059,1031,17,52,2
36060,1031,18,20,1
36061,1031,19,20,1
36062,1031,20,35,2
36063,1031,21,20,1
36064,1031,22,11,0
36065,1031,23,14,0
36066,1031,24,19,1
36067,1031,25,14,0
36068,1031,26,6,0
36069,1031,27,31,1
36070,1031,28,19,1
36071,1031,29,20,1
36072,1031,30,19,1
36073,1031,31,26,1
36074,1031,32,14,1
36075,1031,33,25,0
36076,1031,34,27,1
36077,1031,35,21,1
36078,1032,1,34,1
36079,1032,2,28,2
36080,1032,3,30,0
36081,1032,4,24,0
36082,1032,5,22,1
36083,1032,6,37,2
36084,1032,8,49,2
36085,1032,9,9,0
36086,1032,10,56,2
36087,1032,11,25,1
36088,1032,12,24,1
36089,1032,13,48,1
36090,1032,14,52,1
36091,1032,15,23,1
36092,1032,16,46,2
36093,1032,17,29,1
36094,1032,18,23,1
36095,1032,19,45,3
36096,1032,20,23,1
36097,1032,21,20,1
36098,1032,22,32,1
36099,1032,23,65,1
36100,1032,24,12,1
36101,1032,25,31,2
36102,1032,26,31,1
36103,1032,27,50,1
36104,1032,28,38,2
36105,1032,29,93,5
36106,1032,30,41,2
36107,1032,31,42,1
36108,1032,32,19,1
36109,1032,33,44,2
36110,1032,34,51,3
36111,1032,35,21,0
36112,1033,1,27,0
36113,1033,2,18,1
36114,1033,3,18,1
36115,1033,4,48,1
36116,1033,5,36,0
36117,1033,6,24,1
36118,1033,7,13,0
36119,1033,8,25,1
36120,1033,9,4,0
36121,1033,10,19,0
36122,1033,11,31,1
36123,1033,12,26,1
36124,1033,13,22,1
36125,1033,14,31,2
36126,1033,15,42,2
36127,1033,16,25,1
36128,1033,17,12,0
36129,1033,18,44,1
36130,1033,19,22,1
36131,1033,20,46,0
36132,1033,21,39,1
36133,1033,22,30,2
36134,1033,23,20,0
36135,1033,24,27,1
36136,1033,25,11,0
36137,1033,26,26,1
36138,1033,27,26,1
36139,1033,28,54,1
36140,1033,29,17,0
36141,1033,30,18,0
36142,1033,31,22,1
36143,1033,32,34,1
36144,1033,33,16,1
36145,1033,34,30,0
36146,1033,35,11,0
36147,1034,1,37,1
36148,1034,2,23,1
36149,1034,3,4,0
36150,1034,4,51,1
36151,1034,5,26,1
36152,1034,6,44,1
36153,1034,7,38,2
36154,1034,8,21,0
36155,1034,9,3,0
36156,1034,10,11,0
36157,1034,11,37,1
36158,1034,12,16,0
36159,1034,13,11,1
36160,1034,14,10,0
36161,1034,15,26,1
36162,1034,16,15,1
36163,1034,17,30,1
36164,1034,18,34,1
36165,1034,19,13,0
36166,1034,20,21,1
36167,1034,21,13,1
36168,1034,22,30,1
36169,1034,23,35,0
36170,1034,24,19,1
36171,1034,25,35,1
36172,1034,26,8,0
36173,1034,27,50,1
36174,1034,28,11,0
36175,1034,29,4,0
36176,1034,30,17,0
36177,1034,31,9,0
36178,1034,32,15,1
36179,1034,33,15,0
36180,1034,34,27,1
36181,1034,35,19,1
36182,1035,1,20,1
36183,1035,2,20,1
36184,1035,3,7,0
36185,1035,4,7,0
36186,1035,5,29,1
36187,1035,6,23,0
36188,1035,7,4,0
36189,1035,8,28,0
36190,1035,9,12,0
36191,1035,10,9,0
36192,1035,11,29,0
36193,1035,12,11,1
36194,1035,13,21,1
36195,1035,14,12,1
36196,1035,15,28,1
36197,1035,16,7,0
36198,1035,17,11,0
36199,1035,18,19,1
36200,1035,19,20,0
36201,1035,20,23,1
36202,1035,21,25,1
36203,1035,22,9,0
36204,1035,23,12,0
36205,1035,24,25,0
36206,1035,25,38,1
36207,1035,26,10,0
36208,1035,27,18,1
36209,1035,28,5,0
36210,1035,29,12,1
36211,1035,30,21,1
36212,1035,31,31,2
36213,1035,32,16,0
36214,1035,33,15,1
36215,1035,34,12,1
36216,1035,35,13,0
36217,1036,1,30,2
36218,1036,2,36,1
36219,1036,3,16,1
36220,1036,4,18,0
36221,1036,5,23,0
36222,1036,6,15,1
36223,1036,7,41,1
36224,1036,8,18,0
36225,1036,9,28,1
36226,1036,10,20,1
36227,1036,11,32,1
36228,1036,12,38,1
36229,1036,13,14,0
36230,1036,14,34,1
36231,1036,15,15,0
36232,1036,16,4,0
36233,1036,17,14,0
36234,1036,18,21,1
36235,1036,19,16,1
36236,1036,20,32,1
36237,1036,21,17,1
36238,1036,22,20,1
36239,1036,23,30,0
36240,1036,24,34,0
36241,1036,25,12,0
36242,1036,26,12,1
36243,1036,27,7,0
36244,1036,28,10,0
36245,1036,29,13,0
36246,1036,30,16,0
36247,1036,31,30,1
36248,1036,32,26,0
36249,1036,33,32,1
36250,1036,34,43,1
36251,1036,35,48,2
36252,1037,1,33,1
36253,1037,2,25,1
36254,1037,3,31,1
36255,1037,4,10,0
36256,1037,5,18,1
36257,1037,6,35,2
36258,1037,7,32,1
36259,1037,8,22,0
36260,1037,9,22,0
36261,1037,10,18,1
36262,1037,11,22,1
36263,1037,12,23,0
36264,1037,13,16,0
36265,1037,14,24,1
36266,1037,15,24,1
36267,1037,16,30,1
36268,1037,17,14,0
36269,1037,18,32,2
36270,1037,19,25,0
36271,1037,20,54,1
36272,1037,21,41,2
36273,1037,22,31,0
36274,1037,23,24,1
36275,1037,24,34,2
36276,1037,25,47,1
36277,1037,26,29,1
36278,1037,27,10,1
36279,1037,28,39,2
36280,1037,29,25,1
36281,1037,30,31,2
36282,1037,31,29,0
36283,1037,32,31,2
36284,1037,33,37,1
36285,1037,34,47,0
36286,1037,35,39,1
36287,1038,1,13,1
36288,1038,2,14,1
36289,1038,3,14,1
36290,1038,4,12,1
36291,1038,5,14,0
36292,1038,6,36,1
36293,1038,7,14,1
36294,1038,8,16,0
36295,1038,9,12,1
36296,1038,10,17,0
36297,1038,11,9,0
36298,1038,12,15,0
36299,1038,13,24,1
36300,1038,14,16,0
36301,1038,15,14,1
36302,1038,16,14,0
36303,1038,17,16,1
36304,1038,18,33,1
36305,1038,19,22,1
36306,1038,20,18,1
36307,1038,21,32,1
36308,1038,22,25,1
36309,1038,23,11,1
36310,1038,24,37,2
36311,1038,25,12,1
36312,1038,26,10,0
36313,1038,27,29,1
36314,1038,28,21,1
36315,1038,29,4,0
36316,1038,30,16,1
36317,1038,31,22,1
36318,1038,32,15,0
36319,1038,33,44,2
36320,1038,34,24,1
36321,1038,35,25,1
36322,1039,1,10,1
36323,1039,2,26,1
36324,1039,3,17,1
36325,1039,4,31,1
36326,1039,5,15,1
36327,1039,6,19,0
36328,1039,7,15,0
36329,1039,8,22,0
36330,1039,9,23,0
36331,1039,10,15,0
36332,1039,11,16,0
36333,1039,12,9,0
36334,1039,13,15,0
36335,1039,14,22,1
36336,1039,15,5,0
36337,1039,16,11,1
36338,1039,17,15,0
36339,1039,18,6,0
36340,1039,19,16,0
36341,1039,20,12,0
36342,1039,21,24,0
36343,1039,22,17,0
36344,1039,23,14,0
36345,1039,24,29,1
36346,1039,25,28,1
36347,1039,26,23,1
36348,1039,27,11,0
36349,1039,28,12,0
36350,1039,29,5,0
36351,1039,30,10,0
36352,1039,31,11,0
36353,1039,32,11,1
36354,1039,33,23,1
36355,1039,34,13,0
36356,1039,35,13,0
36357,1040,1,48,2
36358,1040,2,24,1
36359,1040,3,65,4
36360,1040,4,27,1
36361,1040,5,40,2
36362,1040,6,40,1
36363,1040,7,18,1
36364,1040,8,20,0
36365,1040,9,25,0
36366,1040,10,45,1
36367,1040,11,58,3
36368,1040,12,24,1
36369,1040,13,24,1
36370,1040,14,12,1
36371,1040,15,7,0
36372,1040,16,13,0
36373,1040,17,32,1
36374,1040,18,20,1
36375,1040,19,33,1
36376,1040,20,19,1
36377,1040,21,12,0
36378,1040,22,13,0
36379,1040,23,32,1
36380,1040,24,22,1
36381,1040,25,5,0
36382,1040,26,24,1
36383,1040,27,38,1
36384,1040,28,9,1
36385,1040,29,34,1
36386,1040,30,37,1
36387,1040,31,36,1
36388,1040,32,22,1
36389,1040,33,26,1
36390,1040,34,32,1
36391,1040,35,46,1
36392,1041,1,22,1
36393,1041,2,29,2
36394,1041,3,33,1
36395,1041,4,27,1
36396,1041,5,61,0
36397,1041,6,15,1
36398,1041,7,15,0
36399,1041,8,27,1
36400,1041,9,35,1
36401,1041,10,21,1
36402,1041,11,7,0
36403,1041,12,14,0
36404,1041,13,26,1
36405,1041,14,23,1
36406,1041,15,10,0
36407,1041,16,23,1
36408,1041,17,38,2
36409,1041,18,16,0
36410,1041,19,45,2
36411,1041,20,10,1
36412,1041,21,35,1
36413,1041,22,30,1
36414,1041,23,26,0
36415,1041,24,38,0
36416,1041,25,26,1
36417,1041,26,39,2
36418,1041,27,34,1
36419,1041,28,29,0
36420,1041,29,33,1
36421,1041,30,20,1
36422,1041,31,21,1
36423,1041,32,31,2
36424,1041,33,78,2
36425,1041,34,28,1
36426,1041,35,37,1
36427,1042,1,8,0
36428,1042,2,17,1
36429,1042,3,22,0
36430,1042,4,18,0
36431,1042,5,36,1
36432,1042,6,29,1
36433,1042,7,11,0
36434,1042,8,16,0
36435,1042,9,29,1
36436,1042,10,40,1
36437,1042,11,18,1
36438,1042,12,28,1
36439,1042,13,11,0
36440,1042,14,17,1
36441,1042,15,17,1
36442,1042,16,34,2
36443,1042,17,16,1
36444,1042,18,16,1
36445,1042,19,40,1
36446,1042,20,36,1
36447,1042,21,19,1
36448,1042,22,31,0
36449,1042,23,17,1
36450,1042,24,9,0
36451,1042,25,23,0
36452,1042,26,15,1
36453,1042,27,25,1
36454,1042,28,18,0
36455,1042,29,27,1
36456,1042,30,20,0
36457,1042,31,20,1
36458,1042,32,17,0
36459,1042,33,34,1
36460,1042,34,10,0
36461,1042,35,24,1
36462,1043,1,14,1
36463,1043,2,14,0
36464,1043,3,28,0
36465,1043,4,9,0
36466,1043,5,13,0
36467,1043,6,20,1
36468,1043,7,15,1
36469,1043,8,32,2
36470,1043,9,15,1
36471,1043,10,18,1
36472,1043,11,33,2
36473,1043,12,23,0
36474,1043,13,25,1
36475,1043,14,6,0
36476,1043,15,14,0
36477,1043,16,15,0
36478,1043,17,31,1
36479,1043,18,14,1
36480,1043,19,21,1
36481,1043,20,14,0
36482,1043,21,15,0
36483,1043,22,13,0
36484,1043,23,11,1
36485,1043,24,21,0
36486,1043,25,10,0
36487,1043,26,12,1
36488,1043,27,17,0
36489,1043,28,15,1
36490,1043,29,7,0
36491,1043,30,25,1
36492,1043,31,12,1
36493,1043,32,12,0
36494,1043,33,14,1
36495,1043,34,6,0
36496,1043,35,23,1
36497,1044,1,13,0
36498,1044,2,23,0
36499,1044,3,22,1
36500,1044,4,16,1
36501,1044,5,38,2
36502,1044,6,40,1
36503,1044,7,29,1
36504,1044,8,13,1
36505,1044,9,19,1
36506,1044,10,54,2
36507,1044,11,28,0
36508,1044,12,8,0
36509,1044,13,27,1
36510,1044,14,14,0
36511,1044,15,20,0
36512,1044,16,2,0
36513,1044,17,38,2
36514,1044,18,23,1
36515,1044,19,17,1
36516,1044,20,19,1
36517,1044,21,28,0
36518,1044,22,28,1
36519,1044,23,26,1
36520,1044,24,24,1
36521,1044,25,28,1
36522,1044,26,34,2
36523,1044,27,19,0
36524,1044,28,21,1
36525,1044,29,26,1
36526,1044,30,13,0
36527,1044,31,11,1
36528,1044,32,24,1
36529,1044,33,37,1
36530,1044,34,25,1
36531,1044,35,13,0
36532,1045,1,36,1
36533,1045,2,14,0
36534,1045,3,76,2
36535,1045,4,5,0
36536,1045,5,15,1
36537,1045,6,41,2
36538,1045,7,20,1
36539,1045,8,57,3
36540,1045,9,30,1
36541,1045,10,45,1
36542,1045,11,36,0
36543,1045,12,29,1
36544,1045,13,23,1
36545,1045,14,51,2
36546,1045,15,50,2
36547,1045,16,34,1
36548,1045,17,30,2
36549,1045,18,38,1
36550,1045,19,47,1
36551,1045,20,22,1
36552,1045,21,27,1
36553,1045,22,28,1
36554,1045,23,29,0
36555,1045,24,17,1
36556,1045,25,28,2
36557,1045,26,43,1
36558,1045,27,8,0
36559,1045,28,18,1
36560,1045,29,70,2
36561,1045,30,46,2
36562,1045,31,18,0
36563,1045,32,18,1
36564,1045,33,47,3
36565,1045,34,44,0
36566,1045,35,28,2
36567,1046,1,43,1
36568,1046,2,19,1
36569,1046,3,20,0
36570,1046,4,45,1
36571,1046,5,21,0
36572,1046,6,13,0
36573,1046,7,33,1
36574,1046,8,11,1
36575,1046,9,25,0
36576,1046,10,32,2
36577,1046,11,22,1
36578,1046,12,36,2
36579,1046,13,26,0
36580,1046,14,30,1
36581,1046,15,19,1
36582,1046,16,21,1
36583,1046,17,23,1
36584,1046,18,14,0
36585,1046,19,26,1
36586,1046,20,12,1
36587,1046,21,33,2
36588,1046,22,21,1
36589,1046,23,15,1
36590,1046,24,22,1
36591,1046,25,29,1
36592,1046,26,19,1
36593,1046,27,10,0
36594,1046,28,5,0
36595,1046,29,35,2
36596,1046,30,33,2
36597,1046,31,12,1
36598,1046,32,5,0
36599,1046,33,7,0
36600,1046,34,27,1
36601,1046,35,16,0
36602,1047,1,2,0
36603,1047,2,20,1
36604,1047,3,55,2
36605,1047,4,8,0
36606,1047,5,7,0
36607,1047,6,8,0
36608,1047,7,20,1
36609,1047,8,10,0
36610,1047,9,14,0
36611,1047,10,8,0
36612,1047,11,30,1
36613,1047,12,42,1
36614,1047,13,17,1
36615,1047,14,34,1
36616,1047,15,20,0
36617,1047,16,10,1
36618,1047,17,18,0
36619,1047,18,29,0
36620,1047,19,16,0
36621,1047,20,12,0
36622,1047,21,14,1
36623,1047,22,34,2
36624,1047,23,8,0
36625,1047,24,18,1
36626,1047,25,17,0
36627,1047,26,31,1
36628,1047,27,34,1
36629,1047,28,25,1
36630,1047,29,12,0
36631,1047,30,23,0
36632,1047,31,28,0
36633,1047,32,26,1
36634,1047,33,25,1
36635,1047,34,30,2
36636,1047,35,14,1
36637,1048,1,24,1
36638,1048,2,36,2
36639,1048,3,19,1
36640,1048,4,40,1
36641,1048,5,33,0
36642,1048,6,12,0
36643,1048,7,24,1
36644,1048,8,36,2
36645,1048,9,34,1
36646,1048,10,20,1
36647,1048,11,50,2
36648,1048,12,36,1
36649,1048,13,20,1
36650,1048,14,12,0
36651,1048,15,27,1
36652,1048,16,44,2
36653,1048,17,32,1
36654,1048,18,52,1
36655,1048,19,18,1
36656,1048,20,10,0
36657,1048,21,18,0
36658,1048,22,14,0
36659,1048,23,27,0
36660,1048,24,35,2
36661,1048,25,24,1
36662,1048,26,20,1
36663,1048,27,76,3
36664,1048,28,27,1
36665,1048,29,17,1
36666,1048,30,24,1
36667,1048,31,24,0
36668,1048,32,12,0
36669,1048,33,27,1
36670,1048,34,30,1
36671,1048,35,34,2
36672,1049,1,23,1
36673,1049,2,32,1
36674,1049,3,12,0
36675,1049,4,35,1
36676,1049,5,11,0
36677,1049,6,57,2
36678,1049,7,62,4
36679,1049,8,52,1
36680,1049,9,55,3
36681,1049,10,11,0
36682,1049,11,29,0
36683,1049,12,58,2
36684,1049,13,16,1
36685,1049,14,18,1
36686,1049,15,40,2
36687,1049,16,24,1
36688,1049,17,34,1
36689,1049,18,55,2
36690,1049,19,33,1
36691,1049,20,35,1
36692,1049,21,42,2
36693,1049,22,35,1
36694,1049,23,34,1
36695,1049,24,27,1
36696,1049,25,31,1
36697,1049,26,42,2
36698,1049,27,36,2
36699,1049,28,61,3
36700,1049,29,24,1
36701,1049,30,27,0
36702,1049,31,53,2
36703,1049,32,35,2
36704,1049,33,39,1
36705,1049,34,39,0
36706,1049,35,25,1
36707,1050,1,26,2
36708,1050,2,23,0
36709,1050,3,33,2
36710,1050,4,19,1
36711,1050,5,26,2
36712,1050,6,30,1
36713,1050,7,23,1
36714,1050,8,16,1
36715,1050,9,33,2
36716,1050,10,16,1
36717,1050,11,22,0
36718,1050,12,32,1
36719,1050,13,27,2
36720,1050,14,52,2
36721,1050,15,15,0
36722,1050,16,5,0
36723,1050,17,7,0
36724,1050,18,22,1
36725,1050,19,25,0
36726,1050,20,32,1
36727,1050,21,9,0
36728,1050,22,25,0
36729,1050,23,25,1
36730,1050,24,25,1
36731,1050,25,8,0
36732,1050,26,11,1
36733,1050,27,50,2
36734,1050,28,24,1
36735,1050,29,33,1
36736,1050,30,15,1
36737,1050,31,13,1
36738,1050,32,39,1
36739,1050,33,39,1
36740,1050,34,26,0
36741,1050,35,10,0
36742,1051,1,19,0
36743,1051,2,43,2
36744,1051,3,18,0
36745,1051,4,20,1
36746,1051,5,25,1
36747,1051,6,18,1
36748,1051,7,42,2
36749,1051,8,14,1
36750,1051,9,17,1
36751,1051,10,19,1
36752,1051,11,7,0
36753,1051,12,18,1
36754,1051,13,20,1
36755,1051,14,16,1
36756,1051,15,23,1
36757,1051,16,22,0
36758,1051,17,36,1
36759,1051,18,23,0
36760,1051,19,22,1
36761,1051,20,18,1
36762,1051,21,25,1
36763,1051,22,7,0
36764,1051,23,13,0
36765,1051,24,30,2
36766,1051,25,12,0
36767,1051,26,14,1
36768,1051,27,7,0
36769,1051,28,20,0
36770,1051,29,12,1
36771,1051,30,17,0
36772,1051,31,11,0
36773,1051,32,19,0
36774,1051,33,27,0
36775,1051,34,38,2
36776,1051,35,26,1
36777,1052,1,30,1
36778,1052,2,28,2
36779,1052,3,10,0
36780,1052,4,40,1
36781,1052,5,23,1
36782,1052,6,22,1
36783,1052,7,21,1
36784,1052,8,22,1
36785,1052,9,5,0
36786,1052,10,42,2
36787,1052,11,18,1
36788,1052,12,27,1
36789,1052,13,39,1
36790,1052,14,32,1
36791,1052,15,38,1
36792,1052,16,33,1
36793,1052,17,48,1
36794,1052,18,29,1
36795,1052,19,27,2
36796,1052,20,51,2
36797,1052,21,73,1
36798,1052,22,21,0
36799,1052,23,81,1
36800,1052,24,29,1
36801,1052,25,48,1
36802,1052,26,39,2
36803,1052,27,17,1
36804,1052,28,28,1
36805,1052,29,33,1
36806,1052,30,62,3
36807,1052,31,17,0
36808,1052,32,61,3
36809,1052,33,55,2
36810,1052,34,27,1
36811,1052,35,23,1
36812,1053,1,31,0
36813,1053,2,49,2
36814,1053,3,19,1
36815,1053,4,27,1
36816,1053,5,81,0
36817,1053,6,21,1
36818,1053,7,30,2
36819,1053,8,22,0
36820,1053,9,49,1
36821,1053,10,21,1
36822,1053,11,56,3
36823,1053,12,17,1
36824,1053,13,50,2
36825,1053,14,29,1
36826,1053,15,31,1
36827,1053,16,50,2
36828,1053,17,77,5
36829,1053,18,49,1
36830,1053,19,47,2
36831,1053,20,38,1
36832,1053,21,17,1
36833,1053,22,23,1
36834,1053,23,65,2
36835,1053,24,47,1
36836,1053,25,43,2
36837,1053,26,70,2
36838,1053,27,58,3
36839,1053,28,56,0
36840,1053,29,60,1
36841,1053,30,28,0
36842,1053,31,27,1
36843,1053,32,49,1
36844,1053,33,31,1
36845,1053,34,13,0
36846,1053,35,14,1
36847,1054,1,20,1
36848,1054,2,28,1
36849,1054,3,40,2
36850,1054,4,26,1
36851,1054,5,46,1
36852,1054,6,23,0
36853,1054,7,32,2
36854,1054,8,18,0
36855,1054,9,23,0
36856,1054,10,37,1
36857,1054,11,39,0
36858,1054,12,30,2
36859,1054,13,17,1
36860,1054,14,40,2
36861,1054,15,17,1
36862,1054,16,17,0
36863,1054,17,19,1
36864,1054,18,40,1
36865,1054,19,40,1
36866,1054,20,18,1
36867,1054,21,16,1
36868,1054,22,17,1
36869,1054,23,63,1
36870,1054,24,35,1
36871,1054,25,36,1
36872,1054,26,42,1
36873,1054,27,23,1
36874,1054,28,47,2
36875,1054,29,29,1
36876,1054,30,35,1
36877,1054,31,31,1
36878,1054,32,14,0
36879,1054,33,15,1
36880,1054,34,23,0
36881,1054,35,25,0
36882,1055,1,17,1
36883,1055,2,33,1
36884,1055,3,17,0
36885,1055,4,26,0
36886,1055,5,31,1
36887,1055,6,34,1
36888,1055,7,31,2
36889,1055,8,18,1
36890,1055,9,49,1
36891,1055,10,13,1
36892,1055,11,14,1
36893,1055,12,22,1
36894,1055,13,18,0
36895,1055,14,32,1
36896,1055,15,36,2
36897,1055,16,31,1
36898,1055,17,18,1
36899,1055,18,19,1
36900,1055,19,34,1
36901,1055,20,26,1
36902,1055,21,25,1
36903,1055,22,10,1
36904,1055,23,20,1
36905,1055,24,31,1
36906,1055,25,32,2
36907,1055,26,21,0
36908,1055,27,26,1
36909,1055,28,23,1
36910,1055,29,17,0
36911,1055,30,19,1
36912,1055,31,27,0
36913,1055,32,29,1
36914,1055,33,33,1
36915,1055,34,14,0
36916,1055,35,45,2
36917,1056,1,57,3
36918,1056,2,18,0
36919,1056,3,33,1
36920,1056,4,18,1
36921,1056,5,50,3
36922,1056,6,41,2
36923,1056,7,30,2
36924,1056,8,56,2
36925,1056,9,15,1
36926,1056,10,43,1
36927,1056,11,50,1
36928,1056,12,53,2
36929,1056,13,34,1
36930,1056,14,46,1
36931,1056,15,35,0
36932,1056,16,22,1
36933,1056,17,20,0
36934,1056,18,26,0
36935,1056,19,16,1
36936,1056,20,48,3
36937,1056,21,46,2
36938,1056,22,21,1
36939,1056,23,21,1
36940,1056,24,34,0
36941,1056,25,33,1
36942,1056,26,48,2
36943,1056,27,37,1
36944,1056,28,21,1
36945,1056,29,39,1
36946,1056,30,40,2
36947,1056,31,26,1
36948,1056,32,40,2
36949,1056,33,31,1
36950,1056,34,56,3
36951,1056,35,42,2
36952,1057,1,31,2
36953,1057,2,26,1
36954,1057,3,45,2
36955,1057,4,51,2
36956,1057,5,37,0
36957,1057,6,33,1
36958,1057,7,47,3
36959,1057,8,44,1
36960,1057,9,53,2
36961,1057,10,42,0
36962,1057,11,31,1
36963,1057,12,52,3
36964,1057,13,56,2
36965,1057,14,18,0
36966,1057,15,53,3
36967,1057,16,20,1
36968,1057,17,94,0
36969,1057,18,55,1
36970,1057,19,33,1
36971,1057,20,81,1
36972,1057,21,54,2
36973,1057,22,28,1
36974,1057,23,27,1
36975,1057,24,29,0
36976,1057,25,25,1
36977,1057,26,30,1
36978,1057,27,39,1
36979,1057,28,26,0
36980,1057,29,40,2
36981,1057,30,33,0
36982,1057,31,26,1
36983,1057,32,64,1
36984,1057,33,29,2
36985,1057,34,32,2
36986,1057,35,28,1
36987,1058,1,12,0
36988,1058,2,30,2
36989,1058,3,22,1
36990,1058,4,26,1
36991,1058,5,57,1
36992,1058,6,18,1
36993,1058,7,29,1
36994,1058,8,17,0
36995,1058,9,28,1
36996,1058,10,11,1
36997,1058,11,33,1
36998,1058,12,41,0
36999,1058,13,22,1
37000,1058,14,24,1
37001,1058,15,29,2
37002,1058,16,25,1
37003,1058,17,37,2
37004,1058,18,15,1
37005,1058,19,31,0
37006,1058,20,26,1
37007,1058,21,18,0
37008,1058,22,34,1
37009,1058,23,29,1
37010,1058,24,22,1
37011,1058,25,23,1
37012,1058,26,14,0
37013,1058,27,29,0
37014,1058,28,29,2
37015,1058,29,14,0
37016,1058,30,43,3
37017,1058,31,14,1
37018,1058,32,22,1
37019,1058,33,23,0
37020,1058,34,29,1
37021,1058,35,55,2
37022,1059,1,27,1
37023,1059,2,6,0
37024,1059,3,37,1
37025,1059,4,45,1
37026,1059,5,12,1
37027,1059,6,19,1
37028,1059,7,47,1
37029,1059,8,35,2
37030,1059,9,28,0
37031,1059,10,16,0
37032,1059,11,24,0
37033,1059,12,10,0
37034,1059,13,21,1
37035,1059,14,30,2
37036,1059,15,22,0
37037,1059,16,24,1
37038,1059,17,18,1
37039,1059,18,5,0
37040,1059,19,12,0
37041,1059,20,24,1
37042,1059,21,25,0
37043,1059,22,28,1
37044,1059,23,13,1
37045,1059,24,18,1
37046,1059,25,5,0
37047,1059,26,44,2
37048,1059,27,16,1
37049,1059,28,6,0
37050,1059,29,15,0
37051,1059,30,35,1
37052,1059,31,12,0
37053,1059,32,27,1
37054,1059,33,21,1
37055,1059,34,29,2
37056,1059,35,12,0
37057,1060,1,24,1
37058,1060,2,50,1
37059,1060,3,36,1
37060,1060,4,34,2
37061,1060,5,15,0
37062,1060,6,43,1
37063,1060,7,35,2
37064,1060,8,13,0
37065,1060,9,60,1
37066,1060,10,39,1
37067,1060,11,37,2
37068,1060,12,27,0
37069,1060,13,66,1
37070,1060,14,29,2
37071,1060,15,17,0
37072,1060,16,33,2
37073,1060,17,27,1
37074,1060,18,14,0
37075,1060,19,20,0
37076,1060,20,20,0
37077,1060,21,21,1
37078,1060,22,36,1
37079,1060,23,48,3
37080,1060,24,32,1
37081,1060,25,30,1
37082,1060,26,66,3
37083,1060,27,23,0
37084,1060,28,57,2
37085,1060,29,35,1
37086,1060,30,35,2
37087,1060,31,25,1
37088,1060,32,78,4
37089,1060,33,23,1
37090,1060,34,54,2
37091,1060,35,23,1
37092,1061,1,18,0
37093,1061,2,11,0
37094,1061,3,27,1
37095,1061,4,21,1
37096,1061,5,15,0
37097,1061,6,16,0
37098,1061,7,23,0
37099,1061,8,7,0
37100,1061,9,26,1
37101,1061,10,14,0
37102,1061,11,18,0
37103,1061,12,37,1
37104,1061,13,7,0
37105,1061,14,33,1
37106,1061,15,17,1
37107,1061,16,28,2
37108,1061,17,11,0
37109,1061,18,36,1
37110,1061,19,12,0
37111,1061,20,19,1
37112,1061,21,26,2
37113,1061,22,15,1
37114,1061,23,53,2
37115,1061,24,26,1
37116,1061,25,23,1
37117,1061,26,30,1
37118,1061,27,15,1
37119,1061,28,37,1
37120,1061,29,23,1
37121,1061,30,16,1
37122,1061,31,29,0
37123,1061,32,23,0
37124,1061,33,53,1
37125,1061,34,29,1
37126,1061,35,42,2
37127,1062,1,37,2
37128,1062,2,21,1
37129,1062,3,16,0
37130,1062,4,15,1
37131,1062,5,38,2
37132,1062,6,21,0
37133,1062,7,10,0
37134,1062,8,22,1
37135,1062,9,2,0
37136,1062,10,15,1
37137,1062,11,17,1
37138,1062,12,16,0
37139,1062,13,12,0
37140,1062,14,17,1
37141,1062,15,27,1
37142,1062,16,15,1
37143,1062,17,18,0
37144,1062,18,10,0
37145,1062,19,26,0
37146,1062,20,13,0
37147,1062,21,16,0
37148,1062,22,20,1
37149,1062,23,18,1
37150,1062,24,15,1
37151,1062,25,11,1
37152,1062,26,9,0
37153,1062,27,15,0
37154,1062,28,16,1
37155,1062,29,21,1
37156,1062,30,29,0
37157,1062,31,30,2
37158,1062,32,22,0
37159,1062,33,20,1
37160,1062,34,22,1
37161,1062,35,18,1
37162,1063,1,16,0
37163,1063,2,16,0
37164,1063,3,6,0
37165,1063,4,13,0
37166,1063,5,3,0
37167,1063,6,12,0
37168,1063,7,11,0
37169,1063,8,11,0
37170,1063,9,31,1
37171,1063,10,20,1
37172,1063,11,31,1
37173,1063,12,17,1
37174,1063,13,18,1
37175,1063,14,7,0
37176,1063,15,15,0
37177,1063,16,14,0
37178,1063,17,13,1
37179,1063,18,12,0
37180,1063,19,12,0
37181,1063,20,15,0
37182,1063,21,10,0
37183,1063,22,18,0
37184,1063,23,5,0
37185,1063,24,13,1
37186,1063,25,10,0
37187,1063,26,7,0
37188,1063,27,9,0
37189,1063,28,19,0
37190,1063,29,20,1
37191,1063,30,12,0
37192,1063,31,19,1
37193,1063,32,16,1
37194,1063,33,22,1
37195,1063,34,14,1
37196,1063,35,12,0
37197,1064,1,23,0
37198,1064,2,26,1
37199,1064,3,36,1
37200,1064,4,19,1
37201,1064,5,22,1
37202,1064,6,40,2
37203,1064,7,9,0
37204,1064,8,25,1
37205,1064,9,24,1
37206,1064,10,16,1
37207,1064,11,19,1
37208,1064,12,19,0
37209,1064,13,11,0
37210,1064,14,10,0
37211,1064,15,42,1
37212,1064,16,36,2
37213,1064,17,37,1
37214,1064,18,28,1
37215,1064,19,15,0
37216,1064,20,15,1
37217,1064,21,35,0
37218,1064,22,11,1
37219,1064,23,41,1
37220,1064,24,42,2
37221,1064,25,13,0
37222,1064,26,40,2
37223,1064,27,22,0
37224,1064,28,40,1
37225,1064,29,10,1
37226,1064,30,24,1
37227,1064,31,28,0
37228,1064,32,26,1
37229,1064,33,16,1
37230,1064,34,15,0
37231,1064,35,37,1
37232,1065,1,14,1
37233,1065,2,22,1
37234,1065,3,4,0
37235,1065,4,18,1
37236,1065,5,16,1
37237,1065,6,56,3
37238,1065,7,26,1
37239,1065,8,34,1
37240,1065,9,17,1
37241,1065,10,32,2
37242,1065,11,29,0
37243,1065,12,17,0
37244,1065,13,14,0
37245,1065,14,35,1
37246,1065,15,21,1
37247,1065,16,12,0
37248,1065,17,19,1
37249,1065,18,29,2
37250,1065,19,57,1
37251,1065,20,51,1
37252,1065,21,16,0
37253,1065,22,38,1
37254,1065,23,19,1
37255,1065,24,42,1
37256,1065,25,17,0
37257,1065,26,19,1
37258,1065,27,36,1
37259,1065,28,38,0
37260,1065,29,21,1
37261,1065,30,21,1
37262,1065,31,81,4
37263,1065,32,26,0
37264,1065,33,18,0
37265,1065,34,41,1
37266,1065,35,22,1
37267,1066,1,18,1
37268,1066,2,7,0
37269,1066,3,22,1
37270,1066,4,12,1
37271,1066,5,16,1
37272,1066,6,17,1
37273,1066,7,10,0
37274,1066,8,20,1
37275,1066,9,8,0
37276,1066,10,26,0
37277,1066,11,29,1
37278,1066,12,28,0
37279,1066,13,16,1
37280,1066,14,7,0
37281,1066,15,14,0
37282,1066,16,24,1
37283,1066,17,13,1
37284,1066,18,14,0
37285,1066,19,46,2
37286,1066,20,21,1
37287,1066,21,16,0
37288,1066,22,12,0
37289,1066,23,16,0
37290,1066,24,34,1
37291,1066,25,13,0
37292,1066,26,17,0
37293,1066,27,10,0
37294,1066,28,21,0
37295,1066,29,13,0
37296,1066,30,19,0
37297,1066,31,14,0
37298,1066,32,26,1
37299,1066,33,6,0
37300,1066,34,13,0
37301,1066,35,23,1
37302,1067,1,13,0
37303,1067,2,14,0
37304,1067,3,9,0
37305,1067,4,12,1
37306,1067,5,15,0
37307,1067,6,16,0
37308,1067,7,17,1
37309,1067,8,19,1
37310,1067,9,39,1
37311,1067,10,26,0
37312,1067,11,6,0
37313,1067,12,14,1
37314,1067,13,11,1
37315,1067,14,18,0
37316,1067,15,5,0
37317,1067,16,13,1
37318,1067,17,4,0
37319,1067,18,8,0
37320,1067,19,12,0
37321,1067,20,13,0
37322,1067,21,23,1
37323,1067,22,11,1
37324,1067,23,22,1
37325,1067,24,19,1
37326,1067,25,8,0
37327,1067,26,13,0
37328,1067,27,17,1
37329,1067,28,8,0
37330,1067,29,17,1
37331,1067,30,18,1
37332,1067,31,17,0
37333,1067,32,26,1
37334,1067,33,16,1
37335,1067,34,21,1
37336,1067,35,35,2
37337,1068,1,24,1
37338,1068,2,12,0
37339,1068,3,15,1
37340,1068,4,13,1
37341,1068,5,23,1
37342,1068,6,22,1
37343,1068,7,9,0
37344,1068,8,25,1
37345,1068,9,31,1
37346,1068,10,22,1
37347,1068,11,11,0
37348,1068,12,29,0
37349,1068,13,13,1
37350,1068,14,25,1
37351,1068,15,24,0
37352,1068,16,48,1
37353,1068,17,26,1
37354,1068,18,29,1
37355,1068,19,41,2
37356,1068,20,23,0
37357,1068,21,26,1
37358,1068,22,41,0
37359,1068,23,20,1
37360,1068,24,24,1
37361,1068,25,40,0
37362,1068,26,14,1
37363,1068,27,18,0
37364,1068,28,16,1
37365,1068,29,16,0
37366,1068,30,13,1
37367,1068,31,28,0
37368,1068,32,22,1
37369,1068,33,14,0
37370,1068,34,9,1
37371,1068,35,31,1
37372,1069,1,24,0
37373,1069,2,19,1
37374,1069,3,20,0
37375,1069,4,25,1
37376,1069,5,19,0
37377,1069,6,21,1
37378,1069,7,24,0
37379,1069,8,40,1
37380,1069,9,6,0
37381,1069,10,39,2
37382,1069,11,20,1
37383,1069,12,37,1
37384,1069,13,27,0
37385,1069,14,10,0
37386,1069,15,55,1
37387,1069,16,28,1
37388,1069,17,26,1
37389,1069,18,22,0
37390,1069,19,15,0
37391,1069,20,32,1
37392,1069,21,44,1
37393,1069,22,19,1
37394,1069,23,16,1
37395,1069,24,22,1
37396,1069,25,24,1
37397,1069,26,27,1
37398,1069,27,37,2
37399,1069,28,55,0
37400,1069,29,19,1
37401,1069,30,20,1
37402,1069,31,33,2
37403,1069,32,21,0
37404,1069,33,33,0
37405,1069,34,40,2
37406,1069,35,39,0
37407,1070,1,18,1
37408,1070,2,24,1
37409,1070,3,23,1
37410,1070,4,21,1
37411,1070,5,18,0
37412,1070,6,13,1
37413,1070,7,8,0
37414,1070,8,18,1
37415,1070,9,24,1
37416,1070,10,31,1
37417,1070,11,12,0
37418,1070,12,16,0
37419,1070,13,37,2
37420,1070,14,16,1
37421,1070,15,35,2
37422,1070,16,30,2
37423,1070,17,13,0
37424,1070,18,24,1
37425,1070,19,33,1
37426,1070,20,12,1
37427,1070,21,16,0
37428,1070,22,21,0
37429,1070,23,18,1
37430,1070,24,33,1
37431,1070,25,28,0
37432,1070,26,20,0
37433,1070,27,24,1
37434,1070,28,16,1
37435,1070,29,12,1
37436,1070,30,16,0
37437,1070,31,14,0
37438,1070,32,13,1
37439,1070,33,56,1
37440,1070,34,24,0
37441,1070,35,22,1
37442,1071,1,22,1
37443,1071,2,36,2
37444,1071,3,12,1
37445,1071,4,46,2
37446,1071,5,14,1
37447,1071,6,11,0
37448,1071,7,13,0
37449,1071,8,18,1
37450,1071,9,22,0
37451,1071,10,13,1
37452,1071,11,19,1
37453,1071,12,22,1
37454,1071,13,19,1
37455,1071,14,18,0
37456,1071,15,13,0
37457,1071,16,9,0
37458,1071,17,13,1
37459,1071,18,17,0
37460,1071,19,23,0
37461,1071,20,19,0
37462,1071,21,5,0
37463,1071,22,23,1
37464,1071,23,10,1
37465,1071,24,22,1
37466,1071,25,13,0
37467,1071,26,24,1
37468,1071,27,14,0
37469,1071,28,11,0
37470,1071,29,29,1
37471,1071,30,37,0
37472,1071,31,21,1
37473,1071,32,27,1
37474,1071,33,28,1
37475,1071,34,13,0
37476,1071,35,30,1
37477,1072,1,30,1
37478,1072,2,33,0
37479,1072,3,50,2
37480,1072,4,19,0
37481,1072,5,11,0
37482,1072,6,19,1
37483,1072,7,23,1
37484,1072,8,23,1
37485,1072,9,33,1
37486,1072,10,18,1
37487,1072,11,33,1
37488,1072,12,27,1
37489,1072,13,13,1
37490,1072,14,39,2
37491,1072,15,24,1
37492,1072,16,34,2
37493,1072,17,22,1
37494,1072,18,43,1
37495,1072,19,26,0
37496,1072,20,67,1
37497,1072,21,20,1
37498,1072,22,28,2
37499,1072,23,13,1
37500,1072,24,10,0
37501,1072,25,47,1
37502,1072,26,21,0
37503,1072,27,14,0
37504,1072,28,20,0
37505,1072,29,35,1
37506,1072,30,37,2
37507,1072,31,29,1
37508,1072,32,34,1
37509,1072,33,29,0
37510,1072,34,27,0
37511,1072,35,49,1
37512,1073,1,25,0
37513,1073,2,41,2
37514,1073,3,24,1
37515,1073,4,36,1
37516,1073,5,39,2
37517,1073,6,41,1
37518,1073,7,46,1
37519,1073,8,24,0
37520,1073,9,41,2
37521,1073,10,42,0
37522,1073,11,14,0
37523,1073,12,49,3
37524,1073,13,29,1
37525,1073,14,27,0
37526,1073,15,27,0
37527,1073,16,28,1
37528,1073,17,22,0
37529,1073,18,52,1
37530,1073,19,31,2
37531,1073,20,19,0
37532,1073,21,23,1
37533,1073,22,44,2
37534,1073,23,39,1
37535,1073,24,35,1
37536,1073,25,30,1
37537,1073,26,35,2
37538,1073,27,54,2
37539,1073,28,22,0
37540,1073,29,29,1
37541,1073,30,29,1
37542,1073,31,11,0
37543,1073,32,26,2
37544,1073,33,44,1
37545,1073,34,20,0
37546,1073,35,39,1
37547,1074,1,35,1
37548,1074,2,35,1
37549,1074,3,27,1
37550,1074,4,29,1
37551,1074,5,18,1
37552,1074,6,24,1
37553,1074,7,24,1
37554,1074,8,26,1
37555,1074,9,10,0
37556,1074,10,16,1
37557,1074,11,21,0
37558,1074,12,14,0
37559,1074,13,13,1
37560,1074,14,35,1
37561,1074,15,28,1
37562,1074,16,19,1
37563,1074,17,27,1
37564,1074,18,32,1
37565,1074,19,13,1
37566,1074,20,14,0
37567,1074,21,39,1
37568,1074,22,23,1
37569,1074,23,23,1
37570,1074,24,26,1
37571,1074,25,25,1
37572,1074,26,30,1
37573,1074,27,50,2
37574,1074,28,18,0
37575,1074,29,24,1
37576,1074,30,17,1
37577,1074,31,28,2
37578,1074,32,42,1
37579,1074,33,30,1
37580,1074,34,22,1
37581,1074,35,26,1
37582,1075,1,25,1
37583,1075,2,12,0
37584,1075,3,26,1
37585,1075,4,25,1
37586,1075,5,20,1
37587,1075,6,17,1
37588,1075,7,41,1
37589,1075,8,35,2
37590,1075,9,13,0
37591,1075,10,25,1
37592,1075,11,15,0
37593,1075,12,27,1
37594,1075,13,46,1
37595,1075,14,19,1
37596,1075,15,8,0
37597,1075,16,16,1
37598,1075,17,15,1
37599,1075,18,20,1
37600,1075,19,30,1
37601,1075,20,12,0
37602,1075,21,41,1
37603,1075,22,14,0
37604,1075,23,15,1
37605,1075,24,19,0
37606,1075,25,9,0
37607,1075,26,22,1
37608,1075,27,17,1
37609,1075,28,26,1
37610,1075,29,25,0
37611,1075,30,38,1
37612,1075,31,11,1
37613,1075,32,29,2
37614,1075,33,4,0
37615,1075,34,12,0
37616,1075,35,22,0
37617,1076,1,37,2
37618,1076,2,36,0
37619,1076,3,29,2
37620,1076,4,35,2
37621,1076,5,18,1
37622,1076,6,52,1
37623,1076,7,30,1
37624,1076,8,19,0
37625,1076,9,28,1
37626,1076,10,26,1
37627,1076,11,49,2
37628,1076,12,12,0
37629,1076,13,22,1
37630,1076,14,37,2
37631,1076,15,14,1
37632,1076,16,39,1
37633,1076,17,25,0
37634,1076,18,56,2
37635,1076,19,18,1
37636,1076,20,19,1
37637,1076,21,47,1
37638,1076,22,22,1
37639,1076,23,29,1
37640,1076,24,49,2
37641,1076,25,16,1
37642,1076,26,18,1
37643,1076,27,16,1
37644,1076,28,18,0
37645,1076,29,63,3
37646,1076,30,31,1
37647,1076,31,16,0
37648,1076,32,33,2
37649,1076,33,27,1
37650,1076,34,27,1
37651,1076,35,23,1
37652,1077,1,41,1
37653,1077,2,38,1
37654,1077,3,45,1
37655,1077,4,56,2
37656,1077,5,25,1
37657,1077,6,57,2
37658,1077,7,64,3
37659,1077,8,30,1
37660,1077,9,45,1
37661,1077,10,39,2
37662,1077,11,43,2
37663,1077,12,36,1
37664,1077,13,43,2
37665,1077,14,27,0
37666,1077,15,65,3
37667,1077,16,39,1
37668,1077,17,100,0
37669,1077,18,39,2
37670,1077,19,37,0
37671,1077,20,33,2
37672,1077,21,24,1
37673,1077,22,12,0
37674,1077,23,19,1
37675,1077,24,39,2
37676,1077,25,47,1
37677,1077,26,21,1
37678,1077,27,13,0
37679,1077,28,22,0
37680,1077,29,31,2
37681,1077,30,41,2
37682,1077,31,49,2
37683,1077,32,23,1
37684,1077,33,37,1
37685,1077,34,57,2
37686,1077,35,39,0
37687,1078,1,38,2
37688,1078,2,20,0
37689,1078,3,14,1
37690,1078,4,28,1
37691,1078,5,18,1
37692,1078,6,17,0
37693,1078,7,24,1
37694,1078,8,16,1
37695,1078,9,32,1
37696,1078,10,7,0
37697,1078,11,20,0
37698,1078,12,26,0
37699,1078,13,34,2
37700,1078,14,15,0
37701,1078,15,38,1
37702,1078,16,24,0
37703,1078,17,28,1
37704,1078,18,25,1
37705,1078,19,11,1
37706,1078,20,39,0
37707,1078,21,21,1
37708,1078,22,13,0
37709,1078,23,45,2
37710,1078,24,16,0
37711,1078,25,20,1
37712,1078,26,56,2
37713,1078,27,24,1
37714,1078,28,32,1
37715,1078,29,27,1
37716,1078,30,28,1
37717,1078,31,16,1
37718,1078,32,9,0
37719,1078,33,22,0
37720,1078,34,31,2
37721,1078,35,30,0
37722,1079,1,21,0
37723,1079,2,18,1
37724,1079,3,23,0
37725,1079,4,10,0
37726,1079,5,20,1
37727,1079,6,15,0
37728,1079,7,13,1
37729,1079,8,19,1
37730,1079,9,14,0
37731,1079,10,19,0
37732,1079,11,29,1
37733,1079,12,17,0
37734,1079,13,10,0
37735,1079,14,14,1
37736,1079,15,26,0
37737,1079,16,18,1
37738,1079,17,39,1
37739,1079,18,17,1
37740,1079,19,38,1
37741,1079,20,28,1
37742,1079,21,25,1
37743,1079,22,34,1
37744,1079,23,12,0
37745,1079,24,5,0
37746,1079,25,24,1
37747,1079,26,60,1
37748,1079,27,24,1
37749,1079,28,34,1
37750,1079,29,20,1
37751,1079,30,16,1
37752,1079,31,13,1
37753,1079,32,23,1
37754,1079,33,21,1
37755,1079,34,24,1
37756,1079,35,24,0
37757,1080,1,41,2
37758,1080,2,18,0
37759,1080,3,46,1
37760,1080,4,22,1
37761,1080,5,34,1
37762,1080,6,42,1
37763,1080,7,25,1
37764,1080,8,21,1
37765,1080,9,37,1
37766,1080,10,42,2
37767,1080,11,43,1
37768,1080,12,17,1
37769,1080,13,57,1
37770,1080,14,25,1
37771,1080,15,8,0
37772,1080,16,34,1
37773,1080,17,30,1
37774,1080,18,27,1
37775,1080,19,27,1
37776,1080,20,27,1
37777,1080,21,46,1
37778,1080,22,17,1
37779,1080,23,35,2
37780,1080,24,11,0
37781,1080,25,53,3
37782,1080,26,27,1
37783,1080,27,28,1
37784,1080,28,83,3
37785,1080,29,29,2
37786,1080,30,65,2
37787,1080,31,24,1
37788,1080,32,17,1
37789,1080,33,32,1
37790,1080,34,28,0
37791,1080,35,43,2
37792,1081,1,27,1
37793,1081,2,71,1
37794,1081,3,42,2
37795,1081,4,44,2
37796,1081,5,38,1
37797,1081,6,48,3
37798,1081,7,17,0
37799,1081,8,42,2
37800,1081,9,35,2
37801,1081,10,18,1
37802,1081,11,67,4
37803,1081,12,77,3
37804,1081,13,30,2
37805,1081,14,48,2
37806,1081,15,34,1
37807,1081,16,31,1
37808,1081,17,21,0
37809,1081,18,30,1
37810,1081,19,26,0
37811,1081,20,71,2
37812,1081,21,32,2
37813,1081,22,73,2
37814,1081,23,39,2
37815,1081,24,37,0
37816,1081,25,24,1
37817,1081,26,44,2
37818,1081,27,16,1
37819,1081,28,24,0
37820,1081,29,29,1
37821,1081,30,52,0
37822,1081,31,19,1
37823,1081,32,56,2
37824,1081,33,34,1
37825,1081,34,37,0
37826,1081,35,61,2
37827,1082,1,46,1
37828,1082,2,57,3
37829,1082,3,22,0
37830,1082,4,32,1
37831,1082,5,35,1
37832,1082,6,47,2
37833,1082,7,19,0
37834,1082,8,16,0
37835,1082,9,28,1
37836,1082,10,23,1
37837,1082,11,55,3
37838,1082,12,20,0
37839,1082,13,30,1
37840,1082,14,14,1
37841,1082,15,16,0
37842,1082,16,28,2
37843,1082,17,14,0
37844,1082,18,30,1
37845,1082,19,20,0
37846,1082,20,71,1
37847,1082,21,26,0
37848,1082,22,14,1
37849,1082,23,44,1
37850,1082,24,14,1
37851,1082,25,21,1
37852,1082,26,16,0
37853,1082,27,24,1
37854,1082,28,19,0
37855,1082,29,18,0
37856,1082,30,31,1
37857,1082,31,43,2
37858,1082,32,46,2
37859,1082,33,30,1
37860,1082,34,38,1
37861,1082,35,43,2
37862,1083,1,32,0
37863,1083,2,19,0
37864,1083,3,27,1
37865,1083,4,20,1
37866,1083,5,22,1
37867,1083,6,15,1
37868,1083,7,36,2
37869,1083,8,22,0
37870,1083,9,18,1
37871,1083,10,24,1
37872,1083,11,21,1
37873,1083,12,20,1
37874,1083,13,19,1
37875,1083,14,52,3
37876,1083,15,38,2
37877,1083,16,12,1
37878,1083,17,15,1
37879,1083,18,16,1
37880,1083,19,43,1
37881,1083,20,23,1
37882,1083,21,23,0
37883,1083,22,14,0
37884,1083,23,15,0
37885,1083,24,9,0
37886,1083,25,31,2
37887,1083,26,14,0
37888,1083,27,8,0
37889,1083,28,44,1
37890,1083,29,18,1
37891,1083,30,18,0
37892,1083,31,12,0
37893,1083,32,25,1
37894,1083,33,19,1
37895,1083,34,28,1
37896,1083,35,12,0
37897,1084,1,54,2
37898,1084,2,36,1
37899,1084,3,33,1
37900,1084,4,17,0
37901,1084,5,52,1
37902,1084,6,34,1
37903,1084,7,64,3
37904,1084,8,26,1
37905,1084,9,58,2
37906,1084,10,38,1
37907,1084,11,37,0
37908,1084,12,48,1
37909,1084,13,29,1
37910,1084,14,11,0
37911,1084,15,34,1
37912,1084,16,65,3
37913,1084,17,48,2
37914,1084,18,43,1
37915,1084,19,32,1
37916,1084,20,24,1
37917,1084,21,68,2
37918,1084,22,38,2
37919,1084,23,18,1
37920,1084,24,49,1
37921,1084,25,35,1
37922,1084,26,23,1
37923,1084,27,21,1
37924,1084,28,25,0
37925,1084,29,22,0
37926,1084,30,19,0
37927,1084,31,11,0
37928,1084,32,41,1
37929,1084,33,39,2
37930,1084,34,53,3
37931,1084,35,30,1
37932,1085,1,23,0
37933,1085,2,38,2
37934,1085,3,25,1
37935,1085,4,21,1
37936,1085,5,39,1
37937,1085,6,22,0
37938,1085,7,57,1
37939,1085,8,44,2
37940,1085,9,48,1
37941,1085,10,54,1
37942,1085,11,33,1
37943,1085,12,19,1
37944,1085,13,34,2
37945,1085,14,42,2
37946,1085,15,21,1
37947,1085,16,24,1
37948,1085,17,40,0
37949,1085,18,21,1
37950,1085,19,25,0
37951,1085,20,23,1
37952,1085,21,24,1
37953,1085,22,38,1
37954,1085,23,35,1
37955,1085,24,17,0
37956,1085,25,69,3
37957,1085,26,21,1
37958,1085,27,28,0
37959,1085,28,26,1
37960,1085,29,29,1
37961,1085,30,18,0
37962,1085,31,32,1
37963,1085,32,13,0
37964,1085,33,27,1
37965,1085,34,37,0
37966,1085,35,41,2
37967,1086,1,28,0
37968,1086,2,12,0
37969,1086,3,24,1
37970,1086,4,21,1
37971,1086,5,37,2
37972,1086,6,21,1
37973,1086,7,24,0
37974,1086,8,29,1
37975,1086,9,19,1
37976,1086,10,27,1
37977,1086,11,27,2
37978,1086,12,14,0
37979,1086,13,9,0
37980,1086,14,34,1
37981,1086,15,29,1
37982,1086,16,11,1
37983,1086,17,39,1
37984,1086,18,59,1
37985,1086,19,16,1
37986,1086,20,30,1
37987,1086,21,54,3
37988,1086,22,38,2
37989,1086,23,54,2
37990,1086,24,41,2
37991,1086,25,7,0
37992,1086,26,35,0
37993,1086,27,20,1
37994,1086,28,45,2
37995,1086,29,26,1
37996,1086,30,45,2
37997,1086,31,28,2
37998,1086,32,32,1
37999,1086,33,40,2
38000,1086,34,24,1
38001,1086,35,22,1
38002,1087,1,22,1
38003,1087,2,25,1
38004,1087,3,18,1
38005,1087,4,33,2
38006,1087,5,32,1
38007,1087,6,22,1
38008,1087,7,21,0
38009,1087,8,18,1
38010,1087,9,29,2
38011,1087,10,20,1
38012,1087,11,17,1
38013,1087,12,10,1
38014,1087,13,51,1
38015,1087,14,23,1
38016,1087,15,15,1
38017,1087,16,7,0
38018,1087,17,13,0
38019,1087,18,16,1
38020,1087,19,27,1
38021,1087,20,31,1
38022,1087,21,21,1
38023,1087,22,26,1
38024,1087,23,10,0
38025,1087,24,35,2
38026,1087,25,16,1
38027,1087,26,20,0
38028,1087,27,20,1
38029,1087,28,31,1
38030,1087,29,33,1
38031,1087,30,9,0
38032,1087,31,14,1
38033,1087,32,44,2
38034,1087,33,40,1
38035,1087,34,24,1
38036,1087,35,8,0
38037,1088,1,31,1
38038,1088,2,42,2
38039,1088,3,17,1
38040,1088,4,31,0
38041,1088,5,20,0
38042,1088,6,28,1
38043,1088,7,38,2
38044,1088,8,11,0
38045,1088,9,20,1
38046,1088,10,38,2
38047,1088,11,43,1
38048,1088,12,20,1
38049,1088,13,36,2
38050,1088,14,41,1
38051,1088,15,29,2
38052,1088,16,41,1
38053,1088,17,21,0
38054,1088,18,44,2
38055,1088,19,45,1
38056,1088,20,30,1
38057,1088,21,36,1
38058,1088,22,40,2
38059,1088,23,33,0
38060,1088,24,29,1
38061,1088,25,19,1
38062,1088,26,66,4
38063,1088,27,45,2
38064,1088,28,43,1
38065,1088,29,35,1
38066,1088,30,26,0
38067,1088,31,26,1
38068,1088,32,52,2
38069,1088,33,51,2
38070,1088,34,43,2
38071,1088,35,27,1
38072,1089,1,34,1
38073,1089,2,41,1
38074,1089,3,39,1
38075,1089,4,23,1
38076,1089,5,40,2
38077,1089,6,9,0
38078,1089,7,29,1
38079,1089,8,23,1
38080,1089,9,21,1
38081,1089,10,27,1
38082,1089,11,38,2
38083,1089,12,53,1
38084,1089,13,35,1
38085,1089,14,34,1
38086,1089,15,33,2
38087,1089,16,18,0
38088,1089,17,31,1
38089,1089,18,29,1
38090,1089,19,17,0
38091,1089,20,28,0
38092,1089,21,49,2
38093,1089,22,28,0
38094,1089,23,12,1
38095,1089,24,43,0
38096,1089,25,37,2
38097,1089,26,12,0
38098,1089,27,21,1
38099,1089,28,40,2
38100,1089,29,33,2
38101,1089,30,45,0
38102,1089,31,36,2
38103,1089,32,23,1
38104,1089,33,20,1
38105,1089,34,17,0
38106,1089,35,20,1
38107,1090,1,9,0
38108,1090,2,32,1
38109,1090,3,9,0
38110,1090,4,26,0
38111,1090,5,29,1
38112,1090,6,25,1
38113,1090,7,23,1
38114,1090,8,22,0
38115,1090,9,20,1
38116,1090,10,21,1
38117,1090,11,13,0
38118,1090,12,18,1
38119,1090,13,25,1
38120,1090,14,10,0
38121,1090,15,18,0
38122,1090,16,12,1
38123,1090,17,12,0
38124,1090,18,17,0
38125,1090,19,15,1
38126,1090,20,8,0
38127,1090,21,9,0
38128,1090,22,17,0
38129,1090,23,16,0
38130,1090,24,39,1
38131,1090,25,32,0
38132,1090,26,21,1
38133,1090,27,23,0
38134,1090,28,9,0
38135,1090,29,12,1
38136,1090,30,12,1
38137,1090,31,10,1
38138,1090,32,37,1
38139,1090,33,38,2
38140,1090,34,9,0
38141,1090,35,18,1
38142,1091,1,20,1
38143,1091,2,22,1
38144,1091,3,25,0
38145,1091,4,13,0
38146,1091,5,10,0
38147,1091,6,6,0
38148,1091,7,16,1
38149,1091,8,17,1
38150,1091,9,20,1
38151,1091,10,15,1
38152,1091,11,4,0
38153,1091,12,5,0
38154,1091,13,12,1
38155,1091,14,19,1
38156,1091,15,25,1
38157,1091,16,26,2
38158,1091,17,24,1
38159,1091,18,20,1
38160,1091,19,7,0
38161,1091,20,22,0
38162,1091,21,20,1
38163,1091,22,14,1
38164,1091,23,6,0
38165,1091,24,17,1
38166,1091,25,20,0
38167,1091,26,9,0
38168,1091,27,22,1
38169,1091,28,12,1
38170,1091,29,15,0
38171,1091,30,9,0
38172,1091,31,17,0
38173,1091,32,10,0
38174,1091,33,25,1
38175,1091,34,10,0
38176,1091,35,22,0
38177,1092,1,18,0
38178,1092,2,13,1
38179,1092,3,7,0
38180,1092,4,41,1
38181,1092,5,17,0
38182,1092,6,23,1
38183,1092,7,42,2
38184,1092,8,17,0
38185,1092,9,26,0
38186,1092,10,26,1
38187,1092,11,22,1
38188,1092,12,35,1
38189,1092,13,24,0
38190,1092,14,28,1
38191,1092,15,8,0
38192,1092,16,16,1
38193,1092,17,18,1
38194,1092,18,40,1
38195,1092,19,27,1
38196,1092,20,14,1
38197,1092,21,20,0
38198,1092,22,25,1
38199,1092,23,10,0
38200,1092,24,23,1
38201,1092,25,24,1
38202,1092,26,20,0
38203,1092,27,27,1
38204,1092,28,28,1
38205,1092,29,51,1
38206,1092,30,33,0
38207,1092,31,35,1
38208,1092,32,37,2
38209,1092,33,38,1
38210,1092,34,16,0
38211,1092,35,47,3
38212,1093,1,33,1
38213,1093,2,23,1
38214,1093,3,44,2
38215,1093,4,8,0
38216,1093,5,11,1
38217,1093,6,31,2
38218,1093,7,41,1
38219,1093,8,35,2
38220,1093,9,17,0
38221,1093,10,6,0
38222,1093,11,2,0
38223,1093,12,6,0
38224,1093,13,41,1
38225,1093,14,34,1
38226,1093,15,21,1
38227,1093,16,13,0
38228,1093,17,57,0
38229,1093,18,24,1
38230,1093,19,11,0
38231,1093,20,28,0
38232,1093,21,13,1
38233,1093,22,45,3
38234,1093,23,15,1
38235,1093,24,48,1
38236,1093,25,15,1
38237,1093,26,19,0
38238,1093,27,19,1
38239,1093,28,35,0
38240,1093,29,5,0
38241,1093,30,20,1
38242,1093,31,55,3
38243,1093,32,45,1
38244,1093,33,43,2
38245,1093,34,8,0
38246,1093,35,38,2
38247,1094,1,20,1
38248,1094,2,9,0
38249,1094,3,23,1
38250,1094,4,29,1
38251,1094,5,20,1
38252,1094,6,18,0
38253,1094,7,22,1
38254,1094,8,8,0
38255,1094,9,12,0
38256,1094,10,25,1
38257,1094,11,20,1
38258,1094,12,21,1
38259,1094,13,11,0
38260,1094,14,34,1
38261,1094,15,10,0
38262,1094,16,24,0
38263,1094,17,17,1
38264,1094,18,31,2
38265,1094,19,13,0
38266,1094,20,9,1
38267,1094,21,7,0
38268,1094,22,14,0
38269,1094,23,12,0
38270,1094,24,19,1
38271,1094,25,15,0
38272,1094,26,12,0
38273,1094,27,25,1
38274,1094,28,10,0
38275,1094,29,19,0
38276,1094,30,31,1
38277,1094,31,32,0
38278,1094,32,10,0
38279,1094,33,31,1
38280,1094,34,21,1
38281,1094,35,22,1
38282,1095,1,8,0
38283,1095,2,15,0
38284,1095,3,21,1
38285,1095,4,15,0
38286,1095,5,15,0
38287,1095,6,12,0
38288,1095,7,7,0
38289,1095,8,15,1
38290,1095,9,25,1
38291,1095,10,25,1
38292,1095,11,16,1
38293,1095,12,11,1
38294,1095,13,7,0
38295,1095,14,13,1
38296,1095,15,4,0
38297,1095,16,21,1
38298,1095,17,16,1
38299,1095,18,24,1
38300,1095,19,24,1
38301,1095,20,14,1
38302,1095,21,16,0
38303,1095,22,15,0
38304,1095,23,28,1
38305,1095,24,15,1
38306,1095,25,25,1
38307,1095,26,16,0
38308,1095,27,15,1
38309,1095,28,19,0
38310,1095,29,11,0
38311,1095,30,31,1
38312,1095,31,11,0
38313,1095,32,17,1
38314,1095,33,13,1
38315,1095,34,23,1
38316,1095,35,18,1
38317,1096,1,41,2
38318,1096,2,15,1
38319,1096,3,30,2
38320,1096,4,8,0
38321,1096,5,28,1
38322,1096,6,9,0
38323,1096,7,42,2
38324,1096,8,37,2
38325,1096,9,22,0
38326,1096,10,18,0
38327,1096,11,22,0
38328,1096,12,27,1
38329,1096,13,20,0
38330,1096,14,6,0
38331,1096,15,37,1
38332,1096,16,23,1
38333,1096,17,41,2
38334,1096,18,52,2
38335,1096,19,38,2
38336,1096,20,33,1
38337,1096,21,11,0
38338,1096,22,29,0
38339,1096,23,11,0
38340,1096,24,52,2
38341,1096,25,23,1
38342,1096,26,29,2
38343,1096,27,30,0
38344,1096,28,10,1
38345,1096,29,26,0
38346,1096,30,33,2
38347,1096,31,23,0
38348,1096,32,12,0
38349,1096,33,24,1
38350,1096,34,28,1
38351,1096,35,47,1
38352,1097,1,19,1
38353,1097,2,24,1
38354,1097,3,25,1
38355,1097,4,35,2
38356,1097,5,29,1
38357,1097,6,34,1
38358,1097,7,19,1
38359,1097,8,38,2
38360,1097,9,40,1
38361,1097,10,63,2
38362,1097,11,39,1
38363,1097,12,74,2
38364,1097,13,11,0
38365,1097,14,18,1
38366,1097,15,33,1
38367,1097,16,11,1
38368,1097,17,27,1
38369,1097,18,18,1
38370,1097,19,32,1
38371,1097,20,19,1
38372,1097,21,42,1
38373,1097,22,34,1
38374,1097,23,20,1
38375,1097,24,34,1
38376,1097,25,33,0
38377,1097,26,29,2
38378,1097,27,19,1
38379,1097,28,22,0
38380,1097,29,44,2
38381,1097,30,19,1
38382,1097,31,46,2
38383,1097,32,43,2
38384,1097,33,23,1
38385,1097,34,17,1
38386,1097,35,27,1
38387,1098,1,10,0
38388,1098,2,19,1
38389,1098,3,26,1
38390,1098,4,35,2
38391,1098,5,36,2
38392,1098,6,24,1
38393,1098,7,15,1
38394,1098,8,28,1
38395,1098,9,28,1
38396,1098,10,18,0
38397,1098,11,9,0
38398,1098,12,19,1
38399,1098,13,20,1
38400,1098,14,8,0
38401,1098,15,14,1
38402,1098,16,11,0
38403,1098,17,14,0
38404,1098,18,6,0
38405,1098,19,10,0
38406,1098,20,26,1
38407,1098,21,24,1
38408,1098,22,3,0
38409,1098,23,17,1
38410,1098,24,33,0
38411,1098,25,20,1
38412,1098,26,32,1
38413,1098,27,6,0
38414,1098,28,26,1
38415,1098,29,13,1
38416,1098,30,10,1
38417,1098,31,43,2
38418,1098,32,20,0
38419,1098,33,33,0
38420,1098,34,27,1
38421,1098,35,15,0
38422,1099,1,24,0
38423,1099,2,13,1
38424,1099,3,11,1
38425,1099,4,22,1
38426,1099,5,6,0
38427,1099,6,21,1
38428,1099,7,7,0
38429,1099,8,25,0
38430,1099,9,11,0
38431,1099,10,12,1
38432,1099,11,33,1
38433,1099,12,12,0
38434,1099,13,18,0
38435,1099,14,25,0
38436,1099,15,27,1
38437,1099,16,13,1
38438,1099,17,20,0
38439,1099,18,9,0
38440,1099,19,20,0
38441,1099,20,8,0
38442,1099,21,11,1
38443,1099,22,25,1
38444,1099,23,16,1
38445,1099,24,31,2
38446,1099,25,9,0
38447,1099,26,21,1
38448,1099,27,34,0
38449,1099,28,10,0
38450,1099,29,20,1
38451,1099,30,12,0
38452,1099,31,20,1
38453,1099,32,11,0
38454,1099,33,17,1
38455,1099,34,15,0
38456,1099,35,17,1
38457,1100,1,40,2
38458,1100,2,22,1
38459,1100,3,36,2
38460,1100,4,15,0
38461,1100,5,39,1
38462,1100,6,26,0
38463,1100,7,30,1
38464,1100,8,38,2
38465,1100,9,39,0
38466,1100,10,19,1
38467,1100,11,24,1
38468,1100,12,18,0
38469,1100,13,22,1
38470,1100,14,25,0
38471,1100,15,32,1
38472,1100,16,22,1
38473,1100,17,14,1
38474,1100,18,8,0
38475,1100,19,36,1
38476,1100,20,19,1
38477,1100,21,57,2
38478,1100,22,10,0
38479,1100,23,34,2
38480,1100,24,39,1
38481,1100,25,6,0
38482,1100,26,42,2
38483,1100,27,21,0
38484,1100,28,45,3
38485,1100,29,21,0
38486,1100,30,37,2
38487,1100,31,12,0
38488,1100,32,21,0
38489,1100,33,26,1
38490,1100,34,66,0
38491,1100,35,36,1
38492,1101,1,27,1
38493,1101,2,50,1
38494,1101,3,49,1
38495,1101,4,28,2
38496,1101,5,22,0
38497,1101,6,31,0
38498,1101,7,40,2
38499,1101,8,18,0
38500,1101,9,11,0
38501,1101,10,13,1
38502,1101,11,21,1
38503,1101,12,45,2
38504,1101,13,27,1
38505,1101,14,69,2
38506,1101,15,31,0
38507,1101,16,30,1
38508,1101,17,33,0
38509,1101,18,106,4
38510,1101,19,28,0
38511,1101,20,23,1
38512,1101,21,34,2
38513,1101,22,47,1
38514,1101,23,64,1
38515,1101,24,31,2
38516,1101,25,53,1
38517,1101,26,63,3
38518,1101,27,27,1
38519,1101,28,25,1
38520,1101,29,56,1
38521,1101,30,39,1
38522,1101,31,36,2
38523,1101,32,12,0
38524,1101,33,25,1
38525,1101,34,37,0
38526,1101,35,34,1
38527,1102,1,15,0
38528,1102,2,17,0
38529,1102,3,33,1
38530,1102,4,20,1
38531,1102,5,16,0
38532,1102,6,32,1
38533,1102,7,18,1
38534,1102,8,15,1
38535,1102,9,10,0
38536,1102,10,37,2
38537,1102,11,5,0
38538,1102,12,19,0
38539,1102,13,27,1
38540,1102,14,17,1
38541,1102,15,32,1
38542,1102,16,13,0
38543,1102,17,23,1
38544,1102,18,35,2
38545,1102,19,24,0
38546,1102,20,29,1
38547,1102,21,38,2
38548,1102,22,18,1
38549,1102,23,24,1
38550,1102,24,18,0
38551,1102,25,22,0
38552,1102,26,6,0
38553,1102,27,33,1
38554,1102,28,19,1
38555,1102,29,31,1
38556,1102,30,27,2
38557,1102,31,23,1
38558,1102,32,30,0
38559,1102,33,13,0
38560,1102,34,41,1
38561,1102,35,29,1
38562,1103,1,24,1
38563,1103,2,24,1
38564,1103,3,22,0
38565,1103,4,4,0
38566,1103,5,14,0
38567,1103,6,11,1
38568,1103,7,35,1
38569,1103,8,14,1
38570,1103,9,30,1
38571,1103,10,31,1
38572,1103,11,20,1
38573,1103,12,39,0
38574,1103,13,41,1
38575,1103,14,19,1
38576,1103,15,32,1
38577,1103,16,14,1
38578,1103,17,13,0
38579,1103,18,21,1
38580,1103,19,26,1
38581,1103,20,32,2
38582,1103,21,14,0
38583,1103,22,22,1
38584,1103,23,9,0
38585,1103,24,27,1
38586,1103,25,13,0
38587,1103,26,27,1
38588,1103,27,25,1
38589,1103,28,14,1
38590,1103,29,24,1
38591,1103,30,34,1
38592,1103,31,10,0
38593,1103,32,20,0
38594,1103,33,5,0
38595,1103,34,33,1
38596,1103,35,17,1
38597,1104,1,26,1
38598,1104,2,47,2
38599,1104,3,26,0
38600,1104,4,17,1
38601,1104,5,23,1
38602,1104,6,34,2
38603,1104,7,13,1
38604,1104,8,23,0
38605,1104,9,26,1
38606,1104,10,44,1
38607,1104,11,47,2
38608,1104,12,28,0
38609,1104,13,45,2
38610,1104,14,20,1
38611,1104,15,38,1
38612,1104,16,22,1
38613,1104,17,26,1
38614,1104,18,16,0
38615,1104,19,43,2
38616,1104,20,38,1
38617,1104,21,27,1
38618,1104,22,24,0
38619,1104,23,35,2
38620,1104,24,30,1
38621,1104,25,21,0
38622,1104,26,32,2
38623,1104,27,18,0
38624,1104,28,19,1
38625,1104,29,15,1
38626,1104,30,38,1
38627,1104,31,6,0
38628,1104,32,50,2
38629,1104,33,28,1
38630,1104,34,14,0
38631,1104,35,33,1
38632,1105,1,23,1
38633,1105,2,36,1
38634,1105,3,66,4
38635,1105,4,41,1
38636,1105,5,48,3
38637,1105,6,23,1
38638,1105,7,37,2
38639,1105,8,49,2
38640,1105,9,58,2
38641,1105,10,46,2
38642,1105,11,33,0
38643,1105,12,47,2
38644,1105,13,58,3
38645,1105,14,14,0
38646,1105,15,56,3
38647,1105,16,15,0
38648,1105,17,25,0
38649,1105,18,43,2
38650,1105,19,35,2
38651,1105,20,38,0
38652,1105,21,47,1
38653,1105,22,20,1
38654,1105,23,45,3
38655,1105,24,31,0
38656,1105,25,35,2
38657,1105,26,59,3
38658,1105,27,34,1
38659,1105,28,23,1
38660,1105,29,21,1
38661,1105,30,17,0
38662,1105,31,21,0
38663,1105,32,22,0
38664,1105,33,33,1
38665,1105,34,36,1
38666,1105,35,23,1
38667,1106,1,26,1
38668,1106,2,10,0
38669,1106,3,20,1
38670,1106,4,24,1
38671,1106,5,22,1
38672,1106,6,39,1
38673,1106,7,39,2
38674,1106,8,29,0
38675,1106,9,22,1
38676,1106,10,48,1
38677,1106,11,30,1
38678,1106,12,21,1
38679,1106,13,40,1
38680,1106,14,27,1
38681,1106,15,30,1
38682,1106,16,12,0
38683,1106,17,27,1
38684,1106,18,19,1
38685,1106,19,63,3
38686,1106,20,18,1
38687,1106,21,32,0
38688,1106,22,27,1
38689,1106,23,20,0
38690,1106,24,36,0
38691,1106,25,19,1
38692,1106,26,35,2
38693,1106,27,14,0
38694,1106,28,23,1
38695,1106,29,26,1
38696,1106,30,11,0
38697,1106,31,23,1
38698,1106,32,18,0
38699,1106,33,42,1
38700,1106,34,47,2
38701,1106,35,21,1
38702,1107,1,27,1
38703,1107,2,12,0
38704,1107,3,9,0
38705,1107,4,16,0
38706,1107,5,28,0
38707,1107,6,22,1
38708,1107,7,12,0
38709,1107,8,19,0
38710,1107,9,30,1
38711,1107,10,22,0
38712,1107,11,36,0
38713,1107,12,17,1
38714,1107,13,25,1
38715,1107,14,14,1
38716,1107,15,21,1
38717,1107,16,31,2
38718,1107,17,19,1
38719,1107,18,13,0
38720,1107,19,31,0
38721,1107,20,19,1
38722,1107,21,29,1
38723,1107,22,29,0
38724,1107,23,6,0
38725,1107,24,22,1
38726,1107,25,40,2
38727,1107,26,36,2
38728,1107,27,14,1
38729,1107,28,27,1
38730,1107,29,11,0
38731,1107,30,10,0
38732,1107,31,24,0
38733,1107,32,11,0
38734,1107,33,17,1
38735,1107,34,20,0
38736,1107,35,20,1
38737,1108,1,42,1
38738,1108,2,14,1
38739,1108,3,17,0
38740,1108,4,60,4
38741,1108,5,49,1
38742,1108,6,77,2
38743,1108,7,27,1
38744,1108,8,17,1
38745,1108,9,15,1
38746,1108,10,26,0
38747,1108,11,35,1
38748,1108,12,25,1
38749,1108,13,27,1
38750,1108,14,38,0
38751,1108,15,43,2
38752,1108,16,40,1
38753,1108,17,25,1
38754,1108,18,33,1
38755,1108,19,50,3
38756,1108,20,23,1
38757,1108,21,37,1
38758,1108,22,17,1
38759,1108,23,12,1
38760,1108,24,27,0
38761,1108,25,29,1
38762,1108,26,34,2
38763,1108,27,22,0
38764,1108,28,35,1
38765,1108,29,28,1
38766,1108,30,6,0
38767,1108,31,23,1
38768,1108,32,28,2
38769,1108,33,16,0
38770,1108,34,28,0
38771,1108,35,51,1
38772,1109,1,18,1
38773,1109,2,37,0
38774,1109,3,20,1
38775,1109,4,21,1
38776,1109,5,29,0
38777,1109,6,26,1
38778,1109,7,17,1
38779,1109,8,32,1
38780,1109,9,30,2
38781,1109,10,56,2
38782,1109,11,10,0
38783,1109,12,22,1
38784,1109,13,40,1
38785,1109,14,62,1
38786,1109,15,49,1
38787,1109,16,22,1
38788,1109,17,16,1
38789,1109,18,26,0
38790,1109,19,27,1
38791,1109,20,32,0
38792,1109,21,12,1
38793,1109,22,32,0
38794,1109,23,11,0
38795,1109,24,15,0
38796,1109,25,17,1
38797,1109,26,24,1
38798,1109,27,34,1
38799,1109,28,51,0
38800,1109,29,44,1
38801,1109,30,41,0
38802,1109,31,31,1
38803,1109,32,25,1
38804,1109,33,17,1
38805,1109,34,32,2
38806,1109,35,63,1
38807,1110,1,15,1
38808,1110,2,10,0
38809,1110,3,49,2
38810,1110,4,10,0
38811,1110,5,10,0
38812,1110,6,29,0
38813,1110,7,31,1
38814,1110,8,20,1
38815,1110,9,21,0
38816,1110,10,18,0
38817,1110,11,28,1
38818,1110,12,11,1
38819,1110,13,18,1
38820,1110,14,14,0
38821,1110,15,30,1
38822,1110,16,20,1
38823,1110,17,41,1
38824,1110,18,16,1
38825,1110,19,31,2
38826,1110,20,18,1
38827,1110,21,18,1
38828,1110,22,10,0
38829,1110,23,26,0
38830,1110,24,12,0
38831,1110,25,50,2
38832,1110,26,8,0
38833,1110,27,19,1
38834,1110,28,9,0
38835,1110,29,19,0
38836,1110,30,24,1
38837,1110,31,20,0
38838,1110,32,14,1
38839,1110,33,11,0
38840,1110,34,34,1
38841,1110,35,32,1
38842,1111,1,19,0
38843,1111,2,45,1
38844,1111,3,11,0
38845,1111,4,17,0
38846,1111,5,27,0
38847,1111,6,10,0
38848,1111,7,29,1
38849,1111,8,13,1
38850,1111,9,17,0
38851,1111,10,29,1
38852,1111,11,47,1
38853,1111,12,11,0
38854,1111,13,13,0
38855,1111,14,26,1
38856,1111,15,13,0
38857,1111,16,42,1
38858,1111,17,16,1
38859,1111,18,19,1
38860,1111,19,19,1
38861,1111,20,8,0
38862,1111,21,38,1
38863,1111,22,8,0
38864,1111,23,8,0
38865,1111,24,26,1
38866,1111,25,29,1
38867,1111,26,28,0
38868,1111,27,15,0
38869,1111,28,30,1
38870,1111,29,16,1
38871,1111,30,15,0
38872,1111,31,12,0
38873,1111,32,27,1
38874,1111,33,5,0
38875,1111,34,20,0
38876,1111,35,23,1
38877,1112,1,29,0
38878,1112,2,24,0
38879,1112,3,34,1
38880,1112,4,16,1
38881,1112,5,4,0
38882,1112,6,31,1
38883,1112,7,40,2
38884,1112,8,22,0
38885,1112,9,20,0
38886,1112,10,22,1
38887,1112,11,15,0
38888,1112,12,18,1
38889,1112,13,31,2
38890,1112,14,30,1
38891,1112,15,23,1
38892,1112,16,31,2
38893,1112,17,28,1
38894,1112,18,23,1
38895,1112,19,51,2
38896,1112,20,39,1
38897,1112,21,22,0
38898,1112,22,38,2
38899,1112,23,35,2
38900,1112,24,22,0
38901,1112,25,25,1
38902,1112,26,30,1
38903,1112,27,16,0
38904,1112,28,18,0
38905,1112,29,32,1
38906,1112,30,24,0
38907,1112,31,19,0
38908,1112,32,49,1
38909,1112,33,60,2
38910,1112,34,20,0
38911,1112,35,66,2
38912,1113,1,21,1
38913,1113,2,28,1
38914,1113,3,31,1
38915,1113,4,36,1
38916,1113,5,28,1
38917,1113,6,31,1
38918,1113,7,53,3
38919,1113,8,22,1
38920,1113,9,39,1
38921,1113,10,27,1
38922,1113,11,34,1
38923,1113,12,14,0
38924,1113,13,47,2
38925,1113,14,25,1
38926,1113,15,45,1
38927,1113,16,46,2
38928,1113,17,27,2
38929,1113,18,29,1
38930,1113,19,21,1
38931,1113,20,15,0
38932,1113,21,27,1
38933,1113,22,25,1
38934,1113,23,32,1
38935,1113,24,27,2
38936,1113,25,17,1
38937,1113,26,27,1
38938,1113,27,49,1
38939,1113,28,23,1
38940,1113,29,13,0
38941,1113,30,18,0
38942,1113,31,62,3
38943,1113,32,20,1
38944,1113,33,29,1
38945,1113,34,22,0
38946,1113,35,27,1
38947,1114,1,23,1
38948,1114,2,25,1
38949,1114,3,17,0
38950,1114,4,32,1
38951,1114,5,15,0
38952,1114,6,8,0
38953,1114,7,25,1
38954,1114,8,21,1
38955,1114,9,29,0
38956,1114,10,8,0
38957,1114,11,16,0
38958,1114,12,27,0
38959,1114,13,5,0
38960,1114,14,13,1
38961,1114,15,29,0
38962,1114,16,24,1
38963,1114,17,15,0
38964,1114,18,23,0
38965,1114,19,19,1
38966,1114,20,22,1
38967,1114,21,51,2
38968,1114,22,21,1
38969,1114,23,21,1
38970,1114,24,12,1
38971,1114,25,10,0
38972,1114,26,24,1
38973,1114,27,18,1
38974,1114,28,29,1
38975,1114,29,19,0
38976,1114,30,15,1
38977,1114,31,10,1
38978,1114,32,13,0
38979,1114,33,16,0
38980,1114,34,20,1
38981,1114,35,47,2
38982,1115,1,15,1
38983,1115,2,19,1
38984,1115,3,25,1
38985,1115,4,15,1
38986,1115,5,18,0
38987,1115,6,23,1
38988,1115,7,23,1
38989,1115,8,16,1
38990,1115,9,22,1
38991,1115,10,17,1
38992,1115,11,31,1
38993,1115,12,15,1
38994,1115,13,10,0
38995,1115,14,29,1
38996,1115,15,6,0
38997,1115,16,8,0
38998,1115,17,20,0
38999,1115,18,8,0
39000,1115,19,22,1
39001,1115,20,23,0
39002,1115,21,10,0
39003,1115,22,36,2
39004,1115,23,14,1
39005,1115,24,13,0
39006,1115,25,27,1
39007,1115,26,4,0
39008,1115,27,22,1
39009,1115,28,20,1
39010,1115,29,25,0
39011,1115,30,20,0
39012,1115,31,26,1
39013,1115,32,28,1
39014,1115,33,18,1
39015,1115,34,31,2
39016,1115,35,31,0
39017,1116,1,66,2
39018,1116,2,22,1
39019,1116,3,24,1
39020,1116,4,16,1
39021,1116,5,35,0
39022,1116,6,32,1
39023,1116,7,41,1
39024,1116,8,46,3
39025,1116,9,10,0
39026,1116,10,35,1
39027,1116,11,20,0
39028,1116,12,50,1
39029,1116,13,33,0
39030,1116,14,23,0
39031,1116,15,22,1
39032,1116,16,25,1
39033,1116,17,15,0
39034,1116,18,13,1
39035,1116,19,13,0
39036,1116,20,11,0
39037,1116,21,27,0
39038,1116,22,18,0
39039,1116,23,20,0
39040,1116,24,60,2
39041,1116,25,22,1
39042,1116,26,19,0
39043,1116,27,24,0
39044,1116,28,48,2
39045,1116,29,11,0
39046,1116,30,18,0
39047,1116,31,15,0
39048,1116,32,30,1
39049,1116,33,18,0
39050,1116,34,17,0
39051,1116,35,17,0
39052,1117,1,3,0
39053,1117,2,20,1
39054,1117,3,9,0
39055,1117,4,28,1
39056,1117,5,13,1
39057,1117,6,19,0
39058,1117,7,12,0
39059,1117,8,17,1
39060,1117,9,35,2
39061,1117,10,20,1
39062,1117,11,11,0
39063,1117,12,14,0
39064,1117,13,17,1
39065,1117,14,39,1
39066,1117,15,10,0
39067,1117,16,9,0
39068,1117,17,27,2
39069,1117,18,37,2
39070,1117,19,14,0
39071,1117,20,25,1
39072,1117,21,16,1
39073,1117,22,22,1
39074,1117,23,23,1
39075,1117,24,13,0
39076,1117,25,13,1
39077,1117,26,33,1
39078,1117,27,19,1
39079,1117,28,19,1
39080,1117,29,15,1
39081,1117,30,17,0
39082,1117,31,23,1
39083,1117,32,4,0
39084,1117,33,27,1
39085,1117,34,17,1
39086,1117,35,22,1
39087,1118,1,24,0
39088,1118,2,11,0
39089,1118,3,24,1
39090,1118,4,5,0
39091,1118,5,20,0
39092,1118,6,9,0
39093,1118,7,12,0
39094,1118,8,20,1
39095,1118,9,18,1
39096,1118,10,11,1
39097,1118,11,11,0
39098,1118,12,19,0
39099,1118,13,16,0
39100,1118,14,27,0
39101,1118,15,11,1
39102,1118,16,15,0
39103,1118,17,14,1
39104,1118,18,10,1
39105,1118,19,25,1
39106,1118,20,15,1
39107,1118,21,15,1
39108,1118,22,6,0
39109,1118,23,16,0
39110,1118,24,19,0
39111,1118,25,14,1
39112,1118,26,15,1
39113,1118,27,16,1
39114,1118,28,6,0
39115,1118,29,16,0
39116,1118,30,4,0
39117,1118,31,12,1
39118,1118,32,29,0
39119,1118,33,16,0
39120,1118,34,9,0
39121,1118,35,14,0
39122,1119,1,5,0
39123,1119,2,22,0
39124,1119,3,18,0
39125,1119,4,6,0
39126,1119,5,7,0
39127,1119,6,23,1
39128,1119,7,12,0
39129,1119,8,9,0
39130,1119,9,8,0
39131,1119,10,10,0
39132,1119,11,15,0
39133,1119,12,14,0
39134,1119,13,13,0
39135,1119,14,15,0
39136,1119,15,7,0
39137,1119,16,18,0
39138,1119,17,15,1
39139,1119,18,22,1
39140,1119,19,28,1
39141,1119,20,17,1
39142,1119,21,21,1
39143,1119,22,16,0
39144,1119,23,14,0
39145,1119,24,14,0
39146,1119,25,3,0
39147,1119,26,18,1
39148,1119,27,19,0
39149,1119,28,13,1
39150,1119,29,8,0
39151,1119,30,7,0
39152,1119,31,12,0
39153,1119,32,8,0
39154,1119,33,11,1
39155,1119,34,21,1
39156,1119,35,10,0
39157,1120,1,38,1
39158,1120,2,19,0
39159,1120,3,29,1
39160,1120,4,12,0
39161,1120,5,27,0
39162,1120,6,10,0
39163,1120,7,6,0
39164,1120,8,41,0
39165,1120,9,13,0
39166,1120,10,15,1
39167,1120,11,24,1
39168,1120,12,14,1
39169,1120,13,23,0
39170,1120,14,11,0
39171,1120,15,18,0
39172,1120,16,8,0
39173,1120,17,19,0
39174,1120,18,12,0
39175,1120,19,14,0
39176,1120,20,12,0
39177,1120,21,14,1
39178,1120,22,46,2
39179,1120,23,15,1
39180,1120,24,10,1
39181,1120,25,11,0
39182,1120,26,7,0
39183,1120,27,26,1
39184,1120,28,16,1
39185,1120,29,11,0
39186,1120,30,20,0
39187,1120,31,14,1
39188,1120,32,9,0
39189,1120,33,21,0
39190,1120,34,28,0
39191,1120,35,10,0
39192,1121,1,15,1
39193,1121,2,23,1
39194,1121,3,22,1
39195,1121,4,13,0
39196,1121,5,18,0
39197,1121,6,32,1
39198,1121,7,13,0
39199,1121,8,36,2
39200,1121,9,24,1
39201,1121,10,41,1
39202,1121,11,22,1
39203,1121,12,35,1
39204,1121,13,9,0
39205,1121,14,14,1
39206,1121,15,22,1
39207,1121,16,22,1
39208,1121,17,13,1
39209,1121,18,27,0
39210,1121,19,28,2
39211,1121,20,18,1
39212,1121,21,23,1
39213,1121,22,6,0
39214,1121,23,30,1
39215,1121,24,22,1
39216,1121,25,12,1
39217,1121,26,30,1
39218,1121,27,15,1
39219,1121,28,39,2
39220,1121,29,21,1
39221,1121,30,17,0
39222,1121,31,7,0
39223,1121,32,44,1
39224,1121,33,50,1
39225,1121,34,46,2
39226,1121,35,22,1
39227,1122,1,13,1
39228,1122,2,17,1
39229,1122,3,19,1
39230,1122,4,15,0
39231,1122,5,16,0
39232,1122,6,22,1
39233,1122,7,8,0
39234,1122,8,21,1
39235,1122,9,16,0
39236,1122,10,11,1
39237,1122,11,29,1
39238,1122,12,5,0
39239,1122,13,20,1
39240,1122,14,20,1
39241,1122,15,16,1
39242,1122,16,7,0
39243,1122,17,16,0
39244,1122,18,9,0
39245,1122,19,28,1
39246,1122,20,17,1
39247,1122,21,18,1
39248,1122,22,16,1
39249,1122,23,31,2
39250,1122,24,8,0
39251,1122,25,20,1
39252,1122,26,8,0
39253,1122,27,14,1
39254,1122,28,15,1
39255,1122,29,10,0
39256,1122,30,29,1
39257,1122,31,11,1
39258,1122,32,12,0
39259,1122,33,14,1
39260,1122,34,10,0
39261,1122,35,20,1
39262,1123,1,26,1
39263,1123,2,11,1
39264,1123,3,6,0
39265,1123,4,20,1
39266,1123,5,13,1
39267,1123,6,17,0
39268,1123,7,35,2
39269,1123,8,11,0
39270,1123,9,11,0
39271,1123,10,11,1
39272,1123,11,8,0
39273,1123,12,8,0
39274,1123,13,17,0
39275,1123,14,6,0
39276,1123,15,13,0
39277,1123,16,15,0
39278,1123,17,8,0
39279,1123,18,14,1
39280,1123,19,4,0
39281,1123,20,13,1
39282,1123,21,9,0
39283,1123,22,11,0
39284,1123,23,13,1
39285,1123,24,16,1
39286,1123,25,17,0
39287,1123,26,10,0
39288,1123,27,15,0
39289,1123,28,6,0
39290,1123,29,11,0
39291,1123,30,7,0
39292,1123,31,12,0
39293,1123,32,9,0
39294,1123,33,4,0
39295,1123,34,10,0
39296,1123,35,7,0
39297,1124,1,34,2
39298,1124,2,36,2
39299,1124,3,15,0
39300,1124,4,11,0
39301,1124,5,33,2
39302,1124,6,28,0
39303,1124,7,12,0
39304,1124,8,12,1
39305,1124,9,8,0
39306,1124,10,11,0
39307,1124,11,13,1
39308,1124,12,36,1
39309,1124,13,27,0
39310,1124,14,18,0
39311,1124,15,25,1
39312,1124,16,20,0
39313,1124,17,14,1
39314,1124,18,21,1
39315,1124,19,10,0
39316,1124,20,7,0
39317,1124,21,20,1
39318,1124,22,26,1
39319,1124,23,23,0
39320,1124,24,13,0
39321,1124,25,19,1
39322,1124,26,20,1
39323,1124,27,17,0
39324,1124,28,10,0
39325,1124,29,32,1
39326,1124,30,15,0
39327,1124,31,14,1
39328,1124,32,21,1
39329,1124,33,16,1
39330,1124,34,17,0
39331,1124,35,21,1
39332,1125,1,20,1
39333,1125,2,34,1
39334,1125,3,12,0
39335,1125,4,43,2
39336,1125,5,24,0
39337,1125,6,17,1
39338,1125,7,44,2
39339,1125,8,14,1
39340,1125,9,37,2
39341,1125,10,12,1
39342,1125,11,13,0
39343,1125,12,34,1
39344,1125,13,29,1
39345,1125,14,11,1
39346,1125,15,20,1
39347,1125,16,51,3
39348,1125,17,13,1
39349,1125,18,29,1
39350,1125,19,18,1
39351,1125,20,28,0
39352,1125,21,17,0
39353,1125,22,23,1
39354,1125,23,48,1
39355,1125,24,19,0
39356,1125,25,34,1
39357,1125,26,18,1
39358,1125,27,10,1
39359,1125,28,16,1
39360,1125,29,29,1
39361,1125,30,46,0
39362,1125,31,28,1
39363,1125,32,18,1
39364,1125,33,38,2
39365,1125,34,14,0
39366,1125,35,42,2
39367,1126,1,9,0
39368,1126,2,4,0
39369,1126,3,21,1
39370,1126,4,19,0
39371,1126,5,12,0
39372,1126,6,19,1
39373,1126,7,14,1
39374,1126,8,20,1
39375,1126,9,7,0
39376,1126,10,14,0
39377,1126,11,17,1
39378,1126,12,24,1
39379,1126,13,26,1
39380,1126,14,20,1
39381,1126,15,10,0
39382,1126,16,16,1
39383,1126,17,37,1
39384,1126,18,24,1
39385,1126,19,9,0
39386,1126,20,21,1
39387,1126,21,10,0
39388,1126,22,3,0
39389,1126,23,6,0
39390,1126,24,6,0
39391,1126,25,10,0
39392,1126,26,6,0
39393,1126,27,14,0
39394,1126,28,12,0
39395,1126,29,21,0
39396,1126,30,25,0
39397,1126,31,23,1
39398,1126,32,18,1
39399,1126,33,17,0
39400,1126,34,18,1
39401,1126,35,21,0
39402,1127,1,26,1
39403,1127,2,6,0
39404,1127,3,6,0
39405,1127,4,9,0
39406,1127,5,16,1
39407,1127,6,11,0
39408,1127,7,18,1
39409,1127,8,5,0
39410,1127,9,5,0
39411,1127,10,17,1
39412,1127,11,21,0
39413,1127,12,6,0
39414,1127,13,12,0
39415,1127,14,12,0
39416,1127,15,12,0
39417,1127,16,6,0
39418,1127,17,12,1
39419,1127,18,23,0
39420,1127,19,14,0
39421,1127,20,30,2
39422,1127,21,9,0
39423,1127,22,19,1
39424,1127,23,11,0
39425,1127,24,9,0
39426,1127,25,4,0
39427,1127,26,8,0
39428,1127,27,10,0
39429,1127,28,13,0
39430,1127,29,13,0
39431,1127,30,9,0
39432,1127,31,8,0
39433,1127,32,9,0
39434,1127,33,10,1
39435,1127,34,16,0
39436,1127,35,8,0
39437,1128,1,19,0
39438,1128,2,23,1
39439,1128,3,7,0
39440,1128,4,32,1
39441,1128,5,16,1
39442,1128,6,20,1
39443,1128,7,10,0
39444,1128,8,11,0
39445,1128,9,14,1
39446,1128,10,19,1
39447,1128,11,21,1
39448,1128,12,41,1
39449,1128,13,13,1
39450,1128,14,16,1
39451,1128,15,25,1
39452,1128,16,9,0
39453,1128,17,25,1
39454,1128,18,37,1
39455,1128,19,13,0
39456,1128,20,17,1
39457,1128,21,13,0
39458,1128,22,10,0
39459,1128,23,14,1
39460,1128,24,19,1
39461,1128,25,54,2
39462,1128,26,29,1
39463,1128,27,28,0
39464,1128,28,29,2
39465,1128,29,19,1
39466,1128,30,12,0
39467,1128,31,12,0
39468,1128,32,24,1
39469,1128,33,27,1
39470,1128,34,24,1
39471,1128,35,18,1
39472,1129,1,24,1
39473,1129,2,19,1
39474,1129,3,26,1
39475,1129,4,23,1
39476,1129,5,9,0
39477,1129,6,36,1
39478,1129,7,30,2
39479,1129,8,78,1
39480,1129,9,12,1
39481,1129,10,17,0
39482,1129,11,36,2
39483,1129,12,8,0
39484,1129,13,37,2
39485,1129,14,23,0
39486,1129,15,27,1
39487,1129,16,40,1
39488,1129,17,22,1
39489,1129,18,19,1
39490,1129,19,28,0
39491,1129,20,39,1
39492,1129,21,27,1
39493,1129,22,27,1
39494,1129,23,35,1
39495,1129,24,30,2
39496,1129,25,42,0
39497,1129,26,22,1
39498,1129,27,24,1
39499,1129,28,17,0
39500,1129,29,18,1
39501,1129,30,24,0
39502,1129,31,23,1
39503,1129,32,26,0
39504,1129,33,27,1
39505,1129,34,11,0
39506,1129,35,33,0
39507,1130,1,6,0
39508,1130,2,15,0
39509,1130,3,13,1
39510,1130,4,19,0
39511,1130,5,18,1
39512,1130,6,17,1
39513,1130,7,28,1
39514,1130,8,16,1
39515,1130,9,34,0
39516,1130,10,16,0
39517,1130,11,38,0
39518,1130,12,19,1
39519,1130,13,13,0
39520,1130,14,10,1
39521,1130,15,22,1
39522,1130,16,21,0
39523,1130,17,20,1
39524,1130,18,14,0
39525,1130,19,43,0
39526,1130,20,7,0
39527,1130,21,15,0
39528,1130,22,16,0
39529,1130,23,14,1
39530,1130,24,22,1
39531,1130,25,20,1
39532,1130,26,7,0
39533,1130,27,29,1
39534,1130,28,9,0
39535,1130,29,14,1
39536,1130,30,20,0
39537,1130,31,7,0
39538,1130,32,18,1
39539,1130,33,25,0
39540,1130,34,18,0
39541,1130,35,28,1
39542,1131,1,9,0
39543,1131,2,6,0
39544,1131,3,14,1
39545,1131,4,16,0
39546,1131,5,22,1
39547,1131,6,28,1
39548,1131,7,11,0
39549,1131,8,16,0
39550,1131,9,18,1
39551,1131,10,17,1
39552,1131,11,29,1
39553,1131,12,11,0
39554,1131,13,10,0
39555,1131,14,22,0
39556,1131,15,12,0
39557,1131,16,21,0
39558,1131,17,11,1
39559,1131,18,25,1
39560,1131,19,14,0
39561,1131,20,25,1
39562,1131,21,12,0
39563,1131,22,20,0
39564,1131,23,7,0
39565,1131,24,17,1
39566,1131,25,23,1
39567,1131,26,23,1
39568,1131,27,20,1
39569,1131,28,10,0
39570,1131,29,5,0
39571,1131,30,6,0
39572,1131,31,13,1
39573,1131,32,29,1
39574,1131,33,25,1
39575,1131,34,16,0
39576,1131,35,12,0
39577,1132,1,25,1
39578,1132,2,17,0
39579,1132,3,24,1
39580,1132,4,21,1
39581,1132,5,22,1
39582,1132,6,15,0
39583,1132,7,48,1
39584,1132,8,24,1
39585,1132,9,13,0
39586,1132,10,13,0
39587,1132,11,18,1
39588,1132,12,12,0
39589,1132,13,40,1
39590,1132,14,13,0
39591,1132,15,24,1
39592,1132,16,18,0
39593,1132,17,21,1
39594,1132,18,23,1
39595,1132,19,35,1
39596,1132,20,31,1
39597,1132,21,12,0
39598,1132,22,22,1
39599,1132,23,24,1
39600,1132,24,9,0
39601,1132,25,42,1
39602,1132,26,23,1
39603,1132,27,18,1
39604,1132,28,16,1
39605,1132,29,42,2
39606,1132,30,27,1
39607,1132,31,26,1
39608,1132,32,11,0
39609,1132,33,8,0
39610,1132,34,11,1
39611,1132,35,24,0
39612,1133,1,17,0
39613,1133,2,34,1
39614,1133,3,36,0
39615,1133,4,26,0
39616,1133,5,27,0
39617,1133,6,34,0
39618,1133,7,21,0
39619,1133,8,21,1
39620,1133,9,31,1
39621,1133,10,27,1
39622,1133,11,33,1
39623,1133,12,25,1
39624,1133,13,29,2
39625,1133,14,25,1
39626,1133,15,42,1
39627,1133,16,56,1
39628,1133,17,31,0
39629,1133,18,36,1
39630,1133,19,15,0
39631,1133,20,44,2
39632,1133,21,33,1
39633,1133,22,50,2
39634,1133,23,32,2
39635,1133,24,17,0
39636,1133,25,29,1
39637,1133,26,42,2
39638,1133,27,26,0
39639,1133,28,30,1
39640,1133,29,10,0
39641,1133,30,60,0
39642,1133,31,49,1
39643,1133,32,22,1
39644,1133,33,47,3
39645,1133,34,24,1
39646,1133,35,22,0
39647,1134,1,26,0
39648,1134,2,12,1
39649,1134,3,12,1
39650,1134,4,15,1
39651,1134,5,14,0
39652,1134,6,10,0
39653,1134,7,9,0
39654,1134,8,7,0
39655,1134,9,20,1
39656,1134,10,32,2
39657,1134,11,11,1
39658,1134,12,17,1
39659,1134,13,7,0
39660,1134,14,14,0
39661,1134,15,13,1
39662,1134,16,32,1
39663,1134,17,11,0
39664,1134,18,21,1
39665,1134,19,13,0
39666,1134,20,9,0
39667,1134,21,16,0
39668,1134,22,26,1
39669,1134,23,8,0
39670,1134,24,10,0
39671,1134,25,34,1
39672,1134,26,16,0
39673,1134,27,7,0
39674,1134,28,21,1
39675,1134,29,29,1
39676,1134,30,7,0
39677,1134,31,11,1
39678,1134,32,15,0
39679,1134,33,23,1
39680,1134,34,11,0
39681,1134,35,20,1
39682,1135,1,10,0
39683,1135,2,11,0
39684,1135,3,14,1
39685,1135,4,16,1
39686,1135,5,16,1
39687,1135,6,18,0
39688,1135,7,11,0
39689,1135,8,9,0
39690,1135,9,16,1
39691,1135,10,14,0
39692,1135,11,18,0
39693,1135,12,9,0
39694,1135,13,24,1
39695,1135,14,14,1
39696,1135,15,9,0
39697,1135,16,13,0
39698,1135,17,21,1
39699,1135,18,37,1
39700,1135,19,20,0
39701,1135,20,3,0
39702,1135,21,11,1
39703,1135,22,5,0
39704,1135,23,18,1
39705,1135,24,14,1
39706,1135,25,12,0
39707,1135,26,13,0
39708,1135,27,17,1
39709,1135,28,22,1
39710,1135,29,32,2
39711,1135,30,32,2
39712,1135,31,17,1
39713,1135,32,11,0
39714,1135,33,15,1
39715,1135,34,10,1
39716,1135,35,15,1
39717,1136,1,21,1
39718,1136,2,30,1
39719,1136,3,15,0
39720,1136,4,15,1
39721,1136,5,15,1
39722,1136,6,9,0
39723,1136,7,35,2
39724,1136,8,21,0
39725,1136,9,12,0
39726,1136,10,20,1
39727,1136,11,14,1
39728,1136,12,12,1
39729,1136,13,12,0
39730,1136,14,30,1
39731,1136,15,28,1
39732,1136,16,21,1
39733,1136,17,20,1
39734,1136,18,14,1
39735,1136,19,23,1
39736,1136,20,10,0
39737,1136,21,20,0
39738,1136,22,17,1
39739,1136,23,15,1
39740,1136,24,13,0
39741,1136,25,49,1
39742,1136,26,18,1
39743,1136,27,16,0
39744,1136,28,23,0
39745,1136,29,25,1
39746,1136,30,31,0
39747,1136,31,37,2
39748,1136,32,20,1
39749,1136,33,27,1
39750,1136,34,35,2
39751,1136,35,17,0
39752,1137,1,31,2
39753,1137,2,50,3
39754,1137,3,14,0
39755,1137,4,31,2
39756,1137,5,18,1
39757,1137,6,34,1
39758,1137,7,25,0
39759,1137,8,65,3
39760,1137,9,30,2
39761,1137,10,23,0
39762,1137,11,26,1
39763,1137,12,21,1
39764,1137,13,15,1
39765,1137,14,34,2
39766,1137,15,23,1
39767,1137,16,24,0
39768,1137,17,23,1
39769,1137,18,44,2
39770,1137,19,43,1
39771,1137,20,80,1
39772,1137,21,26,0
39773,1137,22,17,1
39774,1137,23,12,1
39775,1137,24,34,0
39776,1137,25,34,1
39777,1137,26,30,2
39778,1137,27,10,0
39779,1137,28,17,0
39780,1137,29,18,1
39781,1137,30,12,0
39782,1137,31,45,1
39783,1137,32,63,2
39784,1137,33,22,1
39785,1137,34,56,2
39786,1137,35,28,1
39787,1138,1,26,1
39788,1138,2,25,1
39789,1138,3,33,2
39790,1138,4,41,2
39791,1138,5,12,0
39792,1138,6,18,1
39793,1138,7,21,1
39794,1138,8,39,0
39795,1138,9,35,1
39796,1138,10,12,1
39797,1138,11,20,1
39798,1138,12,35,2
39799,1138,13,14,0
39800,1138,14,16,1
39801,1138,15,17,0
39802,1138,16,19,0
39803,1138,17,59,3
39804,1138,18,7,0
39805,1138,19,15,1
39806,1138,20,30,1
39807,1138,21,10,1
39808,1138,22,18,0
39809,1138,23,19,0
39810,1138,24,22,1
39811,1138,25,58,2
39812,1138,26,16,1
39813,1138,27,9,0
39814,1138,28,29,1
39815,1138,29,21,1
39816,1138,30,31,1
39817,1138,31,26,1
39818,1138,32,10,0
39819,1138,33,27,1
39820,1138,34,20,1
39821,1138,35,24,0
39822,1139,1,11,1
39823,1139,2,6,0
39824,1139,3,19,1
39825,1139,4,11,0
39826,1139,5,19,1
39827,1139,6,16,1
39828,1139,7,23,1
39829,1139,8,20,0
39830,1139,9,7,0
39831,1139,10,17,1
39832,1139,11,17,0
39833,1139,12,26,0
39834,1139,13,15,0
39835,1139,14,25,0
39836,1139,15,20,0
39837,1139,16,51,1
39838,1139,17,16,1
39839,1139,18,16,1
39840,1139,19,18,0
39841,1139,20,31,2
39842,1139,21,19,1
39843,1139,22,31,1
39844,1139,23,19,0
39845,1139,24,7,0
39846,1139,25,6,0
39847,1139,26,21,0
39848,1139,27,12,1
39849,1139,28,19,0
39850,1139,29,35,0
39851,1139,30,15,0
39852,1139,31,23,0
39853,1139,32,27,1
39854,1139,33,35,2
39855,1139,34,19,1
39856,1139,35,3,0
39857,1140,1,34,1
39858,1140,2,24,1
39859,1140,3,43,1
39860,1140,4,42,2
39861,1140,5,38,1
39862,1140,6,23,1
39863,1140,7,15,1
39864,1140,8,13,1
39865,1140,9,27,1
39866,1140,10,15,1
39867,1140,11,12,1
39868,1140,12,30,0
39869,1140,13,33,1
39870,1140,14,12,0
39871,1140,15,21,1
39872,1140,16,7,0
39873,1140,17,35,2
39874,1140,18,24,1
39875,1140,19,36,2
39876,1140,20,38,2
39877,1140,21,26,1
39878,1140,22,21,1
39879,1140,23,19,1
39880,1140,24,28,1
39881,1140,25,31,1
39882,1140,26,47,1
39883,1140,27,17,0
39884,1140,28,38,1
39885,1140,29,23,1
39886,1140,30,17,0
39887,1140,31,26,1
39888,1140,32,22,1
39889,1140,33,21,1
39890,1140,34,24,0
39891,1140,35,22,1
39892,1141,1,26,1
39893,1141,2,57,3
39894,1141,3,15,0
39895,1141,4,51,2
39896,1141,5,23,1
39897,1141,6,10,0
39898,1141,7,31,1
39899,1141,8,24,0
39900,1141,9,21,1
39901,1141,10,39,2
39902,1141,11,24,0
39903,1141,12,36,1
39904,1141,13,20,1
39905,1141,14,22,1
39906,1141,15,18,0
39907,1141,16,50,2
39908,1141,17,41,2
39909,1141,18,34,1
39910,1141,19,34,1
39911,1141,20,39,0
39912,1141,21,55,2
39913,1141,22,28,1
39914,1141,23,38,1
39915,1141,24,25,0
39916,1141,25,41,1
39917,1141,26,39,1
39918,1141,27,12,1
39919,1141,28,25,0
39920,1141,29,35,2
39921,1141,30,20,0
39922,1141,31,19,1
39923,1141,32,17,0
39924,1141,33,27,1
39925,1141,34,12,0
39926,1141,35,35,2
39927,1142,1,18,0
39928,1142,2,26,1
39929,1142,3,12,0
39930,1142,4,5,0
39931,1142,5,12,0
39932,1142,6,19,0
39933,1142,7,27,1
39934,1142,8,14,0
39935,1142,9,25,1
39936,1142,10,9,0
39937,1142,11,28,1
39938,1142,12,11,0
39939,1142,13,17,1
39940,1142,14,17,1
39941,1142,15,26,1
39942,1142,16,5,0
39943,1142,17,13,0
39944,1142,18,20,1
39945,1142,19,23,1
39946,1142,20,17,1
39947,1142,21,43,2
39948,1142,22,18,1
39949,1142,23,17,0
39950,1142,24,21,0
39951,1142,25,23,0
39952,1142,26,22,0
39953,1142,27,23,1
39954,1142,28,27,2
39955,1142,29,18,1
39956,1142,30,27,0
39957,1142,31,55,2
39958,1142,32,33,0
39959,1142,33,34,1
39960,1142,34,10,1
39961,1142,35,26,2
39962,1143,1,25,1
39963,1143,2,19,1
39964,1143,3,10,0
39965,1143,4,9,0
39966,1143,5,53,2
39967,1143,6,34,1
39968,1143,7,12,0
39969,1143,8,34,2
39970,1143,9,9,0
39971,1143,10,31,1
39972,1143,11,11,0
39973,1143,12,14,1
39974,1143,13,19,1
39975,1143,14,18,1
39976,1143,15,13,0
39977,1143,16,12,0
39978,1143,17,12,0
39979,1143,18,12,1
39980,1143,19,10,1
39981,1143,20,21,1
39982,1143,21,45,2
39983,1143,22,21,1
39984,1143,23,13,1
39985,1143,24,11,1
39986,1143,25,11,0
39987,1143,26,22,0
39988,1143,27,24,0
39989,1143,28,27,1
39990,1143,29,12,1
39991,1143,30,32,1
39992,1143,31,17,0
39993,1143,32,19,1
39994,1143,33,11,0
39995,1143,34,14,0
39996,1143,35,22,0
39997,1144,1,11,0
39998,1144,2,52,1
39999,1144,3,31,2
40000,1144,4,21,1
40001,1144,5,17,1
40002,1144,6,25,1
40003,1144,7,33,1
40004,1144,8,22,1
40005,1144,9,27,2
40006,1144,10,29,2
40007,1144,11,49,0
40008,1144,12,22,1
40009,1144,13,14,0
40010,1144,14,20,1
40011,1144,15,30,1
40012,1144,16,16,1
40013,1144,17,17,1
40014,1144,18,37,1
40015,1144,19,26,1
40016,1144,20,23,1
40017,1144,21,6,0
40018,1144,22,17,1
40019,1144,23,21,0
40020,1144,24,13,1
40021,1144,25,42,2
40022,1144,26,22,1
40023,1144,27,16,0
40024,1144,28,18,1
40025,1144,29,27,1
40026,1144,30,18,1
40027,1144,31,12,1
40028,1144,32,12,1
40029,1144,33,30,1
40030,1144,34,22,0
40031,1144,35,26,0
40032,1145,1,30,2
40033,1145,2,13,0
40034,1145,3,13,0
40035,1145,4,25,1
40036,1145,5,17,1
40037,1145,6,32,2
40038,1145,7,34,1
40039,1145,8,11,1
40040,1145,9,3,0
40041,1145,10,22,1
40042,1145,11,22,1
40043,1145,12,27,1
40044,1145,13,15,1
40045,1145,14,22,1
40046,1145,15,16,1
40047,1145,16,23,1
40048,1145,17,5,0
40049,1145,18,13,0
40050,1145,19,21,1
40051,1145,20,17,0
40052,1145,21,14,1
40053,1145,22,13,0
40054,1145,23,17,1
40055,1145,24,23,1
40056,1145,25,19,1
40057,1145,26,36,1
40058,1145,27,12,1
40059,1145,28,14,1
40060,1145,29,17,1
40061,1145,30,19,1
40062,1145,31,24,1
40063,1145,32,15,1
40064,1145,33,16,0
40065,1145,34,7,0
40066,1145,35,26,1
40067,1146,1,10,0
40068,1146,2,4,0
40069,1146,3,13,1
40070,1146,4,26,1
40071,1146,5,18,0
40072,1146,6,14,0
40073,1146,7,9,0
40074,1146,8,7,0
40075,1146,9,6,0
40076,1146,10,9,0
40077,1146,11,33,1
40078,1146,12,18,0
40079,1146,13,22,1
40080,1146,14,11,0
40081,1146,15,13,0
40082,1146,16,20,1
40083,1146,17,29,1
40084,1146,18,10,0
40085,1146,19,21,1
40086,1146,20,7,0
40087,1146,21,9,0
40088,1146,22,27,1
40089,1146,23,18,0
40090,1146,24,25,1
40091,1146,25,15,1
40092,1146,26,15,1
40093,1146,27,8,0
40094,1146,28,8,0
40095,1146,29,28,1
40096,1146,30,9,0
40097,1146,31,8,0
40098,1146,32,11,0
40099,1146,33,4,0
40100,1146,34,25,1
40101,1146,35,9,0
40102,1147,1,20,1
40103,1147,2,21,1
40104,1147,3,19,1
40105,1147,4,25,1
40106,1147,5,8,0
40107,1147,6,8,0
40108,1147,7,13,1
40109,1147,8,18,1
40110,1147,9,20,0
40111,1147,10,11,0
40112,1147,11,4,0
40113,1147,12,16,1
40114,1147,13,3,0
40115,1147,14,14,0
40116,1147,15,3,0
40117,1147,16,13,0
40118,1147,17,14,0
40119,1147,18,28,0
40120,1147,19,8,0
40121,1147,20,10,0
40122,1147,21,12,1
40123,1147,22,10,0
40124,1147,23,12,1
40125,1147,24,16,1
40126,1147,25,6,0
40127,1147,26,19,0
40128,1147,27,11,0
40129,1147,28,14,0
40130,1147,29,19,1
40131,1147,30,15,1
40132,1147,31,15,0
40133,1147,32,12,1
40134,1147,33,9,0
40135,1147,34,23,0
40136,1147,35,16,0
40137,1148,1,36,2
40138,1148,2,13,0
40139,1148,3,11,0
40140,1148,4,41,0
40141,1148,5,28,0
40142,1148,6,24,1
40143,1148,7,37,1
40144,1148,8,24,0
40145,1148,9,9,0
40146,1148,10,26,0
40147,1148,11,27,0
40148,1148,12,8,0
40149,1148,13,20,0
40150,1148,14,19,0
40151,1148,15,7,0
40152,1148,16,24,1
40153,1148,17,19,0
40154,1148,18,16,1
40155,1148,19,26,1
40156,1148,20,14,0
40157,1148,21,12,0
40158,1148,22,30,1
40159,1148,23,33,1
40160,1148,24,27,1
40161,1148,25,28,1
40162,1148,26,14,0
40163,1148,27,31,0
40164,1148,28,20,1
40165,1148,29,9,0
40166,1148,30,8,0
40167,1148,31,35,0
40168,1148,32,22,0
40169,1148,33,25,1
40170,1148,34,7,0
40171,1148,35,28,0
40172,1149,1,27,0
40173,1149,2,15,0
40174,1149,3,28,1
40175,1149,4,13,1
40176,1149,5,25,1
40177,1149,6,31,2
40178,1149,7,50,2
40179,1149,8,18,0
40180,1149,9,13,0
40181,1149,10,36,2
40182,1149,11,32,1
40183,1149,12,46,2
40184,1149,13,37,1
40185,1149,14,24,1
40186,1149,15,14,1
40187,1149,16,9,0
40188,1149,17,51,0
40189,1149,18,32,1
40190,1149,19,15,0
40191,1149,20,16,1
40192,1149,21,14,1
40193,1149,22,18,0
40194,1149,23,24,1
40195,1149,24,21,1
40196,1149,25,13,1
40197,1149,26,22,0
40198,1149,27,19,1
40199,1149,28,47,2
40200,1149,29,10,1
40201,1149,30,12,0
40202,1149,31,18,1
40203,1149,32,32,2
40204,1149,33,25,1
40205,1149,34,30,0
40206,1149,35,20,1
40207,1150,1,6,0
40208,1150,2,4,0
40209,1150,3,16,0
40210,1150,4,16,1
40211,1150,5,8,0
40212,1150,6,23,1
40213,1150,7,14,0
40214,1150,8,9,0
40215,1150,9,9,0
40216,1150,10,14,0
40217,1150,11,4,0
40218,1150,12,13,0
40219,1150,13,15,1
40220,1150,14,10,0
40221,1150,15,10,0
40222,1150,16,19,1
40223,1150,17,18,0
40224,1150,18,19,1
40225,1150,19,10,0
40226,1150,20,24,1
40227,1150,21,9,0
40228,1150,22,23,1
40229,1150,23,16,1
40230,1150,24,7,0
40231,1150,25,16,1
40232,1150,26,7,0
40233,1150,27,34,1
40234,1150,28,20,0
40235,1150,29,13,0
40236,1150,30,11,1
40237,1150,31,11,1
40238,1150,32,15,0
40239,1150,33,13,0
40240,1150,34,28,1
40241,1150,35,11,0
40242,1151,1,9,0
40243,1151,2,8,0
40244,1151,3,12,0
40245,1151,4,7,0
40246,1151,5,7,0
40247,1151,6,15,1
40248,1151,7,18,1
40249,1151,8,6,0
40250,1151,9,10,1
40251,1151,10,10,0
40252,1151,11,13,0
40253,1151,12,11,0
40254,1151,13,7,0
40255,1151,14,15,0
40256,1151,15,21,1
40257,1151,16,7,0
40258,1151,17,7,0
40259,1151,18,13,1
40260,1151,19,8,0
40261,1151,20,8,0
40262,1151,21,13,1
40263,1151,22,7,0
40264,1151,23,22,1
40265,1151,24,14,0
40266,1151,25,12,0
40267,1151,26,15,0
40268,1151,27,10,0
40269,1151,28,9,0
40270,1151,29,9,0
40271,1151,30,9,0
40272,1151,31,15,1
40273,1151,32,7,0
40274,1151,33,14,0
40275,1151,34,7,0
40276,1151,35,4,0
40277,1152,1,12,0
40278,1152,2,17,1
40279,1152,3,9,0
40280,1152,4,33,1
40281,1152,5,23,0
40282,1152,6,7,0
40283,1152,7,12,0
40284,1152,8,30,1
40285,1152,9,24,1
40286,1152,10,25,1
40287,1152,11,12,1
40288,1152,12,19,1
40289,1152,13,4,0
40290,1152,14,21,1
40291,1152,15,23,1
40292,1152,16,25,1
40293,1152,17,17,0
40294,1152,18,12,0
40295,1152,19,15,1
40296,1152,20,21,0
40297,1152,21,16,1
40298,1152,22,16,1
40299,1152,23,45,1
40300,1152,24,14,1
40301,1152,25,9,0
40302,1152,26,15,1
40303,1152,27,27,0
40304,1152,28,17,0
40305,1152,29,13,0
40306,1152,30,13,1
40307,1152,31,15,1
40308,1152,32,24,0
40309,1152,33,34,1
40310,1152,34,25,1
40311,1152,35,19,0
40312,1153,1,11,0
40313,1153,2,33,1
40314,1153,3,22,1
40315,1153,4,9,0
40316,1153,5,8,0
40317,1153,6,21,0
40318,1153,7,21,1
40319,1153,8,39,1
40320,1153,9,15,0
40321,1153,10,28,1
40322,1153,11,20,1
40323,1153,12,29,1
40324,1153,13,40,1
40325,1153,14,26,1
40326,1153,15,17,1
40327,1153,16,8,0
40328,1153,17,31,0
40329,1153,18,10,0
40330,1153,19,26,1
40331,1153,20,11,1
40332,1153,21,17,1
40333,1153,22,23,1
40334,1153,23,29,1
40335,1153,24,26,1
40336,1153,25,44,1
40337,1153,26,36,2
40338,1153,27,37,1
40339,1153,28,21,1
40340,1153,29,40,1
40341,1153,30,17,0
40342,1153,31,49,1
40343,1153,32,25,1
40344,1153,33,42,2
40345,1153,34,16,0
40346,1153,35,16,1
40347,1154,1,17,1
40348,1154,2,19,0
40349,1154,3,40,1
40350,1154,4,23,0
40351,1154,5,11,0
40352,1154,6,20,1
40353,1154,7,28,1
40354,1154,8,15,0
40355,1154,9,10,0
40356,1154,10,23,1
40357,1154,11,13,1
40358,1154,12,23,1
40359,1154,13,6,0
40360,1154,14,19,0
40361,1154,15,12,0
40362,1154,16,36,2
40363,1154,17,18,0
40364,1154,18,16,0
40365,1154,19,33,1
40366,1154,20,39,2
40367,1154,21,15,1
40368,1154,22,10,0
40369,1154,23,41,2
40370,1154,24,24,1
40371,1154,25,19,1
40372,1154,26,12,1
40373,1154,27,22,1
40374,1154,28,18,1
40375,1154,29,8,0
40376,1154,30,23,1
40377,1154,31,12,0
40378,1154,32,13,1
40379,1154,33,13,0
40380,1154,34,36,1
40381,1154,35,14,1
40382,1155,1,12,0
40383,1155,2,7,0
40384,1155,3,11,1
40385,1155,4,17,1
40386,1155,5,12,1
40387,1155,6,22,1
40388,1155,7,12,0
40389,1155,8,30,2
40390,1155,9,11,1
40391,1155,10,36,1
40392,1155,11,15,0
40393,1155,12,13,1
40394,1155,13,13,1
40395,1155,14,9,0
40396,1155,15,7,0
40397,1155,16,6,0
40398,1155,17,3,0
40399,1155,18,22,1
40400,1155,19,7,0
40401,1155,20,34,1
40402,1155,21,7,0
40403,1155,22,20,0
40404,1155,23,14,1
40405,1155,24,7,0
40406,1155,25,11,0
40407,1155,26,16,0
40408,1155,27,13,1
40409,1155,28,9,0
40410,1155,29,17,0
40411,1155,30,11,0
40412,1155,31,15,0
40413,1155,32,14,1
40414,1155,33,9,0
40415,1155,34,6,0
40416,1155,35,8,0
40417,1156,1,41,1
40418,1156,2,17,1
40419,1156,3,30,1
40420,1156,4,18,1
40421,1156,5,18,0
40422,1156,6,50,3
40423,1156,7,25,0
40424,1156,8,18,0
40425,1156,9,14,1
40426,1156,10,11,0
40427,1156,11,10,1
40428,1156,12,16,0
40429,1156,13,37,1
40430,1156,14,30,1
40431,1156,15,37,2
40432,1156,16,32,1
40433,1156,17,25,1
40434,1156,18,20,1
40435,1156,19,25,1
40436,1156,20,13,0
40437,1156,21,24,0
40438,1156,22,8,0
40439,1156,23,26,1
40440,1156,24,26,0
40441,1156,25,18,0
40442,1156,26,14,0
40443,1156,27,12,0
40444,1156,28,44,1
40445,1156,29,26,1
40446,1156,30,6,0
40447,1156,31,22,1
40448,1156,32,21,1
40449,1156,33,19,0
40450,1156,34,23,1
40451,1156,35,30,2
40452,1157,1,20,0
40453,1157,2,11,1
40454,1157,3,35,1
40455,1157,4,56,1
40456,1157,5,16,0
40457,1157,6,24,1
40458,1157,7,25,0
40459,1157,8,13,1
40460,1157,9,35,2
40461,1157,10,15,1
40462,1157,11,38,1
40463,1157,12,23,0
40464,1157,13,35,2
40465,1157,14,43,1
40466,1157,15,25,1
40467,1157,16,27,0
40468,1157,17,30,1
40469,1157,18,19,0
40470,1157,19,20,1
40471,1157,20,13,1
40472,1157,21,34,2
40473,1157,22,6,0
40474,1157,23,44,1
40475,1157,24,25,1
40476,1157,25,18,0
40477,1157,26,26,0
40478,1157,27,16,1
40479,1157,28,38,1
40480,1157,29,35,1
40481,1157,30,24,0
40482,1157,31,35,2
40483,1157,32,16,1
40484,1157,33,15,1
40485,1157,34,22,1
40486,1157,35,36,1
40487,1158,1,26,1
40488,1158,2,8,0
40489,1158,3,15,0
40490,1158,4,16,1
40491,1158,5,11,0
40492,1158,6,29,1
40493,1158,7,13,0
40494,1158,8,19,1
40495,1158,9,14,1
40496,1158,10,11,0
40497,1158,11,11,0
40498,1158,12,17,1
40499,1158,13,41,1
40500,1158,14,23,0
40501,1158,15,18,0
40502,1158,16,26,1
40503,1158,17,12,0
40504,1158,18,19,1
40505,1158,19,19,0
40506,1158,20,9,1
40507,1158,21,29,0
40508,1158,22,3,0
40509,1158,23,11,0
40510,1158,24,9,0
40511,1158,25,10,0
40512,1158,26,9,0
40513,1158,27,33,0
40514,1158,28,17,0
40515,1158,29,15,1
40516,1158,30,10,0
40517,1158,31,21,1
40518,1158,32,12,0
40519,1158,33,17,1
40520,1158,34,8,0
40521,1158,35,23,1
40522,1159,1,35,1
40523,1159,2,16,1
40524,1159,3,5,0
40525,1159,4,13,0
40526,1159,5,10,0
40527,1159,6,14,0
40528,1159,7,9,0
40529,1159,8,17,1
40530,1159,9,14,1
40531,1159,10,14,0
40532,1159,11,24,0
40533,1159,12,30,2
40534,1159,13,8,0
40535,1159,14,21,0
40536,1159,15,7,0
40537,1159,16,26,2
40538,1159,17,13,1
40539,1159,18,22,1
40540,1159,19,18,0
40541,1159,20,12,0
40542,1159,21,6,0
40543,1159,22,12,0
40544,1159,23,9,0
40545,1159,24,22,1
40546,1159,25,23,1
40547,1159,26,13,1
40548,1159,27,11,0
40549,1159,28,15,0
40550,1159,29,8,0
40551,1159,30,10,1
40552,1159,31,10,0
40553,1159,32,14,1
40554,1159,33,25,1
40555,1159,34,8,0
40556,1159,35,17,1
40557,1160,1,36,0
40558,1160,2,24,1
40559,1160,3,20,1
40560,1160,4,36,1
40561,1160,5,7,0
40562,1160,6,21,1
40563,1160,7,17,1
40564,1160,8,15,1
40565,1160,9,36,2
40566,1160,10,10,0
40567,1160,11,13,0
40568,1160,12,7,0
40569,1160,13,19,0
40570,1160,14,32,2
40571,1160,15,32,1
40572,1160,16,25,1
40573,1160,17,16,1
40574,1160,18,24,1
40575,1160,19,11,0
40576,1160,20,22,1
40577,1160,21,37,1
40578,1160,22,17,0
40579,1160,23,27,1
40580,1160,24,48,2
40581,1160,25,27,1
40582,1160,26,31,1
40583,1160,27,34,1
40584,1160,28,16,0
40585,1160,29,33,2
40586,1160,30,9,0
40587,1160,31,34,2
40588,1160,32,10,0
40589,1160,33,16,0
40590,1160,34,45,2
40591,1160,35,37,1
40592,1161,1,37,0
40593,1161,2,23,1
40594,1161,3,25,1
40595,1161,4,24,0
40596,1161,5,12,1
40597,1161,6,24,1
40598,1161,7,35,1
40599,1161,8,16,1
40600,1161,9,18,1
40601,1161,10,31,2
40602,1161,11,25,0
40603,1161,12,26,1
40604,1161,13,25,1
40605,1161,14,34,0
40606,1161,15,16,1
40607,1161,16,17,0
40608,1161,17,18,1
40609,1161,18,23,0
40610,1161,19,39,1
40611,1161,20,28,1
40612,1161,21,20,1
40613,1161,22,44,2
40614,1161,23,47,2
40615,1161,24,34,2
40616,1161,25,35,1
40617,1161,26,40,2
40618,1161,27,25,1
40619,1161,28,18,0
40620,1161,29,32,1
40621,1161,30,26,1
40622,1161,31,29,1
40623,1161,32,45,2
40624,1161,33,37,2
40625,1161,34,55,2
40626,1161,35,37,1
40627,1162,1,16,1
40628,1162,2,16,0
40629,1162,3,33,0
40630,1162,4,31,2
40631,1162,5,15,0
40632,1162,6,24,1
40633,1162,7,24,1
40634,1162,8,16,1
40635,1162,9,16,1
40636,1162,10,10,0
40637,1162,11,14,0
40638,1162,12,16,1
40639,1162,13,51,3
40640,1162,14,10,0
40641,1162,15,32,1
40642,1162,16,30,2
40643,1162,17,44,2
40644,1162,18,34,1
40645,1162,19,27,1
40646,1162,20,12,0
40647,1162,21,5,0
40648,1162,22,12,0
40649,1162,23,18,1
40650,1162,24,20,1
40651,1162,25,16,1
40652,1162,26,13,1
40653,1162,27,30,1
40654,1162,28,8,0
40655,1162,29,21,1
40656,1162,30,15,1
40657,1162,31,31,1
40658,1162,32,23,0
40659,1162,33,14,0
40660,1162,34,9,0
40661,1162,35,17,1
40662,1163,1,18,1
40663,1163,2,9,0
40664,1163,3,14,0
40665,1163,4,12,0
40666,1163,5,13,0
40667,1163,6,12,1
40668,1163,7,10,0
40669,1163,8,36,1
40670,1163,9,17,0
40671,1163,10,17,1
40672,1163,11,25,0
40673,1163,12,16,1
40674,1163,13,9,0
40675,1163,14,9,0
40676,1163,15,25,1
40677,1163,16,26,1
40678,1163,17,23,0
40679,1163,18,11,0
40680,1163,19,23,1
40681,1163,20,21,1
40682,1163,21,8,0
40683,1163,22,8,0
40684,1163,23,36,2
40685,1163,24,23,0
40686,1163,25,6,0
40687,1163,26,19,0
40688,1163,27,16,1
40689,1163,28,10,0
40690,1163,29,28,1
40691,1163,30,24,1
40692,1163,31,12,0
40693,1163,32,25,1
40694,1163,33,8,0
40695,1163,34,34,1
40696,1163,35,8,0
40697,1164,1,24,1
40698,1164,2,12,0
40699,1164,3,10,0
40700,1164,4,46,2
40701,1164,5,54,1
40702,1164,6,33,0
40703,1164,7,19,1
40704,1164,8,35,1
40705,1164,9,28,1
40706,1164,10,26,0
40707,1164,11,41,2
40708,1164,12,21,0
40709,1164,13,29,0
40710,1164,14,24,0
40711,1164,15,20,1
40712,1164,16,6,0
40713,1164,17,29,1
40714,1164,18,29,0
40715,1164,19,8,0
40716,1164,20,8,0
40717,1164,21,25,1
40718,1164,22,52,1
40719,1164,23,28,1
40720,1164,24,29,0
40721,1164,25,28,0
40722,1164,26,14,0
40723,1164,27,19,0
40724,1164,28,21,1
40725,1164,29,25,1
40726,1164,30,51,1
40727,1164,31,30,2
40728,1164,32,17,1
40729,1164,33,30,2
40730,1164,34,20,1
40731,1164,35,32,0
40732,1165,1,22,1
40733,1165,2,28,2
40734,1165,3,27,0
40735,1165,4,50,1
40736,1165,5,38,1
40737,1165,6,44,1
40738,1165,7,22,0
40739,1165,8,24,1
40740,1165,9,21,0
40741,1165,10,38,2
40742,1165,11,26,1
40743,1165,12,39,2
40744,1165,13,40,2
40745,1165,14,42,1
40746,1165,15,64,1
40747,1165,16,60,1
40748,1165,17,21,1
40749,1165,18,71,2
40750,1165,19,62,3
40751,1165,20,29,1
40752,1165,21,34,1
40753,1165,22,27,1
40754,1165,23,12,0
40755,1165,24,53,1
40756,1165,25,32,2
40757,1165,26,57,1
40758,1165,27,25,1
40759,1165,28,40,2
40760,1165,29,35,2
40761,1165,30,43,2
40762,1165,31,29,1
40763,1165,32,19,1
40764,1165,33,53,2
40765,1165,34,49,2
40766,1165,35,46,1
40767,1166,1,29,1
40768,1166,2,34,2
40769,1166,3,24,1
40770,1166,4,43,1
40771,1166,5,25,1
40772,1166,6,22,0
40773,1166,7,30,2
40774,1166,8,29,1
40775,1166,9,13,0
40776,1166,10,11,0
40777,1166,11,24,0
40778,1166,12,8,0
40779,1166,13,28,1
40780,1166,14,59,3
40781,1166,15,18,0
40782,1166,16,13,0
40783,1166,17,17,1
40784,1166,18,23,1
40785,1166,19,25,1
40786,1166,20,27,1
40787,1166,21,27,0
40788,1166,22,27,1
40789,1166,23,28,1
40790,1166,24,25,1
40791,1166,25,12,0
40792,1166,26,51,2
40793,1166,27,17,1
40794,1166,28,26,1
40795,1166,29,18,0
40796,1166,30,31,2
40797,1166,31,48,2
40798,1166,32,7,0
40799,1166,33,53,2
40800,1166,34,19,1
40801,1166,35,15,1
40802,1167,1,13,0
40803,1167,2,37,2
40804,1167,3,16,0
40805,1167,4,5,0
40806,1167,5,18,1
40807,1167,6,18,1
40808,1167,7,28,0
40809,1167,8,17,1
40810,1167,9,56,1
40811,1167,10,16,0
40812,1167,11,18,0
40813,1167,12,21,1
40814,1167,13,15,1
40815,1167,14,13,1
40816,1167,15,15,1
40817,1167,16,20,0
40818,1167,17,24,1
40819,1167,18,13,0
40820,1167,19,32,1
40821,1167,20,47,3
40822,1167,21,20,0
40823,1167,22,7,0
40824,1167,23,9,0
40825,1167,24,12,1
40826,1167,25,37,2
40827,1167,26,22,0
40828,1167,27,5,0
40829,1167,28,8,0
40830,1167,29,24,0
40831,1167,30,20,0
40832,1167,31,31,1
40833,1167,32,17,0
40834,1167,33,6,0
40835,1167,34,34,1
40836,1167,35,12,1
40837,1168,1,13,0
40838,1168,2,22,1
40839,1168,3,39,1
40840,1168,4,26,1
40841,1168,5,46,1
40842,1168,6,32,1
40843,1168,7,9,0
40844,1168,8,32,1
40845,1168,9,34,2
40846,1168,10,12,0
40847,1168,11,34,2
40848,1168,12,16,1
40849,1168,13,11,0
40850,1168,14,37,2
40851,1168,15,47,1
40852,1168,16,43,1
40853,1168,17,27,1
40854,1168,18,21,0
40855,1168,19,24,1
40856,1168,20,44,2
40857,1168,21,19,1
40858,1168,22,15,0
40859,1168,23,21,1
40860,1168,24,41,2
40861,1168,25,24,0
40862,1168,26,14,1
40863,1168,27,39,0
40864,1168,28,40,2
40865,1168,29,16,0
40866,1168,30,29,2
40867,1168,31,27,1
40868,1168,32,17,1
40869,1168,33,35,1
40870,1168,34,12,1
40871,1168,35,20,0
40872,1169,1,59,3
40873,1169,2,23,1
40874,1169,3,55,1
40875,1169,4,20,1
40876,1169,5,35,1
40877,1169,6,61,1
40878,1169,7,5,0
40879,1169,8,21,0
40880,1169,9,25,1
40881,1169,10,30,1
40882,1169,11,21,1
40883,1169,12,33,2
40884,1169,13,33,2
40885,1169,14,24,1
40886,1169,15,17,1
40887,1169,16,12,1
40888,1169,17,38,0
40889,1169,18,22,0
40890,1169,19,7,0
40891,1169,20,15,1
40892,1169,21,44,1
40893,1169,22,23,1
40894,1169,23,25,1
40895,1169,24,15,1
40896,1169,25,24,1
40897,1169,26,40,1
40898,1169,27,18,0
40899,1169,28,30,2
40900,1169,29,15,0
40901,1169,30,37,0
40902,1169,31,37,0
40903,1169,32,39,0
40904,1169,33,66,3
40905,1169,34,11,1
40906,1169,35,25,1
40907,1170,1,27,1
40908,1170,2,32,1
40909,1170,3,15,1
40910,1170,4,7,0
40911,1170,5,10,0
40912,1170,6,19,1
40913,1170,7,17,0
40914,1170,8,8,0
40915,1170,9,17,0
40916,1170,10,11,0
40917,1170,11,18,0
40918,1170,12,29,1
40919,1170,13,27,0
40920,1170,14,12,0
40921,1170,15,16,1
40922,1170,16,18,0
40923,1170,17,21,0
40924,1170,18,27,1
40925,1170,19,8,0
40926,1170,20,16,1
40927,1170,21,9,0
40928,1170,22,30,1
40929,1170,23,8,0
40930,1170,24,27,1
40931,1170,25,32,0
40932,1170,26,19,1
40933,1170,27,23,1
40934,1170,28,10,0
40935,1170,29,20,0
40936,1170,30,21,0
40937,1170,31,32,1
40938,1170,32,7,0
40939,1170,33,18,0
40940,1170,34,22,1
40941,1170,35,19,1
40942,1171,1,16,0
40943,1171,2,17,0
40944,1171,3,24,1
40945,1171,4,29,1
40946,1171,5,14,0
40947,1171,6,20,1
40948,1171,7,19,0
40949,1171,8,26,1
40950,1171,9,18,1
40951,1171,10,31,1
40952,1171,11,14,1
40953,1171,12,12,0
40954,1171,13,19,1
40955,1171,14,6,0
40956,1171,15,30,1
40957,1171,16,10,0
40958,1171,17,14,1
40959,1171,18,15,1
40960,1171,19,19,0
40961,1171,20,19,1
40962,1171,21,23,1
40963,1171,22,16,0
40964,1171,23,9,0
40965,1171,24,28,0
40966,1171,25,22,1
40967,1171,26,14,0
40968,1171,27,10,0
40969,1171,28,16,1
40970,1171,29,18,0
40971,1171,30,31,1
40972,1171,31,23,1
40973,1171,32,17,0
40974,1171,33,15,0
40975,1171,34,10,0
40976,1171,35,16,0
40977,1172,1,9,1
40978,1172,2,44,2
40979,1172,3,41,1
40980,1172,4,9,0
40981,1172,5,18,0
40982,1172,6,25,1
40983,1172,7,44,1
40984,1172,8,33,1
40985,1172,9,37,2
40986,1172,10,24,1
40987,1172,11,11,0
40988,1172,12,54,3
40989,1172,13,21,0
40990,1172,14,24,0
40991,1172,15,18,0
40992,1172,16,27,0
40993,1172,17,32,0
40994,1172,18,45,1
40995,1172,19,42,1
40996,1172,20,24,1
40997,1172,21,38,1
40998,1172,22,29,1
40999,1172,23,28,1
41000,1172,24,19,1
41001,1172,25,20,0
41002,1172,26,51,3
41003,1172,27,13,1
41004,1172,28,12,1
41005,1172,29,20,0
41006,1172,30,20,1
41007,1172,31,10,0
41008,1172,32,50,1
41009,1172,33,27,1
41010,1172,34,10,0
41011,1172,35,39,0
41012,1173,1,29,1
41013,1173,2,29,1
41014,1173,3,15,1
41015,1173,4,32,2
41016,1173,5,31,2
41017,1173,6,34,2
41018,1173,7,49,1
41019,1173,8,20,1
41020,1173,9,37,1
41021,1173,10,25,1
41022,1173,11,41,0
41023,1173,12,18,1
41024,1173,13,17,1
41025,1173,14,24,1
41026,1173,15,15,1
41027,1173,16,26,1
41028,1173,17,29,0
41029,1173,18,14,1
41030,1173,19,19,1
41031,1173,20,28,2
41032,1173,21,19,1
41033,1173,22,11,1
41034,1173,23,25,1
41035,1173,24,30,2
41036,1173,25,24,1
41037,1173,26,42,1
41038,1173,27,24,1
41039,1173,28,38,0
41040,1173,29,40,1
41041,1173,30,25,0
41042,1173,31,20,1
41043,1173,32,18,1
41044,1173,33,11,1
41045,1173,34,26,1
41046,1173,35,24,1
41047,1174,1,16,0
41048,1174,2,18,0
41049,1174,3,10,0
41050,1174,4,9,0
41051,1174,5,15,1
41052,1174,6,18,1
41053,1174,7,13,1
41054,1174,8,14,0
41055,1174,9,10,0
41056,1174,10,20,1
41057,1174,11,26,1
41058,1174,12,12,1
41059,1174,13,15,0
41060,1174,14,10,0
41061,1174,15,8,0
41062,1174,16,23,1
41063,1174,17,5,0
41064,1174,18,14,1
41065,1174,19,20,1
41066,1174,20,12,0
41067,1174,21,28,0
41068,1174,22,22,1
41069,1174,23,21,0
41070,1174,24,11,0
41071,1174,25,19,1
41072,1174,26,24,1
41073,1174,27,14,1
41074,1174,28,11,0
41075,1174,29,5,0
41076,1174,30,14,1
41077,1174,31,13,1
41078,1174,32,12,0
41079,1174,33,17,1
41080,1174,34,25,1
41081,1174,35,10,0
41082,1175,1,10,0
41083,1175,2,7,0
41084,1175,3,13,0
41085,1175,4,20,1
41086,1175,5,10,0
41087,1175,6,15,0
41088,1175,7,6,0
41089,1175,8,13,1
41090,1175,9,19,1
41091,1175,10,12,0
41092,1175,11,6,0
41093,1175,12,10,1
41094,1175,13,15,0
41095,1175,14,13,1
41096,1175,15,12,0
41097,1175,16,12,1
41098,1175,17,13,1
41099,1175,18,23,1
41100,1175,19,6,0
41101,1175,20,23,1
41102,1175,21,5,0
41103,1175,22,12,0
41104,1175,23,23,0
41105,1175,24,7,0
41106,1175,25,15,1
41107,1175,26,7,0
41108,1175,27,20,1
41109,1175,28,10,1
41110,1175,29,27,1
41111,1175,30,20,1
41112,1175,31,14,0
41113,1175,32,17,0
41114,1175,33,11,0
41115,1175,34,8,0
41116,1175,35,10,0
41117,1176,1,17,1
41118,1176,2,10,1
41119,1176,3,17,0
41120,1176,4,16,0
41121,1176,5,31,2
41122,1176,6,18,0
41123,1176,7,12,1
41124,1176,8,24,1
41125,1176,9,12,1
41126,1176,10,30,1
41127,1176,11,31,2
41128,1176,12,23,1
41129,1176,13,16,1
41130,1176,14,36,1
41131,1176,15,21,1
41132,1176,16,9,0
41133,1176,17,14,1
41134,1176,18,18,1
41135,1176,19,12,1
41136,1176,20,7,0
41137,1176,21,10,0
41138,1176,22,23,1
41139,1176,23,33,1
41140,1176,24,13,0
41141,1176,25,11,0
41142,1176,26,36,0
41143,1176,27,17,0
41144,1176,28,11,1
41145,1176,29,16,0
41146,1176,30,22,1
41147,1176,31,24,1
41148,1176,32,7,0
41149,1176,33,17,0
41150,1176,34,16,1
41151,1176,35,24,0
41152,1177,1,9,0
41153,1177,2,15,1
41154,1177,3,19,0
41155,1177,4,14,0
41156,1177,5,20,1
41157,1177,6,16,0
41158,1177,7,11,1
41159,1177,8,19,0
41160,1177,9,24,1
41161,1177,10,22,1
41162,1177,11,21,1
41163,1177,12,15,0
41164,1177,13,14,1
41165,1177,14,30,2
41166,1177,15,19,1
41167,1177,16,11,0
41168,1177,17,22,0
41169,1177,18,17,1
41170,1177,19,12,0
41171,1177,20,36,1
41172,1177,21,25,1
41173,1177,22,40,1
41174,1177,23,23,0
41175,1177,24,45,2
41176,1177,25,23,1
41177,1177,26,32,1
41178,1177,27,27,1
41179,1177,28,10,0
41180,1177,29,39,1
41181,1177,30,10,0
41182,1177,31,12,1
41183,1177,32,22,1
41184,1177,33,19,1
41185,1177,34,14,0
41186,1177,35,10,0
41187,1178,1,14,1
41188,1178,2,13,0
41189,1178,3,4,0
41190,1178,4,22,1
41191,1178,5,10,1
41192,1178,6,15,0
41193,1178,7,23,1
41194,1178,8,12,0
41195,1178,9,14,0
41196,1178,10,9,0
41197,1178,11,15,0
41198,1178,12,6,0
41199,1178,13,16,0
41200,1178,14,22,1
41201,1178,15,10,0
41202,1178,16,13,0
41203,1178,17,14,0
41204,1178,18,12,0
41205,1178,19,9,0
41206,1178,20,19,1
41207,1178,21,10,1
41208,1178,22,4,0
41209,1178,23,17,1
41210,1178,24,21,0
41211,1178,25,23,0
41212,1178,26,35,1
41213,1178,27,10,1
41214,1178,28,10,0
41215,1178,29,20,1
41216,1178,30,11,0
41217,1178,31,14,0
41218,1178,32,22,1
41219,1178,33,11,0
41220,1178,34,23,0
41221,1178,35,15,0
41222,1179,1,7,0
41223,1179,2,16,0
41224,1179,3,7,0
41225,1179,4,13,0
41226,1179,5,16,0
41227,1179,6,13,0
41228,1179,7,13,0
41229,1179,8,13,0
41230,1179,9,18,1
41231,1179,10,24,0
41232,1179,11,12,0
41233,1179,12,7,0
41234,1179,13,14,1
41235,1179,14,8,0
41236,1179,15,19,1
41237,1179,16,12,1
41238,1179,17,14,1
41239,1179,18,12,1
41240,1179,19,7,0
41241,1179,20,8,0
41242,1179,21,19,0
41243,1179,22,12,0
41244,1179,23,4,0
41245,1179,24,12,0
41246,1179,25,10,0
41247,1179,26,9,0
41248,1179,27,12,0
41249,1179,28,20,1
41250,1179,29,11,0
41251,1179,30,10,1
41252,1179,31,17,1
41253,1179,32,6,0
41254,1179,33,11,1
41255,1179,34,19,1
41256,1179,35,14,0
41257,1180,1,19,1
41258,1180,2,8,0
41259,1180,3,24,0
41260,1180,4,22,1
41261,1180,5,9,1
41262,1180,6,12,1
41263,1180,7,18,0
41264,1180,8,23,1
41265,1180,9,27,1
41266,1180,10,24,1
41267,1180,11,28,1
41268,1180,12,9,0
41269,1180,13,4,0
41270,1180,14,7,0
41271,1180,15,32,0
41272,1180,16,15,1
41273,1180,17,23,1
41274,1180,18,12,1
41275,1180,19,33,1
41276,1180,20,23,0
41277,1180,21,16,0
41278,1180,22,18,1
41279,1180,23,13,1
41280,1180,24,20,1
41281,1180,25,30,0
41282,1180,26,21,0
41283,1180,27,40,2
41284,1180,28,24,0
41285,1180,29,15,0
41286,1180,30,22,0
41287,1180,31,54,3
41288,1180,32,12,1
41289,1180,33,21,1
41290,1180,34,30,1
41291,1180,35,12,1
41292,1181,1,16,1
41293,1181,2,26,1
41294,1181,3,24,1
41295,1181,4,49,2
41296,1181,5,20,1
41297,1181,6,44,1
41298,1181,7,16,1
41299,1181,8,8,0
41300,1181,9,26,1
41301,1181,10,22,1
41302,1181,11,17,0
41303,1181,12,17,1
41304,1181,13,15,1
41305,1181,14,46,1
41306,1181,15,26,1
41307,1181,16,12,0
41308,1181,17,14,0
41309,1181,18,25,1
41310,1181,19,17,1
41311,1181,20,22,0
41312,1181,21,21,1
41313,1181,22,23,1
41314,1181,23,25,1
41315,1181,24,25,1
41316,1181,25,28,1
41317,1181,26,16,1
41318,1181,27,22,0
41319,1181,28,16,1
41320,1181,29,8,0
41321,1181,30,26,1
41322,1181,31,29,1
41323,1181,32,21,1
41324,1181,33,22,1
41325,1181,34,40,1
41326,1181,35,15,0
41327,1182,1,10,0
41328,1182,2,19,0
41329,1182,3,12,1
41330,1182,4,17,1
41331,1182,5,22,1
41332,1182,6,8,0
41333,1182,7,16,1
41334,1182,8,7,0
41335,1182,9,16,0
41336,1182,10,20,1
41337,1182,11,12,1
41338,1182,12,14,0
41339,1182,13,12,0
41340,1182,14,17,0
41341,1182,15,13,0
41342,1182,16,5,0
41343,1182,17,7,0
41344,1182,18,21,1
41345,1182,19,10,0
41346,1182,20,18,1
41347,1182,21,10,0
41348,1182,22,14,1
41349,1182,23,11,0
41350,1182,24,28,2
41351,1182,25,8,0
41352,1182,26,30,1
41353,1182,27,17,1
41354,1182,28,13,0
41355,1182,29,5,0
41356,1182,30,22,0
41357,1182,31,31,2
41358,1182,32,12,1
41359,1182,33,12,0
41360,1182,34,9,0
41361,1182,35,15,0
41362,1183,1,10,0
41363,1183,2,9,0
41364,1183,3,8,0
41365,1183,4,23,1
41366,1183,5,16,1
41367,1183,6,15,1
41368,1183,7,13,0
41369,1183,8,10,0
41370,1183,9,12,0
41371,1183,10,17,1
41372,1183,11,19,1
41373,1183,12,21,1
41374,1183,13,20,0
41375,1183,14,13,0
41376,1183,15,6,0
41377,1183,16,10,0
41378,1183,17,30,1
41379,1183,18,22,1
41380,1183,19,11,0
41381,1183,20,9,0
41382,1183,21,15,1
41383,1183,22,22,1
41384,1183,23,9,0
41385,1183,24,25,1
41386,1183,25,12,0
41387,1183,26,16,0
41388,1183,27,31,1
41389,1183,28,4,0
41390,1183,29,11,0
41391,1183,30,6,0
41392,1183,31,19,0
41393,1183,32,18,1
41394,1183,33,14,1
41395,1183,34,5,0
41396,1183,35,15,1
41397,1184,1,51,2
41398,1184,2,28,1
41399,1184,3,36,2
41400,1184,4,16,1
41401,1184,5,10,0
41402,1184,6,4,0
41403,1184,7,26,0
41404,1184,8,19,1
41405,1184,9,40,1
41406,1184,10,26,1
41407,1184,11,18,0
41408,1184,12,22,1
41409,1184,13,18,1
41410,1184,14,28,1
41411,1184,15,19,1
41412,1184,16,13,0
41413,1184,17,21,1
41414,1184,18,18,1
41415,1184,19,25,1
41416,1184,20,10,0
41417,1184,21,3,0
41418,1184,22,4,0
41419,1184,23,21,1
41420,1184,24,18,0
41421,1184,25,16,0
41422,1184,26,9,0
41423,1184,27,18,1
41424,1184,28,19,1
41425,1184,29,12,0
41426,1184,30,22,1
41427,1184,31,20,1
41428,1184,32,17,1
41429,1184,33,4,0
41430,1184,34,15,1
41431,1184,35,22,0
41432,1185,1,8,0
41433,1185,2,25,1
41434,1185,3,18,0
41435,1185,4,12,1
41436,1185,5,24,1
41437,1185,6,10,0
41438,1185,7,19,1
41439,1185,8,24,0
41440,1185,9,22,0
41441,1185,10,29,2
41442,1185,11,22,1
41443,1185,12,14,0
41444,1185,13,20,1
41445,1185,14,26,1
41446,1185,15,44,2
41447,1185,16,38,1
41448,1185,17,43,0
41449,1185,18,36,1
41450,1185,19,38,0
41451,1185,20,31,1
41452,1185,21,12,0
41453,1185,22,36,1
41454,1185,23,35,2
41455,1185,24,7,0
41456,1185,25,17,0
41457,1185,26,50,1
41458,1185,27,30,1
41459,1185,28,33,1
41460,1185,29,20,0
41461,1185,30,15,1
41462,1185,31,34,1
41463,1185,32,8,0
41464,1185,33,23,0
41465,1185,34,33,1
41466,1185,35,21,0
41467,1186,1,21,1
41468,1186,2,37,2
41469,1186,3,16,0
41470,1186,4,18,0
41471,1186,5,20,1
41472,1186,6,15,0
41473,1186,7,18,1
41474,1186,8,20,1
41475,1186,9,25,1
41476,1186,10,8,0
41477,1186,11,31,1
41478,1186,12,5,0
41479,1186,13,33,1
41480,1186,14,57,1
41481,1186,15,21,1
41482,1186,16,9,0
41483,1186,17,6,0
41484,1186,18,22,0
41485,1186,19,17,1
41486,1186,20,7,0
41487,1186,21,12,0
41488,1186,22,14,0
41489,1186,23,25,1
41490,1186,24,13,0
41491,1186,25,23,1
41492,1186,26,19,1
41493,1186,27,11,0
41494,1186,28,19,1
41495,1186,29,15,1
41496,1186,30,15,1
41497,1186,31,31,1
41498,1186,32,12,0
41499,1186,33,22,1
41500,1186,34,27,1
41501,1186,35,27,1
41502,1187,1,14,1
41503,1187,2,28,2
41504,1187,3,19,1
41505,1187,4,12,1
41506,1187,5,11,0
41507,1187,6,5,0
41508,1187,7,23,1
41509,1187,8,14,0
41510,1187,9,39,1
41511,1187,10,19,0
41512,1187,11,20,1
41513,1187,12,26,1
41514,1187,13,15,1
41515,1187,14,9,0
41516,1187,15,15,0
41517,1187,16,12,0
41518,1187,17,15,1
41519,1187,18,10,0
41520,1187,19,6,0
41521,1187,20,20,1
41522,1187,21,15,0
41523,1187,22,9,0
41524,1187,23,8,0
41525,1187,24,8,0
41526,1187,25,15,1
41527,1187,26,22,1
41528,1187,27,6,0
41529,1187,28,10,0
41530,1187,29,3,0
41531,1187,30,28,1
41532,1187,31,16,0
41533,1187,32,12,1
41534,1187,33,15,1
41535,1187,34,12,1
41536,1187,35,4,0
41537,1188,1,18,1
41538,1188,2,12,1
41539,1188,3,43,1
41540,1188,4,8,0
41541,1188,5,15,0
41542,1188,6,12,0
41543,1188,7,33,1
41544,1188,8,35,1
41545,1188,9,33,1
41546,1188,10,11,1
41547,1188,11,35,1
41548,1188,12,47,1
41549,1188,13,14,0
41550,1188,14,10,0
41551,1188,15,20,1
41552,1188,16,36,1
41553,1188,17,27,0
41554,1188,18,28,1
41555,1188,19,9,0
41556,1188,20,5,0
41557,1188,21,26,1
41558,1188,22,21,0
41559,1188,23,11,1
41560,1188,24,38,1
41561,1188,25,16,1
41562,1188,26,24,1
41563,1188,27,17,1
41564,1188,28,16,0
41565,1188,29,24,1
41566,1188,30,17,1
41567,1188,31,22,1
41568,1188,32,16,1
41569,1188,33,53,3
41570,1188,34,9,0
41571,1188,35,44,1
41572,1189,1,25,0
41573,1189,2,13,1
41574,1189,3,18,1
41575,1189,4,27,0
41576,1189,5,12,1
41577,1189,6,68,1
41578,1189,7,54,1
41579,1189,8,34,1
41580,1189,9,12,1
41581,1189,10,38,2
41582,1189,11,75,2
41583,1189,12,19,1
41584,1189,13,31,1
41585,1189,14,23,0
41586,1189,15,28,1
41587,1189,16,19,0
41588,1189,17,19,0
41589,1189,18,26,1
41590,1189,19,6,0
41591,1189,20,25,0
41592,1189,21,28,1
41593,1189,22,51,1
41594,1189,23,52,2
41595,1189,24,11,0
41596,1189,25,17,0
41597,1189,26,29,1
41598,1189,27,22,1
41599,1189,28,19,1
41600,1189,29,18,1
41601,1189,30,21,0
41602,1189,31,46,2
41603,1189,32,29,1
41604,1189,33,20,0
41605,1189,34,50,0
41606,1189,35,18,1
41607,1190,1,13,1
41608,1190,2,35,1
41609,1190,3,9,1
41610,1190,4,24,1
41611,1190,5,17,1
41612,1190,6,18,1
41613,1190,7,23,0
41614,1190,8,14,0
41615,1190,9,23,1
41616,1190,10,26,1
41617,1190,11,30,1
41618,1190,12,16,0
41619,1190,13,17,1
41620,1190,14,30,1
41621,1190,15,13,0
41622,1190,16,26,1
41623,1190,17,19,0
41624,1190,18,14,0
41625,1190,19,22,1
41626,1190,20,7,0
41627,1190,21,22,0
41628,1190,22,25,0
41629,1190,23,9,0
41630,1190,24,34,0
41631,1190,25,13,0
41632,1190,26,14,1
41633,1190,27,7,0
41634,1190,28,7,0
41635,1190,29,16,1
41636,1190,30,32,1
41637,1190,31,19,1
41638,1190,32,32,1
41639,1190,33,32,0
41640,1190,34,44,2
41641,1190,35,27,2
41642,1191,1,23,1
41643,1191,2,25,1
41644,1191,3,10,0
41645,1191,4,12,0
41646,1191,5,37,1
41647,1191,6,13,0
41648,1191,7,6,0
41649,1191,8,9,0
41650,1191,9,20,1
41651,1191,10,28,2
41652,1191,11,30,1
41653,1191,12,28,2
41654,1191,13,19,1
41655,1191,14,18,1
41656,1191,15,11,0
41657,1191,16,11,1
41658,1191,17,11,0
41659,1191,18,21,1
41660,1191,19,36,1
41661,1191,20,18,1
41662,1191,21,28,2
41663,1191,22,27,1
41664,1191,23,21,1
41665,1191,24,24,1
41666,1191,25,22,1
41667,1191,26,11,0
41668,1191,27,14,1
41669,1191,28,41,0
41670,1191,29,26,1
41671,1191,30,10,0
41672,1191,31,25,1
41673,1191,32,14,1
41674,1191,33,21,0
41675,1191,34,8,0
41676,1191,35,12,1
41677,1192,1,15,0
41678,1192,2,17,1
41679,1192,3,36,2
41680,1192,4,17,1
41681,1192,5,18,1
41682,1192,6,30,1
41683,1192,7,4,0
41684,1192,8,13,0
41685,1192,9,21,1
41686,1192,10,24,0
41687,1192,11,25,1
41688,1192,12,15,1
41689,1192,13,22,1
41690,1192,14,17,1
41691,1192,15,74,0
41692,1192,16,31,1
41693,1192,17,27,1
41694,1192,18,24,1
41695,1192,19,16,1
41696,1192,20,14,1
41697,1192,21,27,0
41698,1192,22,21,0
41699,1192,23,10,0
41700,1192,24,58,3
41701,1192,25,26,1
41702,1192,26,15,0
41703,1192,27,18,0
41704,1192,28,21,1
41705,1192,29,18,1
41706,1192,30,17,1
41707,1192,31,22,0
41708,1192,32,12,1
41709,1192,33,12,1
41710,1192,34,25,1
41711,1192,35,30,0
41712,1193,1,41,2
41713,1193,2,28,1
41714,1193,3,14,0
41715,1193,4,32,1
41716,1193,5,35,1
41717,1193,6,41,2
41718,1193,7,24,1
41719,1193,8,36,1
41720,1193,9,41,1
41721,1193,10,58,3
41722,1193,11,23,1
41723,1193,12,28,1
41724,1193,13,24,1
41725,1193,14,28,1
41726,1193,15,18,1
41727,1193,16,53,1
41728,1193,17,20,0
41729,1193,18,45,2
41730,1193,19,43,1
41731,1193,20,27,1
41732,1193,21,41,1
41733,1193,22,47,2
41734,1193,23,22,1
41735,1193,24,28,1
41736,1193,25,38,1
41737,1193,26,53,1
41738,1193,27,47,2
41739,1193,28,38,1
41740,1193,29,50,1
41741,1193,30,36,1
41742,1193,31,61,1
41743,1193,32,28,1
41744,1193,33,31,1
41745,1193,34,21,0
41746,1193,35,27,2
41747,1194,1,5,0
41748,1194,2,54,1
41749,1194,3,22,1
41750,1194,4,41,1
41751,1194,5,16,0
41752,1194,6,14,1
41753,1194,7,28,1
41754,1194,8,17,0
41755,1194,9,34,1
41756,1194,10,20,1
41757,1194,11,3,0
41758,1194,12,41,2
41759,1194,13,13,1
41760,1194,14,18,1
41761,1194,15,32,2
41762,1194,16,22,1
41763,1194,17,17,0
41764,1194,18,34,1
41765,1194,19,15,0
41766,1194,20,19,1
41767,1194,21,6,0
41768,1194,22,19,1
41769,1194,23,22,1
41770,1194,24,13,0
41771,1194,25,27,1
41772,1194,26,17,1
41773,1194,27,37,1
41774,1194,28,43,2
41775,1194,29,25,1
41776,1194,30,17,0
41777,1194,31,14,0
41778,1194,32,24,1
41779,1194,33,28,1
41780,1194,34,18,0
41781,1194,35,19,1
41782,1195,1,13,1
41783,1195,2,14,1
41784,1195,3,9,0
41785,1195,4,16,0
41786,1195,5,22,0
41787,1195,6,12,0
41788,1195,7,29,1
41789,1195,8,15,1
41790,1195,9,14,0
41791,1195,10,19,0
41792,1195,11,28,1
41793,1195,12,33,1
41794,1195,13,42,2
41795,1195,14,16,0
41796,1195,15,21,1
41797,1195,16,25,1
41798,1195,17,17,1
41799,1195,18,19,0
41800,1195,19,25,1
41801,1195,20,7,0
41802,1195,21,16,1
41803,1195,22,34,2
41804,1195,23,28,2
41805,1195,24,19,0
41806,1195,25,14,1
41807,1195,26,11,0
41808,1195,27,7,0
41809,1195,28,17,1
41810,1195,29,20,1
41811,1195,30,14,1
41812,1195,31,8,0
41813,1195,32,12,1
41814,1195,33,19,1
41815,1195,34,15,0
41816,1195,35,10,0
41817,1196,1,29,1
41818,1196,2,49,2
41819,1196,3,20,0
41820,1196,4,20,0
41821,1196,5,29,1
41822,1196,6,34,1
41823,1196,7,18,0
41824,1196,8,18,0
41825,1196,9,31,1
41826,1196,10,31,1
41827,1196,11,45,2
41828,1196,12,34,2
41829,1196,13,21,0
41830,1196,14,18,0
41831,1196,15,32,0
41832,1196,16,68,3
41833,1196,17,38,1
41834,1196,18,14,0
41835,1196,19,12,1
41836,1196,20,39,1
41837,1196,21,18,1
41838,1196,22,13,1
41839,1196,23,27,1
41840,1196,24,19,0
41841,1196,25,29,1
41842,1196,26,12,1
41843,1196,27,44,0
41844,1196,28,21,0
41845,1196,29,7,0
41846,1196,30,64,0
41847,1196,31,29,1
41848,1196,32,29,0
41849,1196,33,27,1
41850,1196,34,29,1
41851,1196,35,16,0
41852,1197,1,24,1
41853,1197,2,27,2
41854,1197,3,28,0
41855,1197,4,43,1
41856,1197,5,24,0
41857,1197,6,24,1
41858,1197,7,20,1
41859,1197,8,42,2
41860,1197,9,20,1
41861,1197,10,18,1
41862,1197,11,36,1
41863,1197,12,24,1
41864,1197,13,28,1
41865,1197,14,44,1
41866,1197,15,20,1
41867,1197,16,43,1
41868,1197,17,20,1
41869,1197,18,24,1
41870,1197,19,11,0
41871,1197,20,20,0
41872,1197,21,66,0
41873,1197,22,28,1
41874,1197,23,62,1
41875,1197,24,20,1
41876,1197,25,25,1
41877,1197,26,27,1
41878,1197,27,50,2
41879,1197,28,12,0
41880,1197,29,37,1
41881,1197,30,27,1
41882,1197,31,36,1
41883,1197,32,17,1
41884,1197,33,61,3
41885,1197,34,35,0
41886,1197,35,66,2
41887,1198,1,21,1
41888,1198,2,25,0
41889,1198,3,18,1
41890,1198,4,19,0
41891,1198,5,16,0
41892,1198,6,10,0
41893,1198,7,11,0
41894,1198,8,37,1
41895,1198,9,26,0
41896,1198,10,31,1
41897,1198,11,15,1
41898,1198,12,10,0
41899,1198,13,17,1
41900,1198,14,17,1
41901,1198,15,11,0
41902,1198,16,29,1
41903,1198,17,18,1
41904,1198,18,43,2
41905,1198,19,32,1
41906,1198,20,19,1
41907,1198,21,45,2
41908,1198,22,21,1
41909,1198,23,14,1
41910,1198,24,9,0
41911,1198,25,26,1
41912,1198,26,22,1
41913,1198,27,20,0
41914,1198,28,21,1
41915,1198,29,14,0
41916,1198,30,23,1
41917,1198,31,15,0
41918,1198,32,14,1
41919,1198,33,40,1
41920,1198,34,23,1
41921,1198,35,29,0
41922,1199,1,35,1
41923,1199,2,18,1
41924,1199,3,11,1
41925,1199,4,20,0
41926,1199,5,15,0
41927,1199,6,33,1
41928,1199,7,19,0
41929,1199,8,20,0
41930,1199,9,24,1
41931,1199,10,20,0
41932,1199,11,13,0
41933,1199,12,16,1
41934,1199,13,21,0
41935,1199,14,24,1
41936,1199,15,21,1
41937,1199,16,27,1
41938,1199,17,5,0
41939,1199,18,16,0
41940,1199,19,13,0
41941,1199,20,27,1
41942,1199,21,13,0
41943,1199,22,23,1
41944,1199,23,21,1
41945,1199,24,15,0
41946,1199,25,20,1
41947,1199,26,23,1
41948,1199,27,33,1
41949,1199,28,13,1
41950,1199,29,22,1
41951,1199,30,19,1
41952,1199,31,20,0
41953,1199,32,38,1
41954,1199,33,11,1
41955,1199,34,13,0
41956,1199,35,18,1
41957,1200,1,39,2
41958,1200,2,19,0
41959,1200,3,24,1
41960,1200,4,12,0
41961,1200,5,61,3
41962,1200,6,24,1
41963,1200,7,26,1
41964,1200,8,15,1
41965,1200,9,27,1
41966,1200,10,35,2
41967,1200,11,29,1
41968,1200,12,13,1
41969,1200,13,37,1
41970,1200,14,19,0
41971,1200,15,8,0
41972,1200,16,23,0
41973,1200,17,19,1
41974,1200,18,71,4
41975,1200,19,28,0
41976,1200,20,22,1
41977,1200,21,49,1
41978,1200,22,11,0
41979,1200,23,3,0
41980,1200,24,12,0
41981,1200,25,27,0
41982,1200,26,34,1
41983,1200,27,36,0
41984,1200,28,21,1
41985,1200,29,26,1
41986,1200,30,22,1
41987,1200,31,21,0
41988,1200,32,24,1
41989,1200,33,24,1
41990,1200,34,14,1
41991,1200,35,33,0
41992,1201,1,20,1
41993,1201,2,31,1
41994,1201,3,34,1
41995,1201,4,25,1
41996,1201,5,34,1
41997,1201,6,34,1
41998,1201,7,25,1
41999,1201,8,38,1
42000,1201,9,27,0
42001,1201,10,19,1
42002,1201,11,14,0
42003,1201,12,46,3
42004,1201,13,21,0
42005,1201,14,20,1
42006,1201,15,13,0
42007,1201,16,20,1
42008,1201,17,20,0
42009,1201,18,17,1
42010,1201,19,20,0
42011,1201,20,37,2
42012,1201,21,17,1
42013,1201,22,23,1
42014,1201,23,18,0
42015,1201,24,15,1
42016,1201,25,25,1
42017,1201,26,22,1
42018,1201,27,23,1
42019,1201,28,13,1
42020,1201,29,11,0
42021,1201,30,29,2
42022,1201,31,22,1
42023,1201,32,16,1
42024,1201,33,36,1
42025,1201,34,13,0
42026,1201,35,16,1
42027,1202,1,13,0
42028,1202,2,14,1
42029,1202,3,22,1
42030,1202,4,7,0
42031,1202,5,24,1
42032,1202,6,13,0
42033,1202,7,25,1
42034,1202,8,33,1
42035,1202,9,10,0
42036,1202,10,13,0
42037,1202,11,9,0
42038,1202,12,17,1
42039,1202,13,23,1
42040,1202,14,7,0
42041,1202,15,16,1
42042,1202,16,14,0
42043,1202,17,19,1
42044,1202,18,18,0
42045,1202,19,8,0
42046,1202,20,13,0
42047,1202,21,15,0
42048,1202,22,11,0
42049,1202,23,13,0
42050,1202,24,11,0
42051,1202,25,29,1
42052,1202,26,7,0
42053,1202,27,32,1
42054,1202,28,10,1
42055,1202,29,7,0
42056,1202,30,17,0
42057,1202,31,19,1
42058,1202,32,13,0
42059,1202,33,6,0
42060,1202,34,6,0
42061,1202,35,13,1
42062,1203,1,1,0
42063,1203,2,15,1
42064,1203,3,4,0
42065,1203,4,14,0
42066,1203,5,17,1
42067,1203,6,21,0
42068,1203,7,29,1
42069,1203,8,12,0
42070,1203,9,18,0
42071,1203,10,30,0
42072,1203,11,9,0
42073,1203,12,19,0
42074,1203,13,17,0
42075,1203,14,12,0
42076,1203,15,3,0
42077,1203,16,17,1
42078,1203,17,7,0
42079,1203,18,6,0
42080,1203,19,6,0
42081,1203,20,3,0
42082,1203,21,8,0
42083,1203,22,8,0
42084,1203,23,11,0
42085,1203,24,14,1
42086,1203,25,16,1
42087,1203,26,18,1
42088,1203,27,18,1
42089,1203,28,7,0
42090,1203,29,9,0
42091,1203,30,19,1
42092,1203,31,17,1
42093,1203,32,10,0
42094,1203,33,15,1
42095,1203,34,6,0
42096,1203,35,16,1
42097,1204,1,16,1
42098,1204,2,7,0
42099,1204,3,23,1
42100,1204,4,18,0
42101,1204,5,21,1
42102,1204,6,20,0
42103,1204,7,8,0
42104,1204,8,23,1
42105,1204,9,14,0
42106,1204,10,14,1
42107,1204,11,19,1
42108,1204,12,16,1
42109,1204,13,19,1
42110,1204,14,24,1
42111,1204,15,12,1
42112,1204,16,27,1
42113,1204,17,17,1
42114,1204,18,19,1
42115,1204,19,18,1
42116,1204,20,15,0
42117,1204,21,24,1
42118,1204,22,20,0
42119,1204,23,24,1
42120,1204,24,31,1
42121,1204,25,16,1
42122,1204,26,18,1
42123,1204,27,14,0
42124,1204,28,22,0
42125,1204,29,13,0
42126,1204,30,20,0
42127,1204,31,13,0
42128,1204,32,11,0
42129,1204,33,18,1
42130,1204,34,17,1
42131,1204,35,24,1
42132,1205,1,12,1
42133,1205,2,23,1
42134,1205,3,19,1
42135,1205,4,6,0
42136,1205,5,10,1
42137,1205,6,23,1
42138,1205,7,37,2
42139,1205,8,28,1
42140,1205,9,18,1
42141,1205,10,9,0
42142,1205,11,15,1
42143,1205,12,25,1
42144,1205,13,27,1
42145,1205,14,19,1
42146,1205,15,20,0
42147,1205,16,30,0
42148,1205,17,40,2
42149,1205,18,9,0
42150,1205,19,11,0
42151,1205,20,30,1
42152,1205,21,20,1
42153,1205,22,17,0
42154,1205,23,11,0
42155,1205,24,5,0
42156,1205,25,10,0
42157,1205,26,26,1
42158,1205,27,20,1
42159,1205,28,36,0
42160,1205,29,37,2
42161,1205,30,34,1
42162,1205,31,33,2
42163,1205,32,36,1
42164,1205,33,40,1
42165,1205,34,20,1
42166,1205,35,26,1
42167,1206,1,33,1
42168,1206,2,17,1
42169,1206,3,15,1
42170,1206,4,16,0
42171,1206,5,16,1
42172,1206,6,26,1
42173,1206,7,12,1
42174,1206,8,14,0
42175,1206,9,8,0
42176,1206,10,22,1
42177,1206,11,12,0
42178,1206,12,17,0
42179,1206,13,10,0
42180,1206,14,15,1
42181,1206,15,9,0
42182,1206,16,12,0
42183,1206,17,13,1
42184,1206,18,31,2
42185,1206,19,9,0
42186,1206,20,17,1
42187,1206,21,10,0
42188,1206,22,19,1
42189,1206,23,17,1
42190,1206,24,17,1
42191,1206,25,18,0
42192,1206,26,17,1
42193,1206,27,19,1
42194,1206,28,14,1
42195,1206,29,10,0
42196,1206,30,12,1
42197,1206,31,14,0
42198,1206,32,10,0
42199,1206,33,15,0
42200,1206,34,8,0
42201,1206,35,6,0
42202,1207,1,14,0
42203,1207,2,20,0
42204,1207,3,14,1
42205,1207,4,29,2
42206,1207,5,15,0
42207,1207,6,16,0
42208,1207,7,17,0
42209,1207,8,8,0
42210,1207,9,29,1
42211,1207,10,16,1
42212,1207,11,12,0
42213,1207,12,8,0
42214,1207,13,26,1
42215,1207,14,10,0
42216,1207,15,9,0
42217,1207,16,7,0
42218,1207,17,15,0
42219,1207,18,30,1
42220,1207,19,15,1
42221,1207,20,18,0
42222,1207,21,27,1
42223,1207,22,13,0
42224,1207,23,16,0
42225,1207,24,13,0
42226,1207,25,9,0
42227,1207,26,10,0
42228,1207,27,10,0
42229,1207,28,13,0
42230,1207,29,12,0
42231,1207,30,8,0
42232,1207,31,18,1
42233,1207,32,5,0
42234,1207,33,19,1
42235,1207,34,11,0
42236,1207,35,2,0
42237,1208,1,32,1
42238,1208,2,12,0
42239,1208,3,21,1
42240,1208,4,22,0
42241,1208,5,32,0
42242,1208,6,17,1
42243,1208,7,29,1
42244,1208,8,13,1
42245,1208,9,21,0
42246,1208,10,11,0
42247,1208,11,11,1
42248,1208,12,6,0
42249,1208,13,19,1
42250,1208,14,19,1
42251,1208,15,13,0
42252,1208,16,32,2
42253,1208,17,20,0
42254,1208,18,15,0
42255,1208,19,10,0
42256,1208,20,26,1
42257,1208,21,13,0
42258,1208,22,29,1
42259,1208,23,8,0
42260,1208,24,8,0
42261,1208,25,30,0
42262,1208,26,25,1
42263,1208,27,18,0
42264,1208,28,15,0
42265,1208,29,26,1
42266,1208,30,16,0
42267,1208,31,15,0
42268,1208,32,38,2
42269,1208,33,19,1
42270,1208,34,17,1
42271,1208,35,10,1
42272,1209,1,13,0
42273,1209,2,19,1
42274,1209,3,25,1
42275,1209,4,40,1
42276,1209,5,37,1
42277,1209,6,22,1
42278,1209,7,20,1
42279,1209,8,21,1
42280,1209,9,32,0
42281,1209,10,37,2
42282,1209,11,22,1
42283,1209,12,19,0
42284,1209,13,24,1
42285,1209,14,9,0
42286,1209,15,13,0
42287,1209,16,19,1
42288,1209,17,28,1
42289,1209,18,17,0
42290,1209,19,18,0
42291,1209,20,25,1
42292,1209,21,32,2
42293,1209,22,13,1
42294,1209,23,18,1
42295,1209,24,47,2
42296,1209,25,9,1
42297,1209,26,15,1
42298,1209,27,8,0
42299,1209,28,36,1
42300,1209,29,12,0
42301,1209,30,15,1
42302,1209,31,28,1
42303,1209,32,11,0
42304,1209,33,22,0
42305,1209,34,24,0
42306,1209,35,16,1
42307,1210,1,7,0
42308,1210,2,21,1
42309,1210,3,33,1
42310,1210,4,11,1
42311,1210,5,21,1
42312,1210,6,15,1
42313,1210,7,12,0
42314,1210,8,14,0
42315,1210,9,12,1
42316,1210,10,18,1
42317,1210,11,15,0
42318,1210,12,12,0
42319,1210,13,22,1
42320,1210,14,16,1
42321,1210,15,10,0
42322,1210,16,9,0
42323,1210,17,10,1
42324,1210,18,17,1
42325,1210,19,20,1
42326,1210,20,24,1
42327,1210,21,21,0
42328,1210,22,14,0
42329,1210,23,22,0
42330,1210,24,6,0
42331,1210,25,19,0
42332,1210,26,21,0
42333,1210,27,18,1
42334,1210,28,18,1
42335,1210,29,8,0
42336,1210,30,20,1
42337,1210,31,29,1
42338,1210,32,27,1
42339,1210,33,22,1
42340,1210,34,19,0
42341,1210,35,22,1
42342,1211,1,7,0
42343,1211,2,18,1
42344,1211,3,17,1
42345,1211,4,6,0
42346,1211,5,6,0
42347,1211,6,15,0
42348,1211,7,6,0
42349,1211,8,20,1
42350,1211,9,17,0
42351,1211,10,9,0
42352,1211,11,13,0
42353,1211,12,6,0
42354,1211,13,34,1
42355,1211,14,11,0
42356,1211,15,14,1
42357,1211,16,23,0
42358,1211,17,6,0
42359,1211,18,27,1
42360,1211,19,8,0
42361,1211,20,13,1
42362,1211,21,5,0
42363,1211,22,7,0
42364,1211,23,14,1
42365,1211,24,7,0
42366,1211,25,10,1
42367,1211,26,11,0
42368,1211,27,20,1
42369,1211,28,11,0
42370,1211,29,18,1
42371,1211,30,11,0
42372,1211,31,17,1
42373,1211,32,9,0
42374,1211,33,11,1
42375,1211,34,8,0
42376,1211,35,17,0
42377,1212,1,18,0
42378,1212,2,11,0
42379,1212,3,11,1
42380,1212,4,28,1
42381,1212,5,17,0
42382,1212,6,19,1
42383,1212,7,20,1
42384,1212,8,24,1
42385,1212,9,29,1
42386,1212,10,19,1
42387,1212,11,34,1
42388,1212,12,5,0
42389,1212,13,34,2
42390,1212,14,6,0
42391,1212,15,14,0
42392,1212,16,3,0
42393,1212,17,20,0
42394,1212,18,30,2
42395,1212,19,19,1
42396,1212,20,27,0
42397,1212,21,5,0
42398,1212,22,14,0
42399,1212,23,24,1
42400,1212,24,32,1
42401,1212,25,24,1
42402,1212,26,10,0
42403,1212,27,19,1
42404,1212,28,26,1
42405,1212,29,14,1
42406,1212,30,11,0
42407,1212,31,11,0
42408,1212,32,20,1
42409,1212,33,48,3
42410,1212,34,17,1
42411,1212,35,22,1
42412,1213,1,8,0
42413,1213,2,11,1
42414,1213,3,19,1
42415,1213,4,14,0
42416,1213,5,39,2
42417,1213,6,15,0
42418,1213,7,38,1
42419,1213,8,28,1
42420,1213,9,29,1
42421,1213,10,24,1
42422,1213,11,15,1
42423,1213,12,32,2
42424,1213,13,26,1
42425,1213,14,34,1
42426,1213,15,29,1
42427,1213,16,19,1
42428,1213,17,17,0
42429,1213,18,28,1
42430,1213,19,37,2
42431,1213,20,30,1
42432,1213,21,40,1
42433,1213,22,37,0
42434,1213,23,31,1
42435,1213,24,14,1
42436,1213,25,29,1
42437,1213,26,26,1
42438,1213,27,32,2
42439,1213,28,25,0
42440,1213,29,20,1
42441,1213,30,44,0
42442,1213,31,23,1
42443,1213,32,39,2
42444,1213,33,19,0
42445,1213,34,34,2
42446,1213,35,38,2
42447,1214,1,29,1
42448,1214,2,31,2
42449,1214,3,27,1
42450,1214,4,25,1
42451,1214,5,22,1
42452,1214,6,9,0
42453,1214,7,18,1
42454,1214,8,23,1
42455,1214,9,15,1
42456,1214,10,16,1
42457,1214,11,15,1
42458,1214,12,37,1
42459,1214,13,13,1
42460,1214,14,15,0
42461,1214,15,17,0
42462,1214,16,21,0
42463,1214,17,20,1
42464,1214,18,15,1
42465,1214,19,9,1
42466,1214,20,14,1
42467,1214,21,12,0
42468,1214,22,19,1
42469,1214,23,20,0
42470,1214,24,33,1
42471,1214,25,15,0
42472,1214,26,12,0
42473,1214,27,16,0
42474,1214,28,20,0
42475,1214,29,22,1
42476,1214,30,38,2
42477,1214,31,16,0
42478,1214,32,19,1
42479,1214,33,9,0
42480,1214,34,17,0
42481,1214,35,14,1
42482,1215,1,23,1
42483,1215,2,19,1
42484,1215,3,20,1
42485,1215,4,31,1
42486,1215,5,7,0
42487,1215,6,2,0
42488,1215,7,5,0
42489,1215,8,14,0
42490,1215,9,12,0
42491,1215,10,15,1
42492,1215,11,10,0
42493,1215,12,17,0
42494,1215,13,11,0
42495,1215,14,6,0
42496,1215,15,10,0
42497,1215,16,21,1
42498,1215,17,17,1
42499,1215,18,10,0
42500,1215,19,11,1
42501,1215,20,8,0
42502,1215,21,17,0
42503,1215,22,5,0
42504,1215,23,21,1
42505,1215,24,18,1
42506,1215,25,8,0
42507,1215,26,12,0
42508,1215,27,13,0
42509,1215,28,9,1
42510,1215,29,8,0
42511,1215,30,29,1
42512,1215,31,9,0
42513,1215,32,15,1
42514,1215,33,22,1
42515,1215,34,23,1
42516,1215,35,27,0
42517,1216,1,35,1
42518,1216,2,10,0
42519,1216,3,47,2
42520,1216,4,28,0
42521,1216,5,10,0
42522,1216,6,33,1
42523,1216,7,29,0
42524,1216,8,35,2
42525,1216,9,24,1
42526,1216,10,25,1
42527,1216,11,21,1
42528,1216,12,23,1
42529,1216,13,27,1
42530,1216,14,22,1
42531,1216,15,30,2
42532,1216,16,52,1
42533,1216,17,7,0
42534,1216,18,22,1
42535,1216,19,24,0
42536,1216,20,5,0
42537,1216,21,15,0
42538,1216,22,16,1
42539,1216,23,20,0
42540,1216,24,13,0
42541,1216,25,30,2
42542,1216,26,18,1
42543,1216,27,24,1
42544,1216,28,18,1
42545,1216,29,18,0
42546,1216,30,16,1
42547,1216,31,17,1
42548,1216,32,22,1
42549,1216,33,26,1
42550,1216,34,35,1
42551,1216,35,18,0
42552,1217,1,30,1
42553,1217,2,41,1
42554,1217,3,10,0
42555,1217,4,45,2
42556,1217,5,47,2
42557,1217,6,32,1
42558,1217,7,24,0
42559,1217,8,47,2
42560,1217,9,5,0
42561,1217,10,27,1
42562,1217,11,24,0
42563,1217,12,24,1
42564,1217,13,30,1
42565,1217,14,10,0
42566,1217,15,12,0
42567,1217,16,30,0
42568,1217,17,6,0
42569,1217,18,41,2
42570,1217,19,45,2
42571,1217,20,28,0
42572,1217,21,41,1
42573,1217,22,20,1
42574,1217,23,36,1
42575,1217,24,13,1
42576,1217,25,41,2
42577,1217,26,22,1
42578,1217,27,30,1
42579,1217,28,23,1
42580,1217,29,9,0
42581,1217,30,25,0
42582,1217,31,45,1
42583,1217,32,41,2
42584,1217,33,16,0
42585,1217,34,38,0
42586,1217,35,11,1
42587,1218,1,18,1
42588,1218,2,33,1
42589,1218,3,18,1
42590,1218,4,20,0
42591,1218,5,12,0
42592,1218,6,19,1
42593,1218,7,28,0
42594,1218,8,17,1
42595,1218,9,11,0
42596,1218,10,28,1
42597,1218,11,12,1
42598,1218,12,18,1
42599,1218,13,15,1
42600,1218,14,18,0
42601,1218,15,10,0
42602,1218,16,33,0
42603,1218,17,21,1
42604,1218,18,20,1
42605,1218,19,37,1
42606,1218,20,20,1
42607,1218,21,30,1
42608,1218,22,18,1
42609,1218,23,12,0
42610,1218,24,19,1
42611,1218,25,12,0
42612,1218,26,37,1
42613,1218,27,23,0
42614,1218,28,11,0
42615,1218,29,10,1
42616,1218,30,32,1
42617,1218,31,22,1
42618,1218,32,4,0
42619,1218,33,21,1
42620,1218,34,10,0
42621,1218,35,12,0
42622,1219,1,22,1
42623,1219,2,9,0
42624,1219,3,7,0
42625,1219,4,16,1
42626,1219,5,23,1
42627,1219,6,8,0
42628,1219,7,14,1
42629,1219,8,14,1
42630,1219,9,21,1
42631,1219,10,23,1
42632,1219,11,27,2
42633,1219,12,28,1
42634,1219,13,2,0
42635,1219,14,12,1
42636,1219,15,6,0
42637,1219,16,21,1
42638,1219,17,21,1
42639,1219,18,15,0
42640,1219,19,14,1
42641,1219,20,14,0
42642,1219,21,15,1
42643,1219,22,20,1
42644,1219,23,16,1
42645,1219,24,17,1
42646,1219,25,21,1
42647,1219,26,18,0
42648,1219,27,10,0
42649,1219,28,20,0
42650,1219,29,9,0
42651,1219,30,14,0
42652,1219,31,11,1
42653,1219,32,13,0
42654,1219,33,18,1
42655,1219,34,13,0
42656,1219,35,36,1
42657,1220,1,11,0
42658,1220,2,31,2
42659,1220,3,30,1
42660,1220,4,35,2
42661,1220,5,34,1
42662,1220,6,45,2
42663,1220,7,18,0
42664,1220,8,18,1
42665,1220,9,16,1
42666,1220,10,19,1
42667,1220,11,21,0
42668,1220,12,32,1
42669,1220,13,18,0
42670,1220,14,20,0
42671,1220,15,12,1
42672,1220,16,72,4
42673,1220,17,49,2
42674,1220,18,25,1
42675,1220,19,40,1
42676,1220,20,17,1
42677,1220,21,38,1
42678,1220,22,39,2
42679,1220,23,9,0
42680,1220,24,27,0
42681,1220,25,17,1
42682,1220,26,15,1
42683,1220,27,32,1
42684,1220,28,19,1
42685,1220,29,10,0
42686,1220,30,49,3
42687,1220,31,26,1
42688,1220,32,43,3
42689,1220,33,10,0
42690,1220,34,32,2
42691,1220,35,23,1
42692,1221,1,12,0
42693,1221,2,23,1
42694,1221,3,37,2
42695,1221,4,48,2
42696,1221,5,14,1
42697,1221,6,24,1
42698,1221,7,39,2
42699,1221,8,45,2
42700,1221,9,30,0
42701,1221,10,35,2
42702,1221,11,60,2
42703,1221,12,39,1
42704,1221,13,61,1
42705,1221,14,58,3
42706,1221,15,23,0
42707,1221,16,32,1
42708,1221,17,27,1
42709,1221,18,35,1
42710,1221,19,19,1
42711,1221,20,20,1
42712,1221,21,18,1
42713,1221,22,52,0
42714,1221,23,37,2
42715,1221,24,33,1
42716,1221,25,22,1
42717,1221,26,26,1
42718,1221,27,12,1
42719,1221,28,15,0
42720,1221,29,25,1
42721,1221,30,21,0
42722,1221,31,43,2
42723,1221,32,21,1
42724,1221,33,40,1
42725,1221,34,21,0
42726,1221,35,43,1
42727,1222,1,6,0
42728,1222,2,34,2
42729,1222,3,38,2
42730,1222,4,5,0
42731,1222,5,17,1
42732,1222,6,21,0
42733,1222,7,35,2
42734,1222,8,47,1
42735,1222,9,6,0
42736,1222,10,33,2
42737,1222,11,5,0
42738,1222,12,33,1
42739,1222,13,25,1
42740,1222,14,9,0
42741,1222,15,43,2
42742,1222,16,20,1
42743,1222,17,28,1
42744,1222,18,41,1
42745,1222,19,17,1
42746,1222,20,41,2
42747,1222,21,15,1
42748,1222,22,18,1
42749,1222,23,15,1
42750,1222,24,28,0
42751,1222,25,11,0
42752,1222,26,40,1
42753,1222,27,16,0
42754,1222,28,32,2
42755,1222,29,21,1
42756,1222,30,26,1
42757,1222,31,35,1
42758,1222,32,46,1
42759,1222,33,14,1
42760,1222,34,8,0
42761,1222,35,18,0
42762,1223,1,5,0
42763,1223,2,16,1
42764,1223,3,44,2
42765,1223,4,17,1
42766,1223,5,23,0
42767,1223,6,40,2
42768,1223,7,30,0
42769,1223,8,33,2
42770,1223,9,17,0
42771,1223,10,13,0
42772,1223,11,18,1
42773,1223,12,14,1
42774,1223,13,19,1
42775,1223,14,38,2
42776,1223,15,18,0
42777,1223,16,24,1
42778,1223,17,28,1
42779,1223,18,9,1
42780,1223,19,11,0
42781,1223,20,26,1
42782,1223,21,75,1
42783,1223,22,24,0
42784,1223,23,13,0
42785,1223,24,19,0
42786,1223,25,9,1
42787,1223,26,25,1
42788,1223,27,16,1
42789,1223,28,11,0
42790,1223,29,5,0
42791,1223,30,11,1
42792,1223,31,15,1
42793,1223,32,14,0
42794,1223,33,18,1
42795,1223,34,28,1
42796,1223,35,6,0
42797,1224,1,42,2
42798,1224,2,25,1
42799,1224,3,29,1
42800,1224,4,35,1
42801,1224,5,52,1
42802,1224,6,21,1
42803,1224,7,18,1
42804,1224,8,31,1
42805,1224,9,18,1
42806,1224,10,25,1
42807,1224,11,20,1
42808,1224,12,31,1
42809,1224,13,31,1
42810,1224,14,29,0
42811,1224,15,36,0
42812,1224,16,22,0
42813,1224,17,26,1
42814,1224,18,14,1
42815,1224,19,41,2
42816,1224,20,20,1
42817,1224,21,8,0
42818,1224,22,8,0
42819,1224,23,36,1
42820,1224,24,15,1
42821,1224,25,38,1
42822,1224,26,14,1
42823,1224,27,41,1
42824,1224,28,26,0
42825,1224,29,17,1
42826,1224,30,28,1
42827,1224,31,18,1
42828,1224,32,38,1
42829,1224,33,19,0
42830,1224,34,55,2
42831,1224,35,22,1
42832,1225,1,21,1
42833,1225,2,43,2
42834,1225,3,11,0
42835,1225,4,26,1
42836,1225,5,12,1
42837,1225,6,37,2
42838,1225,7,41,1
42839,1225,8,19,1
42840,1225,9,47,1
42841,1225,10,27,0
42842,1225,11,32,2
42843,1225,12,35,2
42844,1225,13,18,1
42845,1225,14,45,2
42846,1225,15,14,1
42847,1225,16,13,1
42848,1225,17,79,0
42849,1225,18,50,1
42850,1225,19,43,2
42851,1225,20,29,0
42852,1225,21,51,0
42853,1225,22,17,0
42854,1225,23,45,1
42855,1225,24,30,1
42856,1225,25,9,0
42857,1225,26,16,0
42858,1225,27,31,1
42859,1225,28,21,0
42860,1225,29,51,2
42861,1225,30,21,0
42862,1225,31,31,1
42863,1225,32,45,2
42864,1225,33,4,0
42865,1225,34,11,0
42866,1225,35,33,1
42867,1226,1,29,1
42868,1226,2,28,1
42869,1226,3,31,1
42870,1226,4,19,0
42871,1226,5,27,1
42872,1226,6,58,1
42873,1226,7,27,1
42874,1226,8,32,1
42875,1226,9,24,0
42876,1226,10,22,0
42877,1226,11,21,1
42878,1226,12,17,0
42879,1226,13,37,1
42880,1226,14,14,0
42881,1226,15,55,2
42882,1226,16,17,1
42883,1226,17,19,0
42884,1226,18,7,0
42885,1226,19,19,1
42886,1226,20,19,0
42887,1226,21,16,1
42888,1226,22,43,2
42889,1226,23,24,1
42890,1226,24,19,0
42891,1226,25,14,0
42892,1226,26,21,0
42893,1226,27,12,1
42894,1226,28,16,1
42895,1226,29,4,0
42896,1226,30,32,1
42897,1226,31,11,0
42898,1226,32,31,2
42899,1226,33,9,0
42900,1226,34,43,1
42901,1226,35,17,0
42902,1227,1,21,0
42903,1227,2,3,0
42904,1227,3,23,1
42905,1227,4,27,1
42906,1227,5,17,1
42907,1227,6,19,0
42908,1227,7,25,1
42909,1227,8,11,1
42910,1227,9,18,0
42911,1227,10,12,1
42912,1227,11,9,0
42913,1227,12,9,0
42914,1227,13,19,1
42915,1227,14,23,1
42916,1227,15,5,0
42917,1227,16,22,0
42918,1227,17,25,1
42919,1227,18,25,1
42920,1227,19,40,1
42921,1227,20,13,0
42922,1227,21,16,1
42923,1227,22,19,1
42924,1227,23,23,1
42925,1227,24,20,0
42926,1227,25,18,1
42927,1227,26,17,1
42928,1227,27,17,0
42929,1227,28,22,0
42930,1227,29,24,1
42931,1227,30,11,0
42932,1227,31,8,0
42933,1227,32,20,1
42934,1227,33,13,0
42935,1227,34,22,0
42936,1227,35,11,0
42937,1228,1,17,1
42938,1228,2,28,2
42939,1228,3,16,1
42940,1228,4,32,1
42941,1228,5,13,1
42942,1228,6,28,0
42943,1228,7,29,1
42944,1228,8,24,1
42945,1228,9,15,1
42946,1228,10,34,1
42947,1228,11,30,2
42948,1228,12,40,1
42949,1228,13,26,0
42950,1228,14,39,0
42951,1228,15,28,1
42952,1228,16,37,2
42953,1228,17,33,1
42954,1228,18,37,1
42955,1228,19,27,1
42956,1228,20,33,2
42957,1228,21,20,1
42958,1228,22,37,1
42959,1228,23,16,0
42960,1228,24,33,2
42961,1228,25,27,1
42962,1228,26,7,0
42963,1228,27,11,0
42964,1228,28,16,0
42965,1228,29,28,1
42966,1228,30,20,0
42967,1228,31,40,1
42968,1228,32,32,2
42969,1228,33,34,1
42970,1228,34,15,1
42971,1228,35,26,1
42972,1229,1,35,2
42973,1229,2,21,0
42974,1229,3,12,1
42975,1229,4,23,0
42976,1229,5,9,0
42977,1229,6,20,1
42978,1229,7,34,1
42979,1229,8,15,0
42980,1229,9,15,1
42981,1229,10,13,1
42982,1229,11,18,0
42983,1229,12,13,0
42984,1229,13,31,1
42985,1229,14,32,1
42986,1229,15,10,0
42987,1229,16,15,0
42988,1229,17,14,0
42989,1229,18,25,1
42990,1229,19,12,1
42991,1229,20,20,1
42992,1229,21,27,0
42993,1229,22,30,1
42994,1229,23,15,1
42995,1229,24,26,1
42996,1229,25,11,0
42997,1229,26,17,1
42998,1229,27,25,1
42999,1229,28,24,0
43000,1229,29,15,0
43001,1229,30,32,0
43002,1229,31,29,1
43003,1229,32,26,0
43004,1229,33,29,1
43005,1229,34,7,0
43006,1229,35,22,0
43007,1230,1,29,1
43008,1230,2,27,0
43009,1230,3,5,0
43010,1230,4,10,0
43011,1230,5,9,0
43012,1230,6,30,1
43013,1230,7,18,1
43014,1230,8,27,1
43015,1230,9,11,0
43016,1230,10,8,0
43017,1230,11,10,0
43018,1230,12,30,0
43019,1230,13,24,0
43020,1230,14,10,0
43021,1230,15,16,0
43022,1230,16,23,1
43023,1230,17,20,1
43024,1230,18,25,1
43025,1230,19,3,0
43026,1230,20,27,1
43027,1230,21,9,0
43028,1230,22,11,0
43029,1230,23,10,0
43030,1230,24,15,0
43031,1230,25,15,0
43032,1230,26,10,0
43033,1230,27,10,0
43034,1230,28,17,1
43035,1230,29,15,1
43036,1230,30,32,1
43037,1230,31,22,0
43038,1230,32,11,0
43039,1230,33,16,1
43040,1230,34,23,1
43041,1230,35,14,0
43042,1231,1,10,0
43043,1231,2,10,0
43044,1231,3,9,0
43045,1231,4,14,1
43046,1231,5,12,1
43047,1231,6,23,0
43048,1231,7,15,0
43049,1231,8,12,0
43050,1231,9,19,0
43051,1231,10,8,0
43052,1231,11,10,1
43053,1231,12,19,1
43054,1231,13,20,0
43055,1231,14,24,0
43056,1231,15,10,0
43057,1231,16,14,1
43058,1231,17,14,0
43059,1231,18,17,0
43060,1231,19,15,0
43061,1231,20,14,0
43062,1231,21,12,1
43063,1231,22,15,0
43064,1231,23,10,0
43065,1231,24,16,1
43066,1231,25,4,0
43067,1231,26,10,0
43068,1231,27,17,0
43069,1231,28,4,0
43070,1231,29,8,0
43071,1231,30,18,1
43072,1231,31,3,0
43073,1231,32,8,0
43074,1231,33,12,0
43075,1231,34,13,0
43076,1231,35,13,1
43077,1232,1,22,1
43078,1232,2,17,0
43079,1232,3,9,0
43080,1232,4,31,1
43081,1232,5,13,0
43082,1232,6,15,1
43083,1232,7,42,1
43084,1232,8,18,1
43085,1232,9,22,0
43086,1232,10,27,1
43087,1232,11,38,1
43088,1232,12,31,1
43089,1232,13,19,1
43090,1232,14,17,1
43091,1232,15,10,0
43092,1232,16,20,1
43093,1232,17,27,1
43094,1232,18,13,1
43095,1232,19,10,0
43096,1232,20,35,2
43097,1232,21,20,0
43098,1232,22,11,1
43099,1232,23,12,1
43100,1232,24,21,1
43101,1232,25,16,1
43102,1232,26,24,1
43103,1232,27,24,1
43104,1232,28,19,1
43105,1232,29,26,1
43106,1232,30,19,0
43107,1232,31,19,1
43108,1232,32,15,0
43109,1232,33,16,1
43110,1232,34,9,0
43111,1232,35,7,0
43112,1233,1,49,1
43113,1233,2,6,0
43114,1233,3,11,1
43115,1233,4,26,1
43116,1233,5,16,0
43117,1233,6,26,0
43118,1233,7,22,1
43119,1233,8,25,1
43120,1233,9,32,2
43121,1233,10,12,1
43122,1233,11,17,0
43123,1233,12,50,1
43124,1233,13,32,1
43125,1233,14,22,0
43126,1233,15,15,1
43127,1233,16,18,0
43128,1233,17,14,0
43129,1233,18,30,0
43130,1233,19,10,0
43131,1233,20,20,1
43132,1233,21,13,1
43133,1233,22,31,1
43134,1233,23,16,1
43135,1233,24,11,1
43136,1233,25,19,0
43137,1233,26,24,1
43138,1233,27,18,1
43139,1233,28,21,0
43140,1233,29,34,1
43141,1233,30,17,0
43142,1233,31,10,0
43143,1233,32,15,0
43144,1233,33,32,1
43145,1233,34,19,1
43146,1233,35,13,0
43147,1234,1,17,0
43148,1234,2,11,1
43149,1234,3,12,1
43150,1234,4,9,0
43151,1234,5,10,0
43152,1234,6,30,1
43153,1234,7,18,1
43154,1234,8,16,1
43155,1234,9,23,1
43156,1234,10,18,1
43157,1234,11,19,1
43158,1234,12,13,0
43159,1234,13,23,0
43160,1234,14,11,0
43161,1234,15,8,0
43162,1234,16,19,0
43163,1234,17,9,0
43164,1234,18,32,1
43165,1234,19,27,1
43166,1234,20,8,0
43167,1234,21,12,1
43168,1234,22,13,1
43169,1234,23,13,1
43170,1234,24,16,0
43171,1234,25,11,0
43172,1234,26,20,1
43173,1234,27,18,1
43174,1234,28,24,1
43175,1234,29,8,0
43176,1234,30,12,1
43177,1234,31,17,1
43178,1234,32,19,0
43179,1234,33,24,0
43180,1234,34,4,0
43181,1234,35,19,0
43182,1235,1,9,0
43183,1235,2,17,0
43184,1235,3,9,0
43185,1235,4,10,0
43186,1235,5,33,1
43187,1235,6,16,1
43188,1235,7,14,1
43189,1235,8,11,0
43190,1235,9,8,0
43191,1235,10,9,0
43192,1235,11,7,0
43193,1235,12,16,1
43194,1235,13,9,0
43195,1235,14,20,0
43196,1235,15,11,0
43197,1235,16,12,1
43198,1235,17,14,1
43199,1235,18,21,1
43200,1235,19,8,0
43201,1235,20,16,1
43202,1235,21,13,0
43203,1235,22,6,0
43204,1235,23,14,1
43205,1235,24,16,1
43206,1235,25,15,1
43207,1235,26,9,0
43208,1235,27,14,0
43209,1235,28,11,0
43210,1235,29,13,1
43211,1235,30,35,1
43212,1235,31,15,0
43213,1235,32,21,1
43214,1235,33,14,0
43215,1235,34,11,1
43216,1235,35,9,0
43217,1236,1,15,1
43218,1236,2,28,2
43219,1236,3,31,0
43220,1236,4,36,1
43221,1236,5,6,0
43222,1236,6,14,1
43223,1236,7,24,1
43224,1236,8,27,1
43225,1236,9,10,0
43226,1236,10,13,0
43227,1236,11,17,1
43228,1236,12,29,1
43229,1236,13,8,0
43230,1236,14,16,0
43231,1236,15,25,0
43232,1236,16,21,1
43233,1236,17,9,1
43234,1236,18,18,1
43235,1236,19,25,1
43236,1236,20,34,1
43237,1236,21,11,0
43238,1236,22,26,0
43239,1236,23,24,1
43240,1236,24,27,2
43241,1236,25,9,0
43242,1236,26,28,1
43243,1236,27,10,0
43244,1236,28,31,2
43245,1236,29,31,1
43246,1236,30,12,0
43247,1236,31,24,0
43248,1236,32,12,1
43249,1236,33,31,1
43250,1236,34,20,1
43251,1236,35,34,1
43252,1237,1,16,1
43253,1237,2,22,1
43254,1237,3,21,1
43255,1237,4,43,3
43256,1237,5,15,1
43257,1237,6,33,1
43258,1237,7,29,2
43259,1237,8,16,0
43260,1237,9,26,1
43261,1237,10,18,0
43262,1237,11,19,0
43263,1237,12,22,1
43264,1237,13,25,1
43265,1237,14,21,1
43266,1237,15,24,1
43267,1237,16,24,1
43268,1237,17,32,0
43269,1237,18,25,1
43270,1237,19,18,1
43271,1237,20,19,1
43272,1237,21,28,1
43273,1237,22,27,1
43274,1237,23,33,2
43275,1237,24,33,1
43276,1237,25,29,1
43277,1237,26,14,1
43278,1237,27,35,2
43279,1237,28,22,1
43280,1237,29,18,0
43281,1237,30,17,1
43282,1237,31,12,1
43283,1237,32,15,0
43284,1237,33,25,1
43285,1237,34,20,0
43286,1237,35,6,0
43287,1238,1,6,0
43288,1238,2,26,1
43289,1238,3,19,1
43290,1238,4,10,0
43291,1238,5,25,1
43292,1238,6,13,0
43293,1238,7,23,1
43294,1238,8,31,0
43295,1238,9,10,0
43296,1238,10,18,1
43297,1238,11,4,0
43298,1238,12,13,1
43299,1238,13,25,1
43300,1238,14,13,1
43301,1238,15,12,0
43302,1238,16,7,0
43303,1238,17,20,1
43304,1238,18,33,2
43305,1238,19,17,0
43306,1238,20,16,0
43307,1238,21,18,1
43308,1238,22,30,2
43309,1238,23,11,1
43310,1238,24,6,0
43311,1238,25,3,0
43312,1238,26,19,1
43313,1238,27,33,2
43314,1238,28,12,1
43315,1238,29,12,0
43316,1238,30,34,1
43317,1238,31,17,1
43318,1238,32,32,1
43319,1238,33,14,1
43320,1238,34,25,1
43321,1238,35,12,0
43322,1239,1,13,0
43323,1239,2,7,0
43324,1239,3,5,0
43325,1239,4,7,0
43326,1239,5,15,0
43327,1239,6,17,1
43328,1239,7,29,1
43329,1239,8,11,1
43330,1239,9,6,0
43331,1239,10,11,0
43332,1239,11,10,0
43333,1239,12,22,1
43334,1239,13,13,0
43335,1239,14,10,0
43336,1239,15,19,1
43337,1239,16,5,0
43338,1239,17,10,0
43339,1239,18,17,0
43340,1239,19,7,0
43341,1239,20,14,0
43342,1239,21,6,0
43343,1239,22,16,1
43344,1239,23,16,0
43345,1239,24,18,1
43346,1239,25,12,0
43347,1239,26,22,0
43348,1239,27,15,0
43349,1239,28,10,0
43350,1239,29,14,0
43351,1239,30,27,1
43352,1239,31,21,1
43353,1239,32,7,0
43354,1239,33,13,0
43355,1239,34,9,0
43356,1239,35,15,1
43357,1240,1,36,1
43358,1240,2,12,0
43359,1240,3,16,0
43360,1240,4,27,1
43361,1240,5,10,0
43362,1240,6,16,1
43363,1240,7,14,1
43364,1240,8,23,0
43365,1240,9,16,0
43366,1240,10,15,0
43367,1240,11,12,1
43368,1240,12,11,1
43369,1240,13,18,1
43370,1240,14,21,0
43371,1240,15,20,1
43372,1240,16,27,1
43373,1240,17,28,1
43374,1240,18,16,1
43375,1240,19,30,1
43376,1240,20,30,1
43377,1240,21,37,1
43378,1240,22,42,2
43379,1240,23,18,1
43380,1240,24,14,0
43381,1240,25,16,0
43382,1240,26,20,0
43383,1240,27,26,2
43384,1240,28,30,1
43385,1240,29,23,1
43386,1240,30,15,0
43387,1240,31,20,1
43388,1240,32,8,0
43389,1240,33,25,1
43390,1240,34,21,1
43391,1240,35,12,1
43392,1241,1,21,1
43393,1241,2,15,1
43394,1241,3,15,0
43395,1241,4,47,2
43396,1241,5,18,1
43397,1241,6,33,2
43398,1241,7,44,1
43399,1241,8,22,1
43400,1241,9,24,1
43401,1241,10,25,1
43402,1241,11,30,2
43403,1241,12,40,2
43404,1241,13,19,1
43405,1241,14,16,1
43406,1241,15,28,2
43407,1241,16,22,0
43408,1241,17,12,1
43409,1241,18,5,0
43410,1241,19,16,1
43411,1241,20,23,0
43412,1241,21,26,1
43413,1241,22,31,1
43414,1241,23,20,1
43415,1241,24,28,1
43416,1241,25,25,1
43417,1241,26,37,2
43418,1241,27,33,1
43419,1241,28,34,1
43420,1241,29,18,1
43421,1241,30,19,1
43422,1241,31,22,1
43423,1241,32,20,1
43424,1241,33,30,1
43425,1241,34,13,1
43426,1241,35,34,2
43427,1242,1,31,1
43428,1242,2,15,0
43429,1242,3,42,1
43430,1242,4,9,0
43431,1242,5,9,0
43432,1242,6,27,1
43433,1242,7,13,0
43434,1242,8,15,1
43435,1242,9,10,0
43436,1242,10,3,0
43437,1242,11,17,0
43438,1242,12,25,0
43439,1242,13,16,0
43440,1242,14,37,1
43441,1242,15,12,1
43442,1242,16,19,1
43443,1242,17,6,0
43444,1242,18,9,0
43445,1242,19,12,0
43446,1242,20,26,0
43447,1242,21,17,1
43448,1242,22,12,1
43449,1242,23,25,1
43450,1242,24,13,1
43451,1242,25,27,2
43452,1242,26,14,1
43453,1242,27,21,0
43454,1242,28,15,1
43455,1242,29,31,1
43456,1242,30,16,0
43457,1242,31,30,1
43458,1242,32,9,0
43459,1242,33,15,0
43460,1242,34,21,0
43461,1242,35,13,1
43462,1243,1,14,0
43463,1243,2,34,1
43464,1243,3,7,0
43465,1243,4,30,1
43466,1243,5,21,1
43467,1243,6,15,1
43468,1243,7,20,1
43469,1243,8,13,0
43470,1243,9,16,0
43471,1243,10,18,1
43472,1243,11,18,1
43473,1243,12,27,2
43474,1243,13,11,0
43475,1243,14,13,1
43476,1243,15,19,1
43477,1243,16,20,1
43478,1243,17,10,0
43479,1243,18,8,0
43480,1243,19,8,0
43481,1243,20,15,0
43482,1243,21,7,0
43483,1243,22,6,0
43484,1243,23,10,0
43485,1243,24,21,1
43486,1243,25,11,1
43487,1243,26,12,1
43488,1243,27,6,0
43489,1243,28,16,0
43490,1243,29,7,0
43491,1243,30,11,1
43492,1243,31,7,0
43493,1243,32,10,0
43494,1243,33,10,0
43495,1243,34,22,1
43496,1243,35,9,0
43497,1244,1,29,1
43498,1244,2,32,1
43499,1244,3,20,1
43500,1244,4,7,0
43501,1244,5,30,2
43502,1244,6,33,1
43503,1244,7,13,0
43504,1244,8,22,1
43505,1244,9,18,0
43506,1244,10,24,1
43507,1244,11,20,0
43508,1244,12,26,1
43509,1244,13,27,1
43510,1244,14,17,0
43511,1244,15,27,1
43512,1244,16,18,0
43513,1244,17,26,1
43514,1244,18,17,0
43515,1244,19,38,1
43516,1244,20,9,0
43517,1244,21,18,0
43518,1244,22,21,1
43519,1244,23,22,1
43520,1244,24,26,1
43521,1244,25,12,1
43522,1244,26,10,0
43523,1244,27,21,0
43524,1244,28,15,1
43525,1244,29,12,1
43526,1244,30,11,0
43527,1244,31,5,0
43528,1244,32,56,2
43529,1244,33,43,1
43530,1244,34,14,0
43531,1244,35,20,1
43532,1245,1,45,1
43533,1245,2,14,0
43534,1245,3,51,2
43535,1245,4,9,0
43536,1245,5,27,1
43537,1245,6,42,1
43538,1245,7,9,0
43539,1245,8,27,1
43540,1245,9,57,3
43541,1245,10,27,1
43542,1245,11,21,1
43543,1245,12,41,2
43544,1245,13,26,1
43545,1245,14,24,1
43546,1245,15,46,1
43547,1245,16,50,2
43548,1245,17,34,2
43549,1245,18,18,0
43550,1245,19,41,1
43551,1245,20,34,1
43552,1245,21,14,0
43553,1245,22,41,0
43554,1245,23,20,1
43555,1245,24,18,1
43556,1245,25,31,1
43557,1245,26,42,2
43558,1245,27,41,1
43559,1245,28,14,1
43560,1245,29,14,1
43561,1245,30,18,1
43562,1245,31,22,1
43563,1245,32,22,1
43564,1245,33,28,1
43565,1245,34,40,2
43566,1245,35,18,1
43567,1246,1,14,1
43568,1246,2,22,0
43569,1246,3,24,1
43570,1246,4,21,0
43571,1246,5,15,1
43572,1246,6,14,0
43573,1246,7,11,0
43574,1246,8,10,0
43575,1246,9,14,1
43576,1246,10,16,1
43577,1246,11,10,0
43578,1246,12,16,0
43579,1246,13,11,0
43580,1246,14,8,0
43581,1246,15,25,1
43582,1246,16,21,0
43583,1246,17,10,0
43584,1246,18,25,1
43585,1246,19,12,1
43586,1246,20,8,0
43587,1246,21,30,1
43588,1246,22,11,0
43589,1246,23,6,0
43590,1246,24,12,1
43591,1246,25,23,1
43592,1246,26,17,0
43593,1246,27,39,1
43594,1246,28,34,2
43595,1246,29,17,1
43596,1246,30,19,1
43597,1246,31,43,1
43598,1246,32,12,1
43599,1246,33,10,0
43600,1246,34,11,0
43601,1246,35,14,1
43602,1247,1,13,0
43603,1247,2,29,1
43604,1247,3,30,1
43605,1247,4,11,0
43606,1247,5,8,0
43607,1247,6,27,1
43608,1247,7,11,0
43609,1247,8,23,0
43610,1247,9,6,0
43611,1247,10,8,0
43612,1247,11,27,1
43613,1247,12,33,2
43614,1247,13,22,1
43615,1247,14,9,0
43616,1247,15,13,0
43617,1247,16,11,0
43618,1247,17,9,0
43619,1247,18,4,0
43620,1247,19,10,0
43621,1247,20,17,0
43622,1247,21,24,1
43623,1247,22,10,0
43624,1247,23,20,1
43625,1247,24,14,0
43626,1247,25,13,1
43627,1247,26,14,0
43628,1247,27,31,0
43629,1247,28,24,1
43630,1247,29,8,0
43631,1247,30,13,0
43632,1247,31,13,1
43633,1247,32,2,0
43634,1247,33,20,0
43635,1247,34,15,1
43636,1247,35,9,0
43637,1248,1,11,0
43638,1248,2,37,2
43639,1248,3,13,0
43640,1248,4,36,1
43641,1248,5,11,0
43642,1248,6,10,0
43643,1248,7,9,0
43644,1248,8,7,0
43645,1248,9,21,1
43646,1248,10,15,0
43647,1248,11,19,1
43648,1248,12,13,1
43649,1248,13,39,1
43650,1248,14,14,0
43651,1248,15,18,0
43652,1248,16,7,0
43653,1248,17,50,1
43654,1248,18,42,1
43655,1248,19,39,1
43656,1248,20,35,0
43657,1248,21,11,0
43658,1248,22,11,0
43659,1248,23,20,0
43660,1248,24,24,0
43661,1248,25,15,1
43662,1248,26,21,1
43663,1248,27,14,1
43664,1248,28,29,1
43665,1248,29,17,1
43666,1248,30,25,0
43667,1248,31,30,1
43668,1248,32,20,1
43669,1248,33,24,1
43670,1248,34,38,2
43671,1248,35,14,0
43672,1249,1,35,1
43673,1249,2,41,1
43674,1249,3,24,1
43675,1249,4,35,1
43676,1249,5,35,1
43677,1249,6,45,1
43678,1249,7,57,3
43679,1249,8,25,1
43680,1249,9,38,1
43681,1249,10,21,0
43682,1249,11,22,1
43683,1249,12,10,0
43684,1249,13,41,1
43685,1249,14,53,3
43686,1249,15,41,1
43687,1249,16,40,2
43688,1249,17,28,0
43689,1249,18,20,1
43690,1249,19,31,2
43691,1249,20,25,1
43692,1249,21,41,2
43693,1249,22,19,0
43694,1249,23,32,2
43695,1249,24,41,1
43696,1249,25,30,0
43697,1249,26,38,1
43698,1249,27,45,1
43699,1249,28,60,2
43700,1249,29,43,2
43701,1249,30,16,1
43702,1249,31,22,1
43703,1249,32,27,0
43704,1249,33,59,2
43705,1249,34,23,1
43706,1249,35,42,1
43707,1250,1,13,1
43708,1250,2,13,0
43709,1250,3,23,1
43710,1250,4,30,1
43711,1250,5,38,1
43712,1250,6,23,0
43713,1250,7,27,1
43714,1250,8,26,1
43715,1250,9,42,1
43716,1250,10,26,0
43717,1250,11,12,0
43718,1250,12,16,1
43719,1250,13,16,1
43720,1250,14,26,1
43721,1250,15,67,3
43722,1250,16,18,1
43723,1250,17,30,1
43724,1250,18,22,0
43725,1250,19,17,0
43726,1250,20,9,0
43727,1250,21,8,0
43728,1250,22,14,1
43729,1250,23,14,0
43730,1250,24,24,1
43731,1250,25,26,1
43732,1250,26,12,1
43733,1250,27,24,1
43734,1250,28,34,1
43735,1250,29,16,1
43736,1250,30,14,0
43737,1250,31,18,1
43738,1250,32,30,1
43739,1250,33,25,1
43740,1250,34,28,1
43741,1250,35,26,1
43742,1251,1,16,0
43743,1251,2,24,0
43744,1251,3,18,0
43745,1251,4,17,1
43746,1251,5,8,0
43747,1251,6,21,1
43748,1251,7,2,0
43749,1251,8,17,0
43750,1251,9,17,0
43751,1251,10,20,1
43752,1251,11,15,1
43753,1251,12,24,1
43754,1251,13,18,0
43755,1251,14,17,1
43756,1251,15,19,0
43757,1251,16,13,0
43758,1251,17,18,1
43759,1251,18,11,1
43760,1251,19,36,1
43761,1251,20,25,1
43762,1251,21,13,0
43763,1251,22,33,1
43764,1251,23,44,2
43765,1251,24,30,1
43766,1251,25,25,1
43767,1251,26,22,1
43768,1251,27,13,0
43769,1251,28,25,1
43770,1251,29,16,1
43771,1251,30,24,0
43772,1251,31,8,0
43773,1251,32,16,1
43774,1251,33,24,0
43775,1251,34,24,1
43776,1251,35,15,0
43777,1252,1,47,3
43778,1252,2,31,1
43779,1252,3,23,1
43780,1252,4,22,1
43781,1252,5,26,0
43782,1252,6,24,1
43783,1252,7,59,1
43784,1252,8,20,1
43785,1252,9,16,1
43786,1252,10,25,0
43787,1252,11,12,0
43788,1252,12,28,1
43789,1252,13,32,1
43790,1252,14,38,2
43791,1252,15,37,1
43792,1252,16,15,0
43793,1252,17,31,1
43794,1252,18,25,1
43795,1252,19,17,0
43796,1252,20,31,2
43797,1252,21,43,1
43798,1252,22,14,0
43799,1252,23,31,1
43800,1252,24,22,0
43801,1252,25,15,0
43802,1252,26,38,1
43803,1252,27,9,0
43804,1252,28,33,1
43805,1252,29,17,1
43806,1252,30,41,2
43807,1252,31,28,1
43808,1252,32,19,1
43809,1252,33,29,0
43810,1252,34,32,1
43811,1252,35,23,1
43812,1253,1,22,1
43813,1253,2,23,0
43814,1253,3,17,1
43815,1253,4,20,1
43816,1253,5,27,0
43817,1253,6,54,3
43818,1253,7,11,0
43819,1253,8,45,1
43820,1253,9,73,4
43821,1253,10,38,1
43822,1253,11,44,2
43823,1253,12,21,1
43824,1253,13,35,1
43825,1253,14,40,1
43826,1253,15,52,1
43827,1253,16,29,1
43828,1253,17,24,0
43829,1253,18,11,1
43830,1253,19,12,0
43831,1253,20,8,0
43832,1253,21,18,1
43833,1253,22,23,0
43834,1253,23,45,3
43835,1253,24,13,1
43836,1253,25,32,1
43837,1253,26,16,0
43838,1253,27,35,2
43839,1253,28,35,0
43840,1253,29,24,1
43841,1253,30,35,2
43842,1253,31,32,2
43843,1253,32,43,2
43844,1253,33,50,2
43845,1253,34,43,2
43846,1253,35,17,1
43847,1254,1,9,0
43848,1254,2,15,0
43849,1254,3,28,1
43850,1254,4,26,1
43851,1254,5,21,1
43852,1254,6,25,1
43853,1254,7,17,0
43854,1254,8,20,1
43855,1254,9,20,1
43856,1254,10,7,0
43857,1254,11,14,0
43858,1254,12,10,0
43859,1254,13,8,0
43860,1254,14,23,1
43861,1254,15,14,1
43862,1254,16,15,1
43863,1254,17,14,0
43864,1254,18,11,0
43865,1254,19,12,1
43866,1254,20,38,2
43867,1254,21,10,1
43868,1254,22,28,2
43869,1254,23,27,1
43870,1254,24,14,0
43871,1254,25,19,0
43872,1254,26,30,2
43873,1254,27,4,0
43874,1254,28,11,0
43875,1254,29,19,0
43876,1254,30,25,0
43877,1254,31,14,1
43878,1254,32,51,3
43879,1254,33,28,1
43880,1254,34,22,0
43881,1254,35,50,2
43882,1255,1,23,1
43883,1255,2,17,0
43884,1255,3,5,0
43885,1255,4,18,1
43886,1255,5,19,1
43887,1255,6,23,1
43888,1255,7,17,0
43889,1255,8,14,0
43890,1255,9,16,0
43891,1255,10,21,1
43892,1255,11,7,0
43893,1255,12,29,1
43894,1255,13,18,1
43895,1255,14,5,0
43896,1255,15,4,0
43897,1255,16,31,1
43898,1255,17,19,0
43899,1255,18,24,1
43900,1255,19,12,0
43901,1255,20,14,1
43902,1255,21,1,0
43903,1255,22,19,1
43904,1255,23,9,0
43905,1255,24,15,1
43906,1255,25,11,0
43907,1255,26,28,1
43908,1255,27,28,0
43909,1255,28,18,0
43910,1255,29,15,0
43911,1255,30,22,0
43912,1255,31,9,0
43913,1255,32,7,0
43914,1255,33,13,1
43915,1255,34,10,0
43916,1255,35,12,0
43917,1256,1,13,0
43918,1256,2,26,1
43919,1256,3,13,0
43920,1256,4,10,0
43921,1256,5,45,1
43922,1256,6,50,2
43923,1256,7,35,2
43924,1256,8,29,2
43925,1256,9,47,2
43926,1256,10,50,2
43927,1256,11,31,0
43928,1256,12,25,1
43929,1256,13,26,0
43930,1256,14,33,2
43931,1256,15,19,1
43932,1256,16,26,1
43933,1256,17,45,3
43934,1256,18,12,0
43935,1256,19,12,0
43936,1256,20,36,2
43937,1256,21,28,2
43938,1256,22,26,1
43939,1256,23,14,1
43940,1256,24,44,0
43941,1256,25,22,1
43942,1256,26,32,1
43943,1256,27,26,2
43944,1256,28,26,1
43945,1256,29,13,0
43946,1256,30,9,0
43947,1256,31,13,0
43948,1256,32,11,1
43949,1256,33,33,1
43950,1256,34,20,1
43951,1256,35,21,0
43952,1257,1,25,1
43953,1257,2,26,1
43954,1257,3,8,0
43955,1257,4,19,1
43956,1257,5,21,0
43957,1257,6,16,0
43958,1257,7,14,0
43959,1257,8,30,1
43960,1257,9,18,0
43961,1257,10,10,0
43962,1257,11,14,1
43963,1257,12,17,1
43964,1257,13,36,2
43965,1257,14,21,1
43966,1257,15,35,1
43967,1257,16,30,2
43968,1257,17,28,0
43969,1257,18,16,1
43970,1257,19,14,1
43971,1257,20,20,0
43972,1257,21,28,1
43973,1257,22,19,0
43974,1257,23,11,0
43975,1257,24,33,1
43976,1257,25,22,1
43977,1257,26,26,1
43978,1257,27,16,0
43979,1257,28,21,0
43980,1257,29,34,1
43981,1257,30,24,1
43982,1257,31,13,0
43983,1257,32,21,1
43984,1257,33,20,1
43985,1257,34,26,2
43986,1257,35,48,2
43987,1258,1,20,1
43988,1258,2,14,0
43989,1258,3,12,1
43990,1258,4,14,1
43991,1258,5,14,1
43992,1258,6,25,1
43993,1258,7,12,1
43994,1258,8,15,1
43995,1258,9,10,0
43996,1258,10,8,0
43997,1258,11,18,0
43998,1258,12,12,0
43999,1258,13,5,0
44000,1258,14,5,0
44001,1258,15,13,1
44002,1258,16,20,1
44003,1258,17,16,1
44004,1258,18,9,0
44005,1258,19,19,0
44006,1258,20,14,1
44007,1258,21,15,1
44008,1258,22,16,1
44009,1258,23,5,0
44010,1258,24,13,0
44011,1258,25,23,1
44012,1258,26,19,1
44013,1258,27,8,0
44014,1258,28,18,1
44015,1258,29,12,0
44016,1258,30,7,0
44017,1258,31,12,0
44018,1258,32,11,0
44019,1258,33,5,0
44020,1258,34,13,1
44021,1258,35,37,1
44022,1259,1,15,0
44023,1259,2,7,0
44024,1259,3,16,1
44025,1259,4,14,1
44026,1259,5,11,0
44027,1259,6,12,0
44028,1259,7,6,0
44029,1259,8,17,0
44030,1259,9,17,0
44031,1259,10,12,1
44032,1259,11,12,1
44033,1259,12,15,0
44034,1259,13,4,0
44035,1259,14,5,0
44036,1259,15,20,0
44037,1259,16,14,0
44038,1259,17,5,0
44039,1259,18,11,0
44040,1259,19,3,0
44041,1259,20,11,1
44042,1259,21,7,0
44043,1259,22,6,0
44044,1259,23,7,0
44045,1259,24,18,0
44046,1259,25,15,0
44047,1259,26,11,0
44048,1259,27,12,0
44049,1259,28,20,1
44050,1259,29,7,0
44051,1259,30,8,0
44052,1259,31,15,0
44053,1259,32,20,0
44054,1259,33,5,0
44055,1259,34,8,0
44056,1259,35,10,0
44057,1260,1,12,0
44058,1260,2,15,0
44059,1260,3,20,1
44060,1260,4,12,1
44061,1260,5,25,1
44062,1260,6,21,0
44063,1260,7,16,0
44064,1260,8,17,1
44065,1260,9,12,1
44066,1260,10,21,0
44067,1260,11,5,0
44068,1260,12,10,0
44069,1260,13,21,1
44070,1260,14,10,0
44071,1260,15,31,2
44072,1260,16,11,0
44073,1260,17,6,0
44074,1260,18,12,0
44075,1260,19,24,1
44076,1260,20,13,0
44077,1260,21,36,0
44078,1260,22,8,0
44079,1260,23,28,0
44080,1260,24,11,0
44081,1260,25,18,0
44082,1260,26,24,0
44083,1260,27,18,1
44084,1260,28,15,1
44085,1260,29,17,0
44086,1260,30,25,0
44087,1260,31,15,0
44088,1260,32,26,1
44089,1260,33,15,0
44090,1260,34,7,0
44091,1260,35,22,1
44092,1261,1,40,1
44093,1261,2,18,1
44094,1261,3,15,0
44095,1261,4,36,1
44096,1261,5,12,1
44097,1261,6,23,1
44098,1261,7,31,1
44099,1261,8,9,0
44100,1261,9,22,1
44101,1261,10,23,1
44102,1261,11,36,0
44103,1261,12,17,1
44104,1261,13,21,0
44105,1261,14,13,0
44106,1261,15,34,1
44107,1261,16,24,1
44108,1261,17,8,0
44109,1261,18,7,0
44110,1261,19,33,1
44111,1261,20,14,1
44112,1261,21,26,1
44113,1261,22,19,1
44114,1261,23,31,1
44115,1261,24,21,0
44116,1261,25,24,1
44117,1261,26,32,2
44118,1261,27,21,1
44119,1261,28,9,1
44120,1261,29,21,1
44121,1261,30,8,0
44122,1261,31,11,0
44123,1261,32,21,1
44124,1261,33,5,0
44125,1261,34,25,1
44126,1261,35,22,0
44127,1262,1,16,1
44128,1262,2,26,1
44129,1262,3,26,1
44130,1262,4,28,0
44131,1262,5,3,0
44132,1262,6,17,0
44133,1262,7,6,0
44134,1262,8,8,0
44135,1262,9,20,0
44136,1262,10,18,1
44137,1262,11,19,1
44138,1262,12,9,0
44139,1262,13,14,0
44140,1262,14,5,0
44141,1262,15,3,0
44142,1262,16,17,1
44143,1262,17,29,0
44144,1262,18,14,1
44145,1262,19,11,1
44146,1262,20,24,1
44147,1262,21,3,0
44148,1262,22,20,1
44149,1262,23,15,1
44150,1262,24,16,1
44151,1262,25,14,1
44152,1262,26,7,0
44153,1262,27,17,1
44154,1262,28,16,1
44155,1262,29,7,0
44156,1262,30,10,0
44157,1262,31,11,0
44158,1262,32,13,0
44159,1262,33,25,1
44160,1262,34,21,1
44161,1262,35,19,1
44162,1263,1,17,1
44163,1263,2,5,0
44164,1263,3,7,0
44165,1263,4,12,1
44166,1263,5,8,0
44167,1263,6,4,0
44168,1263,7,12,0
44169,1263,8,5,0
44170,1263,9,30,1
44171,1263,10,7,0
44172,1263,11,5,0
44173,1263,12,11,1
44174,1263,13,6,0
44175,1263,14,13,1
44176,1263,15,11,0
44177,1263,16,8,0
44178,1263,17,9,0
44179,1263,18,14,0
44180,1263,19,8,0
44181,1263,20,18,1
44182,1263,21,5,0
44183,1263,22,16,0
44184,1263,23,23,0
44185,1263,24,8,0
44186,1263,25,6,0
44187,1263,26,24,1
44188,1263,27,10,0
44189,1263,28,10,1
44190,1263,29,23,1
44191,1263,30,16,1
44192,1263,31,17,1
44193,1263,32,5,0
44194,1263,33,14,1
44195,1263,34,25,0
44196,1263,35,13,0
44197,1264,1,27,1
44198,1264,2,17,0
44199,1264,3,25,1
44200,1264,4,5,0
44201,1264,5,18,1
44202,1264,6,17,1
44203,1264,7,25,1
44204,1264,8,21,1
44205,1264,9,17,1
44206,1264,10,22,0
44207,1264,11,16,1
44208,1264,12,13,0
44209,1264,13,9,0
44210,1264,14,19,1
44211,1264,15,19,1
44212,1264,16,23,1
44213,1264,17,11,0
44214,1264,18,19,1
44215,1264,19,13,0
44216,1264,20,30,2
44217,1264,21,16,0
44218,1264,22,12,1
44219,1264,23,14,0
44220,1264,24,14,1
44221,1264,25,2,0
44222,1264,26,26,1
44223,1264,27,5,0
44224,1264,28,8,0
44225,1264,29,25,0
44226,1264,30,20,0
44227,1264,31,6,0
44228,1264,32,34,2
44229,1264,33,9,0
44230,1264,34,14,1
44231,1264,35,9,0
44232,1265,1,19,1
44233,1265,2,16,0
44234,1265,3,35,2
44235,1265,4,16,1
44236,1265,5,24,1
44237,1265,6,45,0
44238,1265,7,18,1
44239,1265,8,37,2
44240,1265,9,16,1
44241,1265,10,17,1
44242,1265,11,27,1
44243,1265,12,22,1
44244,1265,13,12,0
44245,1265,14,16,1
44246,1265,15,18,1
44247,1265,16,23,1
44248,1265,17,12,1
44249,1265,18,27,1
44250,1265,19,12,1
44251,1265,20,21,0
44252,1265,21,30,0
44253,1265,22,32,1
44254,1265,23,19,1
44255,1265,24,33,2
44256,1265,25,16,0
44257,1265,26,11,1
44258,1265,27,23,0
44259,1265,28,10,0
44260,1265,29,29,2
44261,1265,30,21,1
44262,1265,31,15,1
44263,1265,32,29,0
44264,1265,33,15,0
44265,1265,34,17,1
44266,1265,35,13,0
44267,1266,1,15,1
44268,1266,2,10,0
44269,1266,3,10,0
44270,1266,4,8,0
44271,1266,5,9,0
44272,1266,6,12,0
44273,1266,7,21,1
44274,1266,8,9,0
44275,1266,9,26,1
44276,1266,10,19,0
44277,1266,11,22,1
44278,1266,12,20,1
44279,1266,13,15,1
44280,1266,14,15,0
44281,1266,15,16,1
44282,1266,16,16,0
44283,1266,17,17,1
44284,1266,18,10,0
44285,1266,19,16,1
44286,1266,20,9,0
44287,1266,21,20,1
44288,1266,22,12,0
44289,1266,23,7,0
44290,1266,24,11,0
44291,1266,25,26,1
44292,1266,26,42,2
44293,1266,27,9,0
44294,1266,28,15,1
44295,1266,29,33,1
44296,1266,30,9,1
44297,1266,31,27,1
44298,1266,32,26,1
44299,1266,33,16,0
44300,1266,34,27,1
44301,1266,35,12,0
44302,1267,1,34,1
44303,1267,2,13,0
44304,1267,3,6,0
44305,1267,4,12,0
44306,1267,5,12,0
44307,1267,6,19,0
44308,1267,7,22,0
44309,1267,8,16,1
44310,1267,9,22,1
44311,1267,10,19,1
44312,1267,11,9,0
44313,1267,12,20,0
44314,1267,13,16,0
44315,1267,14,8,0
44316,1267,15,19,0
44317,1267,16,8,0
44318,1267,17,12,0
44319,1267,18,10,0
44320,1267,19,5,0
44321,1267,20,19,1
44322,1267,21,7,0
44323,1267,22,7,0
44324,1267,23,15,0
44325,1267,24,11,0
44326,1267,25,12,0
44327,1267,26,12,0
44328,1267,27,13,1
44329,1267,28,7,0
44330,1267,29,15,1
44331,1267,30,5,0
44332,1267,31,10,0
44333,1267,32,19,0
44334,1267,33,15,0
44335,1267,34,21,1
44336,1267,35,21,1
44337,1268,1,9,0
44338,1268,2,15,1
44339,1268,3,11,0
44340,1268,4,26,1
44341,1268,5,14,1
44342,1268,6,5,0
44343,1268,7,39,1
44344,1268,8,18,1
44345,1268,9,29,1
44346,1268,10,10,1
44347,1268,11,18,0
44348,1268,12,8,0
44349,1268,13,16,1
44350,1268,14,16,0
44351,1268,15,23,1
44352,1268,16,11,0
44353,1268,17,14,1
44354,1268,18,17,1
44355,1268,19,27,1
44356,1268,20,7,0
44357,1268,21,20,1
44358,1268,22,24,1
44359,1268,23,34,1
44360,1268,24,14,0
44361,1268,25,22,1
44362,1268,26,48,0
44363,1268,27,11,1
44364,1268,28,33,2
44365,1268,29,21,1
44366,1268,30,31,0
44367,1268,31,28,1
44368,1268,32,40,2
44369,1268,33,29,2
44370,1268,34,21,1
44371,1268,35,10,0
44372,1269,1,45,2
44373,1269,2,33,0
44374,1269,3,44,2
44375,1269,4,31,1
44376,1269,5,40,1
44377,1269,6,36,2
44378,1269,7,44,1
44379,1269,8,36,2
44380,1269,9,20,0
44381,1269,10,15,1
44382,1269,11,21,1
44383,1269,12,21,1
44384,1269,13,24,1
44385,1269,14,62,3
44386,1269,15,36,2
44387,1269,16,22,0
44388,1269,17,10,1
44389,1269,18,21,1
44390,1269,19,27,2
44391,1269,20,18,1
44392,1269,21,22,1
44393,1269,22,23,0
44394,1269,23,27,1
44395,1269,24,17,1
44396,1269,25,30,1
44397,1269,26,28,1
44398,1269,27,31,2
44399,1269,28,25,1
44400,1269,29,36,2
44401,1269,30,47,2
44402,1269,31,20,1
44403,1269,32,18,0
44404,1269,33,19,0
44405,1269,34,14,0
44406,1269,35,14,0
44407,1270,1,13,0
44408,1270,2,13,1
44409,1270,3,13,0
44410,1270,4,13,1
44411,1270,5,12,1
44412,1270,6,24,1
44413,1270,7,26,0
44414,1270,8,20,1
44415,1270,9,36,2
44416,1270,10,11,0
44417,1270,11,30,1
44418,1270,12,31,1
44419,1270,13,24,1
44420,1270,14,31,1
44421,1270,15,16,1
44422,1270,16,18,0
44423,1270,17,21,1
44424,1270,18,18,0
44425,1270,19,25,1
44426,1270,20,18,1
44427,1270,21,19,0
44428,1270,22,15,0
44429,1270,23,29,1
44430,1270,24,28,0
44431,1270,25,26,0
44432,1270,26,8,0
44433,1270,27,14,0
44434,1270,28,26,1
44435,1270,29,13,0
44436,1270,30,27,1
44437,1270,31,14,0
44438,1270,32,15,1
44439,1270,33,17,0
44440,1270,34,4,0
44441,1270,35,19,1
44442,1271,1,17,0
44443,1271,2,10,0
44444,1271,3,24,0
44445,1271,4,10,1
44446,1271,5,16,1
44447,1271,6,10,0
44448,1271,7,22,1
44449,1271,8,25,1
44450,1271,9,12,1
44451,1271,10,7,0
44452,1271,11,15,0
44453,1271,12,10,0
44454,1271,13,10,0
44455,1271,14,14,0
44456,1271,15,17,0
44457,1271,16,20,1
44458,1271,17,14,0
44459,1271,18,13,0
44460,1271,19,14,1
44461,1271,20,23,1
44462,1271,21,18,0
44463,1271,22,16,0
44464,1271,23,10,0
44465,1271,24,32,0
44466,1271,25,17,1
44467,1271,26,8,0
44468,1271,27,12,0
44469,1271,28,11,1
44470,1271,29,10,0
44471,1271,30,13,1
44472,1271,31,15,0
44473,1271,32,16,1
44474,1271,33,9,0
44475,1271,34,17,1
44476,1271,35,19,1
44477,1272,1,20,0
44478,1272,2,22,1
44479,1272,3,24,1
44480,1272,4,43,2
44481,1272,5,14,1
44482,1272,6,16,1
44483,1272,7,9,0
44484,1272,8,9,0
44485,1272,9,38,0
44486,1272,10,44,1
44487,1272,11,18,0
44488,1272,12,31,2
44489,1272,13,17,1
44490,1272,14,16,0
44491,1272,15,41,1
44492,1272,16,18,0
44493,1272,17,35,1
44494,1272,18,12,1
44495,1272,19,43,2
44496,1272,20,30,1
44497,1272,21,20,1
44498,1272,22,17,0
44499,1272,23,9,0
44500,1272,24,17,1
44501,1272,25,9,0
44502,1272,26,15,1
44503,1272,27,16,1
44504,1272,28,14,1
44505,1272,29,17,0
44506,1272,30,17,0
44507,1272,31,25,1
44508,1272,32,16,1
44509,1272,33,23,1
44510,1272,34,20,0
44511,1272,35,26,1
44512,1273,1,21,1
44513,1273,2,13,0
44514,1273,3,32,2
44515,1273,4,21,0
44516,1273,5,14,0
44517,1273,6,22,1
44518,1273,7,26,0
44519,1273,8,8,0
44520,1273,9,9,0
44521,1273,10,36,1
44522,1273,11,39,1
44523,1273,12,20,0
44524,1273,13,31,1
44525,1273,14,33,0
44526,1273,15,57,2
44527,1273,16,18,0
44528,1273,17,28,1
44529,1273,18,44,2
44530,1273,19,46,3
44531,1273,20,19,0
44532,1273,21,26,1
44533,1273,22,17,1
44534,1273,23,26,1
44535,1273,24,15,1
44536,1273,25,28,0
44537,1273,26,31,1
44538,1273,27,27,1
44539,1273,28,33,1
44540,1273,29,27,1
44541,1273,30,12,1
44542,1273,31,15,0
44543,1273,32,34,1
44544,1273,33,32,1
44545,1273,34,4,0
44546,1273,35,21,1
44547,1274,1,31,1
44548,1274,2,7,0
44549,1274,3,17,1
44550,1274,4,32,1
44551,1274,5,18,0
44552,1274,6,21,1
44553,1274,7,24,1
44554,1274,8,13,1
44555,1274,9,17,1
44556,1274,10,16,0
44557,1274,11,19,0
44558,1274,12,13,1
44559,1274,13,24,0
44560,1274,14,10,1
44561,1274,15,14,0
44562,1274,16,19,1
44563,1274,17,16,1
44564,1274,18,22,1
44565,1274,19,13,1
44566,1274,20,32,1
44567,1274,21,24,1
44568,1274,22,14,1
44569,1274,23,14,1
44570,1274,24,18,1
44571,1274,25,6,0
44572,1274,26,13,1
44573,1274,27,13,0
44574,1274,28,11,0
44575,1274,29,25,0
44576,1274,30,11,0
44577,1274,31,14,1
44578,1274,32,25,1
44579,1274,33,20,1
44580,1274,34,45,3
44581,1274,35,10,0
44582,1275,1,22,1
44583,1275,2,7,0
44584,1275,3,14,0
44585,1275,4,25,1
44586,1275,5,4,0
44587,1275,6,12,0
44588,1275,7,15,1
44589,1275,8,47,3
44590,1275,9,8,0
44591,1275,10,18,1
44592,1275,11,10,0
44593,1275,12,15,0
44594,1275,13,7,0
44595,1275,14,30,1
44596,1275,15,11,0
44597,1275,16,22,1
44598,1275,17,12,0
44599,1275,18,7,0
44600,1275,19,15,0
44601,1275,20,17,0
44602,1275,21,18,0
44603,1275,22,12,0
44604,1275,23,23,0
44605,1275,24,9,0
44606,1275,25,25,0
44607,1275,26,13,0
44608,1275,27,10,0
44609,1275,28,20,0
44610,1275,29,18,0
44611,1275,30,18,0
44612,1275,31,17,1
44613,1275,32,8,0
44614,1275,33,16,0
44615,1275,34,23,1
44616,1275,35,25,1
44617,1276,1,66,2
44618,1276,2,14,1
44619,1276,3,18,1
44620,1276,4,5,0
44621,1276,5,24,0
44622,1276,6,8,0
44623,1276,7,34,0
44624,1276,8,27,1
44625,1276,9,20,0
44626,1276,10,18,1
44627,1276,11,40,1
44628,1276,12,12,1
44629,1276,13,29,1
44630,1276,14,43,2
44631,1276,15,19,1
44632,1276,16,18,1
44633,1276,17,11,0
44634,1276,18,25,0
44635,1276,19,7,0
44636,1276,20,24,1
44637,1276,21,22,1
44638,1276,22,30,1
44639,1276,23,12,1
44640,1276,24,48,2
44641,1276,25,29,1
44642,1276,26,22,0
44643,1276,27,15,1
44644,1276,28,25,1
44645,1276,29,9,0
44646,1276,30,10,0
44647,1276,31,16,0
44648,1276,32,15,1
44649,1276,33,28,1
44650,1276,34,17,0
44651,1276,35,26,1
44652,1277,1,31,1
44653,1277,2,27,1
44654,1277,3,63,2
44655,1277,4,53,1
44656,1277,5,28,1
44657,1277,6,17,1
44658,1277,7,60,2
44659,1277,8,30,1
44660,1277,9,21,1
44661,1277,10,32,2
44662,1277,11,22,1
44663,1277,12,36,1
44664,1277,13,24,1
44665,1277,14,18,0
44666,1277,15,31,0
44667,1277,16,39,1
44668,1277,17,31,1
44669,1277,18,27,1
44670,1277,19,29,1
44671,1277,20,18,0
44672,1277,21,42,1
44673,1277,22,38,1
44674,1277,23,33,1
44675,1277,24,41,1
44676,1277,25,15,1
44677,1277,26,31,1
44678,1277,27,40,1
44679,1277,28,24,0
44680,1277,29,13,0
44681,1277,30,27,1
44682,1277,31,19,1
44683,1277,32,39,2
44684,1277,33,33,2
44685,1277,34,29,1
44686,1277,35,18,1
44687,1278,1,32,1
44688,1278,2,14,1
44689,1278,3,9,0
44690,1278,4,35,1
44691,1278,5,37,1
44692,1278,6,19,1
44693,1278,7,17,0
44694,1278,8,27,1
44695,1278,9,14,1
44696,1278,10,40,1
44697,1278,11,27,1
44698,1278,12,16,1
44699,1278,13,20,0
44700,1278,14,40,1
44701,1278,15,60,3
44702,1278,16,23,0
44703,1278,17,8,0
44704,1278,18,46,0
44705,1278,19,41,2
44706,1278,20,24,1
44707,1278,21,25,1
44708,1278,22,21,0
44709,1278,23,49,1
44710,1278,24,10,0
44711,1278,25,21,1
44712,1278,26,28,0
44713,1278,27,28,1
44714,1278,28,16,0
44715,1278,29,13,0
44716,1278,30,31,1
44717,1278,31,30,1
44718,1278,32,18,1
44719,1278,33,25,1
44720,1278,34,22,1
44721,1278,35,17,1
44722,1279,1,17,1
44723,1279,2,30,2
44724,1279,3,31,2
44725,1279,4,5,0
44726,1279,5,9,0
44727,1279,6,15,1
44728,1279,7,10,0
44729,1279,8,29,2
44730,1279,9,29,1
44731,1279,10,36,2
44732,1279,11,12,0
44733,1279,12,25,1
44734,1279,13,19,1
44735,1279,14,30,0
44736,1279,15,33,1
44737,1279,16,23,0
44738,1279,17,23,1
44739,1279,18,9,0
44740,1279,19,29,1
44741,1279,20,4,0
44742,1279,21,15,0
44743,1279,22,16,1
44744,1279,23,17,1
44745,1279,24,11,0
44746,1279,25,5,0
44747,1279,26,37,1
44748,1279,27,11,0
44749,1279,28,5,0
44750,1279,29,14,0
44751,1279,30,14,1
44752,1279,31,42,2
44753,1279,32,12,0
44754,1279,33,15,0
44755,1279,34,15,1
44756,1279,35,24,1
44757,1280,1,56,2
44758,1280,2,14,0
44759,1280,3,42,1
44760,1280,4,16,0
44761,1280,5,19,0
44762,1280,6,17,0
44763,1280,7,40,1
44764,1280,8,28,2
44765,1280,9,16,0
44766,1280,10,35,1
44767,1280,11,38,2
44768,1280,12,21,1
44769,1280,13,15,0
44770,1280,14,29,1
44771,1280,15,21,1
44772,1280,16,25,1
44773,1280,17,56,2
44774,1280,18,37,1
44775,1280,19,20,0
44776,1280,20,48,2
44777,1280,21,63,1
44778,1280,22,27,1
44779,1280,23,22,0
44780,1280,24,26,1
44781,1280,25,27,1
44782,1280,26,21,1
44783,1280,27,26,1
44784,1280,28,25,1
44785,1280,29,13,0
44786,1280,30,21,0
44787,1280,31,25,1
44788,1280,32,29,0
44789,1280,33,32,2
44790,1280,34,32,1
44791,1280,35,36,1
44792,1281,1,21,1
44793,1281,2,67,4
44794,1281,3,31,2
44795,1281,4,35,0
44796,1281,5,25,1
44797,1281,6,68,1
44798,1281,7,36,1
44799,1281,8,42,2
44800,1281,9,31,1
44801,1281,10,41,1
44802,1281,11,40,2
44803,1281,12,20,0
44804,1281,13,31,1
44805,1281,14,25,0
44806,1281,15,23,1
44807,1281,16,20,1
44808,1281,17,48,2
44809,1281,18,33,2
44810,1281,19,8,0
44811,1281,20,31,2
44812,1281,21,22,1
44813,1281,22,20,1
44814,1281,23,17,1
44815,1281,24,28,1
44816,1281,25,16,1
44817,1281,26,27,0
44818,1281,27,32,1
44819,1281,28,38,2
44820,1281,29,31,1
44821,1281,30,35,1
44822,1281,31,44,2
44823,1281,32,33,1
44824,1281,33,45,1
44825,1281,34,28,1
44826,1281,35,18,0
44827,1282,1,25,1
44828,1282,2,29,1
44829,1282,3,19,1
44830,1282,4,17,1
44831,1282,5,51,1
44832,1282,6,12,1
44833,1282,7,8,0
44834,1282,8,38,1
44835,1282,9,43,1
44836,1282,10,29,0
44837,1282,11,27,1
44838,1282,12,16,1
44839,1282,13,28,0
44840,1282,14,44,2
44841,1282,15,17,1
44842,1282,16,29,1
44843,1282,17,33,1
44844,1282,18,5,0
44845,1282,19,12,0
44846,1282,20,19,1
44847,1282,21,7,0
44848,1282,22,19,1
44849,1282,23,25,0
44850,1282,24,24,1
44851,1282,25,16,1
44852,1282,26,12,1
44853,1282,27,12,1
44854,1282,28,27,0
44855,1282,29,39,1
44856,1282,30,24,1
44857,1282,31,4,0
44858,1282,32,26,1
44859,1282,33,48,2
44860,1282,34,23,0
44861,1282,35,19,0
44862,1283,1,34,2
44863,1283,2,16,0
44864,1283,3,14,0
44865,1283,4,3,0
44866,1283,5,21,1
44867,1283,6,22,0
44868,1283,7,11,0
44869,1283,8,16,1
44870,1283,9,23,0
44871,1283,10,16,1
44872,1283,11,20,1
44873,1283,12,16,0
44874,1283,13,17,1
44875,1283,14,22,1
44876,1283,15,17,1
44877,1283,16,15,0
44878,1283,17,19,1
44879,1283,18,11,0
44880,1283,19,24,1
44881,1283,20,11,0
44882,1283,21,9,0
44883,1283,22,33,2
44884,1283,23,13,1
44885,1283,24,13,1
44886,1283,25,19,1
44887,1283,26,22,1
44888,1283,27,26,1
44889,1283,28,16,1
44890,1283,29,14,0
44891,1283,30,26,1
44892,1283,31,16,1
44893,1283,32,13,0
44894,1283,33,18,1
44895,1283,34,23,0
44896,1283,35,7,0
44897,1284,1,20,0
44898,1284,2,19,1
44899,1284,3,30,2
44900,1284,4,22,1
44901,1284,5,30,2
44902,1284,6,13,1
44903,1284,7,27,0
44904,1284,8,29,0
44905,1284,9,15,1
44906,1284,10,25,1
44907,1284,11,34,2
44908,1284,12,17,1
44909,1284,13,17,1
44910,1284,14,42,1
44911,1284,15,19,1
44912,1284,16,26,0
44913,1284,17,22,1
44914,1284,18,27,2
44915,1284,19,40,1
44916,1284,20,20,0
44917,1284,21,46,1
44918,1284,22,37,2
44919,1284,23,34,2
44920,1284,24,32,0
44921,1284,25,29,1
44922,1284,26,25,0
44923,1284,27,29,0
44924,1284,28,42,0
44925,1284,29,34,2
44926,1284,30,23,0
44927,1284,31,54,2
44928,1284,32,36,1
44929,1284,33,16,0
44930,1284,34,13,0
44931,1284,35,23,0
44932,1285,1,32,1
44933,1285,2,24,1
44934,1285,3,19,1
44935,1285,4,17,1
44936,1285,5,48,1
44937,1285,6,33,2
44938,1285,7,13,1
44939,1285,8,26,0
44940,1285,9,31,0
44941,1285,10,7,0
44942,1285,11,26,1
44943,1285,12,10,0
44944,1285,13,13,1
44945,1285,14,21,1
44946,1285,15,14,0
44947,1285,16,18,1
44948,1285,17,22,1
44949,1285,18,30,0
44950,1285,19,12,0
44951,1285,20,50,3
44952,1285,21,17,0
44953,1285,22,15,1
44954,1285,23,20,1
44955,1285,24,16,0
44956,1285,25,16,1
44957,1285,26,17,1
44958,1285,27,16,1
44959,1285,28,28,0
44960,1285,29,29,2
44961,1285,30,48,3
44962,1285,31,20,1
44963,1285,32,33,2
44964,1285,33,23,1
44965,1285,34,37,1
44966,1285,35,8,0
44967,1286,1,12,1
44968,1286,2,14,0
44969,1286,3,20,0
44970,1286,4,17,1
44971,1286,5,31,1
44972,1286,6,10,0
44973,1286,7,20,1
44974,1286,8,14,0
44975,1286,9,15,1
44976,1286,10,20,0
44977,1286,11,11,0
44978,1286,12,47,0
44979,1286,13,15,0
44980,1286,14,14,1
44981,1286,15,14,0
44982,1286,16,47,2
44983,1286,17,24,1
44984,1286,18,12,0
44985,1286,19,16,1
44986,1286,20,10,0
44987,1286,21,8,0
44988,1286,22,15,0
44989,1286,23,9,0
44990,1286,24,13,1
44991,1286,25,26,2
44992,1286,26,15,1
44993,1286,27,13,0
44994,1286,28,10,0
44995,1286,29,7,0
44996,1286,30,18,1
44997,1286,31,29,1
44998,1286,32,14,1
44999,1286,33,27,1
45000,1286,34,5,0
45001,1286,35,9,0
45002,1287,1,8,0
45003,1287,2,4,0
45004,1287,3,11,1
45005,1287,4,8,0
45006,1287,5,4,0
45007,1287,6,23,0
45008,1287,7,7,0
45009,1287,8,9,0
45010,1287,9,9,0
45011,1287,10,14,0
45012,1287,11,3,0
45013,1287,12,21,1
45014,1287,13,8,0
45015,1287,14,11,0
45016,1287,15,16,1
45017,1287,16,13,1
45018,1287,17,14,1
45019,1287,18,21,0
45020,1287,19,16,0
45021,1287,20,7,0
45022,1287,21,10,0
45023,1287,22,15,1
45024,1287,23,9,0
45025,1287,24,19,0
45026,1287,25,23,1
45027,1287,26,6,0
45028,1287,27,8,0
45029,1287,28,23,1
45030,1287,29,5,0
45031,1287,30,22,1
45032,1287,31,13,1
45033,1287,32,34,1
45034,1287,33,16,0
45035,1287,34,15,0
45036,1287,35,20,1
45037,1288,1,8,0
45038,1288,2,32,2
45039,1288,3,14,1
45040,1288,4,14,1
45041,1288,5,10,1
45042,1288,6,38,1
45043,1288,7,23,1
45044,1288,8,16,0
45045,1288,9,28,1
45046,1288,10,24,1
45047,1288,11,18,1
45048,1288,12,17,1
45049,1288,13,23,1
45050,1288,14,21,0
45051,1288,15,33,1
45052,1288,16,37,2
45053,1288,17,24,1
45054,1288,18,15,0
45055,1288,19,17,0
45056,1288,20,25,1
45057,1288,21,18,1
45058,1288,22,11,1
45059,1288,23,9,0
45060,1288,24,12,0
45061,1288,25,15,1
45062,1288,26,22,0
45063,1288,27,15,0
45064,1288,28,8,0
45065,1288,29,10,0
45066,1288,30,24,0
45067,1288,31,28,1
45068,1288,32,12,1
45069,1288,33,14,0
45070,1288,34,13,1
45071,1288,35,13,0
45072,1289,1,31,1
45073,1289,2,36,1
45074,1289,3,33,2
45075,1289,4,32,1
45076,1289,5,24,1
45077,1289,6,18,0
45078,1289,7,8,0
45079,1289,8,22,1
45080,1289,9,19,1
45081,1289,10,20,1
45082,1289,11,8,0
45083,1289,12,7,0
45084,1289,13,29,1
45085,1289,14,19,1
45086,1289,15,16,0
45087,1289,16,15,0
45088,1289,17,17,0
45089,1289,18,44,2
45090,1289,19,35,1
45091,1289,20,20,0
45092,1289,21,21,1
45093,1289,22,23,1
45094,1289,23,15,1
45095,1289,24,12,0
45096,1289,25,23,1
45097,1289,26,9,0
45098,1289,27,14,1
45099,1289,28,17,0
45100,1289,29,17,1
45101,1289,30,24,1
45102,1289,31,17,1
45103,1289,32,21,1
45104,1289,33,26,1
45105,1289,34,29,1
45106,1289,35,6,0
45107,1290,1,12,1
45108,1290,2,14,1
45109,1290,3,19,1
45110,1290,4,17,0
45111,1290,5,7,0
45112,1290,6,8,0
45113,1290,7,14,1
45114,1290,8,19,0
45115,1290,9,9,0
45116,1290,10,5,0
45117,1290,11,20,1
45118,1290,12,10,0
45119,1290,13,17,1
45120,1290,14,17,1
45121,1290,15,15,1
45122,1290,16,14,0
45123,1290,17,18,1
45124,1290,18,14,1
45125,1290,19,14,0
45126,1290,20,9,0
45127,1290,21,14,1
45128,1290,22,32,1
45129,1290,23,19,1
45130,1290,24,17,1
45131,1290,25,14,1
45132,1290,26,16,1
45133,1290,27,34,1
45134,1290,28,12,0
45135,1290,29,13,0
45136,1290,30,11,0
45137,1290,31,16,0
45138,1290,32,11,0
45139,1290,33,4,0
45140,1290,34,19,1
45141,1290,35,32,1
45142,1291,1,7,0
45143,1291,2,27,1
45144,1291,3,16,0
45145,1291,4,11,1
45146,1291,5,11,1
45147,1291,6,14,1
45148,1291,7,18,1
45149,1291,8,12,0
45150,1291,9,12,0
45151,1291,10,8,0
45152,1291,11,5,0
45153,1291,12,3,0
45154,1291,13,14,1
45155,1291,14,18,0
45156,1291,15,2,0
45157,1291,16,23,1
45158,1291,17,4,0
45159,1291,18,10,0
45160,1291,19,8,0
45161,1291,20,9,0
45162,1291,21,4,0
45163,1291,22,16,1
45164,1291,23,8,0
45165,1291,24,11,1
45166,1291,25,23,1
45167,1291,26,14,1
45168,1291,27,7,0
45169,1291,28,11,0
45170,1291,29,18,1
45171,1291,30,9,0
45172,1291,31,12,0
45173,1291,32,9,0
45174,1291,33,14,0
45175,1291,34,17,0
45176,1291,35,7,0
45177,1292,1,22,1
45178,1292,2,13,0
45179,1292,3,11,0
45180,1292,4,23,1
45181,1292,5,20,0
45182,1292,6,22,1
45183,1292,7,15,1
45184,1292,8,16,0
45185,1292,9,24,1
45186,1292,10,16,1
45187,1292,11,13,0
45188,1292,12,21,1
45189,1292,13,31,2
45190,1292,14,19,1
45191,1292,15,28,0
45192,1292,16,30,1
45193,1292,17,34,1
45194,1292,18,12,0
45195,1292,19,23,1
45196,1292,20,27,2
45197,1292,21,8,0
45198,1292,22,14,1
45199,1292,23,14,0
45200,1292,24,6,0
45201,1292,25,24,1
45202,1292,26,6,0
45203,1292,27,27,1
45204,1292,28,27,1
45205,1292,29,18,1
45206,1292,30,12,0
45207,1292,31,19,1
45208,1292,32,22,1
45209,1292,33,9,0
45210,1292,34,10,1
45211,1292,35,15,0
45212,1293,1,8,0
45213,1293,2,27,2
45214,1293,3,10,0
45215,1293,4,16,0
45216,1293,5,37,1
45217,1293,6,19,1
45218,1293,7,21,1
45219,1293,8,38,1
45220,1293,9,18,0
45221,1293,10,47,2
45222,1293,11,19,1
45223,1293,12,14,0
45224,1293,13,40,1
45225,1293,14,15,1
45226,1293,15,11,0
45227,1293,16,12,1
45228,1293,17,45,1
45229,1293,18,11,0
45230,1293,19,17,0
45231,1293,20,32,1
45232,1293,21,47,2
45233,1293,22,24,1
45234,1293,23,23,0
45235,1293,24,38,1
45236,1293,25,43,2
45237,1293,26,14,0
45238,1293,27,42,2
45239,1293,28,31,1
45240,1293,29,27,1
45241,1293,30,16,0
45242,1293,31,25,1
45243,1293,32,20,0
45244,1293,33,11,1
45245,1293,34,40,0
45246,1293,35,44,1
45247,1294,1,13,1
45248,1294,2,8,0
45249,1294,3,15,0
45250,1294,4,11,0
45251,1294,5,9,0
45252,1294,6,18,1
45253,1294,7,17,1
45254,1294,8,15,1
45255,1294,9,31,1
45256,1294,10,10,0
45257,1294,11,21,1
45258,1294,12,20,1
45259,1294,13,27,1
45260,1294,14,23,1
45261,1294,15,10,1
45262,1294,16,31,2
45263,1294,17,30,2
45264,1294,18,37,2
45265,1294,19,15,0
45266,1294,20,16,0
45267,1294,21,13,1
45268,1294,22,11,0
45269,1294,23,13,1
45270,1294,24,19,1
45271,1294,25,27,1
45272,1294,26,23,1
45273,1294,27,35,1
45274,1294,28,16,0
45275,1294,29,24,0
45276,1294,30,11,0
45277,1294,31,24,1
45278,1294,32,7,0
45279,1294,33,22,1
45280,1294,34,25,0
45281,1294,35,27,1
45282,1295,1,15,1
45283,1295,2,10,0
45284,1295,3,9,0
45285,1295,4,9,0
45286,1295,5,20,1
45287,1295,6,3,0
45288,1295,7,18,0
45289,1295,8,3,0
45290,1295,9,10,1
45291,1295,10,15,1
45292,1295,11,9,0
45293,1295,12,8,0
45294,1295,13,7,0
45295,1295,14,19,0
45296,1295,15,23,1
45297,1295,16,17,0
45298,1295,17,9,0
45299,1295,18,16,0
45300,1295,19,8,0
45301,1295,20,19,1
45302,1295,21,6,0
45303,1295,22,14,1
45304,1295,23,8,0
45305,1295,24,10,0
45306,1295,25,15,0
45307,1295,26,20,1
45308,1295,27,20,0
45309,1295,28,20,1
45310,1295,29,12,1
45311,1295,30,16,1
45312,1295,31,10,0
45313,1295,32,2,0
45314,1295,33,8,0
45315,1295,34,10,0
45316,1295,35,11,0
45317,1296,1,19,1
45318,1296,2,19,0
45319,1296,3,9,0
45320,1296,4,18,1
45321,1296,5,33,1
45322,1296,6,16,1
45323,1296,7,18,1
45324,1296,8,16,1
45325,1296,9,14,0
45326,1296,10,13,0
45327,1296,11,15,1
45328,1296,12,19,0
45329,1296,13,38,2
45330,1296,14,13,0
45331,1296,15,24,0
45332,1296,16,44,2
45333,1296,17,23,1
45334,1296,18,13,0
45335,1296,19,16,1
45336,1296,20,18,1
45337,1296,21,34,1
45338,1296,22,24,1
45339,1296,23,16,0
45340,1296,24,16,0
45341,1296,25,28,1
45342,1296,26,27,1
45343,1296,27,10,0
45344,1296,28,21,0
45345,1296,29,14,0
45346,1296,30,24,0
45347,1296,31,18,0
45348,1296,32,15,0
45349,1296,33,20,0
45350,1296,34,17,0
45351,1296,35,34,0
45352,1297,1,35,2
45353,1297,2,17,1
45354,1297,3,34,1
45355,1297,4,10,1
45356,1297,5,16,0
45357,1297,6,15,1
45358,1297,7,18,0
45359,1297,8,23,1
45360,1297,9,55,1
45361,1297,10,32,2
45362,1297,11,69,3
45363,1297,12,26,0
45364,1297,13,31,2
45365,1297,14,18,1
45366,1297,15,23,1
45367,1297,16,31,1
45368,1297,17,12,0
45369,1297,18,14,0
45370,1297,19,21,0
45371,1297,20,30,0
45372,1297,21,38,1
45373,1297,22,49,1
45374,1297,23,30,1
45375,1297,24,30,1
45376,1297,25,28,1
45377,1297,26,12,0
45378,1297,27,56,2
45379,1297,28,16,0
45380,1297,29,51,2
45381,1297,30,11,0
45382,1297,31,3,0
45383,1297,32,22,0
45384,1297,33,9,0
45385,1297,34,15,1
45386,1297,35,29,1
45387,1298,1,16,0
45388,1298,2,14,1
45389,1298,3,12,1
45390,1298,4,11,0
45391,1298,5,16,0
45392,1298,6,22,1
45393,1298,7,10,0
45394,1298,8,11,0
45395,1298,9,9,0
45396,1298,10,12,0
45397,1298,11,24,1
45398,1298,12,26,2
45399,1298,13,10,0
45400,1298,14,24,0
45401,1298,15,14,0
45402,1298,16,15,0
45403,1298,17,27,1
45404,1298,18,11,0
45405,1298,19,13,0
45406,1298,20,8,0
45407,1298,21,17,1
45408,1298,22,12,0
45409,1298,23,12,0
45410,1298,24,8,0
45411,1298,25,32,1
45412,1298,26,11,0
45413,1298,27,30,2
45414,1298,28,25,1
45415,1298,29,9,0
45416,1298,30,15,1
45417,1298,31,9,1
45418,1298,32,44,1
45419,1298,33,19,0
45420,1298,34,22,0
45421,1298,35,10,0
45422,1299,1,13,0
45423,1299,2,12,0
45424,1299,3,9,0
45425,1299,4,19,1
45426,1299,5,12,0
45427,1299,6,24,1
45428,1299,7,8,0
45429,1299,8,6,0
45430,1299,9,10,0
45431,1299,10,17,0
45432,1299,11,10,1
45433,1299,12,7,0
45434,1299,13,11,0
45435,1299,14,20,1
45436,1299,15,8,0
45437,1299,16,15,1
45438,1299,17,23,1
45439,1299,18,17,1
45440,1299,19,13,0
45441,1299,20,29,1
45442,1299,21,29,1
45443,1299,22,25,1
45444,1299,23,14,0
45445,1299,24,16,0
45446,1299,25,13,0
45447,1299,26,29,1
45448,1299,27,25,0
45449,1299,28,3,0
45450,1299,29,10,0
45451,1299,30,12,0
45452,1299,31,11,0
45453,1299,32,18,1
45454,1299,33,12,0
45455,1299,34,17,1
45456,1299,35,20,1
45457,1300,1,26,1
45458,1300,2,41,2
45459,1300,3,30,1
45460,1300,4,14,1
45461,1300,5,9,0
45462,1300,6,39,1
45463,1300,7,11,0
45464,1300,8,28,1
45465,1300,9,16,1
45466,1300,10,27,1
45467,1300,11,16,1
45468,1300,12,21,1
45469,1300,13,28,2
45470,1300,14,20,0
45471,1300,15,12,0
45472,1300,16,26,1
45473,1300,17,14,0
45474,1300,18,23,0
45475,1300,19,30,1
45476,1300,20,36,1
45477,1300,21,59,3
45478,1300,22,34,1
45479,1300,23,14,1
45480,1300,24,7,0
45481,1300,25,21,0
45482,1300,26,19,1
45483,1300,27,32,1
45484,1300,28,14,1
45485,1300,29,21,0
45486,1300,30,18,0
45487,1300,31,52,1
45488,1300,32,17,1
45489,1300,33,36,2
45490,1300,34,26,0
45491,1300,35,26,1
45492,1301,1,32,1
45493,1301,2,36,2
45494,1301,3,36,1
45495,1301,4,22,0
45496,1301,5,18,1
45497,1301,6,50,3
45498,1301,7,24,0
45499,1301,8,17,1
45500,1301,9,22,1
45501,1301,10,30,2
45502,1301,11,30,0
45503,1301,12,30,1
45504,1301,13,26,0
45505,1301,14,16,1
45506,1301,15,24,1
45507,1301,16,34,2
45508,1301,17,17,1
45509,1301,18,15,0
45510,1301,19,27,0
45511,1301,20,14,1
45512,1301,21,16,0
45513,1301,22,27,0
45514,1301,23,22,0
45515,1301,24,13,1
45516,1301,25,55,3
45517,1301,26,31,1
45518,1301,27,61,1
45519,1301,28,24,1
45520,1301,29,74,4
45521,1301,30,50,1
45522,1301,31,20,1
45523,1301,32,13,0
45524,1301,33,12,0
45525,1301,34,41,2
45526,1301,35,22,1
45527,1302,1,31,1
45528,1302,2,37,0
45529,1302,3,29,1
45530,1302,4,37,2
45531,1302,5,21,0
45532,1302,6,16,0
45533,1302,7,17,1
45534,1302,8,19,1
45535,1302,9,18,0
45536,1302,10,34,1
45537,1302,11,23,0
45538,1302,12,25,1
45539,1302,13,37,2
45540,1302,14,28,2
45541,1302,15,16,0
45542,1302,16,13,1
45543,1302,17,14,0
45544,1302,18,13,1
45545,1302,19,12,1
45546,1302,20,21,0
45547,1302,21,8,0
45548,1302,22,6,0
45549,1302,23,13,1
45550,1302,24,11,1
45551,1302,25,24,1
45552,1302,26,27,1
45553,1302,27,17,1
45554,1302,28,32,1
45555,1302,29,49,1
45556,1302,30,14,0
45557,1302,31,11,0
45558,1302,32,15,1
45559,1302,33,33,2
45560,1302,34,9,0
45561,1302,35,32,1
45562,1303,1,26,1
45563,1303,2,40,1
45564,1303,3,18,1
45565,1303,4,13,0
45566,1303,5,11,0
45567,1303,6,20,1
45568,1303,7,25,1
45569,1303,8,12,0
45570,1303,9,13,1
45571,1303,10,11,0
45572,1303,11,7,0
45573,1303,12,21,0
45574,1303,13,11,0
45575,1303,14,13,0
45576,1303,15,13,0
45577,1303,16,18,1
45578,1303,17,14,1
45579,1303,18,18,0
45580,1303,19,18,1
45581,1303,20,32,1
45582,1303,21,14,1
45583,1303,22,28,0
45584,1303,23,41,2
45585,1303,24,11,0
45586,1303,25,8,0
45587,1303,26,19,0
45588,1303,27,22,0
45589,1303,28,16,1
45590,1303,29,16,1
45591,1303,30,10,0
45592,1303,31,10,0
45593,1303,32,16,0
45594,1303,33,6,0
45595,1303,34,16,0
45596,1303,35,6,0
45597,1304,1,32,2
45598,1304,2,15,1
45599,1304,3,10,0
45600,1304,4,10,1
45601,1304,5,8,0
45602,1304,6,25,1
45603,1304,7,22,0
45604,1304,8,15,1
45605,1304,9,44,1
45606,1304,10,29,1
45607,1304,11,30,1
45608,1304,12,13,1
45609,1304,13,41,2
45610,1304,14,21,0
45611,1304,15,18,0
45612,1304,16,57,3
45613,1304,17,8,0
45614,1304,18,24,1
45615,1304,19,15,0
45616,1304,20,29,0
45617,1304,21,26,2
45618,1304,22,21,0
45619,1304,23,54,1
45620,1304,24,15,1
45621,1304,25,13,1
45622,1304,26,19,1
45623,1304,27,26,0
45624,1304,28,42,2
45625,1304,29,47,2
45626,1304,30,10,1
45627,1304,31,14,0
45628,1304,32,16,0
45629,1304,33,8,0
45630,1304,34,27,1
45631,1304,35,40,2
45632,1305,1,49,1
45633,1305,2,50,2
45634,1305,3,55,1
45635,1305,4,10,1
45636,1305,5,20,0
45637,1305,6,33,0
45638,1305,7,10,0
45639,1305,8,18,0
45640,1305,9,43,1
45641,1305,10,33,2
45642,1305,11,51,1
45643,1305,12,23,1
45644,1305,13,17,1
45645,1305,14,27,1
45646,1305,15,19,0
45647,1305,16,35,2
45648,1305,17,57,1
45649,1305,18,30,0
45650,1305,19,32,1
45651,1305,20,23,1
45652,1305,21,25,1
45653,1305,22,52,2
45654,1305,23,25,1
45655,1305,24,37,1
45656,1305,25,18,1
45657,1305,26,39,1
45658,1305,27,62,3
45659,1305,28,34,0
45660,1305,29,24,1
45661,1305,30,40,2
45662,1305,31,42,1
45663,1305,32,20,1
45664,1305,33,28,1
45665,1305,34,11,1
45666,1305,35,12,0
45667,1306,1,15,0
45668,1306,2,16,1
45669,1306,3,19,1
45670,1306,4,18,0
45671,1306,5,13,0
45672,1306,6,23,1
45673,1306,7,30,1
45674,1306,8,18,1
45675,1306,9,31,0
45676,1306,10,58,3
45677,1306,11,23,1
45678,1306,12,23,1
45679,1306,13,18,1
45680,1306,14,34,1
45681,1306,15,12,1
45682,1306,16,16,1
45683,1306,17,21,1
45684,1306,18,42,2
45685,1306,19,23,1
45686,1306,20,9,0
45687,1306,21,5,0
45688,1306,22,19,1
45689,1306,23,23,1
45690,1306,24,41,1
45691,1306,25,14,1
45692,1306,26,17,1
45693,1306,27,10,0
45694,1306,28,36,1
45695,1306,29,14,0
45696,1306,30,19,1
45697,1306,31,23,1
45698,1306,32,23,1
45699,1306,33,13,1
45700,1306,34,34,0
45701,1306,35,13,0
45702,1307,1,10,0
45703,1307,2,11,0
45704,1307,3,26,1
45705,1307,4,50,2
45706,1307,5,16,1
45707,1307,6,13,0
45708,1307,7,35,1
45709,1307,8,13,0
45710,1307,9,14,0
45711,1307,10,17,0
45712,1307,11,13,0
45713,1307,12,31,1
45714,1307,13,24,1
45715,1307,14,24,1
45716,1307,15,39,1
45717,1307,16,12,1
45718,1307,17,21,1
45719,1307,18,28,1
45720,1307,19,16,0
45721,1307,20,23,0
45722,1307,21,36,1
45723,1307,22,11,0
45724,1307,23,18,0
45725,1307,24,21,1
45726,1307,25,3,0
45727,1307,26,16,0
45728,1307,27,12,1
45729,1307,28,8,0
45730,1307,29,14,0
45731,1307,30,40,1
45732,1307,31,20,1
45733,1307,32,9,0
45734,1307,33,22,1
45735,1307,34,15,0
45736,1307,35,24,1
45737,1308,1,16,0
45738,1308,2,18,0
45739,1308,3,33,1
45740,1308,4,50,1
45741,1308,5,50,2
45742,1308,6,29,0
45743,1308,7,39,1
45744,1308,8,25,1
45745,1308,9,28,1
45746,1308,10,19,0
45747,1308,11,30,1
45748,1308,12,41,2
45749,1308,13,17,0
45750,1308,14,15,1
45751,1308,15,40,1
45752,1308,16,22,1
45753,1308,17,45,1
45754,1308,18,16,0
45755,1308,19,28,1
45756,1308,20,39,1
45757,1308,21,13,1
45758,1308,22,30,1
45759,1308,23,28,1
45760,1308,24,52,2
45761,1308,25,34,2
45762,1308,26,30,1
45763,1308,27,28,1
45764,1308,28,48,2
45765,1308,29,14,1
45766,1308,30,15,1
45767,1308,31,25,1
45768,1308,32,30,1
45769,1308,33,36,2
45770,1308,34,24,0
45771,1308,35,22,1
45772,1309,1,36,1
45773,1309,2,36,2
45774,1309,3,66,4
45775,1309,4,14,1
45776,1309,5,18,1
45777,1309,6,32,2
45778,1309,7,34,1
45779,1309,8,24,1
45780,1309,9,30,1
45781,1309,10,18,1
45782,1309,11,14,0
45783,1309,12,43,2
45784,1309,13,11,0
45785,1309,14,30,2
45786,1309,15,18,1
45787,1309,16,30,2
45788,1309,17,39,2
45789,1309,18,25,1
45790,1309,19,11,1
45791,1309,20,72,1
45792,1309,21,20,1
45793,1309,22,38,1
45794,1309,23,34,2
45795,1309,24,42,1
45796,1309,25,34,1
45797,1309,26,30,1
45798,1309,27,29,1
45799,1309,28,27,1
45800,1309,29,47,2
45801,1309,30,47,2
45802,1309,31,19,0
45803,1309,32,20,1
45804,1309,33,24,1
45805,1309,34,30,1
45806,1309,35,47,1
45807,1310,1,24,1
45808,1310,2,18,0
45809,1310,3,16,1
45810,1310,4,16,0
45811,1310,5,12,0
45812,1310,6,31,1
45813,1310,7,13,1
45814,1310,8,14,0
45815,1310,9,26,1
45816,1310,10,31,1
45817,1310,11,11,1
45818,1310,12,19,0
45819,1310,13,29,1
45820,1310,14,27,1
45821,1310,15,12,0
45822,1310,16,20,1
45823,1310,17,13,1
45824,1310,18,11,0
45825,1310,19,31,2
45826,1310,20,14,0
45827,1310,21,36,1
45828,1310,22,19,1
45829,1310,23,40,2
45830,1310,24,20,0
45831,1310,25,16,0
45832,1310,26,34,1
45833,1310,27,23,1
45834,1310,28,13,0
45835,1310,29,39,0
45836,1310,30,28,1
45837,1310,31,20,0
45838,1310,32,24,0
45839,1310,33,25,1
45840,1310,34,11,0
45841,1310,35,15,1
45842,1311,1,33,1
45843,1311,2,21,1
45844,1311,3,20,1
45845,1311,4,21,1
45846,1311,5,12,1
45847,1311,6,18,0
45848,1311,7,6,0
45849,1311,8,22,0
45850,1311,9,14,1
45851,1311,10,14,0
45852,1311,11,31,1
45853,1311,12,18,1
45854,1311,13,18,1
45855,1311,14,18,0
45856,1311,15,29,1
45857,1311,16,8,0
45858,1311,17,36,2
45859,1311,18,11,0
45860,1311,19,22,1
45861,1311,20,23,0
45862,1311,21,23,1
45863,1311,22,10,0
45864,1311,23,9,0
45865,1311,24,24,0
45866,1311,25,16,0
45867,1311,26,15,0
45868,1311,27,26,0
45869,1311,28,21,0
45870,1311,29,35,2
45871,1311,30,6,0
45872,1311,31,17,1
45873,1311,32,9,0
45874,1311,33,13,0
45875,1311,34,19,1
45876,1311,35,12,0
45877,1312,1,11,1
45878,1312,2,11,0
45879,1312,3,14,1
45880,1312,4,9,1
45881,1312,5,43,1
45882,1312,6,28,1
45883,1312,7,36,1
45884,1312,8,25,1
45885,1312,9,28,1
45886,1312,10,12,1
45887,1312,11,21,1
45888,1312,12,22,1
45889,1312,13,28,1
45890,1312,14,16,1
45891,1312,15,13,0
45892,1312,16,32,1
45893,1312,17,42,2
45894,1312,18,48,2
45895,1312,19,26,1
45896,1312,20,14,1
45897,1312,21,25,1
45898,1312,22,32,0
45899,1312,23,19,1
45900,1312,24,46,1
45901,1312,25,31,1
45902,1312,26,17,0
45903,1312,27,28,1
45904,1312,28,17,1
45905,1312,29,22,1
45906,1312,30,21,1
45907,1312,31,29,1
45908,1312,32,48,1
45909,1312,33,34,1
45910,1312,34,38,2
45911,1312,35,23,1
45912,1313,1,19,1
45913,1313,2,13,0
45914,1313,3,18,1
45915,1313,4,26,1
45916,1313,5,14,1
45917,1313,6,21,1
45918,1313,7,19,1
45919,1313,8,42,0
45920,1313,9,33,1
45921,1313,10,34,1
45922,1313,11,17,1
45923,1313,12,19,1
45924,1313,13,33,1
45925,1313,14,26,2
45926,1313,15,9,0
45927,1313,16,27,1
45928,1313,17,10,0
45929,1313,18,22,1
45930,1313,19,19,0
45931,1313,20,14,0
45932,1313,21,10,0
45933,1313,22,19,1
45934,1313,23,8,0
45935,1313,24,24,1
45936,1313,25,18,1
45937,1313,26,31,0
45938,1313,27,19,0
45939,1313,28,23,1
45940,1313,29,19,1
45941,1313,30,10,0
45942,1313,31,15,1
45943,1313,32,20,0
45944,1313,33,41,2
45945,1313,34,13,1
45946,1313,35,11,1
45947,1314,1,10,0
45948,1314,2,17,1
45949,1314,3,6,0
45950,1314,4,11,0
45951,1314,5,32,1
45952,1314,6,15,1
45953,1314,7,5,0
45954,1314,8,39,2
45955,1314,9,22,1
45956,1314,10,26,1
45957,1314,11,8,0
45958,1314,12,11,1
45959,1314,13,12,0
45960,1314,14,18,1
45961,1314,15,33,1
45962,1314,16,26,0
45963,1314,17,16,1
45964,1314,18,13,1
45965,1314,19,12,1
45966,1314,20,42,1
45967,1314,21,13,0
45968,1314,22,14,1
45969,1314,23,15,0
45970,1314,24,11,1
45971,1314,25,21,1
45972,1314,26,13,1
45973,1314,27,27,1
45974,1314,28,20,1
45975,1314,29,14,1
45976,1314,30,5,0
45977,1314,31,14,0
45978,1314,32,5,0
45979,1314,33,22,1
45980,1314,34,14,0
45981,1314,35,13,0
45982,1315,1,21,0
45983,1315,2,9,0
45984,1315,3,6,0
45985,1315,4,15,0
45986,1315,5,9,0
45987,1315,6,6,0
45988,1315,7,15,1
45989,1315,8,18,0
45990,1315,9,28,1
45991,1315,10,9,0
45992,1315,11,18,0
45993,1315,12,12,1
45994,1315,13,25,0
45995,1315,14,16,0
45996,1315,15,6,0
45997,1315,16,15,0
45998,1315,17,7,0
45999,1315,18,18,0
46000,1315,19,6,0
46001,1315,20,5,0
46002,1315,21,14,0
46003,1315,22,11,1
46004,1315,23,16,1
46005,1315,24,16,0
46006,1315,25,10,0
46007,1315,26,9,0
46008,1315,27,19,1
46009,1315,28,15,0
46010,1315,29,9,0
46011,1315,30,10,0
46012,1315,31,3,0
46013,1315,32,13,0
46014,1315,33,9,0
46015,1315,34,9,1
46016,1315,35,9,1
46017,1316,1,22,1
46018,1316,2,13,0
46019,1316,3,16,0
46020,1316,4,7,0
46021,1316,5,29,2
46022,1316,6,16,1
46023,1316,7,18,0
46024,1316,8,10,0
46025,1316,9,26,1
46026,1316,10,11,0
46027,1316,11,16,0
46028,1316,12,16,1
46029,1316,13,31,2
46030,1316,14,35,1
46031,1316,15,25,0
46032,1316,16,10,0
46033,1316,17,13,1
46034,1316,18,17,0
46035,1316,19,20,0
46036,1316,20,24,0
46037,1316,21,17,1
46038,1316,22,16,1
46039,1316,23,29,1
46040,1316,24,21,1
46041,1316,25,11,0
46042,1316,26,14,1
46043,1316,27,20,1
46044,1316,28,7,0
46045,1316,29,8,0
46046,1316,30,15,0
46047,1316,31,27,0
46048,1316,32,22,1
46049,1316,33,22,0
46050,1316,34,13,0
46051,1316,35,25,1
46052,1317,1,35,1
46053,1317,2,27,1
46054,1317,3,21,1
46055,1317,4,16,1
46056,1317,5,20,1
46057,1317,6,6,0
46058,1317,7,66,3
46059,1317,8,25,1
46060,1317,9,33,2
46061,1317,10,20,1
46062,1317,11,27,1
46063,1317,12,17,1
46064,1317,13,14,1
46065,1317,14,6,0
46066,1317,15,24,1
46067,1317,16,7,0
46068,1317,17,42,1
46069,1317,18,11,0
46070,1317,19,32,0
46071,1317,20,29,1
46072,1317,21,23,0
46073,1317,22,25,0
46074,1317,23,27,0
46075,1317,24,35,1
46076,1317,25,30,1
46077,1317,26,24,1
46078,1317,27,20,1
46079,1317,28,9,0
46080,1317,29,21,1
46081,1317,30,28,2
46082,1317,31,20,0
46083,1317,32,35,1
46084,1317,33,43,2
46085,1317,34,34,1
46086,1317,35,31,2
46087,1318,1,14,0
46088,1318,2,20,0
46089,1318,3,23,1
46090,1318,4,6,0
46091,1318,5,16,0
46092,1318,6,6,0
46093,1318,7,14,1
46094,1318,8,19,0
46095,1318,9,15,1
46096,1318,10,14,1
46097,1318,11,8,0
46098,1318,12,12,1
46099,1318,13,7,0
46100,1318,14,23,1
46101,1318,15,11,1
46102,1318,16,17,1
46103,1318,17,16,1
46104,1318,18,14,1
46105,1318,19,15,1
46106,1318,20,8,0
46107,1318,21,30,1
46108,1318,22,22,1
46109,1318,23,5,0
46110,1318,24,1,0
46111,1318,25,5,0
46112,1318,26,15,1
46113,1318,27,9,0
46114,1318,28,10,0
46115,1318,29,31,1
46116,1318,30,9,0
46117,1318,31,20,0
46118,1318,32,6,0
46119,1318,33,7,0
46120,1318,34,18,1
46121,1318,35,5,0
46122,1319,1,9,0
46123,1319,2,9,0
46124,1319,3,16,1
46125,1319,4,19,1
46126,1319,5,45,2
46127,1319,6,10,1
46128,1319,7,19,1
46129,1319,8,14,0
46130,1319,9,14,0
46131,1319,10,10,0
46132,1319,11,16,1
46133,1319,12,19,1
46134,1319,13,7,0
46135,1319,14,3,0
46136,1319,15,8,0
46137,1319,16,7,0
46138,1319,17,6,0
46139,1319,18,19,1
46140,1319,19,11,0
46141,1319,20,11,1
46142,1319,21,6,0
46143,1319,22,19,0
46144,1319,23,11,0
46145,1319,24,14,1
46146,1319,25,29,1
46147,1319,26,14,1
46148,1319,27,21,1
46149,1319,28,9,0
46150,1319,29,4,0
46151,1319,30,6,0
46152,1319,31,11,0
46153,1319,32,18,1
46154,1319,33,3,0
46155,1319,34,21,1
46156,1319,35,16,1
46157,1320,1,12,1
46158,1320,2,26,1
46159,1320,3,6,0
46160,1320,4,12,1
46161,1320,5,42,1
46162,1320,6,13,1
46163,1320,7,27,1
46164,1320,8,25,0
46165,1320,9,20,0
46166,1320,10,16,1
46167,1320,11,15,0
46168,1320,12,29,1
46169,1320,13,27,0
46170,1320,14,23,1
46171,1320,15,20,1
46172,1320,16,10,0
46173,1320,17,14,0
46174,1320,18,28,1
46175,1320,19,20,1
46176,1320,20,21,1
46177,1320,21,8,0
46178,1320,22,29,2
46179,1320,23,11,1
46180,1320,24,10,0
46181,1320,25,20,1
46182,1320,26,22,0
46183,1320,27,24,1
46184,1320,28,15,1
46185,1320,29,13,0
46186,1320,30,30,1
46187,1320,31,39,2
46188,1320,32,18,0
46189,1320,33,20,1
46190,1320,34,17,1
46191,1320,35,31,1
46192,1321,1,21,1
46193,1321,2,22,0
46194,1321,3,55,1
46195,1321,4,18,1
46196,1321,5,53,2
46197,1321,6,29,1
46198,1321,7,19,1
46199,1321,8,16,0
46200,1321,9,29,1
46201,1321,10,23,1
46202,1321,11,44,2
46203,1321,12,23,1
46204,1321,13,34,1
46205,1321,14,11,0
46206,1321,15,35,1
46207,1321,16,23,1
46208,1321,17,21,1
46209,1321,18,26,0
46210,1321,19,35,1
46211,1321,20,28,1
46212,1321,21,20,1
46213,1321,22,12,0
46214,1321,23,17,1
46215,1321,24,13,0
46216,1321,25,50,1
46217,1321,26,31,2
46218,1321,27,19,1
46219,1321,28,19,1
46220,1321,29,21,1
46221,1321,30,43,1
46222,1321,31,46,1
46223,1321,32,22,1
46224,1321,33,25,1
46225,1321,34,13,0
46226,1321,35,40,1
46227,1322,1,33,1
46228,1322,2,5,0
46229,1322,3,8,0
46230,1322,4,26,1
46231,1322,5,15,1
46232,1322,6,23,1
46233,1322,7,21,1
46234,1322,8,10,0
46235,1322,9,15,1
46236,1322,10,34,2
46237,1322,11,8,0
46238,1322,12,6,0
46239,1322,13,15,1
46240,1322,14,19,1
46241,1322,15,21,0
46242,1322,16,9,0
46243,1322,17,9,0
46244,1322,18,14,1
46245,1322,19,7,0
46246,1322,20,10,0
46247,1322,21,6,0
46248,1322,22,26,1
46249,1322,23,1,0
46250,1322,24,18,1
46251,1322,25,10,0
46252,1322,26,14,1
46253,1322,27,24,1
46254,1322,28,18,1
46255,1322,29,22,1
46256,1322,30,19,0
46257,1322,31,17,0
46258,1322,32,10,0
46259,1322,33,16,0
46260,1322,34,25,1
46261,1322,35,16,1
46262,1323,1,12,0
46263,1323,2,24,0
46264,1323,3,16,1
46265,1323,4,14,1
46266,1323,5,4,0
46267,1323,6,15,1
46268,1323,7,19,0
46269,1323,8,23,0
46270,1323,9,18,1
46271,1323,10,12,1
46272,1323,11,16,1
46273,1323,12,9,0
46274,1323,13,18,1
46275,1323,14,14,1
46276,1323,15,14,1
46277,1323,16,14,1
46278,1323,17,16,1
46279,1323,18,14,1
46280,1323,19,8,0
46281,1323,20,6,0
46282,1323,21,25,1
46283,1323,22,18,1
46284,1323,23,8,0
46285,1323,24,9,0
46286,1323,25,10,0
46287,1323,26,11,0
46288,1323,27,21,0
46289,1323,28,27,1
46290,1323,29,12,0
46291,1323,30,17,1
46292,1323,31,6,0
46293,1323,32,7,0
46294,1323,33,9,0
46295,1323,34,16,1
46296,1323,35,13,1
46297,1324,1,27,1
46298,1324,2,20,0
46299,1324,3,15,0
46300,1324,4,11,0
46301,1324,5,10,0
46302,1324,6,20,0
46303,1324,7,19,0
46304,1324,8,13,1
46305,1324,9,27,1
46306,1324,10,20,1
46307,1324,11,20,0
46308,1324,12,20,1
46309,1324,13,20,1
46310,1324,14,10,0
46311,1324,15,50,0
46312,1324,16,9,0
46313,1324,17,11,1
46314,1324,18,13,0
46315,1324,19,25,0
46316,1324,20,11,1
46317,1324,21,22,1
46318,1324,22,49,1
46319,1324,23,21,1
46320,1324,24,14,1
46321,1324,25,24,1
46322,1324,26,15,0
46323,1324,27,13,0
46324,1324,28,19,0
46325,1324,29,22,1
46326,1324,30,48,2
46327,1324,31,20,0
46328,1324,32,13,1
46329,1324,33,32,1
46330,1324,34,20,1
46331,1324,35,25,1
46332,1325,1,42,1
46333,1325,2,44,2
46334,1325,3,24,1
46335,1325,4,26,0
46336,1325,5,21,1
46337,1325,6,15,0
46338,1325,7,17,0
46339,1325,8,21,1
46340,1325,9,33,1
46341,1325,10,17,1
46342,1325,11,32,2
46343,1325,12,27,0
46344,1325,13,33,2
46345,1325,14,12,0
46346,1325,15,23,1
46347,1325,16,39,1
46348,1325,17,35,1
46349,1325,18,10,0
46350,1325,19,26,1
46351,1325,20,14,0
46352,1325,21,24,0
46353,1325,22,31,1
46354,1325,23,13,1
46355,1325,24,25,1
46356,1325,25,37,1
46357,1325,26,13,0
46358,1325,27,14,0
46359,1325,28,33,1
46360,1325,29,15,1
46361,1325,30,47,3
46362,1325,31,18,1
46363,1325,32,21,0
46364,1325,33,18,0
46365,1325,34,12,0
46366,1325,35,29,1
46367,1326,1,11,1
46368,1326,2,31,1
46369,1326,3,6,0
46370,1326,4,17,0
46371,1326,5,15,0
46372,1326,6,16,0
46373,1326,7,10,1
46374,1326,8,26,0
46375,1326,9,13,0
46376,1326,10,41,2
46377,1326,11,9,0
46378,1326,12,10,0
46379,1326,13,9,0
46380,1326,14,10,0
46381,1326,15,20,0
46382,1326,16,24,1
46383,1326,17,17,0
46384,1326,18,24,1
46385,1326,19,21,0
46386,1326,20,23,1
46387,1326,21,7,0
46388,1326,22,26,1
46389,1326,23,23,1
46390,1326,24,20,1
46391,1326,25,17,0
46392,1326,26,9,0
46393,1326,27,7,0
46394,1326,28,13,0
46395,1326,29,28,1
46396,1326,30,32,2
46397,1326,31,24,0
46398,1326,32,33,1
46399,1326,33,14,1
46400,1326,34,20,1
46401,1326,35,30,1
46402,1327,1,17,1
46403,1327,2,17,0
46404,1327,3,9,0
46405,1327,4,5,0
46406,1327,5,15,0
46407,1327,6,8,0
46408,1327,7,22,1
46409,1327,8,5,0
46410,1327,9,6,0
46411,1327,10,11,1
46412,1327,11,28,1
46413,1327,12,4,0
46414,1327,13,19,1
46415,1327,14,7,0
46416,1327,15,6,0
46417,1327,16,8,0
46418,1327,17,27,1
46419,1327,18,13,1
46420,1327,19,22,1
46421,1327,20,23,0
46422,1327,21,8,0
46423,1327,22,20,1
46424,1327,23,6,0
46425,1327,24,16,1
46426,1327,25,19,0
46427,1327,26,9,0
46428,1327,27,11,0
46429,1327,28,11,1
46430,1327,29,9,0
46431,1327,30,9,0
46432,1327,31,3,0
46433,1327,32,9,0
46434,1327,33,37,0
46435,1327,34,5,0
46436,1327,35,14,1
46437,1328,1,9,0
46438,1328,2,16,1
46439,1328,3,11,0
46440,1328,4,41,1
46441,1328,5,11,1
46442,1328,6,14,1
46443,1328,7,19,1
46444,1328,8,16,1
46445,1328,9,8,0
46446,1328,10,25,1
46447,1328,11,36,2
46448,1328,12,7,0
46449,1328,13,13,1
46450,1328,14,13,1
46451,1328,15,13,1
46452,1328,16,34,2
46453,1328,17,27,1
46454,1328,18,22,1
46455,1328,19,21,0
46456,1328,20,23,1
46457,1328,21,27,1
46458,1328,22,34,2
46459,1328,23,9,0
46460,1328,24,25,0
46461,1328,25,28,1
46462,1328,26,23,1
46463,1328,27,17,1
46464,1328,28,36,1
46465,1328,29,18,0
46466,1328,30,36,0
46467,1328,31,14,1
46468,1328,32,11,1
46469,1328,33,21,0
46470,1328,34,33,2
46471,1328,35,42,1
46472,1329,1,17,1
46473,1329,2,22,0
46474,1329,3,18,0
46475,1329,4,25,1
46476,1329,5,32,1
46477,1329,6,32,1
46478,1329,7,32,1
46479,1329,8,48,2
46480,1329,9,23,1
46481,1329,10,14,0
46482,1329,11,20,1
46483,1329,12,44,1
46484,1329,13,20,1
46485,1329,14,32,1
46486,1329,15,42,2
46487,1329,16,41,1
46488,1329,17,28,1
46489,1329,18,53,1
46490,1329,19,33,0
46491,1329,20,41,2
46492,1329,21,17,1
46493,1329,22,42,1
46494,1329,23,39,2
46495,1329,24,51,1
46496,1329,25,29,1
46497,1329,26,24,1
46498,1329,27,25,1
46499,1329,28,27,1
46500,1329,29,22,1
46501,1329,30,46,0
46502,1329,31,45,1
46503,1329,32,38,1
46504,1329,33,33,1
46505,1329,34,25,1
46506,1329,35,46,2
46507,1330,1,23,0
46508,1330,2,18,1
46509,1330,3,17,0
46510,1330,4,11,0
46511,1330,5,11,0
46512,1330,6,7,0
46513,1330,7,38,2
46514,1330,8,23,0
46515,1330,9,18,1
46516,1330,10,14,0
46517,1330,11,27,1
46518,1330,12,19,1
46519,1330,13,19,1
46520,1330,14,12,1
46521,1330,15,19,1
46522,1330,16,6,0
46523,1330,17,12,0
46524,1330,18,19,1
46525,1330,19,7,0
46526,1330,20,17,1
46527,1330,21,27,2
46528,1330,22,13,0
46529,1330,23,20,0
46530,1330,24,30,1
46531,1330,25,23,1
46532,1330,26,23,0
46533,1330,27,19,0
46534,1330,28,20,0
46535,1330,29,12,0
46536,1330,30,24,0
46537,1330,31,17,1
46538,1330,32,17,0
46539,1330,33,17,0
46540,1330,34,29,1
46541,1330,35,13,1
46542,1331,1,12,0
46543,1331,2,12,1
46544,1331,3,6,0
46545,1331,4,17,0
46546,1331,5,8,0
46547,1331,6,12,0
46548,1331,7,22,1
46549,1331,8,32,1
46550,1331,9,21,1
46551,1331,10,9,0
46552,1331,11,17,1
46553,1331,12,21,0
46554,1331,13,25,1
46555,1331,14,21,1
46556,1331,15,11,1
46557,1331,16,23,1
46558,1331,17,30,1
46559,1331,18,23,1
46560,1331,19,18,1
46561,1331,20,9,0
46562,1331,21,10,0
46563,1331,22,8,0
46564,1331,23,10,1
46565,1331,24,9,0
46566,1331,25,18,1
46567,1331,26,19,0
46568,1331,27,6,0
46569,1331,28,10,1
46570,1331,29,18,1
46571,1331,30,21,1
46572,1331,31,15,1
46573,1331,32,5,0
46574,1331,33,4,0
46575,1331,34,10,1
46576,1331,35,15,1
46577,1332,1,24,1
46578,1332,2,20,1
46579,1332,3,53,1
46580,1332,4,20,0
46581,1332,5,39,1
46582,1332,6,45,2
46583,1332,7,38,2
46584,1332,8,22,1
46585,1332,9,24,1
46586,1332,10,10,0
46587,1332,11,7,0
46588,1332,12,52,3
46589,1332,13,13,1
46590,1332,14,12,1
46591,1332,15,28,1
46592,1332,16,20,1
46593,1332,17,24,1
46594,1332,18,41,2
46595,1332,19,28,1
46596,1332,20,23,0
46597,1332,21,16,0
46598,1332,22,20,0
46599,1332,23,8,0
46600,1332,24,11,0
46601,1332,25,51,2
46602,1332,26,36,1
46603,1332,27,17,0
46604,1332,28,24,0
46605,1332,29,25,0
46606,1332,30,28,1
46607,1332,31,7,0
46608,1332,32,28,1
46609,1332,33,12,0
46610,1332,34,21,1
46611,1332,35,27,1
46612,1333,1,48,2
46613,1333,2,30,1
46614,1333,3,38,2
46615,1333,4,64,3
46616,1333,5,17,1
46617,1333,6,29,0
46618,1333,7,44,0
46619,1333,8,14,1
46620,1333,9,24,0
46621,1333,10,30,1
46622,1333,11,32,1
46623,1333,12,65,2
46624,1333,13,23,1
46625,1333,14,41,2
46626,1333,15,77,5
46627,1333,16,53,2
46628,1333,17,39,2
46629,1333,18,28,1
46630,1333,19,28,2
46631,1333,20,57,2
46632,1333,21,9,0
46633,1333,22,38,1
46634,1333,23,8,0
46635,1333,24,25,1
46636,1333,25,12,0
46637,1333,26,28,1
46638,1333,27,30,1
46639,1333,28,40,2
46640,1333,29,52,3
46641,1333,30,23,1
46642,1333,31,38,1
46643,1333,32,26,1
46644,1333,33,18,0
46645,1333,34,41,1
46646,1333,35,25,0
46647,1334,1,20,1
46648,1334,2,43,0
46649,1334,3,13,0
46650,1334,4,20,1
46651,1334,5,25,0
46652,1334,6,35,0
46653,1334,7,18,1
46654,1334,8,9,0
46655,1334,9,39,2
46656,1334,10,12,0
46657,1334,11,8,0
46658,1334,12,14,1
46659,1334,13,17,1
46660,1334,14,39,2
46661,1334,15,29,0
46662,1334,16,27,1
46663,1334,17,13,0
46664,1334,18,20,1
46665,1334,19,11,0
46666,1334,20,15,0
46667,1334,21,5,0
46668,1334,22,28,2
46669,1334,23,30,2
46670,1334,24,18,0
46671,1334,25,12,1
46672,1334,26,33,1
46673,1334,27,18,0
46674,1334,28,31,1
46675,1334,29,18,0
46676,1334,30,35,2
46677,1334,31,16,0
46678,1334,32,20,0
46679,1334,33,32,1
46680,1334,34,8,0
46681,1334,35,23,1
46682,1335,1,37,2
46683,1335,2,14,0
46684,1335,3,27,1
46685,1335,4,18,0
46686,1335,5,16,1
46687,1335,6,30,1
46688,1335,7,16,1
46689,1335,8,18,1
46690,1335,9,15,0
46691,1335,10,15,0
46692,1335,11,6,0
46693,1335,12,29,2
46694,1335,13,13,1
46695,1335,14,16,1
46696,1335,15,6,0
46697,1335,16,19,1
46698,1335,17,7,0
46699,1335,18,14,1
46700,1335,19,32,2
46701,1335,20,24,1
46702,1335,21,24,1
46703,1335,22,37,0
46704,1335,23,15,1
46705,1335,24,11,1
46706,1335,25,42,1
46707,1335,26,8,0
46708,1335,27,11,1
46709,1335,28,16,1
46710,1335,29,23,1
46711,1335,30,34,1
46712,1335,31,21,1
46713,1335,32,10,0
46714,1335,33,22,1
46715,1335,34,17,1
46716,1335,35,21,1
46717,1336,1,37,2
46718,1336,2,16,0
46719,1336,3,30,2
46720,1336,4,38,1
46721,1336,5,15,0
46722,1336,6,31,1
46723,1336,7,20,1
46724,1336,8,41,1
46725,1336,9,30,2
46726,1336,10,16,0
46727,1336,11,17,1
46728,1336,12,34,1
46729,1336,13,20,1
46730,1336,14,25,1
46731,1336,15,12,1
46732,1336,16,34,1
46733,1336,17,32,1
46734,1336,18,24,1
46735,1336,19,23,1
46736,1336,20,12,1
46737,1336,21,40,2
46738,1336,22,11,0
46739,1336,23,36,0
46740,1336,24,40,1
46741,1336,25,29,1
46742,1336,26,14,0
46743,1336,27,30,1
46744,1336,28,22,1
46745,1336,29,43,0
46746,1336,30,17,1
46747,1336,31,31,1
46748,1336,32,21,1
46749,1336,33,33,1
46750,1336,34,46,1
46751,1336,35,36,0
46752,1337,1,28,1
46753,1337,2,29,1
46754,1337,3,40,2
46755,1337,4,36,1
46756,1337,5,37,1
46757,1337,6,40,1
46758,1337,7,35,0
46759,1337,8,49,1
46760,1337,9,42,1
46761,1337,10,46,3
46762,1337,11,39,0
46763,1337,12,21,1
46764,1337,13,40,1
46765,1337,14,29,1
46766,1337,15,29,1
46767,1337,16,22,1
46768,1337,17,43,0
46769,1337,18,26,1
46770,1337,19,43,1
46771,1337,20,37,1
46772,1337,21,18,1
46773,1337,22,41,1
46774,1337,23,32,1
46775,1337,24,51,1
46776,1337,25,40,1
46777,1337,26,33,2
46778,1337,27,30,1
46779,1337,28,42,1
46780,1337,29,18,1
46781,1337,30,22,0
46782,1337,31,27,1
46783,1337,32,42,2
46784,1337,33,35,2
46785,1337,34,56,3
46786,1337,35,48,1
46787,1338,1,26,1
46788,1338,2,10,1
46789,1338,3,14,0
46790,1338,4,8,0
46791,1338,5,31,2
46792,1338,6,5,0
46793,1338,7,15,0
46794,1338,8,24,1
46795,1338,9,19,1
46796,1338,10,4,0
46797,1338,11,23,1
46798,1338,12,43,2
46799,1338,13,34,2
46800,1338,14,18,1
46801,1338,15,7,0
46802,1338,16,30,1
46803,1338,17,19,1
46804,1338,18,26,1
46805,1338,19,29,2
46806,1338,20,18,1
46807,1338,21,14,0
46808,1338,22,17,0
46809,1338,23,9,0
46810,1338,24,4,0
46811,1338,25,17,1
46812,1338,26,22,1
46813,1338,27,9,0
46814,1338,28,30,1
46815,1338,29,34,1
46816,1338,30,35,1
46817,1338,31,20,1
46818,1338,32,19,1
46819,1338,33,21,1
46820,1338,34,29,0
46821,1338,35,37,1
46822,1339,1,20,0
46823,1339,2,7,0
46824,1339,3,14,1
46825,1339,4,23,1
46826,1339,5,30,1
46827,1339,6,20,1
46828,1339,7,20,0
46829,1339,8,17,1
46830,1339,9,24,1
46831,1339,10,31,1
46832,1339,11,21,0
46833,1339,12,34,1
46834,1339,13,9,0
46835,1339,14,13,1
46836,1339,15,18,1
46837,1339,16,16,0
46838,1339,17,4,0
46839,1339,18,18,1
46840,1339,19,3,0
46841,1339,20,17,1
46842,1339,21,22,0
46843,1339,22,18,1
46844,1339,23,12,1
46845,1339,24,6,0
46846,1339,25,9,0
46847,1339,26,15,1
46848,1339,27,14,1
46849,1339,28,9,0
46850,1339,29,16,0
46851,1339,30,7,0
46852,1339,31,24,1
46853,1339,32,17,1
46854,1339,33,17,1
46855,1339,34,21,1
46856,1339,35,15,1
46857,1340,1,16,1
46858,1340,2,32,1
46859,1340,3,48,2
46860,1340,4,23,1
46861,1340,5,38,1
46862,1340,6,11,0
46863,1340,7,8,0
46864,1340,8,45,1
46865,1340,9,53,2
46866,1340,10,30,1
46867,1340,11,20,1
46868,1340,12,21,1
46869,1340,13,22,1
46870,1340,14,27,1
46871,1340,15,9,0
46872,1340,16,33,0
46873,1340,17,33,2
46874,1340,18,5,0
46875,1340,19,32,2
46876,1340,20,17,1
46877,1340,21,19,0
46878,1340,22,14,0
46879,1340,23,11,0
46880,1340,24,30,2
46881,1340,25,35,1
46882,1340,26,13,0
46883,1340,27,35,1
46884,1340,28,26,1
46885,1340,29,30,1
46886,1340,30,27,2
46887,1340,31,24,1
46888,1340,32,15,0
46889,1340,33,34,2
46890,1340,34,24,1
46891,1340,35,8,0
46892,1341,1,33,1
46893,1341,2,10,1
46894,1341,3,6,0
46895,1341,4,19,0
46896,1341,5,35,1
46897,1341,6,30,1
46898,1341,7,13,1
46899,1341,8,31,2
46900,1341,9,14,0
46901,1341,10,24,1
46902,1341,11,14,0
46903,1341,12,16,1
46904,1341,13,10,0
46905,1341,14,22,0
46906,1341,15,15,0
46907,1341,16,18,1
46908,1341,17,10,0
46909,1341,18,25,1
46910,1341,19,26,1
46911,1341,20,14,1
46912,1341,21,15,0
46913,1341,22,14,1
46914,1341,23,16,1
46915,1341,24,36,1
46916,1341,25,25,1
46917,1341,26,26,1
46918,1341,27,43,2
46919,1341,28,30,1
46920,1341,29,11,0
46921,1341,30,21,1
46922,1341,31,37,2
46923,1341,32,29,0
46924,1341,33,17,0
46925,1341,34,12,1
46926,1341,35,37,2
46927,1342,1,22,1
46928,1342,2,6,0
46929,1342,3,14,1
46930,1342,4,21,1
46931,1342,5,14,0
46932,1342,6,9,0
46933,1342,7,11,0
46934,1342,8,13,0
46935,1342,9,28,1
46936,1342,10,12,1
46937,1342,11,22,1
46938,1342,12,17,0
46939,1342,13,20,1
46940,1342,14,16,1
46941,1342,15,13,1
46942,1342,16,16,1
46943,1342,17,9,1
46944,1342,18,9,0
46945,1342,19,13,1
46946,1342,20,9,0
46947,1342,21,17,1
46948,1342,22,33,1
46949,1342,23,12,1
46950,1342,24,21,1
46951,1342,25,10,0
46952,1342,26,20,1
46953,1342,27,21,0
46954,1342,28,10,0
46955,1342,29,15,1
46956,1342,30,14,1
46957,1342,31,14,0
46958,1342,32,7,0
46959,1342,33,32,1
46960,1342,34,12,0
46961,1342,35,14,0
46962,1343,1,17,1
46963,1343,2,23,0
46964,1343,3,8,0
46965,1343,4,16,1
46966,1343,5,7,0
46967,1343,6,24,0
46968,1343,7,14,1
46969,1343,8,18,1
46970,1343,9,34,0
46971,1343,10,15,0
46972,1343,11,20,1
46973,1343,12,6,0
46974,1343,13,4,0
46975,1343,14,14,0
46976,1343,15,24,1
46977,1343,16,7,0
46978,1343,17,4,0
46979,1343,18,20,0
46980,1343,19,8,0
46981,1343,20,8,0
46982,1343,21,26,1
46983,1343,22,6,0
46984,1343,23,9,0
46985,1343,24,5,0
46986,1343,25,14,0
46987,1343,26,9,0
46988,1343,27,7,0
46989,1343,28,12,1
46990,1343,29,26,1
46991,1343,30,13,0
46992,1343,31,6,0
46993,1343,32,23,1
46994,1343,33,24,1
46995,1343,34,26,1
46996,1343,35,15,1
46997,1344,1,21,1
46998,1344,2,20,0
46999,1344,3,10,0
47000,1344,4,28,1
47001,1344,5,22,1
47002,1344,6,17,0
47003,1344,7,24,1
47004,1344,8,21,1
47005,1344,9,30,2
47006,1344,10,12,1
47007,1344,11,14,0
47008,1344,12,15,0
47009,1344,13,16,1
47010,1344,14,16,0
47011,1344,15,22,0
47012,1344,16,10,0
47013,1344,17,17,0
47014,1344,18,16,1
47015,1344,19,27,1
47016,1344,20,8,0
47017,1344,21,12,1
47018,1344,22,12,0
47019,1344,23,14,0
47020,1344,24,7,0
47021,1344,25,7,0
47022,1344,26,10,0
47023,1344,27,19,1
47024,1344,28,23,1
47025,1344,29,31,1
47026,1344,30,38,2
47027,1344,31,15,0
47028,1344,32,19,0
47029,1344,33,14,1
47030,1344,34,29,1
47031,1344,35,17,0
47032,1345,1,31,2
47033,1345,2,7,0
47034,1345,3,28,1
47035,1345,4,33,0
47036,1345,5,19,1
47037,1345,6,17,1
47038,1345,7,33,1
47039,1345,8,18,0
47040,1345,9,8,0
47041,1345,10,19,1
47042,1345,11,27,0
47043,1345,12,22,1
47044,1345,13,15,0
47045,1345,14,33,0
47046,1345,15,24,1
47047,1345,16,25,1
47048,1345,17,7,0
47049,1345,18,12,1
47050,1345,19,26,1
47051,1345,20,15,1
47052,1345,21,27,1
47053,1345,22,15,0
47054,1345,23,29,1
47055,1345,24,12,0
47056,1345,25,11,0
47057,1345,26,15,1
47058,1345,27,17,1
47059,1345,28,23,1
47060,1345,29,42,1
47061,1345,30,17,1
47062,1345,31,21,0
47063,1345,32,30,1
47064,1345,33,16,1
47065,1345,34,24,1
47066,1345,35,24,1
47067,1346,1,7,0
47068,1346,2,18,1
47069,1346,3,10,1
47070,1346,4,25,0
47071,1346,5,8,0
47072,1346,6,13,1
47073,1346,7,16,1
47074,1346,8,16,1
47075,1346,9,34,1
47076,1346,10,15,1
47077,1346,11,16,0
47078,1346,12,6,0
47079,1346,13,7,0
47080,1346,14,17,1
47081,1346,15,30,1
47082,1346,16,7,0
47083,1346,17,12,0
47084,1346,18,21,1
47085,1346,19,7,0
47086,1346,20,8,0
47087,1346,21,31,1
47088,1346,22,24,0
47089,1346,23,5,0
47090,1346,24,3,0
47091,1346,25,21,1
47092,1346,26,5,0
47093,1346,27,15,0
47094,1346,28,14,1
47095,1346,29,8,0
47096,1346,30,12,0
47097,1346,31,18,1
47098,1346,32,17,0
47099,1346,33,20,1
47100,1346,34,18,1
47101,1346,35,9,0
47102,1347,1,12,0
47103,1347,2,7,0
47104,1347,3,11,0
47105,1347,4,19,1
47106,1347,5,8,0
47107,1347,6,17,1
47108,1347,7,8,0
47109,1347,8,14,0
47110,1347,9,30,2
47111,1347,10,16,0
47112,1347,11,14,1
47113,1347,12,21,0
47114,1347,13,5,0
47115,1347,14,8,0
47116,1347,15,19,1
47117,1347,16,17,1
47118,1347,17,5,0
47119,1347,18,6,0
47120,1347,19,19,1
47121,1347,20,7,0
47122,1347,21,15,0
47123,1347,22,11,0
47124,1347,23,17,1
47125,1347,24,10,0
47126,1347,25,14,1
47127,1347,26,10,0
47128,1347,27,8,0
47129,1347,28,4,0
47130,1347,29,22,1
47131,1347,30,13,0
47132,1347,31,19,1
47133,1347,32,6,0
47134,1347,33,13,0
47135,1347,34,18,0
47136,1347,35,5,0
47137,1348,1,16,1
47138,1348,2,10,1
47139,1348,3,20,0
47140,1348,4,20,0
47141,1348,5,14,1
47142,1348,6,31,1
47143,1348,7,25,1
47144,1348,8,13,0
47145,1348,9,5,0
47146,1348,10,24,1
47147,1348,11,28,2
47148,1348,12,17,0
47149,1348,13,16,1
47150,1348,14,5,0
47151,1348,15,24,1
47152,1348,16,11,1
47153,1348,17,34,2
47154,1348,18,20,1
47155,1348,19,25,1
47156,1348,20,12,1
47157,1348,21,12,0
47158,1348,22,20,1
47159,1348,23,20,1
47160,1348,24,16,0
47161,1348,25,15,0
47162,1348,26,13,1
47163,1348,27,15,1
47164,1348,28,5,0
47165,1348,29,23,1
47166,1348,30,11,0
47167,1348,31,11,1
47168,1348,32,17,0
47169,1348,33,19,1
47170,1348,34,21,1
47171,1348,35,21,0
47172,1349,1,21,1
47173,1349,2,50,1
47174,1349,3,16,1
47175,1349,4,19,1
47176,1349,5,8,0
47177,1349,6,22,1
47178,1349,7,16,1
47179,1349,8,16,1
47180,1349,9,22,1
47181,1349,10,12,1
47182,1349,11,31,1
47183,1349,12,12,1
47184,1349,13,26,1
47185,1349,14,17,0
47186,1349,15,26,1
47187,1349,16,20,1
47188,1349,17,27,0
47189,1349,18,25,1
47190,1349,19,23,1
47191,1349,20,10,0
47192,1349,21,12,1
47193,1349,22,30,2
47194,1349,23,25,1
47195,1349,24,18,0
47196,1349,25,32,1
47197,1349,26,31,1
47198,1349,27,15,1
47199,1349,28,14,0
47200,1349,29,25,0
47201,1349,30,36,1
47202,1349,31,15,0
47203,1349,32,17,1
47204,1349,33,18,1
47205,1349,34,27,1
47206,1349,35,22,0
47207,1350,1,13,0
47208,1350,2,9,0
47209,1350,3,16,1
47210,1350,4,12,1
47211,1350,5,19,1
47212,1350,6,11,0
47213,1350,7,13,0
47214,1350,8,36,1
47215,1350,9,8,0
47216,1350,10,15,0
47217,1350,11,23,1
47218,1350,12,9,0
47219,1350,13,11,0
47220,1350,14,19,1
47221,1350,15,9,0
47222,1350,16,10,0
47223,1350,17,16,1
47224,1350,18,16,1
47225,1350,19,15,1
47226,1350,20,17,0
47227,1350,21,5,0
47228,1350,22,11,0
47229,1350,23,17,0
47230,1350,24,30,0
47231,1350,25,13,1
47232,1350,26,8,0
47233,1350,27,26,1
47234,1350,28,24,1
47235,1350,29,19,1
47236,1350,30,17,1
47237,1350,31,14,1
47238,1350,32,12,0
47239,1350,33,14,0
47240,1350,34,16,0
47241,1350,35,24,1
47242,1351,1,18,1
47243,1351,2,23,0
47244,1351,3,12,1
47245,1351,4,12,1
47246,1351,5,25,1
47247,1351,6,13,0
47248,1351,7,15,0
47249,1351,8,27,0
47250,1351,9,14,0
47251,1351,10,12,0
47252,1351,11,9,0
47253,1351,12,23,0
47254,1351,13,6,0
47255,1351,14,16,1
47256,1351,15,11,0
47257,1351,16,18,1
47258,1351,17,15,1
47259,1351,18,12,1
47260,1351,19,23,1
47261,1351,20,13,0
47262,1351,21,14,0
47263,1351,22,6,0
47264,1351,23,13,0
47265,1351,24,5,0
47266,1351,25,5,0
47267,1351,26,9,0
47268,1351,27,23,1
47269,1351,28,16,1
47270,1351,29,10,0
47271,1351,30,13,1
47272,1351,31,6,0
47273,1351,32,12,0
47274,1351,33,5,0
47275,1351,34,5,0
47276,1351,35,7,0
47277,1352,1,13,1
47278,1352,2,9,0
47279,1352,3,10,0
47280,1352,4,15,1
47281,1352,5,20,0
47282,1352,6,10,1
47283,1352,7,14,1
47284,1352,8,14,0
47285,1352,9,28,1
47286,1352,10,16,1
47287,1352,11,15,1
47288,1352,12,12,1
47289,1352,13,15,0
47290,1352,14,21,0
47291,1352,15,16,0
47292,1352,16,16,0
47293,1352,17,8,0
47294,1352,18,24,1
47295,1352,19,25,0
47296,1352,20,24,0
47297,1352,21,29,0
47298,1352,22,15,1
47299,1352,23,31,1
47300,1352,24,17,1
47301,1352,25,13,0
47302,1352,26,9,0
47303,1352,27,15,1
47304,1352,28,12,1
47305,1352,29,38,1
47306,1352,30,12,0
47307,1352,31,25,1
47308,1352,32,33,1
47309,1352,33,10,1
47310,1352,34,32,1
47311,1352,35,19,1
47312,1353,1,23,0
47313,1353,2,15,1
47314,1353,3,15,1
47315,1353,4,24,1
47316,1353,5,11,0
47317,1353,6,31,1
47318,1353,7,18,1
47319,1353,8,11,1
47320,1353,9,11,0
47321,1353,10,9,0
47322,1353,11,28,0
47323,1353,12,19,1
47324,1353,13,15,1
47325,1353,14,42,2
47326,1353,15,22,1
47327,1353,16,56,1
47328,1353,17,38,2
47329,1353,18,15,0
47330,1353,19,28,0
47331,1353,20,17,0
47332,1353,21,17,1
47333,1353,22,17,1
47334,1353,23,20,1
47335,1353,24,30,1
47336,1353,25,39,1
47337,1353,26,58,2
47338,1353,27,13,0
47339,1353,28,31,2
47340,1353,29,40,0
47341,1353,30,14,0
47342,1353,31,33,1
47343,1353,32,28,0
47344,1353,33,38,2
47345,1353,34,13,1
47346,1353,35,27,0
47347,1354,1,15,1
47348,1354,2,7,0
47349,1354,3,13,0
47350,1354,4,24,1
47351,1354,5,19,0
47352,1354,6,20,0
47353,1354,7,32,1
47354,1354,8,16,0
47355,1354,9,30,2
47356,1354,10,7,0
47357,1354,11,20,0
47358,1354,12,28,1
47359,1354,13,26,0
47360,1354,14,21,1
47361,1354,15,8,0
47362,1354,16,15,1
47363,1354,17,15,1
47364,1354,18,10,1
47365,1354,19,9,0
47366,1354,20,9,0
47367,1354,21,45,2
47368,1354,22,21,1
47369,1354,23,25,1
47370,1354,24,18,1
47371,1354,25,10,0
47372,1354,26,25,1
47373,1354,27,18,1
47374,1354,28,15,0
47375,1354,29,6,0
47376,1354,30,9,0
47377,1354,31,5,0
47378,1354,32,15,1
47379,1354,33,41,1
47380,1354,34,5,0
47381,1354,35,14,1
47382,1355,1,15,1
47383,1355,2,8,0
47384,1355,3,12,0
47385,1355,4,17,1
47386,1355,5,20,1
47387,1355,6,19,1
47388,1355,7,18,0
47389,1355,8,9,0
47390,1355,9,10,0
47391,1355,10,18,0
47392,1355,11,13,1
47393,1355,12,7,0
47394,1355,13,20,1
47395,1355,14,18,1
47396,1355,15,15,1
47397,1355,16,22,0
47398,1355,17,33,1
47399,1355,18,34,2
47400,1355,19,28,1
47401,1355,20,22,1
47402,1355,21,19,1
47403,1355,22,21,1
47404,1355,23,12,0
47405,1355,24,16,1
47406,1355,25,19,0
47407,1355,26,16,1
47408,1355,27,8,0
47409,1355,28,13,1
47410,1355,29,13,1
47411,1355,30,20,1
47412,1355,31,20,0
47413,1355,32,15,0
47414,1355,33,18,0
47415,1355,34,21,1
47416,1355,35,10,0
47417,1356,1,43,1
47418,1356,2,41,1
47419,1356,3,15,0
47420,1356,4,20,1
47421,1356,5,16,0
47422,1356,6,15,1
47423,1356,7,20,0
47424,1356,8,16,1
47425,1356,9,24,1
47426,1356,10,23,1
47427,1356,11,15,1
47428,1356,12,16,1
47429,1356,13,26,0
47430,1356,14,17,0
47431,1356,15,8,0
47432,1356,16,15,0
47433,1356,17,20,1
47434,1356,18,15,0
47435,1356,19,19,1
47436,1356,20,24,1
47437,1356,21,33,1
47438,1356,22,18,0
47439,1356,23,8,0
47440,1356,24,18,0
47441,1356,25,29,2
47442,1356,26,29,2
47443,1356,27,19,0
47444,1356,28,13,0
47445,1356,29,35,1
47446,1356,30,18,0
47447,1356,31,12,0
47448,1356,32,9,0
47449,1356,33,19,0
47450,1356,34,14,1
47451,1356,35,23,1
47452,1357,1,4,0
47453,1357,2,43,1
47454,1357,3,25,1
47455,1357,4,40,2
47456,1357,5,23,1
47457,1357,6,26,1
47458,1357,7,24,1
47459,1357,8,23,1
47460,1357,9,31,1
47461,1357,10,36,1
47462,1357,11,22,1
47463,1357,12,21,1
47464,1357,13,27,1
47465,1357,14,12,0
47466,1357,15,24,1
47467,1357,16,20,1
47468,1357,17,31,2
47469,1357,18,52,2
47470,1357,19,18,1
47471,1357,20,16,0
47472,1357,21,30,1
47473,1357,22,73,3
47474,1357,23,16,1
47475,1357,24,56,3
47476,1357,25,40,2
47477,1357,26,58,2
47478,1357,27,32,1
47479,1357,28,8,0
47480,1357,29,25,1
47481,1357,30,17,1
47482,1357,31,17,1
47483,1357,32,34,2
47484,1357,33,49,2
47485,1357,34,31,2
47486,1357,35,39,2
47487,1358,1,10,0
47488,1358,2,18,0
47489,1358,3,38,2
47490,1358,4,41,1
47491,1358,5,29,1
47492,1358,6,12,0
47493,1358,7,18,1
47494,1358,8,25,1
47495,1358,9,9,0
47496,1358,10,16,0
47497,1358,11,17,1
47498,1358,12,14,1
47499,1358,13,24,1
47500,1358,14,31,1
47501,1358,15,18,0
47502,1358,16,18,0
47503,1358,17,16,0
47504,1358,18,11,1
47505,1358,19,28,0
47506,1358,20,38,1
47507,1358,21,17,0
47508,1358,22,13,0
47509,1358,23,12,0
47510,1358,24,21,1
47511,1358,25,15,0
47512,1358,26,32,0
47513,1358,27,19,1
47514,1358,28,42,1
47515,1358,29,34,2
47516,1358,30,24,0
47517,1358,31,20,1
47518,1358,32,29,1
47519,1358,33,16,0
47520,1358,34,19,1
47521,1358,35,10,1
47522,1359,1,8,0
47523,1359,2,14,0
47524,1359,3,6,0
47525,1359,4,12,0
47526,1359,5,22,1
47527,1359,6,19,1
47528,1359,7,4,0
47529,1359,8,10,0
47530,1359,9,8,0
47531,1359,10,20,1
47532,1359,11,8,0
47533,1359,12,8,0
47534,1359,13,23,1
47535,1359,14,26,0
47536,1359,15,14,0
47537,1359,16,21,1
47538,1359,17,15,1
47539,1359,18,18,1
47540,1359,19,22,1
47541,1359,20,41,1
47542,1359,21,17,0
47543,1359,22,19,1
47544,1359,23,21,1
47545,1359,24,18,0
47546,1359,25,26,1
47547,1359,26,27,1
47548,1359,27,14,0
47549,1359,28,7,0
47550,1359,29,21,1
47551,1359,30,25,1
47552,1359,31,6,0
47553,1359,32,23,1
47554,1359,33,12,1
47555,1359,34,15,1
47556,1359,35,19,0
47557,1360,1,27,1
47558,1360,2,20,0
47559,1360,3,24,1
47560,1360,4,14,0
47561,1360,5,44,1
47562,1360,6,23,1
47563,1360,7,15,0
47564,1360,8,14,0
47565,1360,9,29,0
47566,1360,10,12,0
47567,1360,11,58,2
47568,1360,12,48,1
47569,1360,13,44,1
47570,1360,14,20,1
47571,1360,15,9,0
47572,1360,16,50,3
47573,1360,17,37,1
47574,1360,18,19,0
47575,1360,19,17,1
47576,1360,20,26,1
47577,1360,21,10,0
47578,1360,22,27,1
47579,1360,23,31,1
47580,1360,24,23,0
47581,1360,25,19,1
47582,1360,26,15,1
47583,1360,27,37,2
47584,1360,28,42,2
47585,1360,29,15,1
47586,1360,30,39,1
47587,1360,31,26,1
47588,1360,32,14,1
47589,1360,33,15,0
47590,1360,34,31,2
47591,1360,35,30,2
47592,1361,1,22,1
47593,1361,2,17,1
47594,1361,3,55,3
47595,1361,4,35,2
47596,1361,5,24,1
47597,1361,6,48,3
47598,1361,7,24,0
47599,1361,8,28,1
47600,1361,9,57,2
47601,1361,10,32,1
47602,1361,11,23,1
47603,1361,12,64,3
47604,1361,13,43,1
47605,1361,14,35,1
47606,1361,15,54,3
47607,1361,16,32,0
47608,1361,17,26,1
47609,1361,18,52,2
47610,1361,19,26,1
47611,1361,20,24,1
47612,1361,21,48,2
47613,1361,22,45,1
47614,1361,23,50,2
47615,1361,24,25,1
47616,1361,25,32,2
47617,1361,26,46,1
47618,1361,27,58,2
47619,1361,28,32,2
47620,1361,29,29,0
47621,1361,30,21,1
47622,1361,31,60,3
47623,1361,32,22,1
47624,1361,33,28,1
47625,1361,34,20,1
47626,1361,35,16,0
47627,1362,1,8,0
47628,1362,2,27,0
47629,1362,3,24,1
47630,1362,4,48,3
47631,1362,5,30,1
47632,1362,6,38,2
47633,1362,7,11,1
47634,1362,8,11,1
47635,1362,9,20,1
47636,1362,10,43,1
47637,1362,11,27,1
47638,1362,12,14,0
47639,1362,13,24,1
47640,1362,14,13,0
47641,1362,15,20,0
47642,1362,16,20,1
47643,1362,17,16,0
47644,1362,18,19,1
47645,1362,19,16,0
47646,1362,20,24,1
47647,1362,21,15,0
47648,1362,22,16,0
47649,1362,23,13,0
47650,1362,24,14,0
47651,1362,25,39,1
47652,1362,26,38,1
47653,1362,27,34,2
47654,1362,28,22,1
47655,1362,29,31,1
47656,1362,30,51,3
47657,1362,31,18,1
47658,1362,32,30,1
47659,1362,33,5,0
47660,1362,34,23,1
47661,1362,35,29,1
47662,1363,1,29,1
47663,1363,2,18,1
47664,1363,3,9,0
47665,1363,4,7,0
47666,1363,5,26,2
47667,1363,6,11,0
47668,1363,7,3,0
47669,1363,8,36,1
47670,1363,9,10,0
47671,1363,10,21,1
47672,1363,11,16,1
47673,1363,12,17,0
47674,1363,13,15,1
47675,1363,14,18,0
47676,1363,15,9,1
47677,1363,16,12,0
47678,1363,17,13,0
47679,1363,18,12,0
47680,1363,19,21,1
47681,1363,20,10,1
47682,1363,21,10,0
47683,1363,22,15,1
47684,1363,23,17,1
47685,1363,24,13,0
47686,1363,25,12,0
47687,1363,26,10,0
47688,1363,27,33,1
47689,1363,28,33,0
47690,1363,29,14,0
47691,1363,30,22,1
47692,1363,31,39,2
47693,1363,32,21,1
47694,1363,33,30,1
47695,1363,34,29,1
47696,1363,35,3,0
47697,1364,1,14,1
47698,1364,2,17,1
47699,1364,3,22,0
47700,1364,4,27,2
47701,1364,5,19,1
47702,1364,6,32,0
47703,1364,7,13,1
47704,1364,8,33,2
47705,1364,9,8,0
47706,1364,10,15,0
47707,1364,11,35,2
47708,1364,12,21,1
47709,1364,13,31,1
47710,1364,14,42,0
47711,1364,15,49,3
47712,1364,16,16,1
47713,1364,17,31,1
47714,1364,18,48,2
47715,1364,19,42,2
47716,1364,20,49,2
47717,1364,21,25,1
47718,1364,22,39,0
47719,1364,23,37,1
47720,1364,24,43,1
47721,1364,25,18,0
47722,1364,26,21,1
47723,1364,27,23,1
47724,1364,28,13,0
47725,1364,29,28,0
47726,1364,30,22,1
47727,1364,31,8,0
47728,1364,32,53,3
47729,1364,33,33,2
47730,1364,34,46,1
47731,1364,35,22,1
47732,1365,1,18,0
47733,1365,2,16,0
47734,1365,3,22,1
47735,1365,4,29,0
47736,1365,5,27,1
47737,1365,6,17,0
47738,1365,7,20,1
47739,1365,8,44,2
47740,1365,9,27,1
47741,1365,10,43,1
47742,1365,11,19,0
47743,1365,12,14,0
47744,1365,13,32,1
47745,1365,14,30,2
47746,1365,15,27,1
47747,1365,16,61,1
47748,1365,17,36,0
47749,1365,18,22,1
47750,1365,19,12,0
47751,1365,20,40,1
47752,1365,21,26,1
47753,1365,22,41,1
47754,1365,23,47,3
47755,1365,24,51,2
47756,1365,25,36,1
47757,1365,26,32,0
47758,1365,27,34,0
47759,1365,28,30,1
47760,1365,29,24,1
47761,1365,30,13,0
47762,1365,31,27,1
47763,1365,32,27,1
47764,1365,33,28,1
47765,1365,34,21,1
47766,1365,35,35,1
47767,1366,1,35,1
47768,1366,2,14,1
47769,1366,3,43,1
47770,1366,4,35,1
47771,1366,5,29,1
47772,1366,6,18,0
47773,1366,7,15,0
47774,1366,8,14,1
47775,1366,9,32,1
47776,1366,10,28,2
47777,1366,11,17,1
47778,1366,12,24,1
47779,1366,13,19,1
47780,1366,14,15,1
47781,1366,15,31,1
47782,1366,16,11,0
47783,1366,17,18,0
47784,1366,18,14,1
47785,1366,19,21,1
47786,1366,20,30,2
47787,1366,21,18,1
47788,1366,22,12,0
47789,1366,23,27,0
47790,1366,24,23,0
47791,1366,25,14,0
47792,1366,26,15,0
47793,1366,27,18,1
47794,1366,28,9,1
47795,1366,29,30,2
47796,1366,30,21,1
47797,1366,31,18,1
47798,1366,32,20,1
47799,1366,33,24,0
47800,1366,34,32,1
47801,1366,35,21,0
47802,1367,1,14,1
47803,1367,2,11,0
47804,1367,3,7,0
47805,1367,4,11,0
47806,1367,5,13,0
47807,1367,6,18,1
47808,1367,7,42,2
47809,1367,8,17,0
47810,1367,9,24,1
47811,1367,10,20,1
47812,1367,11,14,0
47813,1367,12,17,1
47814,1367,13,23,1
47815,1367,14,10,1
47816,1367,15,24,1
47817,1367,16,16,0
47818,1367,17,11,1
47819,1367,18,23,1
47820,1367,19,13,1
47821,1367,20,22,1
47822,1367,21,8,0
47823,1367,22,17,0
47824,1367,23,8,0
47825,1367,24,10,0
47826,1367,25,24,1
47827,1367,26,36,1
47828,1367,27,22,1
47829,1367,28,19,0
47830,1367,29,10,1
47831,1367,30,15,1
47832,1367,31,17,0
47833,1367,32,14,0
47834,1367,33,14,0
47835,1367,34,21,1
47836,1367,35,15,1
47837,1368,1,43,2
47838,1368,2,32,2
47839,1368,3,31,1
47840,1368,4,43,1
47841,1368,5,22,1
47842,1368,6,45,1
47843,1368,7,19,1
47844,1368,8,17,0
47845,1368,9,17,0
47846,1368,10,42,2
47847,1368,11,12,0
47848,1368,12,14,1
47849,1368,13,29,1
47850,1368,14,24,1
47851,1368,15,18,0
47852,1368,16,10,0
47853,1368,17,54,2
47854,1368,18,22,0
47855,1368,19,25,1
47856,1368,20,22,0
47857,1368,21,14,0
47858,1368,22,35,2
47859,1368,23,25,1
47860,1368,24,32,2
47861,1368,25,14,0
47862,1368,26,56,1
47863,1368,27,41,2
47864,1368,28,28,1
47865,1368,29,27,1
47866,1368,30,31,0
47867,1368,31,21,1
47868,1368,32,25,1
47869,1368,33,51,1
47870,1368,34,32,1
47871,1368,35,15,0
47872,1369,1,13,1
47873,1369,2,36,2
47874,1369,3,22,1
47875,1369,4,24,0
47876,1369,5,13,0
47877,1369,6,14,1
47878,1369,7,12,0
47879,1369,8,12,0
47880,1369,9,13,0
47881,1369,10,17,1
47882,1369,11,8,0
47883,1369,12,16,1
47884,1369,13,38,1
47885,1369,14,23,1
47886,1369,15,27,0
47887,1369,16,19,0
47888,1369,17,43,0
47889,1369,18,10,0
47890,1369,19,15,1
47891,1369,20,24,1
47892,1369,21,15,1
47893,1369,22,17,0
47894,1369,23,13,0
47895,1369,24,26,1
47896,1369,25,6,0
47897,1369,26,35,2
47898,1369,27,29,2
47899,1369,28,21,1
47900,1369,29,27,1
47901,1369,30,13,1
47902,1369,31,24,1
47903,1369,32,16,0
47904,1369,33,21,1
47905,1369,34,10,0
47906,1369,35,23,1
47907,1370,1,14,0
47908,1370,2,13,1
47909,1370,3,10,0
47910,1370,4,11,1
47911,1370,5,12,1
47912,1370,6,25,1
47913,1370,7,16,1
47914,1370,8,12,0
47915,1370,9,24,1
47916,1370,10,12,0
47917,1370,11,19,0
47918,1370,12,22,1
47919,1370,13,26,1
47920,1370,14,10,0
47921,1370,15,10,0
47922,1370,16,21,1
47923,1370,17,22,0
47924,1370,18,6,0
47925,1370,19,14,0
47926,1370,20,22,1
47927,1370,21,19,1
47928,1370,22,28,1
47929,1370,23,12,1
47930,1370,24,17,0
47931,1370,25,15,1
47932,1370,26,24,1
47933,1370,27,13,0
47934,1370,28,9,0
47935,1370,29,9,0
47936,1370,30,18,1
47937,1370,31,18,1
47938,1370,32,12,0
47939,1370,33,12,1
47940,1370,34,11,0
47941,1370,35,16,1
47942,1371,1,12,0
47943,1371,2,14,0
47944,1371,3,12,0
47945,1371,4,9,0
47946,1371,5,2,0
47947,1371,6,2,0
47948,1371,7,12,0
47949,1371,8,7,0
47950,1371,9,10,0
47951,1371,10,20,1
47952,1371,11,13,0
47953,1371,12,7,0
47954,1371,13,6,0
47955,1371,14,11,1
47956,1371,15,5,0
47957,1371,16,10,0
47958,1371,17,11,1
47959,1371,18,10,0
47960,1371,19,13,1
47961,1371,20,14,0
47962,1371,21,8,0
47963,1371,22,7,0
47964,1371,23,10,1
47965,1371,24,20,1
47966,1371,25,10,0
47967,1371,26,13,1
47968,1371,27,12,0
47969,1371,28,33,2
47970,1371,29,17,0
47971,1371,30,13,1
47972,1371,31,1,0
47973,1371,32,9,0
47974,1371,33,12,0
47975,1371,34,13,1
47976,1371,35,6,0
47977,1372,1,28,1
47978,1372,2,31,1
47979,1372,3,25,1
47980,1372,4,14,0
47981,1372,5,6,0
47982,1372,6,24,1
47983,1372,7,38,2
47984,1372,8,10,0
47985,1372,9,10,0
47986,1372,10,10,0
47987,1372,11,8,0
47988,1372,12,4,0
47989,1372,13,28,2
47990,1372,14,7,0
47991,1372,15,22,1
47992,1372,16,15,0
47993,1372,17,11,0
47994,1372,18,20,1
47995,1372,19,11,0
47996,1372,20,48,1
47997,1372,21,15,0
47998,1372,22,23,1
47999,1372,23,9,0
48000,1372,24,14,1
48001,1372,25,23,1
48002,1372,26,7,0
48003,1372,27,26,1
48004,1372,28,18,0
48005,1372,29,24,1
48006,1372,30,25,1
48007,1372,31,10,0
48008,1372,32,15,1
48009,1372,33,7,0
48010,1372,34,13,0
48011,1372,35,19,1
48012,1373,1,27,1
48013,1373,2,33,1
48014,1373,3,32,1
48015,1373,4,18,0
48016,1373,5,26,1
48017,1373,6,27,1
48018,1373,7,21,1
48019,1373,8,34,1
48020,1373,9,20,1
48021,1373,10,19,0
48022,1373,11,24,1
48023,1373,12,11,0
48024,1373,13,16,1
48025,1373,14,21,1
48026,1373,15,12,0
48027,1373,16,21,1
48028,1373,17,14,0
48029,1373,18,24,1
48030,1373,19,11,1
48031,1373,20,36,2
48032,1373,21,16,1
48033,1373,22,14,1
48034,1373,23,34,2
48035,1373,24,29,1
48036,1373,25,20,1
48037,1373,26,39,2
48038,1373,27,16,0
48039,1373,28,28,1
48040,1373,29,18,1
48041,1373,30,15,0
48042,1373,31,15,1
48043,1373,32,11,0
48044,1373,33,39,1
48045,1373,34,28,1
48046,1373,35,18,0
48047,1374,1,12,0
48048,1374,2,15,0
48049,1374,3,14,1
48050,1374,4,19,1
48051,1374,5,18,1
48052,1374,6,18,1
48053,1374,7,15,1
48054,1374,8,12,0
48055,1374,9,16,0
48056,1374,10,30,1
48057,1374,11,16,1
48058,1374,12,21,1
48059,1374,13,19,1
48060,1374,14,11,0
48061,1374,15,15,0
48062,1374,16,36,0
48063,1374,17,23,1
48064,1374,18,5,0
48065,1374,19,16,1
48066,1374,20,8,0
48067,1374,21,10,0
48068,1374,22,9,0
48069,1374,23,9,0
48070,1374,24,19,1
48071,1374,25,11,0
48072,1374,26,10,1
48073,1374,27,16,0
48074,1374,28,15,1
48075,1374,29,15,0
48076,1374,30,15,1
48077,1374,31,24,1
48078,1374,32,24,0
48079,1374,33,16,0
48080,1374,34,26,0
48081,1374,35,13,0
48082,1375,1,18,1
48083,1375,2,10,0
48084,1375,3,21,0
48085,1375,4,19,0
48086,1375,5,16,0
48087,1375,6,9,0
48088,1375,7,10,0
48089,1375,8,7,0
48090,1375,9,13,0
48091,1375,10,3,0
48092,1375,11,11,1
48093,1375,12,8,0
48094,1375,13,20,1
48095,1375,14,7,0
48096,1375,15,14,1
48097,1375,16,9,0
48098,1375,17,10,0
48099,1375,18,10,0
48100,1375,19,10,0
48101,1375,20,8,0
48102,1375,21,21,1
48103,1375,22,7,0
48104,1375,23,11,1
48105,1375,24,9,1
48106,1375,25,16,1
48107,1375,26,8,0
48108,1375,27,24,1
48109,1375,28,7,0
48110,1375,29,11,0
48111,1375,30,17,1
48112,1375,31,20,1
48113,1375,32,9,1
48114,1375,33,13,0
48115,1375,34,26,1
48116,1375,35,26,1
48117,1376,1,18,1
48118,1376,2,14,0
48119,1376,3,32,2
48120,1376,4,12,1
48121,1376,5,17,1
48122,1376,6,27,1
48123,1376,7,17,1
48124,1376,8,24,1
48125,1376,9,37,1
48126,1376,10,16,1
48127,1376,11,25,1
48128,1376,12,14,0
48129,1376,13,12,1
48130,1376,14,7,0
48131,1376,15,24,1
48132,1376,16,20,0
48133,1376,17,12,1
48134,1376,18,14,1
48135,1376,19,13,1
48136,1376,20,15,0
48137,1376,21,14,1
48138,1376,22,22,1
48139,1376,23,16,0
48140,1376,24,32,1
48141,1376,25,20,1
48142,1376,26,19,1
48143,1376,27,13,1
48144,1376,28,36,1
48145,1376,29,13,1
48146,1376,30,21,1
48147,1376,31,15,0
48148,1376,32,16,0
48149,1376,33,14,0
48150,1376,34,19,1
48151,1376,35,23,0
48152,1377,1,14,0
48153,1377,2,18,0
48154,1377,3,16,1
48155,1377,4,24,1
48156,1377,5,43,2
48157,1377,6,29,1
48158,1377,7,17,1
48159,1377,8,13,0
48160,1377,9,16,0
48161,1377,10,28,1
48162,1377,11,20,1
48163,1377,12,18,0
48164,1377,13,11,1
48165,1377,14,24,0
48166,1377,15,15,0
48167,1377,16,17,1
48168,1377,17,15,0
48169,1377,18,33,1
48170,1377,19,14,0
48171,1377,20,31,1
48172,1377,21,9,0
48173,1377,22,26,1
48174,1377,23,27,1
48175,1377,24,39,1
48176,1377,25,20,1
48177,1377,26,16,0
48178,1377,27,13,0
48179,1377,28,24,1
48180,1377,29,31,1
48181,1377,30,15,0
48182,1377,31,51,3
48183,1377,32,26,1
48184,1377,33,35,1
48185,1377,34,22,1
48186,1377,35,20,1
48187,1378,1,15,1
48188,1378,2,12,0
48189,1378,3,27,1
48190,1378,4,23,1
48191,1378,5,23,1
48192,1378,6,7,0
48193,1378,7,12,0
48194,1378,8,10,0
48195,1378,9,16,1
48196,1378,10,14,0
48197,1378,11,24,1
48198,1378,12,18,0
48199,1378,13,13,0
48200,1378,14,10,0
48201,1378,15,21,0
48202,1378,16,27,1
48203,1378,17,12,0
48204,1378,18,17,1
48205,1378,19,10,0
48206,1378,20,24,1
48207,1378,21,38,1
48208,1378,22,6,0
48209,1378,23,21,1
48210,1378,24,12,0
48211,1378,25,20,1
48212,1378,26,9,0
48213,1378,27,22,1
48214,1378,28,36,1
48215,1378,29,11,0
48216,1378,30,21,1
48217,1378,31,26,1
48218,1378,32,33,1
48219,1378,33,17,1
48220,1378,34,11,0
48221,1378,35,8,0
48222,1379,1,8,0
48223,1379,2,9,0
48224,1379,3,26,1
48225,1379,4,18,0
48226,1379,5,11,0
48227,1379,6,8,0
48228,1379,7,12,0
48229,1379,8,13,0
48230,1379,9,14,1
48231,1379,10,13,1
48232,1379,11,11,0
48233,1379,12,33,1
48234,1379,13,12,1
48235,1379,14,11,0
48236,1379,15,30,1
48237,1379,16,13,0
48238,1379,17,10,0
48239,1379,18,10,1
48240,1379,19,6,0
48241,1379,20,20,1
48242,1379,21,10,1
48243,1379,22,10,0
48244,1379,23,6,0
48245,1379,24,9,1
48246,1379,25,12,1
48247,1379,26,14,0
48248,1379,27,25,1
48249,1379,28,30,1
48250,1379,29,10,0
48251,1379,30,16,0
48252,1379,31,10,0
48253,1379,32,17,0
48254,1379,33,15,1
48255,1379,34,16,1
48256,1379,35,4,0
48257,1380,1,35,2
48258,1380,2,26,1
48259,1380,3,27,0
48260,1380,4,10,0
48261,1380,5,31,2
48262,1380,6,43,1
48263,1380,7,24,0
48264,1380,8,16,1
48265,1380,9,13,0
48266,1380,10,11,1
48267,1380,11,9,0
48268,1380,12,23,1
48269,1380,13,19,0
48270,1380,14,23,1
48271,1380,15,20,1
48272,1380,16,14,1
48273,1380,17,18,1
48274,1380,18,29,1
48275,1380,19,14,0
48276,1380,20,22,1
48277,1380,21,6,0
48278,1380,22,17,1
48279,1380,23,41,2
48280,1380,24,19,1
48281,1380,25,18,1
48282,1380,26,27,2
48283,1380,27,17,0
48284,1380,28,18,0
48285,1380,29,10,0
48286,1380,30,11,0
48287,1380,31,19,1
48288,1380,32,34,1
48289,1380,33,17,0
48290,1380,34,20,1
48291,1380,35,22,0
48292,1381,1,16,0
48293,1381,2,24,1
48294,1381,3,20,0
48295,1381,4,31,0
48296,1381,5,22,1
48297,1381,6,37,1
48298,1381,7,12,0
48299,1381,8,23,1
48300,1381,9,17,0
48301,1381,10,32,2
48302,1381,11,10,0
48303,1381,12,49,3
48304,1381,13,38,1
48305,1381,14,27,1
48306,1381,15,14,1
48307,1381,16,30,1
48308,1381,17,18,1
48309,1381,18,10,1
48310,1381,19,28,2
48311,1381,20,49,3
48312,1381,21,33,1
48313,1381,22,27,1
48314,1381,23,40,2
48315,1381,24,19,0
48316,1381,25,32,1
48317,1381,26,27,1
48318,1381,27,23,1
48319,1381,28,24,1
48320,1381,29,19,0
48321,1381,30,20,1
48322,1381,31,22,1
48323,1381,32,26,1
48324,1381,33,13,0
48325,1381,34,10,0
48326,1381,35,60,1
48327,1382,1,43,1
48328,1382,2,12,0
48329,1382,3,43,2
48330,1382,4,6,0
48331,1382,5,19,0
48332,1382,6,17,1
48333,1382,7,35,1
48334,1382,8,12,0
48335,1382,9,15,0
48336,1382,10,9,0
48337,1382,11,22,1
48338,1382,12,26,0
48339,1382,13,14,0
48340,1382,14,49,1
48341,1382,15,19,0
48342,1382,16,13,1
48343,1382,17,7,0
48344,1382,18,29,2
48345,1382,19,7,0
48346,1382,20,5,0
48347,1382,21,11,0
48348,1382,22,17,1
48349,1382,23,19,1
48350,1382,24,18,1
48351,1382,25,17,1
48352,1382,26,24,1
48353,1382,27,13,0
48354,1382,28,17,0
48355,1382,29,19,1
48356,1382,30,12,0
48357,1382,31,29,1
48358,1382,32,5,0
48359,1382,33,15,1
48360,1382,34,14,1
48361,1382,35,17,0
48362,1383,1,9,0
48363,1383,2,15,1
48364,1383,3,13,0
48365,1383,4,16,1
48366,1383,5,13,1
48367,1383,6,17,1
48368,1383,7,17,1
48369,1383,8,10,1
48370,1383,9,28,1
48371,1383,10,13,0
48372,1383,11,4,0
48373,1383,12,24,1
48374,1383,13,24,1
48375,1383,14,9,0
48376,1383,15,19,1
48377,1383,16,10,0
48378,1383,17,15,0
48379,1383,18,6,0
48380,1383,19,20,1
48381,1383,20,8,0
48382,1383,21,7,0
48383,1383,22,7,0
48384,1383,23,24,1
48385,1383,24,7,0
48386,1383,25,15,0
48387,1383,26,7,0
48388,1383,27,5,0
48389,1383,28,5,0
48390,1383,29,9,0
48391,1383,30,7,0
48392,1383,31,12,0
48393,1383,32,18,0
48394,1383,33,16,0
48395,1383,34,16,1
48396,1383,35,14,1
48397,1384,1,16,1
48398,1384,2,13,1
48399,1384,3,12,1
48400,1384,4,10,0
48401,1384,5,26,1
48402,1384,6,12,0
48403,1384,7,17,1
48404,1384,8,14,0
48405,1384,9,12,1
48406,1384,10,20,0
48407,1384,11,42,2
48408,1384,12,31,0
48409,1384,13,14,1
48410,1384,14,13,0
48411,1384,15,21,1
48412,1384,16,12,1
48413,1384,17,24,1
48414,1384,18,33,2
48415,1384,19,23,0
48416,1384,20,21,1
48417,1384,21,31,1
48418,1384,22,37,2
48419,1384,23,24,1
48420,1384,24,17,1
48421,1384,25,19,1
48422,1384,26,29,1
48423,1384,27,24,0
48424,1384,28,17,1
48425,1384,29,29,2
48426,1384,30,22,1
48427,1384,31,17,0
48428,1384,32,17,0
48429,1384,33,39,1
48430,1384,34,18,1
48431,1384,35,17,1
48432,1385,1,37,1
48433,1385,2,47,1
48434,1385,3,29,1
48435,1385,4,19,0
48436,1385,5,47,1
48437,1385,6,30,2
48438,1385,7,59,3
48439,1385,8,24,1
48440,1385,9,22,0
48441,1385,10,18,1
48442,1385,11,30,1
48443,1385,12,33,1
48444,1385,13,20,1
48445,1385,14,22,1
48446,1385,15,27,1
48447,1385,16,21,1
48448,1385,17,45,0
48449,1385,18,22,1
48450,1385,19,28,2
48451,1385,20,24,0
48452,1385,21,35,2
48453,1385,22,16,1
48454,1385,23,41,1
48455,1385,24,14,0
48456,1385,25,38,1
48457,1385,26,38,2
48458,1385,27,37,2
48459,1385,28,33,2
48460,1385,29,17,1
48461,1385,30,29,1
48462,1385,31,25,1
48463,1385,32,33,0
48464,1385,33,19,0
48465,1385,34,44,1
48466,1385,35,27,2
48467,1386,1,10,0
48468,1386,2,21,1
48469,1386,3,12,1
48470,1386,4,12,0
48471,1386,5,21,1
48472,1386,6,15,1
48473,1386,7,9,0
48474,1386,8,12,1
48475,1386,9,23,1
48476,1386,10,15,1
48477,1386,11,12,0
48478,1386,12,17,1
48479,1386,13,17,0
48480,1386,14,21,1
48481,1386,15,14,0
48482,1386,16,7,0
48483,1386,17,21,1
48484,1386,18,39,2
48485,1386,19,13,0
48486,1386,20,8,0
48487,1386,21,17,0
48488,1386,22,12,0
48489,1386,23,24,1
48490,1386,24,9,0
48491,1386,25,15,1
48492,1386,26,10,0
48493,1386,27,21,1
48494,1386,28,17,1
48495,1386,29,31,1
48496,1386,30,13,0
48497,1386,31,39,1
48498,1386,32,24,0
48499,1386,33,15,1
48500,1386,34,39,0
48501,1386,35,10,0
48502,1387,1,13,1
48503,1387,2,9,0
48504,1387,3,7,0
48505,1387,4,17,1
48506,1387,5,9,0
48507,1387,6,35,1
48508,1387,7,3,0
48509,1387,8,18,1
48510,1387,9,7,0
48511,1387,10,4,0
48512,1387,11,21,1
48513,1387,12,18,1
48514,1387,13,10,0
48515,1387,14,14,0
48516,1387,15,17,1
48517,1387,16,20,0
48518,1387,17,15,1
48519,1387,18,24,1
48520,1387,19,12,1
48521,1387,20,12,0
48522,1387,21,4,0
48523,1387,22,35,1
48524,1387,23,10,1
48525,1387,24,5,0
48526,1387,25,14,1
48527,1387,26,18,0
48528,1387,27,4,0
48529,1387,28,22,1
48530,1387,29,18,1
48531,1387,30,31,2
48532,1387,31,30,1
48533,1387,32,25,0
48534,1387,33,8,0
48535,1387,34,7,0
48536,1387,35,15,1
48537,1388,1,32,1
48538,1388,2,50,1
48539,1388,3,20,1
48540,1388,4,14,1
48541,1388,5,16,1
48542,1388,6,14,1
48543,1388,7,22,1
48544,1388,8,18,0
48545,1388,9,27,1
48546,1388,10,20,1
48547,1388,11,31,2
48548,1388,12,14,1
48549,1388,13,18,1
48550,1388,14,13,0
48551,1388,15,20,0
48552,1388,16,36,1
48553,1388,17,27,1
48554,1388,18,24,0
48555,1388,19,4,0
48556,1388,20,18,1
48557,1388,21,51,2
48558,1388,22,43,2
48559,1388,23,23,1
48560,1388,24,49,2
48561,1388,25,44,3
48562,1388,26,25,1
48563,1388,27,15,1
48564,1388,28,30,1
48565,1388,29,56,1
48566,1388,30,49,2
48567,1388,31,35,1
48568,1388,32,17,1
48569,1388,33,12,1
48570,1388,34,34,1
48571,1388,35,25,1
48572,1389,1,74,2
48573,1389,2,47,2
48574,1389,3,39,0
48575,1389,4,18,0
48576,1389,5,20,1
48577,1389,6,39,2
48578,1389,7,20,0
48579,1389,8,40,2
48580,1389,9,30,0
48581,1389,10,35,1
48582,1389,11,6,0
48583,1389,12,47,1
48584,1389,13,26,1
48585,1389,14,14,0
48586,1389,15,53,2
48587,1389,16,37,1
48588,1389,17,32,0
48589,1389,18,53,2
48590,1389,19,20,0
48591,1389,20,53,3
48592,1389,21,55,2
48593,1389,22,19,1
48594,1389,23,33,2
48595,1389,24,20,1
48596,1389,25,72,1
48597,1389,26,13,0
48598,1389,27,14,1
48599,1389,28,44,1
48600,1389,29,57,3
48601,1389,30,18,0
48602,1389,31,40,2
48603,1389,32,58,2
48604,1389,33,45,2
48605,1389,34,17,1
48606,1389,35,24,1
48607,1390,1,15,1
48608,1390,2,9,0
48609,1390,3,29,1
48610,1390,4,13,1
48611,1390,5,31,1
48612,1390,6,27,1
48613,1390,7,11,0
48614,1390,8,20,0
48615,1390,9,24,1
48616,1390,10,33,1
48617,1390,11,14,0
48618,1390,12,28,1
48619,1390,13,13,0
48620,1390,14,23,1
48621,1390,15,9,0
48622,1390,16,12,1
48623,1390,17,17,0
48624,1390,18,45,3
48625,1390,19,40,2
48626,1390,20,6,0
48627,1390,21,11,1
48628,1390,22,34,2
48629,1390,23,22,1
48630,1390,24,22,1
48631,1390,25,19,1
48632,1390,26,15,0
48633,1390,27,18,0
48634,1390,28,16,1
48635,1390,29,22,1
48636,1390,30,22,1
48637,1390,31,13,0
48638,1390,32,28,1
48639,1390,33,30,2
48640,1390,34,21,0
48641,1390,35,7,0
48642,1391,1,8,0
48643,1391,2,34,1
48644,1391,3,7,0
48645,1391,4,29,1
48646,1391,5,16,0
48647,1391,6,20,1
48648,1391,7,13,1
48649,1391,8,30,1
48650,1391,9,13,0
48651,1391,10,19,0
48652,1391,11,9,0
48653,1391,12,7,0
48654,1391,13,8,0
48655,1391,14,21,1
48656,1391,15,32,2
48657,1391,16,19,1
48658,1391,17,14,1
48659,1391,18,34,2
48660,1391,19,32,2
48661,1391,20,7,0
48662,1391,21,27,1
48663,1391,22,17,1
48664,1391,23,18,1
48665,1391,24,20,1
48666,1391,25,11,0
48667,1391,26,13,0
48668,1391,27,32,1
48669,1391,28,28,2
48670,1391,29,29,1
48671,1391,30,20,1
48672,1391,31,12,0
48673,1391,32,7,0
48674,1391,33,14,1
48675,1391,34,18,1
48676,1391,35,48,2
48677,1392,1,12,0
48678,1392,2,40,1
48679,1392,3,24,1
48680,1392,4,25,0
48681,1392,5,38,2
48682,1392,6,24,1
48683,1392,7,28,0
48684,1392,8,20,1
48685,1392,9,38,2
48686,1392,10,16,1
48687,1392,11,28,0
48688,1392,12,28,1
48689,1392,13,20,0
48690,1392,14,38,2
48691,1392,15,33,1
48692,1392,16,8,0
48693,1392,17,52,0
48694,1392,18,34,2
48695,1392,19,22,1
48696,1392,20,22,1
48697,1392,21,31,0
48698,1392,22,64,3
48699,1392,23,8,0
48700,1392,24,23,0
48701,1392,25,33,2
48702,1392,26,35,1
48703,1392,27,15,0
48704,1392,28,21,1
48705,1392,29,70,3
48706,1392,30,16,0
48707,1392,31,27,1
48708,1392,32,41,2
48709,1392,33,26,1
48710,1392,34,44,0
48711,1392,35,10,0
48712,1393,1,32,0
48713,1393,2,27,1
48714,1393,3,30,2
48715,1393,4,14,1
48716,1393,5,92,4
48717,1393,6,42,0
48718,1393,7,22,1
48719,1393,8,26,0
48720,1393,9,23,1
48721,1393,10,29,1
48722,1393,11,29,0
48723,1393,12,42,1
48724,1393,13,24,1
48725,1393,14,57,0
48726,1393,15,15,1
48727,1393,16,21,1
48728,1393,17,13,0
48729,1393,18,28,1
48730,1393,19,56,3
48731,1393,20,28,0
48732,1393,21,31,2
48733,1393,22,21,1
48734,1393,23,15,0
48735,1393,24,32,2
48736,1393,25,30,1
48737,1393,26,16,0
48738,1393,27,15,0
48739,1393,28,34,2
48740,1393,29,35,1
48741,1393,30,23,0
48742,1393,31,43,1
48743,1393,32,15,0
48744,1393,33,8,0
48745,1393,34,47,3
48746,1393,35,15,1
48747,1394,1,26,0
48748,1394,2,33,1
48749,1394,3,24,1
48750,1394,4,19,1
48751,1394,5,14,1
48752,1394,6,16,1
48753,1394,7,17,0
48754,1394,8,20,1
48755,1394,9,17,1
48756,1394,10,23,0
48757,1394,11,23,1
48758,1394,12,14,1
48759,1394,13,11,1
48760,1394,14,39,2
48761,1394,15,32,0
48762,1394,16,21,1
48763,1394,17,21,0
48764,1394,18,11,0
48765,1394,19,11,0
48766,1394,20,21,1
48767,1394,21,11,0
48768,1394,22,20,0
48769,1394,23,38,1
48770,1394,24,22,0
48771,1394,25,27,1
48772,1394,26,35,1
48773,1394,27,40,1
48774,1394,28,31,2
48775,1394,29,23,1
48776,1394,30,22,0
48777,1394,31,15,1
48778,1394,32,6,0
48779,1394,33,28,1
48780,1394,34,24,1
48781,1394,35,35,1
48782,1395,1,7,0
48783,1395,2,26,0
48784,1395,3,12,1
48785,1395,4,27,1
48786,1395,5,7,0
48787,1395,6,14,1
48788,1395,7,25,1
48789,1395,8,8,0
48790,1395,9,19,1
48791,1395,10,9,0
48792,1395,11,14,0
48793,1395,12,24,1
48794,1395,13,20,0
48795,1395,14,11,0
48796,1395,15,14,1
48797,1395,16,7,0
48798,1395,17,16,1
48799,1395,18,26,0
48800,1395,19,23,1
48801,1395,20,13,0
48802,1395,21,41,1
48803,1395,22,20,1
48804,1395,23,8,0
48805,1395,24,3,0
48806,1395,25,10,0
48807,1395,26,17,1
48808,1395,27,15,1
48809,1395,28,6,0
48810,1395,29,11,1
48811,1395,30,28,1
48812,1395,31,22,1
48813,1395,32,16,1
48814,1395,33,7,0
48815,1395,34,17,1
48816,1395,35,21,1
48817,1396,1,37,2
48818,1396,2,15,1
48819,1396,3,19,0
48820,1396,4,53,1
48821,1396,5,29,1
48822,1396,6,55,2
48823,1396,7,65,3
48824,1396,8,39,2
48825,1396,9,31,1
48826,1396,10,41,2
48827,1396,11,26,1
48828,1396,12,46,1
48829,1396,13,31,1
48830,1396,14,32,1
48831,1396,15,38,2
48832,1396,16,30,0
48833,1396,17,19,1
48834,1396,18,23,1
48835,1396,19,47,2
48836,1396,20,27,0
48837,1396,21,17,0
48838,1396,22,15,1
48839,1396,23,15,1
48840,1396,24,17,0
48841,1396,25,12,1
48842,1396,26,16,0
48843,1396,27,43,1
48844,1396,28,20,1
48845,1396,29,59,2
48846,1396,30,50,3
48847,1396,31,10,1
48848,1396,32,30,1
48849,1396,33,35,1
48850,1396,34,18,0
48851,1396,35,28,0
48852,1397,1,8,0
48853,1397,2,32,1
48854,1397,3,27,0
48855,1397,4,16,1
48856,1397,5,19,1
48857,1397,6,13,1
48858,1397,7,7,0
48859,1397,8,21,0
48860,1397,9,32,1
48861,1397,10,34,1
48862,1397,11,36,1
48863,1397,12,32,1
48864,1397,13,21,1
48865,1397,14,18,0
48866,1397,15,10,1
48867,1397,16,22,0
48868,1397,17,10,0
48869,1397,18,20,0
48870,1397,19,15,0
48871,1397,20,6,0
48872,1397,21,39,2
48873,1397,22,27,1
48874,1397,23,25,1
48875,1397,24,12,0
48876,1397,25,22,1
48877,1397,26,33,1
48878,1397,27,29,1
48879,1397,28,19,1
48880,1397,29,17,0
48881,1397,30,4,0
48882,1397,31,30,0
48883,1397,32,20,1
48884,1397,33,19,0
48885,1397,34,34,0
48886,1397,35,10,0
48887,1398,1,14,0
48888,1398,2,14,1
48889,1398,3,13,1
48890,1398,4,19,0
48891,1398,5,18,0
48892,1398,6,14,0
48893,1398,7,33,1
48894,1398,8,28,1
48895,1398,9,20,1
48896,1398,10,16,0
48897,1398,11,10,0
48898,1398,12,9,0
48899,1398,13,22,1
48900,1398,14,22,0
48901,1398,15,12,1
48902,1398,16,18,1
48903,1398,17,10,0
48904,1398,18,14,1
48905,1398,19,6,0
48906,1398,20,14,0
48907,1398,21,17,1
48908,1398,22,13,1
48909,1398,23,19,1
48910,1398,24,11,1
48911,1398,25,22,1
48912,1398,26,15,0
48913,1398,27,20,1
48914,1398,28,9,0
48915,1398,29,13,1
48916,1398,30,19,1
48917,1398,31,17,0
48918,1398,32,29,1
48919,1398,33,26,1
48920,1398,34,9,0
48921,1398,35,16,1
48922,1399,1,8,0
48923,1399,2,14,0
48924,1399,3,13,0
48925,1399,4,25,1
48926,1399,5,7,0
48927,1399,6,38,1
48928,1399,7,15,1
48929,1399,8,4,0
48930,1399,9,3,0
48931,1399,10,7,0
48932,1399,11,8,0
48933,1399,12,10,0
48934,1399,13,16,0
48935,1399,14,21,1
48936,1399,15,24,1
48937,1399,16,14,1
48938,1399,17,20,0
48939,1399,18,16,0
48940,1399,19,5,0
48941,1399,20,6,0
48942,1399,21,9,0
48943,1399,22,5,0
48944,1399,23,7,0
48945,1399,24,6,0
48946,1399,25,13,1
48947,1399,26,13,1
48948,1399,27,13,1
48949,1399,28,16,1
48950,1399,29,16,1
48951,1399,30,16,0
48952,1399,31,27,1
48953,1399,32,4,0
48954,1399,33,13,0
48955,1399,34,12,0
48956,1399,35,15,0
48957,1400,1,21,1
48958,1400,2,17,1
48959,1400,3,29,1
48960,1400,4,14,0
48961,1400,5,8,0
48962,1400,6,6,0
48963,1400,7,20,0
48964,1400,8,30,2
48965,1400,9,11,1
48966,1400,10,7,0
48967,1400,11,25,1
48968,1400,12,13,1
48969,1400,13,28,1
48970,1400,14,22,1
48971,1400,15,21,1
48972,1400,16,18,0
48973,1400,17,13,0
48974,1400,18,12,1
48975,1400,19,10,0
48976,1400,20,14,1
48977,1400,21,18,1
48978,1400,22,19,1
48979,1400,23,21,0
48980,1400,24,7,0
48981,1400,25,8,0
48982,1400,26,11,1
48983,1400,27,14,0
48984,1400,28,18,1
48985,1400,29,14,1
48986,1400,30,29,0
48987,1400,31,18,1
48988,1400,32,22,1
48989,1400,33,13,0
48990,1400,34,25,1
48991,1400,35,11,0
48992,1401,1,26,0
48993,1401,2,18,0
48994,1401,3,20,1
48995,1401,4,16,1
48996,1401,5,21,0
48997,1401,6,9,1
48998,1401,7,20,1
48999,1401,8,11,0
49000,1401,9,35,1
49001,1401,10,9,0
49002,1401,11,22,0
49003,1401,12,22,1
49004,1401,13,20,1
49005,1401,14,15,0
49006,1401,15,31,1
49007,1401,16,36,2
49008,1401,17,20,1
49009,1401,18,9,0
49010,1401,19,12,0
49011,1401,20,12,0
49012,1401,21,49,1
49013,1401,22,27,1
49014,1401,23,16,0
49015,1401,24,17,1
49016,1401,25,10,0
49017,1401,26,32,2
49018,1401,27,6,0
49019,1401,28,43,2
49020,1401,29,24,1
49021,1401,30,20,1
49022,1401,31,17,0
49023,1401,32,18,0
49024,1401,33,17,1
49025,1401,34,16,1
49026,1401,35,14,0
49027,1402,1,15,1
49028,1402,2,13,0
49029,1402,3,10,0
49030,1402,4,19,1
49031,1402,5,14,0
49032,1402,6,31,2
49033,1402,7,24,1
49034,1402,8,14,1
49035,1402,9,13,1
49036,1402,10,25,1
49037,1402,11,29,1
49038,1402,12,12,0
49039,1402,13,22,1
49040,1402,14,10,0
49041,1402,15,12,0
49042,1402,16,11,1
49043,1402,17,7,0
49044,1402,18,16,1
49045,1402,19,32,1
49046,1402,20,37,2
49047,1402,21,10,0
49048,1402,22,13,0
49049,1402,23,16,0
49050,1402,24,26,1
49051,1402,25,26,1
49052,1402,26,18,1
49053,1402,27,16,1
49054,1402,28,14,1
49055,1402,29,7,0
49056,1402,30,13,0
49057,1402,31,10,0
49058,1402,32,8,0
49059,1402,33,16,1
49060,1402,34,15,1
49061,1402,35,19,1
49062,1403,1,19,0
49063,1403,2,16,1
49064,1403,3,37,1
49065,1403,4,23,1
49066,1403,5,11,0
49067,1403,6,8,0
49068,1403,7,6,0
49069,1403,8,9,0
49070,1403,9,3,0
49071,1403,10,20,1
49072,1403,11,13,0
49073,1403,12,15,1
49074,1403,13,10,0
49075,1403,14,7,0
49076,1403,15,9,0
49077,1403,16,13,1
49078,1403,17,6,0
49079,1403,18,21,0
49080,1403,19,16,0
49081,1403,20,16,0
49082,1403,21,16,1
49083,1403,22,12,1
49084,1403,23,33,0
49085,1403,24,7,0
49086,1403,25,8,0
49087,1403,26,24,1
49088,1403,27,17,1
49089,1403,28,9,1
49090,1403,29,12,0
49091,1403,30,11,0
49092,1403,31,23,1
49093,1403,32,16,1
49094,1403,33,29,1
49095,1403,34,8,0
49096,1403,35,26,1
49097,1404,1,14,0
49098,1404,2,7,0
49099,1404,3,30,1
49100,1404,4,19,1
49101,1404,5,21,0
49102,1404,6,20,1
49103,1404,7,19,1
49104,1404,8,27,1
49105,1404,9,25,1
49106,1404,10,11,0
49107,1404,11,12,0
49108,1404,12,13,0
49109,1404,13,29,1
49110,1404,14,18,1
49111,1404,15,11,0
49112,1404,16,17,1
49113,1404,17,9,1
49114,1404,18,20,1
49115,1404,19,14,0
49116,1404,20,31,1
49117,1404,21,19,1
49118,1404,22,17,1
49119,1404,23,13,0
49120,1404,24,22,0
49121,1404,25,23,1
49122,1404,26,24,1
49123,1404,27,25,0
49124,1404,28,13,1
49125,1404,29,19,0
49126,1404,30,13,0
49127,1404,31,33,2
49128,1404,32,16,0
49129,1404,33,20,0
49130,1404,34,14,0
49131,1404,35,5,0
49132,1405,1,13,0
49133,1405,2,28,1
49134,1405,3,20,1
49135,1405,4,21,0
49136,1405,5,37,2
49137,1405,6,18,1
49138,1405,7,14,1
49139,1405,8,34,2
49140,1405,9,12,0
49141,1405,10,36,0
49142,1405,11,28,1
49143,1405,12,23,0
49144,1405,13,16,1
49145,1405,14,30,0
49146,1405,15,19,1
49147,1405,16,18,0
49148,1405,17,39,2
49149,1405,18,23,1
49150,1405,19,24,1
49151,1405,20,24,1
49152,1405,21,57,1
49153,1405,22,40,1
49154,1405,23,18,0
49155,1405,24,31,0
49156,1405,25,23,1
49157,1405,26,10,1
49158,1405,27,22,1
49159,1405,28,38,1
49160,1405,29,24,0
49161,1405,30,13,1
49162,1405,31,19,1
49163,1405,32,22,1
49164,1405,33,17,0
49165,1405,34,33,1
49166,1405,35,21,1
49167,1406,1,14,0
49168,1406,2,13,0
49169,1406,3,6,0
49170,1406,4,20,1
49171,1406,5,10,0
49172,1406,6,9,0
49173,1406,7,3,0
49174,1406,8,13,1
49175,1406,9,16,1
49176,1406,10,8,0
49177,1406,11,25,0
49178,1406,12,10,0
49179,1406,13,9,0
49180,1406,14,8,0
49181,1406,15,16,1
49182,1406,16,17,1
49183,1406,17,12,1
49184,1406,18,13,0
49185,1406,19,29,1
49186,1406,20,7,0
49187,1406,21,12,0
49188,1406,22,8,0
49189,1406,23,11,1
49190,1406,24,5,0
49191,1406,25,6,0
49192,1406,26,10,0
49193,1406,27,6,0
49194,1406,28,11,0
49195,1406,29,12,1
49196,1406,30,5,0
49197,1406,31,13,0
49198,1406,32,6,0
49199,1406,33,11,0
49200,1406,34,17,1
49201,1406,35,18,0
49202,1407,1,8,0
49203,1407,2,16,0
49204,1407,3,19,0
49205,1407,4,13,0
49206,1407,5,21,0
49207,1407,6,17,0
49208,1407,7,2,0
49209,1407,8,14,0
49210,1407,9,8,0
49211,1407,10,12,0
49212,1407,11,13,1
49213,1407,12,10,1
49214,1407,13,8,0
49215,1407,14,15,1
49216,1407,15,20,1
49217,1407,16,12,0
49218,1407,17,18,1
49219,1407,18,14,1
49220,1407,19,8,0
49221,1407,20,6,0
49222,1407,21,7,0
49223,1407,22,12,1
49224,1407,23,12,1
49225,1407,24,9,0
49226,1407,25,19,1
49227,1407,26,12,0
49228,1407,27,10,1
49229,1407,28,6,0
49230,1407,29,7,0
49231,1407,30,15,1
49232,1407,31,11,0
49233,1407,32,11,1
49234,1407,33,6,0
49235,1407,34,24,1
49236,1407,35,7,0
49237,1408,1,12,0
49238,1408,2,10,0
49239,1408,3,25,0
49240,1408,4,19,1
49241,1408,5,34,1
49242,1408,6,14,1
49243,1408,7,28,1
49244,1408,8,33,0
49245,1408,9,18,1
49246,1408,10,20,1
49247,1408,11,25,1
49248,1408,12,8,0
49249,1408,13,9,0
49250,1408,14,22,1
49251,1408,15,23,1
49252,1408,16,28,1
49253,1408,17,34,2
49254,1408,18,17,1
49255,1408,19,18,0
49256,1408,20,7,0
49257,1408,21,8,0
49258,1408,22,14,1
49259,1408,23,26,1
49260,1408,24,23,1
49261,1408,25,32,2
49262,1408,26,35,1
49263,1408,27,13,0
49264,1408,28,30,1
49265,1408,29,20,0
49266,1408,30,13,0
49267,1408,31,12,0
49268,1408,32,16,0
49269,1408,33,23,0
49270,1408,34,22,1
49271,1408,35,28,1
49272,1409,1,24,1
49273,1409,2,23,1
49274,1409,3,28,1
49275,1409,4,39,1
49276,1409,5,15,0
49277,1409,6,27,2
49278,1409,7,20,1
49279,1409,8,19,0
49280,1409,9,15,0
49281,1409,10,20,1
49282,1409,11,32,2
49283,1409,12,32,1
49284,1409,13,30,0
49285,1409,14,6,0
49286,1409,15,11,1
49287,1409,16,36,1
49288,1409,17,30,1
49289,1409,18,14,0
49290,1409,19,16,0
49291,1409,20,27,1
49292,1409,21,14,0
49293,1409,22,26,2
49294,1409,23,24,1
49295,1409,24,37,2
49296,1409,25,15,1
49297,1409,26,26,1
49298,1409,27,39,1
49299,1409,28,24,1
49300,1409,29,16,1
49301,1409,30,28,1
49302,1409,31,15,0
49303,1409,32,21,0
49304,1409,33,4,0
49305,1409,34,22,1
49306,1409,35,20,1
49307,1410,1,10,0
49308,1410,2,13,0
49309,1410,3,13,0
49310,1410,4,42,2
49311,1410,5,23,0
49312,1410,6,24,1
49313,1410,7,11,0
49314,1410,8,34,1
49315,1410,9,12,1
49316,1410,10,23,1
49317,1410,11,25,1
49318,1410,12,9,0
49319,1410,13,25,1
49320,1410,14,9,0
49321,1410,15,15,0
49322,1410,16,20,1
49323,1410,17,17,0
49324,1410,18,11,0
49325,1410,19,26,2
49326,1410,20,21,1
49327,1410,21,19,1
49328,1410,22,11,0
49329,1410,23,24,0
49330,1410,24,31,1
49331,1410,25,7,0
49332,1410,26,22,1
49333,1410,27,12,0
49334,1410,28,22,0
49335,1410,29,37,2
49336,1410,30,32,2
49337,1410,31,36,2
49338,1410,32,5,0
49339,1410,33,26,0
49340,1410,34,21,1
49341,1410,35,19,0
49342,1411,1,19,0
49343,1411,2,18,0
49344,1411,3,25,1
49345,1411,4,21,1
49346,1411,5,8,0
49347,1411,6,10,0
49348,1411,7,11,0
49349,1411,8,12,0
49350,1411,9,7,0
49351,1411,10,9,0
49352,1411,11,21,1
49353,1411,12,9,0
49354,1411,13,22,0
49355,1411,14,14,0
49356,1411,15,13,1
49357,1411,16,8,0
49358,1411,17,8,0
49359,1411,18,12,0
49360,1411,19,13,0
49361,1411,20,21,1
49362,1411,21,28,1
49363,1411,22,11,0
49364,1411,23,10,1
49365,1411,24,11,0
49366,1411,25,15,0
49367,1411,26,4,0
49368,1411,27,9,0
49369,1411,28,12,1
49370,1411,29,9,0
49371,1411,30,22,1
49372,1411,31,15,1
49373,1411,32,10,0
49374,1411,33,33,1
49375,1411,34,11,1
49376,1411,35,33,1
49377,1412,1,23,0
49378,1412,2,36,1
49379,1412,3,15,1
49380,1412,4,23,1
49381,1412,5,11,0
49382,1412,6,17,0
49383,1412,7,15,0
49384,1412,8,21,1
49385,1412,9,30,1
49386,1412,10,38,0
49387,1412,11,28,1
49388,1412,12,39,2
49389,1412,13,20,1
49390,1412,14,31,1
49391,1412,15,34,2
49392,1412,16,12,1
49393,1412,17,10,0
49394,1412,18,5,0
49395,1412,19,6,0
49396,1412,20,31,2
49397,1412,21,26,1
49398,1412,22,19,1
49399,1412,23,22,1
49400,1412,24,32,0
49401,1412,25,15,1
49402,1412,26,16,0
49403,1412,27,12,0
49404,1412,28,13,1
49405,1412,29,15,1
49406,1412,30,20,1
49407,1412,31,29,2
49408,1412,32,20,0
49409,1412,33,33,2
49410,1412,34,39,2
49411,1412,35,35,1
49412,1413,1,22,0
49413,1413,2,26,0
49414,1413,3,31,1
49415,1413,4,35,2
49416,1413,5,23,1
49417,1413,6,29,1
49418,1413,7,27,0
49419,1413,8,45,2
49420,1413,9,25,1
49421,1413,10,35,1
49422,1413,11,43,1
49423,1413,12,45,2
49424,1413,13,14,0
49425,1413,14,27,1
49426,1413,15,33,1
49427,1413,16,40,2
49428,1413,17,35,1
49429,1413,18,8,0
49430,1413,19,12,1
49431,1413,20,27,1
49432,1413,21,41,2
49433,1413,22,24,1
49434,1413,23,29,0
49435,1413,24,14,0
49436,1413,25,32,2
49437,1413,26,31,0
49438,1413,27,30,0
49439,1413,28,17,0
49440,1413,29,11,0
49441,1413,30,49,1
49442,1413,31,25,1
49443,1413,32,37,1
49444,1413,33,28,0
49445,1413,34,27,0
49446,1413,35,13,1
49447,1414,1,21,1
49448,1414,2,14,0
49449,1414,3,9,0
49450,1414,4,20,1
49451,1414,5,6,0
49452,1414,6,25,1
49453,1414,7,9,0
49454,1414,8,7,0
49455,1414,9,11,0
49456,1414,10,24,1
49457,1414,11,24,1
49458,1414,12,40,0
49459,1414,13,9,0
49460,1414,14,17,1
49461,1414,15,28,1
49462,1414,16,20,1
49463,1414,17,11,0
49464,1414,18,19,1
49465,1414,19,22,1
49466,1414,20,20,1
49467,1414,21,26,1
49468,1414,22,33,1
49469,1414,23,12,1
49470,1414,24,17,0
49471,1414,25,21,0
49472,1414,26,21,1
49473,1414,27,8,0
49474,1414,28,12,0
49475,1414,29,16,1
49476,1414,30,18,1
49477,1414,31,21,1
49478,1414,32,41,1
49479,1414,33,13,0
49480,1414,34,10,0
49481,1414,35,17,1
49482,1415,1,14,0
49483,1415,2,23,1
49484,1415,3,31,1
49485,1415,4,10,0
49486,1415,5,20,1
49487,1415,6,8,0
49488,1415,7,7,0
49489,1415,8,20,0
49490,1415,9,15,0
49491,1415,10,12,1
49492,1415,11,45,1
49493,1415,12,18,1
49494,1415,13,11,0
49495,1415,14,28,2
49496,1415,15,14,1
49497,1415,16,15,0
49498,1415,17,14,0
49499,1415,18,9,0
49500,1415,19,26,1
49501,1415,20,19,1
49502,1415,21,12,0
49503,1415,22,12,0
49504,1415,23,13,0
49505,1415,24,18,1
49506,1415,25,5,0
49507,1415,26,5,0
49508,1415,27,9,0
49509,1415,28,13,1
49510,1415,29,13,0
49511,1415,30,13,0
49512,1415,31,37,2
49513,1415,32,14,1
49514,1415,33,35,0
49515,1415,34,7,0
49516,1415,35,32,1
49517,1416,1,20,1
49518,1416,2,26,1
49519,1416,3,17,0
49520,1416,4,37,1
49521,1416,5,37,1
49522,1416,6,20,1
49523,1416,7,18,0
49524,1416,8,17,0
49525,1416,9,20,1
49526,1416,10,27,0
49527,1416,11,22,1
49528,1416,12,22,1
49529,1416,13,15,0
49530,1416,14,26,1
49531,1416,15,14,1
49532,1416,16,30,1
49533,1416,17,20,1
49534,1416,18,18,1
49535,1416,19,33,1
49536,1416,20,11,0
49537,1416,21,25,1
49538,1416,22,14,0
49539,1416,23,11,0
49540,1416,24,12,0
49541,1416,25,12,0
49542,1416,26,20,0
49543,1416,27,18,1
49544,1416,28,8,0
49545,1416,29,50,1
49546,1416,30,23,1
49547,1416,31,23,1
49548,1416,32,20,1
49549,1416,33,33,1
49550,1416,34,1,0
49551,1416,35,27,0
49552,1417,1,22,1
49553,1417,2,27,1
49554,1417,3,26,1
49555,1417,4,36,0
49556,1417,5,19,1
49557,1417,6,29,2
49558,1417,7,21,0
49559,1417,8,36,2
49560,1417,9,83,2
49561,1417,10,22,1
49562,1417,11,21,0
49563,1417,12,21,1
49564,1417,13,24,1
49565,1417,14,20,1
49566,1417,15,36,1
49567,1417,16,30,1
49568,1417,17,16,1
49569,1417,18,20,1
49570,1417,19,11,0
49571,1417,20,28,1
49572,1417,21,42,2
49573,1417,22,39,1
49574,1417,23,36,1
49575,1417,24,56,3
49576,1417,25,37,1
49577,1417,26,22,1
49578,1417,27,32,0
49579,1417,28,19,1
49580,1417,29,23,1
49581,1417,30,18,0
49582,1417,31,25,1
49583,1417,32,8,0
49584,1417,33,15,0
49585,1417,34,25,1
49586,1417,35,26,1
49587,1418,1,29,1
49588,1418,2,31,1
49589,1418,3,33,1
49590,1418,4,19,1
49591,1418,5,20,1
49592,1418,6,43,1
49593,1418,7,22,1
49594,1418,8,16,1
49595,1418,9,25,1
49596,1418,10,22,0
49597,1418,11,6,0
49598,1418,12,18,1
49599,1418,13,17,1
49600,1418,14,10,0
49601,1418,15,21,1
49602,1418,16,29,0
49603,1418,17,31,1
49604,1418,18,17,1
49605,1418,19,11,0
49606,1418,20,17,0
49607,1418,21,16,1
49608,1418,22,13,0
49609,1418,23,12,1
49610,1418,24,29,1
49611,1418,25,16,1
49612,1418,26,20,0
49613,1418,27,18,1
49614,1418,28,17,1
49615,1418,29,17,0
49616,1418,30,22,1
49617,1418,31,27,1
49618,1418,32,22,0
49619,1418,33,10,0
49620,1418,34,9,0
49621,1418,35,26,0
49622,1419,1,20,0
49623,1419,2,22,1
49624,1419,3,21,1
49625,1419,4,22,1
49626,1419,5,11,0
49627,1419,6,19,1
49628,1419,7,28,0
49629,1419,8,22,1
49630,1419,9,23,1
49631,1419,10,22,1
49632,1419,11,41,2
49633,1419,12,21,1
49634,1419,13,24,1
49635,1419,14,23,0
49636,1419,15,7,0
49637,1419,16,24,1
49638,1419,17,14,0
49639,1419,18,25,1
49640,1419,19,8,0
49641,1419,20,21,0
49642,1419,21,10,0
49643,1419,22,33,0
49644,1419,23,17,1
49645,1419,24,18,1
49646,1419,25,10,0
49647,1419,26,11,0
49648,1419,27,30,1
49649,1419,28,11,0
49650,1419,29,26,1
49651,1419,30,13,1
49652,1419,31,13,1
49653,1419,32,23,1
49654,1419,33,27,1
49655,1419,34,13,1
49656,1419,35,15,1
49657,1420,1,12,0
49658,1420,2,5,0
49659,1420,3,39,2
49660,1420,4,13,0
49661,1420,5,28,1
49662,1420,6,22,1
49663,1420,7,18,1
49664,1420,8,42,1
49665,1420,9,40,0
49666,1420,10,40,1
49667,1420,11,46,2
49668,1420,12,10,0
49669,1420,13,17,1
49670,1420,14,6,0
49671,1420,15,19,0
49672,1420,16,15,0
49673,1420,17,18,1
49674,1420,18,30,1
49675,1420,19,33,0
49676,1420,20,54,2
49677,1420,21,20,0
49678,1420,22,41,1
49679,1420,23,25,0
49680,1420,24,31,0
49681,1420,25,11,0
49682,1420,26,20,0
49683,1420,27,35,1
49684,1420,28,20,0
49685,1420,29,43,1
49686,1420,30,39,1
49687,1420,31,29,1
49688,1420,32,22,1
49689,1420,33,17,1
49690,1420,34,18,1
49691,1420,35,19,1
49692,1421,1,21,1
49693,1421,2,22,1
49694,1421,3,55,2
49695,1421,4,37,0
49696,1421,5,46,3
49697,1421,6,60,0
49698,1421,7,48,1
49699,1421,8,39,2
49700,1421,9,23,1
49701,1421,10,17,1
49702,1421,11,34,1
49703,1421,12,22,1
49704,1421,13,31,1
49705,1421,14,26,1
49706,1421,15,19,1
49707,1421,16,31,1
49708,1421,17,21,1
49709,1421,18,44,1
49710,1421,19,50,2
49711,1421,20,28,1
49712,1421,21,13,1
49713,1421,22,36,1
49714,1421,23,32,1
49715,1421,24,46,2
49716,1421,25,30,1
49717,1421,26,21,1
49718,1421,27,47,1
49719,1421,28,15,0
49720,1421,29,22,1
49721,1421,30,40,1
49722,1421,31,19,1
49723,1421,32,22,1
49724,1421,33,18,1
49725,1421,34,34,1
49726,1421,35,26,1
49727,1422,1,31,1
49728,1422,2,22,1
49729,1422,3,64,3
49730,1422,4,10,0
49731,1422,5,12,0
49732,1422,6,38,2
49733,1422,7,13,1
49734,1422,8,22,1
49735,1422,9,14,0
49736,1422,10,27,0
49737,1422,11,23,1
49738,1422,12,13,1
49739,1422,13,7,0
49740,1422,14,20,1
49741,1422,15,8,0
49742,1422,16,25,0
49743,1422,17,31,1
49744,1422,18,29,2
49745,1422,19,20,1
49746,1422,20,29,1
49747,1422,21,35,1
49748,1422,22,12,1
49749,1422,23,20,1
49750,1422,24,13,1
49751,1422,25,39,2
49752,1422,26,38,1
49753,1422,27,25,0
49754,1422,28,20,1
49755,1422,29,8,0
49756,1422,30,16,1
49757,1422,31,21,1
49758,1422,32,16,1
49759,1422,33,14,1
49760,1422,34,30,1
49761,1422,35,13,0
49762,1423,1,19,0
49763,1423,2,14,1
49764,1423,3,13,0
49765,1423,4,18,1
49766,1423,5,11,0
49767,1423,6,14,0
49768,1423,7,13,0
49769,1423,8,40,1
49770,1423,9,11,1
49771,1423,10,12,0
49772,1423,11,38,2
49773,1423,12,13,1
49774,1423,13,16,0
49775,1423,14,30,1
49776,1423,15,10,0
49777,1423,16,6,0
49778,1423,17,31,1
49779,1423,18,13,1
49780,1423,19,19,1
49781,1423,20,18,0
49782,1423,21,48,1
49783,1423,22,15,0
49784,1423,23,17,1
49785,1423,24,13,1
49786,1423,25,11,0
49787,1423,26,19,1
49788,1423,27,16,1
49789,1423,28,18,0
49790,1423,29,17,1
49791,1423,30,20,1
49792,1423,31,33,1
49793,1423,32,27,1
49794,1423,33,24,1
49795,1423,34,10,0
49796,1423,35,13,1
49797,1424,1,31,1
49798,1424,2,29,1
49799,1424,3,42,2
49800,1424,4,29,1
49801,1424,5,12,0
49802,1424,6,42,1
49803,1424,7,19,1
49804,1424,8,39,2
49805,1424,9,27,1
49806,1424,10,53,3
49807,1424,11,18,1
49808,1424,12,24,1
49809,1424,13,10,0
49810,1424,14,45,2
49811,1424,15,9,0
49812,1424,16,12,0
49813,1424,17,47,2
49814,1424,18,24,1
49815,1424,19,18,1
49816,1424,20,23,1
49817,1424,21,36,1
49818,1424,22,29,1
49819,1424,23,82,1
49820,1424,24,20,0
49821,1424,25,18,0
49822,1424,26,18,0
49823,1424,27,30,1
49824,1424,28,11,0
49825,1424,29,30,0
49826,1424,30,39,2
49827,1424,31,38,1
49828,1424,32,36,1
49829,1424,33,21,1
49830,1424,34,51,0
49831,1424,35,34,1
49832,1425,1,25,1
49833,1425,2,25,1
49834,1425,3,23,1
49835,1425,4,17,1
49836,1425,5,25,0
49837,1425,6,10,0
49838,1425,7,14,0
49839,1425,8,20,1
49840,1425,9,20,1
49841,1425,10,17,0
49842,1425,11,21,1
49843,1425,12,14,1
49844,1425,13,10,0
49845,1425,14,7,0
49846,1425,15,13,1
49847,1425,16,19,0
49848,1425,17,10,0
49849,1425,18,18,0
49850,1425,19,12,0
49851,1425,20,9,0
49852,1425,21,22,0
49853,1425,22,13,0
49854,1425,23,23,1
49855,1425,24,38,1
49856,1425,25,39,1
49857,1425,26,12,0
49858,1425,27,19,1
49859,1425,28,17,0
49860,1425,29,26,1
49861,1425,30,29,1
49862,1425,31,24,0
49863,1425,32,24,1
49864,1425,33,15,0
49865,1425,34,29,0
49866,1425,35,27,1
49867,1426,1,12,1
49868,1426,2,30,1
49869,1426,3,13,0
49870,1426,4,3,0
49871,1426,5,11,0
49872,1426,6,12,0
49873,1426,7,15,1
49874,1426,8,7,0
49875,1426,9,20,0
49876,1426,10,22,1
49877,1426,11,15,1
49878,1426,12,11,0
49879,1426,13,12,0
49880,1426,14,15,1
49881,1426,15,27,1
49882,1426,16,19,1
49883,1426,17,25,1
49884,1426,18,15,1
49885,1426,19,15,1
49886,1426,20,11,0
49887,1426,21,19,1
49888,1426,22,33,0
49889,1426,23,14,0
49890,1426,24,12,0
49891,1426,25,12,0
49892,1426,26,16,1
49893,1426,27,6,0
49894,1426,28,10,0
49895,1426,29,16,1
49896,1426,30,9,1
49897,1426,31,14,0
49898,1426,32,22,0
49899,1426,33,21,1
49900,1426,34,18,1
49901,1426,35,8,0
49902,1427,1,8,0
49903,1427,2,30,2
49904,1427,3,17,1
49905,1427,4,7,0
49906,1427,5,21,1
49907,1427,6,9,0
49908,1427,7,6,0
49909,1427,8,16,1
49910,1427,9,19,1
49911,1427,10,21,1
49912,1427,11,8,0
49913,1427,12,11,0
49914,1427,13,12,1
49915,1427,14,12,1
49916,1427,15,10,0
49917,1427,16,8,0
49918,1427,17,29,1
49919,1427,18,11,0
49920,1427,19,25,1
49921,1427,20,5,0
49922,1427,21,9,0
49923,1427,22,16,0
49924,1427,23,12,1
49925,1427,24,11,0
49926,1427,25,13,0
49927,1427,26,11,0
49928,1427,27,6,0
49929,1427,28,23,1
49930,1427,29,8,0
49931,1427,30,12,0
49932,1427,31,10,0
49933,1427,32,9,0
49934,1427,33,6,0
49935,1427,34,20,1
49936,1427,35,9,0
49937,1428,1,33,2
49938,1428,2,19,1
49939,1428,3,30,0
49940,1428,4,21,1
49941,1428,5,24,1
49942,1428,6,19,1
49943,1428,7,11,0
49944,1428,8,9,0
49945,1428,9,15,1
49946,1428,10,21,1
49947,1428,11,37,1
49948,1428,12,12,1
49949,1428,13,19,1
49950,1428,14,16,0
49951,1428,15,19,1
49952,1428,16,22,0
49953,1428,17,19,1
49954,1428,18,12,1
49955,1428,19,35,0
49956,1428,20,13,1
49957,1428,21,36,1
49958,1428,22,43,2
49959,1428,23,14,0
49960,1428,24,7,0
49961,1428,25,36,1
49962,1428,26,17,1
49963,1428,27,31,1
49964,1428,28,16,0
49965,1428,29,30,1
49966,1428,30,6,0
49967,1428,31,6,0
49968,1428,32,14,1
49969,1428,33,12,1
49970,1428,34,26,1
49971,1428,35,12,0
49972,1429,1,16,1
49973,1429,2,16,1
49974,1429,3,10,1
49975,1429,4,15,1
49976,1429,5,15,0
49977,1429,6,20,0
49978,1429,7,52,2
49979,1429,8,25,1
49980,1429,9,14,1
49981,1429,10,31,1
49982,1429,11,24,0
49983,1429,12,9,0
49984,1429,13,11,0
49985,1429,14,22,1
49986,1429,15,27,1
49987,1429,16,6,0
49988,1429,17,31,1
49989,1429,18,17,1
49990,1429,19,63,1
49991,1429,20,29,1
49992,1429,21,9,1
49993,1429,22,16,1
49994,1429,23,14,0
49995,1429,24,18,1
49996,1429,25,9,0
49997,1429,26,21,0
49998,1429,27,24,1
49999,1429,28,23,1
50000,1429,29,20,1
50001,1429,30,49,1
50002,1429,31,10,0
50003,1429,32,18,1
50004,1429,33,54,1
50005,1429,34,24,1
50006,1429,35,15,0
50007,1430,1,12,0
50008,1430,2,17,0
50009,1430,3,14,1
50010,1430,4,15,1
50011,1430,5,15,0
50012,1430,6,15,1
50013,1430,7,15,0
50014,1430,8,10,0
50015,1430,9,7,0
50016,1430,10,15,1
50017,1430,11,19,1
50018,1430,12,4,0
50019,1430,13,25,1
50020,1430,14,20,1
50021,1430,15,12,1
50022,1430,16,15,0
50023,1430,17,22,1
50024,1430,18,17,0
50025,1430,19,11,1
50026,1430,20,12,0
50027,1430,21,27,1
50028,1430,22,12,0
50029,1430,23,4,0
50030,1430,24,15,0
50031,1430,25,19,1
50032,1430,26,22,1
50033,1430,27,18,1
50034,1430,28,35,1
50035,1430,29,17,1
50036,1430,30,13,1
50037,1430,31,10,0
50038,1430,32,7,0
50039,1430,33,11,0
50040,1430,34,10,1
50041,1430,35,22,1
50042,1431,1,5,0
50043,1431,2,6,0
50044,1431,3,9,0
50045,1431,4,10,0
50046,1431,5,4,0
50047,1431,6,16,1
50048,1431,7,11,0
50049,1431,8,11,0
50050,1431,9,14,0
50051,1431,10,13,1
50052,1431,11,23,1
50053,1431,12,9,0
50054,1431,13,19,1
50055,1431,14,12,0
50056,1431,15,4,0
50057,1431,16,9,0
50058,1431,17,7,0
50059,1431,18,21,0
50060,1431,19,4,0
50061,1431,20,9,0
50062,1431,21,14,0
50063,1431,22,13,0
50064,1431,23,4,0
50065,1431,24,13,0
50066,1431,25,16,1
50067,1431,26,6,0
50068,1431,27,6,0
50069,1431,28,17,1
50070,1431,29,17,0
50071,1431,30,18,0
50072,1431,31,18,1
50073,1431,32,15,1
50074,1431,33,8,0
50075,1431,34,17,1
50076,1431,35,5,0
50077,1432,1,12,1
50078,1432,2,30,0
50079,1432,3,11,0
50080,1432,4,16,1
50081,1432,5,13,1
50082,1432,6,24,1
50083,1432,7,22,1
50084,1432,8,22,1
50085,1432,9,17,1
50086,1432,10,50,1
50087,1432,11,14,1
50088,1432,12,13,1
50089,1432,13,15,1
50090,1432,14,2,0
50091,1432,15,23,1
50092,1432,16,9,0
50093,1432,17,29,0
50094,1432,18,27,1
50095,1432,19,27,0
50096,1432,20,23,1
50097,1432,21,27,1
50098,1432,22,33,1
50099,1432,23,33,1
50100,1432,24,35,1
50101,1432,25,27,1
50102,1432,26,5,0
50103,1432,27,27,1
50104,1432,28,10,0
50105,1432,29,11,0
50106,1432,30,27,1
50107,1432,31,14,0
50108,1432,32,28,1
50109,1432,33,14,1
50110,1432,34,5,0
50111,1432,35,10,0
50112,1433,1,16,0
50113,1433,2,11,0
50114,1433,3,5,0
50115,1433,4,49,0
50116,1433,5,24,1
50117,1433,6,13,1
50118,1433,7,34,1
50119,1433,8,26,1
50120,1433,9,38,2
50121,1433,10,27,1
50122,1433,11,23,1
50123,1433,12,7,0
50124,1433,13,14,0
50125,1433,14,32,1
50126,1433,15,25,0
50127,1433,16,3,0
50128,1433,17,12,0
50129,1433,18,18,1
50130,1433,19,29,0
50131,1433,20,35,1
50132,1433,21,27,0
50133,1433,22,29,0
50134,1433,23,6,0
50135,1433,24,21,1
50136,1433,25,23,0
50137,1433,26,28,1
50138,1433,27,24,1
50139,1433,28,15,0
50140,1433,29,14,0
50141,1433,30,28,1
50142,1433,31,13,1
50143,1433,32,26,1
50144,1433,33,15,0
50145,1433,34,27,1
50146,1433,35,17,1
50147,1434,1,6,0
50148,1434,2,8,0
50149,1434,3,9,0
50150,1434,4,13,0
50151,1434,5,21,1
50152,1434,6,11,0
50153,1434,7,21,1
50154,1434,8,12,0
50155,1434,9,18,0
50156,1434,10,15,1
50157,1434,11,16,0
50158,1434,12,17,0
50159,1434,13,9,0
50160,1434,14,9,0
50161,1434,15,18,1
50162,1434,16,15,0
50163,1434,17,12,0
50164,1434,18,17,0
50165,1434,19,26,1
50166,1434,20,12,1
50167,1434,21,24,1
50168,1434,22,15,0
50169,1434,23,8,0
50170,1434,24,21,0
50171,1434,25,19,0
50172,1434,26,20,1
50173,1434,27,6,0
50174,1434,28,16,1
50175,1434,29,15,0
50176,1434,30,21,1
50177,1434,31,15,1
50178,1434,32,23,1
50179,1434,33,14,0
50180,1434,34,13,1
50181,1434,35,24,1
50182,1435,1,9,0
50183,1435,2,8,0
50184,1435,3,7,0
50185,1435,4,11,0
50186,1435,5,15,0
50187,1435,6,15,0
50188,1435,7,20,0
50189,1435,8,8,0
50190,1435,9,10,0
50191,1435,10,9,0
50192,1435,11,13,0
50193,1435,12,12,0
50194,1435,13,13,1
50195,1435,14,21,1
50196,1435,15,7,0
50197,1435,16,23,0
50198,1435,17,7,0
50199,1435,18,16,0
50200,1435,19,19,1
50201,1435,20,7,0
50202,1435,21,7,0
50203,1435,22,14,1
50204,1435,23,6,0
50205,1435,24,9,0
50206,1435,25,26,1
50207,1435,26,19,1
50208,1435,27,18,0
50209,1435,28,26,1
50210,1435,29,39,2
50211,1435,30,24,1
50212,1435,31,10,0
50213,1435,32,20,0
50214,1435,33,22,0
50215,1435,34,9,0
50216,1435,35,15,0
50217,1436,1,11,0
50218,1436,2,9,0
50219,1436,3,18,0
50220,1436,4,38,1
50221,1436,5,36,1
50222,1436,6,38,1
50223,1436,7,14,0
50224,1436,8,27,2
50225,1436,9,17,0
50226,1436,10,14,1
50227,1436,11,8,0
50228,1436,12,14,1
50229,1436,13,31,1
50230,1436,14,10,0
50231,1436,15,33,2
50232,1436,16,19,0
50233,1436,17,13,0
50234,1436,18,15,0
50235,1436,19,9,1
50236,1436,20,9,0
50237,1436,21,21,1
50238,1436,22,30,1
50239,1436,23,10,0
50240,1436,24,24,1
50241,1436,25,14,1
50242,1436,26,29,1
50243,1436,27,12,0
50244,1436,28,14,0
50245,1436,29,26,0
50246,1436,30,27,1
50247,1436,31,35,2
50248,1436,32,11,0
50249,1436,33,20,0
50250,1436,34,12,1
50251,1436,35,27,1
50252,1437,1,13,0
50253,1437,2,34,2
50254,1437,3,8,0
50255,1437,4,25,0
50256,1437,5,27,1
50257,1437,6,24,1
50258,1437,7,35,1
50259,1437,8,12,0
50260,1437,9,19,0
50261,1437,10,13,1
50262,1437,11,34,1
50263,1437,12,10,0
50264,1437,13,36,0
50265,1437,14,25,1
50266,1437,15,28,1
50267,1437,16,32,1
50268,1437,17,22,0
50269,1437,18,26,0
50270,1437,19,29,2
50271,1437,20,17,1
50272,1437,21,21,1
50273,1437,22,27,0
50274,1437,23,2,0
50275,1437,24,38,2
50276,1437,25,14,1
50277,1437,26,19,1
50278,1437,27,17,1
50279,1437,28,32,2
50280,1437,29,60,3
50281,1437,30,29,1
50282,1437,31,6,0
50283,1437,32,34,2
50284,1437,33,36,2
50285,1437,34,23,0
50286,1437,35,13,0
50287,1438,1,12,0
50288,1438,2,21,0
50289,1438,3,14,1
50290,1438,4,7,0
50291,1438,5,18,1
50292,1438,6,11,0
50293,1438,7,9,0
50294,1438,8,25,1
50295,1438,9,28,0
50296,1438,10,14,1
50297,1438,11,21,1
50298,1438,12,38,1
50299,1438,13,12,1
50300,1438,14,13,1
50301,1438,15,12,0
50302,1438,16,12,0
50303,1438,17,30,1
50304,1438,18,18,1
50305,1438,19,22,1
50306,1438,20,46,1
50307,1438,21,4,0
50308,1438,22,25,1
50309,1438,23,28,1
50310,1438,24,11,0
50311,1438,25,12,0
50312,1438,26,15,1
50313,1438,27,20,1
50314,1438,28,11,0
50315,1438,29,8,0
50316,1438,30,29,2
50317,1438,31,27,1
50318,1438,32,49,1
50319,1438,33,26,1
50320,1438,34,32,1
50321,1438,35,5,0
50322,1439,1,5,0
50323,1439,2,17,0
50324,1439,3,6,0
50325,1439,4,9,0
50326,1439,5,13,0
50327,1439,6,12,1
50328,1439,7,21,1
50329,1439,8,16,0
50330,1439,9,13,1
50331,1439,10,18,0
50332,1439,11,13,0
50333,1439,12,17,0
50334,1439,13,11,1
50335,1439,14,27,1
50336,1439,15,9,0
50337,1439,16,39,1
50338,1439,17,29,1
50339,1439,18,12,1
50340,1439,19,17,1
50341,1439,20,16,0
50342,1439,21,6,0
50343,1439,22,7,0
50344,1439,23,11,0
50345,1439,24,24,0
50346,1439,25,6,0
50347,1439,26,17,1
50348,1439,27,12,1
50349,1439,28,15,1
50350,1439,29,17,0
50351,1439,30,22,1
50352,1439,31,5,0
50353,1439,32,9,0
50354,1439,33,32,1
50355,1439,34,14,0
50356,1439,35,7,0
50357,1440,1,15,1
50358,1440,2,19,1
50359,1440,3,24,0
50360,1440,4,5,0
50361,1440,5,23,0
50362,1440,6,14,0
50363,1440,7,20,0
50364,1440,8,23,1
50365,1440,9,24,1
50366,1440,10,30,0
50367,1440,11,21,1
50368,1440,12,22,1
50369,1440,13,38,2
50370,1440,14,25,1
50371,1440,15,21,1
50372,1440,16,23,0
50373,1440,17,36,1
50374,1440,18,20,0
50375,1440,19,15,0
50376,1440,20,14,1
50377,1440,21,30,1
50378,1440,22,26,0
50379,1440,23,58,3
50380,1440,24,16,1
50381,1440,25,27,0
50382,1440,26,32,0
50383,1440,27,23,1
50384,1440,28,17,1
50385,1440,29,27,1
50386,1440,30,20,1
50387,1440,31,12,0
50388,1440,32,24,1
50389,1440,33,31,1
50390,1440,34,21,1
50391,1440,35,18,0
50392,1441,1,49,1
50393,1441,2,46,2
50394,1441,3,20,1
50395,1441,4,26,0
50396,1441,5,40,1
50397,1441,6,25,1
50398,1441,7,38,1
50399,1441,8,39,2
50400,1441,9,12,0
50401,1441,10,34,1
50402,1441,11,35,2
50403,1441,12,23,1
50404,1441,13,44,2
50405,1441,14,26,1
50406,1441,15,24,1
50407,1441,16,43,2
50408,1441,17,12,1
50409,1441,18,18,1
50410,1441,19,41,2
50411,1441,20,36,2
50412,1441,21,34,1
50413,1441,22,28,0
50414,1441,23,7,0
50415,1441,24,14,1
50416,1441,25,48,1
50417,1441,26,48,2
50418,1441,27,35,2
50419,1441,28,33,1
50420,1441,29,51,1
50421,1441,30,26,1
50422,1441,31,19,1
50423,1441,32,21,1
50424,1441,33,33,1
50425,1441,34,28,1
50426,1441,35,30,1
50427,1442,1,17,0
50428,1442,2,11,1
50429,1442,3,3,0
50430,1442,4,13,0
50431,1442,5,15,1
50432,1442,6,16,0
50433,1442,7,30,1
50434,1442,8,21,1
50435,1442,9,44,3
50436,1442,10,16,0
50437,1442,11,15,1
50438,1442,12,24,0
50439,1442,13,11,1
50440,1442,14,30,2
50441,1442,15,11,1
50442,1442,16,44,1
50443,1442,17,13,1
50444,1442,18,26,1
50445,1442,19,12,0
50446,1442,20,25,0
50447,1442,21,34,1
50448,1442,22,42,1
50449,1442,23,8,0
50450,1442,24,30,1
50451,1442,25,18,0
50452,1442,26,15,0
50453,1442,27,12,0
50454,1442,28,11,0
50455,1442,29,43,2
50456,1442,30,11,1
50457,1442,31,22,1
50458,1442,32,6,0
50459,1442,33,11,0
50460,1442,34,10,1
50461,1442,35,50,1
50462,1443,1,9,0
50463,1443,2,15,1
50464,1443,3,20,1
50465,1443,4,26,1
50466,1443,5,29,1
50467,1443,6,12,0
50468,1443,7,9,0
50469,1443,8,28,1
50470,1443,9,18,0
50471,1443,10,15,1
50472,1443,11,20,1
50473,1443,12,9,0
50474,1443,13,33,1
50475,1443,14,12,0
50476,1443,15,29,1
50477,1443,16,44,2
50478,1443,17,19,0
50479,1443,18,20,1
50480,1443,19,10,0
50481,1443,20,13,0
50482,1443,21,25,1
50483,1443,22,27,1
50484,1443,23,14,1
50485,1443,24,24,1
50486,1443,25,13,0
50487,1443,26,50,1
50488,1443,27,24,0
50489,1443,28,6,0
50490,1443,29,15,1
50491,1443,30,14,1
50492,1443,31,31,1
50493,1443,32,47,1
50494,1443,33,24,1
50495,1443,34,22,1
50496,1443,35,13,0
50497,1444,1,16,1
50498,1444,2,24,1
50499,1444,3,12,1
50500,1444,4,14,1
50501,1444,5,16,0
50502,1444,6,35,1
50503,1444,7,23,1
50504,1444,8,26,1
50505,1444,9,12,0
50506,1444,10,18,1
50507,1444,11,38,2
50508,1444,12,29,1
50509,1444,13,30,1
50510,1444,14,13,1
50511,1444,15,24,1
50512,1444,16,38,2
50513,1444,17,15,1
50514,1444,18,38,1
50515,1444,19,25,1
50516,1444,20,20,0
50517,1444,21,20,1
50518,1444,22,16,1
50519,1444,23,25,1
50520,1444,24,27,1
50521,1444,25,32,2
50522,1444,26,12,0
50523,1444,27,24,1
50524,1444,28,8,0
50525,1444,29,49,2
50526,1444,30,28,1
50527,1444,31,10,0
50528,1444,32,41,1
50529,1444,33,26,1
50530,1444,34,16,1
50531,1444,35,28,2
50532,1445,1,25,1
50533,1445,2,29,2
50534,1445,3,10,1
50535,1445,4,18,0
50536,1445,5,50,1
50537,1445,6,34,2
50538,1445,7,37,0
50539,1445,8,26,1
50540,1445,9,15,0
50541,1445,10,32,1
50542,1445,11,22,0
50543,1445,12,43,1
50544,1445,13,22,1
50545,1445,14,53,1
50546,1445,15,13,0
50547,1445,16,27,1
50548,1445,17,13,0
50549,1445,18,19,0
50550,1445,19,34,1
50551,1445,20,14,0
50552,1445,21,41,1
50553,1445,22,74,2
50554,1445,23,44,2
50555,1445,24,15,1
50556,1445,25,32,1
50557,1445,26,30,1
50558,1445,27,31,1
50559,1445,28,41,2
50560,1445,29,56,3
50561,1445,30,30,1
50562,1445,31,17,1
50563,1445,32,30,1
50564,1445,33,24,1
50565,1445,34,49,1
50566,1445,35,18,0
50567,1446,1,16,1
50568,1446,2,15,1
50569,1446,3,20,1
50570,1446,4,23,1
50571,1446,5,57,3
50572,1446,6,30,1
50573,1446,7,22,1
50574,1446,8,39,1
50575,1446,9,13,0
50576,1446,10,9,1
50577,1446,11,13,1
50578,1446,12,15,1
50579,1446,13,12,0
50580,1446,14,17,0
50581,1446,15,17,0
50582,1446,16,25,1
50583,1446,17,18,1
50584,1446,18,32,2
50585,1446,19,17,1
50586,1446,20,15,1
50587,1446,21,14,0
50588,1446,22,18,1
50589,1446,23,13,0
50590,1446,24,10,0
50591,1446,25,22,0
50592,1446,26,21,0
50593,1446,27,34,1
50594,1446,28,22,1
50595,1446,29,6,0
50596,1446,30,24,1
50597,1446,31,49,2
50598,1446,32,25,1
50599,1446,33,31,1
50600,1446,34,13,1
50601,1446,35,12,0
50602,1447,1,22,0
50603,1447,2,22,1
50604,1447,3,13,1
50605,1447,4,16,1
50606,1447,5,15,0
50607,1447,6,16,1
50608,1447,7,32,1
50609,1447,8,29,1
50610,1447,9,10,0
50611,1447,10,11,0
50612,1447,11,25,1
50613,1447,12,20,1
50614,1447,13,16,0
50615,1447,14,40,1
50616,1447,15,21,1
50617,1447,16,26,1
50618,1447,17,20,1
50619,1447,18,29,0
50620,1447,19,13,1
50621,1447,20,9,0
50622,1447,21,18,1
50623,1447,22,29,2
50624,1447,23,29,1
50625,1447,24,6,0
50626,1447,25,17,0
50627,1447,26,14,1
50628,1447,27,36,1
50629,1447,28,12,0
50630,1447,29,14,0
50631,1447,30,24,1
50632,1447,31,28,1
50633,1447,32,21,1
50634,1447,33,26,0
50635,1447,34,14,0
50636,1447,35,19,1
50637,1448,1,12,1
50638,1448,2,33,2
50639,1448,3,30,1
50640,1448,4,20,1
50641,1448,5,15,0
50642,1448,6,39,0
50643,1448,7,25,1
50644,1448,8,27,1
50645,1448,9,11,0
50646,1448,10,12,0
50647,1448,11,25,1
50648,1448,12,33,1
50649,1448,13,14,0
50650,1448,14,9,1
50651,1448,15,45,1
50652,1448,16,36,1
50653,1448,17,17,0
50654,1448,18,21,1
50655,1448,19,18,1
50656,1448,20,19,1
50657,1448,21,38,0
50658,1448,22,44,2
50659,1448,23,8,0
50660,1448,24,14,0
50661,1448,25,23,1
50662,1448,26,29,2
50663,1448,27,31,1
50664,1448,28,20,1
50665,1448,29,18,1
50666,1448,30,6,0
50667,1448,31,17,1
50668,1448,32,16,0
50669,1448,33,16,1
50670,1448,34,11,1
50671,1448,35,24,1
50672,1449,1,49,3
50673,1449,2,37,1
50674,1449,3,32,1
50675,1449,4,19,1
50676,1449,5,45,2
50677,1449,6,39,1
50678,1449,7,21,0
50679,1449,8,53,2
50680,1449,9,34,1
50681,1449,10,69,3
50682,1449,11,16,0
50683,1449,12,24,1
50684,1449,13,59,1
50685,1449,14,33,2
50686,1449,15,60,1
50687,1449,16,53,2
50688,1449,17,47,3
50689,1449,18,25,0
50690,1449,19,26,1
50691,1449,20,23,1
50692,1449,21,26,1
50693,1449,22,42,2
50694,1449,23,65,2
50695,1449,24,61,3
50696,1449,25,81,1
50697,1449,26,55,2
50698,1449,27,32,1
50699,1449,28,15,0
50700,1449,29,25,1
50701,1449,30,9,0
50702,1449,31,22,1
50703,1449,32,47,1
50704,1449,33,5,0
50705,1449,34,33,0
50706,1449,35,35,2
50707,1450,1,38,2
50708,1450,2,15,1
50709,1450,3,30,2
50710,1450,4,15,0
50711,1450,5,9,0
50712,1450,6,47,1
50713,1450,7,22,1
50714,1450,8,11,1
50715,1450,9,36,0
50716,1450,10,17,1
50717,1450,11,21,1
50718,1450,12,23,0
50719,1450,13,21,1
50720,1450,14,16,1
50721,1450,15,18,1
50722,1450,16,26,0
50723,1450,17,29,1
50724,1450,18,29,1
50725,1450,19,36,2
50726,1450,20,22,1
50727,1450,21,51,2
50728,1450,22,25,1
50729,1450,23,22,1
50730,1450,24,11,0
50731,1450,25,28,1
50732,1450,26,26,0
50733,1450,27,22,0
50734,1450,28,36,0
50735,1450,29,23,0
50736,1450,30,35,1
50737,1450,31,18,0
50738,1450,32,39,1
50739,1450,33,22,0
50740,1450,34,11,1
50741,1450,35,19,0
50742,1451,1,6,0
50743,1451,2,16,1
50744,1451,3,16,0
50745,1451,4,26,1
50746,1451,5,13,1
50747,1451,6,34,1
50748,1451,7,17,1
50749,1451,8,14,0
50750,1451,9,25,1
50751,1451,10,32,2
50752,1451,11,20,0
50753,1451,12,33,2
50754,1451,13,25,1
50755,1451,14,15,0
50756,1451,15,15,1
50757,1451,16,15,0
50758,1451,17,12,1
50759,1451,18,36,1
50760,1451,19,18,1
50761,1451,20,41,1
50762,1451,21,20,0
50763,1451,22,11,0
50764,1451,23,9,0
50765,1451,24,26,1
50766,1451,25,10,1
50767,1451,26,15,0
50768,1451,27,30,2
50769,1451,28,35,0
50770,1451,29,16,1
50771,1451,30,22,1
50772,1451,31,32,2
50773,1451,32,19,1
50774,1451,33,21,1
50775,1451,34,11,0
50776,1451,35,13,1
50777,1452,1,24,1
50778,1452,2,37,1
50779,1452,3,40,1
50780,1452,4,36,1
50781,1452,5,30,1
50782,1452,6,19,1
50783,1452,7,24,1
50784,1452,8,39,2
50785,1452,9,15,1
50786,1452,10,27,1
50787,1452,11,10,0
50788,1452,12,18,1
50789,1452,13,29,1
50790,1452,14,17,1
50791,1452,15,35,0
50792,1452,16,25,1
50793,1452,17,39,1
50794,1452,18,29,1
50795,1452,19,30,1
50796,1452,20,12,0
50797,1452,21,30,0
50798,1452,22,58,3
50799,1452,23,32,2
50800,1452,24,15,1
50801,1452,25,14,0
50802,1452,26,30,1
50803,1452,27,15,0
50804,1452,28,27,2
50805,1452,29,29,1
50806,1452,30,14,1
50807,1452,31,23,0
50808,1452,32,36,1
50809,1452,33,28,1
50810,1452,34,27,1
50811,1452,35,22,1
50812,1453,1,27,1
50813,1453,2,27,1
50814,1453,3,40,2
50815,1453,4,20,1
50816,1453,5,16,1
50817,1453,6,28,1
50818,1453,7,16,0
50819,1453,8,23,1
50820,1453,9,15,0
50821,1453,10,9,0
50822,1453,11,32,1
50823,1453,12,9,0
50824,1453,13,16,1
50825,1453,14,21,1
50826,1453,15,19,1
50827,1453,16,31,1
50828,1453,17,23,1
50829,1453,18,22,1
50830,1453,19,30,2
50831,1453,20,29,2
50832,1453,21,20,1
50833,1453,22,19,1
50834,1453,23,24,0
50835,1453,24,30,0
50836,1453,25,13,0
50837,1453,26,37,0
50838,1453,27,14,1
50839,1453,28,49,2
50840,1453,29,16,1
50841,1453,30,21,1
50842,1453,31,14,0
50843,1453,32,43,2
50844,1453,33,13,0
50845,1453,34,10,0
50846,1453,35,18,0
50847,1454,1,29,0
50848,1454,2,26,1
50849,1454,3,6,0
50850,1454,4,19,1
50851,1454,5,11,0
50852,1454,6,7,0
50853,1454,7,21,0
50854,1454,8,8,0
50855,1454,9,5,0
50856,1454,10,20,0
50857,1454,11,12,0
50858,1454,12,9,0
50859,1454,13,14,0
50860,1454,14,20,1
50861,1454,15,13,1
50862,1454,16,17,1
50863,1454,17,4,0
50864,1454,18,17,1
50865,1454,19,18,0
50866,1454,20,19,1
50867,1454,21,23,1
50868,1454,22,15,1
50869,1454,23,12,0
50870,1454,24,34,2
50871,1454,25,24,0
50872,1454,26,13,0
50873,1454,27,20,1
50874,1454,28,11,0
50875,1454,29,4,0
50876,1454,30,11,0
50877,1454,31,17,0
50878,1454,32,21,1
50879,1454,33,21,0
50880,1454,34,14,1
50881,1454,35,17,0
50882,1455,1,11,0
50883,1455,2,10,0
50884,1455,3,13,0
50885,1455,4,18,1
50886,1455,5,24,1
50887,1455,6,19,0
50888,1455,7,12,0
50889,1455,8,18,1
50890,1455,9,19,0
50891,1455,10,11,0
50892,1455,11,4,0
50893,1455,12,8,0
50894,1455,13,12,1
50895,1455,14,7,0
50896,1455,15,9,0
50897,1455,16,17,0
50898,1455,17,12,0
50899,1455,18,17,1
50900,1455,19,13,0
50901,1455,20,17,1
50902,1455,21,20,0
50903,1455,22,10,1
50904,1455,23,21,1
50905,1455,24,14,1
50906,1455,25,12,0
50907,1455,26,21,0
50908,1455,27,9,0
50909,1455,28,20,1
50910,1455,29,11,1
50911,1455,30,9,0
50912,1455,31,11,1
50913,1455,32,16,0
50914,1455,33,13,1
50915,1455,34,25,1
50916,1455,35,34,1
50917,1456,1,11,0
50918,1456,2,14,0
50919,1456,3,27,1
50920,1456,4,29,1
50921,1456,5,22,1
50922,1456,6,20,1
50923,1456,7,20,0
50924,1456,8,11,0
50925,1456,9,9,0
50926,1456,10,24,1
50927,1456,11,26,1
50928,1456,12,23,1
50929,1456,13,25,0
50930,1456,14,47,3
50931,1456,15,22,1
50932,1456,16,32,2
50933,1456,17,19,1
50934,1456,18,21,1
50935,1456,19,33,1
50936,1456,20,20,1
50937,1456,21,24,0
50938,1456,22,30,1
50939,1456,23,32,1
50940,1456,24,8,0
50941,1456,25,35,1
50942,1456,26,17,1
50943,1456,27,12,1
50944,1456,28,19,0
50945,1456,29,13,0
50946,1456,30,8,0
50947,1456,31,14,1
50948,1456,32,32,1
50949,1456,33,12,1
50950,1456,34,35,2
50951,1456,35,28,1
50952,1457,1,26,1
50953,1457,2,40,2
50954,1457,3,30,0
50955,1457,4,20,0
50956,1457,5,33,2
50957,1457,6,25,0
50958,1457,7,20,1
50959,1457,8,15,0
50960,1457,9,56,2
50961,1457,10,17,0
50962,1457,11,22,1
50963,1457,12,20,1
50964,1457,13,52,3
50965,1457,14,43,2
50966,1457,15,31,2
50967,1457,16,33,1
50968,1457,17,22,1
50969,1457,18,37,1
50970,1457,19,32,1
50971,1457,20,18,0
50972,1457,21,26,1
50973,1457,22,13,0
50974,1457,23,26,2
50975,1457,24,27,0
50976,1457,25,18,0
50977,1457,26,14,1
50978,1457,27,19,1
50979,1457,28,13,1
50980,1457,29,30,1
50981,1457,30,28,0
50982,1457,31,54,1
50983,1457,32,42,2
50984,1457,33,20,1
50985,1457,34,18,1
50986,1457,35,6,0
50987,1458,1,22,1
50988,1458,2,10,0
50989,1458,3,21,1
50990,1458,4,14,1
50991,1458,5,8,0
50992,1458,6,8,0
50993,1458,7,27,1
50994,1458,8,18,0
50995,1458,9,11,0
50996,1458,10,13,0
50997,1458,11,22,1
50998,1458,12,22,1
50999,1458,13,19,1
51000,1458,14,23,1
51001,1458,15,27,1
51002,1458,16,27,1
51003,1458,17,34,2
51004,1458,18,21,0
51005,1458,19,16,0
51006,1458,20,9,0
51007,1458,21,12,0
51008,1458,22,11,0
51009,1458,23,8,0
51010,1458,24,17,0
51011,1458,25,22,0
51012,1458,26,9,0
51013,1458,27,18,1
51014,1458,28,12,0
51015,1458,29,17,1
51016,1458,30,30,1
51017,1458,31,8,0
51018,1458,32,25,1
51019,1458,33,22,1
51020,1458,34,34,2
51021,1458,35,9,0
51022,1459,1,17,0
51023,1459,2,8,0
51024,1459,3,10,0
51025,1459,4,30,1
51026,1459,5,15,1
51027,1459,6,31,2
51028,1459,7,14,1
51029,1459,8,11,0
51030,1459,9,8,0
51031,1459,10,9,0
51032,1459,11,12,1
51033,1459,12,11,0
51034,1459,13,16,1
51035,1459,14,2,0
51036,1459,15,30,1
51037,1459,16,18,0
51038,1459,17,10,0
51039,1459,18,27,1
51040,1459,19,16,1
51041,1459,20,7,0
51042,1459,21,21,0
51043,1459,22,10,0
51044,1459,23,6,0
51045,1459,24,10,0
51046,1459,25,4,0
51047,1459,26,22,1
51048,1459,27,8,0
51049,1459,28,9,0
51050,1459,29,18,0
51051,1459,30,10,0
51052,1459,31,6,0
51053,1459,32,6,0
51054,1459,33,12,1
51055,1459,34,10,0
51056,1459,35,13,1
51057,1460,1,18,0
51058,1460,2,21,0
51059,1460,3,18,1
51060,1460,4,10,0
51061,1460,5,17,0
51062,1460,6,26,1
51063,1460,7,26,1
51064,1460,8,10,0
51065,1460,9,12,0
51066,1460,10,14,0
51067,1460,11,17,1
51068,1460,12,29,0
51069,1460,13,7,0
51070,1460,14,30,1
51071,1460,15,23,1
51072,1460,16,22,0
51073,1460,17,24,1
51074,1460,18,33,1
51075,1460,19,17,0
51076,1460,20,17,1
51077,1460,21,25,0
51078,1460,22,26,2
51079,1460,23,16,1
51080,1460,24,42,1
51081,1460,25,34,1
51082,1460,26,16,1
51083,1460,27,25,0
51084,1460,28,34,1
51085,1460,29,15,1
51086,1460,30,42,2
51087,1460,31,18,1
51088,1460,32,26,0
51089,1460,33,25,1
51090,1460,34,29,1
51091,1460,35,29,0
51092,1461,1,19,0
51093,1461,2,12,0
51094,1461,3,52,2
51095,1461,4,19,0
51096,1461,5,39,1
51097,1461,6,39,1
51098,1461,7,28,1
51099,1461,8,33,1
51100,1461,9,56,1
51101,1461,10,25,0
51102,1461,11,15,0
51103,1461,12,36,1
51104,1461,13,21,1
51105,1461,14,48,2
51106,1461,15,16,1
51107,1461,16,43,2
51108,1461,17,30,1
51109,1461,18,46,2
51110,1461,19,33,0
51111,1461,20,25,1
51112,1461,21,16,0
51113,1461,22,47,2
51114,1461,23,22,0
51115,1461,24,25,1
51116,1461,25,49,2
51117,1461,26,19,0
51118,1461,27,11,0
51119,1461,28,31,1
51120,1461,29,32,1
51121,1461,30,69,2
51122,1461,31,23,1
51123,1461,32,19,1
51124,1461,33,25,0
51125,1461,34,20,0
51126,1461,35,30,1
51127,1462,1,10,0
51128,1462,2,24,1
51129,1462,3,14,0
51130,1462,4,7,0
51131,1462,5,17,0
51132,1462,6,24,1
51133,1462,7,24,0
51134,1462,8,16,1
51135,1462,9,10,1
51136,1462,10,22,0
51137,1462,11,19,1
51138,1462,12,13,0
51139,1462,13,12,1
51140,1462,14,10,0
51141,1462,15,16,0
51142,1462,16,13,1
51143,1462,17,14,0
51144,1462,18,24,0
51145,1462,19,21,0
51146,1462,20,36,1
51147,1462,21,16,1
51148,1462,22,18,1
51149,1462,23,31,2
51150,1462,24,21,1
51151,1462,25,14,1
51152,1462,26,11,0
51153,1462,27,14,0
51154,1462,28,28,0
51155,1462,29,12,1
51156,1462,30,15,1
51157,1462,31,22,1
51158,1462,32,12,0
51159,1462,33,21,1
51160,1462,34,19,1
51161,1462,35,6,0
51162,1463,1,23,1
51163,1463,2,16,1
51164,1463,3,11,0
51165,1463,4,11,0
51166,1463,5,6,0
51167,1463,6,12,0
51168,1463,7,13,1
51169,1463,8,34,1
51170,1463,9,14,1
51171,1463,10,14,1
51172,1463,11,24,1
51173,1463,12,19,0
51174,1463,13,9,0
51175,1463,14,28,1
51176,1463,15,14,0
51177,1463,16,8,0
51178,1463,17,23,1
51179,1463,18,21,1
51180,1463,19,13,0
51181,1463,20,5,0
51182,1463,21,19,1
51183,1463,22,30,2
51184,1463,23,17,1
51185,1463,24,12,0
51186,1463,25,23,0
51187,1463,26,18,1
51188,1463,27,21,1
51189,1463,28,11,0
51190,1463,29,10,0
51191,1463,30,25,1
51192,1463,31,9,0
51193,1463,32,20,1
51194,1463,33,15,0
51195,1463,34,16,0
51196,1463,35,9,0
51197,1464,1,14,1
51198,1464,2,37,2
51199,1464,3,13,1
51200,1464,4,24,1
51201,1464,5,35,1
51202,1464,6,27,1
51203,1464,7,13,0
51204,1464,8,33,0
51205,1464,9,20,0
51206,1464,10,16,1
51207,1464,11,39,1
51208,1464,12,20,1
51209,1464,13,26,1
51210,1464,14,34,2
51211,1464,15,18,1
51212,1464,16,36,1
51213,1464,17,25,1
51214,1464,18,35,1
51215,1464,19,28,1
51216,1464,20,21,0
51217,1464,21,42,0
51218,1464,22,31,2
51219,1464,23,18,1
51220,1464,24,33,2
51221,1464,25,20,1
51222,1464,26,49,3
51223,1464,27,37,0
51224,1464,28,22,1
51225,1464,29,34,2
51226,1464,30,17,1
51227,1464,31,18,0
51228,1464,32,11,1
51229,1464,33,21,1
51230,1464,34,24,1
51231,1464,35,28,1
