id,distributionOrderId,flowerId,quantity
1,1,1,18
2,2,1,24
3,3,1,22
4,4,1,13
5,5,2,28
6,6,2,26
7,7,2,9
8,8,2,35
9,9,3,17
10,10,3,21
11,11,3,13
12,12,3,43
13,13,4,56
14,14,4,18
15,15,4,32
16,16,4,22
17,17,5,25
18,18,5,20
19,19,5,29
20,20,5,42
21,21,6,28
22,22,6,31
23,23,6,20
24,24,6,15
25,25,7,21
26,26,7,30
27,27,7,13
28,28,7,40
29,29,8,17
30,30,8,21
31,31,8,7
32,32,8,39
33,33,9,20
34,34,9,19
35,35,9,15
36,36,9,28
37,37,10,33
38,38,10,10
39,39,10,10
40,40,10,18
41,41,11,23
42,42,11,24
43,43,11,15
44,44,11,24
45,45,12,42
46,46,12,14
47,47,12,8
48,48,12,15
49,49,13,28
50,50,13,17
51,51,13,12
52,52,13,26
53,53,14,26
54,54,14,17
55,55,14,17
56,56,14,46
57,57,15,35
58,58,15,13
59,59,15,8
60,60,15,35
61,61,16,32
62,62,16,20
63,63,16,17
64,64,16,33
65,65,17,29
66,66,17,13
67,67,17,13
68,68,17,33
69,69,18,38
70,70,18,23
71,71,18,21
72,72,18,28
73,73,19,28
74,74,19,9
75,75,19,15
76,76,19,51
77,77,20,37
78,78,20,22
79,79,20,11
80,80,20,20
81,81,21,18
82,82,21,18
83,83,21,27
84,84,21,44
85,85,22,23
86,86,22,22
87,87,22,10
88,88,22,29
89,89,23,34
90,90,23,17
91,91,23,8
92,92,23,39
93,93,24,28
94,94,24,30
95,95,24,8
96,96,24,17
97,97,25,25
98,98,25,14
99,99,25,19
100,100,25,35
101,101,26,22
102,102,26,31
103,103,26,29
104,104,26,32
105,105,27,51
106,106,27,28
107,107,27,9
108,108,27,27
109,109,28,27
110,110,28,31
111,111,28,21
112,112,28,17
113,113,29,21
114,114,29,25
115,115,29,23
116,116,29,33
117,117,30,30
118,118,30,34
119,119,30,18
120,120,30,27
121,121,31,23
122,122,31,13
123,123,31,25
124,124,31,25
125,125,32,21
126,126,32,37
127,127,32,15
128,128,32,39
129,129,33,15
130,130,33,41
131,131,33,22
132,132,33,27
133,133,34,21
134,134,34,34
135,135,34,18
136,136,34,12
137,137,35,29
138,138,35,21
139,139,35,21
140,140,35,14
141,141,1,16
142,142,1,24
143,143,1,31
144,144,1,29
145,145,2,14
146,146,2,33
147,147,2,23
148,148,2,26
149,149,3,18
150,150,3,25
151,151,3,41
152,152,3,22
153,153,4,37
154,154,4,18
155,155,4,19
156,156,4,24
157,157,5,29
158,158,5,21
159,159,5,21
160,160,5,26
161,161,6,23
162,162,6,16
163,163,6,17
164,164,6,32
165,165,7,44
166,166,7,21
167,167,7,48
168,168,7,22
169,169,8,39
170,170,8,35
171,171,8,23
172,172,8,16
173,173,9,37
174,174,9,15
175,175,9,19
176,176,9,34
177,177,10,32
178,178,10,8
179,179,10,21
180,180,10,19
181,181,11,15
182,182,11,22
183,183,11,13
184,184,11,51
185,185,12,42
186,186,12,17
187,187,12,35
188,188,12,36
189,189,13,24
190,190,13,29
191,191,13,19
192,192,13,34
193,193,14,32
194,194,14,21
195,195,14,18
196,196,14,27
197,197,15,26
198,198,15,18
199,199,15,14
200,200,15,49
201,201,16,38
202,202,16,22
203,203,16,28
204,204,16,42
205,205,17,39
206,206,17,14
207,207,17,29
208,208,17,34
209,209,18,27
210,210,18,19
211,211,18,19
212,212,18,29
213,213,19,40
214,214,19,15
215,215,19,13
216,216,19,17
217,217,20,39
218,218,20,17
219,219,20,14
220,220,20,24
221,221,21,42
222,222,21,26
223,223,21,22
224,224,21,19
225,225,22,56
226,226,22,18
227,227,22,18
228,228,22,23
229,229,23,39
230,230,23,19
231,231,23,13
232,232,23,29
233,233,24,56
234,234,24,22
235,235,24,8
236,236,24,29
237,237,25,50
238,238,25,21
239,239,25,18
240,240,25,26
241,241,26,44
242,242,26,26
243,243,26,24
244,244,26,23
245,245,27,37
246,246,27,32
247,247,27,16
248,248,27,27
249,249,28,39
250,250,28,36
251,251,28,9
252,252,28,18
253,253,29,35
254,254,29,41
255,255,29,21
256,256,29,21
257,257,30,31
258,258,30,38
259,259,30,31
260,260,30,28
261,261,31,49
262,262,31,10
263,263,31,17
264,264,31,25
265,265,32,61
266,266,32,19
267,267,32,17
268,268,32,40
269,269,33,30
270,270,33,12
271,271,33,18
272,272,33,22
273,273,34,49
274,274,34,19
275,275,34,14
276,276,34,19
277,277,35,22
278,278,35,29
279,279,35,9
280,280,35,27
281,281,1,37
282,282,1,18
283,283,1,10
284,284,1,24
285,285,2,43
286,286,2,33
287,287,2,25
288,288,2,22
289,289,3,51
290,290,3,15
291,291,3,36
292,292,3,22
293,293,4,28
294,294,4,30
295,295,4,17
296,296,4,22
297,297,5,22
298,298,5,28
299,299,5,16
300,300,5,31
301,301,6,50
302,302,6,23
303,303,6,14
304,304,6,28
305,305,7,50
306,306,7,24
307,307,7,17
308,308,7,36
309,309,8,24
310,310,8,19
311,311,8,21
312,312,8,21
313,313,9,40
314,314,9,26
315,315,9,27
316,316,9,14
317,317,10,22
318,318,10,31
319,319,10,21
320,320,10,29
321,321,11,55
322,322,11,25
323,323,11,32
324,324,11,32
325,325,12,68
326,326,12,19
327,327,12,22
328,328,12,25
329,329,13,31
330,330,13,21
331,331,13,19
332,332,13,32
333,333,14,22
334,334,14,13
335,335,14,16
336,336,14,35
337,337,15,38
338,338,15,39
339,339,15,14
340,340,15,12
341,341,16,48
342,342,16,22
343,343,16,16
344,344,16,16
345,345,17,34
346,346,17,16
347,347,17,24
348,348,17,30
349,349,18,18
350,350,18,27
351,351,18,19
352,352,18,16
353,353,19,45
354,354,19,16
355,355,19,7
356,356,19,17
357,357,20,38
358,358,20,27
359,359,20,10
360,360,20,52
361,361,21,15
362,362,21,38
363,363,21,28
364,364,21,28
365,365,22,37
366,366,22,23
367,367,22,23
368,368,22,26
369,369,23,36
370,370,23,24
371,371,23,24
372,372,23,40
373,373,24,41
374,374,24,26
375,375,24,16
376,376,24,29
377,377,25,52
378,378,25,16
379,379,25,19
380,380,25,26
381,381,26,29
382,382,26,40
383,383,26,19
384,384,26,29
385,385,27,29
386,386,27,21
387,387,27,9
388,388,27,36
389,389,28,51
390,390,28,13
391,391,28,30
392,392,28,28
393,393,29,49
394,394,29,15
395,395,29,38
396,396,29,13
397,397,30,53
398,398,30,23
399,399,30,21
400,400,30,10
401,401,31,41
402,402,31,30
403,403,31,9
404,404,31,30
405,405,32,35
406,406,32,24
407,407,32,27
408,408,32,24
409,409,33,37
410,410,33,17
411,411,33,8
412,412,33,22
413,413,34,47
414,414,34,11
415,415,34,26
416,416,34,44
417,417,35,23
418,418,35,18
419,419,35,15
420,420,35,51
421,421,1,20
422,422,1,7
423,423,1,32
424,424,1,24
425,425,2,20
426,426,2,24
427,427,2,13
428,428,2,31
429,429,3,23
430,430,3,26
431,431,3,15
432,432,3,25
433,433,4,30
434,434,4,17
435,435,4,19
436,436,4,19
437,437,5,13
438,438,5,26
439,439,5,12
440,440,5,27
441,441,6,29
442,442,6,5
443,443,6,8
444,444,6,31
445,445,7,22
446,446,7,23
447,447,7,14
448,448,7,24
449,449,8,23
450,450,8,26
451,451,8,27
452,452,8,20
453,453,9,13
454,454,9,12
455,455,9,21
456,456,9,28
457,457,10,25
458,458,10,34
459,459,10,12
460,460,10,14
461,461,11,31
462,462,11,16
463,463,11,17
464,464,11,17
465,465,12,18
466,466,12,23
467,467,12,18
468,468,12,22
469,469,13,13
470,470,13,18
471,471,13,13
472,472,13,31
473,473,14,23
474,474,14,37
475,475,14,26
476,476,14,28
477,477,15,27
478,478,15,29
479,479,15,22
480,480,15,23
481,481,16,29
482,482,16,15
483,483,16,23
484,484,16,25
485,485,17,41
486,486,17,14
487,487,17,13
488,488,17,10
489,489,18,25
490,490,18,20
491,491,18,10
492,492,18,20
493,493,19,29
494,494,19,23
495,495,19,22
496,496,19,21
497,497,20,21
498,498,20,26
499,499,20,19
500,500,20,21
501,501,21,26
502,502,21,31
503,503,21,11
504,504,21,30
505,505,22,20
506,506,22,16
507,507,22,15
508,508,22,38
509,509,23,30
510,510,23,11
511,511,23,14
512,512,23,37
513,513,24,29
514,514,24,13
515,515,24,16
516,516,24,22
517,517,25,36
518,518,25,46
519,519,25,8
520,520,25,18
521,521,26,18
522,522,26,24
523,523,26,8
524,524,26,34
525,525,27,24
526,526,27,14
527,527,27,29
528,528,27,43
529,529,28,19
530,530,28,32
531,531,28,15
532,532,28,36
533,533,29,20
534,534,29,33
535,535,29,4
536,536,29,27
537,537,30,45
538,538,30,16
539,539,30,17
540,540,30,26
541,541,31,28
542,542,31,20
543,543,31,9
544,544,31,28
545,545,32,24
546,546,32,14
547,547,32,11
548,548,32,31
549,549,33,29
550,550,33,17
551,551,33,9
552,552,33,43
553,553,34,39
554,554,34,19
555,555,34,13
556,556,34,22
557,557,35,29
558,558,35,24
559,559,35,11
560,560,35,26
561,561,1,30
562,562,1,12
563,563,1,6
564,564,1,24
565,565,2,24
566,566,2,19
567,567,2,12
568,568,2,18
569,569,3,38
570,570,3,17
571,571,3,16
572,572,3,27
573,573,4,28
574,574,4,11
575,575,4,17
576,576,4,24
577,577,5,17
578,578,5,8
579,579,5,17
580,580,5,21
581,581,6,21
582,582,6,15
583,583,6,17
584,584,6,30
585,585,7,15
586,586,7,16
587,587,7,16
588,588,7,20
589,589,8,24
590,590,8,4
591,591,8,15
592,592,8,19
593,593,9,21
594,594,9,21
595,595,9,14
596,596,9,21
597,597,10,19
598,598,10,6
599,599,10,8
600,600,10,17
601,601,11,17
602,602,11,19
603,603,11,13
604,604,11,11
605,605,12,12
606,606,12,15
607,607,12,36
608,608,12,39
609,609,13,22
610,610,13,14
611,611,13,18
612,612,13,39
613,613,14,15
614,614,14,17
615,615,14,23
616,616,14,23
617,617,15,15
618,618,15,15
619,619,15,20
620,620,15,20
621,621,16,20
622,622,16,20
623,623,16,25
624,624,16,16
625,625,17,30
626,626,17,8
627,627,17,15
628,628,17,13
629,629,18,31
630,630,18,7
631,631,18,15
632,632,18,18
633,633,19,21
634,634,19,19
635,635,19,25
636,636,19,10
637,637,20,25
638,638,20,6
639,639,20,10
640,640,20,27
641,641,21,21
642,642,21,31
643,643,21,15
644,644,21,18
645,645,22,23
646,646,22,19
647,647,22,25
648,648,22,20
649,649,23,11
650,650,23,20
651,651,23,21
652,652,23,22
653,653,24,21
654,654,24,18
655,655,24,16
656,656,24,18
657,657,25,24
658,658,25,16
659,659,25,16
660,660,25,22
661,661,26,16
662,662,26,14
663,663,26,13
664,664,26,24
665,665,27,27
666,666,27,9
667,667,27,8
668,668,27,10
669,669,28,21
670,670,28,19
671,671,28,13
672,672,28,20
673,673,29,22
674,674,29,29
675,675,29,13
676,676,29,20
677,677,30,21
678,678,30,36
679,679,30,17
680,680,30,21
681,681,31,28
682,682,31,23
683,683,31,12
684,684,31,17
685,685,32,15
686,686,32,18
687,687,32,9
688,688,32,25
689,689,33,22
690,690,33,14
691,691,33,14
692,692,33,30
693,693,34,15
694,694,34,16
695,695,34,11
696,696,34,27
697,697,35,29
698,698,35,23
699,699,35,13
700,700,35,27
701,701,1,12
702,702,1,17
703,703,1,13
704,704,1,26
705,705,2,15
706,706,2,11
707,707,2,23
708,708,2,13
709,709,3,19
710,710,3,13
711,711,3,30
712,712,3,20
713,713,4,20
714,714,4,18
715,715,4,17
716,716,4,26
717,717,5,27
718,718,5,16
719,719,5,17
720,720,5,20
721,721,6,27
722,722,6,20
723,723,6,10
724,724,6,13
725,725,7,28
726,726,7,11
727,727,7,11
728,728,7,29
729,729,8,27
730,730,8,32
731,731,8,20
732,732,8,24
733,733,9,14
734,734,9,29
735,735,9,13
736,736,9,16
737,737,10,19
738,738,10,28
739,739,10,24
740,740,10,16
741,741,11,14
742,742,11,19
743,743,11,33
744,744,11,20
745,745,12,18
746,746,12,15
747,747,12,18
748,748,12,29
749,749,13,29
750,750,13,9
751,751,13,8
752,752,13,28
753,753,14,36
754,754,14,16
755,755,14,9
756,756,14,24
757,757,15,23
758,758,15,29
759,759,15,12
760,760,15,17
761,761,16,35
762,762,16,13
763,763,16,3
764,764,16,22
765,765,17,15
766,766,17,11
767,767,17,11
768,768,17,18
769,769,18,23
770,770,18,14
771,771,18,17
772,772,18,20
773,773,19,20
774,774,19,18
775,775,19,21
776,776,19,16
777,777,20,26
778,778,20,19
779,779,20,9
780,780,20,19
781,781,21,35
782,782,21,8
783,783,21,10
784,784,21,20
785,785,22,19
786,786,22,10
787,787,22,13
788,788,22,19
789,789,23,32
790,790,23,6
791,791,23,10
792,792,23,23
793,793,24,39
794,794,24,11
795,795,24,6
796,796,24,22
797,797,25,28
798,798,25,16
799,799,25,15
800,800,25,11
801,801,26,22
802,802,26,16
803,803,26,17
804,804,26,28
805,805,27,15
806,806,27,17
807,807,27,21
808,808,27,16
809,809,28,41
810,810,28,16
811,811,28,9
812,812,28,17
813,813,29,20
814,814,29,11
815,815,29,8
816,816,29,23
817,817,30,34
818,818,30,16
819,819,30,25
820,820,30,9
821,821,31,19
822,822,31,13
823,823,31,17
824,824,31,23
825,825,32,19
826,826,32,5
827,827,32,14
828,828,32,20
829,829,33,20
830,830,33,11
831,831,33,6
832,832,33,20
833,833,34,37
834,834,34,10
835,835,34,20
836,836,34,13
837,837,35,33
838,838,35,12
839,839,35,20
840,840,35,20
841,841,1,12
842,842,1,17
843,843,1,17
844,844,1,34
845,845,2,20
846,846,2,18
847,847,2,15
848,848,2,36
849,849,3,25
850,850,3,16
851,851,3,12
852,852,3,16
853,853,4,13
854,854,4,11
855,855,4,13
856,856,4,22
857,857,5,40
858,858,5,18
859,859,5,11
860,860,5,16
861,861,6,28
862,862,6,25
863,863,6,14
864,864,6,21
865,865,7,37
866,866,7,27
867,867,7,12
868,868,7,20
869,869,8,30
870,870,8,8
871,871,8,9
872,872,8,21
873,873,9,39
874,874,9,11
875,875,9,13
876,876,9,22
877,877,10,25
878,878,10,42
879,879,10,10
880,880,10,36
881,881,11,25
882,882,11,22
883,883,11,22
884,884,11,34
885,885,12,35
886,886,12,13
887,887,12,19
888,888,12,40
889,889,13,33
890,890,13,25
891,891,13,9
892,892,13,23
893,893,14,17
894,894,14,11
895,895,14,17
896,896,14,26
897,897,15,15
898,898,15,17
899,899,15,14
900,900,15,17
901,901,16,27
902,902,16,14
903,903,16,9
904,904,16,32
905,905,17,42
906,906,17,13
907,907,17,17
908,908,17,11
909,909,18,35
910,910,18,8
911,911,18,21
912,912,18,6
913,913,19,16
914,914,19,28
915,915,19,12
916,916,19,10
917,917,20,20
918,918,20,33
919,919,20,12
920,920,20,23
921,921,21,16
922,922,21,10
923,923,21,22
924,924,21,41
925,925,22,15
926,926,22,24
927,927,22,15
928,928,22,39
929,929,23,26
930,930,23,19
931,931,23,6
932,932,23,23
933,933,24,22
934,934,24,10
935,935,24,23
936,936,24,24
937,937,25,26
938,938,25,9
939,939,25,17
940,940,25,34
941,941,26,31
942,942,26,13
943,943,26,7
944,944,26,38
945,945,27,18
946,946,27,13
947,947,27,25
948,948,27,23
949,949,28,21
950,950,28,39
951,951,28,23
952,952,28,39
953,953,29,23
954,954,29,21
955,955,29,14
956,956,29,26
957,957,30,36
958,958,30,22
959,959,30,11
960,960,30,20
961,961,31,24
962,962,31,18
963,963,31,11
964,964,31,44
965,965,32,30
966,966,32,16
967,967,32,16
968,968,32,16
969,969,33,16
970,970,33,21
971,971,33,14
972,972,33,24
973,973,34,25
974,974,34,21
975,975,34,17
976,976,34,25
977,977,35,31
978,978,35,17
979,979,35,10
980,980,35,19
981,981,1,33
982,982,1,30
983,983,1,23
984,984,1,18
985,985,2,19
986,986,2,21
987,987,2,25
988,988,2,42
989,989,3,15
990,990,3,41
991,991,3,20
992,992,3,22
993,993,4,26
994,994,4,24
995,995,4,22
996,996,4,19
997,997,5,34
998,998,5,29
999,999,5,9
1000,1000,5,19
1001,1001,6,17
1002,1002,6,29
1003,1003,6,30
1004,1004,6,24
1005,1005,7,27
1006,1006,7,16
1007,1007,7,27
1008,1008,7,22
1009,1009,8,34
1010,1010,8,22
1011,1011,8,14
1012,1012,8,16
1013,1013,9,43
1014,1014,9,23
1015,1015,9,9
1016,1016,9,44
1017,1017,10,55
1018,1018,10,18
1019,1019,10,22
1020,1020,10,22
1021,1021,11,20
1022,1022,11,22
1023,1023,11,17
1024,1024,11,22
1025,1025,12,22
1026,1026,12,15
1027,1027,12,18
1028,1028,12,31
1029,1029,13,28
1030,1030,13,10
1031,1031,13,14
1032,1032,13,26
1033,1033,14,27
1034,1034,14,13
1035,1035,14,23
1036,1036,14,31
1037,1037,15,33
1038,1038,15,26
1039,1039,15,13
1040,1040,15,22
1041,1041,16,29
1042,1042,16,32
1043,1043,16,22
1044,1044,16,26
1045,1045,17,13
1046,1046,17,26
1047,1047,17,20
1048,1048,17,28
1049,1049,18,48
1050,1050,18,10
1051,1051,18,17
1052,1052,18,26
1053,1053,19,24
1054,1054,19,26
1055,1055,19,29
1056,1056,19,29
1057,1057,20,22
1058,1058,20,24
1059,1059,20,19
1060,1060,20,26
1061,1061,21,38
1062,1062,21,27
1063,1063,21,6
1064,1064,21,24
1065,1065,22,36
1066,1066,22,10
1067,1067,22,22
1068,1068,22,27
1069,1069,23,22
1070,1070,23,18
1071,1071,23,23
1072,1072,23,39
1073,1073,24,19
1074,1074,24,33
1075,1075,24,17
1076,1076,24,30
1077,1077,25,31
1078,1078,25,19
1079,1079,25,19
1080,1080,25,31
1081,1081,26,21
1082,1082,26,19
1083,1083,26,6
1084,1084,26,23
1085,1085,27,35
1086,1086,27,19
1087,1087,27,11
1088,1088,27,28
1089,1089,28,29
1090,1090,28,25
1091,1091,28,16
1092,1092,28,38
1093,1093,29,14
1094,1094,29,11
1095,1095,29,22
1096,1096,29,24
1097,1097,30,27
1098,1098,30,22
1099,1099,30,19
1100,1100,30,17
1101,1101,31,16
1102,1102,31,12
1103,1103,31,14
1104,1104,31,19
1105,1105,32,34
1106,1106,32,18
1107,1107,32,28
1108,1108,32,19
1109,1109,33,28
1110,1110,33,15
1111,1111,33,15
1112,1112,33,36
1113,1113,34,32
1114,1114,34,12
1115,1115,34,14
1116,1116,34,18
1117,1117,35,34
1118,1118,35,21
1119,1119,35,10
1120,1120,35,30
1121,1121,1,37
1122,1122,1,27
1123,1123,1,13
1124,1124,1,20
1125,1125,2,44
1126,1126,2,29
1127,1127,2,20
1128,1128,2,14
1129,1129,3,14
1130,1130,3,19
1131,1131,3,19
1132,1132,3,38
1133,1133,4,37
1134,1134,4,14
1135,1135,4,36
1136,1136,4,33
1137,1137,5,45
1138,1138,5,29
1139,1139,5,26
1140,1140,5,25
1141,1141,6,36
1142,1142,6,14
1143,1143,6,42
1144,1144,6,17
1145,1145,7,37
1146,1146,7,19
1147,1147,7,25
1148,1148,7,28
1149,1149,8,32
1150,1150,8,26
1151,1151,8,13
1152,1152,8,34
1153,1153,9,36
1154,1154,9,22
1155,1155,9,9
1156,1156,9,22
1157,1157,10,34
1158,1158,10,26
1159,1159,10,13
1160,1160,10,35
1161,1161,11,29
1162,1162,11,36
1163,1163,11,15
1164,1164,11,29
1165,1165,12,40
1166,1166,12,21
1167,1167,12,35
1168,1168,12,23
1169,1169,13,30
1170,1170,13,18
1171,1171,13,15
1172,1172,13,38
1173,1173,14,16
1174,1174,14,27
1175,1175,14,10
1176,1176,14,47
1177,1177,15,36
1178,1178,15,31
1179,1179,15,15
1180,1180,15,33
1181,1181,16,27
1182,1182,16,35
1183,1183,16,22
1184,1184,16,16
1185,1185,17,28
1186,1186,17,24
1187,1187,17,32
1188,1188,17,21
1189,1189,18,42
1190,1190,18,27
1191,1191,18,19
1192,1192,18,39
1193,1193,19,25
1194,1194,19,29
1195,1195,19,15
1196,1196,19,23
1197,1197,20,49
1198,1198,20,28
1199,1199,20,8
1200,1200,20,19
1201,1201,21,24
1202,1202,21,26
1203,1203,21,23
1204,1204,21,19
1205,1205,22,50
1206,1206,22,22
1207,1207,22,21
1208,1208,22,51
1209,1209,23,21
1210,1210,23,24
1211,1211,23,19
1212,1212,23,40
1213,1213,24,38
1214,1214,24,23
1215,1215,24,8
1216,1216,24,33
1217,1217,25,38
1218,1218,25,18
1219,1219,25,23
1220,1220,25,40
1221,1221,26,32
1222,1222,26,15
1223,1223,26,26
1224,1224,26,29
1225,1225,27,45
1226,1226,27,14
1227,1227,27,16
1228,1228,27,26
1229,1229,28,23
1230,1230,28,34
1231,1231,28,25
1232,1232,28,24
1233,1233,29,20
1234,1234,29,20
1235,1235,29,27
1236,1236,29,34
1237,1237,30,32
1238,1238,30,24
1239,1239,30,20
1240,1240,30,10
1241,1241,31,43
1242,1242,31,15
1243,1243,31,18
1244,1244,31,40
1245,1245,32,30
1246,1246,32,28
1247,1247,32,26
1248,1248,32,43
1249,1249,33,24
1250,1250,33,23
1251,1251,33,21
1252,1252,33,45
1253,1253,34,21
1254,1254,34,19
1255,1255,34,19
1256,1256,34,25
1257,1257,35,22
1258,1258,35,16
1259,1259,35,24
1260,1260,35,29
1261,1261,1,23
1262,1262,1,26
1263,1263,1,23
1264,1264,1,56
1265,1265,2,26
1266,1266,2,38
1267,1267,2,22
1268,1268,2,30
1269,1269,3,23
1270,1270,3,31
1271,1271,3,12
1272,1272,3,38
1273,1273,4,51
1274,1274,4,25
1275,1275,4,30
1276,1276,4,26
1277,1277,5,19
1278,1278,5,19
1279,1279,5,13
1280,1280,5,46
1281,1281,6,33
1282,1282,6,26
1283,1283,6,10
1284,1284,6,29
1285,1285,7,45
1286,1286,7,11
1287,1287,7,37
1288,1288,7,13
1289,1289,8,28
1290,1290,8,10
1291,1291,8,24
1292,1292,8,37
1293,1293,9,35
1294,1294,9,19
1295,1295,9,15
1296,1296,9,28
1297,1297,10,44
1298,1298,10,35
1299,1299,10,30
1300,1300,10,20
1301,1301,11,51
1302,1302,11,44
1303,1303,11,18
1304,1304,11,24
1305,1305,12,45
1306,1306,12,32
1307,1307,12,17
1308,1308,12,30
1309,1309,13,47
1310,1310,13,16
1311,1311,13,20
1312,1312,13,34
1313,1313,14,45
1314,1314,14,17
1315,1315,14,30
1316,1316,14,38
1317,1317,15,44
1318,1318,15,13
1319,1319,15,16
1320,1320,15,32
1321,1321,16,26
1322,1322,16,34
1323,1323,16,33
1324,1324,16,47
1325,1325,17,45
1326,1326,17,16
1327,1327,17,29
1328,1328,17,22
1329,1329,18,32
1330,1330,18,16
1331,1331,18,32
1332,1332,18,27
1333,1333,19,39
1334,1334,19,26
1335,1335,19,18
1336,1336,19,23
1337,1337,20,17
1338,1338,20,17
1339,1339,20,21
1340,1340,20,41
1341,1341,21,35
1342,1342,21,38
1343,1343,21,8
1344,1344,21,20
1345,1345,22,25
1346,1346,22,45
1347,1347,22,24
1348,1348,22,23
1349,1349,23,46
1350,1350,23,28
1351,1351,23,14
1352,1352,23,34
1353,1353,24,29
1354,1354,24,21
1355,1355,24,32
1356,1356,24,55
1357,1357,25,23
1358,1358,25,35
1359,1359,25,12
1360,1360,25,33
1361,1361,26,39
1362,1362,26,30
1363,1363,26,18
1364,1364,26,42
1365,1365,27,27
1366,1366,27,28
1367,1367,27,34
1368,1368,27,37
1369,1369,28,37
1370,1370,28,20
1371,1371,28,34
1372,1372,28,34
1373,1373,29,29
1374,1374,29,51
1375,1375,29,22
1376,1376,29,24
1377,1377,30,44
1378,1378,30,10
1379,1379,30,28
1380,1380,30,31
1381,1381,31,26
1382,1382,31,23
1383,1383,31,15
1384,1384,31,42
1385,1385,32,28
1386,1386,32,32
1387,1387,32,39
1388,1388,32,23
1389,1389,33,24
1390,1390,33,48
1391,1391,33,11
1392,1392,33,25
1393,1393,34,54
1394,1394,34,23
1395,1395,34,27
1396,1396,34,29
1397,1397,35,41
1398,1398,35,25
1399,1399,35,12
1400,1400,35,43
1401,1401,1,31
1402,1402,1,15
1403,1403,1,17
1404,1404,1,18
1405,1405,2,32
1406,1406,2,40
1407,1407,2,15
1408,1408,2,28
1409,1409,3,46
1410,1410,3,20
1411,1411,3,17
1412,1412,3,19
1413,1413,4,31
1414,1414,4,15
1415,1415,4,10
1416,1416,4,35
1417,1417,5,21
1418,1418,5,31
1419,1419,5,10
1420,1420,5,34
1421,1421,6,35
1422,1422,6,8
1423,1423,6,18
1424,1424,6,28
1425,1425,7,24
1426,1426,7,43
1427,1427,7,15
1428,1428,7,17
1429,1429,8,36
1430,1430,8,31
1431,1431,8,7
1432,1432,8,23
1433,1433,9,14
1434,1434,9,23
1435,1435,9,12
1436,1436,9,36
1437,1437,10,28
1438,1438,10,25
1439,1439,10,15
1440,1440,10,28
1441,1441,11,29
1442,1442,11,24
1443,1443,11,17
1444,1444,11,17
1445,1445,12,23
1446,1446,12,6
1447,1447,12,23
1448,1448,12,24
1449,1449,13,45
1450,1450,13,15
1451,1451,13,13
1452,1452,13,54
1453,1453,14,23
1454,1454,14,33
1455,1455,14,23
1456,1456,14,25
1457,1457,15,23
1458,1458,15,19
1459,1459,15,8
1460,1460,15,31
1461,1461,16,14
1462,1462,16,18
1463,1463,16,31
1464,1464,16,43
1465,1465,17,7
1466,1466,17,29
1467,1467,17,20
1468,1468,17,31
1469,1469,18,20
1470,1470,18,26
1471,1471,18,26
1472,1472,18,14
1473,1473,19,26
1474,1474,19,23
1475,1475,19,36
1476,1476,19,29
1477,1477,20,29
1478,1478,20,18
1479,1479,20,10
1480,1480,20,26
1481,1481,21,25
1482,1482,21,26
1483,1483,21,31
1484,1484,21,15
1485,1485,22,36
1486,1486,22,32
1487,1487,22,20
1488,1488,22,18
1489,1489,23,21
1490,1490,23,30
1491,1491,23,13
1492,1492,23,32
1493,1493,24,25
1494,1494,24,28
1495,1495,24,17
1496,1496,24,28
1497,1497,25,36
1498,1498,25,26
1499,1499,25,14
1500,1500,25,10
1501,1501,26,38
1502,1502,26,19
1503,1503,26,22
1504,1504,26,19
1505,1505,27,24
1506,1506,27,17
1507,1507,27,16
1508,1508,27,33
1509,1509,28,32
1510,1510,28,19
1511,1511,28,6
1512,1512,28,16
1513,1513,29,23
1514,1514,29,16
1515,1515,29,19
1516,1516,29,27
1517,1517,30,30
1518,1518,30,31
1519,1519,30,16
1520,1520,30,34
1521,1521,31,51
1522,1522,31,22
1523,1523,31,26
1524,1524,31,21
1525,1525,32,31
1526,1526,32,15
1527,1527,32,21
1528,1528,32,55
1529,1529,33,43
1530,1530,33,12
1531,1531,33,30
1532,1532,33,19
1533,1533,34,56
1534,1534,34,26
1535,1535,34,20
1536,1536,34,27
1537,1537,35,31
1538,1538,35,21
1539,1539,35,25
1540,1540,35,20
1541,1541,1,52
1542,1542,1,16
1543,1543,1,18
1544,1544,1,24
1545,1545,2,33
1546,1546,2,15
1547,1547,2,18
1548,1548,2,17
1549,1549,3,22
1550,1550,3,10
1551,1551,3,8
1552,1552,3,32
1553,1553,4,13
1554,1554,4,12
1555,1555,4,12
1556,1556,4,29
1557,1557,5,31
1558,1558,5,15
1559,1559,5,27
1560,1560,5,22
1561,1561,6,28
1562,1562,6,17
1563,1563,6,16
1564,1564,6,28
1565,1565,7,22
1566,1566,7,18
1567,1567,7,13
1568,1568,7,13
1569,1569,8,32
1570,1570,8,24
1571,1571,8,11
1572,1572,8,12
1573,1573,9,13
1574,1574,9,20
1575,1575,9,26
1576,1576,9,26
1577,1577,10,31
1578,1578,10,12
1579,1579,10,17
1580,1580,10,35
1581,1581,11,38
1582,1582,11,16
1583,1583,11,27
1584,1584,11,22
1585,1585,12,30
1586,1586,12,33
1587,1587,12,11
1588,1588,12,24
1589,1589,13,38
1590,1590,13,12
1591,1591,13,13
1592,1592,13,24
1593,1593,14,26
1594,1594,14,16
1595,1595,14,27
1596,1596,14,16
1597,1597,15,37
1598,1598,15,19
1599,1599,15,31
1600,1600,15,18
1601,1601,16,18
1602,1602,16,19
1603,1603,16,20
1604,1604,16,25
1605,1605,17,36
1606,1606,17,8
1607,1607,17,15
1608,1608,17,34
1609,1609,18,15
1610,1610,18,21
1611,1611,18,17
1612,1612,18,12
1613,1613,19,40
1614,1614,19,17
1615,1615,19,21
1616,1616,19,26
1617,1617,20,25
1618,1618,20,15
1619,1619,20,4
1620,1620,20,17
1621,1621,21,42
1622,1622,21,11
1623,1623,21,16
1624,1624,21,37
1625,1625,22,29
1626,1626,22,23
1627,1627,22,14
1628,1628,22,17
1629,1629,23,14
1630,1630,23,9
1631,1631,23,20
1632,1632,23,32
1633,1633,24,33
1634,1634,24,14
1635,1635,24,6
1636,1636,24,19
1637,1637,25,21
1638,1638,25,15
1639,1639,25,21
1640,1640,25,6
1641,1641,26,29
1642,1642,26,26
1643,1643,26,19
1644,1644,26,34
1645,1645,27,27
1646,1646,27,13
1647,1647,27,10
1648,1648,27,31
1649,1649,28,24
1650,1650,28,23
1651,1651,28,19
1652,1652,28,20
1653,1653,29,30
1654,1654,29,29
1655,1655,29,21
1656,1656,29,12
1657,1657,30,39
1658,1658,30,24
1659,1659,30,13
1660,1660,30,21
1661,1661,31,22
1662,1662,31,25
1663,1663,31,8
1664,1664,31,33
1665,1665,32,34
1666,1666,32,12
1667,1667,32,27
1668,1668,32,15
1669,1669,33,27
1670,1670,33,18
1671,1671,33,15
1672,1672,33,12
1673,1673,34,20
1674,1674,34,25
1675,1675,34,17
1676,1676,34,18
1677,1677,35,17
1678,1678,35,13
1679,1679,35,14
1680,1680,35,27
1681,1681,1,29
1682,1682,1,22
1683,1683,1,18
1684,1684,1,25
1685,1685,2,17
1686,1686,2,27
1687,1687,2,12
1688,1688,2,17
1689,1689,3,40
1690,1690,3,31
1691,1691,3,24
1692,1692,3,33
1693,1693,4,32
1694,1694,4,11
1695,1695,4,30
1696,1696,4,12
1697,1697,5,29
1698,1698,5,11
1699,1699,5,18
1700,1700,5,45
1701,1701,6,22
1702,1702,6,28
1703,1703,6,12
1704,1704,6,34
1705,1705,7,35
1706,1706,7,20
1707,1707,7,15
1708,1708,7,24
1709,1709,8,36
1710,1710,8,20
1711,1711,8,22
1712,1712,8,13
1713,1713,9,33
1714,1714,9,38
1715,1715,9,21
1716,1716,9,24
1717,1717,10,16
1718,1718,10,17
1719,1719,10,18
1720,1720,10,28
1721,1721,11,16
1722,1722,11,25
1723,1723,11,24
1724,1724,11,31
1725,1725,12,42
1726,1726,12,21
1727,1727,12,21
1728,1728,12,33
1729,1729,13,26
1730,1730,13,23
1731,1731,13,31
1732,1732,13,21
1733,1733,14,28
1734,1734,14,9
1735,1735,14,16
1736,1736,14,25
1737,1737,15,39
1738,1738,15,19
1739,1739,15,29
1740,1740,15,33
1741,1741,16,26
1742,1742,16,13
1743,1743,16,15
1744,1744,16,31
1745,1745,17,38
1746,1746,17,18
1747,1747,17,28
1748,1748,17,16
1749,1749,18,26
1750,1750,18,15
1751,1751,18,15
1752,1752,18,25
1753,1753,19,33
1754,1754,19,23
1755,1755,19,13
1756,1756,19,31
1757,1757,20,45
1758,1758,20,10
1759,1759,20,7
1760,1760,20,24
1761,1761,21,27
1762,1762,21,25
1763,1763,21,18
1764,1764,21,16
1765,1765,22,18
1766,1766,22,21
1767,1767,22,30
1768,1768,22,46
1769,1769,23,42
1770,1770,23,21
1771,1771,23,16
1772,1772,23,17
1773,1773,24,29
1774,1774,24,21
1775,1775,24,14
1776,1776,24,38
1777,1777,25,21
1778,1778,25,17
1779,1779,25,23
1780,1780,25,37
1781,1781,26,31
1782,1782,26,15
1783,1783,26,13
1784,1784,26,27
1785,1785,27,15
1786,1786,27,10
1787,1787,27,29
1788,1788,27,41
1789,1789,28,29
1790,1790,28,23
1791,1791,28,13
1792,1792,28,21
1793,1793,29,18
1794,1794,29,28
1795,1795,29,11
1796,1796,29,41
1797,1797,30,26
1798,1798,30,15
1799,1799,30,22
1800,1800,30,34
1801,1801,31,33
1802,1802,31,17
1803,1803,31,24
1804,1804,31,15
1805,1805,32,13
1806,1806,32,32
1807,1807,32,34
1808,1808,32,25
1809,1809,33,31
1810,1810,33,31
1811,1811,33,11
1812,1812,33,13
1813,1813,34,17
1814,1814,34,22
1815,1815,34,30
1816,1816,34,26
1817,1817,35,31
1818,1818,35,15
1819,1819,35,12
1820,1820,35,16
1821,1821,1,40
1822,1822,1,10
1823,1823,1,22
1824,1824,1,37
1825,1825,2,26
1826,1826,2,8
1827,1827,2,12
1828,1828,2,36
1829,1829,3,43
1830,1830,3,23
1831,1831,3,13
1832,1832,3,43
1833,1833,4,35
1834,1834,4,22
1835,1835,4,22
1836,1836,4,40
1837,1837,5,29
1838,1838,5,25
1839,1839,5,14
1840,1840,5,17
1841,1841,6,30
1842,1842,6,31
1843,1843,6,9
1844,1844,6,42
1845,1845,7,39
1846,1846,7,15
1847,1847,7,15
1848,1848,7,30
1849,1849,8,27
1850,1850,8,27
1851,1851,8,23
1852,1852,8,30
1853,1853,9,36
1854,1854,9,20
1855,1855,9,27
1856,1856,9,35
1857,1857,10,33
1858,1858,10,24
1859,1859,10,23
1860,1860,10,27
1861,1861,11,25
1862,1862,11,22
1863,1863,11,15
1864,1864,11,24
1865,1865,12,23
1866,1866,12,13
1867,1867,12,16
1868,1868,12,27
1869,1869,13,24
1870,1870,13,33
1871,1871,13,22
1872,1872,13,36
1873,1873,14,37
1874,1874,14,31
1875,1875,14,17
1876,1876,14,20
1877,1877,15,31
1878,1878,15,17
1879,1879,15,41
1880,1880,15,19
1881,1881,16,38
1882,1882,16,30
1883,1883,16,11
1884,1884,16,27
1885,1885,17,57
1886,1886,17,42
1887,1887,17,11
1888,1888,17,31
1889,1889,18,32
1890,1890,18,26
1891,1891,18,19
1892,1892,18,28
1893,1893,19,38
1894,1894,19,21
1895,1895,19,17
1896,1896,19,39
1897,1897,20,49
1898,1898,20,31
1899,1899,20,11
1900,1900,20,43
1901,1901,21,37
1902,1902,21,20
1903,1903,21,20
1904,1904,21,25
1905,1905,22,33
1906,1906,22,16
1907,1907,22,18
1908,1908,22,25
1909,1909,23,40
1910,1910,23,10
1911,1911,23,22
1912,1912,23,15
1913,1913,24,51
1914,1914,24,36
1915,1915,24,3
1916,1916,24,36
1917,1917,25,32
1918,1918,25,20
1919,1919,25,17
1920,1920,25,31
1921,1921,26,42
1922,1922,26,14
1923,1923,26,14
1924,1924,26,26
1925,1925,27,26
1926,1926,27,27
1927,1927,27,11
1928,1928,27,48
1929,1929,28,41
1930,1930,28,24
1931,1931,28,15
1932,1932,28,23
1933,1933,29,20
1934,1934,29,39
1935,1935,29,33
1936,1936,29,29
1937,1937,30,17
1938,1938,30,31
1939,1939,30,28
1940,1940,30,18
1941,1941,31,40
1942,1942,31,21
1943,1943,31,16
1944,1944,31,34
1945,1945,32,34
1946,1946,32,19
1947,1947,32,27
1948,1948,32,18
1949,1949,33,37
1950,1950,33,30
1951,1951,33,13
1952,1952,33,22
1953,1953,34,32
1954,1954,34,24
1955,1955,34,30
1956,1956,34,29
1957,1957,35,42
1958,1958,35,18
1959,1959,35,20
1960,1960,35,15
1961,1961,1,50
1962,1962,1,11
1963,1963,1,5
1964,1964,1,41
1965,1965,2,54
1966,1966,2,23
1967,1967,2,16
1968,1968,2,25
1969,1969,3,25
1970,1970,3,23
1971,1971,3,17
1972,1972,3,44
1973,1973,4,18
1974,1974,4,28
1975,1975,4,13
1976,1976,4,36
1977,1977,5,56
1978,1978,5,19
1979,1979,5,31
1980,1980,5,24
1981,1981,6,28
1982,1982,6,28
1983,1983,6,28
1984,1984,6,31
1985,1985,7,55
1986,1986,7,17
1987,1987,7,15
1988,1988,7,27
1989,1989,8,21
1990,1990,8,38
1991,1991,8,11
1992,1992,8,47
1993,1993,9,39
1994,1994,9,41
1995,1995,9,22
1996,1996,9,21
1997,1997,10,17
1998,1998,10,27
1999,1999,10,20
2000,2000,10,59
2001,2001,11,26
2002,2002,11,17
2003,2003,11,16
2004,2004,11,34
2005,2005,12,54
2006,2006,12,28
2007,2007,12,31
2008,2008,12,29
2009,2009,13,24
2010,2010,13,37
2011,2011,13,32
2012,2012,13,27
2013,2013,14,31
2014,2014,14,24
2015,2015,14,16
2016,2016,14,35
2017,2017,15,23
2018,2018,15,35
2019,2019,15,43
2020,2020,15,30
2021,2021,16,25
2022,2022,16,35
2023,2023,16,17
2024,2024,16,46
2025,2025,17,54
2026,2026,17,17
2027,2027,17,22
2028,2028,17,14
2029,2029,18,53
2030,2030,18,22
2031,2031,18,42
2032,2032,18,11
2033,2033,19,51
2034,2034,19,10
2035,2035,19,22
2036,2036,19,30
2037,2037,20,26
2038,2038,20,34
2039,2039,20,11
2040,2040,20,32
2041,2041,21,37
2042,2042,21,22
2043,2043,21,30
2044,2044,21,30
2045,2045,22,30
2046,2046,22,48
2047,2047,22,23
2048,2048,22,38
2049,2049,23,21
2050,2050,23,40
2051,2051,23,28
2052,2052,23,30
2053,2053,24,28
2054,2054,24,22
2055,2055,24,28
2056,2056,24,16
2057,2057,25,29
2058,2058,25,36
2059,2059,25,23
2060,2060,25,36
2061,2061,26,47
2062,2062,26,21
2063,2063,26,27
2064,2064,26,27
2065,2065,27,43
2066,2066,27,33
2067,2067,27,16
2068,2068,27,30
2069,2069,28,42
2070,2070,28,29
2071,2071,28,19
2072,2072,28,26
2073,2073,29,48
2074,2074,29,21
2075,2075,29,52
2076,2076,29,31
2077,2077,30,39
2078,2078,30,21
2079,2079,30,27
2080,2080,30,31
2081,2081,31,26
2082,2082,31,16
2083,2083,31,33
2084,2084,31,34
2085,2085,32,30
2086,2086,32,18
2087,2087,32,17
2088,2088,32,21
2089,2089,33,19
2090,2090,33,23
2091,2091,33,24
2092,2092,33,52
2093,2093,34,32
2094,2094,34,35
2095,2095,34,19
2096,2096,34,38
2097,2097,35,30
2098,2098,35,23
2099,2099,35,28
2100,2100,35,38
2101,2101,1,63
2102,2102,1,27
2103,2103,1,32
2104,2104,1,14
2105,2105,2,29
2106,2106,2,33
2107,2107,2,37
2108,2108,2,34
2109,2109,3,37
2110,2110,3,25
2111,2111,3,16
2112,2112,3,28
2113,2113,4,34
2114,2114,4,15
2115,2115,4,52
2116,2116,4,42
2117,2117,5,55
2118,2118,5,33
2119,2119,5,27
2120,2120,5,42
2121,2121,6,42
2122,2122,6,31
2123,2123,6,23
2124,2124,6,39
2125,2125,7,56
2126,2126,7,28
2127,2127,7,41
2128,2128,7,16
2129,2129,8,39
2130,2130,8,38
2131,2131,8,13
2132,2132,8,57
2133,2133,9,51
2134,2134,9,12
2135,2135,9,33
2136,2136,9,41
2137,2137,10,78
2138,2138,10,26
2139,2139,10,18
2140,2140,10,57
2141,2141,11,49
2142,2142,11,28
2143,2143,11,10
2144,2144,11,17
2145,2145,12,33
2146,2146,12,12
2147,2147,12,19
2148,2148,12,44
2149,2149,13,47
2150,2150,13,35
2151,2151,13,21
2152,2152,13,24
2153,2153,14,33
2154,2154,14,28
2155,2155,14,21
2156,2156,14,34
2157,2157,15,35
2158,2158,15,35
2159,2159,15,14
2160,2160,15,37
2161,2161,16,32
2162,2162,16,25
2163,2163,16,20
2164,2164,16,19
2165,2165,17,62
2166,2166,17,28
2167,2167,17,24
2168,2168,17,32
2169,2169,18,66
2170,2170,18,16
2171,2171,18,38
2172,2172,18,30
2173,2173,19,20
2174,2174,19,29
2175,2175,19,26
2176,2176,19,35
2177,2177,20,65
2178,2178,20,25
2179,2179,20,23
2180,2180,20,53
2181,2181,21,59
2182,2182,21,21
2183,2183,21,12
2184,2184,21,24
2185,2185,22,36
2186,2186,22,31
2187,2187,22,39
2188,2188,22,37
2189,2189,23,60
2190,2190,23,39
2191,2191,23,17
2192,2192,23,35
2193,2193,24,42
2194,2194,24,41
2195,2195,24,23
2196,2196,24,27
2197,2197,25,40
2198,2198,25,28
2199,2199,25,23
2200,2200,25,24
2201,2201,26,37
2202,2202,26,29
2203,2203,26,33
2204,2204,26,39
2205,2205,27,52
2206,2206,27,9
2207,2207,27,17
2208,2208,27,32
2209,2209,28,46
2210,2210,28,25
2211,2211,28,24
2212,2212,28,41
2213,2213,29,56
2214,2214,29,22
2215,2215,29,11
2216,2216,29,49
2217,2217,30,22
2218,2218,30,54
2219,2219,30,29
2220,2220,30,40
2221,2221,31,33
2222,2222,31,33
2223,2223,31,15
2224,2224,31,19
2225,2225,32,35
2226,2226,32,22
2227,2227,32,42
2228,2228,32,27
2229,2229,33,36
2230,2230,33,53
2231,2231,33,13
2232,2232,33,40
2233,2233,34,9
2234,2234,34,47
2235,2235,34,26
2236,2236,34,36
2237,2237,35,36
2238,2238,35,22
2239,2239,35,26
2240,2240,35,32
2241,2241,1,36
2242,2242,1,56
2243,2243,1,27
2244,2244,1,32
2245,2245,2,36
2246,2246,2,17
2247,2247,2,20
2248,2248,2,23
2249,2249,3,46
2250,2250,3,51
2251,2251,3,13
2252,2252,3,20
2253,2253,4,25
2254,2254,4,55
2255,2255,4,27
2256,2256,4,23
2257,2257,5,32
2258,2258,5,41
2259,2259,5,27
2260,2260,5,36
2261,2261,6,26
2262,2262,6,29
2263,2263,6,23
2264,2264,6,47
2265,2265,7,42
2266,2266,7,25
2267,2267,7,29
2268,2268,7,83
2269,2269,8,46
2270,2270,8,30
2271,2271,8,48
2272,2272,8,40
2273,2273,9,50
2274,2274,9,31
2275,2275,9,18
2276,2276,9,34
2277,2277,10,49
2278,2278,10,46
2279,2279,10,9
2280,2280,10,38
2281,2281,11,59
2282,2282,11,50
2283,2283,11,50
2284,2284,11,47
2285,2285,12,14
2286,2286,12,31
2287,2287,12,19
2288,2288,12,52
2289,2289,13,47
2290,2290,13,37
2291,2291,13,23
2292,2292,13,46
2293,2293,14,35
2294,2294,14,41
2295,2295,14,22
2296,2296,14,20
2297,2297,15,60
2298,2298,15,25
2299,2299,15,7
2300,2300,15,44
2301,2301,16,44
2302,2302,16,16
2303,2303,16,24
2304,2304,16,47
2305,2305,17,45
2306,2306,17,40
2307,2307,17,15
2308,2308,17,30
2309,2309,18,41
2310,2310,18,44
2311,2311,18,39
2312,2312,18,53
2313,2313,19,52
2314,2314,19,53
2315,2315,19,13
2316,2316,19,29
2317,2317,20,53
2318,2318,20,54
2319,2319,20,26
2320,2320,20,37
2321,2321,21,45
2322,2322,21,33
2323,2323,21,15
2324,2324,21,33
2325,2325,22,66
2326,2326,22,24
2327,2327,22,19
2328,2328,22,69
2329,2329,23,38
2330,2330,23,27
2331,2331,23,15
2332,2332,23,34
2333,2333,24,20
2334,2334,24,31
2335,2335,24,24
2336,2336,24,42
2337,2337,25,44
2338,2338,25,20
2339,2339,25,31
2340,2340,25,32
2341,2341,26,39
2342,2342,26,33
2343,2343,26,20
2344,2344,26,68
2345,2345,27,39
2346,2346,27,43
2347,2347,27,21
2348,2348,27,47
2349,2349,28,39
2350,2350,28,23
2351,2351,28,22
2352,2352,28,38
2353,2353,29,30
2354,2354,29,27
2355,2355,29,30
2356,2356,29,33
2357,2357,30,70
2358,2358,30,16
2359,2359,30,41
2360,2360,30,38
2361,2361,31,39
2362,2362,31,49
2363,2363,31,25
2364,2364,31,39
2365,2365,32,27
2366,2366,32,21
2367,2367,32,34
2368,2368,32,44
2369,2369,33,33
2370,2370,33,44
2371,2371,33,13
2372,2372,33,32
2373,2373,34,40
2374,2374,34,27
2375,2375,34,53
2376,2376,34,25
2377,2377,35,63
2378,2378,35,39
2379,2379,35,30
2380,2380,35,30
2381,2381,1,60
2382,2382,1,12
2383,2383,1,11
2384,2384,1,53
2385,2385,2,23
2386,2386,2,40
2387,2387,2,19
2388,2388,2,32
2389,2389,3,35
2390,2390,3,13
2391,2391,3,27
2392,2392,3,28
2393,2393,4,47
2394,2394,4,26
2395,2395,4,9
2396,2396,4,29
2397,2397,5,64
2398,2398,5,15
2399,2399,5,13
2400,2400,5,24
2401,2401,6,46
2402,2402,6,33
2403,2403,6,13
2404,2404,6,33
2405,2405,7,39
2406,2406,7,18
2407,2407,7,21
2408,2408,7,15
2409,2409,8,53
2410,2410,8,12
2411,2411,8,25
2412,2412,8,47
2413,2413,9,38
2414,2414,9,13
2415,2415,9,7
2416,2416,9,36
2417,2417,10,27
2418,2418,10,22
2419,2419,10,33
2420,2420,10,47
2421,2421,11,24
2422,2422,11,29
2423,2423,11,18
2424,2424,11,15
2425,2425,12,44
2426,2426,12,25
2427,2427,12,18
2428,2428,12,22
2429,2429,13,34
2430,2430,13,29
2431,2431,13,20
2432,2432,13,30
2433,2433,14,41
2434,2434,14,34
2435,2435,14,20
2436,2436,14,39
2437,2437,15,37
2438,2438,15,31
2439,2439,15,21
2440,2440,15,33
2441,2441,16,27
2442,2442,16,23
2443,2443,16,10
2444,2444,16,25
2445,2445,17,39
2446,2446,17,11
2447,2447,17,18
2448,2448,17,22
2449,2449,18,44
2450,2450,18,24
2451,2451,18,35
2452,2452,18,25
2453,2453,19,39
2454,2454,19,31
2455,2455,19,15
2456,2456,19,37
2457,2457,20,31
2458,2458,20,19
2459,2459,20,22
2460,2460,20,28
2461,2461,21,33
2462,2462,21,36
2463,2463,21,22
2464,2464,21,23
2465,2465,22,13
2466,2466,22,36
2467,2467,22,31
2468,2468,22,39
2469,2469,23,40
2470,2470,23,25
2471,2471,23,13
2472,2472,23,31
2473,2473,24,27
2474,2474,24,27
2475,2475,24,27
2476,2476,24,40
2477,2477,25,37
2478,2478,25,14
2479,2479,25,22
2480,2480,25,37
2481,2481,26,26
2482,2482,26,28
2483,2483,26,32
2484,2484,26,29
2485,2485,27,28
2486,2486,27,11
2487,2487,27,13
2488,2488,27,35
2489,2489,28,35
2490,2490,28,18
2491,2491,28,26
2492,2492,28,34
2493,2493,29,73
2494,2494,29,13
2495,2495,29,24
2496,2496,29,28
2497,2497,30,15
2498,2498,30,16
2499,2499,30,17
2500,2500,30,47
2501,2501,31,30
2502,2502,31,29
2503,2503,31,26
2504,2504,31,12
2505,2505,32,27
2506,2506,32,31
2507,2507,32,20
2508,2508,32,41
2509,2509,33,25
2510,2510,33,24
2511,2511,33,25
2512,2512,33,33
2513,2513,34,28
2514,2514,34,27
2515,2515,34,35
2516,2516,34,30
2517,2517,35,34
2518,2518,35,18
2519,2519,35,18
2520,2520,35,28
2521,2521,1,33
2522,2522,1,15
2523,2523,1,21
2524,2524,1,21
2525,2525,2,30
2526,2526,2,27
2527,2527,2,29
2528,2528,2,34
2529,2529,3,15
2530,2530,3,26
2531,2531,3,20
2532,2532,3,36
2533,2533,4,24
2534,2534,4,18
2535,2535,4,16
2536,2536,4,24
2537,2537,5,24
2538,2538,5,14
2539,2539,5,17
2540,2540,5,47
2541,2541,6,28
2542,2542,6,21
2543,2543,6,14
2544,2544,6,30
2545,2545,7,27
2546,2546,7,27
2547,2547,7,32
2548,2548,7,9
2549,2549,8,28
2550,2550,8,12
2551,2551,8,16
2552,2552,8,39
2553,2553,9,26
2554,2554,9,21
2555,2555,9,16
2556,2556,9,22
2557,2557,10,18
2558,2558,10,32
2559,2559,10,20
2560,2560,10,36
2561,2561,11,44
2562,2562,11,23
2563,2563,11,18
2564,2564,11,36
2565,2565,12,26
2566,2566,12,19
2567,2567,12,22
2568,2568,12,34
2569,2569,13,21
2570,2570,13,29
2571,2571,13,13
2572,2572,13,25
2573,2573,14,21
2574,2574,14,31
2575,2575,14,18
2576,2576,14,14
2577,2577,15,22
2578,2578,15,18
2579,2579,15,33
2580,2580,15,24
2581,2581,16,21
2582,2582,16,38
2583,2583,16,11
2584,2584,16,55
2585,2585,17,35
2586,2586,17,20
2587,2587,17,9
2588,2588,17,23
2589,2589,18,35
2590,2590,18,14
2591,2591,18,14
2592,2592,18,40
2593,2593,19,22
2594,2594,19,11
2595,2595,19,18
2596,2596,19,27
2597,2597,20,33
2598,2598,20,14
2599,2599,20,29
2600,2600,20,20
2601,2601,21,32
2602,2602,21,8
2603,2603,21,21
2604,2604,21,33
2605,2605,22,22
2606,2606,22,23
2607,2607,22,20
2608,2608,22,24
2609,2609,23,31
2610,2610,23,22
2611,2611,23,21
2612,2612,23,23
2613,2613,24,28
2614,2614,24,25
2615,2615,24,16
2616,2616,24,32
2617,2617,25,47
2618,2618,25,13
2619,2619,25,8
2620,2620,25,34
2621,2621,26,26
2622,2622,26,13
2623,2623,26,13
2624,2624,26,26
2625,2625,27,42
2626,2626,27,17
2627,2627,27,14
2628,2628,27,35
2629,2629,28,34
2630,2630,28,27
2631,2631,28,18
2632,2632,28,23
2633,2633,29,16
2634,2634,29,28
2635,2635,29,39
2636,2636,29,23
2637,2637,30,22
2638,2638,30,19
2639,2639,30,9
2640,2640,30,27
2641,2641,31,16
2642,2642,31,20
2643,2643,31,15
2644,2644,31,27
2645,2645,32,26
2646,2646,32,24
2647,2647,32,27
2648,2648,32,38
2649,2649,33,27
2650,2650,33,9
2651,2651,33,22
2652,2652,33,12
2653,2653,34,33
2654,2654,34,31
2655,2655,34,7
2656,2656,34,17
2657,2657,35,31
2658,2658,35,8
2659,2659,35,30
2660,2660,35,32
2661,2661,1,40
2662,2662,1,19
2663,2663,1,9
2664,2664,1,20
2665,2665,2,38
2666,2666,2,17
2667,2667,2,16
2668,2668,2,13
2669,2669,3,24
2670,2670,3,27
2671,2671,3,13
2672,2672,3,19
2673,2673,4,30
2674,2674,4,24
2675,2675,4,36
2676,2676,4,32
2677,2677,5,35
2678,2678,5,17
2679,2679,5,26
2680,2680,5,20
2681,2681,6,26
2682,2682,6,13
2683,2683,6,13
2684,2684,6,45
2685,2685,7,21
2686,2686,7,15
2687,2687,7,30
2688,2688,7,26
2689,2689,8,40
2690,2690,8,12
2691,2691,8,30
2692,2692,8,16
2693,2693,9,40
2694,2694,9,20
2695,2695,9,15
2696,2696,9,21
2697,2697,10,19
2698,2698,10,22
2699,2699,10,17
2700,2700,10,18
2701,2701,11,18
2702,2702,11,30
2703,2703,11,10
2704,2704,11,21
2705,2705,12,24
2706,2706,12,21
2707,2707,12,15
2708,2708,12,31
2709,2709,13,14
2710,2710,13,36
2711,2711,13,20
2712,2712,13,18
2713,2713,14,29
2714,2714,14,13
2715,2715,14,15
2716,2716,14,23
2717,2717,15,17
2718,2718,15,19
2719,2719,15,10
2720,2720,15,30
2721,2721,16,26
2722,2722,16,26
2723,2723,16,21
2724,2724,16,16
2725,2725,17,20
2726,2726,17,20
2727,2727,17,24
2728,2728,17,10
2729,2729,18,34
2730,2730,18,25
2731,2731,18,10
2732,2732,18,19
2733,2733,19,35
2734,2734,19,14
2735,2735,19,24
2736,2736,19,13
2737,2737,20,42
2738,2738,20,18
2739,2739,20,26
2740,2740,20,21
2741,2741,21,25
2742,2742,21,29
2743,2743,21,13
2744,2744,21,47
2745,2745,22,24
2746,2746,22,18
2747,2747,22,22
2748,2748,22,22
2749,2749,23,36
2750,2750,23,24
2751,2751,23,11
2752,2752,23,37
2753,2753,24,38
2754,2754,24,26
2755,2755,24,18
2756,2756,24,36
2757,2757,25,41
2758,2758,25,42
2759,2759,25,9
2760,2760,25,23
2761,2761,26,22
2762,2762,26,30
2763,2763,26,9
2764,2764,26,30
2765,2765,27,24
2766,2766,27,21
2767,2767,27,28
2768,2768,27,30
2769,2769,28,45
2770,2770,28,15
2771,2771,28,18
2772,2772,28,18
2773,2773,29,29
2774,2774,29,29
2775,2775,29,7
2776,2776,29,11
2777,2777,30,27
2778,2778,30,20
2779,2779,30,17
2780,2780,30,20
2781,2781,31,42
2782,2782,31,23
2783,2783,31,14
2784,2784,31,37
2785,2785,32,34
2786,2786,32,24
2787,2787,32,30
2788,2788,32,15
2789,2789,33,18
2790,2790,33,7
2791,2791,33,18
2792,2792,33,33
2793,2793,34,36
2794,2794,34,14
2795,2795,34,22
2796,2796,34,16
2797,2797,35,21
2798,2798,35,26
2799,2799,35,28
2800,2800,35,20
2801,2801,1,49
2802,2802,1,20
2803,2803,1,19
2804,2804,1,23
2805,2805,2,11
2806,2806,2,19
2807,2807,2,28
2808,2808,2,38
2809,2809,3,49
2810,2810,3,13
2811,2811,3,24
2812,2812,3,32
2813,2813,4,29
2814,2814,4,11
2815,2815,4,14
2816,2816,4,49
2817,2817,5,60
2818,2818,5,21
2819,2819,5,10
2820,2820,5,25
2821,2821,6,37
2822,2822,6,20
2823,2823,6,21
2824,2824,6,32
2825,2825,7,24
2826,2826,7,31
2827,2827,7,7
2828,2828,7,31
2829,2829,8,29
2830,2830,8,33
2831,2831,8,22
2832,2832,8,46
2833,2833,9,25
2834,2834,9,6
2835,2835,9,12
2836,2836,9,54
2837,2837,10,31
2838,2838,10,24
2839,2839,10,9
2840,2840,10,42
2841,2841,11,30
2842,2842,11,36
2843,2843,11,25
2844,2844,11,31
2845,2845,12,61
2846,2846,12,12
2847,2847,12,26
2848,2848,12,24
2849,2849,13,38
2850,2850,13,9
2851,2851,13,8
2852,2852,13,29
2853,2853,14,26
2854,2854,14,18
2855,2855,14,10
2856,2856,14,21
2857,2857,15,51
2858,2858,15,14
2859,2859,15,10
2860,2860,15,32
2861,2861,16,37
2862,2862,16,38
2863,2863,16,9
2864,2864,16,19
2865,2865,17,20
2866,2866,17,30
2867,2867,17,17
2868,2868,17,21
2869,2869,18,30
2870,2870,18,22
2871,2871,18,20
2872,2872,18,25
2873,2873,19,35
2874,2874,19,16
2875,2875,19,22
2876,2876,19,51
2877,2877,20,24
2878,2878,20,22
2879,2879,20,17
2880,2880,20,27
2881,2881,21,24
2882,2882,21,33
2883,2883,21,18
2884,2884,21,24
2885,2885,22,42
2886,2886,22,17
2887,2887,22,14
2888,2888,22,29
2889,2889,23,21
2890,2890,23,17
2891,2891,23,26
2892,2892,23,39
2893,2893,24,38
2894,2894,24,21
2895,2895,24,21
2896,2896,24,15
2897,2897,25,32
2898,2898,25,17
2899,2899,25,21
2900,2900,25,33
2901,2901,26,36
2902,2902,26,27
2903,2903,26,23
2904,2904,26,26
2905,2905,27,27
2906,2906,27,18
2907,2907,27,25
2908,2908,27,41
2909,2909,28,40
2910,2910,28,33
2911,2911,28,17
2912,2912,28,44
2913,2913,29,32
2914,2914,29,31
2915,2915,29,8
2916,2916,29,30
2917,2917,30,36
2918,2918,30,15
2919,2919,30,20
2920,2920,30,24
2921,2921,31,62
2922,2922,31,31
2923,2923,31,9
2924,2924,31,39
2925,2925,32,41
2926,2926,32,22
2927,2927,32,11
2928,2928,32,32
2929,2929,33,34
2930,2930,33,21
2931,2931,33,11
2932,2932,33,24
2933,2933,34,43
2934,2934,34,18
2935,2935,34,26
2936,2936,34,37
2937,2937,35,30
2938,2938,35,18
2939,2939,35,19
2940,2940,35,43
2941,2941,1,38
2942,2942,1,22
2943,2943,1,28
2944,2944,1,48
2945,2945,2,44
2946,2946,2,48
2947,2947,2,9
2948,2948,2,18
2949,2949,3,35
2950,2950,3,26
2951,2951,3,21
2952,2952,3,28
2953,2953,4,38
2954,2954,4,27
2955,2955,4,23
2956,2956,4,24
2957,2957,5,29
2958,2958,5,29
2959,2959,5,20
2960,2960,5,28
2961,2961,6,42
2962,2962,6,33
2963,2963,6,15
2964,2964,6,24
2965,2965,7,36
2966,2966,7,22
2967,2967,7,20
2968,2968,7,37
2969,2969,8,31
2970,2970,8,28
2971,2971,8,16
2972,2972,8,46
2973,2973,9,44
2974,2974,9,41
2975,2975,9,10
2976,2976,9,17
2977,2977,10,45
2978,2978,10,19
2979,2979,10,9
2980,2980,10,17
2981,2981,11,37
2982,2982,11,62
2983,2983,11,18
2984,2984,11,16
2985,2985,12,46
2986,2986,12,19
2987,2987,12,24
2988,2988,12,33
2989,2989,13,34
2990,2990,13,22
2991,2991,13,26
2992,2992,13,33
2993,2993,14,34
2994,2994,14,38
2995,2995,14,17
2996,2996,14,28
2997,2997,15,49
2998,2998,15,38
2999,2999,15,15
3000,3000,15,31
3001,3001,16,62
3002,3002,16,22
3003,3003,16,16
3004,3004,16,30
3005,3005,17,35
3006,3006,17,34
3007,3007,17,22
3008,3008,17,27
3009,3009,18,40
3010,3010,18,21
3011,3011,18,20
3012,3012,18,27
3013,3013,19,27
3014,3014,19,41
3015,3015,19,37
3016,3016,19,24
3017,3017,20,36
3018,3018,20,19
3019,3019,20,21
3020,3020,20,48
3021,3021,21,30
3022,3022,21,36
3023,3023,21,43
3024,3024,21,20
3025,3025,22,41
3026,3026,22,24
3027,3027,22,22
3028,3028,22,16
3029,3029,23,21
3030,3030,23,44
3031,3031,23,19
3032,3032,23,27
3033,3033,24,43
3034,3034,24,29
3035,3035,24,28
3036,3036,24,31
3037,3037,25,31
3038,3038,25,15
3039,3039,25,29
3040,3040,25,28
3041,3041,26,44
3042,3042,26,28
3043,3043,26,14
3044,3044,26,41
3045,3045,27,48
3046,3046,27,28
3047,3047,27,22
3048,3048,27,34
3049,3049,28,36
3050,3050,28,26
3051,3051,28,18
3052,3052,28,18
3053,3053,29,34
3054,3054,29,36
3055,3055,29,32
3056,3056,29,19
3057,3057,30,53
3058,3058,30,35
3059,3059,30,13
3060,3060,30,12
3061,3061,31,53
3062,3062,31,22
3063,3063,31,35
3064,3064,31,37
3065,3065,32,32
3066,3066,32,32
3067,3067,32,24
3068,3068,32,7
3069,3069,33,56
3070,3070,33,26
3071,3071,33,10
3072,3072,33,16
3073,3073,34,26
3074,3074,34,45
3075,3075,34,32
3076,3076,34,47
3077,3077,35,31
3078,3078,35,14
3079,3079,35,29
3080,3080,35,32
3081,3081,1,26
3082,3082,1,8
3083,3083,1,26
3084,3084,1,50
3085,3085,2,50
3086,3086,2,44
3087,3087,2,12
3088,3088,2,15
3089,3089,3,39
3090,3090,3,13
3091,3091,3,31
3092,3092,3,40
3093,3093,4,37
3094,3094,4,28
3095,3095,4,33
3096,3096,4,15
3097,3097,5,29
3098,3098,5,17
3099,3099,5,21
3100,3100,5,34
3101,3101,6,31
3102,3102,6,21
3103,3103,6,12
3104,3104,6,19
3105,3105,7,46
3106,3106,7,25
3107,3107,7,17
3108,3108,7,20
3109,3109,8,26
3110,3110,8,19
3111,3111,8,31
3112,3112,8,31
3113,3113,9,23
3114,3114,9,23
3115,3115,9,11
3116,3116,9,46
3117,3117,10,55
3118,3118,10,11
3119,3119,10,40
3120,3120,10,14
3121,3121,11,51
3122,3122,11,15
3123,3123,11,17
3124,3124,11,45
3125,3125,12,32
3126,3126,12,21
3127,3127,12,16
3128,3128,12,40
3129,3129,13,50
3130,3130,13,16
3131,3131,13,16
3132,3132,13,39
3133,3133,14,28
3134,3134,14,15
3135,3135,14,20
3136,3136,14,51
3137,3137,15,39
3138,3138,15,20
3139,3139,15,14
3140,3140,15,28
3141,3141,16,29
3142,3142,16,40
3143,3143,16,32
3144,3144,16,34
3145,3145,17,27
3146,3146,17,29
3147,3147,17,30
3148,3148,17,34
3149,3149,18,41
3150,3150,18,24
3151,3151,18,22
3152,3152,18,31
3153,3153,19,23
3154,3154,19,38
3155,3155,19,18
3156,3156,19,40
3157,3157,20,46
3158,3158,20,19
3159,3159,20,18
3160,3160,20,37
3161,3161,21,49
3162,3162,21,36
3163,3163,21,28
3164,3164,21,19
3165,3165,22,40
3166,3166,22,38
3167,3167,22,22
3168,3168,22,37
3169,3169,23,50
3170,3170,23,43
3171,3171,23,24
3172,3172,23,14
3173,3173,24,37
3174,3174,24,26
3175,3175,24,26
3176,3176,24,44
3177,3177,25,34
3178,3178,25,24
3179,3179,25,30
3180,3180,25,17
3181,3181,26,43
3182,3182,26,24
3183,3183,26,31
3184,3184,26,35
3185,3185,27,44
3186,3186,27,19
3187,3187,27,14
3188,3188,27,22
3189,3189,28,37
3190,3190,28,35
3191,3191,28,25
3192,3192,28,26
3193,3193,29,48
3194,3194,29,22
3195,3195,29,12
3196,3196,29,19
3197,3197,30,36
3198,3198,30,22
3199,3199,30,32
3200,3200,30,28
3201,3201,31,31
3202,3202,31,26
3203,3203,31,26
3204,3204,31,36
3205,3205,32,35
3206,3206,32,29
3207,3207,32,33
3208,3208,32,20
3209,3209,33,43
3210,3210,33,25
3211,3211,33,21
3212,3212,33,16
3213,3213,34,31
3214,3214,34,30
3215,3215,34,25
3216,3216,34,24
3217,3217,35,28
3218,3218,35,33
3219,3219,35,36
3220,3220,35,33
3221,3221,1,22
3222,3222,1,37
3223,3223,1,36
3224,3224,1,30
3225,3225,2,25
3226,3226,2,10
3227,3227,2,10
3228,3228,2,39
3229,3229,3,28
3230,3230,3,20
3231,3231,3,16
3232,3232,3,48
3233,3233,4,42
3234,3234,4,21
3235,3235,4,36
3236,3236,4,25
3237,3237,5,48
3238,3238,5,18
3239,3239,5,17
3240,3240,5,29
3241,3241,6,38
3242,3242,6,49
3243,3243,6,21
3244,3244,6,23
3245,3245,7,39
3246,3246,7,30
3247,3247,7,20
3248,3248,7,27
3249,3249,8,52
3250,3250,8,12
3251,3251,8,15
3252,3252,8,21
3253,3253,9,26
3254,3254,9,22
3255,3255,9,32
3256,3256,9,44
3257,3257,10,46
3258,3258,10,44
3259,3259,10,22
3260,3260,10,20
3261,3261,11,38
3262,3262,11,15
3263,3263,11,18
3264,3264,11,35
3265,3265,12,38
3266,3266,12,13
3267,3267,12,28
3268,3268,12,32
3269,3269,13,32
3270,3270,13,19
3271,3271,13,10
3272,3272,13,39
3273,3273,14,17
3274,3274,14,33
3275,3275,14,12
3276,3276,14,32
3277,3277,15,40
3278,3278,15,9
3279,3279,15,12
3280,3280,15,30
3281,3281,16,19
3282,3282,16,19
3283,3283,16,39
3284,3284,16,34
3285,3285,17,45
3286,3286,17,26
3287,3287,17,14
3288,3288,17,24
3289,3289,18,30
3290,3290,18,11
3291,3291,18,26
3292,3292,18,29
3293,3293,19,45
3294,3294,19,22
3295,3295,19,22
3296,3296,19,35
3297,3297,20,30
3298,3298,20,25
3299,3299,20,14
3300,3300,20,42
3301,3301,21,36
3302,3302,21,19
3303,3303,21,22
3304,3304,21,23
3305,3305,22,18
3306,3306,22,27
3307,3307,22,17
3308,3308,22,36
3309,3309,23,38
3310,3310,23,28
3311,3311,23,19
3312,3312,23,29
3313,3313,24,24
3314,3314,24,24
3315,3315,24,13
3316,3316,24,58
3317,3317,25,27
3318,3318,25,26
3319,3319,25,10
3320,3320,25,32
3321,3321,26,12
3322,3322,26,25
3323,3323,26,18
3324,3324,26,46
3325,3325,27,42
3326,3326,27,18
3327,3327,27,15
3328,3328,27,20
3329,3329,28,32
3330,3330,28,15
3331,3331,28,27
3332,3332,28,31
3333,3333,29,38
3334,3334,29,34
3335,3335,29,28
3336,3336,29,9
3337,3337,30,18
3338,3338,30,43
3339,3339,30,12
3340,3340,30,23
3341,3341,31,48
3342,3342,31,30
3343,3343,31,34
3344,3344,31,14
3345,3345,32,25
3346,3346,32,14
3347,3347,32,17
3348,3348,32,36
3349,3349,33,27
3350,3350,33,24
3351,3351,33,25
3352,3352,33,40
3353,3353,34,35
3354,3354,34,26
3355,3355,34,13
3356,3356,34,42
3357,3357,35,42
3358,3358,35,14
3359,3359,35,24
3360,3360,35,25
3361,3361,1,33
3362,3362,1,9
3363,3363,1,17
3364,3364,1,33
3365,3365,2,32
3366,3366,2,31
3367,3367,2,14
3368,3368,2,24
3369,3369,3,46
3370,3370,3,15
3371,3371,3,18
3372,3372,3,41
3373,3373,4,24
3374,3374,4,29
3375,3375,4,5
3376,3376,4,22
3377,3377,5,27
3378,3378,5,20
3379,3379,5,22
3380,3380,5,26
3381,3381,6,20
3382,3382,6,22
3383,3383,6,18
3384,3384,6,11
3385,3385,7,33
3386,3386,7,24
3387,3387,7,15
3388,3388,7,28
3389,3389,8,35
3390,3390,8,9
3391,3391,8,17
3392,3392,8,19
3393,3393,9,17
3394,3394,9,20
3395,3395,9,17
3396,3396,9,23
3397,3397,10,28
3398,3398,10,15
3399,3399,10,15
3400,3400,10,31
3401,3401,11,27
3402,3402,11,11
3403,3403,11,26
3404,3404,11,28
3405,3405,12,37
3406,3406,12,13
3407,3407,12,13
3408,3408,12,24
3409,3409,13,41
3410,3410,13,16
3411,3411,13,27
3412,3412,13,21
3413,3413,14,9
3414,3414,14,12
3415,3415,14,24
3416,3416,14,40
3417,3417,15,43
3418,3418,15,16
3419,3419,15,3
3420,3420,15,16
3421,3421,16,25
3422,3422,16,31
3423,3423,16,14
3424,3424,16,22
3425,3425,17,29
3426,3426,17,22
3427,3427,17,16
3428,3428,17,29
3429,3429,18,21
3430,3430,18,22
3431,3431,18,17
3432,3432,18,26
3433,3433,19,42
3434,3434,19,16
3435,3435,19,15
3436,3436,19,31
3437,3437,20,33
3438,3438,20,25
3439,3439,20,14
3440,3440,20,28
3441,3441,21,26
3442,3442,21,11
3443,3443,21,12
3444,3444,21,30
3445,3445,22,22
3446,3446,22,15
3447,3447,22,17
3448,3448,22,20
3449,3449,23,13
3450,3450,23,14
3451,3451,23,13
3452,3452,23,30
3453,3453,24,28
3454,3454,24,21
3455,3455,24,11
3456,3456,24,39
3457,3457,25,24
3458,3458,25,22
3459,3459,25,7
3460,3460,25,18
3461,3461,26,38
3462,3462,26,12
3463,3463,26,20
3464,3464,26,24
3465,3465,27,34
3466,3466,27,10
3467,3467,27,13
3468,3468,27,33
3469,3469,28,38
3470,3470,28,15
3471,3471,28,31
3472,3472,28,6
3473,3473,29,22
3474,3474,29,22
3475,3475,29,23
3476,3476,29,14
3477,3477,30,25
3478,3478,30,18
3479,3479,30,10
3480,3480,30,31
3481,3481,31,25
3482,3482,31,22
3483,3483,31,24
3484,3484,31,19
3485,3485,32,44
3486,3486,32,19
3487,3487,32,7
3488,3488,32,19
3489,3489,33,45
3490,3490,33,29
3491,3491,33,21
3492,3492,33,21
3493,3493,34,54
3494,3494,34,26
3495,3495,34,10
3496,3496,34,21
3497,3497,35,40
3498,3498,35,23
3499,3499,35,18
3500,3500,35,27
3501,3501,1,39
3502,3502,1,18
3503,3503,1,15
3504,3504,1,14
3505,3505,2,18
3506,3506,2,17
3507,3507,2,18
3508,3508,2,32
3509,3509,3,28
3510,3510,3,22
3511,3511,3,18
3512,3512,3,21
3513,3513,4,21
3514,3514,4,11
3515,3515,4,18
3516,3516,4,14
3517,3517,5,21
3518,3518,5,13
3519,3519,5,14
3520,3520,5,20
3521,3521,6,20
3522,3522,6,18
3523,3523,6,23
3524,3524,6,20
3525,3525,7,17
3526,3526,7,17
3527,3527,7,8
3528,3528,7,12
3529,3529,8,25
3530,3530,8,17
3531,3531,8,18
3532,3532,8,12
3533,3533,9,29
3534,3534,9,10
3535,3535,9,14
3536,3536,9,19
3537,3537,10,29
3538,3538,10,12
3539,3539,10,9
3540,3540,10,21
3541,3541,11,27
3542,3542,11,11
3543,3543,11,16
3544,3544,11,26
3545,3545,12,29
3546,3546,12,19
3547,3547,12,16
3548,3548,12,22
3549,3549,13,23
3550,3550,13,13
3551,3551,13,7
3552,3552,13,15
3553,3553,14,14
3554,3554,14,21
3555,3555,14,18
3556,3556,14,15
3557,3557,15,36
3558,3558,15,18
3559,3559,15,26
3560,3560,15,6
3561,3561,16,28
3562,3562,16,16
3563,3563,16,7
3564,3564,16,23
3565,3565,17,22
3566,3566,17,9
3567,3567,17,17
3568,3568,17,14
3569,3569,18,20
3570,3570,18,22
3571,3571,18,15
3572,3572,18,20
3573,3573,19,35
3574,3574,19,19
3575,3575,19,11
3576,3576,19,8
3577,3577,20,27
3578,3578,20,17
3579,3579,20,12
3580,3580,20,16
3581,3581,21,13
3582,3582,21,26
3583,3583,21,13
3584,3584,21,14
3585,3585,22,19
3586,3586,22,20
3587,3587,22,14
3588,3588,22,24
3589,3589,23,26
3590,3590,23,17
3591,3591,23,13
3592,3592,23,9
3593,3593,24,15
3594,3594,24,22
3595,3595,24,20
3596,3596,24,27
3597,3597,25,22
3598,3598,25,16
3599,3599,25,10
3600,3600,25,23
3601,3601,26,23
3602,3602,26,18
3603,3603,26,17
3604,3604,26,38
3605,3605,27,16
3606,3606,27,22
3607,3607,27,15
3608,3608,27,26
3609,3609,28,41
3610,3610,28,19
3611,3611,28,6
3612,3612,28,21
3613,3613,29,34
3614,3614,29,13
3615,3615,29,12
3616,3616,29,11
3617,3617,30,24
3618,3618,30,13
3619,3619,30,11
3620,3620,30,27
3621,3621,31,22
3622,3622,31,14
3623,3623,31,10
3624,3624,31,22
3625,3625,32,34
3626,3626,32,9
3627,3627,32,17
3628,3628,32,17
3629,3629,33,25
3630,3630,33,18
3631,3631,33,15
3632,3632,33,16
3633,3633,34,15
3634,3634,34,32
3635,3635,34,19
3636,3636,34,28
3637,3637,35,15
3638,3638,35,14
3639,3639,35,20
3640,3640,35,21
3641,3641,1,27
3642,3642,1,17
3643,3643,1,25
3644,3644,1,17
3645,3645,2,20
3646,3646,2,24
3647,3647,2,21
3648,3648,2,22
3649,3649,3,8
3650,3650,3,19
3651,3651,3,21
3652,3652,3,28
3653,3653,4,21
3654,3654,4,24
3655,3655,4,20
3656,3656,4,20
3657,3657,5,31
3658,3658,5,7
3659,3659,5,6
3660,3660,5,25
3661,3661,6,33
3662,3662,6,14
3663,3663,6,16
3664,3664,6,18
3665,3665,7,33
3666,3666,7,26
3667,3667,7,12
3668,3668,7,9
3669,3669,8,30
3670,3670,8,13
3671,3671,8,13
3672,3672,8,24
3673,3673,9,16
3674,3674,9,23
3675,3675,9,20
3676,3676,9,25
3677,3677,10,29
3678,3678,10,11
3679,3679,10,20
3680,3680,10,13
3681,3681,11,27
3682,3682,11,12
3683,3683,11,26
3684,3684,11,15
3685,3685,12,24
3686,3686,12,10
3687,3687,12,19
3688,3688,12,12
3689,3689,13,19
3690,3690,13,10
3691,3691,13,14
3692,3692,13,22
3693,3693,14,23
3694,3694,14,16
3695,3695,14,12
3696,3696,14,20
3697,3697,15,30
3698,3698,15,17
3699,3699,15,8
3700,3700,15,28
3701,3701,16,18
3702,3702,16,34
3703,3703,16,12
3704,3704,16,20
3705,3705,17,21
3706,3706,17,31
3707,3707,17,11
3708,3708,17,32
3709,3709,18,23
3710,3710,18,19
3711,3711,18,10
3712,3712,18,18
3713,3713,19,18
3714,3714,19,34
3715,3715,19,11
3716,3716,19,22
3717,3717,20,43
3718,3718,20,13
3719,3719,20,9
3720,3720,20,23
3721,3721,21,23
3722,3722,21,34
3723,3723,21,23
3724,3724,21,23
3725,3725,22,25
3726,3726,22,12
3727,3727,22,22
3728,3728,22,19
3729,3729,23,29
3730,3730,23,11
3731,3731,23,21
3732,3732,23,17
3733,3733,24,28
3734,3734,24,28
3735,3735,24,30
3736,3736,24,24
3737,3737,25,21
3738,3738,25,30
3739,3739,25,12
3740,3740,25,33
3741,3741,26,31
3742,3742,26,25
3743,3743,26,15
3744,3744,26,13
3745,3745,27,17
3746,3746,27,16
3747,3747,27,19
3748,3748,27,21
3749,3749,28,32
3750,3750,28,22
3751,3751,28,15
3752,3752,28,16
3753,3753,29,12
3754,3754,29,25
3755,3755,29,12
3756,3756,29,28
3757,3757,30,22
3758,3758,30,10
3759,3759,30,18
3760,3760,30,22
3761,3761,31,27
3762,3762,31,16
3763,3763,31,5
3764,3764,31,23
3765,3765,32,27
3766,3766,32,13
3767,3767,32,14
3768,3768,32,18
3769,3769,33,13
3770,3770,33,5
3771,3771,33,13
3772,3772,33,31
3773,3773,34,17
3774,3774,34,16
3775,3775,34,15
3776,3776,34,32
3777,3777,35,22
3778,3778,35,3
3779,3779,35,11
3780,3780,35,44
3781,3781,1,35
3782,3782,1,6
3783,3783,1,16
3784,3784,1,42
3785,3785,2,19
3786,3786,2,22
3787,3787,2,7
3788,3788,2,22
3789,3789,3,20
3790,3790,3,18
3791,3791,3,21
3792,3792,3,14
3793,3793,4,28
3794,3794,4,19
3795,3795,4,17
3796,3796,4,24
3797,3797,5,22
3798,3798,5,13
3799,3799,5,24
3800,3800,5,23
3801,3801,6,26
3802,3802,6,17
3803,3803,6,14
3804,3804,6,45
3805,3805,7,23
3806,3806,7,17
3807,3807,7,29
3808,3808,7,35
3809,3809,8,22
3810,3810,8,14
3811,3811,8,21
3812,3812,8,24
3813,3813,9,33
3814,3814,9,13
3815,3815,9,13
3816,3816,9,40
3817,3817,10,38
3818,3818,10,14
3819,3819,10,15
3820,3820,10,23
3821,3821,11,16
3822,3822,11,29
3823,3823,11,20
3824,3824,11,17
3825,3825,12,20
3826,3826,12,17
3827,3827,12,11
3828,3828,12,20
3829,3829,13,26
3830,3830,13,15
3831,3831,13,11
3832,3832,13,21
3833,3833,14,42
3834,3834,14,29
3835,3835,14,11
3836,3836,14,17
3837,3837,15,24
3838,3838,15,19
3839,3839,15,12
3840,3840,15,28
3841,3841,16,19
3842,3842,16,13
3843,3843,16,23
3844,3844,16,34
3845,3845,17,34
3846,3846,17,15
3847,3847,17,19
3848,3848,17,17
3849,3849,18,11
3850,3850,18,21
3851,3851,18,20
3852,3852,18,22
3853,3853,19,17
3854,3854,19,18
3855,3855,19,23
3856,3856,19,14
3857,3857,20,29
3858,3858,20,13
3859,3859,20,21
3860,3860,20,32
3861,3861,21,16
3862,3862,21,14
3863,3863,21,12
3864,3864,21,22
3865,3865,22,24
3866,3866,22,17
3867,3867,22,23
3868,3868,22,20
3869,3869,23,18
3870,3870,23,20
3871,3871,23,20
3872,3872,23,23
3873,3873,24,16
3874,3874,24,13
3875,3875,24,19
3876,3876,24,18
3877,3877,25,23
3878,3878,25,10
3879,3879,25,26
3880,3880,25,25
3881,3881,26,31
3882,3882,26,22
3883,3883,26,14
3884,3884,26,39
3885,3885,27,34
3886,3886,27,19
3887,3887,27,10
3888,3888,27,25
3889,3889,28,38
3890,3890,28,12
3891,3891,28,11
3892,3892,28,22
3893,3893,29,22
3894,3894,29,28
3895,3895,29,10
3896,3896,29,20
3897,3897,30,19
3898,3898,30,17
3899,3899,30,15
3900,3900,30,35
3901,3901,31,30
3902,3902,31,28
3903,3903,31,26
3904,3904,31,20
3905,3905,32,35
3906,3906,32,23
3907,3907,32,13
3908,3908,32,25
3909,3909,33,17
3910,3910,33,17
3911,3911,33,20
3912,3912,33,36
3913,3913,34,25
3914,3914,34,22
3915,3915,34,11
3916,3916,34,23
3917,3917,35,32
3918,3918,35,24
3919,3919,35,16
3920,3920,35,22
3921,3921,1,8
3922,3922,1,25
3923,3923,1,30
3924,3924,1,41
3925,3925,2,43
3926,3926,2,24
3927,3927,2,10
3928,3928,2,18
3929,3929,3,42
3930,3930,3,22
3931,3931,3,12
3932,3932,3,14
3933,3933,4,32
3934,3934,4,12
3935,3935,4,18
3936,3936,4,31
3937,3937,5,47
3938,3938,5,24
3939,3939,5,5
3940,3940,5,22
3941,3941,6,30
3942,3942,6,28
3943,3943,6,11
3944,3944,6,26
3945,3945,7,23
3946,3946,7,19
3947,3947,7,26
3948,3948,7,15
3949,3949,8,32
3950,3950,8,24
3951,3951,8,29
3952,3952,8,22
3953,3953,9,14
3954,3954,9,19
3955,3955,9,13
3956,3956,9,26
3957,3957,10,24
3958,3958,10,34
3959,3959,10,14
3960,3960,10,37
3961,3961,11,39
3962,3962,11,9
3963,3963,11,25
3964,3964,11,15
3965,3965,12,18
3966,3966,12,14
3967,3967,12,9
3968,3968,12,34
3969,3969,13,25
3970,3970,13,17
3971,3971,13,19
3972,3972,13,33
3973,3973,14,37
3974,3974,14,16
3975,3975,14,27
3976,3976,14,23
3977,3977,15,20
3978,3978,15,25
3979,3979,15,13
3980,3980,15,44
3981,3981,16,40
3982,3982,16,14
3983,3983,16,20
3984,3984,16,25
3985,3985,17,34
3986,3986,17,12
3987,3987,17,31
3988,3988,17,22
3989,3989,18,38
3990,3990,18,12
3991,3991,18,16
3992,3992,18,25
3993,3993,19,39
3994,3994,19,20
3995,3995,19,24
3996,3996,19,17
3997,3997,20,32
3998,3998,20,20
3999,3999,20,14
4000,4000,20,23
4001,4001,21,34
4002,4002,21,29
4003,4003,21,12
4004,4004,21,30
4005,4005,22,25
4006,4006,22,13
4007,4007,22,9
4008,4008,22,16
4009,4009,23,22
4010,4010,23,14
4011,4011,23,10
4012,4012,23,45
4013,4013,24,31
4014,4014,24,7
4015,4015,24,14
4016,4016,24,33
4017,4017,25,25
4018,4018,25,29
4019,4019,25,20
4020,4020,25,13
4021,4021,26,30
4022,4022,26,15
4023,4023,26,20
4024,4024,26,23
4025,4025,27,25
4026,4026,27,21
4027,4027,27,15
4028,4028,27,34
4029,4029,28,46
4030,4030,28,22
4031,4031,28,17
4032,4032,28,25
4033,4033,29,14
4034,4034,29,22
4035,4035,29,10
4036,4036,29,40
4037,4037,30,20
4038,4038,30,24
4039,4039,30,14
4040,4040,30,18
4041,4041,31,35
4042,4042,31,31
4043,4043,31,23
4044,4044,31,20
4045,4045,32,30
4046,4046,32,28
4047,4047,32,25
4048,4048,32,28
4049,4049,33,28
4050,4050,33,22
4051,4051,33,23
4052,4052,33,16
4053,4053,34,44
4054,4054,34,12
4055,4055,34,16
4056,4056,34,27
4057,4057,35,22
4058,4058,35,33
4059,4059,35,26
4060,4060,35,28
4061,4061,1,21
4062,4062,1,23
4063,4063,1,11
4064,4064,1,51
4065,4065,2,41
4066,4066,2,22
4067,4067,2,11
4068,4068,2,24
4069,4069,3,24
4070,4070,3,10
4071,4071,3,18
4072,4072,3,22
4073,4073,4,24
4074,4074,4,22
4075,4075,4,19
4076,4076,4,31
4077,4077,5,39
4078,4078,5,15
4079,4079,5,35
4080,4080,5,27
4081,4081,6,54
4082,4082,6,17
4083,4083,6,8
4084,4084,6,31
4085,4085,7,41
4086,4086,7,32
4087,4087,7,12
4088,4088,7,28
4089,4089,8,39
4090,4090,8,17
4091,4091,8,10
4092,4092,8,42
4093,4093,9,39
4094,4094,9,25
4095,4095,9,20
4096,4096,9,35
4097,4097,10,23
4098,4098,10,21
4099,4099,10,24
4100,4100,10,21
4101,4101,11,32
4102,4102,11,18
4103,4103,11,31
4104,4104,11,19
4105,4105,12,42
4106,4106,12,19
4107,4107,12,11
4108,4108,12,32
4109,4109,13,45
4110,4110,13,10
4111,4111,13,25
4112,4112,13,19
4113,4113,14,42
4114,4114,14,17
4115,4115,14,7
4116,4116,14,16
4117,4117,15,57
4118,4118,15,18
4119,4119,15,24
4120,4120,15,15
4121,4121,16,32
4122,4122,16,10
4123,4123,16,17
4124,4124,16,21
4125,4125,17,28
4126,4126,17,24
4127,4127,17,22
4128,4128,17,21
4129,4129,18,31
4130,4130,18,28
4131,4131,18,31
4132,4132,18,34
4133,4133,19,51
4134,4134,19,12
4135,4135,19,19
4136,4136,19,28
4137,4137,20,56
4138,4138,20,7
4139,4139,20,12
4140,4140,20,35
4141,4141,21,42
4142,4142,21,18
4143,4143,21,13
4144,4144,21,24
4145,4145,22,39
4146,4146,22,18
4147,4147,22,32
4148,4148,22,31
4149,4149,23,49
4150,4150,23,9
4151,4151,23,22
4152,4152,23,23
4153,4153,24,26
4154,4154,24,25
4155,4155,24,12
4156,4156,24,28
4157,4157,25,36
4158,4158,25,21
4159,4159,25,9
4160,4160,25,37
4161,4161,26,35
4162,4162,26,25
4163,4163,26,14
4164,4164,26,17
4165,4165,27,30
4166,4166,27,22
4167,4167,27,10
4168,4168,27,36
4169,4169,28,33
4170,4170,28,22
4171,4171,28,10
4172,4172,28,32
4173,4173,29,23
4174,4174,29,32
4175,4175,29,26
4176,4176,29,20
4177,4177,30,15
4178,4178,30,18
4179,4179,30,27
4180,4180,30,26
4181,4181,31,27
4182,4182,31,36
4183,4183,31,21
4184,4184,31,34
4185,4185,32,26
4186,4186,32,20
4187,4187,32,23
4188,4188,32,19
4189,4189,33,26
4190,4190,33,16
4191,4191,33,23
4192,4192,33,30
4193,4193,34,22
4194,4194,34,32
4195,4195,34,26
4196,4196,34,24
4197,4197,35,29
4198,4198,35,33
4199,4199,35,21
4200,4200,35,25
4201,4201,1,27
4202,4202,1,26
4203,4203,1,20
4204,4204,1,42
4205,4205,2,14
4206,4206,2,21
4207,4207,2,18
4208,4208,2,49
4209,4209,3,43
4210,4210,3,13
4211,4211,3,18
4212,4212,3,24
4213,4213,4,24
4214,4214,4,14
4215,4215,4,10
4216,4216,4,48
4217,4217,5,64
4218,4218,5,20
4219,4219,5,20
4220,4220,5,10
4221,4221,6,36
4222,4222,6,16
4223,4223,6,25
4224,4224,6,37
4225,4225,7,25
4226,4226,7,30
4227,4227,7,18
4228,4228,7,45
4229,4229,8,49
4230,4230,8,14
4231,4231,8,23
4232,4232,8,13
4233,4233,9,21
4234,4234,9,23
4235,4235,9,19
4236,4236,9,19
4237,4237,10,26
4238,4238,10,21
4239,4239,10,25
4240,4240,10,30
4241,4241,11,43
4242,4242,11,16
4243,4243,11,24
4244,4244,11,21
4245,4245,12,51
4246,4246,12,32
4247,4247,12,20
4248,4248,12,23
4249,4249,13,26
4250,4250,13,29
4251,4251,13,22
4252,4252,13,42
4253,4253,14,37
4254,4254,14,20
4255,4255,14,20
4256,4256,14,34
4257,4257,15,36
4258,4258,15,25
4259,4259,15,10
4260,4260,15,44
4261,4261,16,41
4262,4262,16,27
4263,4263,16,6
4264,4264,16,28
4265,4265,17,38
4266,4266,17,23
4267,4267,17,23
4268,4268,17,34
4269,4269,18,29
4270,4270,18,26
4271,4271,18,25
4272,4272,18,36
4273,4273,19,43
4274,4274,19,23
4275,4275,19,24
4276,4276,19,23
4277,4277,20,31
4278,4278,20,31
4279,4279,20,14
4280,4280,20,32
4281,4281,21,47
4282,4282,21,31
4283,4283,21,23
4284,4284,21,35
4285,4285,22,25
4286,4286,22,19
4287,4287,22,14
4288,4288,22,46
4289,4289,23,29
4290,4290,23,24
4291,4291,23,9
4292,4292,23,22
4293,4293,24,35
4294,4294,24,28
4295,4295,24,15
4296,4296,24,19
4297,4297,25,34
4298,4298,25,21
4299,4299,25,13
4300,4300,25,59
4301,4301,26,46
4302,4302,26,21
4303,4303,26,25
4304,4304,26,31
4305,4305,27,22
4306,4306,27,31
4307,4307,27,22
4308,4308,27,25
4309,4309,28,28
4310,4310,28,24
4311,4311,28,31
4312,4312,28,32
4313,4313,29,35
4314,4314,29,18
4315,4315,29,14
4316,4316,29,33
4317,4317,30,31
4318,4318,30,29
4319,4319,30,14
4320,4320,30,34
4321,4321,31,38
4322,4322,31,18
4323,4323,31,24
4324,4324,31,19
4325,4325,32,32
4326,4326,32,19
4327,4327,32,14
4328,4328,32,12
4329,4329,33,28
4330,4330,33,15
4331,4331,33,16
4332,4332,33,37
4333,4333,34,40
4334,4334,34,39
4335,4335,34,18
4336,4336,34,42
4337,4337,35,30
4338,4338,35,16
4339,4339,35,26
4340,4340,35,15
4341,4341,1,21
4342,4342,1,21
4343,4343,1,19
4344,4344,1,27
4345,4345,2,25
4346,4346,2,20
4347,4347,2,23
4348,4348,2,26
4349,4349,3,30
4350,4350,3,31
4351,4351,3,13
4352,4352,3,15
4353,4353,4,30
4354,4354,4,12
4355,4355,4,17
4356,4356,4,22
4357,4357,5,24
4358,4358,5,28
4359,4359,5,29
4360,4360,5,29
4361,4361,6,26
4362,4362,6,23
4363,4363,6,24
4364,4364,6,23
4365,4365,7,23
4366,4366,7,25
4367,4367,7,19
4368,4368,7,16
4369,4369,8,27
4370,4370,8,16
4371,4371,8,24
4372,4372,8,16
4373,4373,9,24
4374,4374,9,21
4375,4375,9,17
4376,4376,9,24
4377,4377,10,10
4378,4378,10,28
4379,4379,10,19
4380,4380,10,33
4381,4381,11,30
4382,4382,11,28
4383,4383,11,16
4384,4384,11,14
4385,4385,12,23
4386,4386,12,36
4387,4387,12,11
4388,4388,12,19
4389,4389,13,26
4390,4390,13,22
4391,4391,13,23
4392,4392,13,29
4393,4393,14,36
4394,4394,14,21
4395,4395,14,23
4396,4396,14,24
4397,4397,15,23
4398,4398,15,24
4399,4399,15,17
4400,4400,15,17
4401,4401,16,20
4402,4402,16,22
4403,4403,16,13
4404,4404,16,25
4405,4405,17,16
4406,4406,17,33
4407,4407,17,15
4408,4408,17,27
4409,4409,18,17
4410,4410,18,14
4411,4411,18,15
4412,4412,18,22
4413,4413,19,41
4414,4414,19,28
4415,4415,19,14
4416,4416,19,31
4417,4417,20,26
4418,4418,20,29
4419,4419,20,8
4420,4420,20,15
4421,4421,21,32
4422,4422,21,7
4423,4423,21,20
4424,4424,21,14
4425,4425,22,35
4426,4426,22,21
4427,4427,22,15
4428,4428,22,23
4429,4429,23,32
4430,4430,23,28
4431,4431,23,20
4432,4432,23,27
4433,4433,24,20
4434,4434,24,10
4435,4435,24,24
4436,4436,24,34
4437,4437,25,37
4438,4438,25,20
4439,4439,25,18
4440,4440,25,36
4441,4441,26,25
4442,4442,26,22
4443,4443,26,5
4444,4444,26,41
4445,4445,27,49
4446,4446,27,19
4447,4447,27,12
4448,4448,27,24
4449,4449,28,12
4450,4450,28,18
4451,4451,28,13
4452,4452,28,34
4453,4453,29,38
4454,4454,29,14
4455,4455,29,19
4456,4456,29,16
4457,4457,30,28
4458,4458,30,23
4459,4459,30,21
4460,4460,30,38
4461,4461,31,32
4462,4462,31,34
4463,4463,31,21
4464,4464,31,18
4465,4465,32,31
4466,4466,32,32
4467,4467,32,16
4468,4468,32,27
4469,4469,33,40
4470,4470,33,14
4471,4471,33,12
4472,4472,33,25
4473,4473,34,32
4474,4474,34,15
4475,4475,34,9
4476,4476,34,17
4477,4477,35,34
4478,4478,35,8
4479,4479,35,26
4480,4480,35,31
4481,4481,1,22
4482,4482,1,17
4483,4483,1,16
4484,4484,1,30
4485,4485,2,33
4486,4486,2,30
4487,4487,2,13
4488,4488,2,23
4489,4489,3,20
4490,4490,3,21
4491,4491,3,15
4492,4492,3,23
4493,4493,4,28
4494,4494,4,22
4495,4495,4,12
4496,4496,4,21
4497,4497,5,21
4498,4498,5,11
4499,4499,5,22
4500,4500,5,16
4501,4501,6,17
4502,4502,6,19
4503,4503,6,11
4504,4504,6,12
4505,4505,7,15
4506,4506,7,18
4507,4507,7,23
4508,4508,7,24
4509,4509,8,19
4510,4510,8,15
4511,4511,8,6
4512,4512,8,26
4513,4513,9,22
4514,4514,9,14
4515,4515,9,13
4516,4516,9,41
4517,4517,10,20
4518,4518,10,21
4519,4519,10,24
4520,4520,10,33
4521,4521,11,23
4522,4522,11,9
4523,4523,11,9
4524,4524,11,29
4525,4525,12,30
4526,4526,12,20
4527,4527,12,14
4528,4528,12,23
4529,4529,13,19
4530,4530,13,15
4531,4531,13,4
4532,4532,13,23
4533,4533,14,19
4534,4534,14,19
4535,4535,14,8
4536,4536,14,36
4537,4537,15,23
4538,4538,15,13
4539,4539,15,11
4540,4540,15,26
4541,4541,16,22
4542,4542,16,13
4543,4543,16,15
4544,4544,16,26
4545,4545,17,16
4546,4546,17,14
4547,4547,17,6
4548,4548,17,24
4549,4549,18,36
4550,4550,18,21
4551,4551,18,15
4552,4552,18,22
4553,4553,19,29
4554,4554,19,22
4555,4555,19,18
4556,4556,19,9
4557,4557,20,11
4558,4558,20,24
4559,4559,20,19
4560,4560,20,12
4561,4561,21,20
4562,4562,21,7
4563,4563,21,17
4564,4564,21,20
4565,4565,22,27
4566,4566,22,7
4567,4567,22,23
4568,4568,22,27
4569,4569,23,27
4570,4570,23,11
4571,4571,23,6
4572,4572,23,23
4573,4573,24,26
4574,4574,24,10
4575,4575,24,17
4576,4576,24,17
4577,4577,25,7
4578,4578,25,15
4579,4579,25,8
4580,4580,25,31
4581,4581,26,22
4582,4582,26,12
4583,4583,26,13
4584,4584,26,17
4585,4585,27,16
4586,4586,27,10
4587,4587,27,11
4588,4588,27,23
4589,4589,28,22
4590,4590,28,28
4591,4591,28,13
4592,4592,28,15
4593,4593,29,19
4594,4594,29,8
4595,4595,29,28
4596,4596,29,15
4597,4597,30,22
4598,4598,30,16
4599,4599,30,9
4600,4600,30,26
4601,4601,31,37
4602,4602,31,14
4603,4603,31,12
4604,4604,31,19
4605,4605,32,17
4606,4606,32,10
4607,4607,32,9
4608,4608,32,22
4609,4609,33,23
4610,4610,33,12
4611,4611,33,12
4612,4612,33,23
4613,4613,34,23
4614,4614,34,19
4615,4615,34,15
4616,4616,34,17
4617,4617,35,19
4618,4618,35,14
4619,4619,35,5
4620,4620,35,26
4621,4621,1,18
4622,4622,1,26
4623,4623,1,10
4624,4624,1,22
4625,4625,2,15
4626,4626,2,11
4627,4627,2,15
4628,4628,2,26
4629,4629,3,17
4630,4630,3,7
4631,4631,3,32
4632,4632,3,13
4633,4633,4,33
4634,4634,4,18
4635,4635,4,16
4636,4636,4,14
4637,4637,5,30
4638,4638,5,32
4639,4639,5,23
4640,4640,5,14
4641,4641,6,31
4642,4642,6,10
4643,4643,6,7
4644,4644,6,15
4645,4645,7,18
4646,4646,7,33
4647,4647,7,27
4648,4648,7,16
4649,4649,8,29
4650,4650,8,15
4651,4651,8,14
4652,4652,8,32
4653,4653,9,25
4654,4654,9,28
4655,4655,9,5
4656,4656,9,23
4657,4657,10,19
4658,4658,10,16
4659,4659,10,18
4660,4660,10,13
4661,4661,11,32
4662,4662,11,9
4663,4663,11,28
4664,4664,11,13
4665,4665,12,22
4666,4666,12,34
4667,4667,12,18
4668,4668,12,23
4669,4669,13,12
4670,4670,13,19
4671,4671,13,9
4672,4672,13,25
4673,4673,14,34
4674,4674,14,11
4675,4675,14,13
4676,4676,14,9
4677,4677,15,19
4678,4678,15,13
4679,4679,15,13
4680,4680,15,27
4681,4681,16,33
4682,4682,16,19
4683,4683,16,14
4684,4684,16,14
4685,4685,17,19
4686,4686,17,17
4687,4687,17,17
4688,4688,17,10
4689,4689,18,37
4690,4690,18,15
4691,4691,18,14
4692,4692,18,20
4693,4693,19,30
4694,4694,19,31
4695,4695,19,12
4696,4696,19,21
4697,4697,20,27
4698,4698,20,15
4699,4699,20,7
4700,4700,20,19
4701,4701,21,18
4702,4702,21,13
4703,4703,21,16
4704,4704,21,16
4705,4705,22,36
4706,4706,22,26
4707,4707,22,11
4708,4708,22,19
4709,4709,23,12
4710,4710,23,23
4711,4711,23,14
4712,4712,23,25
4713,4713,24,19
4714,4714,24,17
4715,4715,24,22
4716,4716,24,24
4717,4717,25,16
4718,4718,25,19
4719,4719,25,9
4720,4720,25,20
4721,4721,26,26
4722,4722,26,11
4723,4723,26,11
4724,4724,26,19
4725,4725,27,33
4726,4726,27,7
4727,4727,27,16
4728,4728,27,17
4729,4729,28,36
4730,4730,28,24
4731,4731,28,10
4732,4732,28,16
4733,4733,29,25
4734,4734,29,16
4735,4735,29,22
4736,4736,29,19
4737,4737,30,18
4738,4738,30,18
4739,4739,30,8
4740,4740,30,19
4741,4741,31,25
4742,4742,31,10
4743,4743,31,17
4744,4744,31,24
4745,4745,32,31
4746,4746,32,13
4747,4747,32,16
4748,4748,32,24
4749,4749,33,56
4750,4750,33,20
4751,4751,33,14
4752,4752,33,12
4753,4753,34,29
4754,4754,34,5
4755,4755,34,11
4756,4756,34,15
4757,4757,35,12
4758,4758,35,12
4759,4759,35,12
4760,4760,35,28
4761,4761,1,39
4762,4762,1,12
4763,4763,1,7
4764,4764,1,23
4765,4765,2,30
4766,4766,2,18
4767,4767,2,16
4768,4768,2,5
4769,4769,3,40
4770,4770,3,13
4771,4771,3,28
4772,4772,3,18
4773,4773,4,22
4774,4774,4,17
4775,4775,4,22
4776,4776,4,28
4777,4777,5,27
4778,4778,5,45
4779,4779,5,7
4780,4780,5,15
4781,4781,6,41
4782,4782,6,22
4783,4783,6,15
4784,4784,6,13
4785,4785,7,20
4786,4786,7,18
4787,4787,7,10
4788,4788,7,30
4789,4789,8,18
4790,4790,8,24
4791,4791,8,19
4792,4792,8,42
4793,4793,9,20
4794,4794,9,11
4795,4795,9,30
4796,4796,9,23
4797,4797,10,34
4798,4798,10,15
4799,4799,10,11
4800,4800,10,26
4801,4801,11,19
4802,4802,11,16
4803,4803,11,14
4804,4804,11,16
4805,4805,12,34
4806,4806,12,20
4807,4807,12,22
4808,4808,12,8
4809,4809,13,26
4810,4810,13,16
4811,4811,13,16
4812,4812,13,18
4813,4813,14,23
4814,4814,14,13
4815,4815,14,15
4816,4816,14,42
4817,4817,15,44
4818,4818,15,24
4819,4819,15,14
4820,4820,15,15
4821,4821,16,23
4822,4822,16,7
4823,4823,16,15
4824,4824,16,41
4825,4825,17,38
4826,4826,17,11
4827,4827,17,11
4828,4828,17,33
4829,4829,18,32
4830,4830,18,22
4831,4831,18,18
4832,4832,18,29
4833,4833,19,19
4834,4834,19,25
4835,4835,19,11
4836,4836,19,33
4837,4837,20,17
4838,4838,20,18
4839,4839,20,32
4840,4840,20,28
4841,4841,21,15
4842,4842,21,14
4843,4843,21,15
4844,4844,21,31
4845,4845,22,24
4846,4846,22,20
4847,4847,22,7
4848,4848,22,30
4849,4849,23,22
4850,4850,23,19
4851,4851,23,6
4852,4852,23,28
4853,4853,24,23
4854,4854,24,19
4855,4855,24,23
4856,4856,24,19
4857,4857,25,27
4858,4858,25,13
4859,4859,25,23
4860,4860,25,23
4861,4861,26,32
4862,4862,26,20
4863,4863,26,23
4864,4864,26,9
4865,4865,27,29
4866,4866,27,11
4867,4867,27,20
4868,4868,27,18
4869,4869,28,23
4870,4870,28,25
4871,4871,28,18
4872,4872,28,20
4873,4873,29,20
4874,4874,29,15
4875,4875,29,21
4876,4876,29,26
4877,4877,30,13
4878,4878,30,19
4879,4879,30,21
4880,4880,30,16
4881,4881,31,21
4882,4882,31,17
4883,4883,31,21
4884,4884,31,18
4885,4885,32,24
4886,4886,32,24
4887,4887,32,11
4888,4888,32,19
4889,4889,33,39
4890,4890,33,18
4891,4891,33,13
4892,4892,33,25
4893,4893,34,23
4894,4894,34,12
4895,4895,34,16
4896,4896,34,23
4897,4897,35,38
4898,4898,35,11
4899,4899,35,20
4900,4900,35,14
4901,4901,1,32
4902,4902,1,28
4903,4903,1,19
4904,4904,1,33
4905,4905,2,34
4906,4906,2,23
4907,4907,2,18
4908,4908,2,26
4909,4909,3,15
4910,4910,3,16
4911,4911,3,16
4912,4912,3,29
4913,4913,4,20
4914,4914,4,25
4915,4915,4,21
4916,4916,4,34
4917,4917,5,26
4918,4918,5,9
4919,4919,5,12
4920,4920,5,23
4921,4921,6,30
4922,4922,6,16
4923,4923,6,14
4924,4924,6,36
4925,4925,7,35
4926,4926,7,28
4927,4927,7,9
4928,4928,7,32
4929,4929,8,23
4930,4930,8,12
4931,4931,8,15
4932,4932,8,35
4933,4933,9,36
4934,4934,9,18
4935,4935,9,10
4936,4936,9,22
4937,4937,10,26
4938,4938,10,25
4939,4939,10,14
4940,4940,10,27
4941,4941,11,34
4942,4942,11,18
4943,4943,11,28
4944,4944,11,18
4945,4945,12,23
4946,4946,12,21
4947,4947,12,8
4948,4948,12,27
4949,4949,13,13
4950,4950,13,27
4951,4951,13,30
4952,4952,13,14
4953,4953,14,18
4954,4954,14,28
4955,4955,14,26
4956,4956,14,23
4957,4957,15,38
4958,4958,15,25
4959,4959,15,5
4960,4960,15,25
4961,4961,16,32
4962,4962,16,24
4963,4963,16,22
4964,4964,16,18
4965,4965,17,18
4966,4966,17,26
4967,4967,17,24
4968,4968,17,38
4969,4969,18,20
4970,4970,18,28
4971,4971,18,25
4972,4972,18,31
4973,4973,19,15
4974,4974,19,15
4975,4975,19,17
4976,4976,19,61
4977,4977,20,30
4978,4978,20,30
4979,4979,20,10
4980,4980,20,28
4981,4981,21,22
4982,4982,21,16
4983,4983,21,13
4984,4984,21,38
4985,4985,22,21
4986,4986,22,24
4987,4987,22,21
4988,4988,22,46
4989,4989,23,32
4990,4990,23,25
4991,4991,23,25
4992,4992,23,22
4993,4993,24,22
4994,4994,24,19
4995,4995,24,13
4996,4996,24,26
4997,4997,25,39
4998,4998,25,15
4999,4999,25,8
5000,5000,25,28
5001,5001,26,26
5002,5002,26,48
5003,5003,26,10
5004,5004,26,23
5005,5005,27,25
5006,5006,27,47
5007,5007,27,8
5008,5008,27,10
5009,5009,28,41
5010,5010,28,8
5011,5011,28,15
5012,5012,28,23
5013,5013,29,28
5014,5014,29,32
5015,5015,29,10
5016,5016,29,18
5017,5017,30,31
5018,5018,30,13
5019,5019,30,18
5020,5020,30,17
5021,5021,31,31
5022,5022,31,17
5023,5023,31,11
5024,5024,31,15
5025,5025,32,35
5026,5026,32,20
5027,5027,32,9
5028,5028,32,23
5029,5029,33,21
5030,5030,33,21
5031,5031,33,16
5032,5032,33,24
5033,5033,34,40
5034,5034,34,35
5035,5035,34,6
5036,5036,34,27
5037,5037,35,28
5038,5038,35,18
5039,5039,35,28
5040,5040,35,17
5041,5041,1,38
5042,5042,1,36
5043,5043,1,16
5044,5044,1,31
5045,5045,2,32
5046,5046,2,26
5047,5047,2,10
5048,5048,2,29
5049,5049,3,36
5050,5050,3,24
5051,5051,3,14
5052,5052,3,30
5053,5053,4,21
5054,5054,4,36
5055,5055,4,14
5056,5056,4,26
5057,5057,5,55
5058,5058,5,27
5059,5059,5,25
5060,5060,5,39
5061,5061,6,53
5062,5062,6,27
5063,5063,6,24
5064,5064,6,16
5065,5065,7,23
5066,5066,7,19
5067,5067,7,22
5068,5068,7,24
5069,5069,8,15
5070,5070,8,21
5071,5071,8,30
5072,5072,8,27
5073,5073,9,29
5074,5074,9,12
5075,5075,9,29
5076,5076,9,36
5077,5077,10,31
5078,5078,10,24
5079,5079,10,19
5080,5080,10,25
5081,5081,11,45
5082,5082,11,20
5083,5083,11,23
5084,5084,11,29
5085,5085,12,35
5086,5086,12,42
5087,5087,12,15
5088,5088,12,29
5089,5089,13,20
5090,5090,13,15
5091,5091,13,11
5092,5092,13,42
5093,5093,14,25
5094,5094,14,17
5095,5095,14,28
5096,5096,14,44
5097,5097,15,29
5098,5098,15,29
5099,5099,15,23
5100,5100,15,35
5101,5101,16,29
5102,5102,16,21
5103,5103,16,22
5104,5104,16,19
5105,5105,17,32
5106,5106,17,28
5107,5107,17,5
5108,5108,17,30
5109,5109,18,32
5110,5110,18,27
5111,5111,18,14
5112,5112,18,22
5113,5113,19,29
5114,5114,19,14
5115,5115,19,28
5116,5116,19,38
5117,5117,20,40
5118,5118,20,24
5119,5119,20,25
5120,5120,20,17
5121,5121,21,20
5122,5122,21,37
5123,5123,21,12
5124,5124,21,17
5125,5125,22,25
5126,5126,22,23
5127,5127,22,35
5128,5128,22,31
5129,5129,23,20
5130,5130,23,14
5131,5131,23,27
5132,5132,23,31
5133,5133,24,22
5134,5134,24,34
5135,5135,24,19
5136,5136,24,23
5137,5137,25,32
5138,5138,25,22
5139,5139,25,19
5140,5140,25,22
5141,5141,26,41
5142,5142,26,36
5143,5143,26,15
5144,5144,26,23
5145,5145,27,21
5146,5146,27,44
5147,5147,27,14
5148,5148,27,27
5149,5149,28,25
5150,5150,28,34
5151,5151,28,31
5152,5152,28,28
5153,5153,29,29
5154,5154,29,7
5155,5155,29,26
5156,5156,29,19
5157,5157,30,31
5158,5158,30,23
5159,5159,30,22
5160,5160,30,29
5161,5161,31,31
5162,5162,31,26
5163,5163,31,17
5164,5164,31,25
5165,5165,32,45
5166,5166,32,25
5167,5167,32,17
5168,5168,32,24
5169,5169,33,20
5170,5170,33,39
5171,5171,33,28
5172,5172,33,43
5173,5173,34,29
5174,5174,34,21
5175,5175,34,45
5176,5176,34,24
5177,5177,35,43
5178,5178,35,12
5179,5179,35,18
5180,5180,35,26
5181,5181,1,54
5182,5182,1,27
5183,5183,1,25
5184,5184,1,38
5185,5185,2,45
5186,5186,2,19
5187,5187,2,15
5188,5188,2,22
5189,5189,3,14
5190,5190,3,31
5191,5191,3,11
5192,5192,3,42
5193,5193,4,31
5194,5194,4,33
5195,5195,4,23
5196,5196,4,29
5197,5197,5,34
5198,5198,5,39
5199,5199,5,25
5200,5200,5,21
5201,5201,6,32
5202,5202,6,6
5203,5203,6,16
5204,5204,6,29
5205,5205,7,18
5206,5206,7,13
5207,5207,7,15
5208,5208,7,39
5209,5209,8,25
5210,5210,8,22
5211,5211,8,16
5212,5212,8,28
5213,5213,9,31
5214,5214,9,21
5215,5215,9,34
5216,5216,9,25
5217,5217,10,54
5218,5218,10,23
5219,5219,10,16
5220,5220,10,24
5221,5221,11,34
5222,5222,11,51
5223,5223,11,19
5224,5224,11,25
5225,5225,12,26
5226,5226,12,11
5227,5227,12,14
5228,5228,12,27
5229,5229,13,35
5230,5230,13,40
5231,5231,13,28
5232,5232,13,28
5233,5233,14,36
5234,5234,14,13
5235,5235,14,10
5236,5236,14,26
5237,5237,15,45
5238,5238,15,33
5239,5239,15,17
5240,5240,15,23
5241,5241,16,20
5242,5242,16,18
5243,5243,16,26
5244,5244,16,27
5245,5245,17,55
5246,5246,17,36
5247,5247,17,8
5248,5248,17,21
5249,5249,18,27
5250,5250,18,31
5251,5251,18,8
5252,5252,18,37
5253,5253,19,57
5254,5254,19,14
5255,5255,19,20
5256,5256,19,25
5257,5257,20,26
5258,5258,20,28
5259,5259,20,15
5260,5260,20,35
5261,5261,21,33
5262,5262,21,25
5263,5263,21,9
5264,5264,21,30
5265,5265,22,39
5266,5266,22,45
5267,5267,22,17
5268,5268,22,23
5269,5269,23,26
5270,5270,23,24
5271,5271,23,21
5272,5272,23,35
5273,5273,24,25
5274,5274,24,50
5275,5275,24,15
5276,5276,24,22
5277,5277,25,22
5278,5278,25,30
5279,5279,25,22
5280,5280,25,44
5281,5281,26,24
5282,5282,26,35
5283,5283,26,14
5284,5284,26,38
5285,5285,27,33
5286,5286,27,29
5287,5287,27,25
5288,5288,27,27
5289,5289,28,17
5290,5290,28,24
5291,5291,28,19
5292,5292,28,36
5293,5293,29,26
5294,5294,29,18
5295,5295,29,15
5296,5296,29,19
5297,5297,30,27
5298,5298,30,23
5299,5299,30,25
5300,5300,30,37
5301,5301,31,38
5302,5302,31,15
5303,5303,31,12
5304,5304,31,41
5305,5305,32,47
5306,5306,32,14
5307,5307,32,33
5308,5308,32,20
5309,5309,33,34
5310,5310,33,44
5311,5311,33,28
5312,5312,33,22
5313,5313,34,30
5314,5314,34,24
5315,5315,34,19
5316,5316,34,40
5317,5317,35,55
5318,5318,35,20
5319,5319,35,24
5320,5320,35,25
5321,5321,1,19
5322,5322,1,18
5323,5323,1,10
5324,5324,1,35
5325,5325,2,19
5326,5326,2,25
5327,5327,2,7
5328,5328,2,45
5329,5329,3,23
5330,5330,3,21
5331,5331,3,20
5332,5332,3,9
5333,5333,4,25
5334,5334,4,16
5335,5335,4,11
5336,5336,4,22
5337,5337,5,44
5338,5338,5,24
5339,5339,5,2
5340,5340,5,24
5341,5341,6,43
5342,5342,6,20
5343,5343,6,12
5344,5344,6,24
5345,5345,7,33
5346,5346,7,15
5347,5347,7,18
5348,5348,7,24
5349,5349,8,25
5350,5350,8,26
5351,5351,8,25
5352,5352,8,32
5353,5353,9,40
5354,5354,9,29
5355,5355,9,14
5356,5356,9,28
5357,5357,10,27
5358,5358,10,34
5359,5359,10,33
5360,5360,10,21
5361,5361,11,44
5362,5362,11,16
5363,5363,11,25
5364,5364,11,14
5365,5365,12,30
5366,5366,12,31
5367,5367,12,21
5368,5368,12,21
5369,5369,13,22
5370,5370,13,21
5371,5371,13,23
5372,5372,13,20
5373,5373,14,19
5374,5374,14,25
5375,5375,14,8
5376,5376,14,20
5377,5377,15,30
5378,5378,15,14
5379,5379,15,11
5380,5380,15,19
5381,5381,16,34
5382,5382,16,18
5383,5383,16,6
5384,5384,16,18
5385,5385,17,18
5386,5386,17,15
5387,5387,17,22
5388,5388,17,33
5389,5389,18,37
5390,5390,18,16
5391,5391,18,7
5392,5392,18,31
5393,5393,19,19
5394,5394,19,32
5395,5395,19,20
5396,5396,19,20
5397,5397,20,29
5398,5398,20,15
5399,5399,20,14
5400,5400,20,14
5401,5401,21,24
5402,5402,21,20
5403,5403,21,17
5404,5404,21,17
5405,5405,22,29
5406,5406,22,18
5407,5407,22,27
5408,5408,22,19
5409,5409,23,22
5410,5410,23,17
5411,5411,23,26
5412,5412,23,39
5413,5413,24,40
5414,5414,24,24
5415,5415,24,10
5416,5416,24,34
5417,5417,25,26
5418,5418,25,23
5419,5419,25,6
5420,5420,25,25
5421,5421,26,18
5422,5422,26,21
5423,5423,26,23
5424,5424,26,11
5425,5425,27,40
5426,5426,27,9
5427,5427,27,10
5428,5428,27,20
5429,5429,28,28
5430,5430,28,35
5431,5431,28,17
5432,5432,28,30
5433,5433,29,15
5434,5434,29,29
5435,5435,29,26
5436,5436,29,29
5437,5437,30,35
5438,5438,30,28
5439,5439,30,12
5440,5440,30,30
5441,5441,31,27
5442,5442,31,26
5443,5443,31,25
5444,5444,31,34
5445,5445,32,25
5446,5446,32,23
5447,5447,32,18
5448,5448,32,24
5449,5449,33,37
5450,5450,33,22
5451,5451,33,11
5452,5452,33,28
5453,5453,34,26
5454,5454,34,20
5455,5455,34,15
5456,5456,34,45
5457,5457,35,15
5458,5458,35,19
5459,5459,35,27
5460,5460,35,26
5461,5461,1,28
5462,5462,1,12
5463,5463,1,6
5464,5464,1,23
5465,5465,2,21
5466,5466,2,34
5467,5467,2,26
5468,5468,2,21
5469,5469,3,14
5470,5470,3,18
5471,5471,3,13
5472,5472,3,32
5473,5473,4,26
5474,5474,4,11
5475,5475,4,7
5476,5476,4,16
5477,5477,5,23
5478,5478,5,29
5479,5479,5,18
5480,5480,5,15
5481,5481,6,38
5482,5482,6,12
5483,5483,6,12
5484,5484,6,13
5485,5485,7,16
5486,5486,7,11
5487,5487,7,20
5488,5488,7,26
5489,5489,8,19
5490,5490,8,24
5491,5491,8,11
5492,5492,8,12
5493,5493,9,22
5494,5494,9,14
5495,5495,9,9
5496,5496,9,28
5497,5497,10,13
5498,5498,10,19
5499,5499,10,13
5500,5500,10,20
5501,5501,11,33
5502,5502,11,10
5503,5503,11,6
5504,5504,11,17
5505,5505,12,24
5506,5506,12,30
5507,5507,12,9
5508,5508,12,21
5509,5509,13,36
5510,5510,13,19
5511,5511,13,10
5512,5512,13,19
5513,5513,14,37
5514,5514,14,19
5515,5515,14,14
5516,5516,14,26
5517,5517,15,20
5518,5518,15,10
5519,5519,15,22
5520,5520,15,21
5521,5521,16,44
5522,5522,16,23
5523,5523,16,13
5524,5524,16,9
5525,5525,17,24
5526,5526,17,10
5527,5527,17,3
5528,5528,17,25
5529,5529,18,13
5530,5530,18,33
5531,5531,18,18
5532,5532,18,17
5533,5533,19,12
5534,5534,19,26
5535,5535,19,9
5536,5536,19,40
5537,5537,20,27
5538,5538,20,9
5539,5539,20,9
5540,5540,20,31
5541,5541,21,22
5542,5542,21,24
5543,5543,21,16
5544,5544,21,22
5545,5545,22,13
5546,5546,22,12
5547,5547,22,25
5548,5548,22,10
5549,5549,23,29
5550,5550,23,16
5551,5551,23,19
5552,5552,23,19
5553,5553,24,31
5554,5554,24,12
5555,5555,24,18
5556,5556,24,17
5557,5557,25,23
5558,5558,25,13
5559,5559,25,11
5560,5560,25,20
5561,5561,26,40
5562,5562,26,15
5563,5563,26,10
5564,5564,26,21
5565,5565,27,26
5566,5566,27,18
5567,5567,27,16
5568,5568,27,11
5569,5569,28,28
5570,5570,28,14
5571,5571,28,16
5572,5572,28,26
5573,5573,29,13
5574,5574,29,12
5575,5575,29,14
5576,5576,29,15
5577,5577,30,22
5578,5578,30,14
5579,5579,30,9
5580,5580,30,12
5581,5581,31,30
5582,5582,31,24
5583,5583,31,24
5584,5584,31,16
5585,5585,32,27
5586,5586,32,7
5587,5587,32,12
5588,5588,32,19
5589,5589,33,18
5590,5590,33,11
5591,5591,33,14
5592,5592,33,36
5593,5593,34,17
5594,5594,34,11
5595,5595,34,13
5596,5596,34,20
5597,5597,35,18
5598,5598,35,17
5599,5599,35,17
5600,5600,35,28
5601,5601,1,13
5602,5602,1,12
5603,5603,1,15
5604,5604,1,26
5605,5605,2,22
5606,5606,2,20
5607,5607,2,10
5608,5608,2,19
5609,5609,3,20
5610,5610,3,14
5611,5611,3,11
5612,5612,3,20
5613,5613,4,19
5614,5614,4,10
5615,5615,4,24
5616,5616,4,18
5617,5617,5,34
5618,5618,5,6
5619,5619,5,7
5620,5620,5,26
5621,5621,6,18
5622,5622,6,17
5623,5623,6,19
5624,5624,6,31
5625,5625,7,34
5626,5626,7,17
5627,5627,7,14
5628,5628,7,13
5629,5629,8,24
5630,5630,8,10
5631,5631,8,11
5632,5632,8,20
5633,5633,9,26
5634,5634,9,17
5635,5635,9,22
5636,5636,9,23
5637,5637,10,24
5638,5638,10,12
5639,5639,10,18
5640,5640,10,19
5641,5641,11,20
5642,5642,11,19
5643,5643,11,5
5644,5644,11,21
5645,5645,12,17
5646,5646,12,18
5647,5647,12,11
5648,5648,12,34
5649,5649,13,44
5650,5650,13,21
5651,5651,13,18
5652,5652,13,19
5653,5653,14,18
5654,5654,14,9
5655,5655,14,12
5656,5656,14,30
5657,5657,15,18
5658,5658,15,7
5659,5659,15,10
5660,5660,15,27
5661,5661,16,16
5662,5662,16,21
5663,5663,16,19
5664,5664,16,28
5665,5665,17,27
5666,5666,17,20
5667,5667,17,8
5668,5668,17,29
5669,5669,18,19
5670,5670,18,21
5671,5671,18,14
5672,5672,18,27
5673,5673,19,36
5674,5674,19,19
5675,5675,19,11
5676,5676,19,11
5677,5677,20,27
5678,5678,20,34
5679,5679,20,5
5680,5680,20,20
5681,5681,21,15
5682,5682,21,14
5683,5683,21,8
5684,5684,21,14
5685,5685,22,17
5686,5686,22,14
5687,5687,22,23
5688,5688,22,32
5689,5689,23,17
5690,5690,23,11
5691,5691,23,16
5692,5692,23,19
5693,5693,24,27
5694,5694,24,14
5695,5695,24,6
5696,5696,24,28
5697,5697,25,16
5698,5698,25,20
5699,5699,25,13
5700,5700,25,28
5701,5701,26,24
5702,5702,26,14
5703,5703,26,9
5704,5704,26,10
5705,5705,27,15
5706,5706,27,19
5707,5707,27,18
5708,5708,27,24
5709,5709,28,25
5710,5710,28,25
5711,5711,28,13
5712,5712,28,33
5713,5713,29,43
5714,5714,29,7
5715,5715,29,16
5716,5716,29,24
5717,5717,30,32
5718,5718,30,19
5719,5719,30,20
5720,5720,30,17
5721,5721,31,30
5722,5722,31,17
5723,5723,31,17
5724,5724,31,7
5725,5725,32,22
5726,5726,32,7
5727,5727,32,17
5728,5728,32,27
5729,5729,33,22
5730,5730,33,16
5731,5731,33,23
5732,5732,33,24
5733,5733,34,22
5734,5734,34,14
5735,5735,34,9
5736,5736,34,41
5737,5737,35,27
5738,5738,35,35
5739,5739,35,14
5740,5740,35,27
5741,5741,1,33
5742,5742,1,18
5743,5743,1,11
5744,5744,1,11
5745,5745,2,30
5746,5746,2,18
5747,5747,2,19
5748,5748,2,17
5749,5749,3,30
5750,5750,3,27
5751,5751,3,11
5752,5752,3,17
5753,5753,4,24
5754,5754,4,25
5755,5755,4,11
5756,5756,4,38
5757,5757,5,26
5758,5758,5,25
5759,5759,5,21
5760,5760,5,20
5761,5761,6,23
5762,5762,6,20
5763,5763,6,9
5764,5764,6,23
5765,5765,7,29
5766,5766,7,10
5767,5767,7,18
5768,5768,7,19
5769,5769,8,32
5770,5770,8,13
5771,5771,8,9
5772,5772,8,11
5773,5773,9,34
5774,5774,9,15
5775,5775,9,13
5776,5776,9,27
5777,5777,10,35
5778,5778,10,18
5779,5779,10,14
5780,5780,10,26
5781,5781,11,28
5782,5782,11,15
5783,5783,11,15
5784,5784,11,30
5785,5785,12,42
5786,5786,12,29
5787,5787,12,4
5788,5788,12,42
5789,5789,13,35
5790,5790,13,18
5791,5791,13,6
5792,5792,13,19
5793,5793,14,27
5794,5794,14,18
5795,5795,14,8
5796,5796,14,14
5797,5797,15,24
5798,5798,15,34
5799,5799,15,17
5800,5800,15,21
5801,5801,16,34
5802,5802,16,25
5803,5803,16,7
5804,5804,16,21
5805,5805,17,25
5806,5806,17,22
5807,5807,17,20
5808,5808,17,16
5809,5809,18,9
5810,5810,18,7
5811,5811,18,17
5812,5812,18,44
5813,5813,19,21
5814,5814,19,16
5815,5815,19,13
5816,5816,19,54
5817,5817,20,21
5818,5818,20,18
5819,5819,20,17
5820,5820,20,28
5821,5821,21,43
5822,5822,21,18
5823,5823,21,17
5824,5824,21,8
5825,5825,22,22
5826,5826,22,20
5827,5827,22,29
5828,5828,22,9
5829,5829,23,26
5830,5830,23,7
5831,5831,23,27
5832,5832,23,16
5833,5833,24,28
5834,5834,24,17
5835,5835,24,14
5836,5836,24,34
5837,5837,25,20
5838,5838,25,30
5839,5839,25,9
5840,5840,25,28
5841,5841,26,20
5842,5842,26,16
5843,5843,26,17
5844,5844,26,15
5845,5845,27,41
5846,5846,27,11
5847,5847,27,8
5848,5848,27,19
5849,5849,28,23
5850,5850,28,21
5851,5851,28,19
5852,5852,28,21
5853,5853,29,37
5854,5854,29,15
5855,5855,29,30
5856,5856,29,23
5857,5857,30,23
5858,5858,30,26
5859,5859,30,12
5860,5860,30,26
5861,5861,31,28
5862,5862,31,13
5863,5863,31,16
5864,5864,31,17
5865,5865,32,27
5866,5866,32,19
5867,5867,32,9
5868,5868,32,24
5869,5869,33,25
5870,5870,33,12
5871,5871,33,11
5872,5872,33,33
5873,5873,34,21
5874,5874,34,16
5875,5875,34,16
5876,5876,34,29
5877,5877,35,16
5878,5878,35,27
5879,5879,35,17
5880,5880,35,18
5881,5881,1,11
5882,5882,1,17
5883,5883,1,16
5884,5884,1,44
5885,5885,2,38
5886,5886,2,31
5887,5887,2,12
5888,5888,2,13
5889,5889,3,42
5890,5890,3,10
5891,5891,3,15
5892,5892,3,19
5893,5893,4,27
5894,5894,4,12
5895,5895,4,20
5896,5896,4,46
5897,5897,5,38
5898,5898,5,16
5899,5899,5,7
5900,5900,5,27
5901,5901,6,26
5902,5902,6,12
5903,5903,6,21
5904,5904,6,28
5905,5905,7,27
5906,5906,7,10
5907,5907,7,10
5908,5908,7,30
5909,5909,8,23
5910,5910,8,4
5911,5911,8,10
5912,5912,8,27
5913,5913,9,23
5914,5914,9,28
5915,5915,9,23
5916,5916,9,26
5917,5917,10,28
5918,5918,10,21
5919,5919,10,18
5920,5920,10,23
5921,5921,11,16
5922,5922,11,14
5923,5923,11,25
5924,5924,11,21
5925,5925,12,36
5926,5926,12,21
5927,5927,12,29
5928,5928,12,22
5929,5929,13,42
5930,5930,13,21
5931,5931,13,12
5932,5932,13,13
5933,5933,14,30
5934,5934,14,27
5935,5935,14,26
5936,5936,14,38
5937,5937,15,42
5938,5938,15,36
5939,5939,15,13
5940,5940,15,14
5941,5941,16,14
5942,5942,16,12
5943,5943,16,23
5944,5944,16,24
5945,5945,17,16
5946,5946,17,24
5947,5947,17,21
5948,5948,17,19
5949,5949,18,22
5950,5950,18,19
5951,5951,18,18
5952,5952,18,32
5953,5953,19,29
5954,5954,19,15
5955,5955,19,21
5956,5956,19,31
5957,5957,20,37
5958,5958,20,26
5959,5959,20,16
5960,5960,20,24
5961,5961,21,31
5962,5962,21,27
5963,5963,21,12
5964,5964,21,16
5965,5965,22,48
5966,5966,22,25
5967,5967,22,14
5968,5968,22,9
5969,5969,23,43
5970,5970,23,13
5971,5971,23,9
5972,5972,23,30
5973,5973,24,43
5974,5974,24,24
5975,5975,24,26
5976,5976,24,17
5977,5977,25,33
5978,5978,25,17
5979,5979,25,18
5980,5980,25,30
5981,5981,26,32
5982,5982,26,21
5983,5983,26,19
5984,5984,26,37
5985,5985,27,29
5986,5986,27,8
5987,5987,27,12
5988,5988,27,32
5989,5989,28,34
5990,5990,28,24
5991,5991,28,10
5992,5992,28,17
5993,5993,29,27
5994,5994,29,19
5995,5995,29,9
5996,5996,29,23
5997,5997,30,21
5998,5998,30,20
5999,5999,30,38
6000,6000,30,20
6001,6001,31,24
6002,6002,31,18
6003,6003,31,21
6004,6004,31,38
6005,6005,32,20
6006,6006,32,32
6007,6007,32,10
6008,6008,32,22
6009,6009,33,27
6010,6010,33,23
6011,6011,33,9
6012,6012,33,41
6013,6013,34,37
6014,6014,34,16
6015,6015,34,20
6016,6016,34,22
6017,6017,35,22
6018,6018,35,22
6019,6019,35,18
6020,6020,35,33
6021,6021,1,29
6022,6022,1,38
6023,6023,1,6
6024,6024,1,27
6025,6025,2,31
6026,6026,2,16
6027,6027,2,24
6028,6028,2,26
6029,6029,3,20
6030,6030,3,24
6031,6031,3,23
6032,6032,3,28
6033,6033,4,32
6034,6034,4,37
6035,6035,4,17
6036,6036,4,55
6037,6037,5,35
6038,6038,5,22
6039,6039,5,25
6040,6040,5,34
6041,6041,6,35
6042,6042,6,11
6043,6043,6,40
6044,6044,6,16
6045,6045,7,20
6046,6046,7,23
6047,6047,7,23
6048,6048,7,37
6049,6049,8,18
6050,6050,8,16
6051,6051,8,18
6052,6052,8,49
6053,6053,9,26
6054,6054,9,37
6055,6055,9,19
6056,6056,9,23
6057,6057,10,34
6058,6058,10,25
6059,6059,10,16
6060,6060,10,35
6061,6061,11,29
6062,6062,11,34
6063,6063,11,16
6064,6064,11,37
6065,6065,12,20
6066,6066,12,17
6067,6067,12,24
6068,6068,12,29
6069,6069,13,15
6070,6070,13,16
6071,6071,13,35
6072,6072,13,49
6073,6073,14,26
6074,6074,14,28
6075,6075,14,19
6076,6076,14,21
6077,6077,15,20
6078,6078,15,44
6079,6079,15,8
6080,6080,15,39
6081,6081,16,15
6082,6082,16,38
6083,6083,16,9
6084,6084,16,35
6085,6085,17,33
6086,6086,17,17
6087,6087,17,31
6088,6088,17,30
6089,6089,18,29
6090,6090,18,18
6091,6091,18,19
6092,6092,18,28
6093,6093,19,17
6094,6094,19,29
6095,6095,19,29
6096,6096,19,25
6097,6097,20,38
6098,6098,20,26
6099,6099,20,27
6100,6100,20,12
6101,6101,21,50
6102,6102,21,13
6103,6103,21,16
6104,6104,21,15
6105,6105,22,43
6106,6106,22,14
6107,6107,22,12
6108,6108,22,20
6109,6109,23,41
6110,6110,23,29
6111,6111,23,10
6112,6112,23,15
6113,6113,24,39
6114,6114,24,9
6115,6115,24,10
6116,6116,24,29
6117,6117,25,29
6118,6118,25,27
6119,6119,25,8
6120,6120,25,28
6121,6121,26,26
6122,6122,26,40
6123,6123,26,13
6124,6124,26,22
6125,6125,27,33
6126,6126,27,18
6127,6127,27,9
6128,6128,27,21
6129,6129,28,38
6130,6130,28,16
6131,6131,28,19
6132,6132,28,38
6133,6133,29,31
6134,6134,29,31
6135,6135,29,16
6136,6136,29,35
6137,6137,30,18
6138,6138,30,26
6139,6139,30,24
6140,6140,30,20
6141,6141,31,30
6142,6142,31,20
6143,6143,31,20
6144,6144,31,23
6145,6145,32,57
6146,6146,32,14
6147,6147,32,13
6148,6148,32,31
6149,6149,33,30
6150,6150,33,22
6151,6151,33,28
6152,6152,33,41
6153,6153,34,22
6154,6154,34,16
6155,6155,34,19
6156,6156,34,21
6157,6157,35,48
6158,6158,35,12
6159,6159,35,15
6160,6160,35,28
6161,6161,1,53
6162,6162,1,17
6163,6163,1,5
6164,6164,1,31
6165,6165,2,25
6166,6166,2,41
6167,6167,2,20
6168,6168,2,17
6169,6169,3,28
6170,6170,3,21
6171,6171,3,12
6172,6172,3,39
6173,6173,4,49
6174,6174,4,13
6175,6175,4,23
6176,6176,4,34
6177,6177,5,43
6178,6178,5,29
6179,6179,5,18
6180,6180,5,19
6181,6181,6,39
6182,6182,6,30
6183,6183,6,24
6184,6184,6,15
6185,6185,7,51
6186,6186,7,19
6187,6187,7,14
6188,6188,7,26
6189,6189,8,22
6190,6190,8,26
6191,6191,8,22
6192,6192,8,21
6193,6193,9,48
6194,6194,9,33
6195,6195,9,17
6196,6196,9,25
6197,6197,10,33
6198,6198,10,24
6199,6199,10,24
6200,6200,10,24
6201,6201,11,31
6202,6202,11,14
6203,6203,11,36
6204,6204,11,22
6205,6205,12,22
6206,6206,12,13
6207,6207,12,29
6208,6208,12,32
6209,6209,13,27
6210,6210,13,15
6211,6211,13,16
6212,6212,13,36
6213,6213,14,29
6214,6214,14,18
6215,6215,14,32
6216,6216,14,48
6217,6217,15,41
6218,6218,15,21
6219,6219,15,12
6220,6220,15,27
6221,6221,16,42
6222,6222,16,34
6223,6223,16,16
6224,6224,16,37
6225,6225,17,32
6226,6226,17,18
6227,6227,17,12
6228,6228,17,41
6229,6229,18,22
6230,6230,18,24
6231,6231,18,18
6232,6232,18,33
6233,6233,19,45
6234,6234,19,21
6235,6235,19,25
6236,6236,19,23
6237,6237,20,31
6238,6238,20,21
6239,6239,20,12
6240,6240,20,25
6241,6241,21,39
6242,6242,21,23
6243,6243,21,23
6244,6244,21,15
6245,6245,22,20
6246,6246,22,25
6247,6247,22,30
6248,6248,22,11
6249,6249,23,32
6250,6250,23,20
6251,6251,23,17
6252,6252,23,28
6253,6253,24,30
6254,6254,24,19
6255,6255,24,18
6256,6256,24,27
6257,6257,25,20
6258,6258,25,22
6259,6259,25,22
6260,6260,25,28
6261,6261,26,20
6262,6262,26,22
6263,6263,26,30
6264,6264,26,19
6265,6265,27,39
6266,6266,27,21
6267,6267,27,16
6268,6268,27,19
6269,6269,28,22
6270,6270,28,19
6271,6271,28,36
6272,6272,28,32
6273,6273,29,24
6274,6274,29,30
6275,6275,29,31
6276,6276,29,35
6277,6277,30,46
6278,6278,30,19
6279,6279,30,40
6280,6280,30,20
6281,6281,31,24
6282,6282,31,33
6283,6283,31,30
6284,6284,31,14
6285,6285,32,22
6286,6286,32,19
6287,6287,32,36
6288,6288,32,17
6289,6289,33,27
6290,6290,33,13
6291,6291,33,39
6292,6292,33,39
6293,6293,34,45
6294,6294,34,13
6295,6295,34,21
6296,6296,34,15
6297,6297,35,35
6298,6298,35,13
6299,6299,35,31
6300,6300,35,19
6301,6301,1,32
6302,6302,1,24
6303,6303,1,31
6304,6304,1,19
6305,6305,2,29
6306,6306,2,12
6307,6307,2,41
6308,6308,2,12
6309,6309,3,35
6310,6310,3,19
6311,6311,3,11
6312,6312,3,32
6313,6313,4,38
6314,6314,4,12
6315,6315,4,21
6316,6316,4,33
6317,6317,5,23
6318,6318,5,13
6319,6319,5,9
6320,6320,5,32
6321,6321,6,28
6322,6322,6,18
6323,6323,6,13
6324,6324,6,21
6325,6325,7,26
6326,6326,7,21
6327,6327,7,16
6328,6328,7,21
6329,6329,8,17
6330,6330,8,13
6331,6331,8,28
6332,6332,8,30
6333,6333,9,23
6334,6334,9,21
6335,6335,9,9
6336,6336,9,25
6337,6337,10,25
6338,6338,10,26
6339,6339,10,20
6340,6340,10,28
6341,6341,11,25
6342,6342,11,20
6343,6343,11,19
6344,6344,11,33
6345,6345,12,23
6346,6346,12,14
6347,6347,12,5
6348,6348,12,31
6349,6349,13,28
6350,6350,13,24
6351,6351,13,8
6352,6352,13,34
6353,6353,14,21
6354,6354,14,24
6355,6355,14,7
6356,6356,14,34
6357,6357,15,33
6358,6358,15,13
6359,6359,15,13
6360,6360,15,14
6361,6361,16,24
6362,6362,16,22
6363,6363,16,23
6364,6364,16,44
6365,6365,17,29
6366,6366,17,17
6367,6367,17,27
6368,6368,17,23
6369,6369,18,28
6370,6370,18,16
6371,6371,18,19
6372,6372,18,35
6373,6373,19,27
6374,6374,19,30
6375,6375,19,23
6376,6376,19,15
6377,6377,20,20
6378,6378,20,21
6379,6379,20,17
6380,6380,20,22
6381,6381,21,36
6382,6382,21,35
6383,6383,21,13
6384,6384,21,23
6385,6385,22,24
6386,6386,22,23
6387,6387,22,15
6388,6388,22,21
6389,6389,23,25
6390,6390,23,29
6391,6391,23,14
6392,6392,23,19
6393,6393,24,37
6394,6394,24,30
6395,6395,24,15
6396,6396,24,6
6397,6397,25,19
6398,6398,25,20
6399,6399,25,29
6400,6400,25,20
6401,6401,26,39
6402,6402,26,21
6403,6403,26,14
6404,6404,26,13
6405,6405,27,45
6406,6406,27,14
6407,6407,27,17
6408,6408,27,18
6409,6409,28,26
6410,6410,28,23
6411,6411,28,10
6412,6412,28,22
6413,6413,29,34
6414,6414,29,8
6415,6415,29,15
6416,6416,29,30
6417,6417,30,23
6418,6418,30,14
6419,6419,30,18
6420,6420,30,28
6421,6421,31,30
6422,6422,31,19
6423,6423,31,24
6424,6424,31,13
6425,6425,32,38
6426,6426,32,14
6427,6427,32,14
6428,6428,32,24
6429,6429,33,3
6430,6430,33,49
6431,6431,33,39
6432,6432,33,16
6433,6433,34,35
6434,6434,34,14
6435,6435,34,14
6436,6436,34,29
6437,6437,35,38
6438,6438,35,11
6439,6439,35,17
6440,6440,35,22
6441,6441,1,32
6442,6442,1,11
6443,6443,1,9
6444,6444,1,23
6445,6445,2,28
6446,6446,2,29
6447,6447,2,13
6448,6448,2,17
6449,6449,3,21
6450,6450,3,11
6451,6451,3,20
6452,6452,3,13
6453,6453,4,14
6454,6454,4,28
6455,6455,4,12
6456,6456,4,24
6457,6457,5,32
6458,6458,5,12
6459,6459,5,8
6460,6460,5,35
6461,6461,6,41
6462,6462,6,12
6463,6463,6,7
6464,6464,6,22
6465,6465,7,24
6466,6466,7,8
6467,6467,7,10
6468,6468,7,26
6469,6469,8,28
6470,6470,8,8
6471,6471,8,10
6472,6472,8,27
6473,6473,9,24
6474,6474,9,28
6475,6475,9,15
6476,6476,9,27
6477,6477,10,17
6478,6478,10,23
6479,6479,10,14
6480,6480,10,14
6481,6481,11,28
6482,6482,11,35
6483,6483,11,15
6484,6484,11,18
6485,6485,12,26
6486,6486,12,21
6487,6487,12,11
6488,6488,12,14
6489,6489,13,35
6490,6490,13,9
6491,6491,13,23
6492,6492,13,12
6493,6493,14,29
6494,6494,14,12
6495,6495,14,9
6496,6496,14,15
6497,6497,15,29
6498,6498,15,23
6499,6499,15,9
6500,6500,15,10
6501,6501,16,25
6502,6502,16,10
6503,6503,16,24
6504,6504,16,14
6505,6505,17,26
6506,6506,17,6
6507,6507,17,19
6508,6508,17,21
6509,6509,18,15
6510,6510,18,19
6511,6511,18,22
6512,6512,18,20
6513,6513,19,23
6514,6514,19,10
6515,6515,19,10
6516,6516,19,31
6517,6517,20,37
6518,6518,20,20
6519,6519,20,10
6520,6520,20,19
6521,6521,21,36
6522,6522,21,10
6523,6523,21,15
6524,6524,21,18
6525,6525,22,28
6526,6526,22,24
6527,6527,22,11
6528,6528,22,26
6529,6529,23,21
6530,6530,23,21
6531,6531,23,13
6532,6532,23,14
6533,6533,24,23
6534,6534,24,13
6535,6535,24,15
6536,6536,24,10
6537,6537,25,19
6538,6538,25,25
6539,6539,25,12
6540,6540,25,21
6541,6541,26,11
6542,6542,26,13
6543,6543,26,17
6544,6544,26,25
6545,6545,27,33
6546,6546,27,16
6547,6547,27,10
6548,6548,27,10
6549,6549,28,22
6550,6550,28,14
6551,6551,28,14
6552,6552,28,17
6553,6553,29,24
6554,6554,29,14
6555,6555,29,18
6556,6556,29,14
6557,6557,30,15
6558,6558,30,22
6559,6559,30,15
6560,6560,30,17
6561,6561,31,20
6562,6562,31,12
6563,6563,31,20
6564,6564,31,27
6565,6565,32,38
6566,6566,32,7
6567,6567,32,21
6568,6568,32,13
6569,6569,33,27
6570,6570,33,30
6571,6571,33,10
6572,6572,33,12
6573,6573,34,26
6574,6574,34,17
6575,6575,34,8
6576,6576,34,14
6577,6577,35,31
6578,6578,35,13
6579,6579,35,21
6580,6580,35,14
6581,6581,1,25
6582,6582,1,16
6583,6583,1,5
6584,6584,1,17
6585,6585,2,28
6586,6586,2,17
6587,6587,2,19
6588,6588,2,23
6589,6589,3,26
6590,6590,3,13
6591,6591,3,17
6592,6592,3,21
6593,6593,4,38
6594,6594,4,18
6595,6595,4,12
6596,6596,4,16
6597,6597,5,21
6598,6598,5,9
6599,6599,5,17
6600,6600,5,19
6601,6601,6,22
6602,6602,6,19
6603,6603,6,4
6604,6604,6,21
6605,6605,7,14
6606,6606,7,23
6607,6607,7,12
6608,6608,7,26
6609,6609,8,13
6610,6610,8,18
6611,6611,8,8
6612,6612,8,24
6613,6613,9,17
6614,6614,9,14
6615,6615,9,10
6616,6616,9,29
6617,6617,10,25
6618,6618,10,14
6619,6619,10,6
6620,6620,10,34
6621,6621,11,32
6622,6622,11,16
6623,6623,11,13
6624,6624,11,18
6625,6625,12,18
6626,6626,12,13
6627,6627,12,10
6628,6628,12,20
6629,6629,13,29
6630,6630,13,19
6631,6631,13,19
6632,6632,13,17
6633,6633,14,23
6634,6634,14,23
6635,6635,14,17
6636,6636,14,19
6637,6637,15,21
6638,6638,15,13
6639,6639,15,22
6640,6640,15,39
6641,6641,16,29
6642,6642,16,13
6643,6643,16,9
6644,6644,16,21
6645,6645,17,31
6646,6646,17,12
6647,6647,17,15
6648,6648,17,20
6649,6649,18,40
6650,6650,18,26
6651,6651,18,9
6652,6652,18,8
6653,6653,19,28
6654,6654,19,24
6655,6655,19,6
6656,6656,19,19
6657,6657,20,27
6658,6658,20,13
6659,6659,20,15
6660,6660,20,19
6661,6661,21,31
6662,6662,21,15
6663,6663,21,27
6664,6664,21,7
6665,6665,22,10
6666,6666,22,30
6667,6667,22,21
6668,6668,22,13
6669,6669,23,23
6670,6670,23,10
6671,6671,23,14
6672,6672,23,30
6673,6673,24,15
6674,6674,24,16
6675,6675,24,16
6676,6676,24,27
6677,6677,25,14
6678,6678,25,17
6679,6679,25,14
6680,6680,25,23
6681,6681,26,18
6682,6682,26,19
6683,6683,26,7
6684,6684,26,27
6685,6685,27,26
6686,6686,27,17
6687,6687,27,9
6688,6688,27,18
6689,6689,28,11
6690,6690,28,23
6691,6691,28,19
6692,6692,28,24
6693,6693,29,15
6694,6694,29,12
6695,6695,29,33
6696,6696,29,9
6697,6697,30,12
6698,6698,30,11
6699,6699,30,11
6700,6700,30,30
6701,6701,31,31
6702,6702,31,14
6703,6703,31,27
6704,6704,31,23
6705,6705,32,13
6706,6706,32,18
6707,6707,32,14
6708,6708,32,15
6709,6709,33,16
6710,6710,33,17
6711,6711,33,19
6712,6712,33,21
6713,6713,34,15
6714,6714,34,12
6715,6715,34,20
6716,6716,34,22
6717,6717,35,32
6718,6718,35,26
6719,6719,35,16
6720,6720,35,19
6721,6721,1,9
6722,6722,1,18
6723,6723,1,19
6724,6724,1,17
6725,6725,2,24
6726,6726,2,24
6727,6727,2,8
6728,6728,2,32
6729,6729,3,27
6730,6730,3,14
6731,6731,3,15
6732,6732,3,30
6733,6733,4,9
6734,6734,4,39
6735,6735,4,9
6736,6736,4,30
6737,6737,5,44
6738,6738,5,28
6739,6739,5,8
6740,6740,5,18
6741,6741,6,19
6742,6742,6,19
6743,6743,6,22
6744,6744,6,31
6745,6745,7,20
6746,6746,7,15
6747,6747,7,7
6748,6748,7,12
6749,6749,8,43
6750,6750,8,17
6751,6751,8,17
6752,6752,8,19
6753,6753,9,31
6754,6754,9,14
6755,6755,9,9
6756,6756,9,15
6757,6757,10,13
6758,6758,10,18
6759,6759,10,31
6760,6760,10,19
6761,6761,11,30
6762,6762,11,27
6763,6763,11,9
6764,6764,11,11
6765,6765,12,16
6766,6766,12,24
6767,6767,12,14
6768,6768,12,37
6769,6769,13,21
6770,6770,13,25
6771,6771,13,4
6772,6772,13,50
6773,6773,14,33
6774,6774,14,21
6775,6775,14,16
6776,6776,14,21
6777,6777,15,39
6778,6778,15,14
6779,6779,15,9
6780,6780,15,8
6781,6781,16,16
6782,6782,16,24
6783,6783,16,24
6784,6784,16,19
6785,6785,17,22
6786,6786,17,15
6787,6787,17,15
6788,6788,17,38
6789,6789,18,28
6790,6790,18,23
6791,6791,18,9
6792,6792,18,29
6793,6793,19,20
6794,6794,19,16
6795,6795,19,17
6796,6796,19,28
6797,6797,20,32
6798,6798,20,6
6799,6799,20,6
6800,6800,20,23
6801,6801,21,30
6802,6802,21,17
6803,6803,21,20
6804,6804,21,19
6805,6805,22,26
6806,6806,22,12
6807,6807,22,10
6808,6808,22,21
6809,6809,23,28
6810,6810,23,24
6811,6811,23,17
6812,6812,23,29
6813,6813,24,19
6814,6814,24,11
6815,6815,24,24
6816,6816,24,17
6817,6817,25,24
6818,6818,25,19
6819,6819,25,16
6820,6820,25,29
6821,6821,26,17
6822,6822,26,27
6823,6823,26,37
6824,6824,26,21
6825,6825,27,30
6826,6826,27,29
6827,6827,27,9
6828,6828,27,23
6829,6829,28,37
6830,6830,28,21
6831,6831,28,5
6832,6832,28,17
6833,6833,29,37
6834,6834,29,12
6835,6835,29,25
6836,6836,29,19
6837,6837,30,28
6838,6838,30,18
6839,6839,30,22
6840,6840,30,23
6841,6841,31,18
6842,6842,31,19
6843,6843,31,14
6844,6844,31,17
6845,6845,32,24
6846,6846,32,17
6847,6847,32,11
6848,6848,32,22
6849,6849,33,19
6850,6850,33,21
6851,6851,33,17
6852,6852,33,20
6853,6853,34,19
6854,6854,34,16
6855,6855,34,19
6856,6856,34,23
6857,6857,35,24
6858,6858,35,17
6859,6859,35,17
6860,6860,35,18
6861,6861,1,17
6862,6862,1,14
6863,6863,1,18
6864,6864,1,34
6865,6865,2,20
6866,6866,2,10
6867,6867,2,21
6868,6868,2,36
6869,6869,3,36
6870,6870,3,26
6871,6871,3,20
6872,6872,3,36
6873,6873,4,36
6874,6874,4,19
6875,6875,4,9
6876,6876,4,32
6877,6877,5,29
6878,6878,5,28
6879,6879,5,8
6880,6880,5,30
6881,6881,6,15
6882,6882,6,15
6883,6883,6,16
6884,6884,6,37
6885,6885,7,40
6886,6886,7,17
6887,6887,7,14
6888,6888,7,23
6889,6889,8,17
6890,6890,8,10
6891,6891,8,15
6892,6892,8,51
6893,6893,9,41
6894,6894,9,34
6895,6895,9,10
6896,6896,9,13
6897,6897,10,35
6898,6898,10,34
6899,6899,10,7
6900,6900,10,25
6901,6901,11,20
6902,6902,11,15
6903,6903,11,15
6904,6904,11,26
6905,6905,12,16
6906,6906,12,19
6907,6907,12,11
6908,6908,12,45
6909,6909,13,46
6910,6910,13,11
6911,6911,13,24
6912,6912,13,35
6913,6913,14,16
6914,6914,14,36
6915,6915,14,20
6916,6916,14,23
6917,6917,15,39
6918,6918,15,18
6919,6919,15,13
6920,6920,15,36
6921,6921,16,46
6922,6922,16,30
6923,6923,16,14
6924,6924,16,18
6925,6925,17,22
6926,6926,17,17
6927,6927,17,20
6928,6928,17,32
6929,6929,18,38
6930,6930,18,31
6931,6931,18,15
6932,6932,18,24
6933,6933,19,32
6934,6934,19,13
6935,6935,19,20
6936,6936,19,18
6937,6937,20,27
6938,6938,20,25
6939,6939,20,11
6940,6940,20,20
6941,6941,21,28
6942,6942,21,23
6943,6943,21,21
6944,6944,21,19
6945,6945,22,17
6946,6946,22,33
6947,6947,22,30
6948,6948,22,24
6949,6949,23,37
6950,6950,23,18
6951,6951,23,11
6952,6952,23,28
6953,6953,24,25
6954,6954,24,13
6955,6955,24,12
6956,6956,24,40
6957,6957,25,23
6958,6958,25,19
6959,6959,25,15
6960,6960,25,24
6961,6961,26,34
6962,6962,26,9
6963,6963,26,16
6964,6964,26,12
6965,6965,27,29
6966,6966,27,7
6967,6967,27,27
6968,6968,27,35
6969,6969,28,37
6970,6970,28,29
6971,6971,28,26
6972,6972,28,23
6973,6973,29,19
6974,6974,29,9
6975,6975,29,13
6976,6976,29,45
6977,6977,30,17
6978,6978,30,14
6979,6979,30,11
6980,6980,30,43
6981,6981,31,25
6982,6982,31,10
6983,6983,31,23
6984,6984,31,38
6985,6985,32,51
6986,6986,32,8
6987,6987,32,13
6988,6988,32,26
6989,6989,33,22
6990,6990,33,23
6991,6991,33,20
6992,6992,33,22
6993,6993,34,15
6994,6994,34,41
6995,6995,34,31
6996,6996,34,33
6997,6997,35,20
6998,6998,35,15
6999,6999,35,16
7000,7000,35,31
7001,7001,1,27
7002,7002,1,36
7003,7003,1,23
7004,7004,1,17
7005,7005,2,36
7006,7006,2,12
7007,7007,2,21
7008,7008,2,27
7009,7009,3,54
7010,7010,3,28
7011,7011,3,11
7012,7012,3,25
7013,7013,4,42
7014,7014,4,21
7015,7015,4,16
7016,7016,4,37
7017,7017,5,34
7018,7018,5,18
7019,7019,5,23
7020,7020,5,34
7021,7021,6,31
7022,7022,6,23
7023,7023,6,9
7024,7024,6,30
7025,7025,7,22
7026,7026,7,24
7027,7027,7,22
7028,7028,7,22
7029,7029,8,29
7030,7030,8,30
7031,7031,8,36
7032,7032,8,24
7033,7033,9,23
7034,7034,9,12
7035,7035,9,30
7036,7036,9,43
7037,7037,10,31
7038,7038,10,11
7039,7039,10,16
7040,7040,10,24
7041,7041,11,35
7042,7042,11,23
7043,7043,11,17
7044,7044,11,34
7045,7045,12,25
7046,7046,12,24
7047,7047,12,9
7048,7048,12,23
7049,7049,13,28
7050,7050,13,21
7051,7051,13,10
7052,7052,13,39
7053,7053,14,39
7054,7054,14,28
7055,7055,14,10
7056,7056,14,44
7057,7057,15,30
7058,7058,15,46
7059,7059,15,13
7060,7060,15,29
7061,7061,16,41
7062,7062,16,17
7063,7063,16,23
7064,7064,16,27
7065,7065,17,38
7066,7066,17,14
7067,7067,17,19
7068,7068,17,26
7069,7069,18,26
7070,7070,18,32
7071,7071,18,13
7072,7072,18,20
7073,7073,19,54
7074,7074,19,17
7075,7075,19,14
7076,7076,19,19
7077,7077,20,25
7078,7078,20,8
7079,7079,20,25
7080,7080,20,62
7081,7081,21,22
7082,7082,21,22
7083,7083,21,17
7084,7084,21,34
7085,7085,22,21
7086,7086,22,28
7087,7087,22,17
7088,7088,22,18
7089,7089,23,28
7090,7090,23,31
7091,7091,23,16
7092,7092,23,12
7093,7093,24,40
7094,7094,24,15
7095,7095,24,7
7096,7096,24,33
7097,7097,25,40
7098,7098,25,25
7099,7099,25,16
7100,7100,25,49
7101,7101,26,31
7102,7102,26,26
7103,7103,26,18
7104,7104,26,34
7105,7105,27,43
7106,7106,27,9
7107,7107,27,9
7108,7108,27,22
7109,7109,28,14
7110,7110,28,15
7111,7111,28,33
7112,7112,28,34
7113,7113,29,15
7114,7114,29,42
7115,7115,29,30
7116,7116,29,11
7117,7117,30,52
7118,7118,30,12
7119,7119,30,20
7120,7120,30,25
7121,7121,31,37
7122,7122,31,22
7123,7123,31,13
7124,7124,31,42
7125,7125,32,30
7126,7126,32,19
7127,7127,32,22
7128,7128,32,16
7129,7129,33,22
7130,7130,33,39
7131,7131,33,12
7132,7132,33,15
7133,7133,34,36
7134,7134,34,16
7135,7135,34,28
7136,7136,34,11
7137,7137,35,29
7138,7138,35,33
7139,7139,35,12
7140,7140,35,26
7141,7141,1,20
7142,7142,1,16
7143,7143,1,30
7144,7144,1,12
7145,7145,2,19
7146,7146,2,31
7147,7147,2,17
7148,7148,2,34
7149,7149,3,37
7150,7150,3,32
7151,7151,3,11
7152,7152,3,19
7153,7153,4,49
7154,7154,4,34
7155,7155,4,22
7156,7156,4,13
7157,7157,5,43
7158,7158,5,20
7159,7159,5,20
7160,7160,5,18
7161,7161,6,34
7162,7162,6,38
7163,7163,6,12
7164,7164,6,38
7165,7165,7,66
7166,7166,7,39
7167,7167,7,11
7168,7168,7,15
7169,7169,8,44
7170,7170,8,12
7171,7171,8,32
7172,7172,8,34
7173,7173,9,22
7174,7174,9,25
7175,7175,9,21
7176,7176,9,19
7177,7177,10,22
7178,7178,10,28
7179,7179,10,22
7180,7180,10,26
7181,7181,11,30
7182,7182,11,30
7183,7183,11,24
7184,7184,11,25
7185,7185,12,36
7186,7186,12,20
7187,7187,12,22
7188,7188,12,20
7189,7189,13,19
7190,7190,13,26
7191,7191,13,27
7192,7192,13,26
7193,7193,14,48
7194,7194,14,6
7195,7195,14,13
7196,7196,14,30
7197,7197,15,21
7198,7198,15,32
7199,7199,15,18
7200,7200,15,42
7201,7201,16,11
7202,7202,16,28
7203,7203,16,30
7204,7204,16,41
7205,7205,17,22
7206,7206,17,18
7207,7207,17,26
7208,7208,17,25
7209,7209,18,46
7210,7210,18,21
7211,7211,18,14
7212,7212,18,37
7213,7213,19,16
7214,7214,19,29
7215,7215,19,8
7216,7216,19,36
7217,7217,20,30
7218,7218,20,24
7219,7219,20,13
7220,7220,20,25
7221,7221,21,20
7222,7222,21,32
7223,7223,21,27
7224,7224,21,32
7225,7225,22,48
7226,7226,22,21
7227,7227,22,7
7228,7228,22,39
7229,7229,23,33
7230,7230,23,14
7231,7231,23,16
7232,7232,23,40
7233,7233,24,38
7234,7234,24,24
7235,7235,24,31
7236,7236,24,23
7237,7237,25,31
7238,7238,25,32
7239,7239,25,36
7240,7240,25,27
7241,7241,26,42
7242,7242,26,46
7243,7243,26,7
7244,7244,26,14
7245,7245,27,33
7246,7246,27,34
7247,7247,27,22
7248,7248,27,24
7249,7249,28,46
7250,7250,28,42
7251,7251,28,21
7252,7252,28,16
7253,7253,29,21
7254,7254,29,36
7255,7255,29,8
7256,7256,29,32
7257,7257,30,30
7258,7258,30,18
7259,7259,30,17
7260,7260,30,16
7261,7261,31,31
7262,7262,31,11
7263,7263,31,44
7264,7264,31,14
7265,7265,32,36
7266,7266,32,26
7267,7267,32,15
7268,7268,32,10
7269,7269,33,51
7270,7270,33,33
7271,7271,33,25
7272,7272,33,17
7273,7273,34,32
7274,7274,34,23
7275,7275,34,32
7276,7276,34,20
7277,7277,35,25
7278,7278,35,21
7279,7279,35,14
7280,7280,35,21
7281,7281,1,17
7282,7282,1,14
7283,7283,1,11
7284,7284,1,37
7285,7285,2,18
7286,7286,2,8
7287,7287,2,22
7288,7288,2,22
7289,7289,3,45
7290,7290,3,16
7291,7291,3,19
7292,7292,3,18
7293,7293,4,35
7294,7294,4,20
7295,7295,4,11
7296,7296,4,10
7297,7297,5,30
7298,7298,5,23
7299,7299,5,14
7300,7300,5,19
7301,7301,6,24
7302,7302,6,22
7303,7303,6,18
7304,7304,6,16
7305,7305,7,35
7306,7306,7,18
7307,7307,7,21
7308,7308,7,16
7309,7309,8,28
7310,7310,8,24
7311,7311,8,31
7312,7312,8,18
7313,7313,9,23
7314,7314,9,17
7315,7315,9,14
7316,7316,9,14
7317,7317,10,18
7318,7318,10,26
7319,7319,10,13
7320,7320,10,44
7321,7321,11,24
7322,7322,11,24
7323,7323,11,21
7324,7324,11,39
7325,7325,12,47
7326,7326,12,4
7327,7327,12,30
7328,7328,12,22
7329,7329,13,27
7330,7330,13,12
7331,7331,13,30
7332,7332,13,6
7333,7333,14,16
7334,7334,14,24
7335,7335,14,13
7336,7336,14,23
7337,7337,15,21
7338,7338,15,22
7339,7339,15,17
7340,7340,15,21
7341,7341,16,32
7342,7342,16,8
7343,7343,16,25
7344,7344,16,21
7345,7345,17,14
7346,7346,17,29
7347,7347,17,18
7348,7348,17,24
7349,7349,18,31
7350,7350,18,23
7351,7351,18,13
7352,7352,18,39
7353,7353,19,30
7354,7354,19,18
7355,7355,19,2
7356,7356,19,31
7357,7357,20,52
7358,7358,20,22
7359,7359,20,23
7360,7360,20,26
7361,7361,21,26
7362,7362,21,20
7363,7363,21,16
7364,7364,21,30
7365,7365,22,26
7366,7366,22,30
7367,7367,22,16
7368,7368,22,19
7369,7369,23,13
7370,7370,23,20
7371,7371,23,11
7372,7372,23,39
7373,7373,24,18
7374,7374,24,19
7375,7375,24,21
7376,7376,24,28
7377,7377,25,27
7378,7378,25,20
7379,7379,25,25
7380,7380,25,27
7381,7381,26,32
7382,7382,26,22
7383,7383,26,16
7384,7384,26,36
7385,7385,27,32
7386,7386,27,12
7387,7387,27,12
7388,7388,27,21
7389,7389,28,28
7390,7390,28,21
7391,7391,28,16
7392,7392,28,26
7393,7393,29,27
7394,7394,29,20
7395,7395,29,25
7396,7396,29,19
7397,7397,30,36
7398,7398,30,25
7399,7399,30,21
7400,7400,30,32
7401,7401,31,30
7402,7402,31,9
7403,7403,31,9
7404,7404,31,16
7405,7405,32,28
7406,7406,32,22
7407,7407,32,12
7408,7408,32,18
7409,7409,33,28
7410,7410,33,11
7411,7411,33,26
7412,7412,33,23
7413,7413,34,42
7414,7414,34,16
7415,7415,34,21
7416,7416,34,26
7417,7417,35,18
7418,7418,35,25
7419,7419,35,22
7420,7420,35,23
7421,7421,1,22
7422,7422,1,17
7423,7423,1,19
7424,7424,1,19
7425,7425,2,13
7426,7426,2,16
7427,7427,2,6
7428,7428,2,26
7429,7429,3,25
7430,7430,3,15
7431,7431,3,23
7432,7432,3,25
7433,7433,4,18
7434,7434,4,20
7435,7435,4,14
7436,7436,4,21
7437,7437,5,15
7438,7438,5,16
7439,7439,5,12
7440,7440,5,21
7441,7441,6,22
7442,7442,6,15
7443,7443,6,18
7444,7444,6,27
7445,7445,7,27
7446,7446,7,19
7447,7447,7,15
7448,7448,7,16
7449,7449,8,18
7450,7450,8,15
7451,7451,8,10
7452,7452,8,16
7453,7453,9,19
7454,7454,9,4
7455,7455,9,20
7456,7456,9,20
7457,7457,10,21
7458,7458,10,13
7459,7459,10,14
7460,7460,10,28
7461,7461,11,33
7462,7462,11,10
7463,7463,11,19
7464,7464,11,12
7465,7465,12,17
7466,7466,12,22
7467,7467,12,8
7468,7468,12,27
7469,7469,13,28
7470,7470,13,16
7471,7471,13,16
7472,7472,13,10
7473,7473,14,35
7474,7474,14,20
7475,7475,14,10
7476,7476,14,15
7477,7477,15,14
7478,7478,15,15
7479,7479,15,8
7480,7480,15,18
7481,7481,16,17
7482,7482,16,16
7483,7483,16,15
7484,7484,16,25
7485,7485,17,18
7486,7486,17,20
7487,7487,17,16
7488,7488,17,21
7489,7489,18,17
7490,7490,18,7
7491,7491,18,22
7492,7492,18,29
7493,7493,19,21
7494,7494,19,16
7495,7495,19,9
7496,7496,19,27
7497,7497,20,38
7498,7498,20,13
7499,7499,20,13
7500,7500,20,20
7501,7501,21,17
7502,7502,21,26
7503,7503,21,7
7504,7504,21,29
7505,7505,22,14
7506,7506,22,17
7507,7507,22,19
7508,7508,22,22
7509,7509,23,21
7510,7510,23,14
7511,7511,23,11
7512,7512,23,15
7513,7513,24,27
7514,7514,24,15
7515,7515,24,16
7516,7516,24,18
7517,7517,25,15
7518,7518,25,5
7519,7519,25,13
7520,7520,25,30
7521,7521,26,15
7522,7522,26,17
7523,7523,26,15
7524,7524,26,21
7525,7525,27,19
7526,7526,27,7
7527,7527,27,27
7528,7528,27,34
7529,7529,28,17
7530,7530,28,19
7531,7531,28,7
7532,7532,28,20
7533,7533,29,20
7534,7534,29,11
7535,7535,29,12
7536,7536,29,17
7537,7537,30,30
7538,7538,30,13
7539,7539,30,14
7540,7540,30,22
7541,7541,31,26
7542,7542,31,22
7543,7543,31,11
7544,7544,31,15
7545,7545,32,30
7546,7546,32,12
7547,7547,32,20
7548,7548,32,22
7549,7549,33,22
7550,7550,33,11
7551,7551,33,22
7552,7552,33,16
7553,7553,34,31
7554,7554,34,13
7555,7555,34,16
7556,7556,34,16
7557,7557,35,47
7558,7558,35,13
7559,7559,35,21
7560,7560,35,15
7561,7561,1,17
7562,7562,1,22
7563,7563,1,13
7564,7564,1,38
7565,7565,2,36
7566,7566,2,10
7567,7567,2,19
7568,7568,2,13
7569,7569,3,33
7570,7570,3,14
7571,7571,3,7
7572,7572,3,24
7573,7573,4,29
7574,7574,4,20
7575,7575,4,8
7576,7576,4,26
7577,7577,5,15
7578,7578,5,31
7579,7579,5,4
7580,7580,5,15
7581,7581,6,19
7582,7582,6,28
7583,7583,6,15
7584,7584,6,24
7585,7585,7,33
7586,7586,7,20
7587,7587,7,19
7588,7588,7,19
7589,7589,8,39
7590,7590,8,13
7591,7591,8,14
7592,7592,8,22
7593,7593,9,10
7594,7594,9,18
7595,7595,9,16
7596,7596,9,32
7597,7597,10,15
7598,7598,10,27
7599,7599,10,9
7600,7600,10,29
7601,7601,11,28
7602,7602,11,16
7603,7603,11,12
7604,7604,11,15
7605,7605,12,20
7606,7606,12,23
7607,7607,12,15
7608,7608,12,24
7609,7609,13,17
7610,7610,13,17
7611,7611,13,12
7612,7612,13,22
7613,7613,14,11
7614,7614,14,17
7615,7615,14,10
7616,7616,14,31
7617,7617,15,36
7618,7618,15,23
7619,7619,15,9
7620,7620,15,30
7621,7621,16,22
7622,7622,16,19
7623,7623,16,15
7624,7624,16,34
7625,7625,17,7
7626,7626,17,23
7627,7627,17,24
7628,7628,17,27
7629,7629,18,10
7630,7630,18,18
7631,7631,18,13
7632,7632,18,24
7633,7633,19,8
7634,7634,19,45
7635,7635,19,11
7636,7636,19,16
7637,7637,20,30
7638,7638,20,10
7639,7639,20,22
7640,7640,20,26
7641,7641,21,22
7642,7642,21,9
7643,7643,21,18
7644,7644,21,18
7645,7645,22,16
7646,7646,22,18
7647,7647,22,13
7648,7648,22,32
7649,7649,23,31
7650,7650,23,24
7651,7651,23,13
7652,7652,23,17
7653,7653,24,30
7654,7654,24,14
7655,7655,24,14
7656,7656,24,10
7657,7657,25,14
7658,7658,25,16
7659,7659,25,16
7660,7660,25,33
7661,7661,26,23
7662,7662,26,16
7663,7663,26,16
7664,7664,26,13
7665,7665,27,29
7666,7666,27,18
7667,7667,27,20
7668,7668,27,12
7669,7669,28,24
7670,7670,28,8
7671,7671,28,21
7672,7672,28,17
7673,7673,29,29
7674,7674,29,16
7675,7675,29,11
7676,7676,29,22
7677,7677,30,28
7678,7678,30,10
7679,7679,30,23
7680,7680,30,25
7681,7681,31,36
7682,7682,31,9
7683,7683,31,9
7684,7684,31,17
7685,7685,32,17
7686,7686,32,6
7687,7687,32,10
7688,7688,32,42
7689,7689,33,11
7690,7690,33,19
7691,7691,33,10
7692,7692,33,33
7693,7693,34,21
7694,7694,34,19
7695,7695,34,21
7696,7696,34,20
7697,7697,35,14
7698,7698,35,9
7699,7699,35,19
7700,7700,35,45
7701,7701,1,12
7702,7702,1,20
7703,7703,1,15
7704,7704,1,26
7705,7705,2,22
7706,7706,2,18
7707,7707,2,10
7708,7708,2,27
7709,7709,3,37
7710,7710,3,8
7711,7711,3,6
7712,7712,3,40
7713,7713,4,28
7714,7714,4,19
7715,7715,4,18
7716,7716,4,24
7717,7717,5,27
7718,7718,5,26
7719,7719,5,21
7720,7720,5,16
7721,7721,6,16
7722,7722,6,27
7723,7723,6,19
7724,7724,6,25
7725,7725,7,15
7726,7726,7,8
7727,7727,7,24
7728,7728,7,37
7729,7729,8,21
7730,7730,8,28
7731,7731,8,9
7732,7732,8,30
7733,7733,9,40
7734,7734,9,9
7735,7735,9,12
7736,7736,9,28
7737,7737,10,12
7738,7738,10,23
7739,7739,10,10
7740,7740,10,25
7741,7741,11,27
7742,7742,11,15
7743,7743,11,9
7744,7744,11,30
7745,7745,12,50
7746,7746,12,15
7747,7747,12,8
7748,7748,12,20
7749,7749,13,39
7750,7750,13,17
7751,7751,13,29
7752,7752,13,24
7753,7753,14,20
7754,7754,14,20
7755,7755,14,14
7756,7756,14,29
7757,7757,15,19
7758,7758,15,17
7759,7759,15,17
7760,7760,15,26
7761,7761,16,25
7762,7762,16,21
7763,7763,16,20
7764,7764,16,16
7765,7765,17,42
7766,7766,17,20
7767,7767,17,8
7768,7768,17,20
7769,7769,18,32
7770,7770,18,28
7771,7771,18,8
7772,7772,18,30
7773,7773,19,19
7774,7774,19,19
7775,7775,19,8
7776,7776,19,28
7777,7777,20,26
7778,7778,20,16
7779,7779,20,11
7780,7780,20,44
7781,7781,21,14
7782,7782,21,15
7783,7783,21,15
7784,7784,21,37
7785,7785,22,32
7786,7786,22,16
7787,7787,22,23
7788,7788,22,25
7789,7789,23,26
7790,7790,23,17
7791,7791,23,23
7792,7792,23,15
7793,7793,24,14
7794,7794,24,17
7795,7795,24,22
7796,7796,24,36
7797,7797,25,29
7798,7798,25,12
7799,7799,25,13
7800,7800,25,39
7801,7801,26,23
7802,7802,26,7
7803,7803,26,27
7804,7804,26,10
7805,7805,27,42
7806,7806,27,14
7807,7807,27,24
7808,7808,27,9
7809,7809,28,40
7810,7810,28,17
7811,7811,28,8
7812,7812,28,22
7813,7813,29,32
7814,7814,29,18
7815,7815,29,8
7816,7816,29,22
7817,7817,30,30
7818,7818,30,25
7819,7819,30,16
7820,7820,30,14
7821,7821,31,35
7822,7822,31,16
7823,7823,31,9
7824,7824,31,30
7825,7825,32,21
7826,7826,32,29
7827,7827,32,10
7828,7828,32,9
7829,7829,33,29
7830,7830,33,17
7831,7831,33,7
7832,7832,33,33
7833,7833,34,18
7834,7834,34,17
7835,7835,34,23
7836,7836,34,22
7837,7837,35,21
7838,7838,35,20
7839,7839,35,17
7840,7840,35,16
7841,7841,1,25
7842,7842,1,21
7843,7843,1,26
7844,7844,1,22
7845,7845,2,20
7846,7846,2,24
7847,7847,2,14
7848,7848,2,38
7849,7849,3,43
7850,7850,3,20
7851,7851,3,6
7852,7852,3,20
7853,7853,4,36
7854,7854,4,15
7855,7855,4,11
7856,7856,4,19
7857,7857,5,36
7858,7858,5,19
7859,7859,5,18
7860,7860,5,35
7861,7861,6,29
7862,7862,6,35
7863,7863,6,15
7864,7864,6,33
7865,7865,7,42
7866,7866,7,24
7867,7867,7,13
7868,7868,7,28
7869,7869,8,35
7870,7870,8,29
7871,7871,8,11
7872,7872,8,28
7873,7873,9,38
7874,7874,9,26
7875,7875,9,13
7876,7876,9,25
7877,7877,10,13
7878,7878,10,12
7879,7879,10,9
7880,7880,10,37
7881,7881,11,24
7882,7882,11,27
7883,7883,11,9
7884,7884,11,23
7885,7885,12,27
7886,7886,12,18
7887,7887,12,20
7888,7888,12,20
7889,7889,13,17
7890,7890,13,29
7891,7891,13,12
7892,7892,13,23
7893,7893,14,40
7894,7894,14,16
7895,7895,14,26
7896,7896,14,24
7897,7897,15,30
7898,7898,15,12
7899,7899,15,13
7900,7900,15,13
7901,7901,16,26
7902,7902,16,18
7903,7903,16,12
7904,7904,16,18
7905,7905,17,31
7906,7906,17,22
7907,7907,17,25
7908,7908,17,23
7909,7909,18,49
7910,7910,18,17
7911,7911,18,14
7912,7912,18,8
7913,7913,19,22
7914,7914,19,12
7915,7915,19,21
7916,7916,19,42
7917,7917,20,33
7918,7918,20,15
7919,7919,20,15
7920,7920,20,16
7921,7921,21,13
7922,7922,21,36
7923,7923,21,22
7924,7924,21,14
7925,7925,22,26
7926,7926,22,23
7927,7927,22,11
7928,7928,22,26
7929,7929,23,35
7930,7930,23,14
7931,7931,23,20
7932,7932,23,17
7933,7933,24,27
7934,7934,24,10
7935,7935,24,37
7936,7936,24,21
7937,7937,25,39
7938,7938,25,22
7939,7939,25,17
7940,7940,25,26
7941,7941,26,23
7942,7942,26,9
7943,7943,26,26
7944,7944,26,35
7945,7945,27,29
7946,7946,27,18
7947,7947,27,13
7948,7948,27,23
7949,7949,28,33
7950,7950,28,15
7951,7951,28,6
7952,7952,28,16
7953,7953,29,30
7954,7954,29,10
7955,7955,29,22
7956,7956,29,32
7957,7957,30,55
7958,7958,30,23
7959,7959,30,7
7960,7960,30,23
7961,7961,31,32
7962,7962,31,22
7963,7963,31,15
7964,7964,31,15
7965,7965,32,37
7966,7966,32,25
7967,7967,32,10
7968,7968,32,31
7969,7969,33,28
7970,7970,33,21
7971,7971,33,31
7972,7972,33,26
7973,7973,34,31
7974,7974,34,32
7975,7975,34,21
7976,7976,34,22
7977,7977,35,29
7978,7978,35,6
7979,7979,35,17
7980,7980,35,27
7981,7981,1,49
7982,7982,1,30
7983,7983,1,19
7984,7984,1,33
7985,7985,2,44
7986,7986,2,18
7987,7987,2,18
7988,7988,2,40
7989,7989,3,34
7990,7990,3,22
7991,7991,3,15
7992,7992,3,56
7993,7993,4,31
7994,7994,4,22
7995,7995,4,34
7996,7996,4,17
7997,7997,5,27
7998,7998,5,24
7999,7999,5,14
8000,8000,5,23
8001,8001,6,42
8002,8002,6,9
8003,8003,6,58
8004,8004,6,30
8005,8005,7,38
8006,8006,7,25
8007,8007,7,24
8008,8008,7,35
8009,8009,8,21
8010,8010,8,31
8011,8011,8,17
8012,8012,8,20
8013,8013,9,38
8014,8014,9,11
8015,8015,9,33
8016,8016,9,29
8017,8017,10,44
8018,8018,10,27
8019,8019,10,23
8020,8020,10,15
8021,8021,11,35
8022,8022,11,30
8023,8023,11,20
8024,8024,11,22
8025,8025,12,30
8026,8026,12,19
8027,8027,12,16
8028,8028,12,31
8029,8029,13,33
8030,8030,13,20
8031,8031,13,28
8032,8032,13,24
8033,8033,14,33
8034,8034,14,15
8035,8035,14,27
8036,8036,14,17
8037,8037,15,42
8038,8038,15,29
8039,8039,15,24
8040,8040,15,15
8041,8041,16,28
8042,8042,16,19
8043,8043,16,27
8044,8044,16,24
8045,8045,17,30
8046,8046,17,13
8047,8047,17,15
8048,8048,17,39
8049,8049,18,42
8050,8050,18,20
8051,8051,18,20
8052,8052,18,34
8053,8053,19,21
8054,8054,19,25
8055,8055,19,18
8056,8056,19,34
8057,8057,20,26
8058,8058,20,26
8059,8059,20,21
8060,8060,20,22
8061,8061,21,38
8062,8062,21,22
8063,8063,21,16
8064,8064,21,22
8065,8065,22,20
8066,8066,22,29
8067,8067,22,12
8068,8068,22,28
8069,8069,23,39
8070,8070,23,22
8071,8071,23,18
8072,8072,23,23
8073,8073,24,30
8074,8074,24,12
8075,8075,24,34
8076,8076,24,36
8077,8077,25,35
8078,8078,25,27
8079,8079,25,9
8080,8080,25,31
8081,8081,26,38
8082,8082,26,26
8083,8083,26,23
8084,8084,26,37
8085,8085,27,36
8086,8086,27,12
8087,8087,27,21
8088,8088,27,26
8089,8089,28,28
8090,8090,28,27
8091,8091,28,14
8092,8092,28,22
8093,8093,29,16
8094,8094,29,31
8095,8095,29,18
8096,8096,29,34
8097,8097,30,43
8098,8098,30,25
8099,8099,30,15
8100,8100,30,34
8101,8101,31,48
8102,8102,31,29
8103,8103,31,13
8104,8104,31,16
8105,8105,32,36
8106,8106,32,35
8107,8107,32,11
8108,8108,32,11
8109,8109,33,55
8110,8110,33,25
8111,8111,33,16
8112,8112,33,10
8113,8113,34,34
8114,8114,34,30
8115,8115,34,30
8116,8116,34,17
8117,8117,35,28
8118,8118,35,8
8119,8119,35,23
8120,8120,35,25
8121,8121,1,28
8122,8122,1,19
8123,8123,1,36
8124,8124,1,26
8125,8125,2,38
8126,8126,2,18
8127,8127,2,24
8128,8128,2,34
8129,8129,3,26
8130,8130,3,19
8131,8131,3,21
8132,8132,3,37
8133,8133,4,38
8134,8134,4,20
8135,8135,4,20
8136,8136,4,20
8137,8137,5,25
8138,8138,5,41
8139,8139,5,3
8140,8140,5,31
8141,8141,6,45
8142,8142,6,17
8143,8143,6,11
8144,8144,6,14
8145,8145,7,35
8146,8146,7,26
8147,8147,7,17
8148,8148,7,36
8149,8149,8,38
8150,8150,8,17
8151,8151,8,35
8152,8152,8,39
8153,8153,9,24
8154,8154,9,25
8155,8155,9,24
8156,8156,9,28
8157,8157,10,37
8158,8158,10,17
8159,8159,10,39
8160,8160,10,32
8161,8161,11,16
8162,8162,11,32
8163,8163,11,15
8164,8164,11,32
8165,8165,12,31
8166,8166,12,21
8167,8167,12,24
8168,8168,12,21
8169,8169,13,33
8170,8170,13,33
8171,8171,13,28
8172,8172,13,29
8173,8173,14,17
8174,8174,14,22
8175,8175,14,21
8176,8176,14,23
8177,8177,15,52
8178,8178,15,23
8179,8179,15,17
8180,8180,15,27
8181,8181,16,16
8182,8182,16,23
8183,8183,16,3
8184,8184,16,39
8185,8185,17,37
8186,8186,17,16
8187,8187,17,34
8188,8188,17,40
8189,8189,18,28
8190,8190,18,46
8191,8191,18,14
8192,8192,18,16
8193,8193,19,39
8194,8194,19,18
8195,8195,19,19
8196,8196,19,21
8197,8197,20,27
8198,8198,20,22
8199,8199,20,18
8200,8200,20,39
8201,8201,21,21
8202,8202,21,15
8203,8203,21,15
8204,8204,21,46
8205,8205,22,12
8206,8206,22,12
8207,8207,22,28
8208,8208,22,33
8209,8209,23,23
8210,8210,23,30
8211,8211,23,14
8212,8212,23,40
8213,8213,24,43
8214,8214,24,46
8215,8215,24,16
8216,8216,24,16
8217,8217,25,26
8218,8218,25,27
8219,8219,25,21
8220,8220,25,28
8221,8221,26,27
8222,8222,26,29
8223,8223,26,19
8224,8224,26,29
8225,8225,27,52
8226,8226,27,14
8227,8227,27,5
8228,8228,27,12
8229,8229,28,19
8230,8230,28,19
8231,8231,28,26
8232,8232,28,37
8233,8233,29,36
8234,8234,29,27
8235,8235,29,11
8236,8236,29,27
8237,8237,30,55
8238,8238,30,11
8239,8239,30,12
8240,8240,30,25
8241,8241,31,27
8242,8242,31,22
8243,8243,31,13
8244,8244,31,28
8245,8245,32,30
8246,8246,32,32
8247,8247,32,12
8248,8248,32,41
8249,8249,33,32
8250,8250,33,25
8251,8251,33,22
8252,8252,33,23
8253,8253,34,37
8254,8254,34,22
8255,8255,34,16
8256,8256,34,37
8257,8257,35,35
8258,8258,35,11
8259,8259,35,15
8260,8260,35,13
8261,8261,1,27
8262,8262,1,22
8263,8263,1,20
8264,8264,1,31
8265,8265,2,36
8266,8266,2,14
8267,8267,2,21
8268,8268,2,37
8269,8269,3,21
8270,8270,3,26
8271,8271,3,9
8272,8272,3,32
8273,8273,4,35
8274,8274,4,10
8275,8275,4,17
8276,8276,4,24
8277,8277,5,32
8278,8278,5,14
8279,8279,5,19
8280,8280,5,30
8281,8281,6,29
8282,8282,6,29
8283,8283,6,30
8284,8284,6,26
8285,8285,7,25
8286,8286,7,17
8287,8287,7,9
8288,8288,7,17
8289,8289,8,40
8290,8290,8,17
8291,8291,8,10
8292,8292,8,20
8293,8293,9,28
8294,8294,9,11
8295,8295,9,9
8296,8296,9,35
8297,8297,10,43
8298,8298,10,15
8299,8299,10,12
8300,8300,10,20
8301,8301,11,32
8302,8302,11,17
8303,8303,11,23
8304,8304,11,10
8305,8305,12,33
8306,8306,12,19
8307,8307,12,26
8308,8308,12,15
8309,8309,13,18
8310,8310,13,19
8311,8311,13,22
8312,8312,13,10
8313,8313,14,37
8314,8314,14,18
8315,8315,14,10
8316,8316,14,25
8317,8317,15,25
8318,8318,15,27
8319,8319,15,15
8320,8320,15,21
8321,8321,16,18
8322,8322,16,10
8323,8323,16,17
8324,8324,16,22
8325,8325,17,21
8326,8326,17,9
8327,8327,17,19
8328,8328,17,38
8329,8329,18,27
8330,8330,18,19
8331,8331,18,18
8332,8332,18,31
8333,8333,19,21
8334,8334,19,26
8335,8335,19,15
8336,8336,19,38
8337,8337,20,30
8338,8338,20,18
8339,8339,20,17
8340,8340,20,21
8341,8341,21,21
8342,8342,21,27
8343,8343,21,15
8344,8344,21,21
8345,8345,22,34
8346,8346,22,15
8347,8347,22,16
8348,8348,22,9
8349,8349,23,25
8350,8350,23,15
8351,8351,23,30
8352,8352,23,19
8353,8353,24,34
8354,8354,24,22
8355,8355,24,21
8356,8356,24,23
8357,8357,25,27
8358,8358,25,21
8359,8359,25,10
8360,8360,25,12
8361,8361,26,24
8362,8362,26,17
8363,8363,26,32
8364,8364,26,21
8365,8365,27,19
8366,8366,27,25
8367,8367,27,18
8368,8368,27,17
8369,8369,28,23
8370,8370,28,13
8371,8371,28,23
8372,8372,28,46
8373,8373,29,20
8374,8374,29,18
8375,8375,29,27
8376,8376,29,15
8377,8377,30,26
8378,8378,30,18
8379,8379,30,17
8380,8380,30,28
8381,8381,31,43
8382,8382,31,12
8383,8383,31,17
8384,8384,31,20
8385,8385,32,25
8386,8386,32,31
8387,8387,32,25
8388,8388,32,19
8389,8389,33,25
8390,8390,33,19
8391,8391,33,19
8392,8392,33,24
8393,8393,34,15
8394,8394,34,20
8395,8395,34,14
8396,8396,34,15
8397,8397,35,20
8398,8398,35,18
8399,8399,35,8
8400,8400,35,24
8401,8401,1,20
8402,8402,1,13
8403,8403,1,14
8404,8404,1,15
8405,8405,2,13
8406,8406,2,18
8407,8407,2,15
8408,8408,2,28
8409,8409,3,26
8410,8410,3,6
8411,8411,3,4
8412,8412,3,25
8413,8413,4,22
8414,8414,4,18
8415,8415,4,20
8416,8416,4,19
8417,8417,5,28
8418,8418,5,18
8419,8419,5,11
8420,8420,5,9
8421,8421,6,24
8422,8422,6,17
8423,8423,6,6
8424,8424,6,29
8425,8425,7,32
8426,8426,7,19
8427,8427,7,15
8428,8428,7,26
8429,8429,8,25
8430,8430,8,22
8431,8431,8,15
8432,8432,8,16
8433,8433,9,13
8434,8434,9,11
8435,8435,9,18
8436,8436,9,16
8437,8437,10,30
8438,8438,10,19
8439,8439,10,16
8440,8440,10,12
8441,8441,11,13
8442,8442,11,23
8443,8443,11,14
8444,8444,11,21
8445,8445,12,25
8446,8446,12,20
8447,8447,12,23
8448,8448,12,28
8449,8449,13,33
8450,8450,13,18
8451,8451,13,20
8452,8452,13,8
8453,8453,14,29
8454,8454,14,13
8455,8455,14,14
8456,8456,14,24
8457,8457,15,36
8458,8458,15,14
8459,8459,15,27
8460,8460,15,21
8461,8461,16,24
8462,8462,16,11
8463,8463,16,18
8464,8464,16,25
8465,8465,17,45
8466,8466,17,12
8467,8467,17,24
8468,8468,17,15
8469,8469,18,18
8470,8470,18,25
8471,8471,18,15
8472,8472,18,16
8473,8473,19,19
8474,8474,19,24
8475,8475,19,30
8476,8476,19,16
8477,8477,20,43
8478,8478,20,8
8479,8479,20,6
8480,8480,20,20
8481,8481,21,18
8482,8482,21,8
8483,8483,21,12
8484,8484,21,13
8485,8485,22,24
8486,8486,22,24
8487,8487,22,10
8488,8488,22,15
8489,8489,23,20
8490,8490,23,27
8491,8491,23,15
8492,8492,23,26
8493,8493,24,21
8494,8494,24,26
8495,8495,24,15
8496,8496,24,22
8497,8497,25,26
8498,8498,25,7
8499,8499,25,12
8500,8500,25,18
8501,8501,26,25
8502,8502,26,12
8503,8503,26,18
8504,8504,26,14
8505,8505,27,15
8506,8506,27,24
8507,8507,27,7
8508,8508,27,12
8509,8509,28,14
8510,8510,28,9
8511,8511,28,25
8512,8512,28,15
8513,8513,29,35
8514,8514,29,20
8515,8515,29,21
8516,8516,29,16
8517,8517,30,11
8518,8518,30,20
8519,8519,30,14
8520,8520,30,24
8521,8521,31,14
8522,8522,31,14
8523,8523,31,13
8524,8524,31,26
8525,8525,32,27
8526,8526,32,17
8527,8527,32,21
8528,8528,32,25
8529,8529,33,24
8530,8530,33,9
8531,8531,33,17
8532,8532,33,30
8533,8533,34,24
8534,8534,34,17
8535,8535,34,12
8536,8536,34,26
8537,8537,35,42
8538,8538,35,13
8539,8539,35,8
8540,8540,35,22
8541,8541,1,25
8542,8542,1,18
8543,8543,1,7
8544,8544,1,12
8545,8545,2,23
8546,8546,2,17
8547,8547,2,9
8548,8548,2,18
8549,8549,3,27
8550,8550,3,10
8551,8551,3,12
8552,8552,3,23
8553,8553,4,28
8554,8554,4,18
8555,8555,4,16
8556,8556,4,20
8557,8557,5,22
8558,8558,5,13
8559,8559,5,20
8560,8560,5,16
8561,8561,6,20
8562,8562,6,16
8563,8563,6,6
8564,8564,6,25
8565,8565,7,23
8566,8566,7,9
8567,8567,7,3
8568,8568,7,24
8569,8569,8,38
8570,8570,8,31
8571,8571,8,12
8572,8572,8,11
8573,8573,9,31
8574,8574,9,22
8575,8575,9,11
8576,8576,9,21
8577,8577,10,29
8578,8578,10,23
8579,8579,10,19
8580,8580,10,13
8581,8581,11,33
8582,8582,11,19
8583,8583,11,10
8584,8584,11,17
8585,8585,12,27
8586,8586,12,12
8587,8587,12,21
8588,8588,12,33
8589,8589,13,28
8590,8590,13,24
8591,8591,13,8
8592,8592,13,21
8593,8593,14,26
8594,8594,14,16
8595,8595,14,10
8596,8596,14,31
8597,8597,15,22
8598,8598,15,21
8599,8599,15,12
8600,8600,15,25
8601,8601,16,16
8602,8602,16,11
8603,8603,16,22
8604,8604,16,24
8605,8605,17,26
8606,8606,17,22
8607,8607,17,7
8608,8608,17,11
8609,8609,18,29
8610,8610,18,12
8611,8611,18,5
8612,8612,18,8
8613,8613,19,21
8614,8614,19,12
8615,8615,19,15
8616,8616,19,26
8617,8617,20,43
8618,8618,20,13
8619,8619,20,13
8620,8620,20,7
8621,8621,21,23
8622,8622,21,37
8623,8623,21,18
8624,8624,21,23
8625,8625,22,19
8626,8626,22,21
8627,8627,22,12
8628,8628,22,14
8629,8629,23,12
8630,8630,23,16
8631,8631,23,6
8632,8632,23,29
8633,8633,24,38
8634,8634,24,26
8635,8635,24,18
8636,8636,24,12
8637,8637,25,14
8638,8638,25,31
8639,8639,25,13
8640,8640,25,8
8641,8641,26,22
8642,8642,26,17
8643,8643,26,17
8644,8644,26,7
8645,8645,27,23
8646,8646,27,18
8647,8647,27,17
8648,8648,27,16
8649,8649,28,19
8650,8650,28,25
8651,8651,28,12
8652,8652,28,28
8653,8653,29,26
8654,8654,29,7
8655,8655,29,15
8656,8656,29,15
8657,8657,30,20
8658,8658,30,13
8659,8659,30,11
8660,8660,30,36
8661,8661,31,21
8662,8662,31,19
8663,8663,31,11
8664,8664,31,20
8665,8665,32,30
8666,8666,32,24
8667,8667,32,21
8668,8668,32,14
8669,8669,33,22
8670,8670,33,20
8671,8671,33,8
8672,8672,33,36
8673,8673,34,22
8674,8674,34,12
8675,8675,34,17
8676,8676,34,15
8677,8677,35,16
8678,8678,35,29
8679,8679,35,10
8680,8680,35,15
8681,8681,1,40
8682,8682,1,21
8683,8683,1,8
8684,8684,1,22
8685,8685,2,34
8686,8686,2,16
8687,8687,2,21
8688,8688,2,41
8689,8689,3,32
8690,8690,3,17
8691,8691,3,10
8692,8692,3,25
8693,8693,4,31
8694,8694,4,27
8695,8695,4,7
8696,8696,4,11
8697,8697,5,21
8698,8698,5,16
8699,8699,5,21
8700,8700,5,28
8701,8701,6,18
8702,8702,6,20
8703,8703,6,28
8704,8704,6,30
8705,8705,7,23
8706,8706,7,19
8707,8707,7,26
8708,8708,7,20
8709,8709,8,19
8710,8710,8,20
8711,8711,8,16
8712,8712,8,14
8713,8713,9,39
8714,8714,9,16
8715,8715,9,19
8716,8716,9,8
8717,8717,10,28
8718,8718,10,26
8719,8719,10,21
8720,8720,10,36
8721,8721,11,28
8722,8722,11,25
8723,8723,11,9
8724,8724,11,22
8725,8725,12,23
8726,8726,12,22
8727,8727,12,12
8728,8728,12,17
8729,8729,13,34
8730,8730,13,20
8731,8731,13,12
8732,8732,13,15
8733,8733,14,29
8734,8734,14,10
8735,8735,14,9
8736,8736,14,31
8737,8737,15,17
8738,8738,15,26
8739,8739,15,9
8740,8740,15,33
8741,8741,16,30
8742,8742,16,17
8743,8743,16,11
8744,8744,16,32
8745,8745,17,37
8746,8746,17,16
8747,8747,17,17
8748,8748,17,24
8749,8749,18,22
8750,8750,18,11
8751,8751,18,22
8752,8752,18,36
8753,8753,19,36
8754,8754,19,16
8755,8755,19,8
8756,8756,19,17
8757,8757,20,24
8758,8758,20,23
8759,8759,20,19
8760,8760,20,37
8761,8761,21,39
8762,8762,21,31
8763,8763,21,19
8764,8764,21,31
8765,8765,22,18
8766,8766,22,26
8767,8767,22,16
8768,8768,22,22
8769,8769,23,35
8770,8770,23,7
8771,8771,23,17
8772,8772,23,29
8773,8773,24,22
8774,8774,24,14
8775,8775,24,22
8776,8776,24,13
8777,8777,25,18
8778,8778,25,9
8779,8779,25,18
8780,8780,25,16
8781,8781,26,16
8782,8782,26,11
8783,8783,26,14
8784,8784,26,26
8785,8785,27,22
8786,8786,27,34
8787,8787,27,17
8788,8788,27,12
8789,8789,28,26
8790,8790,28,21
8791,8791,28,24
8792,8792,28,13
8793,8793,29,30
8794,8794,29,8
8795,8795,29,17
8796,8796,29,23
8797,8797,30,13
8798,8798,30,22
8799,8799,30,24
8800,8800,30,33
8801,8801,31,25
8802,8802,31,15
8803,8803,31,18
8804,8804,31,12
8805,8805,32,28
8806,8806,32,22
8807,8807,32,12
8808,8808,32,8
8809,8809,33,13
8810,8810,33,9
8811,8811,33,21
8812,8812,33,24
8813,8813,34,28
8814,8814,34,19
8815,8815,34,15
8816,8816,34,14
8817,8817,35,14
8818,8818,35,22
8819,8819,35,17
8820,8820,35,30
8821,8821,1,24
8822,8822,1,14
8823,8823,1,24
8824,8824,1,40
8825,8825,2,37
8826,8826,2,13
8827,8827,2,15
8828,8828,2,23
8829,8829,3,25
8830,8830,3,16
8831,8831,3,18
8832,8832,3,24
8833,8833,4,44
8834,8834,4,12
8835,8835,4,6
8836,8836,4,19
8837,8837,5,34
8838,8838,5,10
8839,8839,5,18
8840,8840,5,17
8841,8841,6,25
8842,8842,6,13
8843,8843,6,27
8844,8844,6,28
8845,8845,7,34
8846,8846,7,26
8847,8847,7,22
8848,8848,7,29
8849,8849,8,19
8850,8850,8,25
8851,8851,8,14
8852,8852,8,19
8853,8853,9,45
8854,8854,9,20
8855,8855,9,8
8856,8856,9,35
8857,8857,10,35
8858,8858,10,22
8859,8859,10,14
8860,8860,10,20
8861,8861,11,26
8862,8862,11,10
8863,8863,11,23
8864,8864,11,26
8865,8865,12,36
8866,8866,12,24
8867,8867,12,14
8868,8868,12,29
8869,8869,13,35
8870,8870,13,27
8871,8871,13,32
8872,8872,13,29
8873,8873,14,33
8874,8874,14,22
8875,8875,14,10
8876,8876,14,37
8877,8877,15,25
8878,8878,15,13
8879,8879,15,24
8880,8880,15,33
8881,8881,16,28
8882,8882,16,25
8883,8883,16,29
8884,8884,16,23
8885,8885,17,37
8886,8886,17,16
8887,8887,17,9
8888,8888,17,39
8889,8889,18,25
8890,8890,18,27
8891,8891,18,15
8892,8892,18,24
8893,8893,19,27
8894,8894,19,20
8895,8895,19,20
8896,8896,19,20
8897,8897,20,19
8898,8898,20,16
8899,8899,20,22
8900,8900,20,15
8901,8901,21,31
8902,8902,21,31
8903,8903,21,16
8904,8904,21,25
8905,8905,22,54
8906,8906,22,16
8907,8907,22,12
8908,8908,22,25
8909,8909,23,34
8910,8910,23,26
8911,8911,23,14
8912,8912,23,25
8913,8913,24,27
8914,8914,24,15
8915,8915,24,18
8916,8916,24,26
8917,8917,25,23
8918,8918,25,13
8919,8919,25,26
8920,8920,25,28
8921,8921,26,31
8922,8922,26,12
8923,8923,26,22
8924,8924,26,33
8925,8925,27,37
8926,8926,27,5
8927,8927,27,13
8928,8928,27,40
8929,8929,28,16
8930,8930,28,33
8931,8931,28,22
8932,8932,28,30
8933,8933,29,23
8934,8934,29,6
8935,8935,29,10
8936,8936,29,41
8937,8937,30,36
8938,8938,30,11
8939,8939,30,16
8940,8940,30,26
8941,8941,31,26
8942,8942,31,17
8943,8943,31,9
8944,8944,31,40
8945,8945,32,17
8946,8946,32,17
8947,8947,32,15
8948,8948,32,25
8949,8949,33,29
8950,8950,33,11
8951,8951,33,24
8952,8952,33,22
8953,8953,34,27
8954,8954,34,26
8955,8955,34,26
8956,8956,34,19
8957,8957,35,35
8958,8958,35,27
8959,8959,35,4
8960,8960,35,34
8961,8961,1,36
8962,8962,1,15
8963,8963,1,9
8964,8964,1,42
8965,8965,2,29
8966,8966,2,21
8967,8967,2,21
8968,8968,2,12
8969,8969,3,23
8970,8970,3,25
8971,8971,3,23
8972,8972,3,21
8973,8973,4,29
8974,8974,4,15
8975,8975,4,26
8976,8976,4,40
8977,8977,5,25
8978,8978,5,32
8979,8979,5,19
8980,8980,5,15
8981,8981,6,31
8982,8982,6,22
8983,8983,6,14
8984,8984,6,47
8985,8985,7,17
8986,8986,7,32
8987,8987,7,13
8988,8988,7,41
8989,8989,8,35
8990,8990,8,25
8991,8991,8,13
8992,8992,8,18
8993,8993,9,22
8994,8994,9,28
8995,8995,9,17
8996,8996,9,20
8997,8997,10,45
8998,8998,10,23
8999,8999,10,7
9000,9000,10,26
9001,9001,11,13
9002,9002,11,17
9003,9003,11,46
9004,9004,11,22
9005,9005,12,39
9006,9006,12,21
9007,9007,12,28
9008,9008,12,23
9009,9009,13,46
9010,9010,13,33
9011,9011,13,29
9012,9012,13,27
9013,9013,14,44
9014,9014,14,31
9015,9015,14,14
9016,9016,14,16
9017,9017,15,19
9018,9018,15,17
9019,9019,15,17
9020,9020,15,38
9021,9021,16,23
9022,9022,16,20
9023,9023,16,28
9024,9024,16,45
9025,9025,17,38
9026,9026,17,17
9027,9027,17,9
9028,9028,17,28
9029,9029,18,39
9030,9030,18,13
9031,9031,18,15
9032,9032,18,55
9033,9033,19,43
9034,9034,19,20
9035,9035,19,18
9036,9036,19,24
9037,9037,20,42
9038,9038,20,32
9039,9039,20,18
9040,9040,20,14
9041,9041,21,20
9042,9042,21,18
9043,9043,21,18
9044,9044,21,53
9045,9045,22,40
9046,9046,22,22
9047,9047,22,26
9048,9048,22,19
9049,9049,23,30
9050,9050,23,16
9051,9051,23,33
9052,9052,23,27
9053,9053,24,47
9054,9054,24,13
9055,9055,24,9
9056,9056,24,43
9057,9057,25,29
9058,9058,25,15
9059,9059,25,18
9060,9060,25,25
9061,9061,26,21
9062,9062,26,16
9063,9063,26,14
9064,9064,26,52
9065,9065,27,25
9066,9066,27,38
9067,9067,27,25
9068,9068,27,16
9069,9069,28,24
9070,9070,28,34
9071,9071,28,7
9072,9072,28,45
9073,9073,29,38
9074,9074,29,13
9075,9075,29,18
9076,9076,29,45
9077,9077,30,40
9078,9078,30,18
9079,9079,30,18
9080,9080,30,43
9081,9081,31,44
9082,9082,31,27
9083,9083,31,15
9084,9084,31,10
9085,9085,32,49
9086,9086,32,9
9087,9087,32,11
9088,9088,32,25
9089,9089,33,29
9090,9090,33,24
9091,9091,33,20
9092,9092,33,49
9093,9093,34,41
9094,9094,34,28
9095,9095,34,28
9096,9096,34,22
9097,9097,35,49
9098,9098,35,7
9099,9099,35,16
9100,9100,35,40
9101,9101,1,27
9102,9102,1,42
9103,9103,1,23
9104,9104,1,28
9105,9105,2,43
9106,9106,2,16
9107,9107,2,22
9108,9108,2,34
9109,9109,3,37
9110,9110,3,16
9111,9111,3,19
9112,9112,3,21
9113,9113,4,28
9114,9114,4,28
9115,9115,4,30
9116,9116,4,38
9117,9117,5,56
9118,9118,5,26
9119,9119,5,22
9120,9120,5,18
9121,9121,6,25
9122,9122,6,24
9123,9123,6,47
9124,9124,6,29
9125,9125,7,41
9126,9126,7,14
9127,9127,7,14
9128,9128,7,33
9129,9129,8,27
9130,9130,8,35
9131,9131,8,11
9132,9132,8,35
9133,9133,9,30
9134,9134,9,24
9135,9135,9,19
9136,9136,9,30
9137,9137,10,22
9138,9138,10,23
9139,9139,10,19
9140,9140,10,31
9141,9141,11,27
9142,9142,11,15
9143,9143,11,30
9144,9144,11,39
9145,9145,12,49
9146,9146,12,6
9147,9147,12,11
9148,9148,12,19
9149,9149,13,25
9150,9150,13,42
9151,9151,13,10
9152,9152,13,33
9153,9153,14,35
9154,9154,14,18
9155,9155,14,21
9156,9156,14,34
9157,9157,15,56
9158,9158,15,29
9159,9159,15,18
9160,9160,15,19
9161,9161,16,44
9162,9162,16,22
9163,9163,16,26
9164,9164,16,41
9165,9165,17,30
9166,9166,17,37
9167,9167,17,22
9168,9168,17,35
9169,9169,18,44
9170,9170,18,14
9171,9171,18,10
9172,9172,18,40
9173,9173,19,26
9174,9174,19,33
9175,9175,19,23
9176,9176,19,33
9177,9177,20,27
9178,9178,20,24
9179,9179,20,15
9180,9180,20,53
9181,9181,21,38
9182,9182,21,21
9183,9183,21,22
9184,9184,21,33
9185,9185,22,40
9186,9186,22,24
9187,9187,22,29
9188,9188,22,26
9189,9189,23,39
9190,9190,23,17
9191,9191,23,14
9192,9192,23,16
9193,9193,24,52
9194,9194,24,21
9195,9195,24,19
9196,9196,24,19
9197,9197,25,28
9198,9198,25,27
9199,9199,25,26
9200,9200,25,24
9201,9201,26,39
9202,9202,26,29
9203,9203,26,10
9204,9204,26,39
9205,9205,27,27
9206,9206,27,33
9207,9207,27,22
9208,9208,27,32
9209,9209,28,34
9210,9210,28,9
9211,9211,28,13
9212,9212,28,18
9213,9213,29,29
9214,9214,29,38
9215,9215,29,8
9216,9216,29,24
9217,9217,30,17
9218,9218,30,29
9219,9219,30,9
9220,9220,30,50
9221,9221,31,20
9222,9222,31,23
9223,9223,31,19
9224,9224,31,39
9225,9225,32,26
9226,9226,32,22
9227,9227,32,13
9228,9228,32,38
9229,9229,33,38
9230,9230,33,32
9231,9231,33,26
9232,9232,33,9
9233,9233,34,27
9234,9234,34,13
9235,9235,34,21
9236,9236,34,26
9237,9237,35,30
9238,9238,35,25
9239,9239,35,10
9240,9240,35,35
9241,9241,1,23
9242,9242,1,17
9243,9243,1,27
9244,9244,1,23
9245,9245,2,28
9246,9246,2,14
9247,9247,2,14
9248,9248,2,37
9249,9249,3,20
9250,9250,3,22
9251,9251,3,19
9252,9252,3,39
9253,9253,4,43
9254,9254,4,15
9255,9255,4,11
9256,9256,4,28
9257,9257,5,25
9258,9258,5,22
9259,9259,5,10
9260,9260,5,17
9261,9261,6,35
9262,9262,6,33
9263,9263,6,12
9264,9264,6,24
9265,9265,7,50
9266,9266,7,26
9267,9267,7,11
9268,9268,7,24
9269,9269,8,31
9270,9270,8,25
9271,9271,8,12
9272,9272,8,20
9273,9273,9,20
9274,9274,9,17
9275,9275,9,19
9276,9276,9,21
9277,9277,10,27
9278,9278,10,20
9279,9279,10,17
9280,9280,10,25
9281,9281,11,37
9282,9282,11,12
9283,9283,11,14
9284,9284,11,30
9285,9285,12,34
9286,9286,12,17
9287,9287,12,23
9288,9288,12,25
9289,9289,13,35
9290,9290,13,19
9291,9291,13,18
9292,9292,13,38
9293,9293,14,33
9294,9294,14,21
9295,9295,14,20
9296,9296,14,16
9297,9297,15,24
9298,9298,15,21
9299,9299,15,25
9300,9300,15,24
9301,9301,16,25
9302,9302,16,18
9303,9303,16,15
9304,9304,16,35
9305,9305,17,38
9306,9306,17,18
9307,9307,17,7
9308,9308,17,19
9309,9309,18,32
9310,9310,18,11
9311,9311,18,21
9312,9312,18,25
9313,9313,19,43
9314,9314,19,24
9315,9315,19,14
9316,9316,19,21
9317,9317,20,22
9318,9318,20,23
9319,9319,20,11
9320,9320,20,24
9321,9321,21,28
9322,9322,21,27
9323,9323,21,10
9324,9324,21,23
9325,9325,22,22
9326,9326,22,18
9327,9327,22,17
9328,9328,22,29
9329,9329,23,26
9330,9330,23,12
9331,9331,23,28
9332,9332,23,44
9333,9333,24,30
9334,9334,24,14
9335,9335,24,20
9336,9336,24,16
9337,9337,25,25
9338,9338,25,16
9339,9339,25,17
9340,9340,25,23
9341,9341,26,27
9342,9342,26,40
9343,9343,26,15
9344,9344,26,15
9345,9345,27,34
9346,9346,27,10
9347,9347,27,15
9348,9348,27,30
9349,9349,28,25
9350,9350,28,19
9351,9351,28,23
9352,9352,28,15
9353,9353,29,36
9354,9354,29,18
9355,9355,29,11
9356,9356,29,19
9357,9357,30,27
9358,9358,30,19
9359,9359,30,20
9360,9360,30,19
9361,9361,31,34
9362,9362,31,18
9363,9363,31,20
9364,9364,31,29
9365,9365,32,23
9366,9366,32,23
9367,9367,32,21
9368,9368,32,22
9369,9369,33,20
9370,9370,33,26
9371,9371,33,11
9372,9372,33,15
9373,9373,34,31
9374,9374,34,16
9375,9375,34,18
9376,9376,34,27
9377,9377,35,32
9378,9378,35,25
9379,9379,35,8
9380,9380,35,16
9381,9381,1,21
9382,9382,1,13
9383,9383,1,16
9384,9384,1,23
9385,9385,2,18
9386,9386,2,34
9387,9387,2,24
9388,9388,2,33
9389,9389,3,16
9390,9390,3,18
9391,9391,3,21
9392,9392,3,17
9393,9393,4,46
9394,9394,4,17
9395,9395,4,4
9396,9396,4,26
9397,9397,5,25
9398,9398,5,25
9399,9399,5,8
9400,9400,5,22
9401,9401,6,18
9402,9402,6,14
9403,9403,6,19
9404,9404,6,16
9405,9405,7,13
9406,9406,7,24
9407,9407,7,15
9408,9408,7,44
9409,9409,8,27
9410,9410,8,21
9411,9411,8,12
9412,9412,8,20
9413,9413,9,23
9414,9414,9,8
9415,9415,9,13
9416,9416,9,25
9417,9417,10,27
9418,9418,10,11
9419,9419,10,12
9420,9420,10,32
9421,9421,11,18
9422,9422,11,14
9423,9423,11,18
9424,9424,11,29
9425,9425,12,21
9426,9426,12,14
9427,9427,12,11
9428,9428,12,20
9429,9429,13,24
9430,9430,13,15
9431,9431,13,23
9432,9432,13,25
9433,9433,14,9
9434,9434,14,22
9435,9435,14,18
9436,9436,14,22
9437,9437,15,35
9438,9438,15,19
9439,9439,15,14
9440,9440,15,14
9441,9441,16,31
9442,9442,16,16
9443,9443,16,11
9444,9444,16,20
9445,9445,17,21
9446,9446,17,18
9447,9447,17,17
9448,9448,17,13
9449,9449,18,27
9450,9450,18,16
9451,9451,18,11
9452,9452,18,25
9453,9453,19,25
9454,9454,19,23
9455,9455,19,14
9456,9456,19,27
9457,9457,20,19
9458,9458,20,16
9459,9459,20,15
9460,9460,20,16
9461,9461,21,19
9462,9462,21,5
9463,9463,21,10
9464,9464,21,32
9465,9465,22,27
9466,9466,22,13
9467,9467,22,22
9468,9468,22,16
9469,9469,23,23
9470,9470,23,10
9471,9471,23,8
9472,9472,23,24
9473,9473,24,33
9474,9474,24,8
9475,9475,24,13
9476,9476,24,12
9477,9477,25,31
9478,9478,25,17
9479,9479,25,23
9480,9480,25,12
9481,9481,26,11
9482,9482,26,13
9483,9483,26,19
9484,9484,26,31
9485,9485,27,28
9486,9486,27,16
9487,9487,27,13
9488,9488,27,21
9489,9489,28,31
9490,9490,28,16
9491,9491,28,10
9492,9492,28,13
9493,9493,29,44
9494,9494,29,17
9495,9495,29,8
9496,9496,29,17
9497,9497,30,22
9498,9498,30,12
9499,9499,30,17
9500,9500,30,23
9501,9501,31,22
9502,9502,31,14
9503,9503,31,8
9504,9504,31,29
9505,9505,32,32
9506,9506,32,6
9507,9507,32,11
9508,9508,32,13
9509,9509,33,26
9510,9510,33,21
9511,9511,33,12
9512,9512,33,17
9513,9513,34,25
9514,9514,34,7
9515,9515,34,22
9516,9516,34,17
9517,9517,35,34
9518,9518,35,14
9519,9519,35,17
9520,9520,35,18
9521,9521,1,30
9522,9522,1,21
9523,9523,1,9
9524,9524,1,15
9525,9525,2,22
9526,9526,2,15
9527,9527,2,17
9528,9528,2,37
9529,9529,3,22
9530,9530,3,9
9531,9531,3,15
9532,9532,3,23
9533,9533,4,23
9534,9534,4,18
9535,9535,4,17
9536,9536,4,24
9537,9537,5,29
9538,9538,5,13
9539,9539,5,9
9540,9540,5,18
9541,9541,6,26
9542,9542,6,10
9543,9543,6,11
9544,9544,6,29
9545,9545,7,21
9546,9546,7,19
9547,9547,7,12
9548,9548,7,22
9549,9549,8,22
9550,9550,8,20
9551,9551,8,11
9552,9552,8,22
9553,9553,9,19
9554,9554,9,12
9555,9555,9,17
9556,9556,9,33
9557,9557,10,6
9558,9558,10,16
9559,9559,10,28
9560,9560,10,36
9561,9561,11,20
9562,9562,11,30
9563,9563,11,26
9564,9564,11,18
9565,9565,12,18
9566,9566,12,17
9567,9567,12,23
9568,9568,12,18
9569,9569,13,24
9570,9570,13,24
9571,9571,13,18
9572,9572,13,17
9573,9573,14,38
9574,9574,14,11
9575,9575,14,13
9576,9576,14,21
9577,9577,15,19
9578,9578,15,9
9579,9579,15,7
9580,9580,15,34
9581,9581,16,20
9582,9582,16,19
9583,9583,16,19
9584,9584,16,25
9585,9585,17,21
9586,9586,17,38
9587,9587,17,21
9588,9588,17,12
9589,9589,18,17
9590,9590,18,5
9591,9591,18,29
9592,9592,18,20
9593,9593,19,31
9594,9594,19,13
9595,9595,19,27
9596,9596,19,14
9597,9597,20,41
9598,9598,20,17
9599,9599,20,22
9600,9600,20,21
9601,9601,21,35
9602,9602,21,17
9603,9603,21,12
9604,9604,21,11
9605,9605,22,19
9606,9606,22,11
9607,9607,22,12
9608,9608,22,18
9609,9609,23,26
9610,9610,23,10
9611,9611,23,33
9612,9612,23,14
9613,9613,24,13
9614,9614,24,8
9615,9615,24,13
9616,9616,24,34
9617,9617,25,16
9618,9618,25,13
9619,9619,25,18
9620,9620,25,18
9621,9621,26,25
9622,9622,26,14
9623,9623,26,7
9624,9624,26,15
9625,9625,27,9
9626,9626,27,12
9627,9627,27,14
9628,9628,27,25
9629,9629,28,17
9630,9630,28,18
9631,9631,28,16
9632,9632,28,20
9633,9633,29,42
9634,9634,29,13
9635,9635,29,14
9636,9636,29,15
9637,9637,30,26
9638,9638,30,7
9639,9639,30,16
9640,9640,30,23
9641,9641,31,16
9642,9642,31,18
9643,9643,31,7
9644,9644,31,33
9645,9645,32,27
9646,9646,32,17
9647,9647,32,8
9648,9648,32,21
9649,9649,33,20
9650,9650,33,24
9651,9651,33,11
9652,9652,33,23
9653,9653,34,23
9654,9654,34,12
9655,9655,34,12
9656,9656,34,16
9657,9657,35,24
9658,9658,35,20
9659,9659,35,20
9660,9660,35,20
9661,9661,1,20
9662,9662,1,14
9663,9663,1,19
9664,9664,1,31
9665,9665,2,37
9666,9666,2,15
9667,9667,2,15
9668,9668,2,33
9669,9669,3,19
9670,9670,3,13
9671,9671,3,26
9672,9672,3,38
9673,9673,4,29
9674,9674,4,29
9675,9675,4,23
9676,9676,4,36
9677,9677,5,19
9678,9678,5,25
9679,9679,5,18
9680,9680,5,16
9681,9681,6,11
9682,9682,6,22
9683,9683,6,13
9684,9684,6,24
9685,9685,7,45
9686,9686,7,13
9687,9687,7,13
9688,9688,7,25
9689,9689,8,17
9690,9690,8,16
9691,9691,8,26
9692,9692,8,20
9693,9693,9,16
9694,9694,9,17
9695,9695,9,19
9696,9696,9,31
9697,9697,10,22
9698,9698,10,34
9699,9699,10,22
9700,9700,10,13
9701,9701,11,21
9702,9702,11,18
9703,9703,11,21
9704,9704,11,13
9705,9705,12,29
9706,9706,12,20
9707,9707,12,19
9708,9708,12,18
9709,9709,13,32
9710,9710,13,12
9711,9711,13,24
9712,9712,13,23
9713,9713,14,24
9714,9714,14,22
9715,9715,14,20
9716,9716,14,28
9717,9717,15,27
9718,9718,15,17
9719,9719,15,10
9720,9720,15,33
9721,9721,16,37
9722,9722,16,15
9723,9723,16,21
9724,9724,16,13
9725,9725,17,23
9726,9726,17,28
9727,9727,17,10
9728,9728,17,15
9729,9729,18,28
9730,9730,18,22
9731,9731,18,6
9732,9732,18,29
9733,9733,19,30
9734,9734,19,12
9735,9735,19,10
9736,9736,19,17
9737,9737,20,47
9738,9738,20,10
9739,9739,20,14
9740,9740,20,27
9741,9741,21,15
9742,9742,21,30
9743,9743,21,30
9744,9744,21,32
9745,9745,22,43
9746,9746,22,18
9747,9747,22,10
9748,9748,22,30
9749,9749,23,30
9750,9750,23,16
9751,9751,23,15
9752,9752,23,32
9753,9753,24,11
9754,9754,24,14
9755,9755,24,21
9756,9756,24,39
9757,9757,25,7
9758,9758,25,7
9759,9759,25,17
9760,9760,25,35
9761,9761,26,21
9762,9762,26,15
9763,9763,26,33
9764,9764,26,15
9765,9765,27,18
9766,9766,27,14
9767,9767,27,21
9768,9768,27,37
9769,9769,28,30
9770,9770,28,27
9771,9771,28,11
9772,9772,28,15
9773,9773,29,31
9774,9774,29,16
9775,9775,29,25
9776,9776,29,18
9777,9777,30,29
9778,9778,30,25
9779,9779,30,8
9780,9780,30,21
9781,9781,31,19
9782,9782,31,30
9783,9783,31,11
9784,9784,31,17
9785,9785,32,32
9786,9786,32,16
9787,9787,32,18
9788,9788,32,12
9789,9789,33,19
9790,9790,33,10
9791,9791,33,13
9792,9792,33,24
9793,9793,34,39
9794,9794,34,13
9795,9795,34,22
9796,9796,34,28
9797,9797,35,21
9798,9798,35,17
9799,9799,35,16
9800,9800,35,24
9801,9801,1,41
9802,9802,1,14
9803,9803,1,8
9804,9804,1,27
9805,9805,2,38
9806,9806,2,14
9807,9807,2,17
9808,9808,2,37
9809,9809,3,40
9810,9810,3,13
9811,9811,3,15
9812,9812,3,25
9813,9813,4,45
9814,9814,4,7
9815,9815,4,15
9816,9816,4,19
9817,9817,5,26
9818,9818,5,19
9819,9819,5,14
9820,9820,5,34
9821,9821,6,33
9822,9822,6,21
9823,9823,6,14
9824,9824,6,22
9825,9825,7,60
9826,9826,7,27
9827,9827,7,20
9828,9828,7,11
9829,9829,8,33
9830,9830,8,17
9831,9831,8,7
9832,9832,8,21
9833,9833,9,20
9834,9834,9,14
9835,9835,9,18
9836,9836,9,54
9837,9837,10,36
9838,9838,10,30
9839,9839,10,15
9840,9840,10,25
9841,9841,11,20
9842,9842,11,11
9843,9843,11,26
9844,9844,11,41
9845,9845,12,27
9846,9846,12,12
9847,9847,12,29
9848,9848,12,11
9849,9849,13,29
9850,9850,13,19
9851,9851,13,22
9852,9852,13,13
9853,9853,14,50
9854,9854,14,16
9855,9855,14,16
9856,9856,14,8
9857,9857,15,33
9858,9858,15,37
9859,9859,15,14
9860,9860,15,27
9861,9861,16,38
9862,9862,16,30
9863,9863,16,37
9864,9864,16,20
9865,9865,17,38
9866,9866,17,20
9867,9867,17,13
9868,9868,17,35
9869,9869,18,14
9870,9870,18,22
9871,9871,18,16
9872,9872,18,34
9873,9873,19,33
9874,9874,19,16
9875,9875,19,21
9876,9876,19,20
9877,9877,20,37
9878,9878,20,24
9879,9879,20,22
9880,9880,20,11
9881,9881,21,23
9882,9882,21,15
9883,9883,21,12
9884,9884,21,43
9885,9885,22,31
9886,9886,22,22
9887,9887,22,6
9888,9888,22,38
9889,9889,23,19
9890,9890,23,19
9891,9891,23,14
9892,9892,23,27
9893,9893,24,33
9894,9894,24,18
9895,9895,24,11
9896,9896,24,17
9897,9897,25,42
9898,9898,25,35
9899,9899,25,35
9900,9900,25,25
9901,9901,26,26
9902,9902,26,25
9903,9903,26,15
9904,9904,26,22
9905,9905,27,41
9906,9906,27,26
9907,9907,27,12
9908,9908,27,13
9909,9909,28,33
9910,9910,28,20
9911,9911,28,20
9912,9912,28,31
9913,9913,29,34
9914,9914,29,29
9915,9915,29,11
9916,9916,29,12
9917,9917,30,36
9918,9918,30,16
9919,9919,30,18
9920,9920,30,24
9921,9921,31,33
9922,9922,31,25
9923,9923,31,28
9924,9924,31,25
9925,9925,32,42
9926,9926,32,18
9927,9927,32,18
9928,9928,32,16
9929,9929,33,35
9930,9930,33,9
9931,9931,33,11
9932,9932,33,21
9933,9933,34,27
9934,9934,34,23
9935,9935,34,25
9936,9936,34,21
9937,9937,35,28
9938,9938,35,33
9939,9939,35,9
9940,9940,35,28
9941,9941,1,46
9942,9942,1,22
9943,9943,1,26
9944,9944,1,13
9945,9945,2,32
9946,9946,2,27
9947,9947,2,7
9948,9948,2,23
9949,9949,3,26
9950,9950,3,32
9951,9951,3,25
9952,9952,3,12
9953,9953,4,33
9954,9954,4,13
9955,9955,4,23
9956,9956,4,13
9957,9957,5,26
9958,9958,5,30
9959,9959,5,6
9960,9960,5,32
9961,9961,6,21
9962,9962,6,18
9963,9963,6,39
9964,9964,6,26
9965,9965,7,47
9966,9966,7,20
9967,9967,7,18
9968,9968,7,26
9969,9969,8,25
9970,9970,8,35
9971,9971,8,14
9972,9972,8,34
9973,9973,9,50
9974,9974,9,14
9975,9975,9,11
9976,9976,9,23
9977,9977,10,57
9978,9978,10,11
9979,9979,10,17
9980,9980,10,37
9981,9981,11,35
9982,9982,11,28
9983,9983,11,15
9984,9984,11,20
9985,9985,12,21
9986,9986,12,20
9987,9987,12,35
9988,9988,12,40
9989,9989,13,22
9990,9990,13,27
9991,9991,13,7
9992,9992,13,32
9993,9993,14,20
9994,9994,14,38
9995,9995,14,18
9996,9996,14,31
9997,9997,15,32
9998,9998,15,21
9999,9999,15,24
10000,10000,15,25
10001,10001,16,27
10002,10002,16,17
10003,10003,16,9
10004,10004,16,24
10005,10005,17,23
10006,10006,17,14
10007,10007,17,13
10008,10008,17,31
10009,10009,18,36
10010,10010,18,34
10011,10011,18,17
10012,10012,18,39
10013,10013,19,61
10014,10014,19,12
10015,10015,19,20
10016,10016,19,20
10017,10017,20,25
10018,10018,20,29
10019,10019,20,10
10020,10020,20,28
10021,10021,21,32
10022,10022,21,23
10023,10023,21,5
10024,10024,21,31
10025,10025,22,47
10026,10026,22,22
10027,10027,22,15
10028,10028,22,21
10029,10029,23,32
10030,10030,23,18
10031,10031,23,18
10032,10032,23,28
10033,10033,24,23
10034,10034,24,24
10035,10035,24,20
10036,10036,24,21
10037,10037,25,45
10038,10038,25,16
10039,10039,25,9
10040,10040,25,34
10041,10041,26,19
10042,10042,26,34
10043,10043,26,45
10044,10044,26,28
10045,10045,27,34
10046,10046,27,37
10047,10047,27,29
10048,10048,27,35
10049,10049,28,34
10050,10050,28,25
10051,10051,28,17
10052,10052,28,32
10053,10053,29,34
10054,10054,29,31
10055,10055,29,7
10056,10056,29,19
10057,10057,30,22
10058,10058,30,24
10059,10059,30,13
10060,10060,30,39
10061,10061,31,35
10062,10062,31,26
10063,10063,31,19
10064,10064,31,26
10065,10065,32,21
10066,10066,32,18
10067,10067,32,22
10068,10068,32,23
10069,10069,33,22
10070,10070,33,20
10071,10071,33,23
10072,10072,33,18
10073,10073,34,44
10074,10074,34,20
10075,10075,34,15
10076,10076,34,19
10077,10077,35,35
10078,10078,35,26
10079,10079,35,20
10080,10080,35,24
10081,10081,1,30
10082,10082,1,11
10083,10083,1,16
10084,10084,1,34
10085,10085,2,31
10086,10086,2,25
10087,10087,2,9
10088,10088,2,14
10089,10089,3,47
10090,10090,3,19
10091,10091,3,17
10092,10092,3,26
10093,10093,4,27
10094,10094,4,27
10095,10095,4,36
10096,10096,4,42
10097,10097,5,25
10098,10098,5,12
10099,10099,5,42
10100,10100,5,38
10101,10101,6,19
10102,10102,6,35
10103,10103,6,20
10104,10104,6,39
10105,10105,7,37
10106,10106,7,20
10107,10107,7,27
10108,10108,7,27
10109,10109,8,59
10110,10110,8,34
10111,10111,8,20
10112,10112,8,25
10113,10113,9,58
10114,10114,9,25
10115,10115,9,9
10116,10116,9,31
10117,10117,10,39
10118,10118,10,21
10119,10119,10,20
10120,10120,10,27
10121,10121,11,24
10122,10122,11,17
10123,10123,11,11
10124,10124,11,35
10125,10125,12,43
10126,10126,12,15
10127,10127,12,22
10128,10128,12,40
10129,10129,13,35
10130,10130,13,23
10131,10131,13,22
10132,10132,13,41
10133,10133,14,44
10134,10134,14,16
10135,10135,14,13
10136,10136,14,31
10137,10137,15,30
10138,10138,15,14
10139,10139,15,28
10140,10140,15,27
10141,10141,16,21
10142,10142,16,15
10143,10143,16,21
10144,10144,16,39
10145,10145,17,30
10146,10146,17,23
10147,10147,17,17
10148,10148,17,40
10149,10149,18,36
10150,10150,18,27
10151,10151,18,14
10152,10152,18,20
10153,10153,19,27
10154,10154,19,42
10155,10155,19,24
10156,10156,19,26
10157,10157,20,36
10158,10158,20,25
10159,10159,20,25
10160,10160,20,20
10161,10161,21,36
10162,10162,21,29
10163,10163,21,26
10164,10164,21,23
10165,10165,22,35
10166,10166,22,14
10167,10167,22,22
10168,10168,22,29
10169,10169,23,33
10170,10170,23,16
10171,10171,23,16
10172,10172,23,39
10173,10173,24,35
10174,10174,24,17
10175,10175,24,27
10176,10176,24,37
10177,10177,25,39
10178,10178,25,22
10179,10179,25,21
10180,10180,25,20
10181,10181,26,39
10182,10182,26,16
10183,10183,26,28
10184,10184,26,27
10185,10185,27,33
10186,10186,27,29
10187,10187,27,16
10188,10188,27,38
10189,10189,28,45
10190,10190,28,28
10191,10191,28,22
10192,10192,28,35
10193,10193,29,44
10194,10194,29,11
10195,10195,29,16
10196,10196,29,33
10197,10197,30,24
10198,10198,30,36
10199,10199,30,9
10200,10200,30,23
10201,10201,31,21
10202,10202,31,40
10203,10203,31,19
10204,10204,31,20
10205,10205,32,24
10206,10206,32,23
10207,10207,32,30
10208,10208,32,19
10209,10209,33,41
10210,10210,33,25
10211,10211,33,19
10212,10212,33,30
10213,10213,34,32
10214,10214,34,20
10215,10215,34,12
10216,10216,34,23
10217,10217,35,22
10218,10218,35,41
10219,10219,35,26
10220,10220,35,23
10221,10221,1,30
10222,10222,1,18
10223,10223,1,18
10224,10224,1,26
10225,10225,2,44
10226,10226,2,20
10227,10227,2,15
10228,10228,2,26
10229,10229,3,31
10230,10230,3,16
10231,10231,3,7
10232,10232,3,18
10233,10233,4,12
10234,10234,4,27
10235,10235,4,13
10236,10236,4,33
10237,10237,5,15
10238,10238,5,22
10239,10239,5,12
10240,10240,5,55
10241,10241,6,45
10242,10242,6,21
10243,10243,6,23
10244,10244,6,38
10245,10245,7,47
10246,10246,7,8
10247,10247,7,9
10248,10248,7,18
10249,10249,8,34
10250,10250,8,21
10251,10251,8,22
10252,10252,8,21
10253,10253,9,22
10254,10254,9,19
10255,10255,9,25
10256,10256,9,22
10257,10257,10,22
10258,10258,10,16
10259,10259,10,18
10260,10260,10,25
10261,10261,11,27
10262,10262,11,16
10263,10263,11,20
10264,10264,11,21
10265,10265,12,24
10266,10266,12,16
10267,10267,12,12
10268,10268,12,19
10269,10269,13,57
10270,10270,13,14
10271,10271,13,21
10272,10272,13,16
10273,10273,14,23
10274,10274,14,32
10275,10275,14,16
10276,10276,14,30
10277,10277,15,43
10278,10278,15,5
10279,10279,15,13
10280,10280,15,25
10281,10281,16,20
10282,10282,16,18
10283,10283,16,18
10284,10284,16,26
10285,10285,17,39
10286,10286,17,8
10287,10287,17,17
10288,10288,17,20
10289,10289,18,28
10290,10290,18,28
10291,10291,18,12
10292,10292,18,22
10293,10293,19,18
10294,10294,19,20
10295,10295,19,15
10296,10296,19,34
10297,10297,20,34
10298,10298,20,12
10299,10299,20,18
10300,10300,20,23
10301,10301,21,24
10302,10302,21,20
10303,10303,21,13
10304,10304,21,26
10305,10305,22,29
10306,10306,22,14
10307,10307,22,20
10308,10308,22,17
10309,10309,23,21
10310,10310,23,24
10311,10311,23,23
10312,10312,23,17
10313,10313,24,25
10314,10314,24,21
10315,10315,24,21
10316,10316,24,8
10317,10317,25,25
10318,10318,25,28
10319,10319,25,16
10320,10320,25,28
10321,10321,26,29
10322,10322,26,27
10323,10323,26,16
10324,10324,26,20
10325,10325,27,25
10326,10326,27,31
10327,10327,27,18
10328,10328,27,18
10329,10329,28,27
10330,10330,28,15
10331,10331,28,19
10332,10332,28,9
10333,10333,29,18
10334,10334,29,19
10335,10335,29,28
10336,10336,29,15
10337,10337,30,33
10338,10338,30,21
10339,10339,30,21
10340,10340,30,22
10341,10341,31,27
10342,10342,31,34
10343,10343,31,14
10344,10344,31,23
10345,10345,32,17
10346,10346,32,14
10347,10347,32,17
10348,10348,32,16
10349,10349,33,40
10350,10350,33,20
10351,10351,33,11
10352,10352,33,17
10353,10353,34,22
10354,10354,34,13
10355,10355,34,13
10356,10356,34,38
10357,10357,35,30
10358,10358,35,27
10359,10359,35,9
10360,10360,35,26
10361,10361,1,29
10362,10362,1,23
10363,10363,1,16
10364,10364,1,7
10365,10365,2,29
10366,10366,2,19
10367,10367,2,25
10368,10368,2,14
10369,10369,3,28
10370,10370,3,20
10371,10371,3,12
10372,10372,3,10
10373,10373,4,20
10374,10374,4,21
10375,10375,4,23
10376,10376,4,19
10377,10377,5,25
10378,10378,5,9
10379,10379,5,8
10380,10380,5,17
10381,10381,6,26
10382,10382,6,20
10383,10383,6,18
10384,10384,6,15
10385,10385,7,10
10386,10386,7,28
10387,10387,7,9
10388,10388,7,15
10389,10389,8,18
10390,10390,8,13
10391,10391,8,22
10392,10392,8,14
10393,10393,9,32
10394,10394,9,13
10395,10395,9,12
10396,10396,9,16
10397,10397,10,25
10398,10398,10,14
10399,10399,10,20
10400,10400,10,29
10401,10401,11,26
10402,10402,11,17
10403,10403,11,15
10404,10404,11,21
10405,10405,12,19
10406,10406,12,10
10407,10407,12,13
10408,10408,12,21
10409,10409,13,25
10410,10410,13,8
10411,10411,13,21
10412,10412,13,10
10413,10413,14,22
10414,10414,14,13
10415,10415,14,9
10416,10416,14,16
10417,10417,15,21
10418,10418,15,9
10419,10419,15,9
10420,10420,15,23
10421,10421,16,29
10422,10422,16,9
10423,10423,16,14
10424,10424,16,18
10425,10425,17,11
10426,10426,17,13
10427,10427,17,16
10428,10428,17,18
10429,10429,18,21
10430,10430,18,9
10431,10431,18,18
10432,10432,18,15
10433,10433,19,32
10434,10434,19,20
10435,10435,19,15
10436,10436,19,13
10437,10437,20,13
10438,10438,20,17
10439,10439,20,19
10440,10440,20,20
10441,10441,21,16
10442,10442,21,24
10443,10443,21,15
10444,10444,21,20
10445,10445,22,21
10446,10446,22,17
10447,10447,22,8
10448,10448,22,34
10449,10449,23,25
10450,10450,23,13
10451,10451,23,11
10452,10452,23,20
10453,10453,24,33
10454,10454,24,19
10455,10455,24,12
10456,10456,24,29
10457,10457,25,27
10458,10458,25,13
10459,10459,25,23
10460,10460,25,7
10461,10461,26,17
10462,10462,26,21
10463,10463,26,25
10464,10464,26,16
10465,10465,27,17
10466,10466,27,16
10467,10467,27,19
10468,10468,27,26
10469,10469,28,18
10470,10470,28,10
10471,10471,28,12
10472,10472,28,30
10473,10473,29,19
10474,10474,29,22
10475,10475,29,16
10476,10476,29,11
10477,10477,30,23
10478,10478,30,15
10479,10479,30,14
10480,10480,30,23
10481,10481,31,25
10482,10482,31,27
10483,10483,31,11
10484,10484,31,14
10485,10485,32,19
10486,10486,32,9
10487,10487,32,15
10488,10488,32,31
10489,10489,33,23
10490,10490,33,14
10491,10491,33,10
10492,10492,33,20
10493,10493,34,12
10494,10494,34,25
10495,10495,34,13
10496,10496,34,11
10497,10497,35,21
10498,10498,35,14
10499,10499,35,15
10500,10500,35,24
10501,10501,1,33
10502,10502,1,30
10503,10503,1,12
10504,10504,1,22
10505,10505,2,25
10506,10506,2,18
10507,10507,2,12
10508,10508,2,19
10509,10509,3,22
10510,10510,3,14
10511,10511,3,17
10512,10512,3,10
10513,10513,4,17
10514,10514,4,19
10515,10515,4,19
10516,10516,4,34
10517,10517,5,27
10518,10518,5,7
10519,10519,5,14
10520,10520,5,22
10521,10521,6,33
10522,10522,6,23
10523,10523,6,21
10524,10524,6,15
10525,10525,7,32
10526,10526,7,11
10527,10527,7,10
10528,10528,7,19
10529,10529,8,16
10530,10530,8,12
10531,10531,8,9
10532,10532,8,36
10533,10533,9,34
10534,10534,9,28
10535,10535,9,18
10536,10536,9,14
10537,10537,10,16
10538,10538,10,14
10539,10539,10,17
10540,10540,10,23
10541,10541,11,16
10542,10542,11,23
10543,10543,11,9
10544,10544,11,21
10545,10545,12,32
10546,10546,12,16
10547,10547,12,13
10548,10548,12,9
10549,10549,13,13
10550,10550,13,29
10551,10551,13,22
10552,10552,13,23
10553,10553,14,27
10554,10554,14,11
10555,10555,14,18
10556,10556,14,13
10557,10557,15,10
10558,10558,15,19
10559,10559,15,24
10560,10560,15,24
10561,10561,16,27
10562,10562,16,13
10563,10563,16,14
10564,10564,16,20
10565,10565,17,20
10566,10566,17,24
10567,10567,17,21
10568,10568,17,9
10569,10569,18,35
10570,10570,18,26
10571,10571,18,14
10572,10572,18,28
10573,10573,19,26
10574,10574,19,18
10575,10575,19,11
10576,10576,19,19
10577,10577,20,34
10578,10578,20,9
10579,10579,20,27
10580,10580,20,16
10581,10581,21,17
10582,10582,21,14
10583,10583,21,9
10584,10584,21,21
10585,10585,22,22
10586,10586,22,13
10587,10587,22,12
10588,10588,22,24
10589,10589,23,13
10590,10590,23,12
10591,10591,23,28
10592,10592,23,29
10593,10593,24,20
10594,10594,24,20
10595,10595,24,22
10596,10596,24,13
10597,10597,25,30
10598,10598,25,13
10599,10599,25,14
10600,10600,25,22
10601,10601,26,30
10602,10602,26,19
10603,10603,26,19
10604,10604,26,11
10605,10605,27,23
10606,10606,27,39
10607,10607,27,3
10608,10608,27,29
10609,10609,28,25
10610,10610,28,23
10611,10611,28,13
10612,10612,28,11
10613,10613,29,27
10614,10614,29,8
10615,10615,29,11
10616,10616,29,28
10617,10617,30,18
10618,10618,30,17
10619,10619,30,14
10620,10620,30,13
10621,10621,31,26
10622,10622,31,36
10623,10623,31,13
10624,10624,31,18
10625,10625,32,28
10626,10626,32,14
10627,10627,32,11
10628,10628,32,33
10629,10629,33,32
10630,10630,33,14
10631,10631,33,11
10632,10632,33,21
10633,10633,34,19
10634,10634,34,15
10635,10635,34,17
10636,10636,34,18
10637,10637,35,27
10638,10638,35,13
10639,10639,35,16
10640,10640,35,8
10641,10641,1,44
10642,10642,1,17
10643,10643,1,5
10644,10644,1,24
10645,10645,2,21
10646,10646,2,13
10647,10647,2,15
10648,10648,2,15
10649,10649,3,42
10650,10650,3,19
10651,10651,3,19
10652,10652,3,23
10653,10653,4,19
10654,10654,4,18
10655,10655,4,21
10656,10656,4,12
10657,10657,5,25
10658,10658,5,30
10659,10659,5,15
10660,10660,5,14
10661,10661,6,28
10662,10662,6,21
10663,10663,6,6
10664,10664,6,27
10665,10665,7,25
10666,10666,7,20
10667,10667,7,17
10668,10668,7,29
10669,10669,8,16
10670,10670,8,23
10671,10671,8,12
10672,10672,8,29
10673,10673,9,22
10674,10674,9,24
10675,10675,9,6
10676,10676,9,33
10677,10677,10,22
10678,10678,10,8
10679,10679,10,14
10680,10680,10,33
10681,10681,11,37
10682,10682,11,15
10683,10683,11,15
10684,10684,11,14
10685,10685,12,29
10686,10686,12,28
10687,10687,12,11
10688,10688,12,8
10689,10689,13,37
10690,10690,13,17
10691,10691,13,5
10692,10692,13,30
10693,10693,14,22
10694,10694,14,35
10695,10695,14,10
10696,10696,14,25
10697,10697,15,54
10698,10698,15,20
10699,10699,15,20
10700,10700,15,15
10701,10701,16,20
10702,10702,16,13
10703,10703,16,16
10704,10704,16,19
10705,10705,17,39
10706,10706,17,27
10707,10707,17,7
10708,10708,17,17
10709,10709,18,22
10710,10710,18,29
10711,10711,18,16
10712,10712,18,44
10713,10713,19,18
10714,10714,19,9
10715,10715,19,13
10716,10716,19,32
10717,10717,20,26
10718,10718,20,16
10719,10719,20,13
10720,10720,20,19
10721,10721,21,25
10722,10722,21,13
10723,10723,21,13
10724,10724,21,41
10725,10725,22,25
10726,10726,22,30
10727,10727,22,12
10728,10728,22,40
10729,10729,23,10
10730,10730,23,15
10731,10731,23,13
10732,10732,23,37
10733,10733,24,26
10734,10734,24,15
10735,10735,24,17
10736,10736,24,23
10737,10737,25,11
10738,10738,25,26
10739,10739,25,19
10740,10740,25,25
10741,10741,26,22
10742,10742,26,42
10743,10743,26,14
10744,10744,26,21
10745,10745,27,13
10746,10746,27,16
10747,10747,27,17
10748,10748,27,17
10749,10749,28,13
10750,10750,28,23
10751,10751,28,27
10752,10752,28,22
10753,10753,29,22
10754,10754,29,22
10755,10755,29,20
10756,10756,29,12
10757,10757,30,33
10758,10758,30,23
10759,10759,30,15
10760,10760,30,22
10761,10761,31,23
10762,10762,31,9
10763,10763,31,16
10764,10764,31,34
10765,10765,32,15
10766,10766,32,9
10767,10767,32,19
10768,10768,32,31
10769,10769,33,19
10770,10770,33,12
10771,10771,33,19
10772,10772,33,29
10773,10773,34,43
10774,10774,34,11
10775,10775,34,17
10776,10776,34,24
10777,10777,35,32
10778,10778,35,15
10779,10779,35,17
10780,10780,35,27
10781,10781,1,36
10782,10782,1,14
10783,10783,1,12
10784,10784,1,11
10785,10785,2,34
10786,10786,2,32
10787,10787,2,5
10788,10788,2,19
10789,10789,3,34
10790,10790,3,20
10791,10791,3,17
10792,10792,3,18
10793,10793,4,38
10794,10794,4,25
10795,10795,4,31
10796,10796,4,16
10797,10797,5,11
10798,10798,5,15
10799,10799,5,21
10800,10800,5,46
10801,10801,6,28
10802,10802,6,19
10803,10803,6,10
10804,10804,6,31
10805,10805,7,37
10806,10806,7,16
10807,10807,7,23
10808,10808,7,24
10809,10809,8,14
10810,10810,8,18
10811,10811,8,18
10812,10812,8,23
10813,10813,9,29
10814,10814,9,28
10815,10815,9,39
10816,10816,9,18
10817,10817,10,23
10818,10818,10,24
10819,10819,10,17
10820,10820,10,39
10821,10821,11,22
10822,10822,11,21
10823,10823,11,21
10824,10824,11,21
10825,10825,12,34
10826,10826,12,19
10827,10827,12,24
10828,10828,12,16
10829,10829,13,27
10830,10830,13,18
10831,10831,13,12
10832,10832,13,36
10833,10833,14,35
10834,10834,14,14
10835,10835,14,17
10836,10836,14,25
10837,10837,15,25
10838,10838,15,28
10839,10839,15,22
10840,10840,15,20
10841,10841,16,19
10842,10842,16,28
10843,10843,16,14
10844,10844,16,24
10845,10845,17,21
10846,10846,17,31
10847,10847,17,15
10848,10848,17,36
10849,10849,18,29
10850,10850,18,32
10851,10851,18,21
10852,10852,18,28
10853,10853,19,27
10854,10854,19,8
10855,10855,19,38
10856,10856,19,30
10857,10857,20,26
10858,10858,20,14
10859,10859,20,5
10860,10860,20,23
10861,10861,21,38
10862,10862,21,13
10863,10863,21,13
10864,10864,21,32
10865,10865,22,44
10866,10866,22,17
10867,10867,22,5
10868,10868,22,21
10869,10869,23,46
10870,10870,23,31
10871,10871,23,13
10872,10872,23,18
10873,10873,24,30
10874,10874,24,16
10875,10875,24,17
10876,10876,24,32
10877,10877,25,14
10878,10878,25,23
10879,10879,25,25
10880,10880,25,30
10881,10881,26,22
10882,10882,26,8
10883,10883,26,22
10884,10884,26,38
10885,10885,27,35
10886,10886,27,35
10887,10887,27,19
10888,10888,27,21
10889,10889,28,48
10890,10890,28,18
10891,10891,28,23
10892,10892,28,18
10893,10893,29,37
10894,10894,29,20
10895,10895,29,18
10896,10896,29,15
10897,10897,30,31
10898,10898,30,12
10899,10899,30,14
10900,10900,30,41
10901,10901,31,38
10902,10902,31,13
10903,10903,31,18
10904,10904,31,20
10905,10905,32,22
10906,10906,32,23
10907,10907,32,17
10908,10908,32,20
10909,10909,33,27
10910,10910,33,32
10911,10911,33,9
10912,10912,33,19
10913,10913,34,31
10914,10914,34,11
10915,10915,34,13
10916,10916,34,41
10917,10917,35,22
10918,10918,35,30
10919,10919,35,13
10920,10920,35,37
10921,10921,1,70
10922,10922,1,26
10923,10923,1,12
10924,10924,1,17
10925,10925,2,34
10926,10926,2,21
10927,10927,2,21
10928,10928,2,39
10929,10929,3,30
10930,10930,3,23
10931,10931,3,17
10932,10932,3,47
10933,10933,4,37
10934,10934,4,35
10935,10935,4,21
10936,10936,4,25
10937,10937,5,37
10938,10938,5,45
10939,10939,5,13
10940,10940,5,28
10941,10941,6,37
10942,10942,6,20
10943,10943,6,36
10944,10944,6,15
10945,10945,7,39
10946,10946,7,18
10947,10947,7,24
10948,10948,7,17
10949,10949,8,40
10950,10950,8,15
10951,10951,8,26
10952,10952,8,49
10953,10953,9,30
10954,10954,9,10
10955,10955,9,20
10956,10956,9,63
10957,10957,10,37
10958,10958,10,24
10959,10959,10,37
10960,10960,10,26
10961,10961,11,20
10962,10962,11,32
10963,10963,11,24
10964,10964,11,36
10965,10965,12,32
10966,10966,12,30
10967,10967,12,26
10968,10968,12,41
10969,10969,13,53
10970,10970,13,19
10971,10971,13,13
10972,10972,13,36
10973,10973,14,41
10974,10974,14,26
10975,10975,14,26
10976,10976,14,33
10977,10977,15,43
10978,10978,15,20
10979,10979,15,26
10980,10980,15,41
10981,10981,16,29
10982,10982,16,12
10983,10983,16,25
10984,10984,16,20
10985,10985,17,46
10986,10986,17,22
10987,10987,17,23
10988,10988,17,16
10989,10989,18,29
10990,10990,18,31
10991,10991,18,31
10992,10992,18,13
10993,10993,19,30
10994,10994,19,17
10995,10995,19,37
10996,10996,19,32
10997,10997,20,15
10998,10998,20,15
10999,10999,20,28
11000,11000,20,40
11001,11001,21,70
11002,11002,21,10
11003,11003,21,9
11004,11004,21,22
11005,11005,22,61
11006,11006,22,29
11007,11007,22,22
11008,11008,22,53
11009,11009,23,23
11010,11010,23,35
11011,11011,23,11
11012,11012,23,40
11013,11013,24,58
11014,11014,24,19
11015,11015,24,15
11016,11016,24,26
11017,11017,25,39
11018,11018,25,43
11019,11019,25,11
11020,11020,25,40
11021,11021,26,60
11022,11022,26,24
11023,11023,26,48
11024,11024,26,16
11025,11025,27,28
11026,11026,27,33
11027,11027,27,9
11028,11028,27,44
11029,11029,28,33
11030,11030,28,24
11031,11031,28,13
11032,11032,28,17
11033,11033,29,39
11034,11034,29,36
11035,11035,29,9
11036,11036,29,20
11037,11037,30,32
11038,11038,30,37
11039,11039,30,21
11040,11040,30,41
11041,11041,31,29
11042,11042,31,35
11043,11043,31,23
11044,11044,31,15
11045,11045,32,34
11046,11046,32,14
11047,11047,32,10
11048,11048,32,50
11049,11049,33,49
11050,11050,33,23
11051,11051,33,31
11052,11052,33,24
11053,11053,34,23
11054,11054,34,28
11055,11055,34,28
11056,11056,34,33
11057,11057,35,41
11058,11058,35,19
11059,11059,35,35
11060,11060,35,23
11061,11061,1,45
11062,11062,1,28
11063,11063,1,44
11064,11064,1,24
11065,11065,2,24
11066,11066,2,26
11067,11067,2,18
11068,11068,2,34
11069,11069,3,59
11070,11070,3,34
11071,11071,3,19
11072,11072,3,29
11073,11073,4,34
11074,11074,4,28
11075,11075,4,18
11076,11076,4,59
11077,11077,5,46
11078,11078,5,31
11079,11079,5,43
11080,11080,5,16
11081,11081,6,28
11082,11082,6,40
11083,11083,6,38
11084,11084,6,38
11085,11085,7,35
11086,11086,7,28
11087,11087,7,16
11088,11088,7,47
11089,11089,8,48
11090,11090,8,32
11091,11091,8,17
11092,11092,8,39
11093,11093,9,61
11094,11094,9,13
11095,11095,9,18
11096,11096,9,21
11097,11097,10,22
11098,11098,10,19
11099,11099,10,49
11100,11100,10,50
11101,11101,11,39
11102,11102,11,55
11103,11103,11,21
11104,11104,11,31
11105,11105,12,49
11106,11106,12,17
11107,11107,12,21
11108,11108,12,37
11109,11109,13,44
11110,11110,13,24
11111,11111,13,34
11112,11112,13,39
11113,11113,14,31
11114,11114,14,31
11115,11115,14,20
11116,11116,14,39
11117,11117,15,25
11118,11118,15,37
11119,11119,15,23
11120,11120,15,47
11121,11121,16,22
11122,11122,16,32
11123,11123,16,42
11124,11124,16,27
11125,11125,17,35
11126,11126,17,36
11127,11127,17,30
11128,11128,17,31
11129,11129,18,38
11130,11130,18,28
11131,11131,18,43
11132,11132,18,19
11133,11133,19,51
11134,11134,19,37
11135,11135,19,32
11136,11136,19,19
11137,11137,20,29
11138,11138,20,25
11139,11139,20,34
11140,11140,20,32
11141,11141,21,41
11142,11142,21,28
11143,11143,21,35
11144,11144,21,43
11145,11145,22,51
11146,11146,22,24
11147,11147,22,11
11148,11148,22,35
11149,11149,23,27
11150,11150,23,36
11151,11151,23,49
11152,11152,23,45
11153,11153,24,30
11154,11154,24,30
11155,11155,24,29
11156,11156,24,49
11157,11157,25,41
11158,11158,25,34
11159,11159,25,43
11160,11160,25,19
11161,11161,26,40
11162,11162,26,37
11163,11163,26,18
11164,11164,26,43
11165,11165,27,39
11166,11166,27,19
11167,11167,27,19
11168,11168,27,48
11169,11169,28,23
11170,11170,28,39
11171,11171,28,15
11172,11172,28,32
11173,11173,29,38
11174,11174,29,41
11175,11175,29,38
11176,11176,29,41
11177,11177,30,60
11178,11178,30,44
11179,11179,30,19
11180,11180,30,19
11181,11181,31,30
11182,11182,31,36
11183,11183,31,36
11184,11184,31,39
11185,11185,32,46
11186,11186,32,37
11187,11187,32,23
11188,11188,32,28
11189,11189,33,52
11190,11190,33,40
11191,11191,33,14
11192,11192,33,44
11193,11193,34,35
11194,11194,34,38
11195,11195,34,22
11196,11196,34,27
11197,11197,35,41
11198,11198,35,19
11199,11199,35,28
11200,11200,35,51
11201,11201,1,25
11202,11202,1,42
11203,11203,1,12
11204,11204,1,43
11205,11205,2,48
11206,11206,2,35
11207,11207,2,19
11208,11208,2,20
11209,11209,3,34
11210,11210,3,30
11211,11211,3,10
11212,11212,3,35
11213,11213,4,20
11214,11214,4,25
11215,11215,4,19
11216,11216,4,50
11217,11217,5,51
11218,11218,5,15
11219,11219,5,12
11220,11220,5,38
11221,11221,6,32
11222,11222,6,26
11223,11223,6,45
11224,11224,6,23
11225,11225,7,19
11226,11226,7,17
11227,11227,7,23
11228,11228,7,36
11229,11229,8,35
11230,11230,8,21
11231,11231,8,34
11232,11232,8,13
11233,11233,9,45
11234,11234,9,27
11235,11235,9,18
11236,11236,9,19
11237,11237,10,34
11238,11238,10,16
11239,11239,10,32
11240,11240,10,40
11241,11241,11,36
11242,11242,11,23
11243,11243,11,13
11244,11244,11,19
11245,11245,12,39
11246,11246,12,26
11247,11247,12,12
11248,11248,12,47
11249,11249,13,35
11250,11250,13,10
11251,11251,13,18
11252,11252,13,37
11253,11253,14,20
11254,11254,14,26
11255,11255,14,24
11256,11256,14,29
11257,11257,15,23
11258,11258,15,24
11259,11259,15,21
11260,11260,15,29
11261,11261,16,13
11262,11262,16,28
11263,11263,16,15
11264,11264,16,52
11265,11265,17,36
11266,11266,17,24
11267,11267,17,25
11268,11268,17,27
11269,11269,18,45
11270,11270,18,26
11271,11271,18,23
11272,11272,18,19
11273,11273,19,28
11274,11274,19,12
11275,11275,19,26
11276,11276,19,27
11277,11277,20,47
11278,11278,20,22
11279,11279,20,17
11280,11280,20,37
11281,11281,21,35
11282,11282,21,29
11283,11283,21,18
11284,11284,21,26
11285,11285,22,25
11286,11286,22,19
11287,11287,22,26
11288,11288,22,37
11289,11289,23,45
11290,11290,23,13
11291,11291,23,18
11292,11292,23,22
11293,11293,24,40
11294,11294,24,18
11295,11295,24,20
11296,11296,24,32
11297,11297,25,61
11298,11298,25,17
11299,11299,25,17
11300,11300,25,15
11301,11301,26,56
11302,11302,26,20
11303,11303,26,12
11304,11304,26,45
11305,11305,27,25
11306,11306,27,16
11307,11307,27,29
11308,11308,27,41
11309,11309,28,28
11310,11310,28,27
11311,11311,28,13
11312,11312,28,29
11313,11313,29,26
11314,11314,29,25
11315,11315,29,10
11316,11316,29,70
11317,11317,30,51
11318,11318,30,21
11319,11319,30,20
11320,11320,30,16
11321,11321,31,35
11322,11322,31,20
11323,11323,31,15
11324,11324,31,40
11325,11325,32,32
11326,11326,32,24
11327,11327,32,32
11328,11328,32,31
11329,11329,33,26
11330,11330,33,35
11331,11331,33,27
11332,11332,33,19
11333,11333,34,59
11334,11334,34,21
11335,11335,34,15
11336,11336,34,37
11337,11337,35,26
11338,11338,35,24
11339,11339,35,32
11340,11340,35,22
11341,11341,1,21
11342,11342,1,31
11343,11343,1,9
11344,11344,1,33
11345,11345,2,32
11346,11346,2,10
11347,11347,2,25
11348,11348,2,26
11349,11349,3,48
11350,11350,3,19
11351,11351,3,16
11352,11352,3,19
11353,11353,4,26
11354,11354,4,22
11355,11355,4,18
11356,11356,4,39
11357,11357,5,32
11358,11358,5,36
11359,11359,5,7
11360,11360,5,18
11361,11361,6,36
11362,11362,6,10
11363,11363,6,19
11364,11364,6,36
11365,11365,7,18
11366,11366,7,17
11367,11367,7,19
11368,11368,7,27
11369,11369,8,34
11370,11370,8,16
11371,11371,8,26
11372,11372,8,33
11373,11373,9,15
11374,11374,9,22
11375,11375,9,8
11376,11376,9,30
11377,11377,10,18
11378,11378,10,33
11379,11379,10,25
11380,11380,10,21
11381,11381,11,30
11382,11382,11,12
11383,11383,11,15
11384,11384,11,27
11385,11385,12,41
11386,11386,12,30
11387,11387,12,23
11388,11388,12,29
11389,11389,13,28
11390,11390,13,22
11391,11391,13,10
11392,11392,13,30
11393,11393,14,30
11394,11394,14,17
11395,11395,14,17
11396,11396,14,27
11397,11397,15,18
11398,11398,15,13
11399,11399,15,8
11400,11400,15,33
11401,11401,16,31
11402,11402,16,16
11403,11403,16,8
11404,11404,16,27
11405,11405,17,17
11406,11406,17,20
11407,11407,17,16
11408,11408,17,32
11409,11409,18,39
11410,11410,18,18
11411,11411,18,8
11412,11412,18,31
11413,11413,19,22
11414,11414,19,16
11415,11415,19,18
11416,11416,19,41
11417,11417,20,24
11418,11418,20,21
11419,11419,20,29
11420,11420,20,20
11421,11421,21,42
11422,11422,21,18
11423,11423,21,13
11424,11424,21,24
11425,11425,22,34
11426,11426,22,13
11427,11427,22,24
11428,11428,22,18
11429,11429,23,36
11430,11430,23,19
11431,11431,23,10
11432,11432,23,25
11433,11433,24,19
11434,11434,24,27
11435,11435,24,16
11436,11436,24,22
11437,11437,25,24
11438,11438,25,20
11439,11439,25,18
11440,11440,25,32
11441,11441,26,17
11442,11442,26,25
11443,11443,26,9
11444,11444,26,22
11445,11445,27,23
11446,11446,27,28
11447,11447,27,15
11448,11448,27,29
11449,11449,28,39
11450,11450,28,6
11451,11451,28,23
11452,11452,28,19
11453,11453,29,24
11454,11454,29,28
11455,11455,29,14
11456,11456,29,32
11457,11457,30,34
11458,11458,30,35
11459,11459,30,34
11460,11460,30,25
11461,11461,31,24
11462,11462,31,11
11463,11463,31,23
11464,11464,31,27
11465,11465,32,32
11466,11466,32,14
11467,11467,32,12
11468,11468,32,28
11469,11469,33,35
11470,11470,33,29
11471,11471,33,30
11472,11472,33,18
11473,11473,34,38
11474,11474,34,13
11475,11475,34,27
11476,11476,34,39
11477,11477,35,26
11478,11478,35,20
11479,11479,35,11
11480,11480,35,29
11481,11481,1,29
11482,11482,1,24
11483,11483,1,21
11484,11484,1,34
11485,11485,2,16
11486,11486,2,24
11487,11487,2,26
11488,11488,2,32
11489,11489,3,32
11490,11490,3,14
11491,11491,3,28
11492,11492,3,33
11493,11493,4,37
11494,11494,4,16
11495,11495,4,16
11496,11496,4,31
11497,11497,5,25
11498,11498,5,24
11499,11499,5,17
11500,11500,5,32
11501,11501,6,21
11502,11502,6,30
11503,11503,6,20
11504,11504,6,21
11505,11505,7,31
11506,11506,7,30
11507,11507,7,12
11508,11508,7,26
11509,11509,8,28
11510,11510,8,36
11511,11511,8,12
11512,11512,8,22
11513,11513,9,27
11514,11514,9,16
11515,11515,9,24
11516,11516,9,53
11517,11517,10,33
11518,11518,10,55
11519,11519,10,17
11520,11520,10,36
11521,11521,11,21
11522,11522,11,37
11523,11523,11,13
11524,11524,11,19
11525,11525,12,23
11526,11526,12,29
11527,11527,12,25
11528,11528,12,36
11529,11529,13,39
11530,11530,13,14
11531,11531,13,20
11532,11532,13,22
11533,11533,14,46
11534,11534,14,17
11535,11535,14,11
11536,11536,14,17
11537,11537,15,18
11538,11538,15,30
11539,11539,15,12
11540,11540,15,53
11541,11541,16,29
11542,11542,16,20
11543,11543,16,23
11544,11544,16,20
11545,11545,17,17
11546,11546,17,19
11547,11547,17,23
11548,11548,17,30
11549,11549,18,28
11550,11550,18,23
11551,11551,18,11
11552,11552,18,23
11553,11553,19,35
11554,11554,19,24
11555,11555,19,13
11556,11556,19,21
11557,11557,20,51
11558,11558,20,11
11559,11559,20,5
11560,11560,20,19
11561,11561,21,40
11562,11562,21,15
11563,11563,21,11
11564,11564,21,20
11565,11565,22,33
11566,11566,22,20
11567,11567,22,11
11568,11568,22,33
11569,11569,23,50
11570,11570,23,11
11571,11571,23,9
11572,11572,23,45
11573,11573,24,21
11574,11574,24,25
11575,11575,24,5
11576,11576,24,38
11577,11577,25,26
11578,11578,25,23
11579,11579,25,18
11580,11580,25,32
11581,11581,26,33
11582,11582,26,13
11583,11583,26,12
11584,11584,26,54
11585,11585,27,35
11586,11586,27,21
11587,11587,27,13
11588,11588,27,32
11589,11589,28,33
11590,11590,28,24
11591,11591,28,16
11592,11592,28,26
11593,11593,29,22
11594,11594,29,16
11595,11595,29,27
11596,11596,29,34
11597,11597,30,32
11598,11598,30,14
11599,11599,30,13
11600,11600,30,15
11601,11601,31,22
11602,11602,31,21
11603,11603,31,19
11604,11604,31,35
11605,11605,32,29
11606,11606,32,16
11607,11607,32,16
11608,11608,32,42
11609,11609,33,33
11610,11610,33,31
11611,11611,33,25
11612,11612,33,10
11613,11613,34,36
11614,11614,34,11
11615,11615,34,17
11616,11616,34,30
11617,11617,35,34
11618,11618,35,22
11619,11619,35,16
11620,11620,35,25
11621,11621,1,19
11622,11622,1,35
11623,11623,1,14
11624,11624,1,22
11625,11625,2,24
11626,11626,2,28
11627,11627,2,16
11628,11628,2,45
11629,11629,3,70
11630,11630,3,22
11631,11631,3,30
11632,11632,3,20
11633,11633,4,25
11634,11634,4,21
11635,11635,4,24
11636,11636,4,25
11637,11637,5,49
11638,11638,5,25
11639,11639,5,21
11640,11640,5,23
11641,11641,6,35
11642,11642,6,24
11643,11643,6,25
11644,11644,6,24
11645,11645,7,22
11646,11646,7,29
11647,11647,7,27
11648,11648,7,16
11649,11649,8,35
11650,11650,8,23
11651,11651,8,18
11652,11652,8,18
11653,11653,9,32
11654,11654,9,21
11655,11655,9,21
11656,11656,9,39
11657,11657,10,48
11658,11658,10,14
11659,11659,10,26
11660,11660,10,15
11661,11661,11,38
11662,11662,11,34
11663,11663,11,9
11664,11664,11,23
11665,11665,12,34
11666,11666,12,31
11667,11667,12,12
11668,11668,12,21
11669,11669,13,65
11670,11670,13,13
11671,11671,13,17
11672,11672,13,47
11673,11673,14,30
11674,11674,14,30
11675,11675,14,17
11676,11676,14,16
11677,11677,15,39
11678,11678,15,35
11679,11679,15,16
11680,11680,15,25
11681,11681,16,36
11682,11682,16,31
11683,11683,16,25
11684,11684,16,35
11685,11685,17,20
11686,11686,17,45
11687,11687,17,20
11688,11688,17,26
11689,11689,18,37
11690,11690,18,18
11691,11691,18,12
11692,11692,18,32
11693,11693,19,31
11694,11694,19,34
11695,11695,19,34
11696,11696,19,16
11697,11697,20,61
11698,11698,20,30
11699,11699,20,16
11700,11700,20,31
11701,11701,21,40
11702,11702,21,45
11703,11703,21,23
11704,11704,21,18
11705,11705,22,25
11706,11706,22,23
11707,11707,22,15
11708,11708,22,47
11709,11709,23,42
11710,11710,23,24
11711,11711,23,12
11712,11712,23,29
11713,11713,24,27
11714,11714,24,5
11715,11715,24,22
11716,11716,24,38
11717,11717,25,15
11718,11718,25,23
11719,11719,25,24
11720,11720,25,21
11721,11721,26,35
11722,11722,26,25
11723,11723,26,25
11724,11724,26,21
11725,11725,27,55
11726,11726,27,22
11727,11727,27,12
11728,11728,27,34
11729,11729,28,28
11730,11730,28,12
11731,11731,28,14
11732,11732,28,28
11733,11733,29,22
11734,11734,29,33
11735,11735,29,12
11736,11736,29,33
11737,11737,30,44
11738,11738,30,16
11739,11739,30,36
11740,11740,30,27
11741,11741,31,40
11742,11742,31,22
11743,11743,31,19
11744,11744,31,21
11745,11745,32,42
11746,11746,32,16
11747,11747,32,6
11748,11748,32,26
11749,11749,33,34
11750,11750,33,32
11751,11751,33,16
11752,11752,33,34
11753,11753,34,18
11754,11754,34,21
11755,11755,34,9
11756,11756,34,52
11757,11757,35,31
11758,11758,35,27
11759,11759,35,25
11760,11760,35,25
11761,11761,1,42
11762,11762,1,27
11763,11763,1,16
11764,11764,1,26
11765,11765,2,19
11766,11766,2,4
11767,11767,2,21
11768,11768,2,49
11769,11769,3,25
11770,11770,3,34
11771,11771,3,11
11772,11772,3,23
11773,11773,4,19
11774,11774,4,42
11775,11775,4,18
11776,11776,4,37
11777,11777,5,37
11778,11778,5,32
11779,11779,5,30
11780,11780,5,19
11781,11781,6,35
11782,11782,6,28
11783,11783,6,21
11784,11784,6,29
11785,11785,7,30
11786,11786,7,21
11787,11787,7,18
11788,11788,7,23
11789,11789,8,26
11790,11790,8,22
11791,11791,8,26
11792,11792,8,28
11793,11793,9,32
11794,11794,9,36
11795,11795,9,16
11796,11796,9,47
11797,11797,10,42
11798,11798,10,10
11799,11799,10,30
11800,11800,10,20
11801,11801,11,47
11802,11802,11,27
11803,11803,11,16
11804,11804,11,43
11805,11805,12,37
11806,11806,12,33
11807,11807,12,10
11808,11808,12,25
11809,11809,13,56
11810,11810,13,38
11811,11811,13,27
11812,11812,13,19
11813,11813,14,20
11814,11814,14,16
11815,11815,14,21
11816,11816,14,19
11817,11817,15,44
11818,11818,15,47
11819,11819,15,15
11820,11820,15,33
11821,11821,16,49
11822,11822,16,31
11823,11823,16,14
11824,11824,16,22
11825,11825,17,58
11826,11826,17,54
11827,11827,17,16
11828,11828,17,29
11829,11829,18,28
11830,11830,18,20
11831,11831,18,21
11832,11832,18,31
11833,11833,19,50
11834,11834,19,30
11835,11835,19,30
11836,11836,19,18
11837,11837,20,24
11838,11838,20,20
11839,11839,20,48
11840,11840,20,23
11841,11841,21,67
11842,11842,21,32
11843,11843,21,18
11844,11844,21,57
11845,11845,22,20
11846,11846,22,44
11847,11847,22,13
11848,11848,22,46
11849,11849,23,24
11850,11850,23,54
11851,11851,23,16
11852,11852,23,46
11853,11853,24,25
11854,11854,24,15
11855,11855,24,32
11856,11856,24,36
11857,11857,25,18
11858,11858,25,35
11859,11859,25,52
11860,11860,25,21
11861,11861,26,25
11862,11862,26,17
11863,11863,26,13
11864,11864,26,30
11865,11865,27,54
11866,11866,27,15
11867,11867,27,29
11868,11868,27,16
11869,11869,28,34
11870,11870,28,25
11871,11871,28,15
11872,11872,28,33
11873,11873,29,54
11874,11874,29,21
11875,11875,29,16
11876,11876,29,20
11877,11877,30,45
11878,11878,30,29
11879,11879,30,21
11880,11880,30,31
11881,11881,31,29
11882,11882,31,56
11883,11883,31,6
11884,11884,31,23
11885,11885,32,33
11886,11886,32,32
11887,11887,32,24
11888,11888,32,30
11889,11889,33,27
11890,11890,33,26
11891,11891,33,17
11892,11892,33,37
11893,11893,34,36
11894,11894,34,22
11895,11895,34,31
11896,11896,34,24
11897,11897,35,30
11898,11898,35,17
11899,11899,35,13
11900,11900,35,63
11901,11901,1,45
11902,11902,1,16
11903,11903,1,36
11904,11904,1,23
11905,11905,2,40
11906,11906,2,27
11907,11907,2,25
11908,11908,2,24
11909,11909,3,41
11910,11910,3,18
11911,11911,3,17
11912,11912,3,35
11913,11913,4,23
11914,11914,4,25
11915,11915,4,35
11916,11916,4,63
11917,11917,5,40
11918,11918,5,36
11919,11919,5,40
11920,11920,5,30
11921,11921,6,22
11922,11922,6,33
11923,11923,6,21
11924,11924,6,37
11925,11925,7,38
11926,11926,7,31
11927,11927,7,35
11928,11928,7,31
11929,11929,8,38
11930,11930,8,43
11931,11931,8,19
11932,11932,8,29
11933,11933,9,34
11934,11934,9,17
11935,11935,9,36
11936,11936,9,33
11937,11937,10,49
11938,11938,10,33
11939,11939,10,16
11940,11940,10,22
11941,11941,11,28
11942,11942,11,32
11943,11943,11,36
11944,11944,11,29
11945,11945,12,34
11946,11946,12,16
11947,11947,12,28
11948,11948,12,38
11949,11949,13,35
11950,11950,13,29
11951,11951,13,22
11952,11952,13,35
11953,11953,14,55
11954,11954,14,23
11955,11955,14,19
11956,11956,14,43
11957,11957,15,37
11958,11958,15,43
11959,11959,15,31
11960,11960,15,48
11961,11961,16,16
11962,11962,16,39
11963,11963,16,37
11964,11964,16,28
11965,11965,17,33
11966,11966,17,24
11967,11967,17,23
11968,11968,17,44
11969,11969,18,40
11970,11970,18,21
11971,11971,18,33
11972,11972,18,60
11973,11973,19,47
11974,11974,19,44
11975,11975,19,17
11976,11976,19,21
11977,11977,20,41
11978,11978,20,41
11979,11979,20,8
11980,11980,20,20
11981,11981,21,56
11982,11982,21,34
11983,11983,21,22
11984,11984,21,32
11985,11985,22,38
11986,11986,22,36
11987,11987,22,20
11988,11988,22,30
11989,11989,23,50
11990,11990,23,21
11991,11991,23,18
11992,11992,23,40
11993,11993,24,52
11994,11994,24,15
11995,11995,24,24
11996,11996,24,22
11997,11997,25,49
11998,11998,25,38
11999,11999,25,33
12000,12000,25,51
12001,12001,26,30
12002,12002,26,19
12003,12003,26,19
12004,12004,26,50
12005,12005,27,41
12006,12006,27,41
12007,12007,27,30
12008,12008,27,33
12009,12009,28,51
12010,12010,28,36
12011,12011,28,15
12012,12012,28,20
12013,12013,29,39
12014,12014,29,26
12015,12015,29,20
12016,12016,29,23
12017,12017,30,56
12018,12018,30,11
12019,12019,30,28
12020,12020,30,33
12021,12021,31,42
12022,12022,31,29
12023,12023,31,29
12024,12024,31,28
12025,12025,32,22
12026,12026,32,22
12027,12027,32,36
12028,12028,32,33
12029,12029,33,40
12030,12030,33,44
12031,12031,33,32
12032,12032,33,32
12033,12033,34,56
12034,12034,34,22
12035,12035,34,29
12036,12036,34,45
12037,12037,35,45
12038,12038,35,17
12039,12039,35,17
12040,12040,35,72
12041,12041,1,41
12042,12042,1,24
12043,12043,1,18
12044,12044,1,52
12045,12045,2,31
12046,12046,2,31
12047,12047,2,23
12048,12048,2,30
12049,12049,3,55
12050,12050,3,44
12051,12051,3,36
12052,12052,3,54
12053,12053,4,63
12054,12054,4,20
12055,12055,4,23
12056,12056,4,36
12057,12057,5,41
12058,12058,5,37
12059,12059,5,25
12060,12060,5,29
12061,12061,6,47
12062,12062,6,14
12063,12063,6,42
12064,12064,6,18
12065,12065,7,55
12066,12066,7,48
12067,12067,7,26
12068,12068,7,25
12069,12069,8,63
12070,12070,8,14
12071,12071,8,15
12072,12072,8,34
12073,12073,9,31
12074,12074,9,46
12075,12075,9,25
12076,12076,9,53
12077,12077,10,39
12078,12078,10,8
12079,12079,10,14
12080,12080,10,57
12081,12081,11,44
12082,12082,11,21
12083,12083,11,24
12084,12084,11,36
12085,12085,12,55
12086,12086,12,36
12087,12087,12,17
12088,12088,12,35
12089,12089,13,22
12090,12090,13,46
12091,12091,13,15
12092,12092,13,47
12093,12093,14,37
12094,12094,14,51
12095,12095,14,24
12096,12096,14,20
12097,12097,15,38
12098,12098,15,28
12099,12099,15,35
12100,12100,15,45
12101,12101,16,26
12102,12102,16,24
12103,12103,16,23
12104,12104,16,49
12105,12105,17,26
12106,12106,17,28
12107,12107,17,27
12108,12108,17,27
12109,12109,18,27
12110,12110,18,31
12111,12111,18,25
12112,12112,18,16
12113,12113,19,36
12114,12114,19,35
12115,12115,19,18
12116,12116,19,29
12117,12117,20,55
12118,12118,20,30
12119,12119,20,24
12120,12120,20,30
12121,12121,21,28
12122,12122,21,15
12123,12123,21,29
12124,12124,21,42
12125,12125,22,63
12126,12126,22,12
12127,12127,22,21
12128,12128,22,24
12129,12129,23,32
12130,12130,23,24
12131,12131,23,18
12132,12132,23,44
12133,12133,24,43
12134,12134,24,31
12135,12135,24,20
12136,12136,24,36
12137,12137,25,65
12138,12138,25,33
12139,12139,25,18
12140,12140,25,27
12141,12141,26,33
12142,12142,26,38
12143,12143,26,32
12144,12144,26,24
12145,12145,27,31
12146,12146,27,30
12147,12147,27,14
12148,12148,27,52
12149,12149,28,25
12150,12150,28,25
12151,12151,28,8
12152,12152,28,51
12153,12153,29,37
12154,12154,29,29
12155,12155,29,25
12156,12156,29,28
12157,12157,30,50
12158,12158,30,50
12159,12159,30,20
12160,12160,30,39
12161,12161,31,48
12162,12162,31,21
12163,12163,31,27
12164,12164,31,56
12165,12165,32,51
12166,12166,32,52
12167,12167,32,13
12168,12168,32,24
12169,12169,33,23
12170,12170,33,34
12171,12171,33,39
12172,12172,33,43
12173,12173,34,42
12174,12174,34,41
12175,12175,34,31
12176,12176,34,36
12177,12177,35,50
12178,12178,35,24
12179,12179,35,23
12180,12180,35,34
12181,12181,1,28
12182,12182,1,20
12183,12183,1,17
12184,12184,1,34
12185,12185,2,38
12186,12186,2,38
12187,12187,2,20
12188,12188,2,28
12189,12189,3,40
12190,12190,3,21
12191,12191,3,18
12192,12192,3,29
12193,12193,4,8
12194,12194,4,15
12195,12195,4,43
12196,12196,4,35
12197,12197,5,19
12198,12198,5,27
12199,12199,5,19
12200,12200,5,35
12201,12201,6,27
12202,12202,6,33
12203,12203,6,27
12204,12204,6,23
12205,12205,7,32
12206,12206,7,24
12207,12207,7,24
12208,12208,7,38
12209,12209,8,25
12210,12210,8,52
12211,12211,8,11
12212,12212,8,25
12213,12213,9,23
12214,12214,9,20
12215,12215,9,15
12216,12216,9,33
12217,12217,10,21
12218,12218,10,38
12219,12219,10,27
12220,12220,10,27
12221,12221,11,37
12222,12222,11,22
12223,12223,11,19
12224,12224,11,31
12225,12225,12,29
12226,12226,12,32
12227,12227,12,13
12228,12228,12,22
12229,12229,13,40
12230,12230,13,23
12231,12231,13,8
12232,12232,13,46
12233,12233,14,28
12234,12234,14,52
12235,12235,14,23
12236,12236,14,22
12237,12237,15,28
12238,12238,15,14
12239,12239,15,10
12240,12240,15,36
12241,12241,16,43
12242,12242,16,20
12243,12243,16,24
12244,12244,16,29
12245,12245,17,35
12246,12246,17,20
12247,12247,17,25
12248,12248,17,30
12249,12249,18,46
12250,12250,18,17
12251,12251,18,20
12252,12252,18,24
12253,12253,19,24
12254,12254,19,39
12255,12255,19,27
12256,12256,19,22
12257,12257,20,30
12258,12258,20,19
12259,12259,20,13
12260,12260,20,41
12261,12261,21,18
12262,12262,21,16
12263,12263,21,51
12264,12264,21,47
12265,12265,22,34
12266,12266,22,9
12267,12267,22,14
12268,12268,22,38
12269,12269,23,31
12270,12270,23,25
12271,12271,23,10
12272,12272,23,27
12273,12273,24,57
12274,12274,24,30
12275,12275,24,18
12276,12276,24,33
12277,12277,25,66
12278,12278,25,27
12279,12279,25,12
12280,12280,25,14
12281,12281,26,36
12282,12282,26,24
12283,12283,26,20
12284,12284,26,45
12285,12285,27,38
12286,12286,27,16
12287,12287,27,21
12288,12288,27,34
12289,12289,28,33
12290,12290,28,13
12291,12291,28,18
12292,12292,28,34
12293,12293,29,44
12294,12294,29,30
12295,12295,29,26
12296,12296,29,30
12297,12297,30,43
12298,12298,30,23
12299,12299,30,26
12300,12300,30,34
12301,12301,31,33
12302,12302,31,18
12303,12303,31,22
12304,12304,31,28
12305,12305,32,38
12306,12306,32,13
12307,12307,32,29
12308,12308,32,20
12309,12309,33,51
12310,12310,33,13
12311,12311,33,25
12312,12312,33,27
12313,12313,34,39
12314,12314,34,41
12315,12315,34,14
12316,12316,34,16
12317,12317,35,52
12318,12318,35,11
12319,12319,35,21
12320,12320,35,33
12321,12321,1,22
12322,12322,1,44
12323,12323,1,20
12324,12324,1,25
12325,12325,2,49
12326,12326,2,9
12327,12327,2,19
12328,12328,2,15
12329,12329,3,15
12330,12330,3,40
12331,12331,3,27
12332,12332,3,17
12333,12333,4,13
12334,12334,4,18
12335,12335,4,26
12336,12336,4,31
12337,12337,5,29
12338,12338,5,20
12339,12339,5,9
12340,12340,5,19
12341,12341,6,34
12342,12342,6,38
12343,12343,6,19
12344,12344,6,22
12345,12345,7,23
12346,12346,7,34
12347,12347,7,9
12348,12348,7,18
12349,12349,8,24
12350,12350,8,21
12351,12351,8,15
12352,12352,8,13
12353,12353,9,32
12354,12354,9,19
12355,12355,9,19
12356,12356,9,16
12357,12357,10,19
12358,12358,10,12
12359,12359,10,14
12360,12360,10,27
12361,12361,11,15
12362,12362,11,38
12363,12363,11,21
12364,12364,11,41
12365,12365,12,15
12366,12366,12,24
12367,12367,12,7
12368,12368,12,27
12369,12369,13,32
12370,12370,13,40
12371,12371,13,11
12372,12372,13,29
12373,12373,14,36
12374,12374,14,14
12375,12375,14,8
12376,12376,14,19
12377,12377,15,28
12378,12378,15,12
12379,12379,15,8
12380,12380,15,34
12381,12381,16,26
12382,12382,16,17
12383,12383,16,18
12384,12384,16,37
12385,12385,17,36
12386,12386,17,27
12387,12387,17,13
12388,12388,17,22
12389,12389,18,19
12390,12390,18,36
12391,12391,18,10
12392,12392,18,23
12393,12393,19,41
12394,12394,19,25
12395,12395,19,26
12396,12396,19,14
12397,12397,20,36
12398,12398,20,16
12399,12399,20,20
12400,12400,20,26
12401,12401,21,31
12402,12402,21,15
12403,12403,21,14
12404,12404,21,46
12405,12405,22,36
12406,12406,22,5
12407,12407,22,15
12408,12408,22,36
12409,12409,23,22
12410,12410,23,22
12411,12411,23,14
12412,12412,23,23
12413,12413,24,23
12414,12414,24,28
12415,12415,24,10
12416,12416,24,17
12417,12417,25,34
12418,12418,25,22
12419,12419,25,21
12420,12420,25,17
12421,12421,26,34
12422,12422,26,33
12423,12423,26,11
12424,12424,26,20
12425,12425,27,19
12426,12426,27,27
12427,12427,27,20
12428,12428,27,22
12429,12429,28,28
12430,12430,28,11
12431,12431,28,18
12432,12432,28,42
12433,12433,29,24
12434,12434,29,23
12435,12435,29,21
12436,12436,29,21
12437,12437,30,34
12438,12438,30,16
12439,12439,30,14
12440,12440,30,18
12441,12441,31,53
12442,12442,31,5
12443,12443,31,11
12444,12444,31,25
12445,12445,32,24
12446,12446,32,17
12447,12447,32,23
12448,12448,32,24
12449,12449,33,20
12450,12450,33,28
12451,12451,33,6
12452,12452,33,22
12453,12453,34,55
12454,12454,34,18
12455,12455,34,15
12456,12456,34,15
12457,12457,35,13
12458,12458,35,23
12459,12459,35,19
12460,12460,35,43
12461,12461,1,44
12462,12462,1,17
12463,12463,1,17
12464,12464,1,38
12465,12465,2,25
12466,12466,2,20
12467,12467,2,26
12468,12468,2,20
12469,12469,3,28
12470,12470,3,26
12471,12471,3,28
12472,12472,3,20
12473,12473,4,39
12474,12474,4,17
12475,12475,4,14
12476,12476,4,25
12477,12477,5,19
12478,12478,5,20
12479,12479,5,39
12480,12480,5,31
12481,12481,6,25
12482,12482,6,20
12483,12483,6,16
12484,12484,6,21
12485,12485,7,16
12486,12486,7,24
12487,12487,7,17
12488,12488,7,27
12489,12489,8,46
12490,12490,8,11
12491,12491,8,15
12492,12492,8,36
12493,12493,9,26
12494,12494,9,12
12495,12495,9,15
12496,12496,9,36
12497,12497,10,15
12498,12498,10,17
12499,12499,10,19
12500,12500,10,40
12501,12501,11,15
12502,12502,11,28
12503,12503,11,14
12504,12504,11,24
12505,12505,12,41
12506,12506,12,10
12507,12507,12,21
12508,12508,12,33
12509,12509,13,46
12510,12510,13,16
12511,12511,13,18
12512,12512,13,20
12513,12513,14,30
12514,12514,14,15
12515,12515,14,14
12516,12516,14,29
12517,12517,15,30
12518,12518,15,15
12519,12519,15,12
12520,12520,15,28
12521,12521,16,26
12522,12522,16,21
12523,12523,16,15
12524,12524,16,23
12525,12525,17,17
12526,12526,17,12
12527,12527,17,16
12528,12528,17,30
12529,12529,18,24
12530,12530,18,24
12531,12531,18,28
12532,12532,18,39
12533,12533,19,28
12534,12534,19,23
12535,12535,19,18
12536,12536,19,39
12537,12537,20,22
12538,12538,20,17
12539,12539,20,17
12540,12540,20,15
12541,12541,21,44
12542,12542,21,22
12543,12543,21,16
12544,12544,21,19
12545,12545,22,27
12546,12546,22,12
12547,12547,22,26
12548,12548,22,22
12549,12549,23,25
12550,12550,23,13
12551,12551,23,23
12552,12552,23,34
12553,12553,24,22
12554,12554,24,15
12555,12555,24,13
12556,12556,24,41
12557,12557,25,21
12558,12558,25,10
12559,12559,25,12
12560,12560,25,34
12561,12561,26,21
12562,12562,26,30
12563,12563,26,16
12564,12564,26,19
12565,12565,27,27
12566,12566,27,20
12567,12567,27,16
12568,12568,27,19
12569,12569,28,28
12570,12570,28,23
12571,12571,28,8
12572,12572,28,22
12573,12573,29,41
12574,12574,29,9
12575,12575,29,17
12576,12576,29,25
12577,12577,30,24
12578,12578,30,15
12579,12579,30,22
12580,12580,30,16
12581,12581,31,18
12582,12582,31,32
12583,12583,31,28
12584,12584,31,25
12585,12585,32,30
12586,12586,32,35
12587,12587,32,12
12588,12588,32,21
12589,12589,33,28
12590,12590,33,8
12591,12591,33,28
12592,12592,33,35
12593,12593,34,42
12594,12594,34,9
12595,12595,34,18
12596,12596,34,23
12597,12597,35,41
12598,12598,35,10
12599,12599,35,12
12600,12600,35,15
12601,12601,1,39
12602,12602,1,20
12603,12603,1,19
12604,12604,1,16
12605,12605,2,34
12606,12606,2,17
12607,12607,2,17
12608,12608,2,24
12609,12609,3,24
12610,12610,3,33
12611,12611,3,24
12612,12612,3,19
12613,12613,4,46
12614,12614,4,13
12615,12615,4,14
12616,12616,4,23
12617,12617,5,51
12618,12618,5,53
12619,12619,5,7
12620,12620,5,18
12621,12621,6,36
12622,12622,6,35
12623,12623,6,27
12624,12624,6,38
12625,12625,7,24
12626,12626,7,32
12627,12627,7,33
12628,12628,7,36
12629,12629,8,30
12630,12630,8,5
12631,12631,8,23
12632,12632,8,31
12633,12633,9,35
12634,12634,9,23
12635,12635,9,26
12636,12636,9,20
12637,12637,10,44
12638,12638,10,5
12639,12639,10,27
12640,12640,10,43
12641,12641,11,39
12642,12642,11,16
12643,12643,11,15
12644,12644,11,14
12645,12645,12,64
12646,12646,12,10
12647,12647,12,27
12648,12648,12,21
12649,12649,13,32
12650,12650,13,15
12651,12651,13,10
12652,12652,13,45
12653,12653,14,21
12654,12654,14,30
12655,12655,14,21
12656,12656,14,50
12657,12657,15,25
12658,12658,15,18
12659,12659,15,25
12660,12660,15,29
12661,12661,16,39
12662,12662,16,24
12663,12663,16,21
12664,12664,16,23
12665,12665,17,27
12666,12666,17,13
12667,12667,17,28
12668,12668,17,30
12669,12669,18,29
12670,12670,18,32
12671,12671,18,29
12672,12672,18,32
12673,12673,19,19
12674,12674,19,32
12675,12675,19,24
12676,12676,19,16
12677,12677,20,35
12678,12678,20,20
12679,12679,20,32
12680,12680,20,26
12681,12681,21,34
12682,12682,21,14
12683,12683,21,31
12684,12684,21,23
12685,12685,22,45
12686,12686,22,7
12687,12687,22,19
12688,12688,22,16
12689,12689,23,48
12690,12690,23,24
12691,12691,23,19
12692,12692,23,13
12693,12693,24,36
12694,12694,24,14
12695,12695,24,23
12696,12696,24,15
12697,12697,25,32
12698,12698,25,24
12699,12699,25,24
12700,12700,25,46
12701,12701,26,46
12702,12702,26,16
12703,12703,26,21
12704,12704,26,32
12705,12705,27,32
12706,12706,27,16
12707,12707,27,15
12708,12708,27,12
12709,12709,28,63
12710,12710,28,17
12711,12711,28,32
12712,12712,28,19
12713,12713,29,64
12714,12714,29,27
12715,12715,29,26
12716,12716,29,9
12717,12717,30,35
12718,12718,30,18
12719,12719,30,22
12720,12720,30,35
12721,12721,31,30
12722,12722,31,13
12723,12723,31,27
12724,12724,31,39
12725,12725,32,30
12726,12726,32,18
12727,12727,32,24
12728,12728,32,30
12729,12729,33,42
12730,12730,33,19
12731,12731,33,13
12732,12732,33,25
12733,12733,34,30
12734,12734,34,38
12735,12735,34,29
12736,12736,34,16
12737,12737,35,27
12738,12738,35,33
12739,12739,35,14
12740,12740,35,26
12741,12741,1,13
12742,12742,1,41
12743,12743,1,13
12744,12744,1,18
12745,12745,2,34
12746,12746,2,13
12747,12747,2,17
12748,12748,2,26
12749,12749,3,58
12750,12750,3,15
12751,12751,3,39
12752,12752,3,45
12753,12753,4,44
12754,12754,4,16
12755,12755,4,14
12756,12756,4,31
12757,12757,5,40
12758,12758,5,34
12759,12759,5,20
12760,12760,5,28
12761,12761,6,23
12762,12762,6,23
12763,12763,6,35
12764,12764,6,32
12765,12765,7,39
12766,12766,7,33
12767,12767,7,14
12768,12768,7,13
12769,12769,8,41
12770,12770,8,17
12771,12771,8,21
12772,12772,8,27
12773,12773,9,38
12774,12774,9,21
12775,12775,9,10
12776,12776,9,46
12777,12777,10,43
12778,12778,10,19
12779,12779,10,18
12780,12780,10,40
12781,12781,11,23
12782,12782,11,51
12783,12783,11,20
12784,12784,11,18
12785,12785,12,50
12786,12786,12,27
12787,12787,12,23
12788,12788,12,20
12789,12789,13,15
12790,12790,13,19
12791,12791,13,25
12792,12792,13,33
12793,12793,14,27
12794,12794,14,45
12795,12795,14,15
12796,12796,14,25
12797,12797,15,16
12798,12798,15,32
12799,12799,15,20
12800,12800,15,41
12801,12801,16,6
12802,12802,16,38
12803,12803,16,34
12804,12804,16,31
12805,12805,17,32
12806,12806,17,14
12807,12807,17,29
12808,12808,17,27
12809,12809,18,53
12810,12810,18,21
12811,12811,18,17
12812,12812,18,43
12813,12813,19,34
12814,12814,19,31
12815,12815,19,9
12816,12816,19,42
12817,12817,20,32
12818,12818,20,28
12819,12819,20,21
12820,12820,20,36
12821,12821,21,18
12822,12822,21,36
12823,12823,21,25
12824,12824,21,39
12825,12825,22,41
12826,12826,22,20
12827,12827,22,19
12828,12828,22,24
12829,12829,23,31
12830,12830,23,22
12831,12831,23,22
12832,12832,23,27
12833,12833,24,30
12834,12834,24,16
12835,12835,24,24
12836,12836,24,30
12837,12837,25,49
12838,12838,25,27
12839,12839,25,22
12840,12840,25,27
12841,12841,26,20
12842,12842,26,39
12843,12843,26,29
12844,12844,26,53
12845,12845,27,41
12846,12846,27,10
12847,12847,27,17
12848,12848,27,53
12849,12849,28,53
12850,12850,28,26
12851,12851,28,32
12852,12852,28,29
12853,12853,29,32
12854,12854,29,21
12855,12855,29,18
12856,12856,29,21
12857,12857,30,42
12858,12858,30,29
12859,12859,30,21
12860,12860,30,35
12861,12861,31,35
12862,12862,31,46
12863,12863,31,13
12864,12864,31,25
12865,12865,32,29
12866,12866,32,28
12867,12867,32,23
12868,12868,32,36
12869,12869,33,51
12870,12870,33,13
12871,12871,33,20
12872,12872,33,36
12873,12873,34,38
12874,12874,34,11
12875,12875,34,16
12876,12876,34,24
12877,12877,35,54
12878,12878,35,48
12879,12879,35,20
12880,12880,35,17
12881,12881,1,38
12882,12882,1,28
12883,12883,1,9
12884,12884,1,29
12885,12885,2,53
12886,12886,2,26
12887,12887,2,20
12888,12888,2,28
12889,12889,3,26
12890,12890,3,31
12891,12891,3,12
12892,12892,3,46
12893,12893,4,22
12894,12894,4,26
12895,12895,4,18
12896,12896,4,36
12897,12897,5,36
12898,12898,5,17
12899,12899,5,27
12900,12900,5,60
12901,12901,6,32
12902,12902,6,40
12903,12903,6,28
12904,12904,6,47
12905,12905,7,32
12906,12906,7,45
12907,12907,7,22
12908,12908,7,34
12909,12909,8,36
12910,12910,8,26
12911,12911,8,31
12912,12912,8,55
12913,12913,9,28
12914,12914,9,33
12915,12915,9,14
12916,12916,9,32
12917,12917,10,20
12918,12918,10,20
12919,12919,10,39
12920,12920,10,41
12921,12921,11,63
12922,12922,11,21
12923,12923,11,14
12924,12924,11,34
12925,12925,12,48
12926,12926,12,22
12927,12927,12,37
12928,12928,12,18
12929,12929,13,52
12930,12930,13,40
12931,12931,13,14
12932,12932,13,32
12933,12933,14,52
12934,12934,14,17
12935,12935,14,26
12936,12936,14,45
12937,12937,15,35
12938,12938,15,26
12939,12939,15,14
12940,12940,15,48
12941,12941,16,65
12942,12942,16,29
12943,12943,16,18
12944,12944,16,32
12945,12945,17,26
12946,12946,17,27
12947,12947,17,12
12948,12948,17,63
12949,12949,18,39
12950,12950,18,32
12951,12951,18,39
12952,12952,18,12
12953,12953,19,51
12954,12954,19,12
12955,12955,19,25
12956,12956,19,53
12957,12957,20,36
12958,12958,20,19
12959,12959,20,10
12960,12960,20,48
12961,12961,21,48
12962,12962,21,34
12963,12963,21,22
12964,12964,21,36
12965,12965,22,39
12966,12966,22,49
12967,12967,22,15
12968,12968,22,35
12969,12969,23,42
12970,12970,23,34
12971,12971,23,34
12972,12972,23,38
12973,12973,24,61
12974,12974,24,33
12975,12975,24,24
12976,12976,24,6
12977,12977,25,37
12978,12978,25,42
12979,12979,25,53
12980,12980,25,20
12981,12981,26,52
12982,12982,26,18
12983,12983,26,21
12984,12984,26,27
12985,12985,27,34
12986,12986,27,34
12987,12987,27,17
12988,12988,27,16
12989,12989,28,38
12990,12990,28,35
12991,12991,28,15
12992,12992,28,28
12993,12993,29,59
12994,12994,29,40
12995,12995,29,15
12996,12996,29,14
12997,12997,30,66
12998,12998,30,7
12999,12999,30,27
13000,13000,30,28
13001,13001,31,30
13002,13002,31,41
13003,13003,31,22
13004,13004,31,28
13005,13005,32,23
13006,13006,32,37
13007,13007,32,11
13008,13008,32,33
13009,13009,33,43
13010,13010,33,19
13011,13011,33,23
13012,13012,33,40
13013,13013,34,30
13014,13014,34,55
13015,13015,34,27
13016,13016,34,45
13017,13017,35,30
13018,13018,35,21
13019,13019,35,28
13020,13020,35,28
13021,13021,1,23
13022,13022,1,48
13023,13023,1,25
13024,13024,1,41
13025,13025,2,20
13026,13026,2,25
13027,13027,2,19
13028,13028,2,54
13029,13029,3,23
13030,13030,3,23
13031,13031,3,22
13032,13032,3,32
13033,13033,4,41
13034,13034,4,41
13035,13035,4,26
13036,13036,4,21
13037,13037,5,39
13038,13038,5,29
13039,13039,5,29
13040,13040,5,57
13041,13041,6,33
13042,13042,6,39
13043,13043,6,50
13044,13044,6,39
13045,13045,7,33
13046,13046,7,37
13047,13047,7,24
13048,13048,7,32
13049,13049,8,40
13050,13050,8,33
13051,13051,8,29
13052,13052,8,39
13053,13053,9,43
13054,13054,9,21
13055,13055,9,18
13056,13056,9,16
13057,13057,10,16
13058,13058,10,44
13059,13059,10,16
13060,13060,10,37
13061,13061,11,45
13062,13062,11,26
13063,13063,11,12
13064,13064,11,60
13065,13065,12,55
13066,13066,12,42
13067,13067,12,18
13068,13068,12,31
13069,13069,13,25
13070,13070,13,37
13071,13071,13,21
13072,13072,13,34
13073,13073,14,15
13074,13074,14,42
13075,13075,14,40
13076,13076,14,53
13077,13077,15,51
13078,13078,15,25
13079,13079,15,24
13080,13080,15,31
13081,13081,16,32
13082,13082,16,23
13083,13083,16,32
13084,13084,16,49
13085,13085,17,36
13086,13086,17,38
13087,13087,17,25
13088,13088,17,32
13089,13089,18,44
13090,13090,18,43
13091,13091,18,21
13092,13092,18,55
13093,13093,19,28
13094,13094,19,32
13095,13095,19,17
13096,13096,19,29
13097,13097,20,53
13098,13098,20,19
13099,13099,20,36
13100,13100,20,31
13101,13101,21,59
13102,13102,21,9
13103,13103,21,20
13104,13104,21,36
13105,13105,22,30
13106,13106,22,42
13107,13107,22,27
13108,13108,22,47
13109,13109,23,29
13110,13110,23,27
13111,13111,23,20
13112,13112,23,41
13113,13113,24,42
13114,13114,24,31
13115,13115,24,36
13116,13116,24,28
13117,13117,25,83
13118,13118,25,20
13119,13119,25,15
13120,13120,25,36
13121,13121,26,24
13122,13122,26,23
13123,13123,26,29
13124,13124,26,38
13125,13125,27,30
13126,13126,27,34
13127,13127,27,23
13128,13128,27,56
13129,13129,28,52
13130,13130,28,41
13131,13131,28,38
13132,13132,28,38
13133,13133,29,43
13134,13134,29,26
13135,13135,29,37
13136,13136,29,25
13137,13137,30,66
13138,13138,30,19
13139,13139,30,20
13140,13140,30,33
13141,13141,31,46
13142,13142,31,29
13143,13143,31,37
13144,13144,31,37
13145,13145,32,29
13146,13146,32,50
13147,13147,32,22
13148,13148,32,56
13149,13149,33,43
13150,13150,33,33
13151,13151,33,16
13152,13152,33,25
13153,13153,34,37
13154,13154,34,39
13155,13155,34,15
13156,13156,34,29
13157,13157,35,33
13158,13158,35,42
13159,13159,35,19
13160,13160,35,29
13161,13161,1,35
13162,13162,1,22
13163,13163,1,19
13164,13164,1,30
13165,13165,2,27
13166,13166,2,18
13167,13167,2,20
13168,13168,2,35
13169,13169,3,75
13170,13170,3,11
13171,13171,3,37
13172,13172,3,35
13173,13173,4,43
13174,13174,4,21
13175,13175,4,14
13176,13176,4,35
13177,13177,5,20
13178,13178,5,42
13179,13179,5,25
13180,13180,5,41
13181,13181,6,47
13182,13182,6,35
13183,13183,6,19
13184,13184,6,19
13185,13185,7,53
13186,13186,7,18
13187,13187,7,34
13188,13188,7,32
13189,13189,8,38
13190,13190,8,16
13191,13191,8,26
13192,13192,8,24
13193,13193,9,50
13194,13194,9,24
13195,13195,9,20
13196,13196,9,19
13197,13197,10,39
13198,13198,10,31
13199,13199,10,19
13200,13200,10,13
13201,13201,11,52
13202,13202,11,16
13203,13203,11,18
13204,13204,11,24
13205,13205,12,21
13206,13206,12,12
13207,13207,12,12
13208,13208,12,43
13209,13209,13,34
13210,13210,13,28
13211,13211,13,27
13212,13212,13,25
13213,13213,14,34
13214,13214,14,23
13215,13215,14,19
13216,13216,14,36
13217,13217,15,68
13218,13218,15,17
13219,13219,15,21
13220,13220,15,27
13221,13221,16,49
13222,13222,16,24
13223,13223,16,15
13224,13224,16,16
13225,13225,17,19
13226,13226,17,33
13227,13227,17,39
13228,13228,17,27
13229,13229,18,32
13230,13230,18,29
13231,13231,18,37
13232,13232,18,16
13233,13233,19,45
13234,13234,19,14
13235,13235,19,10
13236,13236,19,33
13237,13237,20,30
13238,13238,20,45
13239,13239,20,18
13240,13240,20,38
13241,13241,21,15
13242,13242,21,18
13243,13243,21,21
13244,13244,21,49
13245,13245,22,29
13246,13246,22,19
13247,13247,22,28
13248,13248,22,39
13249,13249,23,30
13250,13250,23,14
13251,13251,23,24
13252,13252,23,21
13253,13253,24,55
13254,13254,24,32
13255,13255,24,36
13256,13256,24,26
13257,13257,25,21
13258,13258,25,29
13259,13259,25,26
13260,13260,25,47
13261,13261,26,40
13262,13262,26,15
13263,13263,26,19
13264,13264,26,45
13265,13265,27,28
13266,13266,27,17
13267,13267,27,20
13268,13268,27,26
13269,13269,28,42
13270,13270,28,24
13271,13271,28,18
13272,13272,28,24
13273,13273,29,28
13274,13274,29,28
13275,13275,29,35
13276,13276,29,13
13277,13277,30,35
13278,13278,30,19
13279,13279,30,21
13280,13280,30,18
13281,13281,31,76
13282,13282,31,23
13283,13283,31,17
13284,13284,31,25
13285,13285,32,31
13286,13286,32,27
13287,13287,32,35
13288,13288,32,44
13289,13289,33,38
13290,13290,33,21
13291,13291,33,12
13292,13292,33,35
13293,13293,34,29
13294,13294,34,23
13295,13295,34,7
13296,13296,34,40
13297,13297,35,40
13298,13298,35,11
13299,13299,35,10
13300,13300,35,44
13301,13301,1,13
13302,13302,1,13
13303,13303,1,20
13304,13304,1,32
13305,13305,2,33
13306,13306,2,21
13307,13307,2,8
13308,13308,2,33
13309,13309,3,25
13310,13310,3,14
13311,13311,3,23
13312,13312,3,15
13313,13313,4,34
13314,13314,4,18
13315,13315,4,29
13316,13316,4,31
13317,13317,5,24
13318,13318,5,5
13319,13319,5,16
13320,13320,5,34
13321,13321,6,23
13322,13322,6,6
13323,13323,6,21
13324,13324,6,34
13325,13325,7,15
13326,13326,7,28
13327,13327,7,13
13328,13328,7,30
13329,13329,8,33
13330,13330,8,14
13331,13331,8,11
13332,13332,8,34
13333,13333,9,35
13334,13334,9,25
13335,13335,9,5
13336,13336,9,24
13337,13337,10,30
13338,13338,10,18
13339,13339,10,20
13340,13340,10,25
13341,13341,11,26
13342,13342,11,17
13343,13343,11,21
13344,13344,11,34
13345,13345,12,30
13346,13346,12,15
13347,13347,12,14
13348,13348,12,14
13349,13349,13,35
13350,13350,13,16
13351,13351,13,20
13352,13352,13,26
13353,13353,14,19
13354,13354,14,18
13355,13355,14,10
13356,13356,14,27
13357,13357,15,20
13358,13358,15,38
13359,13359,15,10
13360,13360,15,33
13361,13361,16,23
13362,13362,16,14
13363,13363,16,28
13364,13364,16,19
13365,13365,17,48
13366,13366,17,23
13367,13367,17,6
13368,13368,17,29
13369,13369,18,31
13370,13370,18,19
13371,13371,18,9
13372,13372,18,18
13373,13373,19,25
13374,13374,19,13
13375,13375,19,16
13376,13376,19,42
13377,13377,20,43
13378,13378,20,27
13379,13379,20,9
13380,13380,20,18
13381,13381,21,14
13382,13382,21,20
13383,13383,21,39
13384,13384,21,35
13385,13385,22,40
13386,13386,22,40
13387,13387,22,17
13388,13388,22,27
13389,13389,23,23
13390,13390,23,29
13391,13391,23,15
13392,13392,23,26
13393,13393,24,20
13394,13394,24,19
13395,13395,24,22
13396,13396,24,23
13397,13397,25,29
13398,13398,25,32
13399,13399,25,10
13400,13400,25,29
13401,13401,26,36
13402,13402,26,17
13403,13403,26,17
13404,13404,26,21
13405,13405,27,26
13406,13406,27,18
13407,13407,27,17
13408,13408,27,51
13409,13409,28,30
13410,13410,28,17
13411,13411,28,25
13412,13412,28,25
13413,13413,29,30
13414,13414,29,14
13415,13415,29,18
13416,13416,29,20
13417,13417,30,23
13418,13418,30,41
13419,13419,30,11
13420,13420,30,24
13421,13421,31,29
13422,13422,31,18
13423,13423,31,31
13424,13424,31,33
13425,13425,32,32
13426,13426,32,28
13427,13427,32,14
13428,13428,32,15
13429,13429,33,50
13430,13430,33,22
13431,13431,33,15
13432,13432,33,33
13433,13433,34,22
13434,13434,34,20
13435,13435,34,28
13436,13436,34,18
13437,13437,35,22
13438,13438,35,22
13439,13439,35,10
13440,13440,35,24
13441,13441,1,23
13442,13442,1,27
13443,13443,1,19
13444,13444,1,13
13445,13445,2,55
13446,13446,2,18
13447,13447,2,15
13448,13448,2,41
13449,13449,3,32
13450,13450,3,22
13451,13451,3,12
13452,13452,3,26
13453,13453,4,41
13454,13454,4,18
13455,13455,4,16
13456,13456,4,26
13457,13457,5,29
13458,13458,5,21
13459,13459,5,14
13460,13460,5,21
13461,13461,6,32
13462,13462,6,32
13463,13463,6,11
13464,13464,6,20
13465,13465,7,39
13466,13466,7,22
13467,13467,7,28
13468,13468,7,8
13469,13469,8,37
13470,13470,8,17
13471,13471,8,12
13472,13472,8,27
13473,13473,9,30
13474,13474,9,26
13475,13475,9,24
13476,13476,9,27
13477,13477,10,28
13478,13478,10,23
13479,13479,10,35
13480,13480,10,23
13481,13481,11,37
13482,13482,11,14
13483,13483,11,8
13484,13484,11,24
13485,13485,12,43
13486,13486,12,14
13487,13487,12,42
13488,13488,12,15
13489,13489,13,57
13490,13490,13,20
13491,13491,13,8
13492,13492,13,10
13493,13493,14,30
13494,13494,14,32
13495,13495,14,6
13496,13496,14,24
13497,13497,15,25
13498,13498,15,16
13499,13499,15,17
13500,13500,15,29
13501,13501,16,30
13502,13502,16,21
13503,13503,16,25
13504,13504,16,22
13505,13505,17,16
13506,13506,17,18
13507,13507,17,29
13508,13508,17,32
13509,13509,18,30
13510,13510,18,14
13511,13511,18,11
13512,13512,18,29
13513,13513,19,20
13514,13514,19,30
13515,13515,19,17
13516,13516,19,28
13517,13517,20,17
13518,13518,20,16
13519,13519,20,26
13520,13520,20,52
13521,13521,21,32
13522,13522,21,23
13523,13523,21,26
13524,13524,21,25
13525,13525,22,43
13526,13526,22,8
13527,13527,22,8
13528,13528,22,32
13529,13529,23,53
13530,13530,23,21
13531,13531,23,11
13532,13532,23,22
13533,13533,24,27
13534,13534,24,39
13535,13535,24,11
13536,13536,24,28
13537,13537,25,36
13538,13538,25,15
13539,13539,25,17
13540,13540,25,15
13541,13541,26,27
13542,13542,26,27
13543,13543,26,16
13544,13544,26,29
13545,13545,27,41
13546,13546,27,15
13547,13547,27,21
13548,13548,27,30
13549,13549,28,48
13550,13550,28,18
13551,13551,28,8
13552,13552,28,26
13553,13553,29,19
13554,13554,29,32
13555,13555,29,15
13556,13556,29,38
13557,13557,30,49
13558,13558,30,15
13559,13559,30,14
13560,13560,30,25
13561,13561,31,47
13562,13562,31,13
13563,13563,31,16
13564,13564,31,28
13565,13565,32,28
13566,13566,32,21
13567,13567,32,37
13568,13568,32,31
13569,13569,33,32
13570,13570,33,14
13571,13571,33,12
13572,13572,33,27
13573,13573,34,31
13574,13574,34,27
13575,13575,34,20
13576,13576,34,24
13577,13577,35,19
13578,13578,35,14
13579,13579,35,18
13580,13580,35,34
13581,13581,1,23
13582,13582,1,25
13583,13583,1,23
13584,13584,1,24
13585,13585,2,33
13586,13586,2,14
13587,13587,2,21
13588,13588,2,23
13589,13589,3,31
13590,13590,3,15
13591,13591,3,33
13592,13592,3,16
13593,13593,4,38
13594,13594,4,22
13595,13595,4,10
13596,13596,4,20
13597,13597,5,32
13598,13598,5,9
13599,13599,5,16
13600,13600,5,31
13601,13601,6,26
13602,13602,6,19
13603,13603,6,27
13604,13604,6,34
13605,13605,7,23
13606,13606,7,17
13607,13607,7,38
13608,13608,7,23
13609,13609,8,28
13610,13610,8,32
13611,13611,8,18
13612,13612,8,22
13613,13613,9,35
13614,13614,9,19
13615,13615,9,31
13616,13616,9,37
13617,13617,10,27
13618,13618,10,18
13619,13619,10,23
13620,13620,10,29
13621,13621,11,39
13622,13622,11,35
13623,13623,11,22
13624,13624,11,22
13625,13625,12,20
13626,13626,12,29
13627,13627,12,26
13628,13628,12,37
13629,13629,13,30
13630,13630,13,25
13631,13631,13,17
13632,13632,13,32
13633,13633,14,26
13634,13634,14,31
13635,13635,14,6
13636,13636,14,30
13637,13637,15,24
13638,13638,15,14
13639,13639,15,20
13640,13640,15,34
13641,13641,16,35
13642,13642,16,12
13643,13643,16,25
13644,13644,16,22
13645,13645,17,42
13646,13646,17,25
13647,13647,17,22
13648,13648,17,21
13649,13649,18,40
13650,13650,18,40
13651,13651,18,16
13652,13652,18,29
13653,13653,19,36
13654,13654,19,42
13655,13655,19,39
13656,13656,19,29
13657,13657,20,22
13658,13658,20,45
13659,13659,20,23
13660,13660,20,18
13661,13661,21,36
13662,13662,21,23
13663,13663,21,22
13664,13664,21,45
13665,13665,22,40
13666,13666,22,8
13667,13667,22,21
13668,13668,22,30
13669,13669,23,19
13670,13670,23,37
13671,13671,23,32
13672,13672,23,45
13673,13673,24,34
13674,13674,24,24
13675,13675,24,17
13676,13676,24,41
13677,13677,25,36
13678,13678,25,9
13679,13679,25,23
13680,13680,25,33
13681,13681,26,50
13682,13682,26,17
13683,13683,26,19
13684,13684,26,21
13685,13685,27,66
13686,13686,27,32
13687,13687,27,20
13688,13688,27,19
13689,13689,28,67
13690,13690,28,26
13691,13691,28,14
13692,13692,28,15
13693,13693,29,31
13694,13694,29,23
13695,13695,29,18
13696,13696,29,19
13697,13697,30,64
13698,13698,30,29
13699,13699,30,10
13700,13700,30,19
13701,13701,31,26
13702,13702,31,22
13703,13703,31,23
13704,13704,31,33
13705,13705,32,42
13706,13706,32,24
13707,13707,32,17
13708,13708,32,27
13709,13709,33,39
13710,13710,33,17
13711,13711,33,25
13712,13712,33,37
13713,13713,34,33
13714,13714,34,27
13715,13715,34,11
13716,13716,34,24
13717,13717,35,30
13718,13718,35,19
13719,13719,35,17
13720,13720,35,21
13721,13721,1,48
13722,13722,1,26
13723,13723,1,13
13724,13724,1,22
13725,13725,2,29
13726,13726,2,26
13727,13727,2,29
13728,13728,2,42
13729,13729,3,28
13730,13730,3,45
13731,13731,3,18
13732,13732,3,51
13733,13733,4,38
13734,13734,4,26
13735,13735,4,18
13736,13736,4,35
13737,13737,5,36
13738,13738,5,19
13739,13739,5,22
13740,13740,5,35
13741,13741,6,18
13742,13742,6,27
13743,13743,6,18
13744,13744,6,29
13745,13745,7,35
13746,13746,7,33
13747,13747,7,17
13748,13748,7,43
13749,13749,8,30
13750,13750,8,32
13751,13751,8,23
13752,13752,8,36
13753,13753,9,36
13754,13754,9,33
13755,13755,9,18
13756,13756,9,28
13757,13757,10,34
13758,13758,10,16
13759,13759,10,14
13760,13760,10,42
13761,13761,11,37
13762,13762,11,24
13763,13763,11,15
13764,13764,11,41
13765,13765,12,44
13766,13766,12,8
13767,13767,12,24
13768,13768,12,39
13769,13769,13,48
13770,13770,13,39
13771,13771,13,17
13772,13772,13,45
13773,13773,14,19
13774,13774,14,17
13775,13775,14,23
13776,13776,14,28
13777,13777,15,24
13778,13778,15,26
13779,13779,15,32
13780,13780,15,30
13781,13781,16,22
13782,13782,16,41
13783,13783,16,31
13784,13784,16,50
13785,13785,17,35
13786,13786,17,19
13787,13787,17,32
13788,13788,17,33
13789,13789,18,40
13790,13790,18,16
13791,13791,18,20
13792,13792,18,20
13793,13793,19,22
13794,13794,19,27
13795,13795,19,33
13796,13796,19,35
13797,13797,20,43
13798,13798,20,15
13799,13799,20,32
13800,13800,20,36
13801,13801,21,41
13802,13802,21,31
13803,13803,21,19
13804,13804,21,11
13805,13805,22,37
13806,13806,22,30
13807,13807,22,14
13808,13808,22,40
13809,13809,23,38
13810,13810,23,47
13811,13811,23,19
13812,13812,23,32
13813,13813,24,53
13814,13814,24,17
13815,13815,24,24
13816,13816,24,27
13817,13817,25,41
13818,13818,25,17
13819,13819,25,16
13820,13820,25,34
13821,13821,26,34
13822,13822,26,39
13823,13823,26,37
13824,13824,26,56
13825,13825,27,14
13826,13826,27,35
13827,13827,27,20
13828,13828,27,54
13829,13829,28,32
13830,13830,28,35
13831,13831,28,13
13832,13832,28,18
13833,13833,29,27
13834,13834,29,30
13835,13835,29,19
13836,13836,29,49
13837,13837,30,41
13838,13838,30,13
13839,13839,30,19
13840,13840,30,45
13841,13841,31,22
13842,13842,31,29
13843,13843,31,16
13844,13844,31,64
13845,13845,32,32
13846,13846,32,21
13847,13847,32,33
13848,13848,32,34
13849,13849,33,29
13850,13850,33,31
13851,13851,33,11
13852,13852,33,43
13853,13853,34,34
13854,13854,34,20
13855,13855,34,20
13856,13856,34,28
13857,13857,35,36
13858,13858,35,18
13859,13859,35,21
13860,13860,35,20
13861,13861,1,77
13862,13862,1,23
13863,13863,1,15
13864,13864,1,47
13865,13865,2,26
13866,13866,2,40
13867,13867,2,20
13868,13868,2,16
13869,13869,3,39
13870,13870,3,26
13871,13871,3,40
13872,13872,3,18
13873,13873,4,28
13874,13874,4,38
13875,13875,4,5
13876,13876,4,51
13877,13877,5,37
13878,13878,5,31
13879,13879,5,22
13880,13880,5,51
13881,13881,6,40
13882,13882,6,28
13883,13883,6,36
13884,13884,6,51
13885,13885,7,27
13886,13886,7,25
13887,13887,7,29
13888,13888,7,41
13889,13889,8,33
13890,13890,8,20
13891,13891,8,31
13892,13892,8,33
13893,13893,9,27
13894,13894,9,10
13895,13895,9,29
13896,13896,9,26
13897,13897,10,23
13898,13898,10,19
13899,13899,10,30
13900,13900,10,34
13901,13901,11,58
13902,13902,11,17
13903,13903,11,15
13904,13904,11,27
13905,13905,12,36
13906,13906,12,23
13907,13907,12,23
13908,13908,12,20
13909,13909,13,39
13910,13910,13,26
13911,13911,13,28
13912,13912,13,25
13913,13913,14,43
13914,13914,14,29
13915,13915,14,30
13916,13916,14,40
13917,13917,15,65
13918,13918,15,25
13919,13919,15,36
13920,13920,15,35
13921,13921,16,25
13922,13922,16,31
13923,13923,16,22
13924,13924,16,41
13925,13925,17,35
13926,13926,17,49
13927,13927,17,11
13928,13928,17,38
13929,13929,18,33
13930,13930,18,17
13931,13931,18,20
13932,13932,18,20
13933,13933,19,59
13934,13934,19,37
13935,13935,19,29
13936,13936,19,32
13937,13937,20,29
13938,13938,20,14
13939,13939,20,54
13940,13940,20,34
13941,13941,21,28
13942,13942,21,14
13943,13943,21,11
13944,13944,21,19
13945,13945,22,54
13946,13946,22,37
13947,13947,22,29
13948,13948,22,16
13949,13949,23,27
13950,13950,23,44
13951,13951,23,15
13952,13952,23,30
13953,13953,24,24
13954,13954,24,41
13955,13955,24,40
13956,13956,24,39
13957,13957,25,42
13958,13958,25,19
13959,13959,25,23
13960,13960,25,37
13961,13961,26,34
13962,13962,26,29
13963,13963,26,19
13964,13964,26,55
13965,13965,27,36
13966,13966,27,30
13967,13967,27,43
13968,13968,27,22
13969,13969,28,48
13970,13970,28,42
13971,13971,28,21
13972,13972,28,44
13973,13973,29,28
13974,13974,29,24
13975,13975,29,26
13976,13976,29,42
13977,13977,30,53
13978,13978,30,32
13979,13979,30,35
13980,13980,30,25
13981,13981,31,52
13982,13982,31,32
13983,13983,31,50
13984,13984,31,41
13985,13985,32,50
13986,13986,32,29
13987,13987,32,14
13988,13988,32,30
13989,13989,33,40
13990,13990,33,49
13991,13991,33,9
13992,13992,33,38
13993,13993,34,40
13994,13994,34,14
13995,13995,34,30
13996,13996,34,33
13997,13997,35,35
13998,13998,35,17
13999,13999,35,27
14000,14000,35,22
14001,14001,1,31
14002,14002,1,25
14003,14003,1,39
14004,14004,1,63
14005,14005,2,49
14006,14006,2,20
14007,14007,2,17
14008,14008,2,28
14009,14009,3,25
14010,14010,3,32
14011,14011,3,34
14012,14012,3,30
14013,14013,4,43
14014,14014,4,8
14015,14015,4,29
14016,14016,4,32
14017,14017,5,68
14018,14018,5,47
14019,14019,5,33
14020,14020,5,20
14021,14021,6,71
14022,14022,6,18
14023,14023,6,25
14024,14024,6,34
14025,14025,7,79
14026,14026,7,20
14027,14027,7,25
14028,14028,7,51
14029,14029,8,56
14030,14030,8,33
14031,14031,8,34
14032,14032,8,31
14033,14033,9,32
14034,14034,9,16
14035,14035,9,20
14036,14036,9,49
14037,14037,10,50
14038,14038,10,26
14039,14039,10,26
14040,14040,10,17
14041,14041,11,45
14042,14042,11,48
14043,14043,11,26
14044,14044,11,40
14045,14045,12,45
14046,14046,12,24
14047,14047,12,28
14048,14048,12,42
14049,14049,13,28
14050,14050,13,19
14051,14051,13,50
14052,14052,13,41
14053,14053,14,56
14054,14054,14,21
14055,14055,14,19
14056,14056,14,24
14057,14057,15,45
14058,14058,15,30
14059,14059,15,18
14060,14060,15,36
14061,14061,16,46
14062,14062,16,15
14063,14063,16,10
14064,14064,16,55
14065,14065,17,35
14066,14066,17,40
14067,14067,17,36
14068,14068,17,49
14069,14069,18,30
14070,14070,18,36
14071,14071,18,11
14072,14072,18,40
14073,14073,19,58
14074,14074,19,24
14075,14075,19,36
14076,14076,19,26
14077,14077,20,57
14078,14078,20,28
14079,14079,20,30
14080,14080,20,38
14081,14081,21,56
14082,14082,21,30
14083,14083,21,18
14084,14084,21,56
14085,14085,22,48
14086,14086,22,50
14087,14087,22,21
14088,14088,22,23
14089,14089,23,36
14090,14090,23,38
14091,14091,23,33
14092,14092,23,32
14093,14093,24,56
14094,14094,24,23
14095,14095,24,26
14096,14096,24,26
14097,14097,25,44
14098,14098,25,29
14099,14099,25,17
14100,14100,25,23
14101,14101,26,49
14102,14102,26,28
14103,14103,26,33
14104,14104,26,61
14105,14105,27,27
14106,14106,27,37
14107,14107,27,22
14108,14108,27,29
14109,14109,28,55
14110,14110,28,21
14111,14111,28,9
14112,14112,28,24
14113,14113,29,33
14114,14114,29,23
14115,14115,29,15
14116,14116,29,37
14117,14117,30,39
14118,14118,30,24
14119,14119,30,16
14120,14120,30,26
14121,14121,31,14
14122,14122,31,26
14123,14123,31,20
14124,14124,31,56
14125,14125,32,29
14126,14126,32,13
14127,14127,32,27
14128,14128,32,36
14129,14129,33,32
14130,14130,33,49
14131,14131,33,33
14132,14132,33,40
14133,14133,34,59
14134,14134,34,11
14135,14135,34,22
14136,14136,34,34
14137,14137,35,15
14138,14138,35,19
14139,14139,35,30
14140,14140,35,24
14141,14141,1,55
14142,14142,1,4
14143,14143,1,16
14144,14144,1,44
14145,14145,2,25
14146,14146,2,22
14147,14147,2,19
14148,14148,2,53
14149,14149,3,42
14150,14150,3,39
14151,14151,3,15
14152,14152,3,34
14153,14153,4,32
14154,14154,4,35
14155,14155,4,36
14156,14156,4,19
14157,14157,5,27
14158,14158,5,25
14159,14159,5,34
14160,14160,5,20
14161,14161,6,36
14162,14162,6,30
14163,14163,6,9
14164,14164,6,25
14165,14165,7,29
14166,14166,7,24
14167,14167,7,29
14168,14168,7,33
14169,14169,8,37
14170,14170,8,31
14171,14171,8,11
14172,14172,8,51
14173,14173,9,29
14174,14174,9,33
14175,14175,9,33
14176,14176,9,16
14177,14177,10,15
14178,14178,10,20
14179,14179,10,29
14180,14180,10,36
14181,14181,11,51
14182,14182,11,20
14183,14183,11,17
14184,14184,11,18
14185,14185,12,26
14186,14186,12,16
14187,14187,12,23
14188,14188,12,13
14189,14189,13,25
14190,14190,13,26
14191,14191,13,21
14192,14192,13,47
14193,14193,14,51
14194,14194,14,44
14195,14195,14,28
14196,14196,14,27
14197,14197,15,16
14198,14198,15,43
14199,14199,15,22
14200,14200,15,40
14201,14201,16,19
14202,14202,16,21
14203,14203,16,29
14204,14204,16,41
14205,14205,17,33
14206,14206,17,22
14207,14207,17,27
14208,14208,17,18
14209,14209,18,35
14210,14210,18,32
14211,14211,18,41
14212,14212,18,27
14213,14213,19,19
14214,14214,19,33
14215,14215,19,10
14216,14216,19,69
14217,14217,20,27
14218,14218,20,24
14219,14219,20,26
14220,14220,20,35
14221,14221,21,35
14222,14222,21,24
14223,14223,21,15
14224,14224,21,26
14225,14225,22,38
14226,14226,22,29
14227,14227,22,8
14228,14228,22,35
14229,14229,23,38
14230,14230,23,31
14231,14231,23,15
14232,14232,23,39
14233,14233,24,46
14234,14234,24,13
14235,14235,24,24
14236,14236,24,16
14237,14237,25,16
14238,14238,25,16
14239,14239,25,34
14240,14240,25,25
14241,14241,26,42
14242,14242,26,30
14243,14243,26,12
14244,14244,26,30
14245,14245,27,31
14246,14246,27,25
14247,14247,27,18
14248,14248,27,45
14249,14249,28,21
14250,14250,28,23
14251,14251,28,29
14252,14252,28,43
14253,14253,29,53
14254,14254,29,14
14255,14255,29,34
14256,14256,29,11
14257,14257,30,23
14258,14258,30,17
14259,14259,30,12
14260,14260,30,39
14261,14261,31,49
14262,14262,31,20
14263,14263,31,16
14264,14264,31,32
14265,14265,32,34
14266,14266,32,22
14267,14267,32,26
14268,14268,32,26
14269,14269,33,32
14270,14270,33,32
14271,14271,33,13
14272,14272,33,60
14273,14273,34,24
14274,14274,34,30
14275,14275,34,30
14276,14276,34,20
14277,14277,35,33
14278,14278,35,33
14279,14279,35,9
14280,14280,35,24
14281,14281,1,24
14282,14282,1,26
14283,14283,1,17
14284,14284,1,23
14285,14285,2,26
14286,14286,2,27
14287,14287,2,13
14288,14288,2,38
14289,14289,3,26
14290,14290,3,15
14291,14291,3,7
14292,14292,3,33
14293,14293,4,19
14294,14294,4,19
14295,14295,4,14
14296,14296,4,41
14297,14297,5,23
14298,14298,5,27
14299,14299,5,23
14300,14300,5,41
14301,14301,6,30
14302,14302,6,15
14303,14303,6,17
14304,14304,6,22
14305,14305,7,22
14306,14306,7,23
14307,14307,7,16
14308,14308,7,40
14309,14309,8,46
14310,14310,8,33
14311,14311,8,16
14312,14312,8,17
14313,14313,9,27
14314,14314,9,29
14315,14315,9,32
14316,14316,9,25
14317,14317,10,26
14318,14318,10,6
14319,14319,10,25
14320,14320,10,41
14321,14321,11,63
14322,14322,11,23
14323,14323,11,13
14324,14324,11,25
14325,14325,12,23
14326,14326,12,31
14327,14327,12,26
14328,14328,12,15
14329,14329,13,37
14330,14330,13,19
14331,14331,13,21
14332,14332,13,17
14333,14333,14,20
14334,14334,14,15
14335,14335,14,35
14336,14336,14,34
14337,14337,15,42
14338,14338,15,11
14339,14339,15,10
14340,14340,15,17
14341,14341,16,28
14342,14342,16,20
14343,14343,16,13
14344,14344,16,25
14345,14345,17,35
14346,14346,17,10
14347,14347,17,27
14348,14348,17,22
14349,14349,18,33
14350,14350,18,21
14351,14351,18,13
14352,14352,18,17
14353,14353,19,13
14354,14354,19,20
14355,14355,19,15
14356,14356,19,30
14357,14357,20,26
14358,14358,20,18
14359,14359,20,7
14360,14360,20,16
14361,14361,21,19
14362,14362,21,28
14363,14363,21,12
14364,14364,21,27
14365,14365,22,30
14366,14366,22,20
14367,14367,22,28
14368,14368,22,24
14369,14369,23,35
14370,14370,23,28
14371,14371,23,14
14372,14372,23,37
14373,14373,24,25
14374,14374,24,10
14375,14375,24,12
14376,14376,24,13
14377,14377,25,32
14378,14378,25,1
14379,14379,25,22
14380,14380,25,16
14381,14381,26,28
14382,14382,26,20
14383,14383,26,15
14384,14384,26,23
14385,14385,27,23
14386,14386,27,22
14387,14387,27,18
14388,14388,27,32
14389,14389,28,19
14390,14390,28,16
14391,14391,28,13
14392,14392,28,38
14393,14393,29,18
14394,14394,29,22
14395,14395,29,13
14396,14396,29,27
14397,14397,30,25
14398,14398,30,29
14399,14399,30,15
14400,14400,30,23
14401,14401,31,39
14402,14402,31,18
14403,14403,31,16
14404,14404,31,17
14405,14405,32,38
14406,14406,32,23
14407,14407,32,16
14408,14408,32,16
14409,14409,33,21
14410,14410,33,25
14411,14411,33,21
14412,14412,33,34
14413,14413,34,47
14414,14414,34,22
14415,14415,34,12
14416,14416,34,28
14417,14417,35,31
14418,14418,35,24
14419,14419,35,11
14420,14420,35,13
14421,14421,1,22
14422,14422,1,50
14423,14423,1,6
14424,14424,1,27
14425,14425,2,18
14426,14426,2,15
14427,14427,2,28
14428,14428,2,16
14429,14429,3,48
14430,14430,3,17
14431,14431,3,12
14432,14432,3,15
14433,14433,4,40
14434,14434,4,29
14435,14435,4,15
14436,14436,4,20
14437,14437,5,36
14438,14438,5,24
14439,14439,5,12
14440,14440,5,7
14441,14441,6,46
14442,14442,6,14
14443,14443,6,11
14444,14444,6,24
14445,14445,7,40
14446,14446,7,27
14447,14447,7,10
14448,14448,7,17
14449,14449,8,21
14450,14450,8,26
14451,14451,8,19
14452,14452,8,21
14453,14453,9,35
14454,14454,9,19
14455,14455,9,13
14456,14456,9,18
14457,14457,10,35
14458,14458,10,11
14459,14459,10,15
14460,14460,10,30
14461,14461,11,22
14462,14462,11,29
14463,14463,11,15
14464,14464,11,19
14465,14465,12,26
14466,14466,12,30
14467,14467,12,16
14468,14468,12,12
14469,14469,13,23
14470,14470,13,26
14471,14471,13,17
14472,14472,13,28
14473,14473,14,16
14474,14474,14,11
14475,14475,14,25
14476,14476,14,40
14477,14477,15,29
14478,14478,15,31
14479,14479,15,20
14480,14480,15,22
14481,14481,16,33
14482,14482,16,39
14483,14483,16,7
14484,14484,16,24
14485,14485,17,38
14486,14486,17,17
14487,14487,17,10
14488,14488,17,11
14489,14489,18,42
14490,14490,18,23
14491,14491,18,14
14492,14492,18,13
14493,14493,19,43
14494,14494,19,13
14495,14495,19,21
14496,14496,19,19
14497,14497,20,35
14498,14498,20,8
14499,14499,20,17
14500,14500,20,20
14501,14501,21,45
14502,14502,21,15
14503,14503,21,14
14504,14504,21,26
14505,14505,22,19
14506,14506,22,16
14507,14507,22,26
14508,14508,22,40
14509,14509,23,28
14510,14510,23,39
14511,14511,23,9
14512,14512,23,25
14513,14513,24,22
14514,14514,24,21
14515,14515,24,22
14516,14516,24,23
14517,14517,25,22
14518,14518,25,28
14519,14519,25,17
14520,14520,25,31
14521,14521,26,19
14522,14522,26,25
14523,14523,26,20
14524,14524,26,24
14525,14525,27,46
14526,14526,27,13
14527,14527,27,23
14528,14528,27,13
14529,14529,28,20
14530,14530,28,19
14531,14531,28,29
14532,14532,28,28
14533,14533,29,34
14534,14534,29,26
14535,14535,29,20
14536,14536,29,16
14537,14537,30,53
14538,14538,30,16
14539,14539,30,9
14540,14540,30,20
14541,14541,31,31
14542,14542,31,28
14543,14543,31,15
14544,14544,31,38
14545,14545,32,29
14546,14546,32,19
14547,14547,32,21
14548,14548,32,27
14549,14549,33,34
14550,14550,33,22
14551,14551,33,16
14552,14552,33,18
14553,14553,34,30
14554,14554,34,14
14555,14555,34,19
14556,14556,34,28
14557,14557,35,22
14558,14558,35,24
14559,14559,35,36
14560,14560,35,19
14561,14561,1,38
14562,14562,1,38
14563,14563,1,24
14564,14564,1,25
14565,14565,2,21
14566,14566,2,31
14567,14567,2,33
14568,14568,2,15
14569,14569,3,32
14570,14570,3,22
14571,14571,3,13
14572,14572,3,43
14573,14573,4,43
14574,14574,4,17
14575,14575,4,10
14576,14576,4,37
14577,14577,5,19
14578,14578,5,25
14579,14579,5,33
14580,14580,5,28
14581,14581,6,27
14582,14582,6,27
14583,14583,6,18
14584,14584,6,20
14585,14585,7,34
14586,14586,7,39
14587,14587,7,22
14588,14588,7,30
14589,14589,8,49
14590,14590,8,33
14591,14591,8,6
14592,14592,8,36
14593,14593,9,22
14594,14594,9,13
14595,14595,9,16
14596,14596,9,39
14597,14597,10,39
14598,14598,10,24
14599,14599,10,11
14600,14600,10,22
14601,14601,11,44
14602,14602,11,29
14603,14603,11,8
14604,14604,11,43
14605,14605,12,31
14606,14606,12,15
14607,14607,12,32
14608,14608,12,30
14609,14609,13,22
14610,14610,13,20
14611,14611,13,21
14612,14612,13,21
14613,14613,14,30
14614,14614,14,14
14615,14615,14,15
14616,14616,14,21
14617,14617,15,37
14618,14618,15,46
14619,14619,15,12
14620,14620,15,18
14621,14621,16,28
14622,14622,16,11
14623,14623,16,15
14624,14624,16,37
14625,14625,17,34
14626,14626,17,29
14627,14627,17,18
14628,14628,17,25
14629,14629,18,40
14630,14630,18,40
14631,14631,18,11
14632,14632,18,12
14633,14633,19,40
14634,14634,19,12
14635,14635,19,13
14636,14636,19,15
14637,14637,20,25
14638,14638,20,16
14639,14639,20,11
14640,14640,20,27
14641,14641,21,44
14642,14642,21,9
14643,14643,21,13
14644,14644,21,24
14645,14645,22,31
14646,14646,22,28
14647,14647,22,15
14648,14648,22,35
14649,14649,23,15
14650,14650,23,40
14651,14651,23,23
14652,14652,23,31
14653,14653,24,22
14654,14654,24,41
14655,14655,24,35
14656,14656,24,16
14657,14657,25,40
14658,14658,25,24
14659,14659,25,10
14660,14660,25,50
14661,14661,26,20
14662,14662,26,21
14663,14663,26,12
14664,14664,26,34
14665,14665,27,20
14666,14666,27,16
14667,14667,27,16
14668,14668,27,32
14669,14669,28,46
14670,14670,28,16
14671,14671,28,20
14672,14672,28,32
14673,14673,29,44
14674,14674,29,17
14675,14675,29,13
14676,14676,29,24
14677,14677,30,26
14678,14678,30,26
14679,14679,30,16
14680,14680,30,41
14681,14681,31,22
14682,14682,31,28
14683,14683,31,24
14684,14684,31,23
14685,14685,32,36
14686,14686,32,5
14687,14687,32,25
14688,14688,32,16
14689,14689,33,27
14690,14690,33,37
14691,14691,33,27
14692,14692,33,23
14693,14693,34,28
14694,14694,34,19
14695,14695,34,23
14696,14696,34,29
14697,14697,35,40
14698,14698,35,26
14699,14699,35,15
14700,14700,35,31
14701,14701,1,41
14702,14702,1,15
14703,14703,1,18
14704,14704,1,44
14705,14705,2,46
14706,14706,2,14
14707,14707,2,19
14708,14708,2,22
14709,14709,3,41
14710,14710,3,19
14711,14711,3,4
14712,14712,3,34
14713,14713,4,33
14714,14714,4,42
14715,14715,4,18
14716,14716,4,45
14717,14717,5,73
14718,14718,5,29
14719,14719,5,17
14720,14720,5,27
14721,14721,6,26
14722,14722,6,18
14723,14723,6,20
14724,14724,6,46
14725,14725,7,33
14726,14726,7,30
14727,14727,7,24
14728,14728,7,43
14729,14729,8,23
14730,14730,8,20
14731,14731,8,14
14732,14732,8,38
14733,14733,9,25
14734,14734,9,40
14735,14735,9,15
14736,14736,9,22
14737,14737,10,50
14738,14738,10,15
14739,14739,10,33
14740,14740,10,32
14741,14741,11,44
14742,14742,11,13
14743,14743,11,33
14744,14744,11,23
14745,14745,12,25
14746,14746,12,26
14747,14747,12,28
14748,14748,12,31
14749,14749,13,37
14750,14750,13,33
14751,14751,13,29
14752,14752,13,42
14753,14753,14,47
14754,14754,14,21
14755,14755,14,16
14756,14756,14,36
14757,14757,15,19
14758,14758,15,29
14759,14759,15,14
14760,14760,15,32
14761,14761,16,48
14762,14762,16,18
14763,14763,16,6
14764,14764,16,30
14765,14765,17,45
14766,14766,17,20
14767,14767,17,15
14768,14768,17,33
14769,14769,18,50
14770,14770,18,22
14771,14771,18,13
14772,14772,18,26
14773,14773,19,39
14774,14774,19,27
14775,14775,19,13
14776,14776,19,30
14777,14777,20,37
14778,14778,20,28
14779,14779,20,8
14780,14780,20,32
14781,14781,21,64
14782,14782,21,15
14783,14783,21,27
14784,14784,21,30
14785,14785,22,33
14786,14786,22,24
14787,14787,22,32
14788,14788,22,37
14789,14789,23,32
14790,14790,23,24
14791,14791,23,38
14792,14792,23,68
14793,14793,24,40
14794,14794,24,8
14795,14795,24,26
14796,14796,24,46
14797,14797,25,22
14798,14798,25,27
14799,14799,25,26
14800,14800,25,41
14801,14801,26,36
14802,14802,26,23
14803,14803,26,25
14804,14804,26,44
14805,14805,27,22
14806,14806,27,45
14807,14807,27,12
14808,14808,27,21
14809,14809,28,25
14810,14810,28,29
14811,14811,28,30
14812,14812,28,27
14813,14813,29,54
14814,14814,29,32
14815,14815,29,31
14816,14816,29,33
14817,14817,30,46
14818,14818,30,46
14819,14819,30,26
14820,14820,30,25
14821,14821,31,27
14822,14822,31,23
14823,14823,31,25
14824,14824,31,29
14825,14825,32,36
14826,14826,32,14
14827,14827,32,21
14828,14828,32,36
14829,14829,33,34
14830,14830,33,28
14831,14831,33,30
14832,14832,33,23
14833,14833,34,35
14834,14834,34,27
14835,14835,34,14
14836,14836,34,24
14837,14837,35,19
14838,14838,35,39
14839,14839,35,15
14840,14840,35,45
14841,14841,1,36
14842,14842,1,16
14843,14843,1,40
14844,14844,1,48
14845,14845,2,24
14846,14846,2,45
14847,14847,2,13
14848,14848,2,41
14849,14849,3,63
14850,14850,3,26
14851,14851,3,18
14852,14852,3,39
14853,14853,4,38
14854,14854,4,31
14855,14855,4,20
14856,14856,4,16
14857,14857,5,84
14858,14858,5,36
14859,14859,5,17
14860,14860,5,39
14861,14861,6,35
14862,14862,6,34
14863,14863,6,6
14864,14864,6,26
14865,14865,7,37
14866,14866,7,20
14867,14867,7,23
14868,14868,7,44
14869,14869,8,36
14870,14870,8,32
14871,14871,8,26
14872,14872,8,65
14873,14873,9,40
14874,14874,9,30
14875,14875,9,15
14876,14876,9,26
14877,14877,10,73
14878,14878,10,40
14879,14879,10,29
14880,14880,10,25
14881,14881,11,34
14882,14882,11,25
14883,14883,11,20
14884,14884,11,44
14885,14885,12,39
14886,14886,12,33
14887,14887,12,34
14888,14888,12,28
14889,14889,13,38
14890,14890,13,28
14891,14891,13,18
14892,14892,13,41
14893,14893,14,31
14894,14894,14,46
14895,14895,14,40
14896,14896,14,36
14897,14897,15,37
14898,14898,15,20
14899,14899,15,20
14900,14900,15,33
14901,14901,16,41
14902,14902,16,43
14903,14903,16,16
14904,14904,16,27
14905,14905,17,47
14906,14906,17,16
14907,14907,17,23
14908,14908,17,68
14909,14909,18,40
14910,14910,18,43
14911,14911,18,26
14912,14912,18,51
14913,14913,19,50
14914,14914,19,26
14915,14915,19,15
14916,14916,19,29
14917,14917,20,22
14918,14918,20,38
14919,14919,20,16
14920,14920,20,28
14921,14921,21,25
14922,14922,21,18
14923,14923,21,37
14924,14924,21,40
14925,14925,22,39
14926,14926,22,29
14927,14927,22,28
14928,14928,22,40
14929,14929,23,49
14930,14930,23,32
14931,14931,23,42
14932,14932,23,51
14933,14933,24,37
14934,14934,24,12
14935,14935,24,12
14936,14936,24,35
14937,14937,25,45
14938,14938,25,20
14939,14939,25,27
14940,14940,25,28
14941,14941,26,54
14942,14942,26,16
14943,14943,26,25
14944,14944,26,26
14945,14945,27,59
14946,14946,27,32
14947,14947,27,2
14948,14948,27,45
14949,14949,28,44
14950,14950,28,34
14951,14951,28,24
14952,14952,28,26
14953,14953,29,66
14954,14954,29,18
14955,14955,29,26
14956,14956,29,30
14957,14957,30,38
14958,14958,30,31
14959,14959,30,40
14960,14960,30,36
14961,14961,31,57
14962,14962,31,28
14963,14963,31,27
14964,14964,31,43
14965,14965,32,38
14966,14966,32,28
14967,14967,32,28
14968,14968,32,27
14969,14969,33,26
14970,14970,33,22
14971,14971,33,28
14972,14972,33,65
14973,14973,34,44
14974,14974,34,20
14975,14975,34,41
14976,14976,34,17
14977,14977,35,44
14978,14978,35,41
14979,14979,35,24
14980,14980,35,19
14981,14981,1,31
14982,14982,1,21
14983,14983,1,21
14984,14984,1,12
14985,14985,2,40
14986,14986,2,42
14987,14987,2,23
14988,14988,2,23
14989,14989,3,29
14990,14990,3,34
14991,14991,3,12
14992,14992,3,35
14993,14993,4,29
14994,14994,4,26
14995,14995,4,14
14996,14996,4,24
14997,14997,5,32
14998,14998,5,17
14999,14999,5,24
15000,15000,5,33
15001,15001,6,48
15002,15002,6,13
15003,15003,6,16
15004,15004,6,38
15005,15005,7,44
15006,15006,7,13
15007,15007,7,22
15008,15008,7,36
15009,15009,8,61
15010,15010,8,40
15011,15011,8,13
15012,15012,8,31
15013,15013,9,26
15014,15014,9,29
15015,15015,9,29
15016,15016,9,19
15017,15017,10,33
15018,15018,10,27
15019,15019,10,15
15020,15020,10,30
15021,15021,11,31
15022,15022,11,27
15023,15023,11,14
15024,15024,11,54
15025,15025,12,21
15026,15026,12,35
15027,15027,12,44
15028,15028,12,36
15029,15029,13,55
15030,15030,13,41
15031,15031,13,18
15032,15032,13,18
15033,15033,14,56
15034,15034,14,13
15035,15035,14,29
15036,15036,14,32
15037,15037,15,50
15038,15038,15,39
15039,15039,15,21
15040,15040,15,23
15041,15041,16,34
15042,15042,16,29
15043,15043,16,25
15044,15044,16,38
15045,15045,17,46
15046,15046,17,21
15047,15047,17,16
15048,15048,17,20
15049,15049,18,30
15050,15050,18,36
15051,15051,18,13
15052,15052,18,53
15053,15053,19,30
15054,15054,19,24
15055,15055,19,12
15056,15056,19,55
15057,15057,20,21
15058,15058,20,18
15059,15059,20,12
15060,15060,20,61
15061,15061,21,41
15062,15062,21,22
15063,15063,21,20
15064,15064,21,35
15065,15065,22,34
15066,15066,22,21
15067,15067,22,25
15068,15068,22,10
15069,15069,23,31
15070,15070,23,39
15071,15071,23,26
15072,15072,23,15
15073,15073,24,32
15074,15074,24,23
15075,15075,24,9
15076,15076,24,49
15077,15077,25,47
15078,15078,25,28
15079,15079,25,34
15080,15080,25,32
15081,15081,26,56
15082,15082,26,21
15083,15083,26,15
15084,15084,26,26
15085,15085,27,29
15086,15086,27,31
15087,15087,27,27
15088,15088,27,26
15089,15089,28,41
15090,15090,28,37
15091,15091,28,26
15092,15092,28,13
15093,15093,29,13
15094,15094,29,26
15095,15095,29,28
15096,15096,29,18
15097,15097,30,33
15098,15098,30,24
15099,15099,30,25
15100,15100,30,24
15101,15101,31,43
15102,15102,31,13
15103,15103,31,31
15104,15104,31,19
15105,15105,32,29
15106,15106,32,34
15107,15107,32,16
15108,15108,32,28
15109,15109,33,32
15110,15110,33,13
15111,15111,33,30
15112,15112,33,31
15113,15113,34,28
15114,15114,34,26
15115,15115,34,20
15116,15116,34,31
15117,15117,35,37
15118,15118,35,27
15119,15119,35,20
15120,15120,35,32
15121,15121,1,42
15122,15122,1,19
15123,15123,1,14
15124,15124,1,29
15125,15125,2,34
15126,15126,2,13
15127,15127,2,19
15128,15128,2,18
15129,15129,3,21
15130,15130,3,14
15131,15131,3,19
15132,15132,3,30
15133,15133,4,31
15134,15134,4,12
15135,15135,4,17
15136,15136,4,12
15137,15137,5,24
15138,15138,5,20
15139,15139,5,11
15140,15140,5,22
15141,15141,6,25
15142,15142,6,27
15143,15143,6,24
15144,15144,6,23
15145,15145,7,24
15146,15146,7,13
15147,15147,7,24
15148,15148,7,19
15149,15149,8,23
15150,15150,8,21
15151,15151,8,18
15152,15152,8,26
15153,15153,9,30
15154,15154,9,8
15155,15155,9,27
15156,15156,9,23
15157,15157,10,21
15158,15158,10,16
15159,15159,10,15
15160,15160,10,42
15161,15161,11,20
15162,15162,11,33
15163,15163,11,12
15164,15164,11,20
15165,15165,12,15
15166,15166,12,15
15167,15167,12,20
15168,15168,12,32
15169,15169,13,37
15170,15170,13,16
15171,15171,13,30
15172,15172,13,14
15173,15173,14,42
15174,15174,14,12
15175,15175,14,17
15176,15176,14,12
15177,15177,15,17
15178,15178,15,34
15179,15179,15,21
15180,15180,15,12
15181,15181,16,21
15182,15182,16,19
15183,15183,16,4
15184,15184,16,35
15185,15185,17,15
15186,15186,17,23
15187,15187,17,10
15188,15188,17,31
15189,15189,18,34
15190,15190,18,23
15191,15191,18,11
15192,15192,18,21
15193,15193,19,26
15194,15194,19,22
15195,15195,19,10
15196,15196,19,28
15197,15197,20,41
15198,15198,20,11
15199,15199,20,13
15200,15200,20,25
15201,15201,21,45
15202,15202,21,13
15203,15203,21,17
15204,15204,21,33
15205,15205,22,18
15206,15206,22,19
15207,15207,22,21
15208,15208,22,26
15209,15209,23,30
15210,15210,23,25
15211,15211,23,13
15212,15212,23,29
15213,15213,24,41
15214,15214,24,24
15215,15215,24,25
15216,15216,24,28
15217,15217,25,43
15218,15218,25,13
15219,15219,25,20
15220,15220,25,24
15221,15221,26,57
15222,15222,26,19
15223,15223,26,16
15224,15224,26,10
15225,15225,27,33
15226,15226,27,24
15227,15227,27,23
15228,15228,27,20
15229,15229,28,20
15230,15230,28,20
15231,15231,28,18
15232,15232,28,36
15233,15233,29,16
15234,15234,29,16
15235,15235,29,19
15236,15236,29,40
15237,15237,30,30
15238,15238,30,27
15239,15239,30,16
15240,15240,30,30
15241,15241,31,20
15242,15242,31,13
15243,15243,31,32
15244,15244,31,39
15245,15245,32,27
15246,15246,32,17
15247,15247,32,18
15248,15248,32,25
15249,15249,33,30
15250,15250,33,16
15251,15251,33,12
15252,15252,33,27
15253,15253,34,34
15254,15254,34,28
15255,15255,34,12
15256,15256,34,19
15257,15257,35,21
15258,15258,35,12
15259,15259,35,12
15260,15260,35,25
15261,15261,1,18
15262,15262,1,25
15263,15263,1,12
15264,15264,1,13
15265,15265,2,22
15266,15266,2,25
15267,15267,2,5
15268,15268,2,18
15269,15269,3,18
15270,15270,3,14
15271,15271,3,15
15272,15272,3,24
15273,15273,4,24
15274,15274,4,20
15275,15275,4,13
15276,15276,4,27
15277,15277,5,38
15278,15278,5,15
15279,15279,5,5
15280,15280,5,22
15281,15281,6,9
15282,15282,6,19
15283,15283,6,18
15284,15284,6,47
15285,15285,7,23
15286,15286,7,16
15287,15287,7,14
15288,15288,7,24
15289,15289,8,45
15290,15290,8,18
15291,15291,8,8
15292,15292,8,16
15293,15293,9,15
15294,15294,9,18
15295,15295,9,14
15296,15296,9,13
15297,15297,10,18
15298,15298,10,24
15299,15299,10,17
15300,15300,10,26
15301,15301,11,23
15302,15302,11,29
15303,15303,11,17
15304,15304,11,15
15305,15305,12,29
15306,15306,12,25
15307,15307,12,9
15308,15308,12,18
15309,15309,13,12
15310,15310,13,20
15311,15311,13,35
15312,15312,13,12
15313,15313,14,18
15314,15314,14,20
15315,15315,14,19
15316,15316,14,14
15317,15317,15,25
15318,15318,15,15
15319,15319,15,16
15320,15320,15,25
15321,15321,16,14
15322,15322,16,18
15323,15323,16,16
15324,15324,16,25
15325,15325,17,23
15326,15326,17,20
15327,15327,17,18
15328,15328,17,21
15329,15329,18,17
15330,15330,18,18
15331,15331,18,10
15332,15332,18,20
15333,15333,19,16
15334,15334,19,24
15335,15335,19,10
15336,15336,19,9
15337,15337,20,36
15338,15338,20,10
15339,15339,20,14
15340,15340,20,15
15341,15341,21,20
15342,15342,21,9
15343,15343,21,21
15344,15344,21,9
15345,15345,22,20
15346,15346,22,14
15347,15347,22,14
15348,15348,22,17
15349,15349,23,28
15350,15350,23,21
15351,15351,23,7
15352,15352,23,15
15353,15353,24,24
15354,15354,24,17
15355,15355,24,13
15356,15356,24,18
15357,15357,25,17
15358,15358,25,10
15359,15359,25,12
15360,15360,25,28
15361,15361,26,31
15362,15362,26,26
15363,15363,26,9
15364,15364,26,15
15365,15365,27,38
15366,15366,27,22
15367,15367,27,13
15368,15368,27,19
15369,15369,28,24
15370,15370,28,16
15371,15371,28,12
15372,15372,28,17
15373,15373,29,18
15374,15374,29,12
15375,15375,29,12
15376,15376,29,18
15377,15377,30,14
15378,15378,30,14
15379,15379,30,21
15380,15380,30,23
15381,15381,31,35
15382,15382,31,18
15383,15383,31,9
15384,15384,31,15
15385,15385,32,23
15386,15386,32,12
15387,15387,32,28
15388,15388,32,3
15389,15389,33,23
15390,15390,33,20
15391,15391,33,12
15392,15392,33,26
15393,15393,34,10
15394,15394,34,18
15395,15395,34,22
15396,15396,34,20
15397,15397,35,21
15398,15398,35,18
15399,15399,35,27
15400,15400,35,15
15401,15401,1,20
15402,15402,1,10
15403,15403,1,7
15404,15404,1,16
15405,15405,2,18
15406,15406,2,22
15407,15407,2,2
15408,15408,2,21
15409,15409,3,21
15410,15410,3,9
15411,15411,3,13
15412,15412,3,26
15413,15413,4,17
15414,15414,4,17
15415,15415,4,17
15416,15416,4,43
15417,15417,5,14
15418,15418,5,14
15419,15419,5,19
15420,15420,5,17
15421,15421,6,19
15422,15422,6,17
15423,15423,6,10
15424,15424,6,39
15425,15425,7,31
15426,15426,7,19
15427,15427,7,14
15428,15428,7,18
15429,15429,8,27
15430,15430,8,12
15431,15431,8,21
15432,15432,8,32
15433,15433,9,23
15434,15434,9,11
15435,15435,9,19
15436,15436,9,24
15437,15437,10,33
15438,15438,10,15
15439,15439,10,8
15440,15440,10,17
15441,15441,11,24
15442,15442,11,12
15443,15443,11,16
15444,15444,11,13
15445,15445,12,22
15446,15446,12,13
15447,15447,12,10
15448,15448,12,21
15449,15449,13,24
15450,15450,13,21
15451,15451,13,11
15452,15452,13,17
15453,15453,14,28
15454,15454,14,12
15455,15455,14,18
15456,15456,14,26
15457,15457,15,24
15458,15458,15,21
15459,15459,15,11
15460,15460,15,15
15461,15461,16,32
15462,15462,16,25
15463,15463,16,9
15464,15464,16,25
15465,15465,17,32
15466,15466,17,22
15467,15467,17,18
15468,15468,17,13
15469,15469,18,16
15470,15470,18,13
15471,15471,18,14
15472,15472,18,15
15473,15473,19,24
15474,15474,19,22
15475,15475,19,22
15476,15476,19,26
15477,15477,20,18
15478,15478,20,9
15479,15479,20,15
15480,15480,20,37
15481,15481,21,21
15482,15482,21,13
15483,15483,21,23
15484,15484,21,25
15485,15485,22,28
15486,15486,22,24
15487,15487,22,15
15488,15488,22,12
15489,15489,23,23
15490,15490,23,15
15491,15491,23,10
15492,15492,23,25
15493,15493,24,18
15494,15494,24,15
15495,15495,24,25
15496,15496,24,19
15497,15497,25,15
15498,15498,25,21
15499,15499,25,17
15500,15500,25,21
15501,15501,26,18
15502,15502,26,14
15503,15503,26,17
15504,15504,26,32
15505,15505,27,37
15506,15506,27,26
15507,15507,27,22
15508,15508,27,12
15509,15509,28,28
15510,15510,28,13
15511,15511,28,7
15512,15512,28,23
15513,15513,29,14
15514,15514,29,16
15515,15515,29,19
15516,15516,29,21
15517,15517,30,27
15518,15518,30,16
15519,15519,30,20
15520,15520,30,15
15521,15521,31,15
15522,15522,31,12
15523,15523,31,16
15524,15524,31,16
15525,15525,32,30
15526,15526,32,19
15527,15527,32,18
15528,15528,32,21
15529,15529,33,25
15530,15530,33,12
15531,15531,33,25
15532,15532,33,12
15533,15533,34,30
15534,15534,34,27
15535,15535,34,15
15536,15536,34,22
15537,15537,35,23
15538,15538,35,17
15539,15539,35,15
15540,15540,35,28
15541,15541,1,17
15542,15542,1,23
15543,15543,1,21
15544,15544,1,30
15545,15545,2,24
15546,15546,2,11
15547,15547,2,16
15548,15548,2,18
15549,15549,3,24
15550,15550,3,33
15551,15551,3,16
15552,15552,3,20
15553,15553,4,29
15554,15554,4,31
15555,15555,4,27
15556,15556,4,12
15557,15557,5,19
15558,15558,5,19
15559,15559,5,9
15560,15560,5,25
15561,15561,6,35
15562,15562,6,14
15563,15563,6,8
15564,15564,6,18
15565,15565,7,19
15566,15566,7,22
15567,15567,7,13
15568,15568,7,29
15569,15569,8,30
15570,15570,8,11
15571,15571,8,14
15572,15572,8,24
15573,15573,9,29
15574,15574,9,15
15575,15575,9,8
15576,15576,9,23
15577,15577,10,28
15578,15578,10,11
15579,15579,10,15
15580,15580,10,14
15581,15581,11,24
15582,15582,11,15
15583,15583,11,13
15584,15584,11,33
15585,15585,12,34
15586,15586,12,10
15587,15587,12,18
15588,15588,12,25
15589,15589,13,27
15590,15590,13,15
15591,15591,13,13
15592,15592,13,18
15593,15593,14,30
15594,15594,14,14
15595,15595,14,14
15596,15596,14,24
15597,15597,15,32
15598,15598,15,21
15599,15599,15,16
15600,15600,15,16
15601,15601,16,33
15602,15602,16,30
15603,15603,16,9
15604,15604,16,11
15605,15605,17,26
15606,15606,17,19
15607,15607,17,16
15608,15608,17,28
15609,15609,18,20
15610,15610,18,31
15611,15611,18,19
15612,15612,18,23
15613,15613,19,18
15614,15614,19,10
15615,15615,19,16
15616,15616,19,27
15617,15617,20,21
15618,15618,20,11
15619,15619,20,12
15620,15620,20,28
15621,15621,21,28
15622,15622,21,15
15623,15623,21,13
15624,15624,21,34
15625,15625,22,32
15626,15626,22,13
15627,15627,22,18
15628,15628,22,19
15629,15629,23,14
15630,15630,23,9
15631,15631,23,11
15632,15632,23,38
15633,15633,24,20
15634,15634,24,21
15635,15635,24,15
15636,15636,24,19
15637,15637,25,31
15638,15638,25,11
15639,15639,25,23
15640,15640,25,27
15641,15641,26,33
15642,15642,26,16
15643,15643,26,20
15644,15644,26,22
15645,15645,27,13
15646,15646,27,23
15647,15647,27,17
15648,15648,27,14
15649,15649,28,24
15650,15650,28,16
15651,15651,28,8
15652,15652,28,22
15653,15653,29,20
15654,15654,29,16
15655,15655,29,15
15656,15656,29,19
15657,15657,30,20
15658,15658,30,20
15659,15659,30,19
15660,15660,30,17
15661,15661,31,13
15662,15662,31,22
15663,15663,31,22
15664,15664,31,16
15665,15665,32,37
15666,15666,32,16
15667,15667,32,12
15668,15668,32,19
15669,15669,33,34
15670,15670,33,26
15671,15671,33,12
15672,15672,33,20
15673,15673,34,34
15674,15674,34,21
15675,15675,34,24
15676,15676,34,32
15677,15677,35,29
15678,15678,35,26
15679,15679,35,14
15680,15680,35,18
15681,15681,1,23
15682,15682,1,29
15683,15683,1,17
15684,15684,1,7
15685,15685,2,36
15686,15686,2,12
15687,15687,2,13
15688,15688,2,36
15689,15689,3,26
15690,15690,3,16
15691,15691,3,20
15692,15692,3,25
15693,15693,4,25
15694,15694,4,23
15695,15695,4,7
15696,15696,4,23
15697,15697,5,41
15698,15698,5,14
15699,15699,5,21
15700,15700,5,24
15701,15701,6,36
15702,15702,6,10
15703,15703,6,5
15704,15704,6,35
15705,15705,7,34
15706,15706,7,19
15707,15707,7,11
15708,15708,7,25
15709,15709,8,21
15710,15710,8,34
15711,15711,8,22
15712,15712,8,29
15713,15713,9,39
15714,15714,9,21
15715,15715,9,13
15716,15716,9,20
15717,15717,10,31
15718,15718,10,31
15719,15719,10,11
15720,15720,10,18
15721,15721,11,42
15722,15722,11,28
15723,15723,11,15
15724,15724,11,19
15725,15725,12,29
15726,15726,12,13
15727,15727,12,15
15728,15728,12,37
15729,15729,13,36
15730,15730,13,16
15731,15731,13,12
15732,15732,13,22
15733,15733,14,36
15734,15734,14,10
15735,15735,14,18
15736,15736,14,30
15737,15737,15,22
15738,15738,15,12
15739,15739,15,18
15740,15740,15,21
15741,15741,16,43
15742,15742,16,17
15743,15743,16,13
15744,15744,16,34
15745,15745,17,43
15746,15746,17,13
15747,15747,17,28
15748,15748,17,31
15749,15749,18,34
15750,15750,18,15
15751,15751,18,6
15752,15752,18,26
15753,15753,19,38
15754,15754,19,19
15755,15755,19,13
15756,15756,19,16
15757,15757,20,27
15758,15758,20,9
15759,15759,20,24
15760,15760,20,19
15761,15761,21,31
15762,15762,21,12
15763,15763,21,16
15764,15764,21,16
15765,15765,22,22
15766,15766,22,40
15767,15767,22,25
15768,15768,22,29
15769,15769,23,37
15770,15770,23,30
15771,15771,23,17
15772,15772,23,23
15773,15773,24,35
15774,15774,24,16
15775,15775,24,24
15776,15776,24,34
15777,15777,25,24
15778,15778,25,17
15779,15779,25,18
15780,15780,25,28
15781,15781,26,37
15782,15782,26,14
15783,15783,26,14
15784,15784,26,29
15785,15785,27,32
15786,15786,27,9
15787,15787,27,25
15788,15788,27,30
15789,15789,28,19
15790,15790,28,18
15791,15791,28,22
15792,15792,28,32
15793,15793,29,14
15794,15794,29,29
15795,15795,29,12
15796,15796,29,37
15797,15797,30,26
15798,15798,30,15
15799,15799,30,26
15800,15800,30,30
15801,15801,31,38
15802,15802,31,8
15803,15803,31,24
15804,15804,31,17
15805,15805,32,35
15806,15806,32,26
15807,15807,32,12
15808,15808,32,22
15809,15809,33,45
15810,15810,33,11
15811,15811,33,26
15812,15812,33,16
15813,15813,34,32
15814,15814,34,25
15815,15815,34,6
15816,15816,34,19
15817,15817,35,21
15818,15818,35,12
15819,15819,35,12
15820,15820,35,21
15821,15821,1,56
15822,15822,1,12
15823,15823,1,8
15824,15824,1,36
15825,15825,2,29
15826,15826,2,26
15827,15827,2,11
15828,15828,2,25
15829,15829,3,27
15830,15830,3,22
15831,15831,3,23
15832,15832,3,25
15833,15833,4,36
15834,15834,4,29
15835,15835,4,12
15836,15836,4,50
15837,15837,5,23
15838,15838,5,10
15839,15839,5,21
15840,15840,5,32
15841,15841,6,29
15842,15842,6,12
15843,15843,6,11
15844,15844,6,51
15845,15845,7,19
15846,15846,7,19
15847,15847,7,28
15848,15848,7,19
15849,15849,8,33
15850,15850,8,14
15851,15851,8,17
15852,15852,8,31
15853,15853,9,42
15854,15854,9,19
15855,15855,9,20
15856,15856,9,29
15857,15857,10,25
15858,15858,10,26
15859,15859,10,21
15860,15860,10,35
15861,15861,11,26
15862,15862,11,37
15863,15863,11,30
15864,15864,11,15
15865,15865,12,25
15866,15866,12,33
15867,15867,12,17
15868,15868,12,21
15869,15869,13,61
15870,15870,13,20
15871,15871,13,13
15872,15872,13,21
15873,15873,14,25
15874,15874,14,24
15875,15875,14,34
15876,15876,14,24
15877,15877,15,46
15878,15878,15,11
15879,15879,15,29
15880,15880,15,17
15881,15881,16,34
15882,15882,16,15
15883,15883,16,28
15884,15884,16,36
15885,15885,17,25
15886,15886,17,26
15887,15887,17,17
15888,15888,17,31
15889,15889,18,47
15890,15890,18,7
15891,15891,18,24
15892,15892,18,21
15893,15893,19,20
15894,15894,19,20
15895,15895,19,16
15896,15896,19,24
15897,15897,20,30
15898,15898,20,27
15899,15899,20,10
15900,15900,20,30
15901,15901,21,17
15902,15902,21,25
15903,15903,21,20
15904,15904,21,49
15905,15905,22,29
15906,15906,22,39
15907,15907,22,11
15908,15908,22,21
15909,15909,23,45
15910,15910,23,17
15911,15911,23,13
15912,15912,23,19
15913,15913,24,26
15914,15914,24,29
15915,15915,24,21
15916,15916,24,26
15917,15917,25,36
15918,15918,25,18
15919,15919,25,31
15920,15920,25,19
15921,15921,26,36
15922,15922,26,29
15923,15923,26,23
15924,15924,26,34
15925,15925,27,54
15926,15926,27,24
15927,15927,27,24
15928,15928,27,44
15929,15929,28,32
15930,15930,28,21
15931,15931,28,13
15932,15932,28,34
15933,15933,29,36
15934,15934,29,21
15935,15935,29,15
15936,15936,29,32
15937,15937,30,24
15938,15938,30,27
15939,15939,30,7
15940,15940,30,30
15941,15941,31,24
15942,15942,31,23
15943,15943,31,15
15944,15944,31,28
15945,15945,32,39
15946,15946,32,40
15947,15947,32,20
15948,15948,32,25
15949,15949,33,35
15950,15950,33,14
15951,15951,33,18
15952,15952,33,25
15953,15953,34,43
15954,15954,34,20
15955,15955,34,18
15956,15956,34,16
15957,15957,35,31
15958,15958,35,8
15959,15959,35,15
15960,15960,35,50
15961,15961,1,45
15962,15962,1,14
15963,15963,1,28
15964,15964,1,55
15965,15965,2,13
15966,15966,2,30
15967,15967,2,17
15968,15968,2,28
15969,15969,3,30
15970,15970,3,34
15971,15971,3,14
15972,15972,3,20
15973,15973,4,21
15974,15974,4,20
15975,15975,4,16
15976,15976,4,31
15977,15977,5,26
15978,15978,5,26
15979,15979,5,19
15980,15980,5,17
15981,15981,6,45
15982,15982,6,11
15983,15983,6,31
15984,15984,6,30
15985,15985,7,43
15986,15986,7,29
15987,15987,7,35
15988,15988,7,35
15989,15989,8,35
15990,15990,8,21
15991,15991,8,15
15992,15992,8,36
15993,15993,9,42
15994,15994,9,28
15995,15995,9,22
15996,15996,9,31
15997,15997,10,28
15998,15998,10,35
15999,15999,10,18
16000,16000,10,21
16001,16001,11,28
16002,16002,11,38
16003,16003,11,28
16004,16004,11,14
16005,16005,12,29
16006,16006,12,29
16007,16007,12,27
16008,16008,12,20
16009,16009,13,29
16010,16010,13,26
16011,16011,13,19
16012,16012,13,35
16013,16013,14,39
16014,16014,14,18
16015,16015,14,9
16016,16016,14,57
16017,16017,15,54
16018,16018,15,15
16019,16019,15,21
16020,16020,15,32
16021,16021,16,52
16022,16022,16,18
16023,16023,16,11
16024,16024,16,45
16025,16025,17,42
16026,16026,17,17
16027,16027,17,23
16028,16028,17,21
16029,16029,18,39
16030,16030,18,22
16031,16031,18,23
16032,16032,18,16
16033,16033,19,37
16034,16034,19,27
16035,16035,19,15
16036,16036,19,34
16037,16037,20,32
16038,16038,20,21
16039,16039,20,35
16040,16040,20,8
16041,16041,21,31
16042,16042,21,11
16043,16043,21,10
16044,16044,21,24
16045,16045,22,44
16046,16046,22,11
16047,16047,22,11
16048,16048,22,39
16049,16049,23,42
16050,16050,23,19
16051,16051,23,12
16052,16052,23,13
16053,16053,24,11
16054,16054,24,23
16055,16055,24,19
16056,16056,24,29
16057,16057,25,26
16058,16058,25,23
16059,16059,25,9
16060,16060,25,37
16061,16061,26,34
16062,16062,26,23
16063,16063,26,12
16064,16064,26,34
16065,16065,27,23
16066,16066,27,29
16067,16067,27,23
16068,16068,27,36
16069,16069,28,28
16070,16070,28,17
16071,16071,28,15
16072,16072,28,19
16073,16073,29,27
16074,16074,29,28
16075,16075,29,27
16076,16076,29,23
16077,16077,30,29
16078,16078,30,27
16079,16079,30,47
16080,16080,30,12
16081,16081,31,40
16082,16082,31,27
16083,16083,31,10
16084,16084,31,31
16085,16085,32,29
16086,16086,32,38
16087,16087,32,21
16088,16088,32,18
16089,16089,33,36
16090,16090,33,34
16091,16091,33,26
16092,16092,33,34
16093,16093,34,31
16094,16094,34,28
16095,16095,34,32
16096,16096,34,36
16097,16097,35,30
16098,16098,35,21
16099,16099,35,14
16100,16100,35,41
16101,16101,1,28
16102,16102,1,15
16103,16103,1,9
16104,16104,1,25
16105,16105,2,15
16106,16106,2,15
16107,16107,2,14
16108,16108,2,22
16109,16109,3,20
16110,16110,3,26
16111,16111,3,23
16112,16112,3,20
16113,16113,4,32
16114,16114,4,10
16115,16115,4,13
16116,16116,4,30
16117,16117,5,30
16118,16118,5,10
16119,16119,5,14
16120,16120,5,28
16121,16121,6,36
16122,16122,6,13
16123,16123,6,12
16124,16124,6,33
16125,16125,7,27
16126,16126,7,15
16127,16127,7,23
16128,16128,7,18
16129,16129,8,24
16130,16130,8,29
16131,16131,8,18
16132,16132,8,25
16133,16133,9,20
16134,16134,9,24
16135,16135,9,29
16136,16136,9,22
16137,16137,10,35
16138,16138,10,21
16139,16139,10,13
16140,16140,10,26
16141,16141,11,22
16142,16142,11,14
16143,16143,11,34
16144,16144,11,39
16145,16145,12,19
16146,16146,12,20
16147,16147,12,21
16148,16148,12,20
16149,16149,13,14
16150,16150,13,12
16151,16151,13,15
16152,16152,13,28
16153,16153,14,40
16154,16154,14,14
16155,16155,14,25
16156,16156,14,25
16157,16157,15,35
16158,16158,15,13
16159,16159,15,6
16160,16160,15,19
16161,16161,16,26
16162,16162,16,20
16163,16163,16,14
16164,16164,16,25
16165,16165,17,18
16166,16166,17,21
16167,16167,17,13
16168,16168,17,21
16169,16169,18,27
16170,16170,18,31
16171,16171,18,13
16172,16172,18,25
16173,16173,19,18
16174,16174,19,34
16175,16175,19,28
16176,16176,19,22
16177,16177,20,26
16178,16178,20,16
16179,16179,20,37
16180,16180,20,29
16181,16181,21,27
16182,16182,21,24
16183,16183,21,8
16184,16184,21,14
16185,16185,22,35
16186,16186,22,29
16187,16187,22,10
16188,16188,22,21
16189,16189,23,19
16190,16190,23,15
16191,16191,23,14
16192,16192,23,21
16193,16193,24,25
16194,16194,24,17
16195,16195,24,23
16196,16196,24,31
16197,16197,25,19
16198,16198,25,28
16199,16199,25,15
16200,16200,25,10
16201,16201,26,30
16202,16202,26,21
16203,16203,26,8
16204,16204,26,28
16205,16205,27,24
16206,16206,27,23
16207,16207,27,18
16208,16208,27,28
16209,16209,28,23
16210,16210,28,37
16211,16211,28,26
16212,16212,28,27
16213,16213,29,22
16214,16214,29,18
16215,16215,29,31
16216,16216,29,29
16217,16217,30,20
16218,16218,30,20
16219,16219,30,13
16220,16220,30,30
16221,16221,31,52
16222,16222,31,22
16223,16223,31,16
16224,16224,31,29
16225,16225,32,31
16226,16226,32,9
16227,16227,32,14
16228,16228,32,29
16229,16229,33,29
16230,16230,33,23
16231,16231,33,33
16232,16232,33,34
16233,16233,34,37
16234,16234,34,14
16235,16235,34,14
16236,16236,34,33
16237,16237,35,29
16238,16238,35,35
16239,16239,35,11
16240,16240,35,12
16241,16241,1,38
16242,16242,1,18
16243,16243,1,22
16244,16244,1,12
16245,16245,2,9
16246,16246,2,19
16247,16247,2,23
16248,16248,2,35
16249,16249,3,14
16250,16250,3,9
16251,16251,3,10
16252,16252,3,33
16253,16253,4,16
16254,16254,4,10
16255,16255,4,20
16256,16256,4,14
16257,16257,5,13
16258,16258,5,23
16259,16259,5,18
16260,16260,5,19
16261,16261,6,35
16262,16262,6,16
16263,16263,6,17
16264,16264,6,21
16265,16265,7,42
16266,16266,7,12
16267,16267,7,14
16268,16268,7,34
16269,16269,8,30
16270,16270,8,24
16271,16271,8,8
16272,16272,8,28
16273,16273,9,20
16274,16274,9,14
16275,16275,9,12
16276,16276,9,24
16277,16277,10,29
16278,16278,10,36
16279,16279,10,14
16280,16280,10,25
16281,16281,11,15
16282,16282,11,21
16283,16283,11,11
16284,16284,11,24
16285,16285,12,20
16286,16286,12,17
16287,16287,12,26
16288,16288,12,12
16289,16289,13,23
16290,16290,13,17
16291,16291,13,5
16292,16292,13,17
16293,16293,14,14
16294,16294,14,9
16295,16295,14,8
16296,16296,14,25
16297,16297,15,24
16298,16298,15,15
16299,16299,15,11
16300,16300,15,32
16301,16301,16,16
16302,16302,16,25
16303,16303,16,7
16304,16304,16,13
16305,16305,17,33
16306,16306,17,10
16307,16307,17,10
16308,16308,17,19
16309,16309,18,18
16310,16310,18,21
16311,16311,18,15
16312,16312,18,29
16313,16313,19,24
16314,16314,19,15
16315,16315,19,18
16316,16316,19,12
16317,16317,20,25
16318,16318,20,16
16319,16319,20,27
16320,16320,20,12
16321,16321,21,16
16322,16322,21,21
16323,16323,21,13
16324,16324,21,43
16325,16325,22,10
16326,16326,22,13
16327,16327,22,12
16328,16328,22,39
16329,16329,23,20
16330,16330,23,22
16331,16331,23,8
16332,16332,23,24
16333,16333,24,14
16334,16334,24,18
16335,16335,24,9
16336,16336,24,18
16337,16337,25,28
16338,16338,25,13
16339,16339,25,24
16340,16340,25,13
16341,16341,26,26
16342,16342,26,8
16343,16343,26,15
16344,16344,26,24
16345,16345,27,26
16346,16346,27,11
16347,16347,27,14
16348,16348,27,17
16349,16349,28,30
16350,16350,28,10
16351,16351,28,4
16352,16352,28,42
16353,16353,29,21
16354,16354,29,25
16355,16355,29,13
16356,16356,29,9
16357,16357,30,17
16358,16358,30,27
16359,16359,30,11
16360,16360,30,20
16361,16361,31,38
16362,16362,31,11
16363,16363,31,7
16364,16364,31,30
16365,16365,32,23
16366,16366,32,22
16367,16367,32,23
16368,16368,32,8
16369,16369,33,15
16370,16370,33,20
16371,16371,33,13
16372,16372,33,26
16373,16373,34,24
16374,16374,34,17
16375,16375,34,15
16376,16376,34,16
16377,16377,35,14
16378,16378,35,11
16379,16379,35,14
16380,16380,35,29
16381,16381,1,29
16382,16382,1,15
16383,16383,1,19
16384,16384,1,18
16385,16385,2,28
16386,16386,2,27
16387,16387,2,15
16388,16388,2,15
16389,16389,3,28
16390,16390,3,16
16391,16391,3,9
16392,16392,3,16
16393,16393,4,32
16394,16394,4,16
16395,16395,4,11
16396,16396,4,15
16397,16397,5,22
16398,16398,5,15
16399,16399,5,24
16400,16400,5,21
16401,16401,6,20
16402,16402,6,6
16403,16403,6,16
16404,16404,6,16
16405,16405,7,15
16406,16406,7,29
16407,16407,7,5
16408,16408,7,19
16409,16409,8,26
16410,16410,8,22
16411,16411,8,15
16412,16412,8,16
16413,16413,9,29
16414,16414,9,18
16415,16415,9,16
16416,16416,9,16
16417,16417,10,42
16418,16418,10,22
16419,16419,10,10
16420,16420,10,13
16421,16421,11,24
16422,16422,11,22
16423,16423,11,9
16424,16424,11,16
16425,16425,12,16
16426,16426,12,23
16427,16427,12,28
16428,16428,12,20
16429,16429,13,27
16430,16430,13,4
16431,16431,13,19
16432,16432,13,30
16433,16433,14,29
16434,16434,14,25
16435,16435,14,12
16436,16436,14,11
16437,16437,15,17
16438,16438,15,15
16439,16439,15,15
16440,16440,15,25
16441,16441,16,26
16442,16442,16,25
16443,16443,16,21
16444,16444,16,11
16445,16445,17,32
16446,16446,17,38
16447,16447,17,10
16448,16448,17,12
16449,16449,18,18
16450,16450,18,20
16451,16451,18,15
16452,16452,18,27
16453,16453,19,24
16454,16454,19,20
16455,16455,19,7
16456,16456,19,17
16457,16457,20,11
16458,16458,20,10
16459,16459,20,20
16460,16460,20,22
16461,16461,21,25
16462,16462,21,11
16463,16463,21,11
16464,16464,21,23
16465,16465,22,34
16466,16466,22,16
16467,16467,22,7
16468,16468,22,20
16469,16469,23,19
16470,16470,23,12
16471,16471,23,9
16472,16472,23,23
16473,16473,24,21
16474,16474,24,13
16475,16475,24,21
16476,16476,24,24
16477,16477,25,42
16478,16478,25,13
16479,16479,25,4
16480,16480,25,23
16481,16481,26,23
16482,16482,26,16
16483,16483,26,8
16484,16484,26,24
16485,16485,27,34
16486,16486,27,21
16487,16487,27,8
16488,16488,27,21
16489,16489,28,26
16490,16490,28,12
16491,16491,28,17
16492,16492,28,34
16493,16493,29,21
16494,16494,29,21
16495,16495,29,25
16496,16496,29,29
16497,16497,30,18
16498,16498,30,14
16499,16499,30,23
16500,16500,30,37
16501,16501,31,22
16502,16502,31,9
16503,16503,31,16
16504,16504,31,20
16505,16505,32,17
16506,16506,32,33
16507,16507,32,11
16508,16508,32,23
16509,16509,33,15
16510,16510,33,22
16511,16511,33,23
16512,16512,33,24
16513,16513,34,32
16514,16514,34,15
16515,16515,34,11
16516,16516,34,18
16517,16517,35,30
16518,16518,35,7
16519,16519,35,25
16520,16520,35,19
16521,16521,1,22
16522,16522,1,10
16523,16523,1,22
16524,16524,1,31
16525,16525,2,25
16526,16526,2,18
16527,16527,2,13
16528,16528,2,24
16529,16529,3,27
16530,16530,3,24
16531,16531,3,10
16532,16532,3,16
16533,16533,4,21
16534,16534,4,20
16535,16535,4,17
16536,16536,4,23
16537,16537,5,27
16538,16538,5,17
16539,16539,5,17
16540,16540,5,18
16541,16541,6,25
16542,16542,6,20
16543,16543,6,14
16544,16544,6,13
16545,16545,7,23
16546,16546,7,21
16547,16547,7,20
16548,16548,7,17
16549,16549,8,34
16550,16550,8,33
16551,16551,8,13
16552,16552,8,15
16553,16553,9,29
16554,16554,9,16
16555,16555,9,37
16556,16556,9,16
16557,16557,10,29
16558,16558,10,24
16559,16559,10,16
16560,16560,10,16
16561,16561,11,46
16562,16562,11,14
16563,16563,11,19
16564,16564,11,26
16565,16565,12,18
16566,16566,12,27
16567,16567,12,9
16568,16568,12,13
16569,16569,13,26
16570,16570,13,12
16571,16571,13,15
16572,16572,13,37
16573,16573,14,25
16574,16574,14,10
16575,16575,14,17
16576,16576,14,32
16577,16577,15,23
16578,16578,15,20
16579,16579,15,25
16580,16580,15,17
16581,16581,16,30
16582,16582,16,29
16583,16583,16,16
16584,16584,16,38
16585,16585,17,31
16586,16586,17,31
16587,16587,17,20
16588,16588,17,20
16589,16589,18,17
16590,16590,18,28
16591,16591,18,23
16592,16592,18,16
16593,16593,19,18
16594,16594,19,33
16595,16595,19,13
16596,16596,19,20
16597,16597,20,29
16598,16598,20,14
16599,16599,20,17
16600,16600,20,37
16601,16601,21,26
16602,16602,21,16
16603,16603,21,8
16604,16604,21,17
16605,16605,22,28
16606,16606,22,33
16607,16607,22,10
16608,16608,22,35
16609,16609,23,19
16610,16610,23,43
16611,16611,23,17
16612,16612,23,30
16613,16613,24,38
16614,16614,24,20
16615,16615,24,15
16616,16616,24,18
16617,16617,25,25
16618,16618,25,20
16619,16619,25,18
16620,16620,25,33
16621,16621,26,31
16622,16622,26,20
16623,16623,26,9
16624,16624,26,34
16625,16625,27,36
16626,16626,27,10
16627,16627,27,17
16628,16628,27,25
16629,16629,28,24
16630,16630,28,13
16631,16631,28,21
16632,16632,28,27
16633,16633,29,20
16634,16634,29,33
16635,16635,29,15
16636,16636,29,17
16637,16637,30,18
16638,16638,30,25
16639,16639,30,22
16640,16640,30,18
16641,16641,31,25
16642,16642,31,7
16643,16643,31,18
16644,16644,31,13
16645,16645,32,28
16646,16646,32,36
16647,16647,32,10
16648,16648,32,13
16649,16649,33,34
16650,16650,33,12
16651,16651,33,27
16652,16652,33,19
16653,16653,34,38
16654,16654,34,7
16655,16655,34,13
16656,16656,34,19
16657,16657,35,32
16658,16658,35,27
16659,16659,35,6
16660,16660,35,30
16661,16661,1,28
16662,16662,1,30
16663,16663,1,14
16664,16664,1,28
16665,16665,2,18
16666,16666,2,36
16667,16667,2,8
16668,16668,2,32
16669,16669,3,16
16670,16670,3,25
16671,16671,3,16
16672,16672,3,29
16673,16673,4,23
16674,16674,4,13
16675,16675,4,22
16676,16676,4,34
16677,16677,5,38
16678,16678,5,25
16679,16679,5,13
16680,16680,5,29
16681,16681,6,24
16682,16682,6,9
16683,16683,6,35
16684,16684,6,20
16685,16685,7,34
16686,16686,7,13
16687,16687,7,13
16688,16688,7,24
16689,16689,8,25
16690,16690,8,39
16691,16691,8,16
16692,16692,8,17
16693,16693,9,30
16694,16694,9,30
16695,16695,9,24
16696,16696,9,46
16697,16697,10,38
16698,16698,10,30
16699,16699,10,14
16700,16700,10,23
16701,16701,11,35
16702,16702,11,25
16703,16703,11,26
16704,16704,11,27
16705,16705,12,32
16706,16706,12,16
16707,16707,12,27
16708,16708,12,30
16709,16709,13,15
16710,16710,13,26
16711,16711,13,14
16712,16712,13,23
16713,16713,14,21
16714,16714,14,17
16715,16715,14,15
16716,16716,14,38
16717,16717,15,35
16718,16718,15,8
16719,16719,15,24
16720,16720,15,12
16721,16721,16,33
16722,16722,16,14
16723,16723,16,33
16724,16724,16,17
16725,16725,17,29
16726,16726,17,16
16727,16727,17,14
16728,16728,17,18
16729,16729,18,23
16730,16730,18,29
16731,16731,18,10
16732,16732,18,23
16733,16733,19,33
16734,16734,19,13
16735,16735,19,15
16736,16736,19,19
16737,16737,20,37
16738,16738,20,19
16739,16739,20,15
16740,16740,20,29
16741,16741,21,35
16742,16742,21,16
16743,16743,21,17
16744,16744,21,21
16745,16745,22,48
16746,16746,22,23
16747,16747,22,8
16748,16748,22,23
16749,16749,23,58
16750,16750,23,19
16751,16751,23,12
16752,16752,23,25
16753,16753,24,72
16754,16754,24,16
16755,16755,24,6
16756,16756,24,29
16757,16757,25,21
16758,16758,25,34
16759,16759,25,25
16760,16760,25,24
16761,16761,26,22
16762,16762,26,14
16763,16763,26,20
16764,16764,26,26
16765,16765,27,23
16766,16766,27,19
16767,16767,27,25
16768,16768,27,24
16769,16769,28,29
16770,16770,28,22
16771,16771,28,19
16772,16772,28,21
16773,16773,29,14
16774,16774,29,15
16775,16775,29,15
16776,16776,29,37
16777,16777,30,26
16778,16778,30,27
16779,16779,30,16
16780,16780,30,21
16781,16781,31,35
16782,16782,31,27
16783,16783,31,25
16784,16784,31,18
16785,16785,32,27
16786,16786,32,18
16787,16787,32,24
16788,16788,32,11
16789,16789,33,24
16790,16790,33,20
16791,16791,33,12
16792,16792,33,19
16793,16793,34,25
16794,16794,34,15
16795,16795,34,25
16796,16796,34,42
16797,16797,35,31
16798,16798,35,29
16799,16799,35,18
16800,16800,35,22
16801,16801,1,34
16802,16802,1,34
16803,16803,1,24
16804,16804,1,34
16805,16805,2,38
16806,16806,2,30
16807,16807,2,31
16808,16808,2,15
16809,16809,3,27
16810,16810,3,27
16811,16811,3,26
16812,16812,3,29
16813,16813,4,21
16814,16814,4,23
16815,16815,4,18
16816,16816,4,28
16817,16817,5,33
16818,16818,5,12
16819,16819,5,22
16820,16820,5,35
16821,16821,6,17
16822,16822,6,27
16823,16823,6,13
16824,16824,6,23
16825,16825,7,34
16826,16826,7,24
16827,16827,7,11
16828,16828,7,29
16829,16829,8,24
16830,16830,8,13
16831,16831,8,25
16832,16832,8,33
16833,16833,9,40
16834,16834,9,18
16835,16835,9,12
16836,16836,9,34
16837,16837,10,32
16838,16838,10,19
16839,16839,10,19
16840,16840,10,29
16841,16841,11,17
16842,16842,11,36
16843,16843,11,22
16844,16844,11,13
16845,16845,12,28
16846,16846,12,9
16847,16847,12,11
16848,16848,12,40
16849,16849,13,29
16850,16850,13,50
16851,16851,13,23
16852,16852,13,39
16853,16853,14,31
16854,16854,14,38
16855,16855,14,17
16856,16856,14,10
16857,16857,15,30
16858,16858,15,20
16859,16859,15,23
16860,16860,15,41
16861,16861,16,15
16862,16862,16,35
16863,16863,16,13
16864,16864,16,32
16865,16865,17,62
16866,16866,17,19
16867,16867,17,24
16868,16868,17,24
16869,16869,18,29
16870,16870,18,31
16871,16871,18,18
16872,16872,18,29
16873,16873,19,51
16874,16874,19,18
16875,16875,19,30
16876,16876,19,19
16877,16877,20,28
16878,16878,20,29
16879,16879,20,22
16880,16880,20,24
16881,16881,21,58
16882,16882,21,30
16883,16883,21,24
16884,16884,21,18
16885,16885,22,45
16886,16886,22,28
16887,16887,22,20
16888,16888,22,16
16889,16889,23,41
16890,16890,23,21
16891,16891,23,21
16892,16892,23,23
16893,16893,24,40
16894,16894,24,22
16895,16895,24,22
16896,16896,24,28
16897,16897,25,38
16898,16898,25,26
16899,16899,25,22
16900,16900,25,41
16901,16901,26,37
16902,16902,26,12
16903,16903,26,18
16904,16904,26,30
16905,16905,27,9
16906,16906,27,34
16907,16907,27,20
16908,16908,27,41
16909,16909,28,31
16910,16910,28,28
16911,16911,28,21
16912,16912,28,26
16913,16913,29,32
16914,16914,29,24
16915,16915,29,21
16916,16916,29,36
16917,16917,30,18
16918,16918,30,13
16919,16919,30,33
16920,16920,30,32
16921,16921,31,42
16922,16922,31,7
16923,16923,31,29
16924,16924,31,18
16925,16925,32,46
16926,16926,32,24
16927,16927,32,20
16928,16928,32,19
16929,16929,33,48
16930,16930,33,15
16931,16931,33,27
16932,16932,33,26
16933,16933,34,26
16934,16934,34,33
16935,16935,34,23
16936,16936,34,30
16937,16937,35,29
16938,16938,35,26
16939,16939,35,19
16940,16940,35,31
16941,16941,1,38
16942,16942,1,30
16943,16943,1,16
16944,16944,1,16
16945,16945,2,19
16946,16946,2,22
16947,16947,2,8
16948,16948,2,59
16949,16949,3,40
16950,16950,3,10
16951,16951,3,22
16952,16952,3,25
16953,16953,4,32
16954,16954,4,25
16955,16955,4,29
16956,16956,4,24
16957,16957,5,24
16958,16958,5,19
16959,16959,5,28
16960,16960,5,51
16961,16961,6,22
16962,16962,6,29
16963,16963,6,24
16964,16964,6,24
16965,16965,7,20
16966,16966,7,24
16967,16967,7,24
16968,16968,7,23
16969,16969,8,28
16970,16970,8,26
16971,16971,8,24
16972,16972,8,29
16973,16973,9,36
16974,16974,9,15
16975,16975,9,18
16976,16976,9,30
16977,16977,10,47
16978,16978,10,20
16979,16979,10,14
16980,16980,10,31
16981,16981,11,33
16982,16982,11,18
16983,16983,11,18
16984,16984,11,21
16985,16985,12,30
16986,16986,12,26
16987,16987,12,14
16988,16988,12,29
16989,16989,13,29
16990,16990,13,30
16991,16991,13,17
16992,16992,13,36
16993,16993,14,41
16994,16994,14,17
16995,16995,14,21
16996,16996,14,30
16997,16997,15,39
16998,16998,15,26
16999,16999,15,32
17000,17000,15,22
17001,17001,16,49
17002,17002,16,21
17003,17003,16,11
17004,17004,16,15
17005,17005,17,45
17006,17006,17,12
17007,17007,17,14
17008,17008,17,23
17009,17009,18,30
17010,17010,18,28
17011,17011,18,29
17012,17012,18,23
17013,17013,19,29
17014,17014,19,34
17015,17015,19,18
17016,17016,19,23
17017,17017,20,48
17018,17018,20,16
17019,17019,20,18
17020,17020,20,29
17021,17021,21,41
17022,17022,21,21
17023,17023,21,18
17024,17024,21,28
17025,17025,22,44
17026,17026,22,17
17027,17027,22,23
17028,17028,22,20
17029,17029,23,18
17030,17030,23,23
17031,17031,23,16
17032,17032,23,41
17033,17033,24,43
17034,17034,24,26
17035,17035,24,28
17036,17036,24,39
17037,17037,25,23
17038,17038,25,25
17039,17039,25,19
17040,17040,25,18
17041,17041,26,30
17042,17042,26,21
17043,17043,26,23
17044,17044,26,45
17045,17045,27,35
17046,17046,27,26
17047,17047,27,19
17048,17048,27,30
17049,17049,28,27
17050,17050,28,42
17051,17051,28,21
17052,17052,28,36
17053,17053,29,47
17054,17054,29,22
17055,17055,29,11
17056,17056,29,30
17057,17057,30,25
17058,17058,30,60
17059,17059,30,25
17060,17060,30,19
17061,17061,31,35
17062,17062,31,24
17063,17063,31,19
17064,17064,31,25
17065,17065,32,55
17066,17066,32,13
17067,17067,32,19
17068,17068,32,23
17069,17069,33,25
17070,17070,33,8
17071,17071,33,12
17072,17072,33,35
17073,17073,34,28
17074,17074,34,26
17075,17075,34,29
17076,17076,34,53
17077,17077,35,34
17078,17078,35,34
17079,17079,35,27
17080,17080,35,24
17081,17081,1,29
17082,17082,1,23
17083,17083,1,15
17084,17084,1,27
17085,17085,2,27
17086,17086,2,18
17087,17087,2,18
17088,17088,2,31
17089,17089,3,51
17090,17090,3,20
17091,17091,3,10
17092,17092,3,27
17093,17093,4,28
17094,17094,4,19
17095,17095,4,20
17096,17096,4,28
17097,17097,5,28
17098,17098,5,26
17099,17099,5,22
17100,17100,5,18
17101,17101,6,22
17102,17102,6,17
17103,17103,6,28
17104,17104,6,23
17105,17105,7,30
17106,17106,7,18
17107,17107,7,14
17108,17108,7,25
17109,17109,8,34
17110,17110,8,14
17111,17111,8,16
17112,17112,8,21
17113,17113,9,28
17114,17114,9,13
17115,17115,9,26
17116,17116,9,21
17117,17117,10,42
17118,17118,10,11
17119,17119,10,15
17120,17120,10,22
17121,17121,11,36
17122,17122,11,10
17123,17123,11,19
17124,17124,11,27
17125,17125,12,29
17126,17126,12,20
17127,17127,12,20
17128,17128,12,39
17129,17129,13,24
17130,17130,13,20
17131,17131,13,16
17132,17132,13,37
17133,17133,14,29
17134,17134,14,32
17135,17135,14,11
17136,17136,14,15
17137,17137,15,33
17138,17138,15,16
17139,17139,15,14
17140,17140,15,30
17141,17141,16,18
17142,17142,16,23
17143,17143,16,21
17144,17144,16,14
17145,17145,17,32
17146,17146,17,20
17147,17147,17,19
17148,17148,17,24
17149,17149,18,50
17150,17150,18,10
17151,17151,18,12
17152,17152,18,49
17153,17153,19,33
17154,17154,19,15
17155,17155,19,20
17156,17156,19,18
17157,17157,20,22
17158,17158,20,20
17159,17159,20,12
17160,17160,20,33
17161,17161,21,18
17162,17162,21,28
17163,17163,21,10
17164,17164,21,48
17165,17165,22,35
17166,17166,22,19
17167,17167,22,39
17168,17168,22,24
17169,17169,23,39
17170,17170,23,21
17171,17171,23,17
17172,17172,23,28
17173,17173,24,27
17174,17174,24,19
17175,17175,24,13
17176,17176,24,20
17177,17177,25,21
17178,17178,25,25
17179,17179,25,12
17180,17180,25,8
17181,17181,26,27
17182,17182,26,18
17183,17183,26,17
17184,17184,26,18
17185,17185,27,26
17186,17186,27,29
17187,17187,27,23
17188,17188,27,17
17189,17189,28,18
17190,17190,28,17
17191,17191,28,19
17192,17192,28,26
17193,17193,29,31
17194,17194,29,27
17195,17195,29,13
17196,17196,29,27
17197,17197,30,29
17198,17198,30,32
17199,17199,30,19
17200,17200,30,37
17201,17201,31,36
17202,17202,31,14
17203,17203,31,23
17204,17204,31,22
17205,17205,32,20
17206,17206,32,16
17207,17207,32,26
17208,17208,32,18
17209,17209,33,34
17210,17210,33,19
17211,17211,33,16
17212,17212,33,23
17213,17213,34,34
17214,17214,34,22
17215,17215,34,20
17216,17216,34,17
17217,17217,35,30
17218,17218,35,19
17219,17219,35,12
17220,17220,35,19
17221,17221,1,23
17222,17222,1,19
17223,17223,1,8
17224,17224,1,16
17225,17225,2,15
17226,17226,2,34
17227,17227,2,10
17228,17228,2,26
17229,17229,3,17
17230,17230,3,36
17231,17231,3,13
17232,17232,3,21
17233,17233,4,16
17234,17234,4,38
17235,17235,4,12
17236,17236,4,28
17237,17237,5,28
17238,17238,5,9
17239,17239,5,15
17240,17240,5,19
17241,17241,6,14
17242,17242,6,19
17243,17243,6,14
17244,17244,6,25
17245,17245,7,25
17246,17246,7,15
17247,17247,7,9
17248,17248,7,13
17249,17249,8,20
17250,17250,8,14
17251,17251,8,19
17252,17252,8,26
17253,17253,9,16
17254,17254,9,8
17255,17255,9,15
17256,17256,9,35
17257,17257,10,34
17258,17258,10,24
17259,17259,10,10
17260,17260,10,11
17261,17261,11,19
17262,17262,11,9
17263,17263,11,10
17264,17264,11,25
17265,17265,12,35
17266,17266,12,15
17267,17267,12,9
17268,17268,12,16
17269,17269,13,18
17270,17270,13,22
17271,17271,13,12
17272,17272,13,14
17273,17273,14,24
17274,17274,14,7
17275,17275,14,22
17276,17276,14,18
17277,17277,15,19
17278,17278,15,24
17279,17279,15,10
17280,17280,15,17
17281,17281,16,23
17282,17282,16,17
17283,17283,16,17
17284,17284,16,23
17285,17285,17,22
17286,17286,17,21
17287,17287,17,21
17288,17288,17,26
17289,17289,18,24
17290,17290,18,15
17291,17291,18,19
17292,17292,18,15
17293,17293,19,34
17294,17294,19,18
17295,17295,19,11
17296,17296,19,14
17297,17297,20,11
17298,17298,20,23
17299,17299,20,18
17300,17300,20,24
17301,17301,21,24
17302,17302,21,32
17303,17303,21,14
17304,17304,21,5
17305,17305,22,20
17306,17306,22,27
17307,17307,22,12
17308,17308,22,20
17309,17309,23,25
17310,17310,23,15
17311,17311,23,27
17312,17312,23,13
17313,17313,24,16
17314,17314,24,22
17315,17315,24,14
17316,17316,24,15
17317,17317,25,15
17318,17318,25,17
17319,17319,25,18
17320,17320,25,12
17321,17321,26,16
17322,17322,26,15
17323,17323,26,13
17324,17324,26,20
17325,17325,27,28
17326,17326,27,13
17327,17327,27,16
17328,17328,27,17
17329,17329,28,29
17330,17330,28,7
17331,17331,28,17
17332,17332,28,27
17333,17333,29,27
17334,17334,29,9
17335,17335,29,11
17336,17336,29,12
17337,17337,30,27
17338,17338,30,21
17339,17339,30,10
17340,17340,30,29
17341,17341,31,27
17342,17342,31,7
17343,17343,31,17
17344,17344,31,23
17345,17345,32,17
17346,17346,32,15
17347,17347,32,9
17348,17348,32,19
17349,17349,33,20
17350,17350,33,15
17351,17351,33,9
17352,17352,33,23
17353,17353,34,30
17354,17354,34,13
17355,17355,34,4
17356,17356,34,22
17357,17357,35,26
17358,17358,35,24
17359,17359,35,22
17360,17360,35,18
17361,17361,1,34
17362,17362,1,24
17363,17363,1,9
17364,17364,1,20
17365,17365,2,35
17366,17366,2,21
17367,17367,2,11
17368,17368,2,27
17369,17369,3,20
17370,17370,3,20
17371,17371,3,12
17372,17372,3,16
17373,17373,4,23
17374,17374,4,22
17375,17375,4,17
17376,17376,4,16
17377,17377,5,28
17378,17378,5,16
17379,17379,5,20
17380,17380,5,25
17381,17381,6,33
17382,17382,6,11
17383,17383,6,18
17384,17384,6,23
17385,17385,7,15
17386,17386,7,16
17387,17387,7,27
17388,17388,7,24
17389,17389,8,22
17390,17390,8,4
17391,17391,8,28
17392,17392,8,18
17393,17393,9,24
17394,17394,9,20
17395,17395,9,9
17396,17396,9,39
17397,17397,10,25
17398,17398,10,8
17399,17399,10,10
17400,17400,10,23
17401,17401,11,19
17402,17402,11,25
17403,17403,11,17
17404,17404,11,26
17405,17405,12,30
17406,17406,12,7
17407,17407,12,7
17408,17408,12,14
17409,17409,13,27
17410,17410,13,9
17411,17411,13,15
17412,17412,13,15
17413,17413,14,37
17414,17414,14,21
17415,17415,14,7
17416,17416,14,10
17417,17417,15,23
17418,17418,15,20
17419,17419,15,11
17420,17420,15,37
17421,17421,16,20
17422,17422,16,12
17423,17423,16,21
17424,17424,16,26
17425,17425,17,27
17426,17426,17,23
17427,17427,17,8
17428,17428,17,24
17429,17429,18,23
17430,17430,18,41
17431,17431,18,7
17432,17432,18,26
17433,17433,19,39
17434,17434,19,22
17435,17435,19,7
17436,17436,19,18
17437,17437,20,33
17438,17438,20,18
17439,17439,20,13
17440,17440,20,25
17441,17441,21,41
17442,17442,21,20
17443,17443,21,14
17444,17444,21,18
17445,17445,22,28
17446,17446,22,9
17447,17447,22,11
17448,17448,22,21
17449,17449,23,14
17450,17450,23,9
17451,17451,23,11
17452,17452,23,31
17453,17453,24,15
17454,17454,24,20
17455,17455,24,20
17456,17456,24,25
17457,17457,25,22
17458,17458,25,26
17459,17459,25,10
17460,17460,25,28
17461,17461,26,24
17462,17462,26,14
17463,17463,26,16
17464,17464,26,24
17465,17465,27,36
17466,17466,27,16
17467,17467,27,12
17468,17468,27,16
17469,17469,28,41
17470,17470,28,16
17471,17471,28,13
17472,17472,28,16
17473,17473,29,16
17474,17474,29,15
17475,17475,29,17
17476,17476,29,24
17477,17477,30,20
17478,17478,30,35
17479,17479,30,21
17480,17480,30,18
17481,17481,31,31
17482,17482,31,9
17483,17483,31,11
17484,17484,31,16
17485,17485,32,17
17486,17486,32,25
17487,17487,32,20
17488,17488,32,21
17489,17489,33,33
17490,17490,33,24
17491,17491,33,12
17492,17492,33,25
17493,17493,34,5
17494,17494,34,24
17495,17495,34,12
17496,17496,34,26
17497,17497,35,37
17498,17498,35,25
17499,17499,35,10
17500,17500,35,17
17501,17501,1,31
17502,17502,1,20
17503,17503,1,8
17504,17504,1,23
17505,17505,2,21
17506,17506,2,23
17507,17507,2,12
17508,17508,2,21
17509,17509,3,18
17510,17510,3,20
17511,17511,3,19
17512,17512,3,35
17513,17513,4,41
17514,17514,4,11
17515,17515,4,16
17516,17516,4,28
17517,17517,5,22
17518,17518,5,32
17519,17519,5,16
17520,17520,5,19
17521,17521,6,34
17522,17522,6,9
17523,17523,6,15
17524,17524,6,17
17525,17525,7,27
17526,17526,7,9
17527,17527,7,15
17528,17528,7,14
17529,17529,8,25
17530,17530,8,15
17531,17531,8,19
17532,17532,8,45
17533,17533,9,33
17534,17534,9,9
17535,17535,9,18
17536,17536,9,14
17537,17537,10,31
17538,17538,10,17
17539,17539,10,12
17540,17540,10,15
17541,17541,11,24
17542,17542,11,19
17543,17543,11,25
17544,17544,11,38
17545,17545,12,29
17546,17546,12,20
17547,17547,12,9
17548,17548,12,24
17549,17549,13,29
17550,17550,13,19
17551,17551,13,6
17552,17552,13,15
17553,17553,14,15
17554,17554,14,22
17555,17555,14,16
17556,17556,14,36
17557,17557,15,35
17558,17558,15,30
17559,17559,15,14
17560,17560,15,16
17561,17561,16,27
17562,17562,16,17
17563,17563,16,13
17564,17564,16,13
17565,17565,17,33
17566,17566,17,18
17567,17567,17,9
17568,17568,17,28
17569,17569,18,31
17570,17570,18,15
17571,17571,18,13
17572,17572,18,20
17573,17573,19,16
17574,17574,19,12
17575,17575,19,26
17576,17576,19,27
17577,17577,20,27
17578,17578,20,9
17579,17579,20,8
17580,17580,20,24
17581,17581,21,41
17582,17582,21,32
17583,17583,21,10
17584,17584,21,20
17585,17585,22,19
17586,17586,22,17
17587,17587,22,15
17588,17588,22,25
17589,17589,23,37
17590,17590,23,10
17591,17591,23,20
17592,17592,23,19
17593,17593,24,33
17594,17594,24,18
17595,17595,24,17
17596,17596,24,17
17597,17597,25,27
17598,17598,25,24
17599,17599,25,20
17600,17600,25,27
17601,17601,26,31
17602,17602,26,13
17603,17603,26,19
17604,17604,26,21
17605,17605,27,32
17606,17606,27,22
17607,17607,27,19
17608,17608,27,27
17609,17609,28,30
17610,17610,28,9
17611,17611,28,17
17612,17612,28,22
17613,17613,29,31
17614,17614,29,17
17615,17615,29,18
17616,17616,29,21
17617,17617,30,36
17618,17618,30,15
17619,17619,30,9
17620,17620,30,25
17621,17621,31,26
17622,17622,31,15
17623,17623,31,10
17624,17624,31,22
17625,17625,32,22
17626,17626,32,23
17627,17627,32,8
17628,17628,32,25
17629,17629,33,29
17630,17630,33,32
17631,17631,33,10
17632,17632,33,21
17633,17633,34,31
17634,17634,34,14
17635,17635,34,17
17636,17636,34,25
17637,17637,35,17
17638,17638,35,23
17639,17639,35,25
17640,17640,35,29
17641,17641,1,22
17642,17642,1,28
17643,17643,1,6
17644,17644,1,36
17645,17645,2,25
17646,17646,2,14
17647,17647,2,11
17648,17648,2,31
17649,17649,3,25
17650,17650,3,30
17651,17651,3,30
17652,17652,3,25
17653,17653,4,40
17654,17654,4,10
17655,17655,4,33
17656,17656,4,26
17657,17657,5,19
17658,17658,5,19
17659,17659,5,30
17660,17660,5,28
17661,17661,6,31
17662,17662,6,31
17663,17663,6,12
17664,17664,6,36
17665,17665,7,41
17666,17666,7,14
17667,17667,7,13
17668,17668,7,31
17669,17669,8,34
17670,17670,8,9
17671,17671,8,20
17672,17672,8,25
17673,17673,9,44
17674,17674,9,18
17675,17675,9,18
17676,17676,9,19
17677,17677,10,31
17678,17678,10,16
17679,17679,10,25
17680,17680,10,23
17681,17681,11,19
17682,17682,11,13
17683,17683,11,22
17684,17684,11,30
17685,17685,12,21
17686,17686,12,24
17687,17687,12,9
17688,17688,12,40
17689,17689,13,41
17690,17690,13,17
17691,17691,13,12
17692,17692,13,14
17693,17693,14,22
17694,17694,14,13
17695,17695,14,9
17696,17696,14,41
17697,17697,15,31
17698,17698,15,27
17699,17699,15,20
17700,17700,15,23
17701,17701,16,37
17702,17702,16,22
17703,17703,16,25
17704,17704,16,12
17705,17705,17,24
17706,17706,17,27
17707,17707,17,18
17708,17708,17,36
17709,17709,18,32
17710,17710,18,29
17711,17711,18,10
17712,17712,18,12
17713,17713,19,31
17714,17714,19,7
17715,17715,19,7
17716,17716,19,58
17717,17717,20,36
17718,17718,20,22
17719,17719,20,18
17720,17720,20,20
17721,17721,21,37
17722,17722,21,15
17723,17723,21,18
17724,17724,21,17
17725,17725,22,22
17726,17726,22,20
17727,17727,22,20
17728,17728,22,20
17729,17729,23,24
17730,17730,23,37
17731,17731,23,12
17732,17732,23,22
17733,17733,24,37
17734,17734,24,15
17735,17735,24,6
17736,17736,24,20
17737,17737,25,17
17738,17738,25,30
17739,17739,25,24
17740,17740,25,39
17741,17741,26,33
17742,17742,26,26
17743,17743,26,20
17744,17744,26,18
17745,17745,27,15
17746,17746,27,15
17747,17747,27,28
17748,17748,27,45
17749,17749,28,35
17750,17750,28,19
17751,17751,28,31
17752,17752,28,26
17753,17753,29,29
17754,17754,29,21
17755,17755,29,13
17756,17756,29,43
17757,17757,30,17
17758,17758,30,18
17759,17759,30,16
17760,17760,30,17
17761,17761,31,18
17762,17762,31,21
17763,17763,31,21
17764,17764,31,19
17765,17765,32,32
17766,17766,32,11
17767,17767,32,22
17768,17768,32,15
17769,17769,33,25
17770,17770,33,13
17771,17771,33,11
17772,17772,33,37
17773,17773,34,18
17774,17774,34,29
17775,17775,34,19
17776,17776,34,22
17777,17777,35,27
17778,17778,35,16
17779,17779,35,27
17780,17780,35,53
17781,17781,1,29
17782,17782,1,17
17783,17783,1,28
17784,17784,1,26
17785,17785,2,43
17786,17786,2,8
17787,17787,2,21
17788,17788,2,26
17789,17789,3,56
17790,17790,3,26
17791,17791,3,13
17792,17792,3,24
17793,17793,4,24
17794,17794,4,44
17795,17795,4,18
17796,17796,4,43
17797,17797,5,18
17798,17798,5,26
17799,17799,5,31
17800,17800,5,44
17801,17801,6,22
17802,17802,6,29
17803,17803,6,12
17804,17804,6,34
17805,17805,7,35
17806,17806,7,25
17807,17807,7,34
17808,17808,7,34
17809,17809,8,18
17810,17810,8,27
17811,17811,8,14
17812,17812,8,25
17813,17813,9,39
17814,17814,9,24
17815,17815,9,34
17816,17816,9,36
17817,17817,10,47
17818,17818,10,19
17819,17819,10,23
17820,17820,10,22
17821,17821,11,48
17822,17822,11,14
17823,17823,11,22
17824,17824,11,12
17825,17825,12,24
17826,17826,12,28
17827,17827,12,39
17828,17828,12,16
17829,17829,13,39
17830,17830,13,18
17831,17831,13,28
17832,17832,13,26
17833,17833,14,33
17834,17834,14,17
17835,17835,14,16
17836,17836,14,56
17837,17837,15,33
17838,17838,15,40
17839,17839,15,14
17840,17840,15,30
17841,17841,16,26
17842,17842,16,43
17843,17843,16,28
17844,17844,16,12
17845,17845,17,32
17846,17846,17,28
17847,17847,17,7
17848,17848,17,18
17849,17849,18,35
17850,17850,18,24
17851,17851,18,20
17852,17852,18,15
17853,17853,19,28
17854,17854,19,30
17855,17855,19,30
17856,17856,19,19
17857,17857,20,31
17858,17858,20,27
17859,17859,20,16
17860,17860,20,29
17861,17861,21,26
17862,17862,21,22
17863,17863,21,16
17864,17864,21,32
17865,17865,22,24
17866,17866,22,28
17867,17867,22,12
17868,17868,22,18
17869,17869,23,17
17870,17870,23,30
17871,17871,23,17
17872,17872,23,24
17873,17873,24,41
17874,17874,24,28
17875,17875,24,8
17876,17876,24,30
17877,17877,25,29
17878,17878,25,15
17879,17879,25,20
17880,17880,25,40
17881,17881,26,29
17882,17882,26,21
17883,17883,26,21
17884,17884,26,30
17885,17885,27,24
17886,17886,27,12
17887,17887,27,26
17888,17888,27,43
17889,17889,28,15
17890,17890,28,36
17891,17891,28,18
17892,17892,28,31
17893,17893,29,41
17894,17894,29,25
17895,17895,29,21
17896,17896,29,22
17897,17897,30,21
17898,17898,30,34
17899,17899,30,25
17900,17900,30,26
17901,17901,31,27
17902,17902,31,18
17903,17903,31,15
17904,17904,31,47
17905,17905,32,35
17906,17906,32,19
17907,17907,32,27
17908,17908,32,19
17909,17909,33,51
17910,17910,33,26
17911,17911,33,25
17912,17912,33,17
17913,17913,34,36
17914,17914,34,18
17915,17915,34,10
17916,17916,34,34
17917,17917,35,39
17918,17918,35,15
17919,17919,35,11
17920,17920,35,46
17921,17921,1,29
17922,17922,1,29
17923,17923,1,27
17924,17924,1,29
17925,17925,2,37
17926,17926,2,47
17927,17927,2,13
17928,17928,2,26
17929,17929,3,48
17930,17930,3,22
17931,17931,3,21
17932,17932,3,14
17933,17933,4,12
17934,17934,4,23
17935,17935,4,32
17936,17936,4,25
17937,17937,5,11
17938,17938,5,36
17939,17939,5,33
17940,17940,5,29
17941,17941,6,51
17942,17942,6,21
17943,17943,6,4
17944,17944,6,34
17945,17945,7,31
17946,17946,7,18
17947,17947,7,20
17948,17948,7,33
17949,17949,8,21
17950,17950,8,23
17951,17951,8,17
17952,17952,8,19
17953,17953,9,17
17954,17954,9,24
17955,17955,9,24
17956,17956,9,46
17957,17957,10,42
17958,17958,10,28
17959,17959,10,14
17960,17960,10,38
17961,17961,11,34
17962,17962,11,18
17963,17963,11,21
17964,17964,11,35
17965,17965,12,38
17966,17966,12,26
17967,17967,12,24
17968,17968,12,36
17969,17969,13,26
17970,17970,13,15
17971,17971,13,34
17972,17972,13,26
17973,17973,14,18
17974,17974,14,16
17975,17975,14,15
17976,17976,14,35
17977,17977,15,33
17978,17978,15,14
17979,17979,15,19
17980,17980,15,37
17981,17981,16,16
17982,17982,16,33
17983,17983,16,13
17984,17984,16,38
17985,17985,17,58
17986,17986,17,24
17987,17987,17,22
17988,17988,17,50
17989,17989,18,44
17990,17990,18,33
17991,17991,18,31
17992,17992,18,18
17993,17993,19,33
17994,17994,19,22
17995,17995,19,20
17996,17996,19,32
17997,17997,20,28
17998,17998,20,23
17999,17999,20,12
18000,18000,20,31
18001,18001,21,39
18002,18002,21,33
18003,18003,21,29
18004,18004,21,10
18005,18005,22,25
18006,18006,22,25
18007,18007,22,18
18008,18008,22,36
18009,18009,23,31
18010,18010,23,36
18011,18011,23,11
18012,18012,23,37
18013,18013,24,18
18014,18014,24,39
18015,18015,24,45
18016,18016,24,19
18017,18017,25,18
18018,18018,25,27
18019,18019,25,21
18020,18020,25,18
18021,18021,26,22
18022,18022,26,34
18023,18023,26,17
18024,18024,26,21
18025,18025,27,21
18026,18026,27,28
18027,18027,27,24
18028,18028,27,39
18029,18029,28,55
18030,18030,28,22
18031,18031,28,25
18032,18032,28,15
18033,18033,29,24
18034,18034,29,19
18035,18035,29,11
18036,18036,29,33
18037,18037,30,41
18038,18038,30,9
18039,18039,30,26
18040,18040,30,27
18041,18041,31,26
18042,18042,31,17
18043,18043,31,14
18044,18044,31,48
18045,18045,32,50
18046,18046,32,21
18047,18047,32,14
18048,18048,32,21
18049,18049,33,53
18050,18050,33,12
18051,18051,33,33
18052,18052,33,25
18053,18053,34,29
18054,18054,34,26
18055,18055,34,15
18056,18056,34,33
18057,18057,35,38
18058,18058,35,13
18059,18059,35,25
18060,18060,35,25
18061,18061,1,33
18062,18062,1,27
18063,18063,1,17
18064,18064,1,15
18065,18065,2,29
18066,18066,2,18
18067,18067,2,22
18068,18068,2,28
18069,18069,3,26
18070,18070,3,17
18071,18071,3,11
18072,18072,3,32
18073,18073,4,31
18074,18074,4,10
18075,18075,4,40
18076,18076,4,11
18077,18077,5,31
18078,18078,5,14
18079,18079,5,7
18080,18080,5,38
18081,18081,6,42
18082,18082,6,14
18083,18083,6,9
18084,18084,6,19
18085,18085,7,16
18086,18086,7,18
18087,18087,7,17
18088,18088,7,24
18089,18089,8,25
18090,18090,8,22
18091,18091,8,10
18092,18092,8,56
18093,18093,9,32
18094,18094,9,30
18095,18095,9,13
18096,18096,9,9
18097,18097,10,45
18098,18098,10,24
18099,18099,10,16
18100,18100,10,23
18101,18101,11,20
18102,18102,11,14
18103,18103,11,25
18104,18104,11,31
18105,18105,12,27
18106,18106,12,18
18107,18107,12,14
18108,18108,12,39
18109,18109,13,20
18110,18110,13,22
18111,18111,13,14
18112,18112,13,31
18113,18113,14,32
18114,18114,14,19
18115,18115,14,20
18116,18116,14,17
18117,18117,15,22
18118,18118,15,23
18119,18119,15,14
18120,18120,15,22
18121,18121,16,36
18122,18122,16,30
18123,18123,16,15
18124,18124,16,36
18125,18125,17,18
18126,18126,17,25
18127,18127,17,10
18128,18128,17,20
18129,18129,18,23
18130,18130,18,37
18131,18131,18,12
18132,18132,18,26
18133,18133,19,54
18134,18134,19,15
18135,18135,19,14
18136,18136,19,19
18137,18137,20,32
18138,18138,20,14
18139,18139,20,11
18140,18140,20,32
18141,18141,21,14
18142,18142,21,19
18143,18143,21,23
18144,18144,21,8
18145,18145,22,31
18146,18146,22,13
18147,18147,22,14
18148,18148,22,27
18149,18149,23,24
18150,18150,23,17
18151,18151,23,17
18152,18152,23,27
18153,18153,24,17
18154,18154,24,38
18155,18155,24,18
18156,18156,24,25
18157,18157,25,54
18158,18158,25,22
18159,18159,25,20
18160,18160,25,13
18161,18161,26,39
18162,18162,26,9
18163,18163,26,13
18164,18164,26,42
18165,18165,27,30
18166,18166,27,15
18167,18167,27,8
18168,18168,27,31
18169,18169,28,33
18170,18170,28,15
18171,18171,28,20
18172,18172,28,27
18173,18173,29,20
18174,18174,29,12
18175,18175,29,11
18176,18176,29,43
18177,18177,30,27
18178,18178,30,22
18179,18179,30,32
18180,18180,30,28
18181,18181,31,25
18182,18182,31,12
18183,18183,31,19
18184,18184,31,34
18185,18185,32,18
18186,18186,32,21
18187,18187,32,13
18188,18188,32,35
18189,18189,33,21
18190,18190,33,24
18191,18191,33,11
18192,18192,33,9
18193,18193,34,30
18194,18194,34,21
18195,18195,34,12
18196,18196,34,10
18197,18197,35,25
18198,18198,35,10
18199,18199,35,32
18200,18200,35,12
18201,18201,1,29
18202,18202,1,19
18203,18203,1,13
18204,18204,1,26
18205,18205,2,42
18206,18206,2,14
18207,18207,2,17
18208,18208,2,23
18209,18209,3,20
18210,18210,3,16
18211,18211,3,13
18212,18212,3,35
18213,18213,4,19
18214,18214,4,27
18215,18215,4,12
18216,18216,4,21
18217,18217,5,26
18218,18218,5,20
18219,18219,5,10
18220,18220,5,9
18221,18221,6,19
18222,18222,6,26
18223,18223,6,15
18224,18224,6,18
18225,18225,7,26
18226,18226,7,25
18227,18227,7,8
18228,18228,7,30
18229,18229,8,12
18230,18230,8,30
18231,18231,8,17
18232,18232,8,16
18233,18233,9,22
18234,18234,9,10
18235,18235,9,10
18236,18236,9,30
18237,18237,10,27
18238,18238,10,19
18239,18239,10,12
18240,18240,10,14
18241,18241,11,21
18242,18242,11,16
18243,18243,11,16
18244,18244,11,22
18245,18245,12,25
18246,18246,12,16
18247,18247,12,13
18248,18248,12,21
18249,18249,13,10
18250,18250,13,13
18251,18251,13,13
18252,18252,13,16
18253,18253,14,20
18254,18254,14,19
18255,18255,14,15
18256,18256,14,11
18257,18257,15,22
18258,18258,15,11
18259,18259,15,8
18260,18260,15,18
18261,18261,16,18
18262,18262,16,24
18263,18263,16,12
18264,18264,16,33
18265,18265,17,22
18266,18266,17,12
18267,18267,17,12
18268,18268,17,22
18269,18269,18,13
18270,18270,18,14
18271,18271,18,11
18272,18272,18,29
18273,18273,19,29
18274,18274,19,10
18275,18275,19,14
18276,18276,19,19
18277,18277,20,8
18278,18278,20,19
18279,18279,20,18
18280,18280,20,17
18281,18281,21,20
18282,18282,21,17
18283,18283,21,8
18284,18284,21,17
18285,18285,22,16
18286,18286,22,14
18287,18287,22,17
18288,18288,22,31
18289,18289,23,17
18290,18290,23,18
18291,18291,23,11
18292,18292,23,19
18293,18293,24,23
18294,18294,24,19
18295,18295,24,7
18296,18296,24,23
18297,18297,25,39
18298,18298,25,14
18299,18299,25,9
18300,18300,25,10
18301,18301,26,19
18302,18302,26,12
18303,18303,26,11
18304,18304,26,11
18305,18305,27,32
18306,18306,27,9
18307,18307,27,15
18308,18308,27,24
18309,18309,28,20
18310,18310,28,11
18311,18311,28,17
18312,18312,28,21
18313,18313,29,23
18314,18314,29,22
18315,18315,29,14
18316,18316,29,18
18317,18317,30,5
18318,18318,30,21
18319,18319,30,22
18320,18320,30,27
18321,18321,31,21
18322,18322,31,22
18323,18323,31,9
18324,18324,31,21
18325,18325,32,30
18326,18326,32,22
18327,18327,32,12
18328,18328,32,21
18329,18329,33,19
18330,18330,33,14
18331,18331,33,14
18332,18332,33,28
18333,18333,34,23
18334,18334,34,32
18335,18335,34,17
18336,18336,34,16
18337,18337,35,30
18338,18338,35,12
18339,18339,35,12
18340,18340,35,32
18341,18341,1,31
18342,18342,1,20
18343,18343,1,24
18344,18344,1,12
18345,18345,2,21
18346,18346,2,15
18347,18347,2,8
18348,18348,2,29
18349,18349,3,23
18350,18350,3,15
18351,18351,3,15
18352,18352,3,25
18353,18353,4,25
18354,18354,4,13
18355,18355,4,12
18356,18356,4,29
18357,18357,5,29
18358,18358,5,32
18359,18359,5,17
18360,18360,5,20
18361,18361,6,18
18362,18362,6,17
18363,18363,6,11
18364,18364,6,27
18365,18365,7,21
18366,18366,7,13
18367,18367,7,10
18368,18368,7,21
18369,18369,8,37
18370,18370,8,9
18371,18371,8,14
18372,18372,8,29
18373,18373,9,22
18374,18374,9,19
18375,18375,9,25
18376,18376,9,13
18377,18377,10,32
18378,18378,10,4
18379,18379,10,19
18380,18380,10,23
18381,18381,11,30
18382,18382,11,38
18383,18383,11,9
18384,18384,11,21
18385,18385,12,21
18386,18386,12,20
18387,18387,12,8
18388,18388,12,32
18389,18389,13,23
18390,18390,13,18
18391,18391,13,14
18392,18392,13,19
18393,18393,14,14
18394,18394,14,11
18395,18395,14,13
18396,18396,14,15
18397,18397,15,13
18398,18398,15,14
18399,18399,15,6
18400,18400,15,34
18401,18401,16,23
18402,18402,16,11
18403,18403,16,9
18404,18404,16,31
18405,18405,17,14
18406,18406,17,15
18407,18407,17,16
18408,18408,17,16
18409,18409,18,32
18410,18410,18,11
18411,18411,18,15
18412,18412,18,28
18413,18413,19,42
18414,18414,19,17
18415,18415,19,19
18416,18416,19,12
18417,18417,20,48
18418,18418,20,21
18419,18419,20,9
18420,18420,20,24
18421,18421,21,25
18422,18422,21,19
18423,18423,21,8
18424,18424,21,15
18425,18425,22,19
18426,18426,22,19
18427,18427,22,10
18428,18428,22,10
18429,18429,23,14
18430,18430,23,18
18431,18431,23,18
18432,18432,23,18
18433,18433,24,15
18434,18434,24,30
18435,18435,24,28
18436,18436,24,14
18437,18437,25,27
18438,18438,25,11
18439,18439,25,9
18440,18440,25,22
18441,18441,26,20
18442,18442,26,19
18443,18443,26,11
18444,18444,26,42
18445,18445,27,25
18446,18446,27,11
18447,18447,27,23
18448,18448,27,14
18449,18449,28,20
18450,18450,28,16
18451,18451,28,9
18452,18452,28,33
18453,18453,29,25
18454,18454,29,10
18455,18455,29,9
18456,18456,29,18
18457,18457,30,14
18458,18458,30,34
18459,18459,30,12
18460,18460,30,16
18461,18461,31,30
18462,18462,31,24
18463,18463,31,19
18464,18464,31,14
18465,18465,32,20
18466,18466,32,14
18467,18467,32,13
18468,18468,32,25
18469,18469,33,26
18470,18470,33,19
18471,18471,33,15
18472,18472,33,18
18473,18473,34,18
18474,18474,34,23
18475,18475,34,18
18476,18476,34,11
18477,18477,35,20
18478,18478,35,23
18479,18479,35,17
18480,18480,35,19
18481,18481,1,30
18482,18482,1,19
18483,18483,1,14
18484,18484,1,30
18485,18485,2,35
18486,18486,2,30
18487,18487,2,10
18488,18488,2,17
18489,18489,3,31
18490,18490,3,30
18491,18491,3,7
18492,18492,3,17
18493,18493,4,16
18494,18494,4,21
18495,18495,4,21
18496,18496,4,25
18497,18497,5,32
18498,18498,5,24
18499,18499,5,8
18500,18500,5,20
18501,18501,6,26
18502,18502,6,31
18503,18503,6,10
18504,18504,6,21
18505,18505,7,15
18506,18506,7,14
18507,18507,7,16
18508,18508,7,17
18509,18509,8,18
18510,18510,8,17
18511,18511,8,23
18512,18512,8,19
18513,18513,9,28
18514,18514,9,21
18515,18515,9,13
18516,18516,9,17
18517,18517,10,37
18518,18518,10,15
18519,18519,10,4
18520,18520,10,23
18521,18521,11,14
18522,18522,11,16
18523,18523,11,23
18524,18524,11,20
18525,18525,12,13
18526,18526,12,19
18527,18527,12,29
18528,18528,12,19
18529,18529,13,30
18530,18530,13,17
18531,18531,13,14
18532,18532,13,17
18533,18533,14,44
18534,18534,14,30
18535,18535,14,19
18536,18536,14,18
18537,18537,15,12
18538,18538,15,35
18539,18539,15,18
18540,18540,15,25
18541,18541,16,17
18542,18542,16,19
18543,18543,16,17
18544,18544,16,25
18545,18545,17,27
18546,18546,17,13
18547,18547,17,15
18548,18548,17,41
18549,18549,18,23
18550,18550,18,13
18551,18551,18,11
18552,18552,18,36
18553,18553,19,26
18554,18554,19,12
18555,18555,19,27
18556,18556,19,30
18557,18557,20,16
18558,18558,20,24
18559,18559,20,19
18560,18560,20,18
18561,18561,21,22
18562,18562,21,17
18563,18563,21,10
18564,18564,21,31
18565,18565,22,26
18566,18566,22,20
18567,18567,22,9
18568,18568,22,28
18569,18569,23,25
18570,18570,23,14
18571,18571,23,23
18572,18572,23,20
18573,18573,24,33
18574,18574,24,30
18575,18575,24,16
18576,18576,24,23
18577,18577,25,34
18578,18578,25,27
18579,18579,25,10
18580,18580,25,20
18581,18581,26,19
18582,18582,26,18
18583,18583,26,37
18584,18584,26,16
18585,18585,27,26
18586,18586,27,19
18587,18587,27,11
18588,18588,27,17
18589,18589,28,13
18590,18590,28,23
18591,18591,28,19
18592,18592,28,25
18593,18593,29,43
18594,18594,29,14
18595,18595,29,16
18596,18596,29,26
18597,18597,30,19
18598,18598,30,25
18599,18599,30,24
18600,18600,30,37
18601,18601,31,33
18602,18602,31,15
18603,18603,31,24
18604,18604,31,17
18605,18605,32,40
18606,18606,32,9
18607,18607,32,26
18608,18608,32,13
18609,18609,33,21
18610,18610,33,29
18611,18611,33,13
18612,18612,33,17
18613,18613,34,27
18614,18614,34,14
18615,18615,34,21
18616,18616,34,16
18617,18617,35,23
18618,18618,35,29
18619,18619,35,24
18620,18620,35,20
18621,18621,1,41
18622,18622,1,28
18623,18623,1,13
18624,18624,1,25
18625,18625,2,37
18626,18626,2,22
18627,18627,2,24
18628,18628,2,32
18629,18629,3,29
18630,18630,3,15
18631,18631,3,24
18632,18632,3,10
18633,18633,4,53
18634,18634,4,27
18635,18635,4,13
18636,18636,4,23
18637,18637,5,9
18638,18638,5,11
18639,18639,5,14
18640,18640,5,43
18641,18641,6,28
18642,18642,6,20
18643,18643,6,12
18644,18644,6,17
18645,18645,7,41
18646,18646,7,22
18647,18647,7,10
18648,18648,7,28
18649,18649,8,19
18650,18650,8,21
18651,18651,8,16
18652,18652,8,19
18653,18653,9,14
18654,18654,9,24
18655,18655,9,21
18656,18656,9,21
18657,18657,10,19
18658,18658,10,23
18659,18659,10,21
18660,18660,10,32
18661,18661,11,21
18662,18662,11,39
18663,18663,11,21
18664,18664,11,33
18665,18665,12,31
18666,18666,12,15
18667,18667,12,15
18668,18668,12,43
18669,18669,13,36
18670,18670,13,27
18671,18671,13,16
18672,18672,13,30
18673,18673,14,19
18674,18674,14,21
18675,18675,14,12
18676,18676,14,33
18677,18677,15,17
18678,18678,15,20
18679,18679,15,16
18680,18680,15,38
18681,18681,16,36
18682,18682,16,19
18683,18683,16,15
18684,18684,16,17
18685,18685,17,9
18686,18686,17,20
18687,18687,17,29
18688,18688,17,22
18689,18689,18,32
18690,18690,18,17
18691,18691,18,15
18692,18692,18,13
18693,18693,19,32
18694,18694,19,27
18695,18695,19,20
18696,18696,19,29
18697,18697,20,27
18698,18698,20,15
18699,18699,20,17
18700,18700,20,25
18701,18701,21,35
18702,18702,21,15
18703,18703,21,20
18704,18704,21,20
18705,18705,22,31
18706,18706,22,20
18707,18707,22,17
18708,18708,22,33
18709,18709,23,21
18710,18710,23,23
18711,18711,23,26
18712,18712,23,28
18713,18713,24,34
18714,18714,24,20
18715,18715,24,8
18716,18716,24,19
18717,18717,25,25
18718,18718,25,14
18719,18719,25,14
18720,18720,25,35
18721,18721,26,39
18722,18722,26,9
18723,18723,26,9
18724,18724,26,41
18725,18725,27,35
18726,18726,27,20
18727,18727,27,17
18728,18728,27,27
18729,18729,28,24
18730,18730,28,11
18731,18731,28,12
18732,18732,28,36
18733,18733,29,17
18734,18734,29,14
18735,18735,29,20
18736,18736,29,46
18737,18737,30,22
18738,18738,30,22
18739,18739,30,29
18740,18740,30,20
18741,18741,31,43
18742,18742,31,17
18743,18743,31,17
18744,18744,31,16
18745,18745,32,14
18746,18746,32,20
18747,18747,32,31
18748,18748,32,22
18749,18749,33,35
18750,18750,33,16
18751,18751,33,6
18752,18752,33,40
18753,18753,34,41
18754,18754,34,18
18755,18755,34,18
18756,18756,34,22
18757,18757,35,26
18758,18758,35,17
18759,18759,35,14
18760,18760,35,20
18761,18761,1,28
18762,18762,1,20
18763,18763,1,20
18764,18764,1,14
18765,18765,2,36
18766,18766,2,13
18767,18767,2,22
18768,18768,2,47
18769,18769,3,25
18770,18770,3,19
18771,18771,3,25
18772,18772,3,27
18773,18773,4,30
18774,18774,4,27
18775,18775,4,28
18776,18776,4,20
18777,18777,5,26
18778,18778,5,17
18779,18779,5,23
18780,18780,5,35
18781,18781,6,28
18782,18782,6,16
18783,18783,6,34
18784,18784,6,17
18785,18785,7,40
18786,18786,7,21
18787,18787,7,23
18788,18788,7,38
18789,18789,8,22
18790,18790,8,30
18791,18791,8,13
18792,18792,8,13
18793,18793,9,41
18794,18794,9,13
18795,18795,9,16
18796,18796,9,26
18797,18797,10,29
18798,18798,10,37
18799,18799,10,19
18800,18800,10,23
18801,18801,11,31
18802,18802,11,24
18803,18803,11,20
18804,18804,11,19
18805,18805,12,25
18806,18806,12,13
18807,18807,12,27
18808,18808,12,49
18809,18809,13,30
18810,18810,13,9
18811,18811,13,18
18812,18812,13,30
18813,18813,14,7
18814,18814,14,22
18815,18815,14,21
18816,18816,14,41
18817,18817,15,46
18818,18818,15,25
18819,18819,15,14
18820,18820,15,41
18821,18821,16,29
18822,18822,16,35
18823,18823,16,21
18824,18824,16,17
18825,18825,17,20
18826,18826,17,9
18827,18827,17,31
18828,18828,17,31
18829,18829,18,48
18830,18830,18,22
18831,18831,18,19
18832,18832,18,24
18833,18833,19,40
18834,18834,19,39
18835,18835,19,18
18836,18836,19,14
18837,18837,20,46
18838,18838,20,25
18839,18839,20,32
18840,18840,20,27
18841,18841,21,40
18842,18842,21,14
18843,18843,21,20
18844,18844,21,29
18845,18845,22,29
18846,18846,22,17
18847,18847,22,15
18848,18848,22,32
18849,18849,23,22
18850,18850,23,26
18851,18851,23,18
18852,18852,23,50
18853,18853,24,38
18854,18854,24,15
18855,18855,24,20
18856,18856,24,33
18857,18857,25,34
18858,18858,25,18
18859,18859,25,2
18860,18860,25,43
18861,18861,26,23
18862,18862,26,23
18863,18863,26,11
18864,18864,26,40
18865,18865,27,22
18866,18866,27,25
18867,18867,27,28
18868,18868,27,16
18869,18869,28,38
18870,18870,28,16
18871,18871,28,23
18872,18872,28,23
18873,18873,29,23
18874,18874,29,33
18875,18875,29,14
18876,18876,29,39
18877,18877,30,17
18878,18878,30,17
18879,18879,30,27
18880,18880,30,32
18881,18881,31,22
18882,18882,31,27
18883,18883,31,33
18884,18884,31,15
18885,18885,32,22
18886,18886,32,16
18887,18887,32,28
18888,18888,32,14
18889,18889,33,22
18890,18890,33,21
18891,18891,33,19
18892,18892,33,17
18893,18893,34,23
18894,18894,34,22
18895,18895,34,20
18896,18896,34,43
18897,18897,35,28
18898,18898,35,16
18899,18899,35,8
18900,18900,35,30
18901,18901,1,41
18902,18902,1,18
18903,18903,1,16
18904,18904,1,46
18905,18905,2,28
18906,18906,2,7
18907,18907,2,9
18908,18908,2,44
18909,18909,3,44
18910,18910,3,15
18911,18911,3,20
18912,18912,3,27
18913,18913,4,26
18914,18914,4,23
18915,18915,4,13
18916,18916,4,16
18917,18917,5,38
18918,18918,5,33
18919,18919,5,8
18920,18920,5,36
18921,18921,6,30
18922,18922,6,22
18923,18923,6,27
18924,18924,6,32
18925,18925,7,32
18926,18926,7,25
18927,18927,7,12
18928,18928,7,51
18929,18929,8,38
18930,18930,8,30
18931,18931,8,21
18932,18932,8,17
18933,18933,9,36
18934,18934,9,20
18935,18935,9,38
18936,18936,9,34
18937,18937,10,36
18938,18938,10,20
18939,18939,10,12
18940,18940,10,31
18941,18941,11,30
18942,18942,11,40
18943,18943,11,11
18944,18944,11,47
18945,18945,12,45
18946,18946,12,23
18947,18947,12,13
18948,18948,12,28
18949,18949,13,39
18950,18950,13,21
18951,18951,13,26
18952,18952,13,20
18953,18953,14,20
18954,18954,14,19
18955,18955,14,21
18956,18956,14,42
18957,18957,15,39
18958,18958,15,19
18959,18959,15,21
18960,18960,15,28
18961,18961,16,20
18962,18962,16,13
18963,18963,16,27
18964,18964,16,42
18965,18965,17,20
18966,18966,17,25
18967,18967,17,36
18968,18968,17,39
18969,18969,18,43
18970,18970,18,28
18971,18971,18,24
18972,18972,18,21
18973,18973,19,37
18974,18974,19,8
18975,18975,19,28
18976,18976,19,23
18977,18977,20,52
18978,18978,20,28
18979,18979,20,11
18980,18980,20,8
18981,18981,21,39
18982,18982,21,12
18983,18983,21,20
18984,18984,21,35
18985,18985,22,49
18986,18986,22,18
18987,18987,22,12
18988,18988,22,23
18989,18989,23,33
18990,18990,23,22
18991,18991,23,20
18992,18992,23,26
18993,18993,24,31
18994,18994,24,23
18995,18995,24,26
18996,18996,24,34
18997,18997,25,33
18998,18998,25,20
18999,18999,25,20
19000,19000,25,21
19001,19001,26,19
19002,19002,26,36
19003,19003,26,22
19004,19004,26,26
19005,19005,27,24
19006,19006,27,21
19007,19007,27,18
19008,19008,27,62
19009,19009,28,21
19010,19010,28,29
19011,19011,28,20
19012,19012,28,27
19013,19013,29,16
19014,19014,29,36
19015,19015,29,31
19016,19016,29,26
19017,19017,30,27
19018,19018,30,26
19019,19019,30,27
19020,19020,30,25
19021,19021,31,22
19022,19022,31,20
19023,19023,31,9
19024,19024,31,28
19025,19025,32,26
19026,19026,32,41
19027,19027,32,29
19028,19028,32,17
19029,19029,33,34
19030,19030,33,11
19031,19031,33,12
19032,19032,33,32
19033,19033,34,42
19034,19034,34,48
19035,19035,34,13
19036,19036,34,18
19037,19037,35,49
19038,19038,35,17
19039,19039,35,31
19040,19040,35,27
19041,19041,1,44
19042,19042,1,9
19043,19043,1,17
19044,19044,1,21
19045,19045,2,32
19046,19046,2,21
19047,19047,2,20
19048,19048,2,24
19049,19049,3,5
19050,19050,3,19
19051,19051,3,29
19052,19052,3,25
19053,19053,4,25
19054,19054,4,36
19055,19055,4,28
19056,19056,4,20
19057,19057,5,23
19058,19058,5,23
19059,19059,5,23
19060,19060,5,31
19061,19061,6,16
19062,19062,6,23
19063,19063,6,14
19064,19064,6,30
19065,19065,7,37
19066,19066,7,9
19067,19067,7,13
19068,19068,7,11
19069,19069,8,32
19070,19070,8,22
19071,19071,8,21
19072,19072,8,26
19073,19073,9,10
19074,19074,9,34
19075,19075,9,19
19076,19076,9,24
19077,19077,10,36
19078,19078,10,9
19079,19079,10,20
19080,19080,10,16
19081,19081,11,24
19082,19082,11,22
19083,19083,11,20
19084,19084,11,22
19085,19085,12,18
19086,19086,12,17
19087,19087,12,30
19088,19088,12,23
19089,19089,13,33
19090,19090,13,15
19091,19091,13,17
19092,19092,13,28
19093,19093,14,12
19094,19094,14,33
19095,19095,14,21
19096,19096,14,21
19097,19097,15,25
19098,19098,15,23
19099,19099,15,21
19100,19100,15,31
19101,19101,16,41
19102,19102,16,27
19103,19103,16,16
19104,19104,16,9
19105,19105,17,24
19106,19106,17,14
19107,19107,17,16
19108,19108,17,32
19109,19109,18,19
19110,19110,18,11
19111,19111,18,18
19112,19112,18,33
19113,19113,19,23
19114,19114,19,26
19115,19115,19,27
19116,19116,19,17
19117,19117,20,31
19118,19118,20,16
19119,19119,20,14
19120,19120,20,27
19121,19121,21,41
19122,19122,21,14
19123,19123,21,7
19124,19124,21,18
19125,19125,22,21
19126,19126,22,33
19127,19127,22,14
19128,19128,22,21
19129,19129,23,35
19130,19130,23,9
19131,19131,23,10
19132,19132,23,17
19133,19133,24,33
19134,19134,24,33
19135,19135,24,16
19136,19136,24,32
19137,19137,25,40
19138,19138,25,12
19139,19139,25,12
19140,19140,25,19
19141,19141,26,23
19142,19142,26,12
19143,19143,26,10
19144,19144,26,30
19145,19145,27,37
19146,19146,27,14
19147,19147,27,20
19148,19148,27,23
19149,19149,28,47
19150,19150,28,31
19151,19151,28,13
19152,19152,28,18
19153,19153,29,27
19154,19154,29,5
19155,19155,29,17
19156,19156,29,38
19157,19157,30,24
19158,19158,30,14
19159,19159,30,24
19160,19160,30,21
19161,19161,31,40
19162,19162,31,24
19163,19163,31,14
19164,19164,31,15
19165,19165,32,31
19166,19166,32,15
19167,19167,32,23
19168,19168,32,21
19169,19169,33,16
19170,19170,33,18
19171,19171,33,17
19172,19172,33,32
19173,19173,34,29
19174,19174,34,12
19175,19175,34,18
19176,19176,34,25
19177,19177,35,28
19178,19178,35,16
19179,19179,35,21
19180,19180,35,24
19181,19181,1,27
19182,19182,1,17
19183,19183,1,22
19184,19184,1,10
19185,19185,2,42
19186,19186,2,13
19187,19187,2,16
19188,19188,2,20
19189,19189,3,19
19190,19190,3,9
19191,19191,3,20
19192,19192,3,30
19193,19193,4,21
19194,19194,4,17
19195,19195,4,13
19196,19196,4,19
19197,19197,5,15
19198,19198,5,8
19199,19199,5,8
19200,19200,5,23
19201,19201,6,38
19202,19202,6,10
19203,19203,6,13
19204,19204,6,23
19205,19205,7,42
19206,19206,7,19
19207,19207,7,21
19208,19208,7,10
19209,19209,8,44
19210,19210,8,16
19211,19211,8,8
19212,19212,8,18
19213,19213,9,33
19214,19214,9,18
19215,19215,9,13
19216,19216,9,8
19217,19217,10,19
19218,19218,10,10
19219,19219,10,13
19220,19220,10,16
19221,19221,11,29
19222,19222,11,15
19223,19223,11,19
19224,19224,11,17
19225,19225,12,19
19226,19226,12,24
19227,19227,12,14
19228,19228,12,27
19229,19229,13,26
19230,19230,13,18
19231,19231,13,23
19232,19232,13,15
19233,19233,14,27
19234,19234,14,10
19235,19235,14,11
19236,19236,14,19
19237,19237,15,27
19238,19238,15,12
19239,19239,15,12
19240,19240,15,24
19241,19241,16,34
19242,19242,16,15
19243,19243,16,6
19244,19244,16,25
19245,19245,17,27
19246,19246,17,12
19247,19247,17,7
19248,19248,17,20
19249,19249,18,19
19250,19250,18,8
19251,19251,18,19
19252,19252,18,20
19253,19253,19,19
19254,19254,19,19
19255,19255,19,11
19256,19256,19,26
19257,19257,20,18
19258,19258,20,12
19259,19259,20,15
19260,19260,20,22
19261,19261,21,25
19262,19262,21,16
19263,19263,21,8
19264,19264,21,16
19265,19265,22,15
19266,19266,22,12
19267,19267,22,21
19268,19268,22,19
19269,19269,23,18
19270,19270,23,21
19271,19271,23,8
19272,19272,23,23
19273,19273,24,28
19274,19274,24,20
19275,19275,24,14
19276,19276,24,24
19277,19277,25,35
19278,19278,25,16
19279,19279,25,5
19280,19280,25,20
19281,19281,26,10
19282,19282,26,17
19283,19283,26,14
19284,19284,26,17
19285,19285,27,16
19286,19286,27,19
19287,19287,27,13
19288,19288,27,18
19289,19289,28,21
19290,19290,28,10
19291,19291,28,17
19292,19292,28,23
19293,19293,29,26
19294,19294,29,20
19295,19295,29,6
19296,19296,29,25
19297,19297,30,29
19298,19298,30,10
19299,19299,30,21
19300,19300,30,21
19301,19301,31,13
19302,19302,31,20
19303,19303,31,11
19304,19304,31,17
19305,19305,32,14
19306,19306,32,18
19307,19307,32,9
19308,19308,32,18
19309,19309,33,14
19310,19310,33,17
19311,19311,33,11
19312,19312,33,20
19313,19313,34,28
19314,19314,34,17
19315,19315,34,13
19316,19316,34,16
19317,19317,35,26
19318,19318,35,13
19319,19319,35,14
19320,19320,35,20
19321,19321,1,48
19322,19322,1,17
19323,19323,1,29
19324,19324,1,10
19325,19325,2,34
19326,19326,2,12
19327,19327,2,5
19328,19328,2,29
19329,19329,3,13
19330,19330,3,20
19331,19331,3,29
19332,19332,3,14
19333,19333,4,21
19334,19334,4,30
19335,19335,4,24
19336,19336,4,21
19337,19337,5,17
19338,19338,5,9
19339,19339,5,25
19340,19340,5,20
19341,19341,6,31
19342,19342,6,9
19343,19343,6,12
19344,19344,6,29
19345,19345,7,25
19346,19346,7,18
19347,19347,7,23
19348,19348,7,9
19349,19349,8,26
19350,19350,8,26
19351,19351,8,18
19352,19352,8,32
19353,19353,9,21
19354,19354,9,20
19355,19355,9,15
19356,19356,9,22
19357,19357,10,39
19358,19358,10,11
19359,19359,10,23
19360,19360,10,23
19361,19361,11,15
19362,19362,11,21
19363,19363,11,18
19364,19364,11,11
19365,19365,12,22
19366,19366,12,34
19367,19367,12,12
19368,19368,12,19
19369,19369,13,21
19370,19370,13,15
19371,19371,13,14
19372,19372,13,12
19373,19373,14,29
19374,19374,14,7
19375,19375,14,13
19376,19376,14,36
19377,19377,15,18
19378,19378,15,12
19379,19379,15,7
19380,19380,15,29
19381,19381,16,39
19382,19382,16,26
19383,19383,16,15
19384,19384,16,15
19385,19385,17,20
19386,19386,17,24
19387,19387,17,28
19388,19388,17,12
19389,19389,18,16
19390,19390,18,15
19391,19391,18,19
19392,19392,18,38
19393,19393,19,43
19394,19394,19,16
19395,19395,19,16
19396,19396,19,7
19397,19397,20,27
19398,19398,20,25
19399,19399,20,15
19400,19400,20,18
19401,19401,21,24
19402,19402,21,27
19403,19403,21,11
19404,19404,21,21
19405,19405,22,30
19406,19406,22,11
19407,19407,22,7
19408,19408,22,25
19409,19409,23,40
19410,19410,23,27
19411,19411,23,16
19412,19412,23,24
19413,19413,24,24
19414,19414,24,26
19415,19415,24,18
19416,19416,24,22
19417,19417,25,22
19418,19418,25,20
19419,19419,25,22
19420,19420,25,23
19421,19421,26,26
19422,19422,26,14
19423,19423,26,22
19424,19424,26,41
19425,19425,27,20
19426,19426,27,11
19427,19427,27,22
19428,19428,27,30
19429,19429,28,3
19430,19430,28,34
19431,19431,28,3
19432,19432,28,38
19433,19433,29,40
19434,19434,29,23
19435,19435,29,13
19436,19436,29,21
19437,19437,30,23
19438,19438,30,23
19439,19439,30,20
19440,19440,30,10
19441,19441,31,43
19442,19442,31,14
19443,19443,31,9
19444,19444,31,17
19445,19445,32,25
19446,19446,32,15
19447,19447,32,12
19448,19448,32,28
19449,19449,33,18
19450,19450,33,13
19451,19451,33,8
19452,19452,33,29
19453,19453,34,28
19454,19454,34,33
19455,19455,34,11
19456,19456,34,17
19457,19457,35,19
19458,19458,35,11
19459,19459,35,21
19460,19460,35,25
19461,19461,1,34
19462,19462,1,34
19463,19463,1,22
19464,19464,1,11
19465,19465,2,26
19466,19466,2,22
19467,19467,2,26
19468,19468,2,23
19469,19469,3,20
19470,19470,3,11
19471,19471,3,17
19472,19472,3,28
19473,19473,4,33
19474,19474,4,17
19475,19475,4,22
19476,19476,4,19
19477,19477,5,29
19478,19478,5,27
19479,19479,5,34
19480,19480,5,21
19481,19481,6,38
19482,19482,6,23
19483,19483,6,12
19484,19484,6,23
19485,19485,7,23
19486,19486,7,22
19487,19487,7,30
19488,19488,7,25
19489,19489,8,39
19490,19490,8,13
19491,19491,8,24
19492,19492,8,46
19493,19493,9,34
19494,19494,9,35
19495,19495,9,13
19496,19496,9,28
19497,19497,10,28
19498,19498,10,25
19499,19499,10,18
19500,19500,10,34
19501,19501,11,23
19502,19502,11,39
19503,19503,11,7
19504,19504,11,15
19505,19505,12,26
19506,19506,12,29
19507,19507,12,19
19508,19508,12,12
19509,19509,13,32
19510,19510,13,31
19511,19511,13,21
19512,19512,13,35
19513,19513,14,32
19514,19514,14,28
19515,19515,14,6
19516,19516,14,21
19517,19517,15,33
19518,19518,15,17
19519,19519,15,13
19520,19520,15,30
19521,19521,16,18
19522,19522,16,24
19523,19523,16,12
19524,19524,16,27
19525,19525,17,30
19526,19526,17,10
19527,19527,17,19
19528,19528,17,29
19529,19529,18,39
19530,19530,18,25
19531,19531,18,15
19532,19532,18,24
19533,19533,19,50
19534,19534,19,21
19535,19535,19,17
19536,19536,19,19
19537,19537,20,28
19538,19538,20,14
19539,19539,20,33
19540,19540,20,27
19541,19541,21,18
19542,19542,21,28
19543,19543,21,31
19544,19544,21,22
19545,19545,22,17
19546,19546,22,20
19547,19547,22,17
19548,19548,22,25
19549,19549,23,26
19550,19550,23,21
19551,19551,23,18
19552,19552,23,44
19553,19553,24,25
19554,19554,24,13
19555,19555,24,16
19556,19556,24,29
19557,19557,25,54
19558,19558,25,23
19559,19559,25,16
19560,19560,25,32
19561,19561,26,18
19562,19562,26,37
19563,19563,26,34
19564,19564,26,9
19565,19565,27,7
19566,19566,27,28
19567,19567,27,24
19568,19568,27,25
19569,19569,28,29
19570,19570,28,24
19571,19571,28,22
19572,19572,28,36
19573,19573,29,29
19574,19574,29,23
19575,19575,29,14
19576,19576,29,27
19577,19577,30,35
19578,19578,30,29
19579,19579,30,18
19580,19580,30,44
19581,19581,31,30
19582,19582,31,26
19583,19583,31,13
19584,19584,31,10
19585,19585,32,24
19586,19586,32,21
19587,19587,32,16
19588,19588,32,35
19589,19589,33,31
19590,19590,33,28
19591,19591,33,33
19592,19592,33,9
19593,19593,34,32
19594,19594,34,20
19595,19595,34,30
19596,19596,34,32
19597,19597,35,30
19598,19598,35,32
19599,19599,35,18
19600,19600,35,27
19601,19601,1,29
19602,19602,1,28
19603,19603,1,32
19604,19604,1,34
19605,19605,2,41
19606,19606,2,33
19607,19607,2,9
19608,19608,2,20
19609,19609,3,24
19610,19610,3,37
19611,19611,3,22
19612,19612,3,46
19613,19613,4,46
19614,19614,4,26
19615,19615,4,9
19616,19616,4,33
19617,19617,5,21
19618,19618,5,22
19619,19619,5,14
19620,19620,5,27
19621,19621,6,34
19622,19622,6,13
19623,19623,6,15
19624,19624,6,45
19625,19625,7,44
19626,19626,7,13
19627,19627,7,14
19628,19628,7,23
19629,19629,8,46
19630,19630,8,19
19631,19631,8,10
19632,19632,8,31
19633,19633,9,29
19634,19634,9,15
19635,19635,9,13
19636,19636,9,37
19637,19637,10,42
19638,19638,10,38
19639,19639,10,27
19640,19640,10,33
19641,19641,11,43
19642,19642,11,20
19643,19643,11,19
19644,19644,11,31
19645,19645,12,23
19646,19646,12,25
19647,19647,12,10
19648,19648,12,26
19649,19649,13,37
19650,19650,13,32
19651,19651,13,12
19652,19652,13,40
19653,19653,14,40
19654,19654,14,32
19655,19655,14,30
19656,19656,14,20
19657,19657,15,46
19658,19658,15,31
19659,19659,15,22
19660,19660,15,32
19661,19661,16,20
19662,19662,16,19
19663,19663,16,43
19664,19664,16,43
19665,19665,17,54
19666,19666,17,22
19667,19667,17,18
19668,19668,17,33
19669,19669,18,49
19670,19670,18,18
19671,19671,18,44
19672,19672,18,21
19673,19673,19,43
19674,19674,19,4
19675,19675,19,26
19676,19676,19,48
19677,19677,20,19
19678,19678,20,26
19679,19679,20,30
19680,19680,20,25
19681,19681,21,49
19682,19682,21,26
19683,19683,21,18
19684,19684,21,42
19685,19685,22,40
19686,19686,22,28
19687,19687,22,19
19688,19688,22,25
19689,19689,23,55
19690,19690,23,29
19691,19691,23,26
19692,19692,23,35
19693,19693,24,27
19694,19694,24,29
19695,19695,24,24
19696,19696,24,53
19697,19697,25,24
19698,19698,25,42
19699,19699,25,11
19700,19700,25,42
19701,19701,26,33
19702,19702,26,13
19703,19703,26,24
19704,19704,26,59
19705,19705,27,65
19706,19706,27,16
19707,19707,27,29
19708,19708,27,44
19709,19709,28,46
19710,19710,28,15
19711,19711,28,15
19712,19712,28,38
19713,19713,29,32
19714,19714,29,25
19715,19715,29,25
19716,19716,29,69
19717,19717,30,50
19718,19718,30,15
19719,19719,30,19
19720,19720,30,22
19721,19721,31,35
19722,19722,31,13
19723,19723,31,31
19724,19724,31,41
19725,19725,32,43
19726,19726,32,14
19727,19727,32,33
19728,19728,32,59
19729,19729,33,42
19730,19730,33,20
19731,19731,33,42
19732,19732,33,31
19733,19733,34,13
19734,19734,34,7
19735,19735,34,13
19736,19736,34,54
19737,19737,35,37
19738,19738,35,25
19739,19739,35,11
19740,19740,35,18
19741,19741,1,33
19742,19742,1,21
19743,19743,1,19
19744,19744,1,41
19745,19745,2,66
19746,19746,2,12
19747,19747,2,13
19748,19748,2,34
19749,19749,3,44
19750,19750,3,19
19751,19751,3,32
19752,19752,3,21
19753,19753,4,40
19754,19754,4,19
19755,19755,4,26
19756,19756,4,24
19757,19757,5,30
19758,19758,5,18
19759,19759,5,33
19760,19760,5,35
19761,19761,6,40
19762,19762,6,39
19763,19763,6,18
19764,19764,6,22
19765,19765,7,46
19766,19766,7,37
19767,19767,7,31
19768,19768,7,35
19769,19769,8,51
19770,19770,8,16
19771,19771,8,32
19772,19772,8,47
19773,19773,9,54
19774,19774,9,17
19775,19775,9,20
19776,19776,9,35
19777,19777,10,42
19778,19778,10,30
19779,19779,10,29
19780,19780,10,32
19781,19781,11,64
19782,19782,11,21
19783,19783,11,15
19784,19784,11,26
19785,19785,12,31
19786,19786,12,17
19787,19787,12,21
19788,19788,12,43
19789,19789,13,37
19790,19790,13,27
19791,19791,13,29
19792,19792,13,34
19793,19793,14,62
19794,19794,14,43
19795,19795,14,19
19796,19796,14,35
19797,19797,15,57
19798,19798,15,36
19799,19799,15,47
19800,19800,15,34
19801,19801,16,47
19802,19802,16,41
19803,19803,16,26
19804,19804,16,30
19805,19805,17,28
19806,19806,17,36
19807,19807,17,35
19808,19808,17,18
19809,19809,18,40
19810,19810,18,24
19811,19811,18,26
19812,19812,18,35
19813,19813,19,43
19814,19814,19,24
19815,19815,19,16
19816,19816,19,45
19817,19817,20,25
19818,19818,20,34
19819,19819,20,21
19820,19820,20,18
19821,19821,21,32
19822,19822,21,23
19823,19823,21,25
19824,19824,21,43
19825,19825,22,27
19826,19826,22,30
19827,19827,22,23
19828,19828,22,60
19829,19829,23,31
19830,19830,23,24
19831,19831,23,39
19832,19832,23,41
19833,19833,24,35
19834,19834,24,36
19835,19835,24,22
19836,19836,24,26
19837,19837,25,42
19838,19838,25,10
19839,19839,25,25
19840,19840,25,38
19841,19841,26,44
19842,19842,26,43
19843,19843,26,25
19844,19844,26,23
19845,19845,27,34
19846,19846,27,28
19847,19847,27,26
19848,19848,27,41
19849,19849,28,12
19850,19850,28,35
19851,19851,28,11
19852,19852,28,29
19853,19853,29,26
19854,19854,29,13
19855,19855,29,33
19856,19856,29,61
19857,19857,30,32
19858,19858,30,29
19859,19859,30,9
19860,19860,30,54
19861,19861,31,55
19862,19862,31,13
19863,19863,31,20
19864,19864,31,16
19865,19865,32,50
19866,19866,32,43
19867,19867,32,26
19868,19868,32,44
19869,19869,33,45
19870,19870,33,25
19871,19871,33,20
19872,19872,33,22
19873,19873,34,36
19874,19874,34,27
19875,19875,34,17
19876,19876,34,23
19877,19877,35,38
19878,19878,35,38
19879,19879,35,11
19880,19880,35,60
19881,19881,1,40
19882,19882,1,24
19883,19883,1,24
19884,19884,1,26
19885,19885,2,56
19886,19886,2,19
19887,19887,2,38
19888,19888,2,30
19889,19889,3,39
19890,19890,3,49
19891,19891,3,25
19892,19892,3,19
19893,19893,4,37
19894,19894,4,14
19895,19895,4,26
19896,19896,4,16
19897,19897,5,43
19898,19898,5,32
19899,19899,5,42
19900,19900,5,36
19901,19901,6,41
19902,19902,6,41
19903,19903,6,25
19904,19904,6,23
19905,19905,7,11
19906,19906,7,28
19907,19907,7,31
19908,19908,7,60
19909,19909,8,40
19910,19910,8,45
19911,19911,8,9
19912,19912,8,48
19913,19913,9,16
19914,19914,9,32
19915,19915,9,28
19916,19916,9,32
19917,19917,10,41
19918,19918,10,16
19919,19919,10,24
19920,19920,10,25
19921,19921,11,48
19922,19922,11,20
19923,19923,11,19
19924,19924,11,24
19925,19925,12,36
19926,19926,12,31
19927,19927,12,11
19928,19928,12,30
19929,19929,13,41
19930,19930,13,11
19931,19931,13,53
19932,19932,13,31
19933,19933,14,41
19934,19934,14,28
19935,19935,14,22
19936,19936,14,49
19937,19937,15,42
19938,19938,15,10
19939,19939,15,43
19940,19940,15,27
19941,19941,16,47
19942,19942,16,18
19943,19943,16,20
19944,19944,16,35
19945,19945,17,35
19946,19946,17,36
19947,19947,17,27
19948,19948,17,51
19949,19949,18,49
19950,19950,18,42
19951,19951,18,35
19952,19952,18,37
19953,19953,19,33
19954,19954,19,25
19955,19955,19,27
19956,19956,19,55
19957,19957,20,55
19958,19958,20,16
19959,19959,20,32
19960,19960,20,47
19961,19961,21,37
19962,19962,21,32
19963,19963,21,27
19964,19964,21,43
19965,19965,22,22
19966,19966,22,21
19967,19967,22,12
19968,19968,22,65
19969,19969,23,22
19970,19970,23,27
19971,19971,23,48
19972,19972,23,48
19973,19973,24,46
19974,19974,24,40
19975,19975,24,18
19976,19976,24,30
19977,19977,25,26
19978,19978,25,21
19979,19979,25,17
19980,19980,25,70
19981,19981,26,35
19982,19982,26,36
19983,19983,26,12
19984,19984,26,26
19985,19985,27,59
19986,19986,27,15
19987,19987,27,16
19988,19988,27,32
19989,19989,28,65
19990,19990,28,50
19991,19991,28,15
19992,19992,28,42
19993,19993,29,54
19994,19994,29,37
19995,19995,29,13
19996,19996,29,35
19997,19997,30,43
19998,19998,30,22
19999,19999,30,17
20000,20000,30,38
20001,20001,31,40
20002,20002,31,22
20003,20003,31,31
20004,20004,31,39
20005,20005,32,53
20006,20006,32,28
20007,20007,32,32
20008,20008,32,21
20009,20009,33,43
20010,20010,33,27
20011,20011,33,49
20012,20012,33,32
20013,20013,34,37
20014,20014,34,15
20015,20015,34,21
20016,20016,34,33
20017,20017,35,30
20018,20018,35,60
20019,20019,35,10
20020,20020,35,63
20021,20021,1,36
20022,20022,1,16
20023,20023,1,20
20024,20024,1,23
20025,20025,2,24
20026,20026,2,23
20027,20027,2,10
20028,20028,2,30
20029,20029,3,41
20030,20030,3,22
20031,20031,3,16
20032,20032,3,21
20033,20033,4,25
20034,20034,4,20
20035,20035,4,17
20036,20036,4,26
20037,20037,5,38
20038,20038,5,28
20039,20039,5,19
20040,20040,5,26
20041,20041,6,25
20042,20042,6,22
20043,20043,6,22
20044,20044,6,23
20045,20045,7,40
20046,20046,7,14
20047,20047,7,22
20048,20048,7,43
20049,20049,8,29
20050,20050,8,17
20051,20051,8,14
20052,20052,8,33
20053,20053,9,53
20054,20054,9,34
20055,20055,9,28
20056,20056,9,21
20057,20057,10,41
20058,20058,10,14
20059,20059,10,36
20060,20060,10,26
20061,20061,11,46
20062,20062,11,23
20063,20063,11,18
20064,20064,11,45
20065,20065,12,38
20066,20066,12,10
20067,20067,12,21
20068,20068,12,46
20069,20069,13,20
20070,20070,13,33
20071,20071,13,20
20072,20072,13,30
20073,20073,14,47
20074,20074,14,19
20075,20075,14,4
20076,20076,14,27
20077,20077,15,57
20078,20078,15,19
20079,20079,15,19
20080,20080,15,20
20081,20081,16,50
20082,20082,16,21
20083,20083,16,33
20084,20084,16,28
20085,20085,17,40
20086,20086,17,12
20087,20087,17,18
20088,20088,17,23
20089,20089,18,40
20090,20090,18,29
20091,20091,18,15
20092,20092,18,14
20093,20093,19,32
20094,20094,19,19
20095,20095,19,32
20096,20096,19,42
20097,20097,20,38
20098,20098,20,17
20099,20099,20,18
20100,20100,20,15
20101,20101,21,31
20102,20102,21,22
20103,20103,21,35
20104,20104,21,19
20105,20105,22,28
20106,20106,22,21
20107,20107,22,22
20108,20108,22,31
20109,20109,23,33
20110,20110,23,19
20111,20111,23,20
20112,20112,23,53
20113,20113,24,46
20114,20114,24,18
20115,20115,24,24
20116,20116,24,36
20117,20117,25,28
20118,20118,25,25
20119,20119,25,8
20120,20120,25,28
20121,20121,26,36
20122,20122,26,24
20123,20123,26,28
20124,20124,26,23
20125,20125,27,67
20126,20126,27,19
20127,20127,27,32
20128,20128,27,20
20129,20129,28,16
20130,20130,28,15
20131,20131,28,19
20132,20132,28,41
20133,20133,29,26
20134,20134,29,30
20135,20135,29,18
20136,20136,29,15
20137,20137,30,26
20138,20138,30,49
20139,20139,30,19
20140,20140,30,20
20141,20141,31,25
20142,20142,31,16
20143,20143,31,26
20144,20144,31,22
20145,20145,32,50
20146,20146,32,6
20147,20147,32,21
20148,20148,32,33
20149,20149,33,33
20150,20150,33,43
20151,20151,33,23
20152,20152,33,25
20153,20153,34,47
20154,20154,34,19
20155,20155,34,18
20156,20156,34,25
20157,20157,35,33
20158,20158,35,23
20159,20159,35,8
20160,20160,35,29
20161,20161,1,13
20162,20162,1,17
20163,20163,1,29
20164,20164,1,38
20165,20165,2,15
20166,20166,2,31
20167,20167,2,7
20168,20168,2,30
20169,20169,3,22
20170,20170,3,21
20171,20171,3,12
20172,20172,3,29
20173,20173,4,40
20174,20174,4,25
20175,20175,4,11
20176,20176,4,16
20177,20177,5,15
20178,20178,5,15
20179,20179,5,21
20180,20180,5,25
20181,20181,6,26
20182,20182,6,24
20183,20183,6,18
20184,20184,6,11
20185,20185,7,17
20186,20186,7,24
20187,20187,7,9
20188,20188,7,35
20189,20189,8,21
20190,20190,8,20
20191,20191,8,14
20192,20192,8,20
20193,20193,9,29
20194,20194,9,34
20195,20195,9,10
20196,20196,9,24
20197,20197,10,34
20198,20198,10,16
20199,20199,10,11
20200,20200,10,30
20201,20201,11,24
20202,20202,11,21
20203,20203,11,14
20204,20204,11,18
20205,20205,12,42
20206,20206,12,5
20207,20207,12,17
20208,20208,12,18
20209,20209,13,43
20210,20210,13,34
20211,20211,13,22
20212,20212,13,11
20213,20213,14,22
20214,20214,14,24
20215,20215,14,10
20216,20216,14,25
20217,20217,15,26
20218,20218,15,25
20219,20219,15,12
20220,20220,15,35
20221,20221,16,38
20222,20222,16,12
20223,20223,16,11
20224,20224,16,31
20225,20225,17,24
20226,20226,17,10
20227,20227,17,19
20228,20228,17,30
20229,20229,18,25
20230,20230,18,12
20231,20231,18,22
20232,20232,18,36
20233,20233,19,30
20234,20234,19,19
20235,20235,19,22
20236,20236,19,24
20237,20237,20,17
20238,20238,20,15
20239,20239,20,18
20240,20240,20,23
20241,20241,21,35
20242,20242,21,20
20243,20243,21,18
20244,20244,21,24
20245,20245,22,24
20246,20246,22,13
20247,20247,22,30
20248,20248,22,34
20249,20249,23,29
20250,20250,23,41
20251,20251,23,26
20252,20252,23,6
20253,20253,24,34
20254,20254,24,20
20255,20255,24,18
20256,20256,24,15
20257,20257,25,26
20258,20258,25,20
20259,20259,25,16
20260,20260,25,44
20261,20261,26,22
20262,20262,26,14
20263,20263,26,22
20264,20264,26,27
20265,20265,27,17
20266,20266,27,16
20267,20267,27,21
20268,20268,27,29
20269,20269,28,44
20270,20270,28,28
20271,20271,28,18
20272,20272,28,26
20273,20273,29,28
20274,20274,29,22
20275,20275,29,31
20276,20276,29,25
20277,20277,30,16
20278,20278,30,18
20279,20279,30,26
20280,20280,30,16
20281,20281,31,9
20282,20282,31,20
20283,20283,31,11
20284,20284,31,33
20285,20285,32,24
20286,20286,32,35
20287,20287,32,15
20288,20288,32,29
20289,20289,33,31
20290,20290,33,14
20291,20291,33,12
20292,20292,33,23
20293,20293,34,27
20294,20294,34,13
20295,20295,34,12
20296,20296,34,40
20297,20297,35,26
20298,20298,35,17
20299,20299,35,15
20300,20300,35,30
20301,20301,1,20
20302,20302,1,11
20303,20303,1,36
20304,20304,1,32
20305,20305,2,33
20306,20306,2,8
20307,20307,2,23
20308,20308,2,20
20309,20309,3,14
20310,20310,3,28
20311,20311,3,15
20312,20312,3,31
20313,20313,4,21
20314,20314,4,19
20315,20315,4,31
20316,20316,4,29
20317,20317,5,29
20318,20318,5,15
20319,20319,5,21
20320,20320,5,28
20321,20321,6,34
20322,20322,6,24
20323,20323,6,6
20324,20324,6,13
20325,20325,7,31
20326,20326,7,21
20327,20327,7,21
20328,20328,7,14
20329,20329,8,32
20330,20330,8,15
20331,20331,8,11
20332,20332,8,14
20333,20333,9,25
20334,20334,9,12
20335,20335,9,19
20336,20336,9,34
20337,20337,10,32
20338,20338,10,20
20339,20339,10,20
20340,20340,10,35
20341,20341,11,30
20342,20342,11,18
20343,20343,11,12
20344,20344,11,22
20345,20345,12,24
20346,20346,12,45
20347,20347,12,18
20348,20348,12,27
20349,20349,13,15
20350,20350,13,27
20351,20351,13,22
20352,20352,13,28
20353,20353,14,38
20354,20354,14,21
20355,20355,14,19
20356,20356,14,14
20357,20357,15,26
20358,20358,15,22
20359,20359,15,4
20360,20360,15,30
20361,20361,16,18
20362,20362,16,13
20363,20363,16,8
20364,20364,16,44
20365,20365,17,32
20366,20366,17,24
20367,20367,17,1
20368,20368,17,42
20369,20369,18,16
20370,20370,18,28
20371,20371,18,21
20372,20372,18,34
20373,20373,19,34
20374,20374,19,23
20375,20375,19,21
20376,20376,19,29
20377,20377,20,21
20378,20378,20,29
20379,20379,20,11
20380,20380,20,25
20381,20381,21,23
20382,20382,21,21
20383,20383,21,28
20384,20384,21,22
20385,20385,22,26
20386,20386,22,31
20387,20387,22,11
20388,20388,22,41
20389,20389,23,52
20390,20390,23,15
20391,20391,23,32
20392,20392,23,29
20393,20393,24,31
20394,20394,24,20
20395,20395,24,21
20396,20396,24,24
20397,20397,25,45
20398,20398,25,14
20399,20399,25,15
20400,20400,25,19
20401,20401,26,24
20402,20402,26,20
20403,20403,26,8
20404,20404,26,20
20405,20405,27,14
20406,20406,27,36
20407,20407,27,24
20408,20408,27,27
20409,20409,28,30
20410,20410,28,12
20411,20411,28,14
20412,20412,28,39
20413,20413,29,44
20414,20414,29,21
20415,20415,29,13
20416,20416,29,14
20417,20417,30,34
20418,20418,30,16
20419,20419,30,29
20420,20420,30,34
20421,20421,31,26
20422,20422,31,14
20423,20423,31,13
20424,20424,31,24
20425,20425,32,17
20426,20426,32,25
20427,20427,32,17
20428,20428,32,44
20429,20429,33,25
20430,20430,33,13
20431,20431,33,14
20432,20432,33,28
20433,20433,34,29
20434,20434,34,14
20435,20435,34,22
20436,20436,34,31
20437,20437,35,27
20438,20438,35,12
20439,20439,35,12
20440,20440,35,41
20441,20441,1,39
20442,20442,1,23
20443,20443,1,32
20444,20444,1,26
20445,20445,2,24
20446,20446,2,17
20447,20447,2,11
20448,20448,2,57
20449,20449,3,35
20450,20450,3,17
20451,20451,3,11
20452,20452,3,26
20453,20453,4,17
20454,20454,4,29
20455,20455,4,14
20456,20456,4,35
20457,20457,5,36
20458,20458,5,22
20459,20459,5,23
20460,20460,5,41
20461,20461,6,39
20462,20462,6,39
20463,20463,6,18
20464,20464,6,25
20465,20465,7,45
20466,20466,7,23
20467,20467,7,16
20468,20468,7,18
20469,20469,8,45
20470,20470,8,12
20471,20471,8,17
20472,20472,8,36
20473,20473,9,20
20474,20474,9,27
20475,20475,9,19
20476,20476,9,20
20477,20477,10,26
20478,20478,10,20
20479,20479,10,11
20480,20480,10,43
20481,20481,11,30
20482,20482,11,17
20483,20483,11,40
20484,20484,11,34
20485,20485,12,33
20486,20486,12,26
20487,20487,12,30
20488,20488,12,9
20489,20489,13,25
20490,20490,13,28
20491,20491,13,14
20492,20492,13,27
20493,20493,14,16
20494,20494,14,16
20495,20495,14,20
20496,20496,14,24
20497,20497,15,46
20498,20498,15,16
20499,20499,15,20
20500,20500,15,19
20501,20501,16,37
20502,20502,16,31
20503,20503,16,24
20504,20504,16,33
20505,20505,17,32
20506,20506,17,25
20507,20507,17,10
20508,20508,17,29
20509,20509,18,13
20510,20510,18,21
20511,20511,18,11
20512,20512,18,44
20513,20513,19,46
20514,20514,19,14
20515,20515,19,27
20516,20516,19,17
20517,20517,20,42
20518,20518,20,16
20519,20519,20,19
20520,20520,20,22
20521,20521,21,39
20522,20522,21,22
20523,20523,21,16
20524,20524,21,22
20525,20525,22,45
20526,20526,22,18
20527,20527,22,23
20528,20528,22,22
20529,20529,23,16
20530,20530,23,28
20531,20531,23,25
20532,20532,23,19
20533,20533,24,31
20534,20534,24,38
20535,20535,24,26
20536,20536,24,26
20537,20537,25,38
20538,20538,25,12
20539,20539,25,32
20540,20540,25,17
20541,20541,26,42
20542,20542,26,20
20543,20543,26,13
20544,20544,26,20
20545,20545,27,28
20546,20546,27,11
20547,20547,27,20
20548,20548,27,32
20549,20549,28,31
20550,20550,28,31
20551,20551,28,26
20552,20552,28,50
20553,20553,29,39
20554,20554,29,28
20555,20555,29,13
20556,20556,29,16
20557,20557,30,27
20558,20558,30,25
20559,20559,30,7
20560,20560,30,24
20561,20561,31,42
20562,20562,31,15
20563,20563,31,25
20564,20564,31,10
20565,20565,32,27
20566,20566,32,8
20567,20567,32,14
20568,20568,32,34
20569,20569,33,37
20570,20570,33,18
20571,20571,33,16
20572,20572,33,20
20573,20573,34,30
20574,20574,34,7
20575,20575,34,17
20576,20576,34,20
20577,20577,35,38
20578,20578,35,22
20579,20579,35,22
20580,20580,35,24
20581,20581,1,34
20582,20582,1,22
20583,20583,1,18
20584,20584,1,11
20585,20585,2,23
20586,20586,2,22
20587,20587,2,30
20588,20588,2,19
20589,20589,3,42
20590,20590,3,19
20591,20591,3,22
20592,20592,3,12
20593,20593,4,53
20594,20594,4,36
20595,20595,4,17
20596,20596,4,3
20597,20597,5,45
20598,20598,5,24
20599,20599,5,24
20600,20600,5,13
20601,20601,6,44
20602,20602,6,19
20603,20603,6,16
20604,20604,6,10
20605,20605,7,45
20606,20606,7,26
20607,20607,7,21
20608,20608,7,51
20609,20609,8,20
20610,20610,8,42
20611,20611,8,46
20612,20612,8,20
20613,20613,9,28
20614,20614,9,30
20615,20615,9,6
20616,20616,9,59
20617,20617,10,35
20618,20618,10,20
20619,20619,10,20
20620,20620,10,23
20621,20621,11,28
20622,20622,11,19
20623,20623,11,14
20624,20624,11,40
20625,20625,12,21
20626,20626,12,15
20627,20627,12,21
20628,20628,12,38
20629,20629,13,30
20630,20630,13,40
20631,20631,13,14
20632,20632,13,39
20633,20633,14,30
20634,20634,14,15
20635,20635,14,21
20636,20636,14,55
20637,20637,15,29
20638,20638,15,35
20639,20639,15,29
20640,20640,15,28
20641,20641,16,20
20642,20642,16,11
20643,20643,16,29
20644,20644,16,56
20645,20645,17,32
20646,20646,17,16
20647,20647,17,16
20648,20648,17,29
20649,20649,18,26
20650,20650,18,38
20651,20651,18,26
20652,20652,18,27
20653,20653,19,21
20654,20654,19,22
20655,20655,19,14
20656,20656,19,42
20657,20657,20,50
20658,20658,20,15
20659,20659,20,21
20660,20660,20,26
20661,20661,21,25
20662,20662,21,18
20663,20663,21,20
20664,20664,21,25
20665,20665,22,28
20666,20666,22,18
20667,20667,22,35
20668,20668,22,33
20669,20669,23,47
20670,20670,23,32
20671,20671,23,16
20672,20672,23,29
20673,20673,24,25
20674,20674,24,21
20675,20675,24,10
20676,20676,24,25
20677,20677,25,29
20678,20678,25,19
20679,20679,25,35
20680,20680,25,28
20681,20681,26,43
20682,20682,26,22
20683,20683,26,34
20684,20684,26,25
20685,20685,27,32
20686,20686,27,21
20687,20687,27,37
20688,20688,27,36
20689,20689,28,30
20690,20690,28,28
20691,20691,28,19
20692,20692,28,38
20693,20693,29,36
20694,20694,29,19
20695,20695,29,19
20696,20696,29,17
20697,20697,30,39
20698,20698,30,16
20699,20699,30,19
20700,20700,30,23
20701,20701,31,26
20702,20702,31,27
20703,20703,31,29
20704,20704,31,14
20705,20705,32,21
20706,20706,32,12
20707,20707,32,33
20708,20708,32,39
20709,20709,33,27
20710,20710,33,18
20711,20711,33,15
20712,20712,33,37
20713,20713,34,39
20714,20714,34,13
20715,20715,34,25
20716,20716,34,21
20717,20717,35,45
20718,20718,35,14
20719,20719,35,32
20720,20720,35,25
20721,20721,1,36
20722,20722,1,14
20723,20723,1,32
20724,20724,1,23
20725,20725,2,48
20726,20726,2,28
20727,20727,2,19
20728,20728,2,52
20729,20729,3,28
20730,20730,3,19
20731,20731,3,26
20732,20732,3,46
20733,20733,4,54
20734,20734,4,28
20735,20735,4,23
20736,20736,4,31
20737,20737,5,30
20738,20738,5,18
20739,20739,5,38
20740,20740,5,37
20741,20741,6,46
20742,20742,6,40
20743,20743,6,15
20744,20744,6,25
20745,20745,7,47
20746,20746,7,23
20747,20747,7,22
20748,20748,7,39
20749,20749,8,25
20750,20750,8,15
20751,20751,8,27
20752,20752,8,33
20753,20753,9,31
20754,20754,9,31
20755,20755,9,25
20756,20756,9,39
20757,20757,10,33
20758,20758,10,26
20759,20759,10,16
20760,20760,10,13
20761,20761,11,52
20762,20762,11,25
20763,20763,11,26
20764,20764,11,27
20765,20765,12,32
20766,20766,12,39
20767,20767,12,16
20768,20768,12,35
20769,20769,13,46
20770,20770,13,17
20771,20771,13,27
20772,20772,13,29
20773,20773,14,40
20774,20774,14,24
20775,20775,14,11
20776,20776,14,43
20777,20777,15,70
20778,20778,15,12
20779,20779,15,17
20780,20780,15,21
20781,20781,16,34
20782,20782,16,18
20783,20783,16,22
20784,20784,16,51
20785,20785,17,27
20786,20786,17,11
20787,20787,17,29
20788,20788,17,35
20789,20789,18,49
20790,20790,18,33
20791,20791,18,26
20792,20792,18,24
20793,20793,19,50
20794,20794,19,17
20795,20795,19,11
20796,20796,19,39
20797,20797,20,53
20798,20798,20,23
20799,20799,20,3
20800,20800,20,44
20801,20801,21,27
20802,20802,21,23
20803,20803,21,16
20804,20804,21,39
20805,20805,22,25
20806,20806,22,18
20807,20807,22,27
20808,20808,22,43
20809,20809,23,41
20810,20810,23,37
20811,20811,23,22
20812,20812,23,30
20813,20813,24,41
20814,20814,24,28
20815,20815,24,18
20816,20816,24,27
20817,20817,25,58
20818,20818,25,13
20819,20819,25,12
20820,20820,25,49
20821,20821,26,31
20822,20822,26,21
20823,20823,26,29
20824,20824,26,43
20825,20825,27,20
20826,20826,27,31
20827,20827,27,33
20828,20828,27,52
20829,20829,28,39
20830,20830,28,29
20831,20831,28,10
20832,20832,28,41
20833,20833,29,30
20834,20834,29,22
20835,20835,29,17
20836,20836,29,43
20837,20837,30,48
20838,20838,30,27
20839,20839,30,27
20840,20840,30,43
20841,20841,31,40
20842,20842,31,30
20843,20843,31,32
20844,20844,31,27
20845,20845,32,48
20846,20846,32,16
20847,20847,32,22
20848,20848,32,38
20849,20849,33,51
20850,20850,33,13
20851,20851,33,48
20852,20852,33,41
20853,20853,34,32
20854,20854,34,35
20855,20855,34,17
20856,20856,34,27
20857,20857,35,27
20858,20858,35,34
20859,20859,35,9
20860,20860,35,33
20861,20861,1,57
20862,20862,1,38
20863,20863,1,15
20864,20864,1,29
20865,20865,2,48
20866,20866,2,25
20867,20867,2,20
20868,20868,2,29
20869,20869,3,56
20870,20870,3,20
20871,20871,3,32
20872,20872,3,25
20873,20873,4,28
20874,20874,4,22
20875,20875,4,25
20876,20876,4,47
20877,20877,5,61
20878,20878,5,19
20879,20879,5,18
20880,20880,5,24
20881,20881,6,57
20882,20882,6,42
20883,20883,6,12
20884,20884,6,16
20885,20885,7,42
20886,20886,7,18
20887,20887,7,30
20888,20888,7,47
20889,20889,8,40
20890,20890,8,20
20891,20891,8,21
20892,20892,8,31
20893,20893,9,54
20894,20894,9,26
20895,20895,9,22
20896,20896,9,29
20897,20897,10,40
20898,20898,10,28
20899,20899,10,17
20900,20900,10,29
20901,20901,11,39
20902,20902,11,35
20903,20903,11,20
20904,20904,11,43
20905,20905,12,38
20906,20906,12,11
20907,20907,12,22
20908,20908,12,47
20909,20909,13,50
20910,20910,13,36
20911,20911,13,19
20912,20912,13,13
20913,20913,14,39
20914,20914,14,21
20915,20915,14,15
20916,20916,14,29
20917,20917,15,40
20918,20918,15,22
20919,20919,15,22
20920,20920,15,39
20921,20921,16,48
20922,20922,16,38
20923,20923,16,17
20924,20924,16,30
20925,20925,17,32
20926,20926,17,17
20927,20927,17,17
20928,20928,17,43
20929,20929,18,46
20930,20930,18,28
20931,20931,18,13
20932,20932,18,26
20933,20933,19,22
20934,20934,19,29
20935,20935,19,21
20936,20936,19,33
20937,20937,20,44
20938,20938,20,39
20939,20939,20,12
20940,20940,20,44
20941,20941,21,28
20942,20942,21,23
20943,20943,21,29
20944,20944,21,58
20945,20945,22,49
20946,20946,22,32
20947,20947,22,14
20948,20948,22,37
20949,20949,23,41
20950,20950,23,22
20951,20951,23,24
20952,20952,23,22
20953,20953,24,41
20954,20954,24,17
20955,20955,24,12
20956,20956,24,43
20957,20957,25,40
20958,20958,25,30
20959,20959,25,21
20960,20960,25,32
20961,20961,26,64
20962,20962,26,30
20963,20963,26,28
20964,20964,26,21
20965,20965,27,37
20966,20966,27,14
20967,20967,27,23
20968,20968,27,43
20969,20969,28,38
20970,20970,28,9
20971,20971,28,17
20972,20972,28,33
20973,20973,29,59
20974,20974,29,30
20975,20975,29,19
20976,20976,29,50
20977,20977,30,27
20978,20978,30,23
20979,20979,30,21
20980,20980,30,38
20981,20981,31,33
20982,20982,31,44
20983,20983,31,26
20984,20984,31,21
20985,20985,32,38
20986,20986,32,29
20987,20987,32,20
20988,20988,32,43
20989,20989,33,55
20990,20990,33,16
20991,20991,33,24
20992,20992,33,37
20993,20993,34,52
20994,20994,34,18
20995,20995,34,23
20996,20996,34,18
20997,20997,35,45
20998,20998,35,19
20999,20999,35,19
21000,21000,35,40
21001,21001,1,9
21002,21002,1,34
21003,21003,1,17
21004,21004,1,30
21005,21005,2,37
21006,21006,2,21
21007,21007,2,9
21008,21008,2,44
21009,21009,3,24
21010,21010,3,19
21011,21011,3,29
21012,21012,3,31
21013,21013,4,12
21014,21014,4,15
21015,21015,4,19
21016,21016,4,43
21017,21017,5,21
21018,21018,5,40
21019,21019,5,30
21020,21020,5,30
21021,21021,6,48
21022,21022,6,27
21023,21023,6,18
21024,21024,6,16
21025,21025,7,43
21026,21026,7,27
21027,21027,7,18
21028,21028,7,14
21029,21029,8,41
21030,21030,8,26
21031,21031,8,29
21032,21032,8,33
21033,21033,9,28
21034,21034,9,17
21035,21035,9,9
21036,21036,9,23
21037,21037,10,29
21038,21038,10,25
21039,21039,10,25
21040,21040,10,57
21041,21041,11,30
21042,21042,11,12
21043,21043,11,18
21044,21044,11,42
21045,21045,12,28
21046,21046,12,25
21047,21047,12,23
21048,21048,12,29
21049,21049,13,43
21050,21050,13,18
21051,21051,13,13
21052,21052,13,34
21053,21053,14,39
21054,21054,14,15
21055,21055,14,18
21056,21056,14,34
21057,21057,15,53
21058,21058,15,32
21059,21059,15,30
21060,21060,15,26
21061,21061,16,42
21062,21062,16,27
21063,21063,16,18
21064,21064,16,35
21065,21065,17,42
21066,21066,17,15
21067,21067,17,31
21068,21068,17,21
21069,21069,18,25
21070,21070,18,16
21071,21071,18,23
21072,21072,18,44
21073,21073,19,22
21074,21074,19,14
21075,21075,19,14
21076,21076,19,27
21077,21077,20,29
21078,21078,20,21
21079,21079,20,14
21080,21080,20,23
21081,21081,21,23
21082,21082,21,27
21083,21083,21,19
21084,21084,21,26
21085,21085,22,26
21086,21086,22,39
21087,21087,22,8
21088,21088,22,18
21089,21089,23,14
21090,21090,23,19
21091,21091,23,14
21092,21092,23,56
21093,21093,24,34
21094,21094,24,22
21095,21095,24,13
21096,21096,24,18
21097,21097,25,20
21098,21098,25,28
21099,21099,25,23
21100,21100,25,19
21101,21101,26,35
21102,21102,26,29
21103,21103,26,15
21104,21104,26,22
21105,21105,27,42
21106,21106,27,13
21107,21107,27,7
21108,21108,27,28
21109,21109,28,47
21110,21110,28,23
21111,21111,28,21
21112,21112,28,22
21113,21113,29,29
21114,21114,29,21
21115,21115,29,29
21116,21116,29,40
21117,21117,30,25
21118,21118,30,45
21119,21119,30,11
21120,21120,30,44
21121,21121,31,40
21122,21122,31,45
21123,21123,31,9
21124,21124,31,40
21125,21125,32,44
21126,21126,32,21
21127,21127,32,23
21128,21128,32,24
21129,21129,33,44
21130,21130,33,28
21131,21131,33,18
21132,21132,33,17
21133,21133,34,40
21134,21134,34,58
21135,21135,34,26
21136,21136,34,28
21137,21137,35,35
21138,21138,35,19
21139,21139,35,30
21140,21140,35,23
21141,21141,1,29
21142,21142,1,13
21143,21143,1,22
21144,21144,1,36
21145,21145,2,15
21146,21146,2,30
21147,21147,2,16
21148,21148,2,38
21149,21149,3,30
21150,21150,3,29
21151,21151,3,12
21152,21152,3,23
21153,21153,4,23
21154,21154,4,24
21155,21155,4,14
21156,21156,4,22
21157,21157,5,26
21158,21158,5,17
21159,21159,5,9
21160,21160,5,50
21161,21161,6,27
21162,21162,6,18
21163,21163,6,19
21164,21164,6,36
21165,21165,7,24
21166,21166,7,25
21167,21167,7,10
21168,21168,7,21
21169,21169,8,34
21170,21170,8,18
21171,21171,8,20
21172,21172,8,12
21173,21173,9,23
21174,21174,9,19
21175,21175,9,15
21176,21176,9,39
21177,21177,10,21
21178,21178,10,32
21179,21179,10,26
21180,21180,10,16
21181,21181,11,19
21182,21182,11,26
21183,21183,11,9
21184,21184,11,17
21185,21185,12,31
21186,21186,12,14
21187,21187,12,15
21188,21188,12,14
21189,21189,13,39
21190,21190,13,32
21191,21191,13,10
21192,21192,13,15
21193,21193,14,28
21194,21194,14,14
21195,21195,14,21
21196,21196,14,24
21197,21197,15,34
21198,21198,15,30
21199,21199,15,6
21200,21200,15,21
21201,21201,16,26
21202,21202,16,30
21203,21203,16,26
21204,21204,16,7
21205,21205,17,17
21206,21206,17,15
21207,21207,17,14
21208,21208,17,15
21209,21209,18,42
21210,21210,18,14
21211,21211,18,13
21212,21212,18,31
21213,21213,19,14
21214,21214,19,36
21215,21215,19,29
21216,21216,19,21
21217,21217,20,23
21218,21218,20,24
21219,21219,20,14
21220,21220,20,19
21221,21221,21,29
21222,21222,21,19
21223,21223,21,14
21224,21224,21,28
21225,21225,22,27
21226,21226,22,23
21227,21227,22,18
21228,21228,22,22
21229,21229,23,24
21230,21230,23,23
21231,21231,23,14
21232,21232,23,22
21233,21233,24,34
21234,21234,24,11
21235,21235,24,14
21236,21236,24,24
21237,21237,25,46
21238,21238,25,11
21239,21239,25,4
21240,21240,25,17
21241,21241,26,24
21242,21242,26,24
21243,21243,26,18
21244,21244,26,32
21245,21245,27,15
21246,21246,27,16
21247,21247,27,25
21248,21248,27,28
21249,21249,28,30
21250,21250,28,11
21251,21251,28,22
21252,21252,28,23
21253,21253,29,50
21254,21254,29,20
21255,21255,29,7
21256,21256,29,21
21257,21257,30,27
21258,21258,30,28
21259,21259,30,22
21260,21260,30,21
21261,21261,31,62
21262,21262,31,17
21263,21263,31,7
21264,21264,31,15
21265,21265,32,15
21266,21266,32,21
21267,21267,32,21
21268,21268,32,33
21269,21269,33,20
21270,21270,33,20
21271,21271,33,11
21272,21272,33,23
21273,21273,34,41
21274,21274,34,24
21275,21275,34,11
21276,21276,34,19
21277,21277,35,40
21278,21278,35,14
21279,21279,35,24
21280,21280,35,24
21281,21281,1,26
21282,21282,1,19
21283,21283,1,17
21284,21284,1,18
21285,21285,2,21
21286,21286,2,20
21287,21287,2,20
21288,21288,2,13
21289,21289,3,18
21290,21290,3,8
21291,21291,3,10
21292,21292,3,37
21293,21293,4,15
21294,21294,4,21
21295,21295,4,15
21296,21296,4,33
21297,21297,5,24
21298,21298,5,16
21299,21299,5,24
21300,21300,5,32
21301,21301,6,26
21302,21302,6,20
21303,21303,6,8
21304,21304,6,17
21305,21305,7,24
21306,21306,7,15
21307,21307,7,32
21308,21308,7,29
21309,21309,8,14
21310,21310,8,33
21311,21311,8,23
21312,21312,8,17
21313,21313,9,19
21314,21314,9,24
21315,21315,9,23
21316,21316,9,14
21317,21317,10,26
21318,21318,10,24
21319,21319,10,12
21320,21320,10,18
21321,21321,11,48
21322,21322,11,28
21323,21323,11,17
21324,21324,11,15
21325,21325,12,23
21326,21326,12,10
21327,21327,12,14
21328,21328,12,21
21329,21329,13,47
21330,21330,13,16
21331,21331,13,8
21332,21332,13,24
21333,21333,14,27
21334,21334,14,17
21335,21335,14,11
21336,21336,14,30
21337,21337,15,36
21338,21338,15,16
21339,21339,15,21
21340,21340,15,22
21341,21341,16,30
21342,21342,16,19
21343,21343,16,21
21344,21344,16,37
21345,21345,17,26
21346,21346,17,20
21347,21347,17,13
21348,21348,17,15
21349,21349,18,27
21350,21350,18,15
21351,21351,18,4
21352,21352,18,30
21353,21353,19,23
21354,21354,19,12
21355,21355,19,21
21356,21356,19,35
21357,21357,20,18
21358,21358,20,13
21359,21359,20,28
21360,21360,20,30
21361,21361,21,12
21362,21362,21,22
21363,21363,21,13
21364,21364,21,30
21365,21365,22,31
21366,21366,22,23
21367,21367,22,12
21368,21368,22,26
21369,21369,23,21
21370,21370,23,42
21371,21371,23,2
21372,21372,23,25
21373,21373,24,27
21374,21374,24,17
21375,21375,24,10
21376,21376,24,19
21377,21377,25,15
21378,21378,25,21
21379,21379,25,16
21380,21380,25,24
21381,21381,26,43
21382,21382,26,19
21383,21383,26,13
21384,21384,26,15
21385,21385,27,29
21386,21386,27,17
21387,21387,27,29
21388,21388,27,24
21389,21389,28,34
21390,21390,28,16
21391,21391,28,8
21392,21392,28,15
21393,21393,29,20
21394,21394,29,29
21395,21395,29,14
21396,21396,29,27
21397,21397,30,26
21398,21398,30,13
21399,21399,30,29
21400,21400,30,18
21401,21401,31,32
21402,21402,31,13
21403,21403,31,11
21404,21404,31,21
21405,21405,32,24
21406,21406,32,26
21407,21407,32,8
21408,21408,32,21
21409,21409,33,28
21410,21410,33,24
21411,21411,33,6
21412,21412,33,23
21413,21413,34,33
21414,21414,34,19
21415,21415,34,18
21416,21416,34,20
21417,21417,35,46
21418,21418,35,27
21419,21419,35,16
21420,21420,35,10
21421,21421,1,34
21422,21422,1,18
21423,21423,1,34
21424,21424,1,19
21425,21425,2,25
21426,21426,2,18
21427,21427,2,27
21428,21428,2,16
21429,21429,3,31
21430,21430,3,34
21431,21431,3,11
21432,21432,3,30
21433,21433,4,25
21434,21434,4,13
21435,21435,4,27
21436,21436,4,26
21437,21437,5,32
21438,21438,5,8
21439,21439,5,21
21440,21440,5,10
21441,21441,6,21
21442,21442,6,6
21443,21443,6,23
21444,21444,6,43
21445,21445,7,17
21446,21446,7,22
21447,21447,7,12
21448,21448,7,32
21449,21449,8,33
21450,21450,8,13
21451,21451,8,15
21452,21452,8,15
21453,21453,9,35
21454,21454,9,25
21455,21455,9,10
21456,21456,9,20
21457,21457,10,19
21458,21458,10,34
21459,21459,10,12
21460,21460,10,23
21461,21461,11,26
21462,21462,11,18
21463,21463,11,8
21464,21464,11,17
21465,21465,12,29
21466,21466,12,24
21467,21467,12,13
21468,21468,12,15
21469,21469,13,22
21470,21470,13,35
21471,21471,13,14
21472,21472,13,27
21473,21473,14,27
21474,21474,14,25
21475,21475,14,15
21476,21476,14,16
21477,21477,15,29
21478,21478,15,14
21479,21479,15,20
21480,21480,15,33
21481,21481,16,16
21482,21482,16,19
21483,21483,16,21
21484,21484,16,13
21485,21485,17,16
21486,21486,17,25
21487,21487,17,15
21488,21488,17,10
21489,21489,18,36
21490,21490,18,25
21491,21491,18,13
21492,21492,18,22
21493,21493,19,51
21494,21494,19,8
21495,21495,19,10
21496,21496,19,23
21497,21497,20,26
21498,21498,20,20
21499,21499,20,9
21500,21500,20,15
21501,21501,21,39
21502,21502,21,19
21503,21503,21,21
21504,21504,21,16
21505,21505,22,25
21506,21506,22,31
21507,21507,22,16
21508,21508,22,24
21509,21509,23,36
21510,21510,23,16
21511,21511,23,8
21512,21512,23,24
21513,21513,24,15
21514,21514,24,30
21515,21515,24,9
21516,21516,24,30
21517,21517,25,33
21518,21518,25,18
21519,21519,25,24
21520,21520,25,26
21521,21521,26,25
21522,21522,26,21
21523,21523,26,8
21524,21524,26,23
21525,21525,27,35
21526,21526,27,21
21527,21527,27,13
21528,21528,27,22
21529,21529,28,29
21530,21530,28,15
21531,21531,28,21
21532,21532,28,37
21533,21533,29,55
21534,21534,29,19
21535,21535,29,10
21536,21536,29,20
21537,21537,30,35
21538,21538,30,24
21539,21539,30,14
21540,21540,30,17
21541,21541,31,21
21542,21542,31,15
21543,21543,31,17
21544,21544,31,22
21545,21545,32,12
21546,21546,32,43
21547,21547,32,12
21548,21548,32,22
21549,21549,33,16
21550,21550,33,24
21551,21551,33,14
21552,21552,33,12
21553,21553,34,18
21554,21554,34,23
21555,21555,34,19
21556,21556,34,20
21557,21557,35,58
21558,21558,35,14
21559,21559,35,15
21560,21560,35,40
21561,21561,1,15
21562,21562,1,29
21563,21563,1,21
21564,21564,1,22
21565,21565,2,18
21566,21566,2,18
21567,21567,2,20
21568,21568,2,30
21569,21569,3,32
21570,21570,3,22
21571,21571,3,14
21572,21572,3,36
21573,21573,4,39
21574,21574,4,9
21575,21575,4,18
21576,21576,4,17
21577,21577,5,28
21578,21578,5,31
21579,21579,5,10
21580,21580,5,25
21581,21581,6,26
21582,21582,6,24
21583,21583,6,26
21584,21584,6,32
21585,21585,7,29
21586,21586,7,15
21587,21587,7,27
21588,21588,7,28
21589,21589,8,32
21590,21590,8,15
21591,21591,8,12
21592,21592,8,18
21593,21593,9,15
21594,21594,9,27
21595,21595,9,20
21596,21596,9,23
21597,21597,10,28
21598,21598,10,28
21599,21599,10,13
21600,21600,10,29
21601,21601,11,36
21602,21602,11,10
21603,21603,11,11
21604,21604,11,23
21605,21605,12,36
21606,21606,12,32
21607,21607,12,7
21608,21608,12,21
21609,21609,13,23
21610,21610,13,14
21611,21611,13,5
21612,21612,13,32
21613,21613,14,54
21614,21614,14,14
21615,21615,14,23
21616,21616,14,31
21617,21617,15,29
21618,21618,15,23
21619,21619,15,14
21620,21620,15,31
21621,21621,16,14
21622,21622,16,30
21623,21623,16,33
21624,21624,16,33
21625,21625,17,21
21626,21626,17,21
21627,21627,17,14
21628,21628,17,26
21629,21629,18,28
21630,21630,18,23
21631,21631,18,13
21632,21632,18,33
21633,21633,19,32
21634,21634,19,33
21635,21635,19,8
21636,21636,19,15
21637,21637,20,42
21638,21638,20,6
21639,21639,20,20
21640,21640,20,14
21641,21641,21,34
21642,21642,21,15
21643,21643,21,22
21644,21644,21,29
21645,21645,22,16
21646,21646,22,24
21647,21647,22,26
21648,21648,22,39
21649,21649,23,42
21650,21650,23,18
21651,21651,23,12
21652,21652,23,18
21653,21653,24,18
21654,21654,24,20
21655,21655,24,33
21656,21656,24,24
21657,21657,25,27
21658,21658,25,18
21659,21659,25,16
21660,21660,25,20
21661,21661,26,26
21662,21662,26,21
21663,21663,26,6
21664,21664,26,34
21665,21665,27,40
21666,21666,27,13
21667,21667,27,24
21668,21668,27,21
21669,21669,28,22
21670,21670,28,25
21671,21671,28,13
21672,21672,28,41
21673,21673,29,31
21674,21674,29,30
21675,21675,29,13
21676,21676,29,15
21677,21677,30,26
21678,21678,30,12
21679,21679,30,19
21680,21680,30,30
21681,21681,31,34
21682,21682,31,21
21683,21683,31,19
21684,21684,31,22
21685,21685,32,18
21686,21686,32,16
21687,21687,32,31
21688,21688,32,29
21689,21689,33,27
21690,21690,33,34
21691,21691,33,8
21692,21692,33,14
21693,21693,34,26
21694,21694,34,28
21695,21695,34,25
21696,21696,34,26
21697,21697,35,29
21698,21698,35,30
21699,21699,35,17
21700,21700,35,35
21701,21701,1,28
21702,21702,1,26
21703,21703,1,17
21704,21704,1,35
21705,21705,2,24
21706,21706,2,25
21707,21707,2,17
21708,21708,2,24
21709,21709,3,72
21710,21710,3,11
21711,21711,3,26
21712,21712,3,14
21713,21713,4,36
21714,21714,4,10
21715,21715,4,20
21716,21716,4,20
21717,21717,5,15
21718,21718,5,27
21719,21719,5,24
21720,21720,5,28
21721,21721,6,27
21722,21722,6,25
21723,21723,6,13
21724,21724,6,25
21725,21725,7,33
21726,21726,7,20
21727,21727,7,22
21728,21728,7,29
21729,21729,8,46
21730,21730,8,16
21731,21731,8,15
21732,21732,8,29
21733,21733,9,30
21734,21734,9,21
21735,21735,9,15
21736,21736,9,42
21737,21737,10,26
21738,21738,10,34
21739,21739,10,19
21740,21740,10,34
21741,21741,11,28
21742,21742,11,17
21743,21743,11,12
21744,21744,11,20
21745,21745,12,27
21746,21746,12,15
21747,21747,12,14
21748,21748,12,29
21749,21749,13,24
21750,21750,13,16
21751,21751,13,18
21752,21752,13,48
21753,21753,14,19
21754,21754,14,19
21755,21755,14,16
21756,21756,14,33
21757,21757,15,26
21758,21758,15,28
21759,21759,15,21
21760,21760,15,24
21761,21761,16,22
21762,21762,16,19
21763,21763,16,22
21764,21764,16,39
21765,21765,17,56
21766,21766,17,10
21767,21767,17,22
21768,21768,17,21
21769,21769,18,30
21770,21770,18,26
21771,21771,18,19
21772,21772,18,27
21773,21773,19,31
21774,21774,19,22
21775,21775,19,26
21776,21776,19,34
21777,21777,20,17
21778,21778,20,22
21779,21779,20,19
21780,21780,20,23
21781,21781,21,27
21782,21782,21,29
21783,21783,21,17
21784,21784,21,23
21785,21785,22,27
21786,21786,22,27
21787,21787,22,19
21788,21788,22,12
21789,21789,23,24
21790,21790,23,18
21791,21791,23,12
21792,21792,23,26
21793,21793,24,32
21794,21794,24,23
21795,21795,24,15
21796,21796,24,28
21797,21797,25,32
21798,21798,25,6
21799,21799,25,24
21800,21800,25,38
21801,21801,26,25
21802,21802,26,33
21803,21803,26,15
21804,21804,26,25
21805,21805,27,17
21806,21806,27,17
21807,21807,27,14
21808,21808,27,28
21809,21809,28,12
21810,21810,28,13
21811,21811,28,28
21812,21812,28,35
21813,21813,29,28
21814,21814,29,20
21815,21815,29,23
21816,21816,29,28
21817,21817,30,29
21818,21818,30,31
21819,21819,30,14
21820,21820,30,42
21821,21821,31,41
21822,21822,31,14
21823,21823,31,31
21824,21824,31,24
21825,21825,32,37
21826,21826,32,18
21827,21827,32,9
21828,21828,32,36
21829,21829,33,53
21830,21830,33,37
21831,21831,33,6
21832,21832,33,21
21833,21833,34,20
21834,21834,34,33
21835,21835,34,19
21836,21836,34,16
21837,21837,35,17
21838,21838,35,11
21839,21839,35,27
21840,21840,35,32
21841,21841,1,31
21842,21842,1,28
21843,21843,1,15
21844,21844,1,22
21845,21845,2,19
21846,21846,2,28
21847,21847,2,17
21848,21848,2,25
21849,21849,3,39
21850,21850,3,21
21851,21851,3,24
21852,21852,3,37
21853,21853,4,45
21854,21854,4,39
21855,21855,4,15
21856,21856,4,9
21857,21857,5,33
21858,21858,5,33
21859,21859,5,24
21860,21860,5,41
21861,21861,6,9
21862,21862,6,36
21863,21863,6,24
21864,21864,6,19
21865,21865,7,14
21866,21866,7,27
21867,21867,7,23
21868,21868,7,39
21869,21869,8,40
21870,21870,8,24
21871,21871,8,26
21872,21872,8,27
21873,21873,9,39
21874,21874,9,26
21875,21875,9,17
21876,21876,9,25
21877,21877,10,17
21878,21878,10,29
21879,21879,10,12
21880,21880,10,30
21881,21881,11,17
21882,21882,11,15
21883,21883,11,37
21884,21884,11,28
21885,21885,12,32
21886,21886,12,21
21887,21887,12,18
21888,21888,12,38
21889,21889,13,20
21890,21890,13,16
21891,21891,13,27
21892,21892,13,38
21893,21893,14,72
21894,21894,14,18
21895,21895,14,22
21896,21896,14,24
21897,21897,15,34
21898,21898,15,20
21899,21899,15,22
21900,21900,15,28
21901,21901,16,25
21902,21902,16,14
21903,21903,16,20
21904,21904,16,31
21905,21905,17,25
21906,21906,17,23
21907,21907,17,20
21908,21908,17,42
21909,21909,18,30
21910,21910,18,19
21911,21911,18,26
21912,21912,18,45
21913,21913,19,38
21914,21914,19,17
21915,21915,19,10
21916,21916,19,33
21917,21917,20,44
21918,21918,20,22
21919,21919,20,14
21920,21920,20,26
21921,21921,21,24
21922,21922,21,41
21923,21923,21,12
21924,21924,21,27
21925,21925,22,30
21926,21926,22,29
21927,21927,22,16
21928,21928,22,22
21929,21929,23,59
21930,21930,23,15
21931,21931,23,22
21932,21932,23,29
21933,21933,24,22
21934,21934,24,43
21935,21935,24,27
21936,21936,24,20
21937,21937,25,19
21938,21938,25,24
21939,21939,25,31
21940,21940,25,31
21941,21941,26,32
21942,21942,26,30
21943,21943,26,13
21944,21944,26,23
21945,21945,27,24
21946,21946,27,27
21947,21947,27,22
21948,21948,27,15
21949,21949,28,24
21950,21950,28,26
21951,21951,28,23
21952,21952,28,24
21953,21953,29,28
21954,21954,29,16
21955,21955,29,13
21956,21956,29,32
21957,21957,30,17
21958,21958,30,26
21959,21959,30,23
21960,21960,30,29
21961,21961,31,28
21962,21962,31,29
21963,21963,31,24
21964,21964,31,19
21965,21965,32,38
21966,21966,32,17
21967,21967,32,26
21968,21968,32,21
21969,21969,33,18
21970,21970,33,29
21971,21971,33,30
21972,21972,33,42
21973,21973,34,29
21974,21974,34,18
21975,21975,34,23
21976,21976,34,37
21977,21977,35,44
21978,21978,35,24
21979,21979,35,29
21980,21980,35,17
21981,21981,1,26
21982,21982,1,26
21983,21983,1,19
21984,21984,1,25
21985,21985,2,30
21986,21986,2,28
21987,21987,2,13
21988,21988,2,24
21989,21989,3,31
21990,21990,3,25
21991,21991,3,8
21992,21992,3,23
21993,21993,4,18
21994,21994,4,13
21995,21995,4,23
21996,21996,4,16
21997,21997,5,24
21998,21998,5,29
21999,21999,5,11
22000,22000,5,21
22001,22001,6,16
22002,22002,6,28
22003,22003,6,7
22004,22004,6,26
22005,22005,7,29
22006,22006,7,16
22007,22007,7,7
22008,22008,7,17
22009,22009,8,25
22010,22010,8,13
22011,22011,8,31
22012,22012,8,25
22013,22013,9,17
22014,22014,9,32
22015,22015,9,16
22016,22016,9,31
22017,22017,10,26
22018,22018,10,23
22019,22019,10,30
22020,22020,10,32
22021,22021,11,29
22022,22022,11,16
22023,22023,11,17
22024,22024,11,24
22025,22025,12,40
22026,22026,12,25
22027,22027,12,21
22028,22028,12,18
22029,22029,13,30
22030,22030,13,19
22031,22031,13,17
22032,22032,13,28
22033,22033,14,21
22034,22034,14,17
22035,22035,14,18
22036,22036,14,43
22037,22037,15,15
22038,22038,15,17
22039,22039,15,20
22040,22040,15,30
22041,22041,16,21
22042,22042,16,24
22043,22043,16,10
22044,22044,16,22
22045,22045,17,39
22046,22046,17,11
22047,22047,17,11
22048,22048,17,25
22049,22049,18,27
22050,22050,18,29
22051,22051,18,26
22052,22052,18,18
22053,22053,19,42
22054,22054,19,20
22055,22055,19,15
22056,22056,19,10
22057,22057,20,15
22058,22058,20,28
22059,22059,20,14
22060,22060,20,36
22061,22061,21,20
22062,22062,21,21
22063,22063,21,5
22064,22064,21,20
22065,22065,22,20
22066,22066,22,16
22067,22067,22,11
22068,22068,22,29
22069,22069,23,28
22070,22070,23,21
22071,22071,23,13
22072,22072,23,30
22073,22073,24,11
22074,22074,24,27
22075,22075,24,28
22076,22076,24,45
22077,22077,25,21
22078,22078,25,17
22079,22079,25,23
22080,22080,25,31
22081,22081,26,36
22082,22082,26,12
22083,22083,26,15
22084,22084,26,20
22085,22085,27,29
22086,22086,27,34
22087,22087,27,17
22088,22088,27,15
22089,22089,28,19
22090,22090,28,27
22091,22091,28,11
22092,22092,28,15
22093,22093,29,35
22094,22094,29,14
22095,22095,29,9
22096,22096,29,22
22097,22097,30,20
22098,22098,30,15
22099,22099,30,10
22100,22100,30,20
22101,22101,31,12
22102,22102,31,22
22103,22103,31,25
22104,22104,31,19
22105,22105,32,53
22106,22106,32,5
22107,22107,32,16
22108,22108,32,33
22109,22109,33,20
22110,22110,33,24
22111,22111,33,20
22112,22112,33,30
22113,22113,34,21
22114,22114,34,27
22115,22115,34,18
22116,22116,34,17
22117,22117,35,28
22118,22118,35,16
22119,22119,35,13
22120,22120,35,39
22121,22121,1,20
22122,22122,1,29
22123,22123,1,10
22124,22124,1,26
22125,22125,2,14
22126,22126,2,21
22127,22127,2,5
22128,22128,2,25
22129,22129,3,23
22130,22130,3,18
22131,22131,3,15
22132,22132,3,14
22133,22133,4,27
22134,22134,4,8
22135,22135,4,8
22136,22136,4,26
22137,22137,5,32
22138,22138,5,27
22139,22139,5,9
22140,22140,5,22
22141,22141,6,6
22142,22142,6,16
22143,22143,6,25
22144,22144,6,26
22145,22145,7,20
22146,22146,7,13
22147,22147,7,15
22148,22148,7,16
22149,22149,8,38
22150,22150,8,18
22151,22151,8,20
22152,22152,8,20
22153,22153,9,32
22154,22154,9,9
22155,22155,9,23
22156,22156,9,17
22157,22157,10,20
22158,22158,10,20
22159,22159,10,22
22160,22160,10,26
22161,22161,11,24
22162,22162,11,15
22163,22163,11,12
22164,22164,11,33
22165,22165,12,26
22166,22166,12,7
22167,22167,12,21
22168,22168,12,14
22169,22169,13,39
22170,22170,13,10
22171,22171,13,17
22172,22172,13,15
22173,22173,14,26
22174,22174,14,15
22175,22175,14,15
22176,22176,14,25
22177,22177,15,31
22178,22178,15,17
22179,22179,15,9
22180,22180,15,34
22181,22181,16,20
22182,22182,16,11
22183,22183,16,8
22184,22184,16,25
22185,22185,17,41
22186,22186,17,28
22187,22187,17,10
22188,22188,17,11
22189,22189,18,38
22190,22190,18,16
22191,22191,18,8
22192,22192,18,17
22193,22193,19,24
22194,22194,19,14
22195,22195,19,5
22196,22196,19,23
22197,22197,20,17
22198,22198,20,33
22199,22199,20,15
22200,22200,20,27
22201,22201,21,19
22202,22202,21,16
22203,22203,21,14
22204,22204,21,20
22205,22205,22,17
22206,22206,22,23
22207,22207,22,18
22208,22208,22,29
22209,22209,23,18
22210,22210,23,28
22211,22211,23,19
22212,22212,23,13
22213,22213,24,14
22214,22214,24,9
22215,22215,24,20
22216,22216,24,24
22217,22217,25,25
22218,22218,25,23
22219,22219,25,12
22220,22220,25,19
22221,22221,26,26
22222,22222,26,19
22223,22223,26,6
22224,22224,26,16
22225,22225,27,19
22226,22226,27,19
22227,22227,27,12
22228,22228,27,37
22229,22229,28,30
22230,22230,28,8
22231,22231,28,18
22232,22232,28,28
22233,22233,29,25
22234,22234,29,9
22235,22235,29,12
22236,22236,29,17
22237,22237,30,32
22238,22238,30,15
22239,22239,30,9
22240,22240,30,17
22241,22241,31,23
22242,22242,31,15
22243,22243,31,17
22244,22244,31,13
22245,22245,32,16
22246,22246,32,17
22247,22247,32,4
22248,22248,32,34
22249,22249,33,26
22250,22250,33,15
22251,22251,33,8
22252,22252,33,21
22253,22253,34,20
22254,22254,34,14
22255,22255,34,26
22256,22256,34,21
22257,22257,35,23
22258,22258,35,19
22259,22259,35,12
22260,22260,35,26
22261,22261,1,33
22262,22262,1,9
22263,22263,1,16
22264,22264,1,13
22265,22265,2,35
22266,22266,2,18
22267,22267,2,5
22268,22268,2,19
22269,22269,3,23
22270,22270,3,16
22271,22271,3,13
22272,22272,3,33
22273,22273,4,27
22274,22274,4,8
22275,22275,4,18
22276,22276,4,22
22277,22277,5,18
22278,22278,5,3
22279,22279,5,7
22280,22280,5,17
22281,22281,6,27
22282,22282,6,27
22283,22283,6,11
22284,22284,6,21
22285,22285,7,19
22286,22286,7,12
22287,22287,7,9
22288,22288,7,29
22289,22289,8,16
22290,22290,8,18
22291,22291,8,7
22292,22292,8,40
22293,22293,9,36
22294,22294,9,12
22295,22295,9,8
22296,22296,9,17
22297,22297,10,10
22298,22298,10,16
22299,22299,10,12
22300,22300,10,21
22301,22301,11,16
22302,22302,11,26
22303,22303,11,22
22304,22304,11,22
22305,22305,12,29
22306,22306,12,11
22307,22307,12,12
22308,22308,12,15
22309,22309,13,15
22310,22310,13,24
22311,22311,13,13
22312,22312,13,25
22313,22313,14,20
22314,22314,14,17
22315,22315,14,18
22316,22316,14,20
22317,22317,15,19
22318,22318,15,23
22319,22319,15,24
22320,22320,15,25
22321,22321,16,28
22322,22322,16,26
22323,22323,16,6
22324,22324,16,25
22325,22325,17,19
22326,22326,17,16
22327,22327,17,29
22328,22328,17,26
22329,22329,18,21
22330,22330,18,15
22331,22331,18,9
22332,22332,18,19
22333,22333,19,14
22334,22334,19,32
22335,22335,19,38
22336,22336,19,15
22337,22337,20,37
22338,22338,20,13
22339,22339,20,10
22340,22340,20,23
22341,22341,21,24
22342,22342,21,12
22343,22343,21,18
22344,22344,21,21
22345,22345,22,13
22346,22346,22,12
22347,22347,22,27
22348,22348,22,38
22349,22349,23,21
22350,22350,23,12
22351,22351,23,21
22352,22352,23,20
22353,22353,24,24
22354,22354,24,35
22355,22355,24,8
22356,22356,24,24
22357,22357,25,23
22358,22358,25,17
22359,22359,25,13
22360,22360,25,24
22361,22361,26,9
22362,22362,26,10
22363,22363,26,12
22364,22364,26,35
22365,22365,27,55
22366,22366,27,12
22367,22367,27,14
22368,22368,27,6
22369,22369,28,18
22370,22370,28,20
22371,22371,28,11
22372,22372,28,17
22373,22373,29,38
22374,22374,29,12
22375,22375,29,17
22376,22376,29,25
22377,22377,30,31
22378,22378,30,41
22379,22379,30,16
22380,22380,30,11
22381,22381,31,24
22382,22382,31,9
22383,22383,31,13
22384,22384,31,22
22385,22385,32,39
22386,22386,32,16
22387,22387,32,10
22388,22388,32,26
22389,22389,33,34
22390,22390,33,16
22391,22391,33,12
22392,22392,33,16
22393,22393,34,25
22394,22394,34,12
22395,22395,34,25
22396,22396,34,25
22397,22397,35,24
22398,22398,35,8
22399,22399,35,11
22400,22400,35,30
22401,22401,1,18
22402,22402,1,17
22403,22403,1,13
22404,22404,1,23
22405,22405,2,26
22406,22406,2,29
22407,22407,2,12
22408,22408,2,10
22409,22409,3,19
22410,22410,3,27
22411,22411,3,21
22412,22412,3,11
22413,22413,4,24
22414,22414,4,25
22415,22415,4,19
22416,22416,4,15
22417,22417,5,23
22418,22418,5,25
22419,22419,5,15
22420,22420,5,27
22421,22421,6,25
22422,22422,6,29
22423,22423,6,8
22424,22424,6,17
22425,22425,7,23
22426,22426,7,35
22427,22427,7,25
22428,22428,7,7
22429,22429,8,33
22430,22430,8,6
22431,22431,8,18
22432,22432,8,35
22433,22433,9,38
22434,22434,9,16
22435,22435,9,8
22436,22436,9,32
22437,22437,10,27
22438,22438,10,24
22439,22439,10,24
22440,22440,10,19
22441,22441,11,20
22442,22442,11,27
22443,22443,11,24
22444,22444,11,27
22445,22445,12,43
22446,22446,12,18
22447,22447,12,14
22448,22448,12,17
22449,22449,13,26
22450,22450,13,22
22451,22451,13,26
22452,22452,13,24
22453,22453,14,35
22454,22454,14,16
22455,22455,14,11
22456,22456,14,26
22457,22457,15,20
22458,22458,15,16
22459,22459,15,19
22460,22460,15,13
22461,22461,16,43
22462,22462,16,25
22463,22463,16,9
22464,22464,16,18
22465,22465,17,35
22466,22466,17,30
22467,22467,17,14
22468,22468,17,23
22469,22469,18,31
22470,22470,18,10
22471,22471,18,13
22472,22472,18,39
22473,22473,19,16
22474,22474,19,25
22475,22475,19,16
22476,22476,19,14
22477,22477,20,20
22478,22478,20,10
22479,22479,20,19
22480,22480,20,29
22481,22481,21,36
22482,22482,21,15
22483,22483,21,20
22484,22484,21,23
22485,22485,22,26
22486,22486,22,19
22487,22487,22,5
22488,22488,22,13
22489,22489,23,15
22490,22490,23,21
22491,22491,23,21
22492,22492,23,37
22493,22493,24,26
22494,22494,24,24
22495,22495,24,12
22496,22496,24,21
22497,22497,25,20
22498,22498,25,29
22499,22499,25,9
22500,22500,25,28
22501,22501,26,32
22502,22502,26,9
22503,22503,26,26
22504,22504,26,26
22505,22505,27,33
22506,22506,27,16
22507,22507,27,12
22508,22508,27,24
22509,22509,28,30
22510,22510,28,10
22511,22511,28,21
22512,22512,28,28
22513,22513,29,33
22514,22514,29,19
22515,22515,29,18
22516,22516,29,24
22517,22517,30,36
22518,22518,30,28
22519,22519,30,10
22520,22520,30,25
22521,22521,31,32
22522,22522,31,14
22523,22523,31,25
22524,22524,31,18
22525,22525,32,29
22526,22526,32,11
22527,22527,32,11
22528,22528,32,13
22529,22529,33,28
22530,22530,33,17
22531,22531,33,22
22532,22532,33,30
22533,22533,34,23
22534,22534,34,13
22535,22535,34,16
22536,22536,34,21
22537,22537,35,30
22538,22538,35,18
22539,22539,35,10
22540,22540,35,22
22541,22541,1,35
22542,22542,1,20
22543,22543,1,39
22544,22544,1,23
22545,22545,2,37
22546,22546,2,16
22547,22547,2,12
22548,22548,2,29
22549,22549,3,19
22550,22550,3,21
22551,22551,3,26
22552,22552,3,24
22553,22553,4,18
22554,22554,4,26
22555,22555,4,16
22556,22556,4,20
22557,22557,5,18
22558,22558,5,21
22559,22559,5,18
22560,22560,5,22
22561,22561,6,30
22562,22562,6,27
22563,22563,6,11
22564,22564,6,44
22565,22565,7,30
22566,22566,7,25
22567,22567,7,19
22568,22568,7,37
22569,22569,8,29
22570,22570,8,47
22571,22571,8,24
22572,22572,8,22
22573,22573,9,40
22574,22574,9,21
22575,22575,9,9
22576,22576,9,26
22577,22577,10,17
22578,22578,10,25
22579,22579,10,15
22580,22580,10,40
22581,22581,11,29
22582,22582,11,21
22583,22583,11,33
22584,22584,11,14
22585,22585,12,29
22586,22586,12,21
22587,22587,12,12
22588,22588,12,19
22589,22589,13,26
22590,22590,13,29
22591,22591,13,20
22592,22592,13,20
22593,22593,14,17
22594,22594,14,16
22595,22595,14,12
22596,22596,14,25
22597,22597,15,15
22598,22598,15,18
22599,22599,15,17
22600,22600,15,33
22601,22601,16,34
22602,22602,16,25
22603,22603,16,16
22604,22604,16,21
22605,22605,17,35
22606,22606,17,31
22607,22607,17,12
22608,22608,17,24
22609,22609,18,24
22610,22610,18,17
22611,22611,18,17
22612,22612,18,29
22613,22613,19,34
22614,22614,19,29
22615,22615,19,14
22616,22616,19,18
22617,22617,20,40
22618,22618,20,14
22619,22619,20,15
22620,22620,20,31
22621,22621,21,40
22622,22622,21,25
22623,22623,21,17
22624,22624,21,5
22625,22625,22,39
22626,22626,22,17
22627,22627,22,9
22628,22628,22,17
22629,22629,23,31
22630,22630,23,15
22631,22631,23,23
22632,22632,23,28
22633,22633,24,29
22634,22634,24,17
22635,22635,24,31
22636,22636,24,18
22637,22637,25,31
22638,22638,25,16
22639,22639,25,26
22640,22640,25,14
22641,22641,26,28
22642,22642,26,22
22643,22643,26,16
22644,22644,26,32
22645,22645,27,35
22646,22646,27,18
22647,22647,27,22
22648,22648,27,22
22649,22649,28,29
22650,22650,28,19
22651,22651,28,24
22652,22652,28,23
22653,22653,29,22
22654,22654,29,14
22655,22655,29,22
22656,22656,29,33
22657,22657,30,28
22658,22658,30,27
22659,22659,30,27
22660,22660,30,26
22661,22661,31,33
22662,22662,31,37
22663,22663,31,13
22664,22664,31,16
22665,22665,32,19
22666,22666,32,15
22667,22667,32,9
22668,22668,32,38
22669,22669,33,30
22670,22670,33,23
22671,22671,33,27
22672,22672,33,26
22673,22673,34,19
22674,22674,34,36
22675,22675,34,24
22676,22676,34,12
22677,22677,35,12
22678,22678,35,16
22679,22679,35,18
22680,22680,35,22
22681,22681,1,34
22682,22682,1,9
22683,22683,1,11
22684,22684,1,27
22685,22685,2,37
22686,22686,2,36
22687,22687,2,18
22688,22688,2,22
22689,22689,3,28
22690,22690,3,9
22691,22691,3,16
22692,22692,3,56
22693,22693,4,36
22694,22694,4,21
22695,22695,4,15
22696,22696,4,36
22697,22697,5,26
22698,22698,5,11
22699,22699,5,16
22700,22700,5,44
22701,22701,6,30
22702,22702,6,33
22703,22703,6,22
22704,22704,6,32
22705,22705,7,33
22706,22706,7,24
22707,22707,7,11
22708,22708,7,28
22709,22709,8,25
22710,22710,8,13
22711,22711,8,40
22712,22712,8,26
22713,22713,9,34
22714,22714,9,22
22715,22715,9,13
22716,22716,9,38
22717,22717,10,41
22718,22718,10,23
22719,22719,10,17
22720,22720,10,23
22721,22721,11,22
22722,22722,11,31
22723,22723,11,9
22724,22724,11,47
22725,22725,12,42
22726,22726,12,17
22727,22727,12,13
22728,22728,12,37
22729,22729,13,27
22730,22730,13,22
22731,22731,13,20
22732,22732,13,52
22733,22733,14,53
22734,22734,14,16
22735,22735,14,33
22736,22736,14,16
22737,22737,15,56
22738,22738,15,7
22739,22739,15,7
22740,22740,15,47
22741,22741,16,49
22742,22742,16,15
22743,22743,16,26
22744,22744,16,21
22745,22745,17,26
22746,22746,17,17
22747,22747,17,28
22748,22748,17,18
22749,22749,18,44
22750,22750,18,25
22751,22751,18,25
22752,22752,18,17
22753,22753,19,26
22754,22754,19,29
22755,22755,19,17
22756,22756,19,22
22757,22757,20,33
22758,22758,20,13
22759,22759,20,36
22760,22760,20,24
22761,22761,21,24
22762,22762,21,31
22763,22763,21,12
22764,22764,21,25
22765,22765,22,27
22766,22766,22,17
22767,22767,22,29
22768,22768,22,44
22769,22769,23,27
22770,22770,23,23
22771,22771,23,31
22772,22772,23,36
22773,22773,24,24
22774,22774,24,20
22775,22775,24,24
22776,22776,24,28
22777,22777,25,52
22778,22778,25,17
22779,22779,25,35
22780,22780,25,28
22781,22781,26,26
22782,22782,26,32
22783,22783,26,28
22784,22784,26,17
22785,22785,27,36
22786,22786,27,15
22787,22787,27,17
22788,22788,27,25
22789,22789,28,36
22790,22790,28,30
22791,22791,28,22
22792,22792,28,36
22793,22793,29,50
22794,22794,29,27
22795,22795,29,31
22796,22796,29,15
22797,22797,30,30
22798,22798,30,13
22799,22799,30,30
22800,22800,30,24
22801,22801,31,14
22802,22802,31,20
22803,22803,31,28
22804,22804,31,35
22805,22805,32,29
22806,22806,32,28
22807,22807,32,25
22808,22808,32,29
22809,22809,33,42
22810,22810,33,18
22811,22811,33,7
22812,22812,33,22
22813,22813,34,31
22814,22814,34,16
22815,22815,34,18
22816,22816,34,39
22817,22817,35,37
22818,22818,35,37
22819,22819,35,16
22820,22820,35,19
22821,22821,1,28
22822,22822,1,28
22823,22823,1,18
22824,22824,1,45
22825,22825,2,27
22826,22826,2,15
22827,22827,2,15
22828,22828,2,23
22829,22829,3,19
22830,22830,3,15
22831,22831,3,18
22832,22832,3,43
22833,22833,4,43
22834,22834,4,26
22835,22835,4,18
22836,22836,4,20
22837,22837,5,35
22838,22838,5,17
22839,22839,5,32
22840,22840,5,18
22841,22841,6,30
22842,22842,6,27
22843,22843,6,14
22844,22844,6,45
22845,22845,7,37
22846,22846,7,20
22847,22847,7,12
22848,22848,7,25
22849,22849,8,26
22850,22850,8,20
22851,22851,8,24
22852,22852,8,29
22853,22853,9,39
22854,22854,9,28
22855,22855,9,22
22856,22856,9,17
22857,22857,10,14
22858,22858,10,45
22859,22859,10,40
22860,22860,10,20
22861,22861,11,31
22862,22862,11,13
22863,22863,11,17
22864,22864,11,26
22865,22865,12,38
22866,22866,12,15
22867,22867,12,43
22868,22868,12,21
22869,22869,13,48
22870,22870,13,25
22871,22871,13,20
22872,22872,13,31
22873,22873,14,25
22874,22874,14,23
22875,22875,14,15
22876,22876,14,34
22877,22877,15,25
22878,22878,15,24
22879,22879,15,20
22880,22880,15,27
22881,22881,16,37
22882,22882,16,25
22883,22883,16,17
22884,22884,16,36
22885,22885,17,39
22886,22886,17,19
22887,22887,17,25
22888,22888,17,18
22889,22889,18,39
22890,22890,18,16
22891,22891,18,10
22892,22892,18,37
22893,22893,19,49
22894,22894,19,11
22895,22895,19,15
22896,22896,19,25
22897,22897,20,34
22898,22898,20,26
22899,22899,20,36
22900,22900,20,37
22901,22901,21,26
22902,22902,21,21
22903,22903,21,18
22904,22904,21,29
22905,22905,22,17
22906,22906,22,24
22907,22907,22,24
22908,22908,22,26
22909,22909,23,20
22910,22910,23,30
22911,22911,23,18
22912,22912,23,39
22913,22913,24,19
22914,22914,24,22
22915,22915,24,15
22916,22916,24,32
22917,22917,25,29
22918,22918,25,15
22919,22919,25,20
22920,22920,25,24
22921,22921,26,21
22922,22922,26,15
22923,22923,26,21
22924,22924,26,30
22925,22925,27,42
22926,22926,27,14
22927,22927,27,22
22928,22928,27,37
22929,22929,28,20
22930,22930,28,31
22931,22931,28,23
22932,22932,28,23
22933,22933,29,45
22934,22934,29,33
22935,22935,29,9
22936,22936,29,34
22937,22937,30,32
22938,22938,30,46
22939,22939,30,17
22940,22940,30,19
22941,22941,31,23
22942,22942,31,24
22943,22943,31,36
22944,22944,31,38
22945,22945,32,36
22946,22946,32,20
22947,22947,32,13
22948,22948,32,18
22949,22949,33,46
22950,22950,33,25
22951,22951,33,21
22952,22952,33,46
22953,22953,34,23
22954,22954,34,25
22955,22955,34,23
22956,22956,34,23
22957,22957,35,28
22958,22958,35,24
22959,22959,35,15
22960,22960,35,37
22961,22961,1,29
22962,22962,1,19
22963,22963,1,5
22964,22964,1,33
22965,22965,2,26
22966,22966,2,25
22967,22967,2,15
22968,22968,2,11
22969,22969,3,26
22970,22970,3,25
22971,22971,3,24
22972,22972,3,17
22973,22973,4,32
22974,22974,4,14
22975,22975,4,9
22976,22976,4,27
22977,22977,5,38
22978,22978,5,23
22979,22979,5,15
22980,22980,5,27
22981,22981,6,11
22982,22982,6,21
22983,22983,6,15
22984,22984,6,60
22985,22985,7,28
22986,22986,7,34
22987,22987,7,8
22988,22988,7,25
22989,22989,8,30
22990,22990,8,16
22991,22991,8,9
22992,22992,8,30
22993,22993,9,31
22994,22994,9,18
22995,22995,9,23
22996,22996,9,10
22997,22997,10,28
22998,22998,10,28
22999,22999,10,14
23000,23000,10,30
23001,23001,11,20
23002,23002,11,18
23003,23003,11,15
23004,23004,11,24
23005,23005,12,26
23006,23006,12,12
23007,23007,12,12
23008,23008,12,23
23009,23009,13,35
23010,23010,13,25
23011,23011,13,9
23012,23012,13,29
23013,23013,14,19
23014,23014,14,25
23015,23015,14,16
23016,23016,14,39
23017,23017,15,25
23018,23018,15,28
23019,23019,15,11
23020,23020,15,21
23021,23021,16,30
23022,23022,16,14
23023,23023,16,18
23024,23024,16,13
23025,23025,17,23
23026,23026,17,34
23027,23027,17,13
23028,23028,17,34
23029,23029,18,34
23030,23030,18,8
23031,23031,18,20
23032,23032,18,27
23033,23033,19,25
23034,23034,19,20
23035,23035,19,28
23036,23036,19,31
23037,23037,20,26
23038,23038,20,9
23039,23039,20,12
23040,23040,20,22
23041,23041,21,34
23042,23042,21,23
23043,23043,21,15
23044,23044,21,11
23045,23045,22,28
23046,23046,22,20
23047,23047,22,35
23048,23048,22,19
23049,23049,23,29
23050,23050,23,24
23051,23051,23,12
23052,23052,23,24
23053,23053,24,35
23054,23054,24,18
23055,23055,24,25
23056,23056,24,29
23057,23057,25,19
23058,23058,25,30
23059,23059,25,10
23060,23060,25,18
23061,23061,26,22
23062,23062,26,23
23063,23063,26,28
23064,23064,26,23
23065,23065,27,36
23066,23066,27,23
23067,23067,27,24
23068,23068,27,23
23069,23069,28,65
23070,23070,28,13
23071,23071,28,10
23072,23072,28,7
23073,23073,29,35
23074,23074,29,17
23075,23075,29,21
23076,23076,29,10
23077,23077,30,23
23078,23078,30,19
23079,23079,30,17
23080,23080,30,12
23081,23081,31,32
23082,23082,31,10
23083,23083,31,25
23084,23084,31,29
23085,23085,32,32
23086,23086,32,17
23087,23087,32,21
23088,23088,32,16
23089,23089,33,30
23090,23090,33,19
23091,23091,33,19
23092,23092,33,25
23093,23093,34,32
23094,23094,34,16
23095,23095,34,30
23096,23096,34,23
23097,23097,35,20
23098,23098,35,16
23099,23099,35,27
23100,23100,35,30
23101,23101,1,28
23102,23102,1,30
23103,23103,1,13
23104,23104,1,9
23105,23105,2,10
23106,23106,2,9
23107,23107,2,21
23108,23108,2,23
23109,23109,3,19
23110,23110,3,22
23111,23111,3,11
23112,23112,3,29
23113,23113,4,36
23114,23114,4,20
23115,23115,4,6
23116,23116,4,29
23117,23117,5,37
23118,23118,5,27
23119,23119,5,22
23120,23120,5,12
23121,23121,6,30
23122,23122,6,11
23123,23123,6,13
23124,23124,6,21
23125,23125,7,18
23126,23126,7,13
23127,23127,7,19
23128,23128,7,26
23129,23129,8,25
23130,23130,8,11
23131,23131,8,17
23132,23132,8,22
23133,23133,9,24
23134,23134,9,17
23135,23135,9,14
23136,23136,9,16
23137,23137,10,29
23138,23138,10,12
23139,23139,10,23
23140,23140,10,18
23141,23141,11,26
23142,23142,11,29
23143,23143,11,12
23144,23144,11,19
23145,23145,12,25
23146,23146,12,23
23147,23147,12,20
23148,23148,12,27
23149,23149,13,20
23150,23150,13,15
23151,23151,13,10
23152,23152,13,25
23153,23153,14,28
23154,23154,14,19
23155,23155,14,13
23156,23156,14,23
23157,23157,15,30
23158,23158,15,12
23159,23159,15,6
23160,23160,15,19
23161,23161,16,19
23162,23162,16,13
23163,23163,16,11
23164,23164,16,20
23165,23165,17,15
23166,23166,17,24
23167,23167,17,10
23168,23168,17,25
23169,23169,18,21
23170,23170,18,18
23171,23171,18,11
23172,23172,18,15
23173,23173,19,20
23174,23174,19,15
23175,23175,19,16
23176,23176,19,24
23177,23177,20,26
23178,23178,20,27
23179,23179,20,11
23180,23180,20,13
23181,23181,21,26
23182,23182,21,18
23183,23183,21,18
23184,23184,21,14
23185,23185,22,17
23186,23186,22,15
23187,23187,22,13
23188,23188,22,23
23189,23189,23,23
23190,23190,23,15
23191,23191,23,12
23192,23192,23,32
23193,23193,24,24
23194,23194,24,27
23195,23195,24,17
23196,23196,24,20
23197,23197,25,28
23198,23198,25,15
23199,23199,25,20
23200,23200,25,17
23201,23201,26,23
23202,23202,26,37
23203,23203,26,13
23204,23204,26,10
23205,23205,27,21
23206,23206,27,18
23207,23207,27,10
23208,23208,27,27
23209,23209,28,32
23210,23210,28,10
23211,23211,28,8
23212,23212,28,23
23213,23213,29,9
23214,23214,29,21
23215,23215,29,18
23216,23216,29,28
23217,23217,30,26
23218,23218,30,11
23219,23219,30,14
23220,23220,30,13
23221,23221,31,24
23222,23222,31,24
23223,23223,31,14
23224,23224,31,17
23225,23225,32,22
23226,23226,32,13
23227,23227,32,16
23228,23228,32,20
23229,23229,33,22
23230,23230,33,16
23231,23231,33,14
23232,23232,33,35
23233,23233,34,18
23234,23234,34,18
23235,23235,34,23
23236,23236,34,32
23237,23237,35,34
23238,23238,35,7
23239,23239,35,3
23240,23240,35,10
23241,23241,1,17
23242,23242,1,30
23243,23243,1,17
23244,23244,1,20
23245,23245,2,24
23246,23246,2,15
23247,23247,2,13
23248,23248,2,15
23249,23249,3,26
23250,23250,3,21
23251,23251,3,16
23252,23252,3,5
23253,23253,4,22
23254,23254,4,6
23255,23255,4,16
23256,23256,4,27
23257,23257,5,10
23258,23258,5,25
23259,23259,5,9
23260,23260,5,19
23261,23261,6,18
23262,23262,6,22
23263,23263,6,7
23264,23264,6,13
23265,23265,7,22
23266,23266,7,16
23267,23267,7,9
23268,23268,7,33
23269,23269,8,28
23270,23270,8,17
23271,23271,8,9
23272,23272,8,21
23273,23273,9,29
23274,23274,9,10
23275,23275,9,13
23276,23276,9,17
23277,23277,10,22
23278,23278,10,24
23279,23279,10,20
23280,23280,10,12
23281,23281,11,18
23282,23282,11,20
23283,23283,11,11
23284,23284,11,19
23285,23285,12,17
23286,23286,12,26
23287,23287,12,11
23288,23288,12,14
23289,23289,13,41
23290,23290,13,10
23291,23291,13,27
23292,23292,13,3
23293,23293,14,19
23294,23294,14,18
23295,23295,14,15
23296,23296,14,16
23297,23297,15,12
23298,23298,15,14
23299,23299,15,11
23300,23300,15,32
23301,23301,16,25
23302,23302,16,14
23303,23303,16,7
23304,23304,16,23
23305,23305,17,14
23306,23306,17,26
23307,23307,17,18
23308,23308,17,17
23309,23309,18,38
23310,23310,18,16
23311,23311,18,12
23312,23312,18,21
23313,23313,19,30
23314,23314,19,28
23315,23315,19,21
23316,23316,19,7
23317,23317,20,8
23318,23318,20,17
23319,23319,20,10
23320,23320,20,25
23321,23321,21,34
23322,23322,21,14
23323,23323,21,19
23324,23324,21,21
23325,23325,22,12
23326,23326,22,20
23327,23327,22,21
23328,23328,22,22
23329,23329,23,17
23330,23330,23,37
23331,23331,23,13
23332,23332,23,9
23333,23333,24,40
23334,23334,24,21
23335,23335,24,13
23336,23336,24,13
23337,23337,25,22
23338,23338,25,17
23339,23339,25,13
23340,23340,25,20
23341,23341,26,22
23342,23342,26,21
23343,23343,26,17
23344,23344,26,20
23345,23345,27,45
23346,23346,27,10
23347,23347,27,16
23348,23348,27,16
23349,23349,28,40
23350,23350,28,8
23351,23351,28,11
23352,23352,28,20
23353,23353,29,20
23354,23354,29,16
23355,23355,29,22
23356,23356,29,28
23357,23357,30,39
23358,23358,30,16
23359,23359,30,4
23360,23360,30,26
23361,23361,31,35
23362,23362,31,14
23363,23363,31,18
23364,23364,31,14
23365,23365,32,24
23366,23366,32,17
23367,23367,32,22
23368,23368,32,21
23369,23369,33,8
23370,23370,33,23
23371,23371,33,18
23372,23372,33,22
23373,23373,34,26
23374,23374,34,33
23375,23375,34,13
23376,23376,34,18
23377,23377,35,17
23378,23378,35,15
23379,23379,35,10
23380,23380,35,18
23381,23381,1,35
23382,23382,1,24
23383,23383,1,31
23384,23384,1,8
23385,23385,2,34
23386,23386,2,16
23387,23387,2,14
23388,23388,2,23
23389,23389,3,38
23390,23390,3,10
23391,23391,3,14
23392,23392,3,20
23393,23393,4,30
23394,23394,4,24
23395,23395,4,16
23396,23396,4,47
23397,23397,5,25
23398,23398,5,16
23399,23399,5,14
23400,23400,5,17
23401,23401,6,26
23402,23402,6,33
23403,23403,6,11
23404,23404,6,13
23405,23405,7,37
23406,23406,7,13
23407,23407,7,12
23408,23408,7,7
23409,23409,8,21
23410,23410,8,24
23411,23411,8,27
23412,23412,8,22
23413,23413,9,34
23414,23414,9,24
23415,23415,9,12
23416,23416,9,20
23417,23417,10,18
23418,23418,10,23
23419,23419,10,22
23420,23420,10,15
23421,23421,11,15
23422,23422,11,24
23423,23423,11,19
23424,23424,11,36
23425,23425,12,40
23426,23426,12,12
23427,23427,12,25
23428,23428,12,15
23429,23429,13,22
23430,23430,13,10
23431,23431,13,19
23432,23432,13,11
23433,23433,14,25
23434,23434,14,25
23435,23435,14,27
23436,23436,14,21
23437,23437,15,30
23438,23438,15,23
23439,23439,15,23
23440,23440,15,19
23441,23441,16,22
23442,23442,16,9
23443,23443,16,16
23444,23444,16,20
23445,23445,17,40
23446,23446,17,17
23447,23447,17,23
23448,23448,17,18
23449,23449,18,30
23450,23450,18,20
23451,23451,18,12
23452,23452,18,23
23453,23453,19,24
23454,23454,19,15
23455,23455,19,10
23456,23456,19,28
23457,23457,20,20
23458,23458,20,34
23459,23459,20,13
23460,23460,20,18
23461,23461,21,24
23462,23462,21,13
23463,23463,21,12
23464,23464,21,36
23465,23465,22,45
23466,23466,22,16
23467,23467,22,21
23468,23468,22,33
23469,23469,23,15
23470,23470,23,7
23471,23471,23,30
23472,23472,23,9
23473,23473,24,23
23474,23474,24,29
23475,23475,24,7
23476,23476,24,25
23477,23477,25,34
23478,23478,25,23
23479,23479,25,28
23480,23480,25,19
23481,23481,26,13
23482,23482,26,25
23483,23483,26,16
23484,23484,26,20
23485,23485,27,18
23486,23486,27,30
23487,23487,27,26
23488,23488,27,24
23489,23489,28,22
23490,23490,28,20
23491,23491,28,13
23492,23492,28,31
23493,23493,29,28
23494,23494,29,28
23495,23495,29,7
23496,23496,29,23
23497,23497,30,40
23498,23498,30,20
23499,23499,30,15
23500,23500,30,17
23501,23501,31,25
23502,23502,31,20
23503,23503,31,23
23504,23504,31,20
23505,23505,32,55
23506,23506,32,25
23507,23507,32,15
23508,23508,32,2
23509,23509,33,11
23510,23510,33,15
23511,23511,33,26
23512,23512,33,25
23513,23513,34,20
23514,23514,34,16
23515,23515,34,11
23516,23516,34,20
23517,23517,35,38
23518,23518,35,9
23519,23519,35,10
23520,23520,35,32
23521,23521,1,26
23522,23522,1,18
23523,23523,1,24
23524,23524,1,15
23525,23525,2,29
23526,23526,2,17
23527,23527,2,18
23528,23528,2,28
23529,23529,3,37
23530,23530,3,16
23531,23531,3,34
23532,23532,3,9
23533,23533,4,40
23534,23534,4,13
23535,23535,4,14
23536,23536,4,44
23537,23537,5,41
23538,23538,5,14
23539,23539,5,18
23540,23540,5,13
23541,23541,6,52
23542,23542,6,21
23543,23543,6,29
23544,23544,6,22
23545,23545,7,38
23546,23546,7,15
23547,23547,7,17
23548,23548,7,31
23549,23549,8,26
23550,23550,8,22
23551,23551,8,22
23552,23552,8,29
23553,23553,9,28
23554,23554,9,14
23555,23555,9,20
23556,23556,9,29
23557,23557,10,16
23558,23558,10,22
23559,23559,10,34
23560,23560,10,31
23561,23561,11,37
23562,23562,11,37
23563,23563,11,6
23564,23564,11,41
23565,23565,12,39
23566,23566,12,21
23567,23567,12,13
23568,23568,12,18
23569,23569,13,22
23570,23570,13,7
23571,23571,13,9
23572,23572,13,36
23573,23573,14,23
23574,23574,14,17
23575,23575,14,15
23576,23576,14,15
23577,23577,15,22
23578,23578,15,11
23579,23579,15,22
23580,23580,15,30
23581,23581,16,19
23582,23582,16,8
23583,23583,16,25
23584,23584,16,24
23585,23585,17,49
23586,23586,17,21
23587,23587,17,17
23588,23588,17,20
23589,23589,18,32
23590,23590,18,20
23591,23591,18,8
23592,23592,18,13
23593,23593,19,39
23594,23594,19,25
23595,23595,19,13
23596,23596,19,23
23597,23597,20,47
23598,23598,20,25
23599,23599,20,24
23600,23600,20,16
23601,23601,21,28
23602,23602,21,27
23603,23603,21,21
23604,23604,21,20
23605,23605,22,31
23606,23606,22,25
23607,23607,22,10
23608,23608,22,28
23609,23609,23,24
23610,23610,23,10
23611,23611,23,43
23612,23612,23,22
23613,23613,24,36
23614,23614,24,19
23615,23615,24,19
23616,23616,24,15
23617,23617,25,42
23618,23618,25,20
23619,23619,25,10
23620,23620,25,29
23621,23621,26,9
23622,23622,26,48
23623,23623,26,24
23624,23624,26,30
23625,23625,27,29
23626,23626,27,23
23627,23627,27,12
23628,23628,27,21
23629,23629,28,37
23630,23630,28,18
23631,23631,28,17
23632,23632,28,23
23633,23633,29,26
23634,23634,29,21
23635,23635,29,16
23636,23636,29,25
23637,23637,30,25
23638,23638,30,20
23639,23639,30,30
23640,23640,30,29
23641,23641,31,31
23642,23642,31,26
23643,23643,31,12
23644,23644,31,28
23645,23645,32,28
23646,23646,32,16
23647,23647,32,3
23648,23648,32,21
23649,23649,33,29
23650,23650,33,12
23651,23651,33,10
23652,23652,33,32
23653,23653,34,30
23654,23654,34,25
23655,23655,34,12
23656,23656,34,20
23657,23657,35,29
23658,23658,35,14
23659,23659,35,19
23660,23660,35,33
23661,23661,1,34
23662,23662,1,11
23663,23663,1,21
23664,23664,1,50
23665,23665,2,28
23666,23666,2,28
23667,23667,2,14
23668,23668,2,27
23669,23669,3,37
23670,23670,3,27
23671,23671,3,13
23672,23672,3,42
23673,23673,4,47
23674,23674,4,13
23675,23675,4,23
23676,23676,4,25
23677,23677,5,58
23678,23678,5,22
23679,23679,5,16
23680,23680,5,21
23681,23681,6,13
23682,23682,6,30
23683,23683,6,23
23684,23684,6,18
23685,23685,7,19
23686,23686,7,23
23687,23687,7,33
23688,23688,7,20
23689,23689,8,16
23690,23690,8,28
23691,23691,8,21
23692,23692,8,48
23693,23693,9,12
23694,23694,9,39
23695,23695,9,26
23696,23696,9,10
23697,23697,10,43
23698,23698,10,32
23699,23699,10,14
23700,23700,10,13
23701,23701,11,15
23702,23702,11,21
23703,23703,11,29
23704,23704,11,36
23705,23705,12,25
23706,23706,12,22
23707,23707,12,19
23708,23708,12,28
23709,23709,13,28
23710,23710,13,23
23711,23711,13,27
23712,23712,13,34
23713,23713,14,35
23714,23714,14,28
23715,23715,14,12
23716,23716,14,24
23717,23717,15,57
23718,23718,15,20
23719,23719,15,28
23720,23720,15,29
23721,23721,16,49
23722,23722,16,16
23723,23723,16,34
23724,23724,16,31
23725,23725,17,42
23726,23726,17,17
23727,23727,17,15
23728,23728,17,26
23729,23729,18,46
23730,23730,18,7
23731,23731,18,33
23732,23732,18,25
23733,23733,19,34
23734,23734,19,15
23735,23735,19,19
23736,23736,19,32
23737,23737,20,31
23738,23738,20,15
23739,23739,20,26
23740,23740,20,26
23741,23741,21,20
23742,23742,21,20
23743,23743,21,21
23744,23744,21,21
23745,23745,22,20
23746,23746,22,25
23747,23747,22,22
23748,23748,22,50
23749,23749,23,25
23750,23750,23,28
23751,23751,23,12
23752,23752,23,27
23753,23753,24,35
23754,23754,24,32
23755,23755,24,13
23756,23756,24,18
23757,23757,25,48
23758,23758,25,19
23759,23759,25,27
23760,23760,25,41
23761,23761,26,39
23762,23762,26,16
23763,23763,26,12
23764,23764,26,34
23765,23765,27,25
23766,23766,27,34
23767,23767,27,8
23768,23768,27,40
23769,23769,28,25
23770,23770,28,26
23771,23771,28,25
23772,23772,28,33
23773,23773,29,37
23774,23774,29,25
23775,23775,29,10
23776,23776,29,30
23777,23777,30,13
23778,23778,30,27
23779,23779,30,27
23780,23780,30,17
23781,23781,31,42
23782,23782,31,21
23783,23783,31,13
23784,23784,31,33
23785,23785,32,34
23786,23786,32,16
23787,23787,32,22
23788,23788,32,20
23789,23789,33,27
23790,23790,33,16
23791,23791,33,21
23792,23792,33,23
23793,23793,34,39
23794,23794,34,34
23795,23795,34,25
23796,23796,34,23
23797,23797,35,32
23798,23798,35,19
23799,23799,35,9
23800,23800,35,27
23801,23801,1,22
23802,23802,1,42
23803,23803,1,28
23804,23804,1,19
23805,23805,2,44
23806,23806,2,23
23807,23807,2,7
23808,23808,2,36
23809,23809,3,29
23810,23810,3,30
23811,23811,3,15
23812,23812,3,48
23813,23813,4,41
23814,23814,4,19
23815,23815,4,26
23816,23816,4,32
23817,23817,5,38
23818,23818,5,27
23819,23819,5,17
23820,23820,5,16
23821,23821,6,44
23822,23822,6,11
23823,23823,6,25
23824,23824,6,21
23825,23825,7,25
23826,23826,7,4
23827,23827,7,36
23828,23828,7,26
23829,23829,8,31
23830,23830,8,19
23831,23831,8,10
23832,23832,8,20
23833,23833,9,54
23834,23834,9,23
23835,23835,9,18
23836,23836,9,37
23837,23837,10,31
23838,23838,10,10
23839,23839,10,20
23840,23840,10,27
23841,23841,11,39
23842,23842,11,19
23843,23843,11,6
23844,23844,11,26
23845,23845,12,15
23846,23846,12,15
23847,23847,12,12
23848,23848,12,58
23849,23849,13,32
23850,23850,13,32
23851,23851,13,25
23852,23852,13,23
23853,23853,14,41
23854,23854,14,13
23855,23855,14,22
23856,23856,14,26
23857,23857,15,26
23858,23858,15,36
23859,23859,15,25
23860,23860,15,41
23861,23861,16,41
23862,23862,16,26
23863,23863,16,24
23864,23864,16,33
23865,23865,17,31
23866,23866,17,27
23867,23867,17,33
23868,23868,17,33
23869,23869,18,45
23870,23870,18,18
23871,23871,18,19
23872,23872,18,30
23873,23873,19,36
23874,23874,19,18
23875,23875,19,31
23876,23876,19,28
23877,23877,20,22
23878,23878,20,26
23879,23879,20,12
23880,23880,20,35
23881,23881,21,41
23882,23882,21,21
23883,23883,21,23
23884,23884,21,22
23885,23885,22,27
23886,23886,22,31
23887,23887,22,17
23888,23888,22,33
23889,23889,23,31
23890,23890,23,23
23891,23891,23,23
23892,23892,23,38
23893,23893,24,33
23894,23894,24,16
23895,23895,24,12
23896,23896,24,23
23897,23897,25,29
23898,23898,25,31
23899,23899,25,19
23900,23900,25,46
23901,23901,26,39
23902,23902,26,20
23903,23903,26,23
23904,23904,26,20
23905,23905,27,24
23906,23906,27,27
23907,23907,27,37
23908,23908,27,35
23909,23909,28,40
23910,23910,28,19
23911,23911,28,27
23912,23912,28,25
23913,23913,29,29
23914,23914,29,19
23915,23915,29,22
23916,23916,29,44
23917,23917,30,39
23918,23918,30,51
23919,23919,30,19
23920,23920,30,35
23921,23921,31,28
23922,23922,31,25
23923,23923,31,15
23924,23924,31,27
23925,23925,32,42
23926,23926,32,19
23927,23927,32,18
23928,23928,32,31
23929,23929,33,27
23930,23930,33,35
23931,23931,33,17
23932,23932,33,16
23933,23933,34,29
23934,23934,34,16
23935,23935,34,39
23936,23936,34,25
23937,23937,35,39
23938,23938,35,26
23939,23939,35,9
23940,23940,35,19
23941,23941,1,31
23942,23942,1,18
23943,23943,1,14
23944,23944,1,17
23945,23945,2,20
23946,23946,2,13
23947,23947,2,21
23948,23948,2,37
23949,23949,3,17
23950,23950,3,32
23951,23951,3,11
23952,23952,3,14
23953,23953,4,25
23954,23954,4,10
23955,23955,4,22
23956,23956,4,22
23957,23957,5,17
23958,23958,5,18
23959,23959,5,11
23960,23960,5,39
23961,23961,6,29
23962,23962,6,17
23963,23963,6,25
23964,23964,6,21
23965,23965,7,21
23966,23966,7,34
23967,23967,7,6
23968,23968,7,29
23969,23969,8,32
23970,23970,8,16
23971,23971,8,21
23972,23972,8,18
23973,23973,9,20
23974,23974,9,20
23975,23975,9,20
23976,23976,9,22
23977,23977,10,48
23978,23978,10,21
23979,23979,10,7
23980,23980,10,20
23981,23981,11,40
23982,23982,11,13
23983,23983,11,15
23984,23984,11,24
23985,23985,12,20
23986,23986,12,24
23987,23987,12,11
23988,23988,12,20
23989,23989,13,23
23990,23990,13,14
23991,23991,13,15
23992,23992,13,22
23993,23993,14,14
23994,23994,14,23
23995,23995,14,13
23996,23996,14,44
23997,23997,15,35
23998,23998,15,15
23999,23999,15,17
24000,24000,15,17
24001,24001,16,26
24002,24002,16,22
24003,24003,16,16
24004,24004,16,17
24005,24005,17,21
24006,24006,17,19
24007,24007,17,12
24008,24008,17,35
24009,24009,18,40
24010,24010,18,14
24011,24011,18,12
24012,24012,18,12
24013,24013,19,25
24014,24014,19,13
24015,24015,19,19
24016,24016,19,32
24017,24017,20,40
24018,24018,20,15
24019,24019,20,18
24020,24020,20,31
24021,24021,21,37
24022,24022,21,14
24023,24023,21,21
24024,24024,21,19
24025,24025,22,16
24026,24026,22,31
24027,24027,22,15
24028,24028,22,22
24029,24029,23,40
24030,24030,23,13
24031,24031,23,14
24032,24032,23,25
24033,24033,24,20
24034,24034,24,18
24035,24035,24,17
24036,24036,24,22
24037,24037,25,15
24038,24038,25,25
24039,24039,25,35
24040,24040,25,17
24041,24041,26,27
24042,24042,26,12
24043,24043,26,17
24044,24044,26,28
24045,24045,27,35
24046,24046,27,13
24047,24047,27,14
24048,24048,27,21
24049,24049,28,36
24050,24050,28,18
24051,24051,28,17
24052,24052,28,35
24053,24053,29,17
24054,24054,29,20
24055,24055,29,29
24056,24056,29,26
24057,24057,30,31
24058,24058,30,20
24059,24059,30,18
24060,24060,30,26
24061,24061,31,34
24062,24062,31,17
24063,24063,31,12
24064,24064,31,34
24065,24065,32,33
24066,24066,32,27
24067,24067,32,5
24068,24068,32,12
24069,24069,33,29
24070,24070,33,20
24071,24071,33,11
24072,24072,33,13
24073,24073,34,29
24074,24074,34,28
24075,24075,34,20
24076,24076,34,15
24077,24077,35,18
24078,24078,35,20
24079,24079,35,15
24080,24080,35,30
24081,24081,1,30
24082,24082,1,12
24083,24083,1,15
24084,24084,1,27
24085,24085,2,31
24086,24086,2,14
24087,24087,2,14
24088,24088,2,21
24089,24089,3,22
24090,24090,3,14
24091,24091,3,11
24092,24092,3,15
24093,24093,4,21
24094,24094,4,9
24095,24095,4,14
24096,24096,4,13
24097,24097,5,28
24098,24098,5,14
24099,24099,5,4
24100,24100,5,24
24101,24101,6,24
24102,24102,6,21
24103,24103,6,11
24104,24104,6,13
24105,24105,7,28
24106,24106,7,11
24107,24107,7,17
24108,24108,7,7
24109,24109,8,29
24110,24110,8,9
24111,24111,8,10
24112,24112,8,17
24113,24113,9,29
24114,24114,9,32
24115,24115,9,15
24116,24116,9,17
24117,24117,10,30
24118,24118,10,15
24119,24119,10,15
24120,24120,10,16
24121,24121,11,24
24122,24122,11,21
24123,24123,11,6
24124,24124,11,14
24125,24125,12,27
24126,24126,12,14
24127,24127,12,25
24128,24128,12,9
24129,24129,13,29
24130,24130,13,10
24131,24131,13,27
24132,24132,13,13
24133,24133,14,22
24134,24134,14,17
24135,24135,14,27
24136,24136,14,7
24137,24137,15,33
24138,24138,15,18
24139,24139,15,11
24140,24140,15,16
24141,24141,16,39
24142,24142,16,12
24143,24143,16,13
24144,24144,16,15
24145,24145,17,23
24146,24146,17,16
24147,24147,17,26
24148,24148,17,17
24149,24149,18,9
24150,24150,18,27
24151,24151,18,14
24152,24152,18,19
24153,24153,19,21
24154,24154,19,14
24155,24155,19,18
24156,24156,19,19
24157,24157,20,17
24158,24158,20,19
24159,24159,20,18
24160,24160,20,31
24161,24161,21,26
24162,24162,21,16
24163,24163,21,7
24164,24164,21,22
24165,24165,22,12
24166,24166,22,24
24167,24167,22,5
24168,24168,22,27
24169,24169,23,32
24170,24170,23,7
24171,24171,23,15
24172,24172,23,20
24173,24173,24,14
24174,24174,24,20
24175,24175,24,14
24176,24176,24,20
24177,24177,25,23
24178,24178,25,9
24179,24179,25,13
24180,24180,25,30
24181,24181,26,29
24182,24182,26,14
24183,24183,26,7
24184,24184,26,24
24185,24185,27,17
24186,24186,27,12
24187,24187,27,15
24188,24188,27,23
24189,24189,28,16
24190,24190,28,12
24191,24191,28,12
24192,24192,28,37
24193,24193,29,21
24194,24194,29,13
24195,24195,29,13
24196,24196,29,18
24197,24197,30,31
24198,24198,30,26
24199,24199,30,16
24200,24200,30,33
24201,24201,31,25
24202,24202,31,17
24203,24203,31,19
24204,24204,31,15
24205,24205,32,12
24206,24206,32,15
24207,24207,32,20
24208,24208,32,19
24209,24209,33,22
24210,24210,33,9
24211,24211,33,22
24212,24212,33,16
24213,24213,34,12
24214,24214,34,11
24215,24215,34,14
24216,24216,34,15
24217,24217,35,35
24218,24218,35,23
24219,24219,35,13
24220,24220,35,23
24221,24221,1,33
24222,24222,1,12
24223,24223,1,12
24224,24224,1,19
24225,24225,2,43
24226,24226,2,25
24227,24227,2,13
24228,24228,2,28
24229,24229,3,22
24230,24230,3,15
24231,24231,3,7
24232,24232,3,28
24233,24233,4,23
24234,24234,4,12
24235,24235,4,27
24236,24236,4,25
24237,24237,5,30
24238,24238,5,8
24239,24239,5,10
24240,24240,5,31
24241,24241,6,35
24242,24242,6,10
24243,24243,6,11
24244,24244,6,20
24245,24245,7,21
24246,24246,7,17
24247,24247,7,23
24248,24248,7,22
24249,24249,8,26
24250,24250,8,7
24251,24251,8,19
24252,24252,8,30
24253,24253,9,21
24254,24254,9,6
24255,24255,9,17
24256,24256,9,17
24257,24257,10,13
24258,24258,10,14
24259,24259,10,19
24260,24260,10,21
24261,24261,11,18
24262,24262,11,17
24263,24263,11,12
24264,24264,11,12
24265,24265,12,17
24266,24266,12,14
24267,24267,12,10
24268,24268,12,31
24269,24269,13,45
24270,24270,13,13
24271,24271,13,7
24272,24272,13,24
24273,24273,14,30
24274,24274,14,32
24275,24275,14,16
24276,24276,14,32
24277,24277,15,37
24278,24278,15,18
24279,24279,15,4
24280,24280,15,32
24281,24281,16,32
24282,24282,16,13
24283,24283,16,9
24284,24284,16,21
24285,24285,17,35
24286,24286,17,22
24287,24287,17,30
24288,24288,17,13
24289,24289,18,14
24290,24290,18,12
24291,24291,18,8
24292,24292,18,20
24293,24293,19,24
24294,24294,19,8
24295,24295,19,18
24296,24296,19,25
24297,24297,20,19
24298,24298,20,30
24299,24299,20,17
24300,24300,20,13
24301,24301,21,22
24302,24302,21,8
24303,24303,21,20
24304,24304,21,27
24305,24305,22,15
24306,24306,22,26
24307,24307,22,30
24308,24308,22,16
24309,24309,23,24
24310,24310,23,18
24311,24311,23,10
24312,24312,23,19
24313,24313,24,37
24314,24314,24,15
24315,24315,24,19
24316,24316,24,14
24317,24317,25,26
24318,24318,25,18
24319,24319,25,14
24320,24320,25,30
24321,24321,26,26
24322,24322,26,13
24323,24323,26,8
24324,24324,26,16
24325,24325,27,21
24326,24326,27,15
24327,24327,27,24
24328,24328,27,30
24329,24329,28,25
24330,24330,28,14
24331,24331,28,14
24332,24332,28,15
24333,24333,29,32
24334,24334,29,20
24335,24335,29,8
24336,24336,29,9
24337,24337,30,17
24338,24338,30,13
24339,24339,30,11
24340,24340,30,30
24341,24341,31,27
24342,24342,31,6
24343,24343,31,9
24344,24344,31,21
24345,24345,32,24
24346,24346,32,23
24347,24347,32,10
24348,24348,32,18
24349,24349,33,29
24350,24350,33,12
24351,24351,33,24
24352,24352,33,18
24353,24353,34,24
24354,24354,34,22
24355,24355,34,17
24356,24356,34,22
24357,24357,35,21
24358,24358,35,9
24359,24359,35,10
24360,24360,35,25
24361,24361,1,26
24362,24362,1,21
24363,24363,1,7
24364,24364,1,15
24365,24365,2,20
24366,24366,2,16
24367,24367,2,8
24368,24368,2,29
24369,24369,3,17
24370,24370,3,15
24371,24371,3,14
24372,24372,3,34
24373,24373,4,34
24374,24374,4,18
24375,24375,4,16
24376,24376,4,24
24377,24377,5,31
24378,24378,5,25
24379,24379,5,9
24380,24380,5,33
24381,24381,6,16
24382,24382,6,24
24383,24383,6,18
24384,24384,6,26
24385,24385,7,33
24386,24386,7,15
24387,24387,7,16
24388,24388,7,14
24389,24389,8,20
24390,24390,8,24
24391,24391,8,22
24392,24392,8,20
24393,24393,9,16
24394,24394,9,15
24395,24395,9,20
24396,24396,9,37
24397,24397,10,17
24398,24398,10,8
24399,24399,10,20
24400,24400,10,28
24401,24401,11,46
24402,24402,11,18
24403,24403,11,6
24404,24404,11,18
24405,24405,12,27
24406,24406,12,12
24407,24407,12,22
24408,24408,12,12
24409,24409,13,24
24410,24410,13,21
24411,24411,13,20
24412,24412,13,27
24413,24413,14,38
24414,24414,14,14
24415,24415,14,9
24416,24416,14,19
24417,24417,15,20
24418,24418,15,14
24419,24419,15,21
24420,24420,15,17
24421,24421,16,34
24422,24422,16,14
24423,24423,16,20
24424,24424,16,19
24425,24425,17,22
24426,24426,17,8
24427,24427,17,24
24428,24428,17,17
24429,24429,18,26
24430,24430,18,17
24431,24431,18,22
24432,24432,18,18
24433,24433,19,39
24434,24434,19,19
24435,24435,19,23
24436,24436,19,11
24437,24437,20,26
24438,24438,20,30
24439,24439,20,7
24440,24440,20,33
24441,24441,21,25
24442,24442,21,22
24443,24443,21,19
24444,24444,21,16
24445,24445,22,29
24446,24446,22,35
24447,24447,22,10
24448,24448,22,29
24449,24449,23,13
24450,24450,23,15
24451,24451,23,18
24452,24452,23,11
24453,24453,24,32
24454,24454,24,16
24455,24455,24,16
24456,24456,24,28
24457,24457,25,25
24458,24458,25,28
24459,24459,25,22
24460,24460,25,23
24461,24461,26,24
24462,24462,26,22
24463,24463,26,22
24464,24464,26,12
24465,24465,27,41
24466,24466,27,18
24467,24467,27,17
24468,24468,27,16
24469,24469,28,27
24470,24470,28,13
24471,24471,28,15
24472,24472,28,11
24473,24473,29,44
24474,24474,29,17
24475,24475,29,9
24476,24476,29,16
24477,24477,30,28
24478,24478,30,10
24479,24479,30,17
24480,24480,30,21
24481,24481,31,21
24482,24482,31,29
24483,24483,31,10
24484,24484,31,21
24485,24485,32,31
24486,24486,32,12
24487,24487,32,7
24488,24488,32,23
24489,24489,33,20
24490,24490,33,13
24491,24491,33,12
24492,24492,33,18
24493,24493,34,30
24494,24494,34,36
24495,24495,34,8
24496,24496,34,36
24497,24497,35,29
24498,24498,35,11
24499,24499,35,12
24500,24500,35,13
24501,24501,1,31
24502,24502,1,30
24503,24503,1,23
24504,24504,1,28
24505,24505,2,32
24506,24506,2,13
24507,24507,2,13
24508,24508,2,43
24509,24509,3,33
24510,24510,3,28
24511,24511,3,9
24512,24512,3,19
24513,24513,4,26
24514,24514,4,23
24515,24515,4,13
24516,24516,4,22
24517,24517,5,32
24518,24518,5,15
24519,24519,5,5
24520,24520,5,25
24521,24521,6,26
24522,24522,6,17
24523,24523,6,20
24524,24524,6,13
24525,24525,7,29
24526,24526,7,34
24527,24527,7,11
24528,24528,7,19
24529,24529,8,37
24530,24530,8,37
24531,24531,8,18
24532,24532,8,9
24533,24533,9,10
24534,24534,9,21
24535,24535,9,18
24536,24536,9,41
24537,24537,10,23
24538,24538,10,13
24539,24539,10,18
24540,24540,10,30
24541,24541,11,38
24542,24542,11,38
24543,24543,11,17
24544,24544,11,7
24545,24545,12,38
24546,24546,12,23
24547,24547,12,16
24548,24548,12,24
24549,24549,13,33
24550,24550,13,17
24551,24551,13,16
24552,24552,13,14
24553,24553,14,33
24554,24554,14,28
24555,24555,14,19
24556,24556,14,21
24557,24557,15,25
24558,24558,15,9
24559,24559,15,30
24560,24560,15,26
24561,24561,16,12
24562,24562,16,48
24563,24563,16,18
24564,24564,16,22
24565,24565,17,36
24566,24566,17,12
24567,24567,17,8
24568,24568,17,15
24569,24569,18,29
24570,24570,18,14
24571,24571,18,26
24572,24572,18,13
24573,24573,19,27
24574,24574,19,17
24575,24575,19,25
24576,24576,19,27
24577,24577,20,34
24578,24578,20,28
24579,24579,20,10
24580,24580,20,16
24581,24581,21,22
24582,24582,21,21
24583,24583,21,21
24584,24584,21,30
24585,24585,22,31
24586,24586,22,13
24587,24587,22,18
24588,24588,22,25
24589,24589,23,20
24590,24590,23,38
24591,24591,23,10
24592,24592,23,29
24593,24593,24,35
24594,24594,24,21
24595,24595,24,21
24596,24596,24,23
24597,24597,25,24
24598,24598,25,12
24599,24599,25,22
24600,24600,25,17
24601,24601,26,53
24602,24602,26,20
24603,24603,26,17
24604,24604,26,35
24605,24605,27,27
24606,24606,27,20
24607,24607,27,12
24608,24608,27,30
24609,24609,28,33
24610,24610,28,21
24611,24611,28,33
24612,24612,28,17
24613,24613,29,37
24614,24614,29,34
24615,24615,29,16
24616,24616,29,44
24617,24617,30,44
24618,24618,30,12
24619,24619,30,17
24620,24620,30,16
24621,24621,31,29
24622,24622,31,14
24623,24623,31,10
24624,24624,31,37
24625,24625,32,29
24626,24626,32,12
24627,24627,32,11
24628,24628,32,28
24629,24629,33,50
24630,24630,33,15
24631,24631,33,16
24632,24632,33,18
24633,24633,34,19
24634,24634,34,16
24635,24635,34,22
24636,24636,34,38
24637,24637,35,34
24638,24638,35,17
24639,24639,35,6
24640,24640,35,32
24641,24641,1,28
24642,24642,1,13
24643,24643,1,9
24644,24644,1,47
24645,24645,2,30
24646,24646,2,12
24647,24647,2,37
24648,24648,2,28
24649,24649,3,26
24650,24650,3,32
24651,24651,3,31
24652,24652,3,22
24653,24653,4,20
24654,24654,4,41
24655,24655,4,7
24656,24656,4,58
24657,24657,5,28
24658,24658,5,15
24659,24659,5,35
24660,24660,5,26
24661,24661,6,30
24662,24662,6,39
24663,24663,6,17
24664,24664,6,22
24665,24665,7,22
24666,24666,7,32
24667,24667,7,19
24668,24668,7,24
24669,24669,8,41
24670,24670,8,33
24671,24671,8,19
24672,24672,8,22
24673,24673,9,38
24674,24674,9,15
24675,24675,9,18
24676,24676,9,28
24677,24677,10,47
24678,24678,10,21
24679,24679,10,7
24680,24680,10,31
24681,24681,11,35
24682,24682,11,22
24683,24683,11,16
24684,24684,11,17
24685,24685,12,41
24686,24686,12,11
24687,24687,12,11
24688,24688,12,40
24689,24689,13,26
24690,24690,13,15
24691,24691,13,7
24692,24692,13,40
24693,24693,14,20
24694,24694,14,14
24695,24695,14,19
24696,24696,14,27
24697,24697,15,35
24698,24698,15,32
24699,24699,15,26
24700,24700,15,13
24701,24701,16,44
24702,24702,16,37
24703,24703,16,10
24704,24704,16,43
24705,24705,17,43
24706,24706,17,19
24707,24707,17,16
24708,24708,17,29
24709,24709,18,26
24710,24710,18,34
24711,24711,18,9
24712,24712,18,29
24713,24713,19,13
24714,24714,19,25
24715,24715,19,13
24716,24716,19,21
24717,24717,20,27
24718,24718,20,24
24719,24719,20,10
24720,24720,20,44
24721,24721,21,36
24722,24722,21,31
24723,24723,21,23
24724,24724,21,37
24725,24725,22,23
24726,24726,22,44
24727,24727,22,22
24728,24728,22,17
24729,24729,23,29
24730,24730,23,18
24731,24731,23,15
24732,24732,23,27
24733,24733,24,38
24734,24734,24,20
24735,24735,24,17
24736,24736,24,32
24737,24737,25,41
24738,24738,25,20
24739,24739,25,15
24740,24740,25,18
24741,24741,26,11
24742,24742,26,12
24743,24743,26,26
24744,24744,26,28
24745,24745,27,42
24746,24746,27,12
24747,24747,27,19
24748,24748,27,25
24749,24749,28,28
24750,24750,28,33
24751,24751,28,8
24752,24752,28,30
24753,24753,29,43
24754,24754,29,13
24755,24755,29,17
24756,24756,29,22
24757,24757,30,33
24758,24758,30,12
24759,24759,30,25
24760,24760,30,26
24761,24761,31,35
24762,24762,31,34
24763,24763,31,29
24764,24764,31,29
24765,24765,32,17
24766,24766,32,38
24767,24767,32,11
24768,24768,32,18
24769,24769,33,33
24770,24770,33,16
24771,24771,33,16
24772,24772,33,32
24773,24773,34,62
24774,24774,34,29
24775,24775,34,21
24776,24776,34,21
24777,24777,35,45
24778,24778,35,20
24779,24779,35,18
24780,24780,35,20
24781,24781,1,30
24782,24782,1,7
24783,24783,1,33
24784,24784,1,27
24785,24785,2,44
24786,24786,2,16
24787,24787,2,14
24788,24788,2,15
24789,24789,3,38
24790,24790,3,24
24791,24791,3,25
24792,24792,3,17
24793,24793,4,18
24794,24794,4,19
24795,24795,4,22
24796,24796,4,39
24797,24797,5,38
24798,24798,5,17
24799,24799,5,34
24800,24800,5,25
24801,24801,6,52
24802,24802,6,38
24803,24803,6,13
24804,24804,6,20
24805,24805,7,49
24806,24806,7,16
24807,24807,7,24
24808,24808,7,38
24809,24809,8,53
24810,24810,8,23
24811,24811,8,18
24812,24812,8,29
24813,24813,9,23
24814,24814,9,30
24815,24815,9,30
24816,24816,9,33
24817,24817,10,25
24818,24818,10,25
24819,24819,10,33
24820,24820,10,45
24821,24821,11,57
24822,24822,11,16
24823,24823,11,9
24824,24824,11,33
24825,24825,12,38
24826,24826,12,24
24827,24827,12,22
24828,24828,12,19
24829,24829,13,47
24830,24830,13,16
24831,24831,13,18
24832,24832,13,18
24833,24833,14,20
24834,24834,14,34
24835,24835,14,30
24836,24836,14,13
24837,24837,15,30
24838,24838,15,28
24839,24839,15,27
24840,24840,15,29
24841,24841,16,45
24842,24842,16,25
24843,24843,16,11
24844,24844,16,40
24845,24845,17,38
24846,24846,17,25
24847,24847,17,14
24848,24848,17,32
24849,24849,18,32
24850,24850,18,23
24851,24851,18,46
24852,24852,18,37
24853,24853,19,17
24854,24854,19,22
24855,24855,19,42
24856,24856,19,48
24857,24857,20,28
24858,24858,20,16
24859,24859,20,12
24860,24860,20,39
24861,24861,21,26
24862,24862,21,13
24863,24863,21,25
24864,24864,21,52
24865,24865,22,41
24866,24866,22,27
24867,24867,22,9
24868,24868,22,42
24869,24869,23,35
24870,24870,23,23
24871,24871,23,8
24872,24872,23,36
24873,24873,24,14
24874,24874,24,33
24875,24875,24,11
24876,24876,24,23
24877,24877,25,26
24878,24878,25,25
24879,24879,25,21
24880,24880,25,37
24881,24881,26,37
24882,24882,26,27
24883,24883,26,22
24884,24884,26,29
24885,24885,27,22
24886,24886,27,30
24887,24887,27,11
24888,24888,27,39
24889,24889,28,28
24890,24890,28,15
24891,24891,28,35
24892,24892,28,59
24893,24893,29,23
24894,24894,29,29
24895,24895,29,16
24896,24896,29,30
24897,24897,30,24
24898,24898,30,20
24899,24899,30,22
24900,24900,30,33
24901,24901,31,40
24902,24902,31,32
24903,24903,31,16
24904,24904,31,29
24905,24905,32,23
24906,24906,32,33
24907,24907,32,19
24908,24908,32,27
24909,24909,33,40
24910,24910,33,20
24911,24911,33,25
24912,24912,33,14
24913,24913,34,41
24914,24914,34,21
24915,24915,34,23
24916,24916,34,32
24917,24917,35,34
24918,24918,35,45
24919,24919,35,12
24920,24920,35,19
24921,24921,1,25
24922,24922,1,23
24923,24923,1,13
24924,24924,1,27
24925,24925,2,14
24926,24926,2,14
24927,24927,2,14
24928,24928,2,38
24929,24929,3,25
24930,24930,3,24
24931,24931,3,18
24932,24932,3,28
24933,24933,4,23
24934,24934,4,29
24935,24935,4,11
24936,24936,4,23
24937,24937,5,36
24938,24938,5,5
24939,24939,5,23
24940,24940,5,21
24941,24941,6,18
24942,24942,6,13
24943,24943,6,24
24944,24944,6,25
24945,24945,7,11
24946,24946,7,38
24947,24947,7,23
24948,24948,7,33
24949,24949,8,46
24950,24950,8,13
24951,24951,8,14
24952,24952,8,27
24953,24953,9,25
24954,24954,9,19
24955,24955,9,17
24956,24956,9,16
24957,24957,10,26
24958,24958,10,28
24959,24959,10,9
24960,24960,10,23
24961,24961,11,20
24962,24962,11,6
24963,24963,11,9
24964,24964,11,38
24965,24965,12,20
24966,24966,12,13
24967,24967,12,12
24968,24968,12,27
24969,24969,13,28
24970,24970,13,20
24971,24971,13,17
24972,24972,13,10
24973,24973,14,21
24974,24974,14,15
24975,24975,14,10
24976,24976,14,33
24977,24977,15,46
24978,24978,15,24
24979,24979,15,21
24980,24980,15,31
24981,24981,16,32
24982,24982,16,15
24983,24983,16,5
24984,24984,16,32
24985,24985,17,37
24986,24986,17,15
24987,24987,17,16
24988,24988,17,32
24989,24989,18,30
24990,24990,18,27
24991,24991,18,14
24992,24992,18,31
24993,24993,19,30
24994,24994,19,21
24995,24995,19,19
24996,24996,19,23
24997,24997,20,18
24998,24998,20,19
24999,24999,20,17
25000,25000,20,20
25001,25001,21,26
25002,25002,21,17
25003,25003,21,16
25004,25004,21,17
25005,25005,22,35
25006,25006,22,22
25007,25007,22,8
25008,25008,22,23
25009,25009,23,19
25010,25010,23,22
25011,25011,23,10
25012,25012,23,34
25013,25013,24,26
25014,25014,24,21
25015,25015,24,19
25016,25016,24,32
25017,25017,25,29
25018,25018,25,19
25019,25019,25,12
25020,25020,25,32
25021,25021,26,11
25022,25022,26,26
25023,25023,26,19
25024,25024,26,31
25025,25025,27,12
25026,25026,27,13
25027,25027,27,12
25028,25028,27,31
25029,25029,28,26
25030,25030,28,15
25031,25031,28,17
25032,25032,28,41
25033,25033,29,30
25034,25034,29,23
25035,25035,29,18
25036,25036,29,26
25037,25037,30,29
25038,25038,30,12
25039,25039,30,34
25040,25040,30,22
25041,25041,31,51
25042,25042,31,28
25043,25043,31,23
25044,25044,31,21
25045,25045,32,39
25046,25046,32,20
25047,25047,32,21
25048,25048,32,16
25049,25049,33,26
25050,25050,33,16
25051,25051,33,5
25052,25052,33,24
25053,25053,34,45
25054,25054,34,19
25055,25055,34,17
25056,25056,34,24
25057,25057,35,24
25058,25058,35,11
25059,25059,35,14
25060,25060,35,13
25061,25061,1,14
25062,25062,1,18
25063,25063,1,9
25064,25064,1,34
25065,25065,2,20
25066,25066,2,10
25067,25067,2,25
25068,25068,2,25
25069,25069,3,21
25070,25070,3,12
25071,25071,3,18
25072,25072,3,21
25073,25073,4,31
25074,25074,4,18
25075,25075,4,28
25076,25076,4,21
25077,25077,5,23
25078,25078,5,16
25079,25079,5,9
25080,25080,5,26
25081,25081,6,22
25082,25082,6,12
25083,25083,6,8
25084,25084,6,48
25085,25085,7,27
25086,25086,7,6
25087,25087,7,14
25088,25088,7,24
25089,25089,8,13
25090,25090,8,12
25091,25091,8,17
25092,25092,8,27
25093,25093,9,16
25094,25094,9,11
25095,25095,9,13
25096,25096,9,23
25097,25097,10,29
25098,25098,10,27
25099,25099,10,12
25100,25100,10,11
25101,25101,11,24
25102,25102,11,9
25103,25103,11,14
25104,25104,11,29
25105,25105,12,28
25106,25106,12,26
25107,25107,12,12
25108,25108,12,15
25109,25109,13,23
25110,25110,13,13
25111,25111,13,25
25112,25112,13,38
25113,25113,14,15
25114,25114,14,20
25115,25115,14,14
25116,25116,14,18
25117,25117,15,22
25118,25118,15,11
25119,25119,15,10
25120,25120,15,17
25121,25121,16,38
25122,25122,16,6
25123,25123,16,18
25124,25124,16,26
25125,25125,17,29
25126,25126,17,21
25127,25127,17,26
25128,25128,17,11
25129,25129,18,35
25130,25130,18,16
25131,25131,18,19
25132,25132,18,14
25133,25133,19,17
25134,25134,19,14
25135,25135,19,21
25136,25136,19,24
25137,25137,20,40
25138,25138,20,11
25139,25139,20,11
25140,25140,20,23
25141,25141,21,28
25142,25142,21,17
25143,25143,21,14
25144,25144,21,19
25145,25145,22,35
25146,25146,22,8
25147,25147,22,16
25148,25148,22,22
25149,25149,23,31
25150,25150,23,18
25151,25151,23,6
25152,25152,23,14
25153,25153,24,32
25154,25154,24,14
25155,25155,24,25
25156,25156,24,10
25157,25157,25,22
25158,25158,25,18
25159,25159,25,21
25160,25160,25,19
25161,25161,26,22
25162,25162,26,11
25163,25163,26,11
25164,25164,26,25
25165,25165,27,27
25166,25166,27,16
25167,25167,27,14
25168,25168,27,23
25169,25169,28,13
25170,25170,28,15
25171,25171,28,21
25172,25172,28,23
25173,25173,29,25
25174,25174,29,9
25175,25175,29,10
25176,25176,29,17
25177,25177,30,24
25178,25178,30,7
25179,25179,30,13
25180,25180,30,23
25181,25181,31,18
25182,25182,31,24
25183,25183,31,17
25184,25184,31,17
25185,25185,32,17
25186,25186,32,17
25187,25187,32,12
25188,25188,32,17
25189,25189,33,24
25190,25190,33,14
25191,25191,33,12
25192,25192,33,15
25193,25193,34,16
25194,25194,34,15
25195,25195,34,8
25196,25196,34,20
25197,25197,35,10
25198,25198,35,16
25199,25199,35,7
25200,25200,35,26
25201,25201,1,20
25202,25202,1,16
25203,25203,1,17
25204,25204,1,12
25205,25205,2,37
25206,25206,2,13
25207,25207,2,25
25208,25208,2,14
25209,25209,3,7
25210,25210,3,20
25211,25211,3,12
25212,25212,3,27
25213,25213,4,20
25214,25214,4,11
25215,25215,4,17
25216,25216,4,18
25217,25217,5,26
25218,25218,5,12
25219,25219,5,15
25220,25220,5,10
25221,25221,6,18
25222,25222,6,20
25223,25223,6,19
25224,25224,6,14
25225,25225,7,38
25226,25226,7,19
25227,25227,7,7
25228,25228,7,12
25229,25229,8,35
25230,25230,8,12
25231,25231,8,11
25232,25232,8,14
25233,25233,9,19
25234,25234,9,31
25235,25235,9,14
25236,25236,9,26
25237,25237,10,29
25238,25238,10,9
25239,25239,10,13
25240,25240,10,27
25241,25241,11,27
25242,25242,11,27
25243,25243,11,4
25244,25244,11,16
25245,25245,12,31
25246,25246,12,10
25247,25247,12,6
25248,25248,12,16
25249,25249,13,21
25250,25250,13,12
25251,25251,13,12
25252,25252,13,25
25253,25253,14,26
25254,25254,14,11
25255,25255,14,14
25256,25256,14,24
25257,25257,15,26
25258,25258,15,26
25259,25259,15,14
25260,25260,15,14
25261,25261,16,56
25262,25262,16,14
25263,25263,16,21
25264,25264,16,17
25265,25265,17,17
25266,25266,17,28
25267,25267,17,28
25268,25268,17,14
25269,25269,18,45
25270,25270,18,25
25271,25271,18,19
25272,25272,18,17
25273,25273,19,31
25274,25274,19,13
25275,25275,19,5
25276,25276,19,22
25277,25277,20,9
25278,25278,20,21
25279,25279,20,15
25280,25280,20,14
25281,25281,21,14
25282,25282,21,25
25283,25283,21,5
25284,25284,21,20
25285,25285,22,27
25286,25286,22,19
25287,25287,22,31
25288,25288,22,18
25289,25289,23,27
25290,25290,23,22
25291,25291,23,22
25292,25292,23,18
25293,25293,24,27
25294,25294,24,10
25295,25295,24,13
25296,25296,24,23
25297,25297,25,21
25298,25298,25,19
25299,25299,25,12
25300,25300,25,25
25301,25301,26,10
25302,25302,26,24
25303,25303,26,14
25304,25304,26,20
25305,25305,27,32
25306,25306,27,24
25307,25307,27,7
25308,25308,27,21
25309,25309,28,13
25310,25310,28,25
25311,25311,28,21
25312,25312,28,14
25313,25313,29,39
25314,25314,29,9
25315,25315,29,28
25316,25316,29,17
25317,25317,30,28
25318,25318,30,14
25319,25319,30,17
25320,25320,30,25
25321,25321,31,33
25322,25322,31,15
25323,25323,31,15
25324,25324,31,16
25325,25325,32,16
25326,25326,32,14
25327,25327,32,10
25328,25328,32,24
25329,25329,33,23
25330,25330,33,16
25331,25331,33,14
25332,25332,33,16
25333,25333,34,31
25334,25334,34,14
25335,25335,34,18
25336,25336,34,23
25337,25337,35,32
25338,25338,35,15
25339,25339,35,7
25340,25340,35,19
25341,25341,1,9
25342,25342,1,27
25343,25343,1,22
25344,25344,1,28
25345,25345,2,14
25346,25346,2,26
25347,25347,2,5
25348,25348,2,37
25349,25349,3,32
25350,25350,3,12
25351,25351,3,14
25352,25352,3,20
25353,25353,4,30
25354,25354,4,20
25355,25355,4,11
25356,25356,4,29
25357,25357,5,21
25358,25358,5,25
25359,25359,5,14
25360,25360,5,23
25361,25361,6,25
25362,25362,6,11
25363,25363,6,11
25364,25364,6,12
25365,25365,7,28
25366,25366,7,31
25367,25367,7,24
25368,25368,7,11
25369,25369,8,36
25370,25370,8,9
25371,25371,8,12
25372,25372,8,21
25373,25373,9,25
25374,25374,9,24
25375,25375,9,13
25376,25376,9,19
25377,25377,10,33
25378,25378,10,11
25379,25379,10,8
25380,25380,10,30
25381,25381,11,32
25382,25382,11,12
25383,25383,11,27
25384,25384,11,23
25385,25385,12,46
25386,25386,12,10
25387,25387,12,10
25388,25388,12,24
25389,25389,13,13
25390,25390,13,20
25391,25391,13,25
25392,25392,13,43
25393,25393,14,25
25394,25394,14,17
25395,25395,14,29
25396,25396,14,22
25397,25397,15,18
25398,25398,15,25
25399,25399,15,18
25400,25400,15,19
25401,25401,16,39
25402,25402,16,15
25403,25403,16,23
25404,25404,16,15
25405,25405,17,30
25406,25406,17,31
25407,25407,17,10
25408,25408,17,24
25409,25409,18,20
25410,25410,18,29
25411,25411,18,20
25412,25412,18,16
25413,25413,19,14
25414,25414,19,28
25415,25415,19,6
25416,25416,19,20
25417,25417,20,19
25418,25418,20,15
25419,25419,20,22
25420,25420,20,29
25421,25421,21,25
25422,25422,21,13
25423,25423,21,9
25424,25424,21,24
25425,25425,22,23
25426,25426,22,17
25427,25427,22,24
25428,25428,22,11
25429,25429,23,29
25430,25430,23,16
25431,25431,23,29
25432,25432,23,16
25433,25433,24,22
25434,25434,24,27
25435,25435,24,13
25436,25436,24,12
25437,25437,25,26
25438,25438,25,10
25439,25439,25,20
25440,25440,25,27
25441,25441,26,18
25442,25442,26,18
25443,25443,26,20
25444,25444,26,14
25445,25445,27,19
25446,25446,27,12
25447,25447,27,22
25448,25448,27,35
25449,25449,28,21
25450,25450,28,25
25451,25451,28,10
25452,25452,28,33
25453,25453,29,27
25454,25454,29,17
25455,25455,29,15
25456,25456,29,9
25457,25457,30,18
25458,25458,30,22
25459,25459,30,22
25460,25460,30,22
25461,25461,31,36
25462,25462,31,15
25463,25463,31,20
25464,25464,31,11
25465,25465,32,29
25466,25466,32,29
25467,25467,32,19
25468,25468,32,17
25469,25469,33,29
25470,25470,33,12
25471,25471,33,15
25472,25472,33,33
25473,25473,34,38
25474,25474,34,15
25475,25475,34,16
25476,25476,34,19
25477,25477,35,28
25478,25478,35,11
25479,25479,35,14
25480,25480,35,28
25481,25481,1,24
25482,25482,1,21
25483,25483,1,12
25484,25484,1,31
25485,25485,2,17
25486,25486,2,16
25487,25487,2,23
25488,25488,2,30
25489,25489,3,13
25490,25490,3,18
25491,25491,3,30
25492,25492,3,33
25493,25493,4,26
25494,25494,4,45
25495,25495,4,12
25496,25496,4,21
25497,25497,5,14
25498,25498,5,8
25499,25499,5,16
25500,25500,5,30
25501,25501,6,34
25502,25502,6,34
25503,25503,6,17
25504,25504,6,21
25505,25505,7,37
25506,25506,7,14
25507,25507,7,27
25508,25508,7,31
25509,25509,8,16
25510,25510,8,12
25511,25511,8,20
25512,25512,8,24
25513,25513,9,47
25514,25514,9,23
25515,25515,9,8
25516,25516,9,33
25517,25517,10,24
25518,25518,10,22
25519,25519,10,9
25520,25520,10,32
25521,25521,11,19
25522,25522,11,16
25523,25523,11,8
25524,25524,11,41
25525,25525,12,21
25526,25526,12,21
25527,25527,12,16
25528,25528,12,46
25529,25529,13,23
25530,25530,13,21
25531,25531,13,25
25532,25532,13,27
25533,25533,14,33
25534,25534,14,26
25535,25535,14,14
25536,25536,14,32
25537,25537,15,30
25538,25538,15,16
25539,25539,15,15
25540,25540,15,35
25541,25541,16,15
25542,25542,16,43
25543,25543,16,18
25544,25544,16,25
25545,25545,17,33
25546,25546,17,36
25547,25547,17,22
25548,25548,17,16
25549,25549,18,31
25550,25550,18,12
25551,25551,18,9
25552,25552,18,22
25553,25553,19,25
25554,25554,19,42
25555,25555,19,9
25556,25556,19,13
25557,25557,20,21
25558,25558,20,19
25559,25559,20,28
25560,25560,20,32
25561,25561,21,17
25562,25562,21,30
25563,25563,21,17
25564,25564,21,33
25565,25565,22,19
25566,25566,22,18
25567,25567,22,10
25568,25568,22,28
25569,25569,23,34
25570,25570,23,25
25571,25571,23,11
25572,25572,23,33
25573,25573,24,21
25574,25574,24,30
25575,25575,24,10
25576,25576,24,24
25577,25577,25,32
25578,25578,25,21
25579,25579,25,16
25580,25580,25,18
25581,25581,26,32
25582,25582,26,32
25583,25583,26,39
25584,25584,26,23
25585,25585,27,35
25586,25586,27,23
25587,25587,27,14
25588,25588,27,29
25589,25589,28,31
25590,25590,28,21
25591,25591,28,24
25592,25592,28,17
25593,25593,29,12
25594,25594,29,34
25595,25595,29,19
25596,25596,29,27
25597,25597,30,39
25598,25598,30,27
25599,25599,30,14
25600,25600,30,17
25601,25601,31,23
25602,25602,31,12
25603,25603,31,25
25604,25604,31,16
25605,25605,32,36
25606,25606,32,17
25607,25607,32,7
25608,25608,32,31
25609,25609,33,21
25610,25610,33,20
25611,25611,33,19
25612,25612,33,17
25613,25613,34,38
25614,25614,34,9
25615,25615,34,21
25616,25616,34,14
25617,25617,35,18
25618,25618,35,28
25619,25619,35,17
25620,25620,35,24
25621,25621,1,23
25622,25622,1,18
25623,25623,1,14
25624,25624,1,32
25625,25625,2,17
25626,25626,2,25
25627,25627,2,11
25628,25628,2,28
25629,25629,3,38
25630,25630,3,24
25631,25631,3,10
25632,25632,3,28
25633,25633,4,43
25634,25634,4,16
25635,25635,4,5
25636,25636,4,50
25637,25637,5,31
25638,25638,5,13
25639,25639,5,16
25640,25640,5,57
25641,25641,6,19
25642,25642,6,38
25643,25643,6,9
25644,25644,6,40
25645,25645,7,28
25646,25646,7,14
25647,25647,7,16
25648,25648,7,31
25649,25649,8,27
25650,25650,8,26
25651,25651,8,29
25652,25652,8,21
25653,25653,9,33
25654,25654,9,26
25655,25655,9,18
25656,25656,9,32
25657,25657,10,24
25658,25658,10,14
25659,25659,10,22
25660,25660,10,29
25661,25661,11,42
25662,25662,11,12
25663,25663,11,19
25664,25664,11,24
25665,25665,12,31
25666,25666,12,26
25667,25667,12,18
25668,25668,12,25
25669,25669,13,47
25670,25670,13,23
25671,25671,13,10
25672,25672,13,38
25673,25673,14,26
25674,25674,14,24
25675,25675,14,25
25676,25676,14,11
25677,25677,15,72
25678,25678,15,19
25679,25679,15,18
25680,25680,15,17
25681,25681,16,42
25682,25682,16,14
25683,25683,16,19
25684,25684,16,32
25685,25685,17,43
25686,25686,17,23
25687,25687,17,16
25688,25688,17,19
25689,25689,18,43
25690,25690,18,21
25691,25691,18,21
25692,25692,18,27
25693,25693,19,35
25694,25694,19,15
25695,25695,19,25
25696,25696,19,26
25697,25697,20,36
25698,25698,20,19
25699,25699,20,17
25700,25700,20,33
25701,25701,21,44
25702,25702,21,10
25703,25703,21,18
25704,25704,21,27
25705,25705,22,62
25706,25706,22,26
25707,25707,22,13
25708,25708,22,19
25709,25709,23,30
25710,25710,23,37
25711,25711,23,20
25712,25712,23,25
25713,25713,24,35
25714,25714,24,20
25715,25715,24,18
25716,25716,24,37
25717,25717,25,21
25718,25718,25,20
25719,25719,25,23
25720,25720,25,41
25721,25721,26,41
25722,25722,26,26
25723,25723,26,34
25724,25724,26,21
25725,25725,27,32
25726,25726,27,16
25727,25727,27,23
25728,25728,27,43
25729,25729,28,25
25730,25730,28,26
25731,25731,28,22
25732,25732,28,48
25733,25733,29,29
25734,25734,29,46
25735,25735,29,9
25736,25736,29,38
25737,25737,30,43
25738,25738,30,29
25739,25739,30,19
25740,25740,30,22
25741,25741,31,23
25742,25742,31,23
25743,25743,31,32
25744,25744,31,22
25745,25745,32,17
25746,25746,32,39
25747,25747,32,21
25748,25748,32,35
25749,25749,33,31
25750,25750,33,15
25751,25751,33,16
25752,25752,33,28
25753,25753,34,34
25754,25754,34,17
25755,25755,34,26
25756,25756,34,7
25757,25757,35,44
25758,25758,35,26
25759,25759,35,10
25760,25760,35,19
25761,25761,1,36
25762,25762,1,30
25763,25763,1,15
25764,25764,1,20
25765,25765,2,38
25766,25766,2,37
25767,25767,2,29
25768,25768,2,42
25769,25769,3,19
25770,25770,3,32
25771,25771,3,22
25772,25772,3,31
25773,25773,4,28
25774,25774,4,30
25775,25775,4,12
25776,25776,4,33
25777,25777,5,41
25778,25778,5,34
25779,25779,5,19
25780,25780,5,20
25781,25781,6,55
25782,25782,6,22
25783,25783,6,29
25784,25784,6,32
25785,25785,7,28
25786,25786,7,21
25787,25787,7,31
25788,25788,7,22
25789,25789,8,29
25790,25790,8,20
25791,25791,8,29
25792,25792,8,28
25793,25793,9,18
25794,25794,9,26
25795,25795,9,22
25796,25796,9,22
25797,25797,10,16
25798,25798,10,34
25799,25799,10,14
25800,25800,10,30
25801,25801,11,33
25802,25802,11,21
25803,25803,11,16
25804,25804,11,30
25805,25805,12,42
25806,25806,12,19
25807,25807,12,18
25808,25808,12,19
25809,25809,13,25
25810,25810,13,26
25811,25811,13,15
25812,25812,13,23
25813,25813,14,41
25814,25814,14,21
25815,25815,14,24
25816,25816,14,37
25817,25817,15,38
25818,25818,15,10
25819,25819,15,26
25820,25820,15,24
25821,25821,16,27
25822,25822,16,38
25823,25823,16,25
25824,25824,16,35
25825,25825,17,60
25826,25826,17,19
25827,25827,17,18
25828,25828,17,33
25829,25829,18,28
25830,25830,18,14
25831,25831,18,20
25832,25832,18,30
25833,25833,19,20
25834,25834,19,32
25835,25835,19,10
25836,25836,19,27
25837,25837,20,35
25838,25838,20,26
25839,25839,20,24
25840,25840,20,15
25841,25841,21,35
25842,25842,21,29
25843,25843,21,27
25844,25844,21,16
25845,25845,22,32
25846,25846,22,51
25847,25847,22,39
25848,25848,22,30
25849,25849,23,64
25850,25850,23,11
25851,25851,23,9
25852,25852,23,25
25853,25853,24,48
25854,25854,24,11
25855,25855,24,23
25856,25856,24,28
25857,25857,25,33
25858,25858,25,15
25859,25859,25,24
25860,25860,25,36
25861,25861,26,37
25862,25862,26,20
25863,25863,26,17
25864,25864,26,19
25865,25865,27,44
25866,25866,27,28
25867,25867,27,17
25868,25868,27,24
25869,25869,28,31
25870,25870,28,19
25871,25871,28,24
25872,25872,28,29
25873,25873,29,28
25874,25874,29,32
25875,25875,29,20
25876,25876,29,33
25877,25877,30,27
25878,25878,30,34
25879,25879,30,30
25880,25880,30,33
25881,25881,31,47
25882,25882,31,17
25883,25883,31,35
25884,25884,31,23
25885,25885,32,28
25886,25886,32,39
25887,25887,32,19
25888,25888,32,32
25889,25889,33,24
25890,25890,33,20
25891,25891,33,25
25892,25892,33,21
25893,25893,34,16
25894,25894,34,21
25895,25895,34,15
25896,25896,34,35
25897,25897,35,24
25898,25898,35,20
25899,25899,35,10
25900,25900,35,34
25901,25901,1,22
25902,25902,1,20
25903,25903,1,13
25904,25904,1,33
25905,25905,2,40
25906,25906,2,12
25907,25907,2,8
25908,25908,2,25
25909,25909,3,30
25910,25910,3,29
25911,25911,3,19
25912,25912,3,23
25913,25913,4,28
25914,25914,4,9
25915,25915,4,29
25916,25916,4,24
25917,25917,5,20
25918,25918,5,18
25919,25919,5,18
25920,25920,5,14
25921,25921,6,36
25922,25922,6,24
25923,25923,6,16
25924,25924,6,6
25925,25925,7,34
25926,25926,7,13
25927,25927,7,11
25928,25928,7,20
25929,25929,8,40
25930,25930,8,16
25931,25931,8,18
25932,25932,8,16
25933,25933,9,41
25934,25934,9,25
25935,25935,9,14
25936,25936,9,18
25937,25937,10,28
25938,25938,10,18
25939,25939,10,15
25940,25940,10,30
25941,25941,11,26
25942,25942,11,15
25943,25943,11,28
25944,25944,11,28
25945,25945,12,20
25946,25946,12,15
25947,25947,12,37
25948,25948,12,19
25949,25949,13,18
25950,25950,13,20
25951,25951,13,12
25952,25952,13,37
25953,25953,14,41
25954,25954,14,10
25955,25955,14,7
25956,25956,14,22
25957,25957,15,20
25958,25958,15,17
25959,25959,15,24
25960,25960,15,26
25961,25961,16,29
25962,25962,16,30
25963,25963,16,24
25964,25964,16,22
25965,25965,17,41
25966,25966,17,19
25967,25967,17,16
25968,25968,17,29
25969,25969,18,30
25970,25970,18,18
25971,25971,18,8
25972,25972,18,19
25973,25973,19,19
25974,25974,19,10
25975,25975,19,25
25976,25976,19,28
25977,25977,20,26
25978,25978,20,24
25979,25979,20,21
25980,25980,20,29
25981,25981,21,15
25982,25982,21,18
25983,25983,21,17
25984,25984,21,38
25985,25985,22,28
25986,25986,22,20
25987,25987,22,15
25988,25988,22,20
25989,25989,23,20
25990,25990,23,21
25991,25991,23,19
25992,25992,23,36
25993,25993,24,43
25994,25994,24,14
25995,25995,24,19
25996,25996,24,27
25997,25997,25,28
25998,25998,25,33
25999,25999,25,15
26000,26000,25,17
26001,26001,26,27
26002,26002,26,31
26003,26003,26,13
26004,26004,26,20
26005,26005,27,37
26006,26006,27,16
26007,26007,27,10
26008,26008,27,29
26009,26009,28,24
26010,26010,28,18
26011,26011,28,16
26012,26012,28,21
26013,26013,29,28
26014,26014,29,30
26015,26015,29,18
26016,26016,29,21
26017,26017,30,19
26018,26018,30,35
26019,26019,30,18
26020,26020,30,21
26021,26021,31,30
26022,26022,31,24
26023,26023,31,12
26024,26024,31,15
26025,26025,32,43
26026,26026,32,22
26027,26027,32,6
26028,26028,32,23
26029,26029,33,28
26030,26030,33,17
26031,26031,33,22
26032,26032,33,24
26033,26033,34,27
26034,26034,34,15
26035,26035,34,16
26036,26036,34,24
26037,26037,35,40
26038,26038,35,16
26039,26039,35,24
26040,26040,35,16
26041,26041,1,38
26042,26042,1,14
26043,26043,1,8
26044,26044,1,19
26045,26045,2,10
26046,26046,2,14
26047,26047,2,10
26048,26048,2,9
26049,26049,3,16
26050,26050,3,19
26051,26051,3,15
26052,26052,3,17
26053,26053,4,44
26054,26054,4,7
26055,26055,4,11
26056,26056,4,15
26057,26057,5,25
26058,26058,5,14
26059,26059,5,14
26060,26060,5,27
26061,26061,6,14
26062,26062,6,20
26063,26063,6,16
26064,26064,6,14
26065,26065,7,19
26066,26066,7,10
26067,26067,7,15
26068,26068,7,28
26069,26069,8,17
26070,26070,8,15
26071,26071,8,17
26072,26072,8,29
26073,26073,9,10
26074,26074,9,16
26075,26075,9,25
26076,26076,9,13
26077,26077,10,32
26078,26078,10,14
26079,26079,10,14
26080,26080,10,22
26081,26081,11,29
26082,26082,11,16
26083,26083,11,14
26084,26084,11,20
26085,26085,12,46
26086,26086,12,24
26087,26087,12,15
26088,26088,12,23
26089,26089,13,19
26090,26090,13,16
26091,26091,13,17
26092,26092,13,26
26093,26093,14,17
26094,26094,14,20
26095,26095,14,20
26096,26096,14,15
26097,26097,15,28
26098,26098,15,25
26099,26099,15,27
26100,26100,15,12
26101,26101,16,14
26102,26102,16,8
26103,26103,16,10
26104,26104,16,18
26105,26105,17,25
26106,26106,17,12
26107,26107,17,11
26108,26108,17,22
26109,26109,18,16
26110,26110,18,14
26111,26111,18,22
26112,26112,18,13
26113,26113,19,23
26114,26114,19,38
26115,26115,19,7
26116,26116,19,21
26117,26117,20,22
26118,26118,20,9
26119,26119,20,7
26120,26120,20,22
26121,26121,21,29
26122,26122,21,24
26123,26123,21,17
26124,26124,21,16
26125,26125,22,20
26126,26126,22,15
26127,26127,22,9
26128,26128,22,29
26129,26129,23,19
26130,26130,23,16
26131,26131,23,4
26132,26132,23,25
26133,26133,24,27
26134,26134,24,11
26135,26135,24,12
26136,26136,24,26
26137,26137,25,15
26138,26138,25,6
26139,26139,25,18
26140,26140,25,26
26141,26141,26,27
26142,26142,26,13
26143,26143,26,11
26144,26144,26,25
26145,26145,27,28
26146,26146,27,21
26147,26147,27,10
26148,26148,27,17
26149,26149,28,21
26150,26150,28,18
26151,26151,28,9
26152,26152,28,20
26153,26153,29,16
26154,26154,29,26
26155,26155,29,16
26156,26156,29,19
26157,26157,30,29
26158,26158,30,13
26159,26159,30,11
26160,26160,30,18
26161,26161,31,25
26162,26162,31,12
26163,26163,31,5
26164,26164,31,26
26165,26165,32,27
26166,26166,32,21
26167,26167,32,10
26168,26168,32,24
26169,26169,33,29
26170,26170,33,14
26171,26171,33,21
26172,26172,33,21
26173,26173,34,21
26174,26174,34,18
26175,26175,34,9
26176,26176,34,34
26177,26177,35,37
26178,26178,35,16
26179,26179,35,9
26180,26180,35,20
26181,26181,1,34
26182,26182,1,18
26183,26183,1,26
26184,26184,1,15
26185,26185,2,28
26186,26186,2,14
26187,26187,2,15
26188,26188,2,25
26189,26189,3,28
26190,26190,3,16
26191,26191,3,22
26192,26192,3,17
26193,26193,4,29
26194,26194,4,14
26195,26195,4,15
26196,26196,4,16
26197,26197,5,40
26198,26198,5,13
26199,26199,5,10
26200,26200,5,29
26201,26201,6,17
26202,26202,6,30
26203,26203,6,18
26204,26204,6,27
26205,26205,7,26
26206,26206,7,22
26207,26207,7,13
26208,26208,7,21
26209,26209,8,18
26210,26210,8,30
26211,26211,8,29
26212,26212,8,10
26213,26213,9,21
26214,26214,9,15
26215,26215,9,9
26216,26216,9,33
26217,26217,10,33
26218,26218,10,14
26219,26219,10,3
26220,26220,10,32
26221,26221,11,28
26222,26222,11,8
26223,26223,11,13
26224,26224,11,14
26225,26225,12,27
26226,26226,12,16
26227,26227,12,23
26228,26228,12,28
26229,26229,13,25
26230,26230,13,21
26231,26231,13,14
26232,26232,13,14
26233,26233,14,23
26234,26234,14,19
26235,26235,14,18
26236,26236,14,28
26237,26237,15,30
26238,26238,15,6
26239,26239,15,11
26240,26240,15,21
26241,26241,16,28
26242,26242,16,23
26243,26243,16,8
26244,26244,16,28
26245,26245,17,14
26246,26246,17,17
26247,26247,17,15
26248,26248,17,37
26249,26249,18,31
26250,26250,18,11
26251,26251,18,15
26252,26252,18,26
26253,26253,19,28
26254,26254,19,17
26255,26255,19,13
26256,26256,19,25
26257,26257,20,32
26258,26258,20,8
26259,26259,20,17
26260,26260,20,23
26261,26261,21,19
26262,26262,21,8
26263,26263,21,18
26264,26264,21,16
26265,26265,22,15
26266,26266,22,28
26267,26267,22,11
26268,26268,22,21
26269,26269,23,30
26270,26270,23,14
26271,26271,23,10
26272,26272,23,33
26273,26273,24,21
26274,26274,24,9
26275,26275,24,8
26276,26276,24,32
26277,26277,25,16
26278,26278,25,9
26279,26279,25,24
26280,26280,25,31
26281,26281,26,14
26282,26282,26,21
26283,26283,26,10
26284,26284,26,34
26285,26285,27,17
26286,26286,27,30
26287,26287,27,13
26288,26288,27,15
26289,26289,28,28
26290,26290,28,8
26291,26291,28,16
26292,26292,28,25
26293,26293,29,24
26294,26294,29,24
26295,26295,29,9
26296,26296,29,31
26297,26297,30,23
26298,26298,30,21
26299,26299,30,9
26300,26300,30,21
26301,26301,31,25
26302,26302,31,8
26303,26303,31,18
26304,26304,31,18
26305,26305,32,33
26306,26306,32,17
26307,26307,32,14
26308,26308,32,9
26309,26309,33,29
26310,26310,33,12
26311,26311,33,10
26312,26312,33,10
26313,26313,34,18
26314,26314,34,15
26315,26315,34,13
26316,26316,34,33
26317,26317,35,49
26318,26318,35,6
26319,26319,35,16
26320,26320,35,14
26321,26321,1,28
26322,26322,1,12
26323,26323,1,10
26324,26324,1,27
26325,26325,2,31
26326,26326,2,20
26327,26327,2,11
26328,26328,2,24
26329,26329,3,24
26330,26330,3,12
26331,26331,3,35
26332,26332,3,23
26333,26333,4,22
26334,26334,4,10
26335,26335,4,26
26336,26336,4,26
26337,26337,5,16
26338,26338,5,14
26339,26339,5,9
26340,26340,5,37
26341,26341,6,21
26342,26342,6,31
26343,26343,6,12
26344,26344,6,21
26345,26345,7,38
26346,26346,7,3
26347,26347,7,11
26348,26348,7,31
26349,26349,8,17
26350,26350,8,18
26351,26351,8,5
26352,26352,8,40
26353,26353,9,38
26354,26354,9,16
26355,26355,9,15
26356,26356,9,19
26357,26357,10,31
26358,26358,10,29
26359,26359,10,20
26360,26360,10,16
26361,26361,11,20
26362,26362,11,21
26363,26363,11,11
26364,26364,11,28
26365,26365,12,26
26366,26366,12,31
26367,26367,12,15
26368,26368,12,21
26369,26369,13,39
26370,26370,13,9
26371,26371,13,11
26372,26372,13,12
26373,26373,14,17
26374,26374,14,10
26375,26375,14,31
26376,26376,14,15
26377,26377,15,42
26378,26378,15,19
26379,26379,15,16
26380,26380,15,14
26381,26381,16,24
26382,26382,16,20
26383,26383,16,12
26384,26384,16,8
26385,26385,17,16
26386,26386,17,20
26387,26387,17,17
26388,26388,17,31
26389,26389,18,23
26390,26390,18,21
26391,26391,18,9
26392,26392,18,15
26393,26393,19,24
26394,26394,19,22
26395,26395,19,22
26396,26396,19,14
26397,26397,20,27
26398,26398,20,23
26399,26399,20,8
26400,26400,20,14
26401,26401,21,24
26402,26402,21,16
26403,26403,21,16
26404,26404,21,27
26405,26405,22,52
26406,26406,22,21
26407,26407,22,16
26408,26408,22,20
26409,26409,23,23
26410,26410,23,12
26411,26411,23,20
26412,26412,23,21
26413,26413,24,14
26414,26414,24,21
26415,26415,24,18
26416,26416,24,36
26417,26417,25,22
26418,26418,25,25
26419,26419,25,19
26420,26420,25,20
26421,26421,26,30
26422,26422,26,18
26423,26423,26,18
26424,26424,26,10
26425,26425,27,22
26426,26426,27,17
26427,26427,27,7
26428,26428,27,26
26429,26429,28,27
26430,26430,28,17
26431,26431,28,17
26432,26432,28,31
26433,26433,29,26
26434,26434,29,16
26435,26435,29,33
26436,26436,29,18
26437,26437,30,17
26438,26438,30,26
26439,26439,30,16
26440,26440,30,18
26441,26441,31,13
26442,26442,31,19
26443,26443,31,26
26444,26444,31,22
26445,26445,32,20
26446,26446,32,12
26447,26447,32,25
26448,26448,32,25
26449,26449,33,29
26450,26450,33,12
26451,26451,33,20
26452,26452,33,35
26453,26453,34,26
26454,26454,34,38
26455,26455,34,10
26456,26456,34,13
26457,26457,35,22
26458,26458,35,20
26459,26459,35,20
26460,26460,35,13
26461,26461,1,21
26462,26462,1,20
26463,26463,1,16
26464,26464,1,31
26465,26465,2,27
26466,26466,2,11
26467,26467,2,28
26468,26468,2,24
26469,26469,3,21
26470,26470,3,25
26471,26471,3,15
26472,26472,3,50
26473,26473,4,18
26474,26474,4,32
26475,26475,4,18
26476,26476,4,19
26477,26477,5,42
26478,26478,5,24
26479,26479,5,10
26480,26480,5,13
26481,26481,6,15
26482,26482,6,14
26483,26483,6,28
26484,26484,6,27
26485,26485,7,22
26486,26486,7,33
26487,26487,7,9
26488,26488,7,35
26489,26489,8,24
26490,26490,8,11
26491,26491,8,18
26492,26492,8,22
26493,26493,9,27
26494,26494,9,10
26495,26495,9,12
26496,26496,9,28
26497,26497,10,45
26498,26498,10,25
26499,26499,10,13
26500,26500,10,24
26501,26501,11,30
26502,26502,11,20
26503,26503,11,16
26504,26504,11,33
26505,26505,12,23
26506,26506,12,22
26507,26507,12,15
26508,26508,12,23
26509,26509,13,26
26510,26510,13,13
26511,26511,13,22
26512,26512,13,15
26513,26513,14,35
26514,26514,14,28
26515,26515,14,22
26516,26516,14,19
26517,26517,15,41
26518,26518,15,11
26519,26519,15,25
26520,26520,15,13
26521,26521,16,40
26522,26522,16,19
26523,26523,16,21
26524,26524,16,45
26525,26525,17,26
26526,26526,17,18
26527,26527,17,26
26528,26528,17,20
26529,26529,18,27
26530,26530,18,15
26531,26531,18,22
26532,26532,18,29
26533,26533,19,14
26534,26534,19,15
26535,26535,19,17
26536,26536,19,27
26537,26537,20,21
26538,26538,20,15
26539,26539,20,17
26540,26540,20,44
26541,26541,21,19
26542,26542,21,22
26543,26543,21,11
26544,26544,21,20
26545,26545,22,34
26546,26546,22,22
26547,26547,22,13
26548,26548,22,27
26549,26549,23,38
26550,26550,23,15
26551,26551,23,8
26552,26552,23,34
26553,26553,24,20
26554,26554,24,25
26555,26555,24,9
26556,26556,24,19
26557,26557,25,8
26558,26558,25,18
26559,26559,25,18
26560,26560,25,21
26561,26561,26,33
26562,26562,26,12
26563,26563,26,19
26564,26564,26,36
26565,26565,27,26
26566,26566,27,30
26567,26567,27,9
26568,26568,27,28
26569,26569,28,29
26570,26570,28,21
26571,26571,28,10
26572,26572,28,42
26573,26573,29,21
26574,26574,29,16
26575,26575,29,10
26576,26576,29,47
26577,26577,30,48
26578,26578,30,19
26579,26579,30,14
26580,26580,30,30
26581,26581,31,42
26582,26582,31,18
26583,26583,31,10
26584,26584,31,24
26585,26585,32,23
26586,26586,32,29
26587,26587,32,18
26588,26588,32,32
26589,26589,33,46
26590,26590,33,16
26591,26591,33,23
26592,26592,33,9
26593,26593,34,55
26594,26594,34,10
26595,26595,34,12
26596,26596,34,24
26597,26597,35,45
26598,26598,35,34
26599,26599,35,19
26600,26600,35,33
26601,26601,1,21
26602,26602,1,21
26603,26603,1,25
26604,26604,1,35
26605,26605,2,29
26606,26606,2,36
26607,26607,2,8
26608,26608,2,35
26609,26609,3,46
26610,26610,3,23
26611,26611,3,11
26612,26612,3,23
26613,26613,4,23
26614,26614,4,35
26615,26615,4,33
26616,26616,4,24
26617,26617,5,30
26618,26618,5,25
26619,26619,5,13
26620,26620,5,24
26621,26621,6,30
26622,26622,6,32
26623,26623,6,11
26624,26624,6,41
26625,26625,7,27
26626,26626,7,41
26627,26627,7,10
26628,26628,7,37
26629,26629,8,34
26630,26630,8,18
26631,26631,8,26
26632,26632,8,36
26633,26633,9,50
26634,26634,9,13
26635,26635,9,18
26636,26636,9,24
26637,26637,10,35
26638,26638,10,19
26639,26639,10,29
26640,26640,10,26
26641,26641,11,24
26642,26642,11,20
26643,26643,11,44
26644,26644,11,14
26645,26645,12,31
26646,26646,12,20
26647,26647,12,23
26648,26648,12,14
26649,26649,13,34
26650,26650,13,21
26651,26651,13,26
26652,26652,13,32
26653,26653,14,33
26654,26654,14,21
26655,26655,14,13
26656,26656,14,24
26657,26657,15,23
26658,26658,15,26
26659,26659,15,21
26660,26660,15,24
26661,26661,16,28
26662,26662,16,24
26663,26663,16,11
26664,26664,16,44
26665,26665,17,34
26666,26666,17,19
26667,26667,17,16
26668,26668,17,15
26669,26669,18,31
26670,26670,18,9
26671,26671,18,6
26672,26672,18,33
26673,26673,19,24
26674,26674,19,11
26675,26675,19,18
26676,26676,19,39
26677,26677,20,29
26678,26678,20,38
26679,26679,20,16
26680,26680,20,37
26681,26681,21,26
26682,26682,21,21
26683,26683,21,18
26684,26684,21,19
26685,26685,22,41
26686,26686,22,16
26687,26687,22,13
26688,26688,22,26
26689,26689,23,41
26690,26690,23,17
26691,26691,23,15
26692,26692,23,29
26693,26693,24,13
26694,26694,24,30
26695,26695,24,30
26696,26696,24,54
26697,26697,25,34
26698,26698,25,10
26699,26699,25,6
26700,26700,25,38
26701,26701,26,28
26702,26702,26,18
26703,26703,26,22
26704,26704,26,21
26705,26705,27,24
26706,26706,27,30
26707,26707,27,17
26708,26708,27,38
26709,26709,28,22
26710,26710,28,28
26711,26711,28,24
26712,26712,28,38
26713,26713,29,23
26714,26714,29,9
26715,26715,29,11
26716,26716,29,41
26717,26717,30,34
26718,26718,30,30
26719,26719,30,30
26720,26720,30,16
26721,26721,31,36
26722,26722,31,19
26723,26723,31,18
26724,26724,31,17
26725,26725,32,31
26726,26726,32,27
26727,26727,32,31
26728,26728,32,16
26729,26729,33,35
26730,26730,33,20
26731,26731,33,29
26732,26732,33,17
26733,26733,34,29
26734,26734,34,23
26735,26735,34,39
26736,26736,34,18
26737,26737,35,33
26738,26738,35,27
26739,26739,35,19
26740,26740,35,39
26741,26741,1,41
26742,26742,1,24
26743,26743,1,19
26744,26744,1,22
26745,26745,2,53
26746,26746,2,30
26747,26747,2,27
26748,26748,2,16
26749,26749,3,17
26750,26750,3,29
26751,26751,3,20
26752,26752,3,44
26753,26753,4,34
26754,26754,4,27
26755,26755,4,21
26756,26756,4,31
26757,26757,5,37
26758,26758,5,14
26759,26759,5,24
26760,26760,5,33
26761,26761,6,27
26762,26762,6,20
26763,26763,6,19
26764,26764,6,19
26765,26765,7,38
26766,26766,7,20
26767,26767,7,22
26768,26768,7,43
26769,26769,8,23
26770,26770,8,21
26771,26771,8,33
26772,26772,8,25
26773,26773,9,31
26774,26774,9,16
26775,26775,9,19
26776,26776,9,42
26777,26777,10,39
26778,26778,10,23
26779,26779,10,8
26780,26780,10,20
26781,26781,11,23
26782,26782,11,17
26783,26783,11,16
26784,26784,11,37
26785,26785,12,36
26786,26786,12,70
26787,26787,12,30
26788,26788,12,31
26789,26789,13,47
26790,26790,13,22
26791,26791,13,15
26792,26792,13,36
26793,26793,14,25
26794,26794,14,33
26795,26795,14,18
26796,26796,14,19
26797,26797,15,23
26798,26798,15,38
26799,26799,15,14
26800,26800,15,51
26801,26801,16,32
26802,26802,16,20
26803,26803,16,19
26804,26804,16,29
26805,26805,17,24
26806,26806,17,28
26807,26807,17,24
26808,26808,17,29
26809,26809,18,27
26810,26810,18,16
26811,26811,18,13
26812,26812,18,33
26813,26813,19,51
26814,26814,19,17
26815,26815,19,23
26816,26816,19,27
26817,26817,20,35
26818,26818,20,17
26819,26819,20,17
26820,26820,20,37
26821,26821,21,37
26822,26822,21,27
26823,26823,21,10
26824,26824,21,53
26825,26825,22,22
26826,26826,22,30
26827,26827,22,11
26828,26828,22,28
26829,26829,23,34
26830,26830,23,28
26831,26831,23,19
26832,26832,23,27
26833,26833,24,39
26834,26834,24,40
26835,26835,24,20
26836,26836,24,23
26837,26837,25,68
26838,26838,25,21
26839,26839,25,18
26840,26840,25,17
26841,26841,26,46
26842,26842,26,26
26843,26843,26,17
26844,26844,26,26
26845,26845,27,28
26846,26846,27,22
26847,26847,27,18
26848,26848,27,32
26849,26849,28,38
26850,26850,28,13
26851,26851,28,30
26852,26852,28,18
26853,26853,29,29
26854,26854,29,26
26855,26855,29,19
26856,26856,29,44
26857,26857,30,20
26858,26858,30,30
26859,26859,30,30
26860,26860,30,32
26861,26861,31,23
26862,26862,31,40
26863,26863,31,29
26864,26864,31,16
26865,26865,32,29
26866,26866,32,23
26867,26867,32,29
26868,26868,32,26
26869,26869,33,11
26870,26870,33,25
26871,26871,33,41
26872,26872,33,32
26873,26873,34,34
26874,26874,34,22
26875,26875,34,16
26876,26876,34,26
26877,26877,35,27
26878,26878,35,38
26879,26879,35,20
26880,26880,35,42
26881,26881,1,38
26882,26882,1,42
26883,26883,1,8
26884,26884,1,12
26885,26885,2,35
26886,26886,2,22
26887,26887,2,12
26888,26888,2,19
26889,26889,3,19
26890,26890,3,15
26891,26891,3,13
26892,26892,3,25
26893,26893,4,24
26894,26894,4,14
26895,26895,4,16
26896,26896,4,18
26897,26897,5,22
26898,26898,5,15
26899,26899,5,21
26900,26900,5,21
26901,26901,6,35
26902,26902,6,17
26903,26903,6,27
26904,26904,6,9
26905,26905,7,27
26906,26906,7,20
26907,26907,7,26
26908,26908,7,12
26909,26909,8,20
26910,26910,8,25
26911,26911,8,22
26912,26912,8,20
26913,26913,9,35
26914,26914,9,26
26915,26915,9,13
26916,26916,9,40
26917,26917,10,4
26918,26918,10,25
26919,26919,10,39
26920,26920,10,24
26921,26921,11,20
26922,26922,11,26
26923,26923,11,16
26924,26924,11,14
26925,26925,12,32
26926,26926,12,21
26927,26927,12,14
26928,26928,12,33
26929,26929,13,22
26930,26930,13,22
26931,26931,13,24
26932,26932,13,12
26933,26933,14,24
26934,26934,14,17
26935,26935,14,9
26936,26936,14,17
26937,26937,15,34
26938,26938,15,11
26939,26939,15,10
26940,26940,15,39
26941,26941,16,40
26942,26942,16,13
26943,26943,16,17
26944,26944,16,17
26945,26945,17,21
26946,26946,17,16
26947,26947,17,33
26948,26948,17,32
26949,26949,18,27
26950,26950,18,16
26951,26951,18,8
26952,26952,18,34
26953,26953,19,21
26954,26954,19,31
26955,26955,19,18
26956,26956,19,35
26957,26957,20,39
26958,26958,20,12
26959,26959,20,29
26960,26960,20,13
26961,26961,21,46
26962,26962,21,20
26963,26963,21,12
26964,26964,21,16
26965,26965,22,20
26966,26966,22,13
26967,26967,22,30
26968,26968,22,34
26969,26969,23,22
26970,26970,23,32
26971,26971,23,15
26972,26972,23,16
26973,26973,24,9
26974,26974,24,22
26975,26975,24,23
26976,26976,24,36
26977,26977,25,28
26978,26978,25,24
26979,26979,25,10
26980,26980,25,20
26981,26981,26,28
26982,26982,26,14
26983,26983,26,14
26984,26984,26,15
26985,26985,27,18
26986,26986,27,17
26987,26987,27,29
26988,26988,27,44
26989,26989,28,27
26990,26990,28,16
26991,26991,28,18
26992,26992,28,32
26993,26993,29,12
26994,26994,29,18
26995,26995,29,7
26996,26996,29,33
26997,26997,30,15
26998,26998,30,33
26999,26999,30,8
27000,27000,30,21
27001,27001,31,46
27002,27002,31,21
27003,27003,31,22
27004,27004,31,22
27005,27005,32,39
27006,27006,32,19
27007,27007,32,11
27008,27008,32,28
27009,27009,33,40
27010,27010,33,24
27011,27011,33,11
27012,27012,33,21
27013,27013,34,32
27014,27014,34,30
27015,27015,34,16
27016,27016,34,22
27017,27017,35,40
27018,27018,35,21
27019,27019,35,18
27020,27020,35,23
27021,27021,1,32
27022,27022,1,28
27023,27023,1,9
27024,27024,1,18
27025,27025,2,27
27026,27026,2,12
27027,27027,2,18
27028,27028,2,18
27029,27029,3,35
27030,27030,3,9
27031,27031,3,7
27032,27032,3,21
27033,27033,4,20
27034,27034,4,20
27035,27035,4,24
27036,27036,4,13
27037,27037,5,15
27038,27038,5,24
27039,27039,5,23
27040,27040,5,12
27041,27041,6,33
27042,27042,6,17
27043,27043,6,7
27044,27044,6,29
27045,27045,7,19
27046,27046,7,17
27047,27047,7,8
27048,27048,7,14
27049,27049,8,24
27050,27050,8,13
27051,27051,8,9
27052,27052,8,21
27053,27053,9,29
27054,27054,9,23
27055,27055,9,9
27056,27056,9,18
27057,27057,10,35
27058,27058,10,5
27059,27059,10,12
27060,27060,10,20
27061,27061,11,27
27062,27062,11,18
27063,27063,11,8
27064,27064,11,21
27065,27065,12,28
27066,27066,12,17
27067,27067,12,9
27068,27068,12,22
27069,27069,13,27
27070,27070,13,21
27071,27071,13,19
27072,27072,13,23
27073,27073,14,11
27074,27074,14,16
27075,27075,14,26
27076,27076,14,16
27077,27077,15,25
27078,27078,15,16
27079,27079,15,19
27080,27080,15,25
27081,27081,16,26
27082,27082,16,30
27083,27083,16,9
27084,27084,16,20
27085,27085,17,34
27086,27086,17,15
27087,27087,17,9
27088,27088,17,20
27089,27089,18,16
27090,27090,18,17
27091,27091,18,16
27092,27092,18,13
27093,27093,19,30
27094,27094,19,13
27095,27095,19,14
27096,27096,19,8
27097,27097,20,16
27098,27098,20,32
27099,27099,20,20
27100,27100,20,20
27101,27101,21,28
27102,27102,21,11
27103,27103,21,11
27104,27104,21,16
27105,27105,22,41
27106,27106,22,14
27107,27107,22,8
27108,27108,22,21
27109,27109,23,22
27110,27110,23,22
27111,27111,23,8
27112,27112,23,13
27113,27113,24,27
27114,27114,24,27
27115,27115,24,8
27116,27116,24,14
27117,27117,25,36
27118,27118,25,3
27119,27119,25,15
27120,27120,25,18
27121,27121,26,19
27122,27122,26,23
27123,27123,26,24
27124,27124,26,38
27125,27125,27,20
27126,27126,27,20
27127,27127,27,15
27128,27128,27,18
27129,27129,28,28
27130,27130,28,6
27131,27131,28,25
27132,27132,28,19
27133,27133,29,28
27134,27134,29,12
27135,27135,29,25
27136,27136,29,22
27137,27137,30,29
27138,27138,30,10
27139,27139,30,9
27140,27140,30,16
27141,27141,31,28
27142,27142,31,20
27143,27143,31,11
27144,27144,31,10
27145,27145,32,22
27146,27146,32,18
27147,27147,32,17
27148,27148,32,12
27149,27149,33,21
27150,27150,33,8
27151,27151,33,15
27152,27152,33,27
27153,27153,34,7
27154,27154,34,16
27155,27155,34,8
27156,27156,34,31
27157,27157,35,24
27158,27158,35,31
27159,27159,35,13
27160,27160,35,24
27161,27161,1,28
27162,27162,1,17
27163,27163,1,14
27164,27164,1,35
27165,27165,2,48
27166,27166,2,22
27167,27167,2,16
27168,27168,2,20
27169,27169,3,37
27170,27170,3,29
27171,27171,3,6
27172,27172,3,23
27173,27173,4,27
27174,27174,4,27
27175,27175,4,16
27176,27176,4,25
27177,27177,5,37
27178,27178,5,33
27179,27179,5,18
27180,27180,5,20
27181,27181,6,24
27182,27182,6,26
27183,27183,6,34
27184,27184,6,33
27185,27185,7,38
27186,27186,7,24
27187,27187,7,28
27188,27188,7,44
27189,27189,8,49
27190,27190,8,24
27191,27191,8,24
27192,27192,8,30
27193,27193,9,26
27194,27194,9,32
27195,27195,9,24
27196,27196,9,16
27197,27197,10,40
27198,27198,10,7
27199,27199,10,8
27200,27200,10,36
27201,27201,11,22
27202,27202,11,15
27203,27203,11,10
27204,27204,11,38
27205,27205,12,33
27206,27206,12,34
27207,27207,12,13
27208,27208,12,15
27209,27209,13,33
27210,27210,13,19
27211,27211,13,14
27212,27212,13,29
27213,27213,14,31
27214,27214,14,11
27215,27215,14,18
27216,27216,14,33
27217,27217,15,31
27218,27218,15,15
27219,27219,15,16
27220,27220,15,34
27221,27221,16,27
27222,27222,16,15
27223,27223,16,11
27224,27224,16,37
27225,27225,17,31
27226,27226,17,13
27227,27227,17,6
27228,27228,17,37
27229,27229,18,24
27230,27230,18,21
27231,27231,18,16
27232,27232,18,36
27233,27233,19,19
27234,27234,19,17
27235,27235,19,18
27236,27236,19,32
27237,27237,20,44
27238,27238,20,17
27239,27239,20,23
27240,27240,20,47
27241,27241,21,28
27242,27242,21,17
27243,27243,21,16
27244,27244,21,18
27245,27245,22,25
27246,27246,22,11
27247,27247,22,25
27248,27248,22,39
27249,27249,23,31
27250,27250,23,35
27251,27251,23,30
27252,27252,23,22
27253,27253,24,43
27254,27254,24,10
27255,27255,24,17
27256,27256,24,20
27257,27257,25,42
27258,27258,25,9
27259,27259,25,24
27260,27260,25,16
27261,27261,26,41
27262,27262,26,23
27263,27263,26,15
27264,27264,26,28
27265,27265,27,28
27266,27266,27,20
27267,27267,27,30
27268,27268,27,29
27269,27269,28,27
27270,27270,28,19
27271,27271,28,32
27272,27272,28,31
27273,27273,29,42
27274,27274,29,18
27275,27275,29,20
27276,27276,29,10
27277,27277,30,42
27278,27278,30,16
27279,27279,30,16
27280,27280,30,30
27281,27281,31,36
27282,27282,31,24
27283,27283,31,21
27284,27284,31,30
27285,27285,32,35
27286,27286,32,17
27287,27287,32,10
27288,27288,32,34
27289,27289,33,44
27290,27290,33,13
27291,27291,33,18
27292,27292,33,42
27293,27293,34,39
27294,27294,34,27
27295,27295,34,23
27296,27296,34,33
27297,27297,35,34
27298,27298,35,33
27299,27299,35,15
27300,27300,35,17
27301,27301,1,66
27302,27302,1,38
27303,27303,1,26
27304,27304,1,29
27305,27305,2,32
27306,27306,2,23
27307,27307,2,29
27308,27308,2,44
27309,27309,3,34
27310,27310,3,25
27311,27311,3,37
27312,27312,3,36
27313,27313,4,39
27314,27314,4,26
27315,27315,4,31
27316,27316,4,43
27317,27317,5,30
27318,27318,5,41
27319,27319,5,19
27320,27320,5,12
27321,27321,6,59
27322,27322,6,28
27323,27323,6,28
27324,27324,6,40
27325,27325,7,46
27326,27326,7,54
27327,27327,7,10
27328,27328,7,31
27329,27329,8,49
27330,27330,8,13
27331,27331,8,25
27332,27332,8,38
27333,27333,9,60
27334,27334,9,25
27335,27335,9,43
27336,27336,9,26
27337,27337,10,39
27338,27338,10,22
27339,27339,10,25
27340,27340,10,47
27341,27341,11,25
27342,27342,11,52
27343,27343,11,31
27344,27344,11,17
27345,27345,12,31
27346,27346,12,25
27347,27347,12,22
27348,27348,12,47
27349,27349,13,22
27350,27350,13,35
27351,27351,13,41
27352,27352,13,39
27353,27353,14,35
27354,27354,14,71
27355,27355,14,18
27356,27356,14,42
27357,27357,15,40
27358,27358,15,25
27359,27359,15,9
27360,27360,15,32
27361,27361,16,67
27362,27362,16,37
27363,27363,16,17
27364,27364,16,26
27365,27365,17,33
27366,27366,17,49
27367,27367,17,16
27368,27368,17,42
27369,27369,18,53
27370,27370,18,31
27371,27371,18,22
27372,27372,18,32
27373,27373,19,53
27374,27374,19,44
27375,27375,19,22
27376,27376,19,26
27377,27377,20,48
27378,27378,20,20
27379,27379,20,20
27380,27380,20,27
27381,27381,21,31
27382,27382,21,31
27383,27383,21,16
27384,27384,21,47
27385,27385,22,31
27386,27386,22,54
27387,27387,22,33
27388,27388,22,35
27389,27389,23,69
27390,27390,23,39
27391,27391,23,16
27392,27392,23,24
27393,27393,24,21
27394,27394,24,49
27395,27395,24,40
27396,27396,24,40
27397,27397,25,44
27398,27398,25,30
27399,27399,25,9
27400,27400,25,50
27401,27401,26,76
27402,27402,26,16
27403,27403,26,25
27404,27404,26,66
27405,27405,27,47
27406,27406,27,18
27407,27407,27,18
27408,27408,27,46
27409,27409,28,40
27410,27410,28,56
27411,27411,28,26
27412,27412,28,21
27413,27413,29,47
27414,27414,29,24
27415,27415,29,23
27416,27416,29,34
27417,27417,30,47
27418,27418,30,30
27419,27419,30,26
27420,27420,30,36
27421,27421,31,31
27422,27422,31,34
27423,27423,31,31
27424,27424,31,29
27425,27425,32,41
27426,27426,32,37
27427,27427,32,25
27428,27428,32,35
27429,27429,33,57
27430,27430,33,32
27431,27431,33,28
27432,27432,33,23
27433,27433,34,59
27434,27434,34,29
27435,27435,34,19
27436,27436,34,52
27437,27437,35,52
27438,27438,35,13
27439,27439,35,31
27440,27440,35,54
27441,27441,1,31
27442,27442,1,48
27443,27443,1,20
27444,27444,1,32
27445,27445,2,52
27446,27446,2,24
27447,27447,2,24
27448,27448,2,49
27449,27449,3,71
27450,27450,3,22
27451,27451,3,38
27452,27452,3,27
27453,27453,4,33
27454,27454,4,64
27455,27455,4,21
27456,27456,4,48
27457,27457,5,36
27458,27458,5,32
27459,27459,5,28
27460,27460,5,48
27461,27461,6,43
27462,27462,6,38
27463,27463,6,28
27464,27464,6,43
27465,27465,7,55
27466,27466,7,36
27467,27467,7,25
27468,27468,7,43
27469,27469,8,45
27470,27470,8,43
27471,27471,8,36
27472,27472,8,33
27473,27473,9,22
27474,27474,9,42
27475,27475,9,43
27476,27476,9,31
27477,27477,10,40
27478,27478,10,24
27479,27479,10,66
27480,27480,10,45
27481,27481,11,49
27482,27482,11,55
27483,27483,11,14
27484,27484,11,21
27485,27485,12,50
27486,27486,12,41
27487,27487,12,20
27488,27488,12,35
27489,27489,13,63
27490,27490,13,46
27491,27491,13,41
27492,27492,13,21
27493,27493,14,24
27494,27494,14,60
27495,27495,14,27
27496,27496,14,39
27497,27497,15,43
27498,27498,15,49
27499,27499,15,44
27500,27500,15,38
27501,27501,16,70
27502,27502,16,26
27503,27503,16,28
27504,27504,16,21
27505,27505,17,58
27506,27506,17,23
27507,27507,17,39
27508,27508,17,21
27509,27509,18,51
27510,27510,18,20
27511,27511,18,23
27512,27512,18,60
27513,27513,19,59
27514,27514,19,30
27515,27515,19,27
27516,27516,19,38
27517,27517,20,20
27518,27518,20,77
27519,27519,20,20
27520,27520,20,49
27521,27521,21,47
27522,27522,21,44
27523,27523,21,46
27524,27524,21,50
27525,27525,22,32
27526,27526,22,42
27527,27527,22,31
27528,27528,22,31
27529,27529,23,45
27530,27530,23,16
27531,27531,23,37
27532,27532,23,52
27533,27533,24,31
27534,27534,24,48
27535,27535,24,43
27536,27536,24,30
27537,27537,25,56
27538,27538,25,37
27539,27539,25,32
27540,27540,25,35
27541,27541,26,56
27542,27542,26,19
27543,27543,26,13
27544,27544,26,35
27545,27545,27,52
27546,27546,27,19
27547,27547,27,50
27548,27548,27,32
27549,27549,28,18
27550,27550,28,56
27551,27551,28,26
27552,27552,28,69
27553,27553,29,54
27554,27554,29,57
27555,27555,29,21
27556,27556,29,30
27557,27557,30,43
27558,27558,30,27
27559,27559,30,25
27560,27560,30,58
27561,27561,31,17
27562,27562,31,47
27563,27563,31,16
27564,27564,31,77
27565,27565,32,48
27566,27566,32,32
27567,27567,32,21
27568,27568,32,45
27569,27569,33,46
27570,27570,33,39
27571,27571,33,29
27572,27572,33,65
27573,27573,34,30
27574,27574,34,35
27575,27575,34,18
27576,27576,34,74
27577,27577,35,47
27578,27578,35,27
27579,27579,35,28
27580,27580,35,44
27581,27581,1,43
27582,27582,1,56
27583,27583,1,28
27584,27584,1,21
27585,27585,2,35
27586,27586,2,42
27587,27587,2,53
27588,27588,2,28
27589,27589,3,24
27590,27590,3,32
27591,27591,3,42
27592,27592,3,106
27593,27593,4,41
27594,27594,4,31
27595,27595,4,17
27596,27596,4,78
27597,27597,5,35
27598,27598,5,61
27599,27599,5,6
27600,27600,5,63
27601,27601,6,66
27602,27602,6,24
27603,27603,6,29
27604,27604,6,31
27605,27605,7,28
27606,27606,7,87
27607,27607,7,35
27608,27608,7,34
27609,27609,8,93
27610,27610,8,24
27611,27611,8,34
27612,27612,8,39
27613,27613,9,51
27614,27614,9,45
27615,27615,9,34
27616,27616,9,39
27617,27617,10,47
27618,27618,10,29
27619,27619,10,31
27620,27620,10,31
27621,27621,11,31
27622,27622,11,42
27623,27623,11,24
27624,27624,11,50
27625,27625,12,49
27626,27626,12,20
27627,27627,12,30
27628,27628,12,60
27629,27629,13,38
27630,27630,13,59
27631,27631,13,40
27632,27632,13,68
27633,27633,14,46
27634,27634,14,30
27635,27635,14,25
27636,27636,14,46
27637,27637,15,59
27638,27638,15,21
27639,27639,15,40
27640,27640,15,67
27641,27641,16,41
27642,27642,16,27
27643,27643,16,37
27644,27644,16,48
27645,27645,17,39
27646,27646,17,23
27647,27647,17,27
27648,27648,17,34
27649,27649,18,47
27650,27650,18,32
27651,27651,18,33
27652,27652,18,28
27653,27653,19,49
27654,27654,19,66
27655,27655,19,20
27656,27656,19,33
27657,27657,20,42
27658,27658,20,57
27659,27659,20,21
27660,27660,20,31
27661,27661,21,103
27662,27662,21,19
27663,27663,21,20
27664,27664,21,25
27665,27665,22,45
27666,27666,22,25
27667,27667,22,36
27668,27668,22,62
27669,27669,23,45
27670,27670,23,26
27671,27671,23,19
27672,27672,23,54
27673,27673,24,52
27674,27674,24,41
27675,27675,24,27
27676,27676,24,50
27677,27677,25,17
27678,27678,25,37
27679,27679,25,23
27680,27680,25,26
27681,27681,26,59
27682,27682,26,29
27683,27683,26,15
27684,27684,26,60
27685,27685,27,39
27686,27686,27,71
27687,27687,27,39
27688,27688,27,26
27689,27689,28,83
27690,27690,28,29
27691,27691,28,22
27692,27692,28,43
27693,27693,29,24
27694,27694,29,45
27695,27695,29,40
27696,27696,29,50
27697,27697,30,69
27698,27698,30,31
27699,27699,30,43
27700,27700,30,44
27701,27701,31,53
27702,27702,31,25
27703,27703,31,58
27704,27704,31,38
27705,27705,32,56
27706,27706,32,28
27707,27707,32,26
27708,27708,32,66
27709,27709,33,74
27710,27710,33,55
27711,27711,33,10
27712,27712,33,55
27713,27713,34,61
27714,27714,34,26
27715,27715,34,41
27716,27716,34,53
27717,27717,35,46
27718,27718,35,51
27719,27719,35,31
27720,27720,35,24
27721,27721,1,70
27722,27722,1,47
27723,27723,1,28
27724,27724,1,35
27725,27725,2,58
27726,27726,2,54
27727,27727,2,21
27728,27728,2,56
27729,27729,3,24
27730,27730,3,45
27731,27731,3,37
27732,27732,3,47
27733,27733,4,98
27734,27734,4,33
27735,27735,4,46
27736,27736,4,30
27737,27737,5,45
27738,27738,5,47
27739,27739,5,36
27740,27740,5,57
27741,27741,6,33
27742,27742,6,44
27743,27743,6,20
27744,27744,6,65
27745,27745,7,56
27746,27746,7,44
27747,27747,7,32
27748,27748,7,36
27749,27749,8,57
27750,27750,8,30
27751,27751,8,31
27752,27752,8,23
27753,27753,9,34
27754,27754,9,50
27755,27755,9,24
27756,27756,9,33
27757,27757,10,32
27758,27758,10,33
27759,27759,10,17
27760,27760,10,46
27761,27761,11,49
27762,27762,11,45
27763,27763,11,19
27764,27764,11,60
27765,27765,12,40
27766,27766,12,57
27767,27767,12,22
27768,27768,12,41
27769,27769,13,62
27770,27770,13,36
27771,27771,13,31
27772,27772,13,51
27773,27773,14,44
27774,27774,14,54
27775,27775,14,37
27776,27776,14,47
27777,27777,15,41
27778,27778,15,51
27779,27779,15,23
27780,27780,15,43
27781,27781,16,46
27782,27782,16,59
27783,27783,16,30
27784,27784,16,38
27785,27785,17,39
27786,27786,17,29
27787,27787,17,15
27788,27788,17,53
27789,27789,18,32
27790,27790,18,44
27791,27791,18,31
27792,27792,18,54
27793,27793,19,64
27794,27794,19,23
27795,27795,19,60
27796,27796,19,61
27797,27797,20,38
27798,27798,20,29
27799,27799,20,44
27800,27800,20,51
27801,27801,21,106
27802,27802,21,37
27803,27803,21,37
27804,27804,21,33
27805,27805,22,47
27806,27806,22,38
27807,27807,22,21
27808,27808,22,44
27809,27809,23,58
27810,27810,23,56
27811,27811,23,47
27812,27812,23,34
27813,27813,24,73
27814,27814,24,48
27815,27815,24,26
27816,27816,24,22
27817,27817,25,19
27818,27818,25,76
27819,27819,25,53
27820,27820,25,80
27821,27821,26,61
27822,27822,26,34
27823,27823,26,27
27824,27824,26,20
27825,27825,27,74
27826,27826,27,32
27827,27827,27,23
27828,27828,27,17
27829,27829,28,67
27830,27830,28,52
27831,27831,28,35
27832,27832,28,25
27833,27833,29,74
27834,27834,29,45
27835,27835,29,38
27836,27836,29,29
27837,27837,30,49
27838,27838,30,50
27839,27839,30,24
27840,27840,30,38
27841,27841,31,85
27842,27842,31,34
27843,27843,31,21
27844,27844,31,55
27845,27845,32,78
27846,27846,32,40
27847,27847,32,31
27848,27848,32,28
27849,27849,33,49
27850,27850,33,31
27851,27851,33,60
27852,27852,33,42
27853,27853,34,61
27854,27854,34,24
27855,27855,34,28
27856,27856,34,44
27857,27857,35,70
27858,27858,35,44
27859,27859,35,19
27860,27860,35,41
27861,27861,1,32
27862,27862,1,30
27863,27863,1,27
27864,27864,1,43
27865,27865,2,44
27866,27866,2,15
27867,27867,2,40
27868,27868,2,33
27869,27869,3,41
27870,27870,3,23
27871,27871,3,37
27872,27872,3,50
27873,27873,4,38
27874,27874,4,40
27875,27875,4,38
27876,27876,4,17
27877,27877,5,28
27878,27878,5,20
27879,27879,5,33
27880,27880,5,44
27881,27881,6,66
27882,27882,6,34
27883,27883,6,20
27884,27884,6,22
27885,27885,7,50
27886,27886,7,26
27887,27887,7,30
27888,27888,7,34
27889,27889,8,34
27890,27890,8,22
27891,27891,8,45
27892,27892,8,27
27893,27893,9,29
27894,27894,9,37
27895,27895,9,30
27896,27896,9,24
27897,27897,10,53
27898,27898,10,30
27899,27899,10,37
27900,27900,10,46
27901,27901,11,67
27902,27902,11,25
27903,27903,11,26
27904,27904,11,66
27905,27905,12,34
27906,27906,12,41
27907,27907,12,29
27908,27908,12,19
27909,27909,13,29
27910,27910,13,22
27911,27911,13,32
27912,27912,13,51
27913,27913,14,48
27914,27914,14,52
27915,27915,14,38
27916,27916,14,23
27917,27917,15,63
27918,27918,15,27
27919,27919,15,32
27920,27920,15,34
27921,27921,16,45
27922,27922,16,29
27923,27923,16,24
27924,27924,16,29
27925,27925,17,32
27926,27926,17,46
27927,27927,17,40
27928,27928,17,35
27929,27929,18,43
27930,27930,18,38
27931,27931,18,16
27932,27932,18,21
27933,27933,19,20
27934,27934,19,24
27935,27935,19,36
27936,27936,19,35
27937,27937,20,36
27938,27938,20,27
27939,27939,20,26
27940,27940,20,48
27941,27941,21,22
27942,27942,21,24
27943,27943,21,22
27944,27944,21,43
27945,27945,22,54
27946,27946,22,56
27947,27947,22,27
27948,27948,22,32
27949,27949,23,58
27950,27950,23,50
27951,27951,23,34
27952,27952,23,42
27953,27953,24,40
27954,27954,24,19
27955,27955,24,32
27956,27956,24,29
27957,27957,25,48
27958,27958,25,12
27959,27959,25,16
27960,27960,25,46
27961,27961,26,22
27962,27962,26,37
27963,27963,26,34
27964,27964,26,50
27965,27965,27,55
27966,27966,27,26
27967,27967,27,41
27968,27968,27,37
27969,27969,28,25
27970,27970,28,34
27971,27971,28,29
27972,27972,28,57
27973,27973,29,45
27974,27974,29,36
27975,27975,29,32
27976,27976,29,41
27977,27977,30,56
27978,27978,30,30
27979,27979,30,17
27980,27980,30,25
27981,27981,31,55
27982,27982,31,24
27983,27983,31,14
27984,27984,31,32
27985,27985,32,24
27986,27986,32,22
27987,27987,32,32
27988,27988,32,70
27989,27989,33,39
27990,27990,33,33
27991,27991,33,28
27992,27992,33,34
27993,27993,34,19
27994,27994,34,23
27995,27995,34,41
27996,27996,34,58
27997,27997,35,39
27998,27998,35,39
27999,27999,35,38
28000,28000,35,64
28001,28001,1,33
28002,28002,1,33
28003,28003,1,21
28004,28004,1,49
28005,28005,2,55
28006,28006,2,15
28007,28007,2,36
28008,28008,2,31
28009,28009,3,46
28010,28010,3,4
28011,28011,3,22
28012,28012,3,43
28013,28013,4,42
28014,28014,4,28
28015,28015,4,12
28016,28016,4,56
28017,28017,5,46
28018,28018,5,23
28019,28019,5,14
28020,28020,5,36
28021,28021,6,29
28022,28022,6,19
28023,28023,6,24
28024,28024,6,31
28025,28025,7,52
28026,28026,7,28
28027,28027,7,25
28028,28028,7,20
28029,28029,8,41
28030,28030,8,28
28031,28031,8,19
28032,28032,8,23
28033,28033,9,36
28034,28034,9,27
28035,28035,9,12
28036,28036,9,29
28037,28037,10,38
28038,28038,10,31
28039,28039,10,19
28040,28040,10,30
28041,28041,11,37
28042,28042,11,12
28043,28043,11,30
28044,28044,11,39
28045,28045,12,43
28046,28046,12,17
28047,28047,12,20
28048,28048,12,34
28049,28049,13,50
28050,28050,13,50
28051,28051,13,15
28052,28052,13,35
28053,28053,14,40
28054,28054,14,33
28055,28055,14,20
28056,28056,14,32
28057,28057,15,62
28058,28058,15,17
28059,28059,15,17
28060,28060,15,30
28061,28061,16,32
28062,28062,16,30
28063,28063,16,27
28064,28064,16,32
28065,28065,17,47
28066,28066,17,32
28067,28067,17,18
28068,28068,17,25
28069,28069,18,58
28070,28070,18,22
28071,28071,18,39
28072,28072,18,18
28073,28073,19,35
28074,28074,19,30
28075,28075,19,15
28076,28076,19,52
28077,28077,20,54
28078,28078,20,12
28079,28079,20,26
28080,28080,20,25
28081,28081,21,33
28082,28082,21,17
28083,28083,21,26
28084,28084,21,33
28085,28085,22,33
28086,28086,22,25
28087,28087,22,21
28088,28088,22,25
28089,28089,23,31
28090,28090,23,20
28091,28091,23,17
28092,28092,23,49
28093,28093,24,37
28094,28094,24,21
28095,28095,24,41
28096,28096,24,26
28097,28097,25,38
28098,28098,25,13
28099,28099,25,33
28100,28100,25,29
28101,28101,26,50
28102,28102,26,28
28103,28103,26,13
28104,28104,26,17
28105,28105,27,57
28106,28106,27,36
28107,28107,27,22
28108,28108,27,44
28109,28109,28,49
28110,28110,28,24
28111,28111,28,9
28112,28112,28,26
28113,28113,29,36
28114,28114,29,18
28115,28115,29,31
28116,28116,29,48
28117,28117,30,47
28118,28118,30,25
28119,28119,30,24
28120,28120,30,27
28121,28121,31,29
28122,28122,31,36
28123,28123,31,19
28124,28124,31,52
28125,28125,32,58
28126,28126,32,17
28127,28127,32,22
28128,28128,32,48
28129,28129,33,32
28130,28130,33,25
28131,28131,33,35
28132,28132,33,43
28133,28133,34,38
28134,28134,34,20
28135,28135,34,13
28136,28136,34,39
28137,28137,35,24
28138,28138,35,28
28139,28139,35,28
28140,28140,35,27
28141,28141,1,20
28142,28142,1,25
28143,28143,1,17
28144,28144,1,34
28145,28145,2,25
28146,28146,2,17
28147,28147,2,14
28148,28148,2,18
28149,28149,3,16
28150,28150,3,16
28151,28151,3,5
28152,28152,3,26
28153,28153,4,35
28154,28154,4,45
28155,28155,4,12
28156,28156,4,8
28157,28157,5,34
28158,28158,5,18
28159,28159,5,46
28160,28160,5,19
28161,28161,6,46
28162,28162,6,18
28163,28163,6,18
28164,28164,6,17
28165,28165,7,35
28166,28166,7,21
28167,28167,7,17
28168,28168,7,24
28169,28169,8,39
28170,28170,8,23
28171,28171,8,19
28172,28172,8,25
28173,28173,9,26
28174,28174,9,14
28175,28175,9,21
28176,28176,9,28
28177,28177,10,39
28178,28178,10,18
28179,28179,10,19
28180,28180,10,35
28181,28181,11,26
28182,28182,11,31
28183,28183,11,17
28184,28184,11,25
28185,28185,12,32
28186,28186,12,30
28187,28187,12,29
28188,28188,12,21
28189,28189,13,23
28190,28190,13,25
28191,28191,13,12
28192,28192,13,28
28193,28193,14,32
28194,28194,14,18
28195,28195,14,17
28196,28196,14,26
28197,28197,15,42
28198,28198,15,19
28199,28199,15,19
28200,28200,15,30
28201,28201,16,29
28202,28202,16,16
28203,28203,16,23
28204,28204,16,45
28205,28205,17,15
28206,28206,17,15
28207,28207,17,26
28208,28208,17,28
28209,28209,18,11
28210,28210,18,29
28211,28211,18,12
28212,28212,18,17
28213,28213,19,24
28214,28214,19,39
28215,28215,19,33
28216,28216,19,29
28217,28217,20,38
28218,28218,20,23
28219,28219,20,23
28220,28220,20,18
28221,28221,21,25
28222,28222,21,12
28223,28223,21,10
28224,28224,21,31
28225,28225,22,28
28226,28226,22,17
28227,28227,22,21
28228,28228,22,25
28229,28229,23,19
28230,28230,23,35
28231,28231,23,25
28232,28232,23,15
28233,28233,24,24
28234,28234,24,29
28235,28235,24,17
28236,28236,24,31
28237,28237,25,43
28238,28238,25,14
28239,28239,25,36
28240,28240,25,14
28241,28241,26,36
28242,28242,26,17
28243,28243,26,9
28244,28244,26,35
28245,28245,27,27
28246,28246,27,39
28247,28247,27,13
28248,28248,27,34
28249,28249,28,10
28250,28250,28,32
28251,28251,28,12
28252,28252,28,36
28253,28253,29,40
28254,28254,29,26
28255,28255,29,25
28256,28256,29,26
28257,28257,30,23
28258,28258,30,25
28259,28259,30,31
28260,28260,30,42
28261,28261,31,48
28262,28262,31,31
28263,28263,31,11
28264,28264,31,24
28265,28265,32,21
28266,28266,32,14
28267,28267,32,26
28268,28268,32,36
28269,28269,33,24
28270,28270,33,21
28271,28271,33,25
28272,28272,33,33
28273,28273,34,25
28274,28274,34,19
28275,28275,34,27
28276,28276,34,24
28277,28277,35,62
28278,28278,35,26
28279,28279,35,30
28280,28280,35,15
28281,28281,1,42
28282,28282,1,12
28283,28283,1,17
28284,28284,1,38
28285,28285,2,30
28286,28286,2,14
28287,28287,2,7
28288,28288,2,14
28289,28289,3,13
28290,28290,3,12
28291,28291,3,22
28292,28292,3,35
28293,28293,4,25
28294,28294,4,18
28295,28295,4,15
28296,28296,4,21
28297,28297,5,20
28298,28298,5,10
28299,28299,5,26
28300,28300,5,17
28301,28301,6,19
28302,28302,6,22
28303,28303,6,11
28304,28304,6,12
28305,28305,7,19
28306,28306,7,21
28307,28307,7,15
28308,28308,7,21
28309,28309,8,21
28310,28310,8,26
28311,28311,8,16
28312,28312,8,22
28313,28313,9,31
28314,28314,9,18
28315,28315,9,11
28316,28316,9,11
28317,28317,10,24
28318,28318,10,21
28319,28319,10,12
28320,28320,10,24
28321,28321,11,23
28322,28322,11,21
28323,28323,11,18
28324,28324,11,26
28325,28325,12,33
28326,28326,12,14
28327,28327,12,10
28328,28328,12,16
28329,28329,13,23
28330,28330,13,26
28331,28331,13,7
28332,28332,13,15
28333,28333,14,39
28334,28334,14,22
28335,28335,14,25
28336,28336,14,14
28337,28337,15,42
28338,28338,15,21
28339,28339,15,16
28340,28340,15,18
28341,28341,16,17
28342,28342,16,18
28343,28343,16,12
28344,28344,16,32
28345,28345,17,20
28346,28346,17,13
28347,28347,17,27
28348,28348,17,22
28349,28349,18,17
28350,28350,18,18
28351,28351,18,16
28352,28352,18,27
28353,28353,19,35
28354,28354,19,20
28355,28355,19,12
28356,28356,19,15
28357,28357,20,14
28358,28358,20,40
28359,28359,20,31
28360,28360,20,11
28361,28361,21,17
28362,28362,21,13
28363,28363,21,25
28364,28364,21,22
28365,28365,22,33
28366,28366,22,35
28367,28367,22,12
28368,28368,22,20
28369,28369,23,30
28370,28370,23,23
28371,28371,23,22
28372,28372,23,24
28373,28373,24,27
28374,28374,24,14
28375,28375,24,20
28376,28376,24,15
28377,28377,25,23
28378,28378,25,19
28379,28379,25,27
28380,28380,25,18
28381,28381,26,30
28382,28382,26,16
28383,28383,26,19
28384,28384,26,26
28385,28385,27,31
28386,28386,27,18
28387,28387,27,23
28388,28388,27,35
28389,28389,28,15
28390,28390,28,27
28391,28391,28,16
28392,28392,28,28
28393,28393,29,41
28394,28394,29,16
28395,28395,29,20
28396,28396,29,28
28397,28397,30,33
28398,28398,30,13
28399,28399,30,16
28400,28400,30,34
28401,28401,31,36
28402,28402,31,20
28403,28403,31,12
28404,28404,31,30
28405,28405,32,22
28406,28406,32,12
28407,28407,32,14
28408,28408,32,19
28409,28409,33,29
28410,28410,33,12
28411,28411,33,12
28412,28412,33,26
28413,28413,34,16
28414,28414,34,20
28415,28415,34,17
28416,28416,34,19
28417,28417,35,27
28418,28418,35,13
28419,28419,35,14
28420,28420,35,23
28421,28421,1,41
28422,28422,1,23
28423,28423,1,10
28424,28424,1,16
28425,28425,2,26
28426,28426,2,28
28427,28427,2,26
28428,28428,2,29
28429,28429,3,14
28430,28430,3,24
28431,28431,3,33
28432,28432,3,24
28433,28433,4,16
28434,28434,4,35
28435,28435,4,37
28436,28436,4,28
28437,28437,5,14
28438,28438,5,27
28439,28439,5,26
28440,28440,5,19
28441,28441,6,34
28442,28442,6,18
28443,28443,6,36
28444,28444,6,24
28445,28445,7,26
28446,28446,7,18
28447,28447,7,27
28448,28448,7,28
28449,28449,8,39
28450,28450,8,9
28451,28451,8,18
28452,28452,8,43
28453,28453,9,26
28454,28454,9,13
28455,28455,9,20
28456,28456,9,22
28457,28457,10,28
28458,28458,10,17
28459,28459,10,17
28460,28460,10,35
28461,28461,11,45
28462,28462,11,18
28463,28463,11,19
28464,28464,11,28
28465,28465,12,37
28466,28466,12,23
28467,28467,12,14
28468,28468,12,32
28469,28469,13,19
28470,28470,13,12
28471,28471,13,37
28472,28472,13,24
28473,28473,14,43
28474,28474,14,36
28475,28475,14,15
28476,28476,14,17
28477,28477,15,37
28478,28478,15,29
28479,28479,15,5
28480,28480,15,19
28481,28481,16,44
28482,28482,16,11
28483,28483,16,14
28484,28484,16,25
28485,28485,17,22
28486,28486,17,18
28487,28487,17,19
28488,28488,17,43
28489,28489,18,18
28490,28490,18,35
28491,28491,18,24
28492,28492,18,19
28493,28493,19,19
28494,28494,19,17
28495,28495,19,22
28496,28496,19,30
28497,28497,20,21
28498,28498,20,21
28499,28499,20,18
28500,28500,20,25
28501,28501,21,47
28502,28502,21,34
28503,28503,21,21
28504,28504,21,28
28505,28505,22,41
28506,28506,22,17
28507,28507,22,22
28508,28508,22,18
28509,28509,23,24
28510,28510,23,14
28511,28511,23,14
28512,28512,23,30
28513,28513,24,31
28514,28514,24,19
28515,28515,24,7
28516,28516,24,16
28517,28517,25,30
28518,28518,25,10
28519,28519,25,19
28520,28520,25,22
28521,28521,26,42
28522,28522,26,16
28523,28523,26,22
28524,28524,26,18
28525,28525,27,47
28526,28526,27,28
28527,28527,27,14
28528,28528,27,21
28529,28529,28,39
28530,28530,28,18
28531,28531,28,18
28532,28532,28,21
28533,28533,29,23
28534,28534,29,20
28535,28535,29,24
28536,28536,29,24
28537,28537,30,28
28538,28538,30,31
28539,28539,30,31
28540,28540,30,19
28541,28541,31,32
28542,28542,31,14
28543,28543,31,10
28544,28544,31,34
28545,28545,32,33
28546,28546,32,28
28547,28547,32,26
28548,28548,32,23
28549,28549,33,29
28550,28550,33,18
28551,28551,33,18
28552,28552,33,24
28553,28553,34,23
28554,28554,34,14
28555,28555,34,10
28556,28556,34,33
28557,28557,35,39
28558,28558,35,22
28559,28559,35,13
28560,28560,35,18
28561,28561,1,11
28562,28562,1,25
28563,28563,1,20
28564,28564,1,40
28565,28565,2,63
28566,28566,2,11
28567,28567,2,32
28568,28568,2,24
28569,28569,3,52
28570,28570,3,23
28571,28571,3,16
28572,28572,3,30
28573,28573,4,26
28574,28574,4,21
28575,28575,4,34
28576,28576,4,34
28577,28577,5,40
28578,28578,5,22
28579,28579,5,18
28580,28580,5,19
28581,28581,6,32
28582,28582,6,36
28583,28583,6,14
28584,28584,6,25
28585,28585,7,30
28586,28586,7,30
28587,28587,7,13
28588,28588,7,29
28589,28589,8,22
28590,28590,8,22
28591,28591,8,10
28592,28592,8,46
28593,28593,9,24
28594,28594,9,14
28595,28595,9,33
28596,28596,9,31
28597,28597,10,26
28598,28598,10,28
28599,28599,10,23
28600,28600,10,33
28601,28601,11,15
28602,28602,11,13
28603,28603,11,18
28604,28604,11,24
28605,28605,12,45
28606,28606,12,17
28607,28607,12,20
28608,28608,12,20
28609,28609,13,55
28610,28610,13,13
28611,28611,13,15
28612,28612,13,23
28613,28613,14,18
28614,28614,14,38
28615,28615,14,5
28616,28616,14,42
28617,28617,15,24
28618,28618,15,31
28619,28619,15,25
28620,28620,15,32
28621,28621,16,44
28622,28622,16,27
28623,28623,16,12
28624,28624,16,27
28625,28625,17,41
28626,28626,17,13
28627,28627,17,24
28628,28628,17,19
28629,28629,18,31
28630,28630,18,26
28631,28631,18,26
28632,28632,18,17
28633,28633,19,22
28634,28634,19,15
28635,28635,19,18
28636,28636,19,22
28637,28637,20,43
28638,28638,20,19
28639,28639,20,23
28640,28640,20,13
28641,28641,21,30
28642,28642,21,37
28643,28643,21,21
28644,28644,21,21
28645,28645,22,26
28646,28646,22,15
28647,28647,22,8
28648,28648,22,44
28649,28649,23,34
28650,28650,23,40
28651,28651,23,25
28652,28652,23,32
28653,28653,24,50
28654,28654,24,27
28655,28655,24,8
28656,28656,24,19
28657,28657,25,20
28658,28658,25,36
28659,28659,25,15
28660,28660,25,34
28661,28661,26,39
28662,28662,26,15
28663,28663,26,29
28664,28664,26,21
28665,28665,27,28
28666,28666,27,26
28667,28667,27,18
28668,28668,27,32
28669,28669,28,68
28670,28670,28,16
28671,28671,28,13
28672,28672,28,17
28673,28673,29,25
28674,28674,29,16
28675,28675,29,24
28676,28676,29,13
28677,28677,30,47
28678,28678,30,16
28679,28679,30,16
28680,28680,30,33
28681,28681,31,39
28682,28682,31,20
28683,28683,31,8
28684,28684,31,22
28685,28685,32,15
28686,28686,32,13
28687,28687,32,17
28688,28688,32,42
28689,28689,33,30
28690,28690,33,14
28691,28691,33,33
28692,28692,33,28
28693,28693,34,29
28694,28694,34,21
28695,28695,34,21
28696,28696,34,33
28697,28697,35,32
28698,28698,35,24
28699,28699,35,16
28700,28700,35,18
28701,28701,1,44
28702,28702,1,12
28703,28703,1,26
28704,28704,1,20
28705,28705,2,34
28706,28706,2,27
28707,28707,2,18
28708,28708,2,32
28709,28709,3,23
28710,28710,3,22
28711,28711,3,9
28712,28712,3,42
28713,28713,4,26
28714,28714,4,19
28715,28715,4,36
28716,28716,4,26
28717,28717,5,33
28718,28718,5,22
28719,28719,5,33
28720,28720,5,13
28721,28721,6,36
28722,28722,6,25
28723,28723,6,23
28724,28724,6,21
28725,28725,7,45
28726,28726,7,32
28727,28727,7,10
28728,28728,7,13
28729,28729,8,39
28730,28730,8,19
28731,28731,8,16
28732,28732,8,51
28733,28733,9,30
28734,28734,9,27
28735,28735,9,22
28736,28736,9,28
28737,28737,10,32
28738,28738,10,25
28739,28739,10,10
28740,28740,10,37
28741,28741,11,42
28742,28742,11,12
28743,28743,11,10
28744,28744,11,27
28745,28745,12,43
28746,28746,12,15
28747,28747,12,21
28748,28748,12,17
28749,28749,13,37
28750,28750,13,23
28751,28751,13,10
28752,28752,13,37
28753,28753,14,9
28754,28754,14,35
28755,28755,14,31
28756,28756,14,29
28757,28757,15,50
28758,28758,15,14
28759,28759,15,10
28760,28760,15,21
28761,28761,16,36
28762,28762,16,29
28763,28763,16,15
28764,28764,16,39
28765,28765,17,29
28766,28766,17,22
28767,28767,17,6
28768,28768,17,23
28769,28769,18,41
28770,28770,18,11
28771,28771,18,16
28772,28772,18,27
28773,28773,19,21
28774,28774,19,8
28775,28775,19,20
28776,28776,19,28
28777,28777,20,43
28778,28778,20,19
28779,28779,20,15
28780,28780,20,30
28781,28781,21,45
28782,28782,21,13
28783,28783,21,15
28784,28784,21,15
28785,28785,22,35
28786,28786,22,13
28787,28787,22,22
28788,28788,22,35
28789,28789,23,44
28790,28790,23,29
28791,28791,23,23
28792,28792,23,23
28793,28793,24,41
28794,28794,24,15
28795,28795,24,28
28796,28796,24,17
28797,28797,25,33
28798,28798,25,21
28799,28799,25,11
28800,28800,25,18
28801,28801,26,28
28802,28802,26,17
28803,28803,26,17
28804,28804,26,32
28805,28805,27,43
28806,28806,27,14
28807,28807,27,26
28808,28808,27,26
28809,28809,28,33
28810,28810,28,24
28811,28811,28,22
28812,28812,28,29
28813,28813,29,17
28814,28814,29,15
28815,28815,29,26
28816,28816,29,26
28817,28817,30,35
28818,28818,30,39
28819,28819,30,17
28820,28820,30,4
28821,28821,31,26
28822,28822,31,14
28823,28823,31,31
28824,28824,31,47
28825,28825,32,25
28826,28826,32,15
28827,28827,32,18
28828,28828,32,49
28829,28829,33,31
28830,28830,33,15
28831,28831,33,35
28832,28832,33,28
28833,28833,34,22
28834,28834,34,29
28835,28835,34,20
28836,28836,34,24
28837,28837,35,37
28838,28838,35,25
28839,28839,35,29
28840,28840,35,40
28841,28841,1,38
28842,28842,1,22
28843,28843,1,24
28844,28844,1,12
28845,28845,2,14
28846,28846,2,22
28847,28847,2,20
28848,28848,2,37
28849,28849,3,23
28850,28850,3,16
28851,28851,3,27
28852,28852,3,23
28853,28853,4,26
28854,28854,4,19
28855,28855,4,9
28856,28856,4,20
28857,28857,5,33
28858,28858,5,5
28859,28859,5,12
28860,28860,5,33
28861,28861,6,15
28862,28862,6,13
28863,28863,6,20
28864,28864,6,36
28865,28865,7,28
28866,28866,7,19
28867,28867,7,19
28868,28868,7,36
28869,28869,8,17
28870,28870,8,21
28871,28871,8,8
28872,28872,8,20
28873,28873,9,24
28874,28874,9,24
28875,28875,9,20
28876,28876,9,29
28877,28877,10,24
28878,28878,10,17
28879,28879,10,10
28880,28880,10,26
28881,28881,11,19
28882,28882,11,24
28883,28883,11,19
28884,28884,11,14
28885,28885,12,38
28886,28886,12,28
28887,28887,12,17
28888,28888,12,23
28889,28889,13,28
28890,28890,13,19
28891,28891,13,10
28892,28892,13,25
28893,28893,14,30
28894,28894,14,16
28895,28895,14,10
28896,28896,14,20
28897,28897,15,29
28898,28898,15,16
28899,28899,15,31
28900,28900,15,17
28901,28901,16,34
28902,28902,16,5
28903,28903,16,16
28904,28904,16,23
28905,28905,17,27
28906,28906,17,15
28907,28907,17,13
28908,28908,17,27
28909,28909,18,16
28910,28910,18,17
28911,28911,18,32
28912,28912,18,53
28913,28913,19,27
28914,28914,19,10
28915,28915,19,11
28916,28916,19,19
28917,28917,20,24
28918,28918,20,18
28919,28919,20,7
28920,28920,20,33
28921,28921,21,37
28922,28922,21,18
28923,28923,21,23
28924,28924,21,15
28925,28925,22,13
28926,28926,22,24
28927,28927,22,15
28928,28928,22,19
28929,28929,23,10
28930,28930,23,26
28931,28931,23,26
28932,28932,23,24
28933,28933,24,43
28934,28934,24,13
28935,28935,24,22
28936,28936,24,36
28937,28937,25,20
28938,28938,25,15
28939,28939,25,10
28940,28940,25,31
28941,28941,26,23
28942,28942,26,24
28943,28943,26,10
28944,28944,26,25
28945,28945,27,42
28946,28946,27,16
28947,28947,27,8
28948,28948,27,34
28949,28949,28,26
28950,28950,28,18
28951,28951,28,15
28952,28952,28,36
28953,28953,29,29
28954,28954,29,25
28955,28955,29,16
28956,28956,29,29
28957,28957,30,26
28958,28958,30,14
28959,28959,30,12
28960,28960,30,31
28961,28961,31,29
28962,28962,31,13
28963,28963,31,11
28964,28964,31,53
28965,28965,32,35
28966,28966,32,17
28967,28967,32,24
28968,28968,32,15
28969,28969,33,33
28970,28970,33,24
28971,28971,33,16
28972,28972,33,26
28973,28973,34,33
28974,28974,34,12
28975,28975,34,28
28976,28976,34,18
28977,28977,35,25
28978,28978,35,15
28979,28979,35,11
28980,28980,35,49
28981,28981,1,23
28982,28982,1,7
28983,28983,1,19
28984,28984,1,19
28985,28985,2,13
28986,28986,2,22
28987,28987,2,27
28988,28988,2,21
28989,28989,3,12
28990,28990,3,14
28991,28991,3,19
28992,28992,3,34
28993,28993,4,14
28994,28994,4,21
28995,28995,4,16
28996,28996,4,19
28997,28997,5,18
28998,28998,5,23
28999,28999,5,13
29000,29000,5,13
29001,29001,6,34
29002,29002,6,12
29003,29003,6,14
29004,29004,6,25
29005,29005,7,42
29006,29006,7,8
29007,29007,7,23
29008,29008,7,19
29009,29009,8,20
29010,29010,8,12
29011,29011,8,17
29012,29012,8,31
29013,29013,9,16
29014,29014,9,15
29015,29015,9,10
29016,29016,9,29
29017,29017,10,15
29018,29018,10,23
29019,29019,10,11
29020,29020,10,20
29021,29021,11,30
29022,29022,11,17
29023,29023,11,11
29024,29024,11,6
29025,29025,12,28
29026,29026,12,13
29027,29027,12,10
29028,29028,12,6
29029,29029,13,25
29030,29030,13,13
29031,29031,13,8
29032,29032,13,32
29033,29033,14,20
29034,29034,14,14
29035,29035,14,10
29036,29036,14,25
29037,29037,15,17
29038,29038,15,16
29039,29039,15,4
29040,29040,15,8
29041,29041,16,32
29042,29042,16,30
29043,29043,16,19
29044,29044,16,18
29045,29045,17,25
29046,29046,17,15
29047,29047,17,15
29048,29048,17,22
29049,29049,18,16
29050,29050,18,21
29051,29051,18,11
29052,29052,18,18
29053,29053,19,24
29054,29054,19,13
29055,29055,19,6
29056,29056,19,40
29057,29057,20,13
29058,29058,20,13
29059,29059,20,13
29060,29060,20,20
29061,29061,21,39
29062,29062,21,18
29063,29063,21,15
29064,29064,21,18
29065,29065,22,28
29066,29066,22,21
29067,29067,22,11
29068,29068,22,27
29069,29069,23,22
29070,29070,23,19
29071,29071,23,20
29072,29072,23,28
29073,29073,24,29
29074,29074,24,9
29075,29075,24,15
29076,29076,24,10
29077,29077,25,24
29078,29078,25,11
29079,29079,25,8
29080,29080,25,18
29081,29081,26,11
29082,29082,26,13
29083,29083,26,19
29084,29084,26,21
29085,29085,27,25
29086,29086,27,17
29087,29087,27,14
29088,29088,27,15
29089,29089,28,24
29090,29090,28,12
29091,29091,28,12
29092,29092,28,19
29093,29093,29,16
29094,29094,29,23
29095,29095,29,9
29096,29096,29,22
29097,29097,30,11
29098,29098,30,25
29099,29099,30,14
29100,29100,30,19
29101,29101,31,22
29102,29102,31,33
29103,29103,31,16
29104,29104,31,22
29105,29105,32,20
29106,29106,32,23
29107,29107,32,15
29108,29108,32,21
29109,29109,33,32
29110,29110,33,17
29111,29111,33,9
29112,29112,33,17
29113,29113,34,36
29114,29114,34,17
29115,29115,34,14
29116,29116,34,27
29117,29117,35,14
29118,29118,35,14
29119,29119,35,17
29120,29120,35,22
29121,29121,1,24
29122,29122,1,16
29123,29123,1,25
29124,29124,1,17
29125,29125,2,35
29126,29126,2,20
29127,29127,2,18
29128,29128,2,11
29129,29129,3,25
29130,29130,3,17
29131,29131,3,14
29132,29132,3,11
29133,29133,4,30
29134,29134,4,12
29135,29135,4,11
29136,29136,4,15
29137,29137,5,28
29138,29138,5,12
29139,29139,5,13
29140,29140,5,29
29141,29141,6,37
29142,29142,6,19
29143,29143,6,12
29144,29144,6,18
29145,29145,7,29
29146,29146,7,6
29147,29147,7,22
29148,29148,7,32
29149,29149,8,36
29150,29150,8,22
29151,29151,8,20
29152,29152,8,16
29153,29153,9,22
29154,29154,9,10
29155,29155,9,15
29156,29156,9,14
29157,29157,10,15
29158,29158,10,16
29159,29159,10,8
29160,29160,10,24
29161,29161,11,21
29162,29162,11,14
29163,29163,11,12
29164,29164,11,25
29165,29165,12,36
29166,29166,12,15
29167,29167,12,12
29168,29168,12,15
29169,29169,13,22
29170,29170,13,13
29171,29171,13,17
29172,29172,13,18
29173,29173,14,26
29174,29174,14,15
29175,29175,14,10
29176,29176,14,19
29177,29177,15,24
29178,29178,15,23
29179,29179,15,10
29180,29180,15,25
29181,29181,16,22
29182,29182,16,16
29183,29183,16,15
29184,29184,16,32
29185,29185,17,19
29186,29186,17,23
29187,29187,17,6
29188,29188,17,26
29189,29189,18,27
29190,29190,18,10
29191,29191,18,9
29192,29192,18,20
29193,29193,19,22
29194,29194,19,19
29195,29195,19,10
29196,29196,19,31
29197,29197,20,26
29198,29198,20,18
29199,29199,20,10
29200,29200,20,21
29201,29201,21,21
29202,29202,21,19
29203,29203,21,24
29204,29204,21,17
29205,29205,22,36
29206,29206,22,19
29207,29207,22,14
29208,29208,22,19
29209,29209,23,22
29210,29210,23,20
29211,29211,23,8
29212,29212,23,23
29213,29213,24,26
29214,29214,24,16
29215,29215,24,12
29216,29216,24,26
29217,29217,25,17
29218,29218,25,12
29219,29219,25,26
29220,29220,25,13
29221,29221,26,26
29222,29222,26,15
29223,29223,26,15
29224,29224,26,30
29225,29225,27,31
29226,29226,27,15
29227,29227,27,6
29228,29228,27,17
29229,29229,28,45
29230,29230,28,12
29231,29231,28,18
29232,29232,28,20
29233,29233,29,18
29234,29234,29,13
29235,29235,29,15
29236,29236,29,29
29237,29237,30,40
29238,29238,30,15
29239,29239,30,16
29240,29240,30,10
29241,29241,31,25
29242,29242,31,14
29243,29243,31,10
29244,29244,31,21
29245,29245,32,19
29246,29246,32,9
29247,29247,32,18
29248,29248,32,7
29249,29249,33,36
29250,29250,33,13
29251,29251,33,9
29252,29252,33,18
29253,29253,34,30
29254,29254,34,25
29255,29255,34,6
29256,29256,34,15
29257,29257,35,20
29258,29258,35,17
29259,29259,35,5
29260,29260,35,27
29261,29261,1,38
29262,29262,1,25
29263,29263,1,17
29264,29264,1,14
29265,29265,2,32
29266,29266,2,18
29267,29267,2,24
29268,29268,2,14
29269,29269,3,16
29270,29270,3,6
29271,29271,3,14
29272,29272,3,42
29273,29273,4,32
29274,29274,4,18
29275,29275,4,13
29276,29276,4,31
29277,29277,5,55
29278,29278,5,15
29279,29279,5,8
29280,29280,5,26
29281,29281,6,36
29282,29282,6,19
29283,29283,6,16
29284,29284,6,23
29285,29285,7,37
29286,29286,7,16
29287,29287,7,17
29288,29288,7,28
29289,29289,8,24
29290,29290,8,27
29291,29291,8,29
29292,29292,8,14
29293,29293,9,43
29294,29294,9,22
29295,29295,9,11
29296,29296,9,16
29297,29297,10,15
29298,29298,10,26
29299,29299,10,14
29300,29300,10,27
29301,29301,11,24
29302,29302,11,34
29303,29303,11,12
29304,29304,11,22
29305,29305,12,33
29306,29306,12,10
29307,29307,12,23
29308,29308,12,29
29309,29309,13,22
29310,29310,13,18
29311,29311,13,17
29312,29312,13,18
29313,29313,14,27
29314,29314,14,19
29315,29315,14,11
29316,29316,14,27
29317,29317,15,24
29318,29318,15,22
29319,29319,15,21
29320,29320,15,9
29321,29321,16,25
29322,29322,16,13
29323,29323,16,19
29324,29324,16,26
29325,29325,17,21
29326,29326,17,28
29327,29327,17,9
29328,29328,17,33
29329,29329,18,21
29330,29330,18,19
29331,29331,18,16
29332,29332,18,40
29333,29333,19,22
29334,29334,19,16
29335,29335,19,10
29336,29336,19,32
29337,29337,20,33
29338,29338,20,14
29339,29339,20,18
29340,29340,20,25
29341,29341,21,39
29342,29342,21,21
29343,29343,21,22
29344,29344,21,11
29345,29345,22,9
29346,29346,22,27
29347,29347,22,31
29348,29348,22,46
29349,29349,23,19
29350,29350,23,12
29351,29351,23,16
29352,29352,23,30
29353,29353,24,22
29354,29354,24,28
29355,29355,24,20
29356,29356,24,15
29357,29357,25,20
29358,29358,25,17
29359,29359,25,20
29360,29360,25,21
29361,29361,26,29
29362,29362,26,16
29363,29363,26,14
29364,29364,26,22
29365,29365,27,24
29366,29366,27,22
29367,29367,27,24
29368,29368,27,11
29369,29369,28,29
29370,29370,28,25
29371,29371,28,15
29372,29372,28,22
29373,29373,29,27
29374,29374,29,29
29375,29375,29,12
29376,29376,29,24
29377,29377,30,25
29378,29378,30,19
29379,29379,30,24
29380,29380,30,17
29381,29381,31,14
29382,29382,31,19
29383,29383,31,15
29384,29384,31,14
29385,29385,32,33
29386,29386,32,20
29387,29387,32,17
29388,29388,32,17
29389,29389,33,32
29390,29390,33,12
29391,29391,33,9
29392,29392,33,22
29393,29393,34,36
29394,29394,34,20
29395,29395,34,4
29396,29396,34,19
29397,29397,35,45
29398,29398,35,6
29399,29399,35,20
29400,29400,35,24
29401,29401,1,40
29402,29402,1,15
29403,29403,1,20
29404,29404,1,20
29405,29405,2,36
29406,29406,2,16
29407,29407,2,10
29408,29408,2,31
29409,29409,3,17
29410,29410,3,20
29411,29411,3,27
29412,29412,3,29
29413,29413,4,19
29414,29414,4,19
29415,29415,4,33
29416,29416,4,23
29417,29417,5,23
29418,29418,5,16
29419,29419,5,10
29420,29420,5,47
29421,29421,6,26
29422,29422,6,23
29423,29423,6,6
29424,29424,6,30
29425,29425,7,36
29426,29426,7,27
29427,29427,7,14
29428,29428,7,21
29429,29429,8,34
29430,29430,8,16
29431,29431,8,21
29432,29432,8,19
29433,29433,9,27
29434,29434,9,27
29435,29435,9,16
29436,29436,9,31
29437,29437,10,33
29438,29438,10,8
29439,29439,10,11
29440,29440,10,22
29441,29441,11,30
29442,29442,11,25
29443,29443,11,17
29444,29444,11,22
29445,29445,12,33
29446,29446,12,16
29447,29447,12,32
29448,29448,12,28
29449,29449,13,27
29450,29450,13,27
29451,29451,13,7
29452,29452,13,30
29453,29453,14,27
29454,29454,14,10
29455,29455,14,14
29456,29456,14,24
29457,29457,15,37
29458,29458,15,21
29459,29459,15,5
29460,29460,15,20
29461,29461,16,19
29462,29462,16,30
29463,29463,16,10
29464,29464,16,29
29465,29465,17,36
29466,29466,17,18
29467,29467,17,13
29468,29468,17,28
29469,29469,18,37
29470,29470,18,19
29471,29471,18,15
29472,29472,18,16
29473,29473,19,28
29474,29474,19,13
29475,29475,19,18
29476,29476,19,31
29477,29477,20,31
29478,29478,20,14
29479,29479,20,10
29480,29480,20,20
29481,29481,21,20
29482,29482,21,17
29483,29483,21,18
29484,29484,21,24
29485,29485,22,34
29486,29486,22,37
29487,29487,22,13
29488,29488,22,12
29489,29489,23,25
29490,29490,23,21
29491,29491,23,19
29492,29492,23,21
29493,29493,24,28
29494,29494,24,36
29495,29495,24,10
29496,29496,24,15
29497,29497,25,49
29498,29498,25,20
29499,29499,25,18
29500,29500,25,9
29501,29501,26,34
29502,29502,26,17
29503,29503,26,34
29504,29504,26,20
29505,29505,27,23
29506,29506,27,12
29507,29507,27,25
29508,29508,27,37
29509,29509,28,39
29510,29510,28,21
29511,29511,28,21
29512,29512,28,21
29513,29513,29,30
29514,29514,29,6
29515,29515,29,14
29516,29516,29,48
29517,29517,30,30
29518,29518,30,30
29519,29519,30,18
29520,29520,30,17
29521,29521,31,21
29522,29522,31,23
29523,29523,31,29
29524,29524,31,20
29525,29525,32,35
29526,29526,32,43
29527,29527,32,15
29528,29528,32,30
29529,29529,33,41
29530,29530,33,12
29531,29531,33,12
29532,29532,33,26
29533,29533,34,41
29534,29534,34,10
29535,29535,34,5
29536,29536,34,17
29537,29537,35,20
29538,29538,35,15
29539,29539,35,15
29540,29540,35,30
29541,29541,1,21
29542,29542,1,17
29543,29543,1,23
29544,29544,1,25
29545,29545,2,26
29546,29546,2,35
29547,29547,2,16
29548,29548,2,22
29549,29549,3,23
29550,29550,3,30
29551,29551,3,13
29552,29552,3,35
29553,29553,4,28
29554,29554,4,19
29555,29555,4,13
29556,29556,4,25
29557,29557,5,42
29558,29558,5,33
29559,29559,5,20
29560,29560,5,38
29561,29561,6,19
29562,29562,6,20
29563,29563,6,35
29564,29564,6,32
29565,29565,7,36
29566,29566,7,17
29567,29567,7,18
29568,29568,7,37
29569,29569,8,31
29570,29570,8,27
29571,29571,8,16
29572,29572,8,30
29573,29573,9,41
29574,29574,9,41
29575,29575,9,15
29576,29576,9,21
29577,29577,10,36
29578,29578,10,28
29579,29579,10,4
29580,29580,10,33
29581,29581,11,19
29582,29582,11,14
29583,29583,11,13
29584,29584,11,44
29585,29585,12,71
29586,29586,12,16
29587,29587,12,11
29588,29588,12,29
29589,29589,13,25
29590,29590,13,35
29591,29591,13,32
29592,29592,13,37
29593,29593,14,36
29594,29594,14,12
29595,29595,14,15
29596,29596,14,36
29597,29597,15,27
29598,29598,15,18
29599,29599,15,23
29600,29600,15,37
29601,29601,16,28
29602,29602,16,19
29603,29603,16,11
29604,29604,16,34
29605,29605,17,38
29606,29606,17,11
29607,29607,17,11
29608,29608,17,27
29609,29609,18,39
29610,29610,18,16
29611,29611,18,16
29612,29612,18,19
29613,29613,19,36
29614,29614,19,21
29615,29615,19,17
29616,29616,19,48
29617,29617,20,26
29618,29618,20,44
29619,29619,20,15
29620,29620,20,25
29621,29621,21,20
29622,29622,21,27
29623,29623,21,7
29624,29624,21,39
29625,29625,22,27
29626,29626,22,28
29627,29627,22,17
29628,29628,22,25
29629,29629,23,35
29630,29630,23,28
29631,29631,23,35
29632,29632,23,34
29633,29633,24,29
29634,29634,24,25
29635,29635,24,19
29636,29636,24,20
29637,29637,25,55
29638,29638,25,24
29639,29639,25,11
29640,29640,25,41
29641,29641,26,33
29642,29642,26,23
29643,29643,26,19
29644,29644,26,25
29645,29645,27,39
29646,29646,27,32
29647,29647,27,15
29648,29648,27,12
29649,29649,28,32
29650,29650,28,32
29651,29651,28,7
29652,29652,28,35
29653,29653,29,19
29654,29654,29,9
29655,29655,29,26
29656,29656,29,34
29657,29657,30,32
29658,29658,30,13
29659,29659,30,34
29660,29660,30,33
29661,29661,31,18
29662,29662,31,31
29663,29663,31,20
29664,29664,31,17
29665,29665,32,21
29666,29666,32,23
29667,29667,32,16
29668,29668,32,38
29669,29669,33,33
29670,29670,33,13
29671,29671,33,28
29672,29672,33,28
29673,29673,34,40
29674,29674,34,20
29675,29675,34,21
29676,29676,34,18
29677,29677,35,44
29678,29678,35,20
29679,29679,35,18
29680,29680,35,24
29681,29681,1,39
29682,29682,1,36
29683,29683,1,33
29684,29684,1,24
29685,29685,2,20
29686,29686,2,41
29687,29687,2,20
29688,29688,2,30
29689,29689,3,46
29690,29690,3,22
29691,29691,3,32
29692,29692,3,32
29693,29693,4,44
29694,29694,4,17
29695,29695,4,30
29696,29696,4,16
29697,29697,5,26
29698,29698,5,35
29699,29699,5,11
29700,29700,5,49
29701,29701,6,43
29702,29702,6,22
29703,29703,6,19
29704,29704,6,22
29705,29705,7,33
29706,29706,7,24
29707,29707,7,15
29708,29708,7,14
29709,29709,8,42
29710,29710,8,13
29711,29711,8,17
29712,29712,8,29
29713,29713,9,30
29714,29714,9,13
29715,29715,9,21
29716,29716,9,24
29717,29717,10,29
29718,29718,10,40
29719,29719,10,21
29720,29720,10,34
29721,29721,11,20
29722,29722,11,34
29723,29723,11,29
29724,29724,11,25
29725,29725,12,36
29726,29726,12,15
29727,29727,12,16
29728,29728,12,21
29729,29729,13,40
29730,29730,13,29
29731,29731,13,15
29732,29732,13,23
29733,29733,14,34
29734,29734,14,20
29735,29735,14,28
29736,29736,14,39
29737,29737,15,29
29738,29738,15,7
29739,29739,15,24
29740,29740,15,31
29741,29741,16,18
29742,29742,16,31
29743,29743,16,15
29744,29744,16,38
29745,29745,17,30
29746,29746,17,14
29747,29747,17,26
29748,29748,17,56
29749,29749,18,45
29750,29750,18,16
29751,29751,18,23
29752,29752,18,22
29753,29753,19,39
29754,29754,19,29
29755,29755,19,36
29756,29756,19,31
29757,29757,20,34
29758,29758,20,15
29759,29759,20,34
29760,29760,20,43
29761,29761,21,31
29762,29762,21,27
29763,29763,21,12
29764,29764,21,56
29765,29765,22,25
29766,29766,22,14
29767,29767,22,22
29768,29768,22,38
29769,29769,23,25
29770,29770,23,14
29771,29771,23,24
29772,29772,23,52
29773,29773,24,39
29774,29774,24,17
29775,29775,24,24
29776,29776,24,19
29777,29777,25,37
29778,29778,25,25
29779,29779,25,17
29780,29780,25,14
29781,29781,26,46
29782,29782,26,19
29783,29783,26,15
29784,29784,26,33
29785,29785,27,24
29786,29786,27,21
29787,29787,27,33
29788,29788,27,32
29789,29789,28,17
29790,29790,28,38
29791,29791,28,18
29792,29792,28,32
29793,29793,29,34
29794,29794,29,32
29795,29795,29,18
29796,29796,29,25
29797,29797,30,17
29798,29798,30,26
29799,29799,30,30
29800,29800,30,28
29801,29801,31,25
29802,29802,31,20
29803,29803,31,14
29804,29804,31,46
29805,29805,32,36
29806,29806,32,30
29807,29807,32,13
29808,29808,32,27
29809,29809,33,36
29810,29810,33,20
29811,29811,33,26
29812,29812,33,23
29813,29813,34,42
29814,29814,34,26
29815,29815,34,18
29816,29816,34,16
29817,29817,35,43
29818,29818,35,24
29819,29819,35,25
29820,29820,35,31
29821,29821,1,16
29822,29822,1,26
29823,29823,1,16
29824,29824,1,39
29825,29825,2,28
29826,29826,2,29
29827,29827,2,14
29828,29828,2,10
29829,29829,3,17
29830,29830,3,28
29831,29831,3,18
29832,29832,3,22
29833,29833,4,39
29834,29834,4,12
29835,29835,4,17
29836,29836,4,23
29837,29837,5,26
29838,29838,5,13
29839,29839,5,11
29840,29840,5,19
29841,29841,6,32
29842,29842,6,30
29843,29843,6,21
29844,29844,6,23
29845,29845,7,27
29846,29846,7,26
29847,29847,7,9
29848,29848,7,45
29849,29849,8,17
29850,29850,8,21
29851,29851,8,16
29852,29852,8,35
29853,29853,9,14
29854,29854,9,14
29855,29855,9,18
29856,29856,9,19
29857,29857,10,27
29858,29858,10,18
29859,29859,10,10
29860,29860,10,15
29861,29861,11,28
29862,29862,11,44
29863,29863,11,26
29864,29864,11,11
29865,29865,12,23
29866,29866,12,27
29867,29867,12,15
29868,29868,12,21
29869,29869,13,26
29870,29870,13,14
29871,29871,13,26
29872,29872,13,36
29873,29873,14,22
29874,29874,14,10
29875,29875,14,9
29876,29876,14,24
29877,29877,15,40
29878,29878,15,7
29879,29879,15,9
29880,29880,15,25
29881,29881,16,28
29882,29882,16,14
29883,29883,16,19
29884,29884,16,20
29885,29885,17,13
29886,29886,17,22
29887,29887,17,25
29888,29888,17,33
29889,29889,18,19
29890,29890,18,18
29891,29891,18,5
29892,29892,18,39
29893,29893,19,24
29894,29894,19,36
29895,29895,19,25
29896,29896,19,13
29897,29897,20,34
29898,29898,20,22
29899,29899,20,17
29900,29900,20,17
29901,29901,21,19
29902,29902,21,14
29903,29903,21,19
29904,29904,21,17
29905,29905,22,32
29906,29906,22,17
29907,29907,22,10
29908,29908,22,18
29909,29909,23,26
29910,29910,23,16
29911,29911,23,17
29912,29912,23,23
29913,29913,24,32
29914,29914,24,21
29915,29915,24,13
29916,29916,24,34
29917,29917,25,15
29918,29918,25,10
29919,29919,25,20
29920,29920,25,28
29921,29921,26,23
29922,29922,26,15
29923,29923,26,15
29924,29924,26,38
29925,29925,27,32
29926,29926,27,11
29927,29927,27,18
29928,29928,27,18
29929,29929,28,15
29930,29930,28,23
29931,29931,28,21
29932,29932,28,20
29933,29933,29,14
29934,29934,29,20
29935,29935,29,32
29936,29936,29,22
29937,29937,30,31
29938,29938,30,12
29939,29939,30,16
29940,29940,30,26
29941,29941,31,25
29942,29942,31,12
29943,29943,31,28
29944,29944,31,18
29945,29945,32,18
29946,29946,32,8
29947,29947,32,20
29948,29948,32,27
29949,29949,33,25
29950,29950,33,33
29951,29951,33,17
29952,29952,33,32
29953,29953,34,27
29954,29954,34,13
29955,29955,34,17
29956,29956,34,21
29957,29957,35,25
29958,29958,35,24
29959,29959,35,11
29960,29960,35,32
29961,29961,1,17
29962,29962,1,22
29963,29963,1,24
29964,29964,1,15
29965,29965,2,20
29966,29966,2,12
29967,29967,2,12
29968,29968,2,14
29969,29969,3,31
29970,29970,3,11
29971,29971,3,9
29972,29972,3,31
29973,29973,4,19
29974,29974,4,13
29975,29975,4,14
29976,29976,4,26
29977,29977,5,20
29978,29978,5,26
29979,29979,5,11
29980,29980,5,24
29981,29981,6,14
29982,29982,6,25
29983,29983,6,16
29984,29984,6,17
29985,29985,7,44
29986,29986,7,12
29987,29987,7,18
29988,29988,7,13
29989,29989,8,22
29990,29990,8,14
29991,29991,8,9
29992,29992,8,15
29993,29993,9,25
29994,29994,9,9
29995,29995,9,8
29996,29996,9,22
29997,29997,10,24
29998,29998,10,14
29999,29999,10,8
30000,30000,10,20
30001,30001,11,36
30002,30002,11,8
30003,30003,11,11
30004,30004,11,20
30005,30005,12,18
30006,30006,12,15
30007,30007,12,24
30008,30008,12,14
30009,30009,13,25
30010,30010,13,23
30011,30011,13,9
30012,30012,13,20
30013,30013,14,21
30014,30014,14,12
30015,30015,14,12
30016,30016,14,39
30017,30017,15,21
30018,30018,15,9
30019,30019,15,11
30020,30020,15,29
30021,30021,16,27
30022,30022,16,19
30023,30023,16,14
30024,30024,16,13
30025,30025,17,31
30026,30026,17,2
30027,30027,17,12
30028,30028,17,35
30029,30029,18,9
30030,30030,18,13
30031,30031,18,16
30032,30032,18,20
30033,30033,19,23
30034,30034,19,15
30035,30035,19,22
30036,30036,19,31
30037,30037,20,27
30038,30038,20,21
30039,30039,20,9
30040,30040,20,28
30041,30041,21,30
30042,30042,21,21
30043,30043,21,15
30044,30044,21,19
30045,30045,22,22
30046,30046,22,17
30047,30047,22,13
30048,30048,22,13
30049,30049,23,18
30050,30050,23,12
30051,30051,23,9
30052,30052,23,25
30053,30053,24,38
30054,30054,24,18
30055,30055,24,11
30056,30056,24,18
30057,30057,25,12
30058,30058,25,11
30059,30059,25,5
30060,30060,25,33
30061,30061,26,15
30062,30062,26,12
30063,30063,26,15
30064,30064,26,24
30065,30065,27,7
30066,30066,27,28
30067,30067,27,15
30068,30068,27,44
30069,30069,28,18
30070,30070,28,18
30071,30071,28,18
30072,30072,28,16
30073,30073,29,34
30074,30074,29,17
30075,30075,29,11
30076,30076,29,15
30077,30077,30,25
30078,30078,30,18
30079,30079,30,18
30080,30080,30,16
30081,30081,31,31
30082,30082,31,12
30083,30083,31,15
30084,30084,31,40
30085,30085,32,19
30086,30086,32,9
30087,30087,32,6
30088,30088,32,32
30089,30089,33,34
30090,30090,33,17
30091,30091,33,15
30092,30092,33,9
30093,30093,34,17
30094,30094,34,23
30095,30095,34,20
30096,30096,34,34
30097,30097,35,17
30098,30098,35,21
30099,30099,35,14
30100,30100,35,22
30101,30101,1,24
30102,30102,1,18
30103,30103,1,18
30104,30104,1,12
30105,30105,2,23
30106,30106,2,15
30107,30107,2,19
30108,30108,2,25
30109,30109,3,34
30110,30110,3,20
30111,30111,3,12
30112,30112,3,25
30113,30113,4,14
30114,30114,4,18
30115,30115,4,14
30116,30116,4,28
30117,30117,5,30
30118,30118,5,34
30119,30119,5,17
30120,30120,5,31
30121,30121,6,24
30122,30122,6,16
30123,30123,6,27
30124,30124,6,21
30125,30125,7,12
30126,30126,7,19
30127,30127,7,19
30128,30128,7,17
30129,30129,8,19
30130,30130,8,13
30131,30131,8,4
30132,30132,8,19
30133,30133,9,33
30134,30134,9,17
30135,30135,9,17
30136,30136,9,28
30137,30137,10,21
30138,30138,10,11
30139,30139,10,15
30140,30140,10,15
30141,30141,11,28
30142,30142,11,12
30143,30143,11,15
30144,30144,11,14
30145,30145,12,24
30146,30146,12,15
30147,30147,12,16
30148,30148,12,24
30149,30149,13,31
30150,30150,13,14
30151,30151,13,16
30152,30152,13,22
30153,30153,14,16
30154,30154,14,15
30155,30155,14,16
30156,30156,14,13
30157,30157,15,36
30158,30158,15,16
30159,30159,15,16
30160,30160,15,16
30161,30161,16,27
30162,30162,16,22
30163,30163,16,7
30164,30164,16,26
30165,30165,17,20
30166,30166,17,22
30167,30167,17,9
30168,30168,17,25
30169,30169,18,26
30170,30170,18,16
30171,30171,18,16
30172,30172,18,8
30173,30173,19,22
30174,30174,19,19
30175,30175,19,13
30176,30176,19,17
30177,30177,20,31
30178,30178,20,12
30179,30179,20,27
30180,30180,20,30
30181,30181,21,42
30182,30182,21,4
30183,30183,21,9
30184,30184,21,26
30185,30185,22,50
30186,30186,22,5
30187,30187,22,12
30188,30188,22,30
30189,30189,23,25
30190,30190,23,20
30191,30191,23,27
30192,30192,23,16
30193,30193,24,23
30194,30194,24,12
30195,30195,24,25
30196,30196,24,17
30197,30197,25,27
30198,30198,25,14
30199,30199,25,14
30200,30200,25,21
30201,30201,26,31
30202,30202,26,21
30203,30203,26,14
30204,30204,26,18
30205,30205,27,26
30206,30206,27,10
30207,30207,27,11
30208,30208,27,32
30209,30209,28,30
30210,30210,28,11
30211,30211,28,25
30212,30212,28,26
30213,30213,29,17
30214,30214,29,31
30215,30215,29,16
30216,30216,29,25
30217,30217,30,22
30218,30218,30,16
30219,30219,30,10
30220,30220,30,24
30221,30221,31,20
30222,30222,31,29
30223,30223,31,16
30224,30224,31,17
30225,30225,32,25
30226,30226,32,20
30227,30227,32,7
30228,30228,32,31
30229,30229,33,24
30230,30230,33,26
30231,30231,33,12
30232,30232,33,20
30233,30233,34,31
30234,30234,34,13
30235,30235,34,3
30236,30236,34,22
30237,30237,35,22
30238,30238,35,14
30239,30239,35,10
30240,30240,35,28
30241,30241,1,38
30242,30242,1,15
30243,30243,1,10
30244,30244,1,32
30245,30245,2,26
30246,30246,2,19
30247,30247,2,17
30248,30248,2,30
30249,30249,3,35
30250,30250,3,18
30251,30251,3,10
30252,30252,3,36
30253,30253,4,41
30254,30254,4,17
30255,30255,4,12
30256,30256,4,15
30257,30257,5,24
30258,30258,5,20
30259,30259,5,7
30260,30260,5,18
30261,30261,6,27
30262,30262,6,10
30263,30263,6,11
30264,30264,6,20
30265,30265,7,33
30266,30266,7,14
30267,30267,7,14
30268,30268,7,20
30269,30269,8,12
30270,30270,8,17
30271,30271,8,10
30272,30272,8,30
30273,30273,9,22
30274,30274,9,40
30275,30275,9,18
30276,30276,9,16
30277,30277,10,31
30278,30278,10,17
30279,30279,10,16
30280,30280,10,25
30281,30281,11,31
30282,30282,11,26
30283,30283,11,12
30284,30284,11,20
30285,30285,12,28
30286,30286,12,33
30287,30287,12,11
30288,30288,12,27
30289,30289,13,27
30290,30290,13,16
30291,30291,13,12
30292,30292,13,22
30293,30293,14,32
30294,30294,14,24
30295,30295,14,7
30296,30296,14,18
30297,30297,15,15
30298,30298,15,27
30299,30299,15,12
30300,30300,15,15
30301,30301,16,25
30302,30302,16,21
30303,30303,16,13
30304,30304,16,28
30305,30305,17,19
30306,30306,17,9
30307,30307,17,16
30308,30308,17,18
30309,30309,18,16
30310,30310,18,16
30311,30311,18,26
30312,30312,18,34
30313,30313,19,21
30314,30314,19,27
30315,30315,19,13
30316,30316,19,38
30317,30317,20,15
30318,30318,20,32
30319,30319,20,19
30320,30320,20,20
30321,30321,21,29
30322,30322,21,21
30323,30323,21,6
30324,30324,21,27
30325,30325,22,24
30326,30326,22,29
30327,30327,22,22
30328,30328,22,25
30329,30329,23,19
30330,30330,23,40
30331,30331,23,16
30332,30332,23,20
30333,30333,24,22
30334,30334,24,14
30335,30335,24,12
30336,30336,24,27
30337,30337,25,31
30338,30338,25,29
30339,30339,25,6
30340,30340,25,20
30341,30341,26,26
30342,30342,26,12
30343,30343,26,18
30344,30344,26,20
30345,30345,27,21
30346,30346,27,22
30347,30347,27,24
30348,30348,27,11
30349,30349,28,27
30350,30350,28,23
30351,30351,28,9
30352,30352,28,32
30353,30353,29,26
30354,30354,29,30
30355,30355,29,22
30356,30356,29,10
30357,30357,30,22
30358,30358,30,23
30359,30359,30,9
30360,30360,30,26
30361,30361,31,19
30362,30362,31,16
30363,30363,31,18
30364,30364,31,16
30365,30365,32,23
30366,30366,32,10
30367,30367,32,13
30368,30368,32,16
30369,30369,33,19
30370,30370,33,21
30371,30371,33,12
30372,30372,33,19
30373,30373,34,18
30374,30374,34,34
30375,30375,34,15
30376,30376,34,23
30377,30377,35,39
30378,30378,35,17
30379,30379,35,11
30380,30380,35,18
30381,30381,1,30
30382,30382,1,15
30383,30383,1,23
30384,30384,1,22
30385,30385,2,34
30386,30386,2,9
30387,30387,2,14
30388,30388,2,37
30389,30389,3,39
30390,30390,3,24
30391,30391,3,7
30392,30392,3,33
30393,30393,4,21
30394,30394,4,24
30395,30395,4,16
30396,30396,4,32
30397,30397,5,31
30398,30398,5,14
30399,30399,5,15
30400,30400,5,34
30401,30401,6,33
30402,30402,6,23
30403,30403,6,19
30404,30404,6,20
30405,30405,7,15
30406,30406,7,17
30407,30407,7,17
30408,30408,7,25
30409,30409,8,20
30410,30410,8,17
30411,30411,8,6
30412,30412,8,30
30413,30413,9,41
30414,30414,9,20
30415,30415,9,25
30416,30416,9,19
30417,30417,10,24
30418,30418,10,16
30419,30419,10,34
30420,30420,10,29
30421,30421,11,22
30422,30422,11,24
30423,30423,11,21
30424,30424,11,20
30425,30425,12,30
30426,30426,12,12
30427,30427,12,15
30428,30428,12,25
30429,30429,13,52
30430,30430,13,13
30431,30431,13,15
30432,30432,13,14
30433,30433,14,27
30434,30434,14,22
30435,30435,14,25
30436,30436,14,16
30437,30437,15,28
30438,30438,15,17
30439,30439,15,15
30440,30440,15,22
30441,30441,16,15
30442,30442,16,39
30443,30443,16,10
30444,30444,16,22
30445,30445,17,23
30446,30446,17,33
30447,30447,17,16
30448,30448,17,16
30449,30449,18,21
30450,30450,18,20
30451,30451,18,8
30452,30452,18,42
30453,30453,19,25
30454,30454,19,14
30455,30455,19,13
30456,30456,19,21
30457,30457,20,36
30458,30458,20,28
30459,30459,20,27
30460,30460,20,18
30461,30461,21,17
30462,30462,21,22
30463,30463,21,11
30464,30464,21,19
30465,30465,22,15
30466,30466,22,21
30467,30467,22,25
30468,30468,22,30
30469,30469,23,24
30470,30470,23,22
30471,30471,23,28
30472,30472,23,16
30473,30473,24,30
30474,30474,24,25
30475,30475,24,9
30476,30476,24,37
30477,30477,25,36
30478,30478,25,18
30479,30479,25,6
30480,30480,25,12
30481,30481,26,22
30482,30482,26,17
30483,30483,26,7
30484,30484,26,32
30485,30485,27,37
30486,30486,27,14
30487,30487,27,24
30488,30488,27,24
30489,30489,28,18
30490,30490,28,49
30491,30491,28,11
30492,30492,28,26
30493,30493,29,38
30494,30494,29,38
30495,30495,29,26
30496,30496,29,26
30497,30497,30,33
30498,30498,30,24
30499,30499,30,14
30500,30500,30,32
30501,30501,31,27
30502,30502,31,15
30503,30503,31,19
30504,30504,31,12
30505,30505,32,34
30506,30506,32,16
30507,30507,32,21
30508,30508,32,20
30509,30509,33,35
30510,30510,33,28
30511,30511,33,26
30512,30512,33,20
30513,30513,34,22
30514,30514,34,22
30515,30515,34,18
30516,30516,34,35
30517,30517,35,27
30518,30518,35,17
30519,30519,35,11
30520,30520,35,36
30521,30521,1,35
30522,30522,1,17
30523,30523,1,22
30524,30524,1,26
30525,30525,2,27
30526,30526,2,30
30527,30527,2,29
30528,30528,2,27
30529,30529,3,33
30530,30530,3,15
30531,30531,3,10
30532,30532,3,48
30533,30533,4,49
30534,30534,4,32
30535,30535,4,21
30536,30536,4,26
30537,30537,5,28
30538,30538,5,45
30539,30539,5,13
30540,30540,5,19
30541,30541,6,52
30542,30542,6,20
30543,30543,6,24
30544,30544,6,27
30545,30545,7,31
30546,30546,7,17
30547,30547,7,26
30548,30548,7,22
30549,30549,8,46
30550,30550,8,10
30551,30551,8,30
30552,30552,8,50
30553,30553,9,46
30554,30554,9,16
30555,30555,9,17
30556,30556,9,37
30557,30557,10,28
30558,30558,10,4
30559,30559,10,45
30560,30560,10,27
30561,30561,11,35
30562,30562,11,14
30563,30563,11,6
30564,30564,11,43
30565,30565,12,36
30566,30566,12,17
30567,30567,12,10
30568,30568,12,20
30569,30569,13,46
30570,30570,13,15
30571,30571,13,23
30572,30572,13,31
30573,30573,14,66
30574,30574,14,16
30575,30575,14,26
30576,30576,14,19
30577,30577,15,33
30578,30578,15,17
30579,30579,15,15
30580,30580,15,26
30581,30581,16,32
30582,30582,16,22
30583,30583,16,23
30584,30584,16,15
30585,30585,17,36
30586,30586,17,19
30587,30587,17,19
30588,30588,17,28
30589,30589,18,28
30590,30590,18,23
30591,30591,18,20
30592,30592,18,16
30593,30593,19,39
30594,30594,19,20
30595,30595,19,18
30596,30596,19,37
30597,30597,20,32
30598,30598,20,26
30599,30599,20,3
30600,30600,20,38
30601,30601,21,21
30602,30602,21,11
30603,30603,21,19
30604,30604,21,41
30605,30605,22,32
30606,30606,22,29
30607,30607,22,13
30608,30608,22,17
30609,30609,23,50
30610,30610,23,28
30611,30611,23,12
30612,30612,23,28
30613,30613,24,28
30614,30614,24,27
30615,30615,24,13
30616,30616,24,36
30617,30617,25,25
30618,30618,25,32
30619,30619,25,28
30620,30620,25,14
30621,30621,26,31
30622,30622,26,15
30623,30623,26,13
30624,30624,26,16
30625,30625,27,22
30626,30626,27,21
30627,30627,27,21
30628,30628,27,23
30629,30629,28,33
30630,30630,28,24
30631,30631,28,30
30632,30632,28,37
30633,30633,29,44
30634,30634,29,19
30635,30635,29,13
30636,30636,29,19
30637,30637,30,37
30638,30638,30,20
30639,30639,30,22
30640,30640,30,26
30641,30641,31,53
30642,30642,31,42
30643,30643,31,22
30644,30644,31,25
30645,30645,32,28
30646,30646,32,20
30647,30647,32,20
30648,30648,32,51
30649,30649,33,37
30650,30650,33,25
30651,30651,33,12
30652,30652,33,23
30653,30653,34,45
30654,30654,34,10
30655,30655,34,12
30656,30656,34,20
30657,30657,35,22
30658,30658,35,25
30659,30659,35,22
30660,30660,35,28
30661,30661,1,40
30662,30662,1,22
30663,30663,1,13
30664,30664,1,17
30665,30665,2,42
30666,30666,2,24
30667,30667,2,21
30668,30668,2,24
30669,30669,3,36
30670,30670,3,30
30671,30671,3,22
30672,30672,3,36
30673,30673,4,29
30674,30674,4,26
30675,30675,4,14
30676,30676,4,28
30677,30677,5,31
30678,30678,5,44
30679,30679,5,20
30680,30680,5,21
30681,30681,6,34
30682,30682,6,10
30683,30683,6,33
30684,30684,6,24
30685,30685,7,39
30686,30686,7,19
30687,30687,7,39
30688,30688,7,32
30689,30689,8,36
30690,30690,8,29
30691,30691,8,26
30692,30692,8,24
30693,30693,9,30
30694,30694,9,25
30695,30695,9,26
30696,30696,9,32
30697,30697,10,49
30698,30698,10,19
30699,30699,10,24
30700,30700,10,22
30701,30701,11,19
30702,30702,11,40
30703,30703,11,23
30704,30704,11,30
30705,30705,12,16
30706,30706,12,36
30707,30707,12,14
30708,30708,12,34
30709,30709,13,34
30710,30710,13,19
30711,30711,13,12
30712,30712,13,30
30713,30713,14,32
30714,30714,14,21
30715,30715,14,30
30716,30716,14,28
30717,30717,15,35
30718,30718,15,37
30719,30719,15,21
30720,30720,15,27
30721,30721,16,64
30722,30722,16,22
30723,30723,16,14
30724,30724,16,46
30725,30725,17,19
30726,30726,17,33
30727,30727,17,11
30728,30728,17,29
30729,30729,18,35
30730,30730,18,24
30731,30731,18,17
30732,30732,18,21
30733,30733,19,25
30734,30734,19,15
30735,30735,19,23
30736,30736,19,19
30737,30737,20,38
30738,30738,20,30
30739,30739,20,20
30740,30740,20,29
30741,30741,21,46
30742,30742,21,20
30743,30743,21,23
30744,30744,21,22
30745,30745,22,31
30746,30746,22,17
30747,30747,22,20
30748,30748,22,27
30749,30749,23,15
30750,30750,23,16
30751,30751,23,11
30752,30752,23,28
30753,30753,24,44
30754,30754,24,15
30755,30755,24,27
30756,30756,24,15
30757,30757,25,40
30758,30758,25,31
30759,30759,25,13
30760,30760,25,35
30761,30761,26,47
30762,30762,26,32
30763,30763,26,14
30764,30764,26,26
30765,30765,27,41
30766,30766,27,29
30767,30767,27,16
30768,30768,27,24
30769,30769,28,32
30770,30770,28,16
30771,30771,28,22
30772,30772,28,41
30773,30773,29,21
30774,30774,29,29
30775,30775,29,26
30776,30776,29,36
30777,30777,30,22
30778,30778,30,22
30779,30779,30,38
30780,30780,30,26
30781,30781,31,36
30782,30782,31,33
30783,30783,31,15
30784,30784,31,23
30785,30785,32,26
30786,30786,32,41
30787,30787,32,20
30788,30788,32,16
30789,30789,33,58
30790,30790,33,20
30791,30791,33,11
30792,30792,33,19
30793,30793,34,28
30794,30794,34,40
30795,30795,34,23
30796,30796,34,25
30797,30797,35,62
30798,30798,35,20
30799,30799,35,19
30800,30800,35,22
30801,30801,1,22
30802,30802,1,26
30803,30803,1,27
30804,30804,1,25
30805,30805,2,41
30806,30806,2,17
30807,30807,2,14
30808,30808,2,24
30809,30809,3,23
30810,30810,3,22
30811,30811,3,29
30812,30812,3,27
30813,30813,4,16
30814,30814,4,12
30815,30815,4,12
30816,30816,4,40
30817,30817,5,24
30818,30818,5,24
30819,30819,5,17
30820,30820,5,14
30821,30821,6,23
30822,30822,6,26
30823,30823,6,17
30824,30824,6,26
30825,30825,7,28
30826,30826,7,14
30827,30827,7,20
30828,30828,7,25
30829,30829,8,19
30830,30830,8,19
30831,30831,8,9
30832,30832,8,27
30833,30833,9,26
30834,30834,9,12
30835,30835,9,23
30836,30836,9,29
30837,30837,10,28
30838,30838,10,11
30839,30839,10,30
30840,30840,10,21
30841,30841,11,22
30842,30842,11,16
30843,30843,11,9
30844,30844,11,54
30845,30845,12,18
30846,30846,12,26
30847,30847,12,19
30848,30848,12,25
30849,30849,13,38
30850,30850,13,29
30851,30851,13,15
30852,30852,13,19
30853,30853,14,26
30854,30854,14,16
30855,30855,14,10
30856,30856,14,48
30857,30857,15,9
30858,30858,15,45
30859,30859,15,8
30860,30860,15,22
30861,30861,16,28
30862,30862,16,14
30863,30863,16,14
30864,30864,16,28
30865,30865,17,31
30866,30866,17,28
30867,30867,17,10
30868,30868,17,32
30869,30869,18,29
30870,30870,18,17
30871,30871,18,13
30872,30872,18,32
30873,30873,19,15
30874,30874,19,24
30875,30875,19,13
30876,30876,19,17
30877,30877,20,24
30878,30878,20,19
30879,30879,20,11
30880,30880,20,28
30881,30881,21,15
30882,30882,21,16
30883,30883,21,19
30884,30884,21,21
30885,30885,22,21
30886,30886,22,12
30887,30887,22,31
30888,30888,22,32
30889,30889,23,38
30890,30890,23,16
30891,30891,23,12
30892,30892,23,27
30893,30893,24,23
30894,30894,24,31
30895,30895,24,27
30896,30896,24,24
30897,30897,25,18
30898,30898,25,13
30899,30899,25,19
30900,30900,25,32
30901,30901,26,24
30902,30902,26,10
30903,30903,26,14
30904,30904,26,24
30905,30905,27,31
30906,30906,27,17
30907,30907,27,10
30908,30908,27,26
30909,30909,28,38
30910,30910,28,19
30911,30911,28,8
30912,30912,28,20
30913,30913,29,27
30914,30914,29,35
30915,30915,29,22
30916,30916,29,14
30917,30917,30,25
30918,30918,30,21
30919,30919,30,14
30920,30920,30,38
30921,30921,31,33
30922,30922,31,13
30923,30923,31,27
30924,30924,31,29
30925,30925,32,46
30926,30926,32,16
30927,30927,32,5
30928,30928,32,10
30929,30929,33,28
30930,30930,33,13
30931,30931,33,20
30932,30932,33,20
30933,30933,34,27
30934,30934,34,19
30935,30935,34,24
30936,30936,34,18
30937,30937,35,36
30938,30938,35,30
30939,30939,35,10
30940,30940,35,19
30941,30941,1,23
30942,30942,1,14
30943,30943,1,20
30944,30944,1,28
30945,30945,2,21
30946,30946,2,17
30947,30947,2,14
30948,30948,2,21
30949,30949,3,32
30950,30950,3,26
30951,30951,3,12
30952,30952,3,15
30953,30953,4,23
30954,30954,4,11
30955,30955,4,7
30956,30956,4,29
30957,30957,5,19
30958,30958,5,16
30959,30959,5,14
30960,30960,5,39
30961,30961,6,33
30962,30962,6,17
30963,30963,6,8
30964,30964,6,11
30965,30965,7,31
30966,30966,7,8
30967,30967,7,5
30968,30968,7,11
30969,30969,8,30
30970,30970,8,19
30971,30971,8,7
30972,30972,8,39
30973,30973,9,15
30974,30974,9,18
30975,30975,9,10
30976,30976,9,19
30977,30977,10,36
30978,30978,10,13
30979,30979,10,8
30980,30980,10,21
30981,30981,11,25
30982,30982,11,22
30983,30983,11,6
30984,30984,11,14
30985,30985,12,24
30986,30986,12,14
30987,30987,12,24
30988,30988,12,25
30989,30989,13,16
30990,30990,13,12
30991,30991,13,16
30992,30992,13,24
30993,30993,14,24
30994,30994,14,15
30995,30995,14,8
30996,30996,14,26
30997,30997,15,12
30998,30998,15,23
30999,30999,15,8
31000,31000,15,25
31001,31001,16,18
31002,31002,16,25
31003,31003,16,14
31004,31004,16,21
31005,31005,17,16
31006,31006,17,19
31007,31007,17,18
31008,31008,17,10
31009,31009,18,21
31010,31010,18,24
31011,31011,18,14
31012,31012,18,16
31013,31013,19,15
31014,31014,19,9
31015,31015,19,16
31016,31016,19,32
31017,31017,20,8
31018,31018,20,42
31019,31019,20,27
31020,31020,20,18
31021,31021,21,12
31022,31022,21,8
31023,31023,21,21
31024,31024,21,25
31025,31025,22,28
31026,31026,22,8
31027,31027,22,10
31028,31028,22,18
31029,31029,23,28
31030,31030,23,19
31031,31031,23,9
31032,31032,23,12
31033,31033,24,27
31034,31034,24,11
31035,31035,24,12
31036,31036,24,34
31037,31037,25,25
31038,31038,25,11
31039,31039,25,14
31040,31040,25,28
31041,31041,26,7
31042,31042,26,28
31043,31043,26,11
31044,31044,26,13
31045,31045,27,12
31046,31046,27,25
31047,31047,27,17
31048,31048,27,19
31049,31049,28,37
31050,31050,28,15
31051,31051,28,11
31052,31052,28,25
31053,31053,29,8
31054,31054,29,19
31055,31055,29,6
31056,31056,29,27
31057,31057,30,30
31058,31058,30,5
31059,31059,30,28
31060,31060,30,21
31061,31061,31,20
31062,31062,31,22
31063,31063,31,13
31064,31064,31,17
31065,31065,32,6
31066,31066,32,14
31067,31067,32,16
31068,31068,32,27
31069,31069,33,28
31070,31070,33,12
31071,31071,33,17
31072,31072,33,34
31073,31073,34,26
31074,31074,34,19
31075,31075,34,9
31076,31076,34,27
31077,31077,35,22
31078,31078,35,8
31079,31079,35,7
31080,31080,35,21
31081,31081,1,8
31082,31082,1,18
31083,31083,1,10
31084,31084,1,33
31085,31085,2,28
31086,31086,2,21
31087,31087,2,10
31088,31088,2,25
31089,31089,3,17
31090,31090,3,29
31091,31091,3,15
31092,31092,3,33
31093,31093,4,22
31094,31094,4,22
31095,31095,4,5
31096,31096,4,12
31097,31097,5,17
31098,31098,5,23
31099,31099,5,10
31100,31100,5,11
31101,31101,6,29
31102,31102,6,17
31103,31103,6,8
31104,31104,6,20
31105,31105,7,24
31106,31106,7,8
31107,31107,7,10
31108,31108,7,19
31109,31109,8,18
31110,31110,8,12
31111,31111,8,28
31112,31112,8,22
31113,31113,9,47
31114,31114,9,24
31115,31115,9,9
31116,31116,9,17
31117,31117,10,27
31118,31118,10,18
31119,31119,10,16
31120,31120,10,13
31121,31121,11,21
31122,31122,11,23
31123,31123,11,15
31124,31124,11,21
31125,31125,12,20
31126,31126,12,18
31127,31127,12,14
31128,31128,12,34
31129,31129,13,14
31130,31130,13,24
31131,31131,13,17
31132,31132,13,30
31133,31133,14,34
31134,31134,14,14
31135,31135,14,12
31136,31136,14,16
31137,31137,15,19
31138,31138,15,2
31139,31139,15,12
31140,31140,15,27
31141,31141,16,28
31142,31142,16,23
31143,31143,16,9
31144,31144,16,10
31145,31145,17,20
31146,31146,17,11
31147,31147,17,22
31148,31148,17,16
31149,31149,18,16
31150,31150,18,16
31151,31151,18,26
31152,31152,18,32
31153,31153,19,16
31154,31154,19,17
31155,31155,19,14
31156,31156,19,18
31157,31157,20,33
31158,31158,20,12
31159,31159,20,12
31160,31160,20,27
31161,31161,21,16
31162,31162,21,15
31163,31163,21,13
31164,31164,21,15
31165,31165,22,18
31166,31166,22,22
31167,31167,22,14
31168,31168,22,26
31169,31169,23,16
31170,31170,23,12
31171,31171,23,12
31172,31172,23,15
31173,31173,24,25
31174,31174,24,19
31175,31175,24,4
31176,31176,24,23
31177,31177,25,33
31178,31178,25,13
31179,31179,25,15
31180,31180,25,13
31181,31181,26,13
31182,31182,26,25
31183,31183,26,20
31184,31184,26,32
31185,31185,27,28
31186,31186,27,22
31187,31187,27,20
31188,31188,27,29
31189,31189,28,30
31190,31190,28,5
31191,31191,28,13
31192,31192,28,15
31193,31193,29,15
31194,31194,29,25
31195,31195,29,13
31196,31196,29,21
31197,31197,30,21
31198,31198,30,8
31199,31199,30,16
31200,31200,30,23
31201,31201,31,23
31202,31202,31,13
31203,31203,31,18
31204,31204,31,25
31205,31205,32,23
31206,31206,32,20
31207,31207,32,17
31208,31208,32,18
31209,31209,33,32
31210,31210,33,12
31211,31211,33,13
31212,31212,33,25
31213,31213,34,16
31214,31214,34,10
31215,31215,34,14
31216,31216,34,21
31217,31217,35,22
31218,31218,35,17
31219,31219,35,9
31220,31220,35,31
31221,31221,1,15
31222,31222,1,30
31223,31223,1,17
31224,31224,1,29
31225,31225,2,14
31226,31226,2,18
31227,31227,2,18
31228,31228,2,16
31229,31229,3,28
31230,31230,3,12
31231,31231,3,8
31232,31232,3,18
31233,31233,4,24
31234,31234,4,18
31235,31235,4,12
31236,31236,4,29
31237,31237,5,9
31238,31238,5,15
31239,31239,5,18
31240,31240,5,39
31241,31241,6,14
31242,31242,6,32
31243,31243,6,19
31244,31244,6,35
31245,31245,7,25
31246,31246,7,24
31247,31247,7,19
31248,31248,7,18
31249,31249,8,22
31250,31250,8,23
31251,31251,8,6
31252,31252,8,22
31253,31253,9,32
31254,31254,9,25
31255,31255,9,13
31256,31256,9,19
31257,31257,10,22
31258,31258,10,19
31259,31259,10,10
31260,31260,10,22
31261,31261,11,24
31262,31262,11,16
31263,31263,11,4
31264,31264,11,27
31265,31265,12,34
31266,31266,12,10
31267,31267,12,17
31268,31268,12,11
31269,31269,13,15
31270,31270,13,16
31271,31271,13,15
31272,31272,13,17
31273,31273,14,25
31274,31274,14,13
31275,31275,14,12
31276,31276,14,32
31277,31277,15,28
31278,31278,15,16
31279,31279,15,11
31280,31280,15,32
31281,31281,16,29
31282,31282,16,19
31283,31283,16,16
31284,31284,16,25
31285,31285,17,14
31286,31286,17,9
31287,31287,17,23
31288,31288,17,17
31289,31289,18,19
31290,31290,18,17
31291,31291,18,18
31292,31292,18,17
31293,31293,19,36
31294,31294,19,12
31295,31295,19,23
31296,31296,19,18
31297,31297,20,35
31298,31298,20,16
31299,31299,20,9
31300,31300,20,29
31301,31301,21,36
31302,31302,21,16
31303,31303,21,35
31304,31304,21,12
31305,31305,22,37
31306,31306,22,14
31307,31307,22,10
31308,31308,22,34
31309,31309,23,30
31310,31310,23,10
31311,31311,23,20
31312,31312,23,17
31313,31313,24,25
31314,31314,24,7
31315,31315,24,20
31316,31316,24,30
31317,31317,25,34
31318,31318,25,13
31319,31319,25,13
31320,31320,25,27
31321,31321,26,34
31322,31322,26,11
31323,31323,26,25
31324,31324,26,10
31325,31325,27,11
31326,31326,27,22
31327,31327,27,6
31328,31328,27,21
31329,31329,28,28
31330,31330,28,15
31331,31331,28,16
31332,31332,28,37
31333,31333,29,44
31334,31334,29,16
31335,31335,29,12
31336,31336,29,30
31337,31337,30,26
31338,31338,30,18
31339,31339,30,13
31340,31340,30,20
31341,31341,31,30
31342,31342,31,18
31343,31343,31,8
31344,31344,31,30
31345,31345,32,21
31346,31346,32,15
31347,31347,32,5
31348,31348,32,37
31349,31349,33,39
31350,31350,33,20
31351,31351,33,2
31352,31352,33,19
31353,31353,34,26
31354,31354,34,31
31355,31355,34,19
31356,31356,34,13
31357,31357,35,27
31358,31358,35,29
31359,31359,35,7
31360,31360,35,22
31361,31361,1,31
31362,31362,1,13
31363,31363,1,14
31364,31364,1,39
31365,31365,2,27
31366,31366,2,11
31367,31367,2,15
31368,31368,2,28
31369,31369,3,24
31370,31370,3,23
31371,31371,3,15
31372,31372,3,29
31373,31373,4,35
31374,31374,4,26
31375,31375,4,16
31376,31376,4,31
31377,31377,5,42
31378,31378,5,23
31379,31379,5,12
31380,31380,5,19
31381,31381,6,33
31382,31382,6,21
31383,31383,6,12
31384,31384,6,17
31385,31385,7,21
31386,31386,7,19
31387,31387,7,23
31388,31388,7,26
31389,31389,8,26
31390,31390,8,21
31391,31391,8,24
31392,31392,8,48
31393,31393,9,22
31394,31394,9,33
31395,31395,9,16
31396,31396,9,23
31397,31397,10,19
31398,31398,10,20
31399,31399,10,20
31400,31400,10,19
31401,31401,11,30
31402,31402,11,22
31403,31403,11,6
31404,31404,11,18
31405,31405,12,29
31406,31406,12,12
31407,31407,12,18
31408,31408,12,18
31409,31409,13,50
31410,31410,13,23
31411,31411,13,17
31412,31412,13,19
31413,31413,14,17
31414,31414,14,26
31415,31415,14,22
31416,31416,14,22
31417,31417,15,32
31418,31418,15,7
31419,31419,15,29
31420,31420,15,17
31421,31421,16,22
31422,31422,16,21
31423,31423,16,21
31424,31424,16,25
31425,31425,17,18
31426,31426,17,26
31427,31427,17,9
31428,31428,17,30
31429,31429,18,31
31430,31430,18,13
31431,31431,18,24
31432,31432,18,30
31433,31433,19,30
31434,31434,19,31
31435,31435,19,17
31436,31436,19,19
31437,31437,20,32
31438,31438,20,26
31439,31439,20,6
31440,31440,20,29
31441,31441,21,34
31442,31442,21,20
31443,31443,21,12
31444,31444,21,23
31445,31445,22,15
31446,31446,22,30
31447,31447,22,21
31448,31448,22,28
31449,31449,23,21
31450,31450,23,16
31451,31451,23,13
31452,31452,23,33
31453,31453,24,30
31454,31454,24,22
31455,31455,24,25
31456,31456,24,17
31457,31457,25,35
31458,31458,25,7
31459,31459,25,21
31460,31460,25,30
31461,31461,26,32
31462,31462,26,14
31463,31463,26,15
31464,31464,26,56
31465,31465,27,33
31466,31466,27,16
31467,31467,27,12
31468,31468,27,21
31469,31469,28,29
31470,31470,28,19
31471,31471,28,27
31472,31472,28,18
31473,31473,29,28
31474,31474,29,24
31475,31475,29,21
31476,31476,29,26
31477,31477,30,23
31478,31478,30,23
31479,31479,30,23
31480,31480,30,17
31481,31481,31,21
31482,31482,31,39
31483,31483,31,13
31484,31484,31,32
31485,31485,32,19
31486,31486,32,26
31487,31487,32,13
31488,31488,32,48
31489,31489,33,35
31490,31490,33,17
31491,31491,33,14
31492,31492,33,25
31493,31493,34,29
31494,31494,34,21
31495,31495,34,23
31496,31496,34,45
31497,31497,35,23
31498,31498,35,17
31499,31499,35,24
31500,31500,35,17
31501,31501,1,28
31502,31502,1,31
31503,31503,1,25
31504,31504,1,21
31505,31505,2,34
31506,31506,2,21
31507,31507,2,20
31508,31508,2,38
31509,31509,3,28
31510,31510,3,27
31511,31511,3,15
31512,31512,3,20
31513,31513,4,28
31514,31514,4,9
31515,31515,4,17
31516,31516,4,48
31517,31517,5,17
31518,31518,5,34
31519,31519,5,20
31520,31520,5,22
31521,31521,6,26
31522,31522,6,12
31523,31523,6,13
31524,31524,6,45
31525,31525,7,23
31526,31526,7,22
31527,31527,7,25
31528,31528,7,17
31529,31529,8,36
31530,31530,8,39
31531,31531,8,20
31532,31532,8,36
31533,31533,9,24
31534,31534,9,25
31535,31535,9,9
31536,31536,9,36
31537,31537,10,17
31538,31538,10,26
31539,31539,10,28
31540,31540,10,36
31541,31541,11,31
31542,31542,11,23
31543,31543,11,16
31544,31544,11,36
31545,31545,12,53
31546,31546,12,21
31547,31547,12,21
31548,31548,12,14
31549,31549,13,29
31550,31550,13,39
31551,31551,13,9
31552,31552,13,13
31553,31553,14,30
31554,31554,14,24
31555,31555,14,23
31556,31556,14,23
31557,31557,15,47
31558,31558,15,17
31559,31559,15,37
31560,31560,15,16
31561,31561,16,34
31562,31562,16,23
31563,31563,16,11
31564,31564,16,22
31565,31565,17,22
31566,31566,17,28
31567,31567,17,18
31568,31568,17,33
31569,31569,18,34
31570,31570,18,34
31571,31571,18,8
31572,31572,18,19
31573,31573,19,28
31574,31574,19,22
31575,31575,19,28
31576,31576,19,21
31577,31577,20,17
31578,31578,20,35
31579,31579,20,18
31580,31580,20,50
31581,31581,21,37
31582,31582,21,22
31583,31583,21,11
31584,31584,21,24
31585,31585,22,54
31586,31586,22,31
31587,31587,22,17
31588,31588,22,33
31589,31589,23,24
31590,31590,23,37
31591,31591,23,19
31592,31592,23,39
31593,31593,24,16
31594,31594,24,28
31595,31595,24,17
31596,31596,24,40
31597,31597,25,33
31598,31598,25,29
31599,31599,25,13
31600,31600,25,24
31601,31601,26,21
31602,31602,26,18
31603,31603,26,17
31604,31604,26,29
31605,31605,27,35
31606,31606,27,26
31607,31607,27,26
31608,31608,27,20
31609,31609,28,31
31610,31610,28,19
31611,31611,28,40
31612,31612,28,19
31613,31613,29,35
31614,31614,29,22
31615,31615,29,13
31616,31616,29,17
31617,31617,30,27
31618,31618,30,24
31619,31619,30,24
31620,31620,30,23
31621,31621,31,24
31622,31622,31,20
31623,31623,31,12
31624,31624,31,45
31625,31625,32,66
31626,31626,32,11
31627,31627,32,14
31628,31628,32,21
31629,31629,33,36
31630,31630,33,39
31631,31631,33,39
31632,31632,33,25
31633,31633,34,33
31634,31634,34,17
31635,31635,34,21
31636,31636,34,24
31637,31637,35,24
31638,31638,35,14
31639,31639,35,16
31640,31640,35,32
31641,31641,1,34
31642,31642,1,23
31643,31643,1,10
31644,31644,1,17
31645,31645,2,45
31646,31646,2,27
31647,31647,2,22
31648,31648,2,35
31649,31649,3,44
31650,31650,3,30
31651,31651,3,13
31652,31652,3,16
31653,31653,4,25
31654,31654,4,18
31655,31655,4,25
31656,31656,4,21
31657,31657,5,33
31658,31658,5,27
31659,31659,5,14
31660,31660,5,38
31661,31661,6,23
31662,31662,6,18
31663,31663,6,17
31664,31664,6,32
31665,31665,7,20
31666,31666,7,39
31667,31667,7,15
31668,31668,7,37
31669,31669,8,48
31670,31670,8,17
31671,31671,8,31
31672,31672,8,18
31673,31673,9,31
31674,31674,9,31
31675,31675,9,12
31676,31676,9,39
31677,31677,10,37
31678,31678,10,22
31679,31679,10,12
31680,31680,10,33
31681,31681,11,19
31682,31682,11,12
31683,31683,11,23
31684,31684,11,63
31685,31685,12,40
31686,31686,12,23
31687,31687,12,19
31688,31688,12,44
31689,31689,13,46
31690,31690,13,46
31691,31691,13,25
31692,31692,13,4
31693,31693,14,42
31694,31694,14,27
31695,31695,14,19
31696,31696,14,17
31697,31697,15,30
31698,31698,15,28
31699,31699,15,25
31700,31700,15,29
31701,31701,16,38
31702,31702,16,15
31703,31703,16,17
31704,31704,16,23
31705,31705,17,34
31706,31706,17,12
31707,31707,17,36
31708,31708,17,31
31709,31709,18,41
31710,31710,18,20
31711,31711,18,23
31712,31712,18,22
31713,31713,19,51
31714,31714,19,38
31715,31715,19,10
31716,31716,19,21
31717,31717,20,24
31718,31718,20,25
31719,31719,20,5
31720,31720,20,34
31721,31721,21,43
31722,31722,21,18
31723,31723,21,19
31724,31724,21,30
31725,31725,22,26
31726,31726,22,23
31727,31727,22,17
31728,31728,22,35
31729,31729,23,26
31730,31730,23,33
31731,31731,23,42
31732,31732,23,40
31733,31733,24,24
31734,31734,24,24
31735,31735,24,24
31736,31736,24,25
31737,31737,25,21
31738,31738,25,24
31739,31739,25,29
31740,31740,25,19
31741,31741,26,30
31742,31742,26,25
31743,31743,26,37
31744,31744,26,19
31745,31745,27,60
31746,31746,27,8
31747,31747,27,37
31748,31748,27,22
31749,31749,28,41
31750,31750,28,35
31751,31751,28,14
31752,31752,28,30
31753,31753,29,41
31754,31754,29,19
31755,31755,29,21
31756,31756,29,30
31757,31757,30,38
31758,31758,30,26
31759,31759,30,21
31760,31760,30,27
31761,31761,31,26
31762,31762,31,21
31763,31763,31,18
31764,31764,31,27
31765,31765,32,30
31766,31766,32,15
31767,31767,32,21
31768,31768,32,32
31769,31769,33,22
31770,31770,33,30
31771,31771,33,19
31772,31772,33,23
31773,31773,34,57
31774,31774,34,23
31775,31775,34,15
31776,31776,34,31
31777,31777,35,52
31778,31778,35,30
31779,31779,35,7
31780,31780,35,34
31781,31781,1,47
31782,31782,1,8
31783,31783,1,24
31784,31784,1,17
31785,31785,2,29
31786,31786,2,25
31787,31787,2,8
31788,31788,2,26
31789,31789,3,19
31790,31790,3,35
31791,31791,3,21
31792,31792,3,38
31793,31793,4,25
31794,31794,4,17
31795,31795,4,34
31796,31796,4,18
31797,31797,5,24
31798,31798,5,12
31799,31799,5,15
31800,31800,5,29
31801,31801,6,28
31802,31802,6,21
31803,31803,6,22
31804,31804,6,25
31805,31805,7,22
31806,31806,7,26
31807,31807,7,20
31808,31808,7,30
31809,31809,8,26
31810,31810,8,13
31811,31811,8,16
31812,31812,8,27
31813,31813,9,29
31814,31814,9,15
31815,31815,9,12
31816,31816,9,33
31817,31817,10,23
31818,31818,10,17
31819,31819,10,18
31820,31820,10,30
31821,31821,11,42
31822,31822,11,22
31823,31823,11,14
31824,31824,11,16
31825,31825,12,15
31826,31826,12,21
31827,31827,12,32
31828,31828,12,19
31829,31829,13,21
31830,31830,13,8
31831,31831,13,17
31832,31832,13,30
31833,31833,14,28
31834,31834,14,31
31835,31835,14,12
31836,31836,14,25
31837,31837,15,36
31838,31838,15,19
31839,31839,15,14
31840,31840,15,15
31841,31841,16,29
31842,31842,16,10
31843,31843,16,9
31844,31844,16,31
31845,31845,17,27
31846,31846,17,32
31847,31847,17,24
31848,31848,17,24
31849,31849,18,31
31850,31850,18,17
31851,31851,18,18
31852,31852,18,19
31853,31853,19,34
31854,31854,19,16
31855,31855,19,20
31856,31856,19,17
31857,31857,20,22
31858,31858,20,18
31859,31859,20,21
31860,31860,20,52
31861,31861,21,24
31862,31862,21,15
31863,31863,21,19
31864,31864,21,29
31865,31865,22,19
31866,31866,22,24
31867,31867,22,23
31868,31868,22,11
31869,31869,23,35
31870,31870,23,22
31871,31871,23,22
31872,31872,23,17
31873,31873,24,32
31874,31874,24,16
31875,31875,24,24
31876,31876,24,29
31877,31877,25,24
31878,31878,25,29
31879,31879,25,5
31880,31880,25,28
31881,31881,26,29
31882,31882,26,16
31883,31883,26,13
31884,31884,26,26
31885,31885,27,35
31886,31886,27,10
31887,31887,27,14
31888,31888,27,30
31889,31889,28,22
31890,31890,28,17
31891,31891,28,15
31892,31892,28,11
31893,31893,29,30
31894,31894,29,17
31895,31895,29,21
31896,31896,29,16
31897,31897,30,20
31898,31898,30,17
31899,31899,30,20
31900,31900,30,14
31901,31901,31,30
31902,31902,31,23
31903,31903,31,19
31904,31904,31,22
31905,31905,32,10
31906,31906,32,20
31907,31907,32,23
31908,31908,32,33
31909,31909,33,29
31910,31910,33,25
31911,31911,33,14
31912,31912,33,29
31913,31913,34,28
31914,31914,34,18
31915,31915,34,19
31916,31916,34,26
31917,31917,35,30
31918,31918,35,22
31919,31919,35,19
31920,31920,35,42
31921,31921,1,25
31922,31922,1,33
31923,31923,1,11
31924,31924,1,20
31925,31925,2,23
31926,31926,2,13
31927,31927,2,18
31928,31928,2,15
31929,31929,3,39
31930,31930,3,13
31931,31931,3,13
31932,31932,3,24
31933,31933,4,12
31934,31934,4,18
31935,31935,4,26
31936,31936,4,29
31937,31937,5,29
31938,31938,5,11
31939,31939,5,22
31940,31940,5,29
31941,31941,6,11
31942,31942,6,20
31943,31943,6,23
31944,31944,6,25
31945,31945,7,22
31946,31946,7,4
31947,31947,7,24
31948,31948,7,36
31949,31949,8,22
31950,31950,8,18
31951,31951,8,13
31952,31952,8,22
31953,31953,9,23
31954,31954,9,8
31955,31955,9,12
31956,31956,9,33
31957,31957,10,31
31958,31958,10,19
31959,31959,10,21
31960,31960,10,19
31961,31961,11,18
31962,31962,11,18
31963,31963,11,13
31964,31964,11,21
31965,31965,12,16
31966,31966,12,20
31967,31967,12,16
31968,31968,12,20
31969,31969,13,18
31970,31970,13,27
31971,31971,13,17
31972,31972,13,8
31973,31973,14,19
31974,31974,14,18
31975,31975,14,13
31976,31976,14,25
31977,31977,15,15
31978,31978,15,20
31979,31979,15,13
31980,31980,15,31
31981,31981,16,14
31982,31982,16,12
31983,31983,16,8
31984,31984,16,22
31985,31985,17,28
31986,31986,17,15
31987,31987,17,7
31988,31988,17,17
31989,31989,18,14
31990,31990,18,20
31991,31991,18,24
31992,31992,18,15
31993,31993,19,28
31994,31994,19,10
31995,31995,19,5
31996,31996,19,30
31997,31997,20,19
31998,31998,20,9
31999,31999,20,17
32000,32000,20,18
32001,32001,21,27
32002,32002,21,17
32003,32003,21,15
32004,32004,21,23
32005,32005,22,19
32006,32006,22,14
32007,32007,22,8
32008,32008,22,22
32009,32009,23,18
32010,32010,23,11
32011,32011,23,11
32012,32012,23,25
32013,32013,24,15
32014,32014,24,17
32015,32015,24,14
32016,32016,24,26
32017,32017,25,28
32018,32018,25,11
32019,32019,25,9
32020,32020,25,32
32021,32021,26,12
32022,32022,26,17
32023,32023,26,13
32024,32024,26,28
32025,32025,27,15
32026,32026,27,20
32027,32027,27,20
32028,32028,27,15
32029,32029,28,29
32030,32030,28,11
32031,32031,28,8
32032,32032,28,23
32033,32033,29,34
32034,32034,29,8
32035,32035,29,15
32036,32036,29,25
32037,32037,30,21
32038,32038,30,12
32039,32039,30,9
32040,32040,30,16
32041,32041,31,14
32042,32042,31,10
32043,32043,31,6
32044,32044,31,22
32045,32045,32,27
32046,32046,32,16
32047,32047,32,4
32048,32048,32,18
32049,32049,33,23
32050,32050,33,19
32051,32051,33,19
32052,32052,33,23
32053,32053,34,21
32054,32054,34,14
32055,32055,34,16
32056,32056,34,18
32057,32057,35,33
32058,32058,35,15
32059,32059,35,6
32060,32060,35,27
32061,32061,1,34
32062,32062,1,21
32063,32063,1,8
32064,32064,1,11
32065,32065,2,21
32066,32066,2,5
32067,32067,2,25
32068,32068,2,12
32069,32069,3,27
32070,32070,3,12
32071,32071,3,21
32072,32072,3,20
32073,32073,4,24
32074,32074,4,16
32075,32075,4,10
32076,32076,4,27
32077,32077,5,14
32078,32078,5,17
32079,32079,5,12
32080,32080,5,36
32081,32081,6,19
32082,32082,6,21
32083,32083,6,9
32084,32084,6,24
32085,32085,7,18
32086,32086,7,16
32087,32087,7,16
32088,32088,7,29
32089,32089,8,22
32090,32090,8,17
32091,32091,8,4
32092,32092,8,26
32093,32093,9,24
32094,32094,9,7
32095,32095,9,5
32096,32096,9,15
32097,32097,10,12
32098,32098,10,26
32099,32099,10,5
32100,32100,10,40
32101,32101,11,25
32102,32102,11,11
32103,32103,11,11
32104,32104,11,39
32105,32105,12,33
32106,32106,12,9
32107,32107,12,13
32108,32108,12,24
32109,32109,13,19
32110,32110,13,13
32111,32111,13,21
32112,32112,13,17
32113,32113,14,27
32114,32114,14,20
32115,32115,14,19
32116,32116,14,29
32117,32117,15,41
32118,32118,15,8
32119,32119,15,16
32120,32120,15,20
32121,32121,16,27
32122,32122,16,22
32123,32123,16,13
32124,32124,16,12
32125,32125,17,19
32126,32126,17,24
32127,32127,17,12
32128,32128,17,28
32129,32129,18,20
32130,32130,18,13
32131,32131,18,21
32132,32132,18,19
32133,32133,19,45
32134,32134,19,15
32135,32135,19,3
32136,32136,19,11
32137,32137,20,7
32138,32138,20,7
32139,32139,20,23
32140,32140,20,31
32141,32141,21,22
32142,32142,21,16
32143,32143,21,16
32144,32144,21,31
32145,32145,22,15
32146,32146,22,27
32147,32147,22,16
32148,32148,22,23
32149,32149,23,32
32150,32150,23,24
32151,32151,23,14
32152,32152,23,17
32153,32153,24,43
32154,32154,24,8
32155,32155,24,9
32156,32156,24,20
32157,32157,25,25
32158,32158,25,17
32159,32159,25,25
32160,32160,25,19
32161,32161,26,27
32162,32162,26,13
32163,32163,26,9
32164,32164,26,25
32165,32165,27,30
32166,32166,27,24
32167,32167,27,9
32168,32168,27,7
32169,32169,28,12
32170,32170,28,28
32171,32171,28,14
32172,32172,28,19
32173,32173,29,16
32174,32174,29,16
32175,32175,29,18
32176,32176,29,31
32177,32177,30,23
32178,32178,30,20
32179,32179,30,9
32180,32180,30,12
32181,32181,31,24
32182,32182,31,19
32183,32183,31,11
32184,32184,31,18
32185,32185,32,26
32186,32186,32,7
32187,32187,32,13
32188,32188,32,26
32189,32189,33,22
32190,32190,33,22
32191,32191,33,15
32192,32192,33,15
32193,32193,34,26
32194,32194,34,12
32195,32195,34,7
32196,32196,34,11
32197,32197,35,18
32198,32198,35,10
32199,32199,35,11
32200,32200,35,23
32201,32201,1,33
32202,32202,1,16
32203,32203,1,10
32204,32204,1,17
32205,32205,2,28
32206,32206,2,21
32207,32207,2,14
32208,32208,2,16
32209,32209,3,47
32210,32210,3,8
32211,32211,3,11
32212,32212,3,19
32213,32213,4,18
32214,32214,4,14
32215,32215,4,28
32216,32216,4,26
32217,32217,5,25
32218,32218,5,17
32219,32219,5,22
32220,32220,5,25
32221,32221,6,25
32222,32222,6,31
32223,32223,6,9
32224,32224,6,22
32225,32225,7,21
32226,32226,7,29
32227,32227,7,23
32228,32228,7,20
32229,32229,8,30
32230,32230,8,7
32231,32231,8,24
32232,32232,8,19
32233,32233,9,31
32234,32234,9,29
32235,32235,9,22
32236,32236,9,16
32237,32237,10,38
32238,32238,10,17
32239,32239,10,19
32240,32240,10,25
32241,32241,11,39
32242,32242,11,21
32243,32243,11,16
32244,32244,11,37
32245,32245,12,30
32246,32246,12,26
32247,32247,12,24
32248,32248,12,20
32249,32249,13,25
32250,32250,13,19
32251,32251,13,3
32252,32252,13,24
32253,32253,14,31
32254,32254,14,31
32255,32255,14,10
32256,32256,14,18
32257,32257,15,26
32258,32258,15,16
32259,32259,15,21
32260,32260,15,36
32261,32261,16,13
32262,32262,16,19
32263,32263,16,14
32264,32264,16,35
32265,32265,17,12
32266,32266,17,28
32267,32267,17,27
32268,32268,17,24
32269,32269,18,26
32270,32270,18,24
32271,32271,18,10
32272,32272,18,32
32273,32273,19,21
32274,32274,19,20
32275,32275,19,17
32276,32276,19,30
32277,32277,20,22
32278,32278,20,21
32279,32279,20,10
32280,32280,20,13
32281,32281,21,26
32282,32282,21,18
32283,32283,21,23
32284,32284,21,17
32285,32285,22,16
32286,32286,22,19
32287,32287,22,26
32288,32288,22,16
32289,32289,23,39
32290,32290,23,18
32291,32291,23,6
32292,32292,23,16
32293,32293,24,38
32294,32294,24,18
32295,32295,24,10
32296,32296,24,16
32297,32297,25,26
32298,32298,25,34
32299,32299,25,15
32300,32300,25,17
32301,32301,26,19
32302,32302,26,23
32303,32303,26,14
32304,32304,26,18
32305,32305,27,40
32306,32306,27,26
32307,32307,27,13
32308,32308,27,15
32309,32309,28,12
32310,32310,28,26
32311,32311,28,16
32312,32312,28,38
32313,32313,29,12
32314,32314,29,14
32315,32315,29,23
32316,32316,29,31
32317,32317,30,29
32318,32318,30,15
32319,32319,30,9
32320,32320,30,29
32321,32321,31,22
32322,32322,31,20
32323,32323,31,14
32324,32324,31,18
32325,32325,32,44
32326,32326,32,20
32327,32327,32,11
32328,32328,32,12
32329,32329,33,33
32330,32330,33,12
32331,32331,33,9
32332,32332,33,25
32333,32333,34,38
32334,32334,34,17
32335,32335,34,18
32336,32336,34,17
32337,32337,35,15
32338,32338,35,21
32339,32339,35,15
32340,32340,35,16
32341,32341,1,40
32342,32342,1,30
32343,32343,1,26
32344,32344,1,15
32345,32345,2,23
32346,32346,2,16
32347,32347,2,24
32348,32348,2,31
32349,32349,3,35
32350,32350,3,30
32351,32351,3,20
32352,32352,3,28
32353,32353,4,22
32354,32354,4,32
32355,32355,4,12
32356,32356,4,32
32357,32357,5,22
32358,32358,5,21
32359,32359,5,17
32360,32360,5,37
32361,32361,6,18
32362,32362,6,11
32363,32363,6,26
32364,32364,6,29
32365,32365,7,39
32366,32366,7,20
32367,32367,7,15
32368,32368,7,39
32369,32369,8,49
32370,32370,8,17
32371,32371,8,14
32372,32372,8,20
32373,32373,9,36
32374,32374,9,14
32375,32375,9,27
32376,32376,9,18
32377,32377,10,12
32378,32378,10,19
32379,32379,10,28
32380,32380,10,14
32381,32381,11,43
32382,32382,11,28
32383,32383,11,10
32384,32384,11,31
32385,32385,12,46
32386,32386,12,26
32387,32387,12,16
32388,32388,12,35
32389,32389,13,26
32390,32390,13,15
32391,32391,13,23
32392,32392,13,17
32393,32393,14,21
32394,32394,14,17
32395,32395,14,33
32396,32396,14,13
32397,32397,15,34
32398,32398,15,31
32399,32399,15,9
32400,32400,15,26
32401,32401,16,15
32402,32402,16,30
32403,32403,16,15
32404,32404,16,34
32405,32405,17,38
32406,32406,17,24
32407,32407,17,8
32408,32408,17,26
32409,32409,18,40
32410,32410,18,21
32411,32411,18,18
32412,32412,18,15
32413,32413,19,21
32414,32414,19,29
32415,32415,19,12
32416,32416,19,32
32417,32417,20,32
32418,32418,20,13
32419,32419,20,15
32420,32420,20,34
32421,32421,21,22
32422,32422,21,28
32423,32423,21,12
32424,32424,21,25
32425,32425,22,35
32426,32426,22,31
32427,32427,22,16
32428,32428,22,24
32429,32429,23,14
32430,32430,23,37
32431,32431,23,25
32432,32432,23,45
32433,32433,24,29
32434,32434,24,27
32435,32435,24,37
32436,32436,24,18
32437,32437,25,40
32438,32438,25,19
32439,32439,25,11
32440,32440,25,42
32441,32441,26,23
32442,32442,26,16
32443,32443,26,14
32444,32444,26,18
32445,32445,27,20
32446,32446,27,20
32447,32447,27,23
32448,32448,27,24
32449,32449,28,7
32450,32450,28,23
32451,32451,28,24
32452,32452,28,38
32453,32453,29,23
32454,32454,29,10
32455,32455,29,11
32456,32456,29,42
32457,32457,30,20
32458,32458,30,12
32459,32459,30,24
32460,32460,30,29
32461,32461,31,41
32462,32462,31,34
32463,32463,31,10
32464,32464,31,12
32465,32465,32,23
32466,32466,32,23
32467,32467,32,21
32468,32468,32,24
32469,32469,33,23
32470,32470,33,33
32471,32471,33,25
32472,32472,33,28
32473,32473,34,21
32474,32474,34,11
32475,32475,34,17
32476,32476,34,19
32477,32477,35,21
32478,32478,35,27
32479,32479,35,8
32480,32480,35,32
32481,32481,1,32
32482,32482,1,24
32483,32483,1,19
32484,32484,1,36
32485,32485,2,20
32486,32486,2,31
32487,32487,2,19
32488,32488,2,34
32489,32489,3,49
32490,32490,3,30
32491,32491,3,16
32492,32492,3,25
32493,32493,4,16
32494,32494,4,35
32495,32495,4,26
32496,32496,4,36
32497,32497,5,48
32498,32498,5,24
32499,32499,5,26
32500,32500,5,29
32501,32501,6,38
32502,32502,6,19
32503,32503,6,11
32504,32504,6,23
32505,32505,7,26
32506,32506,7,32
32507,32507,7,28
32508,32508,7,20
32509,32509,8,37
32510,32510,8,20
32511,32511,8,12
32512,32512,8,27
32513,32513,9,23
32514,32514,9,25
32515,32515,9,18
32516,32516,9,22
32517,32517,10,24
32518,32518,10,25
32519,32519,10,20
32520,32520,10,36
32521,32521,11,37
32522,32522,11,29
32523,32523,11,26
32524,32524,11,20
32525,32525,12,23
32526,32526,12,27
32527,32527,12,19
32528,32528,12,32
32529,32529,13,39
32530,32530,13,29
32531,32531,13,12
32532,32532,13,26
32533,32533,14,34
32534,32534,14,12
32535,32535,14,19
32536,32536,14,25
32537,32537,15,25
32538,32538,15,33
32539,32539,15,26
32540,32540,15,25
32541,32541,16,20
32542,32542,16,11
32543,32543,16,18
32544,32544,16,53
32545,32545,17,17
32546,32546,17,10
32547,32547,17,30
32548,32548,17,21
32549,32549,18,38
32550,32550,18,40
32551,32551,18,19
32552,32552,18,22
32553,32553,19,35
32554,32554,19,17
32555,32555,19,23
32556,32556,19,33
32557,32557,20,33
32558,32558,20,45
32559,32559,20,32
32560,32560,20,28
32561,32561,21,35
32562,32562,21,14
32563,32563,21,27
32564,32564,21,12
32565,32565,22,20
32566,32566,22,32
32567,32567,22,14
32568,32568,22,37
32569,32569,23,51
32570,32570,23,11
32571,32571,23,25
32572,32572,23,27
32573,32573,24,28
32574,32574,24,30
32575,32575,24,25
32576,32576,24,25
32577,32577,25,16
32578,32578,25,42
32579,32579,25,34
32580,32580,25,21
32581,32581,26,29
32582,32582,26,25
32583,32583,26,9
32584,32584,26,29
32585,32585,27,20
32586,32586,27,12
32587,32587,27,18
32588,32588,27,28
32589,32589,28,37
32590,32590,28,25
32591,32591,28,7
32592,32592,28,20
32593,32593,29,37
32594,32594,29,28
32595,32595,29,40
32596,32596,29,24
32597,32597,30,10
32598,32598,30,21
32599,32599,30,31
32600,32600,30,28
32601,32601,31,49
32602,32602,31,35
32603,32603,31,17
32604,32604,31,20
32605,32605,32,35
32606,32606,32,19
32607,32607,32,20
32608,32608,32,24
32609,32609,33,37
32610,32610,33,22
32611,32611,33,11
32612,32612,33,23
32613,32613,34,47
32614,32614,34,14
32615,32615,34,20
32616,32616,34,46
32617,32617,35,42
32618,32618,35,36
32619,32619,35,25
32620,32620,35,18
32621,32621,1,35
32622,32622,1,8
32623,32623,1,23
32624,32624,1,40
32625,32625,2,45
32626,32626,2,27
32627,32627,2,19
32628,32628,2,14
32629,32629,3,46
32630,32630,3,13
32631,32631,3,18
32632,32632,3,18
32633,32633,4,31
32634,32634,4,27
32635,32635,4,12
32636,32636,4,38
32637,32637,5,54
32638,32638,5,24
32639,32639,5,34
32640,32640,5,17
32641,32641,6,50
32642,32642,6,24
32643,32643,6,26
32644,32644,6,35
32645,32645,7,28
32646,32646,7,24
32647,32647,7,29
32648,32648,7,22
32649,32649,8,32
32650,32650,8,14
32651,32651,8,15
32652,32652,8,15
32653,32653,9,44
32654,32654,9,27
32655,32655,9,11
32656,32656,9,18
32657,32657,10,44
32658,32658,10,13
32659,32659,10,27
32660,32660,10,24
32661,32661,11,24
32662,32662,11,19
32663,32663,11,12
32664,32664,11,29
32665,32665,12,25
32666,32666,12,38
32667,32667,12,14
32668,32668,12,33
32669,32669,13,53
32670,32670,13,20
32671,32671,13,34
32672,32672,13,26
32673,32673,14,31
32674,32674,14,32
32675,32675,14,11
32676,32676,14,30
32677,32677,15,23
32678,32678,15,23
32679,32679,15,15
32680,32680,15,47
32681,32681,16,26
32682,32682,16,35
32683,32683,16,15
32684,32684,16,16
32685,32685,17,26
32686,32686,17,29
32687,32687,17,14
32688,32688,17,42
32689,32689,18,50
32690,32690,18,28
32691,32691,18,24
32692,32692,18,17
32693,32693,19,62
32694,32694,19,24
32695,32695,19,19
32696,32696,19,30
32697,32697,20,23
32698,32698,20,38
32699,32699,20,13
32700,32700,20,41
32701,32701,21,44
32702,32702,21,34
32703,32703,21,37
32704,32704,21,22
32705,32705,22,28
32706,32706,22,17
32707,32707,22,16
32708,32708,22,36
32709,32709,23,45
32710,32710,23,25
32711,32711,23,15
32712,32712,23,26
32713,32713,24,34
32714,32714,24,15
32715,32715,24,12
32716,32716,24,34
32717,32717,25,35
32718,32718,25,18
32719,32719,25,10
32720,32720,25,26
32721,32721,26,46
32722,32722,26,22
32723,32723,26,8
32724,32724,26,14
32725,32725,27,51
32726,32726,27,11
32727,32727,27,15
32728,32728,27,29
32729,32729,28,49
32730,32730,28,32
32731,32731,28,10
32732,32732,28,24
32733,32733,29,51
32734,32734,29,23
32735,32735,29,28
32736,32736,29,30
32737,32737,30,40
32738,32738,30,14
32739,32739,30,22
32740,32740,30,39
32741,32741,31,33
32742,32742,31,35
32743,32743,31,15
32744,32744,31,32
32745,32745,32,32
32746,32746,32,34
32747,32747,32,8
32748,32748,32,47
32749,32749,33,28
32750,32750,33,15
32751,32751,33,28
32752,32752,33,26
32753,32753,34,40
32754,32754,34,32
32755,32755,34,14
32756,32756,34,22
32757,32757,35,35
32758,32758,35,19
32759,32759,35,21
32760,32760,35,61
32761,32761,1,26
32762,32762,1,15
32763,32763,1,20
32764,32764,1,33
32765,32765,2,28
32766,32766,2,18
32767,32767,2,28
32768,32768,2,22
32769,32769,3,15
32770,32770,3,21
32771,32771,3,17
32772,32772,3,37
32773,32773,4,20
32774,32774,4,12
32775,32775,4,19
32776,32776,4,17
32777,32777,5,21
32778,32778,5,17
32779,32779,5,17
32780,32780,5,12
32781,32781,6,35
32782,32782,6,22
32783,32783,6,12
32784,32784,6,17
32785,32785,7,19
32786,32786,7,10
32787,32787,7,21
32788,32788,7,10
32789,32789,8,19
32790,32790,8,18
32791,32791,8,28
32792,32792,8,14
32793,32793,9,22
32794,32794,9,14
32795,32795,9,10
32796,32796,9,35
32797,32797,10,55
32798,32798,10,11
32799,32799,10,10
32800,32800,10,19
32801,32801,11,20
32802,32802,11,37
32803,32803,11,12
32804,32804,11,28
32805,32805,12,7
32806,32806,12,16
32807,32807,12,30
32808,32808,12,21
32809,32809,13,17
32810,32810,13,31
32811,32811,13,20
32812,32812,13,15
32813,32813,14,37
32814,32814,14,15
32815,32815,14,15
32816,32816,14,22
32817,32817,15,32
32818,32818,15,34
32819,32819,15,5
32820,32820,15,15
32821,32821,16,31
32822,32822,16,24
32823,32823,16,12
32824,32824,16,26
32825,32825,17,17
32826,32826,17,11
32827,32827,17,13
32828,32828,17,33
32829,32829,18,29
32830,32830,18,28
32831,32831,18,7
32832,32832,18,22
32833,32833,19,32
32834,32834,19,19
32835,32835,19,16
32836,32836,19,11
32837,32837,20,15
32838,32838,20,17
32839,32839,20,24
32840,32840,20,23
32841,32841,21,18
32842,32842,21,22
32843,32843,21,15
32844,32844,21,22
32845,32845,22,19
32846,32846,22,11
32847,32847,22,10
32848,32848,22,41
32849,32849,23,26
32850,32850,23,24
32851,32851,23,14
32852,32852,23,16
32853,32853,24,37
32854,32854,24,20
32855,32855,24,14
32856,32856,24,22
32857,32857,25,19
32858,32858,25,17
32859,32859,25,21
32860,32860,25,26
32861,32861,26,33
32862,32862,26,11
32863,32863,26,21
32864,32864,26,17
32865,32865,27,30
32866,32866,27,23
32867,32867,27,13
32868,32868,27,14
32869,32869,28,31
32870,32870,28,15
32871,32871,28,9
32872,32872,28,29
32873,32873,29,19
32874,32874,29,10
32875,32875,29,25
32876,32876,29,30
32877,32877,30,27
32878,32878,30,24
32879,32879,30,16
32880,32880,30,17
32881,32881,31,21
32882,32882,31,34
32883,32883,31,18
32884,32884,31,28
32885,32885,32,17
32886,32886,32,14
32887,32887,32,21
32888,32888,32,23
32889,32889,33,40
32890,32890,33,21
32891,32891,33,13
32892,32892,33,18
32893,32893,34,28
32894,32894,34,10
32895,32895,34,8
32896,32896,34,28
32897,32897,35,20
32898,32898,35,20
32899,32899,35,19
32900,32900,35,17
32901,32901,1,19
32902,32902,1,12
32903,32903,1,19
32904,32904,1,23
32905,32905,2,23
32906,32906,2,19
32907,32907,2,15
32908,32908,2,14
32909,32909,3,28
32910,32910,3,7
32911,32911,3,11
32912,32912,3,25
32913,32913,4,25
32914,32914,4,14
32915,32915,4,12
32916,32916,4,23
32917,32917,5,32
32918,32918,5,12
32919,32919,5,15
32920,32920,5,13
32921,32921,6,28
32922,32922,6,13
32923,32923,6,18
32924,32924,6,23
32925,32925,7,9
32926,32926,7,27
32927,32927,7,12
32928,32928,7,24
32929,32929,8,34
32930,32930,8,27
32931,32931,8,14
32932,32932,8,22
32933,32933,9,32
32934,32934,9,15
32935,32935,9,5
32936,32936,9,14
32937,32937,10,19
32938,32938,10,20
32939,32939,10,10
32940,32940,10,24
32941,32941,11,23
32942,32942,11,16
32943,32943,11,5
32944,32944,11,26
32945,32945,12,17
32946,32946,12,16
32947,32947,12,7
32948,32948,12,31
32949,32949,13,16
32950,32950,13,13
32951,32951,13,9
32952,32952,13,20
32953,32953,14,17
32954,32954,14,14
32955,32955,14,22
32956,32956,14,29
32957,32957,15,34
32958,32958,15,18
32959,32959,15,11
32960,32960,15,27
32961,32961,16,26
32962,32962,16,25
32963,32963,16,15
32964,32964,16,12
32965,32965,17,28
32966,32966,17,29
32967,32967,17,8
32968,32968,17,13
32969,32969,18,18
32970,32970,18,18
32971,32971,18,23
32972,32972,18,21
32973,32973,19,30
32974,32974,19,9
32975,32975,19,17
32976,32976,19,17
32977,32977,20,20
32978,32978,20,11
32979,32979,20,19
32980,32980,20,21
32981,32981,21,27
32982,32982,21,25
32983,32983,21,22
32984,32984,21,13
32985,32985,22,14
32986,32986,22,9
32987,32987,22,14
32988,32988,22,16
32989,32989,23,11
32990,32990,23,8
32991,32991,23,16
32992,32992,23,28
32993,32993,24,23
32994,32994,24,28
32995,32995,24,11
32996,32996,24,19
32997,32997,25,11
32998,32998,25,21
32999,32999,25,11
33000,33000,25,27
33001,33001,26,31
33002,33002,26,9
33003,33003,26,5
33004,33004,26,27
33005,33005,27,23
33006,33006,27,15
33007,33007,27,11
33008,33008,27,20
33009,33009,28,16
33010,33010,28,16
33011,33011,28,17
33012,33012,28,18
33013,33013,29,18
33014,33014,29,9
33015,33015,29,10
33016,33016,29,33
33017,33017,30,18
33018,33018,30,18
33019,33019,30,19
33020,33020,30,14
33021,33021,31,33
33022,33022,31,38
33023,33023,31,17
33024,33024,31,9
33025,33025,32,25
33026,33026,32,22
33027,33027,32,16
33028,33028,32,14
33029,33029,33,24
33030,33030,33,22
33031,33031,33,18
33032,33032,33,27
33033,33033,34,22
33034,33034,34,13
33035,33035,34,12
33036,33036,34,23
33037,33037,35,26
33038,33038,35,15
33039,33039,35,16
33040,33040,35,25
33041,33041,1,24
33042,33042,1,29
33043,33043,1,11
33044,33044,1,18
33045,33045,2,39
33046,33046,2,26
33047,33047,2,17
33048,33048,2,12
33049,33049,3,18
33050,33050,3,18
33051,33051,3,13
33052,33052,3,35
33053,33053,4,33
33054,33054,4,12
33055,33055,4,16
33056,33056,4,10
33057,33057,5,29
33058,33058,5,15
33059,33059,5,24
33060,33060,5,26
33061,33061,6,34
33062,33062,6,14
33063,33063,6,28
33064,33064,6,25
33065,33065,7,30
33066,33066,7,29
33067,33067,7,22
33068,33068,7,17
33069,33069,8,28
33070,33070,8,17
33071,33071,8,13
33072,33072,8,18
33073,33073,9,38
33074,33074,9,16
33075,33075,9,26
33076,33076,9,11
33077,33077,10,25
33078,33078,10,33
33079,33079,10,26
33080,33080,10,22
33081,33081,11,19
33082,33082,11,34
33083,33083,11,7
33084,33084,11,30
33085,33085,12,18
33086,33086,12,18
33087,33087,12,21
33088,33088,12,39
33089,33089,13,24
33090,33090,13,11
33091,33091,13,33
33092,33092,13,17
33093,33093,14,29
33094,33094,14,23
33095,33095,14,27
33096,33096,14,26
33097,33097,15,34
33098,33098,15,30
33099,33099,15,11
33100,33100,15,28
33101,33101,16,24
33102,33102,16,11
33103,33103,16,13
33104,33104,16,21
33105,33105,17,49
33106,33106,17,21
33107,33107,17,15
33108,33108,17,26
33109,33109,18,37
33110,33110,18,9
33111,33111,18,6
33112,33112,18,33
33113,33113,19,34
33114,33114,19,20
33115,33115,19,12
33116,33116,19,29
33117,33117,20,23
33118,33118,20,10
33119,33119,20,10
33120,33120,20,29
33121,33121,21,40
33122,33122,21,26
33123,33123,21,19
33124,33124,21,17
33125,33125,22,33
33126,33126,22,20
33127,33127,22,10
33128,33128,22,18
33129,33129,23,17
33130,33130,23,30
33131,33131,23,5
33132,33132,23,21
33133,33133,24,21
33134,33134,24,10
33135,33135,24,30
33136,33136,24,26
33137,33137,25,26
33138,33138,25,9
33139,33139,25,14
33140,33140,25,27
33141,33141,26,52
33142,33142,26,15
33143,33143,26,18
33144,33144,26,23
33145,33145,27,24
33146,33146,27,20
33147,33147,27,13
33148,33148,27,33
33149,33149,28,26
33150,33150,28,20
33151,33151,28,26
33152,33152,28,17
33153,33153,29,27
33154,33154,29,29
33155,33155,29,11
33156,33156,29,20
33157,33157,30,22
33158,33158,30,15
33159,33159,30,15
33160,33160,30,28
33161,33161,31,23
33162,33162,31,16
33163,33163,31,23
33164,33164,31,35
33165,33165,32,32
33166,33166,32,12
33167,33167,32,25
33168,33168,32,15
33169,33169,33,38
33170,33170,33,11
33171,33171,33,18
33172,33172,33,33
33173,33173,34,22
33174,33174,34,21
33175,33175,34,24
33176,33176,34,46
33177,33177,35,19
33178,33178,35,22
33179,33179,35,19
33180,33180,35,15
33181,33181,1,43
33182,33182,1,34
33183,33183,1,19
33184,33184,1,21
33185,33185,2,34
33186,33186,2,16
33187,33187,2,30
33188,33188,2,28
33189,33189,3,33
33190,33190,3,8
33191,33191,3,21
33192,33192,3,40
33193,33193,4,20
33194,33194,4,10
33195,33195,4,12
33196,33196,4,44
33197,33197,5,46
33198,33198,5,15
33199,33199,5,16
33200,33200,5,20
33201,33201,6,40
33202,33202,6,23
33203,33203,6,26
33204,33204,6,32
33205,33205,7,42
33206,33206,7,27
33207,33207,7,35
33208,33208,7,43
33209,33209,8,32
33210,33210,8,28
33211,33211,8,15
33212,33212,8,44
33213,33213,9,47
33214,33214,9,26
33215,33215,9,23
33216,33216,9,58
33217,33217,10,33
33218,33218,10,26
33219,33219,10,33
33220,33220,10,18
33221,33221,11,20
33222,33222,11,20
33223,33223,11,14
33224,33224,11,58
33225,33225,12,52
33226,33226,12,26
33227,33227,12,20
33228,33228,12,12
33229,33229,13,25
33230,33230,13,14
33231,33231,13,16
33232,33232,13,54
33233,33233,14,39
33234,33234,14,31
33235,33235,14,39
33236,33236,14,21
33237,33237,15,37
33238,33238,15,17
33239,33239,15,18
33240,33240,15,39
33241,33241,16,25
33242,33242,16,19
33243,33243,16,23
33244,33244,16,44
33245,33245,17,26
33246,33246,17,28
33247,33247,17,27
33248,33248,17,23
33249,33249,18,31
33250,33250,18,23
33251,33251,18,13
33252,33252,18,25
33253,33253,19,60
33254,33254,19,27
33255,33255,19,8
33256,33256,19,28
33257,33257,20,23
33258,33258,20,22
33259,33259,20,12
33260,33260,20,39
33261,33261,21,17
33262,33262,21,32
33263,33263,21,16
33264,33264,21,23
33265,33265,22,32
33266,33266,22,25
33267,33267,22,32
33268,33268,22,24
33269,33269,23,30
33270,33270,23,20
33271,33271,23,20
33272,33272,23,33
33273,33273,24,44
33274,33274,24,35
33275,33275,24,24
33276,33276,24,19
33277,33277,25,36
33278,33278,25,26
33279,33279,25,43
33280,33280,25,37
33281,33281,26,47
33282,33282,26,46
33283,33283,26,11
33284,33284,26,17
33285,33285,27,33
33286,33286,27,11
33287,33287,27,24
33288,33288,27,18
33289,33289,28,41
33290,33290,28,26
33291,33291,28,21
33292,33292,28,43
33293,33293,29,44
33294,33294,29,20
33295,33295,29,25
33296,33296,29,32
33297,33297,30,39
33298,33298,30,36
33299,33299,30,34
33300,33300,30,23
33301,33301,31,45
33302,33302,31,27
33303,33303,31,20
33304,33304,31,34
33305,33305,32,27
33306,33306,32,32
33307,33307,32,12
33308,33308,32,36
33309,33309,33,29
33310,33310,33,23
33311,33311,33,21
33312,33312,33,19
33313,33313,34,46
33314,33314,34,37
33315,33315,34,27
33316,33316,34,19
33317,33317,35,20
33318,33318,35,32
33319,33319,35,23
33320,33320,35,16
33321,33321,1,60
33322,33322,1,24
33323,33323,1,29
33324,33324,1,34
33325,33325,2,14
33326,33326,2,22
33327,33327,2,20
33328,33328,2,27
33329,33329,3,54
33330,33330,3,18
33331,33331,3,15
33332,33332,3,17
33333,33333,4,38
33334,33334,4,17
33335,33335,4,9
33336,33336,4,33
33337,33337,5,27
33338,33338,5,43
33339,33339,5,22
33340,33340,5,50
33341,33341,6,28
33342,33342,6,64
33343,33343,6,17
33344,33344,6,41
33345,33345,7,30
33346,33346,7,21
33347,33347,7,21
33348,33348,7,39
33349,33349,8,52
33350,33350,8,37
33351,33351,8,27
33352,33352,8,28
33353,33353,9,19
33354,33354,9,42
33355,33355,9,34
33356,33356,9,43
33357,33357,10,28
33358,33358,10,31
33359,33359,10,32
33360,33360,10,36
33361,33361,11,36
33362,33362,11,20
33363,33363,11,16
33364,33364,11,36
33365,33365,12,56
33366,33366,12,25
33367,33367,12,55
33368,33368,12,31
33369,33369,13,55
33370,33370,13,34
33371,33371,13,9
33372,33372,13,29
33373,33373,14,73
33374,33374,14,26
33375,33375,14,20
33376,33376,14,51
33377,33377,15,21
33378,33378,15,30
33379,33379,15,22
33380,33380,15,30
33381,33381,16,38
33382,33382,16,40
33383,33383,16,34
33384,33384,16,23
33385,33385,17,30
33386,33386,17,20
33387,33387,17,12
33388,33388,17,47
33389,33389,18,51
33390,33390,18,22
33391,33391,18,49
33392,33392,18,58
33393,33393,19,43
33394,33394,19,16
33395,33395,19,18
33396,33396,19,59
33397,33397,20,44
33398,33398,20,10
33399,33399,20,25
33400,33400,20,27
33401,33401,21,46
33402,33402,21,27
33403,33403,21,22
33404,33404,21,18
33405,33405,22,28
33406,33406,22,8
33407,33407,22,30
33408,33408,22,32
33409,33409,23,44
33410,33410,23,23
33411,33411,23,21
33412,33412,23,17
33413,33413,24,37
33414,33414,24,30
33415,33415,24,45
33416,33416,24,40
33417,33417,25,29
33418,33418,25,27
33419,33419,25,24
33420,33420,25,23
33421,33421,26,39
33422,33422,26,44
33423,33423,26,13
33424,33424,26,48
33425,33425,27,46
33426,33426,27,31
33427,33427,27,14
33428,33428,27,33
33429,33429,28,39
33430,33430,28,24
33431,33431,28,31
33432,33432,28,49
33433,33433,29,70
33434,33434,29,13
33435,33435,29,21
33436,33436,29,25
33437,33437,30,44
33438,33438,30,19
33439,33439,30,13
33440,33440,30,33
33441,33441,31,63
33442,33442,31,22
33443,33443,31,14
33444,33444,31,24
33445,33445,32,66
33446,33446,32,40
33447,33447,32,16
33448,33448,32,28
33449,33449,33,40
33450,33450,33,31
33451,33451,33,20
33452,33452,33,13
33453,33453,34,36
33454,33454,34,33
33455,33455,34,29
33456,33456,34,33
33457,33457,35,34
33458,33458,35,54
33459,33459,35,9
33460,33460,35,12
33461,33461,1,46
33462,33462,1,23
33463,33463,1,38
33464,33464,1,39
33465,33465,2,23
33466,33466,2,34
33467,33467,2,17
33468,33468,2,65
33469,33469,3,46
33470,33470,3,23
33471,33471,3,35
33472,33472,3,39
33473,33473,4,32
33474,33474,4,29
33475,33475,4,47
33476,33476,4,51
33477,33477,5,42
33478,33478,5,18
33479,33479,5,31
33480,33480,5,66
33481,33481,6,61
33482,33482,6,12
33483,33483,6,21
33484,33484,6,38
33485,33485,7,56
33486,33486,7,21
33487,33487,7,46
33488,33488,7,65
33489,33489,8,69
33490,33490,8,30
33491,33491,8,22
33492,33492,8,40
33493,33493,9,55
33494,33494,9,21
33495,33495,9,47
33496,33496,9,26
33497,33497,10,65
33498,33498,10,31
33499,33499,10,20
33500,33500,10,49
33501,33501,11,42
33502,33502,11,13
33503,33503,11,19
33504,33504,11,35
33505,33505,12,48
33506,33506,12,36
33507,33507,12,14
33508,33508,12,56
33509,33509,13,73
33510,33510,13,12
33511,33511,13,29
33512,33512,13,42
33513,33513,14,29
33514,33514,14,53
33515,33515,14,31
33516,33516,14,42
33517,33517,15,51
33518,33518,15,28
33519,33519,15,21
33520,33520,15,21
33521,33521,16,53
33522,33522,16,20
33523,33523,16,28
33524,33524,16,48
33525,33525,17,36
33526,33526,17,26
33527,33527,17,62
33528,33528,17,22
33529,33529,18,69
33530,33530,18,34
33531,33531,18,16
33532,33532,18,35
33533,33533,19,32
33534,33534,19,22
33535,33535,19,22
33536,33536,19,34
33537,33537,20,54
33538,33538,20,41
33539,33539,20,23
33540,33540,20,67
33541,33541,21,59
33542,33542,21,23
33543,33543,21,23
33544,33544,21,35
33545,33545,22,42
33546,33546,22,26
33547,33547,22,46
33548,33548,22,46
33549,33549,23,31
33550,33550,23,21
33551,33551,23,23
33552,33552,23,25
33553,33553,24,52
33554,33554,24,44
33555,33555,24,38
33556,33556,24,60
33557,33557,25,67
33558,33558,25,17
33559,33559,25,28
33560,33560,25,12
33561,33561,26,58
33562,33562,26,26
33563,33563,26,18
33564,33564,26,45
33565,33565,27,42
33566,33566,27,25
33567,33567,27,41
33568,33568,27,45
33569,33569,28,32
33570,33570,28,30
33571,33571,28,42
33572,33572,28,36
33573,33573,29,37
33574,33574,29,30
33575,33575,29,16
33576,33576,29,38
33577,33577,30,38
33578,33578,30,48
33579,33579,30,24
33580,33580,30,34
33581,33581,31,36
33582,33582,31,37
33583,33583,31,18
33584,33584,31,30
33585,33585,32,51
33586,33586,32,35
33587,33587,32,14
33588,33588,32,43
33589,33589,33,61
33590,33590,33,23
33591,33591,33,19
33592,33592,33,62
33593,33593,34,50
33594,33594,34,35
33595,33595,34,17
33596,33596,34,54
33597,33597,35,48
33598,33598,35,26
33599,33599,35,26
33600,33600,35,32
33601,33601,1,34
33602,33602,1,40
33603,33603,1,22
33604,33604,1,42
33605,33605,2,53
33606,33606,2,45
33607,33607,2,38
33608,33608,2,22
33609,33609,3,49
33610,33610,3,26
33611,33611,3,35
33612,33612,3,38
33613,33613,4,67
33614,33614,4,20
33615,33615,4,21
33616,33616,4,58
33617,33617,5,67
33618,33618,5,49
33619,33619,5,28
33620,33620,5,33
33621,33621,6,54
33622,33622,6,45
33623,33623,6,61
33624,33624,6,37
33625,33625,7,21
33626,33626,7,37
33627,33627,7,42
33628,33628,7,42
33629,33629,8,32
33630,33630,8,45
33631,33631,8,35
33632,33632,8,45
33633,33633,9,60
33634,33634,9,26
33635,33635,9,23
33636,33636,9,30
33637,33637,10,60
33638,33638,10,26
33639,33639,10,27
33640,33640,10,29
33641,33641,11,37
33642,33642,11,29
33643,33643,11,13
33644,33644,11,25
33645,33645,12,57
33646,33646,12,17
33647,33647,12,36
33648,33648,12,38
33649,33649,13,43
33650,33650,13,58
33651,33651,13,56
33652,33652,13,24
33653,33653,14,34
33654,33654,14,29
33655,33655,14,49
33656,33656,14,23
33657,33657,15,38
33658,33658,15,41
33659,33659,15,43
33660,33660,15,34
33661,33661,16,63
33662,33662,16,25
33663,33663,16,23
33664,33664,16,48
33665,33665,17,52
33666,33666,17,56
33667,33667,17,17
33668,33668,17,35
33669,33669,18,57
33670,33670,18,27
33671,33671,18,23
33672,33672,18,30
33673,33673,19,33
33674,33674,19,40
33675,33675,19,36
33676,33676,19,53
33677,33677,20,46
33678,33678,20,23
33679,33679,20,19
33680,33680,20,42
33681,33681,21,34
33682,33682,21,34
33683,33683,21,34
33684,33684,21,21
33685,33685,22,41
33686,33686,22,31
33687,33687,22,44
33688,33688,22,46
33689,33689,23,52
33690,33690,23,41
33691,33691,23,16
33692,33692,23,42
33693,33693,24,43
33694,33694,24,36
33695,33695,24,28
33696,33696,24,21
33697,33697,25,39
33698,33698,25,60
33699,33699,25,33
33700,33700,25,37
33701,33701,26,48
33702,33702,26,27
33703,33703,26,25
33704,33704,26,37
33705,33705,27,52
33706,33706,27,30
33707,33707,27,18
33708,33708,27,34
33709,33709,28,25
33710,33710,28,48
33711,33711,28,27
33712,33712,28,30
33713,33713,29,34
33714,33714,29,37
33715,33715,29,19
33716,33716,29,59
33717,33717,30,69
33718,33718,30,37
33719,33719,30,20
33720,33720,30,32
33721,33721,31,39
33722,33722,31,48
33723,33723,31,16
33724,33724,31,33
33725,33725,32,61
33726,33726,32,43
33727,33727,32,16
33728,33728,32,52
33729,33729,33,45
33730,33730,33,19
33731,33731,33,29
33732,33732,33,52
33733,33733,34,31
33734,33734,34,27
33735,33735,34,28
33736,33736,34,32
33737,33737,35,35
33738,33738,35,45
33739,33739,35,31
33740,33740,35,37
33741,33741,1,55
33742,33742,1,24
33743,33743,1,26
33744,33744,1,28
33745,33745,2,41
33746,33746,2,29
33747,33747,2,24
33748,33748,2,27
33749,33749,3,42
33750,33750,3,19
33751,33751,3,35
33752,33752,3,35
33753,33753,4,44
33754,33754,4,24
33755,33755,4,13
33756,33756,4,28
33757,33757,5,45
33758,33758,5,15
33759,33759,5,23
33760,33760,5,43
33761,33761,6,27
33762,33762,6,43
33763,33763,6,26
33764,33764,6,20
33765,33765,7,29
33766,33766,7,24
33767,33767,7,26
33768,33768,7,29
33769,33769,8,25
33770,33770,8,28
33771,33771,8,22
33772,33772,8,29
33773,33773,9,40
33774,33774,9,19
33775,33775,9,17
33776,33776,9,13
33777,33777,10,70
33778,33778,10,16
33779,33779,10,20
33780,33780,10,11
33781,33781,11,41
33782,33782,11,18
33783,33783,11,32
33784,33784,11,41
33785,33785,12,26
33786,33786,12,33
33787,33787,12,25
33788,33788,12,32
33789,33789,13,30
33790,33790,13,20
33791,33791,13,15
33792,33792,13,30
33793,33793,14,17
33794,33794,14,35
33795,33795,14,34
33796,33796,14,11
33797,33797,15,32
33798,33798,15,20
33799,33799,15,33
33800,33800,15,25
33801,33801,16,22
33802,33802,16,27
33803,33803,16,30
33804,33804,16,43
33805,33805,17,31
33806,33806,17,25
33807,33807,17,22
33808,33808,17,32
33809,33809,18,47
33810,33810,18,9
33811,33811,18,8
33812,33812,18,49
33813,33813,19,29
33814,33814,19,31
33815,33815,19,24
33816,33816,19,32
33817,33817,20,50
33818,33818,20,25
33819,33819,20,25
33820,33820,20,23
33821,33821,21,29
33822,33822,21,36
33823,33823,21,10
33824,33824,21,31
33825,33825,22,49
33826,33826,22,31
33827,33827,22,16
33828,33828,22,23
33829,33829,23,32
33830,33830,23,35
33831,33831,23,23
33832,33832,23,19
33833,33833,24,56
33834,33834,24,29
33835,33835,24,20
33836,33836,24,45
33837,33837,25,27
33838,33838,25,25
33839,33839,25,21
33840,33840,25,27
33841,33841,26,74
33842,33842,26,35
33843,33843,26,23
33844,33844,26,36
33845,33845,27,44
33846,33846,27,27
33847,33847,27,30
33848,33848,27,20
33849,33849,28,39
33850,33850,28,26
33851,33851,28,29
33852,33852,28,48
33853,33853,29,50
33854,33854,29,18
33855,33855,29,26
33856,33856,29,49
33857,33857,30,28
33858,33858,30,21
33859,33859,30,20
33860,33860,30,51
33861,33861,31,28
33862,33862,31,21
33863,33863,31,9
33864,33864,31,24
33865,33865,32,62
33866,33866,32,32
33867,33867,32,27
33868,33868,32,30
33869,33869,33,25
33870,33870,33,25
33871,33871,33,11
33872,33872,33,52
33873,33873,34,47
33874,33874,34,43
33875,33875,34,22
33876,33876,34,19
33877,33877,35,27
33878,33878,35,21
33879,33879,35,27
33880,33880,35,33
33881,33881,1,35
33882,33882,1,20
33883,33883,1,20
33884,33884,1,16
33885,33885,2,32
33886,33886,2,23
33887,33887,2,11
33888,33888,2,36
33889,33889,3,46
33890,33890,3,22
33891,33891,3,8
33892,33892,3,17
33893,33893,4,68
33894,33894,4,31
33895,33895,4,17
33896,33896,4,19
33897,33897,5,31
33898,33898,5,27
33899,33899,5,17
33900,33900,5,29
33901,33901,6,23
33902,33902,6,28
33903,33903,6,12
33904,33904,6,27
33905,33905,7,45
33906,33906,7,40
33907,33907,7,16
33908,33908,7,14
33909,33909,8,23
33910,33910,8,26
33911,33911,8,21
33912,33912,8,26
33913,33913,9,29
33914,33914,9,32
33915,33915,9,24
33916,33916,9,26
33917,33917,10,17
33918,33918,10,23
33919,33919,10,23
33920,33920,10,16
33921,33921,11,51
33922,33922,11,14
33923,33923,11,20
33924,33924,11,19
33925,33925,12,30
33926,33926,12,15
33927,33927,12,40
33928,33928,12,29
33929,33929,13,32
33930,33930,13,27
33931,33931,13,32
33932,33932,13,24
33933,33933,14,37
33934,33934,14,16
33935,33935,14,29
33936,33936,14,27
33937,33937,15,41
33938,33938,15,15
33939,33939,15,11
33940,33940,15,25
33941,33941,16,15
33942,33942,16,24
33943,33943,16,40
33944,33944,16,35
33945,33945,17,26
33946,33946,17,29
33947,33947,17,29
33948,33948,17,45
33949,33949,18,33
33950,33950,18,9
33951,33951,18,18
33952,33952,18,25
33953,33953,19,24
33954,33954,19,27
33955,33955,19,29
33956,33956,19,32
33957,33957,20,27
33958,33958,20,27
33959,33959,20,17
33960,33960,20,36
33961,33961,21,30
33962,33962,21,33
33963,33963,21,11
33964,33964,21,32
33965,33965,22,27
33966,33966,22,11
33967,33967,22,13
33968,33968,22,40
33969,33969,23,24
33970,33970,23,19
33971,33971,23,14
33972,33972,23,24
33973,33973,24,36
33974,33974,24,38
33975,33975,24,13
33976,33976,24,27
33977,33977,25,56
33978,33978,25,19
33979,33979,25,11
33980,33980,25,21
33981,33981,26,29
33982,33982,26,15
33983,33983,26,22
33984,33984,26,33
33985,33985,27,22
33986,33986,27,29
33987,33987,27,16
33988,33988,27,25
33989,33989,28,25
33990,33990,28,28
33991,33991,28,11
33992,33992,28,53
33993,33993,29,32
33994,33994,29,15
33995,33995,29,33
33996,33996,29,15
33997,33997,30,39
33998,33998,30,23
33999,33999,30,11
34000,34000,30,40
34001,34001,31,41
34002,34002,31,34
34003,34003,31,22
34004,34004,31,45
34005,34005,32,16
34006,34006,32,15
34007,34007,32,28
34008,34008,32,35
34009,34009,33,28
34010,34010,33,26
34011,34011,33,17
34012,34012,33,22
34013,34013,34,40
34014,34014,34,10
34015,34015,34,32
34016,34016,34,19
34017,34017,35,35
34018,34018,35,36
34019,34019,35,8
34020,34020,35,30
34021,34021,1,17
34022,34022,1,6
34023,34023,1,21
34024,34024,1,35
34025,34025,2,23
34026,34026,2,31
34027,34027,2,24
34028,34028,2,36
34029,34029,3,25
34030,34030,3,30
34031,34031,3,29
34032,34032,3,21
34033,34033,4,31
34034,34034,4,37
34035,34035,4,23
34036,34036,4,22
34037,34037,5,25
34038,34038,5,26
34039,34039,5,17
34040,34040,5,28
34041,34041,6,28
34042,34042,6,25
34043,34043,6,18
34044,34044,6,33
34045,34045,7,20
34046,34046,7,32
34047,34047,7,14
34048,34048,7,26
34049,34049,8,37
34050,34050,8,18
34051,34051,8,23
34052,34052,8,39
34053,34053,9,33
34054,34054,9,19
34055,34055,9,19
34056,34056,9,51
34057,34057,10,32
34058,34058,10,28
34059,34059,10,28
34060,34060,10,26
34061,34061,11,29
34062,34062,11,35
34063,34063,11,16
34064,34064,11,33
34065,34065,12,16
34066,34066,12,27
34067,34067,12,44
34068,34068,12,31
34069,34069,13,40
34070,34070,13,25
34071,34071,13,18
34072,34072,13,11
34073,34073,14,44
34074,34074,14,38
34075,34075,14,23
34076,34076,14,29
34077,34077,15,49
34078,34078,15,14
34079,34079,15,28
34080,34080,15,31
34081,34081,16,47
34082,34082,16,27
34083,34083,16,8
34084,34084,16,18
34085,34085,17,42
34086,34086,17,29
34087,34087,17,27
34088,34088,17,15
34089,34089,18,38
34090,34090,18,40
34091,34091,18,23
34092,34092,18,10
34093,34093,19,30
34094,34094,19,27
34095,34095,19,14
34096,34096,19,27
34097,34097,20,9
34098,34098,20,29
34099,34099,20,30
34100,34100,20,40
34101,34101,21,25
34102,34102,21,33
34103,34103,21,23
34104,34104,21,15
34105,34105,22,36
34106,34106,22,18
34107,34107,22,18
34108,34108,22,30
34109,34109,23,22
34110,34110,23,37
34111,34111,23,28
34112,34112,23,27
34113,34113,24,26
34114,34114,24,31
34115,34115,24,25
34116,34116,24,33
34117,34117,25,29
34118,34118,25,18
34119,34119,25,18
34120,34120,25,18
34121,34121,26,26
34122,34122,26,29
34123,34123,26,9
34124,34124,26,37
34125,34125,27,33
34126,34126,27,33
34127,34127,27,17
34128,34128,27,33
34129,34129,28,13
34130,34130,28,37
34131,34131,28,10
34132,34132,28,42
34133,34133,29,35
34134,34134,29,28
34135,34135,29,29
34136,34136,29,10
34137,34137,30,33
34138,34138,30,28
34139,34139,30,34
34140,34140,30,23
34141,34141,31,26
34142,34142,31,10
34143,34143,31,11
34144,34144,31,32
34145,34145,32,34
34146,34146,32,49
34147,34147,32,16
34148,34148,32,23
34149,34149,33,33
34150,34150,33,15
34151,34151,33,22
34152,34152,33,35
34153,34153,34,36
34154,34154,34,25
34155,34155,34,28
34156,34156,34,32
34157,34157,35,30
34158,34158,35,19
34159,34159,35,18
34160,34160,35,35
34161,34161,1,58
34162,34162,1,39
34163,34163,1,10
34164,34164,1,38
34165,34165,2,31
34166,34166,2,29
34167,34167,2,25
34168,34168,2,26
34169,34169,3,51
34170,34170,3,27
34171,34171,3,13
34172,34172,3,26
34173,34173,4,42
34174,34174,4,22
34175,34175,4,22
34176,34176,4,50
34177,34177,5,43
34178,34178,5,18
34179,34179,5,16
34180,34180,5,38
34181,34181,6,58
34182,34182,6,22
34183,34183,6,18
34184,34184,6,29
34185,34185,7,31
34186,34186,7,17
34187,34187,7,12
34188,34188,7,46
34189,34189,8,34
34190,34190,8,27
34191,34191,8,9
34192,34192,8,24
34193,34193,9,24
34194,34194,9,30
34195,34195,9,20
34196,34196,9,25
34197,34197,10,35
34198,34198,10,35
34199,34199,10,31
34200,34200,10,50
34201,34201,11,31
34202,34202,11,26
34203,34203,11,26
34204,34204,11,33
34205,34205,12,52
34206,34206,12,35
34207,34207,12,23
34208,34208,12,27
34209,34209,13,31
34210,34210,13,27
34211,34211,13,11
34212,34212,13,32
34213,34213,14,56
34214,34214,14,27
34215,34215,14,18
34216,34216,14,12
34217,34217,15,39
34218,34218,15,34
34219,34219,15,21
34220,34220,15,31
34221,34221,16,40
34222,34222,16,34
34223,34223,16,33
34224,34224,16,31
34225,34225,17,31
34226,34226,17,33
34227,34227,17,16
34228,34228,17,32
34229,34229,18,30
34230,34230,18,33
34231,34231,18,22
34232,34232,18,26
34233,34233,19,39
34234,34234,19,26
34235,34235,19,25
34236,34236,19,23
34237,34237,20,34
34238,34238,20,15
34239,34239,20,34
34240,34240,20,37
34241,34241,21,22
34242,34242,21,21
34243,34243,21,27
34244,34244,21,30
34245,34245,22,27
34246,34246,22,20
34247,34247,22,22
34248,34248,22,44
34249,34249,23,37
34250,34250,23,28
34251,34251,23,28
34252,34252,23,28
34253,34253,24,40
34254,34254,24,35
34255,34255,24,43
34256,34256,24,26
34257,34257,25,59
34258,34258,25,15
34259,34259,25,29
34260,34260,25,41
34261,34261,26,47
34262,34262,26,29
34263,34263,26,19
34264,34264,26,39
34265,34265,27,46
34266,34266,27,31
34267,34267,27,15
34268,34268,27,41
34269,34269,28,47
34270,34270,28,19
34271,34271,28,13
34272,34272,28,21
34273,34273,29,38
34274,34274,29,32
34275,34275,29,15
34276,34276,29,34
34277,34277,30,37
34278,34278,30,24
34279,34279,30,13
34280,34280,30,24
34281,34281,31,50
34282,34282,31,15
34283,34283,31,19
34284,34284,31,35
34285,34285,32,20
34286,34286,32,28
34287,34287,32,24
34288,34288,32,23
34289,34289,33,32
34290,34290,33,28
34291,34291,33,39
34292,34292,33,22
34293,34293,34,24
34294,34294,34,40
34295,34295,34,14
34296,34296,34,51
34297,34297,35,31
34298,34298,35,31
34299,34299,35,28
34300,34300,35,38
34301,34301,1,38
34302,34302,1,21
34303,34303,1,40
34304,34304,1,26
34305,34305,2,53
34306,34306,2,15
34307,34307,2,31
34308,34308,2,37
34309,34309,3,50
34310,34310,3,35
34311,34311,3,16
34312,34312,3,36
34313,34313,4,33
34314,34314,4,29
34315,34315,4,24
34316,34316,4,26
34317,34317,5,24
34318,34318,5,19
34319,34319,5,25
34320,34320,5,34
34321,34321,6,35
34322,34322,6,12
34323,34323,6,20
34324,34324,6,33
34325,34325,7,32
34326,34326,7,25
34327,34327,7,34
34328,34328,7,45
34329,34329,8,57
34330,34330,8,23
34331,34331,8,36
34332,34332,8,24
34333,34333,9,30
34334,34334,9,19
34335,34335,9,23
34336,34336,9,53
34337,34337,10,33
34338,34338,10,35
34339,34339,10,13
34340,34340,10,32
34341,34341,11,37
34342,34342,11,50
34343,34343,11,25
34344,34344,11,33
34345,34345,12,45
34346,34346,12,42
34347,34347,12,17
34348,34348,12,24
34349,34349,13,73
34350,34350,13,21
34351,34351,13,18
34352,34352,13,17
34353,34353,14,37
34354,34354,14,35
34355,34355,14,30
34356,34356,14,42
34357,34357,15,37
34358,34358,15,27
34359,34359,15,26
34360,34360,15,29
34361,34361,16,42
34362,34362,16,12
34363,34363,16,17
34364,34364,16,35
34365,34365,17,45
34366,34366,17,37
34367,34367,17,25
34368,34368,17,19
34369,34369,18,39
34370,34370,18,44
34371,34371,18,15
34372,34372,18,37
34373,34373,19,64
34374,34374,19,26
34375,34375,19,21
34376,34376,19,36
34377,34377,20,22
34378,34378,20,24
34379,34379,20,24
34380,34380,20,31
34381,34381,21,58
34382,34382,21,52
34383,34383,21,20
34384,34384,21,24
34385,34385,22,50
34386,34386,22,29
34387,34387,22,24
34388,34388,22,20
34389,34389,23,27
34390,34390,23,13
34391,34391,23,28
34392,34392,23,47
34393,34393,24,50
34394,34394,24,12
34395,34395,24,14
34396,34396,24,30
34397,34397,25,39
34398,34398,25,40
34399,34399,25,21
34400,34400,25,21
34401,34401,26,39
34402,34402,26,39
34403,34403,26,33
34404,34404,26,40
34405,34405,27,31
34406,34406,27,30
34407,34407,27,20
34408,34408,27,27
34409,34409,28,34
34410,34410,28,32
34411,34411,28,28
34412,34412,28,61
34413,34413,29,70
34414,34414,29,44
34415,34415,29,18
34416,34416,29,27
34417,34417,30,48
34418,34418,30,32
34419,34419,30,17
34420,34420,30,41
34421,34421,31,28
34422,34422,31,24
34423,34423,31,26
34424,34424,31,48
34425,34425,32,44
34426,34426,32,39
34427,34427,32,28
34428,34428,32,34
34429,34429,33,58
34430,34430,33,51
34431,34431,33,38
34432,34432,33,32
34433,34433,34,19
34434,34434,34,33
34435,34435,34,30
34436,34436,34,27
34437,34437,35,19
34438,34438,35,35
34439,34439,35,40
34440,34440,35,21
34441,34441,1,47
34442,34442,1,37
34443,34443,1,17
34444,34444,1,29
34445,34445,2,104
34446,34446,2,41
34447,34447,2,24
34448,34448,2,40
34449,34449,3,33
34450,34450,3,60
34451,34451,3,16
34452,34452,3,33
34453,34453,4,36
34454,34454,4,30
34455,34455,4,27
34456,34456,4,26
34457,34457,5,81
34458,34458,5,25
34459,34459,5,25
34460,34460,5,49
34461,34461,6,25
34462,34462,6,35
34463,34463,6,29
34464,34464,6,45
34465,34465,7,46
34466,34466,7,36
34467,34467,7,26
34468,34468,7,34
34469,34469,8,46
34470,34470,8,11
34471,34471,8,31
34472,34472,8,28
34473,34473,9,62
34474,34474,9,26
34475,34475,9,24
34476,34476,9,63
34477,34477,10,33
34478,34478,10,18
34479,34479,10,18
34480,34480,10,58
34481,34481,11,64
34482,34482,11,21
34483,34483,11,26
34484,34484,11,68
34485,34485,12,57
34486,34486,12,24
34487,34487,12,21
34488,34488,12,45
34489,34489,13,58
34490,34490,13,24
34491,34491,13,23
34492,34492,13,49
34493,34493,14,39
34494,34494,14,22
34495,34495,14,22
34496,34496,14,29
34497,34497,15,38
34498,34498,15,35
34499,34499,15,32
34500,34500,15,40
34501,34501,16,70
34502,34502,16,70
34503,34503,16,10
34504,34504,16,49
34505,34505,17,62
34506,34506,17,26
34507,34507,17,28
34508,34508,17,53
34509,34509,18,40
34510,34510,18,28
34511,34511,18,13
34512,34512,18,23
34513,34513,19,45
34514,34514,19,59
34515,34515,19,23
34516,34516,19,30
34517,34517,20,58
34518,34518,20,20
34519,34519,20,15
34520,34520,20,46
34521,34521,21,30
34522,34522,21,30
34523,34523,21,29
34524,34524,21,65
34525,34525,22,46
34526,34526,22,32
34527,34527,22,44
34528,34528,22,45
34529,34529,23,38
34530,34530,23,20
34531,34531,23,38
34532,34532,23,53
34533,34533,24,39
34534,34534,24,33
34535,34535,24,45
34536,34536,24,46
34537,34537,25,36
34538,34538,25,28
34539,34539,25,27
34540,34540,25,21
34541,34541,26,52
34542,34542,26,44
34543,34543,26,8
34544,34544,26,42
34545,34545,27,37
34546,34546,27,12
34547,34547,27,26
34548,34548,27,31
34549,34549,28,55
34550,34550,28,31
34551,34551,28,29
34552,34552,28,39
34553,34553,29,65
34554,34554,29,53
34555,34555,29,10
34556,34556,29,58
34557,34557,30,28
34558,34558,30,35
34559,34559,30,41
34560,34560,30,32
34561,34561,31,39
34562,34562,31,28
34563,34563,31,31
34564,34564,31,37
34565,34565,32,48
34566,34566,32,24
34567,34567,32,39
34568,34568,32,33
34569,34569,33,42
34570,34570,33,32
34571,34571,33,39
34572,34572,33,36
34573,34573,34,56
34574,34574,34,37
34575,34575,34,15
34576,34576,34,36
34577,34577,35,44
34578,34578,35,23
34579,34579,35,35
34580,34580,35,43
34581,34581,1,18
34582,34582,1,31
34583,34583,1,45
34584,34584,1,37
34585,34585,2,26
34586,34586,2,8
34587,34587,2,27
34588,34588,2,56
34589,34589,3,42
34590,34590,3,26
34591,34591,3,16
34592,34592,3,59
34593,34593,4,47
34594,34594,4,36
34595,34595,4,11
34596,34596,4,35
34597,34597,5,65
34598,34598,5,22
34599,34599,5,21
34600,34600,5,28
34601,34601,6,48
34602,34602,6,29
34603,34603,6,15
34604,34604,6,30
34605,34605,7,25
34606,34606,7,29
34607,34607,7,51
34608,34608,7,25
34609,34609,8,36
34610,34610,8,28
34611,34611,8,21
34612,34612,8,39
34613,34613,9,26
34614,34614,9,51
34615,34615,9,25
34616,34616,9,32
34617,34617,10,40
34618,34618,10,42
34619,34619,10,26
34620,34620,10,53
34621,34621,11,28
34622,34622,11,26
34623,34623,11,34
34624,34624,11,27
34625,34625,12,64
34626,34626,12,25
34627,34627,12,15
34628,34628,12,27
34629,34629,13,47
34630,34630,13,32
34631,34631,13,23
34632,34632,13,26
34633,34633,14,50
34634,34634,14,18
34635,34635,14,19
34636,34636,14,41
34637,34637,15,67
34638,34638,15,17
34639,34639,15,14
34640,34640,15,33
34641,34641,16,30
34642,34642,16,20
34643,34643,16,28
34644,34644,16,33
34645,34645,17,45
34646,34646,17,34
34647,34647,17,27
34648,34648,17,32
34649,34649,18,55
34650,34650,18,26
34651,34651,18,15
34652,34652,18,33
34653,34653,19,13
34654,34654,19,42
34655,34655,19,15
34656,34656,19,41
34657,34657,20,33
34658,34658,20,21
34659,34659,20,35
34660,34660,20,29
34661,34661,21,39
34662,34662,21,28
34663,34663,21,24
34664,34664,21,47
34665,34665,22,42
34666,34666,22,24
34667,34667,22,27
34668,34668,22,40
34669,34669,23,77
34670,34670,23,25
34671,34671,23,23
34672,34672,23,17
34673,34673,24,34
34674,34674,24,14
34675,34675,24,18
34676,34676,24,40
34677,34677,25,36
34678,34678,25,12
34679,34679,25,19
34680,34680,25,48
34681,34681,26,66
34682,34682,26,15
34683,34683,26,14
34684,34684,26,22
34685,34685,27,62
34686,34686,27,30
34687,34687,27,19
34688,34688,27,25
34689,34689,28,40
34690,34690,28,33
34691,34691,28,39
34692,34692,28,33
34693,34693,29,49
34694,34694,29,35
34695,34695,29,31
34696,34696,29,41
34697,34697,30,45
34698,34698,30,33
34699,34699,30,15
34700,34700,30,52
34701,34701,31,52
34702,34702,31,17
34703,34703,31,30
34704,34704,31,32
34705,34705,32,46
34706,34706,32,23
34707,34707,32,9
34708,34708,32,33
34709,34709,33,33
34710,34710,33,26
34711,34711,33,14
34712,34712,33,23
34713,34713,34,44
34714,34714,34,23
34715,34715,34,27
34716,34716,34,60
34717,34717,35,36
34718,34718,35,30
34719,34719,35,22
34720,34720,35,29
34721,34721,1,33
34722,34722,1,24
34723,34723,1,8
34724,34724,1,21
34725,34725,2,19
34726,34726,2,28
34727,34727,2,21
34728,34728,2,33
34729,34729,3,12
34730,34730,3,15
34731,34731,3,37
34732,34732,3,29
34733,34733,4,25
34734,34734,4,13
34735,34735,4,20
34736,34736,4,24
34737,34737,5,19
34738,34738,5,16
34739,34739,5,29
34740,34740,5,19
34741,34741,6,32
34742,34742,6,15
34743,34743,6,11
34744,34744,6,42
34745,34745,7,27
34746,34746,7,11
34747,34747,7,21
34748,34748,7,21
34749,34749,8,16
34750,34750,8,24
34751,34751,8,31
34752,34752,8,30
34753,34753,9,26
34754,34754,9,27
34755,34755,9,5
34756,34756,9,14
34757,34757,10,31
34758,34758,10,36
34759,34759,10,15
34760,34760,10,9
34761,34761,11,33
34762,34762,11,11
34763,34763,11,12
34764,34764,11,18
34765,34765,12,21
34766,34766,12,29
34767,34767,12,16
34768,34768,12,33
34769,34769,13,23
34770,34770,13,20
34771,34771,13,10
34772,34772,13,31
34773,34773,14,26
34774,34774,14,34
34775,34775,14,26
34776,34776,14,25
34777,34777,15,36
34778,34778,15,20
34779,34779,15,14
34780,34780,15,19
34781,34781,16,18
34782,34782,16,32
34783,34783,16,17
34784,34784,16,20
34785,34785,17,31
34786,34786,17,23
34787,34787,17,13
34788,34788,17,30
34789,34789,18,28
34790,34790,18,21
34791,34791,18,15
34792,34792,18,17
34793,34793,19,31
34794,34794,19,12
34795,34795,19,13
34796,34796,19,31
34797,34797,20,34
34798,34798,20,25
34799,34799,20,15
34800,34800,20,9
34801,34801,21,13
34802,34802,21,14
34803,34803,21,13
34804,34804,21,70
34805,34805,22,35
34806,34806,22,23
34807,34807,22,22
34808,34808,22,16
34809,34809,23,25
34810,34810,23,19
34811,34811,23,8
34812,34812,23,35
34813,34813,24,26
34814,34814,24,15
34815,34815,24,11
34816,34816,24,25
34817,34817,25,26
34818,34818,25,29
34819,34819,25,16
34820,34820,25,31
34821,34821,26,37
34822,34822,26,11
34823,34823,26,27
34824,34824,26,17
34825,34825,27,22
34826,34826,27,24
34827,34827,27,15
34828,34828,27,8
34829,34829,28,15
34830,34830,28,25
34831,34831,28,24
34832,34832,28,20
34833,34833,29,50
34834,34834,29,19
34835,34835,29,13
34836,34836,29,19
34837,34837,30,17
34838,34838,30,13
34839,34839,30,15
34840,34840,30,24
34841,34841,31,38
34842,34842,31,22
34843,34843,31,20
34844,34844,31,20
34845,34845,32,36
34846,34846,32,25
34847,34847,32,24
34848,34848,32,19
34849,34849,33,22
34850,34850,33,16
34851,34851,33,20
34852,34852,33,26
34853,34853,34,19
34854,34854,34,14
34855,34855,34,10
34856,34856,34,35
34857,34857,35,42
34858,34858,35,20
34859,34859,35,16
34860,34860,35,13
34861,34861,1,24
34862,34862,1,12
34863,34863,1,10
34864,34864,1,25
34865,34865,2,26
34866,34866,2,8
34867,34867,2,17
34868,34868,2,22
34869,34869,3,12
34870,34870,3,18
34871,34871,3,18
34872,34872,3,22
34873,34873,4,26
34874,34874,4,10
34875,34875,4,12
34876,34876,4,29
34877,34877,5,29
34878,34878,5,14
34879,34879,5,15
34880,34880,5,26
34881,34881,6,23
34882,34882,6,19
34883,34883,6,13
34884,34884,6,11
34885,34885,7,9
34886,34886,7,12
34887,34887,7,19
34888,34888,7,22
34889,34889,8,19
34890,34890,8,7
34891,34891,8,14
34892,34892,8,11
34893,34893,9,19
34894,34894,9,8
34895,34895,9,9
34896,34896,9,16
34897,34897,10,30
34898,34898,10,8
34899,34899,10,22
34900,34900,10,18
34901,34901,11,15
34902,34902,11,6
34903,34903,11,12
34904,34904,11,26
34905,34905,12,16
34906,34906,12,12
34907,34907,12,6
34908,34908,12,33
34909,34909,13,18
34910,34910,13,10
34911,34911,13,8
34912,34912,13,10
34913,34913,14,23
34914,34914,14,15
34915,34915,14,13
34916,34916,14,20
34917,34917,15,19
34918,34918,15,23
34919,34919,15,13
34920,34920,15,16
34921,34921,16,26
34922,34922,16,8
34923,34923,16,20
34924,34924,16,18
34925,34925,17,29
34926,34926,17,14
34927,34927,17,13
34928,34928,17,25
34929,34929,18,13
34930,34930,18,25
34931,34931,18,16
34932,34932,18,15
34933,34933,19,29
34934,34934,19,14
34935,34935,19,8
34936,34936,19,20
34937,34937,20,25
34938,34938,20,17
34939,34939,20,18
34940,34940,20,16
34941,34941,21,16
34942,34942,21,18
34943,34943,21,14
34944,34944,21,12
34945,34945,22,17
34946,34946,22,9
34947,34947,22,13
34948,34948,22,31
34949,34949,23,21
34950,34950,23,18
34951,34951,23,9
34952,34952,23,15
34953,34953,24,16
34954,34954,24,17
34955,34955,24,18
34956,34956,24,9
34957,34957,25,45
34958,34958,25,19
34959,34959,25,20
34960,34960,25,30
34961,34961,26,34
34962,34962,26,29
34963,34963,26,26
34964,34964,26,1
34965,34965,27,16
34966,34966,27,11
34967,34967,27,15
34968,34968,27,16
34969,34969,28,17
34970,34970,28,21
34971,34971,28,20
34972,34972,28,6
34973,34973,29,16
34974,34974,29,19
34975,34975,29,19
34976,34976,29,23
34977,34977,30,14
34978,34978,30,32
34979,34979,30,16
34980,34980,30,35
34981,34981,31,22
34982,34982,31,10
34983,34983,31,9
34984,34984,31,33
34985,34985,32,25
34986,34986,32,11
34987,34987,32,17
34988,34988,32,17
34989,34989,33,36
34990,34990,33,8
34991,34991,33,10
34992,34992,33,23
34993,34993,34,16
34994,34994,34,33
34995,34995,34,11
34996,34996,34,12
34997,34997,35,28
34998,34998,35,11
34999,34999,35,17
35000,35000,35,26
35001,35001,1,19
35002,35002,1,8
35003,35003,1,13
35004,35004,1,24
35005,35005,2,12
35006,35006,2,10
35007,35007,2,17
35008,35008,2,29
35009,35009,3,33
35010,35010,3,8
35011,35011,3,12
35012,35012,3,20
35013,35013,4,22
35014,35014,4,17
35015,35015,4,21
35016,35016,4,16
35017,35017,5,22
35018,35018,5,25
35019,35019,5,22
35020,35020,5,21
35021,35021,6,15
35022,35022,6,8
35023,35023,6,22
35024,35024,6,14
35025,35025,7,20
35026,35026,7,16
35027,35027,7,14
35028,35028,7,20
35029,35029,8,26
35030,35030,8,20
35031,35031,8,7
35032,35032,8,28
35033,35033,9,43
35034,35034,9,18
35035,35035,9,11
35036,35036,9,18
35037,35037,10,21
35038,35038,10,20
35039,35039,10,5
35040,35040,10,14
35041,35041,11,21
35042,35042,11,21
35043,35043,11,8
35044,35044,11,36
35045,35045,12,26
35046,35046,12,11
35047,35047,12,26
35048,35048,12,20
35049,35049,13,25
35050,35050,13,15
35051,35051,13,15
35052,35052,13,22
35053,35053,14,27
35054,35054,14,8
35055,35055,14,14
35056,35056,14,11
35057,35057,15,24
35058,35058,15,11
35059,35059,15,20
35060,35060,15,11
35061,35061,16,23
35062,35062,16,18
35063,35063,16,10
35064,35064,16,23
35065,35065,17,14
35066,35066,17,13
35067,35067,17,11
35068,35068,17,26
35069,35069,18,29
35070,35070,18,16
35071,35071,18,27
35072,35072,18,10
35073,35073,19,27
35074,35074,19,6
35075,35075,19,15
35076,35076,19,34
35077,35077,20,15
35078,35078,20,13
35079,35079,20,11
35080,35080,20,18
35081,35081,21,30
35082,35082,21,14
35083,35083,21,11
35084,35084,21,29
35085,35085,22,22
35086,35086,22,15
35087,35087,22,15
35088,35088,22,29
35089,35089,23,16
35090,35090,23,30
35091,35091,23,8
35092,35092,23,15
35093,35093,24,19
35094,35094,24,14
35095,35095,24,7
35096,35096,24,38
35097,35097,25,23
35098,35098,25,10
35099,35099,25,25
35100,35100,25,23
35101,35101,26,36
35102,35102,26,5
35103,35103,26,17
35104,35104,26,17
35105,35105,27,16
35106,35106,27,26
35107,35107,27,13
35108,35108,27,20
35109,35109,28,20
35110,35110,28,16
35111,35111,28,7
35112,35112,28,22
35113,35113,29,10
35114,35114,29,21
35115,35115,29,19
35116,35116,29,17
35117,35117,30,14
35118,35118,30,16
35119,35119,30,11
35120,35120,30,32
35121,35121,31,37
35122,35122,31,34
35123,35123,31,10
35124,35124,31,12
35125,35125,32,36
35126,35126,32,21
35127,35127,32,11
35128,35128,32,30
35129,35129,33,25
35130,35130,33,13
35131,35131,33,19
35132,35132,33,12
35133,35133,34,25
35134,35134,34,24
35135,35135,34,10
35136,35136,34,12
35137,35137,35,22
35138,35138,35,18
35139,35139,35,17
35140,35140,35,26
35141,35141,1,27
35142,35142,1,19
35143,35143,1,10
35144,35144,1,30
35145,35145,2,33
35146,35146,2,29
35147,35147,2,11
35148,35148,2,16
35149,35149,3,19
35150,35150,3,28
35151,35151,3,19
35152,35152,3,25
35153,35153,4,29
35154,35154,4,22
35155,35155,4,20
35156,35156,4,21
35157,35157,5,28
35158,35158,5,18
35159,35159,5,22
35160,35160,5,40
35161,35161,6,31
35162,35162,6,12
35163,35163,6,12
35164,35164,6,26
35165,35165,7,24
35166,35166,7,21
35167,35167,7,13
35168,35168,7,26
35169,35169,8,35
35170,35170,8,14
35171,35171,8,16
35172,35172,8,24
35173,35173,9,33
35174,35174,9,17
35175,35175,9,16
35176,35176,9,17
35177,35177,10,22
35178,35178,10,19
35179,35179,10,13
35180,35180,10,26
35181,35181,11,19
35182,35182,11,12
35183,35183,11,8
35184,35184,11,11
35185,35185,12,26
35186,35186,12,16
35187,35187,12,23
35188,35188,12,25
35189,35189,13,22
35190,35190,13,17
35191,35191,13,22
35192,35192,13,10
35193,35193,14,42
35194,35194,14,23
35195,35195,14,9
35196,35196,14,36
35197,35197,15,23
35198,35198,15,24
35199,35199,15,20
35200,35200,15,21
35201,35201,16,24
35202,35202,16,14
35203,35203,16,20
35204,35204,16,13
35205,35205,17,21
35206,35206,17,19
35207,35207,17,13
35208,35208,17,27
35209,35209,18,30
35210,35210,18,15
35211,35211,18,22
35212,35212,18,14
35213,35213,19,22
35214,35214,19,33
35215,35215,19,16
35216,35216,19,13
35217,35217,20,42
35218,35218,20,26
35219,35219,20,18
35220,35220,20,35
35221,35221,21,28
35222,35222,21,22
35223,35223,21,15
35224,35224,21,26
35225,35225,22,23
35226,35226,22,25
35227,35227,22,27
35228,35228,22,20
35229,35229,23,25
35230,35230,23,14
35231,35231,23,11
35232,35232,23,38
35233,35233,24,26
35234,35234,24,18
35235,35235,24,7
35236,35236,24,24
35237,35237,25,29
35238,35238,25,9
35239,35239,25,8
35240,35240,25,15
35241,35241,26,25
35242,35242,26,15
35243,35243,26,15
35244,35244,26,24
35245,35245,27,20
35246,35246,27,16
35247,35247,27,16
35248,35248,27,26
35249,35249,28,28
35250,35250,28,12
35251,35251,28,16
35252,35252,28,13
35253,35253,29,21
35254,35254,29,23
35255,35255,29,23
35256,35256,29,25
35257,35257,30,10
35258,35258,30,35
35259,35259,30,11
35260,35260,30,31
35261,35261,31,27
35262,35262,31,11
35263,35263,31,22
35264,35264,31,17
35265,35265,32,15
35266,35266,32,21
35267,35267,32,8
35268,35268,32,26
35269,35269,33,33
35270,35270,33,36
35271,35271,33,8
35272,35272,33,36
35273,35273,34,14
35274,35274,34,23
35275,35275,34,19
35276,35276,34,18
35277,35277,35,26
35278,35278,35,11
35279,35279,35,20
35280,35280,35,20
35281,35281,1,36
35282,35282,1,14
35283,35283,1,9
35284,35284,1,23
35285,35285,2,52
35286,35286,2,22
35287,35287,2,16
35288,35288,2,12
35289,35289,3,11
35290,35290,3,27
35291,35291,3,20
35292,35292,3,33
35293,35293,4,27
35294,35294,4,12
35295,35295,4,22
35296,35296,4,25
35297,35297,5,19
35298,35298,5,33
35299,35299,5,10
35300,35300,5,38
35301,35301,6,41
35302,35302,6,18
35303,35303,6,26
35304,35304,6,11
35305,35305,7,24
35306,35306,7,12
35307,35307,7,8
35308,35308,7,20
35309,35309,8,18
35310,35310,8,14
35311,35311,8,28
35312,35312,8,29
35313,35313,9,36
35314,35314,9,17
35315,35315,9,19
35316,35316,9,29
35317,35317,10,30
35318,35318,10,25
35319,35319,10,21
35320,35320,10,17
35321,35321,11,16
35322,35322,11,31
35323,35323,11,20
35324,35324,11,26
35325,35325,12,49
35326,35326,12,19
35327,35327,12,19
35328,35328,12,13
35329,35329,13,28
35330,35330,13,24
35331,35331,13,8
35332,35332,13,37
35333,35333,14,44
35334,35334,14,20
35335,35335,14,12
35336,35336,14,22
35337,35337,15,34
35338,35338,15,21
35339,35339,15,10
35340,35340,15,31
35341,35341,16,28
35342,35342,16,41
35343,35343,16,16
35344,35344,16,14
35345,35345,17,34
35346,35346,17,15
35347,35347,17,7
35348,35348,17,23
35349,35349,18,25
35350,35350,18,9
35351,35351,18,18
35352,35352,18,31
35353,35353,19,20
35354,35354,19,44
35355,35355,19,27
35356,35356,19,14
35357,35357,20,40
35358,35358,20,18
35359,35359,20,15
35360,35360,20,14
35361,35361,21,25
35362,35362,21,41
35363,35363,21,23
35364,35364,21,14
35365,35365,22,28
35366,35366,22,21
35367,35367,22,13
35368,35368,22,30
35369,35369,23,33
35370,35370,23,17
35371,35371,23,27
35372,35372,23,27
35373,35373,24,29
35374,35374,24,19
35375,35375,24,13
35376,35376,24,35
35377,35377,25,39
35378,35378,25,8
35379,35379,25,16
35380,35380,25,11
35381,35381,26,40
35382,35382,26,27
35383,35383,26,11
35384,35384,26,29
35385,35385,27,33
35386,35386,27,9
35387,35387,27,10
35388,35388,27,23
35389,35389,28,23
35390,35390,28,11
35391,35391,28,17
35392,35392,28,32
35393,35393,29,37
35394,35394,29,18
35395,35395,29,14
35396,35396,29,25
35397,35397,30,14
35398,35398,30,29
35399,35399,30,24
35400,35400,30,19
35401,35401,31,43
35402,35402,31,14
35403,35403,31,15
35404,35404,31,34
35405,35405,32,49
35406,35406,32,18
35407,35407,32,16
35408,35408,32,18
35409,35409,33,14
35410,35410,33,20
35411,35411,33,23
35412,35412,33,22
35413,35413,34,24
35414,35414,34,18
35415,35415,34,10
35416,35416,34,21
35417,35417,35,31
35418,35418,35,11
35419,35419,35,20
35420,35420,35,10
35421,35421,1,55
35422,35422,1,16
35423,35423,1,24
35424,35424,1,24
35425,35425,2,52
35426,35426,2,24
35427,35427,2,23
35428,35428,2,19
35429,35429,3,45
35430,35430,3,13
35431,35431,3,19
35432,35432,3,49
35433,35433,4,25
35434,35434,4,24
35435,35435,4,15
35436,35436,4,34
35437,35437,5,46
35438,35438,5,26
35439,35439,5,12
35440,35440,5,19
35441,35441,6,15
35442,35442,6,25
35443,35443,6,10
35444,35444,6,41
35445,35445,7,46
35446,35446,7,22
35447,35447,7,18
35448,35448,7,18
35449,35449,8,38
35450,35450,8,26
35451,35451,8,16
35452,35452,8,40
35453,35453,9,50
35454,35454,9,22
35455,35455,9,11
35456,35456,9,18
35457,35457,10,28
35458,35458,10,28
35459,35459,10,16
35460,35460,10,35
35461,35461,11,19
35462,35462,11,34
35463,35463,11,8
35464,35464,11,47
35465,35465,12,49
35466,35466,12,13
35467,35467,12,19
35468,35468,12,22
35469,35469,13,47
35470,35470,13,23
35471,35471,13,12
35472,35472,13,19
35473,35473,14,40
35474,35474,14,32
35475,35475,14,10
35476,35476,14,19
35477,35477,15,36
35478,35478,15,27
35479,35479,15,10
35480,35480,15,15
35481,35481,16,50
35482,35482,16,11
35483,35483,16,23
35484,35484,16,19
35485,35485,17,28
35486,35486,17,24
35487,35487,17,16
35488,35488,17,36
35489,35489,18,30
35490,35490,18,22
35491,35491,18,32
35492,35492,18,29
35493,35493,19,20
35494,35494,19,33
35495,35495,19,25
35496,35496,19,32
35497,35497,20,46
35498,35498,20,13
35499,35499,20,13
35500,35500,20,20
35501,35501,21,44
35502,35502,21,16
35503,35503,21,13
35504,35504,21,42
35505,35505,22,34
35506,35506,22,21
35507,35507,22,21
35508,35508,22,16
35509,35509,23,32
35510,35510,23,21
35511,35511,23,21
35512,35512,23,39
35513,35513,24,25
35514,35514,24,42
35515,35515,24,27
35516,35516,24,22
35517,35517,25,23
35518,35518,25,31
35519,35519,25,28
35520,35520,25,32
35521,35521,26,23
35522,35522,26,22
35523,35523,26,9
35524,35524,26,19
35525,35525,27,33
35526,35526,27,19
35527,35527,27,10
35528,35528,27,58
35529,35529,28,32
35530,35530,28,31
35531,35531,28,9
35532,35532,28,28
35533,35533,29,36
35534,35534,29,26
35535,35535,29,19
35536,35536,29,31
35537,35537,30,11
35538,35538,30,45
35539,35539,30,27
35540,35540,30,34
35541,35541,31,45
35542,35542,31,12
35543,35543,31,14
35544,35544,31,17
35545,35545,32,26
35546,35546,32,26
35547,35547,32,13
35548,35548,32,14
35549,35549,33,25
35550,35550,33,35
35551,35551,33,18
35552,35552,33,42
35553,35553,34,25
35554,35554,34,31
35555,35555,34,22
35556,35556,34,45
35557,35557,35,56
35558,35558,35,14
35559,35559,35,22
35560,35560,35,30
35561,35561,1,52
35562,35562,1,24
35563,35563,1,35
35564,35564,1,30
35565,35565,2,43
35566,35566,2,10
35567,35567,2,22
35568,35568,2,34
35569,35569,3,36
35570,35570,3,13
35571,35571,3,16
35572,35572,3,30
35573,35573,4,20
35574,35574,4,41
35575,35575,4,35
35576,35576,4,10
35577,35577,5,41
35578,35578,5,40
35579,35579,5,7
35580,35580,5,22
35581,35581,6,35
35582,35582,6,30
35583,35583,6,14
35584,35584,6,24
35585,35585,7,42
35586,35586,7,21
35587,35587,7,11
35588,35588,7,21
35589,35589,8,46
35590,35590,8,41
35591,35591,8,21
35592,35592,8,23
35593,35593,9,43
35594,35594,9,23
35595,35595,9,42
35596,35596,9,48
35597,35597,10,46
35598,35598,10,38
35599,35599,10,11
35600,35600,10,20
35601,35601,11,20
35602,35602,11,30
35603,35603,11,13
35604,35604,11,20
35605,35605,12,49
35606,35606,12,25
35607,35607,12,17
35608,35608,12,10
35609,35609,13,9
35610,35610,13,49
35611,35611,13,15
35612,35612,13,49
35613,35613,14,25
35614,35614,14,19
35615,35615,14,7
35616,35616,14,28
35617,35617,15,43
35618,35618,15,12
35619,35619,15,9
35620,35620,15,39
35621,35621,16,36
35622,35622,16,20
35623,35623,16,13
35624,35624,16,10
35625,35625,17,30
35626,35626,17,32
35627,35627,17,35
35628,35628,17,11
35629,35629,18,26
35630,35630,18,16
35631,35631,18,9
35632,35632,18,43
35633,35633,19,18
35634,35634,19,39
35635,35635,19,27
35636,35636,19,17
35637,35637,20,31
35638,35638,20,20
35639,35639,20,12
35640,35640,20,30
35641,35641,21,51
35642,35642,21,30
35643,35643,21,16
35644,35644,21,36
35645,35645,22,21
35646,35646,22,18
35647,35647,22,28
35648,35648,22,41
35649,35649,23,34
35650,35650,23,40
35651,35651,23,9
35652,35652,23,21
35653,35653,24,23
35654,35654,24,20
35655,35655,24,14
35656,35656,24,16
35657,35657,25,40
35658,35658,25,11
35659,35659,25,17
35660,35660,25,43
35661,35661,26,41
35662,35662,26,17
35663,35663,26,20
35664,35664,26,25
35665,35665,27,34
35666,35666,27,37
35667,35667,27,20
35668,35668,27,31
35669,35669,28,30
35670,35670,28,26
35671,35671,28,12
35672,35672,28,14
35673,35673,29,23
35674,35674,29,36
35675,35675,29,22
35676,35676,29,23
35677,35677,30,37
35678,35678,30,34
35679,35679,30,20
35680,35680,30,25
35681,35681,31,36
35682,35682,31,29
35683,35683,31,15
35684,35684,31,25
35685,35685,32,30
35686,35686,32,12
35687,35687,32,24
35688,35688,32,48
35689,35689,33,25
35690,35690,33,42
35691,35691,33,26
35692,35692,33,22
35693,35693,34,53
35694,35694,34,21
35695,35695,34,12
35696,35696,34,32
35697,35697,35,46
35698,35698,35,17
35699,35699,35,18
35700,35700,35,41
35701,35701,1,34
35702,35702,1,23
35703,35703,1,23
35704,35704,1,19
35705,35705,2,28
35706,35706,2,36
35707,35707,2,12
35708,35708,2,32
35709,35709,3,36
35710,35710,3,13
35711,35711,3,15
35712,35712,3,25
35713,35713,4,38
35714,35714,4,19
35715,35715,4,7
35716,35716,4,24
35717,35717,5,14
35718,35718,5,12
35719,35719,5,20
35720,35720,5,35
35721,35721,6,26
35722,35722,6,13
35723,35723,6,17
35724,35724,6,29
35725,35725,7,28
35726,35726,7,11
35727,35727,7,20
35728,35728,7,26
35729,35729,8,26
35730,35730,8,18
35731,35731,8,20
35732,35732,8,11
35733,35733,9,24
35734,35734,9,40
35735,35735,9,21
35736,35736,9,10
35737,35737,10,35
35738,35738,10,26
35739,35739,10,15
35740,35740,10,15
35741,35741,11,29
35742,35742,11,10
35743,35743,11,15
35744,35744,11,24
35745,35745,12,37
35746,35746,12,12
35747,35747,12,24
35748,35748,12,12
35749,35749,13,15
35750,35750,13,26
35751,35751,13,9
35752,35752,13,47
35753,35753,14,19
35754,35754,14,12
35755,35755,14,27
35756,35756,14,18
35757,35757,15,21
35758,35758,15,16
35759,35759,15,13
35760,35760,15,36
35761,35761,16,22
35762,35762,16,15
35763,35763,16,25
35764,35764,16,16
35765,35765,17,34
35766,35766,17,27
35767,35767,17,14
35768,35768,17,21
35769,35769,18,28
35770,35770,18,27
35771,35771,18,17
35772,35772,18,19
35773,35773,19,36
35774,35774,19,32
35775,35775,19,15
35776,35776,19,9
35777,35777,20,36
35778,35778,20,12
35779,35779,20,18
35780,35780,20,27
35781,35781,21,23
35782,35782,21,14
35783,35783,21,23
35784,35784,21,34
35785,35785,22,25
35786,35786,22,17
35787,35787,22,17
35788,35788,22,22
35789,35789,23,10
35790,35790,23,36
35791,35791,23,21
35792,35792,23,39
35793,35793,24,18
35794,35794,24,28
35795,35795,24,24
35796,35796,24,34
35797,35797,25,26
35798,35798,25,16
35799,35799,25,16
35800,35800,25,23
35801,35801,26,29
35802,35802,26,21
35803,35803,26,12
35804,35804,26,18
35805,35805,27,30
35806,35806,27,22
35807,35807,27,22
35808,35808,27,33
35809,35809,28,18
35810,35810,28,20
35811,35811,28,22
35812,35812,28,43
35813,35813,29,25
35814,35814,29,14
35815,35815,29,17
35816,35816,29,18
35817,35817,30,15
35818,35818,30,24
35819,35819,30,10
35820,35820,30,24
35821,35821,31,38
35822,35822,31,9
35823,35823,31,20
35824,35824,31,19
35825,35825,32,40
35826,35826,32,21
35827,35827,32,13
35828,35828,32,18
35829,35829,33,30
35830,35830,33,16
35831,35831,33,10
35832,35832,33,11
35833,35833,34,19
35834,35834,34,20
35835,35835,34,18
35836,35836,34,27
35837,35837,35,42
35838,35838,35,6
35839,35839,35,10
35840,35840,35,21
35841,35841,1,35
35842,35842,1,14
35843,35843,1,15
35844,35844,1,12
35845,35845,2,10
35846,35846,2,27
35847,35847,2,5
35848,35848,2,28
35849,35849,3,8
35850,35850,3,27
35851,35851,3,9
35852,35852,3,19
35853,35853,4,13
35854,35854,4,20
35855,35855,4,12
35856,35856,4,12
35857,35857,5,25
35858,35858,5,20
35859,35859,5,13
35860,35860,5,26
35861,35861,6,26
35862,35862,6,5
35863,35863,6,11
35864,35864,6,17
35865,35865,7,28
35866,35866,7,11
35867,35867,7,20
35868,35868,7,19
35869,35869,8,27
35870,35870,8,11
35871,35871,8,19
35872,35872,8,34
35873,35873,9,40
35874,35874,9,10
35875,35875,9,28
35876,35876,9,14
35877,35877,10,15
35878,35878,10,18
35879,35879,10,18
35880,35880,10,25
35881,35881,11,18
35882,35882,11,13
35883,35883,11,27
35884,35884,11,16
35885,35885,12,35
35886,35886,12,15
35887,35887,12,7
35888,35888,12,16
35889,35889,13,24
35890,35890,13,26
35891,35891,13,4
35892,35892,13,20
35893,35893,14,16
35894,35894,14,26
35895,35895,14,14
35896,35896,14,20
35897,35897,15,25
35898,35898,15,10
35899,35899,15,12
35900,35900,15,24
35901,35901,16,25
35902,35902,16,14
35903,35903,16,16
35904,35904,16,18
35905,35905,17,19
35906,35906,17,25
35907,35907,17,10
35908,35908,17,13
35909,35909,18,15
35910,35910,18,19
35911,35911,18,12
35912,35912,18,36
35913,35913,19,20
35914,35914,19,24
35915,35915,19,6
35916,35916,19,23
35917,35917,20,30
35918,35918,20,22
35919,35919,20,12
35920,35920,20,14
35921,35921,21,34
35922,35922,21,10
35923,35923,21,17
35924,35924,21,13
35925,35925,22,34
35926,35926,22,9
35927,35927,22,19
35928,35928,22,13
35929,35929,23,26
35930,35930,23,12
35931,35931,23,8
35932,35932,23,20
35933,35933,24,13
35934,35934,24,17
35935,35935,24,17
35936,35936,24,18
35937,35937,25,22
35938,35938,25,20
35939,35939,25,13
35940,35940,25,32
35941,35941,26,22
35942,35942,26,15
35943,35943,26,15
35944,35944,26,31
35945,35945,27,24
35946,35946,27,13
35947,35947,27,19
35948,35948,27,17
35949,35949,28,18
35950,35950,28,11
35951,35951,28,16
35952,35952,28,16
35953,35953,29,27
35954,35954,29,19
35955,35955,29,7
35956,35956,29,24
35957,35957,30,33
35958,35958,30,11
35959,35959,30,10
35960,35960,30,12
35961,35961,31,28
35962,35962,31,18
35963,35963,31,9
35964,35964,31,24
35965,35965,32,16
35966,35966,32,17
35967,35967,32,17
35968,35968,32,12
35969,35969,33,13
35970,35970,33,5
35971,35971,33,15
35972,35972,33,23
35973,35973,34,29
35974,35974,34,6
35975,35975,34,26
35976,35976,34,10
35977,35977,35,24
35978,35978,35,32
35979,35979,35,19
35980,35980,35,17
35981,35981,1,18
35982,35982,1,15
35983,35983,1,27
35984,35984,1,15
35985,35985,2,33
35986,35986,2,12
35987,35987,2,6
35988,35988,2,17
35989,35989,3,12
35990,35990,3,30
35991,35991,3,8
35992,35992,3,20
35993,35993,4,19
35994,35994,4,10
35995,35995,4,24
35996,35996,4,23
35997,35997,5,14
35998,35998,5,24
35999,35999,5,15
36000,36000,5,20
36001,36001,6,30
36002,36002,6,15
36003,36003,6,19
36004,36004,6,11
36005,36005,7,22
36006,36006,7,22
36007,36007,7,13
36008,36008,7,15
36009,36009,8,37
36010,36010,8,17
36011,36011,8,13
36012,36012,8,29
36013,36013,9,32
36014,36014,9,9
36015,36015,9,22
36016,36016,9,22
36017,36017,10,11
36018,36018,10,11
36019,36019,10,15
36020,36020,10,24
36021,36021,11,35
36022,36022,11,19
36023,36023,11,19
36024,36024,11,6
36025,36025,12,26
36026,36026,12,7
36027,36027,12,19
36028,36028,12,30
36029,36029,13,8
36030,36030,13,16
36031,36031,13,16
36032,36032,13,19
36033,36033,14,35
36034,36034,14,22
36035,36035,14,8
36036,36036,14,23
36037,36037,15,26
36038,36038,15,22
36039,36039,15,7
36040,36040,15,22
36041,36041,16,25
36042,36042,16,25
36043,36043,16,20
36044,36044,16,15
36045,36045,17,29
36046,36046,17,26
36047,36047,17,16
36048,36048,17,9
36049,36049,18,18
36050,36050,18,25
36051,36051,18,12
36052,36052,18,33
36053,36053,19,8
36054,36054,19,16
36055,36055,19,10
36056,36056,19,35
36057,36057,20,21
36058,36058,20,12
36059,36059,20,10
36060,36060,20,19
36061,36061,21,34
36062,36062,21,7
36063,36063,21,26
36064,36064,21,22
36065,36065,22,38
36066,36066,22,20
36067,36067,22,9
36068,36068,22,21
36069,36069,23,28
36070,36070,23,7
36071,36071,23,23
36072,36072,23,23
36073,36073,24,27
36074,36074,24,13
36075,36075,24,16
36076,36076,24,29
36077,36077,25,21
36078,36078,25,8
36079,36079,25,18
36080,36080,25,46
36081,36081,26,22
36082,36082,26,22
36083,36083,26,22
36084,36084,26,24
36085,36085,27,29
36086,36086,27,19
36087,36087,27,9
36088,36088,27,12
36089,36089,28,31
36090,36090,28,20
36091,36091,28,8
36092,36092,28,17
36093,36093,29,22
36094,36094,29,15
36095,36095,29,7
36096,36096,29,17
36097,36097,30,19
36098,36098,30,14
36099,36099,30,10
36100,36100,30,23
36101,36101,31,22
36102,36102,31,16
36103,36103,31,9
36104,36104,31,20
36105,36105,32,46
36106,36106,32,13
36107,36107,32,8
36108,36108,32,22
36109,36109,33,13
36110,36110,33,20
36111,36111,33,27
36112,36112,33,16
36113,36113,34,22
36114,36114,34,13
36115,36115,34,12
36116,36116,34,26
36117,36117,35,18
36118,36118,35,10
36119,36119,35,3
36120,36120,35,26
36121,36121,1,21
36122,36122,1,15
36123,36123,1,14
36124,36124,1,12
36125,36125,2,31
36126,36126,2,20
36127,36127,2,20
36128,36128,2,14
36129,36129,3,19
36130,36130,3,27
36131,36131,3,19
36132,36132,3,31
36133,36133,4,15
36134,36134,4,21
36135,36135,4,10
36136,36136,4,32
36137,36137,5,20
36138,36138,5,19
36139,36139,5,13
36140,36140,5,15
36141,36141,6,17
36142,36142,6,8
36143,36143,6,9
36144,36144,6,38
36145,36145,7,29
36146,36146,7,16
36147,36147,7,15
36148,36148,7,14
36149,36149,8,30
36150,36150,8,11
36151,36151,8,11
36152,36152,8,19
36153,36153,9,31
36154,36154,9,13
36155,36155,9,19
36156,36156,9,14
36157,36157,10,27
36158,36158,10,24
36159,36159,10,22
36160,36160,10,24
36161,36161,11,30
36162,36162,11,18
36163,36163,11,24
36164,36164,11,16
36165,36165,12,16
36166,36166,12,34
36167,36167,12,23
36168,36168,12,18
36169,36169,13,15
36170,36170,13,31
36171,36171,13,29
36172,36172,13,12
36173,36173,14,34
36174,36174,14,10
36175,36175,14,27
36176,36176,14,19
36177,36177,15,18
36178,36178,15,20
36179,36179,15,18
36180,36180,15,29
36181,36181,16,12
36182,36182,16,22
36183,36183,16,29
36184,36184,16,34
36185,36185,17,33
36186,36186,17,22
36187,36187,17,19
36188,36188,17,29
36189,36189,18,26
36190,36190,18,31
36191,36191,18,9
36192,36192,18,11
36193,36193,19,28
36194,36194,19,19
36195,36195,19,25
36196,36196,19,21
36197,36197,20,33
36198,36198,20,28
36199,36199,20,13
36200,36200,20,8
36201,36201,21,39
36202,36202,21,18
36203,36203,21,15
36204,36204,21,22
36205,36205,22,27
36206,36206,22,22
36207,36207,22,22
36208,36208,22,30
36209,36209,23,29
36210,36210,23,20
36211,36211,23,10
36212,36212,23,20
36213,36213,24,30
36214,36214,24,34
36215,36215,24,20
36216,36216,24,19
36217,36217,25,38
36218,36218,25,10
36219,36219,25,18
36220,36220,25,18
36221,36221,26,33
36222,36222,26,22
36223,36223,26,6
36224,36224,26,23
36225,36225,27,45
36226,36226,27,14
36227,36227,27,10
36228,36228,27,31
36229,36229,28,38
36230,36230,28,19
36231,36231,28,27
36232,36232,28,18
36233,36233,29,19
36234,36234,29,16
36235,36235,29,23
36236,36236,29,16
36237,36237,30,23
36238,36238,30,16
36239,36239,30,19
36240,36240,30,27
36241,36241,31,26
36242,36242,31,33
36243,36243,31,10
36244,36244,31,28
36245,36245,32,27
36246,36246,32,12
36247,36247,32,20
36248,36248,32,38
36249,36249,33,24
36250,36250,33,30
36251,36251,33,25
36252,36252,33,26
36253,36253,34,22
36254,36254,34,16
36255,36255,34,16
36256,36256,34,30
36257,36257,35,23
36258,36258,35,18
36259,36259,35,14
36260,36260,35,36
36261,36261,1,21
36262,36262,1,24
36263,36263,1,14
36264,36264,1,28
36265,36265,2,45
36266,36266,2,36
36267,36267,2,30
36268,36268,2,13
36269,36269,3,30
36270,36270,3,21
36271,36271,3,28
36272,36272,3,27
36273,36273,4,20
36274,36274,4,24
36275,36275,4,24
36276,36276,4,29
36277,36277,5,26
36278,36278,5,36
36279,36279,5,21
36280,36280,5,36
36281,36281,6,48
36282,36282,6,18
36283,36283,6,10
36284,36284,6,32
36285,36285,7,42
36286,36286,7,38
36287,36287,7,10
36288,36288,7,27
36289,36289,8,5
36290,36290,8,25
36291,36291,8,16
36292,36292,8,56
36293,36293,9,57
36294,36294,9,14
36295,36295,9,12
36296,36296,9,38
36297,36297,10,44
36298,36298,10,35
36299,36299,10,13
36300,36300,10,16
36301,36301,11,43
36302,36302,11,38
36303,36303,11,13
36304,36304,11,38
36305,36305,12,40
36306,36306,12,21
36307,36307,12,26
36308,36308,12,32
36309,36309,13,33
36310,36310,13,44
36311,36311,13,31
36312,36312,13,32
36313,36313,14,27
36314,36314,14,8
36315,36315,14,27
36316,36316,14,25
36317,36317,15,39
36318,36318,15,18
36319,36319,15,26
36320,36320,15,28
36321,36321,16,29
36322,36322,16,19
36323,36323,16,31
36324,36324,16,28
36325,36325,17,29
36326,36326,17,39
36327,36327,17,22
36328,36328,17,15
36329,36329,18,36
36330,36330,18,25
36331,36331,18,19
36332,36332,18,36
36333,36333,19,30
36334,36334,19,15
36335,36335,19,19
36336,36336,19,20
36337,36337,20,28
36338,36338,20,18
36339,36339,20,15
36340,36340,20,21
36341,36341,21,22
36342,36342,21,26
36343,36343,21,17
36344,36344,21,36
36345,36345,22,28
36346,36346,22,32
36347,36347,22,20
36348,36348,22,22
36349,36349,23,28
36350,36350,23,25
36351,36351,23,42
36352,36352,23,29
36353,36353,24,36
36354,36354,24,21
36355,36355,24,12
36356,36356,24,36
36357,36357,25,28
36358,36358,25,18
36359,36359,25,23
36360,36360,25,56
36361,36361,26,44
36362,36362,26,31
36363,36363,26,17
36364,36364,26,25
36365,36365,27,58
36366,36366,27,4
36367,36367,27,7
36368,36368,27,37
36369,36369,28,45
36370,36370,28,37
36371,36371,28,6
36372,36372,28,30
36373,36373,29,38
36374,36374,29,44
36375,36375,29,4
36376,36376,29,30
36377,36377,30,43
36378,36378,30,18
36379,36379,30,22
36380,36380,30,39
36381,36381,31,19
36382,36382,31,21
36383,36383,31,16
36384,36384,31,47
36385,36385,32,24
36386,36386,32,47
36387,36387,32,19
36388,36388,32,18
36389,36389,33,46
36390,36390,33,24
36391,36391,33,13
36392,36392,33,33
36393,36393,34,43
36394,36394,34,15
36395,36395,34,17
36396,36396,34,37
36397,36397,35,26
36398,36398,35,14
36399,36399,35,22
36400,36400,35,35
36401,36401,1,43
36402,36402,1,45
36403,36403,1,21
36404,36404,1,36
36405,36405,2,43
36406,36406,2,38
36407,36407,2,31
36408,36408,2,31
36409,36409,3,30
36410,36410,3,33
36411,36411,3,33
36412,36412,3,47
36413,36413,4,53
36414,36414,4,18
36415,36415,4,12
36416,36416,4,40
36417,36417,5,13
36418,36418,5,24
36419,36419,5,45
36420,36420,5,57
36421,36421,6,48
36422,36422,6,35
36423,36423,6,39
36424,36424,6,21
36425,36425,7,41
36426,36426,7,27
36427,36427,7,14
36428,36428,7,28
36429,36429,8,55
36430,36430,8,35
36431,36431,8,27
36432,36432,8,26
36433,36433,9,24
36434,36434,9,50
36435,36435,9,27
36436,36436,9,36
36437,36437,10,33
36438,36438,10,28
36439,36439,10,30
36440,36440,10,23
36441,36441,11,49
36442,36442,11,23
36443,36443,11,33
36444,36444,11,49
36445,36445,12,22
36446,36446,12,26
36447,36447,12,16
36448,36448,12,52
36449,36449,13,57
36450,36450,13,29
36451,36451,13,19
36452,36452,13,57
36453,36453,14,21
36454,36454,14,21
36455,36455,14,33
36456,36456,14,18
36457,36457,15,38
36458,36458,15,36
36459,36459,15,45
36460,36460,15,19
36461,36461,16,43
36462,36462,16,31
36463,36463,16,20
36464,36464,16,47
36465,36465,17,51
36466,36466,17,17
36467,36467,17,14
36468,36468,17,38
36469,36469,18,40
36470,36470,18,18
36471,36471,18,33
36472,36472,18,37
36473,36473,19,28
36474,36474,19,20
36475,36475,19,36
36476,36476,19,45
36477,36477,20,45
36478,36478,20,27
36479,36479,20,33
36480,36480,20,23
36481,36481,21,29
36482,36482,21,36
36483,36483,21,6
36484,36484,21,62
36485,36485,22,18
36486,36486,22,26
36487,36487,22,34
36488,36488,22,41
36489,36489,23,29
36490,36490,23,28
36491,36491,23,13
36492,36492,23,25
36493,36493,24,56
36494,36494,24,19
36495,36495,24,19
36496,36496,24,32
36497,36497,25,56
36498,36498,25,17
36499,36499,25,33
36500,36500,25,30
36501,36501,26,36
36502,36502,26,30
36503,36503,26,25
36504,36504,26,54
36505,36505,27,40
36506,36506,27,39
36507,36507,27,28
36508,36508,27,42
36509,36509,28,45
36510,36510,28,27
36511,36511,28,26
36512,36512,28,53
36513,36513,29,36
36514,36514,29,15
36515,36515,29,19
36516,36516,29,28
36517,36517,30,18
36518,36518,30,35
36519,36519,30,33
36520,36520,30,33
36521,36521,31,46
36522,36522,31,44
36523,36523,31,29
36524,36524,31,41
36525,36525,32,40
36526,36526,32,13
36527,36527,32,17
36528,36528,32,53
36529,36529,33,68
36530,36530,33,27
36531,36531,33,14
36532,36532,33,20
36533,36533,34,41
36534,36534,34,16
36535,36535,34,34
36536,36536,34,49
36537,36537,35,21
36538,36538,35,32
36539,36539,35,16
36540,36540,35,23
36541,36541,1,59
36542,36542,1,25
36543,36543,1,27
36544,36544,1,29
36545,36545,2,50
36546,36546,2,39
36547,36547,2,20
36548,36548,2,42
36549,36549,3,71
36550,36550,3,27
36551,36551,3,31
36552,36552,3,31
36553,36553,4,28
36554,36554,4,20
36555,36555,4,25
36556,36556,4,38
36557,36557,5,73
36558,36558,5,15
36559,36559,5,17
36560,36560,5,43
36561,36561,6,53
36562,36562,6,21
36563,36563,6,27
36564,36564,6,38
36565,36565,7,38
36566,36566,7,46
36567,36567,7,13
36568,36568,7,58
36569,36569,8,60
36570,36570,8,41
36571,36571,8,36
36572,36572,8,13
36573,36573,9,37
36574,36574,9,30
36575,36575,9,22
36576,36576,9,33
36577,36577,10,37
36578,36578,10,44
36579,36579,10,33
36580,36580,10,44
36581,36581,11,40
36582,36582,11,26
36583,36583,11,30
36584,36584,11,21
36585,36585,12,38
36586,36586,12,22
36587,36587,12,8
36588,36588,12,56
36589,36589,13,48
36590,36590,13,22
36591,36591,13,46
36592,36592,13,27
36593,36593,14,50
36594,36594,14,31
36595,36595,14,21
36596,36596,14,37
36597,36597,15,52
36598,36598,15,41
36599,36599,15,34
36600,36600,15,14
36601,36601,16,21
36602,36602,16,55
36603,36603,16,18
36604,36604,16,40
36605,36605,17,45
36606,36606,17,26
36607,36607,17,27
36608,36608,17,37
36609,36609,18,49
36610,36610,18,31
36611,36611,18,13
36612,36612,18,21
36613,36613,19,33
36614,36614,19,55
36615,36615,19,19
36616,36616,19,45
36617,36617,20,51
36618,36618,20,44
36619,36619,20,16
36620,36620,20,51
36621,36621,21,32
36622,36622,21,25
36623,36623,21,23
36624,36624,21,39
36625,36625,22,31
36626,36626,22,43
36627,36627,22,24
36628,36628,22,32
36629,36629,23,25
36630,36630,23,21
36631,36631,23,18
36632,36632,23,67
36633,36633,24,39
36634,36634,24,19
36635,36635,24,10
36636,36636,24,23
36637,36637,25,35
36638,36638,25,43
36639,36639,25,13
36640,36640,25,43
36641,36641,26,29
36642,36642,26,31
36643,36643,26,53
36644,36644,26,45
36645,36645,27,43
36646,36646,27,19
36647,36647,27,25
36648,36648,27,30
36649,36649,28,42
36650,36650,28,36
36651,36651,28,28
36652,36652,28,28
36653,36653,29,28
36654,36654,29,17
36655,36655,29,22
36656,36656,29,44
36657,36657,30,40
36658,36658,30,13
36659,36659,30,40
36660,36660,30,29
36661,36661,31,44
36662,36662,31,32
36663,36663,31,20
36664,36664,31,30
36665,36665,32,64
36666,36666,32,18
36667,36667,32,37
36668,36668,32,17
36669,36669,33,39
36670,36670,33,37
36671,36671,33,21
36672,36672,33,22
36673,36673,34,55
36674,36674,34,39
36675,36675,34,39
36676,36676,34,16
36677,36677,35,37
36678,36678,35,35
36679,36679,35,16
36680,36680,35,30
36681,36681,1,17
36682,36682,1,17
36683,36683,1,28
36684,36684,1,42
36685,36685,2,24
36686,36686,2,19
36687,36687,2,33
36688,36688,2,40
36689,36689,3,32
36690,36690,3,18
36691,36691,3,31
36692,36692,3,15
36693,36693,4,56
36694,36694,4,15
36695,36695,4,29
36696,36696,4,21
36697,36697,5,38
36698,36698,5,45
36699,36699,5,16
36700,36700,5,23
36701,36701,6,34
36702,36702,6,31
36703,36703,6,22
36704,36704,6,29
36705,36705,7,38
36706,36706,7,32
36707,36707,7,16
36708,36708,7,24
36709,36709,8,36
36710,36710,8,13
36711,36711,8,18
36712,36712,8,28
36713,36713,9,20
36714,36714,9,7
36715,36715,9,11
36716,36716,9,32
36717,36717,10,28
36718,36718,10,34
36719,36719,10,16
36720,36720,10,43
36721,36721,11,27
36722,36722,11,35
36723,36723,11,24
36724,36724,11,25
36725,36725,12,37
36726,36726,12,25
36727,36727,12,17
36728,36728,12,28
36729,36729,13,35
36730,36730,13,23
36731,36731,13,28
36732,36732,13,22
36733,36733,14,48
36734,36734,14,13
36735,36735,14,11
36736,36736,14,25
36737,36737,15,45
36738,36738,15,34
36739,36739,15,22
36740,36740,15,20
36741,36741,16,40
36742,36742,16,15
36743,36743,16,10
36744,36744,16,36
36745,36745,17,17
36746,36746,17,13
36747,36747,17,16
36748,36748,17,40
36749,36749,18,35
36750,36750,18,15
36751,36751,18,13
36752,36752,18,32
36753,36753,19,36
36754,36754,19,13
36755,36755,19,13
36756,36756,19,38
36757,36757,20,29
36758,36758,20,33
36759,36759,20,21
36760,36760,20,36
36761,36761,21,33
36762,36762,21,51
36763,36763,21,13
36764,36764,21,14
36765,36765,22,27
36766,36766,22,21
36767,36767,22,18
36768,36768,22,41
36769,36769,23,29
36770,36770,23,17
36771,36771,23,13
36772,36772,23,39
36773,36773,24,28
36774,36774,24,18
36775,36775,24,18
36776,36776,24,25
36777,36777,25,42
36778,36778,25,32
36779,36779,25,22
36780,36780,25,29
36781,36781,26,40
36782,36782,26,14
36783,36783,26,26
36784,36784,26,49
36785,36785,27,60
36786,36786,27,14
36787,36787,27,17
36788,36788,27,16
36789,36789,28,20
36790,36790,28,37
36791,36791,28,21
36792,36792,28,17
36793,36793,29,41
36794,36794,29,39
36795,36795,29,13
36796,36796,29,15
36797,36797,30,29
36798,36798,30,22
36799,36799,30,19
36800,36800,30,39
36801,36801,31,35
36802,36802,31,27
36803,36803,31,43
36804,36804,31,20
36805,36805,32,31
36806,36806,32,25
36807,36807,32,25
36808,36808,32,24
36809,36809,33,27
36810,36810,33,34
36811,36811,33,16
36812,36812,33,32
36813,36813,34,35
36814,36814,34,43
36815,36815,34,24
36816,36816,34,31
36817,36817,35,48
36818,36818,35,33
36819,36819,35,20
36820,36820,35,38
36821,36821,1,26
36822,36822,1,23
36823,36823,1,23
36824,36824,1,26
36825,36825,2,21
36826,36826,2,20
36827,36827,2,19
36828,36828,2,35
36829,36829,3,30
36830,36830,3,13
36831,36831,3,24
36832,36832,3,20
36833,36833,4,17
36834,36834,4,22
36835,36835,4,11
36836,36836,4,33
36837,36837,5,34
36838,36838,5,20
36839,36839,5,25
36840,36840,5,12
36841,36841,6,44
36842,36842,6,21
36843,36843,6,12
36844,36844,6,15
36845,36845,7,44
36846,36846,7,23
36847,36847,7,14
36848,36848,7,21
36849,36849,8,30
36850,36850,8,12
36851,36851,8,8
36852,36852,8,20
36853,36853,9,22
36854,36854,9,18
36855,36855,9,18
36856,36856,9,12
36857,36857,10,34
36858,36858,10,22
36859,36859,10,6
36860,36860,10,10
36861,36861,11,25
36862,36862,11,16
36863,36863,11,19
36864,36864,11,19
36865,36865,12,24
36866,36866,12,17
36867,36867,12,21
36868,36868,12,23
36869,36869,13,19
36870,36870,13,12
36871,36871,13,18
36872,36872,13,26
36873,36873,14,21
36874,36874,14,30
36875,36875,14,24
36876,36876,14,48
36877,36877,15,45
36878,36878,15,11
36879,36879,15,13
36880,36880,15,39
36881,36881,16,31
36882,36882,16,21
36883,36883,16,17
36884,36884,16,23
36885,36885,17,16
36886,36886,17,12
36887,36887,17,15
36888,36888,17,27
36889,36889,18,36
36890,36890,18,34
36891,36891,18,14
36892,36892,18,12
36893,36893,19,35
36894,36894,19,19
36895,36895,19,30
36896,36896,19,20
36897,36897,20,20
36898,36898,20,12
36899,36899,20,32
36900,36900,20,22
36901,36901,21,22
36902,36902,21,13
36903,36903,21,16
36904,36904,21,42
36905,36905,22,39
36906,36906,22,15
36907,36907,22,22
36908,36908,22,20
36909,36909,23,18
36910,36910,23,35
36911,36911,23,13
36912,36912,23,34
36913,36913,24,32
36914,36914,24,22
36915,36915,24,13
36916,36916,24,25
36917,36917,25,34
36918,36918,25,9
36919,36919,25,13
36920,36920,25,14
36921,36921,26,34
36922,36922,26,21
36923,36923,26,25
36924,36924,26,20
36925,36925,27,38
36926,36926,27,22
36927,36927,27,13
36928,36928,27,27
36929,36929,28,25
36930,36930,28,30
36931,36931,28,20
36932,36932,28,16
36933,36933,29,26
36934,36934,29,18
36935,36935,29,9
36936,36936,29,48
36937,36937,30,26
36938,36938,30,18
36939,36939,30,30
36940,36940,30,27
36941,36941,31,26
36942,36942,31,21
36943,36943,31,30
36944,36944,31,21
36945,36945,32,29
36946,36946,32,15
36947,36947,32,16
36948,36948,32,40
36949,36949,33,24
36950,36950,33,28
36951,36951,33,16
36952,36952,33,28
36953,36953,34,24
36954,36954,34,18
36955,36955,34,26
36956,36956,34,20
36957,36957,35,32
36958,36958,35,23
36959,36959,35,18
36960,36960,35,27
36961,36961,1,36
36962,36962,1,19
36963,36963,1,12
36964,36964,1,14
36965,36965,2,21
36966,36966,2,18
36967,36967,2,9
36968,36968,2,30
36969,36969,3,39
36970,36970,3,20
36971,36971,3,15
36972,36972,3,10
36973,36973,4,31
36974,36974,4,16
36975,36975,4,9
36976,36976,4,32
36977,36977,5,19
36978,36978,5,12
36979,36979,5,15
36980,36980,5,48
36981,36981,6,31
36982,36982,6,21
36983,36983,6,12
36984,36984,6,20
36985,36985,7,30
36986,36986,7,28
36987,36987,7,17
36988,36988,7,14
36989,36989,8,25
36990,36990,8,27
36991,36991,8,21
36992,36992,8,40
36993,36993,9,36
36994,36994,9,16
36995,36995,9,16
36996,36996,9,21
36997,36997,10,27
36998,36998,10,20
36999,36999,10,27
37000,37000,10,25
37001,37001,11,24
37002,37002,11,30
37003,37003,11,10
37004,37004,11,23
37005,37005,12,29
37006,37006,12,30
37007,37007,12,15
37008,37008,12,41
37009,37009,13,37
37010,37010,13,33
37011,37011,13,10
37012,37012,13,34
37013,37013,14,26
37014,37014,14,31
37015,37015,14,31
37016,37016,14,9
37017,37017,15,57
37018,37018,15,19
37019,37019,15,4
37020,37020,15,14
37021,37021,16,16
37022,37022,16,38
37023,37023,16,36
37024,37024,16,34
37025,37025,17,41
37026,37026,17,15
37027,37027,17,17
37028,37028,17,26
37029,37029,18,70
37030,37030,18,23
37031,37031,18,6
37032,37032,18,15
37033,37033,19,26
37034,37034,19,12
37035,37035,19,8
37036,37036,19,33
37037,37037,20,17
37038,37038,20,25
37039,37039,20,22
37040,37040,20,31
37041,37041,21,39
37042,37042,21,13
37043,37043,21,16
37044,37044,21,20
37045,37045,22,23
37046,37046,22,26
37047,37047,22,21
37048,37048,22,25
37049,37049,23,50
37050,37050,23,27
37051,37051,23,19
37052,37052,23,14
37053,37053,24,27
37054,37054,24,20
37055,37055,24,37
37056,37056,24,21
37057,37057,25,39
37058,37058,25,16
37059,37059,25,13
37060,37060,25,21
37061,37061,26,28
37062,37062,26,29
37063,37063,26,18
37064,37064,26,19
37065,37065,27,28
37066,37066,27,28
37067,37067,27,17
37068,37068,27,29
37069,37069,28,27
37070,37070,28,25
37071,37071,28,32
37072,37072,28,18
37073,37073,29,31
37074,37074,29,19
37075,37075,29,22
37076,37076,29,30
37077,37077,30,27
37078,37078,30,16
37079,37079,30,8
37080,37080,30,29
37081,37081,31,51
37082,37082,31,12
37083,37083,31,22
37084,37084,31,32
37085,37085,32,36
37086,37086,32,14
37087,37087,32,29
37088,37088,32,27
37089,37089,33,32
37090,37090,33,38
37091,37091,33,7
37092,37092,33,13
37093,37093,34,34
37094,37094,34,43
37095,37095,34,16
37096,37096,34,14
37097,37097,35,29
37098,37098,35,24
37099,37099,35,24
37100,37100,35,23
37101,37101,1,30
37102,37102,1,23
37103,37103,1,16
37104,37104,1,23
37105,37105,2,30
37106,37106,2,18
37107,37107,2,24
37108,37108,2,38
37109,37109,3,36
37110,37110,3,12
37111,37111,3,19
37112,37112,3,50
37113,37113,4,35
37114,37114,4,18
37115,37115,4,15
37116,37116,4,31
37117,37117,5,37
37118,37118,5,9
37119,37119,5,16
37120,37120,5,24
37121,37121,6,43
37122,37122,6,26
37123,37123,6,14
37124,37124,6,32
37125,37125,7,45
37126,37126,7,26
37127,37127,7,7
37128,37128,7,24
37129,37129,8,27
37130,37130,8,31
37131,37131,8,25
37132,37132,8,47
37133,37133,9,48
37134,37134,9,28
37135,37135,9,20
37136,37136,9,16
37137,37137,10,20
37138,37138,10,14
37139,37139,10,20
37140,37140,10,24
37141,37141,11,22
37142,37142,11,9
37143,37143,11,23
37144,37144,11,36
37145,37145,12,28
37146,37146,12,20
37147,37147,12,28
37148,37148,12,14
37149,37149,13,29
37150,37150,13,22
37151,37151,13,14
37152,37152,13,38
37153,37153,14,24
37154,37154,14,34
37155,37155,14,24
37156,37156,14,34
37157,37157,15,35
37158,37158,15,16
37159,37159,15,19
37160,37160,15,35
37161,37161,16,30
37162,37162,16,21
37163,37163,16,15
37164,37164,16,28
37165,37165,17,47
37166,37166,17,30
37167,37167,17,20
37168,37168,17,24
37169,37169,18,33
37170,37170,18,29
37171,37171,18,26
37172,37172,18,32
37173,37173,19,49
37174,37174,19,18
37175,37175,19,13
37176,37176,19,28
37177,37177,20,31
37178,37178,20,36
37179,37179,20,20
37180,37180,20,29
37181,37181,21,37
37182,37182,21,26
37183,37183,21,22
37184,37184,21,30
37185,37185,22,48
37186,37186,22,31
37187,37187,22,33
37188,37188,22,32
37189,37189,23,32
37190,37190,23,34
37191,37191,23,18
37192,37192,23,34
37193,37193,24,27
37194,37194,24,26
37195,37195,24,37
37196,37196,24,15
37197,37197,25,40
37198,37198,25,21
37199,37199,25,8
37200,37200,25,36
37201,37201,26,55
37202,37202,26,19
37203,37203,26,19
37204,37204,26,19
37205,37205,27,23
37206,37206,27,23
37207,37207,27,29
37208,37208,27,18
37209,37209,28,17
37210,37210,28,30
37211,37211,28,8
37212,37212,28,40
37213,37213,29,48
37214,37214,29,21
37215,37215,29,9
37216,37216,29,19
37217,37217,30,31
37218,37218,30,18
37219,37219,30,19
37220,37220,30,25
37221,37221,31,35
37222,37222,31,20
37223,37223,31,28
37224,37224,31,36
37225,37225,32,52
37226,37226,32,24
37227,37227,32,24
37228,37228,32,34
37229,37229,33,38
37230,37230,33,23
37231,37231,33,18
37232,37232,33,36
37233,37233,34,11
37234,37234,34,28
37235,37235,34,14
37236,37236,34,47
37237,37237,35,46
37238,37238,35,47
37239,37239,35,13
37240,37240,35,13
37241,37241,1,15
37242,37242,1,21
37243,37243,1,14
37244,37244,1,22
37245,37245,2,58
37246,37246,2,20
37247,37247,2,20
37248,37248,2,27
37249,37249,3,32
37250,37250,3,11
37251,37251,3,8
37252,37252,3,30
37253,37253,4,36
37254,37254,4,20
37255,37255,4,23
37256,37256,4,53
37257,37257,5,40
37258,37258,5,33
37259,37259,5,43
37260,37260,5,39
37261,37261,6,42
37262,37262,6,21
37263,37263,6,11
37264,37264,6,34
37265,37265,7,21
37266,37266,7,29
37267,37267,7,30
37268,37268,7,47
37269,37269,8,29
37270,37270,8,24
37271,37271,8,25
37272,37272,8,37
37273,37273,9,23
37274,37274,9,29
37275,37275,9,29
37276,37276,9,22
37277,37277,10,42
37278,37278,10,33
37279,37279,10,24
37280,37280,10,30
37281,37281,11,24
37282,37282,11,29
37283,37283,11,10
37284,37284,11,26
37285,37285,12,34
37286,37286,12,27
37287,37287,12,37
37288,37288,12,28
37289,37289,13,65
37290,37290,13,35
37291,37291,13,14
37292,37292,13,24
37293,37293,14,51
37294,37294,14,8
37295,37295,14,18
37296,37296,14,36
37297,37297,15,22
37298,37298,15,41
37299,37299,15,22
37300,37300,15,31
37301,37301,16,39
37302,37302,16,43
37303,37303,16,30
37304,37304,16,18
37305,37305,17,38
37306,37306,17,39
37307,37307,17,30
37308,37308,17,8
37309,37309,18,31
37310,37310,18,16
37311,37311,18,27
37312,37312,18,37
37313,37313,19,15
37314,37314,19,37
37315,37315,19,10
37316,37316,19,45
37317,37317,20,16
37318,37318,20,25
37319,37319,20,15
37320,37320,20,53
37321,37321,21,24
37322,37322,21,47
37323,37323,21,38
37324,37324,21,22
37325,37325,22,34
37326,37326,22,20
37327,37327,22,33
37328,37328,22,18
37329,37329,23,58
37330,37330,23,33
37331,37331,23,29
37332,37332,23,13
37333,37333,24,28
37334,37334,24,15
37335,37335,24,20
37336,37336,24,53
37337,37337,25,38
37338,37338,25,24
37339,37339,25,9
37340,37340,25,51
37341,37341,26,35
37342,37342,26,19
37343,37343,26,27
37344,37344,26,28
37345,37345,27,30
37346,37346,27,28
37347,37347,27,36
37348,37348,27,24
37349,37349,28,15
37350,37350,28,40
37351,37351,28,25
37352,37352,28,38
37353,37353,29,26
37354,37354,29,11
37355,37355,29,34
37356,37356,29,24
37357,37357,30,21
37358,37358,30,45
37359,37359,30,10
37360,37360,30,40
37361,37361,31,46
37362,37362,31,19
37363,37363,31,25
37364,37364,31,35
37365,37365,32,25
37366,37366,32,24
37367,37367,32,25
37368,37368,32,38
37369,37369,33,33
37370,37370,33,16
37371,37371,33,29
37372,37372,33,30
37373,37373,34,36
37374,37374,34,22
37375,37375,34,22
37376,37376,34,24
37377,37377,35,45
37378,37378,35,33
37379,37379,35,16
37380,37380,35,26
37381,37381,1,47
37382,37382,1,27
37383,37383,1,27
37384,37384,1,37
37385,37385,2,46
37386,37386,2,44
37387,37387,2,9
37388,37388,2,25
37389,37389,3,43
37390,37390,3,38
37391,37391,3,27
37392,37392,3,38
37393,37393,4,56
37394,37394,4,25
37395,37395,4,27
37396,37396,4,56
37397,37397,5,26
37398,37398,5,51
37399,37399,5,29
37400,37400,5,28
37401,37401,6,40
37402,37402,6,32
37403,37403,6,6
37404,37404,6,37
37405,37405,7,36
37406,37406,7,37
37407,37407,7,33
37408,37408,7,16
37409,37409,8,40
37410,37410,8,44
37411,37411,8,17
37412,37412,8,30
37413,37413,9,43
37414,37414,9,34
37415,37415,9,29
37416,37416,9,20
37417,37417,10,48
37418,37418,10,19
37419,37419,10,14
37420,37420,10,48
37421,37421,11,62
37422,37422,11,19
37423,37423,11,23
37424,37424,11,29
37425,37425,12,30
37426,37426,12,18
37427,37427,12,25
37428,37428,12,56
37429,37429,13,47
37430,37430,13,34
37431,37431,13,14
37432,37432,13,44
37433,37433,14,60
37434,37434,14,35
37435,37435,14,27
37436,37436,14,23
37437,37437,15,41
37438,37438,15,26
37439,37439,15,30
37440,37440,15,18
37441,37441,16,55
37442,37442,16,17
37443,37443,16,29
37444,37444,16,52
37445,37445,17,31
37446,37446,17,60
37447,37447,17,24
37448,37448,17,25
37449,37449,18,22
37450,37450,18,44
37451,37451,18,13
37452,37452,18,37
37453,37453,19,54
37454,37454,19,13
37455,37455,19,19
37456,37456,19,54
37457,37457,20,35
37458,37458,20,27
37459,37459,20,13
37460,37460,20,38
37461,37461,21,34
37462,37462,21,47
37463,37463,21,29
37464,37464,21,31
37465,37465,22,27
37466,37466,22,40
37467,37467,22,11
37468,37468,22,61
37469,37469,23,31
37470,37470,23,53
37471,37471,23,27
37472,37472,23,24
37473,37473,24,27
37474,37474,24,27
37475,37475,24,35
37476,37476,24,52
37477,37477,25,35
37478,37478,25,42
37479,37479,25,17
37480,37480,25,32
37481,37481,26,41
37482,37482,26,17
37483,37483,26,21
37484,37484,26,26
37485,37485,27,46
37486,37486,27,19
37487,37487,27,16
37488,37488,27,35
37489,37489,28,45
37490,37490,28,43
37491,37491,28,15
37492,37492,28,47
37493,37493,29,53
37494,37494,29,47
37495,37495,29,15
37496,37496,29,50
37497,37497,30,39
37498,37498,30,35
37499,37499,30,39
37500,37500,30,29
37501,37501,31,46
37502,37502,31,20
37503,37503,31,14
37504,37504,31,19
37505,37505,32,27
37506,37506,32,8
37507,37507,32,44
37508,37508,32,35
37509,37509,33,56
37510,37510,33,22
37511,37511,33,31
37512,37512,33,52
37513,37513,34,33
37514,37514,34,25
37515,37515,34,10
37516,37516,34,34
37517,37517,35,43
37518,37518,35,30
37519,37519,35,15
37520,37520,35,41
37521,37521,1,37
37522,37522,1,36
37523,37523,1,8
37524,37524,1,45
37525,37525,2,18
37526,37526,2,45
37527,37527,2,47
37528,37528,2,31
37529,37529,3,58
37530,37530,3,31
37531,37531,3,25
37532,37532,3,27
37533,37533,4,41
37534,37534,4,26
37535,37535,4,14
37536,37536,4,23
37537,37537,5,32
37538,37538,5,21
37539,37539,5,15
37540,37540,5,55
37541,37541,6,35
37542,37542,6,11
37543,37543,6,24
37544,37544,6,28
37545,37545,7,40
37546,37546,7,43
37547,37547,7,22
37548,37548,7,27
37549,37549,8,71
37550,37550,8,19
37551,37551,8,48
37552,37552,8,22
37553,37553,9,57
37554,37554,9,30
37555,37555,9,20
37556,37556,9,21
37557,37557,10,40
37558,37558,10,31
37559,37559,10,17
37560,37560,10,16
37561,37561,11,54
37562,37562,11,29
37563,37563,11,27
37564,37564,11,57
37565,37565,12,59
37566,37566,12,26
37567,37567,12,25
37568,37568,12,30
37569,37569,13,72
37570,37570,13,25
37571,37571,13,25
37572,37572,13,24
37573,37573,14,31
37574,37574,14,16
37575,37575,14,21
37576,37576,14,31
37577,37577,15,62
37578,37578,15,12
37579,37579,15,18
37580,37580,15,59
37581,37581,16,55
37582,37582,16,34
37583,37583,16,33
37584,37584,16,33
37585,37585,17,49
37586,37586,17,25
37587,37587,17,13
37588,37588,17,40
37589,37589,18,54
37590,37590,18,34
37591,37591,18,11
37592,37592,18,42
37593,37593,19,29
37594,37594,19,48
37595,37595,19,24
37596,37596,19,42
37597,37597,20,36
37598,37598,20,37
37599,37599,20,18
37600,37600,20,48
37601,37601,21,41
37602,37602,21,31
37603,37603,21,22
37604,37604,21,37
37605,37605,22,31
37606,37606,22,20
37607,37607,22,18
37608,37608,22,56
37609,37609,23,77
37610,37610,23,13
37611,37611,23,34
37612,37612,23,64
37613,37613,24,30
37614,37614,24,7
37615,37615,24,29
37616,37616,24,32
37617,37617,25,32
37618,37618,25,33
37619,37619,25,33
37620,37620,25,40
37621,37621,26,51
37622,37622,26,26
37623,37623,26,11
37624,37624,26,54
37625,37625,27,61
37626,37626,27,25
37627,37627,27,25
37628,37628,27,36
37629,37629,28,56
37630,37630,28,26
37631,37631,28,18
37632,37632,28,40
37633,37633,29,54
37634,37634,29,36
37635,37635,29,10
37636,37636,29,59
37637,37637,30,53
37638,37638,30,49
37639,37639,30,56
37640,37640,30,36
37641,37641,31,28
37642,37642,31,48
37643,37643,31,37
37644,37644,31,21
37645,37645,32,39
37646,37646,32,52
37647,37647,32,20
37648,37648,32,47
37649,37649,33,69
37650,37650,33,17
37651,37651,33,24
37652,37652,33,28
37653,37653,34,41
37654,37654,34,23
37655,37655,34,15
37656,37656,34,51
37657,37657,35,22
37658,37658,35,39
37659,37659,35,21
37660,37660,35,15
37661,37661,1,25
37662,37662,1,24
37663,37663,1,29
37664,37664,1,28
37665,37665,2,39
37666,37666,2,14
37667,37667,2,14
37668,37668,2,44
37669,37669,3,18
37670,37670,3,26
37671,37671,3,14
37672,37672,3,64
37673,37673,4,28
37674,37674,4,25
37675,37675,4,23
37676,37676,4,32
37677,37677,5,24
37678,37678,5,24
37679,37679,5,23
37680,37680,5,40
37681,37681,6,19
37682,37682,6,24
37683,37683,6,60
37684,37684,6,16
37685,37685,7,32
37686,37686,7,22
37687,37687,7,18
37688,37688,7,44
37689,37689,8,32
37690,37690,8,24
37691,37691,8,17
37692,37692,8,53
37693,37693,9,46
37694,37694,9,27
37695,37695,9,18
37696,37696,9,11
37697,37697,10,18
37698,37698,10,14
37699,37699,10,14
37700,37700,10,28
37701,37701,11,39
37702,37702,11,16
37703,37703,11,25
37704,37704,11,31
37705,37705,12,23
37706,37706,12,32
37707,37707,12,22
37708,37708,12,12
37709,37709,13,24
37710,37710,13,30
37711,37711,13,19
37712,37712,13,25
37713,37713,14,24
37714,37714,14,38
37715,37715,14,43
37716,37716,14,28
37717,37717,15,65
37718,37718,15,22
37719,37719,15,13
37720,37720,15,23
37721,37721,16,20
37722,37722,16,18
37723,37723,16,23
37724,37724,16,29
37725,37725,17,41
37726,37726,17,15
37727,37727,17,22
37728,37728,17,38
37729,37729,18,26
37730,37730,18,23
37731,37731,18,14
37732,37732,18,38
37733,37733,19,42
37734,37734,19,15
37735,37735,19,17
37736,37736,19,28
37737,37737,20,23
37738,37738,20,22
37739,37739,20,26
37740,37740,20,57
37741,37741,21,38
37742,37742,21,25
37743,37743,21,10
37744,37744,21,26
37745,37745,22,38
37746,37746,22,30
37747,37747,22,10
37748,37748,22,34
37749,37749,23,42
37750,37750,23,17
37751,37751,23,28
37752,37752,23,12
37753,37753,24,28
37754,37754,24,14
37755,37755,24,19
37756,37756,24,48
37757,37757,25,28
37758,37758,25,27
37759,37759,25,28
37760,37760,25,11
37761,37761,26,37
37762,37762,26,19
37763,37763,26,15
37764,37764,26,26
37765,37765,27,24
37766,37766,27,30
37767,37767,27,28
37768,37768,27,18
37769,37769,28,38
37770,37770,28,4
37771,37771,28,14
37772,37772,28,32
37773,37773,29,40
37774,37774,29,18
37775,37775,29,33
37776,37776,29,43
37777,37777,30,28
37778,37778,30,36
37779,37779,30,28
37780,37780,30,31
37781,37781,31,47
37782,37782,31,21
37783,37783,31,21
37784,37784,31,51
37785,37785,32,19
37786,37786,32,45
37787,37787,32,22
37788,37788,32,24
37789,37789,33,42
37790,37790,33,26
37791,37791,33,18
37792,37792,33,27
37793,37793,34,37
37794,37794,34,32
37795,37795,34,28
37796,37796,34,26
37797,37797,35,71
37798,37798,35,14
37799,37799,35,19
37800,37800,35,12
37801,37801,1,40
37802,37802,1,20
37803,37803,1,10
37804,37804,1,33
37805,37805,2,33
37806,37806,2,18
37807,37807,2,21
37808,37808,2,8
37809,37809,3,33
37810,37810,3,14
37811,37811,3,14
37812,37812,3,26
37813,37813,4,21
37814,37814,4,23
37815,37815,4,41
37816,37816,4,16
37817,37817,5,45
37818,37818,5,13
37819,37819,5,18
37820,37820,5,38
37821,37821,6,16
37822,37822,6,21
37823,37823,6,19
37824,37824,6,38
37825,37825,7,30
37826,37826,7,16
37827,37827,7,31
37828,37828,7,13
37829,37829,8,23
37830,37830,8,24
37831,37831,8,20
37832,37832,8,30
37833,37833,9,27
37834,37834,9,26
37835,37835,9,18
37836,37836,9,20
37837,37837,10,28
37838,37838,10,21
37839,37839,10,18
37840,37840,10,17
37841,37841,11,20
37842,37842,11,22
37843,37843,11,16
37844,37844,11,25
37845,37845,12,31
37846,37846,12,15
37847,37847,12,15
37848,37848,12,14
37849,37849,13,30
37850,37850,13,22
37851,37851,13,13
37852,37852,13,24
37853,37853,14,27
37854,37854,14,18
37855,37855,14,23
37856,37856,14,27
37857,37857,15,31
37858,37858,15,13
37859,37859,15,20
37860,37860,15,37
37861,37861,16,30
37862,37862,16,18
37863,37863,16,46
37864,37864,16,14
37865,37865,17,25
37866,37866,17,28
37867,37867,17,21
37868,37868,17,15
37869,37869,18,45
37870,37870,18,8
37871,37871,18,20
37872,37872,18,27
37873,37873,19,31
37874,37874,19,30
37875,37875,19,13
37876,37876,19,31
37877,37877,20,39
37878,37878,20,16
37879,37879,20,12
37880,37880,20,11
37881,37881,21,34
37882,37882,21,23
37883,37883,21,21
37884,37884,21,13
37885,37885,22,22
37886,37886,22,23
37887,37887,22,26
37888,37888,22,22
37889,37889,23,27
37890,37890,23,19
37891,37891,23,10
37892,37892,23,20
37893,37893,24,39
37894,37894,24,11
37895,37895,24,13
37896,37896,24,18
37897,37897,25,26
37898,37898,25,11
37899,37899,25,26
37900,37900,25,14
37901,37901,26,35
37902,37902,26,23
37903,37903,26,18
37904,37904,26,33
37905,37905,27,37
37906,37906,27,28
37907,37907,27,14
37908,37908,27,13
37909,37909,28,17
37910,37910,28,23
37911,37911,28,25
37912,37912,28,28
37913,37913,29,25
37914,37914,29,34
37915,37915,29,12
37916,37916,29,24
37917,37917,30,44
37918,37918,30,24
37919,37919,30,14
37920,37920,30,14
37921,37921,31,33
37922,37922,31,9
37923,37923,31,25
37924,37924,31,40
37925,37925,32,28
37926,37926,32,19
37927,37927,32,21
37928,37928,32,20
37929,37929,33,46
37930,37930,33,17
37931,37931,33,18
37932,37932,33,19
37933,37933,34,11
37934,37934,34,35
37935,37935,34,16
37936,37936,34,38
37937,37937,35,29
37938,37938,35,37
37939,37939,35,13
37940,37940,35,31
37941,37941,1,22
37942,37942,1,14
37943,37943,1,12
37944,37944,1,41
37945,37945,2,44
37946,37946,2,20
37947,37947,2,14
37948,37948,2,29
37949,37949,3,17
37950,37950,3,23
37951,37951,3,21
37952,37952,3,52
37953,37953,4,31
37954,37954,4,34
37955,37955,4,14
37956,37956,4,29
37957,37957,5,25
37958,37958,5,19
37959,37959,5,18
37960,37960,5,25
37961,37961,6,44
37962,37962,6,22
37963,37963,6,19
37964,37964,6,26
37965,37965,7,46
37966,37966,7,19
37967,37967,7,18
37968,37968,7,21
37969,37969,8,26
37970,37970,8,30
37971,37971,8,14
37972,37972,8,18
37973,37973,9,13
37974,37974,9,20
37975,37975,9,14
37976,37976,9,37
37977,37977,10,25
37978,37978,10,25
37979,37979,10,22
37980,37980,10,20
37981,37981,11,72
37982,37982,11,17
37983,37983,11,17
37984,37984,11,16
37985,37985,12,37
37986,37986,12,15
37987,37987,12,17
37988,37988,12,34
37989,37989,13,20
37990,37990,13,41
37991,37991,13,14
37992,37992,13,29
37993,37993,14,39
37994,37994,14,26
37995,37995,14,10
37996,37996,14,14
37997,37997,15,22
37998,37998,15,30
37999,37999,15,14
38000,38000,15,30
38001,38001,16,38
38002,38002,16,32
38003,38003,16,28
38004,38004,16,25
38005,38005,17,27
38006,38006,17,13
38007,38007,17,19
38008,38008,17,19
38009,38009,18,35
38010,38010,18,8
38011,38011,18,22
38012,38012,18,25
38013,38013,19,24
38014,38014,19,27
38015,38015,19,14
38016,38016,19,36
38017,38017,20,36
38018,38018,20,18
38019,38019,20,12
38020,38020,20,25
38021,38021,21,27
38022,38022,21,23
38023,38023,21,20
38024,38024,21,23
38025,38025,22,16
38026,38026,22,28
38027,38027,22,24
38028,38028,22,26
38029,38029,23,24
38030,38030,23,29
38031,38031,23,14
38032,38032,23,33
38033,38033,24,32
38034,38034,24,27
38035,38035,24,16
38036,38036,24,32
38037,38037,25,21
38038,38038,25,49
38039,38039,25,12
38040,38040,25,17
38041,38041,26,13
38042,38042,26,24
38043,38043,26,22
38044,38044,26,13
38045,38045,27,43
38046,38046,27,24
38047,38047,27,23
38048,38048,27,20
38049,38049,28,24
38050,38050,28,22
38051,38051,28,26
38052,38052,28,11
38053,38053,29,44
38054,38054,29,19
38055,38055,29,17
38056,38056,29,16
38057,38057,30,19
38058,38058,30,33
38059,38059,30,19
38060,38060,30,32
38061,38061,31,51
38062,38062,31,44
38063,38063,31,12
38064,38064,31,14
38065,38065,32,50
38066,38066,32,26
38067,38067,32,9
38068,38068,32,8
38069,38069,33,19
38070,38070,33,17
38071,38071,33,28
38072,38072,33,29
38073,38073,34,31
38074,38074,34,12
38075,38075,34,18
38076,38076,34,36
38077,38077,35,24
38078,38078,35,17
38079,38079,35,26
38080,38080,35,23
38081,38081,1,32
38082,38082,1,32
38083,38083,1,38
38084,38084,1,59
38085,38085,2,40
38086,38086,2,29
38087,38087,2,15
38088,38088,2,24
38089,38089,3,33
38090,38090,3,20
38091,38091,3,19
38092,38092,3,23
38093,38093,4,40
38094,38094,4,38
38095,38095,4,17
38096,38096,4,28
38097,38097,5,37
38098,38098,5,27
38099,38099,5,40
38100,38100,5,32
38101,38101,6,14
38102,38102,6,17
38103,38103,6,19
38104,38104,6,39
38105,38105,7,39
38106,38106,7,15
38107,38107,7,14
38108,38108,7,22
38109,38109,8,19
38110,38110,8,24
38111,38111,8,37
38112,38112,8,31
38113,38113,9,33
38114,38114,9,38
38115,38115,9,21
38116,38116,9,11
38117,38117,10,19
38118,38118,10,36
38119,38119,10,13
38120,38120,10,31
38121,38121,11,30
38122,38122,11,28
38123,38123,11,21
38124,38124,11,21
38125,38125,12,20
38126,38126,12,22
38127,38127,12,17
38128,38128,12,36
38129,38129,13,27
38130,38130,13,31
38131,38131,13,21
38132,38132,13,20
38133,38133,14,26
38134,38134,14,39
38135,38135,14,15
38136,38136,14,26
38137,38137,15,45
38138,38138,15,18
38139,38139,15,18
38140,38140,15,15
38141,38141,16,25
38142,38142,16,22
38143,38143,16,14
38144,38144,16,26
38145,38145,17,20
38146,38146,17,29
38147,38147,17,23
38148,38148,17,37
38149,38149,18,26
38150,38150,18,27
38151,38151,18,9
38152,38152,18,44
38153,38153,19,36
38154,38154,19,8
38155,38155,19,18
38156,38156,19,46
38157,38157,20,22
38158,38158,20,31
38159,38159,20,25
38160,38160,20,33
38161,38161,21,16
38162,38162,21,45
38163,38163,21,30
38164,38164,21,22
38165,38165,22,34
38166,38166,22,42
38167,38167,22,11
38168,38168,22,26
38169,38169,23,33
38170,38170,23,20
38171,38171,23,13
38172,38172,23,33
38173,38173,24,21
38174,38174,24,29
38175,38175,24,12
38176,38176,24,24
38177,38177,25,34
38178,38178,25,27
38179,38179,25,23
38180,38180,25,15
38181,38181,26,25
38182,38182,26,23
38183,38183,26,21
38184,38184,26,33
38185,38185,27,22
38186,38186,27,33
38187,38187,27,17
38188,38188,27,20
38189,38189,28,45
38190,38190,28,41
38191,38191,28,23
38192,38192,28,23
38193,38193,29,53
38194,38194,29,8
38195,38195,29,23
38196,38196,29,29
38197,38197,30,27
38198,38198,30,33
38199,38199,30,20
38200,38200,30,27
38201,38201,31,44
38202,38202,31,12
38203,38203,31,21
38204,38204,31,34
38205,38205,32,30
38206,38206,32,26
38207,38207,32,9
38208,38208,32,39
38209,38209,33,42
38210,38210,33,16
38211,38211,33,16
38212,38212,33,46
38213,38213,34,30
38214,38214,34,21
38215,38215,34,15
38216,38216,34,39
38217,38217,35,41
38218,38218,35,21
38219,38219,35,13
38220,38220,35,24
38221,38221,1,30
38222,38222,1,21
38223,38223,1,20
38224,38224,1,31
38225,38225,2,32
38226,38226,2,35
38227,38227,2,19
38228,38228,2,19
38229,38229,3,11
38230,38230,3,46
38231,38231,3,26
38232,38232,3,69
38233,38233,4,44
38234,38234,4,26
38235,38235,4,21
38236,38236,4,21
38237,38237,5,33
38238,38238,5,24
38239,38239,5,11
38240,38240,5,39
38241,38241,6,29
38242,38242,6,27
38243,38243,6,25
38244,38244,6,30
38245,38245,7,35
38246,38246,7,32
38247,38247,7,37
38248,38248,7,30
38249,38249,8,62
38250,38250,8,28
38251,38251,8,18
38252,38252,8,25
38253,38253,9,24
38254,38254,9,29
38255,38255,9,42
38256,38256,9,26
38257,38257,10,29
38258,38258,10,37
38259,38259,10,25
38260,38260,10,25
38261,38261,11,30
38262,38262,11,27
38263,38263,11,16
38264,38264,11,38
38265,38265,12,36
38266,38266,12,19
38267,38267,12,29
38268,38268,12,37
38269,38269,13,33
38270,38270,13,41
38271,38271,13,50
38272,38272,13,18
38273,38273,14,19
38274,38274,14,25
38275,38275,14,17
38276,38276,14,45
38277,38277,15,38
38278,38278,15,24
38279,38279,15,16
38280,38280,15,21
38281,38281,16,35
38282,38282,16,44
38283,38283,16,14
38284,38284,16,47
38285,38285,17,38
38286,38286,17,14
38287,38287,17,13
38288,38288,17,16
38289,38289,18,36
38290,38290,18,19
38291,38291,18,22
38292,38292,18,29
38293,38293,19,31
38294,38294,19,24
38295,38295,19,26
38296,38296,19,41
38297,38297,20,67
38298,38298,20,11
38299,38299,20,15
38300,38300,20,29
38301,38301,21,26
38302,38302,21,30
38303,38303,21,16
38304,38304,21,26
38305,38305,22,31
38306,38306,22,26
38307,38307,22,20
38308,38308,22,23
38309,38309,23,52
38310,38310,23,6
38311,38311,23,13
38312,38312,23,31
38313,38313,24,36
38314,38314,24,12
38315,38315,24,23
38316,38316,24,35
38317,38317,25,46
38318,38318,25,22
38319,38319,25,18
38320,38320,25,65
38321,38321,26,45
38322,38322,26,20
38323,38323,26,28
38324,38324,26,32
38325,38325,27,57
38326,38326,27,34
38327,38327,27,21
38328,38328,27,25
38329,38329,28,12
38330,38330,28,17
38331,38331,28,21
38332,38332,28,43
38333,38333,29,26
38334,38334,29,20
38335,38335,29,19
38336,38336,29,29
38337,38337,30,30
38338,38338,30,35
38339,38339,30,20
38340,38340,30,32
38341,38341,31,32
38342,38342,31,14
38343,38343,31,23
38344,38344,31,51
38345,38345,32,62
38346,38346,32,38
38347,38347,32,13
38348,38348,32,24
38349,38349,33,55
38350,38350,33,19
38351,38351,33,11
38352,38352,33,34
38353,38353,34,49
38354,38354,34,24
38355,38355,34,16
38356,38356,34,10
38357,38357,35,27
38358,38358,35,17
38359,38359,35,39
38360,38360,35,29
38361,38361,1,28
38362,38362,1,28
38363,38363,1,18
38364,38364,1,44
38365,38365,2,32
38366,38366,2,22
38367,38367,2,32
38368,38368,2,40
38369,38369,3,38
38370,38370,3,28
38371,38371,3,18
38372,38372,3,33
38373,38373,4,41
38374,38374,4,33
38375,38375,4,20
38376,38376,4,44
38377,38377,5,50
38378,38378,5,22
38379,38379,5,13
38380,38380,5,29
38381,38381,6,46
38382,38382,6,26
38383,38383,6,23
38384,38384,6,19
38385,38385,7,33
38386,38386,7,24
38387,38387,7,16
38388,38388,7,34
38389,38389,8,53
38390,38390,8,32
38391,38391,8,30
38392,38392,8,28
38393,38393,9,33
38394,38394,9,48
38395,38395,9,27
38396,38396,9,52
38397,38397,10,34
38398,38398,10,31
38399,38399,10,41
38400,38400,10,39
38401,38401,11,59
38402,38402,11,26
38403,38403,11,25
38404,38404,11,63
38405,38405,12,25
38406,38406,12,23
38407,38407,12,42
38408,38408,12,40
38409,38409,13,43
38410,38410,13,37
38411,38411,13,18
38412,38412,13,30
38413,38413,14,40
38414,38414,14,45
38415,38415,14,15
38416,38416,14,29
38417,38417,15,38
38418,38418,15,17
38419,38419,15,22
38420,38420,15,57
38421,38421,16,42
38422,38422,16,30
38423,38423,16,19
38424,38424,16,21
38425,38425,17,51
38426,38426,17,16
38427,38427,17,22
38428,38428,17,46
38429,38429,18,86
38430,38430,18,38
38431,38431,18,7
38432,38432,18,23
38433,38433,19,53
38434,38434,19,32
38435,38435,19,18
38436,38436,19,29
38437,38437,20,37
38438,38438,20,19
38439,38439,20,23
38440,38440,20,43
38441,38441,21,67
38442,38442,21,27
38443,38443,21,27
38444,38444,21,16
38445,38445,22,32
38446,38446,22,20
38447,38447,22,32
38448,38448,22,37
38449,38449,23,75
38450,38450,23,32
38451,38451,23,19
38452,38452,23,24
38453,38453,24,33
38454,38454,24,30
38455,38455,24,16
38456,38456,24,41
38457,38457,25,46
38458,38458,25,23
38459,38459,25,40
38460,38460,25,25
38461,38461,26,44
38462,38462,26,25
38463,38463,26,10
38464,38464,26,40
38465,38465,27,42
38466,38466,27,14
38467,38467,27,26
38468,38468,27,50
38469,38469,28,47
38470,38470,28,25
38471,38471,28,20
38472,38472,28,42
38473,38473,29,55
38474,38474,29,17
38475,38475,29,21
38476,38476,29,41
38477,38477,30,22
38478,38478,30,35
38479,38479,30,33
38480,38480,30,42
38481,38481,31,52
38482,38482,31,24
38483,38483,31,14
38484,38484,31,46
38485,38485,32,47
38486,38486,32,37
38487,38487,32,22
38488,38488,32,33
38489,38489,33,34
38490,38490,33,26
38491,38491,33,34
38492,38492,33,50
38493,38493,34,44
38494,38494,34,42
38495,38495,34,30
38496,38496,34,37
38497,38497,35,56
38498,38498,35,20
38499,38499,35,14
38500,38500,35,39
38501,38501,1,17
38502,38502,1,43
38503,38503,1,27
38504,38504,1,42
38505,38505,2,24
38506,38506,2,39
38507,38507,2,38
38508,38508,2,20
38509,38509,3,37
38510,38510,3,44
38511,38511,3,21
38512,38512,3,26
38513,38513,4,37
38514,38514,4,33
38515,38515,4,41
38516,38516,4,14
38517,38517,5,54
38518,38518,5,24
38519,38519,5,19
38520,38520,5,36
38521,38521,6,24
38522,38522,6,29
38523,38523,6,20
38524,38524,6,53
38525,38525,7,57
38526,38526,7,41
38527,38527,7,20
38528,38528,7,41
38529,38529,8,35
38530,38530,8,20
38531,38531,8,23
38532,38532,8,42
38533,38533,9,32
38534,38534,9,14
38535,38535,9,19
38536,38536,9,22
38537,38537,10,53
38538,38538,10,18
38539,38539,10,17
38540,38540,10,32
38541,38541,11,43
38542,38542,11,23
38543,38543,11,34
38544,38544,11,28
38545,38545,12,64
38546,38546,12,41
38547,38547,12,21
38548,38548,12,32
38549,38549,13,38
38550,38550,13,47
38551,38551,13,19
38552,38552,13,26
38553,38553,14,13
38554,38554,14,27
38555,38555,14,27
38556,38556,14,38
38557,38557,15,67
38558,38558,15,47
38559,38559,15,15
38560,38560,15,29
38561,38561,16,57
38562,38562,16,24
38563,38563,16,13
38564,38564,16,30
38565,38565,17,39
38566,38566,17,16
38567,38567,17,33
38568,38568,17,31
38569,38569,18,53
38570,38570,18,22
38571,38571,18,37
38572,38572,18,35
38573,38573,19,38
38574,38574,19,47
38575,38575,19,14
38576,38576,19,31
38577,38577,20,44
38578,38578,20,15
38579,38579,20,21
38580,38580,20,43
38581,38581,21,48
38582,38582,21,25
38583,38583,21,22
38584,38584,21,27
38585,38585,22,38
38586,38586,22,34
38587,38587,22,28
38588,38588,22,48
38589,38589,23,44
38590,38590,23,23
38591,38591,23,20
38592,38592,23,40
38593,38593,24,38
38594,38594,24,14
38595,38595,24,22
38596,38596,24,48
38597,38597,25,59
38598,38598,25,39
38599,38599,25,17
38600,38600,25,35
38601,38601,26,34
38602,38602,26,37
38603,38603,26,35
38604,38604,26,33
38605,38605,27,46
38606,38606,27,35
38607,38607,27,18
38608,38608,27,56
38609,38609,28,39
38610,38610,28,18
38611,38611,28,34
38612,38612,28,37
38613,38613,29,26
38614,38614,29,43
38615,38615,29,31
38616,38616,29,21
38617,38617,30,52
38618,38618,30,18
38619,38619,30,20
38620,38620,30,41
38621,38621,31,17
38622,38622,31,38
38623,38623,31,37
38624,38624,31,36
38625,38625,32,46
38626,38626,32,15
38627,38627,32,22
38628,38628,32,36
38629,38629,33,51
38630,38630,33,47
38631,38631,33,24
38632,38632,33,26
38633,38633,34,32
38634,38634,34,33
38635,38635,34,32
38636,38636,34,30
38637,38637,35,7
38638,38638,35,43
38639,38639,35,42
38640,38640,35,46
38641,38641,1,25
38642,38642,1,18
38643,38643,1,40
38644,38644,1,29
38645,38645,2,31
38646,38646,2,22
38647,38647,2,34
38648,38648,2,27
38649,38649,3,25
38650,38650,3,44
38651,38651,3,17
38652,38652,3,42
38653,38653,4,32
38654,38654,4,17
38655,38655,4,27
38656,38656,4,25
38657,38657,5,23
38658,38658,5,29
38659,38659,5,54
38660,38660,5,41
38661,38661,6,40
38662,38662,6,23
38663,38663,6,14
38664,38664,6,28
38665,38665,7,19
38666,38666,7,15
38667,38667,7,26
38668,38668,7,40
38669,38669,8,6
38670,38670,8,17
38671,38671,8,29
38672,38672,8,56
38673,38673,9,63
38674,38674,9,14
38675,38675,9,34
38676,38676,9,24
38677,38677,10,24
38678,38678,10,19
38679,38679,10,33
38680,38680,10,30
38681,38681,11,38
38682,38682,11,19
38683,38683,11,20
38684,38684,11,31
38685,38685,12,32
38686,38686,12,15
38687,38687,12,25
38688,38688,12,29
38689,38689,13,33
38690,38690,13,30
38691,38691,13,15
38692,38692,13,28
38693,38693,14,34
38694,38694,14,22
38695,38695,14,10
38696,38696,14,40
38697,38697,15,46
38698,38698,15,24
38699,38699,15,12
38700,38700,15,14
38701,38701,16,32
38702,38702,16,32
38703,38703,16,14
38704,38704,16,34
38705,38705,17,48
38706,38706,17,12
38707,38707,17,23
38708,38708,17,24
38709,38709,18,26
38710,38710,18,19
38711,38711,18,23
38712,38712,18,39
38713,38713,19,34
38714,38714,19,39
38715,38715,19,24
38716,38716,19,22
38717,38717,20,44
38718,38718,20,28
38719,38719,20,20
38720,38720,20,13
38721,38721,21,41
38722,38722,21,34
38723,38723,21,10
38724,38724,21,21
38725,38725,22,67
38726,38726,22,13
38727,38727,22,14
38728,38728,22,18
38729,38729,23,52
38730,38730,23,28
38731,38731,23,11
38732,38732,23,14
38733,38733,24,24
38734,38734,24,30
38735,38735,24,42
38736,38736,24,26
38737,38737,25,76
38738,38738,25,25
38739,38739,25,33
38740,38740,25,12
38741,38741,26,19
38742,38742,26,15
38743,38743,26,27
38744,38744,26,27
38745,38745,27,38
38746,38746,27,22
38747,38747,27,32
38748,38748,27,15
38749,38749,28,23
38750,38750,28,8
38751,38751,28,22
38752,38752,28,37
38753,38753,29,64
38754,38754,29,17
38755,38755,29,22
38756,38756,29,39
38757,38757,30,19
38758,38758,30,26
38759,38759,30,9
38760,38760,30,40
38761,38761,31,52
38762,38762,31,9
38763,38763,31,14
38764,38764,31,28
38765,38765,32,44
38766,38766,32,26
38767,38767,32,39
38768,38768,32,35
38769,38769,33,29
38770,38770,33,24
38771,38771,33,28
38772,38772,33,37
38773,38773,34,40
38774,38774,34,35
38775,38775,34,22
38776,38776,34,27
38777,38777,35,46
38778,38778,35,24
38779,38779,35,20
38780,38780,35,20
38781,38781,1,25
38782,38782,1,17
38783,38783,1,30
38784,38784,1,18
38785,38785,2,27
38786,38786,2,21
38787,38787,2,24
38788,38788,2,21
38789,38789,3,24
38790,38790,3,35
38791,38791,3,10
38792,38792,3,15
38793,38793,4,26
38794,38794,4,27
38795,38795,4,9
38796,38796,4,22
38797,38797,5,33
38798,38798,5,23
38799,38799,5,14
38800,38800,5,17
38801,38801,6,18
38802,38802,6,21
38803,38803,6,12
38804,38804,6,29
38805,38805,7,40
38806,38806,7,37
38807,38807,7,15
38808,38808,7,10
38809,38809,8,38
38810,38810,8,13
38811,38811,8,13
38812,38812,8,30
38813,38813,9,16
38814,38814,9,30
38815,38815,9,18
38816,38816,9,48
38817,38817,10,40
38818,38818,10,14
38819,38819,10,12
38820,38820,10,28
38821,38821,11,18
38822,38822,11,35
38823,38823,11,16
38824,38824,11,25
38825,38825,12,44
38826,38826,12,15
38827,38827,12,22
38828,38828,12,23
38829,38829,13,41
38830,38830,13,12
38831,38831,13,25
38832,38832,13,18
38833,38833,14,36
38834,38834,14,15
38835,38835,14,16
38836,38836,14,18
38837,38837,15,38
38838,38838,15,15
38839,38839,15,16
38840,38840,15,33
38841,38841,16,23
38842,38842,16,13
38843,38843,16,22
38844,38844,16,16
38845,38845,17,42
38846,38846,17,25
38847,38847,17,7
38848,38848,17,25
38849,38849,18,19
38850,38850,18,33
38851,38851,18,20
38852,38852,18,22
38853,38853,19,30
38854,38854,19,14
38855,38855,19,13
38856,38856,19,16
38857,38857,20,32
38858,38858,20,28
38859,38859,20,23
38860,38860,20,18
38861,38861,21,22
38862,38862,21,14
38863,38863,21,22
38864,38864,21,24
38865,38865,22,21
38866,38866,22,18
38867,38867,22,29
38868,38868,22,11
38869,38869,23,23
38870,38870,23,17
38871,38871,23,14
38872,38872,23,37
38873,38873,24,35
38874,38874,24,17
38875,38875,24,8
38876,38876,24,42
38877,38877,25,25
38878,38878,25,17
38879,38879,25,21
38880,38880,25,26
38881,38881,26,24
38882,38882,26,17
38883,38883,26,19
38884,38884,26,29
38885,38885,27,21
38886,38886,27,22
38887,38887,27,29
38888,38888,27,13
38889,38889,28,21
38890,38890,28,15
38891,38891,28,32
38892,38892,28,26
38893,38893,29,23
38894,38894,29,19
38895,38895,29,22
38896,38896,29,31
38897,38897,30,28
38898,38898,30,26
38899,38899,30,15
38900,38900,30,23
38901,38901,31,31
38902,38902,31,17
38903,38903,31,21
38904,38904,31,22
38905,38905,32,36
38906,38906,32,16
38907,38907,32,43
38908,38908,32,18
38909,38909,33,38
38910,38910,33,9
38911,38911,33,32
38912,38912,33,32
38913,38913,34,13
38914,38914,34,12
38915,38915,34,12
38916,38916,34,29
38917,38917,35,34
38918,38918,35,18
38919,38919,35,16
38920,38920,35,25
38921,38921,1,29
38922,38922,1,18
38923,38923,1,11
38924,38924,1,24
38925,38925,2,21
38926,38926,2,27
38927,38927,2,31
38928,38928,2,28
38929,38929,3,27
38930,38930,3,41
38931,38931,3,26
38932,38932,3,19
38933,38933,4,34
38934,38934,4,17
38935,38935,4,8
38936,38936,4,42
38937,38937,5,39
38938,38938,5,28
38939,38939,5,11
38940,38940,5,23
38941,38941,6,29
38942,38942,6,29
38943,38943,6,21
38944,38944,6,24
38945,38945,7,29
38946,38946,7,27
38947,38947,7,15
38948,38948,7,34
38949,38949,8,38
38950,38950,8,29
38951,38951,8,24
38952,38952,8,37
38953,38953,9,34
38954,38954,9,19
38955,38955,9,23
38956,38956,9,12
38957,38957,10,31
38958,38958,10,29
38959,38959,10,13
38960,38960,10,19
38961,38961,11,21
38962,38962,11,18
38963,38963,11,25
38964,38964,11,36
38965,38965,12,25
38966,38966,12,37
38967,38967,12,11
38968,38968,12,11
38969,38969,13,34
38970,38970,13,32
38971,38971,13,19
38972,38972,13,21
38973,38973,14,23
38974,38974,14,17
38975,38975,14,18
38976,38976,14,25
38977,38977,15,44
38978,38978,15,7
38979,38979,15,22
38980,38980,15,39
38981,38981,16,33
38982,38982,16,24
38983,38983,16,29
38984,38984,16,15
38985,38985,17,28
38986,38986,17,32
38987,38987,17,7
38988,38988,17,23
38989,38989,18,47
38990,38990,18,21
38991,38991,18,18
38992,38992,18,17
38993,38993,19,21
38994,38994,19,24
38995,38995,19,29
38996,38996,19,32
38997,38997,20,33
38998,38998,20,14
38999,38999,20,14
39000,39000,20,29
39001,39001,21,30
39002,39002,21,28
39003,39003,21,16
39004,39004,21,25
39005,39005,22,34
39006,39006,22,21
39007,39007,22,18
39008,39008,22,25
39009,39009,23,22
39010,39010,23,24
39011,39011,23,9
39012,39012,23,24
39013,39013,24,29
39014,39014,24,16
39015,39015,24,20
39016,39016,24,20
39017,39017,25,23
39018,39018,25,20
39019,39019,25,15
39020,39020,25,22
39021,39021,26,40
39022,39022,26,16
39023,39023,26,11
39024,39024,26,22
39025,39025,27,52
39026,39026,27,16
39027,39027,27,37
39028,39028,27,15
39029,39029,28,26
39030,39030,28,15
39031,39031,28,41
39032,39032,28,34
39033,39033,29,64
39034,39034,29,10
39035,39035,29,13
39036,39036,29,21
39037,39037,30,34
39038,39038,30,27
39039,39039,30,21
39040,39040,30,19
39041,39041,31,39
39042,39042,31,34
39043,39043,31,7
39044,39044,31,20
39045,39045,32,30
39046,39046,32,20
39047,39047,32,17
39048,39048,32,28
39049,39049,33,13
39050,39050,33,38
39051,39051,33,10
39052,39052,33,29
39053,39053,34,42
39054,39054,34,11
39055,39055,34,37
39056,39056,34,20
39057,39057,35,29
39058,39058,35,44
39059,39059,35,12
39060,39060,35,14
39061,39061,1,37
39062,39062,1,27
39063,39063,1,28
39064,39064,1,14
39065,39065,2,40
39066,39066,2,19
39067,39067,2,16
39068,39068,2,32
39069,39069,3,30
39070,39070,3,14
39071,39071,3,33
39072,39072,3,15
39073,39073,4,28
39074,39074,4,18
39075,39075,4,20
39076,39076,4,36
39077,39077,5,33
39078,39078,5,31
39079,39079,5,18
39080,39080,5,18
39081,39081,6,23
39082,39082,6,38
39083,39083,6,16
39084,39084,6,33
39085,39085,7,48
39086,39086,7,38
39087,39087,7,16
39088,39088,7,18
39089,39089,8,47
39090,39090,8,20
39091,39091,8,9
39092,39092,8,30
39093,39093,9,35
39094,39094,9,21
39095,39095,9,35
39096,39096,9,33
39097,39097,10,34
39098,39098,10,45
39099,39099,10,18
39100,39100,10,29
39101,39101,11,25
39102,39102,11,41
39103,39103,11,22
39104,39104,11,30
39105,39105,12,45
39106,39106,12,16
39107,39107,12,5
39108,39108,12,29
39109,39109,13,27
39110,39110,13,22
39111,39111,13,20
39112,39112,13,29
39113,39113,14,42
39114,39114,14,52
39115,39115,14,15
39116,39116,14,19
39117,39117,15,35
39118,39118,15,27
39119,39119,15,15
39120,39120,15,40
39121,39121,16,30
39122,39122,16,33
39123,39123,16,11
39124,39124,16,30
39125,39125,17,40
39126,39126,17,18
39127,39127,17,15
39128,39128,17,30
39129,39129,18,23
39130,39130,18,18
39131,39131,18,29
39132,39132,18,19
39133,39133,19,27
39134,39134,19,33
39135,39135,19,17
39136,39136,19,48
39137,39137,20,30
39138,39138,20,31
39139,39139,20,8
39140,39140,20,24
39141,39141,21,26
39142,39142,21,17
39143,39143,21,34
39144,39144,21,37
39145,39145,22,18
39146,39146,22,14
39147,39147,22,30
39148,39148,22,33
39149,39149,23,32
39150,39150,23,16
39151,39151,23,22
39152,39152,23,29
39153,39153,24,38
39154,39154,24,16
39155,39155,24,19
39156,39156,24,18
39157,39157,25,43
39158,39158,25,21
39159,39159,25,17
39160,39160,25,23
39161,39161,26,37
39162,39162,26,31
39163,39163,26,20
39164,39164,26,18
39165,39165,27,24
39166,39166,27,18
39167,39167,27,15
39168,39168,27,22
39169,39169,28,39
39170,39170,28,24
39171,39171,28,32
39172,39172,28,31
39173,39173,29,29
39174,39174,29,30
39175,39175,29,12
39176,39176,29,22
39177,39177,30,32
39178,39178,30,22
39179,39179,30,14
39180,39180,30,25
39181,39181,31,27
39182,39182,31,23
39183,39183,31,9
39184,39184,31,43
39185,39185,32,30
39186,39186,32,21
39187,39187,32,12
39188,39188,32,49
39189,39189,33,22
39190,39190,33,17
39191,39191,33,24
39192,39192,33,49
39193,39193,34,38
39194,39194,34,38
39195,39195,34,9
39196,39196,34,30
39197,39197,35,18
39198,39198,35,49
39199,39199,35,19
39200,39200,35,36
39201,39201,1,39
39202,39202,1,32
39203,39203,1,15
39204,39204,1,35
39205,39205,2,32
39206,39206,2,47
39207,39207,2,15
39208,39208,2,14
39209,39209,3,53
39210,39210,3,15
39211,39211,3,14
39212,39212,3,14
39213,39213,4,29
39214,39214,4,11
39215,39215,4,20
39216,39216,4,20
39217,39217,5,32
39218,39218,5,17
39219,39219,5,33
39220,39220,5,40
39221,39221,6,47
39222,39222,6,36
39223,39223,6,19
39224,39224,6,30
39225,39225,7,40
39226,39226,7,10
39227,39227,7,23
39228,39228,7,33
39229,39229,8,40
39230,39230,8,38
39231,39231,8,16
39232,39232,8,23
39233,39233,9,44
39234,39234,9,21
39235,39235,9,40
39236,39236,9,30
39237,39237,10,34
39238,39238,10,14
39239,39239,10,14
39240,39240,10,35
39241,39241,11,40
39242,39242,11,24
39243,39243,11,10
39244,39244,11,40
39245,39245,12,30
39246,39246,12,28
39247,39247,12,24
39248,39248,12,19
39249,39249,13,26
39250,39250,13,39
39251,39251,13,36
39252,39252,13,28
39253,39253,14,25
39254,39254,14,29
39255,39255,14,18
39256,39256,14,45
39257,39257,15,55
39258,39258,15,34
39259,39259,15,17
39260,39260,15,33
39261,39261,16,18
39262,39262,16,41
39263,39263,16,32
39264,39264,16,27
39265,39265,17,53
39266,39266,17,31
39267,39267,17,25
39268,39268,17,40
39269,39269,18,27
39270,39270,18,12
39271,39271,18,21
39272,39272,18,29
39273,39273,19,17
39274,39274,19,19
39275,39275,19,31
39276,39276,19,44
39277,39277,20,56
39278,39278,20,24
39279,39279,20,11
39280,39280,20,41
39281,39281,21,52
39282,39282,21,31
39283,39283,21,17
39284,39284,21,32
39285,39285,22,29
39286,39286,22,37
39287,39287,22,25
39288,39288,22,26
39289,39289,23,30
39290,39290,23,35
39291,39291,23,12
39292,39292,23,40
39293,39293,24,45
39294,39294,24,32
39295,39295,24,22
39296,39296,24,20
39297,39297,25,51
39298,39298,25,23
39299,39299,25,14
39300,39300,25,31
39301,39301,26,28
39302,39302,26,44
39303,39303,26,18
39304,39304,26,20
39305,39305,27,44
39306,39306,27,30
39307,39307,27,19
39308,39308,27,19
39309,39309,28,38
39310,39310,28,24
39311,39311,28,28
39312,39312,28,13
39313,39313,29,26
39314,39314,29,21
39315,39315,29,43
39316,39316,29,50
39317,39317,30,41
39318,39318,30,36
39319,39319,30,31
39320,39320,30,38
39321,39321,31,41
39322,39322,31,42
39323,39323,31,15
39324,39324,31,33
39325,39325,32,33
39326,39326,32,15
39327,39327,32,7
39328,39328,32,46
39329,39329,33,30
39330,39330,33,37
39331,39331,33,19
39332,39332,33,40
39333,39333,34,46
39334,39334,34,24
39335,39335,34,14
39336,39336,34,35
39337,39337,35,53
39338,39338,35,26
39339,39339,35,17
39340,39340,35,23
39341,39341,1,68
39342,39342,1,11
39343,39343,1,33
39344,39344,1,28
39345,39345,2,35
39346,39346,2,14
39347,39347,2,27
39348,39348,2,35
39349,39349,3,41
39350,39350,3,38
39351,39351,3,15
39352,39352,3,40
39353,39353,4,65
39354,39354,4,22
39355,39355,4,27
39356,39356,4,47
39357,39357,5,46
39358,39358,5,30
39359,39359,5,23
39360,39360,5,36
39361,39361,6,59
39362,39362,6,38
39363,39363,6,15
39364,39364,6,43
39365,39365,7,42
39366,39366,7,49
39367,39367,7,21
39368,39368,7,19
39369,39369,8,29
39370,39370,8,34
39371,39371,8,14
39372,39372,8,39
39373,39373,9,60
39374,39374,9,15
39375,39375,9,27
39376,39376,9,46
39377,39377,10,59
39378,39378,10,15
39379,39379,10,10
39380,39380,10,34
39381,39381,11,56
39382,39382,11,24
39383,39383,11,21
39384,39384,11,35
39385,39385,12,37
39386,39386,12,16
39387,39387,12,27
39388,39388,12,43
39389,39389,13,47
39390,39390,13,27
39391,39391,13,28
39392,39392,13,20
39393,39393,14,29
39394,39394,14,39
39395,39395,14,50
39396,39396,14,23
39397,39397,15,56
39398,39398,15,26
39399,39399,15,32
39400,39400,15,30
39401,39401,16,38
39402,39402,16,36
39403,39403,16,33
39404,39404,16,33
39405,39405,17,33
39406,39406,17,26
39407,39407,17,28
39408,39408,17,34
39409,39409,18,41
39410,39410,18,24
39411,39411,18,20
39412,39412,18,28
39413,39413,19,32
39414,39414,19,23
39415,39415,19,30
39416,39416,19,58
39417,39417,20,43
39418,39418,20,47
39419,39419,20,3
39420,39420,20,39
39421,39421,21,26
39422,39422,21,30
39423,39423,21,10
39424,39424,21,55
39425,39425,22,45
39426,39426,22,22
39427,39427,22,36
39428,39428,22,35
39429,39429,23,30
39430,39430,23,28
39431,39431,23,28
39432,39432,23,34
39433,39433,24,38
39434,39434,24,37
39435,39435,24,20
39436,39436,24,41
39437,39437,25,57
39438,39438,25,24
39439,39439,25,17
39440,39440,25,28
39441,39441,26,36
39442,39442,26,20
39443,39443,26,19
39444,39444,26,32
39445,39445,27,69
39446,39446,27,23
39447,39447,27,19
39448,39448,27,47
39449,39449,28,58
39450,39450,28,29
39451,39451,28,18
39452,39452,28,36
39453,39453,29,26
39454,39454,29,44
39455,39455,29,26
39456,39456,29,33
39457,39457,30,43
39458,39458,30,31
39459,39459,30,43
39460,39460,30,26
39461,39461,31,61
39462,39462,31,33
39463,39463,31,9
39464,39464,31,39
39465,39465,32,37
39466,39466,32,22
39467,39467,32,34
39468,39468,32,58
39469,39469,33,34
39470,39470,33,31
39471,39471,33,28
39472,39472,33,32
39473,39473,34,46
39474,39474,34,21
39475,39475,34,43
39476,39476,34,46
39477,39477,35,33
39478,39478,35,21
39479,39479,35,29
39480,39480,35,52
39481,39481,1,54
39482,39482,1,25
39483,39483,1,12
39484,39484,1,37
39485,39485,2,29
39486,39486,2,46
39487,39487,2,29
39488,39488,2,37
39489,39489,3,37
39490,39490,3,49
39491,39491,3,43
39492,39492,3,24
39493,39493,4,44
39494,39494,4,28
39495,39495,4,15
39496,39496,4,44
39497,39497,5,21
39498,39498,5,25
39499,39499,5,44
39500,39500,5,43
39501,39501,6,43
39502,39502,6,18
39503,39503,6,14
39504,39504,6,26
39505,39505,7,24
39506,39506,7,44
39507,39507,7,26
39508,39508,7,41
39509,39509,8,49
39510,39510,8,24
39511,39511,8,27
39512,39512,8,47
39513,39513,9,69
39514,39514,9,24
39515,39515,9,34
39516,39516,9,31
39517,39517,10,64
39518,39518,10,27
39519,39519,10,29
39520,39520,10,47
39521,39521,11,39
39522,39522,11,30
39523,39523,11,48
39524,39524,11,33
39525,39525,12,53
39526,39526,12,14
39527,39527,12,19
39528,39528,12,36
39529,39529,13,66
39530,39530,13,47
39531,39531,13,18
39532,39532,13,17
39533,39533,14,53
39534,39534,14,18
39535,39535,14,22
39536,39536,14,30
39537,39537,15,71
39538,39538,15,23
39539,39539,15,29
39540,39540,15,47
39541,39541,16,33
39542,39542,16,49
39543,39543,16,18
39544,39544,16,53
39545,39545,17,36
39546,39546,17,44
39547,39547,17,28
39548,39548,17,24
39549,39549,18,16
39550,39550,18,16
39551,39551,18,20
39552,39552,18,57
39553,39553,19,25
39554,39554,19,37
39555,39555,19,42
39556,39556,19,49
39557,39557,20,39
39558,39558,20,24
39559,39559,20,14
39560,39560,20,22
39561,39561,21,51
39562,39562,21,15
39563,39563,21,20
39564,39564,21,22
39565,39565,22,40
39566,39566,22,29
39567,39567,22,17
39568,39568,22,50
39569,39569,23,43
39570,39570,23,34
39571,39571,23,21
39572,39572,23,21
39573,39573,24,41
39574,39574,24,63
39575,39575,24,17
39576,39576,24,33
39577,39577,25,50
39578,39578,25,44
39579,39579,25,21
39580,39580,25,29
39581,39581,26,27
39582,39582,26,36
39583,39583,26,23
39584,39584,26,23
39585,39585,27,46
39586,39586,27,19
39587,39587,27,20
39588,39588,27,17
39589,39589,28,22
39590,39590,28,18
39591,39591,28,13
39592,39592,28,37
39593,39593,29,42
39594,39594,29,31
39595,39595,29,27
39596,39596,29,29
39597,39597,30,38
39598,39598,30,45
39599,39599,30,35
39600,39600,30,29
39601,39601,31,36
39602,39602,31,58
39603,39603,31,28
39604,39604,31,29
39605,39605,32,52
39606,39606,32,22
39607,39607,32,48
39608,39608,32,30
39609,39609,33,62
39610,39610,33,25
39611,39611,33,20
39612,39612,33,51
39613,39613,34,28
39614,39614,34,43
39615,39615,34,24
39616,39616,34,35
39617,39617,35,67
39618,39618,35,21
39619,39619,35,9
39620,39620,35,45
39621,39621,1,36
39622,39622,1,27
39623,39623,1,24
39624,39624,1,15
39625,39625,2,40
39626,39626,2,24
39627,39627,2,44
39628,39628,2,20
39629,39629,3,23
39630,39630,3,32
39631,39631,3,7
39632,39632,3,37
39633,39633,4,28
39634,39634,4,25
39635,39635,4,29
39636,39636,4,28
39637,39637,5,38
39638,39638,5,25
39639,39639,5,24
39640,39640,5,24
39641,39641,6,39
39642,39642,6,14
39643,39643,6,46
39644,39644,6,46
39645,39645,7,63
39646,39646,7,25
39647,39647,7,24
39648,39648,7,29
39649,39649,8,45
39650,39650,8,29
39651,39651,8,27
39652,39652,8,44
39653,39653,9,33
39654,39654,9,28
39655,39655,9,22
39656,39656,9,19
39657,39657,10,58
39658,39658,10,24
39659,39659,10,13
39660,39660,10,28
39661,39661,11,23
39662,39662,11,13
39663,39663,11,23
39664,39664,11,31
39665,39665,12,35
39666,39666,12,27
39667,39667,12,31
39668,39668,12,22
39669,39669,13,32
39670,39670,13,16
39671,39671,13,23
39672,39672,13,19
39673,39673,14,41
39674,39674,14,53
39675,39675,14,27
39676,39676,14,21
39677,39677,15,20
39678,39678,15,38
39679,39679,15,8
39680,39680,15,34
39681,39681,16,23
39682,39682,16,26
39683,39683,16,21
39684,39684,16,25
39685,39685,17,22
39686,39686,17,32
39687,39687,17,23
39688,39688,17,33
39689,39689,18,39
39690,39690,18,22
39691,39691,18,14
39692,39692,18,36
39693,39693,19,19
39694,39694,19,45
39695,39695,19,37
39696,39696,19,23
39697,39697,20,36
39698,39698,20,23
39699,39699,20,21
39700,39700,20,17
39701,39701,21,39
39702,39702,21,10
39703,39703,21,10
39704,39704,21,21
39705,39705,22,46
39706,39706,22,24
39707,39707,22,19
39708,39708,22,19
39709,39709,23,51
39710,39710,23,21
39711,39711,23,21
39712,39712,23,24
39713,39713,24,29
39714,39714,24,25
39715,39715,24,35
39716,39716,24,18
39717,39717,25,20
39718,39718,25,41
39719,39719,25,27
39720,39720,25,30
39721,39721,26,39
39722,39722,26,23
39723,39723,26,5
39724,39724,26,58
39725,39725,27,30
39726,39726,27,32
39727,39727,27,13
39728,39728,27,28
39729,39729,28,31
39730,39730,28,37
39731,39731,28,10
39732,39732,28,31
39733,39733,29,31
39734,39734,29,40
39735,39735,29,24
39736,39736,29,24
39737,39737,30,13
39738,39738,30,25
39739,39739,30,15
39740,39740,30,35
39741,39741,31,26
39742,39742,31,22
39743,39743,31,30
39744,39744,31,26
39745,39745,32,21
39746,39746,32,34
39747,39747,32,23
39748,39748,32,31
39749,39749,33,47
39750,39750,33,23
39751,39751,33,19
39752,39752,33,27
39753,39753,34,36
39754,39754,34,10
39755,39755,34,21
39756,39756,34,48
39757,39757,35,36
39758,39758,35,34
39759,39759,35,24
39760,39760,35,38
39761,39761,1,18
39762,39762,1,31
39763,39763,1,23
39764,39764,1,21
39765,39765,2,31
39766,39766,2,15
39767,39767,2,12
39768,39768,2,24
39769,39769,3,21
39770,39770,3,15
39771,39771,3,20
39772,39772,3,20
39773,39773,4,28
39774,39774,4,28
39775,39775,4,13
39776,39776,4,11
39777,39777,5,11
39778,39778,5,21
39779,39779,5,16
39780,39780,5,32
39781,39781,6,33
39782,39782,6,31
39783,39783,6,9
39784,39784,6,32
39785,39785,7,32
39786,39786,7,16
39787,39787,7,21
39788,39788,7,36
39789,39789,8,33
39790,39790,8,18
39791,39791,8,29
39792,39792,8,20
39793,39793,9,24
39794,39794,9,23
39795,39795,9,16
39796,39796,9,25
39797,39797,10,28
39798,39798,10,21
39799,39799,10,19
39800,39800,10,26
39801,39801,11,26
39802,39802,11,12
39803,39803,11,24
39804,39804,11,15
39805,39805,12,29
39806,39806,12,20
39807,39807,12,6
39808,39808,12,22
39809,39809,13,35
39810,39810,13,13
39811,39811,13,19
39812,39812,13,11
39813,39813,14,28
39814,39814,14,22
39815,39815,14,11
39816,39816,14,18
39817,39817,15,53
39818,39818,15,16
39819,39819,15,17
39820,39820,15,26
39821,39821,16,27
39822,39822,16,26
39823,39823,16,16
39824,39824,16,22
39825,39825,17,21
39826,39826,17,29
39827,39827,17,9
39828,39828,17,35
39829,39829,18,18
39830,39830,18,23
39831,39831,18,11
39832,39832,18,28
39833,39833,19,26
39834,39834,19,12
39835,39835,19,14
39836,39836,19,22
39837,39837,20,27
39838,39838,20,27
39839,39839,20,17
39840,39840,20,18
39841,39841,21,15
39842,39842,21,30
39843,39843,21,12
39844,39844,21,25
39845,39845,22,22
39846,39846,22,21
39847,39847,22,16
39848,39848,22,32
39849,39849,23,32
39850,39850,23,19
39851,39851,23,10
39852,39852,23,29
39853,39853,24,22
39854,39854,24,15
39855,39855,24,15
39856,39856,24,20
39857,39857,25,27
39858,39858,25,22
39859,39859,25,23
39860,39860,25,13
39861,39861,26,30
39862,39862,26,30
39863,39863,26,11
39864,39864,26,41
39865,39865,27,20
39866,39866,27,20
39867,39867,27,26
39868,39868,27,30
39869,39869,28,16
39870,39870,28,42
39871,39871,28,25
39872,39872,28,39
39873,39873,29,16
39874,39874,29,33
39875,39875,29,30
39876,39876,29,24
39877,39877,30,21
39878,39878,30,23
39879,39879,30,15
39880,39880,30,18
39881,39881,31,29
39882,39882,31,41
39883,39883,31,22
39884,39884,31,19
39885,39885,32,24
39886,39886,32,21
39887,39887,32,6
39888,39888,32,29
39889,39889,33,23
39890,39890,33,22
39891,39891,33,17
39892,39892,33,15
39893,39893,34,36
39894,39894,34,21
39895,39895,34,22
39896,39896,34,25
39897,39897,35,24
39898,39898,35,16
39899,39899,35,12
39900,39900,35,33
39901,39901,1,38
39902,39902,1,11
39903,39903,1,11
39904,39904,1,39
39905,39905,2,37
39906,39906,2,16
39907,39907,2,12
39908,39908,2,40
39909,39909,3,32
39910,39910,3,22
39911,39911,3,18
39912,39912,3,26
39913,39913,4,31
39914,39914,4,10
39915,39915,4,20
39916,39916,4,26
39917,39917,5,37
39918,39918,5,15
39919,39919,5,7
39920,39920,5,36
39921,39921,6,20
39922,39922,6,11
39923,39923,6,7
39924,39924,6,56
39925,39925,7,40
39926,39926,7,11
39927,39927,7,35
39928,39928,7,23
39929,39929,8,34
39930,39930,8,30
39931,39931,8,16
39932,39932,8,29
39933,39933,9,32
39934,39934,9,26
39935,39935,9,24
39936,39936,9,18
39937,39937,10,30
39938,39938,10,21
39939,39939,10,17
39940,39940,10,27
39941,39941,11,46
39942,39942,11,25
39943,39943,11,21
39944,39944,11,22
39945,39945,12,23
39946,39946,12,14
39947,39947,12,23
39948,39948,12,26
39949,39949,13,36
39950,39950,13,15
39951,39951,13,17
39952,39952,13,29
39953,39953,14,41
39954,39954,14,30
39955,39955,14,13
39956,39956,14,26
39957,39957,15,37
39958,39958,15,14
39959,39959,15,19
39960,39960,15,13
39961,39961,16,43
39962,39962,16,20
39963,39963,16,12
39964,39964,16,24
39965,39965,17,42
39966,39966,17,26
39967,39967,17,13
39968,39968,17,14
39969,39969,18,23
39970,39970,18,37
39971,39971,18,19
39972,39972,18,45
39973,39973,19,26
39974,39974,19,32
39975,39975,19,41
39976,39976,19,37
39977,39977,20,32
39978,39978,20,8
39979,39979,20,23
39980,39980,20,30
39981,39981,21,28
39982,39982,21,22
39983,39983,21,19
39984,39984,21,27
39985,39985,22,31
39986,39986,22,22
39987,39987,22,11
39988,39988,22,28
39989,39989,23,29
39990,39990,23,29
39991,39991,23,31
39992,39992,23,22
39993,39993,24,17
39994,39994,24,18
39995,39995,24,16
39996,39996,24,34
39997,39997,25,22
39998,39998,25,21
39999,39999,25,19
40000,40000,25,21
40001,40001,26,34
40002,40002,26,24
40003,40003,26,7
40004,40004,26,26
40005,40005,27,18
40006,40006,27,38
40007,40007,27,17
40008,40008,27,19
40009,40009,28,34
40010,40010,28,32
40011,40011,28,19
40012,40012,28,20
40013,40013,29,22
40014,40014,29,27
40015,40015,29,19
40016,40016,29,18
40017,40017,30,18
40018,40018,30,36
40019,40019,30,18
40020,40020,30,26
40021,40021,31,58
40022,40022,31,13
40023,40023,31,6
40024,40024,31,50
40025,40025,32,34
40026,40026,32,37
40027,40027,32,21
40028,40028,32,36
40029,40029,33,15
40030,40030,33,16
40031,40031,33,16
40032,40032,33,54
40033,40033,34,38
40034,40034,34,20
40035,40035,34,15
40036,40036,34,18
40037,40037,35,27
40038,40038,35,11
40039,40039,35,8
40040,40040,35,51
40041,40041,1,35
40042,40042,1,24
40043,40043,1,13
40044,40044,1,33
40045,40045,2,37
40046,40046,2,25
40047,40047,2,8
40048,40048,2,19
40049,40049,3,41
40050,40050,3,22
40051,40051,3,20
40052,40052,3,23
40053,40053,4,29
40054,40054,4,29
40055,40055,4,26
40056,40056,4,55
40057,40057,5,50
40058,40058,5,15
40059,40059,5,24
40060,40060,5,15
40061,40061,6,29
40062,40062,6,30
40063,40063,6,16
40064,40064,6,19
40065,40065,7,18
40066,40066,7,27
40067,40067,7,18
40068,40068,7,31
40069,40069,8,46
40070,40070,8,16
40071,40071,8,18
40072,40072,8,28
40073,40073,9,30
40074,40074,9,22
40075,40075,9,28
40076,40076,9,28
40077,40077,10,38
40078,40078,10,34
40079,40079,10,11
40080,40080,10,15
40081,40081,11,45
40082,40082,11,16
40083,40083,11,14
40084,40084,11,20
40085,40085,12,31
40086,40086,12,29
40087,40087,12,14
40088,40088,12,39
40089,40089,13,32
40090,40090,13,21
40091,40091,13,17
40092,40092,13,26
40093,40093,14,26
40094,40094,14,26
40095,40095,14,26
40096,40096,14,21
40097,40097,15,17
40098,40098,15,10
40099,40099,15,33
40100,40100,15,20
40101,40101,16,37
40102,40102,16,15
40103,40103,16,15
40104,40104,16,30
40105,40105,17,60
40106,40106,17,35
40107,40107,17,27
40108,40108,17,15
40109,40109,18,21
40110,40110,18,17
40111,40111,18,27
40112,40112,18,16
40113,40113,19,30
40114,40114,19,28
40115,40115,19,13
40116,40116,19,28
40117,40117,20,21
40118,40118,20,32
40119,40119,20,10
40120,40120,20,18
40121,40121,21,27
40122,40122,21,36
40123,40123,21,15
40124,40124,21,20
40125,40125,22,50
40126,40126,22,15
40127,40127,22,18
40128,40128,22,20
40129,40129,23,56
40130,40130,23,26
40131,40131,23,8
40132,40132,23,45
40133,40133,24,44
40134,40134,24,30
40135,40135,24,21
40136,40136,24,22
40137,40137,25,40
40138,40138,25,19
40139,40139,25,13
40140,40140,25,15
40141,40141,26,26
40142,40142,26,14
40143,40143,26,19
40144,40144,26,23
40145,40145,27,30
40146,40146,27,39
40147,40147,27,32
40148,40148,27,20
40149,40149,28,38
40150,40150,28,11
40151,40151,28,25
40152,40152,28,20
40153,40153,29,14
40154,40154,29,41
40155,40155,29,26
40156,40156,29,17
40157,40157,30,45
40158,40158,30,18
40159,40159,30,20
40160,40160,30,34
40161,40161,31,31
40162,40162,31,36
40163,40163,31,43
40164,40164,31,24
40165,40165,32,22
40166,40166,32,13
40167,40167,32,28
40168,40168,32,30
40169,40169,33,24
40170,40170,33,30
40171,40171,33,18
40172,40172,33,38
40173,40173,34,48
40174,40174,34,9
40175,40175,34,42
40176,40176,34,13
40177,40177,35,40
40178,40178,35,22
40179,40179,35,22
40180,40180,35,18
40181,40181,1,39
40182,40182,1,25
40183,40183,1,19
40184,40184,1,28
40185,40185,2,42
40186,40186,2,28
40187,40187,2,37
40188,40188,2,27
40189,40189,3,39
40190,40190,3,23
40191,40191,3,24
40192,40192,3,21
40193,40193,4,27
40194,40194,4,25
40195,40195,4,23
40196,40196,4,36
40197,40197,5,24
40198,40198,5,15
40199,40199,5,32
40200,40200,5,24
40201,40201,6,28
40202,40202,6,31
40203,40203,6,30
40204,40204,6,13
40205,40205,7,30
40206,40206,7,24
40207,40207,7,15
40208,40208,7,37
40209,40209,8,26
40210,40210,8,19
40211,40211,8,16
40212,40212,8,29
40213,40213,9,37
40214,40214,9,23
40215,40215,9,21
40216,40216,9,33
40217,40217,10,48
40218,40218,10,26
40219,40219,10,13
40220,40220,10,29
40221,40221,11,27
40222,40222,11,29
40223,40223,11,19
40224,40224,11,36
40225,40225,12,31
40226,40226,12,31
40227,40227,12,24
40228,40228,12,54
40229,40229,13,49
40230,40230,13,40
40231,40231,13,23
40232,40232,13,61
40233,40233,14,43
40234,40234,14,28
40235,40235,14,16
40236,40236,14,51
40237,40237,15,26
40238,40238,15,7
40239,40239,15,23
40240,40240,15,38
40241,40241,16,21
40242,40242,16,28
40243,40243,16,25
40244,40244,16,39
40245,40245,17,31
40246,40246,17,32
40247,40247,17,34
40248,40248,17,37
40249,40249,18,42
40250,40250,18,39
40251,40251,18,34
40252,40252,18,11
40253,40253,19,39
40254,40254,19,51
40255,40255,19,15
40256,40256,19,27
40257,40257,20,28
40258,40258,20,40
40259,40259,20,19
40260,40260,20,21
40261,40261,21,37
40262,40262,21,20
40263,40263,21,26
40264,40264,21,22
40265,40265,22,34
40266,40266,22,34
40267,40267,22,9
40268,40268,22,34
40269,40269,23,68
40270,40270,23,25
40271,40271,23,16
40272,40272,23,34
40273,40273,24,56
40274,40274,24,27
40275,40275,24,8
40276,40276,24,7
40277,40277,25,25
40278,40278,25,40
40279,40279,25,11
40280,40280,25,21
40281,40281,26,54
40282,40282,26,28
40283,40283,26,17
40284,40284,26,33
40285,40285,27,19
40286,40286,27,27
40287,40287,27,47
40288,40288,27,29
40289,40289,28,37
40290,40290,28,18
40291,40291,28,18
40292,40292,28,31
40293,40293,29,26
40294,40294,29,32
40295,40295,29,15
40296,40296,29,16
40297,40297,30,25
40298,40298,30,42
40299,40299,30,17
40300,40300,30,36
40301,40301,31,48
40302,40302,31,27
40303,40303,31,21
40304,40304,31,22
40305,40305,32,34
40306,40306,32,23
40307,40307,32,26
40308,40308,32,41
40309,40309,33,34
40310,40310,33,32
40311,40311,33,22
40312,40312,33,23
40313,40313,34,26
40314,40314,34,32
40315,40315,34,18
40316,40316,34,30
40317,40317,35,49
40318,40318,35,14
40319,40319,35,28
40320,40320,35,15
40321,40321,1,19
40322,40322,1,25
40323,40323,1,34
40324,40324,1,40
40325,40325,2,36
40326,40326,2,28
40327,40327,2,10
40328,40328,2,21
40329,40329,3,45
40330,40330,3,22
40331,40331,3,12
40332,40332,3,22
40333,40333,4,18
40334,40334,4,35
40335,40335,4,35
40336,40336,4,39
40337,40337,5,32
40338,40338,5,34
40339,40339,5,18
40340,40340,5,49
40341,40341,6,36
40342,40342,6,38
40343,40343,6,14
40344,40344,6,40
40345,40345,7,46
40346,40346,7,22
40347,40347,7,13
40348,40348,7,51
40349,40349,8,27
40350,40350,8,18
40351,40351,8,34
40352,40352,8,33
40353,40353,9,41
40354,40354,9,18
40355,40355,9,37
40356,40356,9,29
40357,40357,10,51
40358,40358,10,18
40359,40359,10,11
40360,40360,10,17
40361,40361,11,30
40362,40362,11,43
40363,40363,11,37
40364,40364,11,21
40365,40365,12,50
40366,40366,12,21
40367,40367,12,6
40368,40368,12,35
40369,40369,13,48
40370,40370,13,34
40371,40371,13,23
40372,40372,13,21
40373,40373,14,28
40374,40374,14,36
40375,40375,14,14
40376,40376,14,50
40377,40377,15,32
40378,40378,15,19
40379,40379,15,19
40380,40380,15,39
40381,40381,16,30
40382,40382,16,52
40383,40383,16,15
40384,40384,16,44
40385,40385,17,34
40386,40386,17,13
40387,40387,17,16
40388,40388,17,40
40389,40389,18,52
40390,40390,18,32
40391,40391,18,13
40392,40392,18,45
40393,40393,19,42
40394,40394,19,17
40395,40395,19,30
40396,40396,19,28
40397,40397,20,33
40398,40398,20,33
40399,40399,20,16
40400,40400,20,49
40401,40401,21,23
40402,40402,21,21
40403,40403,21,13
40404,40404,21,69
40405,40405,22,26
40406,40406,22,36
40407,40407,22,10
40408,40408,22,49
40409,40409,23,37
40410,40410,23,33
40411,40411,23,15
40412,40412,23,22
40413,40413,24,49
40414,40414,24,20
40415,40415,24,23
40416,40416,24,28
40417,40417,25,30
40418,40418,25,33
40419,40419,25,36
40420,40420,25,32
40421,40421,26,36
40422,40422,26,10
40423,40423,26,30
40424,40424,26,36
40425,40425,27,15
40426,40426,27,18
40427,40427,27,41
40428,40428,27,21
40429,40429,28,40
40430,40430,28,21
40431,40431,28,10
40432,40432,28,22
40433,40433,29,22
40434,40434,29,30
40435,40435,29,37
40436,40436,29,15
40437,40437,30,30
40438,40438,30,21
40439,40439,30,22
40440,40440,30,45
40441,40441,31,23
40442,40442,31,19
40443,40443,31,33
40444,40444,31,19
40445,40445,32,54
40446,40446,32,19
40447,40447,32,18
40448,40448,32,19
40449,40449,33,37
40450,40450,33,20
40451,40451,33,16
40452,40452,33,32
40453,40453,34,18
40454,40454,34,32
40455,40455,34,19
40456,40456,34,32
40457,40457,35,35
40458,40458,35,19
40459,40459,35,22
40460,40460,35,44
40461,40461,1,46
40462,40462,1,14
40463,40463,1,19
40464,40464,1,35
40465,40465,2,35
40466,40466,2,26
40467,40467,2,23
40468,40468,2,21
40469,40469,3,42
40470,40470,3,29
40471,40471,3,30
40472,40472,3,17
40473,40473,4,39
40474,40474,4,27
40475,40475,4,12
40476,40476,4,35
40477,40477,5,17
40478,40478,5,19
40479,40479,5,10
40480,40480,5,43
40481,40481,6,35
40482,40482,6,13
40483,40483,6,13
40484,40484,6,31
40485,40485,7,30
40486,40486,7,31
40487,40487,7,29
40488,40488,7,24
40489,40489,8,54
40490,40490,8,8
40491,40491,8,44
40492,40492,8,20
40493,40493,9,47
40494,40494,9,13
40495,40495,9,16
40496,40496,9,32
40497,40497,10,27
40498,40498,10,17
40499,40499,10,23
40500,40500,10,21
40501,40501,11,25
40502,40502,11,35
40503,40503,11,16
40504,40504,11,19
40505,40505,12,34
40506,40506,12,19
40507,40507,12,24
40508,40508,12,40
40509,40509,13,22
40510,40510,13,38
40511,40511,13,12
40512,40512,13,21
40513,40513,14,49
40514,40514,14,19
40515,40515,14,27
40516,40516,14,20
40517,40517,15,22
40518,40518,15,21
40519,40519,15,19
40520,40520,15,43
40521,40521,16,29
40522,40522,16,42
40523,40523,16,28
40524,40524,16,16
40525,40525,17,30
40526,40526,17,25
40527,40527,17,24
40528,40528,17,44
40529,40529,18,39
40530,40530,18,22
40531,40531,18,33
40532,40532,18,19
40533,40533,19,57
40534,40534,19,24
40535,40535,19,17
40536,40536,19,28
40537,40537,20,28
40538,40538,20,19
40539,40539,20,35
40540,40540,20,16
40541,40541,21,46
40542,40542,21,27
40543,40543,21,22
40544,40544,21,21
40545,40545,22,69
40546,40546,22,28
40547,40547,22,7
40548,40548,22,17
40549,40549,23,17
40550,40550,23,16
40551,40551,23,27
40552,40552,23,38
40553,40553,24,22
40554,40554,24,21
40555,40555,24,22
40556,40556,24,33
40557,40557,25,26
40558,40558,25,15
40559,40559,25,26
40560,40560,25,67
40561,40561,26,26
40562,40562,26,19
40563,40563,26,23
40564,40564,26,42
40565,40565,27,50
40566,40566,27,37
40567,40567,27,17
40568,40568,27,18
40569,40569,28,38
40570,40570,28,23
40571,40571,28,32
40572,40572,28,45
40573,40573,29,37
40574,40574,29,26
40575,40575,29,19
40576,40576,29,24
40577,40577,30,42
40578,40578,30,21
40579,40579,30,7
40580,40580,30,33
40581,40581,31,31
40582,40582,31,25
40583,40583,31,9
40584,40584,31,26
40585,40585,32,40
40586,40586,32,15
40587,40587,32,28
40588,40588,32,21
40589,40589,33,30
40590,40590,33,15
40591,40591,33,19
40592,40592,33,41
40593,40593,34,38
40594,40594,34,23
40595,40595,34,8
40596,40596,34,23
40597,40597,35,38
40598,40598,35,30
40599,40599,35,21
40600,40600,35,27
40601,40601,1,19
40602,40602,1,15
40603,40603,1,28
40604,40604,1,26
40605,40605,2,34
40606,40606,2,20
40607,40607,2,19
40608,40608,2,14
40609,40609,3,26
40610,40610,3,28
40611,40611,3,17
40612,40612,3,18
40613,40613,4,18
40614,40614,4,12
40615,40615,4,28
40616,40616,4,28
40617,40617,5,35
40618,40618,5,18
40619,40619,5,10
40620,40620,5,28
40621,40621,6,18
40622,40622,6,19
40623,40623,6,27
40624,40624,6,20
40625,40625,7,25
40626,40626,7,16
40627,40627,7,19
40628,40628,7,17
40629,40629,8,17
40630,40630,8,19
40631,40631,8,18
40632,40632,8,27
40633,40633,9,51
40634,40634,9,12
40635,40635,9,10
40636,40636,9,13
40637,40637,10,17
40638,40638,10,20
40639,40639,10,18
40640,40640,10,27
40641,40641,11,45
40642,40642,11,21
40643,40643,11,22
40644,40644,11,20
40645,40645,12,23
40646,40646,12,16
40647,40647,12,22
40648,40648,12,12
40649,40649,13,35
40650,40650,13,25
40651,40651,13,5
40652,40652,13,19
40653,40653,14,27
40654,40654,14,28
40655,40655,14,16
40656,40656,14,17
40657,40657,15,23
40658,40658,15,20
40659,40659,15,13
40660,40660,15,35
40661,40661,16,32
40662,40662,16,23
40663,40663,16,11
40664,40664,16,27
40665,40665,17,25
40666,40666,17,16
40667,40667,17,9
40668,40668,17,35
40669,40669,18,37
40670,40670,18,19
40671,40671,18,15
40672,40672,18,42
40673,40673,19,42
40674,40674,19,9
40675,40675,19,7
40676,40676,19,32
40677,40677,20,22
40678,40678,20,19
40679,40679,20,11
40680,40680,20,31
40681,40681,21,18
40682,40682,21,16
40683,40683,21,12
40684,40684,21,33
40685,40685,22,42
40686,40686,22,14
40687,40687,22,19
40688,40688,22,20
40689,40689,23,32
40690,40690,23,28
40691,40691,23,25
40692,40692,23,20
40693,40693,24,24
40694,40694,24,8
40695,40695,24,29
40696,40696,24,22
40697,40697,25,36
40698,40698,25,12
40699,40699,25,10
40700,40700,25,33
40701,40701,26,14
40702,40702,26,13
40703,40703,26,32
40704,40704,26,16
40705,40705,27,22
40706,40706,27,21
40707,40707,27,21
40708,40708,27,22
40709,40709,28,23
40710,40710,28,16
40711,40711,28,16
40712,40712,28,22
40713,40713,29,16
40714,40714,29,21
40715,40715,29,23
40716,40716,29,14
40717,40717,30,23
40718,40718,30,11
40719,40719,30,11
40720,40720,30,18
40721,40721,31,32
40722,40722,31,12
40723,40723,31,16
40724,40724,31,31
40725,40725,32,23
40726,40726,32,10
40727,40727,32,20
40728,40728,32,41
40729,40729,33,23
40730,40730,33,27
40731,40731,33,17
40732,40732,33,15
40733,40733,34,49
40734,40734,34,28
40735,40735,34,17
40736,40736,34,19
40737,40737,35,23
40738,40738,35,22
40739,40739,35,25
40740,40740,35,13
40741,40741,1,22
40742,40742,1,17
40743,40743,1,12
40744,40744,1,20
40745,40745,2,13
40746,40746,2,9
40747,40747,2,14
40748,40748,2,17
40749,40749,3,13
40750,40750,3,9
40751,40751,3,9
40752,40752,3,36
40753,40753,4,26
40754,40754,4,13
40755,40755,4,8
40756,40756,4,18
40757,40757,5,15
40758,40758,5,9
40759,40759,5,9
40760,40760,5,31
40761,40761,6,10
40762,40762,6,17
40763,40763,6,16
40764,40764,6,16
40765,40765,7,26
40766,40766,7,13
40767,40767,7,17
40768,40768,7,24
40769,40769,8,29
40770,40770,8,9
40771,40771,8,19
40772,40772,8,18
40773,40773,9,26
40774,40774,9,14
40775,40775,9,19
40776,40776,9,19
40777,40777,10,26
40778,40778,10,27
40779,40779,10,11
40780,40780,10,20
40781,40781,11,23
40782,40782,11,21
40783,40783,11,13
40784,40784,11,12
40785,40785,12,13
40786,40786,12,16
40787,40787,12,20
40788,40788,12,10
40789,40789,13,30
40790,40790,13,17
40791,40791,13,14
40792,40792,13,14
40793,40793,14,21
40794,40794,14,17
40795,40795,14,19
40796,40796,14,15
40797,40797,15,28
40798,40798,15,16
40799,40799,15,8
40800,40800,15,32
40801,40801,16,14
40802,40802,16,14
40803,40803,16,9
40804,40804,16,20
40805,40805,17,28
40806,40806,17,13
40807,40807,17,11
40808,40808,17,12
40809,40809,18,31
40810,40810,18,8
40811,40811,18,9
40812,40812,18,15
40813,40813,19,19
40814,40814,19,10
40815,40815,19,15
40816,40816,19,19
40817,40817,20,32
40818,40818,20,16
40819,40819,20,9
40820,40820,20,21
40821,40821,21,27
40822,40822,21,15
40823,40823,21,8
40824,40824,21,27
40825,40825,22,20
40826,40826,22,12
40827,40827,22,18
40828,40828,22,22
40829,40829,23,31
40830,40830,23,21
40831,40831,23,18
40832,40832,23,20
40833,40833,24,15
40834,40834,24,26
40835,40835,24,6
40836,40836,24,27
40837,40837,25,30
40838,40838,25,18
40839,40839,25,15
40840,40840,25,26
40841,40841,26,23
40842,40842,26,12
40843,40843,26,22
40844,40844,26,20
40845,40845,27,28
40846,40846,27,14
40847,40847,27,17
40848,40848,27,16
40849,40849,28,24
40850,40850,28,12
40851,40851,28,30
40852,40852,28,25
40853,40853,29,27
40854,40854,29,12
40855,40855,29,18
40856,40856,29,19
40857,40857,30,22
40858,40858,30,10
40859,40859,30,12
40860,40860,30,13
40861,40861,31,26
40862,40862,31,13
40863,40863,31,17
40864,40864,31,21
40865,40865,32,29
40866,40866,32,18
40867,40867,32,11
40868,40868,32,14
40869,40869,33,21
40870,40870,33,16
40871,40871,33,13
40872,40872,33,26
40873,40873,34,34
40874,40874,34,8
40875,40875,34,7
40876,40876,34,20
40877,40877,35,16
40878,40878,35,14
40879,40879,35,20
40880,40880,35,28
40881,40881,1,22
40882,40882,1,17
40883,40883,1,12
40884,40884,1,24
40885,40885,2,24
40886,40886,2,24
40887,40887,2,10
40888,40888,2,29
40889,40889,3,26
40890,40890,3,12
40891,40891,3,21
40892,40892,3,11
40893,40893,4,22
40894,40894,4,9
40895,40895,4,21
40896,40896,4,16
40897,40897,5,41
40898,40898,5,15
40899,40899,5,11
40900,40900,5,18
40901,40901,6,19
40902,40902,6,22
40903,40903,6,27
40904,40904,6,7
40905,40905,7,22
40906,40906,7,17
40907,40907,7,19
40908,40908,7,19
40909,40909,8,21
40910,40910,8,26
40911,40911,8,31
40912,40912,8,14
40913,40913,9,26
40914,40914,9,18
40915,40915,9,8
40916,40916,9,46
40917,40917,10,14
40918,40918,10,28
40919,40919,10,14
40920,40920,10,32
40921,40921,11,27
40922,40922,11,12
40923,40923,11,16
40924,40924,11,8
40925,40925,12,16
40926,40926,12,9
40927,40927,12,20
40928,40928,12,29
40929,40929,13,21
40930,40930,13,6
40931,40931,13,11
40932,40932,13,28
40933,40933,14,15
40934,40934,14,18
40935,40935,14,13
40936,40936,14,16
40937,40937,15,35
40938,40938,15,15
40939,40939,15,6
40940,40940,15,22
40941,40941,16,18
40942,40942,16,14
40943,40943,16,21
40944,40944,16,25
40945,40945,17,26
40946,40946,17,20
40947,40947,17,11
40948,40948,17,22
40949,40949,18,21
40950,40950,18,18
40951,40951,18,14
40952,40952,18,11
40953,40953,19,24
40954,40954,19,19
40955,40955,19,21
40956,40956,19,13
40957,40957,20,15
40958,40958,20,21
40959,40959,20,16
40960,40960,20,28
40961,40961,21,22
40962,40962,21,9
40963,40963,21,10
40964,40964,21,18
40965,40965,22,33
40966,40966,22,18
40967,40967,22,12
40968,40968,22,19
40969,40969,23,40
40970,40970,23,17
40971,40971,23,8
40972,40972,23,11
40973,40973,24,30
40974,40974,24,18
40975,40975,24,16
40976,40976,24,11
40977,40977,25,31
40978,40978,25,16
40979,40979,25,13
40980,40980,25,34
40981,40981,26,11
40982,40982,26,31
40983,40983,26,4
40984,40984,26,16
40985,40985,27,25
40986,40986,27,16
40987,40987,27,21
40988,40988,27,24
40989,40989,28,28
40990,40990,28,18
40991,40991,28,4
40992,40992,28,16
40993,40993,29,30
40994,40994,29,24
40995,40995,29,10
40996,40996,29,4
40997,40997,30,19
40998,40998,30,23
40999,40999,30,14
41000,41000,30,19
41001,41001,31,18
41002,41002,31,16
41003,41003,31,17
41004,41004,31,20
41005,41005,32,32
41006,41006,32,10
41007,41007,32,8
41008,41008,32,20
41009,41009,33,41
41010,41010,33,15
41011,41011,33,19
41012,41012,33,11
41013,41013,34,13
41014,41014,34,14
41015,41015,34,18
41016,41016,34,18
41017,41017,35,34
41018,41018,35,10
41019,41019,35,15
41020,41020,35,11
41021,41021,1,24
41022,41022,1,20
41023,41023,1,12
41024,41024,1,17
41025,41025,2,11
41026,41026,2,23
41027,41027,2,7
41028,41028,2,20
41029,41029,3,22
41030,41030,3,23
41031,41031,3,10
41032,41032,3,41
41033,41033,4,14
41034,41034,4,16
41035,41035,4,11
41036,41036,4,22
41037,41037,5,22
41038,41038,5,27
41039,41039,5,17
41040,41040,5,18
41041,41041,6,32
41042,41042,6,10
41043,41043,6,19
41044,41044,6,28
41045,41045,7,30
41046,41046,7,18
41047,41047,7,13
41048,41048,7,22
41049,41049,8,16
41050,41050,8,22
41051,41051,8,20
41052,41052,8,32
41053,41053,9,36
41054,41054,9,15
41055,41055,9,14
41056,41056,9,21
41057,41057,10,35
41058,41058,10,12
41059,41059,10,23
41060,41060,10,11
41061,41061,11,11
41062,41062,11,24
41063,41063,11,13
41064,41064,11,16
41065,41065,12,41
41066,41066,12,19
41067,41067,12,5
41068,41068,12,19
41069,41069,13,20
41070,41070,13,19
41071,41071,13,13
41072,41072,13,34
41073,41073,14,21
41074,41074,14,14
41075,41075,14,23
41076,41076,14,20
41077,41077,15,18
41078,41078,15,13
41079,41079,15,32
41080,41080,15,27
41081,41081,16,30
41082,41082,16,27
41083,41083,16,10
41084,41084,16,29
41085,41085,17,36
41086,41086,17,18
41087,41087,17,12
41088,41088,17,22
41089,41089,18,13
41090,41090,18,20
41091,41091,18,9
41092,41092,18,28
41093,41093,19,16
41094,41094,19,21
41095,41095,19,10
41096,41096,19,21
41097,41097,20,53
41098,41098,20,11
41099,41099,20,10
41100,41100,20,13
41101,41101,21,25
41102,41102,21,23
41103,41103,21,18
41104,41104,21,22
41105,41105,22,21
41106,41106,22,20
41107,41107,22,13
41108,41108,22,19
41109,41109,23,25
41110,41110,23,25
41111,41111,23,21
41112,41112,23,30
41113,41113,24,31
41114,41114,24,8
41115,41115,24,7
41116,41116,24,15
41117,41117,25,23
41118,41118,25,21
41119,41119,25,14
41120,41120,25,29
41121,41121,26,25
41122,41122,26,24
41123,41123,26,26
41124,41124,26,17
41125,41125,27,26
41126,41126,27,18
41127,41127,27,13
41128,41128,27,31
41129,41129,28,34
41130,41130,28,6
41131,41131,28,16
41132,41132,28,21
41133,41133,29,40
41134,41134,29,21
41135,41135,29,10
41136,41136,29,35
41137,41137,30,17
41138,41138,30,33
41139,41139,30,9
41140,41140,30,29
41141,41141,31,34
41142,41142,31,21
41143,41143,31,9
41144,41144,31,17
41145,41145,32,21
41146,41146,32,30
41147,41147,32,14
41148,41148,32,16
41149,41149,33,16
41150,41150,33,18
41151,41151,33,13
41152,41152,33,22
41153,41153,34,13
41154,41154,34,26
41155,41155,34,11
41156,41156,34,29
41157,41157,35,36
41158,41158,35,22
41159,41159,35,10
41160,41160,35,25
41161,41161,1,34
41162,41162,1,9
41163,41163,1,13
41164,41164,1,24
41165,41165,2,22
41166,41166,2,33
41167,41167,2,12
41168,41168,2,16
41169,41169,3,41
41170,41170,3,18
41171,41171,3,38
41172,41172,3,8
41173,41173,4,39
41174,41174,4,17
41175,41175,4,10
41176,41176,4,39
41177,41177,5,28
41178,41178,5,27
41179,41179,5,18
41180,41180,5,11
41181,41181,6,19
41182,41182,6,28
41183,41183,6,19
41184,41184,6,34
41185,41185,7,36
41186,41186,7,29
41187,41187,7,11
41188,41188,7,29
41189,41189,8,29
41190,41190,8,27
41191,41191,8,12
41192,41192,8,21
41193,41193,9,26
41194,41194,9,39
41195,41195,9,17
41196,41196,9,20
41197,41197,10,16
41198,41198,10,31
41199,41199,10,13
41200,41200,10,45
41201,41201,11,22
41202,41202,11,28
41203,41203,11,12
41204,41204,11,45
41205,41205,12,32
41206,41206,12,13
41207,41207,12,23
41208,41208,12,29
41209,41209,13,40
41210,41210,13,18
41211,41211,13,12
41212,41212,13,22
41213,41213,14,43
41214,41214,14,25
41215,41215,14,20
41216,41216,14,15
41217,41217,15,25
41218,41218,15,15
41219,41219,15,30
41220,41220,15,34
41221,41221,16,37
41222,41222,16,9
41223,41223,16,11
41224,41224,16,22
41225,41225,17,14
41226,41226,17,16
41227,41227,17,9
41228,41228,17,42
41229,41229,18,43
41230,41230,18,12
41231,41231,18,23
41232,41232,18,27
41233,41233,19,25
41234,41234,19,20
41235,41235,19,21
41236,41236,19,34
41237,41237,20,37
41238,41238,20,11
41239,41239,20,12
41240,41240,20,17
41241,41241,21,26
41242,41242,21,27
41243,41243,21,27
41244,41244,21,38
41245,41245,22,42
41246,41246,22,14
41247,41247,22,19
41248,41248,22,15
41249,41249,23,33
41250,41250,23,28
41251,41251,23,10
41252,41252,23,21
41253,41253,24,37
41254,41254,24,14
41255,41255,24,16
41256,41256,24,30
41257,41257,25,26
41258,41258,25,11
41259,41259,25,15
41260,41260,25,42
41261,41261,26,36
41262,41262,26,25
41263,41263,26,24
41264,41264,26,11
41265,41265,27,32
41266,41266,27,25
41267,41267,27,14
41268,41268,27,14
41269,41269,28,36
41270,41270,28,31
41271,41271,28,18
41272,41272,28,8
41273,41273,29,29
41274,41274,29,29
41275,41275,29,24
41276,41276,29,36
41277,41277,30,37
41278,41278,30,21
41279,41279,30,17
41280,41280,30,14
41281,41281,31,35
41282,41282,31,19
41283,41283,31,14
41284,41284,31,26
41285,41285,32,33
41286,41286,32,12
41287,41287,32,14
41288,41288,32,38
41289,41289,33,36
41290,41290,33,21
41291,41291,33,12
41292,41292,33,23
41293,41293,34,21
41294,41294,34,33
41295,41295,34,14
41296,41296,34,17
41297,41297,35,30
41298,41298,35,53
41299,41299,35,12
41300,41300,35,16
41301,41301,1,26
41302,41302,1,25
41303,41303,1,12
41304,41304,1,56
41305,41305,2,38
41306,41306,2,15
41307,41307,2,17
41308,41308,2,15
41309,41309,3,41
41310,41310,3,25
41311,41311,3,32
41312,41312,3,22
41313,41313,4,24
41314,41314,4,21
41315,41315,4,29
41316,41316,4,27
41317,41317,5,44
41318,41318,5,14
41319,41319,5,21
41320,41320,5,18
41321,41321,6,43
41322,41322,6,18
41323,41323,6,26
41324,41324,6,28
41325,41325,7,22
41326,41326,7,14
41327,41327,7,27
41328,41328,7,50
41329,41329,8,28
41330,41330,8,21
41331,41331,8,22
41332,41332,8,15
41333,41333,9,52
41334,41334,9,24
41335,41335,9,15
41336,41336,9,20
41337,41337,10,16
41338,41338,10,23
41339,41339,10,20
41340,41340,10,37
41341,41341,11,35
41342,41342,11,12
41343,41343,11,17
41344,41344,11,30
41345,41345,12,53
41346,41346,12,29
41347,41347,12,14
41348,41348,12,17
41349,41349,13,49
41350,41350,13,22
41351,41351,13,20
41352,41352,13,35
41353,41353,14,28
41354,41354,14,25
41355,41355,14,16
41356,41356,14,21
41357,41357,15,28
41358,41358,15,19
41359,41359,15,14
41360,41360,15,35
41361,41361,16,54
41362,41362,16,16
41363,41363,16,12
41364,41364,16,30
41365,41365,17,24
41366,41366,17,21
41367,41367,17,16
41368,41368,17,22
41369,41369,18,32
41370,41370,18,17
41371,41371,18,18
41372,41372,18,33
41373,41373,19,57
41374,41374,19,24
41375,41375,19,18
41376,41376,19,27
41377,41377,20,49
41378,41378,20,11
41379,41379,20,14
41380,41380,20,59
41381,41381,21,21
41382,41382,21,15
41383,41383,21,28
41384,41384,21,20
41385,41385,22,26
41386,41386,22,19
41387,41387,22,17
41388,41388,22,20
41389,41389,23,26
41390,41390,23,32
41391,41391,23,13
41392,41392,23,38
41393,41393,24,40
41394,41394,24,21
41395,41395,24,38
41396,41396,24,7
41397,41397,25,26
41398,41398,25,53
41399,41399,25,15
41400,41400,25,27
41401,41401,26,33
41402,41402,26,37
41403,41403,26,10
41404,41404,26,18
41405,41405,27,8
41406,41406,27,43
41407,41407,27,29
41408,41408,27,28
41409,41409,28,39
41410,41410,28,41
41411,41411,28,16
41412,41412,28,27
41413,41413,29,25
41414,41414,29,15
41415,41415,29,10
41416,41416,29,46
41417,41417,30,30
41418,41418,30,15
41419,41419,30,20
41420,41420,30,15
41421,41421,31,20
41422,41422,31,16
41423,41423,31,34
41424,41424,31,36
41425,41425,32,20
41426,41426,32,28
41427,41427,32,14
41428,41428,32,38
41429,41429,33,21
41430,41430,33,20
41431,41431,33,27
41432,41432,33,16
41433,41433,34,30
41434,41434,34,8
41435,41435,34,23
41436,41436,34,32
41437,41437,35,45
41438,41438,35,30
41439,41439,35,6
41440,41440,35,25
41441,41441,1,30
41442,41442,1,26
41443,41443,1,24
41444,41444,1,27
41445,41445,2,42
41446,41446,2,20
41447,41447,2,11
41448,41448,2,14
41449,41449,3,32
41450,41450,3,27
41451,41451,3,9
41452,41452,3,36
41453,41453,4,26
41454,41454,4,18
41455,41455,4,15
41456,41456,4,33
41457,41457,5,27
41458,41458,5,36
41459,41459,5,24
41460,41460,5,29
41461,41461,6,27
41462,41462,6,32
41463,41463,6,12
41464,41464,6,26
41465,41465,7,14
41466,41466,7,14
41467,41467,7,11
41468,41468,7,51
41469,41469,8,34
41470,41470,8,25
41471,41471,8,27
41472,41472,8,10
41473,41473,9,21
41474,41474,9,30
41475,41475,9,32
41476,41476,9,29
41477,41477,10,24
41478,41478,10,22
41479,41479,10,16
41480,41480,10,30
41481,41481,11,38
41482,41482,11,25
41483,41483,11,14
41484,41484,11,24
41485,41485,12,25
41486,41486,12,28
41487,41487,12,14
41488,41488,12,50
41489,41489,13,50
41490,41490,13,14
41491,41491,13,14
41492,41492,13,23
41493,41493,14,34
41494,41494,14,17
41495,41495,14,19
41496,41496,14,21
41497,41497,15,55
41498,41498,15,17
41499,41499,15,35
41500,41500,15,14
41501,41501,16,36
41502,41502,16,23
41503,41503,16,5
41504,41504,16,35
41505,41505,17,24
41506,41506,17,35
41507,41507,17,9
41508,41508,17,37
41509,41509,18,12
41510,41510,18,29
41511,41511,18,14
41512,41512,18,51
41513,41513,19,20
41514,41514,19,45
41515,41515,19,18
41516,41516,19,28
41517,41517,20,65
41518,41518,20,23
41519,41519,20,18
41520,41520,20,12
41521,41521,21,50
41522,41522,21,25
41523,41523,21,26
41524,41524,21,23
41525,41525,22,24
41526,41526,22,43
41527,41527,22,22
41528,41528,22,27
41529,41529,23,35
41530,41530,23,18
41531,41531,23,17
41532,41532,23,37
41533,41533,24,31
41534,41534,24,17
41535,41535,24,22
41536,41536,24,32
41537,41537,25,22
41538,41538,25,19
41539,41539,25,21
41540,41540,25,18
41541,41541,26,31
41542,41542,26,17
41543,41543,26,22
41544,41544,26,19
41545,41545,27,25
41546,41546,27,21
41547,41547,27,26
41548,41548,27,19
41549,41549,28,11
41550,41550,28,28
41551,41551,28,36
41552,41552,28,43
41553,41553,29,37
41554,41554,29,22
41555,41555,29,15
41556,41556,29,32
41557,41557,30,35
41558,41558,30,26
41559,41559,30,17
41560,41560,30,34
41561,41561,31,33
41562,41562,31,15
41563,41563,31,17
41564,41564,31,37
41565,41565,32,24
41566,41566,32,34
41567,41567,32,14
41568,41568,32,50
41569,41569,33,23
41570,41570,33,15
41571,41571,33,20
41572,41572,33,36
41573,41573,34,26
41574,41574,34,21
41575,41575,34,21
41576,41576,34,26
41577,41577,35,48
41578,41578,35,31
41579,41579,35,9
41580,41580,35,10
41581,41581,1,24
41582,41582,1,16
41583,41583,1,17
41584,41584,1,23
41585,41585,2,43
41586,41586,2,23
41587,41587,2,11
41588,41588,2,14
41589,41589,3,33
41590,41590,3,19
41591,41591,3,14
41592,41592,3,21
41593,41593,4,35
41594,41594,4,20
41595,41595,4,11
41596,41596,4,21
41597,41597,5,23
41598,41598,5,19
41599,41599,5,11
41600,41600,5,10
41601,41601,6,28
41602,41602,6,28
41603,41603,6,19
41604,41604,6,28
41605,41605,7,34
41606,41606,7,30
41607,41607,7,23
41608,41608,7,20
41609,41609,8,33
41610,41610,8,17
41611,41611,8,24
41612,41612,8,16
41613,41613,9,19
41614,41614,9,31
41615,41615,9,14
41616,41616,9,39
41617,41617,10,20
41618,41618,10,34
41619,41619,10,11
41620,41620,10,25
41621,41621,11,29
41622,41622,11,17
41623,41623,11,14
41624,41624,11,25
41625,41625,12,27
41626,41626,12,17
41627,41627,12,17
41628,41628,12,18
41629,41629,13,34
41630,41630,13,24
41631,41631,13,20
41632,41632,13,20
41633,41633,14,28
41634,41634,14,12
41635,41635,14,10
41636,41636,14,17
41637,41637,15,21
41638,41638,15,33
41639,41639,15,20
41640,41640,15,13
41641,41641,16,29
41642,41642,16,28
41643,41643,16,15
41644,41644,16,39
41645,41645,17,16
41646,41646,17,10
41647,41647,17,34
41648,41648,17,26
41649,41649,18,35
41650,41650,18,26
41651,41651,18,10
41652,41652,18,17
41653,41653,19,22
41654,41654,19,26
41655,41655,19,21
41656,41656,19,20
41657,41657,20,27
41658,41658,20,21
41659,41659,20,14
41660,41660,20,9
41661,41661,21,33
41662,41662,21,23
41663,41663,21,9
41664,41664,21,28
41665,41665,22,16
41666,41666,22,20
41667,41667,22,11
41668,41668,22,21
41669,41669,23,41
41670,41670,23,26
41671,41671,23,12
41672,41672,23,11
41673,41673,24,46
41674,41674,24,24
41675,41675,24,14
41676,41676,24,29
41677,41677,25,30
41678,41678,25,25
41679,41679,25,16
41680,41680,25,38
41681,41681,26,39
41682,41682,26,30
41683,41683,26,16
41684,41684,26,22
41685,41685,27,40
41686,41686,27,26
41687,41687,27,18
41688,41688,27,16
41689,41689,28,35
41690,41690,28,17
41691,41691,28,11
41692,41692,28,27
41693,41693,29,14
41694,41694,29,24
41695,41695,29,15
41696,41696,29,17
41697,41697,30,52
41698,41698,30,24
41699,41699,30,7
41700,41700,30,14
41701,41701,31,15
41702,41702,31,26
41703,41703,31,15
41704,41704,31,28
41705,41705,32,50
41706,41706,32,10
41707,41707,32,18
41708,41708,32,28
41709,41709,33,19
41710,41710,33,17
41711,41711,33,15
41712,41712,33,43
41713,41713,34,29
41714,41714,34,24
41715,41715,34,16
41716,41716,34,27
41717,41717,35,25
41718,41718,35,11
41719,41719,35,17
41720,41720,35,17
41721,41721,1,19
41722,41722,1,25
41723,41723,1,13
41724,41724,1,21
41725,41725,2,30
41726,41726,2,14
41727,41727,2,13
41728,41728,2,11
41729,41729,3,13
41730,41730,3,13
41731,41731,3,11
41732,41732,3,20
41733,41733,4,34
41734,41734,4,16
41735,41735,4,14
41736,41736,4,10
41737,41737,5,18
41738,41738,5,28
41739,41739,5,15
41740,41740,5,15
41741,41741,6,34
41742,41742,6,16
41743,41743,6,19
41744,41744,6,22
41745,41745,7,22
41746,41746,7,9
41747,41747,7,5
41748,41748,7,19
41749,41749,8,21
41750,41750,8,14
41751,41751,8,22
41752,41752,8,22
41753,41753,9,23
41754,41754,9,8
41755,41755,9,23
41756,41756,9,23
41757,41757,10,17
41758,41758,10,25
41759,41759,10,17
41760,41760,10,15
41761,41761,11,27
41762,41762,11,17
41763,41763,11,7
41764,41764,11,18
41765,41765,12,16
41766,41766,12,21
41767,41767,12,10
41768,41768,12,19
41769,41769,13,28
41770,41770,13,22
41771,41771,13,12
41772,41772,13,23
41773,41773,14,26
41774,41774,14,27
41775,41775,14,11
41776,41776,14,17
41777,41777,15,16
41778,41778,15,12
41779,41779,15,15
41780,41780,15,28
41781,41781,16,34
41782,41782,16,12
41783,41783,16,6
41784,41784,16,14
41785,41785,17,47
41786,41786,17,20
41787,41787,17,12
41788,41788,17,9
41789,41789,18,26
41790,41790,18,28
41791,41791,18,23
41792,41792,18,17
41793,41793,19,15
41794,41794,19,18
41795,41795,19,11
41796,41796,19,30
41797,41797,20,22
41798,41798,20,25
41799,41799,20,16
41800,41800,20,24
41801,41801,21,36
41802,41802,21,8
41803,41803,21,10
41804,41804,21,19
41805,41805,22,28
41806,41806,22,26
41807,41807,22,15
41808,41808,22,20
41809,41809,23,43
41810,41810,23,13
41811,41811,23,20
41812,41812,23,8
41813,41813,24,30
41814,41814,24,23
41815,41815,24,29
41816,41816,24,17
41817,41817,25,30
41818,41818,25,11
41819,41819,25,15
41820,41820,25,22
41821,41821,26,26
41822,41822,26,14
41823,41823,26,11
41824,41824,26,13
41825,41825,27,14
41826,41826,27,19
41827,41827,27,12
41828,41828,27,17
41829,41829,28,19
41830,41830,28,11
41831,41831,28,14
41832,41832,28,24
41833,41833,29,23
41834,41834,29,16
41835,41835,29,20
41836,41836,29,13
41837,41837,30,12
41838,41838,30,17
41839,41839,30,30
41840,41840,30,17
41841,41841,31,14
41842,41842,31,16
41843,41843,31,17
41844,41844,31,10
41845,41845,32,18
41846,41846,32,15
41847,41847,32,11
41848,41848,32,17
41849,41849,33,9
41850,41850,33,13
41851,41851,33,9
41852,41852,33,17
41853,41853,34,14
41854,41854,34,37
41855,41855,34,13
41856,41856,34,14
41857,41857,35,24
41858,41858,35,5
41859,41859,35,11
41860,41860,35,26
41861,41861,1,35
41862,41862,1,12
41863,41863,1,11
41864,41864,1,14
41865,41865,2,51
41866,41866,2,10
41867,41867,2,16
41868,41868,2,10
41869,41869,3,28
41870,41870,3,15
41871,41871,3,26
41872,41872,3,10
41873,41873,4,18
41874,41874,4,11
41875,41875,4,8
41876,41876,4,28
41877,41877,5,30
41878,41878,5,14
41879,41879,5,7
41880,41880,5,35
41881,41881,6,39
41882,41882,6,4
41883,41883,6,13
41884,41884,6,20
41885,41885,7,14
41886,41886,7,14
41887,41887,7,17
41888,41888,7,29
41889,41889,8,13
41890,41890,8,28
41891,41891,8,15
41892,41892,8,29
41893,41893,9,28
41894,41894,9,14
41895,41895,9,18
41896,41896,9,15
41897,41897,10,28
41898,41898,10,34
41899,41899,10,8
41900,41900,10,7
41901,41901,11,24
41902,41902,11,21
41903,41903,11,18
41904,41904,11,12
41905,41905,12,29
41906,41906,12,10
41907,41907,12,7
41908,41908,12,18
41909,41909,13,15
41910,41910,13,25
41911,41911,13,8
41912,41912,13,12
41913,41913,14,22
41914,41914,14,20
41915,41915,14,13
41916,41916,14,30
41917,41917,15,24
41918,41918,15,12
41919,41919,15,24
41920,41920,15,22
41921,41921,16,22
41922,41922,16,22
41923,41923,16,8
41924,41924,16,17
41925,41925,17,20
41926,41926,17,12
41927,41927,17,16
41928,41928,17,31
41929,41929,18,32
41930,41930,18,30
41931,41931,18,14
41932,41932,18,7
41933,41933,19,40
41934,41934,19,14
41935,41935,19,9
41936,41936,19,24
41937,41937,20,31
41938,41938,20,9
41939,41939,20,13
41940,41940,20,18
41941,41941,21,21
41942,41942,21,23
41943,41943,21,20
41944,41944,21,31
41945,41945,22,34
41946,41946,22,15
41947,41947,22,17
41948,41948,22,15
41949,41949,23,22
41950,41950,23,18
41951,41951,23,9
41952,41952,23,33
41953,41953,24,20
41954,41954,24,13
41955,41955,24,16
41956,41956,24,34
41957,41957,25,19
41958,41958,25,15
41959,41959,25,11
41960,41960,25,16
41961,41961,26,40
41962,41962,26,25
41963,41963,26,9
41964,41964,26,21
41965,41965,27,20
41966,41966,27,20
41967,41967,27,16
41968,41968,27,16
41969,41969,28,28
41970,41970,28,24
41971,41971,28,11
41972,41972,28,20
41973,41973,29,16
41974,41974,29,25
41975,41975,29,15
41976,41976,29,19
41977,41977,30,21
41978,41978,30,27
41979,41979,30,14
41980,41980,30,23
41981,41981,31,15
41982,41982,31,15
41983,41983,31,31
41984,41984,31,13
41985,41985,32,38
41986,41986,32,10
41987,41987,32,4
41988,41988,32,24
41989,41989,33,30
41990,41990,33,20
41991,41991,33,9
41992,41992,33,17
41993,41993,34,20
41994,41994,34,14
41995,41995,34,12
41996,41996,34,22
41997,41997,35,14
41998,41998,35,15
41999,41999,35,13
42000,42000,35,24
42001,42001,1,37
42002,42002,1,10
42003,42003,1,10
42004,42004,1,31
42005,42005,2,37
42006,42006,2,13
42007,42007,2,14
42008,42008,2,23
42009,42009,3,29
42010,42010,3,12
42011,42011,3,24
42012,42012,3,18
42013,42013,4,37
42014,42014,4,20
42015,42015,4,13
42016,42016,4,20
42017,42017,5,20
42018,42018,5,25
42019,42019,5,17
42020,42020,5,15
42021,42021,6,39
42022,42022,6,25
42023,42023,6,9
42024,42024,6,16
42025,42025,7,36
42026,42026,7,14
42027,42027,7,1
42028,42028,7,31
42029,42029,8,26
42030,42030,8,15
42031,42031,8,13
42032,42032,8,12
42033,42033,9,28
42034,42034,9,15
42035,42035,9,27
42036,42036,9,20
42037,42037,10,32
42038,42038,10,15
42039,42039,10,12
42040,42040,10,28
42041,42041,11,25
42042,42042,11,42
42043,42043,11,17
42044,42044,11,18
42045,42045,12,30
42046,42046,12,23
42047,42047,12,17
42048,42048,12,19
42049,42049,13,19
42050,42050,13,38
42051,42051,13,7
42052,42052,13,27
42053,42053,14,14
42054,42054,14,22
42055,42055,14,13
42056,42056,14,25
42057,42057,15,29
42058,42058,15,22
42059,42059,15,15
42060,42060,15,11
42061,42061,16,29
42062,42062,16,9
42063,42063,16,15
42064,42064,16,29
42065,42065,17,24
42066,42066,17,20
42067,42067,17,7
42068,42068,17,15
42069,42069,18,34
42070,42070,18,14
42071,42071,18,5
42072,42072,18,20
42073,42073,19,32
42074,42074,19,18
42075,42075,19,13
42076,42076,19,41
42077,42077,20,24
42078,42078,20,20
42079,42079,20,17
42080,42080,20,27
42081,42081,21,28
42082,42082,21,23
42083,42083,21,10
42084,42084,21,23
42085,42085,22,18
42086,42086,22,13
42087,42087,22,11
42088,42088,22,22
42089,42089,23,21
42090,42090,23,12
42091,42091,23,23
42092,42092,23,14
42093,42093,24,19
42094,42094,24,9
42095,42095,24,15
42096,42096,24,25
42097,42097,25,13
42098,42098,25,20
42099,42099,25,6
42100,42100,25,36
42101,42101,26,25
42102,42102,26,19
42103,42103,26,19
42104,42104,26,32
42105,42105,27,34
42106,42106,27,14
42107,42107,27,8
42108,42108,27,31
42109,42109,28,21
42110,42110,28,19
42111,42111,28,30
42112,42112,28,18
42113,42113,29,20
42114,42114,29,19
42115,42115,29,14
42116,42116,29,20
42117,42117,30,32
42118,42118,30,22
42119,42119,30,4
42120,42120,30,27
42121,42121,31,11
42122,42122,31,25
42123,42123,31,21
42124,42124,31,39
42125,42125,32,30
42126,42126,32,12
42127,42127,32,21
42128,42128,32,11
42129,42129,33,31
42130,42130,33,18
42131,42131,33,11
42132,42132,33,24
42133,42133,34,19
42134,42134,34,38
42135,42135,34,26
42136,42136,34,17
42137,42137,35,16
42138,42138,35,10
42139,42139,35,16
42140,42140,35,29
42141,42141,1,26
42142,42142,1,28
42143,42143,1,10
42144,42144,1,49
42145,42145,2,24
42146,42146,2,21
42147,42147,2,14
42148,42148,2,28
42149,42149,3,25
42150,42150,3,18
42151,42151,3,22
42152,42152,3,24
42153,42153,4,23
42154,42154,4,20
42155,42155,4,13
42156,42156,4,28
42157,42157,5,15
42158,42158,5,28
42159,42159,5,19
42160,42160,5,16
42161,42161,6,40
42162,42162,6,11
42163,42163,6,15
42164,42164,6,32
42165,42165,7,41
42166,42166,7,18
42167,42167,7,11
42168,42168,7,15
42169,42169,8,19
42170,42170,8,32
42171,42171,8,28
42172,42172,8,16
42173,42173,9,19
42174,42174,9,22
42175,42175,9,28
42176,42176,9,16
42177,42177,10,30
42178,42178,10,14
42179,42179,10,22
42180,42180,10,29
42181,42181,11,18
42182,42182,11,32
42183,42183,11,17
42184,42184,11,16
42185,42185,12,34
42186,42186,12,22
42187,42187,12,14
42188,42188,12,37
42189,42189,13,45
42190,42190,13,14
42191,42191,13,19
42192,42192,13,31
42193,42193,14,22
42194,42194,14,9
42195,42195,14,12
42196,42196,14,27
42197,42197,15,39
42198,42198,15,24
42199,42199,15,9
42200,42200,15,40
42201,42201,16,27
42202,42202,16,33
42203,42203,16,4
42204,42204,16,20
42205,42205,17,28
42206,42206,17,31
42207,42207,17,21
42208,42208,17,24
42209,42209,18,16
42210,42210,18,21
42211,42211,18,24
42212,42212,18,38
42213,42213,19,48
42214,42214,19,29
42215,42215,19,10
42216,42216,19,20
42217,42217,20,20
42218,42218,20,40
42219,42219,20,33
42220,42220,20,24
42221,42221,21,22
42222,42222,21,18
42223,42223,21,17
42224,42224,21,32
42225,42225,22,46
42226,42226,22,22
42227,42227,22,22
42228,42228,22,10
42229,42229,23,13
42230,42230,23,25
42231,42231,23,14
42232,42232,23,31
42233,42233,24,35
42234,42234,24,14
42235,42235,24,13
42236,42236,24,28
42237,42237,25,37
42238,42238,25,10
42239,42239,25,18
42240,42240,25,16
42241,42241,26,27
42242,42242,26,16
42243,42243,26,15
42244,42244,26,37
42245,42245,27,26
42246,42246,27,25
42247,42247,27,12
42248,42248,27,27
42249,42249,28,21
42250,42250,28,26
42251,42251,28,25
42252,42252,28,30
42253,42253,29,26
42254,42254,29,20
42255,42255,29,22
42256,42256,29,12
42257,42257,30,44
42258,42258,30,17
42259,42259,30,19
42260,42260,30,19
42261,42261,31,39
42262,42262,31,18
42263,42263,31,13
42264,42264,31,31
42265,42265,32,21
42266,42266,32,50
42267,42267,32,21
42268,42268,32,22
42269,42269,33,31
42270,42270,33,13
42271,42271,33,16
42272,42272,33,26
42273,42273,34,26
42274,42274,34,30
42275,42275,34,16
42276,42276,34,34
42277,42277,35,39
42278,42278,35,29
42279,42279,35,17
42280,42280,35,19
42281,42281,1,38
42282,42282,1,12
42283,42283,1,15
42284,42284,1,29
42285,42285,2,30
42286,42286,2,10
42287,42287,2,29
42288,42288,2,40
42289,42289,3,20
42290,42290,3,11
42291,42291,3,9
42292,42292,3,44
42293,42293,4,41
42294,42294,4,19
42295,42295,4,26
42296,42296,4,29
42297,42297,5,40
42298,42298,5,31
42299,42299,5,8
42300,42300,5,28
42301,42301,6,48
42302,42302,6,28
42303,42303,6,16
42304,42304,6,27
42305,42305,7,20
42306,42306,7,29
42307,42307,7,14
42308,42308,7,34
42309,42309,8,31
42310,42310,8,16
42311,42311,8,25
42312,42312,8,19
42313,42313,9,31
42314,42314,9,22
42315,42315,9,17
42316,42316,9,46
42317,42317,10,28
42318,42318,10,36
42319,42319,10,22
42320,42320,10,29
42321,42321,11,16
42322,42322,11,25
42323,42323,11,19
42324,42324,11,35
42325,42325,12,38
42326,42326,12,18
42327,42327,12,14
42328,42328,12,23
42329,42329,13,72
42330,42330,13,31
42331,42331,13,15
42332,42332,13,16
42333,42333,14,34
42334,42334,14,12
42335,42335,14,25
42336,42336,14,11
42337,42337,15,31
42338,42338,15,34
42339,42339,15,8
42340,42340,15,25
42341,42341,16,39
42342,42342,16,17
42343,42343,16,21
42344,42344,16,13
42345,42345,17,32
42346,42346,17,37
42347,42347,17,8
42348,42348,17,20
42349,42349,18,38
42350,42350,18,23
42351,42351,18,25
42352,42352,18,26
42353,42353,19,36
42354,42354,19,35
42355,42355,19,25
42356,42356,19,19
42357,42357,20,27
42358,42358,20,24
42359,42359,20,16
42360,42360,20,30
42361,42361,21,27
42362,42362,21,29
42363,42363,21,27
42364,42364,21,21
42365,42365,22,23
42366,42366,22,28
42367,42367,22,10
42368,42368,22,22
42369,42369,23,40
42370,42370,23,23
42371,42371,23,9
42372,42372,23,41
42373,42373,24,31
42374,42374,24,16
42375,42375,24,10
42376,42376,24,24
42377,42377,25,35
42378,42378,25,23
42379,42379,25,16
42380,42380,25,46
42381,42381,26,40
42382,42382,26,22
42383,42383,26,20
42384,42384,26,39
42385,42385,27,34
42386,42386,27,23
42387,42387,27,19
42388,42388,27,34
42389,42389,28,35
42390,42390,28,13
42391,42391,28,11
42392,42392,28,19
42393,42393,29,36
42394,42394,29,31
42395,42395,29,15
42396,42396,29,31
42397,42397,30,24
42398,42398,30,29
42399,42399,30,20
42400,42400,30,20
42401,42401,31,40
42402,42402,31,24
42403,42403,31,20
42404,42404,31,29
42405,42405,32,28
42406,42406,32,16
42407,42407,32,11
42408,42408,32,33
42409,42409,33,38
42410,42410,33,29
42411,42411,33,20
42412,42412,33,19
42413,42413,34,44
42414,42414,34,30
42415,42415,34,7
42416,42416,34,23
42417,42417,35,46
42418,42418,35,22
42419,42419,35,17
42420,42420,35,61
42421,42421,1,34
42422,42422,1,20
42423,42423,1,22
42424,42424,1,20
42425,42425,2,25
42426,42426,2,16
42427,42427,2,15
42428,42428,2,37
42429,42429,3,32
42430,42430,3,17
42431,42431,3,32
42432,42432,3,6
42433,42433,4,31
42434,42434,4,17
42435,42435,4,12
42436,42436,4,31
42437,42437,5,40
42438,42438,5,27
42439,42439,5,20
42440,42440,5,39
42441,42441,6,28
42442,42442,6,33
42443,42443,6,29
42444,42444,6,25
42445,42445,7,37
42446,42446,7,17
42447,42447,7,17
42448,42448,7,26
42449,42449,8,27
42450,42450,8,10
42451,42451,8,33
42452,42452,8,50
42453,42453,9,44
42454,42454,9,32
42455,42455,9,10
42456,42456,9,27
42457,42457,10,25
42458,42458,10,34
42459,42459,10,29
42460,42460,10,19
42461,42461,11,36
42462,42462,11,12
42463,42463,11,19
42464,42464,11,25
42465,42465,12,30
42466,42466,12,16
42467,42467,12,13
42468,42468,12,39
42469,42469,13,22
42470,42470,13,58
42471,42471,13,16
42472,42472,13,24
42473,42473,14,29
42474,42474,14,33
42475,42475,14,11
42476,42476,14,20
42477,42477,15,36
42478,42478,15,13
42479,42479,15,25
42480,42480,15,28
42481,42481,16,26
42482,42482,16,25
42483,42483,16,31
42484,42484,16,17
42485,42485,17,42
42486,42486,17,3
42487,42487,17,13
42488,42488,17,41
42489,42489,18,38
42490,42490,18,26
42491,42491,18,32
42492,42492,18,27
42493,42493,19,25
42494,42494,19,33
42495,42495,19,23
42496,42496,19,32
42497,42497,20,16
42498,42498,20,32
42499,42499,20,20
42500,42500,20,51
42501,42501,21,24
42502,42502,21,27
42503,42503,21,21
42504,42504,21,23
42505,42505,22,34
42506,42506,22,22
42507,42507,22,20
42508,42508,22,18
42509,42509,23,37
42510,42510,23,13
42511,42511,23,28
42512,42512,23,42
42513,42513,24,25
42514,42514,24,25
42515,42515,24,16
42516,42516,24,40
42517,42517,25,30
42518,42518,25,24
42519,42519,25,34
42520,42520,25,12
42521,42521,26,43
42522,42522,26,31
42523,42523,26,15
42524,42524,26,22
42525,42525,27,37
42526,42526,27,53
42527,42527,27,18
42528,42528,27,20
42529,42529,28,37
42530,42530,28,21
42531,42531,28,11
42532,42532,28,33
42533,42533,29,33
42534,42534,29,28
42535,42535,29,15
42536,42536,29,24
42537,42537,30,25
42538,42538,30,26
42539,42539,30,22
42540,42540,30,27
42541,42541,31,35
42542,42542,31,30
42543,42543,31,19
42544,42544,31,32
42545,42545,32,18
42546,42546,32,41
42547,42547,32,39
42548,42548,32,35
42549,42549,33,33
42550,42550,33,33
42551,42551,33,14
42552,42552,33,42
42553,42553,34,39
42554,42554,34,12
42555,42555,34,23
42556,42556,34,45
42557,42557,35,21
42558,42558,35,34
42559,42559,35,23
42560,42560,35,26
42561,42561,1,21
42562,42562,1,16
42563,42563,1,12
42564,42564,1,20
42565,42565,2,30
42566,42566,2,18
42567,42567,2,11
42568,42568,2,13
42569,42569,3,32
42570,42570,3,16
42571,42571,3,33
42572,42572,3,25
42573,42573,4,22
42574,42574,4,9
42575,42575,4,20
42576,42576,4,19
42577,42577,5,40
42578,42578,5,15
42579,42579,5,17
42580,42580,5,41
42581,42581,6,30
42582,42582,6,23
42583,42583,6,13
42584,42584,6,23
42585,42585,7,12
42586,42586,7,19
42587,42587,7,35
42588,42588,7,27
42589,42589,8,43
42590,42590,8,38
42591,42591,8,6
42592,42592,8,31
42593,42593,9,27
42594,42594,9,18
42595,42595,9,16
42596,42596,9,20
42597,42597,10,34
42598,42598,10,15
42599,42599,10,24
42600,42600,10,15
42601,42601,11,27
42602,42602,11,14
42603,42603,11,23
42604,42604,11,13
42605,42605,12,39
42606,42606,12,19
42607,42607,12,17
42608,42608,12,28
42609,42609,13,17
42610,42610,13,35
42611,42611,13,17
42612,42612,13,14
42613,42613,14,31
42614,42614,14,22
42615,42615,14,14
42616,42616,14,39
42617,42617,15,37
42618,42618,15,26
42619,42619,15,25
42620,42620,15,8
42621,42621,16,9
42622,42622,16,16
42623,42623,16,23
42624,42624,16,15
42625,42625,17,23
42626,42626,17,19
42627,42627,17,13
42628,42628,17,17
42629,42629,18,41
42630,42630,18,30
42631,42631,18,18
42632,42632,18,24
42633,42633,19,19
42634,42634,19,22
42635,42635,19,18
42636,42636,19,29
42637,42637,20,24
42638,42638,20,19
42639,42639,20,21
42640,42640,20,45
42641,42641,21,22
42642,42642,21,23
42643,42643,21,20
42644,42644,21,22
42645,42645,22,25
42646,42646,22,8
42647,42647,22,16
42648,42648,22,25
42649,42649,23,32
42650,42650,23,17
42651,42651,23,18
42652,42652,23,15
42653,42653,24,28
42654,42654,24,10
42655,42655,24,25
42656,42656,24,18
42657,42657,25,33
42658,42658,25,16
42659,42659,25,29
42660,42660,25,11
42661,42661,26,36
42662,42662,26,13
42663,42663,26,15
42664,42664,26,20
42665,42665,27,40
42666,42666,27,25
42667,42667,27,11
42668,42668,27,18
42669,42669,28,23
42670,42670,28,21
42671,42671,28,21
42672,42672,28,30
42673,42673,29,12
42674,42674,29,22
42675,42675,29,20
42676,42676,29,18
42677,42677,30,14
42678,42678,30,19
42679,42679,30,18
42680,42680,30,21
42681,42681,31,35
42682,42682,31,14
42683,42683,31,17
42684,42684,31,25
42685,42685,32,19
42686,42686,32,21
42687,42687,32,11
42688,42688,32,33
42689,42689,33,14
42690,42690,33,13
42691,42691,33,16
42692,42692,33,29
42693,42693,34,22
42694,42694,34,19
42695,42695,34,5
42696,42696,34,30
42697,42697,35,38
42698,42698,35,15
42699,42699,35,24
42700,42700,35,17
42701,42701,1,16
42702,42702,1,18
42703,42703,1,17
42704,42704,1,34
42705,42705,2,25
42706,42706,2,11
42707,42707,2,19
42708,42708,2,24
42709,42709,3,22
42710,42710,3,10
42711,42711,3,13
42712,42712,3,19
42713,42713,4,21
42714,42714,4,17
42715,42715,4,16
42716,42716,4,11
42717,42717,5,21
42718,42718,5,26
42719,42719,5,13
42720,42720,5,19
42721,42721,6,24
42722,42722,6,14
42723,42723,6,10
42724,42724,6,32
42725,42725,7,19
42726,42726,7,15
42727,42727,7,12
42728,42728,7,14
42729,42729,8,24
42730,42730,8,20
42731,42731,8,9
42732,42732,8,22
42733,42733,9,27
42734,42734,9,10
42735,42735,9,21
42736,42736,9,17
42737,42737,10,31
42738,42738,10,14
42739,42739,10,9
42740,42740,10,11
42741,42741,11,16
42742,42742,11,16
42743,42743,11,18
42744,42744,11,17
42745,42745,12,20
42746,42746,12,24
42747,42747,12,11
42748,42748,12,19
42749,42749,13,24
42750,42750,13,17
42751,42751,13,12
42752,42752,13,11
42753,42753,14,17
42754,42754,14,35
42755,42755,14,15
42756,42756,14,23
42757,42757,15,37
42758,42758,15,23
42759,42759,15,12
42760,42760,15,8
42761,42761,16,25
42762,42762,16,22
42763,42763,16,11
42764,42764,16,17
42765,42765,17,22
42766,42766,17,12
42767,42767,17,10
42768,42768,17,28
42769,42769,18,16
42770,42770,18,14
42771,42771,18,10
42772,42772,18,24
42773,42773,19,15
42774,42774,19,18
42775,42775,19,12
42776,42776,19,48
42777,42777,20,35
42778,42778,20,19
42779,42779,20,12
42780,42780,20,15
42781,42781,21,19
42782,42782,21,12
42783,42783,21,15
42784,42784,21,14
42785,42785,22,25
42786,42786,22,17
42787,42787,22,8
42788,42788,22,25
42789,42789,23,14
42790,42790,23,17
42791,42791,23,17
42792,42792,23,18
42793,42793,24,26
42794,42794,24,9
42795,42795,24,20
42796,42796,24,16
42797,42797,25,32
42798,42798,25,29
42799,42799,25,2
42800,42800,25,14
42801,42801,26,12
42802,42802,26,31
42803,42803,26,22
42804,42804,26,16
42805,42805,27,21
42806,42806,27,15
42807,42807,27,9
42808,42808,27,35
42809,42809,28,31
42810,42810,28,15
42811,42811,28,12
42812,42812,28,23
42813,42813,29,37
42814,42814,29,22
42815,42815,29,8
42816,42816,29,13
42817,42817,30,34
42818,42818,30,12
42819,42819,30,22
42820,42820,30,19
42821,42821,31,25
42822,42822,31,10
42823,42823,31,17
42824,42824,31,16
42825,42825,32,21
42826,42826,32,21
42827,42827,32,14
42828,42828,32,26
42829,42829,33,16
42830,42830,33,33
42831,42831,33,9
42832,42832,33,17
42833,42833,34,30
42834,42834,34,16
42835,42835,34,17
42836,42836,34,10
42837,42837,35,7
42838,42838,35,29
42839,42839,35,8
42840,42840,35,25
42841,42841,1,16
42842,42842,1,14
42843,42843,1,12
42844,42844,1,18
42845,42845,2,14
42846,42846,2,16
42847,42847,2,7
42848,42848,2,24
42849,42849,3,32
42850,42850,3,7
42851,42851,3,11
42852,42852,3,25
42853,42853,4,27
42854,42854,4,28
42855,42855,4,24
42856,42856,4,18
42857,42857,5,24
42858,42858,5,10
42859,42859,5,14
42860,42860,5,20
42861,42861,6,14
42862,42862,6,8
42863,42863,6,14
42864,42864,6,25
42865,42865,7,24
42866,42866,7,25
42867,42867,7,6
42868,42868,7,8
42869,42869,8,20
42870,42870,8,18
42871,42871,8,14
42872,42872,8,32
42873,42873,9,32
42874,42874,9,19
42875,42875,9,8
42876,42876,9,12
42877,42877,10,19
42878,42878,10,19
42879,42879,10,13
42880,42880,10,15
42881,42881,11,18
42882,42882,11,5
42883,42883,11,15
42884,42884,11,21
42885,42885,12,21
42886,42886,12,16
42887,42887,12,12
42888,42888,12,19
42889,42889,13,36
42890,42890,13,6
42891,42891,13,10
42892,42892,13,22
42893,42893,14,15
42894,42894,14,20
42895,42895,14,13
42896,42896,14,16
42897,42897,15,43
42898,42898,15,13
42899,42899,15,18
42900,42900,15,12
42901,42901,16,27
42902,42902,16,18
42903,42903,16,5
42904,42904,16,14
42905,42905,17,26
42906,42906,17,11
42907,42907,17,13
42908,42908,17,30
42909,42909,18,23
42910,42910,18,22
42911,42911,18,13
42912,42912,18,21
42913,42913,19,29
42914,42914,19,22
42915,42915,19,15
42916,42916,19,15
42917,42917,20,29
42918,42918,20,22
42919,42919,20,8
42920,42920,20,16
42921,42921,21,25
42922,42922,21,11
42923,42923,21,28
42924,42924,21,17
42925,42925,22,29
42926,42926,22,15
42927,42927,22,25
42928,42928,22,21
42929,42929,23,22
42930,42930,23,22
42931,42931,23,10
42932,42932,23,34
42933,42933,24,26
42934,42934,24,11
42935,42935,24,18
42936,42936,24,12
42937,42937,25,29
42938,42938,25,10
42939,42939,25,30
42940,42940,25,20
42941,42941,26,24
42942,42942,26,15
42943,42943,26,14
42944,42944,26,13
42945,42945,27,44
42946,42946,27,12
42947,42947,27,16
42948,42948,27,28
42949,42949,28,27
42950,42950,28,8
42951,42951,28,16
42952,42952,28,22
42953,42953,29,36
42954,42954,29,3
42955,42955,29,12
42956,42956,29,20
42957,42957,30,13
42958,42958,30,20
42959,42959,30,13
42960,42960,30,27
42961,42961,31,18
42962,42962,31,27
42963,42963,31,26
42964,42964,31,10
42965,42965,32,26
42966,42966,32,16
42967,42967,32,24
42968,42968,32,10
42969,42969,33,16
42970,42970,33,13
42971,42971,33,13
42972,42972,33,24
42973,42973,34,32
42974,42974,34,24
42975,42975,34,13
42976,42976,34,9
42977,42977,35,12
42978,42978,35,7
42979,42979,35,20
42980,42980,35,35
42981,42981,1,37
42982,42982,1,6
42983,42983,1,8
42984,42984,1,23
42985,42985,2,38
42986,42986,2,21
42987,42987,2,7
42988,42988,2,34
42989,42989,3,31
42990,42990,3,23
42991,42991,3,21
42992,42992,3,29
42993,42993,4,41
42994,42994,4,17
42995,42995,4,14
42996,42996,4,25
42997,42997,5,31
42998,42998,5,19
42999,42999,5,17
43000,43000,5,5
43001,43001,6,26
43002,43002,6,13
43003,43003,6,13
43004,43004,6,24
43005,43005,7,41
43006,43006,7,19
43007,43007,7,14
43008,43008,7,23
43009,43009,8,30
43010,43010,8,4
43011,43011,8,6
43012,43012,8,29
43013,43013,9,13
43014,43014,9,22
43015,43015,9,35
43016,43016,9,29
43017,43017,10,35
43018,43018,10,14
43019,43019,10,9
43020,43020,10,18
43021,43021,11,13
43022,43022,11,15
43023,43023,11,15
43024,43024,11,28
43025,43025,12,27
43026,43026,12,13
43027,43027,12,15
43028,43028,12,40
43029,43029,13,34
43030,43030,13,20
43031,43031,13,13
43032,43032,13,25
43033,43033,14,41
43034,43034,14,15
43035,43035,14,10
43036,43036,14,20
43037,43037,15,33
43038,43038,15,15
43039,43039,15,21
43040,43040,15,28
43041,43041,16,35
43042,43042,16,28
43043,43043,16,13
43044,43044,16,34
43045,43045,17,30
43046,43046,17,18
43047,43047,17,6
43048,43048,17,33
43049,43049,18,20
43050,43050,18,22
43051,43051,18,8
43052,43052,18,25
43053,43053,19,24
43054,43054,19,25
43055,43055,19,17
43056,43056,19,16
43057,43057,20,18
43058,43058,20,18
43059,43059,20,21
43060,43060,20,30
43061,43061,21,22
43062,43062,21,32
43063,43063,21,19
43064,43064,21,19
43065,43065,22,34
43066,43066,22,17
43067,43067,22,12
43068,43068,22,22
43069,43069,23,16
43070,43070,23,10
43071,43071,23,22
43072,43072,23,20
43073,43073,24,22
43074,43074,24,20
43075,43075,24,24
43076,43076,24,30
43077,43077,25,15
43078,43078,25,24
43079,43079,25,17
43080,43080,25,19
43081,43081,26,30
43082,43082,26,7
43083,43083,26,7
43084,43084,26,16
43085,43085,27,29
43086,43086,27,23
43087,43087,27,15
43088,43088,27,15
43089,43089,28,35
43090,43090,28,21
43091,43091,28,22
43092,43092,28,13
43093,43093,29,15
43094,43094,29,18
43095,43095,29,11
43096,43096,29,23
43097,43097,30,26
43098,43098,30,21
43099,43099,30,10
43100,43100,30,21
43101,43101,31,22
43102,43102,31,24
43103,43103,31,15
43104,43104,31,21
43105,43105,32,23
43106,43106,32,22
43107,43107,32,21
43108,43108,32,21
43109,43109,33,6
43110,43110,33,31
43111,43111,33,11
43112,43112,33,28
43113,43113,34,26
43114,43114,34,20
43115,43115,34,23
43116,43116,34,21
43117,43117,35,36
43118,43118,35,13
43119,43119,35,19
43120,43120,35,24
43121,43121,1,24
43122,43122,1,29
43123,43123,1,7
43124,43124,1,18
43125,43125,2,39
43126,43126,2,13
43127,43127,2,25
43128,43128,2,27
43129,43129,3,24
43130,43130,3,15
43131,43131,3,10
43132,43132,3,37
43133,43133,4,23
43134,43134,4,21
43135,43135,4,15
43136,43136,4,18
43137,43137,5,50
43138,43138,5,28
43139,43139,5,8
43140,43140,5,21
43141,43141,6,31
43142,43142,6,14
43143,43143,6,9
43144,43144,6,23
43145,43145,7,39
43146,43146,7,14
43147,43147,7,21
43148,43148,7,30
43149,43149,8,24
43150,43150,8,24
43151,43151,8,12
43152,43152,8,27
43153,43153,9,35
43154,43154,9,15
43155,43155,9,12
43156,43156,9,25
43157,43157,10,34
43158,43158,10,30
43159,43159,10,29
43160,43160,10,11
43161,43161,11,37
43162,43162,11,18
43163,43163,11,22
43164,43164,11,25
43165,43165,12,55
43166,43166,12,17
43167,43167,12,13
43168,43168,12,8
43169,43169,13,26
43170,43170,13,18
43171,43171,13,31
43172,43172,13,15
43173,43173,14,31
43174,43174,14,21
43175,43175,14,14
43176,43176,14,39
43177,43177,15,24
43178,43178,15,16
43179,43179,15,32
43180,43180,15,42
43181,43181,16,19
43182,43182,16,27
43183,43183,16,10
43184,43184,16,16
43185,43185,17,22
43186,43186,17,18
43187,43187,17,15
43188,43188,17,33
43189,43189,18,35
43190,43190,18,17
43191,43191,18,21
43192,43192,18,36
43193,43193,19,26
43194,43194,19,19
43195,43195,19,16
43196,43196,19,31
43197,43197,20,48
43198,43198,20,25
43199,43199,20,21
43200,43200,20,28
43201,43201,21,38
43202,43202,21,19
43203,43203,21,8
43204,43204,21,28
43205,43205,22,28
43206,43206,22,28
43207,43207,22,19
43208,43208,22,35
43209,43209,23,34
43210,43210,23,18
43211,43211,23,26
43212,43212,23,23
43213,43213,24,32
43214,43214,24,13
43215,43215,24,32
43216,43216,24,21
43217,43217,25,28
43218,43218,25,13
43219,43219,25,11
43220,43220,25,30
43221,43221,26,31
43222,43222,26,20
43223,43223,26,10
43224,43224,26,13
43225,43225,27,31
43226,43226,27,15
43227,43227,27,8
43228,43228,27,39
43229,43229,28,20
43230,43230,28,13
43231,43231,28,23
43232,43232,28,20
43233,43233,29,25
43234,43234,29,11
43235,43235,29,19
43236,43236,29,21
43237,43237,30,22
43238,43238,30,25
43239,43239,30,15
43240,43240,30,29
43241,43241,31,19
43242,43242,31,29
43243,43243,31,11
43244,43244,31,29
43245,43245,32,25
43246,43246,32,16
43247,43247,32,26
43248,43248,32,18
43249,43249,33,28
43250,43250,33,23
43251,43251,33,26
43252,43252,33,29
43253,43253,34,19
43254,43254,34,20
43255,43255,34,15
43256,43256,34,31
43257,43257,35,45
43258,43258,35,14
43259,43259,35,20
43260,43260,35,26
43261,43261,1,39
43262,43262,1,41
43263,43263,1,7
43264,43264,1,36
43265,43265,2,34
43266,43266,2,16
43267,43267,2,19
43268,43268,2,41
43269,43269,3,18
43270,43270,3,19
43271,43271,3,17
43272,43272,3,33
43273,43273,4,34
43274,43274,4,31
43275,43275,4,24
43276,43276,4,16
43277,43277,5,40
43278,43278,5,26
43279,43279,5,20
43280,43280,5,20
43281,43281,6,22
43282,43282,6,11
43283,43283,6,29
43284,43284,6,34
43285,43285,7,17
43286,43286,7,16
43287,43287,7,39
43288,43288,7,33
43289,43289,8,43
43290,43290,8,16
43291,43291,8,41
43292,43292,8,35
43293,43293,9,68
43294,43294,9,11
43295,43295,9,20
43296,43296,9,26
43297,43297,10,39
43298,43298,10,13
43299,43299,10,31
43300,43300,10,35
43301,43301,11,26
43302,43302,11,23
43303,43303,11,16
43304,43304,11,60
43305,43305,12,42
43306,43306,12,30
43307,43307,12,21
43308,43308,12,13
43309,43309,13,47
43310,43310,13,12
43311,43311,13,24
43312,43312,13,33
43313,43313,14,25
43314,43314,14,33
43315,43315,14,8
43316,43316,14,20
43317,43317,15,30
43318,43318,15,28
43319,43319,15,23
43320,43320,15,22
43321,43321,16,36
43322,43322,16,8
43323,43323,16,27
43324,43324,16,37
43325,43325,17,30
43326,43326,17,17
43327,43327,17,15
43328,43328,17,40
43329,43329,18,34
43330,43330,18,19
43331,43331,18,36
43332,43332,18,17
43333,43333,19,32
43334,43334,19,34
43335,43335,19,26
43336,43336,19,30
43337,43337,20,38
43338,43338,20,17
43339,43339,20,14
43340,43340,20,46
43341,43341,21,36
43342,43342,21,15
43343,43343,21,24
43344,43344,21,22
43345,43345,22,19
43346,43346,22,14
43347,43347,22,62
43348,43348,22,36
43349,43349,23,21
43350,43350,23,22
43351,43351,23,27
43352,43352,23,44
43353,43353,24,43
43354,43354,24,23
43355,43355,24,20
43356,43356,24,26
43357,43357,25,28
43358,43358,25,21
43359,43359,25,18
43360,43360,25,41
43361,43361,26,41
43362,43362,26,19
43363,43363,26,15
43364,43364,26,28
43365,43365,27,43
43366,43366,27,14
43367,43367,27,38
43368,43368,27,17
43369,43369,28,49
43370,43370,28,27
43371,43371,28,20
43372,43372,28,19
43373,43373,29,35
43374,43374,29,28
43375,43375,29,13
43376,43376,29,37
43377,43377,30,18
43378,43378,30,16
43379,43379,30,16
43380,43380,30,20
43381,43381,31,16
43382,43382,31,37
43383,43383,31,19
43384,43384,31,27
43385,43385,32,25
43386,43386,32,39
43387,43387,32,5
43388,43388,32,26
43389,43389,33,39
43390,43390,33,25
43391,43391,33,45
43392,43392,33,26
43393,43393,34,27
43394,43394,34,28
43395,43395,34,18
43396,43396,34,28
43397,43397,35,20
43398,43398,35,36
43399,43399,35,8
43400,43400,35,24
43401,43401,1,52
43402,43402,1,14
43403,43403,1,13
43404,43404,1,27
43405,43405,2,31
43406,43406,2,30
43407,43407,2,22
43408,43408,2,22
43409,43409,3,24
43410,43410,3,39
43411,43411,3,15
43412,43412,3,19
43413,43413,4,21
43414,43414,4,7
43415,43415,4,22
43416,43416,4,59
43417,43417,5,40
43418,43418,5,15
43419,43419,5,37
43420,43420,5,49
43421,43421,6,39
43422,43422,6,25
43423,43423,6,20
43424,43424,6,44
43425,43425,7,40
43426,43426,7,37
43427,43427,7,18
43428,43428,7,21
43429,43429,8,20
43430,43430,8,27
43431,43431,8,21
43432,43432,8,32
43433,43433,9,34
43434,43434,9,18
43435,43435,9,17
43436,43436,9,32
43437,43437,10,42
43438,43438,10,13
43439,43439,10,24
43440,43440,10,32
43441,43441,11,31
43442,43442,11,15
43443,43443,11,18
43444,43444,11,24
43445,43445,12,36
43446,43446,12,38
43447,43447,12,31
43448,43448,12,33
43449,43449,13,29
43450,43450,13,13
43451,43451,13,30
43452,43452,13,46
43453,43453,14,24
43454,43454,14,18
43455,43455,14,29
43456,43456,14,33
43457,43457,15,20
43458,43458,15,27
43459,43459,15,20
43460,43460,15,35
43461,43461,16,51
43462,43462,16,12
43463,43463,16,25
43464,43464,16,31
43465,43465,17,27
43466,43466,17,30
43467,43467,17,42
43468,43468,17,29
43469,43469,18,22
43470,43470,18,14
43471,43471,18,28
43472,43472,18,30
43473,43473,19,10
43474,43474,19,17
43475,43475,19,43
43476,43476,19,41
43477,43477,20,43
43478,43478,20,21
43479,43479,20,22
43480,43480,20,23
43481,43481,21,58
43482,43482,21,18
43483,43483,21,13
43484,43484,21,35
43485,43485,22,34
43486,43486,22,20
43487,43487,22,19
43488,43488,22,9
43489,43489,23,35
43490,43490,23,26
43491,43491,23,17
43492,43492,23,36
43493,43493,24,42
43494,43494,24,25
43495,43495,24,9
43496,43496,24,19
43497,43497,25,34
43498,43498,25,16
43499,43499,25,27
43500,43500,25,39
43501,43501,26,40
43502,43502,26,13
43503,43503,26,26
43504,43504,26,27
43505,43505,27,23
43506,43506,27,26
43507,43507,27,10
43508,43508,27,33
43509,43509,28,16
43510,43510,28,37
43511,43511,28,14
43512,43512,28,25
43513,43513,29,33
43514,43514,29,20
43515,43515,29,11
43516,43516,29,29
43517,43517,30,33
43518,43518,30,24
43519,43519,30,24
43520,43520,30,29
43521,43521,31,30
43522,43522,31,18
43523,43523,31,12
43524,43524,31,42
43525,43525,32,43
43526,43526,32,30
43527,43527,32,22
43528,43528,32,26
43529,43529,33,25
43530,43530,33,22
43531,43531,33,17
43532,43532,33,31
43533,43533,34,46
43534,43534,34,19
43535,43535,34,10
43536,43536,34,32
43537,43537,35,45
43538,43538,35,17
43539,43539,35,6
43540,43540,35,44
43541,43541,1,40
43542,43542,1,15
43543,43543,1,15
43544,43544,1,23
43545,43545,2,32
43546,43546,2,29
43547,43547,2,9
43548,43548,2,18
43549,43549,3,31
43550,43550,3,19
43551,43551,3,23
43552,43552,3,19
43553,43553,4,27
43554,43554,4,23
43555,43555,4,9
43556,43556,4,19
43557,43557,5,27
43558,43558,5,28
43559,43559,5,22
43560,43560,5,39
43561,43561,6,35
43562,43562,6,4
43563,43563,6,25
43564,43564,6,25
43565,43565,7,32
43566,43566,7,13
43567,43567,7,9
43568,43568,7,46
43569,43569,8,20
43570,43570,8,44
43571,43571,8,24
43572,43572,8,14
43573,43573,9,20
43574,43574,9,23
43575,43575,9,6
43576,43576,9,22
43577,43577,10,38
43578,43578,10,21
43579,43579,10,24
43580,43580,10,19
43581,43581,11,38
43582,43582,11,17
43583,43583,11,13
43584,43584,11,26
43585,43585,12,23
43586,43586,12,15
43587,43587,12,13
43588,43588,12,28
43589,43589,13,44
43590,43590,13,21
43591,43591,13,21
43592,43592,13,15
43593,43593,14,12
43594,43594,14,20
43595,43595,14,22
43596,43596,14,32
43597,43597,15,46
43598,43598,15,15
43599,43599,15,9
43600,43600,15,15
43601,43601,16,28
43602,43602,16,12
43603,43603,16,9
43604,43604,16,25
43605,43605,17,19
43606,43606,17,11
43607,43607,17,18
43608,43608,17,20
43609,43609,18,16
43610,43610,18,38
43611,43611,18,25
43612,43612,18,27
43613,43613,19,37
43614,43614,19,14
43615,43615,19,12
43616,43616,19,38
43617,43617,20,15
43618,43618,20,19
43619,43619,20,8
43620,43620,20,45
43621,43621,21,24
43622,43622,21,15
43623,43623,21,26
43624,43624,21,18
43625,43625,22,18
43626,43626,22,15
43627,43627,22,14
43628,43628,22,20
43629,43629,23,46
43630,43630,23,16
43631,43631,23,16
43632,43632,23,23
43633,43633,24,28
43634,43634,24,22
43635,43635,24,16
43636,43636,24,35
43637,43637,25,23
43638,43638,25,17
43639,43639,25,9
43640,43640,25,33
43641,43641,26,32
43642,43642,26,14
43643,43643,26,27
43644,43644,26,4
43645,43645,27,25
43646,43646,27,10
43647,43647,27,16
43648,43648,27,25
43649,43649,28,22
43650,43650,28,13
43651,43651,28,31
43652,43652,28,27
43653,43653,29,28
43654,43654,29,30
43655,43655,29,14
43656,43656,29,20
43657,43657,30,33
43658,43658,30,36
43659,43659,30,11
43660,43660,30,28
43661,43661,31,22
43662,43662,31,14
43663,43663,31,33
43664,43664,31,17
43665,43665,32,29
43666,43666,32,15
43667,43667,32,13
43668,43668,32,43
43669,43669,33,21
43670,43670,33,23
43671,43671,33,31
43672,43672,33,21
43673,43673,34,24
43674,43674,34,27
43675,43675,34,14
43676,43676,34,26
43677,43677,35,46
43678,43678,35,12
43679,43679,35,9
43680,43680,35,19
43681,43681,1,17
43682,43682,1,13
43683,43683,1,9
43684,43684,1,23
43685,43685,2,24
43686,43686,2,8
43687,43687,2,15
43688,43688,2,33
43689,43689,3,16
43690,43690,3,13
43691,43691,3,20
43692,43692,3,7
43693,43693,4,16
43694,43694,4,11
43695,43695,4,13
43696,43696,4,20
43697,43697,5,21
43698,43698,5,22
43699,43699,5,30
43700,43700,5,19
43701,43701,6,14
43702,43702,6,18
43703,43703,6,24
43704,43704,6,21
43705,43705,7,21
43706,43706,7,20
43707,43707,7,12
43708,43708,7,14
43709,43709,8,33
43710,43710,8,14
43711,43711,8,11
43712,43712,8,14
43713,43713,9,28
43714,43714,9,27
43715,43715,9,23
43716,43716,9,16
43717,43717,10,23
43718,43718,10,19
43719,43719,10,12
43720,43720,10,24
43721,43721,11,17
43722,43722,11,7
43723,43723,11,16
43724,43724,11,18
43725,43725,12,21
43726,43726,12,23
43727,43727,12,20
43728,43728,12,13
43729,43729,13,29
43730,43730,13,7
43731,43731,13,21
43732,43732,13,27
43733,43733,14,32
43734,43734,14,15
43735,43735,14,14
43736,43736,14,21
43737,43737,15,36
43738,43738,15,17
43739,43739,15,9
43740,43740,15,33
43741,43741,16,23
43742,43742,16,19
43743,43743,16,20
43744,43744,16,19
43745,43745,17,37
43746,43746,17,17
43747,43747,17,16
43748,43748,17,14
43749,43749,18,38
43750,43750,18,14
43751,43751,18,32
43752,43752,18,13
43753,43753,19,33
43754,43754,19,20
43755,43755,19,9
43756,43756,19,26
43757,43757,20,24
43758,43758,20,16
43759,43759,20,8
43760,43760,20,17
43761,43761,21,23
43762,43762,21,13
43763,43763,21,16
43764,43764,21,37
43765,43765,22,32
43766,43766,22,22
43767,43767,22,16
43768,43768,22,22
43769,43769,23,17
43770,43770,23,10
43771,43771,23,17
43772,43772,23,19
43773,43773,24,32
43774,43774,24,13
43775,43775,24,8
43776,43776,24,14
43777,43777,25,26
43778,43778,25,18
43779,43779,25,12
43780,43780,25,18
43781,43781,26,33
43782,43782,26,18
43783,43783,26,15
43784,43784,26,21
43785,43785,27,15
43786,43786,27,18
43787,43787,27,18
43788,43788,27,23
43789,43789,28,19
43790,43790,28,32
43791,43791,28,9
43792,43792,28,25
43793,43793,29,16
43794,43794,29,10
43795,43795,29,13
43796,43796,29,14
43797,43797,30,24
43798,43798,30,23
43799,43799,30,23
43800,43800,30,25
43801,43801,31,35
43802,43802,31,12
43803,43803,31,24
43804,43804,31,11
43805,43805,32,18
43806,43806,32,12
43807,43807,32,14
43808,43808,32,18
43809,43809,33,13
43810,43810,33,20
43811,43811,33,11
43812,43812,33,24
43813,43813,34,21
43814,43814,34,11
43815,43815,34,7
43816,43816,34,24
43817,43817,35,27
43818,43818,35,18
43819,43819,35,10
43820,43820,35,16
43821,43821,1,31
43822,43822,1,24
43823,43823,1,6
43824,43824,1,14
43825,43825,2,30
43826,43826,2,15
43827,43827,2,16
43828,43828,2,13
43829,43829,3,26
43830,43830,3,20
43831,43831,3,14
43832,43832,3,31
43833,43833,4,30
43834,43834,4,14
43835,43835,4,20
43836,43836,4,21
43837,43837,5,19
43838,43838,5,17
43839,43839,5,19
43840,43840,5,16
43841,43841,6,20
43842,43842,6,20
43843,43843,6,12
43844,43844,6,23
43845,43845,7,22
43846,43846,7,19
43847,43847,7,26
43848,43848,7,18
43849,43849,8,29
43850,43850,8,22
43851,43851,8,3
43852,43852,8,25
43853,43853,9,16
43854,43854,9,16
43855,43855,9,13
43856,43856,9,32
43857,43857,10,19
43858,43858,10,7
43859,43859,10,23
43860,43860,10,20
43861,43861,11,18
43862,43862,11,15
43863,43863,11,7
43864,43864,11,18
43865,43865,12,48
43866,43866,12,9
43867,43867,12,9
43868,43868,12,29
43869,43869,13,26
43870,43870,13,11
43871,43871,13,29
43872,43872,13,32
43873,43873,14,25
43874,43874,14,22
43875,43875,14,4
43876,43876,14,18
43877,43877,15,28
43878,43878,15,30
43879,43879,15,16
43880,43880,15,15
43881,43881,16,36
43882,43882,16,24
43883,43883,16,19
43884,43884,16,28
43885,43885,17,30
43886,43886,17,13
43887,43887,17,30
43888,43888,17,15
43889,43889,18,35
43890,43890,18,21
43891,43891,18,4
43892,43892,18,14
43893,43893,19,23
43894,43894,19,12
43895,43895,19,8
43896,43896,19,26
43897,43897,20,25
43898,43898,20,15
43899,43899,20,11
43900,43900,20,37
43901,43901,21,16
43902,43902,21,22
43903,43903,21,13
43904,43904,21,12
43905,43905,22,31
43906,43906,22,8
43907,43907,22,24
43908,43908,22,24
43909,43909,23,19
43910,43910,23,12
43911,43911,23,10
43912,43912,23,27
43913,43913,24,24
43914,43914,24,9
43915,43915,24,11
43916,43916,24,34
43917,43917,25,17
43918,43918,25,25
43919,43919,25,15
43920,43920,25,23
43921,43921,26,28
43922,43922,26,10
43923,43923,26,16
43924,43924,26,24
43925,43925,27,22
43926,43926,27,14
43927,43927,27,20
43928,43928,27,32
43929,43929,28,26
43930,43930,28,17
43931,43931,28,13
43932,43932,28,23
43933,43933,29,35
43934,43934,29,12
43935,43935,29,19
43936,43936,29,11
43937,43937,30,23
43938,43938,30,11
43939,43939,30,18
43940,43940,30,23
43941,43941,31,13
43942,43942,31,29
43943,43943,31,14
43944,43944,31,33
43945,43945,32,28
43946,43946,32,13
43947,43947,32,16
43948,43948,32,23
43949,43949,33,32
43950,43950,33,21
43951,43951,33,5
43952,43952,33,23
43953,43953,34,36
43954,43954,34,14
43955,43955,34,11
43956,43956,34,10
43957,43957,35,20
43958,43958,35,11
43959,43959,35,21
43960,43960,35,35
43961,43961,1,15
43962,43962,1,10
43963,43963,1,11
43964,43964,1,18
43965,43965,2,21
43966,43966,2,16
43967,43967,2,10
43968,43968,2,56
43969,43969,3,24
43970,43970,3,24
43971,43971,3,21
43972,43972,3,20
43973,43973,4,29
43974,43974,4,21
43975,43975,4,8
43976,43976,4,22
43977,43977,5,34
43978,43978,5,8
43979,43979,5,11
43980,43980,5,30
43981,43981,6,18
43982,43982,6,28
43983,43983,6,11
43984,43984,6,8
43985,43985,7,22
43986,43986,7,7
43987,43987,7,5
43988,43988,7,28
43989,43989,8,21
43990,43990,8,17
43991,43991,8,23
43992,43992,8,16
43993,43993,9,22
43994,43994,9,18
43995,43995,9,19
43996,43996,9,20
43997,43997,10,26
43998,43998,10,15
43999,43999,10,22
44000,44000,10,38
44001,44001,11,26
44002,44002,11,15
44003,44003,11,15
44004,44004,11,20
44005,44005,12,40
44006,44006,12,29
44007,44007,12,11
44008,44008,12,7
44009,44009,13,32
44010,44010,13,21
44011,44011,13,26
44012,44012,13,26
44013,44013,14,52
44014,44014,14,18
44015,44015,14,16
44016,44016,14,25
44017,44017,15,10
44018,44018,15,22
44019,44019,15,24
44020,44020,15,50
44021,44021,16,21
44022,44022,16,13
44023,44023,16,15
44024,44024,16,33
44025,44025,17,18
44026,44026,17,23
44027,44027,17,16
44028,44028,17,28
44029,44029,18,29
44030,44030,18,14
44031,44031,18,17
44032,44032,18,26
44033,44033,19,21
44034,44034,19,29
44035,44035,19,4
44036,44036,19,25
44037,44037,20,23
44038,44038,20,13
44039,44039,20,8
44040,44040,20,43
44041,44041,21,24
44042,44042,21,13
44043,44043,21,11
44044,44044,21,18
44045,44045,22,24
44046,44046,22,17
44047,44047,22,18
44048,44048,22,28
44049,44049,23,18
44050,44050,23,27
44051,44051,23,5
44052,44052,23,26
44053,44053,24,30
44054,44054,24,11
44055,44055,24,11
44056,44056,24,21
44057,44057,25,21
44058,44058,25,31
44059,44059,25,12
44060,44060,25,26
44061,44061,26,26
44062,44062,26,20
44063,44063,26,9
44064,44064,26,27
44065,44065,27,24
44066,44066,27,23
44067,44067,27,8
44068,44068,27,28
44069,44069,28,20
44070,44070,28,16
44071,44071,28,13
44072,44072,28,30
44073,44073,29,32
44074,44074,29,14
44075,44075,29,18
44076,44076,29,26
44077,44077,30,32
44078,44078,30,14
44079,44079,30,15
44080,44080,30,20
44081,44081,31,17
44082,44082,31,13
44083,44083,31,13
44084,44084,31,22
44085,44085,32,36
44086,44086,32,8
44087,44087,32,22
44088,44088,32,33
44089,44089,33,33
44090,44090,33,23
44091,44091,33,20
44092,44092,33,36
44093,44093,34,25
44094,44094,34,27
44095,44095,34,12
44096,44096,34,22
44097,44097,35,17
44098,44098,35,18
44099,44099,35,12
44100,44100,35,26
44101,44101,1,29
44102,44102,1,11
44103,44103,1,23
44104,44104,1,37
44105,44105,2,26
44106,44106,2,25
44107,44107,2,17
44108,44108,2,18
44109,44109,3,26
44110,44110,3,6
44111,44111,3,21
44112,44112,3,35
44113,44113,4,27
44114,44114,4,18
44115,44115,4,35
44116,44116,4,31
44117,44117,5,26
44118,44118,5,20
44119,44119,5,10
44120,44120,5,33
44121,44121,6,59
44122,44122,6,15
44123,44123,6,17
44124,44124,6,11
44125,44125,7,28
44126,44126,7,20
44127,44127,7,28
44128,44128,7,30
44129,44129,8,35
44130,44130,8,25
44131,44131,8,11
44132,44132,8,38
44133,44133,9,24
44134,44134,9,19
44135,44135,9,20
44136,44136,9,30
44137,44137,10,41
44138,44138,10,14
44139,44139,10,8
44140,44140,10,22
44141,44141,11,28
44142,44142,11,6
44143,44143,11,19
44144,44144,11,21
44145,44145,12,31
44146,44146,12,26
44147,44147,12,22
44148,44148,12,30
44149,44149,13,24
44150,44150,13,24
44151,44151,13,17
44152,44152,13,29
44153,44153,14,25
44154,44154,14,27
44155,44155,14,10
44156,44156,14,29
44157,44157,15,40
44158,44158,15,23
44159,44159,15,19
44160,44160,15,19
44161,44161,16,25
44162,44162,16,22
44163,44163,16,13
44164,44164,16,43
44165,44165,17,38
44166,44166,17,11
44167,44167,17,16
44168,44168,17,24
44169,44169,18,19
44170,44170,18,21
44171,44171,18,14
44172,44172,18,18
44173,44173,19,31
44174,44174,19,19
44175,44175,19,17
44176,44176,19,26
44177,44177,20,12
44178,44178,20,41
44179,44179,20,22
44180,44180,20,37
44181,44181,21,36
44182,44182,21,23
44183,44183,21,21
44184,44184,21,12
44185,44185,22,21
44186,44186,22,11
44187,44187,22,20
44188,44188,22,17
44189,44189,23,37
44190,44190,23,32
44191,44191,23,15
44192,44192,23,15
44193,44193,24,28
44194,44194,24,28
44195,44195,24,13
44196,44196,24,33
44197,44197,25,41
44198,44198,25,11
44199,44199,25,16
44200,44200,25,35
44201,44201,26,30
44202,44202,26,13
44203,44203,26,7
44204,44204,26,22
44205,44205,27,41
44206,44206,27,9
44207,44207,27,21
44208,44208,27,45
44209,44209,28,13
44210,44210,28,13
44211,44211,28,20
44212,44212,28,37
44213,44213,29,27
44214,44214,29,16
44215,44215,29,21
44216,44216,29,31
44217,44217,30,29
44218,44218,30,20
44219,44219,30,22
44220,44220,30,33
44221,44221,31,39
44222,44222,31,6
44223,44223,31,27
44224,44224,31,36
44225,44225,32,51
44226,44226,32,18
44227,44227,32,7
44228,44228,32,38
44229,44229,33,29
44230,44230,33,15
44231,44231,33,29
44232,44232,33,31
44233,44233,34,29
44234,44234,34,20
44235,44235,34,21
44236,44236,34,25
44237,44237,35,46
44238,44238,35,13
44239,44239,35,20
44240,44240,35,12
44241,44241,1,34
44242,44242,1,27
44243,44243,1,9
44244,44244,1,26
44245,44245,2,23
44246,44246,2,26
44247,44247,2,23
44248,44248,2,43
44249,44249,3,30
44250,44250,3,28
44251,44251,3,14
44252,44252,3,32
44253,44253,4,25
44254,44254,4,30
44255,44255,4,13
44256,44256,4,21
44257,44257,5,34
44258,44258,5,25
44259,44259,5,18
44260,44260,5,12
44261,44261,6,38
44262,44262,6,16
44263,44263,6,15
44264,44264,6,31
44265,44265,7,31
44266,44266,7,14
44267,44267,7,29
44268,44268,7,25
44269,44269,8,19
44270,44270,8,36
44271,44271,8,27
44272,44272,8,44
44273,44273,9,22
44274,44274,9,24
44275,44275,9,15
44276,44276,9,46
44277,44277,10,44
44278,44278,10,26
44279,44279,10,16
44280,44280,10,20
44281,44281,11,37
44282,44282,11,20
44283,44283,11,11
44284,44284,11,32
44285,44285,12,26
44286,44286,12,23
44287,44287,12,17
44288,44288,12,37
44289,44289,13,49
44290,44290,13,9
44291,44291,13,12
44292,44292,13,24
44293,44293,14,36
44294,44294,14,13
44295,44295,14,16
44296,44296,14,33
44297,44297,15,30
44298,44298,15,14
44299,44299,15,19
44300,44300,15,24
44301,44301,16,37
44302,44302,16,12
44303,44303,16,20
44304,44304,16,26
44305,44305,17,31
44306,44306,17,24
44307,44307,17,24
44308,44308,17,29
44309,44309,18,31
44310,44310,18,22
44311,44311,18,27
44312,44312,18,28
44313,44313,19,44
44314,44314,19,25
44315,44315,19,11
44316,44316,19,36
44317,44317,20,27
44318,44318,20,22
44319,44319,20,20
44320,44320,20,33
44321,44321,21,40
44322,44322,21,32
44323,44323,21,14
44324,44324,21,25
44325,44325,22,24
44326,44326,22,17
44327,44327,22,10
44328,44328,22,35
44329,44329,23,42
44330,44330,23,17
44331,44331,23,20
44332,44332,23,33
44333,44333,24,47
44334,44334,24,28
44335,44335,24,23
44336,44336,24,17
44337,44337,25,24
44338,44338,25,37
44339,44339,25,24
44340,44340,25,23
44341,44341,26,29
44342,44342,26,42
44343,44343,26,14
44344,44344,26,31
44345,44345,27,23
44346,44346,27,31
44347,44347,27,25
44348,44348,27,40
44349,44349,28,46
44350,44350,28,25
44351,44351,28,8
44352,44352,28,20
44353,44353,29,24
44354,44354,29,30
44355,44355,29,16
44356,44356,29,22
44357,44357,30,36
44358,44358,30,8
44359,44359,30,35
44360,44360,30,30
44361,44361,31,39
44362,44362,31,24
44363,44363,31,22
44364,44364,31,26
44365,44365,32,43
44366,44366,32,25
44367,44367,32,11
44368,44368,32,24
44369,44369,33,20
44370,44370,33,30
44371,44371,33,21
44372,44372,33,18
44373,44373,34,39
44374,44374,34,19
44375,44375,34,17
44376,44376,34,32
44377,44377,35,51
44378,44378,35,29
44379,44379,35,15
44380,44380,35,25
44381,44381,1,43
44382,44382,1,15
44383,44383,1,31
44384,44384,1,18
44385,44385,2,33
44386,44386,2,27
44387,44387,2,18
44388,44388,2,34
44389,44389,3,31
44390,44390,3,23
44391,44391,3,18
44392,44392,3,26
44393,44393,4,49
44394,44394,4,27
44395,44395,4,32
44396,44396,4,12
44397,44397,5,44
44398,44398,5,29
44399,44399,5,10
44400,44400,5,24
44401,44401,6,23
44402,44402,6,14
44403,44403,6,23
44404,44404,6,21
44405,44405,7,51
44406,44406,7,9
44407,44407,7,29
44408,44408,7,22
44409,44409,8,34
44410,44410,8,17
44411,44411,8,15
44412,44412,8,24
44413,44413,9,33
44414,44414,9,29
44415,44415,9,12
44416,44416,9,33
44417,44417,10,21
44418,44418,10,26
44419,44419,10,20
44420,44420,10,34
44421,44421,11,34
44422,44422,11,36
44423,44423,11,24
44424,44424,11,30
44425,44425,12,23
44426,44426,12,17
44427,44427,12,25
44428,44428,12,25
44429,44429,13,47
44430,44430,13,14
44431,44431,13,23
44432,44432,13,34
44433,44433,14,25
44434,44434,14,27
44435,44435,14,10
44436,44436,14,32
44437,44437,15,36
44438,44438,15,22
44439,44439,15,16
44440,44440,15,35
44441,44441,16,18
44442,44442,16,29
44443,44443,16,22
44444,44444,16,26
44445,44445,17,46
44446,44446,17,37
44447,44447,17,16
44448,44448,17,15
44449,44449,18,57
44450,44450,18,32
44451,44451,18,8
44452,44452,18,29
44453,44453,19,25
44454,44454,19,30
44455,44455,19,18
44456,44456,19,29
44457,44457,20,26
44458,44458,20,19
44459,44459,20,12
44460,44460,20,44
44461,44461,21,36
44462,44462,21,28
44463,44463,21,21
44464,44464,21,24
44465,44465,22,24
44466,44466,22,21
44467,44467,22,12
44468,44468,22,21
44469,44469,23,40
44470,44470,23,35
44471,44471,23,10
44472,44472,23,21
44473,44473,24,42
44474,44474,24,16
44475,44475,24,29
44476,44476,24,17
44477,44477,25,49
44478,44478,25,9
44479,44479,25,15
44480,44480,25,26
44481,44481,26,29
44482,44482,26,26
44483,44483,26,31
44484,44484,26,26
44485,44485,27,42
44486,44486,27,31
44487,44487,27,20
44488,44488,27,34
44489,44489,28,18
44490,44490,28,21
44491,44491,28,20
44492,44492,28,27
44493,44493,29,25
44494,44494,29,34
44495,44495,29,27
44496,44496,29,35
44497,44497,30,20
44498,44498,30,23
44499,44499,30,13
44500,44500,30,20
44501,44501,31,31
44502,44502,31,30
44503,44503,31,33
44504,44504,31,28
44505,44505,32,36
44506,44506,32,15
44507,44507,32,22
44508,44508,32,30
44509,44509,33,42
44510,44510,33,26
44511,44511,33,16
44512,44512,33,27
44513,44513,34,21
44514,44514,34,31
44515,44515,34,23
44516,44516,34,23
44517,44517,35,42
44518,44518,35,24
44519,44519,35,17
44520,44520,35,26
44521,44521,1,14
44522,44522,1,16
44523,44523,1,22
44524,44524,1,33
44525,44525,2,20
44526,44526,2,8
44527,44527,2,37
44528,44528,2,51
44529,44529,3,18
44530,44530,3,16
44531,44531,3,17
44532,44532,3,22
44533,44533,4,24
44534,44534,4,15
44535,44535,4,22
44536,44536,4,13
44537,44537,5,26
44538,44538,5,14
44539,44539,5,19
44540,44540,5,16
44541,44541,6,28
44542,44542,6,9
44543,44543,6,16
44544,44544,6,38
44545,44545,7,41
44546,44546,7,16
44547,44547,7,22
44548,44548,7,12
44549,44549,8,32
44550,44550,8,12
44551,44551,8,36
44552,44552,8,28
44553,44553,9,34
44554,44554,9,16
44555,44555,9,13
44556,44556,9,21
44557,44557,10,39
44558,44558,10,25
44559,44559,10,21
44560,44560,10,24
44561,44561,11,33
44562,44562,11,29
44563,44563,11,12
44564,44564,11,23
44565,44565,12,29
44566,44566,12,20
44567,44567,12,20
44568,44568,12,32
44569,44569,13,22
44570,44570,13,18
44571,44571,13,10
44572,44572,13,21
44573,44573,14,21
44574,44574,14,13
44575,44575,14,28
44576,44576,14,20
44577,44577,15,27
44578,44578,15,32
44579,44579,15,17
44580,44580,15,11
44581,44581,16,16
44582,44582,16,41
44583,44583,16,7
44584,44584,16,22
44585,44585,17,18
44586,44586,17,19
44587,44587,17,19
44588,44588,17,19
44589,44589,18,31
44590,44590,18,28
44591,44591,18,25
44592,44592,18,22
44593,44593,19,38
44594,44594,19,15
44595,44595,19,14
44596,44596,19,22
44597,44597,20,17
44598,44598,20,23
44599,44599,20,20
44600,44600,20,32
44601,44601,21,27
44602,44602,21,17
44603,44603,21,16
44604,44604,21,24
44605,44605,22,15
44606,44606,22,6
44607,44607,22,32
44608,44608,22,42
44609,44609,23,37
44610,44610,23,17
44611,44611,23,11
44612,44612,23,20
44613,44613,24,27
44614,44614,24,17
44615,44615,24,10
44616,44616,24,34
44617,44617,25,31
44618,44618,25,15
44619,44619,25,26
44620,44620,25,20
44621,44621,26,18
44622,44622,26,18
44623,44623,26,14
44624,44624,26,24
44625,44625,27,19
44626,44626,27,23
44627,44627,27,7
44628,44628,27,16
44629,44629,28,26
44630,44630,28,23
44631,44631,28,16
44632,44632,28,22
44633,44633,29,27
44634,44634,29,11
44635,44635,29,19
44636,44636,29,31
44637,44637,30,26
44638,44638,30,25
44639,44639,30,24
44640,44640,30,33
44641,44641,31,19
44642,44642,31,24
44643,44643,31,20
44644,44644,31,24
44645,44645,32,47
44646,44646,32,14
44647,44647,32,24
44648,44648,32,21
44649,44649,33,36
44650,44650,33,7
44651,44651,33,15
44652,44652,33,32
44653,44653,34,20
44654,44654,34,14
44655,44655,34,25
44656,44656,34,33
44657,44657,35,22
44658,44658,35,8
44659,44659,35,18
44660,44660,35,34
44661,44661,1,20
44662,44662,1,11
44663,44663,1,5
44664,44664,1,33
44665,44665,2,29
44666,44666,2,17
44667,44667,2,19
44668,44668,2,16
44669,44669,3,29
44670,44670,3,10
44671,44671,3,8
44672,44672,3,27
44673,44673,4,12
44674,44674,4,12
44675,44675,4,8
44676,44676,4,28
44677,44677,5,14
44678,44678,5,15
44679,44679,5,11
44680,44680,5,16
44681,44681,6,29
44682,44682,6,13
44683,44683,6,8
44684,44684,6,20
44685,44685,7,29
44686,44686,7,15
44687,44687,7,9
44688,44688,7,13
44689,44689,8,27
44690,44690,8,14
44691,44691,8,14
44692,44692,8,24
44693,44693,9,19
44694,44694,9,15
44695,44695,9,14
44696,44696,9,30
44697,44697,10,14
44698,44698,10,16
44699,44699,10,12
44700,44700,10,19
44701,44701,11,13
44702,44702,11,23
44703,44703,11,25
44704,44704,11,23
44705,44705,12,18
44706,44706,12,4
44707,44707,12,18
44708,44708,12,18
44709,44709,13,15
44710,44710,13,21
44711,44711,13,16
44712,44712,13,25
44713,44713,14,15
44714,44714,14,17
44715,44715,14,21
44716,44716,14,22
44717,44717,15,20
44718,44718,15,28
44719,44719,15,5
44720,44720,15,15
44721,44721,16,20
44722,44722,16,11
44723,44723,16,10
44724,44724,16,16
44725,44725,17,27
44726,44726,17,14
44727,44727,17,27
44728,44728,17,17
44729,44729,18,16
44730,44730,18,19
44731,44731,18,20
44732,44732,18,37
44733,44733,19,19
44734,44734,19,19
44735,44735,19,15
44736,44736,19,30
44737,44737,20,25
44738,44738,20,13
44739,44739,20,12
44740,44740,20,30
44741,44741,21,30
44742,44742,21,10
44743,44743,21,9
44744,44744,21,17
44745,44745,22,13
44746,44746,22,13
44747,44747,22,13
44748,44748,22,32
44749,44749,23,30
44750,44750,23,12
44751,44751,23,9
44752,44752,23,22
44753,44753,24,29
44754,44754,24,19
44755,44755,24,16
44756,44756,24,10
44757,44757,25,28
44758,44758,25,24
44759,44759,25,9
44760,44760,25,22
44761,44761,26,10
44762,44762,26,21
44763,44763,26,19
44764,44764,26,18
44765,44765,27,17
44766,44766,27,24
44767,44767,27,12
44768,44768,27,18
44769,44769,28,14
44770,44770,28,11
44771,44771,28,18
44772,44772,28,19
44773,44773,29,32
44774,44774,29,28
44775,44775,29,17
44776,44776,29,8
44777,44777,30,31
44778,44778,30,22
44779,44779,30,10
44780,44780,30,14
44781,44781,31,22
44782,44782,31,16
44783,44783,31,15
44784,44784,31,8
44785,44785,32,21
44786,44786,32,13
44787,44787,32,24
44788,44788,32,27
44789,44789,33,12
44790,44790,33,26
44791,44791,33,26
44792,44792,33,16
44793,44793,34,21
44794,44794,34,6
44795,44795,34,24
44796,44796,34,25
44797,44797,35,22
44798,44798,35,19
44799,44799,35,14
44800,44800,35,19
44801,44801,1,25
44802,44802,1,26
44803,44803,1,5
44804,44804,1,17
44805,44805,2,22
44806,44806,2,10
44807,44807,2,20
44808,44808,2,29
44809,44809,3,33
44810,44810,3,17
44811,44811,3,17
44812,44812,3,16
44813,44813,4,19
44814,44814,4,24
44815,44815,4,11
44816,44816,4,24
44817,44817,5,19
44818,44818,5,16
44819,44819,5,19
44820,44820,5,25
44821,44821,6,26
44822,44822,6,9
44823,44823,6,14
44824,44824,6,13
44825,44825,7,22
44826,44826,7,12
44827,44827,7,23
44828,44828,7,20
44829,44829,8,18
44830,44830,8,26
44831,44831,8,25
44832,44832,8,28
44833,44833,9,13
44834,44834,9,11
44835,44835,9,16
44836,44836,9,12
44837,44837,10,12
44838,44838,10,18
44839,44839,10,19
44840,44840,10,18
44841,44841,11,36
44842,44842,11,19
44843,44843,11,14
44844,44844,11,20
44845,44845,12,24
44846,44846,12,12
44847,44847,12,22
44848,44848,12,17
44849,44849,13,18
44850,44850,13,20
44851,44851,13,19
44852,44852,13,25
44853,44853,14,14
44854,44854,14,17
44855,44855,14,23
44856,44856,14,37
44857,44857,15,23
44858,44858,15,9
44859,44859,15,15
44860,44860,15,24
44861,44861,16,10
44862,44862,16,23
44863,44863,16,18
44864,44864,16,34
44865,44865,17,19
44866,44866,17,15
44867,44867,17,19
44868,44868,17,9
44869,44869,18,25
44870,44870,18,23
44871,44871,18,15
44872,44872,18,19
44873,44873,19,28
44874,44874,19,13
44875,44875,19,8
44876,44876,19,37
44877,44877,20,25
44878,44878,20,15
44879,44879,20,10
44880,44880,20,29
44881,44881,21,39
44882,44882,21,8
44883,44883,21,16
44884,44884,21,19
44885,44885,22,17
44886,44886,22,21
44887,44887,22,16
44888,44888,22,21
44889,44889,23,21
44890,44890,23,5
44891,44891,23,19
44892,44892,23,24
44893,44893,24,35
44894,44894,24,19
44895,44895,24,7
44896,44896,24,15
44897,44897,25,18
44898,44898,25,16
44899,44899,25,9
44900,44900,25,13
44901,44901,26,23
44902,44902,26,31
44903,44903,26,8
44904,44904,26,22
44905,44905,27,23
44906,44906,27,15
44907,44907,27,13
44908,44908,27,13
44909,44909,28,21
44910,44910,28,29
44911,44911,28,17
44912,44912,28,15
44913,44913,29,23
44914,44914,29,24
44915,44915,29,11
44916,44916,29,10
44917,44917,30,31
44918,44918,30,19
44919,44919,30,11
44920,44920,30,19
44921,44921,31,20
44922,44922,31,15
44923,44923,31,6
44924,44924,31,22
44925,44925,32,29
44926,44926,32,7
44927,44927,32,17
44928,44928,32,13
44929,44929,33,18
44930,44930,33,11
44931,44931,33,22
44932,44932,33,25
44933,44933,34,11
44934,44934,34,16
44935,44935,34,20
44936,44936,34,39
44937,44937,35,27
44938,44938,35,18
44939,44939,35,12
44940,44940,35,19
44941,44941,1,27
44942,44942,1,8
44943,44943,1,23
44944,44944,1,21
44945,44945,2,23
44946,44946,2,12
44947,44947,2,15
44948,44948,2,35
44949,44949,3,15
44950,44950,3,21
44951,44951,3,21
44952,44952,3,22
44953,44953,4,42
44954,44954,4,13
44955,44955,4,10
44956,44956,4,24
44957,44957,5,37
44958,44958,5,10
44959,44959,5,24
44960,44960,5,10
44961,44961,6,32
44962,44962,6,15
44963,44963,6,20
44964,44964,6,22
44965,44965,7,13
44966,44966,7,30
44967,44967,7,11
44968,44968,7,31
44969,44969,8,22
44970,44970,8,21
44971,44971,8,5
44972,44972,8,25
44973,44973,9,15
44974,44974,9,12
44975,44975,9,19
44976,44976,9,30
44977,44977,10,22
44978,44978,10,12
44979,44979,10,10
44980,44980,10,28
44981,44981,11,27
44982,44982,11,14
44983,44983,11,14
44984,44984,11,23
44985,44985,12,49
44986,44986,12,10
44987,44987,12,13
44988,44988,12,16
44989,44989,13,20
44990,44990,13,11
44991,44991,13,14
44992,44992,13,32
44993,44993,14,23
44994,44994,14,25
44995,44995,14,6
44996,44996,14,15
44997,44997,15,28
44998,44998,15,29
44999,44999,15,12
45000,45000,15,18
45001,45001,16,25
45002,45002,16,23
45003,45003,16,12
45004,45004,16,32
45005,45005,17,14
45006,45006,17,22
45007,45007,17,9
45008,45008,17,42
45009,45009,18,14
45010,45010,18,27
45011,45011,18,21
45012,45012,18,23
45013,45013,19,28
45014,45014,19,12
45015,45015,19,14
45016,45016,19,32
45017,45017,20,22
45018,45018,20,18
45019,45019,20,12
45020,45020,20,15
45021,45021,21,28
45022,45022,21,25
45023,45023,21,17
45024,45024,21,8
45025,45025,22,37
45026,45026,22,24
45027,45027,22,20
45028,45028,22,17
45029,45029,23,31
45030,45030,23,15
45031,45031,23,9
45032,45032,23,34
45033,45033,24,20
45034,45034,24,45
45035,45035,24,10
45036,45036,24,24
45037,45037,25,34
45038,45038,25,15
45039,45039,25,9
45040,45040,25,36
45041,45041,26,26
45042,45042,26,16
45043,45043,26,22
45044,45044,26,14
45045,45045,27,24
45046,45046,27,23
45047,45047,27,16
45048,45048,27,20
45049,45049,28,24
45050,45050,28,10
45051,45051,28,13
45052,45052,28,23
45053,45053,29,37
45054,45054,29,16
45055,45055,29,18
45056,45056,29,17
45057,45057,30,13
45058,45058,30,23
45059,45059,30,20
45060,45060,30,19
45061,45061,31,25
45062,45062,31,6
45063,45063,31,16
45064,45064,31,23
45065,45065,32,28
45066,45066,32,17
45067,45067,32,13
45068,45068,32,40
45069,45069,33,19
45070,45070,33,19
45071,45071,33,10
45072,45072,33,31
45073,45073,34,23
45074,45074,34,44
45075,45075,34,20
45076,45076,34,21
45077,45077,35,39
45078,45078,35,12
45079,45079,35,17
45080,45080,35,18
45081,45081,1,20
45082,45082,1,19
45083,45083,1,13
45084,45084,1,42
45085,45085,2,41
45086,45086,2,17
45087,45087,2,8
45088,45088,2,19
45089,45089,3,27
45090,45090,3,30
45091,45091,3,7
45092,45092,3,41
45093,45093,4,26
45094,45094,4,13
45095,45095,4,20
45096,45096,4,33
45097,45097,5,31
45098,45098,5,26
45099,45099,5,20
45100,45100,5,8
45101,45101,6,15
45102,45102,6,25
45103,45103,6,15
45104,45104,6,18
45105,45105,7,30
45106,45106,7,21
45107,45107,7,13
45108,45108,7,27
45109,45109,8,43
45110,45110,8,17
45111,45111,8,10
45112,45112,8,18
45113,45113,9,40
45114,45114,9,24
45115,45115,9,13
45116,45116,9,21
45117,45117,10,28
45118,45118,10,17
45119,45119,10,12
45120,45120,10,39
45121,45121,11,30
45122,45122,11,26
45123,45123,11,11
45124,45124,11,22
45125,45125,12,24
45126,45126,12,20
45127,45127,12,15
45128,45128,12,28
45129,45129,13,26
45130,45130,13,17
45131,45131,13,13
45132,45132,13,37
45133,45133,14,24
45134,45134,14,27
45135,45135,14,18
45136,45136,14,16
45137,45137,15,25
45138,45138,15,24
45139,45139,15,22
45140,45140,15,26
45141,45141,16,25
45142,45142,16,25
45143,45143,16,7
45144,45144,16,28
45145,45145,17,14
45146,45146,17,28
45147,45147,17,15
45148,45148,17,28
45149,45149,18,41
45150,45150,18,12
45151,45151,18,11
45152,45152,18,21
45153,45153,19,35
45154,45154,19,23
45155,45155,19,15
45156,45156,19,54
45157,45157,20,32
45158,45158,20,24
45159,45159,20,34
45160,45160,20,33
45161,45161,21,17
45162,45162,21,13
45163,45163,21,15
45164,45164,21,27
45165,45165,22,31
45166,45166,22,26
45167,45167,22,28
45168,45168,22,17
45169,45169,23,31
45170,45170,23,25
45171,45171,23,28
45172,45172,23,25
45173,45173,24,29
45174,45174,24,26
45175,45175,24,26
45176,45176,24,18
45177,45177,25,31
45178,45178,25,10
45179,45179,25,14
45180,45180,25,28
45181,45181,26,44
45182,45182,26,38
45183,45183,26,22
45184,45184,26,23
45185,45185,27,38
45186,45186,27,9
45187,45187,27,17
45188,45188,27,16
45189,45189,28,22
45190,45190,28,19
45191,45191,28,17
45192,45192,28,33
45193,45193,29,37
45194,45194,29,13
45195,45195,29,15
45196,45196,29,29
45197,45197,30,17
45198,45198,30,11
45199,45199,30,30
45200,45200,30,29
45201,45201,31,20
45202,45202,31,20
45203,45203,31,15
45204,45204,31,22
45205,45205,32,21
45206,45206,32,24
45207,45207,32,16
45208,45208,32,20
45209,45209,33,12
45210,45210,33,2
45211,45211,33,52
45212,45212,33,31
45213,45213,34,31
45214,45214,34,26
45215,45215,34,23
45216,45216,34,12
45217,45217,35,31
45218,45218,35,26
45219,45219,35,25
45220,45220,35,25
45221,45221,1,37
45222,45222,1,21
45223,45223,1,36
45224,45224,1,28
45225,45225,2,25
45226,45226,2,25
45227,45227,2,25
45228,45228,2,32
45229,45229,3,29
45230,45230,3,17
45231,45231,3,26
45232,45232,3,23
45233,45233,4,29
45234,45234,4,24
45235,45235,4,5
45236,45236,4,47
45237,45237,5,41
45238,45238,5,25
45239,45239,5,18
45240,45240,5,27
45241,45241,6,17
45242,45242,6,35
45243,45243,6,13
45244,45244,6,34
45245,45245,7,40
45246,45246,7,21
45247,45247,7,43
45248,45248,7,12
45249,45249,8,37
45250,45250,8,15
45251,45251,8,23
45252,45252,8,14
45253,45253,9,28
45254,45254,9,20
45255,45255,9,10
45256,45256,9,37
45257,45257,10,30
45258,45258,10,24
45259,45259,10,18
45260,45260,10,48
45261,45261,11,26
45262,45262,11,31
45263,45263,11,23
45264,45264,11,34
45265,45265,12,23
45266,45266,12,17
45267,45267,12,19
45268,45268,12,31
45269,45269,13,26
45270,45270,13,7
45271,45271,13,19
45272,45272,13,59
45273,45273,14,29
45274,45274,14,22
45275,45275,14,17
45276,45276,14,26
45277,45277,15,40
45278,45278,15,13
45279,45279,15,15
45280,45280,15,32
45281,45281,16,45
45282,45282,16,16
45283,45283,16,17
45284,45284,16,21
45285,45285,17,34
45286,45286,17,9
45287,45287,17,28
45288,45288,17,44
45289,45289,18,27
45290,45290,18,32
45291,45291,18,13
45292,45292,18,29
45293,45293,19,37
45294,45294,19,17
45295,45295,19,28
45296,45296,19,38
45297,45297,20,54
45298,45298,20,51
45299,45299,20,9
45300,45300,20,20
45301,45301,21,41
45302,45302,21,29
45303,45303,21,22
45304,45304,21,23
45305,45305,22,35
45306,45306,22,26
45307,45307,22,15
45308,45308,22,17
45309,45309,23,16
45310,45310,23,41
45311,45311,23,26
45312,45312,23,17
45313,45313,24,40
45314,45314,24,23
45315,45315,24,5
45316,45316,24,27
45317,45317,25,36
45318,45318,25,18
45319,45319,25,23
45320,45320,25,20
45321,45321,26,26
45322,45322,26,15
45323,45323,26,27
45324,45324,26,34
45325,45325,27,35
45326,45326,27,25
45327,45327,27,26
45328,45328,27,19
45329,45329,28,46
45330,45330,28,18
45331,45331,28,14
45332,45332,28,20
45333,45333,29,23
45334,45334,29,19
45335,45335,29,18
45336,45336,29,54
45337,45337,30,30
45338,45338,30,14
45339,45339,30,9
45340,45340,30,22
45341,45341,31,33
45342,45342,31,31
45343,45343,31,13
45344,45344,31,23
45345,45345,32,39
45346,45346,32,17
45347,45347,32,16
45348,45348,32,24
45349,45349,33,52
45350,45350,33,28
45351,45351,33,19
45352,45352,33,19
45353,45353,34,38
45354,45354,34,25
45355,45355,34,18
45356,45356,34,23
45357,45357,35,37
45358,45358,35,33
45359,45359,35,30
45360,45360,35,33
45361,45361,1,13
45362,45362,1,30
45363,45363,1,22
45364,45364,1,26
45365,45365,2,38
45366,45366,2,20
45367,45367,2,17
45368,45368,2,26
45369,45369,3,46
45370,45370,3,37
45371,45371,3,19
45372,45372,3,25
45373,45373,4,25
45374,45374,4,22
45375,45375,4,25
45376,45376,4,37
45377,45377,5,23
45378,45378,5,37
45379,45379,5,11
45380,45380,5,32
45381,45381,6,21
45382,45382,6,46
45383,45383,6,13
45384,45384,6,43
45385,45385,7,37
45386,45386,7,22
45387,45387,7,17
45388,45388,7,18
45389,45389,8,24
45390,45390,8,44
45391,45391,8,27
45392,45392,8,22
45393,45393,9,37
45394,45394,9,44
45395,45395,9,12
45396,45396,9,34
45397,45397,10,26
45398,45398,10,30
45399,45399,10,18
45400,45400,10,22
45401,45401,11,36
45402,45402,11,39
45403,45403,11,9
45404,45404,11,33
45405,45405,12,29
45406,45406,12,26
45407,45407,12,15
45408,45408,12,34
45409,45409,13,34
45410,45410,13,27
45411,45411,13,27
45412,45412,13,25
45413,45413,14,25
45414,45414,14,19
45415,45415,14,15
45416,45416,14,31
45417,45417,15,53
45418,45418,15,25
45419,45419,15,25
45420,45420,15,18
45421,45421,16,30
45422,45422,16,20
45423,45423,16,31
45424,45424,16,33
45425,45425,17,15
45426,45426,17,14
45427,45427,17,22
45428,45428,17,47
45429,45429,18,30
45430,45430,18,14
45431,45431,18,8
45432,45432,18,50
45433,45433,19,40
45434,45434,19,27
45435,45435,19,13
45436,45436,19,19
45437,45437,20,20
45438,45438,20,22
45439,45439,20,20
45440,45440,20,55
45441,45441,21,48
45442,45442,21,14
45443,45443,21,28
45444,45444,21,51
45445,45445,22,37
45446,45446,22,30
45447,45447,22,17
45448,45448,22,29
45449,45449,23,28
45450,45450,23,22
45451,45451,23,15
45452,45452,23,33
45453,45453,24,44
45454,45454,24,30
45455,45455,24,32
45456,45456,24,17
45457,45457,25,32
45458,45458,25,12
45459,45459,25,22
45460,45460,25,45
45461,45461,26,29
45462,45462,26,16
45463,45463,26,19
45464,45464,26,23
45465,45465,27,19
45466,45466,27,18
45467,45467,27,16
45468,45468,27,33
45469,45469,28,46
45470,45470,28,13
45471,45471,28,12
45472,45472,28,38
45473,45473,29,38
45474,45474,29,26
45475,45475,29,21
45476,45476,29,23
45477,45477,30,30
45478,45478,30,16
45479,45479,30,13
45480,45480,30,20
45481,45481,31,28
45482,45482,31,31
45483,45483,31,5
45484,45484,31,33
45485,45485,32,23
45486,45486,32,33
45487,45487,32,31
45488,45488,32,46
45489,45489,33,25
45490,45490,33,28
45491,45491,33,11
45492,45492,33,33
45493,45493,34,24
45494,45494,34,24
45495,45495,34,13
45496,45496,34,33
45497,45497,35,27
45498,45498,35,25
45499,45499,35,15
45500,45500,35,25
45501,45501,1,27
45502,45502,1,16
45503,45503,1,13
45504,45504,1,26
45505,45505,2,38
45506,45506,2,15
45507,45507,2,17
45508,45508,2,25
45509,45509,3,32
45510,45510,3,26
45511,45511,3,19
45512,45512,3,21
45513,45513,4,10
45514,45514,4,25
45515,45515,4,7
45516,45516,4,38
45517,45517,5,30
45518,45518,5,16
45519,45519,5,15
45520,45520,5,28
45521,45521,6,23
45522,45522,6,22
45523,45523,6,13
45524,45524,6,24
45525,45525,7,16
45526,45526,7,18
45527,45527,7,21
45528,45528,7,37
45529,45529,8,37
45530,45530,8,10
45531,45531,8,26
45532,45532,8,10
45533,45533,9,29
45534,45534,9,30
45535,45535,9,28
45536,45536,9,16
45537,45537,10,46
45538,45538,10,24
45539,45539,10,16
45540,45540,10,10
45541,45541,11,38
45542,45542,11,18
45543,45543,11,17
45544,45544,11,16
45545,45545,12,21
45546,45546,12,13
45547,45547,12,12
45548,45548,12,47
45549,45549,13,35
45550,45550,13,27
45551,45551,13,27
45552,45552,13,26
45553,45553,14,29
45554,45554,14,48
45555,45555,14,19
45556,45556,14,40
45557,45557,15,40
45558,45558,15,15
45559,45559,15,7
45560,45560,15,19
45561,45561,16,21
45562,45562,16,41
45563,45563,16,11
45564,45564,16,30
45565,45565,17,37
45566,45566,17,25
45567,45567,17,16
45568,45568,17,14
45569,45569,18,29
45570,45570,18,16
45571,45571,18,16
45572,45572,18,19
45573,45573,19,29
45574,45574,19,19
45575,45575,19,11
45576,45576,19,27
45577,45577,20,31
45578,45578,20,17
45579,45579,20,21
45580,45580,20,22
45581,45581,21,26
45582,45582,21,34
45583,45583,21,13
45584,45584,21,28
45585,45585,22,25
45586,45586,22,19
45587,45587,22,14
45588,45588,22,17
45589,45589,23,16
45590,45590,23,36
45591,45591,23,11
45592,45592,23,23
45593,45593,24,34
45594,45594,24,37
45595,45595,24,17
45596,45596,24,24
45597,45597,25,21
45598,45598,25,14
45599,45599,25,26
45600,45600,25,19
45601,45601,26,19
45602,45602,26,28
45603,45603,26,11
45604,45604,26,20
45605,45605,27,27
45606,45606,27,22
45607,45607,27,37
45608,45608,27,12
45609,45609,28,31
45610,45610,28,27
45611,45611,28,12
45612,45612,28,28
45613,45613,29,29
45614,45614,29,12
45615,45615,29,22
45616,45616,29,27
45617,45617,30,32
45618,45618,30,13
45619,45619,30,14
45620,45620,30,16
45621,45621,31,25
45622,45622,31,29
45623,45623,31,17
45624,45624,31,23
45625,45625,32,22
45626,45626,32,28
45627,45627,32,25
45628,45628,32,19
45629,45629,33,28
45630,45630,33,18
45631,45631,33,10
45632,45632,33,39
45633,45633,34,30
45634,45634,34,11
45635,45635,34,22
45636,45636,34,14
45637,45637,35,29
45638,45638,35,11
45639,45639,35,29
45640,45640,35,18
45641,45641,1,13
45642,45642,1,22
45643,45643,1,13
45644,45644,1,38
45645,45645,2,16
45646,45646,2,13
45647,45647,2,28
45648,45648,2,15
45649,45649,3,21
45650,45650,3,18
45651,45651,3,11
45652,45652,3,20
45653,45653,4,33
45654,45654,4,19
45655,45655,4,12
45656,45656,4,22
45657,45657,5,24
45658,45658,5,17
45659,45659,5,12
45660,45660,5,23
45661,45661,6,12
45662,45662,6,16
45663,45663,6,26
45664,45664,6,11
45665,45665,7,17
45666,45666,7,13
45667,45667,7,17
45668,45668,7,17
45669,45669,8,17
45670,45670,8,14
45671,45671,8,12
45672,45672,8,25
45673,45673,9,11
45674,45674,9,22
45675,45675,9,9
45676,45676,9,27
45677,45677,10,22
45678,45678,10,7
45679,45679,10,24
45680,45680,10,17
45681,45681,11,24
45682,45682,11,14
45683,45683,11,24
45684,45684,11,12
45685,45685,12,20
45686,45686,12,19
45687,45687,12,13
45688,45688,12,28
45689,45689,13,13
45690,45690,13,11
45691,45691,13,34
45692,45692,13,23
45693,45693,14,26
45694,45694,14,18
45695,45695,14,11
45696,45696,14,11
45697,45697,15,27
45698,45698,15,16
45699,45699,15,3
45700,45700,15,17
45701,45701,16,30
45702,45702,16,12
45703,45703,16,8
45704,45704,16,16
45705,45705,17,27
45706,45706,17,11
45707,45707,17,19
45708,45708,17,15
45709,45709,18,24
45710,45710,18,20
45711,45711,18,18
45712,45712,18,27
45713,45713,19,17
45714,45714,19,9
45715,45715,19,11
45716,45716,19,35
45717,45717,20,31
45718,45718,20,20
45719,45719,20,20
45720,45720,20,22
45721,45721,21,35
45722,45722,21,16
45723,45723,21,9
45724,45724,21,19
45725,45725,22,19
45726,45726,22,12
45727,45727,22,25
45728,45728,22,20
45729,45729,23,16
45730,45730,23,15
45731,45731,23,11
45732,45732,23,9
45733,45733,24,15
45734,45734,24,11
45735,45735,24,22
45736,45736,24,20
45737,45737,25,18
45738,45738,25,15
45739,45739,25,13
45740,45740,25,22
45741,45741,26,28
45742,45742,26,20
45743,45743,26,16
45744,45744,26,30
45745,45745,27,27
45746,45746,27,13
45747,45747,27,11
45748,45748,27,20
45749,45749,28,17
45750,45750,28,7
45751,45751,28,21
45752,45752,28,29
45753,45753,29,13
45754,45754,29,15
45755,45755,29,15
45756,45756,29,41
45757,45757,30,22
45758,45758,30,13
45759,45759,30,13
45760,45760,30,22
45761,45761,31,40
45762,45762,31,26
45763,45763,31,11
45764,45764,31,12
45765,45765,32,28
45766,45766,32,17
45767,45767,32,12
45768,45768,32,19
45769,45769,33,17
45770,45770,33,9
45771,45771,33,13
45772,45772,33,38
45773,45773,34,24
45774,45774,34,33
45775,45775,34,16
45776,45776,34,29
45777,45777,35,16
45778,45778,35,23
45779,45779,35,8
45780,45780,35,46
45781,45781,1,18
45782,45782,1,19
45783,45783,1,10
45784,45784,1,23
45785,45785,2,15
45786,45786,2,15
45787,45787,2,13
45788,45788,2,23
45789,45789,3,20
45790,45790,3,13
45791,45791,3,20
45792,45792,3,20
45793,45793,4,19
45794,45794,4,24
45795,45795,4,21
45796,45796,4,9
45797,45797,5,22
45798,45798,5,26
45799,45799,5,17
45800,45800,5,15
45801,45801,6,37
45802,45802,6,9
45803,45803,6,12
45804,45804,6,37
45805,45805,7,16
45806,45806,7,19
45807,45807,7,13
45808,45808,7,18
45809,45809,8,29
45810,45810,8,18
45811,45811,8,16
45812,45812,8,25
45813,45813,9,26
45814,45814,9,16
45815,45815,9,14
45816,45816,9,35
45817,45817,10,27
45818,45818,10,9
45819,45819,10,12
45820,45820,10,8
45821,45821,11,32
45822,45822,11,21
45823,45823,11,17
45824,45824,11,14
45825,45825,12,30
45826,45826,12,18
45827,45827,12,18
45828,45828,12,20
45829,45829,13,24
45830,45830,13,12
45831,45831,13,19
45832,45832,13,40
45833,45833,14,30
45834,45834,14,15
45835,45835,14,17
45836,45836,14,17
45837,45837,15,24
45838,45838,15,16
45839,45839,15,11
45840,45840,15,23
45841,45841,16,18
45842,45842,16,10
45843,45843,16,19
45844,45844,16,19
45845,45845,17,25
45846,45846,17,10
45847,45847,17,7
45848,45848,17,24
45849,45849,18,25
45850,45850,18,11
45851,45851,18,10
45852,45852,18,22
45853,45853,19,17
45854,45854,19,17
45855,45855,19,8
45856,45856,19,28
45857,45857,20,27
45858,45858,20,10
45859,45859,20,16
45860,45860,20,8
45861,45861,21,27
45862,45862,21,19
45863,45863,21,8
45864,45864,21,20
45865,45865,22,23
45866,45866,22,24
45867,45867,22,19
45868,45868,22,28
45869,45869,23,38
45870,45870,23,10
45871,45871,23,8
45872,45872,23,18
45873,45873,24,39
45874,45874,24,11
45875,45875,24,12
45876,45876,24,20
45877,45877,25,24
45878,45878,25,8
45879,45879,25,9
45880,45880,25,22
45881,45881,26,24
45882,45882,26,17
45883,45883,26,9
45884,45884,26,14
45885,45885,27,23
45886,45886,27,31
45887,45887,27,10
45888,45888,27,23
45889,45889,28,40
45890,45890,28,8
45891,45891,28,15
45892,45892,28,29
45893,45893,29,29
45894,45894,29,16
45895,45895,29,11
45896,45896,29,17
45897,45897,30,26
45898,45898,30,27
45899,45899,30,7
45900,45900,30,8
45901,45901,31,34
45902,45902,31,12
45903,45903,31,9
45904,45904,31,9
45905,45905,32,13
45906,45906,32,18
45907,45907,32,14
45908,45908,32,22
45909,45909,33,11
45910,45910,33,12
45911,45911,33,27
45912,45912,33,26
45913,45913,34,25
45914,45914,34,12
45915,45915,34,11
45916,45916,34,17
45917,45917,35,32
45918,45918,35,10
45919,45919,35,14
45920,45920,35,20
45921,45921,1,29
45922,45922,1,19
45923,45923,1,8
45924,45924,1,18
45925,45925,2,32
45926,45926,2,15
45927,45927,2,16
45928,45928,2,18
45929,45929,3,19
45930,45930,3,22
45931,45931,3,21
45932,45932,3,25
45933,45933,4,33
45934,45934,4,24
45935,45935,4,8
45936,45936,4,21
45937,45937,5,20
45938,45938,5,25
45939,45939,5,19
45940,45940,5,24
45941,45941,6,34
45942,45942,6,16
45943,45943,6,7
45944,45944,6,32
45945,45945,7,19
45946,45946,7,17
45947,45947,7,15
45948,45948,7,27
45949,45949,8,26
45950,45950,8,15
45951,45951,8,7
45952,45952,8,14
45953,45953,9,41
45954,45954,9,11
45955,45955,9,30
45956,45956,9,12
45957,45957,10,19
45958,45958,10,19
45959,45959,10,14
45960,45960,10,31
45961,45961,11,39
45962,45962,11,16
45963,45963,11,3
45964,45964,11,17
45965,45965,12,34
45966,45966,12,19
45967,45967,12,8
45968,45968,12,25
45969,45969,13,32
45970,45970,13,15
45971,45971,13,10
45972,45972,13,28
45973,45973,14,50
45974,45974,14,14
45975,45975,14,14
45976,45976,14,7
45977,45977,15,32
45978,45978,15,17
45979,45979,15,17
45980,45980,15,30
45981,45981,16,41
45982,45982,16,27
45983,45983,16,5
45984,45984,16,33
45985,45985,17,28
45986,45986,17,23
45987,45987,17,6
45988,45988,17,20
45989,45989,18,22
45990,45990,18,13
45991,45991,18,22
45992,45992,18,17
45993,45993,19,22
45994,45994,19,26
45995,45995,19,11
45996,45996,19,35
45997,45997,20,25
45998,45998,20,26
45999,45999,20,18
46000,46000,20,16
46001,46001,21,29
46002,46002,21,22
46003,46003,21,11
46004,46004,21,12
46005,46005,22,20
46006,46006,22,13
46007,46007,22,13
46008,46008,22,29
46009,46009,23,29
46010,46010,23,9
46011,46011,23,17
46012,46012,23,16
46013,46013,24,37
46014,46014,24,11
46015,46015,24,7
46016,46016,24,16
46017,46017,25,21
46018,46018,25,18
46019,46019,25,10
46020,46020,25,22
46021,46021,26,12
46022,46022,26,33
46023,46023,26,27
46024,46024,26,21
46025,46025,27,22
46026,46026,27,14
46027,46027,27,14
46028,46028,27,38
46029,46029,28,17
46030,46030,28,29
46031,46031,28,17
46032,46032,28,20
46033,46033,29,22
46034,46034,29,19
46035,46035,29,20
46036,46036,29,22
46037,46037,30,41
46038,46038,30,20
46039,46039,30,7
46040,46040,30,31
46041,46041,31,24
46042,46042,31,23
46043,46043,31,14
46044,46044,31,24
46045,46045,32,15
46046,46046,32,38
46047,46047,32,9
46048,46048,32,21
46049,46049,33,27
46050,46050,33,11
46051,46051,33,14
46052,46052,33,20
46053,46053,34,24
46054,46054,34,24
46055,46055,34,24
46056,46056,34,13
46057,46057,35,25
46058,46058,35,7
46059,46059,35,23
46060,46060,35,36
46061,46061,1,32
46062,46062,1,21
46063,46063,1,16
46064,46064,1,23
46065,46065,2,33
46066,46066,2,33
46067,46067,2,27
46068,46068,2,12
46069,46069,3,43
46070,46070,3,10
46071,46071,3,15
46072,46072,3,15
46073,46073,4,37
46074,46074,4,16
46075,46075,4,16
46076,46076,4,15
46077,46077,5,26
46078,46078,5,19
46079,46079,5,21
46080,46080,5,29
46081,46081,6,38
46082,46082,6,24
46083,46083,6,10
46084,46084,6,20
46085,46085,7,37
46086,46086,7,28
46087,46087,7,9
46088,46088,7,23
46089,46089,8,27
46090,46090,8,24
46091,46091,8,11
46092,46092,8,30
46093,46093,9,30
46094,46094,9,14
46095,46095,9,14
46096,46096,9,15
46097,46097,10,36
46098,46098,10,7
46099,46099,10,27
46100,46100,10,22
46101,46101,11,14
46102,46102,11,25
46103,46103,11,22
46104,46104,11,24
46105,46105,12,23
46106,46106,12,20
46107,46107,12,31
46108,46108,12,25
46109,46109,13,29
46110,46110,13,22
46111,46111,13,18
46112,46112,13,34
46113,46113,14,19
46114,46114,14,24
46115,46115,14,12
46116,46116,14,35
46117,46117,15,19
46118,46118,15,24
46119,46119,15,29
46120,46120,15,28
46121,46121,16,23
46122,46122,16,29
46123,46123,16,10
46124,46124,16,16
46125,46125,17,49
46126,46126,17,28
46127,46127,17,16
46128,46128,17,21
46129,46129,18,27
46130,46130,18,16
46131,46131,18,18
46132,46132,18,31
46133,46133,19,27
46134,46134,19,21
46135,46135,19,20
46136,46136,19,22
46137,46137,20,15
46138,46138,20,28
46139,46139,20,24
46140,46140,20,24
46141,46141,21,44
46142,46142,21,28
46143,46143,21,18
46144,46144,21,28
46145,46145,22,37
46146,46146,22,22
46147,46147,22,27
46148,46148,22,32
46149,46149,23,28
46150,46150,23,18
46151,46151,23,27
46152,46152,23,30
46153,46153,24,20
46154,46154,24,16
46155,46155,24,18
46156,46156,24,35
46157,46157,25,39
46158,46158,25,16
46159,46159,25,15
46160,46160,25,33
46161,46161,26,42
46162,46162,26,19
46163,46163,26,37
46164,46164,26,21
46165,46165,27,39
46166,46166,27,10
46167,46167,27,10
46168,46168,27,32
46169,46169,28,28
46170,46170,28,10
46171,46171,28,14
46172,46172,28,32
46173,46173,29,18
46174,46174,29,26
46175,46175,29,18
46176,46176,29,25
46177,46177,30,42
46178,46178,30,32
46179,46179,30,7
46180,46180,30,13
46181,46181,31,41
46182,46182,31,31
46183,46183,31,14
46184,46184,31,16
46185,46185,32,15
46186,46186,32,10
46187,46187,32,12
46188,46188,32,51
46189,46189,33,38
46190,46190,33,12
46191,46191,33,7
46192,46192,33,30
46193,46193,34,28
46194,46194,34,14
46195,46195,34,16
46196,46196,34,25
46197,46197,35,39
46198,46198,35,8
46199,46199,35,14
46200,46200,35,29
46201,46201,1,38
46202,46202,1,30
46203,46203,1,19
46204,46204,1,21
46205,46205,2,36
46206,46206,2,23
46207,46207,2,21
46208,46208,2,24
46209,46209,3,41
46210,46210,3,15
46211,46211,3,13
46212,46212,3,21
46213,46213,4,38
46214,46214,4,14
46215,46215,4,24
46216,46216,4,21
46217,46217,5,43
46218,46218,5,20
46219,46219,5,20
46220,46220,5,35
46221,46221,6,37
46222,46222,6,22
46223,46223,6,11
46224,46224,6,32
46225,46225,7,30
46226,46226,7,31
46227,46227,7,36
46228,46228,7,16
46229,46229,8,42
46230,46230,8,19
46231,46231,8,15
46232,46232,8,46
46233,46233,9,27
46234,46234,9,44
46235,46235,9,22
46236,46236,9,21
46237,46237,10,19
46238,46238,10,19
46239,46239,10,27
46240,46240,10,34
46241,46241,11,29
46242,46242,11,23
46243,46243,11,31
46244,46244,11,35
46245,46245,12,21
46246,46246,12,20
46247,46247,12,38
46248,46248,12,27
46249,46249,13,33
46250,46250,13,45
46251,46251,13,22
46252,46252,13,39
46253,46253,14,39
46254,46254,14,20
46255,46255,14,16
46256,46256,14,19
46257,46257,15,22
46258,46258,15,16
46259,46259,15,38
46260,46260,15,33
46261,46261,16,17
46262,46262,16,35
46263,46263,16,17
46264,46264,16,22
46265,46265,17,26
46266,46266,17,25
46267,46267,17,11
46268,46268,17,25
46269,46269,18,31
46270,46270,18,33
46271,46271,18,14
46272,46272,18,18
46273,46273,19,37
46274,46274,19,19
46275,46275,19,20
46276,46276,19,16
46277,46277,20,6
46278,46278,20,64
46279,46279,20,17
46280,46280,20,27
46281,46281,21,34
46282,46282,21,20
46283,46283,21,15
46284,46284,21,35
46285,46285,22,29
46286,46286,22,20
46287,46287,22,26
46288,46288,22,35
46289,46289,23,19
46290,46290,23,33
46291,46291,23,26
46292,46292,23,15
46293,46293,24,13
46294,46294,24,25
46295,46295,24,41
46296,46296,24,25
46297,46297,25,31
46298,46298,25,21
46299,46299,25,16
46300,46300,25,12
46301,46301,26,41
46302,46302,26,20
46303,46303,26,14
46304,46304,26,20
46305,46305,27,36
46306,46306,27,9
46307,46307,27,18
46308,46308,27,20
46309,46309,28,40
46310,46310,28,17
46311,46311,28,18
46312,46312,28,16
46313,46313,29,28
46314,46314,29,16
46315,46315,29,14
46316,46316,29,24
46317,46317,30,41
46318,46318,30,11
46319,46319,30,9
46320,46320,30,37
46321,46321,31,30
46322,46322,31,14
46323,46323,31,35
46324,46324,31,18
46325,46325,32,26
46326,46326,32,14
46327,46327,32,15
46328,46328,32,39
46329,46329,33,31
46330,46330,33,7
46331,46331,33,25
46332,46332,33,43
46333,46333,34,43
46334,46334,34,20
46335,46335,34,17
46336,46336,34,17
46337,46337,35,52
46338,46338,35,20
46339,46339,35,21
46340,46340,35,23
46341,46341,1,55
46342,46342,1,14
46343,46343,1,24
46344,46344,1,36
46345,46345,2,38
46346,46346,2,18
46347,46347,2,19
46348,46348,2,21
46349,46349,3,30
46350,46350,3,27
46351,46351,3,25
46352,46352,3,26
46353,46353,4,30
46354,46354,4,23
46355,46355,4,20
46356,46356,4,37
46357,46357,5,45
46358,46358,5,9
46359,46359,5,12
46360,46360,5,46
46361,46361,6,28
46362,46362,6,15
46363,46363,6,57
46364,46364,6,32
46365,46365,7,25
46366,46366,7,32
46367,46367,7,16
46368,46368,7,17
46369,46369,8,23
46370,46370,8,28
46371,46371,8,10
46372,46372,8,30
46373,46373,9,52
46374,46374,9,18
46375,46375,9,6
46376,46376,9,24
46377,46377,10,32
46378,46378,10,30
46379,46379,10,10
46380,46380,10,33
46381,46381,11,30
46382,46382,11,38
46383,46383,11,20
46384,46384,11,51
46385,46385,12,33
46386,46386,12,18
46387,46387,12,14
46388,46388,12,31
46389,46389,13,15
46390,46390,13,29
46391,46391,13,19
46392,46392,13,32
46393,46393,14,30
46394,46394,14,21
46395,46395,14,14
46396,46396,14,12
46397,46397,15,33
46398,46398,15,24
46399,46399,15,13
46400,46400,15,32
46401,46401,16,31
46402,46402,16,28
46403,46403,16,36
46404,46404,16,26
46405,46405,17,27
46406,46406,17,25
46407,46407,17,27
46408,46408,17,59
46409,46409,18,38
46410,46410,18,19
46411,46411,18,25
46412,46412,18,30
46413,46413,19,30
46414,46414,19,32
46415,46415,19,28
46416,46416,19,20
46417,46417,20,43
46418,46418,20,37
46419,46419,20,26
46420,46420,20,27
46421,46421,21,49
46422,46422,21,10
46423,46423,21,26
46424,46424,21,40
46425,46425,22,64
46426,46426,22,15
46427,46427,22,19
46428,46428,22,23
46429,46429,23,32
46430,46430,23,13
46431,46431,23,10
46432,46432,23,35
46433,46433,24,36
46434,46434,24,20
46435,46435,24,24
46436,46436,24,19
46437,46437,25,32
46438,46438,25,6
46439,46439,25,15
46440,46440,25,32
46441,46441,26,15
46442,46442,26,20
46443,46443,26,13
46444,46444,26,19
46445,46445,27,28
46446,46446,27,29
46447,46447,27,11
46448,46448,27,29
46449,46449,28,10
46450,46450,28,24
46451,46451,28,15
46452,46452,28,31
46453,46453,29,25
46454,46454,29,28
46455,46455,29,15
46456,46456,29,46
46457,46457,30,31
46458,46458,30,18
46459,46459,30,24
46460,46460,30,12
46461,46461,31,37
46462,46462,31,13
46463,46463,31,18
46464,46464,31,44
46465,46465,32,43
46466,46466,32,27
46467,46467,32,22
46468,46468,32,32
46469,46469,33,42
46470,46470,33,9
46471,46471,33,28
46472,46472,33,20
46473,46473,34,26
46474,46474,34,29
46475,46475,34,24
46476,46476,34,20
46477,46477,35,27
46478,46478,35,38
46479,46479,35,10
46480,46480,35,40
46481,46481,1,27
46482,46482,1,25
46483,46483,1,13
46484,46484,1,40
46485,46485,2,30
46486,46486,2,15
46487,46487,2,11
46488,46488,2,45
46489,46489,3,31
46490,46490,3,16
46491,46491,3,8
46492,46492,3,30
46493,46493,4,20
46494,46494,4,27
46495,46495,4,13
46496,46496,4,23
46497,46497,5,21
46498,46498,5,27
46499,46499,5,19
46500,46500,5,16
46501,46501,6,30
46502,46502,6,24
46503,46503,6,32
46504,46504,6,35
46505,46505,7,30
46506,46506,7,11
46507,46507,7,21
46508,46508,7,36
46509,46509,8,22
46510,46510,8,32
46511,46511,8,10
46512,46512,8,24
46513,46513,9,39
46514,46514,9,19
46515,46515,9,13
46516,46516,9,14
46517,46517,10,35
46518,46518,10,36
46519,46519,10,7
46520,46520,10,18
46521,46521,11,32
46522,46522,11,17
46523,46523,11,20
46524,46524,11,25
46525,46525,12,36
46526,46526,12,17
46527,46527,12,11
46528,46528,12,34
46529,46529,13,36
46530,46530,13,22
46531,46531,13,14
46532,46532,13,3
46533,46533,14,13
46534,46534,14,12
46535,46535,14,7
46536,46536,14,22
46537,46537,15,28
46538,46538,15,17
46539,46539,15,24
46540,46540,15,24
46541,46541,16,30
46542,46542,16,19
46543,46543,16,16
46544,46544,16,32
46545,46545,17,21
46546,46546,17,30
46547,46547,17,25
46548,46548,17,25
46549,46549,18,35
46550,46550,18,18
46551,46551,18,12
46552,46552,18,28
46553,46553,19,33
46554,46554,19,13
46555,46555,19,22
46556,46556,19,34
46557,46557,20,47
46558,46558,20,21
46559,46559,20,25
46560,46560,20,20
46561,46561,21,45
46562,46562,21,16
46563,46563,21,26
46564,46564,21,37
46565,46565,22,33
46566,46566,22,25
46567,46567,22,25
46568,46568,22,21
46569,46569,23,19
46570,46570,23,25
46571,46571,23,17
46572,46572,23,23
46573,46573,24,30
46574,46574,24,15
46575,46575,24,21
46576,46576,24,16
46577,46577,25,25
46578,46578,25,15
46579,46579,25,12
46580,46580,25,12
46581,46581,26,26
46582,46582,26,12
46583,46583,26,14
46584,46584,26,20
46585,46585,27,19
46586,46586,27,20
46587,46587,27,24
46588,46588,27,22
46589,46589,28,16
46590,46590,28,13
46591,46591,28,13
46592,46592,28,33
46593,46593,29,62
46594,46594,29,21
46595,46595,29,33
46596,46596,29,19
46597,46597,30,37
46598,46598,30,22
46599,46599,30,14
46600,46600,30,19
46601,46601,31,19
46602,46602,31,17
46603,46603,31,24
46604,46604,31,23
46605,46605,32,42
46606,46606,32,18
46607,46607,32,10
46608,46608,32,16
46609,46609,33,19
46610,46610,33,14
46611,46611,33,22
46612,46612,33,33
46613,46613,34,18
46614,46614,34,34
46615,46615,34,6
46616,46616,34,23
46617,46617,35,36
46618,46618,35,9
46619,46619,35,23
46620,46620,35,29
46621,46621,1,20
46622,46622,1,12
46623,46623,1,12
46624,46624,1,19
46625,46625,2,24
46626,46626,2,9
46627,46627,2,4
46628,46628,2,34
46629,46629,3,24
46630,46630,3,25
46631,46631,3,14
46632,46632,3,21
46633,46633,4,26
46634,46634,4,7
46635,46635,4,16
46636,46636,4,21
46637,46637,5,23
46638,46638,5,10
46639,46639,5,12
46640,46640,5,23
46641,46641,6,29
46642,46642,6,22
46643,46643,6,19
46644,46644,6,21
46645,46645,7,15
46646,46646,7,12
46647,46647,7,12
46648,46648,7,17
46649,46649,8,29
46650,46650,8,8
46651,46651,8,27
46652,46652,8,36
46653,46653,9,18
46654,46654,9,26
46655,46655,9,17
46656,46656,9,14
46657,46657,10,24
46658,46658,10,21
46659,46659,10,22
46660,46660,10,29
46661,46661,11,46
46662,46662,11,8
46663,46663,11,8
46664,46664,11,27
46665,46665,12,29
46666,46666,12,13
46667,46667,12,18
46668,46668,12,23
46669,46669,13,32
46670,46670,13,19
46671,46671,13,17
46672,46672,13,21
46673,46673,14,18
46674,46674,14,11
46675,46675,14,17
46676,46676,14,27
46677,46677,15,17
46678,46678,15,8
46679,46679,15,12
46680,46680,15,25
46681,46681,16,25
46682,46682,16,12
46683,46683,16,11
46684,46684,16,25
46685,46685,17,15
46686,46686,17,24
46687,46687,17,25
46688,46688,17,18
46689,46689,18,33
46690,46690,18,25
46691,46691,18,7
46692,46692,18,31
46693,46693,19,15
46694,46694,19,13
46695,46695,19,12
46696,46696,19,21
46697,46697,20,30
46698,46698,20,14
46699,46699,20,25
46700,46700,20,25
46701,46701,21,30
46702,46702,21,24
46703,46703,21,19
46704,46704,21,14
46705,46705,22,20
46706,46706,22,13
46707,46707,22,5
46708,46708,22,27
46709,46709,23,21
46710,46710,23,14
46711,46711,23,19
46712,46712,23,19
46713,46713,24,22
46714,46714,24,33
46715,46715,24,5
46716,46716,24,29
46717,46717,25,26
46718,46718,25,20
46719,46719,25,17
46720,46720,25,21
46721,46721,26,21
46722,46722,26,10
46723,46723,26,21
46724,46724,26,34
46725,46725,27,20
46726,46726,27,18
46727,46727,27,15
46728,46728,27,17
46729,46729,28,40
46730,46730,28,20
46731,46731,28,8
46732,46732,28,10
46733,46733,29,26
46734,46734,29,11
46735,46735,29,5
46736,46736,29,22
46737,46737,30,47
46738,46738,30,12
46739,46739,30,8
46740,46740,30,12
46741,46741,31,25
46742,46742,31,10
46743,46743,31,11
46744,46744,31,24
46745,46745,32,19
46746,46746,32,24
46747,46747,32,11
46748,46748,32,19
46749,46749,33,18
46750,46750,33,17
46751,46751,33,10
46752,46752,33,24
46753,46753,34,25
46754,46754,34,10
46755,46755,34,11
46756,46756,34,34
46757,46757,35,24
46758,46758,35,16
46759,46759,35,10
46760,46760,35,20
46761,46761,1,18
46762,46762,1,24
46763,46763,1,16
46764,46764,1,26
46765,46765,2,36
46766,46766,2,13
46767,46767,2,13
46768,46768,2,30
46769,46769,3,29
46770,46770,3,39
46771,46771,3,7
46772,46772,3,24
46773,46773,4,8
46774,46774,4,22
46775,46775,4,9
46776,46776,4,27
46777,46777,5,14
46778,46778,5,31
46779,46779,5,11
46780,46780,5,27
46781,46781,6,23
46782,46782,6,17
46783,46783,6,13
46784,46784,6,23
46785,46785,7,32
46786,46786,7,17
46787,46787,7,10
46788,46788,7,22
46789,46789,8,30
46790,46790,8,17
46791,46791,8,10
46792,46792,8,18
46793,46793,9,24
46794,46794,9,22
46795,46795,9,14
46796,46796,9,11
46797,46797,10,20
46798,46798,10,13
46799,46799,10,20
46800,46800,10,36
46801,46801,11,29
46802,46802,11,10
46803,46803,11,29
46804,46804,11,23
46805,46805,12,21
46806,46806,12,29
46807,46807,12,16
46808,46808,12,14
46809,46809,13,12
46810,46810,13,22
46811,46811,13,21
46812,46812,13,28
46813,46813,14,25
46814,46814,14,25
46815,46815,14,7
46816,46816,14,34
46817,46817,15,26
46818,46818,15,19
46819,46819,15,12
46820,46820,15,18
46821,46821,16,27
46822,46822,16,22
46823,46823,16,14
46824,46824,16,18
46825,46825,17,34
46826,46826,17,6
46827,46827,17,8
46828,46828,17,20
46829,46829,18,19
46830,46830,18,15
46831,46831,18,17
46832,46832,18,16
46833,46833,19,33
46834,46834,19,10
46835,46835,19,17
46836,46836,19,23
46837,46837,20,20
46838,46838,20,23
46839,46839,20,24
46840,46840,20,32
46841,46841,21,31
46842,46842,21,7
46843,46843,21,17
46844,46844,21,17
46845,46845,22,37
46846,46846,22,14
46847,46847,22,12
46848,46848,22,14
46849,46849,23,14
46850,46850,23,22
46851,46851,23,15
46852,46852,23,34
46853,46853,24,17
46854,46854,24,14
46855,46855,24,11
46856,46856,24,29
46857,46857,25,19
46858,46858,25,16
46859,46859,25,20
46860,46860,25,26
46861,46861,26,44
46862,46862,26,23
46863,46863,26,13
46864,46864,26,13
46865,46865,27,14
46866,46866,27,21
46867,46867,27,18
46868,46868,27,23
46869,46869,28,23
46870,46870,28,22
46871,46871,28,14
46872,46872,28,24
46873,46873,29,22
46874,46874,29,19
46875,46875,29,12
46876,46876,29,22
46877,46877,30,39
46878,46878,30,10
46879,46879,30,16
46880,46880,30,23
46881,46881,31,33
46882,46882,31,13
46883,46883,31,12
46884,46884,31,18
46885,46885,32,45
46886,46886,32,12
46887,46887,32,12
46888,46888,32,17
46889,46889,33,11
46890,46890,33,25
46891,46891,33,14
46892,46892,33,23
46893,46893,34,32
46894,46894,34,33
46895,46895,34,15
46896,46896,34,9
46897,46897,35,19
46898,46898,35,10
46899,46899,35,11
46900,46900,35,13
46901,46901,1,29
46902,46902,1,17
46903,46903,1,10
46904,46904,1,28
46905,46905,2,29
46906,46906,2,26
46907,46907,2,10
46908,46908,2,18
46909,46909,3,29
46910,46910,3,24
46911,46911,3,16
46912,46912,3,19
46913,46913,4,22
46914,46914,4,19
46915,46915,4,14
46916,46916,4,20
46917,46917,5,13
46918,46918,5,25
46919,46919,5,25
46920,46920,5,8
46921,46921,6,35
46922,46922,6,18
46923,46923,6,18
46924,46924,6,25
46925,46925,7,22
46926,46926,7,19
46927,46927,7,12
46928,46928,7,34
46929,46929,8,32
46930,46930,8,19
46931,46931,8,16
46932,46932,8,28
46933,46933,9,33
46934,46934,9,4
46935,46935,9,14
46936,46936,9,33
46937,46937,10,30
46938,46938,10,18
46939,46939,10,12
46940,46940,10,13
46941,46941,11,19
46942,46942,11,16
46943,46943,11,10
46944,46944,11,14
46945,46945,12,37
46946,46946,12,18
46947,46947,12,17
46948,46948,12,22
46949,46949,13,25
46950,46950,13,26
46951,46951,13,18
46952,46952,13,14
46953,46953,14,26
46954,46954,14,28
46955,46955,14,21
46956,46956,14,11
46957,46957,15,23
46958,46958,15,15
46959,46959,15,13
46960,46960,15,25
46961,46961,16,31
46962,46962,16,25
46963,46963,16,12
46964,46964,16,21
46965,46965,17,50
46966,46966,17,15
46967,46967,17,5
46968,46968,17,31
46969,46969,18,27
46970,46970,18,24
46971,46971,18,11
46972,46972,18,14
46973,46973,19,26
46974,46974,19,20
46975,46975,19,10
46976,46976,19,22
46977,46977,20,33
46978,46978,20,28
46979,46979,20,21
46980,46980,20,19
46981,46981,21,34
46982,46982,21,9
46983,46983,21,16
46984,46984,21,11
46985,46985,22,28
46986,46986,22,8
46987,46987,22,19
46988,46988,22,21
46989,46989,23,22
46990,46990,23,22
46991,46991,23,6
46992,46992,23,14
46993,46993,24,18
46994,46994,24,27
46995,46995,24,10
46996,46996,24,16
46997,46997,25,31
46998,46998,25,25
46999,46999,25,21
47000,47000,25,15
47001,47001,26,40
47002,47002,26,13
47003,47003,26,9
47004,47004,26,22
47005,47005,27,25
47006,47006,27,14
47007,47007,27,8
47008,47008,27,28
47009,47009,28,15
47010,47010,28,14
47011,47011,28,12
47012,47012,28,29
47013,47013,29,20
47014,47014,29,19
47015,47015,29,21
47016,47016,29,29
47017,47017,30,24
47018,47018,30,11
47019,47019,30,14
47020,47020,30,28
47021,47021,31,21
47022,47022,31,17
47023,47023,31,23
47024,47024,31,17
47025,47025,32,20
47026,47026,32,29
47027,47027,32,15
47028,47028,32,23
47029,47029,33,17
47030,47030,33,13
47031,47031,33,13
47032,47032,33,24
47033,47033,34,21
47034,47034,34,17
47035,47035,34,15
47036,47036,34,23
47037,47037,35,42
47038,47038,35,16
47039,47039,35,26
47040,47040,35,19
47041,47041,1,35
47042,47042,1,17
47043,47043,1,27
47044,47044,1,25
47045,47045,2,24
47046,47046,2,24
47047,47047,2,17
47048,47048,2,30
47049,47049,3,34
47050,47050,3,16
47051,47051,3,16
47052,47052,3,28
47053,47053,4,37
47054,47054,4,29
47055,47055,4,10
47056,47056,4,29
47057,47057,5,14
47058,47058,5,22
47059,47059,5,14
47060,47060,5,38
47061,47061,6,16
47062,47062,6,15
47063,47063,6,29
47064,47064,6,36
47065,47065,7,32
47066,47066,7,15
47067,47067,7,30
47068,47068,7,30
47069,47069,8,23
47070,47070,8,32
47071,47071,8,11
47072,47072,8,23
47073,47073,9,31
47074,47074,9,23
47075,47075,9,19
47076,47076,9,29
47077,47077,10,18
47078,47078,10,12
47079,47079,10,18
47080,47080,10,35
47081,47081,11,32
47082,47082,11,13
47083,47083,11,17
47084,47084,11,38
47085,47085,12,15
47086,47086,12,27
47087,47087,12,20
47088,47088,12,29
47089,47089,13,29
47090,47090,13,21
47091,47091,13,13
47092,47092,13,20
47093,47093,14,21
47094,47094,14,14
47095,47095,14,24
47096,47096,14,23
47097,47097,15,30
47098,47098,15,21
47099,47099,15,23
47100,47100,15,24
47101,47101,16,19
47102,47102,16,22
47103,47103,16,7
47104,47104,16,46
47105,47105,17,33
47106,47106,17,15
47107,47107,17,20
47108,47108,17,23
47109,47109,18,43
47110,47110,18,28
47111,47111,18,14
47112,47112,18,31
47113,47113,19,16
47114,47114,19,53
47115,47115,19,11
47116,47116,19,38
47117,47117,20,14
47118,47118,20,22
47119,47119,20,12
47120,47120,20,41
47121,47121,21,27
47122,47122,21,21
47123,47123,21,17
47124,47124,21,46
47125,47125,22,27
47126,47126,22,12
47127,47127,22,24
47128,47128,22,16
47129,47129,23,51
47130,47130,23,17
47131,47131,23,18
47132,47132,23,24
47133,47133,24,39
47134,47134,24,16
47135,47135,24,16
47136,47136,24,32
47137,47137,25,25
47138,47138,25,25
47139,47139,25,13
47140,47140,25,13
47141,47141,26,25
47142,47142,26,17
47143,47143,26,22
47144,47144,26,7
47145,47145,27,29
47146,47146,27,12
47147,47147,27,15
47148,47148,27,19
47149,47149,28,29
47150,47150,28,27
47151,47151,28,27
47152,47152,28,15
47153,47153,29,29
47154,47154,29,24
47155,47155,29,16
47156,47156,29,31
47157,47157,30,16
47158,47158,30,22
47159,47159,30,22
47160,47160,30,38
47161,47161,31,40
47162,47162,31,18
47163,47163,31,8
47164,47164,31,26
47165,47165,32,22
47166,47166,32,13
47167,47167,32,16
47168,47168,32,25
47169,47169,33,30
47170,47170,33,9
47171,47171,33,15
47172,47172,33,25
47173,47173,34,36
47174,47174,34,26
47175,47175,34,8
47176,47176,34,27
47177,47177,35,14
47178,47178,35,23
47179,47179,35,20
47180,47180,35,18
47181,47181,1,28
47182,47182,1,20
47183,47183,1,26
47184,47184,1,35
47185,47185,2,41
47186,47186,2,29
47187,47187,2,25
47188,47188,2,18
47189,47189,3,33
47190,47190,3,28
47191,47191,3,21
47192,47192,3,26
47193,47193,4,21
47194,47194,4,43
47195,47195,4,28
47196,47196,4,14
47197,47197,5,37
47198,47198,5,22
47199,47199,5,10
47200,47200,5,45
47201,47201,6,39
47202,47202,6,36
47203,47203,6,14
47204,47204,6,33
47205,47205,7,30
47206,47206,7,28
47207,47207,7,21
47208,47208,7,20
47209,47209,8,59
47210,47210,8,28
47211,47211,8,23
47212,47212,8,20
47213,47213,9,36
47214,47214,9,24
47215,47215,9,28
47216,47216,9,21
47217,47217,10,40
47218,47218,10,12
47219,47219,10,21
47220,47220,10,18
47221,47221,11,48
47222,47222,11,10
47223,47223,11,25
47224,47224,11,16
47225,47225,12,26
47226,47226,12,29
47227,47227,12,16
47228,47228,12,42
47229,47229,13,15
47230,47230,13,19
47231,47231,13,13
47232,47232,13,33
47233,47233,14,21
47234,47234,14,20
47235,47235,14,12
47236,47236,14,39
47237,47237,15,35
47238,47238,15,26
47239,47239,15,9
47240,47240,15,33
47241,47241,16,38
47242,47242,16,9
47243,47243,16,16
47244,47244,16,28
47245,47245,17,24
47246,47246,17,28
47247,47247,17,36
47248,47248,17,38
47249,47249,18,20
47250,47250,18,33
47251,47251,18,18
47252,47252,18,14
47253,47253,19,48
47254,47254,19,25
47255,47255,19,9
47256,47256,19,23
47257,47257,20,48
47258,47258,20,10
47259,47259,20,17
47260,47260,20,20
47261,47261,21,66
47262,47262,21,44
47263,47263,21,10
47264,47264,21,31
47265,47265,22,69
47266,47266,22,14
47267,47267,22,14
47268,47268,22,27
47269,47269,23,26
47270,47270,23,15
47271,47271,23,31
47272,47272,23,31
47273,47273,24,25
47274,47274,24,37
47275,47275,24,22
47276,47276,24,29
47277,47277,25,19
47278,47278,25,17
47279,47279,25,20
47280,47280,25,22
47281,47281,26,23
47282,47282,26,26
47283,47283,26,16
47284,47284,26,31
47285,47285,27,24
47286,47286,27,24
47287,47287,27,14
47288,47288,27,18
47289,47289,28,25
47290,47290,28,30
47291,47291,28,10
47292,47292,28,14
47293,47293,29,15
47294,47294,29,15
47295,47295,29,25
47296,47296,29,48
47297,47297,30,22
47298,47298,30,22
47299,47299,30,34
47300,47300,30,24
47301,47301,31,24
47302,47302,31,15
47303,47303,31,32
47304,47304,31,20
47305,47305,32,31
47306,47306,32,41
47307,47307,32,20
47308,47308,32,30
47309,47309,33,46
47310,47310,33,14
47311,47311,33,16
47312,47312,33,14
47313,47313,34,35
47314,47314,34,20
47315,47315,34,18
47316,47316,34,25
47317,47317,35,21
47318,47318,35,43
47319,47319,35,26
47320,47320,35,35
47321,47321,1,15
47322,47322,1,20
47323,47323,1,28
47324,47324,1,17
47325,47325,2,35
47326,47326,2,10
47327,47327,2,9
47328,47328,2,23
47329,47329,3,49
47330,47330,3,25
47331,47331,3,17
47332,47332,3,33
47333,47333,4,33
47334,47334,4,17
47335,47335,4,5
47336,47336,4,28
47337,47337,5,43
47338,47338,5,36
47339,47339,5,20
47340,47340,5,63
47341,47341,6,20
47342,47342,6,18
47343,47343,6,26
47344,47344,6,46
47345,47345,7,50
47346,47346,7,41
47347,47347,7,28
47348,47348,7,16
47349,47349,8,35
47350,47350,8,21
47351,47351,8,9
47352,47352,8,39
47353,47353,9,15
47354,47354,9,28
47355,47355,9,35
47356,47356,9,23
47357,47357,10,44
47358,47358,10,27
47359,47359,10,15
47360,47360,10,25
47361,47361,11,36
47362,47362,11,18
47363,47363,11,19
47364,47364,11,20
47365,47365,12,21
47366,47366,12,32
47367,47367,12,25
47368,47368,12,25
47369,47369,13,31
47370,47370,13,28
47371,47371,13,8
47372,47372,13,41
47373,47373,14,40
47374,47374,14,32
47375,47375,14,21
47376,47376,14,33
47377,47377,15,38
47378,47378,15,19
47379,47379,15,17
47380,47380,15,27
47381,47381,16,19
47382,47382,16,28
47383,47383,16,10
47384,47384,16,21
47385,47385,17,47
47386,47386,17,15
47387,47387,17,11
47388,47388,17,23
47389,47389,18,26
47390,47390,18,38
47391,47391,18,18
47392,47392,18,24
47393,47393,19,31
47394,47394,19,16
47395,47395,19,22
47396,47396,19,26
47397,47397,20,30
47398,47398,20,40
47399,47399,20,14
47400,47400,20,23
47401,47401,21,30
47402,47402,21,23
47403,47403,21,9
47404,47404,21,41
47405,47405,22,30
47406,47406,22,13
47407,47407,22,28
47408,47408,22,31
47409,47409,23,34
47410,47410,23,19
47411,47411,23,20
47412,47412,23,26
47413,47413,24,48
47414,47414,24,31
47415,47415,24,8
47416,47416,24,22
47417,47417,25,16
47418,47418,25,24
47419,47419,25,14
47420,47420,25,42
47421,47421,26,31
47422,47422,26,28
47423,47423,26,15
47424,47424,26,35
47425,47425,27,27
47426,47426,27,7
47427,47427,27,31
47428,47428,27,23
47429,47429,28,19
47430,47430,28,19
47431,47431,28,34
47432,47432,28,20
47433,47433,29,30
47434,47434,29,30
47435,47435,29,20
47436,47436,29,16
47437,47437,30,50
47438,47438,30,16
47439,47439,30,21
47440,47440,30,37
47441,47441,31,20
47442,47442,31,31
47443,47443,31,12
47444,47444,31,31
47445,47445,32,30
47446,47446,32,28
47447,47447,32,21
47448,47448,32,30
47449,47449,33,44
47450,47450,33,43
47451,47451,33,11
47452,47452,33,17
47453,47453,34,21
47454,47454,34,45
47455,47455,34,31
47456,47456,34,28
47457,47457,35,44
47458,47458,35,31
47459,47459,35,16
47460,47460,35,19
47461,47461,1,34
47462,47462,1,19
47463,47463,1,11
47464,47464,1,29
47465,47465,2,33
47466,47466,2,16
47467,47467,2,21
47468,47468,2,21
47469,47469,3,29
47470,47470,3,9
47471,47471,3,9
47472,47472,3,21
47473,47473,4,36
47474,47474,4,18
47475,47475,4,18
47476,47476,4,24
47477,47477,5,33
47478,47478,5,13
47479,47479,5,14
47480,47480,5,24
47481,47481,6,26
47482,47482,6,15
47483,47483,6,16
47484,47484,6,31
47485,47485,7,46
47486,47486,7,15
47487,47487,7,16
47488,47488,7,17
47489,47489,8,27
47490,47490,8,15
47491,47491,8,25
47492,47492,8,33
47493,47493,9,33
47494,47494,9,23
47495,47495,9,11
47496,47496,9,32
47497,47497,10,26
47498,47498,10,29
47499,47499,10,11
47500,47500,10,19
47501,47501,11,32
47502,47502,11,17
47503,47503,11,15
47504,47504,11,22
47505,47505,12,45
47506,47506,12,18
47507,47507,12,18
47508,47508,12,18
47509,47509,13,34
47510,47510,13,9
47511,47511,13,19
47512,47512,13,19
47513,47513,14,31
47514,47514,14,29
47515,47515,14,6
47516,47516,14,13
47517,47517,15,51
47518,47518,15,14
47519,47519,15,18
47520,47520,15,10
47521,47521,16,18
47522,47522,16,23
47523,47523,16,8
47524,47524,16,23
47525,47525,17,24
47526,47526,17,24
47527,47527,17,19
47528,47528,17,27
47529,47529,18,14
47530,47530,18,29
47531,47531,18,29
47532,47532,18,28
47533,47533,19,29
47534,47534,19,9
47535,47535,19,15
47536,47536,19,23
47537,47537,20,49
47538,47538,20,29
47539,47539,20,7
47540,47540,20,24
47541,47541,21,20
47542,47542,21,17
47543,47543,21,22
47544,47544,21,21
47545,47545,22,33
47546,47546,22,14
47547,47547,22,14
47548,47548,22,36
47549,47549,23,23
47550,47550,23,24
47551,47551,23,12
47552,47552,23,46
47553,47553,24,41
47554,47554,24,6
47555,47555,24,21
47556,47556,24,25
47557,47557,25,44
47558,47558,25,10
47559,47559,25,11
47560,47560,25,31
47561,47561,26,18
47562,47562,26,20
47563,47563,26,17
47564,47564,26,21
47565,47565,27,11
47566,47566,27,26
47567,47567,27,21
47568,47568,27,24
47569,47569,28,20
47570,47570,28,21
47571,47571,28,16
47572,47572,28,11
47573,47573,29,16
47574,47574,29,24
47575,47575,29,11
47576,47576,29,35
47577,47577,30,20
47578,47578,30,18
47579,47579,30,12
47580,47580,30,22
47581,47581,31,41
47582,47582,31,25
47583,47583,31,8
47584,47584,31,21
47585,47585,32,33
47586,47586,32,25
47587,47587,32,18
47588,47588,32,10
47589,47589,33,27
47590,47590,33,23
47591,47591,33,7
47592,47592,33,43
47593,47593,34,41
47594,47594,34,19
47595,47595,34,10
47596,47596,34,25
47597,47597,35,23
47598,47598,35,23
47599,47599,35,8
47600,47600,35,28
47601,47601,1,17
47602,47602,1,21
47603,47603,1,18
47604,47604,1,17
47605,47605,2,12
47606,47606,2,11
47607,47607,2,11
47608,47608,2,33
47609,47609,3,11
47610,47610,3,15
47611,47611,3,21
47612,47612,3,19
47613,47613,4,15
47614,47614,4,15
47615,47615,4,13
47616,47616,4,37
47617,47617,5,24
47618,47618,5,15
47619,47619,5,10
47620,47620,5,12
47621,47621,6,16
47622,47622,6,21
47623,47623,6,10
47624,47624,6,20
47625,47625,7,25
47626,47626,7,27
47627,47627,7,12
47628,47628,7,14
47629,47629,8,23
47630,47630,8,16
47631,47631,8,9
47632,47632,8,30
47633,47633,9,32
47634,47634,9,13
47635,47635,9,9
47636,47636,9,18
47637,47637,10,15
47638,47638,10,17
47639,47639,10,29
47640,47640,10,27
47641,47641,11,7
47642,47642,11,25
47643,47643,11,22
47644,47644,11,27
47645,47645,12,32
47646,47646,12,8
47647,47647,12,20
47648,47648,12,17
47649,47649,13,29
47650,47650,13,12
47651,47651,13,25
47652,47652,13,17
47653,47653,14,32
47654,47654,14,19
47655,47655,14,11
47656,47656,14,13
47657,47657,15,41
47658,47658,15,15
47659,47659,15,7
47660,47660,15,19
47661,47661,16,25
47662,47662,16,17
47663,47663,16,11
47664,47664,16,14
47665,47665,17,34
47666,47666,17,15
47667,47667,17,8
47668,47668,17,15
47669,47669,18,13
47670,47670,18,13
47671,47671,18,11
47672,47672,18,24
47673,47673,19,24
47674,47674,19,17
47675,47675,19,11
47676,47676,19,43
47677,47677,20,20
47678,47678,20,15
47679,47679,20,21
47680,47680,20,15
47681,47681,21,25
47682,47682,21,19
47683,47683,21,11
47684,47684,21,21
47685,47685,22,20
47686,47686,22,8
47687,47687,22,16
47688,47688,22,34
47689,47689,23,31
47690,47690,23,14
47691,47691,23,8
47692,47692,23,22
47693,47693,24,8
47694,47694,24,27
47695,47695,24,17
47696,47696,24,18
47697,47697,25,16
47698,47698,25,11
47699,47699,25,8
47700,47700,25,23
47701,47701,26,13
47702,47702,26,21
47703,47703,26,14
47704,47704,26,14
47705,47705,27,19
47706,47706,27,13
47707,47707,27,16
47708,47708,27,18
47709,47709,28,31
47710,47710,28,7
47711,47711,28,16
47712,47712,28,18
47713,47713,29,8
47714,47714,29,11
47715,47715,29,11
47716,47716,29,14
47717,47717,30,20
47718,47718,30,19
47719,47719,30,8
47720,47720,30,17
47721,47721,31,28
47722,47722,31,26
47723,47723,31,17
47724,47724,31,9
47725,47725,32,22
47726,47726,32,11
47727,47727,32,20
47728,47728,32,21
47729,47729,33,41
47730,47730,33,15
47731,47731,33,15
47732,47732,33,17
47733,47733,34,15
47734,47734,34,33
47735,47735,34,10
47736,47736,34,17
47737,47737,35,17
47738,47738,35,25
47739,47739,35,11
47740,47740,35,42
47741,47741,1,41
47742,47742,1,5
47743,47743,1,9
47744,47744,1,14
47745,47745,2,31
47746,47746,2,14
47747,47747,2,8
47748,47748,2,18
47749,47749,3,23
47750,47750,3,20
47751,47751,3,22
47752,47752,3,20
47753,47753,4,17
47754,47754,4,19
47755,47755,4,14
47756,47756,4,27
47757,47757,5,28
47758,47758,5,11
47759,47759,5,15
47760,47760,5,20
47761,47761,6,10
47762,47762,6,23
47763,47763,6,11
47764,47764,6,20
47765,47765,7,23
47766,47766,7,19
47767,47767,7,12
47768,47768,7,14
47769,47769,8,17
47770,47770,8,20
47771,47771,8,10
47772,47772,8,34
47773,47773,9,16
47774,47774,9,18
47775,47775,9,10
47776,47776,9,33
47777,47777,10,20
47778,47778,10,19
47779,47779,10,8
47780,47780,10,15
47781,47781,11,26
47782,47782,11,11
47783,47783,11,19
47784,47784,11,22
47785,47785,12,28
47786,47786,12,16
47787,47787,12,9
47788,47788,12,12
47789,47789,13,23
47790,47790,13,18
47791,47791,13,16
47792,47792,13,21
47793,47793,14,17
47794,47794,14,9
47795,47795,14,12
47796,47796,14,16
47797,47797,15,20
47798,47798,15,18
47799,47799,15,7
47800,47800,15,23
47801,47801,16,21
47802,47802,16,32
47803,47803,16,7
47804,47804,16,37
47805,47805,17,20
47806,47806,17,16
47807,47807,17,11
47808,47808,17,23
47809,47809,18,29
47810,47810,18,10
47811,47811,18,8
47812,47812,18,23
47813,47813,19,23
47814,47814,19,27
47815,47815,19,17
47816,47816,19,22
47817,47817,20,30
47818,47818,20,16
47819,47819,20,14
47820,47820,20,15
47821,47821,21,16
47822,47822,21,17
47823,47823,21,16
47824,47824,21,13
47825,47825,22,25
47826,47826,22,20
47827,47827,22,4
47828,47828,22,26
47829,47829,23,35
47830,47830,23,17
47831,47831,23,10
47832,47832,23,23
47833,47833,24,28
47834,47834,24,18
47835,47835,24,14
47836,47836,24,18
47837,47837,25,16
47838,47838,25,21
47839,47839,25,15
47840,47840,25,21
47841,47841,26,28
47842,47842,26,10
47843,47843,26,15
47844,47844,26,17
47845,47845,27,22
47846,47846,27,17
47847,47847,27,7
47848,47848,27,31
47849,47849,28,32
47850,47850,28,7
47851,47851,28,13
47852,47852,28,20
47853,47853,29,22
47854,47854,29,22
47855,47855,29,20
47856,47856,29,20
47857,47857,30,10
47858,47858,30,15
47859,47859,30,11
47860,47860,30,19
47861,47861,31,16
47862,47862,31,7
47863,47863,31,15
47864,47864,31,30
47865,47865,32,26
47866,47866,32,22
47867,47867,32,18
47868,47868,32,21
47869,47869,33,30
47870,47870,33,10
47871,47871,33,17
47872,47872,33,20
47873,47873,34,26
47874,47874,34,26
47875,47875,34,17
47876,47876,34,25
47877,47877,35,20
47878,47878,35,20
47879,47879,35,13
47880,47880,35,18
47881,47881,1,24
47882,47882,1,37
47883,47883,1,21
47884,47884,1,17
47885,47885,2,48
47886,47886,2,11
47887,47887,2,16
47888,47888,2,15
47889,47889,3,27
47890,47890,3,10
47891,47891,3,15
47892,47892,3,11
47893,47893,4,23
47894,47894,4,13
47895,47895,4,14
47896,47896,4,16
47897,47897,5,15
47898,47898,5,10
47899,47899,5,18
47900,47900,5,20
47901,47901,6,26
47902,47902,6,9
47903,47903,6,13
47904,47904,6,17
47905,47905,7,24
47906,47906,7,12
47907,47907,7,8
47908,47908,7,18
47909,47909,8,43
47910,47910,8,26
47911,47911,8,12
47912,47912,8,11
47913,47913,9,26
47914,47914,9,12
47915,47915,9,18
47916,47916,9,36
47917,47917,10,33
47918,47918,10,11
47919,47919,10,11
47920,47920,10,21
47921,47921,11,14
47922,47922,11,17
47923,47923,11,23
47924,47924,11,20
47925,47925,12,25
47926,47926,12,33
47927,47927,12,21
47928,47928,12,15
47929,47929,13,31
47930,47930,13,17
47931,47931,13,11
47932,47932,13,29
47933,47933,14,13
47934,47934,14,31
47935,47935,14,16
47936,47936,14,23
47937,47937,15,21
47938,47938,15,10
47939,47939,15,8
47940,47940,15,28
47941,47941,16,35
47942,47942,16,15
47943,47943,16,15
47944,47944,16,11
47945,47945,17,26
47946,47946,17,11
47947,47947,17,20
47948,47948,17,25
47949,47949,18,13
47950,47950,18,31
47951,47951,18,12
47952,47952,18,17
47953,47953,19,23
47954,47954,19,31
47955,47955,19,20
47956,47956,19,22
47957,47957,20,9
47958,47958,20,31
47959,47959,20,8
47960,47960,20,24
47961,47961,21,30
47962,47962,21,15
47963,47963,21,7
47964,47964,21,21
47965,47965,22,45
47966,47966,22,7
47967,47967,22,12
47968,47968,22,15
47969,47969,23,22
47970,47970,23,22
47971,47971,23,23
47972,47972,23,12
47973,47973,24,32
47974,47974,24,15
47975,47975,24,14
47976,47976,24,28
47977,47977,25,19
47978,47978,25,13
47979,47979,25,18
47980,47980,25,37
47981,47981,26,37
47982,47982,26,19
47983,47983,26,27
47984,47984,26,18
47985,47985,27,33
47986,47986,27,18
47987,47987,27,14
47988,47988,27,20
47989,47989,28,33
47990,47990,28,15
47991,47991,28,16
47992,47992,28,19
47993,47993,29,32
47994,47994,29,22
47995,47995,29,7
47996,47996,29,27
47997,47997,30,41
47998,47998,30,16
47999,47999,30,12
48000,48000,30,23
48001,48001,31,14
48002,48002,31,27
48003,48003,31,20
48004,48004,31,18
48005,48005,32,35
48006,48006,32,22
48007,48007,32,30
48008,48008,32,10
48009,48009,33,16
48010,48010,33,19
48011,48011,33,11
48012,48012,33,24
48013,48013,34,17
48014,48014,34,17
48015,48015,34,20
48016,48016,34,30
48017,48017,35,26
48018,48018,35,21
48019,48019,35,30
48020,48020,35,15
48021,48021,1,32
48022,48022,1,22
48023,48023,1,13
48024,48024,1,12
48025,48025,2,24
48026,48026,2,15
48027,48027,2,15
48028,48028,2,51
48029,48029,3,24
48030,48030,3,29
48031,48031,3,15
48032,48032,3,37
48033,48033,4,30
48034,48034,4,9
48035,48035,4,21
48036,48036,4,28
48037,48037,5,49
48038,48038,5,22
48039,48039,5,22
48040,48040,5,30
48041,48041,6,39
48042,48042,6,37
48043,48043,6,20
48044,48044,6,22
48045,48045,7,38
48046,48046,7,26
48047,48047,7,20
48048,48048,7,33
48049,48049,8,30
48050,48050,8,33
48051,48051,8,16
48052,48052,8,28
48053,48053,9,21
48054,48054,9,26
48055,48055,9,20
48056,48056,9,27
48057,48057,10,25
48058,48058,10,9
48059,48059,10,17
48060,48060,10,9
48061,48061,11,24
48062,48062,11,29
48063,48063,11,19
48064,48064,11,12
48065,48065,12,46
48066,48066,12,26
48067,48067,12,20
48068,48068,12,16
48069,48069,13,27
48070,48070,13,23
48071,48071,13,15
48072,48072,13,29
48073,48073,14,25
48074,48074,14,29
48075,48075,14,20
48076,48076,14,26
48077,48077,15,32
48078,48078,15,21
48079,48079,15,24
48080,48080,15,24
48081,48081,16,42
48082,48082,16,17
48083,48083,16,12
48084,48084,16,13
48085,48085,17,30
48086,48086,17,14
48087,48087,17,26
48088,48088,17,27
48089,48089,18,25
48090,48090,18,18
48091,48091,18,19
48092,48092,18,28
48093,48093,19,22
48094,48094,19,21
48095,48095,19,12
48096,48096,19,33
48097,48097,20,26
48098,48098,20,18
48099,48099,20,18
48100,48100,20,36
48101,48101,21,22
48102,48102,21,28
48103,48103,21,7
48104,48104,21,28
48105,48105,22,55
48106,48106,22,32
48107,48107,22,5
48108,48108,22,17
48109,48109,23,34
48110,48110,23,28
48111,48111,23,20
48112,48112,23,30
48113,48113,24,15
48114,48114,24,19
48115,48115,24,14
48116,48116,24,34
48117,48117,25,31
48118,48118,25,17
48119,48119,25,17
48120,48120,25,22
48121,48121,26,37
48122,48122,26,16
48123,48123,26,28
48124,48124,26,20
48125,48125,27,20
48126,48126,27,31
48127,48127,27,21
48128,48128,27,16
48129,48129,28,38
48130,48130,28,24
48131,48131,28,10
48132,48132,28,7
48133,48133,29,16
48134,48134,29,15
48135,48135,29,18
48136,48136,29,23
48137,48137,30,47
48138,48138,30,19
48139,48139,30,17
48140,48140,30,23
48141,48141,31,41
48142,48142,31,7
48143,48143,31,18
48144,48144,31,23
48145,48145,32,25
48146,48146,32,26
48147,48147,32,16
48148,48148,32,34
48149,48149,33,29
48150,48150,33,22
48151,48151,33,14
48152,48152,33,28
48153,48153,34,40
48154,48154,34,19
48155,48155,34,8
48156,48156,34,38
48157,48157,35,21
48158,48158,35,25
48159,48159,35,38
48160,48160,35,23
48161,48161,1,32
48162,48162,1,29
48163,48163,1,17
48164,48164,1,39
48165,48165,2,28
48166,48166,2,19
48167,48167,2,14
48168,48168,2,18
48169,48169,3,39
48170,48170,3,34
48171,48171,3,9
48172,48172,3,28
48173,48173,4,40
48174,48174,4,30
48175,48175,4,10
48176,48176,4,27
48177,48177,5,25
48178,48178,5,26
48179,48179,5,25
48180,48180,5,32
48181,48181,6,29
48182,48182,6,10
48183,48183,6,25
48184,48184,6,24
48185,48185,7,47
48186,48186,7,17
48187,48187,7,13
48188,48188,7,14
48189,48189,8,16
48190,48190,8,17
48191,48191,8,20
48192,48192,8,36
48193,48193,9,38
48194,48194,9,13
48195,48195,9,32
48196,48196,9,41
48197,48197,10,23
48198,48198,10,27
48199,48199,10,21
48200,48200,10,17
48201,48201,11,32
48202,48202,11,20
48203,48203,11,15
48204,48204,11,29
48205,48205,12,19
48206,48206,12,32
48207,48207,12,26
48208,48208,12,23
48209,48209,13,38
48210,48210,13,25
48211,48211,13,26
48212,48212,13,27
48213,48213,14,11
48214,48214,14,43
48215,48215,14,32
48216,48216,14,31
48217,48217,15,31
48218,48218,15,40
48219,48219,15,10
48220,48220,15,23
48221,48221,16,20
48222,48222,16,44
48223,48223,16,15
48224,48224,16,30
48225,48225,17,20
48226,48226,17,20
48227,48227,17,10
48228,48228,17,34
48229,48229,18,24
48230,48230,18,20
48231,48231,18,12
48232,48232,18,30
48233,48233,19,15
48234,48234,19,22
48235,48235,19,22
48236,48236,19,27
48237,48237,20,33
48238,48238,20,28
48239,48239,20,16
48240,48240,20,25
48241,48241,21,14
48242,48242,21,13
48243,48243,21,30
48244,48244,21,29
48245,48245,22,41
48246,48246,22,22
48247,48247,22,14
48248,48248,22,15
48249,48249,23,25
48250,48250,23,24
48251,48251,23,25
48252,48252,23,37
48253,48253,24,26
48254,48254,24,16
48255,48255,24,20
48256,48256,24,33
48257,48257,25,29
48258,48258,25,23
48259,48259,25,10
48260,48260,25,33
48261,48261,26,43
48262,48262,26,31
48263,48263,26,17
48264,48264,26,42
48265,48265,27,13
48266,48266,27,20
48267,48267,27,20
48268,48268,27,30
48269,48269,28,56
48270,48270,28,9
48271,48271,28,21
48272,48272,28,25
48273,48273,29,25
48274,48274,29,38
48275,48275,29,15
48276,48276,29,21
48277,48277,30,30
48278,48278,30,25
48279,48279,30,21
48280,48280,30,32
48281,48281,31,52
48282,48282,31,20
48283,48283,31,12
48284,48284,31,44
48285,48285,32,36
48286,48286,32,11
48287,48287,32,17
48288,48288,32,26
48289,48289,33,27
48290,48290,33,18
48291,48291,33,15
48292,48292,33,29
48293,48293,34,66
48294,48294,34,32
48295,48295,34,36
48296,48296,34,23
48297,48297,35,46
48298,48298,35,15
48299,48299,35,17
48300,48300,35,25
48301,48301,1,35
48302,48302,1,25
48303,48303,1,21
48304,48304,1,23
48305,48305,2,32
48306,48306,2,25
48307,48307,2,39
48308,48308,2,13
48309,48309,3,40
48310,48310,3,29
48311,48311,3,43
48312,48312,3,14
48313,48313,4,26
48314,48314,4,27
48315,48315,4,22
48316,48316,4,39
48317,48317,5,36
48318,48318,5,25
48319,48319,5,15
48320,48320,5,28
48321,48321,6,31
48322,48322,6,29
48323,48323,6,19
48324,48324,6,31
48325,48325,7,29
48326,48326,7,27
48327,48327,7,27
48328,48328,7,48
48329,48329,8,38
48330,48330,8,24
48331,48331,8,15
48332,48332,8,17
48333,48333,9,25
48334,48334,9,35
48335,48335,9,29
48336,48336,9,12
48337,48337,10,39
48338,48338,10,20
48339,48339,10,43
48340,48340,10,26
48341,48341,11,38
48342,48342,11,19
48343,48343,11,9
48344,48344,11,36
48345,48345,12,46
48346,48346,12,12
48347,48347,12,38
48348,48348,12,35
48349,48349,13,22
48350,48350,13,32
48351,48351,13,25
48352,48352,13,31
48353,48353,14,28
48354,48354,14,20
48355,48355,14,18
48356,48356,14,43
48357,48357,15,32
48358,48358,15,21
48359,48359,15,12
48360,48360,15,43
48361,48361,16,33
48362,48362,16,37
48363,48363,16,23
48364,48364,16,27
48365,48365,17,42
48366,48366,17,20
48367,48367,17,19
48368,48368,17,18
48369,48369,18,40
48370,48370,18,19
48371,48371,18,21
48372,48372,18,20
48373,48373,19,38
48374,48374,19,37
48375,48375,19,20
48376,48376,19,35
48377,48377,20,16
48378,48378,20,36
48379,48379,20,31
48380,48380,20,18
48381,48381,21,48
48382,48382,21,5
48383,48383,21,19
48384,48384,21,23
48385,48385,22,34
48386,48386,22,30
48387,48387,22,13
48388,48388,22,41
48389,48389,23,25
48390,48390,23,29
48391,48391,23,23
48392,48392,23,40
48393,48393,24,40
48394,48394,24,30
48395,48395,24,14
48396,48396,24,27
48397,48397,25,38
48398,48398,25,32
48399,48399,25,20
48400,48400,25,18
48401,48401,26,41
48402,48402,26,28
48403,48403,26,18
48404,48404,26,19
48405,48405,27,24
48406,48406,27,33
48407,48407,27,35
48408,48408,27,22
48409,48409,28,30
48410,48410,28,24
48411,48411,28,18
48412,48412,28,10
48413,48413,29,34
48414,48414,29,11
48415,48415,29,12
48416,48416,29,34
48417,48417,30,21
48418,48418,30,23
48419,48419,30,16
48420,48420,30,26
48421,48421,31,33
48422,48422,31,37
48423,48423,31,16
48424,48424,31,37
48425,48425,32,31
48426,48426,32,20
48427,48427,32,21
48428,48428,32,32
48429,48429,33,31
48430,48430,33,10
48431,48431,33,21
48432,48432,33,40
48433,48433,34,39
48434,48434,34,25
48435,48435,34,14
48436,48436,34,30
48437,48437,35,44
48438,48438,35,21
48439,48439,35,24
48440,48440,35,26
48441,48441,1,31
48442,48442,1,9
48443,48443,1,10
48444,48444,1,36
48445,48445,2,23
48446,48446,2,44
48447,48447,2,20
48448,48448,2,28
48449,48449,3,17
48450,48450,3,20
48451,48451,3,29
48452,48452,3,22
48453,48453,4,19
48454,48454,4,14
48455,48455,4,21
48456,48456,4,21
48457,48457,5,26
48458,48458,5,15
48459,48459,5,19
48460,48460,5,34
48461,48461,6,23
48462,48462,6,11
48463,48463,6,19
48464,48464,6,35
48465,48465,7,40
48466,48466,7,21
48467,48467,7,19
48468,48468,7,29
48469,48469,8,32
48470,48470,8,38
48471,48471,8,13
48472,48472,8,34
48473,48473,9,12
48474,48474,9,25
48475,48475,9,20
48476,48476,9,16
48477,48477,10,18
48478,48478,10,25
48479,48479,10,9
48480,48480,10,30
48481,48481,11,28
48482,48482,11,22
48483,48483,11,16
48484,48484,11,25
48485,48485,12,37
48486,48486,12,10
48487,48487,12,10
48488,48488,12,31
48489,48489,13,20
48490,48490,13,16
48491,48491,13,7
48492,48492,13,36
48493,48493,14,31
48494,48494,14,19
48495,48495,14,9
48496,48496,14,39
48497,48497,15,33
48498,48498,15,10
48499,48499,15,8
48500,48500,15,31
48501,48501,16,29
48502,48502,16,11
48503,48503,16,16
48504,48504,16,37
48505,48505,17,23
48506,48506,17,23
48507,48507,17,18
48508,48508,17,22
48509,48509,18,15
48510,48510,18,17
48511,48511,18,9
48512,48512,18,40
48513,48513,19,33
48514,48514,19,12
48515,48515,19,11
48516,48516,19,38
48517,48517,20,46
48518,48518,20,15
48519,48519,20,10
48520,48520,20,32
48521,48521,21,20
48522,48522,21,25
48523,48523,21,19
48524,48524,21,27
48525,48525,22,22
48526,48526,22,27
48527,48527,22,20
48528,48528,22,19
48529,48529,23,32
48530,48530,23,11
48531,48531,23,16
48532,48532,23,23
48533,48533,24,32
48534,48534,24,17
48535,48535,24,21
48536,48536,24,38
48537,48537,25,29
48538,48538,25,7
48539,48539,25,22
48540,48540,25,10
48541,48541,26,22
48542,48542,26,21
48543,48543,26,13
48544,48544,26,23
48545,48545,27,13
48546,48546,27,26
48547,48547,27,21
48548,48548,27,27
48549,48549,28,28
48550,48550,28,39
48551,48551,28,25
48552,48552,28,19
48553,48553,29,19
48554,48554,29,10
48555,48555,29,27
48556,48556,29,26
48557,48557,30,13
48558,48558,30,19
48559,48559,30,14
48560,48560,30,49
48561,48561,31,45
48562,48562,31,16
48563,48563,31,20
48564,48564,31,32
48565,48565,32,30
48566,48566,32,17
48567,48567,32,13
48568,48568,32,31
48569,48569,33,33
48570,48570,33,25
48571,48571,33,9
48572,48572,33,36
48573,48573,34,28
48574,48574,34,16
48575,48575,34,11
48576,48576,34,26
48577,48577,35,53
48578,48578,35,13
48579,48579,35,21
48580,48580,35,13
48581,48581,1,25
48582,48582,1,20
48583,48583,1,8
48584,48584,1,12
48585,48585,2,20
48586,48586,2,12
48587,48587,2,17
48588,48588,2,13
48589,48589,3,29
48590,48590,3,18
48591,48591,3,7
48592,48592,3,8
48593,48593,4,24
48594,48594,4,13
48595,48595,4,11
48596,48596,4,22
48597,48597,5,15
48598,48598,5,28
48599,48599,5,10
48600,48600,5,7
48601,48601,6,28
48602,48602,6,25
48603,48603,6,9
48604,48604,6,31
48605,48605,7,27
48606,48606,7,9
48607,48607,7,16
48608,48608,7,16
48609,48609,8,16
48610,48610,8,22
48611,48611,8,15
48612,48612,8,13
48613,48613,9,27
48614,48614,9,23
48615,48615,9,27
48616,48616,9,16
48617,48617,10,34
48618,48618,10,13
48619,48619,10,19
48620,48620,10,25
48621,48621,11,22
48622,48622,11,17
48623,48623,11,13
48624,48624,11,7
48625,48625,12,16
48626,48626,12,34
48627,48627,12,13
48628,48628,12,35
48629,48629,13,9
48630,48630,13,22
48631,48631,13,10
48632,48632,13,27
48633,48633,14,21
48634,48634,14,14
48635,48635,14,9
48636,48636,14,28
48637,48637,15,18
48638,48638,15,31
48639,48639,15,18
48640,48640,15,17
48641,48641,16,12
48642,48642,16,17
48643,48643,16,15
48644,48644,16,16
48645,48645,17,18
48646,48646,17,18
48647,48647,17,13
48648,48648,17,19
48649,48649,18,11
48650,48650,18,16
48651,48651,18,9
48652,48652,18,22
48653,48653,19,16
48654,48654,19,8
48655,48655,19,14
48656,48656,19,21
48657,48657,20,29
48658,48658,20,24
48659,48659,20,8
48660,48660,20,26
48661,48661,21,23
48662,48662,21,22
48663,48663,21,25
48664,48664,21,24
48665,48665,22,14
48666,48666,22,30
48667,48667,22,8
48668,48668,22,24
48669,48669,23,8
48670,48670,23,23
48671,48671,23,19
48672,48672,23,25
48673,48673,24,28
48674,48674,24,26
48675,48675,24,10
48676,48676,24,8
48677,48677,25,37
48678,48678,25,15
48679,48679,25,15
48680,48680,25,11
48681,48681,26,15
48682,48682,26,17
48683,48683,26,25
48684,48684,26,7
48685,48685,27,29
48686,48686,27,13
48687,48687,27,11
48688,48688,27,18
48689,48689,28,22
48690,48690,28,24
48691,48691,28,16
48692,48692,28,36
48693,48693,29,30
48694,48694,29,16
48695,48695,29,12
48696,48696,29,17
48697,48697,30,28
48698,48698,30,16
48699,48699,30,11
48700,48700,30,36
48701,48701,31,14
48702,48702,31,18
48703,48703,31,19
48704,48704,31,14
48705,48705,32,17
48706,48706,32,14
48707,48707,32,16
48708,48708,32,18
48709,48709,33,33
48710,48710,33,22
48711,48711,33,10
48712,48712,33,13
48713,48713,34,32
48714,48714,34,22
48715,48715,34,9
48716,48716,34,23
48717,48717,35,18
48718,48718,35,32
48719,48719,35,24
48720,48720,35,6
48721,48721,1,31
48722,48722,1,22
48723,48723,1,14
48724,48724,1,15
48725,48725,2,29
48726,48726,2,26
48727,48727,2,17
48728,48728,2,17
48729,48729,3,17
48730,48730,3,9
48731,48731,3,13
48732,48732,3,18
48733,48733,4,29
48734,48734,4,21
48735,48735,4,14
48736,48736,4,21
48737,48737,5,17
48738,48738,5,12
48739,48739,5,19
48740,48740,5,15
48741,48741,6,31
48742,48742,6,23
48743,48743,6,14
48744,48744,6,18
48745,48745,7,19
48746,48746,7,30
48747,48747,7,24
48748,48748,7,17
48749,48749,8,18
48750,48750,8,19
48751,48751,8,10
48752,48752,8,15
48753,48753,9,16
48754,48754,9,17
48755,48755,9,8
48756,48756,9,27
48757,48757,10,23
48758,48758,10,18
48759,48759,10,12
48760,48760,10,15
48761,48761,11,27
48762,48762,11,11
48763,48763,11,13
48764,48764,11,19
48765,48765,12,14
48766,48766,12,21
48767,48767,12,21
48768,48768,12,37
48769,48769,13,16
48770,48770,13,18
48771,48771,13,11
48772,48772,13,25
48773,48773,14,16
48774,48774,14,21
48775,48775,14,10
48776,48776,14,27
48777,48777,15,18
48778,48778,15,14
48779,48779,15,26
48780,48780,15,16
48781,48781,16,19
48782,48782,16,12
48783,48783,16,9
48784,48784,16,29
48785,48785,17,31
48786,48786,17,10
48787,48787,17,4
48788,48788,17,34
48789,48789,18,14
48790,48790,18,19
48791,48791,18,9
48792,48792,18,20
48793,48793,19,21
48794,48794,19,22
48795,48795,19,7
48796,48796,19,18
48797,48797,20,32
48798,48798,20,14
48799,48799,20,18
48800,48800,20,21
48801,48801,21,14
48802,48802,21,22
48803,48803,21,14
48804,48804,21,20
48805,48805,22,19
48806,48806,22,22
48807,48807,22,13
48808,48808,22,25
48809,48809,23,29
48810,48810,23,21
48811,48811,23,21
48812,48812,23,13
48813,48813,24,26
48814,48814,24,15
48815,48815,24,18
48816,48816,24,26
48817,48817,25,19
48818,48818,25,16
48819,48819,25,26
48820,48820,25,32
48821,48821,26,27
48822,48822,26,11
48823,48823,26,18
48824,48824,26,13
48825,48825,27,33
48826,48826,27,21
48827,48827,27,8
48828,48828,27,25
48829,48829,28,20
48830,48830,28,25
48831,48831,28,14
48832,48832,28,16
48833,48833,29,21
48834,48834,29,17
48835,48835,29,21
48836,48836,29,21
48837,48837,30,19
48838,48838,30,15
48839,48839,30,17
48840,48840,30,21
48841,48841,31,29
48842,48842,31,19
48843,48843,31,9
48844,48844,31,22
48845,48845,32,19
48846,48846,32,17
48847,48847,32,15
48848,48848,32,24
48849,48849,33,29
48850,48850,33,21
48851,48851,33,16
48852,48852,33,14
48853,48853,34,27
48854,48854,34,16
48855,48855,34,17
48856,48856,34,15
48857,48857,35,39
48858,48858,35,9
48859,48859,35,9
48860,48860,35,8
48861,48861,1,23
48862,48862,1,27
48863,48863,1,25
48864,48864,1,21
48865,48865,2,34
48866,48866,2,13
48867,48867,2,24
48868,48868,2,20
48869,48869,3,29
48870,48870,3,18
48871,48871,3,19
48872,48872,3,19
48873,48873,4,36
48874,48874,4,22
48875,48875,4,8
48876,48876,4,23
48877,48877,5,31
48878,48878,5,10
48879,48879,5,11
48880,48880,5,18
48881,48881,6,9
48882,48882,6,21
48883,48883,6,9
48884,48884,6,16
48885,48885,7,33
48886,48886,7,28
48887,48887,7,17
48888,48888,7,16
48889,48889,8,20
48890,48890,8,7
48891,48891,8,19
48892,48892,8,11
48893,48893,9,26
48894,48894,9,11
48895,48895,9,20
48896,48896,9,17
48897,48897,10,23
48898,48898,10,15
48899,48899,10,21
48900,48900,10,22
48901,48901,11,14
48902,48902,11,13
48903,48903,11,20
48904,48904,11,36
48905,48905,12,31
48906,48906,12,5
48907,48907,12,16
48908,48908,12,22
48909,48909,13,22
48910,48910,13,26
48911,48911,13,19
48912,48912,13,11
48913,48913,14,13
48914,48914,14,13
48915,48915,14,14
48916,48916,14,30
48917,48917,15,39
48918,48918,15,20
48919,48919,15,14
48920,48920,15,25
48921,48921,16,19
48922,48922,16,13
48923,48923,16,21
48924,48924,16,31
48925,48925,17,28
48926,48926,17,16
48927,48927,17,14
48928,48928,17,12
48929,48929,18,13
48930,48930,18,20
48931,48931,18,14
48932,48932,18,30
48933,48933,19,24
48934,48934,19,20
48935,48935,19,27
48936,48936,19,26
48937,48937,20,34
48938,48938,20,21
48939,48939,20,12
48940,48940,20,33
48941,48941,21,29
48942,48942,21,13
48943,48943,21,12
48944,48944,21,26
48945,48945,22,29
48946,48946,22,13
48947,48947,22,12
48948,48948,22,25
48949,48949,23,24
48950,48950,23,13
48951,48951,23,27
48952,48952,23,33
48953,48953,24,19
48954,48954,24,20
48955,48955,24,15
48956,48956,24,23
48957,48957,25,20
48958,48958,25,23
48959,48959,25,17
48960,48960,25,24
48961,48961,26,17
48962,48962,26,15
48963,48963,26,21
48964,48964,26,24
48965,48965,27,28
48966,48966,27,22
48967,48967,27,14
48968,48968,27,9
48969,48969,28,15
48970,48970,28,23
48971,48971,28,11
48972,48972,28,39
48973,48973,29,21
48974,48974,29,16
48975,48975,29,6
48976,48976,29,29
48977,48977,30,24
48978,48978,30,10
48979,48979,30,28
48980,48980,30,22
48981,48981,31,28
48982,48982,31,19
48983,48983,31,6
48984,48984,31,11
48985,48985,32,34
48986,48986,32,16
48987,48987,32,10
48988,48988,32,13
48989,48989,33,30
48990,48990,33,13
48991,48991,33,11
48992,48992,33,23
48993,48993,34,21
48994,48994,34,43
48995,48995,34,12
48996,48996,34,24
48997,48997,35,31
48998,48998,35,31
48999,48999,35,17
49000,49000,35,17
49001,49001,1,21
49002,49002,1,27
49003,49003,1,17
49004,49004,1,29
49005,49005,2,28
49006,49006,2,12
49007,49007,2,44
49008,49008,2,14
49009,49009,3,20
49010,49010,3,31
49011,49011,3,30
49012,49012,3,18
49013,49013,4,20
49014,49014,4,20
49015,49015,4,17
49016,49016,4,20
49017,49017,5,22
49018,49018,5,26
49019,49019,5,11
49020,49020,5,37
49021,49021,6,33
49022,49022,6,34
49023,49023,6,13
49024,49024,6,12
49025,49025,7,27
49026,49026,7,17
49027,49027,7,20
49028,49028,7,26
49029,49029,8,31
49030,49030,8,12
49031,49031,8,14
49032,49032,8,18
49033,49033,9,35
49034,49034,9,26
49035,49035,9,24
49036,49036,9,18
49037,49037,10,33
49038,49038,10,14
49039,49039,10,12
49040,49040,10,17
49041,49041,11,28
49042,49042,11,20
49043,49043,11,13
49044,49044,11,19
49045,49045,12,18
49046,49046,12,21
49047,49047,12,4
49048,49048,12,35
49049,49049,13,32
49050,49050,13,25
49051,49051,13,18
49052,49052,13,20
49053,49053,14,33
49054,49054,14,13
49055,49055,14,24
49056,49056,14,19
49057,49057,15,38
49058,49058,15,18
49059,49059,15,15
49060,49060,15,31
49061,49061,16,35
49062,49062,16,23
49063,49063,16,18
49064,49064,16,24
49065,49065,17,16
49066,49066,17,23
49067,49067,17,21
49068,49068,17,33
49069,49069,18,26
49070,49070,18,27
49071,49071,18,35
49072,49072,18,16
49073,49073,19,41
49074,49074,19,15
49075,49075,19,15
49076,49076,19,24
49077,49077,20,30
49078,49078,20,22
49079,49079,20,8
49080,49080,20,20
49081,49081,21,35
49082,49082,21,19
49083,49083,21,18
49084,49084,21,8
49085,49085,22,31
49086,49086,22,18
49087,49087,22,15
49088,49088,22,46
49089,49089,23,17
49090,49090,23,27
49091,49091,23,10
49092,49092,23,24
49093,49093,24,30
49094,49094,24,28
49095,49095,24,18
49096,49096,24,19
49097,49097,25,22
49098,49098,25,25
49099,49099,25,16
49100,49100,25,25
49101,49101,26,26
49102,49102,26,25
49103,49103,26,15
49104,49104,26,32
49105,49105,27,44
49106,49106,27,45
49107,49107,27,13
49108,49108,27,21
49109,49109,28,29
49110,49110,28,21
49111,49111,28,11
49112,49112,28,32
49113,49113,29,14
49114,49114,29,15
49115,49115,29,18
49116,49116,29,23
49117,49117,30,38
49118,49118,30,14
49119,49119,30,26
49120,49120,30,24
49121,49121,31,35
49122,49122,31,14
49123,49123,31,20
49124,49124,31,35
49125,49125,32,20
49126,49126,32,39
49127,49127,32,16
49128,49128,32,30
49129,49129,33,36
49130,49130,33,27
49131,49131,33,21
49132,49132,33,25
49133,49133,34,32
49134,49134,34,29
49135,49135,34,23
49136,49136,34,22
49137,49137,35,32
49138,49138,35,15
49139,49139,35,23
49140,49140,35,22
49141,49141,1,38
49142,49142,1,26
49143,49143,1,13
49144,49144,1,28
49145,49145,2,34
49146,49146,2,10
49147,49147,2,18
49148,49148,2,28
49149,49149,3,44
49150,49150,3,13
49151,49151,3,15
49152,49152,3,35
49153,49153,4,34
49154,49154,4,27
49155,49155,4,16
49156,49156,4,53
49157,49157,5,49
49158,49158,5,19
49159,49159,5,17
49160,49160,5,21
49161,49161,6,43
49162,49162,6,20
49163,49163,6,12
49164,49164,6,24
49165,49165,7,45
49166,49166,7,22
49167,49167,7,11
49168,49168,7,14
49169,49169,8,52
49170,49170,8,23
49171,49171,8,20
49172,49172,8,21
49173,49173,9,29
49174,49174,9,13
49175,49175,9,12
49176,49176,9,43
49177,49177,10,42
49178,49178,10,22
49179,49179,10,20
49180,49180,10,29
49181,49181,11,32
49182,49182,11,26
49183,49183,11,18
49184,49184,11,26
49185,49185,12,24
49186,49186,12,52
49187,49187,12,17
49188,49188,12,47
49189,49189,13,36
49190,49190,13,43
49191,49191,13,11
49192,49192,13,44
49193,49193,14,18
49194,49194,14,22
49195,49195,14,15
49196,49196,14,33
49197,49197,15,33
49198,49198,15,20
49199,49199,15,17
49200,49200,15,19
49201,49201,16,34
49202,49202,16,12
49203,49203,16,21
49204,49204,16,40
49205,49205,17,45
49206,49206,17,15
49207,49207,17,15
49208,49208,17,27
49209,49209,18,33
49210,49210,18,27
49211,49211,18,17
49212,49212,18,23
49213,49213,19,52
49214,49214,19,16
49215,49215,19,12
49216,49216,19,31
49217,49217,20,37
49218,49218,20,23
49219,49219,20,15
49220,49220,20,24
49221,49221,21,46
49222,49222,21,26
49223,49223,21,43
49224,49224,21,19
49225,49225,22,34
49226,49226,22,16
49227,49227,22,9
49228,49228,22,19
49229,49229,23,35
49230,49230,23,21
49231,49231,23,27
49232,49232,23,25
49233,49233,24,38
49234,49234,24,15
49235,49235,24,17
49236,49236,24,26
49237,49237,25,25
49238,49238,25,12
49239,49239,25,21
49240,49240,25,37
49241,49241,26,36
49242,49242,26,28
49243,49243,26,8
49244,49244,26,12
49245,49245,27,28
49246,49246,27,37
49247,49247,27,28
49248,49248,27,31
49249,49249,28,29
49250,49250,28,22
49251,49251,28,15
49252,49252,28,40
49253,49253,29,35
49254,49254,29,40
49255,49255,29,20
49256,49256,29,25
49257,49257,30,43
49258,49258,30,13
49259,49259,30,26
49260,49260,30,35
49261,49261,31,20
49262,49262,31,34
49263,49263,31,32
49264,49264,31,15
49265,49265,32,23
49266,49266,32,32
49267,49267,32,39
49268,49268,32,24
49269,49269,33,17
49270,49270,33,24
49271,49271,33,20
49272,49272,33,49
49273,49273,34,62
49274,49274,34,10
49275,49275,34,13
49276,49276,34,32
49277,49277,35,32
49278,49278,35,24
49279,49279,35,18
49280,49280,35,38
49281,49281,1,21
49282,49282,1,21
49283,49283,1,33
49284,49284,1,39
49285,49285,2,40
49286,49286,2,15
49287,49287,2,15
49288,49288,2,18
49289,49289,3,30
49290,49290,3,41
49291,49291,3,20
49292,49292,3,27
49293,49293,4,22
49294,49294,4,39
49295,49295,4,10
49296,49296,4,33
49297,49297,5,23
49298,49298,5,42
49299,49299,5,13
49300,49300,5,20
49301,49301,6,63
49302,49302,6,15
49303,49303,6,8
49304,49304,6,37
49305,49305,7,36
49306,49306,7,21
49307,49307,7,18
49308,49308,7,24
49309,49309,8,18
49310,49310,8,12
49311,49311,8,32
49312,49312,8,28
49313,49313,9,32
49314,49314,9,41
49315,49315,9,7
49316,49316,9,32
49317,49317,10,39
49318,49318,10,20
49319,49319,10,11
49320,49320,10,28
49321,49321,11,40
49322,49322,11,30
49323,49323,11,24
49324,49324,11,21
49325,49325,12,48
49326,49326,12,16
49327,49327,12,9
49328,49328,12,49
49329,49329,13,35
49330,49330,13,26
49331,49331,13,15
49332,49332,13,33
49333,49333,14,53
49334,49334,14,11
49335,49335,14,9
49336,49336,14,23
49337,49337,15,27
49338,49338,15,26
49339,49339,15,29
49340,49340,15,21
49341,49341,16,14
49342,49342,16,19
49343,49343,16,23
49344,49344,16,27
49345,49345,17,46
49346,49346,17,20
49347,49347,17,14
49348,49348,17,36
49349,49349,18,64
49350,49350,18,18
49351,49351,18,12
49352,49352,18,25
49353,49353,19,27
49354,49354,19,34
49355,49355,19,24
49356,49356,19,35
49357,49357,20,23
49358,49358,20,32
49359,49359,20,24
49360,49360,20,45
49361,49361,21,33
49362,49362,21,31
49363,49363,21,28
49364,49364,21,19
49365,49365,22,36
49366,49366,22,36
49367,49367,22,13
49368,49368,22,35
49369,49369,23,26
49370,49370,23,44
49371,49371,23,12
49372,49372,23,25
49373,49373,24,45
49374,49374,24,18
49375,49375,24,19
49376,49376,24,10
49377,49377,25,8
49378,49378,25,18
49379,49379,25,24
49380,49380,25,48
49381,49381,26,27
49382,49382,26,15
49383,49383,26,24
49384,49384,26,25
49385,49385,27,25
49386,49386,27,29
49387,49387,27,10
49388,49388,27,43
49389,49389,28,38
49390,49390,28,23
49391,49391,28,26
49392,49392,28,27
49393,49393,29,52
49394,49394,29,21
49395,49395,29,9
49396,49396,29,21
49397,49397,30,30
49398,49398,30,23
49399,49399,30,31
49400,49400,30,18
49401,49401,31,19
49402,49402,31,28
49403,49403,31,25
49404,49404,31,39
49405,49405,32,33
49406,49406,32,23
49407,49407,32,34
49408,49408,32,26
49409,49409,33,24
49410,49410,33,21
49411,49411,33,22
49412,49412,33,38
49413,49413,34,26
49414,49414,34,10
49415,49415,34,16
49416,49416,34,36
49417,49417,35,28
49418,49418,35,18
49419,49419,35,34
49420,49420,35,30
49421,49421,1,20
49422,49422,1,40
49423,49423,1,13
49424,49424,1,11
49425,49425,2,34
49426,49426,2,14
49427,49427,2,23
49428,49428,2,7
49429,49429,3,40
49430,49430,3,14
49431,49431,3,32
49432,49432,3,21
49433,49433,4,30
49434,49434,4,24
49435,49435,4,23
49436,49436,4,24
49437,49437,5,36
49438,49438,5,14
49439,49439,5,18
49440,49440,5,19
49441,49441,6,24
49442,49442,6,22
49443,49443,6,14
49444,49444,6,20
49445,49445,7,19
49446,49446,7,18
49447,49447,7,13
49448,49448,7,31
49449,49449,8,26
49450,49450,8,13
49451,49451,8,14
49452,49452,8,20
49453,49453,9,24
49454,49454,9,7
49455,49455,9,17
49456,49456,9,27
49457,49457,10,28
49458,49458,10,20
49459,49459,10,8
49460,49460,10,25
49461,49461,11,24
49462,49462,11,23
49463,49463,11,27
49464,49464,11,23
49465,49465,12,16
49466,49466,12,32
49467,49467,12,32
49468,49468,12,9
49469,49469,13,27
49470,49470,13,12
49471,49471,13,25
49472,49472,13,15
49473,49473,14,50
49474,49474,14,11
49475,49475,14,6
49476,49476,14,18
49477,49477,15,21
49478,49478,15,17
49479,49479,15,22
49480,49480,15,41
49481,49481,16,31
49482,49482,16,9
49483,49483,16,9
49484,49484,16,25
49485,49485,17,18
49486,49486,17,33
49487,49487,17,12
49488,49488,17,22
49489,49489,18,19
49490,49490,18,15
49491,49491,18,22
49492,49492,18,21
49493,49493,19,38
49494,49494,19,22
49495,49495,19,7
49496,49496,19,24
49497,49497,20,19
49498,49498,20,17
49499,49499,20,16
49500,49500,20,51
49501,49501,21,50
49502,49502,21,8
49503,49503,21,23
49504,49504,21,19
49505,49505,22,24
49506,49506,22,13
49507,49507,22,25
49508,49508,22,22
49509,49509,23,34
49510,49510,23,26
49511,49511,23,27
49512,49512,23,14
49513,49513,24,30
49514,49514,24,21
49515,49515,24,9
49516,49516,24,30
49517,49517,25,31
49518,49518,25,21
49519,49519,25,46
49520,49520,25,15
49521,49521,26,33
49522,49522,26,12
49523,49523,26,9
49524,49524,26,23
49525,49525,27,32
49526,49526,27,19
49527,49527,27,15
49528,49528,27,25
49529,49529,28,23
49530,49530,28,30
49531,49531,28,9
49532,49532,28,33
49533,49533,29,21
49534,49534,29,11
49535,49535,29,6
49536,49536,29,25
49537,49537,30,25
49538,49538,30,17
49539,49539,30,22
49540,49540,30,44
49541,49541,31,28
49542,49542,31,39
49543,49543,31,11
49544,49544,31,12
49545,49545,32,20
49546,49546,32,23
49547,49547,32,15
49548,49548,32,27
49549,49549,33,39
49550,49550,33,21
49551,49551,33,18
49552,49552,33,18
49553,49553,34,18
49554,49554,34,23
49555,49555,34,10
49556,49556,34,25
49557,49557,35,34
49558,49558,35,31
49559,49559,35,20
49560,49560,35,20
49561,49561,1,14
49562,49562,1,18
49563,49563,1,12
49564,49564,1,28
49565,49565,2,18
49566,49566,2,8
49567,49567,2,12
49568,49568,2,30
49569,49569,3,31
49570,49570,3,15
49571,49571,3,13
49572,49572,3,17
49573,49573,4,21
49574,49574,4,10
49575,49575,4,9
49576,49576,4,19
49577,49577,5,27
49578,49578,5,21
49579,49579,5,13
49580,49580,5,22
49581,49581,6,26
49582,49582,6,18
49583,49583,6,23
49584,49584,6,14
49585,49585,7,28
49586,49586,7,10
49587,49587,7,11
49588,49588,7,39
49589,49589,8,23
49590,49590,8,22
49591,49591,8,24
49592,49592,8,21
49593,49593,9,14
49594,49594,9,19
49595,49595,9,17
49596,49596,9,22
49597,49597,10,27
49598,49598,10,22
49599,49599,10,12
49600,49600,10,25
49601,49601,11,23
49602,49602,11,20
49603,49603,11,10
49604,49604,11,17
49605,49605,12,23
49606,49606,12,11
49607,49607,12,11
49608,49608,12,22
49609,49609,13,24
49610,49610,13,24
49611,49611,13,9
49612,49612,13,28
49613,49613,14,21
49614,49614,14,19
49615,49615,14,21
49616,49616,14,16
49617,49617,15,28
49618,49618,15,18
49619,49619,15,16
49620,49620,15,10
49621,49621,16,33
49622,49622,16,19
49623,49623,16,9
49624,49624,16,19
49625,49625,17,13
49626,49626,17,15
49627,49627,17,21
49628,49628,17,13
49629,49629,18,24
49630,49630,18,10
49631,49631,18,16
49632,49632,18,18
49633,49633,19,13
49634,49634,19,28
49635,49635,19,18
49636,49636,19,17
49637,49637,20,31
49638,49638,20,19
49639,49639,20,5
49640,49640,20,22
49641,49641,21,24
49642,49642,21,17
49643,49643,21,12
49644,49644,21,18
49645,49645,22,32
49646,49646,22,5
49647,49647,22,19
49648,49648,22,27
49649,49649,23,21
49650,49650,23,26
49651,49651,23,8
49652,49652,23,25
49653,49653,24,24
49654,49654,24,11
49655,49655,24,12
49656,49656,24,37
49657,49657,25,11
49658,49658,25,18
49659,49659,25,17
49660,49660,25,18
49661,49661,26,29
49662,49662,26,17
49663,49663,26,15
49664,49664,26,23
49665,49665,27,22
49666,49666,27,22
49667,49667,27,20
49668,49668,27,18
49669,49669,28,22
49670,49670,28,19
49671,49671,28,15
49672,49672,28,31
49673,49673,29,22
49674,49674,29,22
49675,49675,29,10
49676,49676,29,16
49677,49677,30,20
49678,49678,30,18
49679,49679,30,19
49680,49680,30,24
49681,49681,31,30
49682,49682,31,10
49683,49683,31,12
49684,49684,31,40
49685,49685,32,21
49686,49686,32,17
49687,49687,32,14
49688,49688,32,20
49689,49689,33,31
49690,49690,33,10
49691,49691,33,13
49692,49692,33,28
49693,49693,34,23
49694,49694,34,19
49695,49695,34,13
49696,49696,34,36
49697,49697,35,17
49698,49698,35,21
49699,49699,35,20
49700,49700,35,17
49701,49701,1,22
49702,49702,1,20
49703,49703,1,16
49704,49704,1,30
49705,49705,2,23
49706,49706,2,28
49707,49707,2,10
49708,49708,2,13
49709,49709,3,26
49710,49710,3,4
49711,49711,3,25
49712,49712,3,17
49713,49713,4,24
49714,49714,4,19
49715,49715,4,15
49716,49716,4,30
49717,49717,5,19
49718,49718,5,14
49719,49719,5,11
49720,49720,5,25
49721,49721,6,21
49722,49722,6,17
49723,49723,6,11
49724,49724,6,18
49725,49725,7,23
49726,49726,7,33
49727,49727,7,11
49728,49728,7,19
49729,49729,8,21
49730,49730,8,17
49731,49731,8,19
49732,49732,8,12
49733,49733,9,13
49734,49734,9,18
49735,49735,9,19
49736,49736,9,17
49737,49737,10,22
49738,49738,10,20
49739,49739,10,17
49740,49740,10,18
49741,49741,11,21
49742,49742,11,22
49743,49743,11,13
49744,49744,11,22
49745,49745,12,35
49746,49746,12,11
49747,49747,12,17
49748,49748,12,26
49749,49749,13,23
49750,49750,13,22
49751,49751,13,15
49752,49752,13,16
49753,49753,14,25
49754,49754,14,27
49755,49755,14,9
49756,49756,14,23
49757,49757,15,26
49758,49758,15,15
49759,49759,15,11
49760,49760,15,24
49761,49761,16,22
49762,49762,16,17
49763,49763,16,16
49764,49764,16,14
49765,49765,17,16
49766,49766,17,20
49767,49767,17,13
49768,49768,17,18
49769,49769,18,29
49770,49770,18,21
49771,49771,18,17
49772,49772,18,11
49773,49773,19,18
49774,49774,19,17
49775,49775,19,10
49776,49776,19,17
49777,49777,20,26
49778,49778,20,25
49779,49779,20,7
49780,49780,20,30
49781,49781,21,25
49782,49782,21,15
49783,49783,21,21
49784,49784,21,16
49785,49785,22,18
49786,49786,22,16
49787,49787,22,6
49788,49788,22,30
49789,49789,23,15
49790,49790,23,21
49791,49791,23,17
49792,49792,23,20
49793,49793,24,15
49794,49794,24,13
49795,49795,24,11
49796,49796,24,29
49797,49797,25,28
49798,49798,25,18
49799,49799,25,10
49800,49800,25,19
49801,49801,26,32
49802,49802,26,14
49803,49803,26,21
49804,49804,26,23
49805,49805,27,23
49806,49806,27,45
49807,49807,27,16
49808,49808,27,21
49809,49809,28,32
49810,49810,28,17
49811,49811,28,13
49812,49812,28,29
49813,49813,29,18
49814,49814,29,20
49815,49815,29,16
49816,49816,29,24
49817,49817,30,23
49818,49818,30,10
49819,49819,30,21
49820,49820,30,28
49821,49821,31,26
49822,49822,31,15
49823,49823,31,18
49824,49824,31,24
49825,49825,32,38
49826,49826,32,10
49827,49827,32,7
49828,49828,32,22
49829,49829,33,29
49830,49830,33,24
49831,49831,33,9
49832,49832,33,20
49833,49833,34,50
49834,49834,34,24
49835,49835,34,5
49836,49836,34,18
49837,49837,35,28
49838,49838,35,26
49839,49839,35,17
49840,49840,35,12
49841,49841,1,41
49842,49842,1,21
49843,49843,1,14
49844,49844,1,25
49845,49845,2,22
49846,49846,2,36
49847,49847,2,8
49848,49848,2,15
49849,49849,3,32
49850,49850,3,18
49851,49851,3,12
49852,49852,3,36
49853,49853,4,25
49854,49854,4,34
49855,49855,4,6
49856,49856,4,23
49857,49857,5,38
49858,49858,5,14
49859,49859,5,14
49860,49860,5,24
49861,49861,6,31
49862,49862,6,9
49863,49863,6,19
49864,49864,6,21
49865,49865,7,34
49866,49866,7,17
49867,49867,7,9
49868,49868,7,17
49869,49869,8,28
49870,49870,8,18
49871,49871,8,18
49872,49872,8,38
49873,49873,9,32
49874,49874,9,20
49875,49875,9,14
49876,49876,9,25
49877,49877,10,27
49878,49878,10,14
49879,49879,10,15
49880,49880,10,4
49881,49881,11,17
49882,49882,11,9
49883,49883,11,16
49884,49884,11,30
49885,49885,12,23
49886,49886,12,42
49887,49887,12,18
49888,49888,12,28
49889,49889,13,25
49890,49890,13,25
49891,49891,13,31
49892,49892,13,19
49893,49893,14,35
49894,49894,14,18
49895,49895,14,19
49896,49896,14,25
49897,49897,15,27
49898,49898,15,25
49899,49899,15,18
49900,49900,15,22
49901,49901,16,22
49902,49902,16,18
49903,49903,16,10
49904,49904,16,20
49905,49905,17,44
49906,49906,17,24
49907,49907,17,9
49908,49908,17,11
49909,49909,18,31
49910,49910,18,22
49911,49911,18,15
49912,49912,18,14
49913,49913,19,31
49914,49914,19,20
49915,49915,19,12
49916,49916,19,30
49917,49917,20,13
49918,49918,20,17
49919,49919,20,20
49920,49920,20,15
49921,49921,21,30
49922,49922,21,22
49923,49923,21,14
49924,49924,21,26
49925,49925,22,29
49926,49926,22,21
49927,49927,22,22
49928,49928,22,19
49929,49929,23,10
49930,49930,23,17
49931,49931,23,12
49932,49932,23,32
49933,49933,24,30
49934,49934,24,25
49935,49935,24,12
49936,49936,24,12
49937,49937,25,35
49938,49938,25,11
49939,49939,25,20
49940,49940,25,33
49941,49941,26,34
49942,49942,26,27
49943,49943,26,22
49944,49944,26,13
49945,49945,27,40
49946,49946,27,16
49947,49947,27,21
49948,49948,27,10
49949,49949,28,22
49950,49950,28,24
49951,49951,28,13
49952,49952,28,30
49953,49953,29,26
49954,49954,29,20
49955,49955,29,7
49956,49956,29,33
49957,49957,30,22
49958,49958,30,18
49959,49959,30,10
49960,49960,30,38
49961,49961,31,25
49962,49962,31,8
49963,49963,31,18
49964,49964,31,27
49965,49965,32,36
49966,49966,32,19
49967,49967,32,12
49968,49968,32,19
49969,49969,33,32
49970,49970,33,10
49971,49971,33,25
49972,49972,33,36
49973,49973,34,33
49974,49974,34,17
49975,49975,34,11
49976,49976,34,13
49977,49977,35,27
49978,49978,35,19
49979,49979,35,15
49980,49980,35,23
49981,49981,1,34
49982,49982,1,21
49983,49983,1,14
49984,49984,1,26
49985,49985,2,40
49986,49986,2,18
49987,49987,2,24
49988,49988,2,12
49989,49989,3,20
49990,49990,3,25
49991,49991,3,16
49992,49992,3,22
49993,49993,4,18
49994,49994,4,22
49995,49995,4,22
49996,49996,4,37
49997,49997,5,22
49998,49998,5,8
49999,49999,5,15
50000,50000,5,32
50001,50001,6,13
50002,50002,6,19
50003,50003,6,27
50004,50004,6,38
50005,50005,7,32
50006,50006,7,10
50007,50007,7,30
50008,50008,7,19
50009,50009,8,30
50010,50010,8,29
50011,50011,8,30
50012,50012,8,15
50013,50013,9,17
50014,50014,9,23
50015,50015,9,15
50016,50016,9,44
50017,50017,10,14
50018,50018,10,15
50019,50019,10,17
50020,50020,10,25
50021,50021,11,29
50022,50022,11,10
50023,50023,11,17
50024,50024,11,14
50025,50025,12,24
50026,50026,12,21
50027,50027,12,13
50028,50028,12,30
50029,50029,13,51
50030,50030,13,31
50031,50031,13,8
50032,50032,13,11
50033,50033,14,12
50034,50034,14,26
50035,50035,14,18
50036,50036,14,27
50037,50037,15,21
50038,50038,15,16
50039,50039,15,19
50040,50040,15,35
50041,50041,16,7
50042,50042,16,25
50043,50043,16,13
50044,50044,16,29
50045,50045,17,14
50046,50046,17,18
50047,50047,17,26
50048,50048,17,16
50049,50049,18,31
50050,50050,18,16
50051,50051,18,15
50052,50052,18,10
50053,50053,19,30
50054,50054,19,23
50055,50055,19,11
50056,50056,19,23
50057,50057,20,30
50058,50058,20,11
50059,50059,20,14
50060,50060,20,38
50061,50061,21,37
50062,50062,21,20
50063,50063,21,7
50064,50064,21,29
50065,50065,22,42
50066,50066,22,11
50067,50067,22,20
50068,50068,22,19
50069,50069,23,29
50070,50070,23,26
50071,50071,23,22
50072,50072,23,12
50073,50073,24,38
50074,50074,24,16
50075,50075,24,12
50076,50076,24,24
50077,50077,25,16
50078,50078,25,30
50079,50079,25,32
50080,50080,25,19
50081,50081,26,39
50082,50082,26,27
50083,50083,26,17
50084,50084,26,24
50085,50085,27,27
50086,50086,27,23
50087,50087,27,29
50088,50088,27,8
50089,50089,28,44
50090,50090,28,19
50091,50091,28,18
50092,50092,28,18
50093,50093,29,47
50094,50094,29,14
50095,50095,29,33
50096,50096,29,10
50097,50097,30,18
50098,50098,30,22
50099,50099,30,23
50100,50100,30,23
50101,50101,31,26
50102,50102,31,31
50103,50103,31,21
50104,50104,31,19
50105,50105,32,25
50106,50106,32,28
50107,50107,32,20
50108,50108,32,25
50109,50109,33,25
50110,50110,33,22
50111,50111,33,21
50112,50112,33,38
50113,50113,34,34
50114,50114,34,15
50115,50115,34,23
50116,50116,34,20
50117,50117,35,27
50118,50118,35,14
50119,50119,35,19
50120,50120,35,20
50121,50121,1,31
50122,50122,1,24
50123,50123,1,16
50124,50124,1,41
50125,50125,2,24
50126,50126,2,28
50127,50127,2,19
50128,50128,2,46
50129,50129,3,42
50130,50130,3,22
50131,50131,3,31
50132,50132,3,29
50133,50133,4,29
50134,50134,4,47
50135,50135,4,20
50136,50136,4,20
50137,50137,5,33
50138,50138,5,28
50139,50139,5,44
50140,50140,5,16
50141,50141,6,26
50142,50142,6,10
50143,50143,6,10
50144,50144,6,30
50145,50145,7,30
50146,50146,7,43
50147,50147,7,20
50148,50148,7,36
50149,50149,8,27
50150,50150,8,14
50151,50151,8,30
50152,50152,8,24
50153,50153,9,32
50154,50154,9,29
50155,50155,9,22
50156,50156,9,22
50157,50157,10,28
50158,50158,10,16
50159,50159,10,22
50160,50160,10,11
50161,50161,11,23
50162,50162,11,23
50163,50163,11,26
50164,50164,11,13
50165,50165,12,26
50166,50166,12,21
50167,50167,12,26
50168,50168,12,45
50169,50169,13,52
50170,50170,13,18
50171,50171,13,27
50172,50172,13,26
50173,50173,14,15
50174,50174,14,36
50175,50175,14,39
50176,50176,14,22
50177,50177,15,25
50178,50178,15,31
50179,50179,15,31
50180,50180,15,16
50181,50181,16,40
50182,50182,16,26
50183,50183,16,32
50184,50184,16,17
50185,50185,17,27
50186,50186,17,16
50187,50187,17,27
50188,50188,17,29
50189,50189,18,45
50190,50190,18,17
50191,50191,18,11
50192,50192,18,28
50193,50193,19,44
50194,50194,19,15
50195,50195,19,13
50196,50196,19,38
50197,50197,20,37
50198,50198,20,14
50199,50199,20,10
50200,50200,20,24
50201,50201,21,43
50202,50202,21,23
50203,50203,21,16
50204,50204,21,22
50205,50205,22,49
50206,50206,22,17
50207,50207,22,20
50208,50208,22,25
50209,50209,23,28
50210,50210,23,19
50211,50211,23,14
50212,50212,23,23
50213,50213,24,60
50214,50214,24,20
50215,50215,24,44
50216,50216,24,22
50217,50217,25,33
50218,50218,25,19
50219,50219,25,17
50220,50220,25,32
50221,50221,26,16
50222,50222,26,29
50223,50223,26,8
50224,50224,26,32
50225,50225,27,18
50226,50226,27,18
50227,50227,27,17
50228,50228,27,14
50229,50229,28,26
50230,50230,28,15
50231,50231,28,14
50232,50232,28,19
50233,50233,29,48
50234,50234,29,10
50235,50235,29,18
50236,50236,29,38
50237,50237,30,31
50238,50238,30,22
50239,50239,30,18
50240,50240,30,26
50241,50241,31,27
50242,50242,31,8
50243,50243,31,20
50244,50244,31,44
50245,50245,32,31
50246,50246,32,11
50247,50247,32,22
50248,50248,32,34
50249,50249,33,38
50250,50250,33,26
50251,50251,33,22
50252,50252,33,18
50253,50253,34,36
50254,50254,34,17
50255,50255,34,29
50256,50256,34,26
50257,50257,35,28
50258,50258,35,25
50259,50259,35,16
50260,50260,35,22
50261,50261,1,30
50262,50262,1,10
50263,50263,1,27
50264,50264,1,26
50265,50265,2,27
50266,50266,2,18
50267,50267,2,21
50268,50268,2,16
50269,50269,3,22
50270,50270,3,29
50271,50271,3,14
50272,50272,3,25
50273,50273,4,29
50274,50274,4,36
50275,50275,4,14
50276,50276,4,38
50277,50277,5,22
50278,50278,5,45
50279,50279,5,31
50280,50280,5,26
50281,50281,6,51
50282,50282,6,8
50283,50283,6,21
50284,50284,6,35
50285,50285,7,40
50286,50286,7,20
50287,50287,7,16
50288,50288,7,34
50289,50289,8,23
50290,50290,8,15
50291,50291,8,6
50292,50292,8,44
50293,50293,9,45
50294,50294,9,10
50295,50295,9,23
50296,50296,9,28
50297,50297,10,40
50298,50298,10,16
50299,50299,10,15
50300,50300,10,20
50301,50301,11,33
50302,50302,11,14
50303,50303,11,33
50304,50304,11,39
50305,50305,12,28
50306,50306,12,19
50307,50307,12,16
50308,50308,12,39
50309,50309,13,33
50310,50310,13,2
50311,50311,13,34
50312,50312,13,47
50313,50313,14,36
50314,50314,14,15
50315,50315,14,31
50316,50316,14,36
50317,50317,15,23
50318,50318,15,28
50319,50319,15,8
50320,50320,15,37
50321,50321,16,27
50322,50322,16,21
50323,50323,16,19
50324,50324,16,23
50325,50325,17,27
50326,50326,17,30
50327,50327,17,22
50328,50328,17,32
50329,50329,18,33
50330,50330,18,19
50331,50331,18,35
50332,50332,18,31
50333,50333,19,25
50334,50334,19,29
50335,50335,19,26
50336,50336,19,29
50337,50337,20,56
50338,50338,20,13
50339,50339,20,17
50340,50340,20,18
50341,50341,21,31
50342,50342,21,30
50343,50343,21,23
50344,50344,21,16
50345,50345,22,57
50346,50346,22,27
50347,50347,22,13
50348,50348,22,13
50349,50349,23,21
50350,50350,23,24
50351,50351,23,26
50352,50352,23,30
50353,50353,24,20
50354,50354,24,31
50355,50355,24,32
50356,50356,24,27
50357,50357,25,28
50358,50358,25,36
50359,50359,25,17
50360,50360,25,18
50361,50361,26,31
50362,50362,26,21
50363,50363,26,17
50364,50364,26,31
50365,50365,27,40
50366,50366,27,14
50367,50367,27,24
50368,50368,27,30
50369,50369,28,49
50370,50370,28,32
50371,50371,28,15
50372,50372,28,25
50373,50373,29,22
50374,50374,29,37
50375,50375,29,20
50376,50376,29,31
50377,50377,30,21
50378,50378,30,23
50379,50379,30,31
50380,50380,30,37
50381,50381,31,32
50382,50382,31,24
50383,50383,31,16
50384,50384,31,13
50385,50385,32,34
50386,50386,32,35
50387,50387,32,29
50388,50388,32,31
50389,50389,33,22
50390,50390,33,15
50391,50391,33,17
50392,50392,33,14
50393,50393,34,53
50394,50394,34,16
50395,50395,34,10
50396,50396,34,19
50397,50397,35,38
50398,50398,35,28
50399,50399,35,10
50400,50400,35,38
50401,50401,1,33
50402,50402,1,21
50403,50403,1,6
50404,50404,1,30
50405,50405,2,36
50406,50406,2,12
50407,50407,2,12
50408,50408,2,14
50409,50409,3,40
50410,50410,3,10
50411,50411,3,10
50412,50412,3,51
50413,50413,4,19
50414,50414,4,17
50415,50415,4,23
50416,50416,4,20
50417,50417,5,40
50418,50418,5,13
50419,50419,5,18
50420,50420,5,14
50421,50421,6,27
50422,50422,6,15
50423,50423,6,12
50424,50424,6,22
50425,50425,7,18
50426,50426,7,18
50427,50427,7,23
50428,50428,7,26
50429,50429,8,50
50430,50430,8,25
50431,50431,8,19
50432,50432,8,23
50433,50433,9,17
50434,50434,9,22
50435,50435,9,11
50436,50436,9,34
50437,50437,10,30
50438,50438,10,15
50439,50439,10,22
50440,50440,10,14
50441,50441,11,28
50442,50442,11,30
50443,50443,11,13
50444,50444,11,18
50445,50445,12,20
50446,50446,12,11
50447,50447,12,9
50448,50448,12,25
50449,50449,13,29
50450,50450,13,31
50451,50451,13,16
50452,50452,13,37
50453,50453,14,23
50454,50454,14,17
50455,50455,14,26
50456,50456,14,14
50457,50457,15,18
50458,50458,15,16
50459,50459,15,21
50460,50460,15,40
50461,50461,16,21
50462,50462,16,15
50463,50463,16,27
50464,50464,16,15
50465,50465,17,28
50466,50466,17,10
50467,50467,17,36
50468,50468,17,22
50469,50469,18,42
50470,50470,18,11
50471,50471,18,18
50472,50472,18,19
50473,50473,19,23
50474,50474,19,21
50475,50475,19,15
50476,50476,19,24
50477,50477,20,33
50478,50478,20,24
50479,50479,20,33
50480,50480,20,24
50481,50481,21,15
50482,50482,21,18
50483,50483,21,6
50484,50484,21,21
50485,50485,22,28
50486,50486,22,13
50487,50487,22,12
50488,50488,22,20
50489,50489,23,37
50490,50490,23,14
50491,50491,23,13
50492,50492,23,28
50493,50493,24,17
50494,50494,24,32
50495,50495,24,15
50496,50496,24,13
50497,50497,25,34
50498,50498,25,14
50499,50499,25,18
50500,50500,25,21
50501,50501,26,17
50502,50502,26,20
50503,50503,26,19
50504,50504,26,25
50505,50505,27,15
50506,50506,27,33
50507,50507,27,20
50508,50508,27,23
50509,50509,28,34
50510,50510,28,12
50511,50511,28,15
50512,50512,28,12
50513,50513,29,20
50514,50514,29,13
50515,50515,29,14
50516,50516,29,33
50517,50517,30,51
50518,50518,30,21
50519,50519,30,16
50520,50520,30,18
50521,50521,31,29
50522,50522,31,14
50523,50523,31,35
50524,50524,31,29
50525,50525,32,23
50526,50526,32,14
50527,50527,32,23
50528,50528,32,19
50529,50529,33,15
50530,50530,33,25
50531,50531,33,14
50532,50532,33,28
50533,50533,34,43
50534,50534,34,10
50535,50535,34,9
50536,50536,34,29
50537,50537,35,40
50538,50538,35,9
50539,50539,35,22
50540,50540,35,23
50541,50541,1,27
50542,50542,1,10
50543,50543,1,12
50544,50544,1,24
50545,50545,2,17
50546,50546,2,29
50547,50547,2,10
50548,50548,2,19
50549,50549,3,31
50550,50550,3,12
50551,50551,3,9
50552,50552,3,18
50553,50553,4,18
50554,50554,4,16
50555,50555,4,20
50556,50556,4,13
50557,50557,5,28
50558,50558,5,16
50559,50559,5,11
50560,50560,5,21
50561,50561,6,24
50562,50562,6,13
50563,50563,6,16
50564,50564,6,15
50565,50565,7,25
50566,50566,7,11
50567,50567,7,17
50568,50568,7,26
50569,50569,8,29
50570,50570,8,15
50571,50571,8,13
50572,50572,8,18
50573,50573,9,20
50574,50574,9,17
50575,50575,9,20
50576,50576,9,26
50577,50577,10,20
50578,50578,10,15
50579,50579,10,14
50580,50580,10,21
50581,50581,11,21
50582,50582,11,16
50583,50583,11,15
50584,50584,11,18
50585,50585,12,32
50586,50586,12,13
50587,50587,12,22
50588,50588,12,17
50589,50589,13,35
50590,50590,13,18
50591,50591,13,13
50592,50592,13,21
50593,50593,14,26
50594,50594,14,24
50595,50595,14,19
50596,50596,14,14
50597,50597,15,28
50598,50598,15,17
50599,50599,15,6
50600,50600,15,28
50601,50601,16,26
50602,50602,16,14
50603,50603,16,20
50604,50604,16,24
50605,50605,17,32
50606,50606,17,33
50607,50607,17,24
50608,50608,17,13
50609,50609,18,15
50610,50610,18,28
50611,50611,18,19
50612,50612,18,25
50613,50613,19,36
50614,50614,19,18
50615,50615,19,16
50616,50616,19,24
50617,50617,20,28
50618,50618,20,25
50619,50619,20,14
50620,50620,20,38
50621,50621,21,21
50622,50622,21,10
50623,50623,21,14
50624,50624,21,27
50625,50625,22,32
50626,50626,22,12
50627,50627,22,10
50628,50628,22,10
50629,50629,23,29
50630,50630,23,12
50631,50631,23,15
50632,50632,23,20
50633,50633,24,36
50634,50634,24,15
50635,50635,24,16
50636,50636,24,18
50637,50637,25,36
50638,50638,25,16
50639,50639,25,10
50640,50640,25,21
50641,50641,26,10
50642,50642,26,18
50643,50643,26,21
50644,50644,26,25
50645,50645,27,21
50646,50646,27,13
50647,50647,27,18
50648,50648,27,21
50649,50649,28,22
50650,50650,28,12
50651,50651,28,34
50652,50652,28,15
50653,50653,29,19
50654,50654,29,21
50655,50655,29,13
50656,50656,29,28
50657,50657,30,27
50658,50658,30,16
50659,50659,30,14
50660,50660,30,21
50661,50661,31,26
50662,50662,31,20
50663,50663,31,20
50664,50664,31,13
50665,50665,32,13
50666,50666,32,6
50667,50667,32,6
50668,50668,32,27
50669,50669,33,26
50670,50670,33,10
50671,50671,33,8
50672,50672,33,20
50673,50673,34,24
50674,50674,34,11
50675,50675,34,18
50676,50676,34,20
50677,50677,35,29
50678,50678,35,20
50679,50679,35,19
50680,50680,35,9
50681,50681,1,23
50682,50682,1,12
50683,50683,1,19
50684,50684,1,44
50685,50685,2,20
50686,50686,2,30
50687,50687,2,11
50688,50688,2,19
50689,50689,3,12
50690,50690,3,21
50691,50691,3,12
50692,50692,3,33
50693,50693,4,21
50694,50694,4,21
50695,50695,4,18
50696,50696,4,11
50697,50697,5,18
50698,50698,5,11
50699,50699,5,15
50700,50700,5,24
50701,50701,6,16
50702,50702,6,12
50703,50703,6,17
50704,50704,6,18
50705,50705,7,32
50706,50706,7,22
50707,50707,7,13
50708,50708,7,14
50709,50709,8,25
50710,50710,8,12
50711,50711,8,21
50712,50712,8,17
50713,50713,9,31
50714,50714,9,14
50715,50715,9,9
50716,50716,9,20
50717,50717,10,26
50718,50718,10,11
50719,50719,10,22
50720,50720,10,30
50721,50721,11,35
50722,50722,11,9
50723,50723,11,9
50724,50724,11,31
50725,50725,12,14
50726,50726,12,28
50727,50727,12,20
50728,50728,12,15
50729,50729,13,13
50730,50730,13,12
50731,50731,13,16
50732,50732,13,11
50733,50733,14,23
50734,50734,14,13
50735,50735,14,16
50736,50736,14,28
50737,50737,15,37
50738,50738,15,17
50739,50739,15,15
50740,50740,15,31
50741,50741,16,9
50742,50742,16,21
50743,50743,16,19
50744,50744,16,23
50745,50745,17,13
50746,50746,17,15
50747,50747,17,20
50748,50748,17,39
50749,50749,18,22
50750,50750,18,14
50751,50751,18,34
50752,50752,18,18
50753,50753,19,23
50754,50754,19,12
50755,50755,19,19
50756,50756,19,24
50757,50757,20,24
50758,50758,20,21
50759,50759,20,11
50760,50760,20,26
50761,50761,21,27
50762,50762,21,18
50763,50763,21,15
50764,50764,21,31
50765,50765,22,13
50766,50766,22,22
50767,50767,22,16
50768,50768,22,12
50769,50769,23,33
50770,50770,23,25
50771,50771,23,15
50772,50772,23,18
50773,50773,24,18
50774,50774,24,22
50775,50775,24,12
50776,50776,24,17
50777,50777,25,30
50778,50778,25,16
50779,50779,25,10
50780,50780,25,19
50781,50781,26,16
50782,50782,26,14
50783,50783,26,20
50784,50784,26,16
50785,50785,27,29
50786,50786,27,16
50787,50787,27,9
50788,50788,27,28
50789,50789,28,17
50790,50790,28,15
50791,50791,28,11
50792,50792,28,16
50793,50793,29,29
50794,50794,29,5
50795,50795,29,15
50796,50796,29,12
50797,50797,30,20
50798,50798,30,12
50799,50799,30,10
50800,50800,30,21
50801,50801,31,22
50802,50802,31,17
50803,50803,31,12
50804,50804,31,16
50805,50805,32,42
50806,50806,32,11
50807,50807,32,7
50808,50808,32,15
50809,50809,33,30
50810,50810,33,9
50811,50811,33,19
50812,50812,33,29
50813,50813,34,20
50814,50814,34,7
50815,50815,34,19
50816,50816,34,26
50817,50817,35,23
50818,50818,35,13
50819,50819,35,10
50820,50820,35,30
50821,50821,1,17
50822,50822,1,21
50823,50823,1,10
50824,50824,1,32
50825,50825,2,22
50826,50826,2,27
50827,50827,2,30
50828,50828,2,22
50829,50829,3,25
50830,50830,3,16
50831,50831,3,19
50832,50832,3,30
50833,50833,4,15
50834,50834,4,37
50835,50835,4,11
50836,50836,4,31
50837,50837,5,24
50838,50838,5,13
50839,50839,5,20
50840,50840,5,30
50841,50841,6,25
50842,50842,6,17
50843,50843,6,14
50844,50844,6,29
50845,50845,7,34
50846,50846,7,20
50847,50847,7,22
50848,50848,7,18
50849,50849,8,38
50850,50850,8,11
50851,50851,8,10
50852,50852,8,20
50853,50853,9,28
50854,50854,9,10
50855,50855,9,10
50856,50856,9,27
50857,50857,10,31
50858,50858,10,9
50859,50859,10,8
50860,50860,10,26
50861,50861,11,22
50862,50862,11,10
50863,50863,11,30
50864,50864,11,18
50865,50865,12,12
50866,50866,12,21
50867,50867,12,24
50868,50868,12,22
50869,50869,13,27
50870,50870,13,16
50871,50871,13,32
50872,50872,13,13
50873,50873,14,20
50874,50874,14,17
50875,50875,14,15
50876,50876,14,21
50877,50877,15,30
50878,50878,15,9
50879,50879,15,17
50880,50880,15,19
50881,50881,16,19
50882,50882,16,22
50883,50883,16,7
50884,50884,16,20
50885,50885,17,32
50886,50886,17,23
50887,50887,17,14
50888,50888,17,25
50889,50889,18,23
50890,50890,18,11
50891,50891,18,26
50892,50892,18,23
50893,50893,19,18
50894,50894,19,22
50895,50895,19,13
50896,50896,19,31
50897,50897,20,22
50898,50898,20,28
50899,50899,20,17
50900,50900,20,14
50901,50901,21,8
50902,50902,21,27
50903,50903,21,17
50904,50904,21,27
50905,50905,22,24
50906,50906,22,16
50907,50907,22,13
50908,50908,22,22
50909,50909,23,30
50910,50910,23,17
50911,50911,23,17
50912,50912,23,21
50913,50913,24,27
50914,50914,24,22
50915,50915,24,13
50916,50916,24,12
50917,50917,25,32
50918,50918,25,14
50919,50919,25,17
50920,50920,25,25
50921,50921,26,30
50922,50922,26,28
50923,50923,26,12
50924,50924,26,25
50925,50925,27,19
50926,50926,27,25
50927,50927,27,18
50928,50928,27,25
50929,50929,28,19
50930,50930,28,30
50931,50931,28,13
50932,50932,28,40
50933,50933,29,20
50934,50934,29,24
50935,50935,29,12
50936,50936,29,25
50937,50937,30,38
50938,50938,30,15
50939,50939,30,20
50940,50940,30,34
50941,50941,31,30
50942,50942,31,28
50943,50943,31,16
50944,50944,31,26
50945,50945,32,24
50946,50946,32,26
50947,50947,32,24
50948,50948,32,10
50949,50949,33,23
50950,50950,33,23
50951,50951,33,8
50952,50952,33,28
50953,50953,34,23
50954,50954,34,17
50955,50955,34,23
50956,50956,34,24
50957,50957,35,26
50958,50958,35,28
50959,50959,35,14
50960,50960,35,11
50961,50961,1,29
50962,50962,1,13
50963,50963,1,16
50964,50964,1,22
50965,50965,2,22
50966,50966,2,27
50967,50967,2,23
50968,50968,2,21
50969,50969,3,31
50970,50970,3,29
50971,50971,3,20
50972,50972,3,27
50973,50973,4,32
50974,50974,4,28
50975,50975,4,11
50976,50976,4,32
50977,50977,5,23
50978,50978,5,27
50979,50979,5,18
50980,50980,5,25
50981,50981,6,17
50982,50982,6,18
50983,50983,6,21
50984,50984,6,39
50985,50985,7,38
50986,50986,7,10
50987,50987,7,12
50988,50988,7,15
50989,50989,8,35
50990,50990,8,12
50991,50991,8,15
50992,50992,8,12
50993,50993,9,39
50994,50994,9,31
50995,50995,9,14
50996,50996,9,16
50997,50997,10,24
50998,50998,10,20
50999,50999,10,16
51000,51000,10,34
51001,51001,11,18
51002,51002,11,28
51003,51003,11,25
51004,51004,11,26
51005,51005,12,25
51006,51006,12,19
51007,51007,12,22
51008,51008,12,35
51009,51009,13,35
51010,51010,13,15
51011,51011,13,16
51012,51012,13,31
51013,51013,14,14
51014,51014,14,10
51015,51015,14,15
51016,51016,14,16
51017,51017,15,20
51018,51018,15,22
51019,51019,15,25
51020,51020,15,27
51021,51021,16,27
51022,51022,16,24
51023,51023,16,18
51024,51024,16,18
51025,51025,17,16
51026,51026,17,44
51027,51027,17,9
51028,51028,17,27
51029,51029,18,29
51030,51030,18,8
51031,51031,18,9
51032,51032,18,31
51033,51033,19,15
51034,51034,19,32
51035,51035,19,22
51036,51036,19,29
51037,51037,20,21
51038,51038,20,42
51039,51039,20,8
51040,51040,20,12
51041,51041,21,33
51042,51042,21,22
51043,51043,21,4
51044,51044,21,21
51045,51045,22,40
51046,51046,22,21
51047,51047,22,10
51048,51048,22,33
51049,51049,23,24
51050,51050,23,20
51051,51051,23,9
51052,51052,23,25
51053,51053,24,41
51054,51054,24,23
51055,51055,24,20
51056,51056,24,17
51057,51057,25,39
51058,51058,25,12
51059,51059,25,18
51060,51060,25,24
51061,51061,26,33
51062,51062,26,15
51063,51063,26,21
51064,51064,26,29
51065,51065,27,21
51066,51066,27,15
51067,51067,27,24
51068,51068,27,43
51069,51069,28,23
51070,51070,28,39
51071,51071,28,31
51072,51072,28,23
51073,51073,29,18
51074,51074,29,27
51075,51075,29,25
51076,51076,29,26
51077,51077,30,18
51078,51078,30,48
51079,51079,30,16
51080,51080,30,26
51081,51081,31,34
51082,51082,31,18
51083,51083,31,34
51084,51084,31,28
51085,51085,32,11
51086,51086,32,25
51087,51087,32,33
51088,51088,32,31
51089,51089,33,43
51090,51090,33,16
51091,51091,33,24
51092,51092,33,20
51093,51093,34,18
51094,51094,34,16
51095,51095,34,19
51096,51096,34,31
51097,51097,35,15
51098,51098,35,29
51099,51099,35,19
51100,51100,35,15
51101,51101,1,30
51102,51102,1,41
51103,51103,1,43
51104,51104,1,13
51105,51105,2,33
51106,51106,2,22
51107,51107,2,24
51108,51108,2,25
51109,51109,3,58
51110,51110,3,20
51111,51111,3,20
51112,51112,3,18
51113,51113,4,26
51114,51114,4,34
51115,51115,4,17
51116,51116,4,30
51117,51117,5,41
51118,51118,5,17
51119,51119,5,15
51120,51120,5,29
51121,51121,6,24
51122,51122,6,12
51123,51123,6,16
51124,51124,6,39
51125,51125,7,42
51126,51126,7,20
51127,51127,7,20
51128,51128,7,29
51129,51129,8,37
51130,51130,8,21
51131,51131,8,11
51132,51132,8,30
51133,51133,9,48
51134,51134,9,26
51135,51135,9,5
51136,51136,9,26
51137,51137,10,36
51138,51138,10,34
51139,51139,10,23
51140,51140,10,18
51141,51141,11,20
51142,51142,11,27
51143,51143,11,15
51144,51144,11,25
51145,51145,12,43
51146,51146,12,21
51147,51147,12,16
51148,51148,12,47
51149,51149,13,40
51150,51150,13,37
51151,51151,13,12
51152,51152,13,6
51153,51153,14,31
51154,51154,14,20
51155,51155,14,25
51156,51156,14,38
51157,51157,15,62
51158,51158,15,18
51159,51159,15,12
51160,51160,15,22
51161,51161,16,27
51162,51162,16,38
51163,51163,16,28
51164,51164,16,21
51165,51165,17,37
51166,51166,17,16
51167,51167,17,20
51168,51168,17,24
51169,51169,18,34
51170,51170,18,28
51171,51171,18,12
51172,51172,18,26
51173,51173,19,26
51174,51174,19,32
51175,51175,19,14
51176,51176,19,30
51177,51177,20,22
51178,51178,20,42
51179,51179,20,26
51180,51180,20,41
51181,51181,21,47
51182,51182,21,22
51183,51183,21,24
51184,51184,21,25
51185,51185,22,30
51186,51186,22,33
51187,51187,22,17
51188,51188,22,14
51189,51189,23,25
51190,51190,23,11
51191,51191,23,28
51192,51192,23,35
51193,51193,24,34
51194,51194,24,16
51195,51195,24,14
51196,51196,24,26
51197,51197,25,30
51198,51198,25,31
51199,51199,25,11
51200,51200,25,31
51201,51201,26,51
51202,51202,26,17
51203,51203,26,31
51204,51204,26,24
51205,51205,27,25
51206,51206,27,29
51207,51207,27,13
51208,51208,27,33
51209,51209,28,42
51210,51210,28,17
51211,51211,28,20
51212,51212,28,35
51213,51213,29,46
51214,51214,29,40
51215,51215,29,17
51216,51216,29,20
51217,51217,30,22
51218,51218,30,29
51219,51219,30,22
51220,51220,30,24
51221,51221,31,46
51222,51222,31,13
51223,51223,31,20
51224,51224,31,27
51225,51225,32,50
51226,51226,32,17
51227,51227,32,26
51228,51228,32,36
51229,51229,33,22
51230,51230,33,10
51231,51231,33,16
51232,51232,33,55
51233,51233,34,37
51234,51234,34,15
51235,51235,34,22
51236,51236,34,23
51237,51237,35,20
51238,51238,35,18
51239,51239,35,22
51240,51240,35,35
51241,51241,1,19
51242,51242,1,19
51243,51243,1,13
51244,51244,1,76
51245,51245,2,63
51246,51246,2,17
51247,51247,2,14
51248,51248,2,14
51249,51249,3,62
51250,51250,3,24
51251,51251,3,16
51252,51252,3,20
51253,51253,4,46
51254,51254,4,20
51255,51255,4,27
51256,51256,4,16
51257,51257,5,49
51258,51258,5,22
51259,51259,5,13
51260,51260,5,21
51261,51261,6,47
51262,51262,6,9
51263,51263,6,21
51264,51264,6,23
51265,51265,7,60
51266,51266,7,24
51267,51267,7,11
51268,51268,7,29
51269,51269,8,19
51270,51270,8,18
51271,51271,8,29
51272,51272,8,28
51273,51273,9,38
51274,51274,9,37
51275,51275,9,20
51276,51276,9,36
51277,51277,10,40
51278,51278,10,18
51279,51279,10,34
51280,51280,10,34
51281,51281,11,24
51282,51282,11,34
51283,51283,11,18
51284,51284,11,22
51285,51285,12,25
51286,51286,12,18
51287,51287,12,23
51288,51288,12,26
51289,51289,13,20
51290,51290,13,29
51291,51291,13,18
51292,51292,13,29
51293,51293,14,30
51294,51294,14,31
51295,51295,14,33
51296,51296,14,34
51297,51297,15,18
51298,51298,15,21
51299,51299,15,18
51300,51300,15,29
51301,51301,16,45
51302,51302,16,36
51303,51303,16,27
51304,51304,16,18
51305,51305,17,49
51306,51306,17,31
51307,51307,17,13
51308,51308,17,31
51309,51309,18,38
51310,51310,18,18
51311,51311,18,8
51312,51312,18,36
51313,51313,19,57
51314,51314,19,19
51315,51315,19,19
51316,51316,19,25
51317,51317,20,23
51318,51318,20,29
51319,51319,20,28
51320,51320,20,37
51321,51321,21,15
51322,51322,21,25
51323,51323,21,33
51324,51324,21,30
51325,51325,22,21
51326,51326,22,38
51327,51327,22,17
51328,51328,22,24
51329,51329,23,43
51330,51330,23,20
51331,51331,23,14
51332,51332,23,22
51333,51333,24,34
51334,51334,24,17
51335,51335,24,22
51336,51336,24,30
51337,51337,25,37
51338,51338,25,9
51339,51339,25,26
51340,51340,25,28
51341,51341,26,25
51342,51342,26,41
51343,51343,26,25
51344,51344,26,12
51345,51345,27,26
51346,51346,27,32
51347,51347,27,16
51348,51348,27,44
51349,51349,28,22
51350,51350,28,29
51351,51351,28,20
51352,51352,28,27
51353,51353,29,29
51354,51354,29,12
51355,51355,29,22
51356,51356,29,24
51357,51357,30,28
51358,51358,30,13
51359,51359,30,35
51360,51360,30,21
51361,51361,31,37
51362,51362,31,17
51363,51363,31,25
51364,51364,31,19
51365,51365,32,29
51366,51366,32,43
51367,51367,32,17
51368,51368,32,26
51369,51369,33,31
51370,51370,33,27
51371,51371,33,38
51372,51372,33,28
51373,51373,34,19
51374,51374,34,12
51375,51375,34,21
51376,51376,34,33
51377,51377,35,32
51378,51378,35,26
51379,51379,35,19
51380,51380,35,26
51381,51381,1,20
51382,51382,1,20
51383,51383,1,21
51384,51384,1,27
51385,51385,2,17
51386,51386,2,45
51387,51387,2,13
51388,51388,2,25
51389,51389,3,57
51390,51390,3,11
51391,51391,3,7
51392,51392,3,41
51393,51393,4,23
51394,51394,4,12
51395,51395,4,13
51396,51396,4,15
51397,51397,5,22
51398,51398,5,31
51399,51399,5,11
51400,51400,5,21
51401,51401,6,32
51402,51402,6,20
51403,51403,6,20
51404,51404,6,9
51405,51405,7,21
51406,51406,7,21
51407,51407,7,17
51408,51408,7,28
51409,51409,8,33
51410,51410,8,26
51411,51411,8,14
51412,51412,8,31
51413,51413,9,39
51414,51414,9,19
51415,51415,9,8
51416,51416,9,19
51417,51417,10,31
51418,51418,10,20
51419,51419,10,17
51420,51420,10,44
51421,51421,11,31
51422,51422,11,25
51423,51423,11,18
51424,51424,11,20
51425,51425,12,36
51426,51426,12,26
51427,51427,12,14
51428,51428,12,26
51429,51429,13,21
51430,51430,13,20
51431,51431,13,11
51432,51432,13,26
51433,51433,14,36
51434,51434,14,15
51435,51435,14,19
51436,51436,14,20
51437,51437,15,22
51438,51438,15,24
51439,51439,15,14
51440,51440,15,16
51441,51441,16,23
51442,51442,16,33
51443,51443,16,15
51444,51444,16,30
51445,51445,17,20
51446,51446,17,26
51447,51447,17,15
51448,51448,17,35
51449,51449,18,11
51450,51450,18,41
51451,51451,18,17
51452,51452,18,18
51453,51453,19,31
51454,51454,19,29
51455,51455,19,9
51456,51456,19,32
51457,51457,20,55
51458,51458,20,15
51459,51459,20,8
51460,51460,20,20
51461,51461,21,36
51462,51462,21,22
51463,51463,21,21
51464,51464,21,30
51465,51465,22,20
51466,51466,22,28
51467,51467,22,10
51468,51468,22,21
51469,51469,23,32
51470,51470,23,29
51471,51471,23,14
51472,51472,23,18
51473,51473,24,27
51474,51474,24,13
51475,51475,24,12
51476,51476,24,17
51477,51477,25,37
51478,51478,25,15
51479,51479,25,14
51480,51480,25,23
51481,51481,26,38
51482,51482,26,27
51483,51483,26,16
51484,51484,26,20
51485,51485,27,29
51486,51486,27,12
51487,51487,27,18
51488,51488,27,13
51489,51489,28,33
51490,51490,28,25
51491,51491,28,15
51492,51492,28,16
51493,51493,29,30
51494,51494,29,8
51495,51495,29,19
51496,51496,29,31
51497,51497,30,22
51498,51498,30,11
51499,51499,30,23
51500,51500,30,20
51501,51501,31,25
51502,51502,31,22
51503,51503,31,31
51504,51504,31,19
51505,51505,32,22
51506,51506,32,10
51507,51507,32,16
51508,51508,32,36
51509,51509,33,17
51510,51510,33,13
51511,51511,33,13
51512,51512,33,28
51513,51513,34,32
51514,51514,34,22
51515,51515,34,14
51516,51516,34,13
51517,51517,35,12
51518,51518,35,27
51519,51519,35,30
51520,51520,35,21
51521,51521,1,30
51522,51522,1,16
51523,51523,1,12
51524,51524,1,30
51525,51525,2,39
51526,51526,2,10
51527,51527,2,13
51528,51528,2,24
51529,51529,3,26
51530,51530,3,23
51531,51531,3,16
51532,51532,3,14
51533,51533,4,25
51534,51534,4,14
51535,51535,4,13
51536,51536,4,27
51537,51537,5,28
51538,51538,5,25
51539,51539,5,12
51540,51540,5,21
51541,51541,6,27
51542,51542,6,14
51543,51543,6,10
51544,51544,6,22
51545,51545,7,28
51546,51546,7,16
51547,51547,7,16
51548,51548,7,17
51549,51549,8,23
51550,51550,8,11
51551,51551,8,8
51552,51552,8,20
51553,51553,9,18
51554,51554,9,33
51555,51555,9,12
51556,51556,9,15
51557,51557,10,24
51558,51558,10,21
51559,51559,10,16
51560,51560,10,17
51561,51561,11,33
51562,51562,11,10
51563,51563,11,12
51564,51564,11,30
51565,51565,12,29
51566,51566,12,11
51567,51567,12,18
51568,51568,12,29
51569,51569,13,20
51570,51570,13,21
51571,51571,13,7
51572,51572,13,21
51573,51573,14,23
51574,51574,14,8
51575,51575,14,12
51576,51576,14,35
51577,51577,15,21
51578,51578,15,14
51579,51579,15,10
51580,51580,15,34
51581,51581,16,24
51582,51582,16,8
51583,51583,16,15
51584,51584,16,21
51585,51585,17,13
51586,51586,17,15
51587,51587,17,9
51588,51588,17,22
51589,51589,18,22
51590,51590,18,15
51591,51591,18,23
51592,51592,18,19
51593,51593,19,21
51594,51594,19,12
51595,51595,19,9
51596,51596,19,17
51597,51597,20,35
51598,51598,20,17
51599,51599,20,8
51600,51600,20,26
51601,51601,21,26
51602,51602,21,11
51603,51603,21,11
51604,51604,21,22
51605,51605,22,29
51606,51606,22,14
51607,51607,22,13
51608,51608,22,23
51609,51609,23,19
51610,51610,23,21
51611,51611,23,16
51612,51612,23,33
51613,51613,24,21
51614,51614,24,18
51615,51615,24,7
51616,51616,24,26
51617,51617,25,29
51618,51618,25,17
51619,51619,25,9
51620,51620,25,13
51621,51621,26,21
51622,51622,26,19
51623,51623,26,13
51624,51624,26,25
51625,51625,27,20
51626,51626,27,21
51627,51627,27,18
51628,51628,27,19
51629,51629,28,36
51630,51630,28,18
51631,51631,28,9
51632,51632,28,12
51633,51633,29,18
51634,51634,29,19
51635,51635,29,11
51636,51636,29,22
51637,51637,30,20
51638,51638,30,14
51639,51639,30,15
51640,51640,30,17
51641,51641,31,19
51642,51642,31,21
51643,51643,31,25
51644,51644,31,18
51645,51645,32,37
51646,51646,32,17
51647,51647,32,9
51648,51648,32,19
51649,51649,33,17
51650,51650,33,17
51651,51651,33,29
51652,51652,33,14
51653,51653,34,33
51654,51654,34,6
51655,51655,34,14
51656,51656,34,24
51657,51657,35,14
51658,51658,35,16
51659,51659,35,21
51660,51660,35,26
51661,51661,1,24
51662,51662,1,24
51663,51663,1,19
51664,51664,1,20
51665,51665,2,18
51666,51666,2,10
51667,51667,2,24
51668,51668,2,17
51669,51669,3,26
51670,51670,3,11
51671,51671,3,14
51672,51672,3,31
51673,51673,4,37
51674,51674,4,11
51675,51675,4,37
51676,51676,4,21
51677,51677,5,28
51678,51678,5,20
51679,51679,5,14
51680,51680,5,22
51681,51681,6,23
51682,51682,6,20
51683,51683,6,20
51684,51684,6,38
51685,51685,7,16
51686,51686,7,23
51687,51687,7,14
51688,51688,7,22
51689,51689,8,28
51690,51690,8,18
51691,51691,8,8
51692,51692,8,14
51693,51693,9,16
51694,51694,9,14
51695,51695,9,15
51696,51696,9,20
51697,51697,10,29
51698,51698,10,20
51699,51699,10,13
51700,51700,10,25
51701,51701,11,19
51702,51702,11,13
51703,51703,11,18
51704,51704,11,11
51705,51705,12,23
51706,51706,12,10
51707,51707,12,13
51708,51708,12,22
51709,51709,13,20
51710,51710,13,27
51711,51711,13,12
51712,51712,13,7
51713,51713,14,39
51714,51714,14,12
51715,51715,14,10
51716,51716,14,21
51717,51717,15,41
51718,51718,15,18
51719,51719,15,13
51720,51720,15,7
51721,51721,16,20
51722,51722,16,26
51723,51723,16,15
51724,51724,16,26
51725,51725,17,20
51726,51726,17,18
51727,51727,17,10
51728,51728,17,33
51729,51729,18,13
51730,51730,18,20
51731,51731,18,15
51732,51732,18,24
51733,51733,19,27
51734,51734,19,10
51735,51735,19,21
51736,51736,19,16
51737,51737,20,16
51738,51738,20,14
51739,51739,20,20
51740,51740,20,23
51741,51741,21,38
51742,51742,21,14
51743,51743,21,18
51744,51744,21,16
51745,51745,22,23
51746,51746,22,17
51747,51747,22,7
51748,51748,22,20
51749,51749,23,24
51750,51750,23,23
51751,51751,23,11
51752,51752,23,15
51753,51753,24,34
51754,51754,24,18
51755,51755,24,11
51756,51756,24,20
51757,51757,25,27
51758,51758,25,13
51759,51759,25,10
51760,51760,25,17
51761,51761,26,26
51762,51762,26,22
51763,51763,26,14
51764,51764,26,14
51765,51765,27,13
51766,51766,27,36
51767,51767,27,3
51768,51768,27,20
51769,51769,28,28
51770,51770,28,16
51771,51771,28,16
51772,51772,28,17
51773,51773,29,29
51774,51774,29,13
51775,51775,29,21
51776,51776,29,23
51777,51777,30,35
51778,51778,30,17
51779,51779,30,10
51780,51780,30,17
51781,51781,31,28
51782,51782,31,11
51783,51783,31,12
51784,51784,31,15
51785,51785,32,36
51786,51786,32,17
51787,51787,32,15
51788,51788,32,22
51789,51789,33,24
51790,51790,33,39
51791,51791,33,15
51792,51792,33,11
51793,51793,34,25
51794,51794,34,22
51795,51795,34,7
51796,51796,34,20
51797,51797,35,18
51798,51798,35,14
51799,51799,35,34
51800,51800,35,14
51801,51801,1,46
51802,51802,1,6
51803,51803,1,20
51804,51804,1,29
51805,51805,2,21
51806,51806,2,23
51807,51807,2,10
51808,51808,2,24
51809,51809,3,34
51810,51810,3,20
51811,51811,3,14
51812,51812,3,20
51813,51813,4,26
51814,51814,4,15
51815,51815,4,19
51816,51816,4,31
51817,51817,5,32
51818,51818,5,27
51819,51819,5,32
51820,51820,5,13
51821,51821,6,26
51822,51822,6,21
51823,51823,6,12
51824,51824,6,21
51825,51825,7,32
51826,51826,7,10
51827,51827,7,17
51828,51828,7,21
51829,51829,8,35
51830,51830,8,13
51831,51831,8,13
51832,51832,8,10
51833,51833,9,18
51834,51834,9,21
51835,51835,9,19
51836,51836,9,9
51837,51837,10,21
51838,51838,10,19
51839,51839,10,11
51840,51840,10,19
51841,51841,11,37
51842,51842,11,26
51843,51843,11,5
51844,51844,11,21
51845,51845,12,42
51846,51846,12,15
51847,51847,12,21
51848,51848,12,22
51849,51849,13,29
51850,51850,13,19
51851,51851,13,13
51852,51852,13,18
51853,51853,14,22
51854,51854,14,19
51855,51855,14,9
51856,51856,14,37
51857,51857,15,20
51858,51858,15,20
51859,51859,15,8
51860,51860,15,17
51861,51861,16,32
51862,51862,16,21
51863,51863,16,9
51864,51864,16,38
51865,51865,17,32
51866,51866,17,14
51867,51867,17,20
51868,51868,17,21
51869,51869,18,11
51870,51870,18,35
51871,51871,18,17
51872,51872,18,37
51873,51873,19,17
51874,51874,19,25
51875,51875,19,11
51876,51876,19,40
51877,51877,20,30
51878,51878,20,20
51879,51879,20,12
51880,51880,20,12
51881,51881,21,11
51882,51882,21,12
51883,51883,21,15
51884,51884,21,23
51885,51885,22,29
51886,51886,22,25
51887,51887,22,10
51888,51888,22,14
51889,51889,23,40
51890,51890,23,15
51891,51891,23,11
51892,51892,23,15
51893,51893,24,17
51894,51894,24,13
51895,51895,24,29
51896,51896,24,27
51897,51897,25,29
51898,51898,25,17
51899,51899,25,15
51900,51900,25,28
51901,51901,26,34
51902,51902,26,19
51903,51903,26,15
51904,51904,26,35
51905,51905,27,32
51906,51906,27,20
51907,51907,27,22
51908,51908,27,18
51909,51909,28,27
51910,51910,28,11
51911,51911,28,7
51912,51912,28,23
51913,51913,29,41
51914,51914,29,6
51915,51915,29,13
51916,51916,29,13
51917,51917,30,28
51918,51918,30,23
51919,51919,30,14
51920,51920,30,20
51921,51921,31,26
51922,51922,31,9
51923,51923,31,20
51924,51924,31,24
51925,51925,32,29
51926,51926,32,13
51927,51927,32,24
51928,51928,32,19
51929,51929,33,31
51930,51930,33,20
51931,51931,33,16
51932,51932,33,14
51933,51933,34,23
51934,51934,34,14
51935,51935,34,13
51936,51936,34,31
51937,51937,35,54
51938,51938,35,19
51939,51939,35,25
51940,51940,35,12
51941,51941,1,18
51942,51942,1,30
51943,51943,1,20
51944,51944,1,23
51945,51945,2,21
51946,51946,2,25
51947,51947,2,27
51948,51948,2,43
51949,51949,3,48
51950,51950,3,19
51951,51951,3,10
51952,51952,3,22
51953,51953,4,28
51954,51954,4,17
51955,51955,4,12
51956,51956,4,30
51957,51957,5,25
51958,51958,5,43
51959,51959,5,16
51960,51960,5,16
51961,51961,6,23
51962,51962,6,17
51963,51963,6,9
51964,51964,6,27
51965,51965,7,21
51966,51966,7,22
51967,51967,7,16
51968,51968,7,23
51969,51969,8,34
51970,51970,8,38
51971,51971,8,15
51972,51972,8,21
51973,51973,9,29
51974,51974,9,31
51975,51975,9,35
51976,51976,9,24
51977,51977,10,45
51978,51978,10,12
51979,51979,10,23
51980,51980,10,8
51981,51981,11,36
51982,51982,11,22
51983,51983,11,19
51984,51984,11,13
51985,51985,12,38
51986,51986,12,18
51987,51987,12,18
51988,51988,12,15
51989,51989,13,17
51990,51990,13,29
51991,51991,13,22
51992,51992,13,19
51993,51993,14,27
51994,51994,14,17
51995,51995,14,13
51996,51996,14,23
51997,51997,15,24
51998,51998,15,29
51999,51999,15,30
52000,52000,15,14
52001,52001,16,35
52002,52002,16,24
52003,52003,16,23
52004,52004,16,22
52005,52005,17,45
52006,52006,17,17
52007,52007,17,20
52008,52008,17,24
52009,52009,18,17
52010,52010,18,17
52011,52011,18,17
52012,52012,18,38
52013,52013,19,26
52014,52014,19,45
52015,52015,19,17
52016,52016,19,17
52017,52017,20,17
52018,52018,20,29
52019,52019,20,14
52020,52020,20,25
52021,52021,21,23
52022,52022,21,33
52023,52023,21,20
52024,52024,21,20
52025,52025,22,47
52026,52026,22,18
52027,52027,22,7
52028,52028,22,24
52029,52029,23,13
52030,52030,23,11
52031,52031,23,21
52032,52032,23,34
52033,52033,24,20
52034,52034,24,8
52035,52035,24,16
52036,52036,24,24
52037,52037,25,25
52038,52038,25,12
52039,52039,25,13
52040,52040,25,20
52041,52041,26,42
52042,52042,26,13
52043,52043,26,15
52044,52044,26,19
52045,52045,27,39
52046,52046,27,21
52047,52047,27,12
52048,52048,27,23
52049,52049,28,34
52050,52050,28,29
52051,52051,28,25
52052,52052,28,24
52053,52053,29,28
52054,52054,29,10
52055,52055,29,21
52056,52056,29,27
52057,52057,30,16
52058,52058,30,27
52059,52059,30,18
52060,52060,30,40
52061,52061,31,23
52062,52062,31,31
52063,52063,31,9
52064,52064,31,24
52065,52065,32,45
52066,52066,32,19
52067,52067,32,12
52068,52068,32,45
52069,52069,33,50
52070,52070,33,12
52071,52071,33,21
52072,52072,33,20
52073,52073,34,33
52074,52074,34,28
52075,52075,34,20
52076,52076,34,19
52077,52077,35,31
52078,52078,35,40
52079,52079,35,26
52080,52080,35,20
52081,52081,1,21
52082,52082,1,33
52083,52083,1,32
52084,52084,1,18
52085,52085,2,37
52086,52086,2,41
52087,52087,2,19
52088,52088,2,28
52089,52089,3,33
52090,52090,3,29
52091,52091,3,23
52092,52092,3,20
52093,52093,4,31
52094,52094,4,22
52095,52095,4,13
52096,52096,4,22
52097,52097,5,15
52098,52098,5,37
52099,52099,5,14
52100,52100,5,25
52101,52101,6,26
52102,52102,6,25
52103,52103,6,11
52104,52104,6,40
52105,52105,7,23
52106,52106,7,41
52107,52107,7,11
52108,52108,7,23
52109,52109,8,18
52110,52110,8,49
52111,52111,8,17
52112,52112,8,22
52113,52113,9,27
52114,52114,9,23
52115,52115,9,30
52116,52116,9,25
52117,52117,10,24
52118,52118,10,25
52119,52119,10,10
52120,52120,10,41
52121,52121,11,46
52122,52122,11,29
52123,52123,11,14
52124,52124,11,11
52125,52125,12,40
52126,52126,12,19
52127,52127,12,4
52128,52128,12,36
52129,52129,13,35
52130,52130,13,34
52131,52131,13,16
52132,52132,13,34
52133,52133,14,39
52134,52134,14,20
52135,52135,14,30
52136,52136,14,20
52137,52137,15,25
52138,52138,15,32
52139,52139,15,20
52140,52140,15,29
52141,52141,16,49
52142,52142,16,14
52143,52143,16,18
52144,52144,16,30
52145,52145,17,47
52146,52146,17,33
52147,52147,17,15
52148,52148,17,27
52149,52149,18,17
52150,52150,18,38
52151,52151,18,18
52152,52152,18,30
52153,52153,19,46
52154,52154,19,22
52155,52155,19,14
52156,52156,19,35
52157,52157,20,30
52158,52158,20,24
52159,52159,20,21
52160,52160,20,32
52161,52161,21,40
52162,52162,21,14
52163,52163,21,8
52164,52164,21,22
52165,52165,22,20
52166,52166,22,10
52167,52167,22,23
52168,52168,22,47
52169,52169,23,31
52170,52170,23,33
52171,52171,23,23
52172,52172,23,26
52173,52173,24,27
52174,52174,24,25
52175,52175,24,5
52176,52176,24,23
52177,52177,25,45
52178,52178,25,31
52179,52179,25,35
52180,52180,25,22
52181,52181,26,51
52182,52182,26,37
52183,52183,26,8
52184,52184,26,14
52185,52185,27,25
52186,52186,27,18
52187,52187,27,25
52188,52188,27,29
52189,52189,28,24
52190,52190,28,28
52191,52191,28,35
52192,52192,28,22
52193,52193,29,47
52194,52194,29,26
52195,52195,29,18
52196,52196,29,24
52197,52197,30,29
52198,52198,30,32
52199,52199,30,24
52200,52200,30,20
52201,52201,31,33
52202,52202,31,41
52203,52203,31,16
52204,52204,31,19
52205,52205,32,23
52206,52206,32,21
52207,52207,32,8
52208,52208,32,35
52209,52209,33,29
52210,52210,33,17
52211,52211,33,12
52212,52212,33,21
52213,52213,34,31
52214,52214,34,25
52215,52215,34,5
52216,52216,34,27
52217,52217,35,29
52218,52218,35,13
52219,52219,35,32
52220,52220,35,40
52221,52221,1,56
52222,52222,1,31
52223,52223,1,12
52224,52224,1,26
52225,52225,2,22
52226,52226,2,20
52227,52227,2,15
52228,52228,2,18
52229,52229,3,33
52230,52230,3,40
52231,52231,3,13
52232,52232,3,26
52233,52233,4,26
52234,52234,4,42
52235,52235,4,23
52236,52236,4,28
52237,52237,5,43
52238,52238,5,28
52239,52239,5,21
52240,52240,5,20
52241,52241,6,32
52242,52242,6,30
52243,52243,6,13
52244,52244,6,39
52245,52245,7,19
52246,52246,7,29
52247,52247,7,8
52248,52248,7,22
52249,52249,8,35
52250,52250,8,17
52251,52251,8,30
52252,52252,8,31
52253,52253,9,24
52254,52254,9,24
52255,52255,9,18
52256,52256,9,32
52257,52257,10,38
52258,52258,10,28
52259,52259,10,11
52260,52260,10,22
52261,52261,11,22
52262,52262,11,26
52263,52263,11,36
52264,52264,11,29
52265,52265,12,39
52266,52266,12,9
52267,52267,12,15
52268,52268,12,47
52269,52269,13,28
52270,52270,13,18
52271,52271,13,27
52272,52272,13,30
52273,52273,14,29
52274,52274,14,24
52275,52275,14,9
52276,52276,14,36
52277,52277,15,33
52278,52278,15,27
52279,52279,15,34
52280,52280,15,33
52281,52281,16,26
52282,52282,16,22
52283,52283,16,17
52284,52284,16,41
52285,52285,17,26
52286,52286,17,19
52287,52287,17,33
52288,52288,17,43
52289,52289,18,17
52290,52290,18,24
52291,52291,18,18
52292,52292,18,37
52293,52293,19,30
52294,52294,19,21
52295,52295,19,23
52296,52296,19,26
52297,52297,20,32
52298,52298,20,20
52299,52299,20,12
52300,52300,20,8
52301,52301,21,23
52302,52302,21,16
52303,52303,21,35
52304,52304,21,40
52305,52305,22,33
52306,52306,22,29
52307,52307,22,35
52308,52308,22,29
52309,52309,23,47
52310,52310,23,19
52311,52311,23,11
52312,52312,23,47
52313,52313,24,34
52314,52314,24,27
52315,52315,24,23
52316,52316,24,39
52317,52317,25,24
52318,52318,25,28
52319,52319,25,33
52320,52320,25,31
52321,52321,26,49
52322,52322,26,32
52323,52323,26,25
52324,52324,26,38
52325,52325,27,27
52326,52326,27,35
52327,52327,27,23
52328,52328,27,28
52329,52329,28,38
52330,52330,28,25
52331,52331,28,16
52332,52332,28,41
52333,52333,29,54
52334,52334,29,16
52335,52335,29,15
52336,52336,29,16
52337,52337,30,19
52338,52338,30,36
52339,52339,30,23
52340,52340,30,35
52341,52341,31,21
52342,52342,31,22
52343,52343,31,24
52344,52344,31,21
52345,52345,32,24
52346,52346,32,21
52347,52347,32,20
52348,52348,32,22
52349,52349,33,30
52350,52350,33,23
52351,52351,33,37
52352,52352,33,15
52353,52353,34,27
52354,52354,34,26
52355,52355,34,14
52356,52356,34,38
52357,52357,35,45
52358,52358,35,19
52359,52359,35,13
52360,52360,35,25
52361,52361,1,26
52362,52362,1,33
52363,52363,1,17
52364,52364,1,23
52365,52365,2,44
52366,52366,2,15
52367,52367,2,24
52368,52368,2,24
52369,52369,3,52
52370,52370,3,9
52371,52371,3,9
52372,52372,3,22
52373,52373,4,27
52374,52374,4,12
52375,52375,4,25
52376,52376,4,47
52377,52377,5,32
52378,52378,5,19
52379,52379,5,19
52380,52380,5,43
52381,52381,6,34
52382,52382,6,38
52383,52383,6,17
52384,52384,6,18
52385,52385,7,21
52386,52386,7,25
52387,52387,7,25
52388,52388,7,37
52389,52389,8,31
52390,52390,8,23
52391,52391,8,19
52392,52392,8,24
52393,52393,9,27
52394,52394,9,17
52395,52395,9,27
52396,52396,9,25
52397,52397,10,36
52398,52398,10,7
52399,52399,10,16
52400,52400,10,43
52401,52401,11,35
52402,52402,11,15
52403,52403,11,22
52404,52404,11,14
52405,52405,12,24
52406,52406,12,16
52407,52407,12,24
52408,52408,12,22
52409,52409,13,42
52410,52410,13,28
52411,52411,13,15
52412,52412,13,12
52413,52413,14,36
52414,52414,14,21
52415,52415,14,22
52416,52416,14,20
52417,52417,15,27
52418,52418,15,34
52419,52419,15,18
52420,52420,15,20
52421,52421,16,16
52422,52422,16,22
52423,52423,16,7
52424,52424,16,23
52425,52425,17,29
52426,52426,17,15
52427,52427,17,34
52428,52428,17,27
52429,52429,18,27
52430,52430,18,29
52431,52431,18,25
52432,52432,18,38
52433,52433,19,29
52434,52434,19,24
52435,52435,19,26
52436,52436,19,49
52437,52437,20,24
52438,52438,20,16
52439,52439,20,14
52440,52440,20,51
52441,52441,21,27
52442,52442,21,8
52443,52443,21,14
52444,52444,21,30
52445,52445,22,27
52446,52446,22,30
52447,52447,22,27
52448,52448,22,20
52449,52449,23,46
52450,52450,23,11
52451,52451,23,20
52452,52452,23,25
52453,52453,24,24
52454,52454,24,10
52455,52455,24,22
52456,52456,24,26
52457,52457,25,49
52458,52458,25,23
52459,52459,25,10
52460,52460,25,23
52461,52461,26,43
52462,52462,26,31
52463,52463,26,14
52464,52464,26,30
52465,52465,27,16
52466,52466,27,20
52467,52467,27,21
52468,52468,27,31
52469,52469,28,33
52470,52470,28,31
52471,52471,28,20
52472,52472,28,33
52473,52473,29,17
52474,52474,29,17
52475,52475,29,17
52476,52476,29,36
52477,52477,30,32
52478,52478,30,30
52479,52479,30,20
52480,52480,30,18
52481,52481,31,51
52482,52482,31,30
52483,52483,31,34
52484,52484,31,30
52485,52485,32,36
52486,52486,32,18
52487,52487,32,16
52488,52488,32,46
52489,52489,33,46
52490,52490,33,16
52491,52491,33,11
52492,52492,33,30
52493,52493,34,26
52494,52494,34,15
52495,52495,34,25
52496,52496,34,21
52497,52497,35,42
52498,52498,35,20
52499,52499,35,5
52500,52500,35,40
52501,52501,1,33
52502,52502,1,12
52503,52503,1,19
52504,52504,1,22
52505,52505,2,27
52506,52506,2,22
52507,52507,2,15
52508,52508,2,22
52509,52509,3,30
52510,52510,3,19
52511,52511,3,16
52512,52512,3,16
52513,52513,4,19
52514,52514,4,7
52515,52515,4,16
52516,52516,4,15
52517,52517,5,33
52518,52518,5,13
52519,52519,5,6
52520,52520,5,16
52521,52521,6,21
52522,52522,6,17
52523,52523,6,11
52524,52524,6,40
52525,52525,7,41
52526,52526,7,20
52527,52527,7,15
52528,52528,7,23
52529,52529,8,33
52530,52530,8,12
52531,52531,8,10
52532,52532,8,34
52533,52533,9,24
52534,52534,9,29
52535,52535,9,8
52536,52536,9,36
52537,52537,10,28
52538,52538,10,17
52539,52539,10,16
52540,52540,10,12
52541,52541,11,43
52542,52542,11,19
52543,52543,11,12
52544,52544,11,38
52545,52545,12,25
52546,52546,12,25
52547,52547,12,16
52548,52548,12,20
52549,52549,13,20
52550,52550,13,13
52551,52551,13,10
52552,52552,13,23
52553,52553,14,20
52554,52554,14,20
52555,52555,14,20
52556,52556,14,34
52557,52557,15,35
52558,52558,15,12
52559,52559,15,11
52560,52560,15,37
52561,52561,16,28
52562,52562,16,17
52563,52563,16,11
52564,52564,16,23
52565,52565,17,29
52566,52566,17,18
52567,52567,17,16
52568,52568,17,19
52569,52569,18,22
52570,52570,18,30
52571,52571,18,9
52572,52572,18,41
52573,52573,19,19
52574,52574,19,39
52575,52575,19,27
52576,52576,19,13
52577,52577,20,24
52578,52578,20,17
52579,52579,20,32
52580,52580,20,17
52581,52581,21,30
52582,52582,21,18
52583,52583,21,9
52584,52584,21,21
52585,52585,22,30
52586,52586,22,18
52587,52587,22,20
52588,52588,22,21
52589,52589,23,27
52590,52590,23,22
52591,52591,23,31
52592,52592,23,19
52593,52593,24,20
52594,52594,24,20
52595,52595,24,10
52596,52596,24,28
52597,52597,25,19
52598,52598,25,25
52599,52599,25,8
52600,52600,25,18
52601,52601,26,18
52602,52602,26,13
52603,52603,26,26
52604,52604,26,33
52605,52605,27,28
52606,52606,27,7
52607,52607,27,18
52608,52608,27,27
52609,52609,28,34
52610,52610,28,14
52611,52611,28,18
52612,52612,28,21
52613,52613,29,7
52614,52614,29,16
52615,52615,29,16
52616,52616,29,26
52617,52617,30,34
52618,52618,30,22
52619,52619,30,15
52620,52620,30,15
52621,52621,31,23
52622,52622,31,19
52623,52623,31,17
52624,52624,31,15
52625,52625,32,28
52626,52626,32,20
52627,52627,32,11
52628,52628,32,19
52629,52629,33,32
52630,52630,33,12
52631,52631,33,14
52632,52632,33,17
52633,52633,34,42
52634,52634,34,17
52635,52635,34,7
52636,52636,34,28
52637,52637,35,31
52638,52638,35,18
52639,52639,35,7
52640,52640,35,14
52641,52641,1,25
52642,52642,1,19
52643,52643,1,17
52644,52644,1,23
52645,52645,2,26
52646,52646,2,29
52647,52647,2,13
52648,52648,2,23
52649,52649,3,37
52650,52650,3,16
52651,52651,3,18
52652,52652,3,19
52653,52653,4,21
52654,52654,4,27
52655,52655,4,24
52656,52656,4,26
52657,52657,5,26
52658,52658,5,25
52659,52659,5,20
52660,52660,5,18
52661,52661,6,50
52662,52662,6,20
52663,52663,6,30
52664,52664,6,13
52665,52665,7,17
52666,52666,7,43
52667,52667,7,16
52668,52668,7,27
52669,52669,8,22
52670,52670,8,8
52671,52671,8,28
52672,52672,8,24
52673,52673,9,31
52674,52674,9,24
52675,52675,9,8
52676,52676,9,15
52677,52677,10,32
52678,52678,10,24
52679,52679,10,8
52680,52680,10,20
52681,52681,11,23
52682,52682,11,19
52683,52683,11,26
52684,52684,11,31
52685,52685,12,13
52686,52686,12,20
52687,52687,12,14
52688,52688,12,20
52689,52689,13,25
52690,52690,13,14
52691,52691,13,19
52692,52692,13,19
52693,52693,14,41
52694,52694,14,9
52695,52695,14,26
52696,52696,14,26
52697,52697,15,23
52698,52698,15,23
52699,52699,15,15
52700,52700,15,27
52701,52701,16,36
52702,52702,16,19
52703,52703,16,11
52704,52704,16,28
52705,52705,17,23
52706,52706,17,24
52707,52707,17,12
52708,52708,17,28
52709,52709,18,17
52710,52710,18,27
52711,52711,18,18
52712,52712,18,22
52713,52713,19,20
52714,52714,19,23
52715,52715,19,32
52716,52716,19,27
52717,52717,20,19
52718,52718,20,14
52719,52719,20,15
52720,52720,20,23
52721,52721,21,31
52722,52722,21,12
52723,52723,21,12
52724,52724,21,31
52725,52725,22,9
52726,52726,22,10
52727,52727,22,36
52728,52728,22,25
52729,52729,23,18
52730,52730,23,31
52731,52731,23,18
52732,52732,23,32
52733,52733,24,46
52734,52734,24,18
52735,52735,24,19
52736,52736,24,28
52737,52737,25,38
52738,52738,25,26
52739,52739,25,11
52740,52740,25,26
52741,52741,26,17
52742,52742,26,15
52743,52743,26,26
52744,52744,26,20
52745,52745,27,36
52746,52746,27,14
52747,52747,27,20
52748,52748,27,22
52749,52749,28,46
52750,52750,28,14
52751,52751,28,10
52752,52752,28,19
52753,52753,29,37
52754,52754,29,11
52755,52755,29,11
52756,52756,29,35
52757,52757,30,42
52758,52758,30,11
52759,52759,30,15
52760,52760,30,19
52761,52761,31,33
52762,52762,31,11
52763,52763,31,24
52764,52764,31,42
52765,52765,32,28
52766,52766,32,15
52767,52767,32,20
52768,52768,32,34
52769,52769,33,28
52770,52770,33,8
52771,52771,33,18
52772,52772,33,29
52773,52773,34,24
52774,52774,34,19
52775,52775,34,27
52776,52776,34,29
52777,52777,35,39
52778,52778,35,16
52779,52779,35,18
52780,52780,35,25
52781,52781,1,34
52782,52782,1,22
52783,52783,1,27
52784,52784,1,24
52785,52785,2,39
52786,52786,2,19
52787,52787,2,14
52788,52788,2,41
52789,52789,3,46
52790,52790,3,17
52791,52791,3,17
52792,52792,3,26
52793,52793,4,27
52794,52794,4,22
52795,52795,4,27
52796,52796,4,31
52797,52797,5,53
52798,52798,5,13
52799,52799,5,13
52800,52800,5,44
52801,52801,6,42
52802,52802,6,18
52803,52803,6,36
52804,52804,6,25
52805,52805,7,20
52806,52806,7,12
52807,52807,7,20
52808,52808,7,31
52809,52809,8,18
52810,52810,8,30
52811,52811,8,32
52812,52812,8,42
52813,52813,9,30
52814,52814,9,45
52815,52815,9,9
52816,52816,9,11
52817,52817,10,28
52818,52818,10,40
52819,52819,10,34
52820,52820,10,33
52821,52821,11,22
52822,52822,11,16
52823,52823,11,15
52824,52824,11,29
52825,52825,12,28
52826,52826,12,31
52827,52827,12,32
52828,52828,12,20
52829,52829,13,46
52830,52830,13,48
52831,52831,13,21
52832,52832,13,18
52833,52833,14,24
52834,52834,14,32
52835,52835,14,20
52836,52836,14,39
52837,52837,15,29
52838,52838,15,33
52839,52839,15,26
52840,52840,15,28
52841,52841,16,41
52842,52842,16,19
52843,52843,16,17
52844,52844,16,17
52845,52845,17,20
52846,52846,17,22
52847,52847,17,22
52848,52848,17,28
52849,52849,18,25
52850,52850,18,23
52851,52851,18,23
52852,52852,18,20
52853,52853,19,27
52854,52854,19,23
52855,52855,19,25
52856,52856,19,20
52857,52857,20,28
52858,52858,20,10
52859,52859,20,31
52860,52860,20,15
52861,52861,21,63
52862,52862,21,18
52863,52863,21,13
52864,52864,21,24
52865,52865,22,18
52866,52866,22,16
52867,52867,22,17
52868,52868,22,48
52869,52869,23,24
52870,52870,23,18
52871,52871,23,27
52872,52872,23,22
52873,52873,24,46
52874,52874,24,21
52875,52875,24,21
52876,52876,24,27
52877,52877,25,33
52878,52878,25,39
52879,52879,25,17
52880,52880,25,23
52881,52881,26,40
52882,52882,26,21
52883,52883,26,17
52884,52884,26,26
52885,52885,27,44
52886,52886,27,18
52887,52887,27,14
52888,52888,27,29
52889,52889,28,20
52890,52890,28,10
52891,52891,28,25
52892,52892,28,32
52893,52893,29,39
52894,52894,29,25
52895,52895,29,12
52896,52896,29,31
52897,52897,30,39
52898,52898,30,17
52899,52899,30,15
52900,52900,30,41
52901,52901,31,53
52902,52902,31,25
52903,52903,31,27
52904,52904,31,37
52905,52905,32,18
52906,52906,32,31
52907,52907,32,14
52908,52908,32,34
52909,52909,33,38
52910,52910,33,21
52911,52911,33,11
52912,52912,33,20
52913,52913,34,37
52914,52914,34,28
52915,52915,34,20
52916,52916,34,38
52917,52917,35,46
52918,52918,35,43
52919,52919,35,19
52920,52920,35,7
52921,52921,1,21
52922,52922,1,38
52923,52923,1,24
52924,52924,1,21
52925,52925,2,31
52926,52926,2,20
52927,52927,2,13
52928,52928,2,38
52929,52929,3,46
52930,52930,3,9
52931,52931,3,23
52932,52932,3,39
52933,52933,4,15
52934,52934,4,29
52935,52935,4,17
52936,52936,4,46
52937,52937,5,56
52938,52938,5,17
52939,52939,5,18
52940,52940,5,29
52941,52941,6,44
52942,52942,6,31
52943,52943,6,38
52944,52944,6,30
52945,52945,7,23
52946,52946,7,21
52947,52947,7,31
52948,52948,7,19
52949,52949,8,32
52950,52950,8,21
52951,52951,8,12
52952,52952,8,36
52953,52953,9,42
52954,52954,9,26
52955,52955,9,37
52956,52956,9,35
52957,52957,10,34
52958,52958,10,21
52959,52959,10,11
52960,52960,10,52
52961,52961,11,43
52962,52962,11,27
52963,52963,11,25
52964,52964,11,28
52965,52965,12,28
52966,52966,12,43
52967,52967,12,31
52968,52968,12,35
52969,52969,13,22
52970,52970,13,30
52971,52971,13,22
52972,52972,13,43
52973,52973,14,28
52974,52974,14,18
52975,52975,14,34
52976,52976,14,17
52977,52977,15,24
52978,52978,15,23
52979,52979,15,10
52980,52980,15,50
52981,52981,16,56
52982,52982,16,31
52983,52983,16,15
52984,52984,16,17
52985,52985,17,31
52986,52986,17,28
52987,52987,17,28
52988,52988,17,27
52989,52989,18,18
52990,52990,18,30
52991,52991,18,19
52992,52992,18,38
52993,52993,19,43
52994,52994,19,23
52995,52995,19,32
52996,52996,19,31
52997,52997,20,34
52998,52998,20,39
52999,52999,20,22
53000,53000,20,36
53001,53001,21,39
53002,53002,21,16
53003,53003,21,34
53004,53004,21,26
53005,53005,22,34
53006,53006,22,16
53007,53007,22,26
53008,53008,22,42
53009,53009,23,37
53010,53010,23,37
53011,53011,23,24
53012,53012,23,28
53013,53013,24,44
53014,53014,24,13
53015,53015,24,38
53016,53016,24,24
53017,53017,25,39
53018,53018,25,13
53019,53019,25,22
53020,53020,25,21
53021,53021,26,30
53022,53022,26,27
53023,53023,26,12
53024,53024,26,47
53025,53025,27,28
53026,53026,27,15
53027,53027,27,41
53028,53028,27,26
53029,53029,28,43
53030,53030,28,40
53031,53031,28,17
53032,53032,28,42
53033,53033,29,32
53034,53034,29,22
53035,53035,29,11
53036,53036,29,54
53037,53037,30,43
53038,53038,30,28
53039,53039,30,18
53040,53040,30,23
53041,53041,31,30
53042,53042,31,32
53043,53043,31,15
53044,53044,31,25
53045,53045,32,36
53046,53046,32,38
53047,53047,32,14
53048,53048,32,26
53049,53049,33,50
53050,53050,33,30
53051,53051,33,21
53052,53052,33,28
53053,53053,34,32
53054,53054,34,25
53055,53055,34,7
53056,53056,34,34
53057,53057,35,46
53058,53058,35,18
53059,53059,35,22
53060,53060,35,24
53061,53061,1,36
53062,53062,1,22
53063,53063,1,36
53064,53064,1,31
53065,53065,2,41
53066,53066,2,35
53067,53067,2,13
53068,53068,2,24
53069,53069,3,28
53070,53070,3,17
53071,53071,3,32
53072,53072,3,70
53073,53073,4,51
53074,53074,4,23
53075,53075,4,41
53076,53076,4,32
53077,53077,5,33
53078,53078,5,25
53079,53079,5,33
53080,53080,5,39
53081,53081,6,52
53082,53082,6,27
53083,53083,6,36
53084,53084,6,32
53085,53085,7,49
53086,53086,7,15
53087,53087,7,17
53088,53088,7,50
53089,53089,8,23
53090,53090,8,26
53091,53091,8,23
53092,53092,8,47
53093,53093,9,51
53094,53094,9,14
53095,53095,9,33
53096,53096,9,18
53097,53097,10,27
53098,53098,10,43
53099,53099,10,32
53100,53100,10,38
53101,53101,11,20
53102,53102,11,17
53103,53103,11,22
53104,53104,11,42
53105,53105,12,45
53106,53106,12,29
53107,53107,12,25
53108,53108,12,22
53109,53109,13,26
53110,53110,13,32
53111,53111,13,19
53112,53112,13,41
53113,53113,14,37
53114,53114,14,57
53115,53115,14,20
53116,53116,14,41
53117,53117,15,67
53118,53118,15,51
53119,53119,15,17
53120,53120,15,27
53121,53121,16,54
53122,53122,16,8
53123,53123,16,16
53124,53124,16,37
53125,53125,17,42
53126,53126,17,33
53127,53127,17,22
53128,53128,17,38
53129,53129,18,61
53130,53130,18,34
53131,53131,18,34
53132,53132,18,27
53133,53133,19,40
53134,53134,19,35
53135,53135,19,46
53136,53136,19,39
53137,53137,20,38
53138,53138,20,15
53139,53139,20,7
53140,53140,20,25
53141,53141,21,43
53142,53142,21,24
53143,53143,21,13
53144,53144,21,42
53145,53145,22,68
53146,53146,22,30
53147,53147,22,18
53148,53148,22,25
53149,53149,23,36
53150,53150,23,40
53151,53151,23,42
53152,53152,23,41
53153,53153,24,16
53154,53154,24,29
53155,53155,24,22
53156,53156,24,52
53157,53157,25,50
53158,53158,25,27
53159,53159,25,20
53160,53160,25,23
53161,53161,26,30
53162,53162,26,40
53163,53163,26,26
53164,53164,26,29
53165,53165,27,40
53166,53166,27,44
53167,53167,27,14
53168,53168,27,71
53169,53169,28,34
53170,53170,28,21
53171,53171,28,21
53172,53172,28,29
53173,53173,29,43
53174,53174,29,21
53175,53175,29,32
53176,53176,29,20
53177,53177,30,37
53178,53178,30,15
53179,53179,30,40
53180,53180,30,32
53181,53181,31,62
53182,53182,31,21
53183,53183,31,7
53184,53184,31,48
53185,53185,32,36
53186,53186,32,41
53187,53187,32,24
53188,53188,32,50
53189,53189,33,31
53190,53190,33,40
53191,53191,33,23
53192,53192,33,35
53193,53193,34,67
53194,53194,34,19
53195,53195,34,27
53196,53196,34,30
53197,53197,35,20
53198,53198,35,33
53199,53199,35,20
53200,53200,35,38
